actor_key,ucdp_actor_id_norm,constituent_ucdp_actor_ids,actor_name,unit_id,month,period_start,year,month_of_year,period_index,rolling_risk_countries_24m,risk_set_source,area_size,log1p_area_size,risk_set_empty_no_metadata,next_month_outcome_available,y_ucdp_best_fatalities_current_24m,y_ucdp_best_fatalities_next_24m,log1p_y_ucdp_best_fatalities_current_24m,log1p_y_ucdp_best_fatalities_next_24m,n_articles,n_unique_articles_raw,n_article_actor_rows_raw,mean_article_actor_weight,n_conflict_relevance_direct,n_event_modality_realized,n_any_fatalities_mentioned_yes,n_any_physical_violence_mentioned_yes,n_any_weapon_mentioned_yes,n_event_context_background_or_context,n_event_context_cbt,n_event_context_civ,n_event_context_crm,n_event_context_historical_background,n_event_context_not_applicable,n_event_context_opr,n_event_context_org,n_event_context_pol,n_event_context_pro,n_event_context_unclear,share_conflict_relevance_direct,log1p_n_conflict_relevance_direct,share_event_modality_realized,log1p_n_event_modality_realized,share_any_fatalities_mentioned_yes,log1p_n_any_fatalities_mentioned_yes,share_any_physical_violence_mentioned_yes,log1p_n_any_physical_violence_mentioned_yes,share_any_weapon_mentioned_yes,log1p_n_any_weapon_mentioned_yes,share_event_context_background_or_context,log1p_n_event_context_background_or_context,share_event_context_cbt,log1p_n_event_context_cbt,share_event_context_civ,log1p_n_event_context_civ,share_event_context_crm,log1p_n_event_context_crm,share_event_context_historical_background,log1p_n_event_context_historical_background,share_event_context_not_applicable,log1p_n_event_context_not_applicable,share_event_context_opr,log1p_n_event_context_opr,share_event_context_org,log1p_n_event_context_org,share_event_context_pol,log1p_n_event_context_pol,share_event_context_pro,log1p_n_event_context_pro,share_event_context_unclear,log1p_n_event_context_unclear,log1p_n_articles
287,287,287,BLA,287,2020-01,2020-01-01,2020,1,0.0,Pakistan,ged_rolling_24m,1,0.6931471805599453,False,True,11.0,38.0,2.4849066497880004,3.6635616461296463,0.0,0.0,0.0,0.0,0.0,0.0,0.0,0.0,0.0,0.0,0.0,0.0,0.0,0.0,0.0,0.0,0.0,0.0,0.0,0.0,0.0,0.0,0.0,0.0,0.0,0.0,0.0,0.0,0.0,0.0,0.0,0.0,0.0,0.0,0.0,0.0,0.0,0.0,0.0,0.0,0.0,0.0,0.0,0.0,0.0,0.0,0.0,0.0,0.0,0.0,0.0,0.0,0.0
287,287,287,BLA,287,2020-02,2020-02-01,2020,2,1.0,Pakistan,ged_rolling_24m,1,0.6931471805599453,False,True,38.0,17.0,3.6635616461296463,2.8903717578961645,0.0,0.0,0.0,0.0,0.0,0.0,0.0,0.0,0.0,0.0,0.0,0.0,0.0,0.0,0.0,0.0,0.0,0.0,0.0,0.0,0.0,0.0,0.0,0.0,0.0,0.0,0.0,0.0,0.0,0.0,0.0,0.0,0.0,0.0,0.0,0.0,0.0,0.0,0.0,0.0,0.0,0.0,0.0,0.0,0.0,0.0,0.0,0.0,0.0,0.0,0.0,0.0,0.0
287,287,287,BLA,287,2020-03,2020-03-01,2020,3,2.0,Pakistan,ged_rolling_24m,1,0.6931471805599453,False,True,17.0,50.0,2.8903717578961645,3.9318256327243257,0.0,0.0,0.0,0.0,0.0,0.0,0.0,0.0,0.0,0.0,0.0,0.0,0.0,0.0,0.0,0.0,0.0,0.0,0.0,0.0,0.0,0.0,0.0,0.0,0.0,0.0,0.0,0.0,0.0,0.0,0.0,0.0,0.0,0.0,0.0,0.0,0.0,0.0,0.0,0.0,0.0,0.0,0.0,0.0,0.0,0.0,0.0,0.0,0.0,0.0,0.0,0.0,0.0
287,287,287,BLA,287,2020-04,2020-04-01,2020,4,3.0,Pakistan,ged_rolling_24m,1,0.6931471805599453,False,True,50.0,33.0,3.9318256327243257,3.5263605246161616,0.0,0.0,0.0,0.0,0.0,0.0,0.0,0.0,0.0,0.0,0.0,0.0,0.0,0.0,0.0,0.0,0.0,0.0,0.0,0.0,0.0,0.0,0.0,0.0,0.0,0.0,0.0,0.0,0.0,0.0,0.0,0.0,0.0,0.0,0.0,0.0,0.0,0.0,0.0,0.0,0.0,0.0,0.0,0.0,0.0,0.0,0.0,0.0,0.0,0.0,0.0,0.0,0.0
287,287,287,BLA,287,2020-05,2020-05-01,2020,5,4.0,Pakistan,ged_rolling_24m,1,0.6931471805599453,False,True,33.0,31.0,3.5263605246161616,3.4657359027997265,1.0,1.0,1.0,1.0,1.0,1.0,1.0,1.0,1.0,0.0,1.0,0.0,0.0,0.0,0.0,0.0,0.0,0.0,0.0,0.0,1.0,0.6931471805599453,1.0,0.6931471805599453,1.0,0.6931471805599453,1.0,0.6931471805599453,1.0,0.6931471805599453,0.0,0.0,1.0,0.6931471805599453,0.0,0.0,0.0,0.0,0.0,0.0,0.0,0.0,0.0,0.0,0.0,0.0,0.0,0.0,0.0,0.0,0.0,0.0,0.6931471805599453
287,287,287,BLA,287,2020-06,2020-06-01,2020,6,5.0,Pakistan,ged_rolling_24m,1,0.6931471805599453,False,True,31.0,47.0,3.4657359027997265,3.871201010907891,4.0,4.0,4.0,1.0,2.0,4.0,2.0,4.0,1.0,0.0,2.0,0.0,0.0,0.0,0.0,0.0,0.0,2.0,0.0,0.0,0.5,1.0986122886681098,1.0,1.6094379124341003,0.5,1.0986122886681098,1.0,1.6094379124341003,0.25,0.6931471805599453,0.0,0.0,0.5,1.0986122886681098,0.0,0.0,0.0,0.0,0.0,0.0,0.0,0.0,0.0,0.0,0.0,0.0,0.5,1.0986122886681098,0.0,0.0,0.0,0.0,1.6094379124341003
287,287,287,BLA,287,2020-07,2020-07-01,2020,7,6.0,Pakistan,ged_rolling_24m,1,0.6931471805599453,False,True,47.0,16.0,3.871201010907891,2.833213344056216,1.0,1.0,1.0,1.0,1.0,1.0,1.0,1.0,0.0,0.0,1.0,0.0,0.0,0.0,0.0,0.0,0.0,0.0,0.0,0.0,1.0,0.6931471805599453,1.0,0.6931471805599453,1.0,0.6931471805599453,1.0,0.6931471805599453,0.0,0.0,0.0,0.0,1.0,0.6931471805599453,0.0,0.0,0.0,0.0,0.0,0.0,0.0,0.0,0.0,0.0,0.0,0.0,0.0,0.0,0.0,0.0,0.0,0.0,0.6931471805599453
287,287,287,BLA,287,2020-08,2020-08-01,2020,8,7.0,Pakistan,ged_rolling_24m,1,0.6931471805599453,False,True,16.0,42.0,2.833213344056216,3.7612001156935624,0.0,0.0,0.0,0.0,0.0,0.0,0.0,0.0,0.0,0.0,0.0,0.0,0.0,0.0,0.0,0.0,0.0,0.0,0.0,0.0,0.0,0.0,0.0,0.0,0.0,0.0,0.0,0.0,0.0,0.0,0.0,0.0,0.0,0.0,0.0,0.0,0.0,0.0,0.0,0.0,0.0,0.0,0.0,0.0,0.0,0.0,0.0,0.0,0.0,0.0,0.0,0.0,0.0
287,287,287,BLA,287,2020-09,2020-09-01,2020,9,8.0,Pakistan,ged_rolling_24m,1,0.6931471805599453,False,True,42.0,45.0,3.7612001156935624,3.828641396489095,0.0,0.0,0.0,0.0,0.0,0.0,0.0,0.0,0.0,0.0,0.0,0.0,0.0,0.0,0.0,0.0,0.0,0.0,0.0,0.0,0.0,0.0,0.0,0.0,0.0,0.0,0.0,0.0,0.0,0.0,0.0,0.0,0.0,0.0,0.0,0.0,0.0,0.0,0.0,0.0,0.0,0.0,0.0,0.0,0.0,0.0,0.0,0.0,0.0,0.0,0.0,0.0,0.0
287,287,287,BLA,287,2020-10,2020-10-01,2020,10,9.0,Pakistan,ged_rolling_24m,1,0.6931471805599453,False,True,45.0,45.0,3.828641396489095,3.828641396489095,1.0,1.0,1.0,1.0,1.0,1.0,1.0,1.0,0.0,0.0,0.0,1.0,0.0,0.0,0.0,0.0,0.0,0.0,0.0,0.0,1.0,0.6931471805599453,1.0,0.6931471805599453,1.0,0.6931471805599453,1.0,0.6931471805599453,0.0,0.0,0.0,0.0,0.0,0.0,1.0,0.6931471805599453,0.0,0.0,0.0,0.0,0.0,0.0,0.0,0.0,0.0,0.0,0.0,0.0,0.0,0.0,0.0,0.0,0.6931471805599453
287,287,287,BLA,287,2020-11,2020-11-01,2020,11,10.0,Pakistan,ged_rolling_24m,1,0.6931471805599453,False,True,45.0,36.0,3.828641396489095,3.6109179126442243,1.0,1.0,1.0,1.0,0.0,1.0,1.0,1.0,1.0,0.0,0.0,0.0,0.0,0.0,0.0,0.0,0.0,1.0,0.0,0.0,0.0,0.0,1.0,0.6931471805599453,1.0,0.6931471805599453,1.0,0.6931471805599453,1.0,0.6931471805599453,0.0,0.0,0.0,0.0,0.0,0.0,0.0,0.0,0.0,0.0,0.0,0.0,0.0,0.0,0.0,0.0,1.0,0.6931471805599453,0.0,0.0,0.0,0.0,0.6931471805599453
287,287,287,BLA,287,2020-12,2020-12-01,2020,12,11.0,Pakistan,ucdp_actor_metadata_fallback,1,0.6931471805599453,False,True,36.0,33.0,3.6109179126442243,3.5263605246161616,0.0,0.0,0.0,0.0,0.0,0.0,0.0,0.0,0.0,0.0,0.0,0.0,0.0,0.0,0.0,0.0,0.0,0.0,0.0,0.0,0.0,0.0,0.0,0.0,0.0,0.0,0.0,0.0,0.0,0.0,0.0,0.0,0.0,0.0,0.0,0.0,0.0,0.0,0.0,0.0,0.0,0.0,0.0,0.0,0.0,0.0,0.0,0.0,0.0,0.0,0.0,0.0,0.0
287,287,287,BLA,287,2021-01,2021-01-01,2021,1,12.0,Pakistan,ucdp_actor_metadata_fallback,1,0.6931471805599453,False,True,33.0,55.0,3.5263605246161616,4.02535169073515,0.0,0.0,0.0,0.0,0.0,0.0,0.0,0.0,0.0,0.0,0.0,0.0,0.0,0.0,0.0,0.0,0.0,0.0,0.0,0.0,0.0,0.0,0.0,0.0,0.0,0.0,0.0,0.0,0.0,0.0,0.0,0.0,0.0,0.0,0.0,0.0,0.0,0.0,0.0,0.0,0.0,0.0,0.0,0.0,0.0,0.0,0.0,0.0,0.0,0.0,0.0,0.0,0.0
287,287,287,BLA,287,2021-02,2021-02-01,2021,2,13.0,Pakistan,ucdp_actor_metadata_fallback,1,0.6931471805599453,False,True,55.0,32.0,4.02535169073515,3.4965075614664802,0.0,0.0,0.0,0.0,0.0,0.0,0.0,0.0,0.0,0.0,0.0,0.0,0.0,0.0,0.0,0.0,0.0,0.0,0.0,0.0,0.0,0.0,0.0,0.0,0.0,0.0,0.0,0.0,0.0,0.0,0.0,0.0,0.0,0.0,0.0,0.0,0.0,0.0,0.0,0.0,0.0,0.0,0.0,0.0,0.0,0.0,0.0,0.0,0.0,0.0,0.0,0.0,0.0
287,287,287,BLA,287,2021-03,2021-03-01,2021,3,14.0,Pakistan,ucdp_actor_metadata_fallback,1,0.6931471805599453,False,True,32.0,14.0,3.4965075614664802,2.70805020110221,0.0,0.0,0.0,0.0,0.0,0.0,0.0,0.0,0.0,0.0,0.0,0.0,0.0,0.0,0.0,0.0,0.0,0.0,0.0,0.0,0.0,0.0,0.0,0.0,0.0,0.0,0.0,0.0,0.0,0.0,0.0,0.0,0.0,0.0,0.0,0.0,0.0,0.0,0.0,0.0,0.0,0.0,0.0,0.0,0.0,0.0,0.0,0.0,0.0,0.0,0.0,0.0,0.0
287,287,287,BLA,287,2021-04,2021-04-01,2021,4,15.0,Pakistan,ucdp_actor_metadata_fallback,1,0.6931471805599453,False,True,14.0,44.0,2.70805020110221,3.8066624897703196,2.0,2.0,2.0,1.0,2.0,2.0,1.0,2.0,2.0,0.0,2.0,0.0,0.0,0.0,0.0,0.0,0.0,0.0,0.0,0.0,1.0,1.0986122886681098,1.0,1.0986122886681098,0.5,0.6931471805599453,1.0,1.0986122886681098,1.0,1.0986122886681098,0.0,0.0,1.0,1.0986122886681098,0.0,0.0,0.0,0.0,0.0,0.0,0.0,0.0,0.0,0.0,0.0,0.0,0.0,0.0,0.0,0.0,0.0,0.0,1.0986122886681098
287,287,287,BLA,287,2021-05,2021-05-01,2021,5,16.0,Pakistan,ucdp_actor_metadata_fallback,1,0.6931471805599453,False,True,44.0,26.0,3.8066624897703196,3.295836866004329,0.0,0.0,0.0,0.0,0.0,0.0,0.0,0.0,0.0,0.0,0.0,0.0,0.0,0.0,0.0,0.0,0.0,0.0,0.0,0.0,0.0,0.0,0.0,0.0,0.0,0.0,0.0,0.0,0.0,0.0,0.0,0.0,0.0,0.0,0.0,0.0,0.0,0.0,0.0,0.0,0.0,0.0,0.0,0.0,0.0,0.0,0.0,0.0,0.0,0.0,0.0,0.0,0.0
287,287,287,BLA,287,2021-06,2021-06-01,2021,6,17.0,Pakistan,ucdp_actor_metadata_fallback,1,0.6931471805599453,False,True,26.0,29.0,3.295836866004329,3.4011973816621555,0.0,0.0,0.0,0.0,0.0,0.0,0.0,0.0,0.0,0.0,0.0,0.0,0.0,0.0,0.0,0.0,0.0,0.0,0.0,0.0,0.0,0.0,0.0,0.0,0.0,0.0,0.0,0.0,0.0,0.0,0.0,0.0,0.0,0.0,0.0,0.0,0.0,0.0,0.0,0.0,0.0,0.0,0.0,0.0,0.0,0.0,0.0,0.0,0.0,0.0,0.0,0.0,0.0
287,287,287,BLA,287,2021-07,2021-07-01,2021,7,18.0,Pakistan,ucdp_actor_metadata_fallback,1,0.6931471805599453,False,True,29.0,63.0,3.4011973816621555,4.1588830833596715,1.0,1.0,1.0,1.0,1.0,1.0,1.0,1.0,0.0,0.0,1.0,0.0,0.0,0.0,0.0,0.0,0.0,0.0,0.0,0.0,1.0,0.6931471805599453,1.0,0.6931471805599453,1.0,0.6931471805599453,1.0,0.6931471805599453,0.0,0.0,0.0,0.0,1.0,0.6931471805599453,0.0,0.0,0.0,0.0,0.0,0.0,0.0,0.0,0.0,0.0,0.0,0.0,0.0,0.0,0.0,0.0,0.0,0.0,0.6931471805599453
287,287,287,BLA,287,2021-08,2021-08-01,2021,8,19.0,Pakistan,ucdp_actor_metadata_fallback,1,0.6931471805599453,False,True,63.0,57.0,4.1588830833596715,4.060443010546419,0.0,0.0,0.0,0.0,0.0,0.0,0.0,0.0,0.0,0.0,0.0,0.0,0.0,0.0,0.0,0.0,0.0,0.0,0.0,0.0,0.0,0.0,0.0,0.0,0.0,0.0,0.0,0.0,0.0,0.0,0.0,0.0,0.0,0.0,0.0,0.0,0.0,0.0,0.0,0.0,0.0,0.0,0.0,0.0,0.0,0.0,0.0,0.0,0.0,0.0,0.0,0.0,0.0
287,287,287,BLA,287,2021-09,2021-09-01,2021,9,20.0,Pakistan,ucdp_actor_metadata_fallback,1,0.6931471805599453,False,True,57.0,50.0,4.060443010546419,3.9318256327243257,2.0,2.0,2.0,1.0,2.0,2.0,2.0,2.0,2.0,0.0,2.0,0.0,0.0,0.0,0.0,0.0,0.0,0.0,0.0,0.0,1.0,1.0986122886681098,1.0,1.0986122886681098,1.0,1.0986122886681098,1.0,1.0986122886681098,1.0,1.0986122886681098,0.0,0.0,1.0,1.0986122886681098,0.0,0.0,0.0,0.0,0.0,0.0,0.0,0.0,0.0,0.0,0.0,0.0,0.0,0.0,0.0,0.0,0.0,0.0,1.0986122886681098
287,287,287,BLA,287,2021-10,2021-10-01,2021,10,21.0,Pakistan,ucdp_actor_metadata_fallback,1,0.6931471805599453,False,True,50.0,18.0,3.9318256327243257,2.9444389791664403,0.0,0.0,0.0,0.0,0.0,0.0,0.0,0.0,0.0,0.0,0.0,0.0,0.0,0.0,0.0,0.0,0.0,0.0,0.0,0.0,0.0,0.0,0.0,0.0,0.0,0.0,0.0,0.0,0.0,0.0,0.0,0.0,0.0,0.0,0.0,0.0,0.0,0.0,0.0,0.0,0.0,0.0,0.0,0.0,0.0,0.0,0.0,0.0,0.0,0.0,0.0,0.0,0.0
287,287,287,BLA,287,2021-11,2021-11-01,2021,11,22.0,Pakistan,ucdp_actor_metadata_fallback,1,0.6931471805599453,False,True,18.0,37.0,2.9444389791664403,3.6375861597263857,0.0,0.0,0.0,0.0,0.0,0.0,0.0,0.0,0.0,0.0,0.0,0.0,0.0,0.0,0.0,0.0,0.0,0.0,0.0,0.0,0.0,0.0,0.0,0.0,0.0,0.0,0.0,0.0,0.0,0.0,0.0,0.0,0.0,0.0,0.0,0.0,0.0,0.0,0.0,0.0,0.0,0.0,0.0,0.0,0.0,0.0,0.0,0.0,0.0,0.0,0.0,0.0,0.0
287,287,287,BLA,287,2021-12,2021-12-01,2021,12,23.0,Pakistan,ucdp_actor_metadata_fallback,1,0.6931471805599453,False,True,37.0,54.0,3.6375861597263857,4.007333185232471,0.0,0.0,0.0,0.0,0.0,0.0,0.0,0.0,0.0,0.0,0.0,0.0,0.0,0.0,0.0,0.0,0.0,0.0,0.0,0.0,0.0,0.0,0.0,0.0,0.0,0.0,0.0,0.0,0.0,0.0,0.0,0.0,0.0,0.0,0.0,0.0,0.0,0.0,0.0,0.0,0.0,0.0,0.0,0.0,0.0,0.0,0.0,0.0,0.0,0.0,0.0,0.0,0.0
287,287,287,BLA,287,2022-01,2022-01-01,2022,1,24.0,Pakistan,ucdp_actor_metadata_fallback,1,0.6931471805599453,False,True,54.0,86.0,4.007333185232471,4.465908118654584,1.0,1.0,1.0,1.0,1.0,1.0,1.0,1.0,1.0,0.0,1.0,0.0,0.0,0.0,0.0,0.0,0.0,0.0,0.0,0.0,1.0,0.6931471805599453,1.0,0.6931471805599453,1.0,0.6931471805599453,1.0,0.6931471805599453,1.0,0.6931471805599453,0.0,0.0,1.0,0.6931471805599453,0.0,0.0,0.0,0.0,0.0,0.0,0.0,0.0,0.0,0.0,0.0,0.0,0.0,0.0,0.0,0.0,0.0,0.0,0.6931471805599453
287,287,287,BLA,287,2022-02,2022-02-01,2022,2,25.0,Pakistan,ucdp_actor_metadata_fallback,1,0.6931471805599453,False,True,86.0,134.0,4.465908118654584,4.90527477843843,3.0,3.0,3.0,1.0,3.0,3.0,3.0,3.0,2.0,0.0,3.0,0.0,0.0,0.0,0.0,0.0,0.0,0.0,0.0,0.0,1.0,1.3862943611198906,1.0,1.3862943611198906,1.0,1.3862943611198906,1.0,1.3862943611198906,0.6666666666666666,1.0986122886681098,0.0,0.0,1.0,1.3862943611198906,0.0,0.0,0.0,0.0,0.0,0.0,0.0,0.0,0.0,0.0,0.0,0.0,0.0,0.0,0.0,0.0,0.0,0.0,1.3862943611198906
287,287,287,BLA,287,2022-03,2022-03-01,2022,3,26.0,Pakistan,ucdp_actor_metadata_fallback,1,0.6931471805599453,False,True,134.0,84.0,4.90527477843843,4.442651256490317,0.0,0.0,0.0,0.0,0.0,0.0,0.0,0.0,0.0,0.0,0.0,0.0,0.0,0.0,0.0,0.0,0.0,0.0,0.0,0.0,0.0,0.0,0.0,0.0,0.0,0.0,0.0,0.0,0.0,0.0,0.0,0.0,0.0,0.0,0.0,0.0,0.0,0.0,0.0,0.0,0.0,0.0,0.0,0.0,0.0,0.0,0.0,0.0,0.0,0.0,0.0,0.0,0.0
287,287,287,BLA,287,2022-04,2022-04-01,2022,4,27.0,Pakistan,ucdp_actor_metadata_fallback,1,0.6931471805599453,False,True,84.0,19.0,4.442651256490317,2.995732273553991,9.0,9.0,9.0,1.0,9.0,9.0,9.0,9.0,8.0,0.0,9.0,0.0,0.0,0.0,0.0,0.0,0.0,0.0,0.0,0.0,1.0,2.302585092994046,1.0,2.302585092994046,1.0,2.302585092994046,1.0,2.302585092994046,0.8888888888888888,2.1972245773362196,0.0,0.0,1.0,2.302585092994046,0.0,0.0,0.0,0.0,0.0,0.0,0.0,0.0,0.0,0.0,0.0,0.0,0.0,0.0,0.0,0.0,0.0,0.0,2.302585092994046
287,287,287,BLA,287,2022-05,2022-05-01,2022,5,28.0,Pakistan,ucdp_actor_metadata_fallback,1,0.6931471805599453,False,True,19.0,38.0,2.995732273553991,3.6635616461296463,2.0,2.0,2.0,1.0,2.0,2.0,2.0,2.0,2.0,0.0,2.0,0.0,0.0,0.0,0.0,0.0,0.0,0.0,0.0,0.0,1.0,1.0986122886681098,1.0,1.0986122886681098,1.0,1.0986122886681098,1.0,1.0986122886681098,1.0,1.0986122886681098,0.0,0.0,1.0,1.0986122886681098,0.0,0.0,0.0,0.0,0.0,0.0,0.0,0.0,0.0,0.0,0.0,0.0,0.0,0.0,0.0,0.0,0.0,0.0,1.0986122886681098
287,287,287,BLA,287,2022-06,2022-06-01,2022,6,29.0,Pakistan,ucdp_actor_metadata_fallback,1,0.6931471805599453,False,True,38.0,54.0,3.6635616461296463,4.007333185232471,0.0,0.0,0.0,0.0,0.0,0.0,0.0,0.0,0.0,0.0,0.0,0.0,0.0,0.0,0.0,0.0,0.0,0.0,0.0,0.0,0.0,0.0,0.0,0.0,0.0,0.0,0.0,0.0,0.0,0.0,0.0,0.0,0.0,0.0,0.0,0.0,0.0,0.0,0.0,0.0,0.0,0.0,0.0,0.0,0.0,0.0,0.0,0.0,0.0,0.0,0.0,0.0,0.0
287,287,287,BLA,287,2022-07,2022-07-01,2022,7,30.0,Pakistan,ucdp_actor_metadata_fallback,1,0.6931471805599453,False,True,54.0,31.0,4.007333185232471,3.4657359027997265,3.0,3.0,3.0,1.0,3.0,3.0,3.0,3.0,2.0,0.0,2.0,0.0,0.0,0.0,0.0,0.0,0.0,1.0,0.0,0.0,1.0,1.3862943611198906,1.0,1.3862943611198906,1.0,1.3862943611198906,1.0,1.3862943611198906,0.6666666666666666,1.0986122886681098,0.0,0.0,0.6666666666666666,1.0986122886681098,0.0,0.0,0.0,0.0,0.0,0.0,0.0,0.0,0.0,0.0,0.0,0.0,0.3333333333333333,0.6931471805599453,0.0,0.0,0.0,0.0,1.3862943611198906
287,287,287,BLA,287,2022-08,2022-08-01,2022,8,31.0,Pakistan,ucdp_actor_metadata_fallback,1,0.6931471805599453,False,True,31.0,48.0,3.4657359027997265,3.8918202981106265,0.0,0.0,0.0,0.0,0.0,0.0,0.0,0.0,0.0,0.0,0.0,0.0,0.0,0.0,0.0,0.0,0.0,0.0,0.0,0.0,0.0,0.0,0.0,0.0,0.0,0.0,0.0,0.0,0.0,0.0,0.0,0.0,0.0,0.0,0.0,0.0,0.0,0.0,0.0,0.0,0.0,0.0,0.0,0.0,0.0,0.0,0.0,0.0,0.0,0.0,0.0,0.0,0.0
287,287,287,BLA,287,2022-09,2022-09-01,2022,9,32.0,Pakistan,ucdp_actor_metadata_fallback,1,0.6931471805599453,False,True,48.0,27.0,3.8918202981106265,3.332204510175204,0.0,0.0,0.0,0.0,0.0,0.0,0.0,0.0,0.0,0.0,0.0,0.0,0.0,0.0,0.0,0.0,0.0,0.0,0.0,0.0,0.0,0.0,0.0,0.0,0.0,0.0,0.0,0.0,0.0,0.0,0.0,0.0,0.0,0.0,0.0,0.0,0.0,0.0,0.0,0.0,0.0,0.0,0.0,0.0,0.0,0.0,0.0,0.0,0.0,0.0,0.0,0.0,0.0
287,287,287,BLA,287,2022-10,2022-10-01,2022,10,33.0,Pakistan,ucdp_actor_metadata_fallback,1,0.6931471805599453,False,True,27.0,60.0,3.332204510175204,4.110873864173311,0.0,0.0,0.0,0.0,0.0,0.0,0.0,0.0,0.0,0.0,0.0,0.0,0.0,0.0,0.0,0.0,0.0,0.0,0.0,0.0,0.0,0.0,0.0,0.0,0.0,0.0,0.0,0.0,0.0,0.0,0.0,0.0,0.0,0.0,0.0,0.0,0.0,0.0,0.0,0.0,0.0,0.0,0.0,0.0,0.0,0.0,0.0,0.0,0.0,0.0,0.0,0.0,0.0
287,287,287,BLA,287,2022-11,2022-11-01,2022,11,34.0,Pakistan,ucdp_actor_metadata_fallback,1,0.6931471805599453,False,True,60.0,93.0,4.110873864173311,4.543294782270004,3.0,3.0,3.0,1.0,2.0,3.0,3.0,3.0,2.0,0.0,1.0,0.0,0.0,0.0,0.0,0.0,0.0,2.0,0.0,0.0,0.6666666666666666,1.0986122886681098,1.0,1.3862943611198906,1.0,1.3862943611198906,1.0,1.3862943611198906,0.6666666666666666,1.0986122886681098,0.0,0.0,0.3333333333333333,0.6931471805599453,0.0,0.0,0.0,0.0,0.0,0.0,0.0,0.0,0.0,0.0,0.0,0.0,0.6666666666666666,1.0986122886681098,0.0,0.0,0.0,0.0,1.3862943611198906
287,287,287,BLA,287,2022-12,2022-12-01,2022,12,35.0,Pakistan,ucdp_actor_metadata_fallback,1,0.6931471805599453,False,True,93.0,158.0,4.543294782270004,5.0689042022202315,1.0,1.0,1.0,1.0,1.0,1.0,1.0,1.0,1.0,0.0,1.0,0.0,0.0,0.0,0.0,0.0,0.0,0.0,0.0,0.0,1.0,0.6931471805599453,1.0,0.6931471805599453,1.0,0.6931471805599453,1.0,0.6931471805599453,1.0,0.6931471805599453,0.0,0.0,1.0,0.6931471805599453,0.0,0.0,0.0,0.0,0.0,0.0,0.0,0.0,0.0,0.0,0.0,0.0,0.0,0.0,0.0,0.0,0.0,0.0,0.6931471805599453
287,287,287,BLA,287,2023-01,2023-01-01,2023,1,36.0,Pakistan,ucdp_actor_metadata_fallback,1,0.6931471805599453,False,True,158.0,73.0,5.0689042022202315,4.30406509320417,0.0,0.0,0.0,0.0,0.0,0.0,0.0,0.0,0.0,0.0,0.0,0.0,0.0,0.0,0.0,0.0,0.0,0.0,0.0,0.0,0.0,0.0,0.0,0.0,0.0,0.0,0.0,0.0,0.0,0.0,0.0,0.0,0.0,0.0,0.0,0.0,0.0,0.0,0.0,0.0,0.0,0.0,0.0,0.0,0.0,0.0,0.0,0.0,0.0,0.0,0.0,0.0,0.0
287,287,287,BLA,287,2023-02,2023-02-01,2023,2,37.0,Pakistan,ucdp_actor_metadata_fallback,1,0.6931471805599453,False,True,73.0,58.0,4.30406509320417,4.07753744390572,0.0,0.0,0.0,0.0,0.0,0.0,0.0,0.0,0.0,0.0,0.0,0.0,0.0,0.0,0.0,0.0,0.0,0.0,0.0,0.0,0.0,0.0,0.0,0.0,0.0,0.0,0.0,0.0,0.0,0.0,0.0,0.0,0.0,0.0,0.0,0.0,0.0,0.0,0.0,0.0,0.0,0.0,0.0,0.0,0.0,0.0,0.0,0.0,0.0,0.0,0.0,0.0,0.0
287,287,287,BLA,287,2023-03,2023-03-01,2023,3,38.0,Pakistan,ucdp_actor_metadata_fallback,1,0.6931471805599453,False,True,58.0,70.0,4.07753744390572,4.2626798770413155,1.0,1.0,1.0,1.0,1.0,1.0,1.0,1.0,1.0,0.0,1.0,0.0,0.0,0.0,0.0,0.0,0.0,0.0,0.0,0.0,1.0,0.6931471805599453,1.0,0.6931471805599453,1.0,0.6931471805599453,1.0,0.6931471805599453,1.0,0.6931471805599453,0.0,0.0,1.0,0.6931471805599453,0.0,0.0,0.0,0.0,0.0,0.0,0.0,0.0,0.0,0.0,0.0,0.0,0.0,0.0,0.0,0.0,0.0,0.0,0.6931471805599453
287,287,287,BLA,287,2023-04,2023-04-01,2023,4,39.0,Pakistan,ucdp_actor_metadata_fallback,1,0.6931471805599453,False,True,70.0,73.0,4.2626798770413155,4.30406509320417,6.0,6.0,6.0,1.0,6.0,6.0,6.0,6.0,4.0,0.0,6.0,0.0,0.0,0.0,0.0,0.0,0.0,0.0,0.0,0.0,1.0,1.9459101490553132,1.0,1.9459101490553132,1.0,1.9459101490553132,1.0,1.9459101490553132,0.6666666666666666,1.6094379124341003,0.0,0.0,1.0,1.9459101490553132,0.0,0.0,0.0,0.0,0.0,0.0,0.0,0.0,0.0,0.0,0.0,0.0,0.0,0.0,0.0,0.0,0.0,0.0,1.9459101490553132
287,287,287,BLA,287,2023-05,2023-05-01,2023,5,40.0,Pakistan,ucdp_actor_metadata_fallback,1,0.6931471805599453,False,True,73.0,51.0,4.30406509320417,3.9512437185814275,1.0,1.0,1.0,1.0,1.0,1.0,1.0,1.0,1.0,0.0,1.0,0.0,0.0,0.0,0.0,0.0,0.0,0.0,0.0,0.0,1.0,0.6931471805599453,1.0,0.6931471805599453,1.0,0.6931471805599453,1.0,0.6931471805599453,1.0,0.6931471805599453,0.0,0.0,1.0,0.6931471805599453,0.0,0.0,0.0,0.0,0.0,0.0,0.0,0.0,0.0,0.0,0.0,0.0,0.0,0.0,0.0,0.0,0.0,0.0,0.6931471805599453
287,287,287,BLA,287,2023-06,2023-06-01,2023,6,41.0,Pakistan,ucdp_actor_metadata_fallback,1,0.6931471805599453,False,True,51.0,112.0,3.9512437185814275,4.727387818712341,0.0,0.0,0.0,0.0,0.0,0.0,0.0,0.0,0.0,0.0,0.0,0.0,0.0,0.0,0.0,0.0,0.0,0.0,0.0,0.0,0.0,0.0,0.0,0.0,0.0,0.0,0.0,0.0,0.0,0.0,0.0,0.0,0.0,0.0,0.0,0.0,0.0,0.0,0.0,0.0,0.0,0.0,0.0,0.0,0.0,0.0,0.0,0.0,0.0,0.0,0.0,0.0,0.0
287,287,287,BLA,287,2023-07,2023-07-01,2023,7,42.0,Pakistan,ucdp_actor_metadata_fallback,1,0.6931471805599453,False,True,112.0,97.0,4.727387818712341,4.584967478670572,0.0,0.0,0.0,0.0,0.0,0.0,0.0,0.0,0.0,0.0,0.0,0.0,0.0,0.0,0.0,0.0,0.0,0.0,0.0,0.0,0.0,0.0,0.0,0.0,0.0,0.0,0.0,0.0,0.0,0.0,0.0,0.0,0.0,0.0,0.0,0.0,0.0,0.0,0.0,0.0,0.0,0.0,0.0,0.0,0.0,0.0,0.0,0.0,0.0,0.0,0.0,0.0,0.0
287,287,287,BLA,287,2023-08,2023-08-01,2023,8,43.0,Pakistan,ucdp_actor_metadata_fallback,1,0.6931471805599453,False,True,97.0,149.0,4.584967478670572,5.0106352940962555,13.0,13.0,13.0,1.0,13.0,13.0,12.0,13.0,6.0,0.0,13.0,0.0,0.0,0.0,0.0,0.0,0.0,0.0,0.0,0.0,1.0,2.6390573296152584,1.0,2.6390573296152584,0.9230769230769231,2.5649493574615367,1.0,2.6390573296152584,0.46153846153846156,1.9459101490553132,0.0,0.0,1.0,2.6390573296152584,0.0,0.0,0.0,0.0,0.0,0.0,0.0,0.0,0.0,0.0,0.0,0.0,0.0,0.0,0.0,0.0,0.0,0.0,2.6390573296152584
287,287,287,BLA,287,2023-09,2023-09-01,2023,9,44.0,Pakistan,ucdp_actor_metadata_fallback,1,0.6931471805599453,False,True,149.0,120.0,5.0106352940962555,4.795790545596741,0.0,0.0,0.0,0.0,0.0,0.0,0.0,0.0,0.0,0.0,0.0,0.0,0.0,0.0,0.0,0.0,0.0,0.0,0.0,0.0,0.0,0.0,0.0,0.0,0.0,0.0,0.0,0.0,0.0,0.0,0.0,0.0,0.0,0.0,0.0,0.0,0.0,0.0,0.0,0.0,0.0,0.0,0.0,0.0,0.0,0.0,0.0,0.0,0.0,0.0,0.0,0.0,0.0
287,287,287,BLA,287,2023-10,2023-10-01,2023,10,45.0,Pakistan,ucdp_actor_metadata_fallback,1,0.6931471805599453,False,True,120.0,137.0,4.795790545596741,4.927253685157205,0.0,0.0,0.0,0.0,0.0,0.0,0.0,0.0,0.0,0.0,0.0,0.0,0.0,0.0,0.0,0.0,0.0,0.0,0.0,0.0,0.0,0.0,0.0,0.0,0.0,0.0,0.0,0.0,0.0,0.0,0.0,0.0,0.0,0.0,0.0,0.0,0.0,0.0,0.0,0.0,0.0,0.0,0.0,0.0,0.0,0.0,0.0,0.0,0.0,0.0,0.0,0.0,0.0
287,287,287,BLA,287,2023-11,2023-11-01,2023,11,46.0,Pakistan,ucdp_actor_metadata_fallback,1,0.6931471805599453,False,True,137.0,85.0,4.927253685157205,4.454347296253507,0.0,0.0,0.0,0.0,0.0,0.0,0.0,0.0,0.0,0.0,0.0,0.0,0.0,0.0,0.0,0.0,0.0,0.0,0.0,0.0,0.0,0.0,0.0,0.0,0.0,0.0,0.0,0.0,0.0,0.0,0.0,0.0,0.0,0.0,0.0,0.0,0.0,0.0,0.0,0.0,0.0,0.0,0.0,0.0,0.0,0.0,0.0,0.0,0.0,0.0,0.0,0.0,0.0
287,287,287,BLA,287,2023-12,2023-12-01,2023,12,47.0,Pakistan,ucdp_actor_metadata_fallback,1,0.6931471805599453,False,True,85.0,111.0,4.454347296253507,4.718498871295094,0.0,0.0,0.0,0.0,0.0,0.0,0.0,0.0,0.0,0.0,0.0,0.0,0.0,0.0,0.0,0.0,0.0,0.0,0.0,0.0,0.0,0.0,0.0,0.0,0.0,0.0,0.0,0.0,0.0,0.0,0.0,0.0,0.0,0.0,0.0,0.0,0.0,0.0,0.0,0.0,0.0,0.0,0.0,0.0,0.0,0.0,0.0,0.0,0.0,0.0,0.0,0.0,0.0
287,287,287,BLA,287,2024-01,2024-01-01,2024,1,48.0,Pakistan,ucdp_actor_metadata_fallback,1,0.6931471805599453,False,True,111.0,99.0,4.718498871295094,4.605170185988092,9.0,9.0,9.0,1.0,8.0,8.0,5.0,8.0,8.0,0.0,8.0,0.0,0.0,0.0,1.0,0.0,0.0,0.0,0.0,0.0,0.8888888888888888,2.1972245773362196,0.8888888888888888,2.1972245773362196,0.5555555555555556,1.791759469228055,0.8888888888888888,2.1972245773362196,0.8888888888888888,2.1972245773362196,0.0,0.0,0.8888888888888888,2.1972245773362196,0.0,0.0,0.0,0.0,0.0,0.0,0.1111111111111111,0.6931471805599453,0.0,0.0,0.0,0.0,0.0,0.0,0.0,0.0,0.0,0.0,2.302585092994046
287,287,287,BLA,287,2024-02,2024-02-01,2024,2,49.0,Pakistan,ucdp_actor_metadata_fallback,1,0.6931471805599453,False,True,99.0,99.0,4.605170185988092,4.605170185988092,8.0,8.0,8.0,1.0,8.0,8.0,8.0,8.0,5.0,0.0,7.0,0.0,0.0,0.0,0.0,0.0,0.0,1.0,0.0,0.0,1.0,2.1972245773362196,1.0,2.1972245773362196,1.0,2.1972245773362196,1.0,2.1972245773362196,0.625,1.791759469228055,0.0,0.0,0.875,2.0794415416798357,0.0,0.0,0.0,0.0,0.0,0.0,0.0,0.0,0.0,0.0,0.0,0.0,0.125,0.6931471805599453,0.0,0.0,0.0,0.0,2.1972245773362196
287,287,287,BLA,287,2024-03,2024-03-01,2024,3,50.0,Pakistan,ucdp_actor_metadata_fallback,1,0.6931471805599453,False,True,99.0,123.0,4.605170185988092,4.820281565605037,11.0,11.0,11.0,1.0,11.0,11.0,10.0,11.0,10.0,0.0,11.0,0.0,0.0,0.0,0.0,0.0,0.0,0.0,0.0,0.0,1.0,2.4849066497880004,1.0,2.4849066497880004,0.9090909090909091,2.3978952727983707,1.0,2.4849066497880004,0.9090909090909091,2.3978952727983707,0.0,0.0,1.0,2.4849066497880004,0.0,0.0,0.0,0.0,0.0,0.0,0.0,0.0,0.0,0.0,0.0,0.0,0.0,0.0,0.0,0.0,0.0,0.0,2.4849066497880004
287,287,287,BLA,287,2024-04,2024-04-01,2024,4,51.0,Pakistan,ucdp_actor_metadata_fallback,1,0.6931471805599453,False,True,123.0,125.0,4.820281565605037,4.836281906951478,4.0,4.0,4.0,1.0,2.0,4.0,4.0,4.0,3.0,0.0,1.0,0.0,0.0,0.0,0.0,0.0,0.0,3.0,0.0,0.0,0.5,1.0986122886681098,1.0,1.6094379124341003,1.0,1.6094379124341003,1.0,1.6094379124341003,0.75,1.3862943611198906,0.0,0.0,0.25,0.6931471805599453,0.0,0.0,0.0,0.0,0.0,0.0,0.0,0.0,0.0,0.0,0.0,0.0,0.75,1.3862943611198906,0.0,0.0,0.0,0.0,1.6094379124341003
287,287,287,BLA,287,2024-05,2024-05-01,2024,5,52.0,Pakistan,ucdp_actor_metadata_fallback,1,0.6931471805599453,False,True,125.0,82.0,4.836281906951478,4.418840607796598,2.0,2.0,2.0,1.0,2.0,2.0,2.0,2.0,2.0,0.0,2.0,0.0,0.0,0.0,0.0,0.0,0.0,0.0,0.0,0.0,1.0,1.0986122886681098,1.0,1.0986122886681098,1.0,1.0986122886681098,1.0,1.0986122886681098,1.0,1.0986122886681098,0.0,0.0,1.0,1.0986122886681098,0.0,0.0,0.0,0.0,0.0,0.0,0.0,0.0,0.0,0.0,0.0,0.0,0.0,0.0,0.0,0.0,0.0,0.0,1.0986122886681098
287,287,287,BLA,287,2024-06,2024-06-01,2024,6,53.0,Pakistan,ucdp_actor_metadata_fallback,1,0.6931471805599453,False,True,82.0,182.0,4.418840607796598,5.209486152841421,0.0,0.0,0.0,0.0,0.0,0.0,0.0,0.0,0.0,0.0,0.0,0.0,0.0,0.0,0.0,0.0,0.0,0.0,0.0,0.0,0.0,0.0,0.0,0.0,0.0,0.0,0.0,0.0,0.0,0.0,0.0,0.0,0.0,0.0,0.0,0.0,0.0,0.0,0.0,0.0,0.0,0.0,0.0,0.0,0.0,0.0,0.0,0.0,0.0,0.0,0.0,0.0,0.0
287,287,287,BLA,287,2024-07,2024-07-01,2024,7,54.0,Pakistan,ucdp_actor_metadata_fallback,1,0.6931471805599453,False,True,182.0,222.0,5.209486152841421,5.407171771460119,2.0,2.0,2.0,1.0,2.0,2.0,2.0,2.0,1.0,0.0,0.0,0.0,0.0,0.0,0.0,0.0,0.0,2.0,0.0,0.0,1.0,1.0986122886681098,1.0,1.0986122886681098,1.0,1.0986122886681098,1.0,1.0986122886681098,0.5,0.6931471805599453,0.0,0.0,0.0,0.0,0.0,0.0,0.0,0.0,0.0,0.0,0.0,0.0,0.0,0.0,0.0,0.0,1.0,1.0986122886681098,0.0,0.0,0.0,0.0,1.0986122886681098
287,287,287,BLA,287,2024-08,2024-08-01,2024,8,55.0,Pakistan,ucdp_actor_metadata_fallback,1,0.6931471805599453,False,True,222.0,162.0,5.407171771460119,5.093750200806762,4.0,4.0,4.0,1.0,4.0,4.0,3.0,4.0,2.0,0.0,3.0,0.0,0.0,0.0,0.0,0.0,0.0,1.0,0.0,0.0,1.0,1.6094379124341003,1.0,1.6094379124341003,0.75,1.3862943611198906,1.0,1.6094379124341003,0.5,1.0986122886681098,0.0,0.0,0.75,1.3862943611198906,0.0,0.0,0.0,0.0,0.0,0.0,0.0,0.0,0.0,0.0,0.0,0.0,0.25,0.6931471805599453,0.0,0.0,0.0,0.0,1.6094379124341003
287,287,287,BLA,287,2024-09,2024-09-01,2024,9,56.0,Pakistan,ucdp_actor_metadata_fallback,1,0.6931471805599453,False,True,162.0,185.0,5.093750200806762,5.225746673713202,4.0,4.0,4.0,1.0,4.0,4.0,2.0,4.0,3.0,0.0,3.0,0.0,0.0,0.0,0.0,0.0,0.0,1.0,0.0,0.0,1.0,1.6094379124341003,1.0,1.6094379124341003,0.5,1.0986122886681098,1.0,1.6094379124341003,0.75,1.3862943611198906,0.0,0.0,0.75,1.3862943611198906,0.0,0.0,0.0,0.0,0.0,0.0,0.0,0.0,0.0,0.0,0.0,0.0,0.25,0.6931471805599453,0.0,0.0,0.0,0.0,1.6094379124341003
287,287,287,BLA,287,2024-10,2024-10-01,2024,10,57.0,Pakistan,ucdp_actor_metadata_fallback,1,0.6931471805599453,False,True,185.0,337.0,5.225746673713202,5.823045895483019,7.0,7.0,7.0,1.0,6.0,7.0,7.0,7.0,4.0,0.0,6.0,0.0,0.0,0.0,0.0,0.0,0.0,1.0,0.0,0.0,0.8571428571428571,1.9459101490553132,1.0,2.0794415416798357,1.0,2.0794415416798357,1.0,2.0794415416798357,0.5714285714285714,1.6094379124341003,0.0,0.0,0.8571428571428571,1.9459101490553132,0.0,0.0,0.0,0.0,0.0,0.0,0.0,0.0,0.0,0.0,0.0,0.0,0.14285714285714285,0.6931471805599453,0.0,0.0,0.0,0.0,2.0794415416798357
287,287,287,BLA,287,2024-11,2024-11-01,2024,11,58.0,Pakistan,ucdp_actor_metadata_fallback,1,0.6931471805599453,False,True,337.0,242.0,5.823045895483019,5.493061443340548,9.0,9.0,9.0,1.0,9.0,9.0,7.0,9.0,4.0,0.0,8.0,0.0,0.0,0.0,0.0,0.0,0.0,1.0,0.0,0.0,1.0,2.302585092994046,1.0,2.302585092994046,0.7777777777777778,2.0794415416798357,1.0,2.302585092994046,0.4444444444444444,1.6094379124341003,0.0,0.0,0.8888888888888888,2.1972245773362196,0.0,0.0,0.0,0.0,0.0,0.0,0.0,0.0,0.0,0.0,0.0,0.0,0.1111111111111111,0.6931471805599453,0.0,0.0,0.0,0.0,2.302585092994046
287,287,287,BLA,287,2024-12,2024-12-01,2024,12,59.0,Pakistan,ucdp_actor_metadata_fallback,1,0.6931471805599453,False,True,242.0,295.0,5.493061443340548,5.69035945432406,2.0,2.0,2.0,1.0,1.0,1.0,2.0,2.0,1.0,0.0,1.0,0.0,0.0,0.0,1.0,0.0,0.0,0.0,0.0,0.0,0.5,0.6931471805599453,0.5,0.6931471805599453,1.0,1.0986122886681098,1.0,1.0986122886681098,0.5,0.6931471805599453,0.0,0.0,0.5,0.6931471805599453,0.0,0.0,0.0,0.0,0.0,0.0,0.5,0.6931471805599453,0.0,0.0,0.0,0.0,0.0,0.0,0.0,0.0,0.0,0.0,1.0986122886681098
287,287,287,BLA,287,2025-01,2025-01-01,2025,1,60.0,Pakistan,ucdp_actor_metadata_fallback,1,0.6931471805599453,False,True,295.0,241.0,5.69035945432406,5.488937726156687,7.0,7.0,7.0,1.0,7.0,7.0,5.0,7.0,6.0,0.0,6.0,0.0,0.0,0.0,0.0,0.0,0.0,1.0,0.0,0.0,1.0,2.0794415416798357,1.0,2.0794415416798357,0.7142857142857143,1.791759469228055,1.0,2.0794415416798357,0.8571428571428571,1.9459101490553132,0.0,0.0,0.8571428571428571,1.9459101490553132,0.0,0.0,0.0,0.0,0.0,0.0,0.0,0.0,0.0,0.0,0.0,0.0,0.14285714285714285,0.6931471805599453,0.0,0.0,0.0,0.0,2.0794415416798357
287,287,287,BLA,287,2025-02,2025-02-01,2025,2,61.0,Pakistan,ucdp_actor_metadata_fallback,1,0.6931471805599453,False,True,241.0,342.0,5.488937726156687,5.8377304471659395,2.0,2.0,2.0,1.0,1.0,2.0,1.0,2.0,2.0,0.0,1.0,0.0,0.0,0.0,0.0,0.0,0.0,1.0,0.0,0.0,0.5,0.6931471805599453,1.0,1.0986122886681098,0.5,0.6931471805599453,1.0,1.0986122886681098,1.0,1.0986122886681098,0.0,0.0,0.5,0.6931471805599453,0.0,0.0,0.0,0.0,0.0,0.0,0.0,0.0,0.0,0.0,0.0,0.0,0.5,0.6931471805599453,0.0,0.0,0.0,0.0,1.0986122886681098
287,287,287,BLA,287,2025-03,2025-03-01,2025,3,62.0,Pakistan,ucdp_actor_metadata_fallback,1,0.6931471805599453,False,True,342.0,225.0,5.8377304471659395,5.420534999272286,25.0,25.0,25.0,1.0,24.0,25.0,24.0,25.0,20.0,0.0,21.0,0.0,0.0,0.0,0.0,0.0,0.0,4.0,0.0,0.0,0.96,3.2188758248682006,1.0,3.258096538021482,0.96,3.2188758248682006,1.0,3.258096538021482,0.8,3.044522437723423,0.0,0.0,0.84,3.091042453358316,0.0,0.0,0.0,0.0,0.0,0.0,0.0,0.0,0.0,0.0,0.0,0.0,0.16,1.6094379124341003,0.0,0.0,0.0,0.0,3.258096538021482
287,287,287,BLA,287,2025-04,2025-04-01,2025,4,63.0,Pakistan,ucdp_actor_metadata_fallback,1,0.6931471805599453,False,True,225.0,245.0,5.420534999272286,5.5053315359323625,3.0,3.0,3.0,1.0,2.0,3.0,2.0,3.0,2.0,0.0,1.0,0.0,0.0,0.0,0.0,0.0,0.0,2.0,0.0,0.0,0.6666666666666666,1.0986122886681098,1.0,1.3862943611198906,0.6666666666666666,1.0986122886681098,1.0,1.3862943611198906,0.6666666666666666,1.0986122886681098,0.0,0.0,0.3333333333333333,0.6931471805599453,0.0,0.0,0.0,0.0,0.0,0.0,0.0,0.0,0.0,0.0,0.0,0.0,0.6666666666666666,1.0986122886681098,0.0,0.0,0.0,0.0,1.3862943611198906
287,287,287,BLA,287,2025-05,2025-05-01,2025,5,64.0,Pakistan,ucdp_actor_metadata_fallback,1,0.6931471805599453,False,True,245.0,165.0,5.5053315359323625,5.111987788356544,8.0,8.0,8.0,1.0,8.0,8.0,8.0,8.0,7.0,0.0,7.0,0.0,0.0,0.0,0.0,0.0,0.0,1.0,0.0,0.0,1.0,2.1972245773362196,1.0,2.1972245773362196,1.0,2.1972245773362196,1.0,2.1972245773362196,0.875,2.0794415416798357,0.0,0.0,0.875,2.0794415416798357,0.0,0.0,0.0,0.0,0.0,0.0,0.0,0.0,0.0,0.0,0.0,0.0,0.125,0.6931471805599453,0.0,0.0,0.0,0.0,2.1972245773362196
287,287,287,BLA,287,2025-06,2025-06-01,2025,6,65.0,Pakistan,ucdp_actor_metadata_fallback,1,0.6931471805599453,False,True,165.0,205.0,5.111987788356544,5.327876168789581,0.0,0.0,0.0,0.0,0.0,0.0,0.0,0.0,0.0,0.0,0.0,0.0,0.0,0.0,0.0,0.0,0.0,0.0,0.0,0.0,0.0,0.0,0.0,0.0,0.0,0.0,0.0,0.0,0.0,0.0,0.0,0.0,0.0,0.0,0.0,0.0,0.0,0.0,0.0,0.0,0.0,0.0,0.0,0.0,0.0,0.0,0.0,0.0,0.0,0.0,0.0,0.0,0.0
287,287,287,BLA,287,2025-07,2025-07-01,2025,7,66.0,Pakistan,ucdp_actor_metadata_fallback,1,0.6931471805599453,False,True,205.0,228.0,5.327876168789581,5.43372200355424,1.0,1.0,1.0,1.0,1.0,1.0,1.0,1.0,1.0,0.0,1.0,0.0,0.0,0.0,0.0,0.0,0.0,0.0,0.0,0.0,1.0,0.6931471805599453,1.0,0.6931471805599453,1.0,0.6931471805599453,1.0,0.6931471805599453,1.0,0.6931471805599453,0.0,0.0,1.0,0.6931471805599453,0.0,0.0,0.0,0.0,0.0,0.0,0.0,0.0,0.0,0.0,0.0,0.0,0.0,0.0,0.0,0.0,0.0,0.0,0.6931471805599453
287,287,287,BLA,287,2025-08,2025-08-01,2025,8,67.0,Pakistan,ucdp_actor_metadata_fallback,1,0.6931471805599453,False,True,228.0,378.0,5.43372200355424,5.937536205082426,9.0,9.0,9.0,1.0,8.0,9.0,9.0,9.0,2.0,0.0,3.0,0.0,0.0,0.0,0.0,1.0,0.0,5.0,0.0,0.0,0.8888888888888888,2.1972245773362196,1.0,2.302585092994046,1.0,2.302585092994046,1.0,2.302585092994046,0.2222222222222222,1.0986122886681098,0.0,0.0,0.3333333333333333,1.3862943611198906,0.0,0.0,0.0,0.0,0.0,0.0,0.0,0.0,0.1111111111111111,0.6931471805599453,0.0,0.0,0.5555555555555556,1.791759469228055,0.0,0.0,0.0,0.0,2.302585092994046
287,287,287,BLA,287,2025-09,2025-09-01,2025,9,68.0,Pakistan,ucdp_actor_metadata_fallback,1,0.6931471805599453,False,True,378.0,450.0,5.937536205082426,6.111467339502679,1.0,1.0,1.0,1.0,1.0,1.0,1.0,1.0,1.0,0.0,1.0,0.0,0.0,0.0,0.0,0.0,0.0,0.0,0.0,0.0,1.0,0.6931471805599453,1.0,0.6931471805599453,1.0,0.6931471805599453,1.0,0.6931471805599453,1.0,0.6931471805599453,0.0,0.0,1.0,0.6931471805599453,0.0,0.0,0.0,0.0,0.0,0.0,0.0,0.0,0.0,0.0,0.0,0.0,0.0,0.0,0.0,0.0,0.0,0.0,0.6931471805599453
287,287,287,BLA,287,2025-10,2025-10-01,2025,10,69.0,Pakistan,ucdp_actor_metadata_fallback,1,0.6931471805599453,False,True,450.0,334.0,6.111467339502679,5.814130531825066,2.0,2.0,2.0,1.0,1.0,2.0,1.0,2.0,1.0,0.0,1.0,0.0,0.0,0.0,0.0,0.0,0.0,1.0,0.0,0.0,0.5,0.6931471805599453,1.0,1.0986122886681098,0.5,0.6931471805599453,1.0,1.0986122886681098,0.5,0.6931471805599453,0.0,0.0,0.5,0.6931471805599453,0.0,0.0,0.0,0.0,0.0,0.0,0.0,0.0,0.0,0.0,0.0,0.0,0.5,0.6931471805599453,0.0,0.0,0.0,0.0,1.0986122886681098
287,287,287,BLA,287,2025-11,2025-11-01,2025,11,70.0,Pakistan,ucdp_actor_metadata_fallback,1,0.6931471805599453,False,True,334.0,223.0,5.814130531825066,5.4116460518550396,0.0,0.0,0.0,0.0,0.0,0.0,0.0,0.0,0.0,0.0,0.0,0.0,0.0,0.0,0.0,0.0,0.0,0.0,0.0,0.0,0.0,0.0,0.0,0.0,0.0,0.0,0.0,0.0,0.0,0.0,0.0,0.0,0.0,0.0,0.0,0.0,0.0,0.0,0.0,0.0,0.0,0.0,0.0,0.0,0.0,0.0,0.0,0.0,0.0,0.0,0.0,0.0,0.0
287,287,287,BLA,287,2025-12,2025-12-01,2025,12,71.0,Pakistan,ucdp_actor_metadata_fallback,1,0.6931471805599453,False,False,223.0,,5.4116460518550396,,2.0,2.0,2.0,1.0,1.0,2.0,1.0,2.0,2.0,0.0,1.0,0.0,0.0,0.0,0.0,0.0,0.0,1.0,0.0,0.0,0.5,0.6931471805599453,1.0,1.0986122886681098,0.5,0.6931471805599453,1.0,1.0986122886681098,1.0,1.0986122886681098,0.0,0.0,0.5,0.6931471805599453,0.0,0.0,0.0,0.0,0.0,0.0,0.0,0.0,0.0,0.0,0.0,0.0,0.5,0.6931471805599453,0.0,0.0,0.0,0.0,1.0986122886681098
415,415,415,ELF,415,2020-01,2020-01-01,2020,1,0.0,Ethiopia,ucdp_actor_metadata_fallback,1,0.6931471805599453,False,True,36.0,15.0,3.6109179126442243,2.772588722239781,0.0,0.0,0.0,0.0,0.0,0.0,0.0,0.0,0.0,0.0,0.0,0.0,0.0,0.0,0.0,0.0,0.0,0.0,0.0,0.0,0.0,0.0,0.0,0.0,0.0,0.0,0.0,0.0,0.0,0.0,0.0,0.0,0.0,0.0,0.0,0.0,0.0,0.0,0.0,0.0,0.0,0.0,0.0,0.0,0.0,0.0,0.0,0.0,0.0,0.0,0.0,0.0,0.0
415,415,415,ELF,415,2020-02,2020-02-01,2020,2,1.0,Ethiopia,ucdp_actor_metadata_fallback,1,0.6931471805599453,False,True,15.0,36.0,2.772588722239781,3.6109179126442243,0.0,0.0,0.0,0.0,0.0,0.0,0.0,0.0,0.0,0.0,0.0,0.0,0.0,0.0,0.0,0.0,0.0,0.0,0.0,0.0,0.0,0.0,0.0,0.0,0.0,0.0,0.0,0.0,0.0,0.0,0.0,0.0,0.0,0.0,0.0,0.0,0.0,0.0,0.0,0.0,0.0,0.0,0.0,0.0,0.0,0.0,0.0,0.0,0.0,0.0,0.0,0.0,0.0
415,415,415,ELF,415,2020-03,2020-03-01,2020,3,2.0,Ethiopia,ucdp_actor_metadata_fallback,1,0.6931471805599453,False,True,36.0,3.0,3.6109179126442243,1.3862943611198906,0.0,0.0,0.0,0.0,0.0,0.0,0.0,0.0,0.0,0.0,0.0,0.0,0.0,0.0,0.0,0.0,0.0,0.0,0.0,0.0,0.0,0.0,0.0,0.0,0.0,0.0,0.0,0.0,0.0,0.0,0.0,0.0,0.0,0.0,0.0,0.0,0.0,0.0,0.0,0.0,0.0,0.0,0.0,0.0,0.0,0.0,0.0,0.0,0.0,0.0,0.0,0.0,0.0
415,415,415,ELF,415,2020-04,2020-04-01,2020,4,3.0,Ethiopia,ucdp_actor_metadata_fallback,1,0.6931471805599453,False,True,3.0,45.0,1.3862943611198906,3.828641396489095,0.0,0.0,0.0,0.0,0.0,0.0,0.0,0.0,0.0,0.0,0.0,0.0,0.0,0.0,0.0,0.0,0.0,0.0,0.0,0.0,0.0,0.0,0.0,0.0,0.0,0.0,0.0,0.0,0.0,0.0,0.0,0.0,0.0,0.0,0.0,0.0,0.0,0.0,0.0,0.0,0.0,0.0,0.0,0.0,0.0,0.0,0.0,0.0,0.0,0.0,0.0,0.0,0.0
415,415,415,ELF,415,2020-05,2020-05-01,2020,5,4.0,Ethiopia,ucdp_actor_metadata_fallback,1,0.6931471805599453,False,True,45.0,93.0,3.828641396489095,4.543294782270004,0.0,0.0,0.0,0.0,0.0,0.0,0.0,0.0,0.0,0.0,0.0,0.0,0.0,0.0,0.0,0.0,0.0,0.0,0.0,0.0,0.0,0.0,0.0,0.0,0.0,0.0,0.0,0.0,0.0,0.0,0.0,0.0,0.0,0.0,0.0,0.0,0.0,0.0,0.0,0.0,0.0,0.0,0.0,0.0,0.0,0.0,0.0,0.0,0.0,0.0,0.0,0.0,0.0
415,415,415,ELF,415,2020-06,2020-06-01,2020,6,5.0,Ethiopia,ucdp_actor_metadata_fallback,1,0.6931471805599453,False,True,93.0,36.0,4.543294782270004,3.6109179126442243,0.0,0.0,0.0,0.0,0.0,0.0,0.0,0.0,0.0,0.0,0.0,0.0,0.0,0.0,0.0,0.0,0.0,0.0,0.0,0.0,0.0,0.0,0.0,0.0,0.0,0.0,0.0,0.0,0.0,0.0,0.0,0.0,0.0,0.0,0.0,0.0,0.0,0.0,0.0,0.0,0.0,0.0,0.0,0.0,0.0,0.0,0.0,0.0,0.0,0.0,0.0,0.0,0.0
415,415,415,ELF,415,2020-07,2020-07-01,2020,7,6.0,Ethiopia,ucdp_actor_metadata_fallback,1,0.6931471805599453,False,True,36.0,77.0,3.6109179126442243,4.356708826689592,0.0,0.0,0.0,0.0,0.0,0.0,0.0,0.0,0.0,0.0,0.0,0.0,0.0,0.0,0.0,0.0,0.0,0.0,0.0,0.0,0.0,0.0,0.0,0.0,0.0,0.0,0.0,0.0,0.0,0.0,0.0,0.0,0.0,0.0,0.0,0.0,0.0,0.0,0.0,0.0,0.0,0.0,0.0,0.0,0.0,0.0,0.0,0.0,0.0,0.0,0.0,0.0,0.0
415,415,415,ELF,415,2020-08,2020-08-01,2020,8,7.0,Ethiopia,ucdp_actor_metadata_fallback,1,0.6931471805599453,False,True,77.0,164.0,4.356708826689592,5.10594547390058,0.0,0.0,0.0,0.0,0.0,0.0,0.0,0.0,0.0,0.0,0.0,0.0,0.0,0.0,0.0,0.0,0.0,0.0,0.0,0.0,0.0,0.0,0.0,0.0,0.0,0.0,0.0,0.0,0.0,0.0,0.0,0.0,0.0,0.0,0.0,0.0,0.0,0.0,0.0,0.0,0.0,0.0,0.0,0.0,0.0,0.0,0.0,0.0,0.0,0.0,0.0,0.0,0.0
415,415,415,ELF,415,2020-09,2020-09-01,2020,9,8.0,Ethiopia,ucdp_actor_metadata_fallback,1,0.6931471805599453,False,True,164.0,74.0,5.10594547390058,4.31748811353631,0.0,0.0,0.0,0.0,0.0,0.0,0.0,0.0,0.0,0.0,0.0,0.0,0.0,0.0,0.0,0.0,0.0,0.0,0.0,0.0,0.0,0.0,0.0,0.0,0.0,0.0,0.0,0.0,0.0,0.0,0.0,0.0,0.0,0.0,0.0,0.0,0.0,0.0,0.0,0.0,0.0,0.0,0.0,0.0,0.0,0.0,0.0,0.0,0.0,0.0,0.0,0.0,0.0
415,415,415,ELF,415,2020-10,2020-10-01,2020,10,9.0,Ethiopia,ucdp_actor_metadata_fallback,1,0.6931471805599453,False,True,74.0,23045.0,4.31748811353631,10.04524749757396,0.0,0.0,0.0,0.0,0.0,0.0,0.0,0.0,0.0,0.0,0.0,0.0,0.0,0.0,0.0,0.0,0.0,0.0,0.0,0.0,0.0,0.0,0.0,0.0,0.0,0.0,0.0,0.0,0.0,0.0,0.0,0.0,0.0,0.0,0.0,0.0,0.0,0.0,0.0,0.0,0.0,0.0,0.0,0.0,0.0,0.0,0.0,0.0,0.0,0.0,0.0,0.0,0.0
415,415,415,ELF,415,2020-11,2020-11-01,2020,11,10.0,Ethiopia,ucdp_actor_metadata_fallback,1,0.6931471805599453,False,True,23045.0,806.0,10.04524749757396,6.693323668269949,0.0,0.0,0.0,0.0,0.0,0.0,0.0,0.0,0.0,0.0,0.0,0.0,0.0,0.0,0.0,0.0,0.0,0.0,0.0,0.0,0.0,0.0,0.0,0.0,0.0,0.0,0.0,0.0,0.0,0.0,0.0,0.0,0.0,0.0,0.0,0.0,0.0,0.0,0.0,0.0,0.0,0.0,0.0,0.0,0.0,0.0,0.0,0.0,0.0,0.0,0.0,0.0,0.0
415,415,415,ELF,415,2020-12,2020-12-01,2020,12,11.0,Ethiopia,ucdp_actor_metadata_fallback,1,0.6931471805599453,False,True,806.0,115738.0,6.693323668269949,11.659092935035208,0.0,0.0,0.0,0.0,0.0,0.0,0.0,0.0,0.0,0.0,0.0,0.0,0.0,0.0,0.0,0.0,0.0,0.0,0.0,0.0,0.0,0.0,0.0,0.0,0.0,0.0,0.0,0.0,0.0,0.0,0.0,0.0,0.0,0.0,0.0,0.0,0.0,0.0,0.0,0.0,0.0,0.0,0.0,0.0,0.0,0.0,0.0,0.0,0.0,0.0,0.0,0.0,0.0
415,415,415,ELF,415,2021-01,2021-01-01,2021,1,12.0,Ethiopia,ucdp_actor_metadata_fallback,1,0.6931471805599453,False,True,115738.0,3277.0,11.659092935035208,8.094988759303774,0.0,0.0,0.0,0.0,0.0,0.0,0.0,0.0,0.0,0.0,0.0,0.0,0.0,0.0,0.0,0.0,0.0,0.0,0.0,0.0,0.0,0.0,0.0,0.0,0.0,0.0,0.0,0.0,0.0,0.0,0.0,0.0,0.0,0.0,0.0,0.0,0.0,0.0,0.0,0.0,0.0,0.0,0.0,0.0,0.0,0.0,0.0,0.0,0.0,0.0,0.0,0.0,0.0
415,415,415,ELF,415,2021-02,2021-02-01,2021,2,13.0,Ethiopia,ucdp_actor_metadata_fallback,1,0.6931471805599453,False,True,3277.0,971.0,8.094988759303774,6.879355804460439,0.0,0.0,0.0,0.0,0.0,0.0,0.0,0.0,0.0,0.0,0.0,0.0,0.0,0.0,0.0,0.0,0.0,0.0,0.0,0.0,0.0,0.0,0.0,0.0,0.0,0.0,0.0,0.0,0.0,0.0,0.0,0.0,0.0,0.0,0.0,0.0,0.0,0.0,0.0,0.0,0.0,0.0,0.0,0.0,0.0,0.0,0.0,0.0,0.0,0.0,0.0,0.0,0.0
415,415,415,ELF,415,2021-03,2021-03-01,2021,3,14.0,Ethiopia,ucdp_actor_metadata_fallback,1,0.6931471805599453,False,True,971.0,2304.0,6.879355804460439,7.742835955430749,0.0,0.0,0.0,0.0,0.0,0.0,0.0,0.0,0.0,0.0,0.0,0.0,0.0,0.0,0.0,0.0,0.0,0.0,0.0,0.0,0.0,0.0,0.0,0.0,0.0,0.0,0.0,0.0,0.0,0.0,0.0,0.0,0.0,0.0,0.0,0.0,0.0,0.0,0.0,0.0,0.0,0.0,0.0,0.0,0.0,0.0,0.0,0.0,0.0,0.0,0.0,0.0,0.0
415,415,415,ELF,415,2021-04,2021-04-01,2021,4,15.0,Ethiopia,ucdp_actor_metadata_fallback,1,0.6931471805599453,False,True,2304.0,94.0,7.742835955430749,4.553876891600541,0.0,0.0,0.0,0.0,0.0,0.0,0.0,0.0,0.0,0.0,0.0,0.0,0.0,0.0,0.0,0.0,0.0,0.0,0.0,0.0,0.0,0.0,0.0,0.0,0.0,0.0,0.0,0.0,0.0,0.0,0.0,0.0,0.0,0.0,0.0,0.0,0.0,0.0,0.0,0.0,0.0,0.0,0.0,0.0,0.0,0.0,0.0,0.0,0.0,0.0,0.0,0.0,0.0
415,415,415,ELF,415,2021-05,2021-05-01,2021,5,16.0,Ethiopia,ucdp_actor_metadata_fallback,1,0.6931471805599453,False,True,94.0,2736.0,4.553876891600541,7.914617709040679,0.0,0.0,0.0,0.0,0.0,0.0,0.0,0.0,0.0,0.0,0.0,0.0,0.0,0.0,0.0,0.0,0.0,0.0,0.0,0.0,0.0,0.0,0.0,0.0,0.0,0.0,0.0,0.0,0.0,0.0,0.0,0.0,0.0,0.0,0.0,0.0,0.0,0.0,0.0,0.0,0.0,0.0,0.0,0.0,0.0,0.0,0.0,0.0,0.0,0.0,0.0,0.0,0.0
415,415,415,ELF,415,2021-06,2021-06-01,2021,6,17.0,Ethiopia,ucdp_actor_metadata_fallback,1,0.6931471805599453,False,True,2736.0,965.0,7.914617709040679,6.873163834212518,0.0,0.0,0.0,0.0,0.0,0.0,0.0,0.0,0.0,0.0,0.0,0.0,0.0,0.0,0.0,0.0,0.0,0.0,0.0,0.0,0.0,0.0,0.0,0.0,0.0,0.0,0.0,0.0,0.0,0.0,0.0,0.0,0.0,0.0,0.0,0.0,0.0,0.0,0.0,0.0,0.0,0.0,0.0,0.0,0.0,0.0,0.0,0.0,0.0,0.0,0.0,0.0,0.0
415,415,415,ELF,415,2021-07,2021-07-01,2021,7,18.0,Ethiopia,ucdp_actor_metadata_fallback,1,0.6931471805599453,False,True,965.0,829.0,6.873163834212518,6.721425700790643,1.0,1.0,1.0,1.0,0.0,1.0,0.0,0.0,0.0,0.0,0.0,0.0,0.0,0.0,0.0,0.0,0.0,1.0,0.0,0.0,0.0,0.0,1.0,0.6931471805599453,0.0,0.0,0.0,0.0,0.0,0.0,0.0,0.0,0.0,0.0,0.0,0.0,0.0,0.0,0.0,0.0,0.0,0.0,0.0,0.0,0.0,0.0,1.0,0.6931471805599453,0.0,0.0,0.0,0.0,0.6931471805599453
415,415,415,ELF,415,2021-08,2021-08-01,2021,8,19.0,Ethiopia,ucdp_actor_metadata_fallback,1,0.6931471805599453,False,True,829.0,231.0,6.721425700790643,5.44673737166631,0.0,0.0,0.0,0.0,0.0,0.0,0.0,0.0,0.0,0.0,0.0,0.0,0.0,0.0,0.0,0.0,0.0,0.0,0.0,0.0,0.0,0.0,0.0,0.0,0.0,0.0,0.0,0.0,0.0,0.0,0.0,0.0,0.0,0.0,0.0,0.0,0.0,0.0,0.0,0.0,0.0,0.0,0.0,0.0,0.0,0.0,0.0,0.0,0.0,0.0,0.0,0.0,0.0
415,415,415,ELF,415,2021-09,2021-09-01,2021,9,20.0,Ethiopia,ucdp_actor_metadata_fallback,1,0.6931471805599453,False,True,231.0,1268.0,5.44673737166631,7.1459844677143876,0.0,0.0,0.0,0.0,0.0,0.0,0.0,0.0,0.0,0.0,0.0,0.0,0.0,0.0,0.0,0.0,0.0,0.0,0.0,0.0,0.0,0.0,0.0,0.0,0.0,0.0,0.0,0.0,0.0,0.0,0.0,0.0,0.0,0.0,0.0,0.0,0.0,0.0,0.0,0.0,0.0,0.0,0.0,0.0,0.0,0.0,0.0,0.0,0.0,0.0,0.0,0.0,0.0
415,415,415,ELF,415,2021-10,2021-10-01,2021,10,21.0,Ethiopia,ucdp_actor_metadata_fallback,1,0.6931471805599453,False,True,1268.0,407.0,7.1459844677143876,6.0112671744041615,0.0,0.0,0.0,0.0,0.0,0.0,0.0,0.0,0.0,0.0,0.0,0.0,0.0,0.0,0.0,0.0,0.0,0.0,0.0,0.0,0.0,0.0,0.0,0.0,0.0,0.0,0.0,0.0,0.0,0.0,0.0,0.0,0.0,0.0,0.0,0.0,0.0,0.0,0.0,0.0,0.0,0.0,0.0,0.0,0.0,0.0,0.0,0.0,0.0,0.0,0.0,0.0,0.0
415,415,415,ELF,415,2021-11,2021-11-01,2021,11,22.0,Ethiopia,ucdp_actor_metadata_fallback,1,0.6931471805599453,False,True,407.0,696.0,6.0112671744041615,6.546785410760524,0.0,0.0,0.0,0.0,0.0,0.0,0.0,0.0,0.0,0.0,0.0,0.0,0.0,0.0,0.0,0.0,0.0,0.0,0.0,0.0,0.0,0.0,0.0,0.0,0.0,0.0,0.0,0.0,0.0,0.0,0.0,0.0,0.0,0.0,0.0,0.0,0.0,0.0,0.0,0.0,0.0,0.0,0.0,0.0,0.0,0.0,0.0,0.0,0.0,0.0,0.0,0.0,0.0
415,415,415,ELF,415,2021-12,2021-12-01,2021,12,23.0,Ethiopia,ucdp_actor_metadata_fallback,1,0.6931471805599453,False,True,696.0,249.0,6.546785410760524,5.521460917862246,0.0,0.0,0.0,0.0,0.0,0.0,0.0,0.0,0.0,0.0,0.0,0.0,0.0,0.0,0.0,0.0,0.0,0.0,0.0,0.0,0.0,0.0,0.0,0.0,0.0,0.0,0.0,0.0,0.0,0.0,0.0,0.0,0.0,0.0,0.0,0.0,0.0,0.0,0.0,0.0,0.0,0.0,0.0,0.0,0.0,0.0,0.0,0.0,0.0,0.0,0.0,0.0,0.0
415,415,415,ELF,415,2022-01,2022-01-01,2022,1,24.0,Ethiopia,ucdp_actor_metadata_fallback,1,0.6931471805599453,False,True,249.0,97.0,5.521460917862246,4.584967478670572,0.0,0.0,0.0,0.0,0.0,0.0,0.0,0.0,0.0,0.0,0.0,0.0,0.0,0.0,0.0,0.0,0.0,0.0,0.0,0.0,0.0,0.0,0.0,0.0,0.0,0.0,0.0,0.0,0.0,0.0,0.0,0.0,0.0,0.0,0.0,0.0,0.0,0.0,0.0,0.0,0.0,0.0,0.0,0.0,0.0,0.0,0.0,0.0,0.0,0.0,0.0,0.0,0.0
415,415,415,ELF,415,2022-02,2022-02-01,2022,2,25.0,Ethiopia,ucdp_actor_metadata_fallback,1,0.6931471805599453,False,True,97.0,89.0,4.584967478670572,4.499809670330265,0.0,0.0,0.0,0.0,0.0,0.0,0.0,0.0,0.0,0.0,0.0,0.0,0.0,0.0,0.0,0.0,0.0,0.0,0.0,0.0,0.0,0.0,0.0,0.0,0.0,0.0,0.0,0.0,0.0,0.0,0.0,0.0,0.0,0.0,0.0,0.0,0.0,0.0,0.0,0.0,0.0,0.0,0.0,0.0,0.0,0.0,0.0,0.0,0.0,0.0,0.0,0.0,0.0
415,415,415,ELF,415,2022-03,2022-03-01,2022,3,26.0,Ethiopia,ucdp_actor_metadata_fallback,1,0.6931471805599453,False,True,89.0,264.0,4.499809670330265,5.579729825986222,0.0,0.0,0.0,0.0,0.0,0.0,0.0,0.0,0.0,0.0,0.0,0.0,0.0,0.0,0.0,0.0,0.0,0.0,0.0,0.0,0.0,0.0,0.0,0.0,0.0,0.0,0.0,0.0,0.0,0.0,0.0,0.0,0.0,0.0,0.0,0.0,0.0,0.0,0.0,0.0,0.0,0.0,0.0,0.0,0.0,0.0,0.0,0.0,0.0,0.0,0.0,0.0,0.0
415,415,415,ELF,415,2022-04,2022-04-01,2022,4,27.0,Ethiopia,ucdp_actor_metadata_fallback,1,0.6931471805599453,False,True,264.0,91.0,5.579729825986222,4.5217885770490405,0.0,0.0,0.0,0.0,0.0,0.0,0.0,0.0,0.0,0.0,0.0,0.0,0.0,0.0,0.0,0.0,0.0,0.0,0.0,0.0,0.0,0.0,0.0,0.0,0.0,0.0,0.0,0.0,0.0,0.0,0.0,0.0,0.0,0.0,0.0,0.0,0.0,0.0,0.0,0.0,0.0,0.0,0.0,0.0,0.0,0.0,0.0,0.0,0.0,0.0,0.0,0.0,0.0
415,415,415,ELF,415,2022-05,2022-05-01,2022,5,28.0,Ethiopia,ucdp_actor_metadata_fallback,1,0.6931471805599453,False,True,91.0,243.0,4.5217885770490405,5.497168225293202,0.0,0.0,0.0,0.0,0.0,0.0,0.0,0.0,0.0,0.0,0.0,0.0,0.0,0.0,0.0,0.0,0.0,0.0,0.0,0.0,0.0,0.0,0.0,0.0,0.0,0.0,0.0,0.0,0.0,0.0,0.0,0.0,0.0,0.0,0.0,0.0,0.0,0.0,0.0,0.0,0.0,0.0,0.0,0.0,0.0,0.0,0.0,0.0,0.0,0.0,0.0,0.0,0.0
415,415,415,ELF,415,2022-06,2022-06-01,2022,6,29.0,Ethiopia,ucdp_actor_metadata_fallback,1,0.6931471805599453,False,True,243.0,66.0,5.497168225293202,4.204692619390966,0.0,0.0,0.0,0.0,0.0,0.0,0.0,0.0,0.0,0.0,0.0,0.0,0.0,0.0,0.0,0.0,0.0,0.0,0.0,0.0,0.0,0.0,0.0,0.0,0.0,0.0,0.0,0.0,0.0,0.0,0.0,0.0,0.0,0.0,0.0,0.0,0.0,0.0,0.0,0.0,0.0,0.0,0.0,0.0,0.0,0.0,0.0,0.0,0.0,0.0,0.0,0.0,0.0
415,415,415,ELF,415,2022-07,2022-07-01,2022,7,30.0,Ethiopia,ucdp_actor_metadata_fallback,1,0.6931471805599453,False,True,66.0,159566.0,4.204692619390966,11.980219175701325,0.0,0.0,0.0,0.0,0.0,0.0,0.0,0.0,0.0,0.0,0.0,0.0,0.0,0.0,0.0,0.0,0.0,0.0,0.0,0.0,0.0,0.0,0.0,0.0,0.0,0.0,0.0,0.0,0.0,0.0,0.0,0.0,0.0,0.0,0.0,0.0,0.0,0.0,0.0,0.0,0.0,0.0,0.0,0.0,0.0,0.0,0.0,0.0,0.0,0.0,0.0,0.0,0.0
415,415,415,ELF,415,2022-08,2022-08-01,2022,8,31.0,Ethiopia,ucdp_actor_metadata_fallback,1,0.6931471805599453,False,True,159566.0,2366.0,11.980219175701325,7.769378609513984,0.0,0.0,0.0,0.0,0.0,0.0,0.0,0.0,0.0,0.0,0.0,0.0,0.0,0.0,0.0,0.0,0.0,0.0,0.0,0.0,0.0,0.0,0.0,0.0,0.0,0.0,0.0,0.0,0.0,0.0,0.0,0.0,0.0,0.0,0.0,0.0,0.0,0.0,0.0,0.0,0.0,0.0,0.0,0.0,0.0,0.0,0.0,0.0,0.0,0.0,0.0,0.0,0.0
415,415,415,ELF,415,2022-09,2022-09-01,2022,9,32.0,Ethiopia,ucdp_actor_metadata_fallback,1,0.6931471805599453,False,True,2366.0,1094.0,7.769378609513984,6.9985096422506015,0.0,0.0,0.0,0.0,0.0,0.0,0.0,0.0,0.0,0.0,0.0,0.0,0.0,0.0,0.0,0.0,0.0,0.0,0.0,0.0,0.0,0.0,0.0,0.0,0.0,0.0,0.0,0.0,0.0,0.0,0.0,0.0,0.0,0.0,0.0,0.0,0.0,0.0,0.0,0.0,0.0,0.0,0.0,0.0,0.0,0.0,0.0,0.0,0.0,0.0,0.0,0.0,0.0
415,415,415,ELF,415,2022-10,2022-10-01,2022,10,33.0,Ethiopia,ucdp_actor_metadata_fallback,1,0.6931471805599453,False,True,1094.0,874.0,6.9985096422506015,6.774223886357614,0.0,0.0,0.0,0.0,0.0,0.0,0.0,0.0,0.0,0.0,0.0,0.0,0.0,0.0,0.0,0.0,0.0,0.0,0.0,0.0,0.0,0.0,0.0,0.0,0.0,0.0,0.0,0.0,0.0,0.0,0.0,0.0,0.0,0.0,0.0,0.0,0.0,0.0,0.0,0.0,0.0,0.0,0.0,0.0,0.0,0.0,0.0,0.0,0.0,0.0,0.0,0.0,0.0
415,415,415,ELF,415,2022-11,2022-11-01,2022,11,34.0,Ethiopia,ucdp_actor_metadata_fallback,1,0.6931471805599453,False,True,874.0,26.0,6.774223886357614,3.295836866004329,0.0,0.0,0.0,0.0,0.0,0.0,0.0,0.0,0.0,0.0,0.0,0.0,0.0,0.0,0.0,0.0,0.0,0.0,0.0,0.0,0.0,0.0,0.0,0.0,0.0,0.0,0.0,0.0,0.0,0.0,0.0,0.0,0.0,0.0,0.0,0.0,0.0,0.0,0.0,0.0,0.0,0.0,0.0,0.0,0.0,0.0,0.0,0.0,0.0,0.0,0.0,0.0,0.0
415,415,415,ELF,415,2022-12,2022-12-01,2022,12,35.0,Ethiopia,ucdp_actor_metadata_fallback,1,0.6931471805599453,False,True,26.0,113.0,3.295836866004329,4.736198448394496,0.0,0.0,0.0,0.0,0.0,0.0,0.0,0.0,0.0,0.0,0.0,0.0,0.0,0.0,0.0,0.0,0.0,0.0,0.0,0.0,0.0,0.0,0.0,0.0,0.0,0.0,0.0,0.0,0.0,0.0,0.0,0.0,0.0,0.0,0.0,0.0,0.0,0.0,0.0,0.0,0.0,0.0,0.0,0.0,0.0,0.0,0.0,0.0,0.0,0.0,0.0,0.0,0.0
415,415,415,ELF,415,2023-01,2023-01-01,2023,1,36.0,Ethiopia,ucdp_actor_metadata_fallback,1,0.6931471805599453,False,True,113.0,74.0,4.736198448394496,4.31748811353631,0.0,0.0,0.0,0.0,0.0,0.0,0.0,0.0,0.0,0.0,0.0,0.0,0.0,0.0,0.0,0.0,0.0,0.0,0.0,0.0,0.0,0.0,0.0,0.0,0.0,0.0,0.0,0.0,0.0,0.0,0.0,0.0,0.0,0.0,0.0,0.0,0.0,0.0,0.0,0.0,0.0,0.0,0.0,0.0,0.0,0.0,0.0,0.0,0.0,0.0,0.0,0.0,0.0
415,415,415,ELF,415,2023-02,2023-02-01,2023,2,37.0,Ethiopia,ucdp_actor_metadata_fallback,1,0.6931471805599453,False,True,74.0,28.0,4.31748811353631,3.367295829986474,0.0,0.0,0.0,0.0,0.0,0.0,0.0,0.0,0.0,0.0,0.0,0.0,0.0,0.0,0.0,0.0,0.0,0.0,0.0,0.0,0.0,0.0,0.0,0.0,0.0,0.0,0.0,0.0,0.0,0.0,0.0,0.0,0.0,0.0,0.0,0.0,0.0,0.0,0.0,0.0,0.0,0.0,0.0,0.0,0.0,0.0,0.0,0.0,0.0,0.0,0.0,0.0,0.0
415,415,415,ELF,415,2023-03,2023-03-01,2023,3,38.0,Ethiopia,ucdp_actor_metadata_fallback,1,0.6931471805599453,False,True,28.0,9.0,3.367295829986474,2.302585092994046,0.0,0.0,0.0,0.0,0.0,0.0,0.0,0.0,0.0,0.0,0.0,0.0,0.0,0.0,0.0,0.0,0.0,0.0,0.0,0.0,0.0,0.0,0.0,0.0,0.0,0.0,0.0,0.0,0.0,0.0,0.0,0.0,0.0,0.0,0.0,0.0,0.0,0.0,0.0,0.0,0.0,0.0,0.0,0.0,0.0,0.0,0.0,0.0,0.0,0.0,0.0,0.0,0.0
415,415,415,ELF,415,2023-04,2023-04-01,2023,4,39.0,Ethiopia,ucdp_actor_metadata_fallback,1,0.6931471805599453,False,True,9.0,127.0,2.302585092994046,4.852030263919617,0.0,0.0,0.0,0.0,0.0,0.0,0.0,0.0,0.0,0.0,0.0,0.0,0.0,0.0,0.0,0.0,0.0,0.0,0.0,0.0,0.0,0.0,0.0,0.0,0.0,0.0,0.0,0.0,0.0,0.0,0.0,0.0,0.0,0.0,0.0,0.0,0.0,0.0,0.0,0.0,0.0,0.0,0.0,0.0,0.0,0.0,0.0,0.0,0.0,0.0,0.0,0.0,0.0
415,415,415,ELF,415,2023-05,2023-05-01,2023,5,40.0,Ethiopia,ucdp_actor_metadata_fallback,1,0.6931471805599453,False,True,127.0,97.0,4.852030263919617,4.584967478670572,0.0,0.0,0.0,0.0,0.0,0.0,0.0,0.0,0.0,0.0,0.0,0.0,0.0,0.0,0.0,0.0,0.0,0.0,0.0,0.0,0.0,0.0,0.0,0.0,0.0,0.0,0.0,0.0,0.0,0.0,0.0,0.0,0.0,0.0,0.0,0.0,0.0,0.0,0.0,0.0,0.0,0.0,0.0,0.0,0.0,0.0,0.0,0.0,0.0,0.0,0.0,0.0,0.0
415,415,415,ELF,415,2023-06,2023-06-01,2023,6,41.0,Ethiopia,ucdp_actor_metadata_fallback,1,0.6931471805599453,False,True,97.0,221.0,4.584967478670572,5.402677381872279,0.0,0.0,0.0,0.0,0.0,0.0,0.0,0.0,0.0,0.0,0.0,0.0,0.0,0.0,0.0,0.0,0.0,0.0,0.0,0.0,0.0,0.0,0.0,0.0,0.0,0.0,0.0,0.0,0.0,0.0,0.0,0.0,0.0,0.0,0.0,0.0,0.0,0.0,0.0,0.0,0.0,0.0,0.0,0.0,0.0,0.0,0.0,0.0,0.0,0.0,0.0,0.0,0.0
415,415,415,ELF,415,2023-07,2023-07-01,2023,7,42.0,Ethiopia,ucdp_actor_metadata_fallback,1,0.6931471805599453,False,True,221.0,472.0,5.402677381872279,6.159095388491933,0.0,0.0,0.0,0.0,0.0,0.0,0.0,0.0,0.0,0.0,0.0,0.0,0.0,0.0,0.0,0.0,0.0,0.0,0.0,0.0,0.0,0.0,0.0,0.0,0.0,0.0,0.0,0.0,0.0,0.0,0.0,0.0,0.0,0.0,0.0,0.0,0.0,0.0,0.0,0.0,0.0,0.0,0.0,0.0,0.0,0.0,0.0,0.0,0.0,0.0,0.0,0.0,0.0
415,415,415,ELF,415,2023-08,2023-08-01,2023,8,43.0,Ethiopia,ucdp_actor_metadata_fallback,1,0.6931471805599453,False,True,472.0,322.0,6.159095388491933,5.777652323222656,0.0,0.0,0.0,0.0,0.0,0.0,0.0,0.0,0.0,0.0,0.0,0.0,0.0,0.0,0.0,0.0,0.0,0.0,0.0,0.0,0.0,0.0,0.0,0.0,0.0,0.0,0.0,0.0,0.0,0.0,0.0,0.0,0.0,0.0,0.0,0.0,0.0,0.0,0.0,0.0,0.0,0.0,0.0,0.0,0.0,0.0,0.0,0.0,0.0,0.0,0.0,0.0,0.0
415,415,415,ELF,415,2023-09,2023-09-01,2023,9,44.0,Ethiopia,ucdp_actor_metadata_fallback,1,0.6931471805599453,False,True,322.0,196.0,5.777652323222656,5.2832037287379885,0.0,0.0,0.0,0.0,0.0,0.0,0.0,0.0,0.0,0.0,0.0,0.0,0.0,0.0,0.0,0.0,0.0,0.0,0.0,0.0,0.0,0.0,0.0,0.0,0.0,0.0,0.0,0.0,0.0,0.0,0.0,0.0,0.0,0.0,0.0,0.0,0.0,0.0,0.0,0.0,0.0,0.0,0.0,0.0,0.0,0.0,0.0,0.0,0.0,0.0,0.0,0.0,0.0
415,415,415,ELF,415,2023-10,2023-10-01,2023,10,45.0,Ethiopia,ucdp_actor_metadata_fallback,1,0.6931471805599453,False,True,196.0,480.0,5.2832037287379885,6.175867270105761,0.0,0.0,0.0,0.0,0.0,0.0,0.0,0.0,0.0,0.0,0.0,0.0,0.0,0.0,0.0,0.0,0.0,0.0,0.0,0.0,0.0,0.0,0.0,0.0,0.0,0.0,0.0,0.0,0.0,0.0,0.0,0.0,0.0,0.0,0.0,0.0,0.0,0.0,0.0,0.0,0.0,0.0,0.0,0.0,0.0,0.0,0.0,0.0,0.0,0.0,0.0,0.0,0.0
415,415,415,ELF,415,2023-11,2023-11-01,2023,11,46.0,Ethiopia,ucdp_actor_metadata_fallback,1,0.6931471805599453,False,True,480.0,244.0,6.175867270105761,5.501258210544727,0.0,0.0,0.0,0.0,0.0,0.0,0.0,0.0,0.0,0.0,0.0,0.0,0.0,0.0,0.0,0.0,0.0,0.0,0.0,0.0,0.0,0.0,0.0,0.0,0.0,0.0,0.0,0.0,0.0,0.0,0.0,0.0,0.0,0.0,0.0,0.0,0.0,0.0,0.0,0.0,0.0,0.0,0.0,0.0,0.0,0.0,0.0,0.0,0.0,0.0,0.0,0.0,0.0
415,415,415,ELF,415,2023-12,2023-12-01,2023,12,47.0,Ethiopia,ucdp_actor_metadata_fallback,1,0.6931471805599453,False,True,244.0,260.0,5.501258210544727,5.564520407322694,0.0,0.0,0.0,0.0,0.0,0.0,0.0,0.0,0.0,0.0,0.0,0.0,0.0,0.0,0.0,0.0,0.0,0.0,0.0,0.0,0.0,0.0,0.0,0.0,0.0,0.0,0.0,0.0,0.0,0.0,0.0,0.0,0.0,0.0,0.0,0.0,0.0,0.0,0.0,0.0,0.0,0.0,0.0,0.0,0.0,0.0,0.0,0.0,0.0,0.0,0.0,0.0,0.0
415,415,415,ELF,415,2024-01,2024-01-01,2024,1,48.0,Ethiopia,ucdp_actor_metadata_fallback,1,0.6931471805599453,False,True,260.0,1207.0,5.564520407322694,7.0967213784947605,0.0,0.0,0.0,0.0,0.0,0.0,0.0,0.0,0.0,0.0,0.0,0.0,0.0,0.0,0.0,0.0,0.0,0.0,0.0,0.0,0.0,0.0,0.0,0.0,0.0,0.0,0.0,0.0,0.0,0.0,0.0,0.0,0.0,0.0,0.0,0.0,0.0,0.0,0.0,0.0,0.0,0.0,0.0,0.0,0.0,0.0,0.0,0.0,0.0,0.0,0.0,0.0,0.0
415,415,415,ELF,415,2024-02,2024-02-01,2024,2,49.0,Ethiopia,ucdp_actor_metadata_fallback,1,0.6931471805599453,False,True,1207.0,259.0,7.0967213784947605,5.560681631015528,0.0,0.0,0.0,0.0,0.0,0.0,0.0,0.0,0.0,0.0,0.0,0.0,0.0,0.0,0.0,0.0,0.0,0.0,0.0,0.0,0.0,0.0,0.0,0.0,0.0,0.0,0.0,0.0,0.0,0.0,0.0,0.0,0.0,0.0,0.0,0.0,0.0,0.0,0.0,0.0,0.0,0.0,0.0,0.0,0.0,0.0,0.0,0.0,0.0,0.0,0.0,0.0,0.0
415,415,415,ELF,415,2024-03,2024-03-01,2024,3,50.0,Ethiopia,ucdp_actor_metadata_fallback,1,0.6931471805599453,False,True,259.0,260.0,5.560681631015528,5.564520407322694,0.0,0.0,0.0,0.0,0.0,0.0,0.0,0.0,0.0,0.0,0.0,0.0,0.0,0.0,0.0,0.0,0.0,0.0,0.0,0.0,0.0,0.0,0.0,0.0,0.0,0.0,0.0,0.0,0.0,0.0,0.0,0.0,0.0,0.0,0.0,0.0,0.0,0.0,0.0,0.0,0.0,0.0,0.0,0.0,0.0,0.0,0.0,0.0,0.0,0.0,0.0,0.0,0.0
415,415,415,ELF,415,2024-04,2024-04-01,2024,4,51.0,Ethiopia,ucdp_actor_metadata_fallback,1,0.6931471805599453,False,True,260.0,104.0,5.564520407322694,4.653960350157523,0.0,0.0,0.0,0.0,0.0,0.0,0.0,0.0,0.0,0.0,0.0,0.0,0.0,0.0,0.0,0.0,0.0,0.0,0.0,0.0,0.0,0.0,0.0,0.0,0.0,0.0,0.0,0.0,0.0,0.0,0.0,0.0,0.0,0.0,0.0,0.0,0.0,0.0,0.0,0.0,0.0,0.0,0.0,0.0,0.0,0.0,0.0,0.0,0.0,0.0,0.0,0.0,0.0
415,415,415,ELF,415,2024-05,2024-05-01,2024,5,52.0,Ethiopia,ucdp_actor_metadata_fallback,1,0.6931471805599453,False,True,104.0,335.0,4.653960350157523,5.817111159963204,0.0,0.0,0.0,0.0,0.0,0.0,0.0,0.0,0.0,0.0,0.0,0.0,0.0,0.0,0.0,0.0,0.0,0.0,0.0,0.0,0.0,0.0,0.0,0.0,0.0,0.0,0.0,0.0,0.0,0.0,0.0,0.0,0.0,0.0,0.0,0.0,0.0,0.0,0.0,0.0,0.0,0.0,0.0,0.0,0.0,0.0,0.0,0.0,0.0,0.0,0.0,0.0,0.0
415,415,415,ELF,415,2024-06,2024-06-01,2024,6,53.0,Ethiopia,ucdp_actor_metadata_fallback,1,0.6931471805599453,False,True,335.0,241.0,5.817111159963204,5.488937726156687,0.0,0.0,0.0,0.0,0.0,0.0,0.0,0.0,0.0,0.0,0.0,0.0,0.0,0.0,0.0,0.0,0.0,0.0,0.0,0.0,0.0,0.0,0.0,0.0,0.0,0.0,0.0,0.0,0.0,0.0,0.0,0.0,0.0,0.0,0.0,0.0,0.0,0.0,0.0,0.0,0.0,0.0,0.0,0.0,0.0,0.0,0.0,0.0,0.0,0.0,0.0,0.0,0.0
415,415,415,ELF,415,2024-07,2024-07-01,2024,7,54.0,Ethiopia,ucdp_actor_metadata_fallback,1,0.6931471805599453,False,True,241.0,231.0,5.488937726156687,5.44673737166631,0.0,0.0,0.0,0.0,0.0,0.0,0.0,0.0,0.0,0.0,0.0,0.0,0.0,0.0,0.0,0.0,0.0,0.0,0.0,0.0,0.0,0.0,0.0,0.0,0.0,0.0,0.0,0.0,0.0,0.0,0.0,0.0,0.0,0.0,0.0,0.0,0.0,0.0,0.0,0.0,0.0,0.0,0.0,0.0,0.0,0.0,0.0,0.0,0.0,0.0,0.0,0.0,0.0
415,415,415,ELF,415,2024-08,2024-08-01,2024,8,55.0,Ethiopia,ucdp_actor_metadata_fallback,1,0.6931471805599453,False,True,231.0,311.0,5.44673737166631,5.7430031878094825,0.0,0.0,0.0,0.0,0.0,0.0,0.0,0.0,0.0,0.0,0.0,0.0,0.0,0.0,0.0,0.0,0.0,0.0,0.0,0.0,0.0,0.0,0.0,0.0,0.0,0.0,0.0,0.0,0.0,0.0,0.0,0.0,0.0,0.0,0.0,0.0,0.0,0.0,0.0,0.0,0.0,0.0,0.0,0.0,0.0,0.0,0.0,0.0,0.0,0.0,0.0,0.0,0.0
415,415,415,ELF,415,2024-09,2024-09-01,2024,9,56.0,Ethiopia,ucdp_actor_metadata_fallback,1,0.6931471805599453,False,True,311.0,479.0,5.7430031878094825,6.173786103901937,0.0,0.0,0.0,0.0,0.0,0.0,0.0,0.0,0.0,0.0,0.0,0.0,0.0,0.0,0.0,0.0,0.0,0.0,0.0,0.0,0.0,0.0,0.0,0.0,0.0,0.0,0.0,0.0,0.0,0.0,0.0,0.0,0.0,0.0,0.0,0.0,0.0,0.0,0.0,0.0,0.0,0.0,0.0,0.0,0.0,0.0,0.0,0.0,0.0,0.0,0.0,0.0,0.0
415,415,415,ELF,415,2024-10,2024-10-01,2024,10,57.0,Ethiopia,ucdp_actor_metadata_fallback,1,0.6931471805599453,False,True,479.0,289.0,6.173786103901937,5.66988092298052,0.0,0.0,0.0,0.0,0.0,0.0,0.0,0.0,0.0,0.0,0.0,0.0,0.0,0.0,0.0,0.0,0.0,0.0,0.0,0.0,0.0,0.0,0.0,0.0,0.0,0.0,0.0,0.0,0.0,0.0,0.0,0.0,0.0,0.0,0.0,0.0,0.0,0.0,0.0,0.0,0.0,0.0,0.0,0.0,0.0,0.0,0.0,0.0,0.0,0.0,0.0,0.0,0.0
415,415,415,ELF,415,2024-11,2024-11-01,2024,11,58.0,Ethiopia,ucdp_actor_metadata_fallback,1,0.6931471805599453,False,True,289.0,183.0,5.66988092298052,5.214935757608986,0.0,0.0,0.0,0.0,0.0,0.0,0.0,0.0,0.0,0.0,0.0,0.0,0.0,0.0,0.0,0.0,0.0,0.0,0.0,0.0,0.0,0.0,0.0,0.0,0.0,0.0,0.0,0.0,0.0,0.0,0.0,0.0,0.0,0.0,0.0,0.0,0.0,0.0,0.0,0.0,0.0,0.0,0.0,0.0,0.0,0.0,0.0,0.0,0.0,0.0,0.0,0.0,0.0
415,415,415,ELF,415,2024-12,2024-12-01,2024,12,59.0,Ethiopia,ucdp_actor_metadata_fallback,1,0.6931471805599453,False,True,183.0,412.0,5.214935757608986,6.023447592961033,0.0,0.0,0.0,0.0,0.0,0.0,0.0,0.0,0.0,0.0,0.0,0.0,0.0,0.0,0.0,0.0,0.0,0.0,0.0,0.0,0.0,0.0,0.0,0.0,0.0,0.0,0.0,0.0,0.0,0.0,0.0,0.0,0.0,0.0,0.0,0.0,0.0,0.0,0.0,0.0,0.0,0.0,0.0,0.0,0.0,0.0,0.0,0.0,0.0,0.0,0.0,0.0,0.0
415,415,415,ELF,415,2025-01,2025-01-01,2025,1,60.0,Ethiopia,ucdp_actor_metadata_fallback,1,0.6931471805599453,False,True,412.0,153.0,6.023447592961033,5.0369526024136295,0.0,0.0,0.0,0.0,0.0,0.0,0.0,0.0,0.0,0.0,0.0,0.0,0.0,0.0,0.0,0.0,0.0,0.0,0.0,0.0,0.0,0.0,0.0,0.0,0.0,0.0,0.0,0.0,0.0,0.0,0.0,0.0,0.0,0.0,0.0,0.0,0.0,0.0,0.0,0.0,0.0,0.0,0.0,0.0,0.0,0.0,0.0,0.0,0.0,0.0,0.0,0.0,0.0
415,415,415,ELF,415,2025-02,2025-02-01,2025,2,61.0,Ethiopia,ucdp_actor_metadata_fallback,1,0.6931471805599453,False,True,153.0,631.0,5.0369526024136295,6.448889394146858,0.0,0.0,0.0,0.0,0.0,0.0,0.0,0.0,0.0,0.0,0.0,0.0,0.0,0.0,0.0,0.0,0.0,0.0,0.0,0.0,0.0,0.0,0.0,0.0,0.0,0.0,0.0,0.0,0.0,0.0,0.0,0.0,0.0,0.0,0.0,0.0,0.0,0.0,0.0,0.0,0.0,0.0,0.0,0.0,0.0,0.0,0.0,0.0,0.0,0.0,0.0,0.0,0.0
415,415,415,ELF,415,2025-03,2025-03-01,2025,3,62.0,Ethiopia,ucdp_actor_metadata_fallback,1,0.6931471805599453,False,True,631.0,631.0,6.448889394146858,6.448889394146858,0.0,0.0,0.0,0.0,0.0,0.0,0.0,0.0,0.0,0.0,0.0,0.0,0.0,0.0,0.0,0.0,0.0,0.0,0.0,0.0,0.0,0.0,0.0,0.0,0.0,0.0,0.0,0.0,0.0,0.0,0.0,0.0,0.0,0.0,0.0,0.0,0.0,0.0,0.0,0.0,0.0,0.0,0.0,0.0,0.0,0.0,0.0,0.0,0.0,0.0,0.0,0.0,0.0
415,415,415,ELF,415,2025-04,2025-04-01,2025,4,63.0,Ethiopia,ucdp_actor_metadata_fallback,1,0.6931471805599453,False,True,631.0,266.0,6.448889394146858,5.58724865840025,0.0,0.0,0.0,0.0,0.0,0.0,0.0,0.0,0.0,0.0,0.0,0.0,0.0,0.0,0.0,0.0,0.0,0.0,0.0,0.0,0.0,0.0,0.0,0.0,0.0,0.0,0.0,0.0,0.0,0.0,0.0,0.0,0.0,0.0,0.0,0.0,0.0,0.0,0.0,0.0,0.0,0.0,0.0,0.0,0.0,0.0,0.0,0.0,0.0,0.0,0.0,0.0,0.0
415,415,415,ELF,415,2025-05,2025-05-01,2025,5,64.0,Ethiopia,ucdp_actor_metadata_fallback,1,0.6931471805599453,False,True,266.0,323.0,5.58724865840025,5.780743515792329,0.0,0.0,0.0,0.0,0.0,0.0,0.0,0.0,0.0,0.0,0.0,0.0,0.0,0.0,0.0,0.0,0.0,0.0,0.0,0.0,0.0,0.0,0.0,0.0,0.0,0.0,0.0,0.0,0.0,0.0,0.0,0.0,0.0,0.0,0.0,0.0,0.0,0.0,0.0,0.0,0.0,0.0,0.0,0.0,0.0,0.0,0.0,0.0,0.0,0.0,0.0,0.0,0.0
415,415,415,ELF,415,2025-06,2025-06-01,2025,6,65.0,Ethiopia,ucdp_actor_metadata_fallback,1,0.6931471805599453,False,True,323.0,245.0,5.780743515792329,5.5053315359323625,0.0,0.0,0.0,0.0,0.0,0.0,0.0,0.0,0.0,0.0,0.0,0.0,0.0,0.0,0.0,0.0,0.0,0.0,0.0,0.0,0.0,0.0,0.0,0.0,0.0,0.0,0.0,0.0,0.0,0.0,0.0,0.0,0.0,0.0,0.0,0.0,0.0,0.0,0.0,0.0,0.0,0.0,0.0,0.0,0.0,0.0,0.0,0.0,0.0,0.0,0.0,0.0,0.0
415,415,415,ELF,415,2025-07,2025-07-01,2025,7,66.0,Ethiopia,ucdp_actor_metadata_fallback,1,0.6931471805599453,False,True,245.0,308.0,5.5053315359323625,5.733341276897746,0.0,0.0,0.0,0.0,0.0,0.0,0.0,0.0,0.0,0.0,0.0,0.0,0.0,0.0,0.0,0.0,0.0,0.0,0.0,0.0,0.0,0.0,0.0,0.0,0.0,0.0,0.0,0.0,0.0,0.0,0.0,0.0,0.0,0.0,0.0,0.0,0.0,0.0,0.0,0.0,0.0,0.0,0.0,0.0,0.0,0.0,0.0,0.0,0.0,0.0,0.0,0.0,0.0
415,415,415,ELF,415,2025-08,2025-08-01,2025,8,67.0,Ethiopia,ucdp_actor_metadata_fallback,1,0.6931471805599453,False,True,308.0,706.0,5.733341276897746,6.561030665896573,0.0,0.0,0.0,0.0,0.0,0.0,0.0,0.0,0.0,0.0,0.0,0.0,0.0,0.0,0.0,0.0,0.0,0.0,0.0,0.0,0.0,0.0,0.0,0.0,0.0,0.0,0.0,0.0,0.0,0.0,0.0,0.0,0.0,0.0,0.0,0.0,0.0,0.0,0.0,0.0,0.0,0.0,0.0,0.0,0.0,0.0,0.0,0.0,0.0,0.0,0.0,0.0,0.0
415,415,415,ELF,415,2025-09,2025-09-01,2025,9,68.0,Ethiopia,ucdp_actor_metadata_fallback,1,0.6931471805599453,False,True,706.0,557.0,6.561030665896573,6.324358962381311,0.0,0.0,0.0,0.0,0.0,0.0,0.0,0.0,0.0,0.0,0.0,0.0,0.0,0.0,0.0,0.0,0.0,0.0,0.0,0.0,0.0,0.0,0.0,0.0,0.0,0.0,0.0,0.0,0.0,0.0,0.0,0.0,0.0,0.0,0.0,0.0,0.0,0.0,0.0,0.0,0.0,0.0,0.0,0.0,0.0,0.0,0.0,0.0,0.0,0.0,0.0,0.0,0.0
415,415,415,ELF,415,2025-10,2025-10-01,2025,10,69.0,Ethiopia,ucdp_actor_metadata_fallback,1,0.6931471805599453,False,True,557.0,865.0,6.324358962381311,6.763884908562435,0.0,0.0,0.0,0.0,0.0,0.0,0.0,0.0,0.0,0.0,0.0,0.0,0.0,0.0,0.0,0.0,0.0,0.0,0.0,0.0,0.0,0.0,0.0,0.0,0.0,0.0,0.0,0.0,0.0,0.0,0.0,0.0,0.0,0.0,0.0,0.0,0.0,0.0,0.0,0.0,0.0,0.0,0.0,0.0,0.0,0.0,0.0,0.0,0.0,0.0,0.0,0.0,0.0
415,415,415,ELF,415,2025-11,2025-11-01,2025,11,70.0,Ethiopia,ucdp_actor_metadata_fallback,1,0.6931471805599453,False,True,865.0,361.0,6.763884908562435,5.8916442118257715,1.0,1.0,1.0,1.0,0.0,1.0,1.0,1.0,1.0,0.0,1.0,0.0,0.0,0.0,0.0,0.0,0.0,0.0,0.0,0.0,0.0,0.0,1.0,0.6931471805599453,1.0,0.6931471805599453,1.0,0.6931471805599453,1.0,0.6931471805599453,0.0,0.0,1.0,0.6931471805599453,0.0,0.0,0.0,0.0,0.0,0.0,0.0,0.0,0.0,0.0,0.0,0.0,0.0,0.0,0.0,0.0,0.0,0.0,0.6931471805599453
415,415,415,ELF,415,2025-12,2025-12-01,2025,12,71.0,Ethiopia,ucdp_actor_metadata_fallback,1,0.6931471805599453,False,False,361.0,,5.8916442118257715,,0.0,0.0,0.0,0.0,0.0,0.0,0.0,0.0,0.0,0.0,0.0,0.0,0.0,0.0,0.0,0.0,0.0,0.0,0.0,0.0,0.0,0.0,0.0,0.0,0.0,0.0,0.0,0.0,0.0,0.0,0.0,0.0,0.0,0.0,0.0,0.0,0.0,0.0,0.0,0.0,0.0,0.0,0.0,0.0,0.0,0.0,0.0,0.0,0.0,0.0,0.0,0.0,0.0
group:farc_bloc,743,743; 7974; 8468; 8469; 8478,FARC / FARC dissidents,group:farc_bloc,2020-01,2020-01-01,2020,1,0.0,Colombia; Ecuador,ged_rolling_24m,2,1.0986122886681098,False,True,14.0,12.0,2.70805020110221,2.5649493574615367,64.0,64.0,64.0,1.0,49.0,62.0,54.0,59.0,27.0,0.0,22.0,6.0,2.0,0.0,2.0,4.0,0.0,28.0,0.0,0.0,0.765625,3.912023005428146,0.96875,4.143134726391533,0.84375,4.007333185232471,0.921875,4.0943445622221,0.421875,3.332204510175204,0.0,0.0,0.34375,3.1354942159291497,0.09375,1.9459101490553132,0.03125,1.0986122886681098,0.0,0.0,0.03125,1.0986122886681098,0.0625,1.6094379124341003,0.0,0.0,0.4375,3.367295829986474,0.0,0.0,0.0,0.0,4.174387269895637
group:farc_bloc,743,743; 7974; 8468; 8469; 8478,FARC / FARC dissidents,group:farc_bloc,2020-02,2020-02-01,2020,2,1.0,Colombia; Ecuador; Peru,ged_rolling_24m,3,1.3862943611198906,False,True,17.0,3.0,2.8903717578961645,1.3862943611198906,32.0,32.0,32.0,1.0,26.0,29.0,25.0,29.0,9.0,0.0,6.0,2.0,1.0,0.0,3.0,0.0,0.0,17.0,3.0,0.0,0.8125,3.295836866004329,0.90625,3.4011973816621555,0.78125,3.258096538021482,0.90625,3.4011973816621555,0.28125,2.302585092994046,0.0,0.0,0.1875,1.9459101490553132,0.0625,1.0986122886681098,0.03125,0.6931471805599453,0.0,0.0,0.09375,1.3862943611198906,0.0,0.0,0.0,0.0,0.53125,2.8903717578961645,0.09375,1.3862943611198906,0.0,0.0,3.4965075614664802
group:farc_bloc,743,743; 7974; 8468; 8469; 8478,FARC / FARC dissidents,group:farc_bloc,2020-03,2020-03-01,2020,3,2.0,Colombia; Ecuador; Peru,ged_rolling_24m,3,1.3862943611198906,False,True,3.0,18.0,1.3862943611198906,2.9444389791664403,35.0,35.0,35.0,1.0,23.0,32.0,25.0,30.0,12.0,0.0,4.0,8.0,2.0,0.0,3.0,0.0,0.0,18.0,0.0,0.0,0.6571428571428571,3.1780538303479458,0.9142857142857143,3.4965075614664802,0.7142857142857143,3.258096538021482,0.8571428571428571,3.4339872044851463,0.34285714285714286,2.5649493574615367,0.0,0.0,0.11428571428571428,1.6094379124341003,0.22857142857142856,2.1972245773362196,0.05714285714285714,1.0986122886681098,0.0,0.0,0.08571428571428572,1.3862943611198906,0.0,0.0,0.0,0.0,0.5142857142857142,2.9444389791664403,0.0,0.0,0.0,0.0,3.58351893845611
group:farc_bloc,743,743; 7974; 8468; 8469; 8478,FARC / FARC dissidents,group:farc_bloc,2020-04,2020-04-01,2020,4,3.0,Colombia; Ecuador; Peru,ged_rolling_24m,3,1.3862943611198906,False,True,18.0,21.0,2.9444389791664403,3.091042453358316,27.0,27.0,27.0,1.0,20.0,23.0,24.0,22.0,10.0,0.0,12.0,6.0,0.0,0.0,4.0,1.0,0.0,4.0,0.0,0.0,0.7407407407407407,3.044522437723423,0.8518518518518519,3.1780538303479458,0.8888888888888888,3.2188758248682006,0.8148148148148148,3.1354942159291497,0.37037037037037035,2.3978952727983707,0.0,0.0,0.4444444444444444,2.5649493574615367,0.2222222222222222,1.9459101490553132,0.0,0.0,0.0,0.0,0.14814814814814814,1.6094379124341003,0.037037037037037035,0.6931471805599453,0.0,0.0,0.14814814814814814,1.6094379124341003,0.0,0.0,0.0,0.0,3.332204510175204
group:farc_bloc,743,743; 7974; 8468; 8469; 8478,FARC / FARC dissidents,group:farc_bloc,2020-05,2020-05-01,2020,5,4.0,Colombia; Ecuador; Peru,ged_rolling_24m,3,1.3862943611198906,False,True,21.0,13.0,3.091042453358316,2.6390573296152584,28.0,28.0,28.0,1.0,19.0,25.0,21.0,25.0,17.0,0.0,8.0,5.0,0.0,0.0,3.0,0.0,1.0,11.0,0.0,0.0,0.6785714285714286,2.995732273553991,0.8928571428571429,3.258096538021482,0.75,3.091042453358316,0.8928571428571429,3.258096538021482,0.6071428571428571,2.8903717578961645,0.0,0.0,0.2857142857142857,2.1972245773362196,0.17857142857142858,1.791759469228055,0.0,0.0,0.0,0.0,0.10714285714285714,1.3862943611198906,0.0,0.0,0.03571428571428571,0.6931471805599453,0.39285714285714285,2.4849066497880004,0.0,0.0,0.0,0.0,3.367295829986474
group:farc_bloc,743,743; 7974; 8468; 8469; 8478,FARC / FARC dissidents,group:farc_bloc,2020-06,2020-06-01,2020,6,5.0,Colombia; Ecuador; Peru,ged_rolling_24m,3,1.3862943611198906,False,True,13.0,24.0,2.6390573296152584,3.2188758248682006,34.0,34.0,34.0,1.0,26.0,32.0,27.0,31.0,12.0,1.0,9.0,4.0,0.0,0.0,1.0,1.0,1.0,17.0,0.0,0.0,0.7647058823529411,3.295836866004329,0.9411764705882353,3.4965075614664802,0.7941176470588235,3.332204510175204,0.9117647058823529,3.4657359027997265,0.35294117647058826,2.5649493574615367,0.029411764705882353,0.6931471805599453,0.2647058823529412,2.302585092994046,0.11764705882352941,1.6094379124341003,0.0,0.0,0.0,0.0,0.029411764705882353,0.6931471805599453,0.029411764705882353,0.6931471805599453,0.029411764705882353,0.6931471805599453,0.5,2.8903717578961645,0.0,0.0,0.0,0.0,3.5553480614894135
group:farc_bloc,743,743; 7974; 8468; 8469; 8478,FARC / FARC dissidents,group:farc_bloc,2020-07,2020-07-01,2020,7,6.0,Colombia; Ecuador; Peru,ged_rolling_24m,3,1.3862943611198906,False,True,24.0,47.0,3.2188758248682006,3.871201010907891,38.0,38.0,38.0,1.0,28.0,35.0,30.0,32.0,14.0,0.0,12.0,3.0,0.0,0.0,2.0,0.0,1.0,20.0,0.0,0.0,0.7368421052631579,3.367295829986474,0.9210526315789473,3.58351893845611,0.7894736842105263,3.4339872044851463,0.8421052631578947,3.4965075614664802,0.3684210526315789,2.70805020110221,0.0,0.0,0.3157894736842105,2.5649493574615367,0.07894736842105263,1.3862943611198906,0.0,0.0,0.0,0.0,0.05263157894736842,1.0986122886681098,0.0,0.0,0.02631578947368421,0.6931471805599453,0.5263157894736842,3.044522437723423,0.0,0.0,0.0,0.0,3.6635616461296463
group:farc_bloc,743,743; 7974; 8468; 8469; 8478,FARC / FARC dissidents,group:farc_bloc,2020-08,2020-08-01,2020,8,7.0,Colombia; Ecuador; Peru,ged_rolling_24m,3,1.3862943611198906,False,True,47.0,48.0,3.871201010907891,3.8918202981106265,59.0,59.0,59.0,1.0,35.0,54.0,43.0,52.0,16.0,0.0,19.0,7.0,0.0,0.0,5.0,1.0,0.0,26.0,1.0,0.0,0.5932203389830508,3.58351893845611,0.9152542372881356,4.007333185232471,0.7288135593220338,3.784189633918261,0.8813559322033898,3.970291913552122,0.2711864406779661,2.833213344056216,0.0,0.0,0.3220338983050847,2.995732273553991,0.11864406779661017,2.0794415416798357,0.0,0.0,0.0,0.0,0.0847457627118644,1.791759469228055,0.01694915254237288,0.6931471805599453,0.0,0.0,0.4406779661016949,3.295836866004329,0.01694915254237288,0.6931471805599453,0.0,0.0,4.0943445622221
group:farc_bloc,743,743; 7974; 8468; 8469; 8478,FARC / FARC dissidents,group:farc_bloc,2020-09,2020-09-01,2020,9,8.0,Colombia; Ecuador; Peru,ged_rolling_24m,3,1.3862943611198906,False,True,48.0,13.0,3.8918202981106265,2.6390573296152584,44.0,44.0,44.0,1.0,26.0,40.0,37.0,40.0,15.0,0.0,20.0,4.0,0.0,0.0,4.0,1.0,0.0,15.0,0.0,0.0,0.5909090909090909,3.295836866004329,0.9090909090909091,3.713572066704308,0.8409090909090909,3.6375861597263857,0.9090909090909091,3.713572066704308,0.3409090909090909,2.772588722239781,0.0,0.0,0.45454545454545453,3.044522437723423,0.09090909090909091,1.6094379124341003,0.0,0.0,0.0,0.0,0.09090909090909091,1.6094379124341003,0.022727272727272728,0.6931471805599453,0.0,0.0,0.3409090909090909,2.772588722239781,0.0,0.0,0.0,0.0,3.8066624897703196
group:farc_bloc,743,743; 7974; 8468; 8469; 8478,FARC / FARC dissidents,group:farc_bloc,2020-10,2020-10-01,2020,10,9.0,Colombia; Ecuador; Peru,ged_rolling_24m,3,1.3862943611198906,False,True,13.0,4.0,2.6390573296152584,1.6094379124341003,59.0,59.0,59.0,1.0,35.0,54.0,46.0,53.0,11.0,0.0,7.0,2.0,0.0,0.0,5.0,0.0,0.0,43.0,2.0,0.0,0.5932203389830508,3.58351893845611,0.9152542372881356,4.007333185232471,0.7796610169491526,3.8501476017100584,0.8983050847457628,3.9889840465642745,0.1864406779661017,2.4849066497880004,0.0,0.0,0.11864406779661017,2.0794415416798357,0.03389830508474576,1.0986122886681098,0.0,0.0,0.0,0.0,0.0847457627118644,1.791759469228055,0.0,0.0,0.0,0.0,0.7288135593220338,3.784189633918261,0.03389830508474576,1.0986122886681098,0.0,0.0,4.0943445622221
group:farc_bloc,743,743; 7974; 8468; 8469; 8478,FARC / FARC dissidents,group:farc_bloc,2020-11,2020-11-01,2020,11,10.0,Colombia; Ecuador; Peru,ged_rolling_24m,3,1.3862943611198906,False,True,4.0,17.0,1.6094379124341003,2.8903717578961645,39.0,39.0,39.0,1.0,29.0,39.0,34.0,36.0,16.0,0.0,14.0,0.0,0.0,0.0,0.0,0.0,0.0,25.0,0.0,0.0,0.7435897435897436,3.4011973816621555,1.0,3.6888794541139363,0.8717948717948718,3.5553480614894135,0.9230769230769231,3.6109179126442243,0.41025641025641024,2.833213344056216,0.0,0.0,0.358974358974359,2.70805020110221,0.0,0.0,0.0,0.0,0.0,0.0,0.0,0.0,0.0,0.0,0.0,0.0,0.6410256410256411,3.258096538021482,0.0,0.0,0.0,0.0,3.6888794541139363
group:farc_bloc,743,743; 7974; 8468; 8469; 8478,FARC / FARC dissidents,group:farc_bloc,2020-12,2020-12-01,2020,12,11.0,Colombia; Ecuador; Peru,ged_rolling_24m,3,1.3862943611198906,False,True,17.0,43.0,2.8903717578961645,3.784189633918261,36.0,36.0,36.0,1.0,27.0,36.0,32.0,34.0,8.0,0.0,7.0,5.0,0.0,0.0,0.0,0.0,0.0,24.0,0.0,0.0,0.75,3.332204510175204,1.0,3.6109179126442243,0.8888888888888888,3.4965075614664802,0.9444444444444444,3.5553480614894135,0.2222222222222222,2.1972245773362196,0.0,0.0,0.19444444444444445,2.0794415416798357,0.1388888888888889,1.791759469228055,0.0,0.0,0.0,0.0,0.0,0.0,0.0,0.0,0.0,0.0,0.6666666666666666,3.2188758248682006,0.0,0.0,0.0,0.0,3.6109179126442243
group:farc_bloc,743,743; 7974; 8468; 8469; 8478,FARC / FARC dissidents,group:farc_bloc,2021-01,2021-01-01,2021,1,12.0,Colombia; Ecuador; Peru,ged_rolling_24m,3,1.3862943611198906,False,True,43.0,97.0,3.784189633918261,4.584967478670572,37.0,37.0,37.0,1.0,29.0,33.0,33.0,33.0,16.0,0.0,15.0,9.0,1.0,0.0,4.0,0.0,0.0,8.0,0.0,0.0,0.7837837837837838,3.4011973816621555,0.8918918918918919,3.5263605246161616,0.8918918918918919,3.5263605246161616,0.8918918918918919,3.5263605246161616,0.43243243243243246,2.833213344056216,0.0,0.0,0.40540540540540543,2.772588722239781,0.24324324324324326,2.302585092994046,0.02702702702702703,0.6931471805599453,0.0,0.0,0.10810810810810811,1.6094379124341003,0.0,0.0,0.0,0.0,0.21621621621621623,2.1972245773362196,0.0,0.0,0.0,0.0,3.6375861597263857
group:farc_bloc,743,743; 7974; 8468; 8469; 8478,FARC / FARC dissidents,group:farc_bloc,2021-02,2021-02-01,2021,2,13.0,Colombia; Peru; Venezuela,ged_rolling_24m,3,1.3862943611198906,False,True,19.0,32.0,2.995732273553991,3.4965075614664802,45.0,45.0,45.0,1.0,32.0,43.0,31.0,38.0,14.0,0.0,12.0,2.0,0.0,0.0,2.0,0.0,0.0,29.0,0.0,0.0,0.7111111111111111,3.4965075614664802,0.9555555555555556,3.784189633918261,0.6888888888888889,3.4657359027997265,0.8444444444444444,3.6635616461296463,0.3111111111111111,2.70805020110221,0.0,0.0,0.26666666666666666,2.5649493574615367,0.044444444444444446,1.0986122886681098,0.0,0.0,0.0,0.0,0.044444444444444446,1.0986122886681098,0.0,0.0,0.0,0.0,0.6444444444444445,3.4011973816621555,0.0,0.0,0.0,0.0,3.828641396489095
group:farc_bloc,743,743; 7974; 8468; 8469; 8478,FARC / FARC dissidents,group:farc_bloc,2021-03,2021-03-01,2021,3,14.0,Colombia; Peru; Venezuela,ged_rolling_24m,3,1.3862943611198906,False,True,32.0,34.0,3.4965075614664802,3.5553480614894135,81.0,81.0,81.0,1.0,65.0,79.0,47.0,74.0,42.0,0.0,47.0,6.0,2.0,0.0,2.0,0.0,0.0,24.0,0.0,0.0,0.8024691358024691,4.189654742026425,0.9753086419753086,4.382026634673881,0.5802469135802469,3.871201010907891,0.9135802469135802,4.31748811353631,0.5185185185185185,3.7612001156935624,0.0,0.0,0.5802469135802469,3.871201010907891,0.07407407407407407,1.9459101490553132,0.024691358024691357,1.0986122886681098,0.0,0.0,0.024691358024691357,1.0986122886681098,0.0,0.0,0.0,0.0,0.2962962962962963,3.2188758248682006,0.0,0.0,0.0,0.0,4.406719247264253
group:farc_bloc,743,743; 7974; 8468; 8469; 8478,FARC / FARC dissidents,group:farc_bloc,2021-04,2021-04-01,2021,4,15.0,Colombia; Peru; Venezuela,ged_rolling_24m,3,1.3862943611198906,False,True,34.0,35.0,3.5553480614894135,3.58351893845611,62.0,62.0,62.0,1.0,51.0,58.0,42.0,56.0,21.0,0.0,28.0,6.0,1.0,0.0,4.0,0.0,0.0,23.0,0.0,0.0,0.8225806451612904,3.9512437185814275,0.9354838709677419,4.07753744390572,0.6774193548387096,3.7612001156935624,0.9032258064516129,4.04305126783455,0.3387096774193548,3.091042453358316,0.0,0.0,0.45161290322580644,3.367295829986474,0.0967741935483871,1.9459101490553132,0.016129032258064516,0.6931471805599453,0.0,0.0,0.06451612903225806,1.6094379124341003,0.0,0.0,0.0,0.0,0.3709677419354839,3.1780538303479458,0.0,0.0,0.0,0.0,4.143134726391533
group:farc_bloc,743,743; 7974; 8468; 8469; 8478,FARC / FARC dissidents,group:farc_bloc,2021-05,2021-05-01,2021,5,16.0,Colombia; Peru; Venezuela,ged_rolling_24m,3,1.3862943611198906,False,True,35.0,27.0,3.58351893845611,3.332204510175204,57.0,57.0,57.0,1.0,49.0,55.0,42.0,51.0,21.0,0.0,36.0,0.0,0.0,0.0,2.0,1.0,0.0,14.0,4.0,0.0,0.8596491228070176,3.912023005428146,0.9649122807017544,4.02535169073515,0.7368421052631579,3.7612001156935624,0.8947368421052632,3.9512437185814275,0.3684210526315789,3.091042453358316,0.0,0.0,0.631578947368421,3.6109179126442243,0.0,0.0,0.0,0.0,0.0,0.0,0.03508771929824561,1.0986122886681098,0.017543859649122806,0.6931471805599453,0.0,0.0,0.24561403508771928,2.70805020110221,0.07017543859649122,1.6094379124341003,0.0,0.0,4.060443010546419
group:farc_bloc,743,743; 7974; 8468; 8469; 8478,FARC / FARC dissidents,group:farc_bloc,2021-06,2021-06-01,2021,6,17.0,Colombia; Peru; Venezuela,ged_rolling_24m,3,1.3862943611198906,False,True,27.0,33.0,3.332204510175204,3.5263605246161616,27.0,27.0,27.0,1.0,19.0,26.0,20.0,27.0,14.0,0.0,13.0,8.0,0.0,0.0,1.0,0.0,1.0,4.0,0.0,0.0,0.7037037037037037,2.995732273553991,0.9629629629629629,3.295836866004329,0.7407407407407407,3.044522437723423,1.0,3.332204510175204,0.5185185185185185,2.70805020110221,0.0,0.0,0.48148148148148145,2.6390573296152584,0.2962962962962963,2.1972245773362196,0.0,0.0,0.0,0.0,0.037037037037037035,0.6931471805599453,0.0,0.0,0.037037037037037035,0.6931471805599453,0.14814814814814814,1.6094379124341003,0.0,0.0,0.0,0.0,3.332204510175204
group:farc_bloc,743,743; 7974; 8468; 8469; 8478,FARC / FARC dissidents,group:farc_bloc,2021-07,2021-07-01,2021,7,18.0,Colombia; Peru; Venezuela,ged_rolling_24m,3,1.3862943611198906,False,True,33.0,18.0,3.5263605246161616,2.9444389791664403,39.0,39.0,39.0,1.0,31.0,34.0,20.0,34.0,20.0,0.0,21.0,2.0,1.0,0.0,5.0,0.0,0.0,10.0,0.0,0.0,0.7948717948717948,3.4657359027997265,0.8717948717948718,3.5553480614894135,0.5128205128205128,3.044522437723423,0.8717948717948718,3.5553480614894135,0.5128205128205128,3.044522437723423,0.0,0.0,0.5384615384615384,3.091042453358316,0.05128205128205128,1.0986122886681098,0.02564102564102564,0.6931471805599453,0.0,0.0,0.1282051282051282,1.791759469228055,0.0,0.0,0.0,0.0,0.2564102564102564,2.3978952727983707,0.0,0.0,0.0,0.0,3.6888794541139363
group:farc_bloc,743,743; 7974; 8468; 8469; 8478,FARC / FARC dissidents,group:farc_bloc,2021-08,2021-08-01,2021,8,19.0,Colombia; Peru; Venezuela,ged_rolling_24m,3,1.3862943611198906,False,True,18.0,51.0,2.9444389791664403,3.9512437185814275,2.0,2.0,2.0,1.0,2.0,2.0,1.0,2.0,1.0,0.0,2.0,0.0,0.0,0.0,0.0,0.0,0.0,0.0,0.0,0.0,1.0,1.0986122886681098,1.0,1.0986122886681098,0.5,0.6931471805599453,1.0,1.0986122886681098,0.5,0.6931471805599453,0.0,0.0,1.0,1.0986122886681098,0.0,0.0,0.0,0.0,0.0,0.0,0.0,0.0,0.0,0.0,0.0,0.0,0.0,0.0,0.0,0.0,0.0,0.0,1.0986122886681098
group:farc_bloc,743,743; 7974; 8468; 8469; 8478,FARC / FARC dissidents,group:farc_bloc,2021-09,2021-09-01,2021,9,20.0,Colombia; Peru; Venezuela,ged_rolling_24m,3,1.3862943611198906,False,True,51.0,31.0,3.9512437185814275,3.4657359027997265,39.0,39.0,39.0,1.0,31.0,37.0,27.0,37.0,20.0,0.0,21.0,5.0,0.0,0.0,2.0,0.0,0.0,11.0,0.0,0.0,0.7948717948717948,3.4657359027997265,0.9487179487179487,3.6375861597263857,0.6923076923076923,3.332204510175204,0.9487179487179487,3.6375861597263857,0.5128205128205128,3.044522437723423,0.0,0.0,0.5384615384615384,3.091042453358316,0.1282051282051282,1.791759469228055,0.0,0.0,0.0,0.0,0.05128205128205128,1.0986122886681098,0.0,0.0,0.0,0.0,0.28205128205128205,2.4849066497880004,0.0,0.0,0.0,0.0,3.6888794541139363
group:farc_bloc,743,743; 7974; 8468; 8469; 8478,FARC / FARC dissidents,group:farc_bloc,2021-10,2021-10-01,2021,10,21.0,Colombia; Peru; Venezuela,ged_rolling_24m,3,1.3862943611198906,False,True,31.0,13.0,3.4657359027997265,2.6390573296152584,40.0,40.0,40.0,1.0,32.0,38.0,33.0,38.0,9.0,0.0,16.0,8.0,0.0,0.0,2.0,0.0,0.0,14.0,0.0,0.0,0.8,3.4965075614664802,0.95,3.6635616461296463,0.825,3.5263605246161616,0.95,3.6635616461296463,0.225,2.302585092994046,0.0,0.0,0.4,2.833213344056216,0.2,2.1972245773362196,0.0,0.0,0.0,0.0,0.05,1.0986122886681098,0.0,0.0,0.0,0.0,0.35,2.70805020110221,0.0,0.0,0.0,0.0,3.713572066704308
group:farc_bloc,743,743; 7974; 8468; 8469; 8478,FARC / FARC dissidents,group:farc_bloc,2021-11,2021-11-01,2021,11,22.0,Colombia; Peru; Venezuela,ged_rolling_24m,3,1.3862943611198906,False,True,13.0,12.0,2.6390573296152584,2.5649493574615367,21.0,21.0,21.0,1.0,16.0,21.0,17.0,20.0,8.0,0.0,6.0,3.0,0.0,0.0,0.0,0.0,0.0,12.0,0.0,0.0,0.7619047619047619,2.833213344056216,1.0,3.091042453358316,0.8095238095238095,2.8903717578961645,0.9523809523809523,3.044522437723423,0.38095238095238093,2.1972245773362196,0.0,0.0,0.2857142857142857,1.9459101490553132,0.14285714285714285,1.3862943611198906,0.0,0.0,0.0,0.0,0.0,0.0,0.0,0.0,0.0,0.0,0.5714285714285714,2.5649493574615367,0.0,0.0,0.0,0.0,3.091042453358316
group:farc_bloc,743,743; 7974; 8468; 8469; 8478,FARC / FARC dissidents,group:farc_bloc,2021-12,2021-12-01,2021,12,23.0,Colombia; Peru; Venezuela,ged_rolling_24m,3,1.3862943611198906,False,True,12.0,70.0,2.5649493574615367,4.2626798770413155,52.0,52.0,52.0,1.0,45.0,49.0,34.0,48.0,22.0,0.0,33.0,3.0,0.0,0.0,2.0,1.0,0.0,13.0,0.0,0.0,0.8653846153846154,3.828641396489095,0.9423076923076923,3.912023005428146,0.6538461538461539,3.5553480614894135,0.9230769230769231,3.8918202981106265,0.4230769230769231,3.1354942159291497,0.0,0.0,0.6346153846153846,3.5263605246161616,0.057692307692307696,1.3862943611198906,0.0,0.0,0.0,0.0,0.038461538461538464,1.0986122886681098,0.019230769230769232,0.6931471805599453,0.0,0.0,0.25,2.6390573296152584,0.0,0.0,0.0,0.0,3.970291913552122
group:farc_bloc,743,743; 7974; 8468; 8469; 8478,FARC / FARC dissidents,group:farc_bloc,2022-01,2022-01-01,2022,1,24.0,Colombia; Peru; Venezuela,ged_rolling_24m,3,1.3862943611198906,False,True,70.0,72.0,4.2626798770413155,4.290459441148391,69.0,69.0,69.0,1.0,62.0,68.0,52.0,66.0,35.0,0.0,48.0,6.0,0.0,0.0,1.0,1.0,0.0,13.0,0.0,0.0,0.8985507246376812,4.143134726391533,0.9855072463768116,4.23410650459726,0.7536231884057971,3.970291913552122,0.9565217391304348,4.204692619390966,0.5072463768115942,3.58351893845611,0.0,0.0,0.6956521739130435,3.8918202981106265,0.08695652173913043,1.9459101490553132,0.0,0.0,0.0,0.0,0.014492753623188406,0.6931471805599453,0.014492753623188406,0.6931471805599453,0.0,0.0,0.18840579710144928,2.6390573296152584,0.0,0.0,0.0,0.0,4.248495242049359
group:farc_bloc,743,743; 7974; 8468; 8469; 8478,FARC / FARC dissidents,group:farc_bloc,2022-02,2022-02-01,2022,2,25.0,Colombia; Peru; Venezuela,ged_rolling_24m,3,1.3862943611198906,False,True,72.0,42.0,4.290459441148391,3.7612001156935624,48.0,48.0,48.0,1.0,43.0,46.0,39.0,45.0,20.0,0.0,23.0,0.0,1.0,0.0,2.0,0.0,1.0,21.0,0.0,0.0,0.8958333333333334,3.784189633918261,0.9583333333333334,3.8501476017100584,0.8125,3.6888794541139363,0.9375,3.828641396489095,0.4166666666666667,3.044522437723423,0.0,0.0,0.4791666666666667,3.1780538303479458,0.0,0.0,0.020833333333333332,0.6931471805599453,0.0,0.0,0.041666666666666664,1.0986122886681098,0.0,0.0,0.020833333333333332,0.6931471805599453,0.4375,3.091042453358316,0.0,0.0,0.0,0.0,3.8918202981106265
group:farc_bloc,743,743; 7974; 8468; 8469; 8478,FARC / FARC dissidents,group:farc_bloc,2022-03,2022-03-01,2022,3,26.0,Colombia; Venezuela,ged_rolling_24m,2,1.0986122886681098,False,True,42.0,38.0,3.7612001156935624,3.6635616461296463,32.0,32.0,32.0,1.0,27.0,30.0,24.0,29.0,8.0,0.0,17.0,1.0,0.0,0.0,2.0,0.0,0.0,12.0,0.0,0.0,0.84375,3.332204510175204,0.9375,3.4339872044851463,0.75,3.2188758248682006,0.90625,3.4011973816621555,0.25,2.1972245773362196,0.0,0.0,0.53125,2.8903717578961645,0.03125,0.6931471805599453,0.0,0.0,0.0,0.0,0.0625,1.0986122886681098,0.0,0.0,0.0,0.0,0.375,2.5649493574615367,0.0,0.0,0.0,0.0,3.4965075614664802
group:farc_bloc,743,743; 7974; 8468; 8469; 8478,FARC / FARC dissidents,group:farc_bloc,2022-04,2022-04-01,2022,4,27.0,Colombia; Venezuela,ged_rolling_24m,2,1.0986122886681098,False,True,38.0,29.0,3.6635616461296463,3.4011973816621555,26.0,26.0,26.0,1.0,16.0,23.0,20.0,22.0,7.0,0.0,9.0,4.0,0.0,0.0,3.0,0.0,0.0,10.0,0.0,0.0,0.6153846153846154,2.833213344056216,0.8846153846153846,3.1780538303479458,0.7692307692307693,3.044522437723423,0.8461538461538461,3.1354942159291497,0.2692307692307692,2.0794415416798357,0.0,0.0,0.34615384615384615,2.302585092994046,0.15384615384615385,1.6094379124341003,0.0,0.0,0.0,0.0,0.11538461538461539,1.3862943611198906,0.0,0.0,0.0,0.0,0.38461538461538464,2.3978952727983707,0.0,0.0,0.0,0.0,3.295836866004329
group:farc_bloc,743,743; 7974; 8468; 8469; 8478,FARC / FARC dissidents,group:farc_bloc,2022-05,2022-05-01,2022,5,28.0,Colombia; Venezuela,ged_rolling_24m,2,1.0986122886681098,False,True,29.0,17.0,3.4011973816621555,2.8903717578961645,31.0,31.0,31.0,1.0,24.0,31.0,25.0,28.0,14.0,0.0,18.0,2.0,0.0,0.0,0.0,0.0,1.0,10.0,0.0,0.0,0.7741935483870968,3.2188758248682006,1.0,3.4657359027997265,0.8064516129032258,3.258096538021482,0.9032258064516129,3.367295829986474,0.45161290322580644,2.70805020110221,0.0,0.0,0.5806451612903226,2.9444389791664403,0.06451612903225806,1.0986122886681098,0.0,0.0,0.0,0.0,0.0,0.0,0.0,0.0,0.03225806451612903,0.6931471805599453,0.3225806451612903,2.3978952727983707,0.0,0.0,0.0,0.0,3.4657359027997265
group:farc_bloc,743,743; 7974; 8468; 8469; 8478,FARC / FARC dissidents,group:farc_bloc,2022-06,2022-06-01,2022,6,29.0,Colombia; Venezuela,ged_rolling_24m,2,1.0986122886681098,False,True,17.0,32.0,2.8903717578961645,3.4965075614664802,28.0,28.0,28.0,1.0,19.0,27.0,18.0,22.0,14.0,0.0,13.0,2.0,0.0,0.0,1.0,0.0,0.0,12.0,0.0,0.0,0.6785714285714286,2.995732273553991,0.9642857142857143,3.332204510175204,0.6428571428571429,2.9444389791664403,0.7857142857142857,3.1354942159291497,0.5,2.70805020110221,0.0,0.0,0.4642857142857143,2.6390573296152584,0.07142857142857142,1.0986122886681098,0.0,0.0,0.0,0.0,0.03571428571428571,0.6931471805599453,0.0,0.0,0.0,0.0,0.42857142857142855,2.5649493574615367,0.0,0.0,0.0,0.0,3.367295829986474
group:farc_bloc,743,743; 7974; 8468; 8469; 8478,FARC / FARC dissidents,group:farc_bloc,2022-07,2022-07-01,2022,7,30.0,Colombia; Venezuela,ged_rolling_24m,2,1.0986122886681098,False,True,32.0,23.0,3.4965075614664802,3.1780538303479458,44.0,44.0,44.0,1.0,37.0,44.0,30.0,39.0,13.0,0.0,23.0,1.0,0.0,0.0,0.0,1.0,0.0,19.0,0.0,0.0,0.8409090909090909,3.6375861597263857,1.0,3.8066624897703196,0.6818181818181818,3.4339872044851463,0.8863636363636364,3.6888794541139363,0.29545454545454547,2.6390573296152584,0.0,0.0,0.5227272727272727,3.1780538303479458,0.022727272727272728,0.6931471805599453,0.0,0.0,0.0,0.0,0.0,0.0,0.022727272727272728,0.6931471805599453,0.0,0.0,0.4318181818181818,2.995732273553991,0.0,0.0,0.0,0.0,3.8066624897703196
group:farc_bloc,743,743; 7974; 8468; 8469; 8478,FARC / FARC dissidents,group:farc_bloc,2022-08,2022-08-01,2022,8,31.0,Colombia; Venezuela,ged_rolling_24m,2,1.0986122886681098,False,True,23.0,21.0,3.1780538303479458,3.091042453358316,33.0,33.0,33.0,1.0,25.0,31.0,21.0,26.0,18.0,0.0,5.0,6.0,0.0,0.0,2.0,0.0,1.0,19.0,0.0,0.0,0.7575757575757576,3.258096538021482,0.9393939393939394,3.4657359027997265,0.6363636363636364,3.091042453358316,0.7878787878787878,3.295836866004329,0.5454545454545454,2.9444389791664403,0.0,0.0,0.15151515151515152,1.791759469228055,0.18181818181818182,1.9459101490553132,0.0,0.0,0.0,0.0,0.06060606060606061,1.0986122886681098,0.0,0.0,0.030303030303030304,0.6931471805599453,0.5757575757575758,2.995732273553991,0.0,0.0,0.0,0.0,3.5263605246161616
group:farc_bloc,743,743; 7974; 8468; 8469; 8478,FARC / FARC dissidents,group:farc_bloc,2022-09,2022-09-01,2022,9,32.0,Colombia; Venezuela,ged_rolling_24m,2,1.0986122886681098,False,True,21.0,24.0,3.091042453358316,3.2188758248682006,11.0,11.0,11.0,1.0,10.0,11.0,9.0,11.0,7.0,0.0,7.0,0.0,0.0,0.0,0.0,0.0,0.0,4.0,0.0,0.0,0.9090909090909091,2.3978952727983707,1.0,2.4849066497880004,0.8181818181818182,2.302585092994046,1.0,2.4849066497880004,0.6363636363636364,2.0794415416798357,0.0,0.0,0.6363636363636364,2.0794415416798357,0.0,0.0,0.0,0.0,0.0,0.0,0.0,0.0,0.0,0.0,0.0,0.0,0.36363636363636365,1.6094379124341003,0.0,0.0,0.0,0.0,2.4849066497880004
group:farc_bloc,743,743; 7974; 8468; 8469; 8478,FARC / FARC dissidents,group:farc_bloc,2022-10,2022-10-01,2022,10,33.0,Colombia; Venezuela,ged_rolling_24m,2,1.0986122886681098,False,True,24.0,8.0,3.2188758248682006,2.1972245773362196,7.0,7.0,7.0,1.0,6.0,7.0,3.0,5.0,1.0,0.0,3.0,1.0,1.0,0.0,0.0,0.0,0.0,2.0,0.0,0.0,0.8571428571428571,1.9459101490553132,1.0,2.0794415416798357,0.42857142857142855,1.3862943611198906,0.7142857142857143,1.791759469228055,0.14285714285714285,0.6931471805599453,0.0,0.0,0.42857142857142855,1.3862943611198906,0.14285714285714285,0.6931471805599453,0.14285714285714285,0.6931471805599453,0.0,0.0,0.0,0.0,0.0,0.0,0.0,0.0,0.2857142857142857,1.0986122886681098,0.0,0.0,0.0,0.0,2.0794415416798357
group:farc_bloc,743,743; 7974; 8468; 8469; 8478,FARC / FARC dissidents,group:farc_bloc,2022-11,2022-11-01,2022,11,34.0,Colombia; Venezuela,ged_rolling_24m,2,1.0986122886681098,False,True,8.0,24.0,2.1972245773362196,3.2188758248682006,21.0,21.0,21.0,1.0,18.0,20.0,17.0,19.0,3.0,0.0,14.0,0.0,0.0,0.0,1.0,0.0,0.0,6.0,0.0,0.0,0.8571428571428571,2.9444389791664403,0.9523809523809523,3.044522437723423,0.8095238095238095,2.8903717578961645,0.9047619047619048,2.995732273553991,0.14285714285714285,1.3862943611198906,0.0,0.0,0.6666666666666666,2.70805020110221,0.0,0.0,0.0,0.0,0.0,0.0,0.047619047619047616,0.6931471805599453,0.0,0.0,0.0,0.0,0.2857142857142857,1.9459101490553132,0.0,0.0,0.0,0.0,3.091042453358316
group:farc_bloc,743,743; 7974; 8468; 8469; 8478,FARC / FARC dissidents,group:farc_bloc,2022-12,2022-12-01,2022,12,35.0,Colombia; Venezuela,ged_rolling_24m,2,1.0986122886681098,False,True,24.0,53.0,3.2188758248682006,3.9889840465642745,38.0,38.0,38.0,1.0,29.0,33.0,26.0,31.0,20.0,0.0,26.0,0.0,1.0,0.0,4.0,0.0,1.0,6.0,0.0,0.0,0.7631578947368421,3.4011973816621555,0.868421052631579,3.5263605246161616,0.6842105263157895,3.295836866004329,0.8157894736842105,3.4657359027997265,0.5263157894736842,3.044522437723423,0.0,0.0,0.6842105263157895,3.295836866004329,0.0,0.0,0.02631578947368421,0.6931471805599453,0.0,0.0,0.10526315789473684,1.6094379124341003,0.0,0.0,0.02631578947368421,0.6931471805599453,0.15789473684210525,1.9459101490553132,0.0,0.0,0.0,0.0,3.6635616461296463
group:farc_bloc,743,743; 7974; 8468; 8469; 8478,FARC / FARC dissidents,group:farc_bloc,2023-01,2023-01-01,2023,1,36.0,Colombia; Venezuela,ged_rolling_24m,2,1.0986122886681098,False,True,53.0,22.0,3.9889840465642745,3.1354942159291497,13.0,13.0,13.0,1.0,11.0,13.0,8.0,11.0,5.0,0.0,4.0,1.0,0.0,0.0,0.0,0.0,0.0,8.0,0.0,0.0,0.8461538461538461,2.4849066497880004,1.0,2.6390573296152584,0.6153846153846154,2.1972245773362196,0.8461538461538461,2.4849066497880004,0.38461538461538464,1.791759469228055,0.0,0.0,0.3076923076923077,1.6094379124341003,0.07692307692307693,0.6931471805599453,0.0,0.0,0.0,0.0,0.0,0.0,0.0,0.0,0.0,0.0,0.6153846153846154,2.1972245773362196,0.0,0.0,0.0,0.0,2.6390573296152584
group:farc_bloc,743,743; 7974; 8468; 8469; 8478,FARC / FARC dissidents,group:farc_bloc,2023-02,2023-02-01,2023,2,37.0,Colombia; Venezuela,ged_rolling_24m,2,1.0986122886681098,False,True,22.0,48.0,3.1354942159291497,3.8918202981106265,15.0,15.0,15.0,1.0,11.0,14.0,13.0,15.0,7.0,0.0,3.0,2.0,0.0,0.0,1.0,0.0,0.0,7.0,2.0,0.0,0.7333333333333333,2.4849066497880004,0.9333333333333333,2.70805020110221,0.8666666666666667,2.6390573296152584,1.0,2.772588722239781,0.4666666666666667,2.0794415416798357,0.0,0.0,0.2,1.3862943611198906,0.13333333333333333,1.0986122886681098,0.0,0.0,0.0,0.0,0.06666666666666667,0.6931471805599453,0.0,0.0,0.0,0.0,0.4666666666666667,2.0794415416798357,0.13333333333333333,1.0986122886681098,0.0,0.0,2.772588722239781
group:farc_bloc,743,743; 7974; 8468; 8469; 8478,FARC / FARC dissidents,group:farc_bloc,2023-03,2023-03-01,2023,3,38.0,Colombia; Venezuela,ged_rolling_24m,2,1.0986122886681098,False,True,48.0,30.0,3.8918202981106265,3.4339872044851463,22.0,22.0,22.0,1.0,12.0,18.0,16.0,22.0,12.0,0.0,5.0,2.0,2.0,0.0,4.0,0.0,0.0,9.0,0.0,0.0,0.5454545454545454,2.5649493574615367,0.8181818181818182,2.9444389791664403,0.7272727272727273,2.833213344056216,1.0,3.1354942159291497,0.5454545454545454,2.5649493574615367,0.0,0.0,0.22727272727272727,1.791759469228055,0.09090909090909091,1.0986122886681098,0.09090909090909091,1.0986122886681098,0.0,0.0,0.18181818181818182,1.6094379124341003,0.0,0.0,0.0,0.0,0.4090909090909091,2.302585092994046,0.0,0.0,0.0,0.0,3.1354942159291497
group:farc_bloc,743,743; 7974; 8468; 8469; 8478,FARC / FARC dissidents,group:farc_bloc,2023-04,2023-04-01,2023,4,39.0,Colombia; Venezuela,ged_rolling_24m,2,1.0986122886681098,False,True,30.0,49.0,3.4339872044851463,3.912023005428146,20.0,20.0,20.0,1.0,14.0,18.0,13.0,16.0,9.0,0.0,4.0,2.0,1.0,0.0,1.0,0.0,0.0,12.0,0.0,0.0,0.7,2.70805020110221,0.9,2.9444389791664403,0.65,2.6390573296152584,0.8,2.833213344056216,0.45,2.302585092994046,0.0,0.0,0.2,1.6094379124341003,0.1,1.0986122886681098,0.05,0.6931471805599453,0.0,0.0,0.05,0.6931471805599453,0.0,0.0,0.0,0.0,0.6,2.5649493574615367,0.0,0.0,0.0,0.0,3.044522437723423
group:farc_bloc,743,743; 7974; 8468; 8469; 8478,FARC / FARC dissidents,group:farc_bloc,2023-05,2023-05-01,2023,5,40.0,Colombia; Venezuela,ged_rolling_24m,2,1.0986122886681098,False,True,49.0,39.0,3.912023005428146,3.6888794541139363,57.0,57.0,57.0,1.0,49.0,54.0,47.0,49.0,21.0,0.0,7.0,17.0,1.0,0.0,3.0,0.0,0.0,29.0,0.0,0.0,0.8596491228070176,3.912023005428146,0.9473684210526315,4.007333185232471,0.8245614035087719,3.871201010907891,0.8596491228070176,3.912023005428146,0.3684210526315789,3.091042453358316,0.0,0.0,0.12280701754385964,2.0794415416798357,0.2982456140350877,2.8903717578961645,0.017543859649122806,0.6931471805599453,0.0,0.0,0.05263157894736842,1.3862943611198906,0.0,0.0,0.0,0.0,0.5087719298245614,3.4011973816621555,0.0,0.0,0.0,0.0,4.060443010546419
group:farc_bloc,743,743; 7974; 8468; 8469; 8478,FARC / FARC dissidents,group:farc_bloc,2023-06,2023-06-01,2023,6,41.0,Colombia; Venezuela,ged_rolling_24m,2,1.0986122886681098,False,True,39.0,38.0,3.6888794541139363,3.6635616461296463,17.0,17.0,17.0,1.0,12.0,16.0,11.0,13.0,8.0,0.0,1.0,2.0,0.0,0.0,1.0,0.0,0.0,13.0,0.0,0.0,0.7058823529411765,2.5649493574615367,0.9411764705882353,2.833213344056216,0.6470588235294118,2.4849066497880004,0.7647058823529411,2.6390573296152584,0.47058823529411764,2.1972245773362196,0.0,0.0,0.058823529411764705,0.6931471805599453,0.11764705882352941,1.0986122886681098,0.0,0.0,0.0,0.0,0.058823529411764705,0.6931471805599453,0.0,0.0,0.0,0.0,0.7647058823529411,2.6390573296152584,0.0,0.0,0.0,0.0,2.8903717578961645
group:farc_bloc,743,743; 7974; 8468; 8469; 8478,FARC / FARC dissidents,group:farc_bloc,2023-07,2023-07-01,2023,7,42.0,Colombia; Venezuela,ged_rolling_24m,2,1.0986122886681098,False,True,38.0,55.0,3.6635616461296463,4.02535169073515,62.0,62.0,62.0,1.0,50.0,61.0,47.0,58.0,27.0,0.0,34.0,3.0,1.0,0.0,1.0,1.0,1.0,21.0,0.0,0.0,0.8064516129032258,3.9318256327243257,0.9838709677419355,4.127134385045092,0.7580645161290323,3.871201010907891,0.9354838709677419,4.07753744390572,0.43548387096774194,3.332204510175204,0.0,0.0,0.5483870967741935,3.5553480614894135,0.04838709677419355,1.3862943611198906,0.016129032258064516,0.6931471805599453,0.0,0.0,0.016129032258064516,0.6931471805599453,0.016129032258064516,0.6931471805599453,0.016129032258064516,0.6931471805599453,0.3387096774193548,3.091042453358316,0.0,0.0,0.0,0.0,4.143134726391533
group:farc_bloc,743,743; 7974; 8468; 8469; 8478,FARC / FARC dissidents,group:farc_bloc,2023-08,2023-08-01,2023,8,43.0,Colombia; Venezuela,ged_rolling_24m,2,1.0986122886681098,False,True,55.0,89.0,4.02535169073515,4.499809670330265,63.0,63.0,63.0,1.0,53.0,61.0,51.0,60.0,42.0,0.0,32.0,5.0,1.0,0.0,2.0,2.0,1.0,20.0,0.0,0.0,0.8412698412698413,3.9889840465642745,0.9682539682539683,4.127134385045092,0.8095238095238095,3.9512437185814275,0.9523809523809523,4.110873864173311,0.6666666666666666,3.7612001156935624,0.0,0.0,0.5079365079365079,3.4965075614664802,0.07936507936507936,1.791759469228055,0.015873015873015872,0.6931471805599453,0.0,0.0,0.031746031746031744,1.0986122886681098,0.031746031746031744,1.0986122886681098,0.015873015873015872,0.6931471805599453,0.31746031746031744,3.044522437723423,0.0,0.0,0.0,0.0,4.1588830833596715
group:farc_bloc,743,743; 7974; 8468; 8469; 8478,FARC / FARC dissidents,group:farc_bloc,2023-09,2023-09-01,2023,9,44.0,Colombia; Venezuela,ged_rolling_24m,2,1.0986122886681098,False,True,89.0,59.0,4.499809670330265,4.0943445622221,59.0,59.0,59.0,1.0,55.0,58.0,34.0,56.0,27.0,0.0,39.0,2.0,0.0,0.0,1.0,0.0,0.0,15.0,2.0,0.0,0.9322033898305084,4.02535169073515,0.9830508474576272,4.07753744390572,0.576271186440678,3.5553480614894135,0.9491525423728814,4.04305126783455,0.4576271186440678,3.332204510175204,0.0,0.0,0.6610169491525424,3.6888794541139363,0.03389830508474576,1.0986122886681098,0.0,0.0,0.0,0.0,0.01694915254237288,0.6931471805599453,0.0,0.0,0.0,0.0,0.2542372881355932,2.772588722239781,0.03389830508474576,1.0986122886681098,0.0,0.0,4.0943445622221
group:farc_bloc,743,743; 7974; 8468; 8469; 8478,FARC / FARC dissidents,group:farc_bloc,2023-10,2023-10-01,2023,10,45.0,Colombia; Venezuela,ged_rolling_24m,2,1.0986122886681098,False,True,59.0,46.0,4.0943445622221,3.8501476017100584,38.0,38.0,38.0,1.0,30.0,36.0,25.0,35.0,19.0,0.0,18.0,1.0,1.0,0.0,2.0,0.0,0.0,16.0,0.0,0.0,0.7894736842105263,3.4339872044851463,0.9473684210526315,3.6109179126442243,0.6578947368421053,3.258096538021482,0.9210526315789473,3.58351893845611,0.5,2.995732273553991,0.0,0.0,0.47368421052631576,2.9444389791664403,0.02631578947368421,0.6931471805599453,0.02631578947368421,0.6931471805599453,0.0,0.0,0.05263157894736842,1.0986122886681098,0.0,0.0,0.0,0.0,0.42105263157894735,2.833213344056216,0.0,0.0,0.0,0.0,3.6635616461296463
group:farc_bloc,743,743; 7974; 8468; 8469; 8478,FARC / FARC dissidents,group:farc_bloc,2023-11,2023-11-01,2023,11,46.0,Colombia; Venezuela,ged_rolling_24m,2,1.0986122886681098,False,True,46.0,31.0,3.8501476017100584,3.4657359027997265,0.0,0.0,0.0,0.0,0.0,0.0,0.0,0.0,0.0,0.0,0.0,0.0,0.0,0.0,0.0,0.0,0.0,0.0,0.0,0.0,0.0,0.0,0.0,0.0,0.0,0.0,0.0,0.0,0.0,0.0,0.0,0.0,0.0,0.0,0.0,0.0,0.0,0.0,0.0,0.0,0.0,0.0,0.0,0.0,0.0,0.0,0.0,0.0,0.0,0.0,0.0,0.0,0.0
group:farc_bloc,743,743; 7974; 8468; 8469; 8478,FARC / FARC dissidents,group:farc_bloc,2023-12,2023-12-01,2023,12,47.0,Colombia; Venezuela,ged_rolling_24m,2,1.0986122886681098,False,True,31.0,122.0,3.4657359027997265,4.812184355372417,37.0,37.0,37.0,1.0,31.0,34.0,27.0,34.0,13.0,0.0,12.0,5.0,0.0,0.0,2.0,0.0,0.0,18.0,0.0,0.0,0.8378378378378378,3.4657359027997265,0.918918918918919,3.5553480614894135,0.7297297297297297,3.332204510175204,0.918918918918919,3.5553480614894135,0.35135135135135137,2.6390573296152584,0.0,0.0,0.32432432432432434,2.5649493574615367,0.13513513513513514,1.791759469228055,0.0,0.0,0.0,0.0,0.05405405405405406,1.0986122886681098,0.0,0.0,0.0,0.0,0.4864864864864865,2.9444389791664403,0.0,0.0,0.0,0.0,3.6375861597263857
group:farc_bloc,743,743; 7974; 8468; 8469; 8478,FARC / FARC dissidents,group:farc_bloc,2024-01,2024-01-01,2024,1,48.0,Colombia; Venezuela,ged_rolling_24m,2,1.0986122886681098,False,True,122.0,46.0,4.812184355372417,3.8501476017100584,37.0,37.0,37.0,1.0,25.0,34.0,22.0,30.0,9.0,0.0,9.0,7.0,1.0,0.0,3.0,0.0,0.0,17.0,0.0,0.0,0.6756756756756757,3.258096538021482,0.918918918918919,3.5553480614894135,0.5945945945945946,3.1354942159291497,0.8108108108108109,3.4339872044851463,0.24324324324324326,2.302585092994046,0.0,0.0,0.24324324324324326,2.302585092994046,0.1891891891891892,2.0794415416798357,0.02702702702702703,0.6931471805599453,0.0,0.0,0.08108108108108109,1.3862943611198906,0.0,0.0,0.0,0.0,0.4594594594594595,2.8903717578961645,0.0,0.0,0.0,0.0,3.6375861597263857
group:farc_bloc,743,743; 7974; 8468; 8469; 8478,FARC / FARC dissidents,group:farc_bloc,2024-02,2024-02-01,2024,2,49.0,Colombia; Venezuela,ged_rolling_24m,2,1.0986122886681098,False,True,46.0,61.0,3.8501476017100584,4.127134385045092,22.0,22.0,22.0,1.0,16.0,21.0,12.0,20.0,9.0,0.0,13.0,2.0,1.0,0.0,1.0,0.0,0.0,5.0,0.0,0.0,0.7272727272727273,2.833213344056216,0.9545454545454546,3.091042453358316,0.5454545454545454,2.5649493574615367,0.9090909090909091,3.044522437723423,0.4090909090909091,2.302585092994046,0.0,0.0,0.5909090909090909,2.6390573296152584,0.09090909090909091,1.0986122886681098,0.045454545454545456,0.6931471805599453,0.0,0.0,0.045454545454545456,0.6931471805599453,0.0,0.0,0.0,0.0,0.22727272727272727,1.791759469228055,0.0,0.0,0.0,0.0,3.1354942159291497
group:farc_bloc,743,743; 7974; 8468; 8469; 8478,FARC / FARC dissidents,group:farc_bloc,2024-03,2024-03-01,2024,3,50.0,Colombia; Venezuela,ged_rolling_24m,2,1.0986122886681098,False,True,61.0,55.0,4.127134385045092,4.02535169073515,56.0,56.0,56.0,1.0,48.0,55.0,34.0,50.0,31.0,0.0,28.0,8.0,2.0,0.0,1.0,1.0,1.0,14.0,0.0,1.0,0.8571428571428571,3.8918202981106265,0.9821428571428571,4.02535169073515,0.6071428571428571,3.5553480614894135,0.8928571428571429,3.9318256327243257,0.5535714285714286,3.4657359027997265,0.0,0.0,0.5,3.367295829986474,0.14285714285714285,2.1972245773362196,0.03571428571428571,1.0986122886681098,0.0,0.0,0.017857142857142856,0.6931471805599453,0.017857142857142856,0.6931471805599453,0.017857142857142856,0.6931471805599453,0.25,2.70805020110221,0.0,0.0,0.017857142857142856,0.6931471805599453,4.04305126783455
group:farc_bloc,743,743; 7974; 8468; 8469; 8478,FARC / FARC dissidents,group:farc_bloc,2024-04,2024-04-01,2024,4,51.0,Colombia; Venezuela,ged_rolling_24m,2,1.0986122886681098,False,True,55.0,66.0,4.02535169073515,4.204692619390966,56.0,56.0,56.0,1.0,48.0,55.0,34.0,50.0,36.0,0.0,33.0,0.0,1.0,0.0,1.0,2.0,2.0,16.0,1.0,0.0,0.8571428571428571,3.8918202981106265,0.9821428571428571,4.02535169073515,0.6071428571428571,3.5553480614894135,0.8928571428571429,3.9318256327243257,0.6428571428571429,3.6109179126442243,0.0,0.0,0.5892857142857143,3.5263605246161616,0.0,0.0,0.017857142857142856,0.6931471805599453,0.0,0.0,0.017857142857142856,0.6931471805599453,0.03571428571428571,1.0986122886681098,0.03571428571428571,1.0986122886681098,0.2857142857142857,2.833213344056216,0.017857142857142856,0.6931471805599453,0.0,0.0,4.04305126783455
group:farc_bloc,743,743; 7974; 8468; 8469; 8478,FARC / FARC dissidents,group:farc_bloc,2024-05,2024-05-01,2024,5,52.0,Colombia; Venezuela,ged_rolling_24m,2,1.0986122886681098,False,True,66.0,35.0,4.204692619390966,3.58351893845611,79.0,79.0,79.0,1.0,77.0,77.0,58.0,76.0,46.0,0.0,62.0,4.0,0.0,0.0,2.0,1.0,0.0,9.0,1.0,0.0,0.9746835443037974,4.356708826689592,0.9746835443037974,4.356708826689592,0.7341772151898734,4.07753744390572,0.9620253164556962,4.343805421853684,0.5822784810126582,3.8501476017100584,0.0,0.0,0.7848101265822784,4.143134726391533,0.05063291139240506,1.6094379124341003,0.0,0.0,0.0,0.0,0.02531645569620253,1.0986122886681098,0.012658227848101266,0.6931471805599453,0.0,0.0,0.11392405063291139,2.302585092994046,0.012658227848101266,0.6931471805599453,0.0,0.0,4.382026634673881
group:farc_bloc,743,743; 7974; 8468; 8469; 8478,FARC / FARC dissidents,group:farc_bloc,2024-06,2024-06-01,2024,6,53.0,Colombia; Venezuela,ged_rolling_24m,2,1.0986122886681098,False,True,35.0,34.0,3.58351893845611,3.5553480614894135,51.0,51.0,51.0,1.0,44.0,49.0,22.0,48.0,37.0,0.0,26.0,8.0,1.0,0.0,2.0,1.0,0.0,13.0,0.0,0.0,0.8627450980392157,3.8066624897703196,0.9607843137254902,3.912023005428146,0.43137254901960786,3.1354942159291497,0.9411764705882353,3.8918202981106265,0.7254901960784313,3.6375861597263857,0.0,0.0,0.5098039215686274,3.295836866004329,0.1568627450980392,2.1972245773362196,0.0196078431372549,0.6931471805599453,0.0,0.0,0.0392156862745098,1.0986122886681098,0.0196078431372549,0.6931471805599453,0.0,0.0,0.2549019607843137,2.6390573296152584,0.0,0.0,0.0,0.0,3.9512437185814275
group:farc_bloc,743,743; 7974; 8468; 8469; 8478,FARC / FARC dissidents,group:farc_bloc,2024-07,2024-07-01,2024,7,54.0,Colombia,ged_rolling_24m,1,0.6931471805599453,False,True,34.0,68.0,3.5553480614894135,4.23410650459726,44.0,44.0,44.0,1.0,39.0,42.0,15.0,40.0,31.0,0.0,22.0,6.0,0.0,0.0,1.0,2.0,0.0,13.0,0.0,0.0,0.8863636363636364,3.6888794541139363,0.9545454545454546,3.7612001156935624,0.3409090909090909,2.772588722239781,0.9090909090909091,3.713572066704308,0.7045454545454546,3.4657359027997265,0.0,0.0,0.5,3.1354942159291497,0.13636363636363635,1.9459101490553132,0.0,0.0,0.0,0.0,0.022727272727272728,0.6931471805599453,0.045454545454545456,1.0986122886681098,0.0,0.0,0.29545454545454547,2.6390573296152584,0.0,0.0,0.0,0.0,3.8066624897703196
group:farc_bloc,743,743; 7974; 8468; 8469; 8478,FARC / FARC dissidents,group:farc_bloc,2024-08,2024-08-01,2024,8,55.0,Colombia,ged_rolling_24m,1,0.6931471805599453,False,True,68.0,53.0,4.23410650459726,3.9889840465642745,27.0,27.0,27.0,1.0,26.0,26.0,10.0,24.0,16.0,0.0,19.0,2.0,0.0,0.0,1.0,1.0,0.0,4.0,0.0,0.0,0.9629629629629629,3.295836866004329,0.9629629629629629,3.295836866004329,0.37037037037037035,2.3978952727983707,0.8888888888888888,3.2188758248682006,0.5925925925925926,2.833213344056216,0.0,0.0,0.7037037037037037,2.995732273553991,0.07407407407407407,1.0986122886681098,0.0,0.0,0.0,0.0,0.037037037037037035,0.6931471805599453,0.037037037037037035,0.6931471805599453,0.0,0.0,0.14814814814814814,1.6094379124341003,0.0,0.0,0.0,0.0,3.332204510175204
group:farc_bloc,743,743; 7974; 8468; 8469; 8478,FARC / FARC dissidents,group:farc_bloc,2024-09,2024-09-01,2024,9,56.0,Colombia,ged_rolling_24m,1,0.6931471805599453,False,True,53.0,82.0,3.9889840465642745,4.418840607796598,17.0,17.0,17.0,1.0,15.0,17.0,10.0,16.0,9.0,0.0,9.0,1.0,0.0,0.0,0.0,0.0,0.0,7.0,0.0,0.0,0.8823529411764706,2.772588722239781,1.0,2.8903717578961645,0.5882352941176471,2.3978952727983707,0.9411764705882353,2.833213344056216,0.5294117647058824,2.302585092994046,0.0,0.0,0.5294117647058824,2.302585092994046,0.058823529411764705,0.6931471805599453,0.0,0.0,0.0,0.0,0.0,0.0,0.0,0.0,0.0,0.0,0.4117647058823529,2.0794415416798357,0.0,0.0,0.0,0.0,2.8903717578961645
group:farc_bloc,743,743; 7974; 8468; 8469; 8478,FARC / FARC dissidents,group:farc_bloc,2024-10,2024-10-01,2024,10,57.0,Colombia,ged_rolling_24m,1,0.6931471805599453,False,True,82.0,103.0,4.418840607796598,4.6443908991413725,44.0,44.0,44.0,1.0,41.0,43.0,18.0,42.0,30.0,0.0,30.0,3.0,1.0,0.0,1.0,2.0,0.0,7.0,0.0,0.0,0.9318181818181818,3.7376696182833684,0.9772727272727273,3.784189633918261,0.4090909090909091,2.9444389791664403,0.9545454545454546,3.7612001156935624,0.6818181818181818,3.4339872044851463,0.0,0.0,0.6818181818181818,3.4339872044851463,0.06818181818181818,1.3862943611198906,0.022727272727272728,0.6931471805599453,0.0,0.0,0.022727272727272728,0.6931471805599453,0.045454545454545456,1.0986122886681098,0.0,0.0,0.1590909090909091,2.0794415416798357,0.0,0.0,0.0,0.0,3.8066624897703196
group:farc_bloc,743,743; 7974; 8468; 8469; 8478,FARC / FARC dissidents,group:farc_bloc,2024-11,2024-11-01,2024,11,58.0,Colombia,ged_rolling_24m,1,0.6931471805599453,False,True,103.0,71.0,4.6443908991413725,4.276666119016055,12.0,12.0,12.0,1.0,9.0,11.0,10.0,12.0,3.0,0.0,4.0,1.0,0.0,0.0,1.0,0.0,0.0,6.0,0.0,0.0,0.75,2.302585092994046,0.9166666666666666,2.4849066497880004,0.8333333333333334,2.3978952727983707,1.0,2.5649493574615367,0.25,1.3862943611198906,0.0,0.0,0.3333333333333333,1.6094379124341003,0.08333333333333333,0.6931471805599453,0.0,0.0,0.0,0.0,0.08333333333333333,0.6931471805599453,0.0,0.0,0.0,0.0,0.5,1.9459101490553132,0.0,0.0,0.0,0.0,2.5649493574615367
group:farc_bloc,743,743; 7974; 8468; 8469; 8478,FARC / FARC dissidents,group:farc_bloc,2024-12,2024-12-01,2024,12,59.0,Colombia,ged_rolling_24m,1,0.6931471805599453,False,True,71.0,221.0,4.276666119016055,5.402677381872279,22.0,22.0,22.0,1.0,16.0,21.0,17.0,21.0,11.0,0.0,11.0,2.0,0.0,0.0,1.0,0.0,0.0,8.0,0.0,0.0,0.7272727272727273,2.833213344056216,0.9545454545454546,3.091042453358316,0.7727272727272727,2.8903717578961645,0.9545454545454546,3.091042453358316,0.5,2.4849066497880004,0.0,0.0,0.5,2.4849066497880004,0.09090909090909091,1.0986122886681098,0.0,0.0,0.0,0.0,0.045454545454545456,0.6931471805599453,0.0,0.0,0.0,0.0,0.36363636363636365,2.1972245773362196,0.0,0.0,0.0,0.0,3.1354942159291497
group:farc_bloc,743,743; 7974; 8468; 8469; 8478,FARC / FARC dissidents,group:farc_bloc,2025-01,2025-01-01,2025,1,60.0,Colombia,ged_rolling_24m,1,0.6931471805599453,False,True,221.0,33.0,5.402677381872279,3.5263605246161616,120.0,120.0,120.0,1.0,114.0,118.0,95.0,115.0,30.0,0.0,77.0,4.0,0.0,0.0,2.0,1.0,1.0,35.0,0.0,0.0,0.95,4.74493212836325,0.9833333333333333,4.77912349311153,0.7916666666666666,4.564348191467836,0.9583333333333334,4.7535901911063645,0.25,3.4339872044851463,0.0,0.0,0.6416666666666667,4.356708826689592,0.03333333333333333,1.6094379124341003,0.0,0.0,0.0,0.0,0.016666666666666666,1.0986122886681098,0.008333333333333333,0.6931471805599453,0.008333333333333333,0.6931471805599453,0.2916666666666667,3.58351893845611,0.0,0.0,0.0,0.0,4.795790545596741
group:farc_bloc,743,743; 7974; 8468; 8469; 8478,FARC / FARC dissidents,group:farc_bloc,2025-02,2025-02-01,2025,2,61.0,Colombia,ged_rolling_24m,1,0.6931471805599453,False,True,33.0,92.0,3.5263605246161616,4.532599493153256,63.0,63.0,63.0,1.0,54.0,61.0,40.0,60.0,34.0,0.0,37.0,6.0,2.0,0.0,2.0,3.0,0.0,13.0,0.0,0.0,0.8571428571428571,4.007333185232471,0.9682539682539683,4.127134385045092,0.6349206349206349,3.713572066704308,0.9523809523809523,4.110873864173311,0.5396825396825397,3.5553480614894135,0.0,0.0,0.5873015873015873,3.6375861597263857,0.09523809523809523,1.9459101490553132,0.031746031746031744,1.0986122886681098,0.0,0.0,0.031746031746031744,1.0986122886681098,0.047619047619047616,1.3862943611198906,0.0,0.0,0.20634920634920634,2.6390573296152584,0.0,0.0,0.0,0.0,4.1588830833596715
group:farc_bloc,743,743; 7974; 8468; 8469; 8478,FARC / FARC dissidents,group:farc_bloc,2025-03,2025-03-01,2025,3,62.0,Colombia,ged_rolling_24m,1,0.6931471805599453,False,True,92.0,85.0,4.532599493153256,4.454347296253507,55.0,55.0,55.0,1.0,48.0,51.0,37.0,49.0,30.0,0.0,34.0,8.0,1.0,0.0,4.0,0.0,0.0,7.0,1.0,0.0,0.8727272727272727,3.8918202981106265,0.9272727272727272,3.9512437185814275,0.6727272727272727,3.6375861597263857,0.8909090909090909,3.912023005428146,0.5454545454545454,3.4339872044851463,0.0,0.0,0.6181818181818182,3.5553480614894135,0.14545454545454545,2.1972245773362196,0.01818181818181818,0.6931471805599453,0.0,0.0,0.07272727272727272,1.6094379124341003,0.0,0.0,0.0,0.0,0.12727272727272726,2.0794415416798357,0.01818181818181818,0.6931471805599453,0.0,0.0,4.02535169073515
group:farc_bloc,743,743; 7974; 8468; 8469; 8478,FARC / FARC dissidents,group:farc_bloc,2025-04,2025-04-01,2025,4,63.0,Colombia,ged_rolling_24m,1,0.6931471805599453,False,True,85.0,76.0,4.454347296253507,4.343805421853684,62.0,62.0,62.0,1.0,54.0,57.0,41.0,58.0,30.0,0.0,40.0,3.0,2.0,0.0,5.0,0.0,0.0,12.0,0.0,0.0,0.8709677419354839,4.007333185232471,0.9193548387096774,4.060443010546419,0.6612903225806451,3.7376696182833684,0.9354838709677419,4.07753744390572,0.4838709677419355,3.4339872044851463,0.0,0.0,0.6451612903225806,3.713572066704308,0.04838709677419355,1.3862943611198906,0.03225806451612903,1.0986122886681098,0.0,0.0,0.08064516129032258,1.791759469228055,0.0,0.0,0.0,0.0,0.1935483870967742,2.5649493574615367,0.0,0.0,0.0,0.0,4.143134726391533
group:farc_bloc,743,743; 7974; 8468; 8469; 8478,FARC / FARC dissidents,group:farc_bloc,2025-05,2025-05-01,2025,5,64.0,Colombia,ged_rolling_24m,1,0.6931471805599453,False,True,76.0,88.0,4.343805421853684,4.48863636973214,54.0,54.0,54.0,1.0,47.0,53.0,39.0,50.0,39.0,0.0,40.0,0.0,0.0,0.0,1.0,3.0,0.0,10.0,0.0,0.0,0.8703703703703703,3.871201010907891,0.9814814814814815,3.9889840465642745,0.7222222222222222,3.6888794541139363,0.9259259259259259,3.9318256327243257,0.7222222222222222,3.6888794541139363,0.0,0.0,0.7407407407407407,3.713572066704308,0.0,0.0,0.0,0.0,0.0,0.0,0.018518518518518517,0.6931471805599453,0.05555555555555555,1.3862943611198906,0.0,0.0,0.18518518518518517,2.3978952727983707,0.0,0.0,0.0,0.0,4.007333185232471
group:farc_bloc,743,743; 7974; 8468; 8469; 8478,FARC / FARC dissidents,group:farc_bloc,2025-06,2025-06-01,2025,6,65.0,Colombia,ged_rolling_24m,1,0.6931471805599453,False,True,88.0,57.0,4.48863636973214,4.060443010546419,23.0,23.0,23.0,1.0,16.0,21.0,16.0,19.0,12.0,0.0,7.0,4.0,1.0,0.0,1.0,0.0,0.0,10.0,0.0,0.0,0.6956521739130435,2.833213344056216,0.9130434782608695,3.091042453358316,0.6956521739130435,2.833213344056216,0.8260869565217391,2.995732273553991,0.5217391304347826,2.5649493574615367,0.0,0.0,0.30434782608695654,2.0794415416798357,0.17391304347826086,1.6094379124341003,0.043478260869565216,0.6931471805599453,0.0,0.0,0.043478260869565216,0.6931471805599453,0.0,0.0,0.0,0.0,0.43478260869565216,2.3978952727983707,0.0,0.0,0.0,0.0,3.1780538303479458
group:farc_bloc,743,743; 7974; 8468; 8469; 8478,FARC / FARC dissidents,group:farc_bloc,2025-07,2025-07-01,2025,7,66.0,Colombia,ged_rolling_24m,1,0.6931471805599453,False,True,57.0,89.0,4.060443010546419,4.499809670330265,49.0,49.0,49.0,1.0,36.0,48.0,30.0,48.0,26.0,0.0,12.0,7.0,1.0,0.0,1.0,1.0,0.0,27.0,0.0,0.0,0.7346938775510204,3.6109179126442243,0.9795918367346939,3.8918202981106265,0.6122448979591837,3.4339872044851463,0.9795918367346939,3.8918202981106265,0.5306122448979592,3.295836866004329,0.0,0.0,0.24489795918367346,2.5649493574615367,0.14285714285714285,2.0794415416798357,0.02040816326530612,0.6931471805599453,0.0,0.0,0.02040816326530612,0.6931471805599453,0.02040816326530612,0.6931471805599453,0.0,0.0,0.5510204081632653,3.332204510175204,0.0,0.0,0.0,0.0,3.912023005428146
group:farc_bloc,743,743; 7974; 8468; 8469; 8478,FARC / FARC dissidents,group:farc_bloc,2025-08,2025-08-01,2025,8,67.0,Colombia,ged_rolling_24m,1,0.6931471805599453,False,True,89.0,87.0,4.499809670330265,4.477336814478207,82.0,82.0,82.0,1.0,73.0,81.0,61.0,74.0,54.0,0.0,50.0,5.0,1.0,0.0,1.0,2.0,1.0,21.0,1.0,0.0,0.8902439024390244,4.30406509320417,0.9878048780487805,4.406719247264253,0.7439024390243902,4.127134385045092,0.9024390243902439,4.31748811353631,0.6585365853658537,4.007333185232471,0.0,0.0,0.6097560975609756,3.9318256327243257,0.06097560975609756,1.791759469228055,0.012195121951219513,0.6931471805599453,0.0,0.0,0.012195121951219513,0.6931471805599453,0.024390243902439025,1.0986122886681098,0.012195121951219513,0.6931471805599453,0.25609756097560976,3.091042453358316,0.012195121951219513,0.6931471805599453,0.0,0.0,4.418840607796598
group:farc_bloc,743,743; 7974; 8468; 8469; 8478,FARC / FARC dissidents,group:farc_bloc,2025-09,2025-09-01,2025,9,68.0,Colombia,ged_rolling_24m,1,0.6931471805599453,False,True,87.0,29.0,4.477336814478207,3.4011973816621555,47.0,47.0,47.0,1.0,42.0,45.0,35.0,42.0,28.0,0.0,24.0,2.0,1.0,0.0,2.0,1.0,0.0,17.0,0.0,0.0,0.8936170212765957,3.7612001156935624,0.9574468085106383,3.828641396489095,0.7446808510638298,3.58351893845611,0.8936170212765957,3.7612001156935624,0.5957446808510638,3.367295829986474,0.0,0.0,0.5106382978723404,3.2188758248682006,0.0425531914893617,1.0986122886681098,0.02127659574468085,0.6931471805599453,0.0,0.0,0.0425531914893617,1.0986122886681098,0.02127659574468085,0.6931471805599453,0.0,0.0,0.3617021276595745,2.8903717578961645,0.0,0.0,0.0,0.0,3.871201010907891
group:farc_bloc,743,743; 7974; 8468; 8469; 8478,FARC / FARC dissidents,group:farc_bloc,2025-10,2025-10-01,2025,10,69.0,Colombia,ged_rolling_24m,1,0.6931471805599453,False,True,29.0,65.0,3.4011973816621555,4.189654742026425,35.0,35.0,35.0,1.0,29.0,34.0,20.0,32.0,20.0,0.0,15.0,5.0,0.0,0.0,1.0,0.0,0.0,14.0,0.0,0.0,0.8285714285714286,3.4011973816621555,0.9714285714285714,3.5553480614894135,0.5714285714285714,3.044522437723423,0.9142857142857143,3.4965075614664802,0.5714285714285714,3.044522437723423,0.0,0.0,0.42857142857142855,2.772588722239781,0.14285714285714285,1.791759469228055,0.0,0.0,0.0,0.0,0.02857142857142857,0.6931471805599453,0.0,0.0,0.0,0.0,0.4,2.70805020110221,0.0,0.0,0.0,0.0,3.58351893845611
group:farc_bloc,743,743; 7974; 8468; 8469; 8478,FARC / FARC dissidents,group:farc_bloc,2025-11,2025-11-01,2025,11,70.0,Colombia,ged_rolling_24m,1,0.6931471805599453,False,True,65.0,64.0,4.189654742026425,4.174387269895637,71.0,71.0,71.0,1.0,62.0,68.0,54.0,68.0,51.0,0.0,46.0,2.0,0.0,0.0,2.0,2.0,0.0,19.0,0.0,0.0,0.8732394366197183,4.143134726391533,0.9577464788732394,4.23410650459726,0.7605633802816901,4.007333185232471,0.9577464788732394,4.23410650459726,0.7183098591549296,3.9512437185814275,0.0,0.0,0.647887323943662,3.8501476017100584,0.028169014084507043,1.0986122886681098,0.0,0.0,0.0,0.0,0.028169014084507043,1.0986122886681098,0.028169014084507043,1.0986122886681098,0.0,0.0,0.2676056338028169,2.995732273553991,0.0,0.0,0.0,0.0,4.276666119016055
group:farc_bloc,743,743; 7974; 8468; 8469; 8478,FARC / FARC dissidents,group:farc_bloc,2025-12,2025-12-01,2025,12,71.0,Colombia,ged_rolling_24m,1,0.6931471805599453,False,False,64.0,,4.174387269895637,,31.0,31.0,31.0,1.0,27.0,30.0,20.0,31.0,21.0,0.0,19.0,4.0,0.0,0.0,0.0,0.0,1.0,7.0,0.0,0.0,0.8709677419354839,3.332204510175204,0.967741935483871,3.4339872044851463,0.6451612903225806,3.044522437723423,1.0,3.4657359027997265,0.6774193548387096,3.091042453358316,0.0,0.0,0.6129032258064516,2.995732273553991,0.12903225806451613,1.6094379124341003,0.0,0.0,0.0,0.0,0.0,0.0,0.0,0.0,0.03225806451612903,0.6931471805599453,0.22580645161290322,2.0794415416798357,0.0,0.0,0.0,0.0,3.4657359027997265
453,453,453,FUCD,453,2020-01,2020-01-01,2020,1,0.0,Chad,ucdp_actor_metadata_fallback,1,0.6931471805599453,False,True,40.0,53.0,3.713572066704308,3.9889840465642745,0.0,0.0,0.0,0.0,0.0,0.0,0.0,0.0,0.0,0.0,0.0,0.0,0.0,0.0,0.0,0.0,0.0,0.0,0.0,0.0,0.0,0.0,0.0,0.0,0.0,0.0,0.0,0.0,0.0,0.0,0.0,0.0,0.0,0.0,0.0,0.0,0.0,0.0,0.0,0.0,0.0,0.0,0.0,0.0,0.0,0.0,0.0,0.0,0.0,0.0,0.0,0.0,0.0
453,453,453,FUCD,453,2020-02,2020-02-01,2020,2,1.0,Chad,ucdp_actor_metadata_fallback,1,0.6931471805599453,False,True,53.0,38.0,3.9889840465642745,3.6635616461296463,0.0,0.0,0.0,0.0,0.0,0.0,0.0,0.0,0.0,0.0,0.0,0.0,0.0,0.0,0.0,0.0,0.0,0.0,0.0,0.0,0.0,0.0,0.0,0.0,0.0,0.0,0.0,0.0,0.0,0.0,0.0,0.0,0.0,0.0,0.0,0.0,0.0,0.0,0.0,0.0,0.0,0.0,0.0,0.0,0.0,0.0,0.0,0.0,0.0,0.0,0.0,0.0,0.0
453,453,453,FUCD,453,2020-03,2020-03-01,2020,3,2.0,Chad,ucdp_actor_metadata_fallback,1,0.6931471805599453,False,True,38.0,2.0,3.6635616461296463,1.0986122886681098,0.0,0.0,0.0,0.0,0.0,0.0,0.0,0.0,0.0,0.0,0.0,0.0,0.0,0.0,0.0,0.0,0.0,0.0,0.0,0.0,0.0,0.0,0.0,0.0,0.0,0.0,0.0,0.0,0.0,0.0,0.0,0.0,0.0,0.0,0.0,0.0,0.0,0.0,0.0,0.0,0.0,0.0,0.0,0.0,0.0,0.0,0.0,0.0,0.0,0.0,0.0,0.0,0.0
453,453,453,FUCD,453,2020-04,2020-04-01,2020,4,3.0,Chad,ucdp_actor_metadata_fallback,1,0.6931471805599453,False,True,2.0,0.0,1.0986122886681098,0.0,0.0,0.0,0.0,0.0,0.0,0.0,0.0,0.0,0.0,0.0,0.0,0.0,0.0,0.0,0.0,0.0,0.0,0.0,0.0,0.0,0.0,0.0,0.0,0.0,0.0,0.0,0.0,0.0,0.0,0.0,0.0,0.0,0.0,0.0,0.0,0.0,0.0,0.0,0.0,0.0,0.0,0.0,0.0,0.0,0.0,0.0,0.0,0.0,0.0,0.0,0.0,0.0,0.0
453,453,453,FUCD,453,2020-05,2020-05-01,2020,5,4.0,Chad,ucdp_actor_metadata_fallback,1,0.6931471805599453,False,True,0.0,0.0,0.0,0.0,0.0,0.0,0.0,0.0,0.0,0.0,0.0,0.0,0.0,0.0,0.0,0.0,0.0,0.0,0.0,0.0,0.0,0.0,0.0,0.0,0.0,0.0,0.0,0.0,0.0,0.0,0.0,0.0,0.0,0.0,0.0,0.0,0.0,0.0,0.0,0.0,0.0,0.0,0.0,0.0,0.0,0.0,0.0,0.0,0.0,0.0,0.0,0.0,0.0,0.0,0.0,0.0,0.0
453,453,453,FUCD,453,2020-06,2020-06-01,2020,6,5.0,Chad,ucdp_actor_metadata_fallback,1,0.6931471805599453,False,True,0.0,28.0,0.0,3.367295829986474,0.0,0.0,0.0,0.0,0.0,0.0,0.0,0.0,0.0,0.0,0.0,0.0,0.0,0.0,0.0,0.0,0.0,0.0,0.0,0.0,0.0,0.0,0.0,0.0,0.0,0.0,0.0,0.0,0.0,0.0,0.0,0.0,0.0,0.0,0.0,0.0,0.0,0.0,0.0,0.0,0.0,0.0,0.0,0.0,0.0,0.0,0.0,0.0,0.0,0.0,0.0,0.0,0.0
453,453,453,FUCD,453,2020-07,2020-07-01,2020,7,6.0,Chad,ucdp_actor_metadata_fallback,1,0.6931471805599453,False,True,28.0,0.0,3.367295829986474,0.0,0.0,0.0,0.0,0.0,0.0,0.0,0.0,0.0,0.0,0.0,0.0,0.0,0.0,0.0,0.0,0.0,0.0,0.0,0.0,0.0,0.0,0.0,0.0,0.0,0.0,0.0,0.0,0.0,0.0,0.0,0.0,0.0,0.0,0.0,0.0,0.0,0.0,0.0,0.0,0.0,0.0,0.0,0.0,0.0,0.0,0.0,0.0,0.0,0.0,0.0,0.0,0.0,0.0
453,453,453,FUCD,453,2020-08,2020-08-01,2020,8,7.0,Chad,ucdp_actor_metadata_fallback,1,0.6931471805599453,False,True,0.0,33.0,0.0,3.5263605246161616,0.0,0.0,0.0,0.0,0.0,0.0,0.0,0.0,0.0,0.0,0.0,0.0,0.0,0.0,0.0,0.0,0.0,0.0,0.0,0.0,0.0,0.0,0.0,0.0,0.0,0.0,0.0,0.0,0.0,0.0,0.0,0.0,0.0,0.0,0.0,0.0,0.0,0.0,0.0,0.0,0.0,0.0,0.0,0.0,0.0,0.0,0.0,0.0,0.0,0.0,0.0,0.0,0.0
453,453,453,FUCD,453,2020-09,2020-09-01,2020,9,8.0,Chad,ucdp_actor_metadata_fallback,1,0.6931471805599453,False,True,33.0,16.0,3.5263605246161616,2.833213344056216,0.0,0.0,0.0,0.0,0.0,0.0,0.0,0.0,0.0,0.0,0.0,0.0,0.0,0.0,0.0,0.0,0.0,0.0,0.0,0.0,0.0,0.0,0.0,0.0,0.0,0.0,0.0,0.0,0.0,0.0,0.0,0.0,0.0,0.0,0.0,0.0,0.0,0.0,0.0,0.0,0.0,0.0,0.0,0.0,0.0,0.0,0.0,0.0,0.0,0.0,0.0,0.0,0.0
453,453,453,FUCD,453,2020-10,2020-10-01,2020,10,9.0,Chad,ucdp_actor_metadata_fallback,1,0.6931471805599453,False,True,16.0,14.0,2.833213344056216,2.70805020110221,0.0,0.0,0.0,0.0,0.0,0.0,0.0,0.0,0.0,0.0,0.0,0.0,0.0,0.0,0.0,0.0,0.0,0.0,0.0,0.0,0.0,0.0,0.0,0.0,0.0,0.0,0.0,0.0,0.0,0.0,0.0,0.0,0.0,0.0,0.0,0.0,0.0,0.0,0.0,0.0,0.0,0.0,0.0,0.0,0.0,0.0,0.0,0.0,0.0,0.0,0.0,0.0,0.0
453,453,453,FUCD,453,2020-11,2020-11-01,2020,11,10.0,Chad,ucdp_actor_metadata_fallback,1,0.6931471805599453,False,True,14.0,25.0,2.70805020110221,3.258096538021482,0.0,0.0,0.0,0.0,0.0,0.0,0.0,0.0,0.0,0.0,0.0,0.0,0.0,0.0,0.0,0.0,0.0,0.0,0.0,0.0,0.0,0.0,0.0,0.0,0.0,0.0,0.0,0.0,0.0,0.0,0.0,0.0,0.0,0.0,0.0,0.0,0.0,0.0,0.0,0.0,0.0,0.0,0.0,0.0,0.0,0.0,0.0,0.0,0.0,0.0,0.0,0.0,0.0
453,453,453,FUCD,453,2020-12,2020-12-01,2020,12,11.0,Chad,ucdp_actor_metadata_fallback,1,0.6931471805599453,False,True,25.0,12.0,3.258096538021482,2.5649493574615367,0.0,0.0,0.0,0.0,0.0,0.0,0.0,0.0,0.0,0.0,0.0,0.0,0.0,0.0,0.0,0.0,0.0,0.0,0.0,0.0,0.0,0.0,0.0,0.0,0.0,0.0,0.0,0.0,0.0,0.0,0.0,0.0,0.0,0.0,0.0,0.0,0.0,0.0,0.0,0.0,0.0,0.0,0.0,0.0,0.0,0.0,0.0,0.0,0.0,0.0,0.0,0.0,0.0
453,453,453,FUCD,453,2021-01,2021-01-01,2021,1,12.0,Chad,ucdp_actor_metadata_fallback,1,0.6931471805599453,False,True,12.0,0.0,2.5649493574615367,0.0,0.0,0.0,0.0,0.0,0.0,0.0,0.0,0.0,0.0,0.0,0.0,0.0,0.0,0.0,0.0,0.0,0.0,0.0,0.0,0.0,0.0,0.0,0.0,0.0,0.0,0.0,0.0,0.0,0.0,0.0,0.0,0.0,0.0,0.0,0.0,0.0,0.0,0.0,0.0,0.0,0.0,0.0,0.0,0.0,0.0,0.0,0.0,0.0,0.0,0.0,0.0,0.0,0.0
453,453,453,FUCD,453,2021-02,2021-02-01,2021,2,13.0,Chad,ucdp_actor_metadata_fallback,1,0.6931471805599453,False,True,0.0,0.0,0.0,0.0,0.0,0.0,0.0,0.0,0.0,0.0,0.0,0.0,0.0,0.0,0.0,0.0,0.0,0.0,0.0,0.0,0.0,0.0,0.0,0.0,0.0,0.0,0.0,0.0,0.0,0.0,0.0,0.0,0.0,0.0,0.0,0.0,0.0,0.0,0.0,0.0,0.0,0.0,0.0,0.0,0.0,0.0,0.0,0.0,0.0,0.0,0.0,0.0,0.0,0.0,0.0,0.0,0.0
453,453,453,FUCD,453,2021-03,2021-03-01,2021,3,14.0,Chad,ucdp_actor_metadata_fallback,1,0.6931471805599453,False,True,0.0,644.0,0.0,6.4692503167957724,0.0,0.0,0.0,0.0,0.0,0.0,0.0,0.0,0.0,0.0,0.0,0.0,0.0,0.0,0.0,0.0,0.0,0.0,0.0,0.0,0.0,0.0,0.0,0.0,0.0,0.0,0.0,0.0,0.0,0.0,0.0,0.0,0.0,0.0,0.0,0.0,0.0,0.0,0.0,0.0,0.0,0.0,0.0,0.0,0.0,0.0,0.0,0.0,0.0,0.0,0.0,0.0,0.0
453,453,453,FUCD,453,2021-04,2021-04-01,2021,4,15.0,Chad,ucdp_actor_metadata_fallback,1,0.6931471805599453,False,True,644.0,1.0,6.4692503167957724,0.6931471805599453,0.0,0.0,0.0,0.0,0.0,0.0,0.0,0.0,0.0,0.0,0.0,0.0,0.0,0.0,0.0,0.0,0.0,0.0,0.0,0.0,0.0,0.0,0.0,0.0,0.0,0.0,0.0,0.0,0.0,0.0,0.0,0.0,0.0,0.0,0.0,0.0,0.0,0.0,0.0,0.0,0.0,0.0,0.0,0.0,0.0,0.0,0.0,0.0,0.0,0.0,0.0,0.0,0.0
453,453,453,FUCD,453,2021-05,2021-05-01,2021,5,16.0,Chad,ucdp_actor_metadata_fallback,1,0.6931471805599453,False,True,1.0,0.0,0.6931471805599453,0.0,0.0,0.0,0.0,0.0,0.0,0.0,0.0,0.0,0.0,0.0,0.0,0.0,0.0,0.0,0.0,0.0,0.0,0.0,0.0,0.0,0.0,0.0,0.0,0.0,0.0,0.0,0.0,0.0,0.0,0.0,0.0,0.0,0.0,0.0,0.0,0.0,0.0,0.0,0.0,0.0,0.0,0.0,0.0,0.0,0.0,0.0,0.0,0.0,0.0,0.0,0.0,0.0,0.0
453,453,453,FUCD,453,2021-06,2021-06-01,2021,6,17.0,Chad,ucdp_actor_metadata_fallback,1,0.6931471805599453,False,True,0.0,0.0,0.0,0.0,0.0,0.0,0.0,0.0,0.0,0.0,0.0,0.0,0.0,0.0,0.0,0.0,0.0,0.0,0.0,0.0,0.0,0.0,0.0,0.0,0.0,0.0,0.0,0.0,0.0,0.0,0.0,0.0,0.0,0.0,0.0,0.0,0.0,0.0,0.0,0.0,0.0,0.0,0.0,0.0,0.0,0.0,0.0,0.0,0.0,0.0,0.0,0.0,0.0,0.0,0.0,0.0,0.0
453,453,453,FUCD,453,2021-07,2021-07-01,2021,7,18.0,Chad,ucdp_actor_metadata_fallback,1,0.6931471805599453,False,True,0.0,0.0,0.0,0.0,0.0,0.0,0.0,0.0,0.0,0.0,0.0,0.0,0.0,0.0,0.0,0.0,0.0,0.0,0.0,0.0,0.0,0.0,0.0,0.0,0.0,0.0,0.0,0.0,0.0,0.0,0.0,0.0,0.0,0.0,0.0,0.0,0.0,0.0,0.0,0.0,0.0,0.0,0.0,0.0,0.0,0.0,0.0,0.0,0.0,0.0,0.0,0.0,0.0,0.0,0.0,0.0,0.0
453,453,453,FUCD,453,2021-08,2021-08-01,2021,8,19.0,Chad,ucdp_actor_metadata_fallback,1,0.6931471805599453,False,True,0.0,9.0,0.0,2.302585092994046,0.0,0.0,0.0,0.0,0.0,0.0,0.0,0.0,0.0,0.0,0.0,0.0,0.0,0.0,0.0,0.0,0.0,0.0,0.0,0.0,0.0,0.0,0.0,0.0,0.0,0.0,0.0,0.0,0.0,0.0,0.0,0.0,0.0,0.0,0.0,0.0,0.0,0.0,0.0,0.0,0.0,0.0,0.0,0.0,0.0,0.0,0.0,0.0,0.0,0.0,0.0,0.0,0.0
453,453,453,FUCD,453,2021-09,2021-09-01,2021,9,20.0,Chad,ucdp_actor_metadata_fallback,1,0.6931471805599453,False,True,9.0,0.0,2.302585092994046,0.0,0.0,0.0,0.0,0.0,0.0,0.0,0.0,0.0,0.0,0.0,0.0,0.0,0.0,0.0,0.0,0.0,0.0,0.0,0.0,0.0,0.0,0.0,0.0,0.0,0.0,0.0,0.0,0.0,0.0,0.0,0.0,0.0,0.0,0.0,0.0,0.0,0.0,0.0,0.0,0.0,0.0,0.0,0.0,0.0,0.0,0.0,0.0,0.0,0.0,0.0,0.0,0.0,0.0
453,453,453,FUCD,453,2021-10,2021-10-01,2021,10,21.0,Chad,ucdp_actor_metadata_fallback,1,0.6931471805599453,False,True,0.0,1.0,0.0,0.6931471805599453,1.0,1.0,1.0,1.0,0.0,0.0,0.0,1.0,0.0,0.0,0.0,0.0,0.0,0.0,1.0,0.0,0.0,0.0,0.0,0.0,0.0,0.0,0.0,0.0,0.0,0.0,1.0,0.6931471805599453,0.0,0.0,0.0,0.0,0.0,0.0,0.0,0.0,0.0,0.0,0.0,0.0,1.0,0.6931471805599453,0.0,0.0,0.0,0.0,0.0,0.0,0.0,0.0,0.0,0.0,0.6931471805599453
453,453,453,FUCD,453,2021-11,2021-11-01,2021,11,22.0,Chad,ucdp_actor_metadata_fallback,1,0.6931471805599453,False,True,1.0,0.0,0.6931471805599453,0.0,0.0,0.0,0.0,0.0,0.0,0.0,0.0,0.0,0.0,0.0,0.0,0.0,0.0,0.0,0.0,0.0,0.0,0.0,0.0,0.0,0.0,0.0,0.0,0.0,0.0,0.0,0.0,0.0,0.0,0.0,0.0,0.0,0.0,0.0,0.0,0.0,0.0,0.0,0.0,0.0,0.0,0.0,0.0,0.0,0.0,0.0,0.0,0.0,0.0,0.0,0.0,0.0,0.0
453,453,453,FUCD,453,2021-12,2021-12-01,2021,12,23.0,Chad,ucdp_actor_metadata_fallback,1,0.6931471805599453,False,True,0.0,13.0,0.0,2.6390573296152584,0.0,0.0,0.0,0.0,0.0,0.0,0.0,0.0,0.0,0.0,0.0,0.0,0.0,0.0,0.0,0.0,0.0,0.0,0.0,0.0,0.0,0.0,0.0,0.0,0.0,0.0,0.0,0.0,0.0,0.0,0.0,0.0,0.0,0.0,0.0,0.0,0.0,0.0,0.0,0.0,0.0,0.0,0.0,0.0,0.0,0.0,0.0,0.0,0.0,0.0,0.0,0.0,0.0
453,453,453,FUCD,453,2022-01,2022-01-01,2022,1,24.0,Chad,ucdp_actor_metadata_fallback,1,0.6931471805599453,False,True,13.0,26.0,2.6390573296152584,3.295836866004329,0.0,0.0,0.0,0.0,0.0,0.0,0.0,0.0,0.0,0.0,0.0,0.0,0.0,0.0,0.0,0.0,0.0,0.0,0.0,0.0,0.0,0.0,0.0,0.0,0.0,0.0,0.0,0.0,0.0,0.0,0.0,0.0,0.0,0.0,0.0,0.0,0.0,0.0,0.0,0.0,0.0,0.0,0.0,0.0,0.0,0.0,0.0,0.0,0.0,0.0,0.0,0.0,0.0
453,453,453,FUCD,453,2022-02,2022-02-01,2022,2,25.0,Chad,ucdp_actor_metadata_fallback,1,0.6931471805599453,False,True,26.0,0.0,3.295836866004329,0.0,0.0,0.0,0.0,0.0,0.0,0.0,0.0,0.0,0.0,0.0,0.0,0.0,0.0,0.0,0.0,0.0,0.0,0.0,0.0,0.0,0.0,0.0,0.0,0.0,0.0,0.0,0.0,0.0,0.0,0.0,0.0,0.0,0.0,0.0,0.0,0.0,0.0,0.0,0.0,0.0,0.0,0.0,0.0,0.0,0.0,0.0,0.0,0.0,0.0,0.0,0.0,0.0,0.0
453,453,453,FUCD,453,2022-03,2022-03-01,2022,3,26.0,Chad,ucdp_actor_metadata_fallback,1,0.6931471805599453,False,True,0.0,0.0,0.0,0.0,0.0,0.0,0.0,0.0,0.0,0.0,0.0,0.0,0.0,0.0,0.0,0.0,0.0,0.0,0.0,0.0,0.0,0.0,0.0,0.0,0.0,0.0,0.0,0.0,0.0,0.0,0.0,0.0,0.0,0.0,0.0,0.0,0.0,0.0,0.0,0.0,0.0,0.0,0.0,0.0,0.0,0.0,0.0,0.0,0.0,0.0,0.0,0.0,0.0,0.0,0.0,0.0,0.0
453,453,453,FUCD,453,2022-04,2022-04-01,2022,4,27.0,Chad,ucdp_actor_metadata_fallback,1,0.6931471805599453,False,True,0.0,0.0,0.0,0.0,0.0,0.0,0.0,0.0,0.0,0.0,0.0,0.0,0.0,0.0,0.0,0.0,0.0,0.0,0.0,0.0,0.0,0.0,0.0,0.0,0.0,0.0,0.0,0.0,0.0,0.0,0.0,0.0,0.0,0.0,0.0,0.0,0.0,0.0,0.0,0.0,0.0,0.0,0.0,0.0,0.0,0.0,0.0,0.0,0.0,0.0,0.0,0.0,0.0,0.0,0.0,0.0,0.0
453,453,453,FUCD,453,2022-05,2022-05-01,2022,5,28.0,Chad,ucdp_actor_metadata_fallback,1,0.6931471805599453,False,True,0.0,10.0,0.0,2.3978952727983707,0.0,0.0,0.0,0.0,0.0,0.0,0.0,0.0,0.0,0.0,0.0,0.0,0.0,0.0,0.0,0.0,0.0,0.0,0.0,0.0,0.0,0.0,0.0,0.0,0.0,0.0,0.0,0.0,0.0,0.0,0.0,0.0,0.0,0.0,0.0,0.0,0.0,0.0,0.0,0.0,0.0,0.0,0.0,0.0,0.0,0.0,0.0,0.0,0.0,0.0,0.0,0.0,0.0
453,453,453,FUCD,453,2022-06,2022-06-01,2022,6,29.0,Chad,ucdp_actor_metadata_fallback,1,0.6931471805599453,False,True,10.0,0.0,2.3978952727983707,0.0,0.0,0.0,0.0,0.0,0.0,0.0,0.0,0.0,0.0,0.0,0.0,0.0,0.0,0.0,0.0,0.0,0.0,0.0,0.0,0.0,0.0,0.0,0.0,0.0,0.0,0.0,0.0,0.0,0.0,0.0,0.0,0.0,0.0,0.0,0.0,0.0,0.0,0.0,0.0,0.0,0.0,0.0,0.0,0.0,0.0,0.0,0.0,0.0,0.0,0.0,0.0,0.0,0.0
453,453,453,FUCD,453,2022-07,2022-07-01,2022,7,30.0,Chad,ucdp_actor_metadata_fallback,1,0.6931471805599453,False,True,0.0,22.0,0.0,3.1354942159291497,0.0,0.0,0.0,0.0,0.0,0.0,0.0,0.0,0.0,0.0,0.0,0.0,0.0,0.0,0.0,0.0,0.0,0.0,0.0,0.0,0.0,0.0,0.0,0.0,0.0,0.0,0.0,0.0,0.0,0.0,0.0,0.0,0.0,0.0,0.0,0.0,0.0,0.0,0.0,0.0,0.0,0.0,0.0,0.0,0.0,0.0,0.0,0.0,0.0,0.0,0.0,0.0,0.0
453,453,453,FUCD,453,2022-08,2022-08-01,2022,8,31.0,Chad,ucdp_actor_metadata_fallback,1,0.6931471805599453,False,True,22.0,30.0,3.1354942159291497,3.4339872044851463,0.0,0.0,0.0,0.0,0.0,0.0,0.0,0.0,0.0,0.0,0.0,0.0,0.0,0.0,0.0,0.0,0.0,0.0,0.0,0.0,0.0,0.0,0.0,0.0,0.0,0.0,0.0,0.0,0.0,0.0,0.0,0.0,0.0,0.0,0.0,0.0,0.0,0.0,0.0,0.0,0.0,0.0,0.0,0.0,0.0,0.0,0.0,0.0,0.0,0.0,0.0,0.0,0.0
453,453,453,FUCD,453,2022-09,2022-09-01,2022,9,32.0,Chad,ucdp_actor_metadata_fallback,1,0.6931471805599453,False,True,30.0,0.0,3.4339872044851463,0.0,0.0,0.0,0.0,0.0,0.0,0.0,0.0,0.0,0.0,0.0,0.0,0.0,0.0,0.0,0.0,0.0,0.0,0.0,0.0,0.0,0.0,0.0,0.0,0.0,0.0,0.0,0.0,0.0,0.0,0.0,0.0,0.0,0.0,0.0,0.0,0.0,0.0,0.0,0.0,0.0,0.0,0.0,0.0,0.0,0.0,0.0,0.0,0.0,0.0,0.0,0.0,0.0,0.0
453,453,453,FUCD,453,2022-10,2022-10-01,2022,10,33.0,Chad,ucdp_actor_metadata_fallback,1,0.6931471805599453,False,True,0.0,14.0,0.0,2.70805020110221,0.0,0.0,0.0,0.0,0.0,0.0,0.0,0.0,0.0,0.0,0.0,0.0,0.0,0.0,0.0,0.0,0.0,0.0,0.0,0.0,0.0,0.0,0.0,0.0,0.0,0.0,0.0,0.0,0.0,0.0,0.0,0.0,0.0,0.0,0.0,0.0,0.0,0.0,0.0,0.0,0.0,0.0,0.0,0.0,0.0,0.0,0.0,0.0,0.0,0.0,0.0,0.0,0.0
453,453,453,FUCD,453,2022-11,2022-11-01,2022,11,34.0,Chad,ucdp_actor_metadata_fallback,1,0.6931471805599453,False,True,14.0,0.0,2.70805020110221,0.0,0.0,0.0,0.0,0.0,0.0,0.0,0.0,0.0,0.0,0.0,0.0,0.0,0.0,0.0,0.0,0.0,0.0,0.0,0.0,0.0,0.0,0.0,0.0,0.0,0.0,0.0,0.0,0.0,0.0,0.0,0.0,0.0,0.0,0.0,0.0,0.0,0.0,0.0,0.0,0.0,0.0,0.0,0.0,0.0,0.0,0.0,0.0,0.0,0.0,0.0,0.0,0.0,0.0
453,453,453,FUCD,453,2022-12,2022-12-01,2022,12,35.0,Chad,ucdp_actor_metadata_fallback,1,0.6931471805599453,False,True,0.0,0.0,0.0,0.0,0.0,0.0,0.0,0.0,0.0,0.0,0.0,0.0,0.0,0.0,0.0,0.0,0.0,0.0,0.0,0.0,0.0,0.0,0.0,0.0,0.0,0.0,0.0,0.0,0.0,0.0,0.0,0.0,0.0,0.0,0.0,0.0,0.0,0.0,0.0,0.0,0.0,0.0,0.0,0.0,0.0,0.0,0.0,0.0,0.0,0.0,0.0,0.0,0.0,0.0,0.0,0.0,0.0
453,453,453,FUCD,453,2023-01,2023-01-01,2023,1,36.0,Chad,ucdp_actor_metadata_fallback,1,0.6931471805599453,False,True,0.0,14.0,0.0,2.70805020110221,0.0,0.0,0.0,0.0,0.0,0.0,0.0,0.0,0.0,0.0,0.0,0.0,0.0,0.0,0.0,0.0,0.0,0.0,0.0,0.0,0.0,0.0,0.0,0.0,0.0,0.0,0.0,0.0,0.0,0.0,0.0,0.0,0.0,0.0,0.0,0.0,0.0,0.0,0.0,0.0,0.0,0.0,0.0,0.0,0.0,0.0,0.0,0.0,0.0,0.0,0.0,0.0,0.0
453,453,453,FUCD,453,2023-02,2023-02-01,2023,2,37.0,Chad,ucdp_actor_metadata_fallback,1,0.6931471805599453,False,True,14.0,0.0,2.70805020110221,0.0,0.0,0.0,0.0,0.0,0.0,0.0,0.0,0.0,0.0,0.0,0.0,0.0,0.0,0.0,0.0,0.0,0.0,0.0,0.0,0.0,0.0,0.0,0.0,0.0,0.0,0.0,0.0,0.0,0.0,0.0,0.0,0.0,0.0,0.0,0.0,0.0,0.0,0.0,0.0,0.0,0.0,0.0,0.0,0.0,0.0,0.0,0.0,0.0,0.0,0.0,0.0,0.0,0.0
453,453,453,FUCD,453,2023-03,2023-03-01,2023,3,38.0,Chad,ucdp_actor_metadata_fallback,1,0.6931471805599453,False,True,0.0,0.0,0.0,0.0,0.0,0.0,0.0,0.0,0.0,0.0,0.0,0.0,0.0,0.0,0.0,0.0,0.0,0.0,0.0,0.0,0.0,0.0,0.0,0.0,0.0,0.0,0.0,0.0,0.0,0.0,0.0,0.0,0.0,0.0,0.0,0.0,0.0,0.0,0.0,0.0,0.0,0.0,0.0,0.0,0.0,0.0,0.0,0.0,0.0,0.0,0.0,0.0,0.0,0.0,0.0,0.0,0.0
453,453,453,FUCD,453,2023-04,2023-04-01,2023,4,39.0,Chad,ucdp_actor_metadata_fallback,1,0.6931471805599453,False,True,0.0,31.0,0.0,3.4657359027997265,0.0,0.0,0.0,0.0,0.0,0.0,0.0,0.0,0.0,0.0,0.0,0.0,0.0,0.0,0.0,0.0,0.0,0.0,0.0,0.0,0.0,0.0,0.0,0.0,0.0,0.0,0.0,0.0,0.0,0.0,0.0,0.0,0.0,0.0,0.0,0.0,0.0,0.0,0.0,0.0,0.0,0.0,0.0,0.0,0.0,0.0,0.0,0.0,0.0,0.0,0.0,0.0,0.0
453,453,453,FUCD,453,2023-05,2023-05-01,2023,5,40.0,Chad,ucdp_actor_metadata_fallback,1,0.6931471805599453,False,True,31.0,23.0,3.4657359027997265,3.1780538303479458,0.0,0.0,0.0,0.0,0.0,0.0,0.0,0.0,0.0,0.0,0.0,0.0,0.0,0.0,0.0,0.0,0.0,0.0,0.0,0.0,0.0,0.0,0.0,0.0,0.0,0.0,0.0,0.0,0.0,0.0,0.0,0.0,0.0,0.0,0.0,0.0,0.0,0.0,0.0,0.0,0.0,0.0,0.0,0.0,0.0,0.0,0.0,0.0,0.0,0.0,0.0,0.0,0.0
453,453,453,FUCD,453,2023-06,2023-06-01,2023,6,41.0,Chad,ucdp_actor_metadata_fallback,1,0.6931471805599453,False,True,23.0,0.0,3.1780538303479458,0.0,0.0,0.0,0.0,0.0,0.0,0.0,0.0,0.0,0.0,0.0,0.0,0.0,0.0,0.0,0.0,0.0,0.0,0.0,0.0,0.0,0.0,0.0,0.0,0.0,0.0,0.0,0.0,0.0,0.0,0.0,0.0,0.0,0.0,0.0,0.0,0.0,0.0,0.0,0.0,0.0,0.0,0.0,0.0,0.0,0.0,0.0,0.0,0.0,0.0,0.0,0.0,0.0,0.0
453,453,453,FUCD,453,2023-07,2023-07-01,2023,7,42.0,Chad,ucdp_actor_metadata_fallback,1,0.6931471805599453,False,True,0.0,2.0,0.0,1.0986122886681098,0.0,0.0,0.0,0.0,0.0,0.0,0.0,0.0,0.0,0.0,0.0,0.0,0.0,0.0,0.0,0.0,0.0,0.0,0.0,0.0,0.0,0.0,0.0,0.0,0.0,0.0,0.0,0.0,0.0,0.0,0.0,0.0,0.0,0.0,0.0,0.0,0.0,0.0,0.0,0.0,0.0,0.0,0.0,0.0,0.0,0.0,0.0,0.0,0.0,0.0,0.0,0.0,0.0
453,453,453,FUCD,453,2023-08,2023-08-01,2023,8,43.0,Chad,ucdp_actor_metadata_fallback,1,0.6931471805599453,False,True,2.0,35.0,1.0986122886681098,3.58351893845611,0.0,0.0,0.0,0.0,0.0,0.0,0.0,0.0,0.0,0.0,0.0,0.0,0.0,0.0,0.0,0.0,0.0,0.0,0.0,0.0,0.0,0.0,0.0,0.0,0.0,0.0,0.0,0.0,0.0,0.0,0.0,0.0,0.0,0.0,0.0,0.0,0.0,0.0,0.0,0.0,0.0,0.0,0.0,0.0,0.0,0.0,0.0,0.0,0.0,0.0,0.0,0.0,0.0
453,453,453,FUCD,453,2023-09,2023-09-01,2023,9,44.0,Chad,ucdp_actor_metadata_fallback,1,0.6931471805599453,False,True,35.0,0.0,3.58351893845611,0.0,0.0,0.0,0.0,0.0,0.0,0.0,0.0,0.0,0.0,0.0,0.0,0.0,0.0,0.0,0.0,0.0,0.0,0.0,0.0,0.0,0.0,0.0,0.0,0.0,0.0,0.0,0.0,0.0,0.0,0.0,0.0,0.0,0.0,0.0,0.0,0.0,0.0,0.0,0.0,0.0,0.0,0.0,0.0,0.0,0.0,0.0,0.0,0.0,0.0,0.0,0.0,0.0,0.0
453,453,453,FUCD,453,2023-10,2023-10-01,2023,10,45.0,Chad,ucdp_actor_metadata_fallback,1,0.6931471805599453,False,True,0.0,9.0,0.0,2.302585092994046,0.0,0.0,0.0,0.0,0.0,0.0,0.0,0.0,0.0,0.0,0.0,0.0,0.0,0.0,0.0,0.0,0.0,0.0,0.0,0.0,0.0,0.0,0.0,0.0,0.0,0.0,0.0,0.0,0.0,0.0,0.0,0.0,0.0,0.0,0.0,0.0,0.0,0.0,0.0,0.0,0.0,0.0,0.0,0.0,0.0,0.0,0.0,0.0,0.0,0.0,0.0,0.0,0.0
453,453,453,FUCD,453,2023-11,2023-11-01,2023,11,46.0,Chad,ucdp_actor_metadata_fallback,1,0.6931471805599453,False,True,9.0,1.0,2.302585092994046,0.6931471805599453,0.0,0.0,0.0,0.0,0.0,0.0,0.0,0.0,0.0,0.0,0.0,0.0,0.0,0.0,0.0,0.0,0.0,0.0,0.0,0.0,0.0,0.0,0.0,0.0,0.0,0.0,0.0,0.0,0.0,0.0,0.0,0.0,0.0,0.0,0.0,0.0,0.0,0.0,0.0,0.0,0.0,0.0,0.0,0.0,0.0,0.0,0.0,0.0,0.0,0.0,0.0,0.0,0.0
453,453,453,FUCD,453,2023-12,2023-12-01,2023,12,47.0,Chad,ucdp_actor_metadata_fallback,1,0.6931471805599453,False,True,1.0,13.0,0.6931471805599453,2.6390573296152584,0.0,0.0,0.0,0.0,0.0,0.0,0.0,0.0,0.0,0.0,0.0,0.0,0.0,0.0,0.0,0.0,0.0,0.0,0.0,0.0,0.0,0.0,0.0,0.0,0.0,0.0,0.0,0.0,0.0,0.0,0.0,0.0,0.0,0.0,0.0,0.0,0.0,0.0,0.0,0.0,0.0,0.0,0.0,0.0,0.0,0.0,0.0,0.0,0.0,0.0,0.0,0.0,0.0
453,453,453,FUCD,453,2024-01,2024-01-01,2024,1,48.0,Chad,ucdp_actor_metadata_fallback,1,0.6931471805599453,False,True,13.0,3.0,2.6390573296152584,1.3862943611198906,0.0,0.0,0.0,0.0,0.0,0.0,0.0,0.0,0.0,0.0,0.0,0.0,0.0,0.0,0.0,0.0,0.0,0.0,0.0,0.0,0.0,0.0,0.0,0.0,0.0,0.0,0.0,0.0,0.0,0.0,0.0,0.0,0.0,0.0,0.0,0.0,0.0,0.0,0.0,0.0,0.0,0.0,0.0,0.0,0.0,0.0,0.0,0.0,0.0,0.0,0.0,0.0,0.0
453,453,453,FUCD,453,2024-02,2024-02-01,2024,2,49.0,Chad,ucdp_actor_metadata_fallback,1,0.6931471805599453,False,True,3.0,76.0,1.3862943611198906,4.343805421853684,0.0,0.0,0.0,0.0,0.0,0.0,0.0,0.0,0.0,0.0,0.0,0.0,0.0,0.0,0.0,0.0,0.0,0.0,0.0,0.0,0.0,0.0,0.0,0.0,0.0,0.0,0.0,0.0,0.0,0.0,0.0,0.0,0.0,0.0,0.0,0.0,0.0,0.0,0.0,0.0,0.0,0.0,0.0,0.0,0.0,0.0,0.0,0.0,0.0,0.0,0.0,0.0,0.0
453,453,453,FUCD,453,2024-03,2024-03-01,2024,3,50.0,Chad,ucdp_actor_metadata_fallback,1,0.6931471805599453,False,True,76.0,0.0,4.343805421853684,0.0,0.0,0.0,0.0,0.0,0.0,0.0,0.0,0.0,0.0,0.0,0.0,0.0,0.0,0.0,0.0,0.0,0.0,0.0,0.0,0.0,0.0,0.0,0.0,0.0,0.0,0.0,0.0,0.0,0.0,0.0,0.0,0.0,0.0,0.0,0.0,0.0,0.0,0.0,0.0,0.0,0.0,0.0,0.0,0.0,0.0,0.0,0.0,0.0,0.0,0.0,0.0,0.0,0.0
453,453,453,FUCD,453,2024-04,2024-04-01,2024,4,51.0,Chad,ucdp_actor_metadata_fallback,1,0.6931471805599453,False,True,0.0,6.0,0.0,1.9459101490553132,0.0,0.0,0.0,0.0,0.0,0.0,0.0,0.0,0.0,0.0,0.0,0.0,0.0,0.0,0.0,0.0,0.0,0.0,0.0,0.0,0.0,0.0,0.0,0.0,0.0,0.0,0.0,0.0,0.0,0.0,0.0,0.0,0.0,0.0,0.0,0.0,0.0,0.0,0.0,0.0,0.0,0.0,0.0,0.0,0.0,0.0,0.0,0.0,0.0,0.0,0.0,0.0,0.0
453,453,453,FUCD,453,2024-05,2024-05-01,2024,5,52.0,Chad,ucdp_actor_metadata_fallback,1,0.6931471805599453,False,True,6.0,0.0,1.9459101490553132,0.0,0.0,0.0,0.0,0.0,0.0,0.0,0.0,0.0,0.0,0.0,0.0,0.0,0.0,0.0,0.0,0.0,0.0,0.0,0.0,0.0,0.0,0.0,0.0,0.0,0.0,0.0,0.0,0.0,0.0,0.0,0.0,0.0,0.0,0.0,0.0,0.0,0.0,0.0,0.0,0.0,0.0,0.0,0.0,0.0,0.0,0.0,0.0,0.0,0.0,0.0,0.0,0.0,0.0
453,453,453,FUCD,453,2024-06,2024-06-01,2024,6,53.0,Chad,ucdp_actor_metadata_fallback,1,0.6931471805599453,False,True,0.0,4.0,0.0,1.6094379124341003,0.0,0.0,0.0,0.0,0.0,0.0,0.0,0.0,0.0,0.0,0.0,0.0,0.0,0.0,0.0,0.0,0.0,0.0,0.0,0.0,0.0,0.0,0.0,0.0,0.0,0.0,0.0,0.0,0.0,0.0,0.0,0.0,0.0,0.0,0.0,0.0,0.0,0.0,0.0,0.0,0.0,0.0,0.0,0.0,0.0,0.0,0.0,0.0,0.0,0.0,0.0,0.0,0.0
453,453,453,FUCD,453,2024-07,2024-07-01,2024,7,54.0,Chad,ucdp_actor_metadata_fallback,1,0.6931471805599453,False,True,4.0,6.0,1.6094379124341003,1.9459101490553132,0.0,0.0,0.0,0.0,0.0,0.0,0.0,0.0,0.0,0.0,0.0,0.0,0.0,0.0,0.0,0.0,0.0,0.0,0.0,0.0,0.0,0.0,0.0,0.0,0.0,0.0,0.0,0.0,0.0,0.0,0.0,0.0,0.0,0.0,0.0,0.0,0.0,0.0,0.0,0.0,0.0,0.0,0.0,0.0,0.0,0.0,0.0,0.0,0.0,0.0,0.0,0.0,0.0
453,453,453,FUCD,453,2024-08,2024-08-01,2024,8,55.0,Chad,ucdp_actor_metadata_fallback,1,0.6931471805599453,False,True,6.0,3.0,1.9459101490553132,1.3862943611198906,0.0,0.0,0.0,0.0,0.0,0.0,0.0,0.0,0.0,0.0,0.0,0.0,0.0,0.0,0.0,0.0,0.0,0.0,0.0,0.0,0.0,0.0,0.0,0.0,0.0,0.0,0.0,0.0,0.0,0.0,0.0,0.0,0.0,0.0,0.0,0.0,0.0,0.0,0.0,0.0,0.0,0.0,0.0,0.0,0.0,0.0,0.0,0.0,0.0,0.0,0.0,0.0,0.0
453,453,453,FUCD,453,2024-09,2024-09-01,2024,9,56.0,Chad,ucdp_actor_metadata_fallback,1,0.6931471805599453,False,True,3.0,43.0,1.3862943611198906,3.784189633918261,0.0,0.0,0.0,0.0,0.0,0.0,0.0,0.0,0.0,0.0,0.0,0.0,0.0,0.0,0.0,0.0,0.0,0.0,0.0,0.0,0.0,0.0,0.0,0.0,0.0,0.0,0.0,0.0,0.0,0.0,0.0,0.0,0.0,0.0,0.0,0.0,0.0,0.0,0.0,0.0,0.0,0.0,0.0,0.0,0.0,0.0,0.0,0.0,0.0,0.0,0.0,0.0,0.0
453,453,453,FUCD,453,2024-10,2024-10-01,2024,10,57.0,Chad,ucdp_actor_metadata_fallback,1,0.6931471805599453,False,True,43.0,17.0,3.784189633918261,2.8903717578961645,0.0,0.0,0.0,0.0,0.0,0.0,0.0,0.0,0.0,0.0,0.0,0.0,0.0,0.0,0.0,0.0,0.0,0.0,0.0,0.0,0.0,0.0,0.0,0.0,0.0,0.0,0.0,0.0,0.0,0.0,0.0,0.0,0.0,0.0,0.0,0.0,0.0,0.0,0.0,0.0,0.0,0.0,0.0,0.0,0.0,0.0,0.0,0.0,0.0,0.0,0.0,0.0,0.0
453,453,453,FUCD,453,2024-11,2024-11-01,2024,11,58.0,Chad,ucdp_actor_metadata_fallback,1,0.6931471805599453,False,True,17.0,24.0,2.8903717578961645,3.2188758248682006,0.0,0.0,0.0,0.0,0.0,0.0,0.0,0.0,0.0,0.0,0.0,0.0,0.0,0.0,0.0,0.0,0.0,0.0,0.0,0.0,0.0,0.0,0.0,0.0,0.0,0.0,0.0,0.0,0.0,0.0,0.0,0.0,0.0,0.0,0.0,0.0,0.0,0.0,0.0,0.0,0.0,0.0,0.0,0.0,0.0,0.0,0.0,0.0,0.0,0.0,0.0,0.0,0.0
453,453,453,FUCD,453,2024-12,2024-12-01,2024,12,59.0,Chad,ucdp_actor_metadata_fallback,1,0.6931471805599453,False,True,24.0,27.0,3.2188758248682006,3.332204510175204,0.0,0.0,0.0,0.0,0.0,0.0,0.0,0.0,0.0,0.0,0.0,0.0,0.0,0.0,0.0,0.0,0.0,0.0,0.0,0.0,0.0,0.0,0.0,0.0,0.0,0.0,0.0,0.0,0.0,0.0,0.0,0.0,0.0,0.0,0.0,0.0,0.0,0.0,0.0,0.0,0.0,0.0,0.0,0.0,0.0,0.0,0.0,0.0,0.0,0.0,0.0,0.0,0.0
453,453,453,FUCD,453,2025-01,2025-01-01,2025,1,60.0,Chad,ucdp_actor_metadata_fallback,1,0.6931471805599453,False,True,27.0,3.0,3.332204510175204,1.3862943611198906,0.0,0.0,0.0,0.0,0.0,0.0,0.0,0.0,0.0,0.0,0.0,0.0,0.0,0.0,0.0,0.0,0.0,0.0,0.0,0.0,0.0,0.0,0.0,0.0,0.0,0.0,0.0,0.0,0.0,0.0,0.0,0.0,0.0,0.0,0.0,0.0,0.0,0.0,0.0,0.0,0.0,0.0,0.0,0.0,0.0,0.0,0.0,0.0,0.0,0.0,0.0,0.0,0.0
453,453,453,FUCD,453,2025-02,2025-02-01,2025,2,61.0,Chad,ucdp_actor_metadata_fallback,1,0.6931471805599453,False,True,3.0,7.0,1.3862943611198906,2.0794415416798357,0.0,0.0,0.0,0.0,0.0,0.0,0.0,0.0,0.0,0.0,0.0,0.0,0.0,0.0,0.0,0.0,0.0,0.0,0.0,0.0,0.0,0.0,0.0,0.0,0.0,0.0,0.0,0.0,0.0,0.0,0.0,0.0,0.0,0.0,0.0,0.0,0.0,0.0,0.0,0.0,0.0,0.0,0.0,0.0,0.0,0.0,0.0,0.0,0.0,0.0,0.0,0.0,0.0
453,453,453,FUCD,453,2025-03,2025-03-01,2025,3,62.0,Chad,ucdp_actor_metadata_fallback,1,0.6931471805599453,False,True,7.0,0.0,2.0794415416798357,0.0,0.0,0.0,0.0,0.0,0.0,0.0,0.0,0.0,0.0,0.0,0.0,0.0,0.0,0.0,0.0,0.0,0.0,0.0,0.0,0.0,0.0,0.0,0.0,0.0,0.0,0.0,0.0,0.0,0.0,0.0,0.0,0.0,0.0,0.0,0.0,0.0,0.0,0.0,0.0,0.0,0.0,0.0,0.0,0.0,0.0,0.0,0.0,0.0,0.0,0.0,0.0,0.0,0.0
453,453,453,FUCD,453,2025-04,2025-04-01,2025,4,63.0,Chad,ucdp_actor_metadata_fallback,1,0.6931471805599453,False,True,0.0,51.0,0.0,3.9512437185814275,0.0,0.0,0.0,0.0,0.0,0.0,0.0,0.0,0.0,0.0,0.0,0.0,0.0,0.0,0.0,0.0,0.0,0.0,0.0,0.0,0.0,0.0,0.0,0.0,0.0,0.0,0.0,0.0,0.0,0.0,0.0,0.0,0.0,0.0,0.0,0.0,0.0,0.0,0.0,0.0,0.0,0.0,0.0,0.0,0.0,0.0,0.0,0.0,0.0,0.0,0.0,0.0,0.0
453,453,453,FUCD,453,2025-05,2025-05-01,2025,5,64.0,Chad,ucdp_actor_metadata_fallback,1,0.6931471805599453,False,True,51.0,18.0,3.9512437185814275,2.9444389791664403,0.0,0.0,0.0,0.0,0.0,0.0,0.0,0.0,0.0,0.0,0.0,0.0,0.0,0.0,0.0,0.0,0.0,0.0,0.0,0.0,0.0,0.0,0.0,0.0,0.0,0.0,0.0,0.0,0.0,0.0,0.0,0.0,0.0,0.0,0.0,0.0,0.0,0.0,0.0,0.0,0.0,0.0,0.0,0.0,0.0,0.0,0.0,0.0,0.0,0.0,0.0,0.0,0.0
453,453,453,FUCD,453,2025-06,2025-06-01,2025,6,65.0,Chad,ucdp_actor_metadata_fallback,1,0.6931471805599453,False,True,18.0,18.0,2.9444389791664403,2.9444389791664403,0.0,0.0,0.0,0.0,0.0,0.0,0.0,0.0,0.0,0.0,0.0,0.0,0.0,0.0,0.0,0.0,0.0,0.0,0.0,0.0,0.0,0.0,0.0,0.0,0.0,0.0,0.0,0.0,0.0,0.0,0.0,0.0,0.0,0.0,0.0,0.0,0.0,0.0,0.0,0.0,0.0,0.0,0.0,0.0,0.0,0.0,0.0,0.0,0.0,0.0,0.0,0.0,0.0
453,453,453,FUCD,453,2025-07,2025-07-01,2025,7,66.0,Chad,ucdp_actor_metadata_fallback,1,0.6931471805599453,False,True,18.0,1.0,2.9444389791664403,0.6931471805599453,0.0,0.0,0.0,0.0,0.0,0.0,0.0,0.0,0.0,0.0,0.0,0.0,0.0,0.0,0.0,0.0,0.0,0.0,0.0,0.0,0.0,0.0,0.0,0.0,0.0,0.0,0.0,0.0,0.0,0.0,0.0,0.0,0.0,0.0,0.0,0.0,0.0,0.0,0.0,0.0,0.0,0.0,0.0,0.0,0.0,0.0,0.0,0.0,0.0,0.0,0.0,0.0,0.0
453,453,453,FUCD,453,2025-08,2025-08-01,2025,8,67.0,Chad,ucdp_actor_metadata_fallback,1,0.6931471805599453,False,True,1.0,4.0,0.6931471805599453,1.6094379124341003,0.0,0.0,0.0,0.0,0.0,0.0,0.0,0.0,0.0,0.0,0.0,0.0,0.0,0.0,0.0,0.0,0.0,0.0,0.0,0.0,0.0,0.0,0.0,0.0,0.0,0.0,0.0,0.0,0.0,0.0,0.0,0.0,0.0,0.0,0.0,0.0,0.0,0.0,0.0,0.0,0.0,0.0,0.0,0.0,0.0,0.0,0.0,0.0,0.0,0.0,0.0,0.0,0.0
453,453,453,FUCD,453,2025-09,2025-09-01,2025,9,68.0,Chad,ucdp_actor_metadata_fallback,1,0.6931471805599453,False,True,4.0,7.0,1.6094379124341003,2.0794415416798357,0.0,0.0,0.0,0.0,0.0,0.0,0.0,0.0,0.0,0.0,0.0,0.0,0.0,0.0,0.0,0.0,0.0,0.0,0.0,0.0,0.0,0.0,0.0,0.0,0.0,0.0,0.0,0.0,0.0,0.0,0.0,0.0,0.0,0.0,0.0,0.0,0.0,0.0,0.0,0.0,0.0,0.0,0.0,0.0,0.0,0.0,0.0,0.0,0.0,0.0,0.0,0.0,0.0
453,453,453,FUCD,453,2025-10,2025-10-01,2025,10,69.0,Chad,ucdp_actor_metadata_fallback,1,0.6931471805599453,False,True,7.0,38.0,2.0794415416798357,3.6635616461296463,0.0,0.0,0.0,0.0,0.0,0.0,0.0,0.0,0.0,0.0,0.0,0.0,0.0,0.0,0.0,0.0,0.0,0.0,0.0,0.0,0.0,0.0,0.0,0.0,0.0,0.0,0.0,0.0,0.0,0.0,0.0,0.0,0.0,0.0,0.0,0.0,0.0,0.0,0.0,0.0,0.0,0.0,0.0,0.0,0.0,0.0,0.0,0.0,0.0,0.0,0.0,0.0,0.0
453,453,453,FUCD,453,2025-11,2025-11-01,2025,11,70.0,Chad,ucdp_actor_metadata_fallback,1,0.6931471805599453,False,True,38.0,0.0,3.6635616461296463,0.0,0.0,0.0,0.0,0.0,0.0,0.0,0.0,0.0,0.0,0.0,0.0,0.0,0.0,0.0,0.0,0.0,0.0,0.0,0.0,0.0,0.0,0.0,0.0,0.0,0.0,0.0,0.0,0.0,0.0,0.0,0.0,0.0,0.0,0.0,0.0,0.0,0.0,0.0,0.0,0.0,0.0,0.0,0.0,0.0,0.0,0.0,0.0,0.0,0.0,0.0,0.0,0.0,0.0
453,453,453,FUCD,453,2025-12,2025-12-01,2025,12,71.0,Chad,ucdp_actor_metadata_fallback,1,0.6931471805599453,False,False,0.0,,0.0,,0.0,0.0,0.0,0.0,0.0,0.0,0.0,0.0,0.0,0.0,0.0,0.0,0.0,0.0,0.0,0.0,0.0,0.0,0.0,0.0,0.0,0.0,0.0,0.0,0.0,0.0,0.0,0.0,0.0,0.0,0.0,0.0,0.0,0.0,0.0,0.0,0.0,0.0,0.0,0.0,0.0,0.0,0.0,0.0,0.0,0.0,0.0,0.0,0.0,0.0,0.0,0.0,0.0
428,428,428,Frelimo,428,2020-01,2020-01-01,2020,1,0.0,Mozambique,ucdp_actor_metadata_fallback,1,0.6931471805599453,False,True,42.0,50.0,3.7612001156935624,3.9318256327243257,2.0,2.0,2.0,1.0,0.0,2.0,0.0,1.0,0.0,0.0,0.0,1.0,0.0,0.0,0.0,0.0,0.0,1.0,0.0,0.0,0.0,0.0,1.0,1.0986122886681098,0.0,0.0,0.5,0.6931471805599453,0.0,0.0,0.0,0.0,0.0,0.0,0.5,0.6931471805599453,0.0,0.0,0.0,0.0,0.0,0.0,0.0,0.0,0.0,0.0,0.5,0.6931471805599453,0.0,0.0,0.0,0.0,1.0986122886681098
428,428,428,Frelimo,428,2020-02,2020-02-01,2020,2,1.0,Mozambique,ucdp_actor_metadata_fallback,1,0.6931471805599453,False,True,50.0,109.0,3.9318256327243257,4.700480365792417,0.0,0.0,0.0,0.0,0.0,0.0,0.0,0.0,0.0,0.0,0.0,0.0,0.0,0.0,0.0,0.0,0.0,0.0,0.0,0.0,0.0,0.0,0.0,0.0,0.0,0.0,0.0,0.0,0.0,0.0,0.0,0.0,0.0,0.0,0.0,0.0,0.0,0.0,0.0,0.0,0.0,0.0,0.0,0.0,0.0,0.0,0.0,0.0,0.0,0.0,0.0,0.0,0.0
428,428,428,Frelimo,428,2020-03,2020-03-01,2020,3,2.0,Mozambique,ucdp_actor_metadata_fallback,1,0.6931471805599453,False,True,109.0,174.0,4.700480365792417,5.1647859739235145,0.0,0.0,0.0,0.0,0.0,0.0,0.0,0.0,0.0,0.0,0.0,0.0,0.0,0.0,0.0,0.0,0.0,0.0,0.0,0.0,0.0,0.0,0.0,0.0,0.0,0.0,0.0,0.0,0.0,0.0,0.0,0.0,0.0,0.0,0.0,0.0,0.0,0.0,0.0,0.0,0.0,0.0,0.0,0.0,0.0,0.0,0.0,0.0,0.0,0.0,0.0,0.0,0.0
428,428,428,Frelimo,428,2020-04,2020-04-01,2020,4,3.0,Mozambique,ucdp_actor_metadata_fallback,1,0.6931471805599453,False,True,174.0,120.0,5.1647859739235145,4.795790545596741,0.0,0.0,0.0,0.0,0.0,0.0,0.0,0.0,0.0,0.0,0.0,0.0,0.0,0.0,0.0,0.0,0.0,0.0,0.0,0.0,0.0,0.0,0.0,0.0,0.0,0.0,0.0,0.0,0.0,0.0,0.0,0.0,0.0,0.0,0.0,0.0,0.0,0.0,0.0,0.0,0.0,0.0,0.0,0.0,0.0,0.0,0.0,0.0,0.0,0.0,0.0,0.0,0.0
428,428,428,Frelimo,428,2020-05,2020-05-01,2020,5,4.0,Mozambique,ucdp_actor_metadata_fallback,1,0.6931471805599453,False,True,120.0,244.0,4.795790545596741,5.501258210544727,0.0,0.0,0.0,0.0,0.0,0.0,0.0,0.0,0.0,0.0,0.0,0.0,0.0,0.0,0.0,0.0,0.0,0.0,0.0,0.0,0.0,0.0,0.0,0.0,0.0,0.0,0.0,0.0,0.0,0.0,0.0,0.0,0.0,0.0,0.0,0.0,0.0,0.0,0.0,0.0,0.0,0.0,0.0,0.0,0.0,0.0,0.0,0.0,0.0,0.0,0.0,0.0,0.0
428,428,428,Frelimo,428,2020-06,2020-06-01,2020,6,5.0,Mozambique,ucdp_actor_metadata_fallback,1,0.6931471805599453,False,True,244.0,107.0,5.501258210544727,4.68213122712422,0.0,0.0,0.0,0.0,0.0,0.0,0.0,0.0,0.0,0.0,0.0,0.0,0.0,0.0,0.0,0.0,0.0,0.0,0.0,0.0,0.0,0.0,0.0,0.0,0.0,0.0,0.0,0.0,0.0,0.0,0.0,0.0,0.0,0.0,0.0,0.0,0.0,0.0,0.0,0.0,0.0,0.0,0.0,0.0,0.0,0.0,0.0,0.0,0.0,0.0,0.0,0.0,0.0
428,428,428,Frelimo,428,2020-07,2020-07-01,2020,7,6.0,Mozambique,ucdp_actor_metadata_fallback,1,0.6931471805599453,False,True,107.0,268.0,4.68213122712422,5.594711379601839,0.0,0.0,0.0,0.0,0.0,0.0,0.0,0.0,0.0,0.0,0.0,0.0,0.0,0.0,0.0,0.0,0.0,0.0,0.0,0.0,0.0,0.0,0.0,0.0,0.0,0.0,0.0,0.0,0.0,0.0,0.0,0.0,0.0,0.0,0.0,0.0,0.0,0.0,0.0,0.0,0.0,0.0,0.0,0.0,0.0,0.0,0.0,0.0,0.0,0.0,0.0,0.0,0.0
428,428,428,Frelimo,428,2020-08,2020-08-01,2020,8,7.0,Mozambique,ucdp_actor_metadata_fallback,1,0.6931471805599453,False,True,268.0,126.0,5.594711379601839,4.844187086458591,0.0,0.0,0.0,0.0,0.0,0.0,0.0,0.0,0.0,0.0,0.0,0.0,0.0,0.0,0.0,0.0,0.0,0.0,0.0,0.0,0.0,0.0,0.0,0.0,0.0,0.0,0.0,0.0,0.0,0.0,0.0,0.0,0.0,0.0,0.0,0.0,0.0,0.0,0.0,0.0,0.0,0.0,0.0,0.0,0.0,0.0,0.0,0.0,0.0,0.0,0.0,0.0,0.0
428,428,428,Frelimo,428,2020-09,2020-09-01,2020,9,8.0,Mozambique,ucdp_actor_metadata_fallback,1,0.6931471805599453,False,True,126.0,125.0,4.844187086458591,4.836281906951478,0.0,0.0,0.0,0.0,0.0,0.0,0.0,0.0,0.0,0.0,0.0,0.0,0.0,0.0,0.0,0.0,0.0,0.0,0.0,0.0,0.0,0.0,0.0,0.0,0.0,0.0,0.0,0.0,0.0,0.0,0.0,0.0,0.0,0.0,0.0,0.0,0.0,0.0,0.0,0.0,0.0,0.0,0.0,0.0,0.0,0.0,0.0,0.0,0.0,0.0,0.0,0.0,0.0
428,428,428,Frelimo,428,2020-10,2020-10-01,2020,10,9.0,Mozambique,ucdp_actor_metadata_fallback,1,0.6931471805599453,False,True,125.0,154.0,4.836281906951478,5.043425116919247,0.0,0.0,0.0,0.0,0.0,0.0,0.0,0.0,0.0,0.0,0.0,0.0,0.0,0.0,0.0,0.0,0.0,0.0,0.0,0.0,0.0,0.0,0.0,0.0,0.0,0.0,0.0,0.0,0.0,0.0,0.0,0.0,0.0,0.0,0.0,0.0,0.0,0.0,0.0,0.0,0.0,0.0,0.0,0.0,0.0,0.0,0.0,0.0,0.0,0.0,0.0,0.0,0.0
428,428,428,Frelimo,428,2020-11,2020-11-01,2020,11,10.0,Mozambique,ucdp_actor_metadata_fallback,1,0.6931471805599453,False,True,154.0,108.0,5.043425116919247,4.6913478822291435,0.0,0.0,0.0,0.0,0.0,0.0,0.0,0.0,0.0,0.0,0.0,0.0,0.0,0.0,0.0,0.0,0.0,0.0,0.0,0.0,0.0,0.0,0.0,0.0,0.0,0.0,0.0,0.0,0.0,0.0,0.0,0.0,0.0,0.0,0.0,0.0,0.0,0.0,0.0,0.0,0.0,0.0,0.0,0.0,0.0,0.0,0.0,0.0,0.0,0.0,0.0,0.0,0.0
428,428,428,Frelimo,428,2020-12,2020-12-01,2020,12,11.0,Mozambique,ucdp_actor_metadata_fallback,1,0.6931471805599453,False,True,108.0,84.0,4.6913478822291435,4.442651256490317,0.0,0.0,0.0,0.0,0.0,0.0,0.0,0.0,0.0,0.0,0.0,0.0,0.0,0.0,0.0,0.0,0.0,0.0,0.0,0.0,0.0,0.0,0.0,0.0,0.0,0.0,0.0,0.0,0.0,0.0,0.0,0.0,0.0,0.0,0.0,0.0,0.0,0.0,0.0,0.0,0.0,0.0,0.0,0.0,0.0,0.0,0.0,0.0,0.0,0.0,0.0,0.0,0.0
428,428,428,Frelimo,428,2021-01,2021-01-01,2021,1,12.0,Mozambique,ucdp_actor_metadata_fallback,1,0.6931471805599453,False,True,84.0,36.0,4.442651256490317,3.6109179126442243,0.0,0.0,0.0,0.0,0.0,0.0,0.0,0.0,0.0,0.0,0.0,0.0,0.0,0.0,0.0,0.0,0.0,0.0,0.0,0.0,0.0,0.0,0.0,0.0,0.0,0.0,0.0,0.0,0.0,0.0,0.0,0.0,0.0,0.0,0.0,0.0,0.0,0.0,0.0,0.0,0.0,0.0,0.0,0.0,0.0,0.0,0.0,0.0,0.0,0.0,0.0,0.0,0.0
428,428,428,Frelimo,428,2021-02,2021-02-01,2021,2,13.0,Mozambique,ucdp_actor_metadata_fallback,1,0.6931471805599453,False,True,36.0,1082.0,3.6109179126442243,6.9874902470009905,0.0,0.0,0.0,0.0,0.0,0.0,0.0,0.0,0.0,0.0,0.0,0.0,0.0,0.0,0.0,0.0,0.0,0.0,0.0,0.0,0.0,0.0,0.0,0.0,0.0,0.0,0.0,0.0,0.0,0.0,0.0,0.0,0.0,0.0,0.0,0.0,0.0,0.0,0.0,0.0,0.0,0.0,0.0,0.0,0.0,0.0,0.0,0.0,0.0,0.0,0.0,0.0,0.0
428,428,428,Frelimo,428,2021-03,2021-03-01,2021,3,14.0,Mozambique,ucdp_actor_metadata_fallback,1,0.6931471805599453,False,True,1082.0,42.0,6.9874902470009905,3.7612001156935624,1.0,1.0,1.0,1.0,0.0,1.0,0.0,0.0,0.0,0.0,0.0,0.0,0.0,0.0,0.0,0.0,0.0,1.0,0.0,0.0,0.0,0.0,1.0,0.6931471805599453,0.0,0.0,0.0,0.0,0.0,0.0,0.0,0.0,0.0,0.0,0.0,0.0,0.0,0.0,0.0,0.0,0.0,0.0,0.0,0.0,0.0,0.0,1.0,0.6931471805599453,0.0,0.0,0.0,0.0,0.6931471805599453
428,428,428,Frelimo,428,2021-04,2021-04-01,2021,4,15.0,Mozambique,ucdp_actor_metadata_fallback,1,0.6931471805599453,False,True,42.0,47.0,3.7612001156935624,3.871201010907891,1.0,1.0,1.0,1.0,1.0,1.0,1.0,1.0,0.0,0.0,1.0,0.0,0.0,0.0,0.0,0.0,0.0,0.0,0.0,0.0,1.0,0.6931471805599453,1.0,0.6931471805599453,1.0,0.6931471805599453,1.0,0.6931471805599453,0.0,0.0,0.0,0.0,1.0,0.6931471805599453,0.0,0.0,0.0,0.0,0.0,0.0,0.0,0.0,0.0,0.0,0.0,0.0,0.0,0.0,0.0,0.0,0.0,0.0,0.6931471805599453
428,428,428,Frelimo,428,2021-05,2021-05-01,2021,5,16.0,Mozambique,ucdp_actor_metadata_fallback,1,0.6931471805599453,False,True,47.0,57.0,3.871201010907891,4.060443010546419,3.0,3.0,3.0,1.0,1.0,2.0,1.0,2.0,0.0,0.0,0.0,1.0,0.0,0.0,1.0,0.0,0.0,1.0,0.0,0.0,0.3333333333333333,0.6931471805599453,0.6666666666666666,1.0986122886681098,0.3333333333333333,0.6931471805599453,0.6666666666666666,1.0986122886681098,0.0,0.0,0.0,0.0,0.0,0.0,0.3333333333333333,0.6931471805599453,0.0,0.0,0.0,0.0,0.3333333333333333,0.6931471805599453,0.0,0.0,0.0,0.0,0.3333333333333333,0.6931471805599453,0.0,0.0,0.0,0.0,1.3862943611198906
428,428,428,Frelimo,428,2021-06,2021-06-01,2021,6,17.0,Mozambique,ucdp_actor_metadata_fallback,1,0.6931471805599453,False,True,57.0,208.0,4.060443010546419,5.342334251964811,0.0,0.0,0.0,0.0,0.0,0.0,0.0,0.0,0.0,0.0,0.0,0.0,0.0,0.0,0.0,0.0,0.0,0.0,0.0,0.0,0.0,0.0,0.0,0.0,0.0,0.0,0.0,0.0,0.0,0.0,0.0,0.0,0.0,0.0,0.0,0.0,0.0,0.0,0.0,0.0,0.0,0.0,0.0,0.0,0.0,0.0,0.0,0.0,0.0,0.0,0.0,0.0,0.0
428,428,428,Frelimo,428,2021-07,2021-07-01,2021,7,18.0,Mozambique,ucdp_actor_metadata_fallback,1,0.6931471805599453,False,True,208.0,72.0,5.342334251964811,4.290459441148391,0.0,0.0,0.0,0.0,0.0,0.0,0.0,0.0,0.0,0.0,0.0,0.0,0.0,0.0,0.0,0.0,0.0,0.0,0.0,0.0,0.0,0.0,0.0,0.0,0.0,0.0,0.0,0.0,0.0,0.0,0.0,0.0,0.0,0.0,0.0,0.0,0.0,0.0,0.0,0.0,0.0,0.0,0.0,0.0,0.0,0.0,0.0,0.0,0.0,0.0,0.0,0.0,0.0
428,428,428,Frelimo,428,2021-08,2021-08-01,2021,8,19.0,Mozambique,ucdp_actor_metadata_fallback,1,0.6931471805599453,False,True,72.0,83.0,4.290459441148391,4.430816798843313,0.0,0.0,0.0,0.0,0.0,0.0,0.0,0.0,0.0,0.0,0.0,0.0,0.0,0.0,0.0,0.0,0.0,0.0,0.0,0.0,0.0,0.0,0.0,0.0,0.0,0.0,0.0,0.0,0.0,0.0,0.0,0.0,0.0,0.0,0.0,0.0,0.0,0.0,0.0,0.0,0.0,0.0,0.0,0.0,0.0,0.0,0.0,0.0,0.0,0.0,0.0,0.0,0.0
428,428,428,Frelimo,428,2021-09,2021-09-01,2021,9,20.0,Mozambique,ucdp_actor_metadata_fallback,1,0.6931471805599453,False,True,83.0,70.0,4.430816798843313,4.2626798770413155,0.0,0.0,0.0,0.0,0.0,0.0,0.0,0.0,0.0,0.0,0.0,0.0,0.0,0.0,0.0,0.0,0.0,0.0,0.0,0.0,0.0,0.0,0.0,0.0,0.0,0.0,0.0,0.0,0.0,0.0,0.0,0.0,0.0,0.0,0.0,0.0,0.0,0.0,0.0,0.0,0.0,0.0,0.0,0.0,0.0,0.0,0.0,0.0,0.0,0.0,0.0,0.0,0.0
428,428,428,Frelimo,428,2021-10,2021-10-01,2021,10,21.0,Mozambique,ucdp_actor_metadata_fallback,1,0.6931471805599453,False,True,70.0,79.0,4.2626798770413155,4.382026634673881,0.0,0.0,0.0,0.0,0.0,0.0,0.0,0.0,0.0,0.0,0.0,0.0,0.0,0.0,0.0,0.0,0.0,0.0,0.0,0.0,0.0,0.0,0.0,0.0,0.0,0.0,0.0,0.0,0.0,0.0,0.0,0.0,0.0,0.0,0.0,0.0,0.0,0.0,0.0,0.0,0.0,0.0,0.0,0.0,0.0,0.0,0.0,0.0,0.0,0.0,0.0,0.0,0.0
428,428,428,Frelimo,428,2021-11,2021-11-01,2021,11,22.0,Mozambique,ucdp_actor_metadata_fallback,1,0.6931471805599453,False,True,79.0,58.0,4.382026634673881,4.07753744390572,0.0,0.0,0.0,0.0,0.0,0.0,0.0,0.0,0.0,0.0,0.0,0.0,0.0,0.0,0.0,0.0,0.0,0.0,0.0,0.0,0.0,0.0,0.0,0.0,0.0,0.0,0.0,0.0,0.0,0.0,0.0,0.0,0.0,0.0,0.0,0.0,0.0,0.0,0.0,0.0,0.0,0.0,0.0,0.0,0.0,0.0,0.0,0.0,0.0,0.0,0.0,0.0,0.0
428,428,428,Frelimo,428,2021-12,2021-12-01,2021,12,23.0,Mozambique,ucdp_actor_metadata_fallback,1,0.6931471805599453,False,True,58.0,66.0,4.07753744390572,4.204692619390966,0.0,0.0,0.0,0.0,0.0,0.0,0.0,0.0,0.0,0.0,0.0,0.0,0.0,0.0,0.0,0.0,0.0,0.0,0.0,0.0,0.0,0.0,0.0,0.0,0.0,0.0,0.0,0.0,0.0,0.0,0.0,0.0,0.0,0.0,0.0,0.0,0.0,0.0,0.0,0.0,0.0,0.0,0.0,0.0,0.0,0.0,0.0,0.0,0.0,0.0,0.0,0.0,0.0
428,428,428,Frelimo,428,2022-01,2022-01-01,2022,1,24.0,Mozambique,ucdp_actor_metadata_fallback,1,0.6931471805599453,False,True,66.0,64.0,4.204692619390966,4.174387269895637,0.0,0.0,0.0,0.0,0.0,0.0,0.0,0.0,0.0,0.0,0.0,0.0,0.0,0.0,0.0,0.0,0.0,0.0,0.0,0.0,0.0,0.0,0.0,0.0,0.0,0.0,0.0,0.0,0.0,0.0,0.0,0.0,0.0,0.0,0.0,0.0,0.0,0.0,0.0,0.0,0.0,0.0,0.0,0.0,0.0,0.0,0.0,0.0,0.0,0.0,0.0,0.0,0.0
428,428,428,Frelimo,428,2022-02,2022-02-01,2022,2,25.0,Mozambique,ucdp_actor_metadata_fallback,1,0.6931471805599453,False,True,64.0,87.0,4.174387269895637,4.477336814478207,1.0,1.0,1.0,1.0,0.0,1.0,0.0,0.0,0.0,0.0,0.0,0.0,0.0,0.0,0.0,0.0,0.0,1.0,0.0,0.0,0.0,0.0,1.0,0.6931471805599453,0.0,0.0,0.0,0.0,0.0,0.0,0.0,0.0,0.0,0.0,0.0,0.0,0.0,0.0,0.0,0.0,0.0,0.0,0.0,0.0,0.0,0.0,1.0,0.6931471805599453,0.0,0.0,0.0,0.0,0.6931471805599453
428,428,428,Frelimo,428,2022-03,2022-03-01,2022,3,26.0,Mozambique,ucdp_actor_metadata_fallback,1,0.6931471805599453,False,True,87.0,26.0,4.477336814478207,3.295836866004329,0.0,0.0,0.0,0.0,0.0,0.0,0.0,0.0,0.0,0.0,0.0,0.0,0.0,0.0,0.0,0.0,0.0,0.0,0.0,0.0,0.0,0.0,0.0,0.0,0.0,0.0,0.0,0.0,0.0,0.0,0.0,0.0,0.0,0.0,0.0,0.0,0.0,0.0,0.0,0.0,0.0,0.0,0.0,0.0,0.0,0.0,0.0,0.0,0.0,0.0,0.0,0.0,0.0
428,428,428,Frelimo,428,2022-04,2022-04-01,2022,4,27.0,Mozambique,ucdp_actor_metadata_fallback,1,0.6931471805599453,False,True,26.0,32.0,3.295836866004329,3.4965075614664802,0.0,0.0,0.0,0.0,0.0,0.0,0.0,0.0,0.0,0.0,0.0,0.0,0.0,0.0,0.0,0.0,0.0,0.0,0.0,0.0,0.0,0.0,0.0,0.0,0.0,0.0,0.0,0.0,0.0,0.0,0.0,0.0,0.0,0.0,0.0,0.0,0.0,0.0,0.0,0.0,0.0,0.0,0.0,0.0,0.0,0.0,0.0,0.0,0.0,0.0,0.0,0.0,0.0
428,428,428,Frelimo,428,2022-05,2022-05-01,2022,5,28.0,Mozambique,ucdp_actor_metadata_fallback,1,0.6931471805599453,False,True,32.0,70.0,3.4965075614664802,4.2626798770413155,0.0,0.0,0.0,0.0,0.0,0.0,0.0,0.0,0.0,0.0,0.0,0.0,0.0,0.0,0.0,0.0,0.0,0.0,0.0,0.0,0.0,0.0,0.0,0.0,0.0,0.0,0.0,0.0,0.0,0.0,0.0,0.0,0.0,0.0,0.0,0.0,0.0,0.0,0.0,0.0,0.0,0.0,0.0,0.0,0.0,0.0,0.0,0.0,0.0,0.0,0.0,0.0,0.0
428,428,428,Frelimo,428,2022-06,2022-06-01,2022,6,29.0,Mozambique,ucdp_actor_metadata_fallback,1,0.6931471805599453,False,True,70.0,43.0,4.2626798770413155,3.784189633918261,1.0,1.0,1.0,1.0,0.0,1.0,0.0,0.0,0.0,0.0,0.0,0.0,0.0,0.0,0.0,0.0,0.0,1.0,0.0,0.0,0.0,0.0,1.0,0.6931471805599453,0.0,0.0,0.0,0.0,0.0,0.0,0.0,0.0,0.0,0.0,0.0,0.0,0.0,0.0,0.0,0.0,0.0,0.0,0.0,0.0,0.0,0.0,1.0,0.6931471805599453,0.0,0.0,0.0,0.0,0.6931471805599453
428,428,428,Frelimo,428,2022-07,2022-07-01,2022,7,30.0,Mozambique,ucdp_actor_metadata_fallback,1,0.6931471805599453,False,True,43.0,49.0,3.784189633918261,3.912023005428146,0.0,0.0,0.0,0.0,0.0,0.0,0.0,0.0,0.0,0.0,0.0,0.0,0.0,0.0,0.0,0.0,0.0,0.0,0.0,0.0,0.0,0.0,0.0,0.0,0.0,0.0,0.0,0.0,0.0,0.0,0.0,0.0,0.0,0.0,0.0,0.0,0.0,0.0,0.0,0.0,0.0,0.0,0.0,0.0,0.0,0.0,0.0,0.0,0.0,0.0,0.0,0.0,0.0
428,428,428,Frelimo,428,2022-08,2022-08-01,2022,8,31.0,Mozambique,ucdp_actor_metadata_fallback,1,0.6931471805599453,False,True,49.0,106.0,3.912023005428146,4.672828834461906,0.0,0.0,0.0,0.0,0.0,0.0,0.0,0.0,0.0,0.0,0.0,0.0,0.0,0.0,0.0,0.0,0.0,0.0,0.0,0.0,0.0,0.0,0.0,0.0,0.0,0.0,0.0,0.0,0.0,0.0,0.0,0.0,0.0,0.0,0.0,0.0,0.0,0.0,0.0,0.0,0.0,0.0,0.0,0.0,0.0,0.0,0.0,0.0,0.0,0.0,0.0,0.0,0.0
428,428,428,Frelimo,428,2022-09,2022-09-01,2022,9,32.0,Mozambique,ucdp_actor_metadata_fallback,1,0.6931471805599453,False,True,106.0,67.0,4.672828834461906,4.219507705176107,0.0,0.0,0.0,0.0,0.0,0.0,0.0,0.0,0.0,0.0,0.0,0.0,0.0,0.0,0.0,0.0,0.0,0.0,0.0,0.0,0.0,0.0,0.0,0.0,0.0,0.0,0.0,0.0,0.0,0.0,0.0,0.0,0.0,0.0,0.0,0.0,0.0,0.0,0.0,0.0,0.0,0.0,0.0,0.0,0.0,0.0,0.0,0.0,0.0,0.0,0.0,0.0,0.0
428,428,428,Frelimo,428,2022-10,2022-10-01,2022,10,33.0,Mozambique,ucdp_actor_metadata_fallback,1,0.6931471805599453,False,True,67.0,83.0,4.219507705176107,4.430816798843313,0.0,0.0,0.0,0.0,0.0,0.0,0.0,0.0,0.0,0.0,0.0,0.0,0.0,0.0,0.0,0.0,0.0,0.0,0.0,0.0,0.0,0.0,0.0,0.0,0.0,0.0,0.0,0.0,0.0,0.0,0.0,0.0,0.0,0.0,0.0,0.0,0.0,0.0,0.0,0.0,0.0,0.0,0.0,0.0,0.0,0.0,0.0,0.0,0.0,0.0,0.0,0.0,0.0
428,428,428,Frelimo,428,2022-11,2022-11-01,2022,11,34.0,Mozambique,ucdp_actor_metadata_fallback,1,0.6931471805599453,False,True,83.0,35.0,4.430816798843313,3.58351893845611,0.0,0.0,0.0,0.0,0.0,0.0,0.0,0.0,0.0,0.0,0.0,0.0,0.0,0.0,0.0,0.0,0.0,0.0,0.0,0.0,0.0,0.0,0.0,0.0,0.0,0.0,0.0,0.0,0.0,0.0,0.0,0.0,0.0,0.0,0.0,0.0,0.0,0.0,0.0,0.0,0.0,0.0,0.0,0.0,0.0,0.0,0.0,0.0,0.0,0.0,0.0,0.0,0.0
428,428,428,Frelimo,428,2022-12,2022-12-01,2022,12,35.0,Mozambique,ucdp_actor_metadata_fallback,1,0.6931471805599453,False,True,35.0,71.0,3.58351893845611,4.276666119016055,0.0,0.0,0.0,0.0,0.0,0.0,0.0,0.0,0.0,0.0,0.0,0.0,0.0,0.0,0.0,0.0,0.0,0.0,0.0,0.0,0.0,0.0,0.0,0.0,0.0,0.0,0.0,0.0,0.0,0.0,0.0,0.0,0.0,0.0,0.0,0.0,0.0,0.0,0.0,0.0,0.0,0.0,0.0,0.0,0.0,0.0,0.0,0.0,0.0,0.0,0.0,0.0,0.0
428,428,428,Frelimo,428,2023-01,2023-01-01,2023,1,36.0,Mozambique,ucdp_actor_metadata_fallback,1,0.6931471805599453,False,True,71.0,29.0,4.276666119016055,3.4011973816621555,0.0,0.0,0.0,0.0,0.0,0.0,0.0,0.0,0.0,0.0,0.0,0.0,0.0,0.0,0.0,0.0,0.0,0.0,0.0,0.0,0.0,0.0,0.0,0.0,0.0,0.0,0.0,0.0,0.0,0.0,0.0,0.0,0.0,0.0,0.0,0.0,0.0,0.0,0.0,0.0,0.0,0.0,0.0,0.0,0.0,0.0,0.0,0.0,0.0,0.0,0.0,0.0,0.0
428,428,428,Frelimo,428,2023-02,2023-02-01,2023,2,37.0,Mozambique,ucdp_actor_metadata_fallback,1,0.6931471805599453,False,True,29.0,13.0,3.4011973816621555,2.6390573296152584,0.0,0.0,0.0,0.0,0.0,0.0,0.0,0.0,0.0,0.0,0.0,0.0,0.0,0.0,0.0,0.0,0.0,0.0,0.0,0.0,0.0,0.0,0.0,0.0,0.0,0.0,0.0,0.0,0.0,0.0,0.0,0.0,0.0,0.0,0.0,0.0,0.0,0.0,0.0,0.0,0.0,0.0,0.0,0.0,0.0,0.0,0.0,0.0,0.0,0.0,0.0,0.0,0.0
428,428,428,Frelimo,428,2023-03,2023-03-01,2023,3,38.0,Mozambique,ucdp_actor_metadata_fallback,1,0.6931471805599453,False,True,13.0,16.0,2.6390573296152584,2.833213344056216,1.0,1.0,1.0,1.0,0.0,0.0,0.0,0.0,0.0,0.0,0.0,0.0,0.0,0.0,1.0,0.0,0.0,0.0,0.0,0.0,0.0,0.0,0.0,0.0,0.0,0.0,0.0,0.0,0.0,0.0,0.0,0.0,0.0,0.0,0.0,0.0,0.0,0.0,0.0,0.0,1.0,0.6931471805599453,0.0,0.0,0.0,0.0,0.0,0.0,0.0,0.0,0.0,0.0,0.6931471805599453
428,428,428,Frelimo,428,2023-04,2023-04-01,2023,4,39.0,Mozambique,ucdp_actor_metadata_fallback,1,0.6931471805599453,False,True,16.0,23.0,2.833213344056216,3.1780538303479458,0.0,0.0,0.0,0.0,0.0,0.0,0.0,0.0,0.0,0.0,0.0,0.0,0.0,0.0,0.0,0.0,0.0,0.0,0.0,0.0,0.0,0.0,0.0,0.0,0.0,0.0,0.0,0.0,0.0,0.0,0.0,0.0,0.0,0.0,0.0,0.0,0.0,0.0,0.0,0.0,0.0,0.0,0.0,0.0,0.0,0.0,0.0,0.0,0.0,0.0,0.0,0.0,0.0
428,428,428,Frelimo,428,2023-05,2023-05-01,2023,5,40.0,Mozambique,ucdp_actor_metadata_fallback,1,0.6931471805599453,False,True,23.0,18.0,3.1780538303479458,2.9444389791664403,0.0,0.0,0.0,0.0,0.0,0.0,0.0,0.0,0.0,0.0,0.0,0.0,0.0,0.0,0.0,0.0,0.0,0.0,0.0,0.0,0.0,0.0,0.0,0.0,0.0,0.0,0.0,0.0,0.0,0.0,0.0,0.0,0.0,0.0,0.0,0.0,0.0,0.0,0.0,0.0,0.0,0.0,0.0,0.0,0.0,0.0,0.0,0.0,0.0,0.0,0.0,0.0,0.0
428,428,428,Frelimo,428,2023-06,2023-06-01,2023,6,41.0,Mozambique,ucdp_actor_metadata_fallback,1,0.6931471805599453,False,True,18.0,21.0,2.9444389791664403,3.091042453358316,0.0,0.0,0.0,0.0,0.0,0.0,0.0,0.0,0.0,0.0,0.0,0.0,0.0,0.0,0.0,0.0,0.0,0.0,0.0,0.0,0.0,0.0,0.0,0.0,0.0,0.0,0.0,0.0,0.0,0.0,0.0,0.0,0.0,0.0,0.0,0.0,0.0,0.0,0.0,0.0,0.0,0.0,0.0,0.0,0.0,0.0,0.0,0.0,0.0,0.0,0.0,0.0,0.0
428,428,428,Frelimo,428,2023-07,2023-07-01,2023,7,42.0,Mozambique,ucdp_actor_metadata_fallback,1,0.6931471805599453,False,True,21.0,26.0,3.091042453358316,3.295836866004329,0.0,0.0,0.0,0.0,0.0,0.0,0.0,0.0,0.0,0.0,0.0,0.0,0.0,0.0,0.0,0.0,0.0,0.0,0.0,0.0,0.0,0.0,0.0,0.0,0.0,0.0,0.0,0.0,0.0,0.0,0.0,0.0,0.0,0.0,0.0,0.0,0.0,0.0,0.0,0.0,0.0,0.0,0.0,0.0,0.0,0.0,0.0,0.0,0.0,0.0,0.0,0.0,0.0
428,428,428,Frelimo,428,2023-08,2023-08-01,2023,8,43.0,Mozambique,ucdp_actor_metadata_fallback,1,0.6931471805599453,False,True,26.0,15.0,3.295836866004329,2.772588722239781,0.0,0.0,0.0,0.0,0.0,0.0,0.0,0.0,0.0,0.0,0.0,0.0,0.0,0.0,0.0,0.0,0.0,0.0,0.0,0.0,0.0,0.0,0.0,0.0,0.0,0.0,0.0,0.0,0.0,0.0,0.0,0.0,0.0,0.0,0.0,0.0,0.0,0.0,0.0,0.0,0.0,0.0,0.0,0.0,0.0,0.0,0.0,0.0,0.0,0.0,0.0,0.0,0.0
428,428,428,Frelimo,428,2023-09,2023-09-01,2023,9,44.0,Mozambique,ucdp_actor_metadata_fallback,1,0.6931471805599453,False,True,15.0,5.0,2.772588722239781,1.791759469228055,0.0,0.0,0.0,0.0,0.0,0.0,0.0,0.0,0.0,0.0,0.0,0.0,0.0,0.0,0.0,0.0,0.0,0.0,0.0,0.0,0.0,0.0,0.0,0.0,0.0,0.0,0.0,0.0,0.0,0.0,0.0,0.0,0.0,0.0,0.0,0.0,0.0,0.0,0.0,0.0,0.0,0.0,0.0,0.0,0.0,0.0,0.0,0.0,0.0,0.0,0.0,0.0,0.0
428,428,428,Frelimo,428,2023-10,2023-10-01,2023,10,45.0,Mozambique,ucdp_actor_metadata_fallback,1,0.6931471805599453,False,True,5.0,13.0,1.791759469228055,2.6390573296152584,1.0,1.0,1.0,1.0,1.0,1.0,1.0,1.0,0.0,0.0,0.0,0.0,0.0,0.0,0.0,0.0,0.0,1.0,0.0,0.0,1.0,0.6931471805599453,1.0,0.6931471805599453,1.0,0.6931471805599453,1.0,0.6931471805599453,0.0,0.0,0.0,0.0,0.0,0.0,0.0,0.0,0.0,0.0,0.0,0.0,0.0,0.0,0.0,0.0,0.0,0.0,1.0,0.6931471805599453,0.0,0.0,0.0,0.0,0.6931471805599453
428,428,428,Frelimo,428,2023-11,2023-11-01,2023,11,46.0,Mozambique,ucdp_actor_metadata_fallback,1,0.6931471805599453,False,True,13.0,23.0,2.6390573296152584,3.1780538303479458,0.0,0.0,0.0,0.0,0.0,0.0,0.0,0.0,0.0,0.0,0.0,0.0,0.0,0.0,0.0,0.0,0.0,0.0,0.0,0.0,0.0,0.0,0.0,0.0,0.0,0.0,0.0,0.0,0.0,0.0,0.0,0.0,0.0,0.0,0.0,0.0,0.0,0.0,0.0,0.0,0.0,0.0,0.0,0.0,0.0,0.0,0.0,0.0,0.0,0.0,0.0,0.0,0.0
428,428,428,Frelimo,428,2023-12,2023-12-01,2023,12,47.0,Mozambique,ucdp_actor_metadata_fallback,1,0.6931471805599453,False,True,23.0,46.0,3.1780538303479458,3.8501476017100584,0.0,0.0,0.0,0.0,0.0,0.0,0.0,0.0,0.0,0.0,0.0,0.0,0.0,0.0,0.0,0.0,0.0,0.0,0.0,0.0,0.0,0.0,0.0,0.0,0.0,0.0,0.0,0.0,0.0,0.0,0.0,0.0,0.0,0.0,0.0,0.0,0.0,0.0,0.0,0.0,0.0,0.0,0.0,0.0,0.0,0.0,0.0,0.0,0.0,0.0,0.0,0.0,0.0
428,428,428,Frelimo,428,2024-01,2024-01-01,2024,1,48.0,Mozambique,ucdp_actor_metadata_fallback,1,0.6931471805599453,False,True,46.0,52.0,3.8501476017100584,3.970291913552122,0.0,0.0,0.0,0.0,0.0,0.0,0.0,0.0,0.0,0.0,0.0,0.0,0.0,0.0,0.0,0.0,0.0,0.0,0.0,0.0,0.0,0.0,0.0,0.0,0.0,0.0,0.0,0.0,0.0,0.0,0.0,0.0,0.0,0.0,0.0,0.0,0.0,0.0,0.0,0.0,0.0,0.0,0.0,0.0,0.0,0.0,0.0,0.0,0.0,0.0,0.0,0.0,0.0
428,428,428,Frelimo,428,2024-02,2024-02-01,2024,2,49.0,Mozambique,ucdp_actor_metadata_fallback,1,0.6931471805599453,False,True,52.0,27.0,3.970291913552122,3.332204510175204,0.0,0.0,0.0,0.0,0.0,0.0,0.0,0.0,0.0,0.0,0.0,0.0,0.0,0.0,0.0,0.0,0.0,0.0,0.0,0.0,0.0,0.0,0.0,0.0,0.0,0.0,0.0,0.0,0.0,0.0,0.0,0.0,0.0,0.0,0.0,0.0,0.0,0.0,0.0,0.0,0.0,0.0,0.0,0.0,0.0,0.0,0.0,0.0,0.0,0.0,0.0,0.0,0.0
428,428,428,Frelimo,428,2024-03,2024-03-01,2024,3,50.0,Mozambique,ucdp_actor_metadata_fallback,1,0.6931471805599453,False,True,27.0,39.0,3.332204510175204,3.6888794541139363,0.0,0.0,0.0,0.0,0.0,0.0,0.0,0.0,0.0,0.0,0.0,0.0,0.0,0.0,0.0,0.0,0.0,0.0,0.0,0.0,0.0,0.0,0.0,0.0,0.0,0.0,0.0,0.0,0.0,0.0,0.0,0.0,0.0,0.0,0.0,0.0,0.0,0.0,0.0,0.0,0.0,0.0,0.0,0.0,0.0,0.0,0.0,0.0,0.0,0.0,0.0,0.0,0.0
428,428,428,Frelimo,428,2024-04,2024-04-01,2024,4,51.0,Mozambique,ucdp_actor_metadata_fallback,1,0.6931471805599453,False,True,39.0,52.0,3.6888794541139363,3.970291913552122,2.0,2.0,2.0,1.0,0.0,2.0,0.0,2.0,0.0,0.0,0.0,0.0,0.0,0.0,0.0,0.0,0.0,2.0,0.0,0.0,0.0,0.0,1.0,1.0986122886681098,0.0,0.0,1.0,1.0986122886681098,0.0,0.0,0.0,0.0,0.0,0.0,0.0,0.0,0.0,0.0,0.0,0.0,0.0,0.0,0.0,0.0,0.0,0.0,1.0,1.0986122886681098,0.0,0.0,0.0,0.0,1.0986122886681098
428,428,428,Frelimo,428,2024-05,2024-05-01,2024,5,52.0,Mozambique,ucdp_actor_metadata_fallback,1,0.6931471805599453,False,True,52.0,8.0,3.970291913552122,2.1972245773362196,0.0,0.0,0.0,0.0,0.0,0.0,0.0,0.0,0.0,0.0,0.0,0.0,0.0,0.0,0.0,0.0,0.0,0.0,0.0,0.0,0.0,0.0,0.0,0.0,0.0,0.0,0.0,0.0,0.0,0.0,0.0,0.0,0.0,0.0,0.0,0.0,0.0,0.0,0.0,0.0,0.0,0.0,0.0,0.0,0.0,0.0,0.0,0.0,0.0,0.0,0.0,0.0,0.0
428,428,428,Frelimo,428,2024-06,2024-06-01,2024,6,53.0,Mozambique,ucdp_actor_metadata_fallback,1,0.6931471805599453,False,True,8.0,4.0,2.1972245773362196,1.6094379124341003,3.0,3.0,3.0,1.0,1.0,3.0,2.0,2.0,0.0,0.0,0.0,0.0,0.0,0.0,0.0,0.0,0.0,3.0,0.0,0.0,0.3333333333333333,0.6931471805599453,1.0,1.3862943611198906,0.6666666666666666,1.0986122886681098,0.6666666666666666,1.0986122886681098,0.0,0.0,0.0,0.0,0.0,0.0,0.0,0.0,0.0,0.0,0.0,0.0,0.0,0.0,0.0,0.0,0.0,0.0,1.0,1.3862943611198906,0.0,0.0,0.0,0.0,1.3862943611198906
428,428,428,Frelimo,428,2024-07,2024-07-01,2024,7,54.0,Mozambique,ucdp_actor_metadata_fallback,1,0.6931471805599453,False,True,4.0,11.0,1.6094379124341003,2.4849066497880004,0.0,0.0,0.0,0.0,0.0,0.0,0.0,0.0,0.0,0.0,0.0,0.0,0.0,0.0,0.0,0.0,0.0,0.0,0.0,0.0,0.0,0.0,0.0,0.0,0.0,0.0,0.0,0.0,0.0,0.0,0.0,0.0,0.0,0.0,0.0,0.0,0.0,0.0,0.0,0.0,0.0,0.0,0.0,0.0,0.0,0.0,0.0,0.0,0.0,0.0,0.0,0.0,0.0
428,428,428,Frelimo,428,2024-08,2024-08-01,2024,8,55.0,Mozambique,ucdp_actor_metadata_fallback,1,0.6931471805599453,False,True,11.0,21.0,2.4849066497880004,3.091042453358316,1.0,1.0,1.0,1.0,0.0,1.0,1.0,1.0,0.0,0.0,0.0,0.0,0.0,0.0,0.0,0.0,0.0,1.0,0.0,0.0,0.0,0.0,1.0,0.6931471805599453,1.0,0.6931471805599453,1.0,0.6931471805599453,0.0,0.0,0.0,0.0,0.0,0.0,0.0,0.0,0.0,0.0,0.0,0.0,0.0,0.0,0.0,0.0,0.0,0.0,1.0,0.6931471805599453,0.0,0.0,0.0,0.0,0.6931471805599453
428,428,428,Frelimo,428,2024-09,2024-09-01,2024,9,56.0,Mozambique,ucdp_actor_metadata_fallback,1,0.6931471805599453,False,True,21.0,52.0,3.091042453358316,3.970291913552122,0.0,0.0,0.0,0.0,0.0,0.0,0.0,0.0,0.0,0.0,0.0,0.0,0.0,0.0,0.0,0.0,0.0,0.0,0.0,0.0,0.0,0.0,0.0,0.0,0.0,0.0,0.0,0.0,0.0,0.0,0.0,0.0,0.0,0.0,0.0,0.0,0.0,0.0,0.0,0.0,0.0,0.0,0.0,0.0,0.0,0.0,0.0,0.0,0.0,0.0,0.0,0.0,0.0
428,428,428,Frelimo,428,2024-10,2024-10-01,2024,10,57.0,Mozambique,ucdp_actor_metadata_fallback,1,0.6931471805599453,False,True,52.0,85.0,3.970291913552122,4.454347296253507,8.0,8.0,8.0,1.0,7.0,8.0,3.0,6.0,3.0,0.0,0.0,0.0,0.0,0.0,0.0,0.0,0.0,6.0,2.0,0.0,0.875,2.0794415416798357,1.0,2.1972245773362196,0.375,1.3862943611198906,0.75,1.9459101490553132,0.375,1.3862943611198906,0.0,0.0,0.0,0.0,0.0,0.0,0.0,0.0,0.0,0.0,0.0,0.0,0.0,0.0,0.0,0.0,0.75,1.9459101490553132,0.25,1.0986122886681098,0.0,0.0,2.1972245773362196
428,428,428,Frelimo,428,2024-11,2024-11-01,2024,11,58.0,Mozambique,ucdp_actor_metadata_fallback,1,0.6931471805599453,False,True,85.0,125.0,4.454347296253507,4.836281906951478,3.0,3.0,3.0,1.0,3.0,3.0,2.0,3.0,2.0,0.0,1.0,0.0,0.0,0.0,0.0,0.0,0.0,1.0,1.0,0.0,1.0,1.3862943611198906,1.0,1.3862943611198906,0.6666666666666666,1.0986122886681098,1.0,1.3862943611198906,0.6666666666666666,1.0986122886681098,0.0,0.0,0.3333333333333333,0.6931471805599453,0.0,0.0,0.0,0.0,0.0,0.0,0.0,0.0,0.0,0.0,0.0,0.0,0.3333333333333333,0.6931471805599453,0.3333333333333333,0.6931471805599453,0.0,0.0,1.3862943611198906
428,428,428,Frelimo,428,2024-12,2024-12-01,2024,12,59.0,Mozambique,ucdp_actor_metadata_fallback,1,0.6931471805599453,False,True,125.0,50.0,4.836281906951478,3.9318256327243257,4.0,4.0,4.0,1.0,4.0,4.0,4.0,4.0,1.0,0.0,3.0,0.0,0.0,0.0,0.0,0.0,0.0,0.0,1.0,0.0,1.0,1.6094379124341003,1.0,1.6094379124341003,1.0,1.6094379124341003,1.0,1.6094379124341003,0.25,0.6931471805599453,0.0,0.0,0.75,1.3862943611198906,0.0,0.0,0.0,0.0,0.0,0.0,0.0,0.0,0.0,0.0,0.0,0.0,0.0,0.0,0.25,0.6931471805599453,0.0,0.0,1.6094379124341003
428,428,428,Frelimo,428,2025-01,2025-01-01,2025,1,60.0,Mozambique,ucdp_actor_metadata_fallback,1,0.6931471805599453,False,True,50.0,47.0,3.9318256327243257,3.871201010907891,0.0,0.0,0.0,0.0,0.0,0.0,0.0,0.0,0.0,0.0,0.0,0.0,0.0,0.0,0.0,0.0,0.0,0.0,0.0,0.0,0.0,0.0,0.0,0.0,0.0,0.0,0.0,0.0,0.0,0.0,0.0,0.0,0.0,0.0,0.0,0.0,0.0,0.0,0.0,0.0,0.0,0.0,0.0,0.0,0.0,0.0,0.0,0.0,0.0,0.0,0.0,0.0,0.0
428,428,428,Frelimo,428,2025-02,2025-02-01,2025,2,61.0,Mozambique,ucdp_actor_metadata_fallback,1,0.6931471805599453,False,True,47.0,37.0,3.871201010907891,3.6375861597263857,1.0,1.0,1.0,1.0,0.0,1.0,1.0,1.0,1.0,0.0,0.0,0.0,0.0,0.0,0.0,0.0,0.0,1.0,0.0,0.0,0.0,0.0,1.0,0.6931471805599453,1.0,0.6931471805599453,1.0,0.6931471805599453,1.0,0.6931471805599453,0.0,0.0,0.0,0.0,0.0,0.0,0.0,0.0,0.0,0.0,0.0,0.0,0.0,0.0,0.0,0.0,1.0,0.6931471805599453,0.0,0.0,0.0,0.0,0.6931471805599453
428,428,428,Frelimo,428,2025-03,2025-03-01,2025,3,62.0,Mozambique,ucdp_actor_metadata_fallback,1,0.6931471805599453,False,True,37.0,35.0,3.6375861597263857,3.58351893845611,1.0,1.0,1.0,1.0,0.0,1.0,1.0,1.0,1.0,0.0,0.0,0.0,0.0,0.0,0.0,0.0,0.0,1.0,0.0,0.0,0.0,0.0,1.0,0.6931471805599453,1.0,0.6931471805599453,1.0,0.6931471805599453,1.0,0.6931471805599453,0.0,0.0,0.0,0.0,0.0,0.0,0.0,0.0,0.0,0.0,0.0,0.0,0.0,0.0,0.0,0.0,1.0,0.6931471805599453,0.0,0.0,0.0,0.0,0.6931471805599453
428,428,428,Frelimo,428,2025-04,2025-04-01,2025,4,63.0,Mozambique,ucdp_actor_metadata_fallback,1,0.6931471805599453,False,True,35.0,65.0,3.58351893845611,4.189654742026425,1.0,1.0,1.0,1.0,0.0,1.0,0.0,1.0,0.0,0.0,0.0,0.0,0.0,0.0,0.0,0.0,0.0,1.0,0.0,0.0,0.0,0.0,1.0,0.6931471805599453,0.0,0.0,1.0,0.6931471805599453,0.0,0.0,0.0,0.0,0.0,0.0,0.0,0.0,0.0,0.0,0.0,0.0,0.0,0.0,0.0,0.0,0.0,0.0,1.0,0.6931471805599453,0.0,0.0,0.0,0.0,0.6931471805599453
428,428,428,Frelimo,428,2025-05,2025-05-01,2025,5,64.0,Mozambique,ucdp_actor_metadata_fallback,1,0.6931471805599453,False,True,65.0,75.0,4.189654742026425,4.330733340286331,0.0,0.0,0.0,0.0,0.0,0.0,0.0,0.0,0.0,0.0,0.0,0.0,0.0,0.0,0.0,0.0,0.0,0.0,0.0,0.0,0.0,0.0,0.0,0.0,0.0,0.0,0.0,0.0,0.0,0.0,0.0,0.0,0.0,0.0,0.0,0.0,0.0,0.0,0.0,0.0,0.0,0.0,0.0,0.0,0.0,0.0,0.0,0.0,0.0,0.0,0.0,0.0,0.0
428,428,428,Frelimo,428,2025-06,2025-06-01,2025,6,65.0,Mozambique,ucdp_actor_metadata_fallback,1,0.6931471805599453,False,True,75.0,57.0,4.330733340286331,4.060443010546419,0.0,0.0,0.0,0.0,0.0,0.0,0.0,0.0,0.0,0.0,0.0,0.0,0.0,0.0,0.0,0.0,0.0,0.0,0.0,0.0,0.0,0.0,0.0,0.0,0.0,0.0,0.0,0.0,0.0,0.0,0.0,0.0,0.0,0.0,0.0,0.0,0.0,0.0,0.0,0.0,0.0,0.0,0.0,0.0,0.0,0.0,0.0,0.0,0.0,0.0,0.0,0.0,0.0
428,428,428,Frelimo,428,2025-07,2025-07-01,2025,7,66.0,Mozambique,ucdp_actor_metadata_fallback,1,0.6931471805599453,False,True,57.0,37.0,4.060443010546419,3.6375861597263857,0.0,0.0,0.0,0.0,0.0,0.0,0.0,0.0,0.0,0.0,0.0,0.0,0.0,0.0,0.0,0.0,0.0,0.0,0.0,0.0,0.0,0.0,0.0,0.0,0.0,0.0,0.0,0.0,0.0,0.0,0.0,0.0,0.0,0.0,0.0,0.0,0.0,0.0,0.0,0.0,0.0,0.0,0.0,0.0,0.0,0.0,0.0,0.0,0.0,0.0,0.0,0.0,0.0
428,428,428,Frelimo,428,2025-08,2025-08-01,2025,8,67.0,Mozambique,ucdp_actor_metadata_fallback,1,0.6931471805599453,False,True,37.0,70.0,3.6375861597263857,4.2626798770413155,0.0,0.0,0.0,0.0,0.0,0.0,0.0,0.0,0.0,0.0,0.0,0.0,0.0,0.0,0.0,0.0,0.0,0.0,0.0,0.0,0.0,0.0,0.0,0.0,0.0,0.0,0.0,0.0,0.0,0.0,0.0,0.0,0.0,0.0,0.0,0.0,0.0,0.0,0.0,0.0,0.0,0.0,0.0,0.0,0.0,0.0,0.0,0.0,0.0,0.0,0.0,0.0,0.0
428,428,428,Frelimo,428,2025-09,2025-09-01,2025,9,68.0,Mozambique,ucdp_actor_metadata_fallback,1,0.6931471805599453,False,True,70.0,34.0,4.2626798770413155,3.5553480614894135,0.0,0.0,0.0,0.0,0.0,0.0,0.0,0.0,0.0,0.0,0.0,0.0,0.0,0.0,0.0,0.0,0.0,0.0,0.0,0.0,0.0,0.0,0.0,0.0,0.0,0.0,0.0,0.0,0.0,0.0,0.0,0.0,0.0,0.0,0.0,0.0,0.0,0.0,0.0,0.0,0.0,0.0,0.0,0.0,0.0,0.0,0.0,0.0,0.0,0.0,0.0,0.0,0.0
428,428,428,Frelimo,428,2025-10,2025-10-01,2025,10,69.0,Mozambique,ucdp_actor_metadata_fallback,1,0.6931471805599453,False,True,34.0,89.0,3.5553480614894135,4.499809670330265,1.0,1.0,1.0,1.0,0.0,1.0,1.0,1.0,0.0,0.0,1.0,0.0,0.0,0.0,0.0,0.0,0.0,0.0,0.0,0.0,0.0,0.0,1.0,0.6931471805599453,1.0,0.6931471805599453,1.0,0.6931471805599453,0.0,0.0,0.0,0.0,1.0,0.6931471805599453,0.0,0.0,0.0,0.0,0.0,0.0,0.0,0.0,0.0,0.0,0.0,0.0,0.0,0.0,0.0,0.0,0.0,0.0,0.6931471805599453
428,428,428,Frelimo,428,2025-11,2025-11-01,2025,11,70.0,Mozambique,ucdp_actor_metadata_fallback,1,0.6931471805599453,False,True,89.0,14.0,4.499809670330265,2.70805020110221,0.0,0.0,0.0,0.0,0.0,0.0,0.0,0.0,0.0,0.0,0.0,0.0,0.0,0.0,0.0,0.0,0.0,0.0,0.0,0.0,0.0,0.0,0.0,0.0,0.0,0.0,0.0,0.0,0.0,0.0,0.0,0.0,0.0,0.0,0.0,0.0,0.0,0.0,0.0,0.0,0.0,0.0,0.0,0.0,0.0,0.0,0.0,0.0,0.0,0.0,0.0,0.0,0.0
428,428,428,Frelimo,428,2025-12,2025-12-01,2025,12,71.0,Mozambique,ucdp_actor_metadata_fallback,1,0.6931471805599453,False,False,14.0,,2.70805020110221,,0.0,0.0,0.0,0.0,0.0,0.0,0.0,0.0,0.0,0.0,0.0,0.0,0.0,0.0,0.0,0.0,0.0,0.0,0.0,0.0,0.0,0.0,0.0,0.0,0.0,0.0,0.0,0.0,0.0,0.0,0.0,0.0,0.0,0.0,0.0,0.0,0.0,0.0,0.0,0.0,0.0,0.0,0.0,0.0,0.0,0.0,0.0,0.0,0.0,0.0,0.0,0.0,0.0
209,209,209,Hamas,209,2020-01,2020-01-01,2020,1,0.0,Israel,ged_rolling_24m,1,0.6931471805599453,False,True,3.0,3.0,1.3862943611198906,1.3862943611198906,182.0,182.0,182.0,1.0,131.0,169.0,60.0,159.0,136.0,0.0,100.0,0.0,0.0,0.0,11.0,0.0,0.0,64.0,7.0,0.0,0.7197802197802198,4.882801922586371,0.9285714285714286,5.135798437050262,0.32967032967032966,4.110873864173311,0.8736263736263736,5.075173815233827,0.7472527472527473,4.919980925828125,0.0,0.0,0.5494505494505495,4.61512051684126,0.0,0.0,0.0,0.0,0.0,0.0,0.06043956043956044,2.4849066497880004,0.0,0.0,0.0,0.0,0.3516483516483517,4.174387269895637,0.038461538461538464,2.0794415416798357,0.0,0.0,5.209486152841421
209,209,209,Hamas,209,2020-02,2020-02-01,2020,2,1.0,Israel,ged_rolling_24m,1,0.6931471805599453,False,True,3.0,0.0,1.3862943611198906,0.0,237.0,237.0,237.0,1.0,190.0,222.0,61.0,204.0,187.0,0.0,143.0,1.0,1.0,0.0,8.0,6.0,2.0,72.0,1.0,3.0,0.8016877637130801,5.25227342804663,0.9367088607594937,5.407171771460119,0.25738396624472576,4.127134385045092,0.8607594936708861,5.3230099791384085,0.7890295358649789,5.236441962829949,0.0,0.0,0.6033755274261603,4.969813299576001,0.004219409282700422,0.6931471805599453,0.004219409282700422,0.6931471805599453,0.0,0.0,0.03375527426160337,2.1972245773362196,0.02531645569620253,1.9459101490553132,0.008438818565400843,1.0986122886681098,0.3037974683544304,4.290459441148391,0.004219409282700422,0.6931471805599453,0.012658227848101266,1.3862943611198906,5.472270673671475
209,209,209,Hamas,209,2020-03,2020-03-01,2020,3,2.0,Israel,ged_rolling_24m,1,0.6931471805599453,False,True,0.0,0.0,0.0,0.0,46.0,46.0,46.0,1.0,22.0,39.0,9.0,31.0,24.0,0.0,10.0,0.0,0.0,0.0,6.0,0.0,0.0,30.0,0.0,0.0,0.4782608695652174,3.1354942159291497,0.8478260869565217,3.6888794541139363,0.1956521739130435,2.302585092994046,0.6739130434782609,3.4657359027997265,0.5217391304347826,3.2188758248682006,0.0,0.0,0.21739130434782608,2.3978952727983707,0.0,0.0,0.0,0.0,0.0,0.0,0.13043478260869565,1.9459101490553132,0.0,0.0,0.0,0.0,0.6521739130434783,3.4339872044851463,0.0,0.0,0.0,0.0,3.8501476017100584
209,209,209,Hamas,209,2020-04,2020-04-01,2020,4,3.0,Israel,ged_rolling_24m,1,0.6931471805599453,False,True,0.0,2.0,0.0,1.0986122886681098,44.0,44.0,44.0,1.0,26.0,39.0,20.0,26.0,17.0,0.0,12.0,0.0,1.0,0.0,4.0,1.0,0.0,26.0,0.0,0.0,0.5909090909090909,3.295836866004329,0.8863636363636364,3.6888794541139363,0.45454545454545453,3.044522437723423,0.5909090909090909,3.295836866004329,0.38636363636363635,2.8903717578961645,0.0,0.0,0.2727272727272727,2.5649493574615367,0.0,0.0,0.022727272727272728,0.6931471805599453,0.0,0.0,0.09090909090909091,1.6094379124341003,0.022727272727272728,0.6931471805599453,0.0,0.0,0.5909090909090909,3.295836866004329,0.0,0.0,0.0,0.0,3.8066624897703196
209,209,209,Hamas,209,2020-05,2020-05-01,2020,5,4.0,Israel,ged_rolling_24m,1,0.6931471805599453,False,True,2.0,1.0,1.0986122886681098,0.6931471805599453,44.0,44.0,44.0,1.0,28.0,44.0,14.0,37.0,23.0,1.0,13.0,3.0,1.0,0.0,0.0,0.0,0.0,25.0,1.0,0.0,0.6363636363636364,3.367295829986474,1.0,3.8066624897703196,0.3181818181818182,2.70805020110221,0.8409090909090909,3.6375861597263857,0.5227272727272727,3.1780538303479458,0.022727272727272728,0.6931471805599453,0.29545454545454547,2.6390573296152584,0.06818181818181818,1.3862943611198906,0.022727272727272728,0.6931471805599453,0.0,0.0,0.0,0.0,0.0,0.0,0.0,0.0,0.5681818181818182,3.258096538021482,0.022727272727272728,0.6931471805599453,0.0,0.0,3.8066624897703196
209,209,209,Hamas,209,2020-06,2020-06-01,2020,6,5.0,Israel,ged_rolling_24m,1,0.6931471805599453,False,True,1.0,0.0,0.6931471805599453,0.0,88.0,88.0,88.0,1.0,67.0,81.0,23.0,73.0,53.0,0.0,36.0,4.0,0.0,0.0,4.0,2.0,2.0,39.0,0.0,1.0,0.7613636363636364,4.219507705176107,0.9204545454545454,4.406719247264253,0.26136363636363635,3.1780538303479458,0.8295454545454546,4.30406509320417,0.6022727272727273,3.9889840465642745,0.0,0.0,0.4090909090909091,3.6109179126442243,0.045454545454545456,1.6094379124341003,0.0,0.0,0.0,0.0,0.045454545454545456,1.6094379124341003,0.022727272727272728,1.0986122886681098,0.022727272727272728,1.0986122886681098,0.4431818181818182,3.6888794541139363,0.0,0.0,0.011363636363636364,0.6931471805599453,4.48863636973214
209,209,209,Hamas,209,2020-07,2020-07-01,2020,7,6.0,Israel,ged_rolling_24m,1,0.6931471805599453,False,True,0.0,0.0,0.0,0.0,101.0,101.0,101.0,1.0,77.0,94.0,24.0,78.0,64.0,0.0,49.0,3.0,0.0,0.0,5.0,1.0,2.0,37.0,4.0,0.0,0.7623762376237624,4.356708826689592,0.9306930693069307,4.553876891600541,0.2376237623762376,3.2188758248682006,0.7722772277227723,4.3694478524670215,0.6336633663366337,4.174387269895637,0.0,0.0,0.48514851485148514,3.912023005428146,0.0297029702970297,1.3862943611198906,0.0,0.0,0.0,0.0,0.04950495049504951,1.791759469228055,0.009900990099009901,0.6931471805599453,0.019801980198019802,1.0986122886681098,0.36633663366336633,3.6375861597263857,0.039603960396039604,1.6094379124341003,0.0,0.0,4.624972813284271
209,209,209,Hamas,209,2020-08,2020-08-01,2020,8,7.0,Israel,ged_rolling_24m,1,0.6931471805599453,False,True,0.0,0.0,0.0,0.0,416.0,416.0,416.0,1.0,366.0,397.0,46.0,382.0,365.0,0.0,319.0,1.0,0.0,0.0,10.0,0.0,2.0,76.0,1.0,7.0,0.8798076923076923,5.905361848054571,0.9543269230769231,5.986452005284438,0.11057692307692307,3.8501476017100584,0.9182692307692307,5.948034989180646,0.8774038461538461,5.902633333401366,0.0,0.0,0.7668269230769231,5.768320995793772,0.002403846153846154,0.6931471805599453,0.0,0.0,0.0,0.0,0.02403846153846154,2.3978952727983707,0.0,0.0,0.004807692307692308,1.0986122886681098,0.18269230769230768,4.343805421853684,0.002403846153846154,0.6931471805599453,0.016826923076923076,2.0794415416798357,6.0330862217988015
209,209,209,Hamas,209,2020-09,2020-09-01,2020,9,8.0,Israel,ged_rolling_24m,1,0.6931471805599453,False,True,0.0,1.0,0.0,0.6931471805599453,116.0,116.0,116.0,1.0,86.0,109.0,19.0,94.0,85.0,0.0,51.0,2.0,2.0,0.0,5.0,1.0,0.0,54.0,0.0,1.0,0.7413793103448276,4.465908118654584,0.9396551724137931,4.700480365792417,0.16379310344827586,2.995732273553991,0.8103448275862069,4.553876891600541,0.7327586206896551,4.454347296253507,0.0,0.0,0.4396551724137931,3.9512437185814275,0.017241379310344827,1.0986122886681098,0.017241379310344827,1.0986122886681098,0.0,0.0,0.04310344827586207,1.791759469228055,0.008620689655172414,0.6931471805599453,0.0,0.0,0.46551724137931033,4.007333185232471,0.0,0.0,0.008620689655172414,0.6931471805599453,4.762173934797756
209,209,209,Hamas,209,2020-10,2020-10-01,2020,10,9.0,Israel,ged_rolling_24m,1,0.6931471805599453,False,True,1.0,0.0,0.6931471805599453,0.0,54.0,54.0,54.0,1.0,39.0,49.0,12.0,47.0,39.0,0.0,28.0,1.0,0.0,0.0,4.0,2.0,1.0,17.0,0.0,1.0,0.7222222222222222,3.6888794541139363,0.9074074074074074,3.912023005428146,0.2222222222222222,2.5649493574615367,0.8703703703703703,3.871201010907891,0.7222222222222222,3.6888794541139363,0.0,0.0,0.5185185185185185,3.367295829986474,0.018518518518518517,0.6931471805599453,0.0,0.0,0.0,0.0,0.07407407407407407,1.6094379124341003,0.037037037037037035,1.0986122886681098,0.018518518518518517,0.6931471805599453,0.3148148148148148,2.8903717578961645,0.0,0.0,0.018518518518518517,0.6931471805599453,4.007333185232471
209,209,209,Hamas,209,2020-11,2020-11-01,2020,11,10.0,Israel,ged_rolling_24m,1,0.6931471805599453,False,True,0.0,0.0,0.0,0.0,87.0,87.0,87.0,1.0,62.0,81.0,16.0,70.0,64.0,0.0,44.0,0.0,1.0,0.0,2.0,2.0,1.0,34.0,0.0,3.0,0.7126436781609196,4.143134726391533,0.9310344827586207,4.406719247264253,0.1839080459770115,2.833213344056216,0.8045977011494253,4.2626798770413155,0.735632183908046,4.174387269895637,0.0,0.0,0.5057471264367817,3.8066624897703196,0.0,0.0,0.011494252873563218,0.6931471805599453,0.0,0.0,0.022988505747126436,1.0986122886681098,0.022988505747126436,1.0986122886681098,0.011494252873563218,0.6931471805599453,0.39080459770114945,3.5553480614894135,0.0,0.0,0.034482758620689655,1.3862943611198906,4.477336814478207
209,209,209,Hamas,209,2020-12,2020-12-01,2020,12,11.0,Israel,ged_rolling_24m,1,0.6931471805599453,False,True,0.0,0.0,0.0,0.0,88.0,88.0,88.0,1.0,66.0,83.0,18.0,73.0,64.0,0.0,48.0,2.0,1.0,0.0,5.0,0.0,0.0,32.0,0.0,0.0,0.75,4.204692619390966,0.9431818181818182,4.430816798843313,0.20454545454545456,2.9444389791664403,0.8295454545454546,4.30406509320417,0.7272727272727273,4.174387269895637,0.0,0.0,0.5454545454545454,3.8918202981106265,0.022727272727272728,1.0986122886681098,0.011363636363636364,0.6931471805599453,0.0,0.0,0.056818181818181816,1.791759469228055,0.0,0.0,0.0,0.0,0.36363636363636365,3.4965075614664802,0.0,0.0,0.0,0.0,4.48863636973214
209,209,209,Hamas,209,2021-01,2021-01-01,2021,1,12.0,Israel,ged_rolling_24m,1,0.6931471805599453,False,True,0.0,0.0,0.0,0.0,105.0,105.0,105.0,1.0,77.0,97.0,21.0,77.0,65.0,0.0,46.0,2.0,0.0,0.0,7.0,1.0,1.0,48.0,0.0,0.0,0.7333333333333333,4.356708826689592,0.9238095238095239,4.584967478670572,0.2,3.091042453358316,0.7333333333333333,4.356708826689592,0.6190476190476191,4.189654742026425,0.0,0.0,0.4380952380952381,3.8501476017100584,0.01904761904761905,1.0986122886681098,0.0,0.0,0.0,0.0,0.06666666666666667,2.0794415416798357,0.009523809523809525,0.6931471805599453,0.009523809523809525,0.6931471805599453,0.45714285714285713,3.8918202981106265,0.0,0.0,0.0,0.0,4.663439094112067
209,209,209,Hamas,209,2021-02,2021-02-01,2021,2,13.0,Israel,ged_rolling_24m,1,0.6931471805599453,False,True,0.0,0.0,0.0,0.0,60.0,60.0,60.0,1.0,34.0,56.0,15.0,35.0,26.0,0.0,9.0,1.0,0.0,0.0,4.0,0.0,0.0,46.0,0.0,0.0,0.5666666666666667,3.5553480614894135,0.9333333333333333,4.04305126783455,0.25,2.772588722239781,0.5833333333333334,3.58351893845611,0.43333333333333335,3.295836866004329,0.0,0.0,0.15,2.302585092994046,0.016666666666666666,0.6931471805599453,0.0,0.0,0.0,0.0,0.06666666666666667,1.6094379124341003,0.0,0.0,0.0,0.0,0.7666666666666667,3.8501476017100584,0.0,0.0,0.0,0.0,4.110873864173311
209,209,209,Hamas,209,2021-03,2021-03-01,2021,3,14.0,Israel,ged_rolling_24m,1,0.6931471805599453,False,True,0.0,1.0,0.0,0.6931471805599453,80.0,80.0,80.0,1.0,60.0,76.0,37.0,64.0,52.0,0.0,26.0,1.0,0.0,0.0,4.0,2.0,0.0,47.0,0.0,0.0,0.75,4.110873864173311,0.95,4.343805421853684,0.4625,3.6375861597263857,0.8,4.174387269895637,0.65,3.970291913552122,0.0,0.0,0.325,3.295836866004329,0.0125,0.6931471805599453,0.0,0.0,0.0,0.0,0.05,1.6094379124341003,0.025,1.0986122886681098,0.0,0.0,0.5875,3.871201010907891,0.0,0.0,0.0,0.0,4.394449154672439
209,209,209,Hamas,209,2021-04,2021-04-01,2021,4,15.0,Israel,ged_rolling_24m,1,0.6931471805599453,False,True,1.0,254.0,0.6931471805599453,5.541263545158426,187.0,187.0,187.0,1.0,161.0,184.0,33.0,168.0,141.0,0.0,121.0,1.0,2.0,0.0,2.0,0.0,1.0,60.0,0.0,0.0,0.8609625668449198,5.087596335232384,0.983957219251337,5.220355825078324,0.17647058823529413,3.5263605246161616,0.8983957219251337,5.1298987149230735,0.7540106951871658,4.955827057601261,0.0,0.0,0.6470588235294118,4.804021044733257,0.0053475935828877,0.6931471805599453,0.0106951871657754,1.0986122886681098,0.0,0.0,0.0106951871657754,1.0986122886681098,0.0,0.0,0.0053475935828877,0.6931471805599453,0.32085561497326204,4.110873864173311,0.0,0.0,0.0,0.0,5.236441962829949
209,209,209,Hamas,209,2021-05,2021-05-01,2021,5,16.0,Israel,ged_rolling_24m,1,0.6931471805599453,False,True,254.0,3.0,5.541263545158426,1.3862943611198906,2992.0,2992.0,2992.0,1.0,2590.0,2840.0,2082.0,2791.0,2605.0,3.0,1766.0,37.0,1.0,0.0,122.0,5.0,4.0,960.0,74.0,20.0,0.8656417112299465,7.85979918056211,0.9491978609625669,7.951911381854188,0.695855614973262,7.641564441260972,0.9328208556149733,7.934513463882263,0.8706550802139037,7.8655717576847906,0.001002673796791444,1.3862943611198906,0.5902406417112299,7.4770384723196965,0.012366310160427808,3.6375861597263857,0.00033422459893048126,0.6931471805599453,0.0,0.0,0.04077540106951872,4.812184355372417,0.0016711229946524064,1.791759469228055,0.001336898395721925,1.6094379124341003,0.32085561497326204,6.8679744089702925,0.024732620320855617,4.31748811353631,0.0066844919786096255,3.044522437723423,8.0040315078527
209,209,209,Hamas,209,2021-06,2021-06-01,2021,6,17.0,Israel,ged_rolling_24m,1,0.6931471805599453,False,True,3.0,1.0,1.3862943611198906,0.6931471805599453,572.0,572.0,572.0,1.0,385.0,539.0,231.0,492.0,398.0,0.0,184.0,22.0,0.0,0.0,25.0,2.0,8.0,311.0,13.0,7.0,0.6730769230769231,5.955837369464831,0.9423076923076923,6.29156913955832,0.40384615384615385,5.44673737166631,0.8601398601398601,6.20050917404269,0.6958041958041958,5.988961416889864,0.0,0.0,0.32167832167832167,5.220355825078324,0.038461538461538464,3.1354942159291497,0.0,0.0,0.0,0.0,0.043706293706293704,3.258096538021482,0.0034965034965034965,1.0986122886681098,0.013986013986013986,2.1972245773362196,0.5437062937062938,5.7430031878094825,0.022727272727272728,2.6390573296152584,0.012237762237762238,2.0794415416798357,6.35088571671474
209,209,209,Hamas,209,2021-07,2021-07-01,2021,7,18.0,Israel,ged_rolling_24m,1,0.6931471805599453,False,True,1.0,9.0,0.6931471805599453,2.302585092994046,239.0,239.0,239.0,1.0,157.0,222.0,93.0,202.0,165.0,1.0,82.0,9.0,1.0,0.0,16.0,0.0,2.0,123.0,5.0,0.0,0.6569037656903766,5.062595033026967,0.9288702928870293,5.407171771460119,0.3891213389121339,4.543294782270004,0.8451882845188284,5.313205979041787,0.6903765690376569,5.111987788356544,0.0041841004184100415,0.6931471805599453,0.34309623430962344,4.418840607796598,0.03765690376569038,2.302585092994046,0.0041841004184100415,0.6931471805599453,0.0,0.0,0.06694560669456066,2.833213344056216,0.0,0.0,0.008368200836820083,1.0986122886681098,0.5146443514644351,4.820281565605037,0.02092050209205021,1.791759469228055,0.0,0.0,5.480638923341991
209,209,209,Hamas,209,2021-08,2021-08-01,2021,8,19.0,Israel,ged_rolling_24m,1,0.6931471805599453,False,True,9.0,7.0,2.302585092994046,2.0794415416798357,24.0,24.0,24.0,1.0,18.0,20.0,10.0,20.0,16.0,0.0,9.0,3.0,0.0,0.0,4.0,1.0,0.0,7.0,0.0,0.0,0.75,2.9444389791664403,0.8333333333333334,3.044522437723423,0.4166666666666667,2.3978952727983707,0.8333333333333334,3.044522437723423,0.6666666666666666,2.833213344056216,0.0,0.0,0.375,2.302585092994046,0.125,1.3862943611198906,0.0,0.0,0.0,0.0,0.16666666666666666,1.6094379124341003,0.041666666666666664,0.6931471805599453,0.0,0.0,0.2916666666666667,2.0794415416798357,0.0,0.0,0.0,0.0,3.2188758248682006
209,209,209,Hamas,209,2021-09,2021-09-01,2021,9,20.0,Israel,ged_rolling_24m,1,0.6931471805599453,False,True,7.0,0.0,2.0794415416798357,0.0,326.0,326.0,326.0,1.0,255.0,310.0,149.0,283.0,226.0,0.0,176.0,4.0,0.0,0.0,13.0,0.0,0.0,130.0,0.0,3.0,0.7822085889570553,5.545177444479562,0.950920245398773,5.739792912179234,0.4570552147239264,5.0106352940962555,0.8680981595092024,5.648974238161206,0.6932515337423313,5.424950017481403,0.0,0.0,0.5398773006134969,5.176149732573829,0.012269938650306749,1.6094379124341003,0.0,0.0,0.0,0.0,0.03987730061349693,2.6390573296152584,0.0,0.0,0.0,0.0,0.3987730061349693,4.875197323201151,0.0,0.0,0.009202453987730062,1.3862943611198906,5.7899601708972535
209,209,209,Hamas,209,2021-10,2021-10-01,2021,10,21.0,Israel,ged_rolling_24m,1,0.6931471805599453,False,True,0.0,3.0,0.0,1.3862943611198906,117.0,117.0,117.0,1.0,68.0,107.0,50.0,84.0,62.0,0.0,28.0,3.0,0.0,0.0,8.0,1.0,1.0,75.0,0.0,1.0,0.5811965811965812,4.23410650459726,0.9145299145299145,4.68213122712422,0.42735042735042733,3.9318256327243257,0.717948717948718,4.442651256490317,0.5299145299145299,4.143134726391533,0.0,0.0,0.23931623931623933,3.367295829986474,0.02564102564102564,1.3862943611198906,0.0,0.0,0.0,0.0,0.06837606837606838,2.1972245773362196,0.008547008547008548,0.6931471805599453,0.008547008547008548,0.6931471805599453,0.6410256410256411,4.330733340286331,0.0,0.0,0.008547008547008548,0.6931471805599453,4.770684624465665
209,209,209,Hamas,209,2021-11,2021-11-01,2021,11,22.0,Israel,ged_rolling_24m,1,0.6931471805599453,False,True,3.0,3.0,1.3862943611198906,1.3862943611198906,184.0,184.0,184.0,1.0,126.0,170.0,103.0,149.0,124.0,0.0,62.0,8.0,0.0,0.0,13.0,2.0,0.0,96.0,2.0,1.0,0.6847826086956522,4.844187086458591,0.9239130434782609,5.14166355650266,0.5597826086956522,4.6443908991413725,0.8097826086956522,5.0106352940962555,0.6739130434782609,4.8283137373023015,0.0,0.0,0.33695652173913043,4.143134726391533,0.043478260869565216,2.1972245773362196,0.0,0.0,0.0,0.0,0.07065217391304347,2.6390573296152584,0.010869565217391304,1.0986122886681098,0.0,0.0,0.5217391304347826,4.574710978503383,0.010869565217391304,1.0986122886681098,0.005434782608695652,0.6931471805599453,5.220355825078324
209,209,209,Hamas,209,2021-12,2021-12-01,2021,12,23.0,Israel,ged_rolling_24m,1,0.6931471805599453,False,True,3.0,3.0,1.3862943611198906,1.3862943611198906,219.0,219.0,219.0,1.0,165.0,207.0,138.0,192.0,147.0,0.0,114.0,6.0,0.0,0.0,9.0,2.0,4.0,83.0,0.0,1.0,0.7534246575342466,5.111987788356544,0.9452054794520548,5.337538079701318,0.6301369863013698,4.9344739331306915,0.8767123287671232,5.262690188904886,0.6712328767123288,4.997212273764115,0.0,0.0,0.5205479452054794,4.74493212836325,0.0273972602739726,1.9459101490553132,0.0,0.0,0.0,0.0,0.0410958904109589,2.302585092994046,0.0091324200913242,1.0986122886681098,0.0182648401826484,1.6094379124341003,0.3789954337899543,4.430816798843313,0.0,0.0,0.0045662100456621,0.6931471805599453,5.393627546352362
209,209,209,Hamas,209,2022-01,2022-01-01,2022,1,24.0,Israel,ged_rolling_24m,1,0.6931471805599453,False,True,3.0,3.0,1.3862943611198906,1.3862943611198906,173.0,173.0,173.0,1.0,122.0,163.0,61.0,149.0,126.0,1.0,88.0,4.0,0.0,0.0,8.0,0.0,1.0,71.0,0.0,0.0,0.7052023121387283,4.812184355372417,0.9421965317919075,5.099866427824199,0.35260115606936415,4.127134385045092,0.861271676300578,5.0106352940962555,0.7283236994219653,4.844187086458591,0.005780346820809248,0.6931471805599453,0.5086705202312138,4.48863636973214,0.023121387283236993,1.6094379124341003,0.0,0.0,0.0,0.0,0.046242774566473986,2.1972245773362196,0.0,0.0,0.005780346820809248,0.6931471805599453,0.41040462427745666,4.276666119016055,0.0,0.0,0.0,0.0,5.159055299214529
209,209,209,Hamas,209,2022-02,2022-02-01,2022,2,25.0,Israel,ged_rolling_24m,1,0.6931471805599453,False,True,3.0,5.0,1.3862943611198906,1.791759469228055,105.0,105.0,105.0,1.0,61.0,99.0,47.0,88.0,62.0,0.0,31.0,3.0,0.0,0.0,4.0,2.0,3.0,62.0,0.0,0.0,0.580952380952381,4.127134385045092,0.9428571428571428,4.605170185988092,0.44761904761904764,3.871201010907891,0.8380952380952381,4.48863636973214,0.5904761904761905,4.143134726391533,0.0,0.0,0.29523809523809524,3.4657359027997265,0.02857142857142857,1.3862943611198906,0.0,0.0,0.0,0.0,0.0380952380952381,1.6094379124341003,0.01904761904761905,1.0986122886681098,0.02857142857142857,1.3862943611198906,0.5904761904761905,4.143134726391533,0.0,0.0,0.0,0.0,4.663439094112067
209,209,209,Hamas,209,2022-03,2022-03-01,2022,3,26.0,Israel,ged_rolling_24m,1,0.6931471805599453,False,True,5.0,11.0,1.791759469228055,2.4849066497880004,67.0,67.0,67.0,1.0,31.0,64.0,32.0,57.0,41.0,0.0,12.0,1.0,1.0,0.0,3.0,0.0,0.0,49.0,1.0,0.0,0.4626865671641791,3.4657359027997265,0.9552238805970149,4.174387269895637,0.47761194029850745,3.4965075614664802,0.8507462686567164,4.060443010546419,0.6119402985074627,3.7376696182833684,0.0,0.0,0.1791044776119403,2.5649493574615367,0.014925373134328358,0.6931471805599453,0.014925373134328358,0.6931471805599453,0.0,0.0,0.04477611940298507,1.3862943611198906,0.0,0.0,0.0,0.0,0.7313432835820896,3.912023005428146,0.014925373134328358,0.6931471805599453,0.0,0.0,4.219507705176107
209,209,209,Hamas,209,2022-04,2022-04-01,2022,4,27.0,Israel,ged_rolling_24m,1,0.6931471805599453,False,True,11.0,5.0,2.4849066497880004,1.791759469228055,195.0,195.0,195.0,1.0,161.0,178.0,73.0,168.0,145.0,0.0,119.0,1.0,0.0,0.0,9.0,2.0,1.0,57.0,2.0,4.0,0.8256410256410256,5.087596335232384,0.9128205128205128,5.187385805840755,0.37435897435897436,4.30406509320417,0.8615384615384616,5.1298987149230735,0.7435897435897436,4.983606621708336,0.0,0.0,0.6102564102564103,4.787491742782046,0.005128205128205128,0.6931471805599453,0.0,0.0,0.0,0.0,0.046153846153846156,2.302585092994046,0.010256410256410256,1.0986122886681098,0.005128205128205128,0.6931471805599453,0.2923076923076923,4.060443010546419,0.010256410256410256,1.0986122886681098,0.020512820512820513,1.6094379124341003,5.278114659230517
209,209,209,Hamas,209,2022-05,2022-05-01,2022,5,28.0,Israel,ged_rolling_24m,1,0.6931471805599453,False,True,5.0,4.0,1.791759469228055,1.6094379124341003,176.0,176.0,176.0,1.0,126.0,163.0,103.0,153.0,103.0,0.0,69.0,6.0,0.0,0.0,5.0,1.0,1.0,92.0,1.0,1.0,0.7159090909090909,4.844187086458591,0.9261363636363636,5.099866427824199,0.5852272727272727,4.6443908991413725,0.8693181818181818,5.0369526024136295,0.5852272727272727,4.6443908991413725,0.0,0.0,0.39204545454545453,4.248495242049359,0.03409090909090909,1.9459101490553132,0.0,0.0,0.0,0.0,0.028409090909090908,1.791759469228055,0.005681818181818182,0.6931471805599453,0.005681818181818182,0.6931471805599453,0.5227272727272727,4.532599493153256,0.005681818181818182,0.6931471805599453,0.005681818181818182,0.6931471805599453,5.176149732573829
209,209,209,Hamas,209,2022-06,2022-06-01,2022,6,29.0,Israel,ged_rolling_24m,1,0.6931471805599453,False,True,4.0,2.0,1.6094379124341003,1.0986122886681098,119.0,119.0,119.0,1.0,84.0,116.0,48.0,99.0,86.0,0.0,48.0,6.0,1.0,0.0,2.0,1.0,5.0,56.0,0.0,0.0,0.7058823529411765,4.442651256490317,0.9747899159663865,4.762173934797756,0.40336134453781514,3.8918202981106265,0.8319327731092437,4.605170185988092,0.7226890756302521,4.465908118654584,0.0,0.0,0.40336134453781514,3.8918202981106265,0.05042016806722689,1.9459101490553132,0.008403361344537815,0.6931471805599453,0.0,0.0,0.01680672268907563,1.0986122886681098,0.008403361344537815,0.6931471805599453,0.04201680672268908,1.791759469228055,0.47058823529411764,4.04305126783455,0.0,0.0,0.0,0.0,4.787491742782046
209,209,209,Hamas,209,2022-07,2022-07-01,2022,7,30.0,Israel,ged_rolling_24m,1,0.6931471805599453,False,True,2.0,30.0,1.0986122886681098,3.4339872044851463,100.0,100.0,100.0,1.0,73.0,89.0,27.0,78.0,68.0,0.0,44.0,0.0,1.0,0.0,7.0,1.0,2.0,42.0,0.0,3.0,0.73,4.30406509320417,0.89,4.499809670330265,0.27,3.332204510175204,0.78,4.3694478524670215,0.68,4.23410650459726,0.0,0.0,0.44,3.8066624897703196,0.0,0.0,0.01,0.6931471805599453,0.0,0.0,0.07,2.0794415416798357,0.01,0.6931471805599453,0.02,1.0986122886681098,0.42,3.7612001156935624,0.0,0.0,0.03,1.3862943611198906,4.61512051684126
209,209,209,Hamas,209,2022-08,2022-08-01,2022,8,31.0,Israel,ged_rolling_24m,1,0.6931471805599453,False,True,30.0,11.0,3.4339872044851463,2.4849066497880004,182.0,182.0,182.0,1.0,137.0,173.0,121.0,171.0,148.0,0.0,107.0,4.0,0.0,0.0,8.0,0.0,3.0,59.0,0.0,1.0,0.7527472527472527,4.927253685157205,0.9505494505494505,5.159055299214529,0.6648351648351648,4.804021044733257,0.9395604395604396,5.147494476813453,0.8131868131868132,5.003946305945459,0.0,0.0,0.5879120879120879,4.68213122712422,0.02197802197802198,1.6094379124341003,0.0,0.0,0.0,0.0,0.04395604395604396,2.1972245773362196,0.0,0.0,0.016483516483516484,1.3862943611198906,0.3241758241758242,4.0943445622221,0.0,0.0,0.005494505494505495,0.6931471805599453,5.209486152841421
209,209,209,Hamas,209,2022-09,2022-09-01,2022,9,32.0,Israel,ged_rolling_24m,1,0.6931471805599453,False,True,11.0,11.0,2.4849066497880004,2.4849066497880004,67.0,67.0,67.0,1.0,45.0,64.0,37.0,54.0,30.0,1.0,26.0,3.0,0.0,0.0,2.0,0.0,2.0,33.0,0.0,0.0,0.6716417910447762,3.828641396489095,0.9552238805970149,4.174387269895637,0.5522388059701493,3.6375861597263857,0.8059701492537313,4.007333185232471,0.44776119402985076,3.4339872044851463,0.014925373134328358,0.6931471805599453,0.3880597014925373,3.295836866004329,0.04477611940298507,1.3862943611198906,0.0,0.0,0.0,0.0,0.029850746268656716,1.0986122886681098,0.0,0.0,0.029850746268656716,1.0986122886681098,0.4925373134328358,3.5263605246161616,0.0,0.0,0.0,0.0,4.219507705176107
209,209,209,Hamas,209,2022-10,2022-10-01,2022,10,33.0,Israel,ged_rolling_24m,1,0.6931471805599453,False,True,11.0,9.0,2.4849066497880004,2.302585092994046,100.0,100.0,100.0,1.0,78.0,97.0,54.0,82.0,62.0,0.0,40.0,3.0,2.0,0.0,1.0,1.0,3.0,46.0,2.0,2.0,0.78,4.3694478524670215,0.97,4.584967478670572,0.54,4.007333185232471,0.82,4.418840607796598,0.62,4.143134726391533,0.0,0.0,0.4,3.713572066704308,0.03,1.3862943611198906,0.02,1.0986122886681098,0.0,0.0,0.01,0.6931471805599453,0.01,0.6931471805599453,0.03,1.3862943611198906,0.46,3.8501476017100584,0.02,1.0986122886681098,0.02,1.0986122886681098,4.61512051684126
209,209,209,Hamas,209,2022-11,2022-11-01,2022,11,34.0,Israel,ged_rolling_24m,1,0.6931471805599453,False,True,9.0,6.0,2.302585092994046,1.9459101490553132,67.0,67.0,67.0,1.0,39.0,65.0,32.0,53.0,46.0,0.0,19.0,4.0,0.0,0.0,2.0,1.0,0.0,41.0,0.0,0.0,0.582089552238806,3.6888794541139363,0.9701492537313433,4.189654742026425,0.47761194029850745,3.4965075614664802,0.7910447761194029,3.9889840465642745,0.6865671641791045,3.8501476017100584,0.0,0.0,0.2835820895522388,2.995732273553991,0.05970149253731343,1.6094379124341003,0.0,0.0,0.0,0.0,0.029850746268656716,1.0986122886681098,0.014925373134328358,0.6931471805599453,0.0,0.0,0.6119402985074627,3.7376696182833684,0.0,0.0,0.0,0.0,4.219507705176107
209,209,209,Hamas,209,2022-12,2022-12-01,2022,12,35.0,Israel,ged_rolling_24m,1,0.6931471805599453,False,True,6.0,22.0,1.9459101490553132,3.1354942159291497,99.0,99.0,99.0,1.0,57.0,90.0,43.0,86.0,70.0,0.0,35.0,6.0,0.0,0.0,6.0,0.0,0.0,50.0,0.0,2.0,0.5757575757575758,4.060443010546419,0.9090909090909091,4.51085950651685,0.43434343434343436,3.784189633918261,0.8686868686868687,4.465908118654584,0.7070707070707071,4.2626798770413155,0.0,0.0,0.35353535353535354,3.58351893845611,0.06060606060606061,1.9459101490553132,0.0,0.0,0.0,0.0,0.06060606060606061,1.9459101490553132,0.0,0.0,0.0,0.0,0.5050505050505051,3.9318256327243257,0.0,0.0,0.020202020202020204,1.0986122886681098,4.605170185988092
209,209,209,Hamas,209,2023-01,2023-01-01,2023,1,36.0,Israel,ged_rolling_24m,1,0.6931471805599453,False,True,22.0,21.0,3.1354942159291497,3.091042453358316,217.0,217.0,217.0,1.0,177.0,206.0,152.0,180.0,134.0,0.0,93.0,7.0,0.0,0.0,10.0,1.0,0.0,103.0,3.0,0.0,0.815668202764977,5.181783550292085,0.9493087557603687,5.332718793265369,0.7004608294930875,5.030437921392435,0.8294930875576036,5.198497031265826,0.6175115207373272,4.90527477843843,0.0,0.0,0.42857142857142855,4.543294782270004,0.03225806451612903,2.0794415416798357,0.0,0.0,0.0,0.0,0.04608294930875576,2.3978952727983707,0.004608294930875576,0.6931471805599453,0.0,0.0,0.47465437788018433,4.6443908991413725,0.013824884792626729,1.3862943611198906,0.0,0.0,5.384495062789089
209,209,209,Hamas,209,2023-02,2023-02-01,2023,2,37.0,Israel,ged_rolling_24m,1,0.6931471805599453,False,True,21.0,17.0,3.091042453358316,2.8903717578961645,215.0,215.0,215.0,1.0,175.0,207.0,170.0,201.0,144.0,0.0,117.0,4.0,1.0,0.0,5.0,1.0,0.0,85.0,0.0,2.0,0.813953488372093,5.170483995038151,0.9627906976744186,5.337538079701318,0.7906976744186046,5.14166355650266,0.9348837209302325,5.308267697401205,0.6697674418604651,4.976733742420574,0.0,0.0,0.5441860465116279,4.770684624465665,0.018604651162790697,1.6094379124341003,0.004651162790697674,0.6931471805599453,0.0,0.0,0.023255813953488372,1.791759469228055,0.004651162790697674,0.6931471805599453,0.0,0.0,0.3953488372093023,4.454347296253507,0.0,0.0,0.009302325581395349,1.0986122886681098,5.375278407684165
209,209,209,Hamas,209,2023-03,2023-03-01,2023,3,38.0,Israel,ged_rolling_24m,1,0.6931471805599453,False,True,17.0,1.0,2.8903717578961645,0.6931471805599453,178.0,178.0,178.0,1.0,136.0,168.0,137.0,159.0,116.0,0.0,82.0,8.0,0.0,0.0,7.0,2.0,0.0,74.0,2.0,3.0,0.7640449438202247,4.919980925828125,0.9438202247191011,5.1298987149230735,0.7696629213483146,4.927253685157205,0.8932584269662921,5.075173815233827,0.651685393258427,4.762173934797756,0.0,0.0,0.4606741573033708,4.418840607796598,0.0449438202247191,2.1972245773362196,0.0,0.0,0.0,0.0,0.03932584269662921,2.0794415416798357,0.011235955056179775,1.0986122886681098,0.0,0.0,0.4157303370786517,4.31748811353631,0.011235955056179775,1.0986122886681098,0.016853932584269662,1.3862943611198906,5.187385805840755
209,209,209,Hamas,209,2023-04,2023-04-01,2023,4,39.0,Israel,ged_rolling_24m,1,0.6931471805599453,False,True,1.0,52.0,0.6931471805599453,3.970291913552122,521.0,521.0,521.0,1.0,457.0,497.0,242.0,484.0,429.0,0.0,330.0,21.0,0.0,0.0,16.0,6.0,3.0,137.0,7.0,1.0,0.8771593090211133,6.126869184114185,0.9539347408829175,6.210600077024653,0.46449136276391556,5.493061443340548,0.9289827255278311,6.184148890937483,0.8234165067178503,6.063785208687608,0.0,0.0,0.6333973128598849,5.802118375377063,0.04030710172744722,3.091042453358316,0.0,0.0,0.0,0.0,0.030710172744721688,2.833213344056216,0.011516314779270634,1.9459101490553132,0.005758157389635317,1.3862943611198906,0.2629558541266795,4.927253685157205,0.013435700575815739,2.0794415416798357,0.0019193857965451055,0.6931471805599453,6.257667587882639
209,209,209,Hamas,209,2023-05,2023-05-01,2023,5,40.0,Israel,ged_rolling_24m,1,0.6931471805599453,False,True,52.0,17.0,3.970291913552122,2.8903717578961645,415.0,415.0,415.0,1.0,344.0,391.0,278.0,389.0,306.0,1.0,212.0,9.0,0.0,0.0,17.0,5.0,0.0,154.0,13.0,4.0,0.8289156626506025,5.84354441703136,0.9421686746987952,5.971261839790462,0.6698795180722892,5.631211781821365,0.9373493975903614,5.966146739123692,0.7373493975903614,5.726847747587197,0.0024096385542168677,0.6931471805599453,0.5108433734939759,5.3612921657094255,0.021686746987951807,2.302585092994046,0.0,0.0,0.0,0.0,0.04096385542168675,2.8903717578961645,0.012048192771084338,1.791759469228055,0.0,0.0,0.3710843373493976,5.043425116919247,0.03132530120481928,2.6390573296152584,0.00963855421686747,1.6094379124341003,6.030685260261263
209,209,209,Hamas,209,2023-06,2023-06-01,2023,6,41.0,Israel,ged_rolling_24m,1,0.6931471805599453,False,True,17.0,21.0,2.8903717578961645,3.091042453358316,177.0,177.0,177.0,1.0,123.0,160.0,134.0,152.0,99.0,0.0,64.0,8.0,2.0,0.0,11.0,1.0,2.0,82.0,2.0,5.0,0.6949152542372882,4.820281565605037,0.903954802259887,5.081404364984463,0.7570621468926554,4.90527477843843,0.8587570621468926,5.030437921392435,0.559322033898305,4.605170185988092,0.0,0.0,0.3615819209039548,4.174387269895637,0.04519774011299435,2.1972245773362196,0.011299435028248588,1.0986122886681098,0.0,0.0,0.062146892655367235,2.4849066497880004,0.005649717514124294,0.6931471805599453,0.011299435028248588,1.0986122886681098,0.4632768361581921,4.418840607796598,0.011299435028248588,1.0986122886681098,0.02824858757062147,1.791759469228055,5.181783550292085
209,209,209,Hamas,209,2023-07,2023-07-01,2023,7,42.0,Israel,ged_rolling_24m,1,0.6931471805599453,False,True,21.0,13.0,3.091042453358316,2.6390573296152584,237.0,237.0,237.0,1.0,186.0,228.0,164.0,217.0,163.0,0.0,125.0,5.0,0.0,0.0,6.0,1.0,4.0,89.0,6.0,1.0,0.7848101265822784,5.231108616854587,0.9620253164556962,5.43372200355424,0.6919831223628692,5.10594547390058,0.9156118143459916,5.384495062789089,0.6877637130801688,5.099866427824199,0.0,0.0,0.5274261603375527,4.836281906951478,0.02109704641350211,1.791759469228055,0.0,0.0,0.0,0.0,0.02531645569620253,1.9459101490553132,0.004219409282700422,0.6931471805599453,0.016877637130801686,1.6094379124341003,0.3755274261603376,4.499809670330265,0.02531645569620253,1.9459101490553132,0.004219409282700422,0.6931471805599453,5.472270673671475
209,209,209,Hamas,209,2023-08,2023-08-01,2023,8,43.0,Israel,ged_rolling_24m,1,0.6931471805599453,False,True,13.0,9.0,2.6390573296152584,2.302585092994046,160.0,160.0,160.0,1.0,123.0,153.0,109.0,150.0,102.0,0.0,68.0,10.0,0.0,0.0,5.0,0.0,0.0,72.0,4.0,1.0,0.76875,4.820281565605037,0.95625,5.0369526024136295,0.68125,4.700480365792417,0.9375,5.017279836814924,0.6375,4.634728988229636,0.0,0.0,0.425,4.23410650459726,0.0625,2.3978952727983707,0.0,0.0,0.0,0.0,0.03125,1.791759469228055,0.0,0.0,0.0,0.0,0.45,4.290459441148391,0.025,1.6094379124341003,0.00625,0.6931471805599453,5.081404364984463
209,209,209,Hamas,209,2023-09,2023-09-01,2023,9,44.0,Israel,ged_rolling_24m,1,0.6931471805599453,False,True,9.0,11225.0,2.302585092994046,9.325987795502144,247.0,247.0,247.0,1.0,201.0,242.0,162.0,228.0,180.0,0.0,140.0,8.0,0.0,0.0,2.0,1.0,3.0,87.0,3.0,3.0,0.8137651821862348,5.308267697401205,0.979757085020243,5.493061443340548,0.6558704453441295,5.093750200806762,0.9230769230769231,5.43372200355424,0.728744939271255,5.198497031265826,0.0,0.0,0.5668016194331984,4.948759890378168,0.032388663967611336,2.1972245773362196,0.0,0.0,0.0,0.0,0.008097165991902834,1.0986122886681098,0.004048582995951417,0.6931471805599453,0.012145748987854251,1.3862943611198906,0.3522267206477733,4.477336814478207,0.012145748987854251,1.3862943611198906,0.012145748987854251,1.3862943611198906,5.5134287461649825
209,209,209,Hamas,209,2023-10,2023-10-01,2023,10,45.0,Israel,ged_rolling_24m,1,0.6931471805599453,False,True,11225.0,7172.0,9.325987795502144,8.878079256126435,17739.0,17739.0,17739.0,1.0,15430.0,17117.0,13294.0,16515.0,11595.0,6.0,8260.0,1072.0,15.0,0.0,493.0,73.0,46.0,7295.0,437.0,42.0,0.8698348272168668,9.644133752071205,0.9649360166863972,9.747885820441555,0.7494221771238514,9.49514330367712,0.9309994926433283,9.71208488700598,0.6536445120920007,9.358415490041546,0.00033823778116015557,1.9459101490553132,0.4656406787304809,9.019300924562506,0.060431816900614464,6.9782137426306985,0.0008455944529003889,2.772588722239781,0.0,0.0,0.02779187101865945,6.202535517187923,0.00411522633744856,4.30406509320417,0.0025931563222278595,3.8501476017100584,0.4112407689272225,8.895081531754167,0.024634985061164665,6.082218910376446,0.002367664468121089,3.7612001156935624,9.78357725586357
209,209,209,Hamas,209,2023-11,2023-11-01,2023,11,46.0,Israel; Lebanon,ged_rolling_24m,2,1.0986122886681098,False,True,7224.0,8980.0,8.885302512980633,9.10286651367095,72.0,72.0,72.0,1.0,68.0,71.0,55.0,68.0,47.0,1.0,28.0,7.0,0.0,0.0,1.0,0.0,0.0,34.0,1.0,0.0,0.9444444444444444,4.23410650459726,0.9861111111111112,4.276666119016055,0.7638888888888888,4.02535169073515,0.9444444444444444,4.23410650459726,0.6527777777777778,3.871201010907891,0.013888888888888888,0.6931471805599453,0.3888888888888889,3.367295829986474,0.09722222222222222,2.0794415416798357,0.0,0.0,0.0,0.0,0.013888888888888888,0.6931471805599453,0.0,0.0,0.0,0.0,0.4722222222222222,3.5553480614894135,0.013888888888888888,0.6931471805599453,0.0,0.0,4.290459441148391
209,209,209,Hamas,209,2023-12,2023-12-01,2023,12,47.0,Israel; Lebanon,ged_rolling_24m,2,1.0986122886681098,False,True,8980.0,3128.0,9.10286651367095,8.048468743668883,5886.0,5886.0,5886.0,1.0,4970.0,5661.0,4242.0,5394.0,3537.0,0.0,2672.0,384.0,7.0,0.0,168.0,47.0,20.0,2453.0,95.0,40.0,0.8443764865783214,8.511376306094673,0.9617737003058104,8.641532465671846,0.7206931702344547,8.353025845202325,0.9164118246687054,8.593227877692234,0.6009174311926605,8.17131687471973,0.0,0.0,0.453958545701665,7.890956716138919,0.0652395514780836,5.953243334287785,0.0011892626571525654,2.0794415416798357,0.0,0.0,0.02854230377166157,5.1298987149230735,0.007985049269452938,3.871201010907891,0.0033978933061501867,3.044522437723423,0.4167516139993204,7.805474625270857,0.016139993204213388,4.564348191467836,0.0067957866123003734,3.713572066704308,8.68050180902826
209,209,209,Hamas,209,2024-01,2024-01-01,2024,1,48.0,Israel; Lebanon; Syria,ged_rolling_24m,3,1.3862943611198906,False,True,3290.0,2870.0,8.098946748943339,7.962415680121064,4839.0,4839.0,4839.0,1.0,3962.0,4669.0,3711.0,4466.0,3077.0,14.0,2104.0,178.0,5.0,0.0,135.0,22.0,10.0,2252.0,103.0,16.0,0.8187642074808845,8.284756593190435,0.9648687745401943,8.448914350662942,0.7668939863608184,8.21932609390609,0.922917958255838,8.404472321352118,0.635875180822484,8.032035314398824,0.002893159743748708,2.70805020110221,0.43480057863194876,7.652070746116482,0.03678445959909072,5.187385805840755,0.0010332713370531101,1.791759469228055,0.0,0.0,0.027898326100433975,4.912654885736052,0.0045463938830336845,3.1354942159291497,0.0020665426741062203,2.3978952727983707,0.4653854102087208,7.720017940432244,0.021285389543294068,4.6443908991413725,0.0033064682785699526,2.833213344056216,8.484669999710677
209,209,209,Hamas,209,2024-02,2024-02-01,2024,2,49.0,Israel; Lebanon; Syria,ged_rolling_24m,3,1.3862943611198906,False,True,2870.0,2852.0,7.962415680121064,7.9561263512135,3006.0,3006.0,3006.0,1.0,2408.0,2897.0,2147.0,2673.0,1516.0,6.0,1016.0,137.0,5.0,0.0,72.0,15.0,20.0,1657.0,62.0,16.0,0.8010645375914837,7.786967002614872,0.9637391882900865,7.971776122880628,0.7142381902860945,7.672292455628756,0.8892215568862275,7.891330757661889,0.5043246839654025,7.324489979348532,0.001996007984031936,1.9459101490553132,0.3379906852960745,6.92461239604856,0.04557551563539587,4.927253685157205,0.00166333998669328,1.791759469228055,0.0,0.0,0.023952095808383235,4.290459441148391,0.00499001996007984,2.772588722239781,0.00665335994677312,3.044522437723423,0.551230871590153,7.4133673356952405,0.020625415834996674,4.143134726391533,0.0053226879574184965,2.833213344056216,8.008698182988528
209,209,209,Hamas,209,2024-03,2024-03-01,2024,3,50.0,Israel; Lebanon; Syria,ged_rolling_24m,3,1.3862943611198906,False,True,2852.0,1383.0,7.9561263512135,7.232733136177615,3065.0,3065.0,3065.0,1.0,2545.0,2959.0,2327.0,2782.0,1470.0,3.0,1035.0,228.0,1.0,0.0,86.0,52.0,12.0,1566.0,73.0,9.0,0.8303425774877651,7.842278779117352,0.965415986949429,7.992944547318106,0.7592169657422512,7.752764808851328,0.9076672104404567,7.931284761525891,0.4796084828711256,7.293697720601438,0.0009787928221859706,1.3862943611198906,0.3376835236541599,6.943122422819428,0.07438825448613377,5.43372200355424,0.0003262642740619902,0.6931471805599453,0.0,0.0,0.028058727569331157,4.465908118654584,0.016965742251223492,3.970291913552122,0.003915171288743882,2.5649493574615367,0.5109298531810766,7.356918242356021,0.023817292006525284,4.30406509320417,0.002936378466557912,2.302585092994046,8.028129059431759
209,209,209,Hamas,209,2024-04,2024-04-01,2024,4,51.0,Israel; Lebanon; Syria,ged_rolling_24m,3,1.3862943611198906,False,True,1383.0,1763.0,7.232733136177615,7.475339236566737,2974.0,2974.0,2974.0,1.0,2347.0,2851.0,2212.0,2709.0,1646.0,3.0,919.0,164.0,4.0,0.0,101.0,23.0,16.0,1570.0,166.0,8.0,0.789172831203766,7.761319180947987,0.9586415601882986,7.955775781534187,0.7437794216543376,7.70210434005105,0.9108944182918628,7.904703913873747,0.5534633490248824,7.4067107301776405,0.0010087424344317419,1.3862943611198906,0.3090114324142569,6.824373670043086,0.05514458641560188,5.10594547390058,0.0013449899125756557,1.6094379124341003,0.0,0.0,0.03396099529253531,4.624972813284271,0.00773369199731002,3.1780538303479458,0.005379959650302623,2.833213344056216,0.5279085406859448,7.359467638255621,0.05581708137188971,5.117993812416755,0.0026899798251513113,2.1972245773362196,7.99799931797973
209,209,209,Hamas,209,2024-05,2024-05-01,2024,5,52.0,Israel; Lebanon; Syria,ged_rolling_24m,3,1.3862943611198906,False,True,1763.0,1743.0,7.475339236566737,7.463936604468925,3890.0,3890.0,3890.0,1.0,3289.0,3765.0,2833.0,3563.0,2261.0,2.0,1603.0,187.0,2.0,0.0,108.0,47.0,13.0,1775.0,145.0,8.0,0.8455012853470437,8.098642843759418,0.967866323907455,8.233768709217097,0.7282776349614396,7.949444420250626,0.9159383033419023,8.1786387885907,0.5812339331619537,7.724004656676065,0.0005141388174807198,1.0986122886681098,0.4120822622107969,7.38025578842646,0.0480719794344473,5.236441962829949,0.0005141388174807198,1.0986122886681098,0.0,0.0,0.027763496143958868,4.6913478822291435,0.012082262210796915,3.871201010907891,0.0033419023136246786,2.6390573296152584,0.45629820051413883,7.4821189235521155,0.037275064267352186,4.983606621708336,0.002056555269922879,2.1972245773362196,8.266421472984554
209,209,209,Hamas,209,2024-06,2024-06-01,2024,6,53.0,Israel; Lebanon; Syria,ged_rolling_24m,3,1.3862943611198906,False,True,1743.0,1942.0,7.463936604468925,7.57198844937744,2350.0,2350.0,2350.0,1.0,1914.0,2285.0,1751.0,2159.0,1361.0,0.0,955.0,125.0,4.0,0.0,55.0,12.0,13.0,1111.0,71.0,4.0,0.814468085106383,7.557472901614746,0.9723404255319149,7.734558844354756,0.7451063829787234,7.468513271496337,0.9187234042553192,7.67786350067821,0.5791489361702128,7.216709486709457,0.0,0.0,0.40638297872340423,6.862757913051401,0.05319148936170213,4.836281906951478,0.001702127659574468,1.6094379124341003,0.0,0.0,0.023404255319148935,4.02535169073515,0.005106382978723404,2.5649493574615367,0.005531914893617021,2.6390573296152584,0.4727659574468085,7.013915474810528,0.03021276595744681,4.276666119016055,0.001702127659574468,1.6094379124341003,7.762596048540069
209,209,209,Hamas,209,2024-07,2024-07-01,2024,7,54.0,Iran; Israel; Lebanon; Syria; Yemen (North Yemen),ged_rolling_24m,5,1.791759469228055,False,True,2055.0,1756.0,7.628517626575055,7.471363088187097,2704.0,2704.0,2704.0,1.0,2340.0,2638.0,2212.0,2533.0,1649.0,0.0,1212.0,104.0,0.0,0.0,58.0,8.0,7.0,1256.0,57.0,2.0,0.8653846153846154,7.75833346749091,0.9755917159763313,7.878155336503324,0.8180473372781065,7.70210434005105,0.9367603550295858,7.837554360881084,0.6098372781065089,7.408530566894626,0.0,0.0,0.44822485207100593,7.10085190894405,0.038461538461538464,4.653960350157523,0.0,0.0,0.0,0.0,0.021449704142011833,4.07753744390572,0.0029585798816568047,2.1972245773362196,0.0025887573964497044,2.0794415416798357,0.46449704142011833,7.136483208590247,0.021079881656804734,4.060443010546419,0.0007396449704142012,1.0986122886681098,7.902857191280582
209,209,209,Hamas,209,2024-08,2024-08-01,2024,8,55.0,Iran; Israel; Lebanon; Syria; Yemen (North Yemen),ged_rolling_24m,5,1.791759469228055,False,True,1756.0,2813.0,7.471363088187097,7.942362237674335,3971.0,3971.0,3971.0,1.0,3423.0,3814.0,3062.0,3625.0,2437.0,2.0,1453.0,96.0,1.0,0.0,87.0,6.0,8.0,2248.0,56.0,14.0,0.8619994963485268,8.138564737261632,0.9604633593553261,8.246695943718557,0.7710904054394359,8.027150106832774,0.9128682951397633,8.195885391314796,0.6136993200705112,7.798933310041217,0.000503651473180559,1.0986122886681098,0.36590279526567615,7.282073658093465,0.024175270712666834,4.574710978503383,0.0002518257365902795,0.6931471805599453,0.0,0.0,0.02190883908335432,4.477336814478207,0.0015109544195416771,1.9459101490553132,0.002014605892722236,2.1972245773362196,0.5661042558549484,7.718240951959316,0.014102241249055654,4.04305126783455,0.0035255603122639136,2.70805020110221,8.287025025165063
209,209,209,Hamas,209,2024-09,2024-09-01,2024,9,56.0,Iran; Israel; Lebanon; Syria; Yemen (North Yemen),ged_rolling_24m,5,1.791759469228055,False,True,2813.0,3561.0,7.942362237674335,8.178077463849608,2630.0,2630.0,2630.0,1.0,2230.0,2551.0,2230.0,2466.0,1737.0,2.0,1171.0,139.0,6.0,0.0,55.0,20.0,13.0,1116.0,93.0,15.0,0.8479087452471483,7.7102051944325325,0.9699619771863118,7.844632644464681,0.8479087452471483,7.7102051944325325,0.9376425855513308,7.810758116529357,0.6604562737642585,7.460490305825338,0.0007604562737642585,1.0986122886681098,0.4452471482889734,7.066466970136958,0.05285171102661597,4.941642422609304,0.0022813688212927757,1.9459101490553132,0.0,0.0,0.02091254752851711,4.02535169073515,0.0076045627376425855,3.044522437723423,0.00494296577946768,2.6390573296152584,0.42433460076045626,7.018401799069201,0.035361216730038024,4.543294782270004,0.005703422053231939,2.772588722239781,7.875119281040293
209,209,209,Hamas,209,2024-10,2024-10-01,2024,10,57.0,Iran; Israel; Lebanon; Syria; Yemen (North Yemen),ged_rolling_24m,5,1.791759469228055,False,True,3561.0,3397.0,8.178077463849608,8.130942302231878,4318.0,4318.0,4318.0,1.0,3473.0,4184.0,3418.0,4093.0,2971.0,5.0,2039.0,158.0,4.0,0.0,106.0,15.0,19.0,1853.0,111.0,8.0,0.8043075497915702,8.153061946801051,0.9689671144048171,8.339261982923576,0.7915701713756369,8.137103389639302,0.9478925428439092,8.317277766221235,0.6880500231588699,7.99699040583765,0.001157943492357573,1.791759469228055,0.47220935618341825,7.620705086838262,0.036591014358499305,5.0689042022202315,0.0009263547938860583,1.6094379124341003,0.0,0.0,0.024548402037980546,4.672828834461906,0.003473830477072719,2.772588722239781,0.004400185270958777,2.995732273553991,0.42913385826771655,7.5251007461258,0.02570634553033812,4.718498871295094,0.0018527095877721167,2.1972245773362196,8.3707791729607
209,209,209,Hamas,209,2024-11,2024-11-01,2024,11,58.0,Iran; Israel; Lebanon; Syria; Yemen (North Yemen),ged_rolling_24m,5,1.791759469228055,False,True,3397.0,2469.0,8.130942302231878,7.8119734296220225,1284.0,1284.0,1284.0,1.0,1064.0,1233.0,895.0,1129.0,768.0,0.0,493.0,46.0,3.0,0.0,42.0,4.0,7.0,668.0,15.0,6.0,0.8286604361370716,6.970730078143525,0.9602803738317757,7.1180162044653335,0.6970404984423676,6.79794041297493,0.8792834890965732,7.029972911706386,0.5981308411214953,6.645090969505644,0.0,0.0,0.3839563862928349,6.202535517187923,0.03582554517133956,3.8501476017100584,0.002336448598130841,1.3862943611198906,0.0,0.0,0.03271028037383177,3.7612001156935624,0.003115264797507788,1.6094379124341003,0.005451713395638629,2.0794415416798357,0.5202492211838006,6.505784060128229,0.011682242990654205,2.772588722239781,0.004672897196261682,1.9459101490553132,7.158513997329321
209,209,209,Hamas,209,2024-12,2024-12-01,2024,12,59.0,Iran; Israel; Lebanon; Syria; Yemen (North Yemen),ged_rolling_24m,5,1.791759469228055,False,True,2469.0,1446.0,7.8119734296220225,7.277247726631484,1322.0,1322.0,1322.0,1.0,1013.0,1273.0,989.0,1207.0,744.0,1.0,514.0,74.0,1.0,0.0,41.0,6.0,6.0,661.0,14.0,4.0,0.7662632375189108,6.921658184151129,0.9629349470499243,7.149916836132109,0.7481089258698941,6.897704943128636,0.9130105900151286,7.0967213784947605,0.5627836611195158,6.61338421837956,0.0007564296520423601,0.6931471805599453,0.3888048411497731,6.244166900663736,0.05597579425113464,4.31748811353631,0.0007564296520423601,0.6931471805599453,0.0,0.0,0.031013615733736764,3.7376696182833684,0.0045385779122541605,1.9459101490553132,0.0045385779122541605,1.9459101490553132,0.5,6.495265555937008,0.01059001512859304,2.70805020110221,0.0030257186081694403,1.6094379124341003,7.187657164114956
209,209,209,Hamas,209,2025-01,2025-01-01,2025,1,60.0,Iran; Israel; Lebanon; Syria; Yemen (North Yemen),ged_rolling_24m,5,1.791759469228055,False,True,1446.0,267.0,7.277247726631484,5.5909869805108565,1894.0,1894.0,1894.0,1.0,1562.0,1842.0,1372.0,1691.0,904.0,1.0,595.0,67.0,8.0,0.0,37.0,8.0,6.0,1147.0,16.0,9.0,0.8247096092925026,7.354362330421477,0.9725448785638859,7.519149957669823,0.7243928194297783,7.224753405767971,0.8928194297782471,7.433666540166168,0.47729672650475186,6.807934943699926,0.0005279831045406547,0.6931471805599453,0.31414994720168954,6.39024066706535,0.03537486800422387,4.219507705176107,0.004223864836325237,2.1972245773362196,0.0,0.0,0.019535374868004225,3.6375861597263857,0.004223864836325237,2.1972245773362196,0.0031678986272439284,1.9459101490553132,0.6055966209081309,7.045776576879511,0.008447729672650475,2.833213344056216,0.004751847940865892,2.302585092994046,7.546974117516527
209,209,209,Hamas,209,2025-02,2025-02-01,2025,2,61.0,Iran; Israel; Lebanon; Syria; Yemen (North Yemen),ged_rolling_24m,5,1.791759469228055,False,True,267.0,3874.0,5.5909869805108565,8.262300941787448,1590.0,1590.0,1590.0,1.0,1333.0,1545.0,1109.0,1403.0,629.0,1.0,413.0,115.0,10.0,0.0,28.0,8.0,6.0,985.0,19.0,5.0,0.8383647798742139,7.195937226475569,0.9716981132075472,7.343426229147367,0.6974842767295597,7.01211529430638,0.8823899371069183,7.247080584585756,0.3955974842767296,6.4457198193855785,0.0006289308176100629,0.6931471805599453,0.259748427672956,6.025865973825314,0.07232704402515723,4.7535901911063645,0.006289308176100629,2.3978952727983707,0.0,0.0,0.01761006289308176,3.367295829986474,0.005031446540880503,2.1972245773362196,0.0037735849056603774,1.9459101490553132,0.6194968553459119,6.893656354602635,0.011949685534591196,2.995732273553991,0.0031446540880503146,1.791759469228055,7.372118028337787
209,209,209,Hamas,209,2025-03,2025-03-01,2025,3,62.0,Iran; Israel; Lebanon; Syria; Yemen (North Yemen),ged_rolling_24m,5,1.791759469228055,False,True,3874.0,1747.0,8.262300941787448,7.466227556215481,1828.0,1828.0,1828.0,1.0,1545.0,1761.0,1331.0,1643.0,1075.0,0.0,825.0,69.0,4.0,0.0,52.0,7.0,9.0,796.0,60.0,6.0,0.8451859956236324,7.343426229147367,0.9633479212253829,7.474204806496124,0.7281181619256017,7.194436851100335,0.8987964989059081,7.404887575616125,0.588074398249453,6.98100574072173,0.0,0.0,0.4513129102844639,6.716594773520978,0.03774617067833698,4.248495242049359,0.002188183807439825,1.6094379124341003,0.0,0.0,0.028446389496717725,3.970291913552122,0.0038293216630196935,2.0794415416798357,0.004923413566739606,2.302585092994046,0.43544857768052514,6.680854678790215,0.03282275711159737,4.110873864173311,0.0032822757111597373,1.9459101490553132,7.511524648390866
209,209,209,Hamas,209,2025-04,2025-04-01,2025,4,63.0,Iran; Israel; Lebanon; Syria; Yemen (North Yemen),ged_rolling_24m,5,1.791759469228055,False,True,1747.0,2277.0,7.466227556215481,7.731053144007127,1200.0,1200.0,1200.0,1.0,926.0,1150.0,854.0,1065.0,675.0,0.0,501.0,68.0,2.0,0.0,37.0,4.0,2.0,548.0,30.0,8.0,0.7716666666666666,6.831953565565855,0.9583333333333334,7.048386408721883,0.7116666666666667,6.75110146893676,0.8875,6.97166860472579,0.5625,6.516193076042964,0.0,0.0,0.4175,6.218600119691729,0.056666666666666664,4.23410650459726,0.0016666666666666668,1.0986122886681098,0.0,0.0,0.030833333333333334,3.6375861597263857,0.0033333333333333335,1.6094379124341003,0.0016666666666666668,1.0986122886681098,0.45666666666666667,6.3080984415095305,0.025,3.4339872044851463,0.006666666666666667,2.1972245773362196,7.0909098220799835
209,209,209,Hamas,209,2025-05,2025-05-01,2025,5,64.0,Iran; Israel; Lebanon; Syria; Yemen (North Yemen),ged_rolling_24m,5,1.791759469228055,False,True,2277.0,3279.0,7.731053144007127,8.09559870137819,1501.0,1501.0,1501.0,1.0,1218.0,1460.0,1050.0,1356.0,838.0,0.0,611.0,90.0,0.0,0.0,33.0,10.0,5.0,725.0,23.0,4.0,0.8114590273151232,7.105786129481271,0.9726848767488341,7.2868764117507,0.6995336442371752,6.957497370876951,0.9033977348434377,7.213031659834869,0.558294470353098,6.732210706467206,0.0,0.0,0.40706195869420386,6.416732282512326,0.05996002664890073,4.51085950651685,0.0,0.0,0.0,0.0,0.021985343104596936,3.5263605246161616,0.006662225183211193,2.3978952727983707,0.0033311125916055963,1.791759469228055,0.4830113257828115,6.587550014824796,0.015323117921385743,3.1780538303479458,0.002664890073284477,1.6094379124341003,7.31455283232408
209,209,209,Hamas,209,2025-06,2025-06-01,2025,6,65.0,Iran; Israel; Lebanon; Syria; Yemen (North Yemen),ged_rolling_24m,5,1.791759469228055,False,True,3279.0,3008.0,8.09559870137819,8.009363076630045,690.0,690.0,690.0,1.0,564.0,660.0,496.0,634.0,398.0,0.0,307.0,72.0,3.0,0.0,25.0,13.0,3.0,254.0,10.0,3.0,0.8173913043478261,6.336825731146441,0.9565217391304348,6.493753839851686,0.7188405797101449,6.208590026096629,0.9188405797101449,6.453624998892692,0.5768115942028985,5.988961416889864,0.0,0.0,0.4449275362318841,5.730099782973574,0.10434782608695652,4.290459441148391,0.004347826086956522,1.3862943611198906,0.0,0.0,0.036231884057971016,3.258096538021482,0.01884057971014493,2.6390573296152584,0.004347826086956522,1.3862943611198906,0.3681159420289855,5.541263545158426,0.014492753623188406,2.3978952727983707,0.004347826086956522,1.3862943611198906,6.53813982376767
209,209,209,Hamas,209,2025-07,2025-07-01,2025,7,66.0,Iran; Israel; Lebanon; Syria; Yemen (North Yemen),ged_rolling_24m,5,1.791759469228055,False,True,3008.0,1861.0,8.009363076630045,7.529406457837013,1098.0,1098.0,1098.0,1.0,903.0,1056.0,795.0,969.0,583.0,3.0,361.0,79.0,0.0,0.0,32.0,3.0,2.0,599.0,11.0,8.0,0.8224043715846995,6.806829360392176,0.9617486338797814,6.963189985870238,0.7240437158469946,6.679599185844383,0.8825136612021858,6.877296071497429,0.5309653916211293,6.369900982828227,0.00273224043715847,1.3862943611198906,0.32877959927140255,5.8916442118257715,0.07194899817850638,4.382026634673881,0.0,0.0,0.0,0.0,0.029143897996357013,3.4965075614664802,0.00273224043715847,1.3862943611198906,0.0018214936247723133,1.0986122886681098,0.5455373406193078,6.396929655216146,0.010018214936247723,2.4849066497880004,0.007285974499089253,2.1972245773362196,7.002155954403621
209,209,209,Hamas,209,2025-08,2025-08-01,2025,8,67.0,Iran; Israel; Lebanon; Syria; Yemen (North Yemen),ged_rolling_24m,5,1.791759469228055,False,True,1861.0,2218.0,7.529406457837013,7.704811922932594,1377.0,1377.0,1377.0,1.0,1149.0,1341.0,990.0,1248.0,638.0,1.0,430.0,64.0,2.0,0.0,26.0,6.0,4.0,786.0,54.0,4.0,0.8344226579520697,7.047517221357296,0.9738562091503268,7.201916317531627,0.7189542483660131,6.898714534329988,0.906318082788671,7.130098510125578,0.46332607116920843,6.459904454377535,0.0007262164124909223,0.6931471805599453,0.31227305737109656,6.066108090103747,0.04647785039941903,4.174387269895637,0.0014524328249818446,1.0986122886681098,0.0,0.0,0.01888162672476398,3.295836866004329,0.004357298474945534,1.9459101490553132,0.002904865649963689,1.6094379124341003,0.5708061002178649,6.668228248417403,0.0392156862745098,4.007333185232471,0.002904865649963689,1.6094379124341003,7.228388451573604
209,209,209,Hamas,209,2025-09,2025-09-01,2025,9,68.0,Iran; Israel; Lebanon; Qatar; Syria; Yemen (North Yemen),ged_rolling_24m,6,1.9459101490553132,False,True,2224.0,768.0,7.707512194600341,6.645090969505644,2317.0,2317.0,2317.0,1.0,2007.0,2254.0,1507.0,2137.0,1351.0,2.0,926.0,44.0,3.0,0.0,46.0,17.0,6.0,1236.0,26.0,11.0,0.8662063012516185,7.60489448081162,0.972809667673716,7.720905251936779,0.6504100129477773,7.318539548567902,0.9223133362106172,7.6676260915849905,0.5830815709969789,7.20934025660291,0.0008631851532153647,1.0986122886681098,0.3996547259387139,6.831953565565855,0.018990073370738023,3.8066624897703196,0.001294777729823047,1.3862943611198906,0.0,0.0,0.01985325852395339,3.8501476017100584,0.0073370738023306,2.8903717578961645,0.002589555459646094,1.9459101490553132,0.5334484246870954,7.1204443723924875,0.011221406991799741,3.295836866004329,0.004747518342684506,2.4849066497880004,7.748460023899697
209,209,209,Hamas,209,2025-10,2025-10-01,2025,10,69.0,Iran; Israel; Lebanon; Qatar; Syria; Yemen (North Yemen),ged_rolling_24m,6,1.9459101490553132,False,True,768.0,240.0,6.645090969505644,5.484796933490655,2776.0,2776.0,2776.0,1.0,2382.0,2664.0,2029.0,2504.0,1498.0,3.0,900.0,108.0,1.0,0.0,65.0,21.0,7.0,1614.0,39.0,18.0,0.8580691642651297,7.776115477098742,0.9596541786743515,7.887959336599945,0.7309077809798271,7.615791072035833,0.9020172910662824,7.826044013518965,0.5396253602305475,7.312553498102598,0.001080691642651297,1.3862943611198906,0.3242074927953891,6.803505257608338,0.03890489913544669,4.6913478822291435,0.00036023054755043225,0.6931471805599453,0.0,0.0,0.0234149855907781,4.189654742026425,0.007564841498559078,3.091042453358316,0.002521613832853026,2.0794415416798357,0.5814121037463977,7.387090235656757,0.014048991354466859,3.6888794541139363,0.006484149855907781,2.9444389791664403,7.9291264873067995
209,209,209,Hamas,209,2025-11,2025-11-01,2025,11,70.0,Iran; Israel; Lebanon; Qatar; Syria; Yemen (North Yemen),ged_rolling_24m,6,1.9459101490553132,False,True,240.0,360.0,5.484796933490655,5.8888779583328805,939.0,939.0,939.0,1.0,755.0,894.0,684.0,820.0,482.0,2.0,349.0,46.0,2.0,0.0,32.0,17.0,4.0,468.0,8.0,11.0,0.8040468583599574,6.628041376179533,0.952076677316294,6.796823718274855,0.7284345047923323,6.529418838262226,0.873269435569755,6.710523109452428,0.5133120340788072,6.180016653652572,0.002129925452609159,1.0986122886681098,0.37167199148029817,5.857933154483459,0.04898828541001065,3.8501476017100584,0.002129925452609159,1.0986122886681098,0.0,0.0,0.03407880724174654,3.4965075614664802,0.01810436634717785,2.8903717578961645,0.004259850905218318,1.6094379124341003,0.4984025559105431,6.150602768446279,0.008519701810436636,2.1972245773362196,0.011714589989350373,2.4849066497880004,6.84587987526405
209,209,209,Hamas,209,2025-12,2025-12-01,2025,12,71.0,Iran; Israel; Lebanon; Qatar; Syria; Yemen (North Yemen),ged_rolling_24m,6,1.9459101490553132,False,False,360.0,,5.8888779583328805,,869.0,869.0,869.0,1.0,688.0,842.0,646.0,772.0,473.0,2.0,301.0,43.0,5.0,0.0,23.0,7.0,1.0,485.0,1.0,1.0,0.7917146144994246,6.535241271013659,0.9689298043728424,6.736966958001855,0.7433831990794016,6.472346294500901,0.8883774453394706,6.650279048587422,0.5443037974683544,6.161207321695077,0.0023014959723820483,1.0986122886681098,0.34637514384349827,5.71042701737487,0.04948216340621404,3.784189633918261,0.005753739930955121,1.791759469228055,0.0,0.0,0.026467203682393557,3.1780538303479458,0.00805523590333717,2.0794415416798357,0.0011507479861910242,0.6931471805599453,0.5581127733026467,6.186208623900494,0.0011507479861910242,0.6931471805599453,0.0011507479861910242,0.6931471805599453,6.76849321164863
508,508,508,INPFL,508,2020-01,2020-01-01,2020,1,0.0,Liberia,ucdp_actor_metadata_fallback,1,0.6931471805599453,False,True,0.0,0.0,0.0,0.0,0.0,0.0,0.0,0.0,0.0,0.0,0.0,0.0,0.0,0.0,0.0,0.0,0.0,0.0,0.0,0.0,0.0,0.0,0.0,0.0,0.0,0.0,0.0,0.0,0.0,0.0,0.0,0.0,0.0,0.0,0.0,0.0,0.0,0.0,0.0,0.0,0.0,0.0,0.0,0.0,0.0,0.0,0.0,0.0,0.0,0.0,0.0,0.0,0.0,0.0,0.0,0.0,0.0
508,508,508,INPFL,508,2020-02,2020-02-01,2020,2,1.0,Liberia,ucdp_actor_metadata_fallback,1,0.6931471805599453,False,True,0.0,1.0,0.0,0.6931471805599453,0.0,0.0,0.0,0.0,0.0,0.0,0.0,0.0,0.0,0.0,0.0,0.0,0.0,0.0,0.0,0.0,0.0,0.0,0.0,0.0,0.0,0.0,0.0,0.0,0.0,0.0,0.0,0.0,0.0,0.0,0.0,0.0,0.0,0.0,0.0,0.0,0.0,0.0,0.0,0.0,0.0,0.0,0.0,0.0,0.0,0.0,0.0,0.0,0.0,0.0,0.0,0.0,0.0
508,508,508,INPFL,508,2020-03,2020-03-01,2020,3,2.0,Liberia,ucdp_actor_metadata_fallback,1,0.6931471805599453,False,True,1.0,1.0,0.6931471805599453,0.6931471805599453,0.0,0.0,0.0,0.0,0.0,0.0,0.0,0.0,0.0,0.0,0.0,0.0,0.0,0.0,0.0,0.0,0.0,0.0,0.0,0.0,0.0,0.0,0.0,0.0,0.0,0.0,0.0,0.0,0.0,0.0,0.0,0.0,0.0,0.0,0.0,0.0,0.0,0.0,0.0,0.0,0.0,0.0,0.0,0.0,0.0,0.0,0.0,0.0,0.0,0.0,0.0,0.0,0.0
508,508,508,INPFL,508,2020-04,2020-04-01,2020,4,3.0,Liberia,ucdp_actor_metadata_fallback,1,0.6931471805599453,False,True,1.0,0.0,0.6931471805599453,0.0,0.0,0.0,0.0,0.0,0.0,0.0,0.0,0.0,0.0,0.0,0.0,0.0,0.0,0.0,0.0,0.0,0.0,0.0,0.0,0.0,0.0,0.0,0.0,0.0,0.0,0.0,0.0,0.0,0.0,0.0,0.0,0.0,0.0,0.0,0.0,0.0,0.0,0.0,0.0,0.0,0.0,0.0,0.0,0.0,0.0,0.0,0.0,0.0,0.0,0.0,0.0,0.0,0.0
508,508,508,INPFL,508,2020-05,2020-05-01,2020,5,4.0,Liberia,ucdp_actor_metadata_fallback,1,0.6931471805599453,False,True,0.0,0.0,0.0,0.0,0.0,0.0,0.0,0.0,0.0,0.0,0.0,0.0,0.0,0.0,0.0,0.0,0.0,0.0,0.0,0.0,0.0,0.0,0.0,0.0,0.0,0.0,0.0,0.0,0.0,0.0,0.0,0.0,0.0,0.0,0.0,0.0,0.0,0.0,0.0,0.0,0.0,0.0,0.0,0.0,0.0,0.0,0.0,0.0,0.0,0.0,0.0,0.0,0.0,0.0,0.0,0.0,0.0
508,508,508,INPFL,508,2020-06,2020-06-01,2020,6,5.0,Liberia,ucdp_actor_metadata_fallback,1,0.6931471805599453,False,True,0.0,0.0,0.0,0.0,0.0,0.0,0.0,0.0,0.0,0.0,0.0,0.0,0.0,0.0,0.0,0.0,0.0,0.0,0.0,0.0,0.0,0.0,0.0,0.0,0.0,0.0,0.0,0.0,0.0,0.0,0.0,0.0,0.0,0.0,0.0,0.0,0.0,0.0,0.0,0.0,0.0,0.0,0.0,0.0,0.0,0.0,0.0,0.0,0.0,0.0,0.0,0.0,0.0,0.0,0.0,0.0,0.0
508,508,508,INPFL,508,2020-07,2020-07-01,2020,7,6.0,Liberia,ucdp_actor_metadata_fallback,1,0.6931471805599453,False,True,0.0,0.0,0.0,0.0,0.0,0.0,0.0,0.0,0.0,0.0,0.0,0.0,0.0,0.0,0.0,0.0,0.0,0.0,0.0,0.0,0.0,0.0,0.0,0.0,0.0,0.0,0.0,0.0,0.0,0.0,0.0,0.0,0.0,0.0,0.0,0.0,0.0,0.0,0.0,0.0,0.0,0.0,0.0,0.0,0.0,0.0,0.0,0.0,0.0,0.0,0.0,0.0,0.0,0.0,0.0,0.0,0.0
508,508,508,INPFL,508,2020-08,2020-08-01,2020,8,7.0,Liberia,ucdp_actor_metadata_fallback,1,0.6931471805599453,False,True,0.0,0.0,0.0,0.0,0.0,0.0,0.0,0.0,0.0,0.0,0.0,0.0,0.0,0.0,0.0,0.0,0.0,0.0,0.0,0.0,0.0,0.0,0.0,0.0,0.0,0.0,0.0,0.0,0.0,0.0,0.0,0.0,0.0,0.0,0.0,0.0,0.0,0.0,0.0,0.0,0.0,0.0,0.0,0.0,0.0,0.0,0.0,0.0,0.0,0.0,0.0,0.0,0.0,0.0,0.0,0.0,0.0
508,508,508,INPFL,508,2020-09,2020-09-01,2020,9,8.0,Liberia,ucdp_actor_metadata_fallback,1,0.6931471805599453,False,True,0.0,0.0,0.0,0.0,0.0,0.0,0.0,0.0,0.0,0.0,0.0,0.0,0.0,0.0,0.0,0.0,0.0,0.0,0.0,0.0,0.0,0.0,0.0,0.0,0.0,0.0,0.0,0.0,0.0,0.0,0.0,0.0,0.0,0.0,0.0,0.0,0.0,0.0,0.0,0.0,0.0,0.0,0.0,0.0,0.0,0.0,0.0,0.0,0.0,0.0,0.0,0.0,0.0,0.0,0.0,0.0,0.0
508,508,508,INPFL,508,2020-10,2020-10-01,2020,10,9.0,Liberia,ucdp_actor_metadata_fallback,1,0.6931471805599453,False,True,0.0,0.0,0.0,0.0,0.0,0.0,0.0,0.0,0.0,0.0,0.0,0.0,0.0,0.0,0.0,0.0,0.0,0.0,0.0,0.0,0.0,0.0,0.0,0.0,0.0,0.0,0.0,0.0,0.0,0.0,0.0,0.0,0.0,0.0,0.0,0.0,0.0,0.0,0.0,0.0,0.0,0.0,0.0,0.0,0.0,0.0,0.0,0.0,0.0,0.0,0.0,0.0,0.0,0.0,0.0,0.0,0.0
508,508,508,INPFL,508,2020-11,2020-11-01,2020,11,10.0,Liberia,ucdp_actor_metadata_fallback,1,0.6931471805599453,False,True,0.0,0.0,0.0,0.0,0.0,0.0,0.0,0.0,0.0,0.0,0.0,0.0,0.0,0.0,0.0,0.0,0.0,0.0,0.0,0.0,0.0,0.0,0.0,0.0,0.0,0.0,0.0,0.0,0.0,0.0,0.0,0.0,0.0,0.0,0.0,0.0,0.0,0.0,0.0,0.0,0.0,0.0,0.0,0.0,0.0,0.0,0.0,0.0,0.0,0.0,0.0,0.0,0.0,0.0,0.0,0.0,0.0
508,508,508,INPFL,508,2020-12,2020-12-01,2020,12,11.0,Liberia,ucdp_actor_metadata_fallback,1,0.6931471805599453,False,True,0.0,0.0,0.0,0.0,0.0,0.0,0.0,0.0,0.0,0.0,0.0,0.0,0.0,0.0,0.0,0.0,0.0,0.0,0.0,0.0,0.0,0.0,0.0,0.0,0.0,0.0,0.0,0.0,0.0,0.0,0.0,0.0,0.0,0.0,0.0,0.0,0.0,0.0,0.0,0.0,0.0,0.0,0.0,0.0,0.0,0.0,0.0,0.0,0.0,0.0,0.0,0.0,0.0,0.0,0.0,0.0,0.0
508,508,508,INPFL,508,2021-01,2021-01-01,2021,1,12.0,Liberia,ucdp_actor_metadata_fallback,1,0.6931471805599453,False,True,0.0,0.0,0.0,0.0,0.0,0.0,0.0,0.0,0.0,0.0,0.0,0.0,0.0,0.0,0.0,0.0,0.0,0.0,0.0,0.0,0.0,0.0,0.0,0.0,0.0,0.0,0.0,0.0,0.0,0.0,0.0,0.0,0.0,0.0,0.0,0.0,0.0,0.0,0.0,0.0,0.0,0.0,0.0,0.0,0.0,0.0,0.0,0.0,0.0,0.0,0.0,0.0,0.0,0.0,0.0,0.0,0.0
508,508,508,INPFL,508,2021-02,2021-02-01,2021,2,13.0,Liberia,ucdp_actor_metadata_fallback,1,0.6931471805599453,False,True,0.0,0.0,0.0,0.0,0.0,0.0,0.0,0.0,0.0,0.0,0.0,0.0,0.0,0.0,0.0,0.0,0.0,0.0,0.0,0.0,0.0,0.0,0.0,0.0,0.0,0.0,0.0,0.0,0.0,0.0,0.0,0.0,0.0,0.0,0.0,0.0,0.0,0.0,0.0,0.0,0.0,0.0,0.0,0.0,0.0,0.0,0.0,0.0,0.0,0.0,0.0,0.0,0.0,0.0,0.0,0.0,0.0
508,508,508,INPFL,508,2021-03,2021-03-01,2021,3,14.0,Liberia,ucdp_actor_metadata_fallback,1,0.6931471805599453,False,True,0.0,0.0,0.0,0.0,0.0,0.0,0.0,0.0,0.0,0.0,0.0,0.0,0.0,0.0,0.0,0.0,0.0,0.0,0.0,0.0,0.0,0.0,0.0,0.0,0.0,0.0,0.0,0.0,0.0,0.0,0.0,0.0,0.0,0.0,0.0,0.0,0.0,0.0,0.0,0.0,0.0,0.0,0.0,0.0,0.0,0.0,0.0,0.0,0.0,0.0,0.0,0.0,0.0,0.0,0.0,0.0,0.0
508,508,508,INPFL,508,2021-04,2021-04-01,2021,4,15.0,Liberia,ucdp_actor_metadata_fallback,1,0.6931471805599453,False,True,0.0,0.0,0.0,0.0,0.0,0.0,0.0,0.0,0.0,0.0,0.0,0.0,0.0,0.0,0.0,0.0,0.0,0.0,0.0,0.0,0.0,0.0,0.0,0.0,0.0,0.0,0.0,0.0,0.0,0.0,0.0,0.0,0.0,0.0,0.0,0.0,0.0,0.0,0.0,0.0,0.0,0.0,0.0,0.0,0.0,0.0,0.0,0.0,0.0,0.0,0.0,0.0,0.0,0.0,0.0,0.0,0.0
508,508,508,INPFL,508,2021-05,2021-05-01,2021,5,16.0,Liberia,ucdp_actor_metadata_fallback,1,0.6931471805599453,False,True,0.0,0.0,0.0,0.0,0.0,0.0,0.0,0.0,0.0,0.0,0.0,0.0,0.0,0.0,0.0,0.0,0.0,0.0,0.0,0.0,0.0,0.0,0.0,0.0,0.0,0.0,0.0,0.0,0.0,0.0,0.0,0.0,0.0,0.0,0.0,0.0,0.0,0.0,0.0,0.0,0.0,0.0,0.0,0.0,0.0,0.0,0.0,0.0,0.0,0.0,0.0,0.0,0.0,0.0,0.0,0.0,0.0
508,508,508,INPFL,508,2021-06,2021-06-01,2021,6,17.0,Liberia,ucdp_actor_metadata_fallback,1,0.6931471805599453,False,True,0.0,0.0,0.0,0.0,0.0,0.0,0.0,0.0,0.0,0.0,0.0,0.0,0.0,0.0,0.0,0.0,0.0,0.0,0.0,0.0,0.0,0.0,0.0,0.0,0.0,0.0,0.0,0.0,0.0,0.0,0.0,0.0,0.0,0.0,0.0,0.0,0.0,0.0,0.0,0.0,0.0,0.0,0.0,0.0,0.0,0.0,0.0,0.0,0.0,0.0,0.0,0.0,0.0,0.0,0.0,0.0,0.0
508,508,508,INPFL,508,2021-07,2021-07-01,2021,7,18.0,Liberia,ucdp_actor_metadata_fallback,1,0.6931471805599453,False,True,0.0,0.0,0.0,0.0,0.0,0.0,0.0,0.0,0.0,0.0,0.0,0.0,0.0,0.0,0.0,0.0,0.0,0.0,0.0,0.0,0.0,0.0,0.0,0.0,0.0,0.0,0.0,0.0,0.0,0.0,0.0,0.0,0.0,0.0,0.0,0.0,0.0,0.0,0.0,0.0,0.0,0.0,0.0,0.0,0.0,0.0,0.0,0.0,0.0,0.0,0.0,0.0,0.0,0.0,0.0,0.0,0.0
508,508,508,INPFL,508,2021-08,2021-08-01,2021,8,19.0,Liberia,ucdp_actor_metadata_fallback,1,0.6931471805599453,False,True,0.0,0.0,0.0,0.0,0.0,0.0,0.0,0.0,0.0,0.0,0.0,0.0,0.0,0.0,0.0,0.0,0.0,0.0,0.0,0.0,0.0,0.0,0.0,0.0,0.0,0.0,0.0,0.0,0.0,0.0,0.0,0.0,0.0,0.0,0.0,0.0,0.0,0.0,0.0,0.0,0.0,0.0,0.0,0.0,0.0,0.0,0.0,0.0,0.0,0.0,0.0,0.0,0.0,0.0,0.0,0.0,0.0
508,508,508,INPFL,508,2021-09,2021-09-01,2021,9,20.0,Liberia,ucdp_actor_metadata_fallback,1,0.6931471805599453,False,True,0.0,0.0,0.0,0.0,0.0,0.0,0.0,0.0,0.0,0.0,0.0,0.0,0.0,0.0,0.0,0.0,0.0,0.0,0.0,0.0,0.0,0.0,0.0,0.0,0.0,0.0,0.0,0.0,0.0,0.0,0.0,0.0,0.0,0.0,0.0,0.0,0.0,0.0,0.0,0.0,0.0,0.0,0.0,0.0,0.0,0.0,0.0,0.0,0.0,0.0,0.0,0.0,0.0,0.0,0.0,0.0,0.0
508,508,508,INPFL,508,2021-10,2021-10-01,2021,10,21.0,Liberia,ucdp_actor_metadata_fallback,1,0.6931471805599453,False,True,0.0,0.0,0.0,0.0,0.0,0.0,0.0,0.0,0.0,0.0,0.0,0.0,0.0,0.0,0.0,0.0,0.0,0.0,0.0,0.0,0.0,0.0,0.0,0.0,0.0,0.0,0.0,0.0,0.0,0.0,0.0,0.0,0.0,0.0,0.0,0.0,0.0,0.0,0.0,0.0,0.0,0.0,0.0,0.0,0.0,0.0,0.0,0.0,0.0,0.0,0.0,0.0,0.0,0.0,0.0,0.0,0.0
508,508,508,INPFL,508,2021-11,2021-11-01,2021,11,22.0,Liberia,ucdp_actor_metadata_fallback,1,0.6931471805599453,False,True,0.0,0.0,0.0,0.0,0.0,0.0,0.0,0.0,0.0,0.0,0.0,0.0,0.0,0.0,0.0,0.0,0.0,0.0,0.0,0.0,0.0,0.0,0.0,0.0,0.0,0.0,0.0,0.0,0.0,0.0,0.0,0.0,0.0,0.0,0.0,0.0,0.0,0.0,0.0,0.0,0.0,0.0,0.0,0.0,0.0,0.0,0.0,0.0,0.0,0.0,0.0,0.0,0.0,0.0,0.0,0.0,0.0
508,508,508,INPFL,508,2021-12,2021-12-01,2021,12,23.0,Liberia,ucdp_actor_metadata_fallback,1,0.6931471805599453,False,True,0.0,0.0,0.0,0.0,0.0,0.0,0.0,0.0,0.0,0.0,0.0,0.0,0.0,0.0,0.0,0.0,0.0,0.0,0.0,0.0,0.0,0.0,0.0,0.0,0.0,0.0,0.0,0.0,0.0,0.0,0.0,0.0,0.0,0.0,0.0,0.0,0.0,0.0,0.0,0.0,0.0,0.0,0.0,0.0,0.0,0.0,0.0,0.0,0.0,0.0,0.0,0.0,0.0,0.0,0.0,0.0,0.0
508,508,508,INPFL,508,2022-01,2022-01-01,2022,1,24.0,Liberia,ucdp_actor_metadata_fallback,1,0.6931471805599453,False,True,0.0,0.0,0.0,0.0,0.0,0.0,0.0,0.0,0.0,0.0,0.0,0.0,0.0,0.0,0.0,0.0,0.0,0.0,0.0,0.0,0.0,0.0,0.0,0.0,0.0,0.0,0.0,0.0,0.0,0.0,0.0,0.0,0.0,0.0,0.0,0.0,0.0,0.0,0.0,0.0,0.0,0.0,0.0,0.0,0.0,0.0,0.0,0.0,0.0,0.0,0.0,0.0,0.0,0.0,0.0,0.0,0.0
508,508,508,INPFL,508,2022-02,2022-02-01,2022,2,25.0,Liberia,ucdp_actor_metadata_fallback,1,0.6931471805599453,False,True,0.0,0.0,0.0,0.0,0.0,0.0,0.0,0.0,0.0,0.0,0.0,0.0,0.0,0.0,0.0,0.0,0.0,0.0,0.0,0.0,0.0,0.0,0.0,0.0,0.0,0.0,0.0,0.0,0.0,0.0,0.0,0.0,0.0,0.0,0.0,0.0,0.0,0.0,0.0,0.0,0.0,0.0,0.0,0.0,0.0,0.0,0.0,0.0,0.0,0.0,0.0,0.0,0.0,0.0,0.0,0.0,0.0
508,508,508,INPFL,508,2022-03,2022-03-01,2022,3,26.0,Liberia,ucdp_actor_metadata_fallback,1,0.6931471805599453,False,True,0.0,0.0,0.0,0.0,0.0,0.0,0.0,0.0,0.0,0.0,0.0,0.0,0.0,0.0,0.0,0.0,0.0,0.0,0.0,0.0,0.0,0.0,0.0,0.0,0.0,0.0,0.0,0.0,0.0,0.0,0.0,0.0,0.0,0.0,0.0,0.0,0.0,0.0,0.0,0.0,0.0,0.0,0.0,0.0,0.0,0.0,0.0,0.0,0.0,0.0,0.0,0.0,0.0,0.0,0.0,0.0,0.0
508,508,508,INPFL,508,2022-04,2022-04-01,2022,4,27.0,Liberia,ucdp_actor_metadata_fallback,1,0.6931471805599453,False,True,0.0,0.0,0.0,0.0,0.0,0.0,0.0,0.0,0.0,0.0,0.0,0.0,0.0,0.0,0.0,0.0,0.0,0.0,0.0,0.0,0.0,0.0,0.0,0.0,0.0,0.0,0.0,0.0,0.0,0.0,0.0,0.0,0.0,0.0,0.0,0.0,0.0,0.0,0.0,0.0,0.0,0.0,0.0,0.0,0.0,0.0,0.0,0.0,0.0,0.0,0.0,0.0,0.0,0.0,0.0,0.0,0.0
508,508,508,INPFL,508,2022-05,2022-05-01,2022,5,28.0,Liberia,ucdp_actor_metadata_fallback,1,0.6931471805599453,False,True,0.0,0.0,0.0,0.0,0.0,0.0,0.0,0.0,0.0,0.0,0.0,0.0,0.0,0.0,0.0,0.0,0.0,0.0,0.0,0.0,0.0,0.0,0.0,0.0,0.0,0.0,0.0,0.0,0.0,0.0,0.0,0.0,0.0,0.0,0.0,0.0,0.0,0.0,0.0,0.0,0.0,0.0,0.0,0.0,0.0,0.0,0.0,0.0,0.0,0.0,0.0,0.0,0.0,0.0,0.0,0.0,0.0
508,508,508,INPFL,508,2022-06,2022-06-01,2022,6,29.0,Liberia,ucdp_actor_metadata_fallback,1,0.6931471805599453,False,True,0.0,0.0,0.0,0.0,0.0,0.0,0.0,0.0,0.0,0.0,0.0,0.0,0.0,0.0,0.0,0.0,0.0,0.0,0.0,0.0,0.0,0.0,0.0,0.0,0.0,0.0,0.0,0.0,0.0,0.0,0.0,0.0,0.0,0.0,0.0,0.0,0.0,0.0,0.0,0.0,0.0,0.0,0.0,0.0,0.0,0.0,0.0,0.0,0.0,0.0,0.0,0.0,0.0,0.0,0.0,0.0,0.0
508,508,508,INPFL,508,2022-07,2022-07-01,2022,7,30.0,Liberia,ucdp_actor_metadata_fallback,1,0.6931471805599453,False,True,0.0,0.0,0.0,0.0,0.0,0.0,0.0,0.0,0.0,0.0,0.0,0.0,0.0,0.0,0.0,0.0,0.0,0.0,0.0,0.0,0.0,0.0,0.0,0.0,0.0,0.0,0.0,0.0,0.0,0.0,0.0,0.0,0.0,0.0,0.0,0.0,0.0,0.0,0.0,0.0,0.0,0.0,0.0,0.0,0.0,0.0,0.0,0.0,0.0,0.0,0.0,0.0,0.0,0.0,0.0,0.0,0.0
508,508,508,INPFL,508,2022-08,2022-08-01,2022,8,31.0,Liberia,ucdp_actor_metadata_fallback,1,0.6931471805599453,False,True,0.0,0.0,0.0,0.0,0.0,0.0,0.0,0.0,0.0,0.0,0.0,0.0,0.0,0.0,0.0,0.0,0.0,0.0,0.0,0.0,0.0,0.0,0.0,0.0,0.0,0.0,0.0,0.0,0.0,0.0,0.0,0.0,0.0,0.0,0.0,0.0,0.0,0.0,0.0,0.0,0.0,0.0,0.0,0.0,0.0,0.0,0.0,0.0,0.0,0.0,0.0,0.0,0.0,0.0,0.0,0.0,0.0
508,508,508,INPFL,508,2022-09,2022-09-01,2022,9,32.0,Liberia,ucdp_actor_metadata_fallback,1,0.6931471805599453,False,True,0.0,0.0,0.0,0.0,0.0,0.0,0.0,0.0,0.0,0.0,0.0,0.0,0.0,0.0,0.0,0.0,0.0,0.0,0.0,0.0,0.0,0.0,0.0,0.0,0.0,0.0,0.0,0.0,0.0,0.0,0.0,0.0,0.0,0.0,0.0,0.0,0.0,0.0,0.0,0.0,0.0,0.0,0.0,0.0,0.0,0.0,0.0,0.0,0.0,0.0,0.0,0.0,0.0,0.0,0.0,0.0,0.0
508,508,508,INPFL,508,2022-10,2022-10-01,2022,10,33.0,Liberia,ucdp_actor_metadata_fallback,1,0.6931471805599453,False,True,0.0,0.0,0.0,0.0,0.0,0.0,0.0,0.0,0.0,0.0,0.0,0.0,0.0,0.0,0.0,0.0,0.0,0.0,0.0,0.0,0.0,0.0,0.0,0.0,0.0,0.0,0.0,0.0,0.0,0.0,0.0,0.0,0.0,0.0,0.0,0.0,0.0,0.0,0.0,0.0,0.0,0.0,0.0,0.0,0.0,0.0,0.0,0.0,0.0,0.0,0.0,0.0,0.0,0.0,0.0,0.0,0.0
508,508,508,INPFL,508,2022-11,2022-11-01,2022,11,34.0,Liberia,ucdp_actor_metadata_fallback,1,0.6931471805599453,False,True,0.0,0.0,0.0,0.0,0.0,0.0,0.0,0.0,0.0,0.0,0.0,0.0,0.0,0.0,0.0,0.0,0.0,0.0,0.0,0.0,0.0,0.0,0.0,0.0,0.0,0.0,0.0,0.0,0.0,0.0,0.0,0.0,0.0,0.0,0.0,0.0,0.0,0.0,0.0,0.0,0.0,0.0,0.0,0.0,0.0,0.0,0.0,0.0,0.0,0.0,0.0,0.0,0.0,0.0,0.0,0.0,0.0
508,508,508,INPFL,508,2022-12,2022-12-01,2022,12,35.0,Liberia,ucdp_actor_metadata_fallback,1,0.6931471805599453,False,True,0.0,0.0,0.0,0.0,0.0,0.0,0.0,0.0,0.0,0.0,0.0,0.0,0.0,0.0,0.0,0.0,0.0,0.0,0.0,0.0,0.0,0.0,0.0,0.0,0.0,0.0,0.0,0.0,0.0,0.0,0.0,0.0,0.0,0.0,0.0,0.0,0.0,0.0,0.0,0.0,0.0,0.0,0.0,0.0,0.0,0.0,0.0,0.0,0.0,0.0,0.0,0.0,0.0,0.0,0.0,0.0,0.0
508,508,508,INPFL,508,2023-01,2023-01-01,2023,1,36.0,Liberia,ucdp_actor_metadata_fallback,1,0.6931471805599453,False,True,0.0,0.0,0.0,0.0,0.0,0.0,0.0,0.0,0.0,0.0,0.0,0.0,0.0,0.0,0.0,0.0,0.0,0.0,0.0,0.0,0.0,0.0,0.0,0.0,0.0,0.0,0.0,0.0,0.0,0.0,0.0,0.0,0.0,0.0,0.0,0.0,0.0,0.0,0.0,0.0,0.0,0.0,0.0,0.0,0.0,0.0,0.0,0.0,0.0,0.0,0.0,0.0,0.0,0.0,0.0,0.0,0.0
508,508,508,INPFL,508,2023-02,2023-02-01,2023,2,37.0,Liberia,ucdp_actor_metadata_fallback,1,0.6931471805599453,False,True,0.0,0.0,0.0,0.0,0.0,0.0,0.0,0.0,0.0,0.0,0.0,0.0,0.0,0.0,0.0,0.0,0.0,0.0,0.0,0.0,0.0,0.0,0.0,0.0,0.0,0.0,0.0,0.0,0.0,0.0,0.0,0.0,0.0,0.0,0.0,0.0,0.0,0.0,0.0,0.0,0.0,0.0,0.0,0.0,0.0,0.0,0.0,0.0,0.0,0.0,0.0,0.0,0.0,0.0,0.0,0.0,0.0
508,508,508,INPFL,508,2023-03,2023-03-01,2023,3,38.0,Liberia,ucdp_actor_metadata_fallback,1,0.6931471805599453,False,True,0.0,0.0,0.0,0.0,0.0,0.0,0.0,0.0,0.0,0.0,0.0,0.0,0.0,0.0,0.0,0.0,0.0,0.0,0.0,0.0,0.0,0.0,0.0,0.0,0.0,0.0,0.0,0.0,0.0,0.0,0.0,0.0,0.0,0.0,0.0,0.0,0.0,0.0,0.0,0.0,0.0,0.0,0.0,0.0,0.0,0.0,0.0,0.0,0.0,0.0,0.0,0.0,0.0,0.0,0.0,0.0,0.0
508,508,508,INPFL,508,2023-04,2023-04-01,2023,4,39.0,Liberia,ucdp_actor_metadata_fallback,1,0.6931471805599453,False,True,0.0,0.0,0.0,0.0,1.0,1.0,1.0,1.0,0.0,1.0,0.0,0.0,0.0,0.0,0.0,0.0,0.0,0.0,0.0,0.0,0.0,1.0,0.0,0.0,0.0,0.0,1.0,0.6931471805599453,0.0,0.0,0.0,0.0,0.0,0.0,0.0,0.0,0.0,0.0,0.0,0.0,0.0,0.0,0.0,0.0,0.0,0.0,0.0,0.0,0.0,0.0,1.0,0.6931471805599453,0.0,0.0,0.0,0.0,0.6931471805599453
508,508,508,INPFL,508,2023-05,2023-05-01,2023,5,40.0,Liberia,ucdp_actor_metadata_fallback,1,0.6931471805599453,False,True,0.0,0.0,0.0,0.0,1.0,1.0,1.0,1.0,0.0,1.0,0.0,1.0,0.0,0.0,0.0,0.0,0.0,0.0,0.0,0.0,0.0,1.0,0.0,0.0,0.0,0.0,1.0,0.6931471805599453,0.0,0.0,1.0,0.6931471805599453,0.0,0.0,0.0,0.0,0.0,0.0,0.0,0.0,0.0,0.0,0.0,0.0,0.0,0.0,0.0,0.0,0.0,0.0,1.0,0.6931471805599453,0.0,0.0,0.0,0.0,0.6931471805599453
508,508,508,INPFL,508,2023-06,2023-06-01,2023,6,41.0,Liberia,ucdp_actor_metadata_fallback,1,0.6931471805599453,False,True,0.0,0.0,0.0,0.0,0.0,0.0,0.0,0.0,0.0,0.0,0.0,0.0,0.0,0.0,0.0,0.0,0.0,0.0,0.0,0.0,0.0,0.0,0.0,0.0,0.0,0.0,0.0,0.0,0.0,0.0,0.0,0.0,0.0,0.0,0.0,0.0,0.0,0.0,0.0,0.0,0.0,0.0,0.0,0.0,0.0,0.0,0.0,0.0,0.0,0.0,0.0,0.0,0.0,0.0,0.0,0.0,0.0
508,508,508,INPFL,508,2023-07,2023-07-01,2023,7,42.0,Liberia,ucdp_actor_metadata_fallback,1,0.6931471805599453,False,True,0.0,0.0,0.0,0.0,0.0,0.0,0.0,0.0,0.0,0.0,0.0,0.0,0.0,0.0,0.0,0.0,0.0,0.0,0.0,0.0,0.0,0.0,0.0,0.0,0.0,0.0,0.0,0.0,0.0,0.0,0.0,0.0,0.0,0.0,0.0,0.0,0.0,0.0,0.0,0.0,0.0,0.0,0.0,0.0,0.0,0.0,0.0,0.0,0.0,0.0,0.0,0.0,0.0,0.0,0.0,0.0,0.0
508,508,508,INPFL,508,2023-08,2023-08-01,2023,8,43.0,Liberia,ucdp_actor_metadata_fallback,1,0.6931471805599453,False,True,0.0,0.0,0.0,0.0,0.0,0.0,0.0,0.0,0.0,0.0,0.0,0.0,0.0,0.0,0.0,0.0,0.0,0.0,0.0,0.0,0.0,0.0,0.0,0.0,0.0,0.0,0.0,0.0,0.0,0.0,0.0,0.0,0.0,0.0,0.0,0.0,0.0,0.0,0.0,0.0,0.0,0.0,0.0,0.0,0.0,0.0,0.0,0.0,0.0,0.0,0.0,0.0,0.0,0.0,0.0,0.0,0.0
508,508,508,INPFL,508,2023-09,2023-09-01,2023,9,44.0,Liberia,ucdp_actor_metadata_fallback,1,0.6931471805599453,False,True,0.0,0.0,0.0,0.0,1.0,1.0,1.0,1.0,1.0,1.0,1.0,1.0,1.0,0.0,0.0,0.0,0.0,0.0,0.0,0.0,0.0,1.0,0.0,0.0,1.0,0.6931471805599453,1.0,0.6931471805599453,1.0,0.6931471805599453,1.0,0.6931471805599453,1.0,0.6931471805599453,0.0,0.0,0.0,0.0,0.0,0.0,0.0,0.0,0.0,0.0,0.0,0.0,0.0,0.0,0.0,0.0,1.0,0.6931471805599453,0.0,0.0,0.0,0.0,0.6931471805599453
508,508,508,INPFL,508,2023-10,2023-10-01,2023,10,45.0,Liberia,ucdp_actor_metadata_fallback,1,0.6931471805599453,False,True,0.0,0.0,0.0,0.0,0.0,0.0,0.0,0.0,0.0,0.0,0.0,0.0,0.0,0.0,0.0,0.0,0.0,0.0,0.0,0.0,0.0,0.0,0.0,0.0,0.0,0.0,0.0,0.0,0.0,0.0,0.0,0.0,0.0,0.0,0.0,0.0,0.0,0.0,0.0,0.0,0.0,0.0,0.0,0.0,0.0,0.0,0.0,0.0,0.0,0.0,0.0,0.0,0.0,0.0,0.0,0.0,0.0
508,508,508,INPFL,508,2023-11,2023-11-01,2023,11,46.0,Liberia,ucdp_actor_metadata_fallback,1,0.6931471805599453,False,True,0.0,0.0,0.0,0.0,0.0,0.0,0.0,0.0,0.0,0.0,0.0,0.0,0.0,0.0,0.0,0.0,0.0,0.0,0.0,0.0,0.0,0.0,0.0,0.0,0.0,0.0,0.0,0.0,0.0,0.0,0.0,0.0,0.0,0.0,0.0,0.0,0.0,0.0,0.0,0.0,0.0,0.0,0.0,0.0,0.0,0.0,0.0,0.0,0.0,0.0,0.0,0.0,0.0,0.0,0.0,0.0,0.0
508,508,508,INPFL,508,2023-12,2023-12-01,2023,12,47.0,Liberia,ucdp_actor_metadata_fallback,1,0.6931471805599453,False,True,0.0,0.0,0.0,0.0,0.0,0.0,0.0,0.0,0.0,0.0,0.0,0.0,0.0,0.0,0.0,0.0,0.0,0.0,0.0,0.0,0.0,0.0,0.0,0.0,0.0,0.0,0.0,0.0,0.0,0.0,0.0,0.0,0.0,0.0,0.0,0.0,0.0,0.0,0.0,0.0,0.0,0.0,0.0,0.0,0.0,0.0,0.0,0.0,0.0,0.0,0.0,0.0,0.0,0.0,0.0,0.0,0.0
508,508,508,INPFL,508,2024-01,2024-01-01,2024,1,48.0,Liberia,ucdp_actor_metadata_fallback,1,0.6931471805599453,False,True,0.0,0.0,0.0,0.0,0.0,0.0,0.0,0.0,0.0,0.0,0.0,0.0,0.0,0.0,0.0,0.0,0.0,0.0,0.0,0.0,0.0,0.0,0.0,0.0,0.0,0.0,0.0,0.0,0.0,0.0,0.0,0.0,0.0,0.0,0.0,0.0,0.0,0.0,0.0,0.0,0.0,0.0,0.0,0.0,0.0,0.0,0.0,0.0,0.0,0.0,0.0,0.0,0.0,0.0,0.0,0.0,0.0
508,508,508,INPFL,508,2024-02,2024-02-01,2024,2,49.0,Liberia,ucdp_actor_metadata_fallback,1,0.6931471805599453,False,True,0.0,0.0,0.0,0.0,0.0,0.0,0.0,0.0,0.0,0.0,0.0,0.0,0.0,0.0,0.0,0.0,0.0,0.0,0.0,0.0,0.0,0.0,0.0,0.0,0.0,0.0,0.0,0.0,0.0,0.0,0.0,0.0,0.0,0.0,0.0,0.0,0.0,0.0,0.0,0.0,0.0,0.0,0.0,0.0,0.0,0.0,0.0,0.0,0.0,0.0,0.0,0.0,0.0,0.0,0.0,0.0,0.0
508,508,508,INPFL,508,2024-03,2024-03-01,2024,3,50.0,Liberia,ucdp_actor_metadata_fallback,1,0.6931471805599453,False,True,0.0,0.0,0.0,0.0,2.0,2.0,2.0,1.0,0.0,2.0,2.0,2.0,0.0,0.0,0.0,0.0,0.0,0.0,0.0,0.0,0.0,2.0,0.0,0.0,0.0,0.0,1.0,1.0986122886681098,1.0,1.0986122886681098,1.0,1.0986122886681098,0.0,0.0,0.0,0.0,0.0,0.0,0.0,0.0,0.0,0.0,0.0,0.0,0.0,0.0,0.0,0.0,0.0,0.0,1.0,1.0986122886681098,0.0,0.0,0.0,0.0,1.0986122886681098
508,508,508,INPFL,508,2024-04,2024-04-01,2024,4,51.0,Liberia,ucdp_actor_metadata_fallback,1,0.6931471805599453,False,True,0.0,0.0,0.0,0.0,1.0,1.0,1.0,1.0,0.0,0.0,1.0,1.0,1.0,0.0,0.0,0.0,0.0,0.0,1.0,0.0,0.0,0.0,0.0,0.0,0.0,0.0,0.0,0.0,1.0,0.6931471805599453,1.0,0.6931471805599453,1.0,0.6931471805599453,0.0,0.0,0.0,0.0,0.0,0.0,0.0,0.0,0.0,0.0,1.0,0.6931471805599453,0.0,0.0,0.0,0.0,0.0,0.0,0.0,0.0,0.0,0.0,0.6931471805599453
508,508,508,INPFL,508,2024-05,2024-05-01,2024,5,52.0,Liberia,ucdp_actor_metadata_fallback,1,0.6931471805599453,False,True,0.0,0.0,0.0,0.0,0.0,0.0,0.0,0.0,0.0,0.0,0.0,0.0,0.0,0.0,0.0,0.0,0.0,0.0,0.0,0.0,0.0,0.0,0.0,0.0,0.0,0.0,0.0,0.0,0.0,0.0,0.0,0.0,0.0,0.0,0.0,0.0,0.0,0.0,0.0,0.0,0.0,0.0,0.0,0.0,0.0,0.0,0.0,0.0,0.0,0.0,0.0,0.0,0.0,0.0,0.0,0.0,0.0
508,508,508,INPFL,508,2024-06,2024-06-01,2024,6,53.0,Liberia,ucdp_actor_metadata_fallback,1,0.6931471805599453,False,True,0.0,1.0,0.0,0.6931471805599453,0.0,0.0,0.0,0.0,0.0,0.0,0.0,0.0,0.0,0.0,0.0,0.0,0.0,0.0,0.0,0.0,0.0,0.0,0.0,0.0,0.0,0.0,0.0,0.0,0.0,0.0,0.0,0.0,0.0,0.0,0.0,0.0,0.0,0.0,0.0,0.0,0.0,0.0,0.0,0.0,0.0,0.0,0.0,0.0,0.0,0.0,0.0,0.0,0.0,0.0,0.0,0.0,0.0
508,508,508,INPFL,508,2024-07,2024-07-01,2024,7,54.0,Liberia,ucdp_actor_metadata_fallback,1,0.6931471805599453,False,True,1.0,0.0,0.6931471805599453,0.0,0.0,0.0,0.0,0.0,0.0,0.0,0.0,0.0,0.0,0.0,0.0,0.0,0.0,0.0,0.0,0.0,0.0,0.0,0.0,0.0,0.0,0.0,0.0,0.0,0.0,0.0,0.0,0.0,0.0,0.0,0.0,0.0,0.0,0.0,0.0,0.0,0.0,0.0,0.0,0.0,0.0,0.0,0.0,0.0,0.0,0.0,0.0,0.0,0.0,0.0,0.0,0.0,0.0
508,508,508,INPFL,508,2024-08,2024-08-01,2024,8,55.0,Liberia,ucdp_actor_metadata_fallback,1,0.6931471805599453,False,True,0.0,0.0,0.0,0.0,0.0,0.0,0.0,0.0,0.0,0.0,0.0,0.0,0.0,0.0,0.0,0.0,0.0,0.0,0.0,0.0,0.0,0.0,0.0,0.0,0.0,0.0,0.0,0.0,0.0,0.0,0.0,0.0,0.0,0.0,0.0,0.0,0.0,0.0,0.0,0.0,0.0,0.0,0.0,0.0,0.0,0.0,0.0,0.0,0.0,0.0,0.0,0.0,0.0,0.0,0.0,0.0,0.0
508,508,508,INPFL,508,2024-09,2024-09-01,2024,9,56.0,Liberia,ucdp_actor_metadata_fallback,1,0.6931471805599453,False,True,0.0,0.0,0.0,0.0,0.0,0.0,0.0,0.0,0.0,0.0,0.0,0.0,0.0,0.0,0.0,0.0,0.0,0.0,0.0,0.0,0.0,0.0,0.0,0.0,0.0,0.0,0.0,0.0,0.0,0.0,0.0,0.0,0.0,0.0,0.0,0.0,0.0,0.0,0.0,0.0,0.0,0.0,0.0,0.0,0.0,0.0,0.0,0.0,0.0,0.0,0.0,0.0,0.0,0.0,0.0,0.0,0.0
508,508,508,INPFL,508,2024-10,2024-10-01,2024,10,57.0,Liberia,ucdp_actor_metadata_fallback,1,0.6931471805599453,False,True,0.0,0.0,0.0,0.0,0.0,0.0,0.0,0.0,0.0,0.0,0.0,0.0,0.0,0.0,0.0,0.0,0.0,0.0,0.0,0.0,0.0,0.0,0.0,0.0,0.0,0.0,0.0,0.0,0.0,0.0,0.0,0.0,0.0,0.0,0.0,0.0,0.0,0.0,0.0,0.0,0.0,0.0,0.0,0.0,0.0,0.0,0.0,0.0,0.0,0.0,0.0,0.0,0.0,0.0,0.0,0.0,0.0
508,508,508,INPFL,508,2024-11,2024-11-01,2024,11,58.0,Liberia,ucdp_actor_metadata_fallback,1,0.6931471805599453,False,True,0.0,0.0,0.0,0.0,0.0,0.0,0.0,0.0,0.0,0.0,0.0,0.0,0.0,0.0,0.0,0.0,0.0,0.0,0.0,0.0,0.0,0.0,0.0,0.0,0.0,0.0,0.0,0.0,0.0,0.0,0.0,0.0,0.0,0.0,0.0,0.0,0.0,0.0,0.0,0.0,0.0,0.0,0.0,0.0,0.0,0.0,0.0,0.0,0.0,0.0,0.0,0.0,0.0,0.0,0.0,0.0,0.0
508,508,508,INPFL,508,2024-12,2024-12-01,2024,12,59.0,Liberia,ucdp_actor_metadata_fallback,1,0.6931471805599453,False,True,0.0,0.0,0.0,0.0,1.0,1.0,1.0,1.0,0.0,1.0,1.0,1.0,0.0,0.0,0.0,0.0,0.0,0.0,0.0,0.0,0.0,1.0,0.0,0.0,0.0,0.0,1.0,0.6931471805599453,1.0,0.6931471805599453,1.0,0.6931471805599453,0.0,0.0,0.0,0.0,0.0,0.0,0.0,0.0,0.0,0.0,0.0,0.0,0.0,0.0,0.0,0.0,0.0,0.0,1.0,0.6931471805599453,0.0,0.0,0.0,0.0,0.6931471805599453
508,508,508,INPFL,508,2025-01,2025-01-01,2025,1,60.0,Liberia,ucdp_actor_metadata_fallback,1,0.6931471805599453,False,True,0.0,0.0,0.0,0.0,0.0,0.0,0.0,0.0,0.0,0.0,0.0,0.0,0.0,0.0,0.0,0.0,0.0,0.0,0.0,0.0,0.0,0.0,0.0,0.0,0.0,0.0,0.0,0.0,0.0,0.0,0.0,0.0,0.0,0.0,0.0,0.0,0.0,0.0,0.0,0.0,0.0,0.0,0.0,0.0,0.0,0.0,0.0,0.0,0.0,0.0,0.0,0.0,0.0,0.0,0.0,0.0,0.0
508,508,508,INPFL,508,2025-02,2025-02-01,2025,2,61.0,Liberia,ucdp_actor_metadata_fallback,1,0.6931471805599453,False,True,0.0,0.0,0.0,0.0,0.0,0.0,0.0,0.0,0.0,0.0,0.0,0.0,0.0,0.0,0.0,0.0,0.0,0.0,0.0,0.0,0.0,0.0,0.0,0.0,0.0,0.0,0.0,0.0,0.0,0.0,0.0,0.0,0.0,0.0,0.0,0.0,0.0,0.0,0.0,0.0,0.0,0.0,0.0,0.0,0.0,0.0,0.0,0.0,0.0,0.0,0.0,0.0,0.0,0.0,0.0,0.0,0.0
508,508,508,INPFL,508,2025-03,2025-03-01,2025,3,62.0,Liberia,ucdp_actor_metadata_fallback,1,0.6931471805599453,False,True,0.0,0.0,0.0,0.0,0.0,0.0,0.0,0.0,0.0,0.0,0.0,0.0,0.0,0.0,0.0,0.0,0.0,0.0,0.0,0.0,0.0,0.0,0.0,0.0,0.0,0.0,0.0,0.0,0.0,0.0,0.0,0.0,0.0,0.0,0.0,0.0,0.0,0.0,0.0,0.0,0.0,0.0,0.0,0.0,0.0,0.0,0.0,0.0,0.0,0.0,0.0,0.0,0.0,0.0,0.0,0.0,0.0
508,508,508,INPFL,508,2025-04,2025-04-01,2025,4,63.0,Liberia,ucdp_actor_metadata_fallback,1,0.6931471805599453,False,True,0.0,0.0,0.0,0.0,0.0,0.0,0.0,0.0,0.0,0.0,0.0,0.0,0.0,0.0,0.0,0.0,0.0,0.0,0.0,0.0,0.0,0.0,0.0,0.0,0.0,0.0,0.0,0.0,0.0,0.0,0.0,0.0,0.0,0.0,0.0,0.0,0.0,0.0,0.0,0.0,0.0,0.0,0.0,0.0,0.0,0.0,0.0,0.0,0.0,0.0,0.0,0.0,0.0,0.0,0.0,0.0,0.0
508,508,508,INPFL,508,2025-05,2025-05-01,2025,5,64.0,Liberia,ucdp_actor_metadata_fallback,1,0.6931471805599453,False,True,0.0,0.0,0.0,0.0,1.0,1.0,1.0,1.0,0.0,1.0,1.0,1.0,0.0,0.0,0.0,0.0,0.0,0.0,0.0,0.0,0.0,1.0,0.0,0.0,0.0,0.0,1.0,0.6931471805599453,1.0,0.6931471805599453,1.0,0.6931471805599453,0.0,0.0,0.0,0.0,0.0,0.0,0.0,0.0,0.0,0.0,0.0,0.0,0.0,0.0,0.0,0.0,0.0,0.0,1.0,0.6931471805599453,0.0,0.0,0.0,0.0,0.6931471805599453
508,508,508,INPFL,508,2025-06,2025-06-01,2025,6,65.0,Liberia,ucdp_actor_metadata_fallback,1,0.6931471805599453,False,True,0.0,0.0,0.0,0.0,0.0,0.0,0.0,0.0,0.0,0.0,0.0,0.0,0.0,0.0,0.0,0.0,0.0,0.0,0.0,0.0,0.0,0.0,0.0,0.0,0.0,0.0,0.0,0.0,0.0,0.0,0.0,0.0,0.0,0.0,0.0,0.0,0.0,0.0,0.0,0.0,0.0,0.0,0.0,0.0,0.0,0.0,0.0,0.0,0.0,0.0,0.0,0.0,0.0,0.0,0.0,0.0,0.0
508,508,508,INPFL,508,2025-07,2025-07-01,2025,7,66.0,Liberia,ucdp_actor_metadata_fallback,1,0.6931471805599453,False,True,0.0,0.0,0.0,0.0,0.0,0.0,0.0,0.0,0.0,0.0,0.0,0.0,0.0,0.0,0.0,0.0,0.0,0.0,0.0,0.0,0.0,0.0,0.0,0.0,0.0,0.0,0.0,0.0,0.0,0.0,0.0,0.0,0.0,0.0,0.0,0.0,0.0,0.0,0.0,0.0,0.0,0.0,0.0,0.0,0.0,0.0,0.0,0.0,0.0,0.0,0.0,0.0,0.0,0.0,0.0,0.0,0.0
508,508,508,INPFL,508,2025-08,2025-08-01,2025,8,67.0,Liberia,ucdp_actor_metadata_fallback,1,0.6931471805599453,False,True,0.0,0.0,0.0,0.0,0.0,0.0,0.0,0.0,0.0,0.0,0.0,0.0,0.0,0.0,0.0,0.0,0.0,0.0,0.0,0.0,0.0,0.0,0.0,0.0,0.0,0.0,0.0,0.0,0.0,0.0,0.0,0.0,0.0,0.0,0.0,0.0,0.0,0.0,0.0,0.0,0.0,0.0,0.0,0.0,0.0,0.0,0.0,0.0,0.0,0.0,0.0,0.0,0.0,0.0,0.0,0.0,0.0
508,508,508,INPFL,508,2025-09,2025-09-01,2025,9,68.0,Liberia,ucdp_actor_metadata_fallback,1,0.6931471805599453,False,True,0.0,0.0,0.0,0.0,0.0,0.0,0.0,0.0,0.0,0.0,0.0,0.0,0.0,0.0,0.0,0.0,0.0,0.0,0.0,0.0,0.0,0.0,0.0,0.0,0.0,0.0,0.0,0.0,0.0,0.0,0.0,0.0,0.0,0.0,0.0,0.0,0.0,0.0,0.0,0.0,0.0,0.0,0.0,0.0,0.0,0.0,0.0,0.0,0.0,0.0,0.0,0.0,0.0,0.0,0.0,0.0,0.0
508,508,508,INPFL,508,2025-10,2025-10-01,2025,10,69.0,Liberia,ucdp_actor_metadata_fallback,1,0.6931471805599453,False,True,0.0,0.0,0.0,0.0,0.0,0.0,0.0,0.0,0.0,0.0,0.0,0.0,0.0,0.0,0.0,0.0,0.0,0.0,0.0,0.0,0.0,0.0,0.0,0.0,0.0,0.0,0.0,0.0,0.0,0.0,0.0,0.0,0.0,0.0,0.0,0.0,0.0,0.0,0.0,0.0,0.0,0.0,0.0,0.0,0.0,0.0,0.0,0.0,0.0,0.0,0.0,0.0,0.0,0.0,0.0,0.0,0.0
508,508,508,INPFL,508,2025-11,2025-11-01,2025,11,70.0,Liberia,ucdp_actor_metadata_fallback,1,0.6931471805599453,False,True,0.0,0.0,0.0,0.0,0.0,0.0,0.0,0.0,0.0,0.0,0.0,0.0,0.0,0.0,0.0,0.0,0.0,0.0,0.0,0.0,0.0,0.0,0.0,0.0,0.0,0.0,0.0,0.0,0.0,0.0,0.0,0.0,0.0,0.0,0.0,0.0,0.0,0.0,0.0,0.0,0.0,0.0,0.0,0.0,0.0,0.0,0.0,0.0,0.0,0.0,0.0,0.0,0.0,0.0,0.0,0.0,0.0
508,508,508,INPFL,508,2025-12,2025-12-01,2025,12,71.0,Liberia,ucdp_actor_metadata_fallback,1,0.6931471805599453,False,False,0.0,,0.0,,0.0,0.0,0.0,0.0,0.0,0.0,0.0,0.0,0.0,0.0,0.0,0.0,0.0,0.0,0.0,0.0,0.0,0.0,0.0,0.0,0.0,0.0,0.0,0.0,0.0,0.0,0.0,0.0,0.0,0.0,0.0,0.0,0.0,0.0,0.0,0.0,0.0,0.0,0.0,0.0,0.0,0.0,0.0,0.0,0.0,0.0,0.0,0.0,0.0,0.0,0.0,0.0,0.0
817,817,817,JKLF,817,2020-01,2020-01-01,2020,1,0.0,India,ucdp_actor_metadata_fallback,1,0.6931471805599453,False,True,53.0,83.0,3.9889840465642745,4.430816798843313,1.0,1.0,1.0,1.0,1.0,1.0,0.0,1.0,0.0,0.0,0.0,1.0,0.0,0.0,0.0,0.0,0.0,0.0,0.0,0.0,1.0,0.6931471805599453,1.0,0.6931471805599453,0.0,0.0,1.0,0.6931471805599453,0.0,0.0,0.0,0.0,0.0,0.0,1.0,0.6931471805599453,0.0,0.0,0.0,0.0,0.0,0.0,0.0,0.0,0.0,0.0,0.0,0.0,0.0,0.0,0.0,0.0,0.6931471805599453
817,817,817,JKLF,817,2020-02,2020-02-01,2020,2,1.0,India,ucdp_actor_metadata_fallback,1,0.6931471805599453,False,True,83.0,48.0,4.430816798843313,3.8918202981106265,0.0,0.0,0.0,0.0,0.0,0.0,0.0,0.0,0.0,0.0,0.0,0.0,0.0,0.0,0.0,0.0,0.0,0.0,0.0,0.0,0.0,0.0,0.0,0.0,0.0,0.0,0.0,0.0,0.0,0.0,0.0,0.0,0.0,0.0,0.0,0.0,0.0,0.0,0.0,0.0,0.0,0.0,0.0,0.0,0.0,0.0,0.0,0.0,0.0,0.0,0.0,0.0,0.0
817,817,817,JKLF,817,2020-03,2020-03-01,2020,3,2.0,India,ucdp_actor_metadata_fallback,1,0.6931471805599453,False,True,48.0,84.0,3.8918202981106265,4.442651256490317,2.0,2.0,2.0,1.0,2.0,2.0,1.0,1.0,0.0,0.0,0.0,0.0,0.0,0.0,0.0,0.0,0.0,2.0,0.0,0.0,1.0,1.0986122886681098,1.0,1.0986122886681098,0.5,0.6931471805599453,0.5,0.6931471805599453,0.0,0.0,0.0,0.0,0.0,0.0,0.0,0.0,0.0,0.0,0.0,0.0,0.0,0.0,0.0,0.0,0.0,0.0,1.0,1.0986122886681098,0.0,0.0,0.0,0.0,1.0986122886681098
817,817,817,JKLF,817,2020-04,2020-04-01,2020,4,3.0,India,ucdp_actor_metadata_fallback,1,0.6931471805599453,False,True,84.0,50.0,4.442651256490317,3.9318256327243257,0.0,0.0,0.0,0.0,0.0,0.0,0.0,0.0,0.0,0.0,0.0,0.0,0.0,0.0,0.0,0.0,0.0,0.0,0.0,0.0,0.0,0.0,0.0,0.0,0.0,0.0,0.0,0.0,0.0,0.0,0.0,0.0,0.0,0.0,0.0,0.0,0.0,0.0,0.0,0.0,0.0,0.0,0.0,0.0,0.0,0.0,0.0,0.0,0.0,0.0,0.0,0.0,0.0
817,817,817,JKLF,817,2020-05,2020-05-01,2020,5,4.0,India,ucdp_actor_metadata_fallback,1,0.6931471805599453,False,True,50.0,93.0,3.9318256327243257,4.543294782270004,0.0,0.0,0.0,0.0,0.0,0.0,0.0,0.0,0.0,0.0,0.0,0.0,0.0,0.0,0.0,0.0,0.0,0.0,0.0,0.0,0.0,0.0,0.0,0.0,0.0,0.0,0.0,0.0,0.0,0.0,0.0,0.0,0.0,0.0,0.0,0.0,0.0,0.0,0.0,0.0,0.0,0.0,0.0,0.0,0.0,0.0,0.0,0.0,0.0,0.0,0.0,0.0,0.0
817,817,817,JKLF,817,2020-06,2020-06-01,2020,6,5.0,India,ucdp_actor_metadata_fallback,1,0.6931471805599453,False,True,93.0,70.0,4.543294782270004,4.2626798770413155,0.0,0.0,0.0,0.0,0.0,0.0,0.0,0.0,0.0,0.0,0.0,0.0,0.0,0.0,0.0,0.0,0.0,0.0,0.0,0.0,0.0,0.0,0.0,0.0,0.0,0.0,0.0,0.0,0.0,0.0,0.0,0.0,0.0,0.0,0.0,0.0,0.0,0.0,0.0,0.0,0.0,0.0,0.0,0.0,0.0,0.0,0.0,0.0,0.0,0.0,0.0,0.0,0.0
817,817,817,JKLF,817,2020-07,2020-07-01,2020,7,6.0,India,ucdp_actor_metadata_fallback,1,0.6931471805599453,False,True,70.0,52.0,4.2626798770413155,3.970291913552122,0.0,0.0,0.0,0.0,0.0,0.0,0.0,0.0,0.0,0.0,0.0,0.0,0.0,0.0,0.0,0.0,0.0,0.0,0.0,0.0,0.0,0.0,0.0,0.0,0.0,0.0,0.0,0.0,0.0,0.0,0.0,0.0,0.0,0.0,0.0,0.0,0.0,0.0,0.0,0.0,0.0,0.0,0.0,0.0,0.0,0.0,0.0,0.0,0.0,0.0,0.0,0.0,0.0
817,817,817,JKLF,817,2020-08,2020-08-01,2020,8,7.0,India,ucdp_actor_metadata_fallback,1,0.6931471805599453,False,True,52.0,61.0,3.970291913552122,4.127134385045092,0.0,0.0,0.0,0.0,0.0,0.0,0.0,0.0,0.0,0.0,0.0,0.0,0.0,0.0,0.0,0.0,0.0,0.0,0.0,0.0,0.0,0.0,0.0,0.0,0.0,0.0,0.0,0.0,0.0,0.0,0.0,0.0,0.0,0.0,0.0,0.0,0.0,0.0,0.0,0.0,0.0,0.0,0.0,0.0,0.0,0.0,0.0,0.0,0.0,0.0,0.0,0.0,0.0
817,817,817,JKLF,817,2020-09,2020-09-01,2020,9,8.0,India,ucdp_actor_metadata_fallback,1,0.6931471805599453,False,True,61.0,54.0,4.127134385045092,4.007333185232471,0.0,0.0,0.0,0.0,0.0,0.0,0.0,0.0,0.0,0.0,0.0,0.0,0.0,0.0,0.0,0.0,0.0,0.0,0.0,0.0,0.0,0.0,0.0,0.0,0.0,0.0,0.0,0.0,0.0,0.0,0.0,0.0,0.0,0.0,0.0,0.0,0.0,0.0,0.0,0.0,0.0,0.0,0.0,0.0,0.0,0.0,0.0,0.0,0.0,0.0,0.0,0.0,0.0
817,817,817,JKLF,817,2020-10,2020-10-01,2020,10,9.0,India,ucdp_actor_metadata_fallback,1,0.6931471805599453,False,True,54.0,65.0,4.007333185232471,4.189654742026425,0.0,0.0,0.0,0.0,0.0,0.0,0.0,0.0,0.0,0.0,0.0,0.0,0.0,0.0,0.0,0.0,0.0,0.0,0.0,0.0,0.0,0.0,0.0,0.0,0.0,0.0,0.0,0.0,0.0,0.0,0.0,0.0,0.0,0.0,0.0,0.0,0.0,0.0,0.0,0.0,0.0,0.0,0.0,0.0,0.0,0.0,0.0,0.0,0.0,0.0,0.0,0.0,0.0
817,817,817,JKLF,817,2020-11,2020-11-01,2020,11,10.0,India,ucdp_actor_metadata_fallback,1,0.6931471805599453,False,True,65.0,42.0,4.189654742026425,3.7612001156935624,0.0,0.0,0.0,0.0,0.0,0.0,0.0,0.0,0.0,0.0,0.0,0.0,0.0,0.0,0.0,0.0,0.0,0.0,0.0,0.0,0.0,0.0,0.0,0.0,0.0,0.0,0.0,0.0,0.0,0.0,0.0,0.0,0.0,0.0,0.0,0.0,0.0,0.0,0.0,0.0,0.0,0.0,0.0,0.0,0.0,0.0,0.0,0.0,0.0,0.0,0.0,0.0,0.0
817,817,817,JKLF,817,2020-12,2020-12-01,2020,12,11.0,India,ucdp_actor_metadata_fallback,1,0.6931471805599453,False,True,42.0,28.0,3.7612001156935624,3.367295829986474,0.0,0.0,0.0,0.0,0.0,0.0,0.0,0.0,0.0,0.0,0.0,0.0,0.0,0.0,0.0,0.0,0.0,0.0,0.0,0.0,0.0,0.0,0.0,0.0,0.0,0.0,0.0,0.0,0.0,0.0,0.0,0.0,0.0,0.0,0.0,0.0,0.0,0.0,0.0,0.0,0.0,0.0,0.0,0.0,0.0,0.0,0.0,0.0,0.0,0.0,0.0,0.0,0.0
817,817,817,JKLF,817,2021-01,2021-01-01,2021,1,12.0,India,ucdp_actor_metadata_fallback,1,0.6931471805599453,False,True,28.0,23.0,3.367295829986474,3.1780538303479458,0.0,0.0,0.0,0.0,0.0,0.0,0.0,0.0,0.0,0.0,0.0,0.0,0.0,0.0,0.0,0.0,0.0,0.0,0.0,0.0,0.0,0.0,0.0,0.0,0.0,0.0,0.0,0.0,0.0,0.0,0.0,0.0,0.0,0.0,0.0,0.0,0.0,0.0,0.0,0.0,0.0,0.0,0.0,0.0,0.0,0.0,0.0,0.0,0.0,0.0,0.0,0.0,0.0
817,817,817,JKLF,817,2021-02,2021-02-01,2021,2,13.0,India,ucdp_actor_metadata_fallback,1,0.6931471805599453,False,True,23.0,41.0,3.1780538303479458,3.7376696182833684,0.0,0.0,0.0,0.0,0.0,0.0,0.0,0.0,0.0,0.0,0.0,0.0,0.0,0.0,0.0,0.0,0.0,0.0,0.0,0.0,0.0,0.0,0.0,0.0,0.0,0.0,0.0,0.0,0.0,0.0,0.0,0.0,0.0,0.0,0.0,0.0,0.0,0.0,0.0,0.0,0.0,0.0,0.0,0.0,0.0,0.0,0.0,0.0,0.0,0.0,0.0,0.0,0.0
817,817,817,JKLF,817,2021-03,2021-03-01,2021,3,14.0,India,ucdp_actor_metadata_fallback,1,0.6931471805599453,False,True,41.0,59.0,3.7376696182833684,4.0943445622221,1.0,1.0,1.0,1.0,0.0,1.0,1.0,1.0,0.0,0.0,0.0,0.0,0.0,0.0,0.0,0.0,0.0,1.0,0.0,0.0,0.0,0.0,1.0,0.6931471805599453,1.0,0.6931471805599453,1.0,0.6931471805599453,0.0,0.0,0.0,0.0,0.0,0.0,0.0,0.0,0.0,0.0,0.0,0.0,0.0,0.0,0.0,0.0,0.0,0.0,1.0,0.6931471805599453,0.0,0.0,0.0,0.0,0.6931471805599453
817,817,817,JKLF,817,2021-04,2021-04-01,2021,4,15.0,India,ucdp_actor_metadata_fallback,1,0.6931471805599453,False,True,59.0,38.0,4.0943445622221,3.6635616461296463,0.0,0.0,0.0,0.0,0.0,0.0,0.0,0.0,0.0,0.0,0.0,0.0,0.0,0.0,0.0,0.0,0.0,0.0,0.0,0.0,0.0,0.0,0.0,0.0,0.0,0.0,0.0,0.0,0.0,0.0,0.0,0.0,0.0,0.0,0.0,0.0,0.0,0.0,0.0,0.0,0.0,0.0,0.0,0.0,0.0,0.0,0.0,0.0,0.0,0.0,0.0,0.0,0.0
817,817,817,JKLF,817,2021-05,2021-05-01,2021,5,16.0,India,ucdp_actor_metadata_fallback,1,0.6931471805599453,False,True,38.0,42.0,3.6635616461296463,3.7612001156935624,1.0,1.0,1.0,1.0,1.0,1.0,1.0,1.0,1.0,0.0,1.0,0.0,0.0,0.0,0.0,0.0,0.0,0.0,0.0,0.0,1.0,0.6931471805599453,1.0,0.6931471805599453,1.0,0.6931471805599453,1.0,0.6931471805599453,1.0,0.6931471805599453,0.0,0.0,1.0,0.6931471805599453,0.0,0.0,0.0,0.0,0.0,0.0,0.0,0.0,0.0,0.0,0.0,0.0,0.0,0.0,0.0,0.0,0.0,0.0,0.6931471805599453
817,817,817,JKLF,817,2021-06,2021-06-01,2021,6,17.0,India,ucdp_actor_metadata_fallback,1,0.6931471805599453,False,True,42.0,60.0,3.7612001156935624,4.110873864173311,0.0,0.0,0.0,0.0,0.0,0.0,0.0,0.0,0.0,0.0,0.0,0.0,0.0,0.0,0.0,0.0,0.0,0.0,0.0,0.0,0.0,0.0,0.0,0.0,0.0,0.0,0.0,0.0,0.0,0.0,0.0,0.0,0.0,0.0,0.0,0.0,0.0,0.0,0.0,0.0,0.0,0.0,0.0,0.0,0.0,0.0,0.0,0.0,0.0,0.0,0.0,0.0,0.0
817,817,817,JKLF,817,2021-07,2021-07-01,2021,7,18.0,India,ucdp_actor_metadata_fallback,1,0.6931471805599453,False,True,60.0,37.0,4.110873864173311,3.6375861597263857,0.0,0.0,0.0,0.0,0.0,0.0,0.0,0.0,0.0,0.0,0.0,0.0,0.0,0.0,0.0,0.0,0.0,0.0,0.0,0.0,0.0,0.0,0.0,0.0,0.0,0.0,0.0,0.0,0.0,0.0,0.0,0.0,0.0,0.0,0.0,0.0,0.0,0.0,0.0,0.0,0.0,0.0,0.0,0.0,0.0,0.0,0.0,0.0,0.0,0.0,0.0,0.0,0.0
817,817,817,JKLF,817,2021-08,2021-08-01,2021,8,19.0,India,ucdp_actor_metadata_fallback,1,0.6931471805599453,False,True,37.0,14.0,3.6375861597263857,2.70805020110221,0.0,0.0,0.0,0.0,0.0,0.0,0.0,0.0,0.0,0.0,0.0,0.0,0.0,0.0,0.0,0.0,0.0,0.0,0.0,0.0,0.0,0.0,0.0,0.0,0.0,0.0,0.0,0.0,0.0,0.0,0.0,0.0,0.0,0.0,0.0,0.0,0.0,0.0,0.0,0.0,0.0,0.0,0.0,0.0,0.0,0.0,0.0,0.0,0.0,0.0,0.0,0.0,0.0
817,817,817,JKLF,817,2021-09,2021-09-01,2021,9,20.0,India,ucdp_actor_metadata_fallback,1,0.6931471805599453,False,True,14.0,54.0,2.70805020110221,4.007333185232471,1.0,1.0,1.0,1.0,1.0,1.0,1.0,1.0,0.0,0.0,0.0,0.0,1.0,0.0,0.0,0.0,0.0,0.0,0.0,0.0,1.0,0.6931471805599453,1.0,0.6931471805599453,1.0,0.6931471805599453,1.0,0.6931471805599453,0.0,0.0,0.0,0.0,0.0,0.0,0.0,0.0,1.0,0.6931471805599453,0.0,0.0,0.0,0.0,0.0,0.0,0.0,0.0,0.0,0.0,0.0,0.0,0.0,0.0,0.6931471805599453
817,817,817,JKLF,817,2021-10,2021-10-01,2021,10,21.0,India,ucdp_actor_metadata_fallback,1,0.6931471805599453,False,True,54.0,70.0,4.007333185232471,4.2626798770413155,0.0,0.0,0.0,0.0,0.0,0.0,0.0,0.0,0.0,0.0,0.0,0.0,0.0,0.0,0.0,0.0,0.0,0.0,0.0,0.0,0.0,0.0,0.0,0.0,0.0,0.0,0.0,0.0,0.0,0.0,0.0,0.0,0.0,0.0,0.0,0.0,0.0,0.0,0.0,0.0,0.0,0.0,0.0,0.0,0.0,0.0,0.0,0.0,0.0,0.0,0.0,0.0,0.0
817,817,817,JKLF,817,2021-11,2021-11-01,2021,11,22.0,India,ucdp_actor_metadata_fallback,1,0.6931471805599453,False,True,70.0,55.0,4.2626798770413155,4.02535169073515,0.0,0.0,0.0,0.0,0.0,0.0,0.0,0.0,0.0,0.0,0.0,0.0,0.0,0.0,0.0,0.0,0.0,0.0,0.0,0.0,0.0,0.0,0.0,0.0,0.0,0.0,0.0,0.0,0.0,0.0,0.0,0.0,0.0,0.0,0.0,0.0,0.0,0.0,0.0,0.0,0.0,0.0,0.0,0.0,0.0,0.0,0.0,0.0,0.0,0.0,0.0,0.0,0.0
817,817,817,JKLF,817,2021-12,2021-12-01,2021,12,23.0,India,ucdp_actor_metadata_fallback,1,0.6931471805599453,False,True,55.0,43.0,4.02535169073515,3.784189633918261,0.0,0.0,0.0,0.0,0.0,0.0,0.0,0.0,0.0,0.0,0.0,0.0,0.0,0.0,0.0,0.0,0.0,0.0,0.0,0.0,0.0,0.0,0.0,0.0,0.0,0.0,0.0,0.0,0.0,0.0,0.0,0.0,0.0,0.0,0.0,0.0,0.0,0.0,0.0,0.0,0.0,0.0,0.0,0.0,0.0,0.0,0.0,0.0,0.0,0.0,0.0,0.0,0.0
817,817,817,JKLF,817,2022-01,2022-01-01,2022,1,24.0,India,ucdp_actor_metadata_fallback,1,0.6931471805599453,False,True,43.0,24.0,3.784189633918261,3.2188758248682006,0.0,0.0,0.0,0.0,0.0,0.0,0.0,0.0,0.0,0.0,0.0,0.0,0.0,0.0,0.0,0.0,0.0,0.0,0.0,0.0,0.0,0.0,0.0,0.0,0.0,0.0,0.0,0.0,0.0,0.0,0.0,0.0,0.0,0.0,0.0,0.0,0.0,0.0,0.0,0.0,0.0,0.0,0.0,0.0,0.0,0.0,0.0,0.0,0.0,0.0,0.0,0.0,0.0
817,817,817,JKLF,817,2022-02,2022-02-01,2022,2,25.0,India,ucdp_actor_metadata_fallback,1,0.6931471805599453,False,True,24.0,37.0,3.2188758248682006,3.6375861597263857,0.0,0.0,0.0,0.0,0.0,0.0,0.0,0.0,0.0,0.0,0.0,0.0,0.0,0.0,0.0,0.0,0.0,0.0,0.0,0.0,0.0,0.0,0.0,0.0,0.0,0.0,0.0,0.0,0.0,0.0,0.0,0.0,0.0,0.0,0.0,0.0,0.0,0.0,0.0,0.0,0.0,0.0,0.0,0.0,0.0,0.0,0.0,0.0,0.0,0.0,0.0,0.0,0.0
817,817,817,JKLF,817,2022-03,2022-03-01,2022,3,26.0,India,ucdp_actor_metadata_fallback,1,0.6931471805599453,False,True,37.0,39.0,3.6375861597263857,3.6888794541139363,3.0,3.0,3.0,1.0,3.0,3.0,3.0,3.0,2.0,0.0,2.0,0.0,0.0,0.0,0.0,0.0,0.0,1.0,0.0,0.0,1.0,1.3862943611198906,1.0,1.3862943611198906,1.0,1.3862943611198906,1.0,1.3862943611198906,0.6666666666666666,1.0986122886681098,0.0,0.0,0.6666666666666666,1.0986122886681098,0.0,0.0,0.0,0.0,0.0,0.0,0.0,0.0,0.0,0.0,0.0,0.0,0.3333333333333333,0.6931471805599453,0.0,0.0,0.0,0.0,1.3862943611198906
817,817,817,JKLF,817,2022-04,2022-04-01,2022,4,27.0,India,ucdp_actor_metadata_fallback,1,0.6931471805599453,False,True,39.0,49.0,3.6888794541139363,3.912023005428146,0.0,0.0,0.0,0.0,0.0,0.0,0.0,0.0,0.0,0.0,0.0,0.0,0.0,0.0,0.0,0.0,0.0,0.0,0.0,0.0,0.0,0.0,0.0,0.0,0.0,0.0,0.0,0.0,0.0,0.0,0.0,0.0,0.0,0.0,0.0,0.0,0.0,0.0,0.0,0.0,0.0,0.0,0.0,0.0,0.0,0.0,0.0,0.0,0.0,0.0,0.0,0.0,0.0
817,817,817,JKLF,817,2022-05,2022-05-01,2022,5,28.0,India,ucdp_actor_metadata_fallback,1,0.6931471805599453,False,True,49.0,57.0,3.912023005428146,4.060443010546419,3.0,3.0,3.0,1.0,3.0,3.0,3.0,3.0,1.0,0.0,1.0,0.0,0.0,0.0,0.0,0.0,0.0,2.0,0.0,0.0,1.0,1.3862943611198906,1.0,1.3862943611198906,1.0,1.3862943611198906,1.0,1.3862943611198906,0.3333333333333333,0.6931471805599453,0.0,0.0,0.3333333333333333,0.6931471805599453,0.0,0.0,0.0,0.0,0.0,0.0,0.0,0.0,0.0,0.0,0.0,0.0,0.6666666666666666,1.0986122886681098,0.0,0.0,0.0,0.0,1.3862943611198906
817,817,817,JKLF,817,2022-06,2022-06-01,2022,6,29.0,India,ucdp_actor_metadata_fallback,1,0.6931471805599453,False,True,57.0,16.0,4.060443010546419,2.833213344056216,1.0,1.0,1.0,1.0,0.0,1.0,1.0,1.0,1.0,0.0,0.0,0.0,0.0,0.0,0.0,0.0,0.0,1.0,0.0,0.0,0.0,0.0,1.0,0.6931471805599453,1.0,0.6931471805599453,1.0,0.6931471805599453,1.0,0.6931471805599453,0.0,0.0,0.0,0.0,0.0,0.0,0.0,0.0,0.0,0.0,0.0,0.0,0.0,0.0,0.0,0.0,1.0,0.6931471805599453,0.0,0.0,0.0,0.0,0.6931471805599453
817,817,817,JKLF,817,2022-07,2022-07-01,2022,7,30.0,India,ucdp_actor_metadata_fallback,1,0.6931471805599453,False,True,16.0,36.0,2.833213344056216,3.6109179126442243,0.0,0.0,0.0,0.0,0.0,0.0,0.0,0.0,0.0,0.0,0.0,0.0,0.0,0.0,0.0,0.0,0.0,0.0,0.0,0.0,0.0,0.0,0.0,0.0,0.0,0.0,0.0,0.0,0.0,0.0,0.0,0.0,0.0,0.0,0.0,0.0,0.0,0.0,0.0,0.0,0.0,0.0,0.0,0.0,0.0,0.0,0.0,0.0,0.0,0.0,0.0,0.0,0.0
817,817,817,JKLF,817,2022-08,2022-08-01,2022,8,31.0,India,ucdp_actor_metadata_fallback,1,0.6931471805599453,False,True,36.0,21.0,3.6109179126442243,3.091042453358316,1.0,1.0,1.0,1.0,1.0,1.0,1.0,1.0,0.0,0.0,0.0,0.0,0.0,0.0,0.0,0.0,0.0,1.0,0.0,0.0,1.0,0.6931471805599453,1.0,0.6931471805599453,1.0,0.6931471805599453,1.0,0.6931471805599453,0.0,0.0,0.0,0.0,0.0,0.0,0.0,0.0,0.0,0.0,0.0,0.0,0.0,0.0,0.0,0.0,0.0,0.0,1.0,0.6931471805599453,0.0,0.0,0.0,0.0,0.6931471805599453
817,817,817,JKLF,817,2022-09,2022-09-01,2022,9,32.0,India,ucdp_actor_metadata_fallback,1,0.6931471805599453,False,True,21.0,25.0,3.091042453358316,3.258096538021482,0.0,0.0,0.0,0.0,0.0,0.0,0.0,0.0,0.0,0.0,0.0,0.0,0.0,0.0,0.0,0.0,0.0,0.0,0.0,0.0,0.0,0.0,0.0,0.0,0.0,0.0,0.0,0.0,0.0,0.0,0.0,0.0,0.0,0.0,0.0,0.0,0.0,0.0,0.0,0.0,0.0,0.0,0.0,0.0,0.0,0.0,0.0,0.0,0.0,0.0,0.0,0.0,0.0
817,817,817,JKLF,817,2022-10,2022-10-01,2022,10,33.0,India,ucdp_actor_metadata_fallback,1,0.6931471805599453,False,True,25.0,29.0,3.258096538021482,3.4011973816621555,0.0,0.0,0.0,0.0,0.0,0.0,0.0,0.0,0.0,0.0,0.0,0.0,0.0,0.0,0.0,0.0,0.0,0.0,0.0,0.0,0.0,0.0,0.0,0.0,0.0,0.0,0.0,0.0,0.0,0.0,0.0,0.0,0.0,0.0,0.0,0.0,0.0,0.0,0.0,0.0,0.0,0.0,0.0,0.0,0.0,0.0,0.0,0.0,0.0,0.0,0.0,0.0,0.0
817,817,817,JKLF,817,2022-11,2022-11-01,2022,11,34.0,India,ucdp_actor_metadata_fallback,1,0.6931471805599453,False,True,29.0,17.0,3.4011973816621555,2.8903717578961645,1.0,1.0,1.0,1.0,1.0,1.0,1.0,1.0,0.0,0.0,0.0,0.0,0.0,0.0,0.0,0.0,0.0,1.0,0.0,0.0,1.0,0.6931471805599453,1.0,0.6931471805599453,1.0,0.6931471805599453,1.0,0.6931471805599453,0.0,0.0,0.0,0.0,0.0,0.0,0.0,0.0,0.0,0.0,0.0,0.0,0.0,0.0,0.0,0.0,0.0,0.0,1.0,0.6931471805599453,0.0,0.0,0.0,0.0,0.6931471805599453
817,817,817,JKLF,817,2022-12,2022-12-01,2022,12,35.0,India,ucdp_actor_metadata_fallback,1,0.6931471805599453,False,True,17.0,13.0,2.8903717578961645,2.6390573296152584,0.0,0.0,0.0,0.0,0.0,0.0,0.0,0.0,0.0,0.0,0.0,0.0,0.0,0.0,0.0,0.0,0.0,0.0,0.0,0.0,0.0,0.0,0.0,0.0,0.0,0.0,0.0,0.0,0.0,0.0,0.0,0.0,0.0,0.0,0.0,0.0,0.0,0.0,0.0,0.0,0.0,0.0,0.0,0.0,0.0,0.0,0.0,0.0,0.0,0.0,0.0,0.0,0.0
817,817,817,JKLF,817,2023-01,2023-01-01,2023,1,36.0,India,ucdp_actor_metadata_fallback,1,0.6931471805599453,False,True,13.0,23.0,2.6390573296152584,3.1780538303479458,0.0,0.0,0.0,0.0,0.0,0.0,0.0,0.0,0.0,0.0,0.0,0.0,0.0,0.0,0.0,0.0,0.0,0.0,0.0,0.0,0.0,0.0,0.0,0.0,0.0,0.0,0.0,0.0,0.0,0.0,0.0,0.0,0.0,0.0,0.0,0.0,0.0,0.0,0.0,0.0,0.0,0.0,0.0,0.0,0.0,0.0,0.0,0.0,0.0,0.0,0.0,0.0,0.0
817,817,817,JKLF,817,2023-02,2023-02-01,2023,2,37.0,India,ucdp_actor_metadata_fallback,1,0.6931471805599453,False,True,23.0,14.0,3.1780538303479458,2.70805020110221,0.0,0.0,0.0,0.0,0.0,0.0,0.0,0.0,0.0,0.0,0.0,0.0,0.0,0.0,0.0,0.0,0.0,0.0,0.0,0.0,0.0,0.0,0.0,0.0,0.0,0.0,0.0,0.0,0.0,0.0,0.0,0.0,0.0,0.0,0.0,0.0,0.0,0.0,0.0,0.0,0.0,0.0,0.0,0.0,0.0,0.0,0.0,0.0,0.0,0.0,0.0,0.0,0.0
817,817,817,JKLF,817,2023-03,2023-03-01,2023,3,38.0,India,ucdp_actor_metadata_fallback,1,0.6931471805599453,False,True,14.0,34.0,2.70805020110221,3.5553480614894135,2.0,2.0,2.0,1.0,2.0,2.0,1.0,2.0,1.0,0.0,0.0,0.0,0.0,0.0,0.0,1.0,0.0,1.0,0.0,0.0,1.0,1.0986122886681098,1.0,1.0986122886681098,0.5,0.6931471805599453,1.0,1.0986122886681098,0.5,0.6931471805599453,0.0,0.0,0.0,0.0,0.0,0.0,0.0,0.0,0.0,0.0,0.0,0.0,0.5,0.6931471805599453,0.0,0.0,0.5,0.6931471805599453,0.0,0.0,0.0,0.0,1.0986122886681098
817,817,817,JKLF,817,2023-04,2023-04-01,2023,4,39.0,India,ucdp_actor_metadata_fallback,1,0.6931471805599453,False,True,34.0,90.0,3.5553480614894135,4.51085950651685,0.0,0.0,0.0,0.0,0.0,0.0,0.0,0.0,0.0,0.0,0.0,0.0,0.0,0.0,0.0,0.0,0.0,0.0,0.0,0.0,0.0,0.0,0.0,0.0,0.0,0.0,0.0,0.0,0.0,0.0,0.0,0.0,0.0,0.0,0.0,0.0,0.0,0.0,0.0,0.0,0.0,0.0,0.0,0.0,0.0,0.0,0.0,0.0,0.0,0.0,0.0,0.0,0.0
817,817,817,JKLF,817,2023-05,2023-05-01,2023,5,40.0,India,ucdp_actor_metadata_fallback,1,0.6931471805599453,False,True,90.0,35.0,4.51085950651685,3.58351893845611,1.0,1.0,1.0,1.0,1.0,1.0,1.0,1.0,0.0,0.0,0.0,0.0,0.0,0.0,0.0,0.0,0.0,1.0,0.0,0.0,1.0,0.6931471805599453,1.0,0.6931471805599453,1.0,0.6931471805599453,1.0,0.6931471805599453,0.0,0.0,0.0,0.0,0.0,0.0,0.0,0.0,0.0,0.0,0.0,0.0,0.0,0.0,0.0,0.0,0.0,0.0,1.0,0.6931471805599453,0.0,0.0,0.0,0.0,0.6931471805599453
817,817,817,JKLF,817,2023-06,2023-06-01,2023,6,41.0,India,ucdp_actor_metadata_fallback,1,0.6931471805599453,False,True,35.0,46.0,3.58351893845611,3.8501476017100584,2.0,2.0,2.0,1.0,1.0,2.0,1.0,2.0,0.0,0.0,0.0,0.0,0.0,0.0,0.0,0.0,0.0,2.0,0.0,0.0,0.5,0.6931471805599453,1.0,1.0986122886681098,0.5,0.6931471805599453,1.0,1.0986122886681098,0.0,0.0,0.0,0.0,0.0,0.0,0.0,0.0,0.0,0.0,0.0,0.0,0.0,0.0,0.0,0.0,0.0,0.0,1.0,1.0986122886681098,0.0,0.0,0.0,0.0,1.0986122886681098
817,817,817,JKLF,817,2023-07,2023-07-01,2023,7,42.0,India,ucdp_actor_metadata_fallback,1,0.6931471805599453,False,True,46.0,35.0,3.8501476017100584,3.58351893845611,0.0,0.0,0.0,0.0,0.0,0.0,0.0,0.0,0.0,0.0,0.0,0.0,0.0,0.0,0.0,0.0,0.0,0.0,0.0,0.0,0.0,0.0,0.0,0.0,0.0,0.0,0.0,0.0,0.0,0.0,0.0,0.0,0.0,0.0,0.0,0.0,0.0,0.0,0.0,0.0,0.0,0.0,0.0,0.0,0.0,0.0,0.0,0.0,0.0,0.0,0.0,0.0,0.0
817,817,817,JKLF,817,2023-08,2023-08-01,2023,8,43.0,India,ucdp_actor_metadata_fallback,1,0.6931471805599453,False,True,35.0,29.0,3.58351893845611,3.4011973816621555,9.0,9.0,9.0,1.0,3.0,8.0,8.0,8.0,1.0,0.0,0.0,0.0,0.0,0.0,1.0,0.0,0.0,8.0,0.0,0.0,0.3333333333333333,1.3862943611198906,0.8888888888888888,2.1972245773362196,0.8888888888888888,2.1972245773362196,0.8888888888888888,2.1972245773362196,0.1111111111111111,0.6931471805599453,0.0,0.0,0.0,0.0,0.0,0.0,0.0,0.0,0.0,0.0,0.1111111111111111,0.6931471805599453,0.0,0.0,0.0,0.0,0.8888888888888888,2.1972245773362196,0.0,0.0,0.0,0.0,2.302585092994046
817,817,817,JKLF,817,2023-09,2023-09-01,2023,9,44.0,India,ucdp_actor_metadata_fallback,1,0.6931471805599453,False,True,29.0,22.0,3.4011973816621555,3.1354942159291497,0.0,0.0,0.0,0.0,0.0,0.0,0.0,0.0,0.0,0.0,0.0,0.0,0.0,0.0,0.0,0.0,0.0,0.0,0.0,0.0,0.0,0.0,0.0,0.0,0.0,0.0,0.0,0.0,0.0,0.0,0.0,0.0,0.0,0.0,0.0,0.0,0.0,0.0,0.0,0.0,0.0,0.0,0.0,0.0,0.0,0.0,0.0,0.0,0.0,0.0,0.0,0.0,0.0
817,817,817,JKLF,817,2023-10,2023-10-01,2023,10,45.0,India,ucdp_actor_metadata_fallback,1,0.6931471805599453,False,True,22.0,39.0,3.1354942159291497,3.6888794541139363,0.0,0.0,0.0,0.0,0.0,0.0,0.0,0.0,0.0,0.0,0.0,0.0,0.0,0.0,0.0,0.0,0.0,0.0,0.0,0.0,0.0,0.0,0.0,0.0,0.0,0.0,0.0,0.0,0.0,0.0,0.0,0.0,0.0,0.0,0.0,0.0,0.0,0.0,0.0,0.0,0.0,0.0,0.0,0.0,0.0,0.0,0.0,0.0,0.0,0.0,0.0,0.0,0.0
817,817,817,JKLF,817,2023-11,2023-11-01,2023,11,46.0,India,ucdp_actor_metadata_fallback,1,0.6931471805599453,False,True,39.0,26.0,3.6888794541139363,3.295836866004329,0.0,0.0,0.0,0.0,0.0,0.0,0.0,0.0,0.0,0.0,0.0,0.0,0.0,0.0,0.0,0.0,0.0,0.0,0.0,0.0,0.0,0.0,0.0,0.0,0.0,0.0,0.0,0.0,0.0,0.0,0.0,0.0,0.0,0.0,0.0,0.0,0.0,0.0,0.0,0.0,0.0,0.0,0.0,0.0,0.0,0.0,0.0,0.0,0.0,0.0,0.0,0.0,0.0
817,817,817,JKLF,817,2023-12,2023-12-01,2023,12,47.0,India,ucdp_actor_metadata_fallback,1,0.6931471805599453,False,True,26.0,35.0,3.295836866004329,3.58351893845611,0.0,0.0,0.0,0.0,0.0,0.0,0.0,0.0,0.0,0.0,0.0,0.0,0.0,0.0,0.0,0.0,0.0,0.0,0.0,0.0,0.0,0.0,0.0,0.0,0.0,0.0,0.0,0.0,0.0,0.0,0.0,0.0,0.0,0.0,0.0,0.0,0.0,0.0,0.0,0.0,0.0,0.0,0.0,0.0,0.0,0.0,0.0,0.0,0.0,0.0,0.0,0.0,0.0
817,817,817,JKLF,817,2024-01,2024-01-01,2024,1,48.0,India,ucdp_actor_metadata_fallback,1,0.6931471805599453,False,True,35.0,31.0,3.58351893845611,3.4657359027997265,5.0,5.0,5.0,1.0,5.0,5.0,5.0,5.0,3.0,0.0,4.0,0.0,0.0,0.0,0.0,0.0,0.0,1.0,0.0,0.0,1.0,1.791759469228055,1.0,1.791759469228055,1.0,1.791759469228055,1.0,1.791759469228055,0.6,1.3862943611198906,0.0,0.0,0.8,1.6094379124341003,0.0,0.0,0.0,0.0,0.0,0.0,0.0,0.0,0.0,0.0,0.0,0.0,0.2,0.6931471805599453,0.0,0.0,0.0,0.0,1.791759469228055
817,817,817,JKLF,817,2024-02,2024-02-01,2024,2,49.0,India,ucdp_actor_metadata_fallback,1,0.6931471805599453,False,True,31.0,29.0,3.4657359027997265,3.4011973816621555,0.0,0.0,0.0,0.0,0.0,0.0,0.0,0.0,0.0,0.0,0.0,0.0,0.0,0.0,0.0,0.0,0.0,0.0,0.0,0.0,0.0,0.0,0.0,0.0,0.0,0.0,0.0,0.0,0.0,0.0,0.0,0.0,0.0,0.0,0.0,0.0,0.0,0.0,0.0,0.0,0.0,0.0,0.0,0.0,0.0,0.0,0.0,0.0,0.0,0.0,0.0,0.0,0.0
817,817,817,JKLF,817,2024-03,2024-03-01,2024,3,50.0,India,ucdp_actor_metadata_fallback,1,0.6931471805599453,False,True,29.0,84.0,3.4011973816621555,4.442651256490317,1.0,1.0,1.0,1.0,1.0,1.0,1.0,1.0,0.0,0.0,0.0,0.0,0.0,0.0,0.0,0.0,0.0,1.0,0.0,0.0,1.0,0.6931471805599453,1.0,0.6931471805599453,1.0,0.6931471805599453,1.0,0.6931471805599453,0.0,0.0,0.0,0.0,0.0,0.0,0.0,0.0,0.0,0.0,0.0,0.0,0.0,0.0,0.0,0.0,0.0,0.0,1.0,0.6931471805599453,0.0,0.0,0.0,0.0,0.6931471805599453
817,817,817,JKLF,817,2024-04,2024-04-01,2024,4,51.0,India,ucdp_actor_metadata_fallback,1,0.6931471805599453,False,True,84.0,47.0,4.442651256490317,3.871201010907891,0.0,0.0,0.0,0.0,0.0,0.0,0.0,0.0,0.0,0.0,0.0,0.0,0.0,0.0,0.0,0.0,0.0,0.0,0.0,0.0,0.0,0.0,0.0,0.0,0.0,0.0,0.0,0.0,0.0,0.0,0.0,0.0,0.0,0.0,0.0,0.0,0.0,0.0,0.0,0.0,0.0,0.0,0.0,0.0,0.0,0.0,0.0,0.0,0.0,0.0,0.0,0.0,0.0
817,817,817,JKLF,817,2024-05,2024-05-01,2024,5,52.0,India,ucdp_actor_metadata_fallback,1,0.6931471805599453,False,True,47.0,51.0,3.871201010907891,3.9512437185814275,0.0,0.0,0.0,0.0,0.0,0.0,0.0,0.0,0.0,0.0,0.0,0.0,0.0,0.0,0.0,0.0,0.0,0.0,0.0,0.0,0.0,0.0,0.0,0.0,0.0,0.0,0.0,0.0,0.0,0.0,0.0,0.0,0.0,0.0,0.0,0.0,0.0,0.0,0.0,0.0,0.0,0.0,0.0,0.0,0.0,0.0,0.0,0.0,0.0,0.0,0.0,0.0,0.0
817,817,817,JKLF,817,2024-06,2024-06-01,2024,6,53.0,India,ucdp_actor_metadata_fallback,1,0.6931471805599453,False,True,51.0,61.0,3.9512437185814275,4.127134385045092,0.0,0.0,0.0,0.0,0.0,0.0,0.0,0.0,0.0,0.0,0.0,0.0,0.0,0.0,0.0,0.0,0.0,0.0,0.0,0.0,0.0,0.0,0.0,0.0,0.0,0.0,0.0,0.0,0.0,0.0,0.0,0.0,0.0,0.0,0.0,0.0,0.0,0.0,0.0,0.0,0.0,0.0,0.0,0.0,0.0,0.0,0.0,0.0,0.0,0.0,0.0,0.0,0.0
817,817,817,JKLF,817,2024-07,2024-07-01,2024,7,54.0,India,ucdp_actor_metadata_fallback,1,0.6931471805599453,False,True,61.0,22.0,4.127134385045092,3.1354942159291497,0.0,0.0,0.0,0.0,0.0,0.0,0.0,0.0,0.0,0.0,0.0,0.0,0.0,0.0,0.0,0.0,0.0,0.0,0.0,0.0,0.0,0.0,0.0,0.0,0.0,0.0,0.0,0.0,0.0,0.0,0.0,0.0,0.0,0.0,0.0,0.0,0.0,0.0,0.0,0.0,0.0,0.0,0.0,0.0,0.0,0.0,0.0,0.0,0.0,0.0,0.0,0.0,0.0
817,817,817,JKLF,817,2024-08,2024-08-01,2024,8,55.0,India,ucdp_actor_metadata_fallback,1,0.6931471805599453,False,True,22.0,43.0,3.1354942159291497,3.784189633918261,1.0,1.0,1.0,1.0,1.0,1.0,1.0,1.0,0.0,0.0,0.0,0.0,0.0,0.0,0.0,0.0,0.0,1.0,0.0,0.0,1.0,0.6931471805599453,1.0,0.6931471805599453,1.0,0.6931471805599453,1.0,0.6931471805599453,0.0,0.0,0.0,0.0,0.0,0.0,0.0,0.0,0.0,0.0,0.0,0.0,0.0,0.0,0.0,0.0,0.0,0.0,1.0,0.6931471805599453,0.0,0.0,0.0,0.0,0.6931471805599453
817,817,817,JKLF,817,2024-09,2024-09-01,2024,9,56.0,India,ucdp_actor_metadata_fallback,1,0.6931471805599453,False,True,43.0,79.0,3.784189633918261,4.382026634673881,0.0,0.0,0.0,0.0,0.0,0.0,0.0,0.0,0.0,0.0,0.0,0.0,0.0,0.0,0.0,0.0,0.0,0.0,0.0,0.0,0.0,0.0,0.0,0.0,0.0,0.0,0.0,0.0,0.0,0.0,0.0,0.0,0.0,0.0,0.0,0.0,0.0,0.0,0.0,0.0,0.0,0.0,0.0,0.0,0.0,0.0,0.0,0.0,0.0,0.0,0.0,0.0,0.0
817,817,817,JKLF,817,2024-10,2024-10-01,2024,10,57.0,India,ucdp_actor_metadata_fallback,1,0.6931471805599453,False,True,79.0,37.0,4.382026634673881,3.6375861597263857,1.0,1.0,1.0,1.0,1.0,1.0,1.0,1.0,0.0,0.0,0.0,0.0,0.0,0.0,0.0,0.0,0.0,1.0,0.0,0.0,1.0,0.6931471805599453,1.0,0.6931471805599453,1.0,0.6931471805599453,1.0,0.6931471805599453,0.0,0.0,0.0,0.0,0.0,0.0,0.0,0.0,0.0,0.0,0.0,0.0,0.0,0.0,0.0,0.0,0.0,0.0,1.0,0.6931471805599453,0.0,0.0,0.0,0.0,0.6931471805599453
817,817,817,JKLF,817,2024-11,2024-11-01,2024,11,58.0,India,ucdp_actor_metadata_fallback,1,0.6931471805599453,False,True,37.0,33.0,3.6375861597263857,3.5263605246161616,4.0,4.0,4.0,1.0,4.0,4.0,0.0,1.0,0.0,0.0,0.0,0.0,0.0,0.0,0.0,0.0,0.0,1.0,3.0,0.0,1.0,1.6094379124341003,1.0,1.6094379124341003,0.0,0.0,0.25,0.6931471805599453,0.0,0.0,0.0,0.0,0.0,0.0,0.0,0.0,0.0,0.0,0.0,0.0,0.0,0.0,0.0,0.0,0.0,0.0,0.25,0.6931471805599453,0.75,1.3862943611198906,0.0,0.0,1.6094379124341003
817,817,817,JKLF,817,2024-12,2024-12-01,2024,12,59.0,India,ucdp_actor_metadata_fallback,1,0.6931471805599453,False,True,33.0,62.0,3.5263605246161616,4.143134726391533,0.0,0.0,0.0,0.0,0.0,0.0,0.0,0.0,0.0,0.0,0.0,0.0,0.0,0.0,0.0,0.0,0.0,0.0,0.0,0.0,0.0,0.0,0.0,0.0,0.0,0.0,0.0,0.0,0.0,0.0,0.0,0.0,0.0,0.0,0.0,0.0,0.0,0.0,0.0,0.0,0.0,0.0,0.0,0.0,0.0,0.0,0.0,0.0,0.0,0.0,0.0,0.0,0.0
817,817,817,JKLF,817,2025-01,2025-01-01,2025,1,60.0,India,ucdp_actor_metadata_fallback,1,0.6931471805599453,False,True,62.0,69.0,4.143134726391533,4.248495242049359,0.0,0.0,0.0,0.0,0.0,0.0,0.0,0.0,0.0,0.0,0.0,0.0,0.0,0.0,0.0,0.0,0.0,0.0,0.0,0.0,0.0,0.0,0.0,0.0,0.0,0.0,0.0,0.0,0.0,0.0,0.0,0.0,0.0,0.0,0.0,0.0,0.0,0.0,0.0,0.0,0.0,0.0,0.0,0.0,0.0,0.0,0.0,0.0,0.0,0.0,0.0,0.0,0.0
817,817,817,JKLF,817,2025-02,2025-02-01,2025,2,61.0,India,ucdp_actor_metadata_fallback,1,0.6931471805599453,False,True,69.0,67.0,4.248495242049359,4.219507705176107,1.0,1.0,1.0,1.0,1.0,1.0,0.0,1.0,0.0,0.0,0.0,0.0,0.0,0.0,0.0,0.0,0.0,1.0,0.0,0.0,1.0,0.6931471805599453,1.0,0.6931471805599453,0.0,0.0,1.0,0.6931471805599453,0.0,0.0,0.0,0.0,0.0,0.0,0.0,0.0,0.0,0.0,0.0,0.0,0.0,0.0,0.0,0.0,0.0,0.0,1.0,0.6931471805599453,0.0,0.0,0.0,0.0,0.6931471805599453
817,817,817,JKLF,817,2025-03,2025-03-01,2025,3,62.0,India,ucdp_actor_metadata_fallback,1,0.6931471805599453,False,True,67.0,82.0,4.219507705176107,4.418840607796598,0.0,0.0,0.0,0.0,0.0,0.0,0.0,0.0,0.0,0.0,0.0,0.0,0.0,0.0,0.0,0.0,0.0,0.0,0.0,0.0,0.0,0.0,0.0,0.0,0.0,0.0,0.0,0.0,0.0,0.0,0.0,0.0,0.0,0.0,0.0,0.0,0.0,0.0,0.0,0.0,0.0,0.0,0.0,0.0,0.0,0.0,0.0,0.0,0.0,0.0,0.0,0.0,0.0
817,817,817,JKLF,817,2025-04,2025-04-01,2025,4,63.0,India,ucdp_actor_metadata_fallback,1,0.6931471805599453,False,True,82.0,114.0,4.418840607796598,4.74493212836325,0.0,0.0,0.0,0.0,0.0,0.0,0.0,0.0,0.0,0.0,0.0,0.0,0.0,0.0,0.0,0.0,0.0,0.0,0.0,0.0,0.0,0.0,0.0,0.0,0.0,0.0,0.0,0.0,0.0,0.0,0.0,0.0,0.0,0.0,0.0,0.0,0.0,0.0,0.0,0.0,0.0,0.0,0.0,0.0,0.0,0.0,0.0,0.0,0.0,0.0,0.0,0.0,0.0
817,817,817,JKLF,817,2025-05,2025-05-01,2025,5,64.0,India,ucdp_actor_metadata_fallback,1,0.6931471805599453,False,True,114.0,35.0,4.74493212836325,3.58351893845611,0.0,0.0,0.0,0.0,0.0,0.0,0.0,0.0,0.0,0.0,0.0,0.0,0.0,0.0,0.0,0.0,0.0,0.0,0.0,0.0,0.0,0.0,0.0,0.0,0.0,0.0,0.0,0.0,0.0,0.0,0.0,0.0,0.0,0.0,0.0,0.0,0.0,0.0,0.0,0.0,0.0,0.0,0.0,0.0,0.0,0.0,0.0,0.0,0.0,0.0,0.0,0.0,0.0
817,817,817,JKLF,817,2025-06,2025-06-01,2025,6,65.0,India,ucdp_actor_metadata_fallback,1,0.6931471805599453,False,True,35.0,27.0,3.58351893845611,3.332204510175204,0.0,0.0,0.0,0.0,0.0,0.0,0.0,0.0,0.0,0.0,0.0,0.0,0.0,0.0,0.0,0.0,0.0,0.0,0.0,0.0,0.0,0.0,0.0,0.0,0.0,0.0,0.0,0.0,0.0,0.0,0.0,0.0,0.0,0.0,0.0,0.0,0.0,0.0,0.0,0.0,0.0,0.0,0.0,0.0,0.0,0.0,0.0,0.0,0.0,0.0,0.0,0.0,0.0
817,817,817,JKLF,817,2025-07,2025-07-01,2025,7,66.0,India,ucdp_actor_metadata_fallback,1,0.6931471805599453,False,True,27.0,24.0,3.332204510175204,3.2188758248682006,0.0,0.0,0.0,0.0,0.0,0.0,0.0,0.0,0.0,0.0,0.0,0.0,0.0,0.0,0.0,0.0,0.0,0.0,0.0,0.0,0.0,0.0,0.0,0.0,0.0,0.0,0.0,0.0,0.0,0.0,0.0,0.0,0.0,0.0,0.0,0.0,0.0,0.0,0.0,0.0,0.0,0.0,0.0,0.0,0.0,0.0,0.0,0.0,0.0,0.0,0.0,0.0,0.0
817,817,817,JKLF,817,2025-08,2025-08-01,2025,8,67.0,India,ucdp_actor_metadata_fallback,1,0.6931471805599453,False,True,24.0,52.0,3.2188758248682006,3.970291913552122,4.0,4.0,4.0,1.0,2.0,4.0,4.0,4.0,2.0,0.0,1.0,0.0,0.0,0.0,0.0,1.0,0.0,2.0,0.0,0.0,0.5,1.0986122886681098,1.0,1.6094379124341003,1.0,1.6094379124341003,1.0,1.6094379124341003,0.5,1.0986122886681098,0.0,0.0,0.25,0.6931471805599453,0.0,0.0,0.0,0.0,0.0,0.0,0.0,0.0,0.25,0.6931471805599453,0.0,0.0,0.5,1.0986122886681098,0.0,0.0,0.0,0.0,1.6094379124341003
817,817,817,JKLF,817,2025-09,2025-09-01,2025,9,68.0,India,ucdp_actor_metadata_fallback,1,0.6931471805599453,False,True,52.0,15.0,3.970291913552122,2.772588722239781,1.0,1.0,1.0,1.0,0.0,1.0,1.0,1.0,1.0,0.0,0.0,0.0,0.0,0.0,0.0,0.0,0.0,1.0,0.0,0.0,0.0,0.0,1.0,0.6931471805599453,1.0,0.6931471805599453,1.0,0.6931471805599453,1.0,0.6931471805599453,0.0,0.0,0.0,0.0,0.0,0.0,0.0,0.0,0.0,0.0,0.0,0.0,0.0,0.0,0.0,0.0,1.0,0.6931471805599453,0.0,0.0,0.0,0.0,0.6931471805599453
817,817,817,JKLF,817,2025-10,2025-10-01,2025,10,69.0,India,ucdp_actor_metadata_fallback,1,0.6931471805599453,False,True,15.0,41.0,2.772588722239781,3.7376696182833684,0.0,0.0,0.0,0.0,0.0,0.0,0.0,0.0,0.0,0.0,0.0,0.0,0.0,0.0,0.0,0.0,0.0,0.0,0.0,0.0,0.0,0.0,0.0,0.0,0.0,0.0,0.0,0.0,0.0,0.0,0.0,0.0,0.0,0.0,0.0,0.0,0.0,0.0,0.0,0.0,0.0,0.0,0.0,0.0,0.0,0.0,0.0,0.0,0.0,0.0,0.0,0.0,0.0
817,817,817,JKLF,817,2025-11,2025-11-01,2025,11,70.0,India,ucdp_actor_metadata_fallback,1,0.6931471805599453,False,True,41.0,35.0,3.7376696182833684,3.58351893845611,2.0,2.0,2.0,1.0,2.0,2.0,2.0,2.0,1.0,0.0,2.0,0.0,0.0,0.0,0.0,0.0,0.0,0.0,0.0,0.0,1.0,1.0986122886681098,1.0,1.0986122886681098,1.0,1.0986122886681098,1.0,1.0986122886681098,0.5,0.6931471805599453,0.0,0.0,1.0,1.0986122886681098,0.0,0.0,0.0,0.0,0.0,0.0,0.0,0.0,0.0,0.0,0.0,0.0,0.0,0.0,0.0,0.0,0.0,0.0,1.0986122886681098
817,817,817,JKLF,817,2025-12,2025-12-01,2025,12,71.0,India,ucdp_actor_metadata_fallback,1,0.6931471805599453,False,False,35.0,,3.58351893845611,,0.0,0.0,0.0,0.0,0.0,0.0,0.0,0.0,0.0,0.0,0.0,0.0,0.0,0.0,0.0,0.0,0.0,0.0,0.0,0.0,0.0,0.0,0.0,0.0,0.0,0.0,0.0,0.0,0.0,0.0,0.0,0.0,0.0,0.0,0.0,0.0,0.0,0.0,0.0,0.0,0.0,0.0,0.0,0.0,0.0,0.0,0.0,0.0,0.0,0.0,0.0,0.0,0.0
group:janjaweed_family,630,628; 629; 630,Janjaweed family,group:janjaweed_family,2020-01,2020-01-01,2020,1,0.0,Central African Republic; Chad; Sudan,ucdp_actor_metadata_fallback,3,1.3862943611198906,False,True,218.0,88.0,5.389071729816501,4.48863636973214,0.0,0.0,0.0,0.0,0.0,0.0,0.0,0.0,0.0,0.0,0.0,0.0,0.0,0.0,0.0,0.0,0.0,0.0,0.0,0.0,0.0,0.0,0.0,0.0,0.0,0.0,0.0,0.0,0.0,0.0,0.0,0.0,0.0,0.0,0.0,0.0,0.0,0.0,0.0,0.0,0.0,0.0,0.0,0.0,0.0,0.0,0.0,0.0,0.0,0.0,0.0,0.0,0.0
group:janjaweed_family,630,628; 629; 630,Janjaweed family,group:janjaweed_family,2020-02,2020-02-01,2020,2,1.0,Central African Republic; Chad; Sudan,ucdp_actor_metadata_fallback,3,1.3862943611198906,False,True,88.0,117.0,4.48863636973214,4.770684624465665,1.0,1.0,1.0,1.0,0.0,1.0,1.0,1.0,0.0,0.0,0.0,0.0,0.0,0.0,0.0,0.0,0.0,1.0,0.0,0.0,0.0,0.0,1.0,0.6931471805599453,1.0,0.6931471805599453,1.0,0.6931471805599453,0.0,0.0,0.0,0.0,0.0,0.0,0.0,0.0,0.0,0.0,0.0,0.0,0.0,0.0,0.0,0.0,0.0,0.0,1.0,0.6931471805599453,0.0,0.0,0.0,0.0,0.6931471805599453
group:janjaweed_family,630,628; 629; 630,Janjaweed family,group:janjaweed_family,2020-03,2020-03-01,2020,3,2.0,Central African Republic; Chad; Sudan,ucdp_actor_metadata_fallback,3,1.3862943611198906,False,True,117.0,41.0,4.770684624465665,3.7376696182833684,2.0,2.0,2.0,1.0,0.0,2.0,2.0,2.0,0.0,0.0,0.0,0.0,0.0,0.0,0.0,0.0,0.0,2.0,0.0,0.0,0.0,0.0,1.0,1.0986122886681098,1.0,1.0986122886681098,1.0,1.0986122886681098,0.0,0.0,0.0,0.0,0.0,0.0,0.0,0.0,0.0,0.0,0.0,0.0,0.0,0.0,0.0,0.0,0.0,0.0,1.0,1.0986122886681098,0.0,0.0,0.0,0.0,1.0986122886681098
group:janjaweed_family,630,628; 629; 630,Janjaweed family,group:janjaweed_family,2020-04,2020-04-01,2020,4,3.0,Central African Republic; Chad; Sudan,ucdp_actor_metadata_fallback,3,1.3862943611198906,False,True,41.0,195.0,3.7376696182833684,5.278114659230517,1.0,1.0,1.0,1.0,1.0,1.0,1.0,1.0,0.0,0.0,0.0,0.0,0.0,0.0,0.0,0.0,0.0,1.0,0.0,0.0,1.0,0.6931471805599453,1.0,0.6931471805599453,1.0,0.6931471805599453,1.0,0.6931471805599453,0.0,0.0,0.0,0.0,0.0,0.0,0.0,0.0,0.0,0.0,0.0,0.0,0.0,0.0,0.0,0.0,0.0,0.0,1.0,0.6931471805599453,0.0,0.0,0.0,0.0,0.6931471805599453
group:janjaweed_family,630,628; 629; 630,Janjaweed family,group:janjaweed_family,2020-05,2020-05-01,2020,5,4.0,Central African Republic; Chad; Sudan,ucdp_actor_metadata_fallback,3,1.3862943611198906,False,True,195.0,47.0,5.278114659230517,3.871201010907891,0.0,0.0,0.0,0.0,0.0,0.0,0.0,0.0,0.0,0.0,0.0,0.0,0.0,0.0,0.0,0.0,0.0,0.0,0.0,0.0,0.0,0.0,0.0,0.0,0.0,0.0,0.0,0.0,0.0,0.0,0.0,0.0,0.0,0.0,0.0,0.0,0.0,0.0,0.0,0.0,0.0,0.0,0.0,0.0,0.0,0.0,0.0,0.0,0.0,0.0,0.0,0.0,0.0
group:janjaweed_family,630,628; 629; 630,Janjaweed family,group:janjaweed_family,2020-06,2020-06-01,2020,6,5.0,Central African Republic; Chad; Sudan,ucdp_actor_metadata_fallback,3,1.3862943611198906,False,True,47.0,211.0,3.871201010907891,5.356586274672012,3.0,3.0,3.0,1.0,2.0,2.0,2.0,2.0,0.0,0.0,1.0,0.0,0.0,0.0,1.0,0.0,0.0,1.0,0.0,0.0,0.6666666666666666,1.0986122886681098,0.6666666666666666,1.0986122886681098,0.6666666666666666,1.0986122886681098,0.6666666666666666,1.0986122886681098,0.0,0.0,0.0,0.0,0.3333333333333333,0.6931471805599453,0.0,0.0,0.0,0.0,0.0,0.0,0.3333333333333333,0.6931471805599453,0.0,0.0,0.0,0.0,0.3333333333333333,0.6931471805599453,0.0,0.0,0.0,0.0,1.3862943611198906
group:janjaweed_family,630,628; 629; 630,Janjaweed family,group:janjaweed_family,2020-07,2020-07-01,2020,7,6.0,Central African Republic; Chad; Sudan,ucdp_actor_metadata_fallback,3,1.3862943611198906,False,True,211.0,52.0,5.356586274672012,3.970291913552122,2.0,2.0,2.0,1.0,2.0,2.0,1.0,1.0,1.0,0.0,0.0,0.0,0.0,0.0,0.0,0.0,0.0,1.0,1.0,0.0,1.0,1.0986122886681098,1.0,1.0986122886681098,0.5,0.6931471805599453,0.5,0.6931471805599453,0.5,0.6931471805599453,0.0,0.0,0.0,0.0,0.0,0.0,0.0,0.0,0.0,0.0,0.0,0.0,0.0,0.0,0.0,0.0,0.5,0.6931471805599453,0.5,0.6931471805599453,0.0,0.0,1.0986122886681098
group:janjaweed_family,630,628; 629; 630,Janjaweed family,group:janjaweed_family,2020-08,2020-08-01,2020,8,7.0,Central African Republic; Chad; Sudan,ucdp_actor_metadata_fallback,3,1.3862943611198906,False,True,52.0,43.0,3.970291913552122,3.784189633918261,1.0,1.0,1.0,1.0,1.0,1.0,1.0,1.0,0.0,0.0,0.0,0.0,0.0,0.0,0.0,0.0,0.0,1.0,0.0,0.0,1.0,0.6931471805599453,1.0,0.6931471805599453,1.0,0.6931471805599453,1.0,0.6931471805599453,0.0,0.0,0.0,0.0,0.0,0.0,0.0,0.0,0.0,0.0,0.0,0.0,0.0,0.0,0.0,0.0,0.0,0.0,1.0,0.6931471805599453,0.0,0.0,0.0,0.0,0.6931471805599453
group:janjaweed_family,630,628; 629; 630,Janjaweed family,group:janjaweed_family,2020-09,2020-09-01,2020,9,8.0,Central African Republic; Chad; Sudan,ucdp_actor_metadata_fallback,3,1.3862943611198906,False,True,43.0,43.0,3.784189633918261,3.784189633918261,2.0,2.0,2.0,1.0,2.0,2.0,1.0,2.0,1.0,0.0,1.0,0.0,0.0,0.0,0.0,0.0,0.0,1.0,0.0,0.0,1.0,1.0986122886681098,1.0,1.0986122886681098,0.5,0.6931471805599453,1.0,1.0986122886681098,0.5,0.6931471805599453,0.0,0.0,0.5,0.6931471805599453,0.0,0.0,0.0,0.0,0.0,0.0,0.0,0.0,0.0,0.0,0.0,0.0,0.5,0.6931471805599453,0.0,0.0,0.0,0.0,1.0986122886681098
group:janjaweed_family,630,628; 629; 630,Janjaweed family,group:janjaweed_family,2020-10,2020-10-01,2020,10,9.0,Central African Republic; Chad; Sudan,ucdp_actor_metadata_fallback,3,1.3862943611198906,False,True,43.0,22.0,3.784189633918261,3.1354942159291497,1.0,1.0,1.0,1.0,0.0,0.0,0.0,1.0,0.0,0.0,0.0,0.0,0.0,0.0,1.0,0.0,0.0,0.0,0.0,0.0,0.0,0.0,0.0,0.0,0.0,0.0,1.0,0.6931471805599453,0.0,0.0,0.0,0.0,0.0,0.0,0.0,0.0,0.0,0.0,0.0,0.0,1.0,0.6931471805599453,0.0,0.0,0.0,0.0,0.0,0.0,0.0,0.0,0.0,0.0,0.6931471805599453
group:janjaweed_family,630,628; 629; 630,Janjaweed family,group:janjaweed_family,2020-11,2020-11-01,2020,11,10.0,Central African Republic; Chad; Sudan,ucdp_actor_metadata_fallback,3,1.3862943611198906,False,True,22.0,98.0,3.1354942159291497,4.59511985013459,3.0,3.0,3.0,1.0,2.0,2.0,0.0,2.0,0.0,0.0,0.0,0.0,0.0,0.0,1.0,0.0,0.0,2.0,0.0,0.0,0.6666666666666666,1.0986122886681098,0.6666666666666666,1.0986122886681098,0.0,0.0,0.6666666666666666,1.0986122886681098,0.0,0.0,0.0,0.0,0.0,0.0,0.0,0.0,0.0,0.0,0.0,0.0,0.3333333333333333,0.6931471805599453,0.0,0.0,0.0,0.0,0.6666666666666666,1.0986122886681098,0.0,0.0,0.0,0.0,1.3862943611198906
group:janjaweed_family,630,628; 629; 630,Janjaweed family,group:janjaweed_family,2020-12,2020-12-01,2020,12,11.0,Central African Republic; Chad; Sudan,ucdp_actor_metadata_fallback,3,1.3862943611198906,False,True,98.0,443.0,4.59511985013459,6.095824562432225,4.0,4.0,4.0,1.0,4.0,4.0,3.0,4.0,1.0,0.0,2.0,0.0,0.0,0.0,0.0,0.0,0.0,1.0,1.0,0.0,1.0,1.6094379124341003,1.0,1.6094379124341003,0.75,1.3862943611198906,1.0,1.6094379124341003,0.25,0.6931471805599453,0.0,0.0,0.5,1.0986122886681098,0.0,0.0,0.0,0.0,0.0,0.0,0.0,0.0,0.0,0.0,0.0,0.0,0.25,0.6931471805599453,0.25,0.6931471805599453,0.0,0.0,1.6094379124341003
group:janjaweed_family,630,628; 629; 630,Janjaweed family,group:janjaweed_family,2021-01,2021-01-01,2021,1,12.0,Central African Republic; Chad; Sudan,ucdp_actor_metadata_fallback,3,1.3862943611198906,False,True,443.0,43.0,6.095824562432225,3.784189633918261,3.0,3.0,3.0,1.0,2.0,3.0,2.0,3.0,3.0,0.0,1.0,1.0,0.0,0.0,0.0,0.0,0.0,0.0,1.0,0.0,0.6666666666666666,1.0986122886681098,1.0,1.3862943611198906,0.6666666666666666,1.0986122886681098,1.0,1.3862943611198906,1.0,1.3862943611198906,0.0,0.0,0.3333333333333333,0.6931471805599453,0.3333333333333333,0.6931471805599453,0.0,0.0,0.0,0.0,0.0,0.0,0.0,0.0,0.0,0.0,0.0,0.0,0.3333333333333333,0.6931471805599453,0.0,0.0,1.3862943611198906
group:janjaweed_family,630,628; 629; 630,Janjaweed family,group:janjaweed_family,2021-02,2021-02-01,2021,2,13.0,Central African Republic; Chad; Sudan,ucdp_actor_metadata_fallback,3,1.3862943611198906,False,True,43.0,28.0,3.784189633918261,3.367295829986474,1.0,1.0,1.0,1.0,1.0,1.0,1.0,1.0,1.0,0.0,1.0,0.0,0.0,0.0,0.0,0.0,0.0,0.0,0.0,0.0,1.0,0.6931471805599453,1.0,0.6931471805599453,1.0,0.6931471805599453,1.0,0.6931471805599453,1.0,0.6931471805599453,0.0,0.0,1.0,0.6931471805599453,0.0,0.0,0.0,0.0,0.0,0.0,0.0,0.0,0.0,0.0,0.0,0.0,0.0,0.0,0.0,0.0,0.0,0.0,0.6931471805599453
group:janjaweed_family,630,628; 629; 630,Janjaweed family,group:janjaweed_family,2021-03,2021-03-01,2021,3,14.0,Central African Republic; Chad; Sudan,ucdp_actor_metadata_fallback,3,1.3862943611198906,False,True,28.0,853.0,3.367295829986474,6.74993119378857,2.0,2.0,2.0,1.0,1.0,2.0,2.0,2.0,0.0,0.0,0.0,1.0,0.0,0.0,0.0,0.0,0.0,1.0,0.0,0.0,0.5,0.6931471805599453,1.0,1.0986122886681098,1.0,1.0986122886681098,1.0,1.0986122886681098,0.0,0.0,0.0,0.0,0.0,0.0,0.5,0.6931471805599453,0.0,0.0,0.0,0.0,0.0,0.0,0.0,0.0,0.0,0.0,0.5,0.6931471805599453,0.0,0.0,0.0,0.0,1.0986122886681098
group:janjaweed_family,630,628; 629; 630,Janjaweed family,group:janjaweed_family,2021-04,2021-04-01,2021,4,15.0,Central African Republic; Chad; Sudan,ucdp_actor_metadata_fallback,3,1.3862943611198906,False,True,853.0,92.0,6.74993119378857,4.532599493153256,5.0,5.0,5.0,1.0,5.0,5.0,5.0,5.0,2.0,0.0,4.0,1.0,0.0,0.0,0.0,0.0,0.0,0.0,0.0,0.0,1.0,1.791759469228055,1.0,1.791759469228055,1.0,1.791759469228055,1.0,1.791759469228055,0.4,1.0986122886681098,0.0,0.0,0.8,1.6094379124341003,0.2,0.6931471805599453,0.0,0.0,0.0,0.0,0.0,0.0,0.0,0.0,0.0,0.0,0.0,0.0,0.0,0.0,0.0,0.0,1.791759469228055
group:janjaweed_family,630,628; 629; 630,Janjaweed family,group:janjaweed_family,2021-05,2021-05-01,2021,5,16.0,Central African Republic; Chad; Sudan,ucdp_actor_metadata_fallback,3,1.3862943611198906,False,True,92.0,117.0,4.532599493153256,4.770684624465665,2.0,2.0,2.0,1.0,2.0,2.0,1.0,2.0,1.0,0.0,1.0,1.0,0.0,0.0,0.0,0.0,0.0,0.0,0.0,0.0,1.0,1.0986122886681098,1.0,1.0986122886681098,0.5,0.6931471805599453,1.0,1.0986122886681098,0.5,0.6931471805599453,0.0,0.0,0.5,0.6931471805599453,0.5,0.6931471805599453,0.0,0.0,0.0,0.0,0.0,0.0,0.0,0.0,0.0,0.0,0.0,0.0,0.0,0.0,0.0,0.0,1.0986122886681098
group:janjaweed_family,630,628; 629; 630,Janjaweed family,group:janjaweed_family,2021-06,2021-06-01,2021,6,17.0,Central African Republic; Chad; Sudan,ucdp_actor_metadata_fallback,3,1.3862943611198906,False,True,117.0,76.0,4.770684624465665,4.343805421853684,2.0,2.0,2.0,1.0,1.0,2.0,2.0,2.0,0.0,0.0,0.0,0.0,0.0,0.0,0.0,0.0,0.0,2.0,0.0,0.0,0.5,0.6931471805599453,1.0,1.0986122886681098,1.0,1.0986122886681098,1.0,1.0986122886681098,0.0,0.0,0.0,0.0,0.0,0.0,0.0,0.0,0.0,0.0,0.0,0.0,0.0,0.0,0.0,0.0,0.0,0.0,1.0,1.0986122886681098,0.0,0.0,0.0,0.0,1.0986122886681098
group:janjaweed_family,630,628; 629; 630,Janjaweed family,group:janjaweed_family,2021-07,2021-07-01,2021,7,18.0,Central African Republic; Chad; Sudan,ucdp_actor_metadata_fallback,3,1.3862943611198906,False,True,76.0,89.0,4.343805421853684,4.499809670330265,2.0,2.0,2.0,1.0,2.0,2.0,2.0,2.0,1.0,1.0,0.0,1.0,0.0,0.0,0.0,0.0,0.0,0.0,0.0,0.0,1.0,1.0986122886681098,1.0,1.0986122886681098,1.0,1.0986122886681098,1.0,1.0986122886681098,0.5,0.6931471805599453,0.5,0.6931471805599453,0.0,0.0,0.5,0.6931471805599453,0.0,0.0,0.0,0.0,0.0,0.0,0.0,0.0,0.0,0.0,0.0,0.0,0.0,0.0,0.0,0.0,1.0986122886681098
group:janjaweed_family,630,628; 629; 630,Janjaweed family,group:janjaweed_family,2021-08,2021-08-01,2021,8,19.0,Sudan,ged_rolling_24m,1,0.6931471805599453,False,True,20.0,3.0,3.044522437723423,1.3862943611198906,1.0,1.0,1.0,1.0,1.0,1.0,1.0,1.0,0.0,0.0,1.0,0.0,0.0,0.0,0.0,0.0,0.0,0.0,0.0,0.0,1.0,0.6931471805599453,1.0,0.6931471805599453,1.0,0.6931471805599453,1.0,0.6931471805599453,0.0,0.0,0.0,0.0,1.0,0.6931471805599453,0.0,0.0,0.0,0.0,0.0,0.0,0.0,0.0,0.0,0.0,0.0,0.0,0.0,0.0,0.0,0.0,0.0,0.0,0.6931471805599453
group:janjaweed_family,630,628; 629; 630,Janjaweed family,group:janjaweed_family,2021-09,2021-09-01,2021,9,20.0,Sudan,ged_rolling_24m,1,0.6931471805599453,False,True,3.0,17.0,1.3862943611198906,2.8903717578961645,1.0,1.0,1.0,1.0,0.0,1.0,0.0,0.0,0.0,0.0,0.0,0.0,0.0,0.0,0.0,0.0,0.0,1.0,0.0,0.0,0.0,0.0,1.0,0.6931471805599453,0.0,0.0,0.0,0.0,0.0,0.0,0.0,0.0,0.0,0.0,0.0,0.0,0.0,0.0,0.0,0.0,0.0,0.0,0.0,0.0,0.0,0.0,1.0,0.6931471805599453,0.0,0.0,0.0,0.0,0.6931471805599453
group:janjaweed_family,630,628; 629; 630,Janjaweed family,group:janjaweed_family,2021-10,2021-10-01,2021,10,21.0,Sudan,ged_rolling_24m,1,0.6931471805599453,False,True,17.0,90.0,2.8903717578961645,4.51085950651685,1.0,1.0,1.0,1.0,1.0,1.0,1.0,1.0,1.0,0.0,1.0,0.0,0.0,0.0,0.0,0.0,0.0,0.0,0.0,0.0,1.0,0.6931471805599453,1.0,0.6931471805599453,1.0,0.6931471805599453,1.0,0.6931471805599453,1.0,0.6931471805599453,0.0,0.0,1.0,0.6931471805599453,0.0,0.0,0.0,0.0,0.0,0.0,0.0,0.0,0.0,0.0,0.0,0.0,0.0,0.0,0.0,0.0,0.0,0.0,0.6931471805599453
group:janjaweed_family,630,628; 629; 630,Janjaweed family,group:janjaweed_family,2021-11,2021-11-01,2021,11,22.0,Sudan,ged_rolling_24m,1,0.6931471805599453,False,True,90.0,162.0,4.51085950651685,5.093750200806762,2.0,2.0,2.0,1.0,2.0,2.0,2.0,2.0,1.0,0.0,2.0,0.0,0.0,0.0,0.0,0.0,0.0,0.0,0.0,0.0,1.0,1.0986122886681098,1.0,1.0986122886681098,1.0,1.0986122886681098,1.0,1.0986122886681098,0.5,0.6931471805599453,0.0,0.0,1.0,1.0986122886681098,0.0,0.0,0.0,0.0,0.0,0.0,0.0,0.0,0.0,0.0,0.0,0.0,0.0,0.0,0.0,0.0,0.0,0.0,1.0986122886681098
group:janjaweed_family,630,628; 629; 630,Janjaweed family,group:janjaweed_family,2021-12,2021-12-01,2021,12,23.0,Sudan,ged_rolling_24m,1,0.6931471805599453,False,True,162.0,45.0,5.093750200806762,3.828641396489095,4.0,4.0,4.0,1.0,2.0,2.0,3.0,3.0,0.0,0.0,2.0,0.0,0.0,0.0,2.0,0.0,0.0,0.0,0.0,0.0,0.5,1.0986122886681098,0.5,1.0986122886681098,0.75,1.3862943611198906,0.75,1.3862943611198906,0.0,0.0,0.0,0.0,0.5,1.0986122886681098,0.0,0.0,0.0,0.0,0.0,0.0,0.5,1.0986122886681098,0.0,0.0,0.0,0.0,0.0,0.0,0.0,0.0,0.0,0.0,1.6094379124341003
group:janjaweed_family,630,628; 629; 630,Janjaweed family,group:janjaweed_family,2022-01,2022-01-01,2022,1,24.0,Sudan,ged_rolling_24m,1,0.6931471805599453,False,True,45.0,41.0,3.828641396489095,3.7376696182833684,0.0,0.0,0.0,0.0,0.0,0.0,0.0,0.0,0.0,0.0,0.0,0.0,0.0,0.0,0.0,0.0,0.0,0.0,0.0,0.0,0.0,0.0,0.0,0.0,0.0,0.0,0.0,0.0,0.0,0.0,0.0,0.0,0.0,0.0,0.0,0.0,0.0,0.0,0.0,0.0,0.0,0.0,0.0,0.0,0.0,0.0,0.0,0.0,0.0,0.0,0.0,0.0,0.0
group:janjaweed_family,630,628; 629; 630,Janjaweed family,group:janjaweed_family,2022-02,2022-02-01,2022,2,25.0,Sudan,ged_rolling_24m,1,0.6931471805599453,False,True,41.0,195.0,3.7376696182833684,5.278114659230517,1.0,1.0,1.0,1.0,1.0,1.0,1.0,1.0,1.0,0.0,1.0,0.0,0.0,0.0,0.0,0.0,0.0,0.0,0.0,0.0,1.0,0.6931471805599453,1.0,0.6931471805599453,1.0,0.6931471805599453,1.0,0.6931471805599453,1.0,0.6931471805599453,0.0,0.0,1.0,0.6931471805599453,0.0,0.0,0.0,0.0,0.0,0.0,0.0,0.0,0.0,0.0,0.0,0.0,0.0,0.0,0.0,0.0,0.0,0.0,0.6931471805599453
group:janjaweed_family,630,628; 629; 630,Janjaweed family,group:janjaweed_family,2022-03,2022-03-01,2022,3,26.0,Sudan,ged_rolling_24m,1,0.6931471805599453,False,True,195.0,251.0,5.278114659230517,5.529429087511423,1.0,1.0,1.0,1.0,1.0,1.0,1.0,1.0,1.0,0.0,1.0,0.0,0.0,0.0,0.0,0.0,0.0,0.0,0.0,0.0,1.0,0.6931471805599453,1.0,0.6931471805599453,1.0,0.6931471805599453,1.0,0.6931471805599453,1.0,0.6931471805599453,0.0,0.0,1.0,0.6931471805599453,0.0,0.0,0.0,0.0,0.0,0.0,0.0,0.0,0.0,0.0,0.0,0.0,0.0,0.0,0.0,0.0,0.0,0.0,0.6931471805599453
group:janjaweed_family,630,628; 629; 630,Janjaweed family,group:janjaweed_family,2022-04,2022-04-01,2022,4,27.0,Sudan,ged_rolling_24m,1,0.6931471805599453,False,True,251.0,20.0,5.529429087511423,3.044522437723423,16.0,16.0,16.0,1.0,15.0,15.0,14.0,16.0,7.0,0.0,7.0,1.0,1.0,0.0,1.0,0.0,0.0,6.0,0.0,0.0,0.9375,2.772588722239781,0.9375,2.772588722239781,0.875,2.70805020110221,1.0,2.833213344056216,0.4375,2.0794415416798357,0.0,0.0,0.4375,2.0794415416798357,0.0625,0.6931471805599453,0.0625,0.6931471805599453,0.0,0.0,0.0625,0.6931471805599453,0.0,0.0,0.0,0.0,0.375,1.9459101490553132,0.0,0.0,0.0,0.0,2.833213344056216
group:janjaweed_family,630,628; 629; 630,Janjaweed family,group:janjaweed_family,2022-05,2022-05-01,2022,5,28.0,Sudan,ged_rolling_24m,1,0.6931471805599453,False,True,20.0,207.0,3.044522437723423,5.337538079701318,1.0,1.0,1.0,1.0,1.0,1.0,1.0,1.0,0.0,0.0,0.0,0.0,0.0,0.0,0.0,0.0,0.0,1.0,0.0,0.0,1.0,0.6931471805599453,1.0,0.6931471805599453,1.0,0.6931471805599453,1.0,0.6931471805599453,0.0,0.0,0.0,0.0,0.0,0.0,0.0,0.0,0.0,0.0,0.0,0.0,0.0,0.0,0.0,0.0,0.0,0.0,1.0,0.6931471805599453,0.0,0.0,0.0,0.0,0.6931471805599453
group:janjaweed_family,630,628; 629; 630,Janjaweed family,group:janjaweed_family,2022-06,2022-06-01,2022,6,29.0,Sudan,ged_rolling_24m,1,0.6931471805599453,False,True,207.0,127.0,5.337538079701318,4.852030263919617,2.0,2.0,2.0,1.0,0.0,2.0,0.0,1.0,1.0,0.0,0.0,0.0,0.0,0.0,0.0,0.0,0.0,2.0,0.0,0.0,0.0,0.0,1.0,1.0986122886681098,0.0,0.0,0.5,0.6931471805599453,0.5,0.6931471805599453,0.0,0.0,0.0,0.0,0.0,0.0,0.0,0.0,0.0,0.0,0.0,0.0,0.0,0.0,0.0,0.0,1.0,1.0986122886681098,0.0,0.0,0.0,0.0,1.0986122886681098
group:janjaweed_family,630,628; 629; 630,Janjaweed family,group:janjaweed_family,2022-07,2022-07-01,2022,7,30.0,Sudan,ged_rolling_24m,1,0.6931471805599453,False,True,127.0,21.0,4.852030263919617,3.091042453358316,0.0,0.0,0.0,0.0,0.0,0.0,0.0,0.0,0.0,0.0,0.0,0.0,0.0,0.0,0.0,0.0,0.0,0.0,0.0,0.0,0.0,0.0,0.0,0.0,0.0,0.0,0.0,0.0,0.0,0.0,0.0,0.0,0.0,0.0,0.0,0.0,0.0,0.0,0.0,0.0,0.0,0.0,0.0,0.0,0.0,0.0,0.0,0.0,0.0,0.0,0.0,0.0,0.0
group:janjaweed_family,630,628; 629; 630,Janjaweed family,group:janjaweed_family,2022-08,2022-08-01,2022,8,31.0,Sudan,ged_rolling_24m,1,0.6931471805599453,False,True,21.0,85.0,3.091042453358316,4.454347296253507,2.0,2.0,2.0,1.0,1.0,2.0,2.0,2.0,0.0,0.0,0.0,0.0,0.0,0.0,0.0,0.0,0.0,2.0,0.0,0.0,0.5,0.6931471805599453,1.0,1.0986122886681098,1.0,1.0986122886681098,1.0,1.0986122886681098,0.0,0.0,0.0,0.0,0.0,0.0,0.0,0.0,0.0,0.0,0.0,0.0,0.0,0.0,0.0,0.0,0.0,0.0,1.0,1.0986122886681098,0.0,0.0,0.0,0.0,1.0986122886681098
group:janjaweed_family,630,628; 629; 630,Janjaweed family,group:janjaweed_family,2022-09,2022-09-01,2022,9,32.0,Sudan,ged_rolling_24m,1,0.6931471805599453,False,True,85.0,296.0,4.454347296253507,5.6937321388027,0.0,0.0,0.0,0.0,0.0,0.0,0.0,0.0,0.0,0.0,0.0,0.0,0.0,0.0,0.0,0.0,0.0,0.0,0.0,0.0,0.0,0.0,0.0,0.0,0.0,0.0,0.0,0.0,0.0,0.0,0.0,0.0,0.0,0.0,0.0,0.0,0.0,0.0,0.0,0.0,0.0,0.0,0.0,0.0,0.0,0.0,0.0,0.0,0.0,0.0,0.0,0.0,0.0
group:janjaweed_family,630,628; 629; 630,Janjaweed family,group:janjaweed_family,2022-10,2022-10-01,2022,10,33.0,Sudan,ged_rolling_24m,1,0.6931471805599453,False,True,296.0,81.0,5.6937321388027,4.406719247264253,0.0,0.0,0.0,0.0,0.0,0.0,0.0,0.0,0.0,0.0,0.0,0.0,0.0,0.0,0.0,0.0,0.0,0.0,0.0,0.0,0.0,0.0,0.0,0.0,0.0,0.0,0.0,0.0,0.0,0.0,0.0,0.0,0.0,0.0,0.0,0.0,0.0,0.0,0.0,0.0,0.0,0.0,0.0,0.0,0.0,0.0,0.0,0.0,0.0,0.0,0.0,0.0,0.0
group:janjaweed_family,630,628; 629; 630,Janjaweed family,group:janjaweed_family,2022-11,2022-11-01,2022,11,34.0,Sudan,ged_rolling_24m,1,0.6931471805599453,False,True,81.0,38.0,4.406719247264253,3.6635616461296463,1.0,1.0,1.0,1.0,0.0,1.0,1.0,1.0,0.0,0.0,0.0,1.0,0.0,0.0,0.0,0.0,0.0,0.0,0.0,0.0,0.0,0.0,1.0,0.6931471805599453,1.0,0.6931471805599453,1.0,0.6931471805599453,0.0,0.0,0.0,0.0,0.0,0.0,1.0,0.6931471805599453,0.0,0.0,0.0,0.0,0.0,0.0,0.0,0.0,0.0,0.0,0.0,0.0,0.0,0.0,0.0,0.0,0.6931471805599453
group:janjaweed_family,630,628; 629; 630,Janjaweed family,group:janjaweed_family,2022-12,2022-12-01,2022,12,35.0,Sudan,ged_rolling_24m,1,0.6931471805599453,False,True,38.0,0.0,3.6635616461296463,0.0,1.0,1.0,1.0,1.0,0.0,1.0,0.0,1.0,0.0,0.0,0.0,0.0,0.0,0.0,0.0,0.0,0.0,1.0,0.0,0.0,0.0,0.0,1.0,0.6931471805599453,0.0,0.0,1.0,0.6931471805599453,0.0,0.0,0.0,0.0,0.0,0.0,0.0,0.0,0.0,0.0,0.0,0.0,0.0,0.0,0.0,0.0,0.0,0.0,1.0,0.6931471805599453,0.0,0.0,0.0,0.0,0.6931471805599453
group:janjaweed_family,630,628; 629; 630,Janjaweed family,group:janjaweed_family,2023-01,2023-01-01,2023,1,36.0,Sudan,ged_rolling_24m,1,0.6931471805599453,False,True,0.0,29.0,0.0,3.4011973816621555,1.0,1.0,1.0,1.0,1.0,1.0,1.0,1.0,0.0,0.0,0.0,0.0,0.0,0.0,0.0,0.0,0.0,1.0,0.0,0.0,1.0,0.6931471805599453,1.0,0.6931471805599453,1.0,0.6931471805599453,1.0,0.6931471805599453,0.0,0.0,0.0,0.0,0.0,0.0,0.0,0.0,0.0,0.0,0.0,0.0,0.0,0.0,0.0,0.0,0.0,0.0,1.0,0.6931471805599453,0.0,0.0,0.0,0.0,0.6931471805599453
group:janjaweed_family,630,628; 629; 630,Janjaweed family,group:janjaweed_family,2023-02,2023-02-01,2023,2,37.0,Sudan,ged_rolling_24m,1,0.6931471805599453,False,True,29.0,0.0,3.4011973816621555,0.0,0.0,0.0,0.0,0.0,0.0,0.0,0.0,0.0,0.0,0.0,0.0,0.0,0.0,0.0,0.0,0.0,0.0,0.0,0.0,0.0,0.0,0.0,0.0,0.0,0.0,0.0,0.0,0.0,0.0,0.0,0.0,0.0,0.0,0.0,0.0,0.0,0.0,0.0,0.0,0.0,0.0,0.0,0.0,0.0,0.0,0.0,0.0,0.0,0.0,0.0,0.0,0.0,0.0
group:janjaweed_family,630,628; 629; 630,Janjaweed family,group:janjaweed_family,2023-03,2023-03-01,2023,3,38.0,Sudan,ged_rolling_24m,1,0.6931471805599453,False,True,0.0,7570.0,0.0,8.932080438103307,0.0,0.0,0.0,0.0,0.0,0.0,0.0,0.0,0.0,0.0,0.0,0.0,0.0,0.0,0.0,0.0,0.0,0.0,0.0,0.0,0.0,0.0,0.0,0.0,0.0,0.0,0.0,0.0,0.0,0.0,0.0,0.0,0.0,0.0,0.0,0.0,0.0,0.0,0.0,0.0,0.0,0.0,0.0,0.0,0.0,0.0,0.0,0.0,0.0,0.0,0.0,0.0,0.0
group:janjaweed_family,630,628; 629; 630,Janjaweed family,group:janjaweed_family,2023-04,2023-04-01,2023,4,39.0,Sudan,ged_rolling_24m,1,0.6931471805599453,False,True,7570.0,1225.0,8.932080438103307,7.111512116496157,32.0,32.0,32.0,1.0,23.0,30.0,23.0,31.0,23.0,0.0,20.0,1.0,0.0,0.0,2.0,1.0,0.0,8.0,0.0,0.0,0.71875,3.1780538303479458,0.9375,3.4339872044851463,0.71875,3.1780538303479458,0.96875,3.4657359027997265,0.71875,3.1780538303479458,0.0,0.0,0.625,3.044522437723423,0.03125,0.6931471805599453,0.0,0.0,0.0,0.0,0.0625,1.0986122886681098,0.03125,0.6931471805599453,0.0,0.0,0.25,2.1972245773362196,0.0,0.0,0.0,0.0,3.4965075614664802
group:janjaweed_family,630,628; 629; 630,Janjaweed family,group:janjaweed_family,2023-05,2023-05-01,2023,5,40.0,Sudan,ged_rolling_24m,1,0.6931471805599453,False,True,1225.0,1128.0,7.111512116496157,7.029087564149662,19.0,19.0,19.0,1.0,16.0,18.0,16.0,19.0,13.0,0.0,10.0,4.0,0.0,0.0,1.0,0.0,0.0,4.0,0.0,0.0,0.8421052631578947,2.833213344056216,0.9473684210526315,2.9444389791664403,0.8421052631578947,2.833213344056216,1.0,2.995732273553991,0.6842105263157895,2.6390573296152584,0.0,0.0,0.5263157894736842,2.3978952727983707,0.21052631578947367,1.6094379124341003,0.0,0.0,0.0,0.0,0.05263157894736842,0.6931471805599453,0.0,0.0,0.0,0.0,0.21052631578947367,1.6094379124341003,0.0,0.0,0.0,0.0,2.995732273553991
group:janjaweed_family,630,628; 629; 630,Janjaweed family,group:janjaweed_family,2023-06,2023-06-01,2023,6,41.0,Sudan,ged_rolling_24m,1,0.6931471805599453,False,True,1128.0,554.0,7.029087564149662,6.318968113746434,8.0,8.0,8.0,1.0,7.0,7.0,4.0,7.0,2.0,0.0,2.0,3.0,0.0,0.0,1.0,0.0,0.0,2.0,0.0,0.0,0.875,2.0794415416798357,0.875,2.0794415416798357,0.5,1.6094379124341003,0.875,2.0794415416798357,0.25,1.0986122886681098,0.0,0.0,0.25,1.0986122886681098,0.375,1.3862943611198906,0.0,0.0,0.0,0.0,0.125,0.6931471805599453,0.0,0.0,0.0,0.0,0.25,1.0986122886681098,0.0,0.0,0.0,0.0,2.1972245773362196
group:janjaweed_family,630,628; 629; 630,Janjaweed family,group:janjaweed_family,2023-07,2023-07-01,2023,7,42.0,Sudan,ged_rolling_24m,1,0.6931471805599453,False,True,554.0,682.0,6.318968113746434,6.52649485957079,16.0,16.0,16.0,1.0,11.0,15.0,13.0,15.0,8.0,0.0,6.0,2.0,0.0,0.0,0.0,0.0,0.0,7.0,0.0,1.0,0.6875,2.4849066497880004,0.9375,2.772588722239781,0.8125,2.6390573296152584,0.9375,2.772588722239781,0.5,2.1972245773362196,0.0,0.0,0.375,1.9459101490553132,0.125,1.0986122886681098,0.0,0.0,0.0,0.0,0.0,0.0,0.0,0.0,0.0,0.0,0.4375,2.0794415416798357,0.0,0.0,0.0625,0.6931471805599453,2.833213344056216
group:janjaweed_family,630,628; 629; 630,Janjaweed family,group:janjaweed_family,2023-08,2023-08-01,2023,8,43.0,Sudan,ged_rolling_24m,1,0.6931471805599453,False,True,682.0,471.0,6.52649485957079,6.156978985585555,6.0,6.0,6.0,1.0,5.0,6.0,4.0,6.0,4.0,0.0,3.0,0.0,0.0,0.0,0.0,0.0,0.0,3.0,0.0,0.0,0.8333333333333334,1.791759469228055,1.0,1.9459101490553132,0.6666666666666666,1.6094379124341003,1.0,1.9459101490553132,0.6666666666666666,1.6094379124341003,0.0,0.0,0.5,1.3862943611198906,0.0,0.0,0.0,0.0,0.0,0.0,0.0,0.0,0.0,0.0,0.0,0.0,0.5,1.3862943611198906,0.0,0.0,0.0,0.0,1.9459101490553132
group:janjaweed_family,630,628; 629; 630,Janjaweed family,group:janjaweed_family,2023-09,2023-09-01,2023,9,44.0,Central African Republic; Chad; Sudan,ucdp_actor_metadata_fallback,3,1.3862943611198906,False,True,519.0,616.0,6.253828811575473,6.424869023905388,7.0,7.0,7.0,1.0,4.0,6.0,6.0,7.0,0.0,0.0,0.0,0.0,0.0,0.0,1.0,0.0,0.0,6.0,0.0,0.0,0.5714285714285714,1.6094379124341003,0.8571428571428571,1.9459101490553132,0.8571428571428571,1.9459101490553132,1.0,2.0794415416798357,0.0,0.0,0.0,0.0,0.0,0.0,0.0,0.0,0.0,0.0,0.0,0.0,0.14285714285714285,0.6931471805599453,0.0,0.0,0.0,0.0,0.8571428571428571,1.9459101490553132,0.0,0.0,0.0,0.0,2.0794415416798357
group:janjaweed_family,630,628; 629; 630,Janjaweed family,group:janjaweed_family,2023-10,2023-10-01,2023,10,45.0,Central African Republic; Chad; Sudan,ucdp_actor_metadata_fallback,3,1.3862943611198906,False,True,616.0,2130.0,6.424869023905388,7.664346632098617,3.0,3.0,3.0,1.0,3.0,3.0,2.0,3.0,1.0,0.0,0.0,1.0,0.0,0.0,0.0,0.0,0.0,2.0,0.0,0.0,1.0,1.3862943611198906,1.0,1.3862943611198906,0.6666666666666666,1.0986122886681098,1.0,1.3862943611198906,0.3333333333333333,0.6931471805599453,0.0,0.0,0.0,0.0,0.3333333333333333,0.6931471805599453,0.0,0.0,0.0,0.0,0.0,0.0,0.0,0.0,0.0,0.0,0.6666666666666666,1.0986122886681098,0.0,0.0,0.0,0.0,1.3862943611198906
group:janjaweed_family,630,628; 629; 630,Janjaweed family,group:janjaweed_family,2023-11,2023-11-01,2023,11,46.0,Central African Republic; Chad; Sudan,ucdp_actor_metadata_fallback,3,1.3862943611198906,False,True,2130.0,478.0,7.664346632098617,6.171700597410915,0.0,0.0,0.0,0.0,0.0,0.0,0.0,0.0,0.0,0.0,0.0,0.0,0.0,0.0,0.0,0.0,0.0,0.0,0.0,0.0,0.0,0.0,0.0,0.0,0.0,0.0,0.0,0.0,0.0,0.0,0.0,0.0,0.0,0.0,0.0,0.0,0.0,0.0,0.0,0.0,0.0,0.0,0.0,0.0,0.0,0.0,0.0,0.0,0.0,0.0,0.0,0.0,0.0
group:janjaweed_family,630,628; 629; 630,Janjaweed family,group:janjaweed_family,2023-12,2023-12-01,2023,12,47.0,Central African Republic; Chad; Sudan,ucdp_actor_metadata_fallback,3,1.3862943611198906,False,True,478.0,389.0,6.171700597410915,5.966146739123692,5.0,5.0,5.0,1.0,2.0,3.0,2.0,3.0,1.0,0.0,1.0,0.0,0.0,0.0,2.0,0.0,0.0,2.0,0.0,0.0,0.4,1.0986122886681098,0.6,1.3862943611198906,0.4,1.0986122886681098,0.6,1.3862943611198906,0.2,0.6931471805599453,0.0,0.0,0.2,0.6931471805599453,0.0,0.0,0.0,0.0,0.0,0.0,0.4,1.0986122886681098,0.0,0.0,0.0,0.0,0.4,1.0986122886681098,0.0,0.0,0.0,0.0,1.791759469228055
group:janjaweed_family,630,628; 629; 630,Janjaweed family,group:janjaweed_family,2024-01,2024-01-01,2024,1,48.0,Central African Republic; Chad; Sudan,ucdp_actor_metadata_fallback,3,1.3862943611198906,False,True,389.0,434.0,5.966146739123692,6.075346031088684,5.0,5.0,5.0,1.0,5.0,5.0,5.0,5.0,4.0,0.0,2.0,2.0,0.0,0.0,0.0,0.0,0.0,1.0,0.0,0.0,1.0,1.791759469228055,1.0,1.791759469228055,1.0,1.791759469228055,1.0,1.791759469228055,0.8,1.6094379124341003,0.0,0.0,0.4,1.0986122886681098,0.4,1.0986122886681098,0.0,0.0,0.0,0.0,0.0,0.0,0.0,0.0,0.0,0.0,0.2,0.6931471805599453,0.0,0.0,0.0,0.0,1.791759469228055
group:janjaweed_family,630,628; 629; 630,Janjaweed family,group:janjaweed_family,2024-02,2024-02-01,2024,2,49.0,Central African Republic; Chad; Sudan,ucdp_actor_metadata_fallback,3,1.3862943611198906,False,True,434.0,407.0,6.075346031088684,6.0112671744041615,1.0,1.0,1.0,1.0,1.0,1.0,1.0,1.0,1.0,0.0,0.0,0.0,0.0,0.0,0.0,0.0,0.0,1.0,0.0,0.0,1.0,0.6931471805599453,1.0,0.6931471805599453,1.0,0.6931471805599453,1.0,0.6931471805599453,1.0,0.6931471805599453,0.0,0.0,0.0,0.0,0.0,0.0,0.0,0.0,0.0,0.0,0.0,0.0,0.0,0.0,0.0,0.0,1.0,0.6931471805599453,0.0,0.0,0.0,0.0,0.6931471805599453
group:janjaweed_family,630,628; 629; 630,Janjaweed family,group:janjaweed_family,2024-03,2024-03-01,2024,3,50.0,Central African Republic; Chad; Sudan,ucdp_actor_metadata_fallback,3,1.3862943611198906,False,True,407.0,399.0,6.0112671744041615,5.991464547107982,4.0,4.0,4.0,1.0,3.0,4.0,1.0,4.0,3.0,0.0,0.0,1.0,0.0,0.0,0.0,0.0,0.0,3.0,0.0,0.0,0.75,1.3862943611198906,1.0,1.6094379124341003,0.25,0.6931471805599453,1.0,1.6094379124341003,0.75,1.3862943611198906,0.0,0.0,0.0,0.0,0.25,0.6931471805599453,0.0,0.0,0.0,0.0,0.0,0.0,0.0,0.0,0.0,0.0,0.75,1.3862943611198906,0.0,0.0,0.0,0.0,1.6094379124341003
group:janjaweed_family,630,628; 629; 630,Janjaweed family,group:janjaweed_family,2024-04,2024-04-01,2024,4,51.0,Central African Republic; Chad; Sudan,ucdp_actor_metadata_fallback,3,1.3862943611198906,False,True,399.0,499.0,5.991464547107982,6.214608098422191,7.0,7.0,7.0,1.0,5.0,6.0,6.0,7.0,5.0,0.0,2.0,2.0,0.0,0.0,0.0,0.0,0.0,3.0,0.0,0.0,0.7142857142857143,1.791759469228055,0.8571428571428571,1.9459101490553132,0.8571428571428571,1.9459101490553132,1.0,2.0794415416798357,0.7142857142857143,1.791759469228055,0.0,0.0,0.2857142857142857,1.0986122886681098,0.2857142857142857,1.0986122886681098,0.0,0.0,0.0,0.0,0.0,0.0,0.0,0.0,0.0,0.0,0.42857142857142855,1.3862943611198906,0.0,0.0,0.0,0.0,2.0794415416798357
group:janjaweed_family,630,628; 629; 630,Janjaweed family,group:janjaweed_family,2024-05,2024-05-01,2024,5,52.0,Central African Republic; Chad; Sudan,ucdp_actor_metadata_fallback,3,1.3862943611198906,False,True,499.0,839.0,6.214608098422191,6.733401891837359,4.0,4.0,4.0,1.0,4.0,4.0,4.0,4.0,3.0,0.0,3.0,0.0,0.0,0.0,0.0,0.0,0.0,1.0,0.0,0.0,1.0,1.6094379124341003,1.0,1.6094379124341003,1.0,1.6094379124341003,1.0,1.6094379124341003,0.75,1.3862943611198906,0.0,0.0,0.75,1.3862943611198906,0.0,0.0,0.0,0.0,0.0,0.0,0.0,0.0,0.0,0.0,0.0,0.0,0.25,0.6931471805599453,0.0,0.0,0.0,0.0,1.6094379124341003
group:janjaweed_family,630,628; 629; 630,Janjaweed family,group:janjaweed_family,2024-06,2024-06-01,2024,6,53.0,Central African Republic; Chad; Sudan,ucdp_actor_metadata_fallback,3,1.3862943611198906,False,True,839.0,556.0,6.733401891837359,6.322565239927284,6.0,6.0,6.0,1.0,6.0,6.0,4.0,6.0,6.0,0.0,4.0,0.0,0.0,0.0,0.0,0.0,0.0,2.0,0.0,0.0,1.0,1.9459101490553132,1.0,1.9459101490553132,0.6666666666666666,1.6094379124341003,1.0,1.9459101490553132,1.0,1.9459101490553132,0.0,0.0,0.6666666666666666,1.6094379124341003,0.0,0.0,0.0,0.0,0.0,0.0,0.0,0.0,0.0,0.0,0.0,0.0,0.3333333333333333,1.0986122886681098,0.0,0.0,0.0,0.0,1.9459101490553132
group:janjaweed_family,630,628; 629; 630,Janjaweed family,group:janjaweed_family,2024-07,2024-07-01,2024,7,54.0,Central African Republic; Chad; Sudan,ucdp_actor_metadata_fallback,3,1.3862943611198906,False,True,556.0,530.0,6.322565239927284,6.274762021241939,3.0,3.0,3.0,1.0,3.0,3.0,2.0,3.0,2.0,0.0,1.0,0.0,0.0,0.0,0.0,0.0,0.0,2.0,0.0,0.0,1.0,1.3862943611198906,1.0,1.3862943611198906,0.6666666666666666,1.0986122886681098,1.0,1.3862943611198906,0.6666666666666666,1.0986122886681098,0.0,0.0,0.3333333333333333,0.6931471805599453,0.0,0.0,0.0,0.0,0.0,0.0,0.0,0.0,0.0,0.0,0.0,0.0,0.6666666666666666,1.0986122886681098,0.0,0.0,0.0,0.0,1.3862943611198906
group:janjaweed_family,630,628; 629; 630,Janjaweed family,group:janjaweed_family,2024-08,2024-08-01,2024,8,55.0,Central African Republic; Chad; Sudan,ucdp_actor_metadata_fallback,3,1.3862943611198906,False,True,530.0,656.0,6.274762021241939,6.48768401848461,7.0,7.0,7.0,1.0,6.0,7.0,6.0,7.0,1.0,0.0,2.0,1.0,0.0,0.0,0.0,0.0,0.0,4.0,0.0,0.0,0.8571428571428571,1.9459101490553132,1.0,2.0794415416798357,0.8571428571428571,1.9459101490553132,1.0,2.0794415416798357,0.14285714285714285,0.6931471805599453,0.0,0.0,0.2857142857142857,1.0986122886681098,0.14285714285714285,0.6931471805599453,0.0,0.0,0.0,0.0,0.0,0.0,0.0,0.0,0.0,0.0,0.5714285714285714,1.6094379124341003,0.0,0.0,0.0,0.0,2.0794415416798357
group:janjaweed_family,630,628; 629; 630,Janjaweed family,group:janjaweed_family,2024-09,2024-09-01,2024,9,56.0,Central African Republic; Chad; Sudan,ucdp_actor_metadata_fallback,3,1.3862943611198906,False,True,656.0,1405.0,6.48768401848461,7.2485040723706105,6.0,6.0,6.0,1.0,5.0,6.0,5.0,6.0,5.0,0.0,3.0,0.0,0.0,0.0,0.0,0.0,0.0,3.0,0.0,0.0,0.8333333333333334,1.791759469228055,1.0,1.9459101490553132,0.8333333333333334,1.791759469228055,1.0,1.9459101490553132,0.8333333333333334,1.791759469228055,0.0,0.0,0.5,1.3862943611198906,0.0,0.0,0.0,0.0,0.0,0.0,0.0,0.0,0.0,0.0,0.0,0.0,0.5,1.3862943611198906,0.0,0.0,0.0,0.0,1.9459101490553132
group:janjaweed_family,630,628; 629; 630,Janjaweed family,group:janjaweed_family,2024-10,2024-10-01,2024,10,57.0,Central African Republic; Chad; Sudan,ucdp_actor_metadata_fallback,3,1.3862943611198906,False,True,1405.0,770.0,7.2485040723706105,6.647688373563329,8.0,8.0,8.0,1.0,5.0,7.0,3.0,7.0,3.0,0.0,2.0,2.0,0.0,0.0,1.0,0.0,0.0,3.0,0.0,0.0,0.625,1.791759469228055,0.875,2.0794415416798357,0.375,1.3862943611198906,0.875,2.0794415416798357,0.375,1.3862943611198906,0.0,0.0,0.25,1.0986122886681098,0.25,1.0986122886681098,0.0,0.0,0.0,0.0,0.125,0.6931471805599453,0.0,0.0,0.0,0.0,0.375,1.3862943611198906,0.0,0.0,0.0,0.0,2.1972245773362196
group:janjaweed_family,630,628; 629; 630,Janjaweed family,group:janjaweed_family,2024-11,2024-11-01,2024,11,58.0,Central African Republic; Chad; Sudan,ucdp_actor_metadata_fallback,3,1.3862943611198906,False,True,770.0,912.0,6.647688373563329,6.816735880594968,5.0,5.0,5.0,1.0,4.0,5.0,3.0,5.0,5.0,0.0,1.0,1.0,0.0,0.0,0.0,0.0,0.0,3.0,0.0,0.0,0.8,1.6094379124341003,1.0,1.791759469228055,0.6,1.3862943611198906,1.0,1.791759469228055,1.0,1.791759469228055,0.0,0.0,0.2,0.6931471805599453,0.2,0.6931471805599453,0.0,0.0,0.0,0.0,0.0,0.0,0.0,0.0,0.0,0.0,0.6,1.3862943611198906,0.0,0.0,0.0,0.0,1.791759469228055
group:janjaweed_family,630,628; 629; 630,Janjaweed family,group:janjaweed_family,2024-12,2024-12-01,2024,12,59.0,Central African Republic; Chad; Sudan,ucdp_actor_metadata_fallback,3,1.3862943611198906,False,True,912.0,1956.0,6.816735880594968,7.579167967396076,3.0,3.0,3.0,1.0,3.0,3.0,2.0,3.0,2.0,0.0,3.0,0.0,0.0,0.0,0.0,0.0,0.0,0.0,0.0,0.0,1.0,1.3862943611198906,1.0,1.3862943611198906,0.6666666666666666,1.0986122886681098,1.0,1.3862943611198906,0.6666666666666666,1.0986122886681098,0.0,0.0,1.0,1.3862943611198906,0.0,0.0,0.0,0.0,0.0,0.0,0.0,0.0,0.0,0.0,0.0,0.0,0.0,0.0,0.0,0.0,0.0,0.0,1.3862943611198906
group:janjaweed_family,630,628; 629; 630,Janjaweed family,group:janjaweed_family,2025-01,2025-01-01,2025,1,60.0,Central African Republic; Chad; Sudan,ucdp_actor_metadata_fallback,3,1.3862943611198906,False,True,1956.0,1098.0,7.579167967396076,7.002155954403621,4.0,4.0,4.0,1.0,4.0,4.0,3.0,4.0,2.0,0.0,2.0,2.0,0.0,0.0,0.0,0.0,0.0,0.0,0.0,0.0,1.0,1.6094379124341003,1.0,1.6094379124341003,0.75,1.3862943611198906,1.0,1.6094379124341003,0.5,1.0986122886681098,0.0,0.0,0.5,1.0986122886681098,0.5,1.0986122886681098,0.0,0.0,0.0,0.0,0.0,0.0,0.0,0.0,0.0,0.0,0.0,0.0,0.0,0.0,0.0,0.0,1.6094379124341003
group:janjaweed_family,630,628; 629; 630,Janjaweed family,group:janjaweed_family,2025-02,2025-02-01,2025,2,61.0,Central African Republic; Chad; Sudan,ucdp_actor_metadata_fallback,3,1.3862943611198906,False,True,1098.0,1068.0,7.002155954403621,6.974478911025045,2.0,2.0,2.0,1.0,1.0,2.0,2.0,2.0,1.0,0.0,0.0,1.0,0.0,0.0,0.0,0.0,0.0,1.0,0.0,0.0,0.5,0.6931471805599453,1.0,1.0986122886681098,1.0,1.0986122886681098,1.0,1.0986122886681098,0.5,0.6931471805599453,0.0,0.0,0.0,0.0,0.5,0.6931471805599453,0.0,0.0,0.0,0.0,0.0,0.0,0.0,0.0,0.0,0.0,0.5,0.6931471805599453,0.0,0.0,0.0,0.0,1.0986122886681098
group:janjaweed_family,630,628; 629; 630,Janjaweed family,group:janjaweed_family,2025-03,2025-03-01,2025,3,62.0,Central African Republic; Chad; Sudan,ucdp_actor_metadata_fallback,3,1.3862943611198906,False,True,1068.0,3155.0,6.974478911025045,8.057060681965766,4.0,4.0,4.0,1.0,2.0,4.0,4.0,4.0,3.0,0.0,0.0,0.0,0.0,0.0,0.0,0.0,0.0,4.0,0.0,0.0,0.5,1.0986122886681098,1.0,1.6094379124341003,1.0,1.6094379124341003,1.0,1.6094379124341003,0.75,1.3862943611198906,0.0,0.0,0.0,0.0,0.0,0.0,0.0,0.0,0.0,0.0,0.0,0.0,0.0,0.0,0.0,0.0,1.0,1.6094379124341003,0.0,0.0,0.0,0.0,1.6094379124341003
group:janjaweed_family,630,628; 629; 630,Janjaweed family,group:janjaweed_family,2025-04,2025-04-01,2025,4,63.0,Central African Republic; Chad; Sudan,ucdp_actor_metadata_fallback,3,1.3862943611198906,False,True,3155.0,2135.0,8.057060681965766,7.666690200080086,8.0,8.0,8.0,1.0,7.0,7.0,7.0,7.0,5.0,0.0,5.0,1.0,0.0,0.0,1.0,0.0,0.0,1.0,0.0,0.0,0.875,2.0794415416798357,0.875,2.0794415416798357,0.875,2.0794415416798357,0.875,2.0794415416798357,0.625,1.791759469228055,0.0,0.0,0.625,1.791759469228055,0.125,0.6931471805599453,0.0,0.0,0.0,0.0,0.125,0.6931471805599453,0.0,0.0,0.0,0.0,0.125,0.6931471805599453,0.0,0.0,0.0,0.0,2.1972245773362196
group:janjaweed_family,630,628; 629; 630,Janjaweed family,group:janjaweed_family,2025-05,2025-05-01,2025,5,64.0,Central African Republic; Chad; Sudan,ucdp_actor_metadata_fallback,3,1.3862943611198906,False,True,2135.0,393.0,7.666690200080086,5.976350909297934,2.0,2.0,2.0,1.0,2.0,2.0,0.0,2.0,0.0,0.0,1.0,0.0,0.0,0.0,0.0,0.0,0.0,1.0,0.0,0.0,1.0,1.0986122886681098,1.0,1.0986122886681098,0.0,0.0,1.0,1.0986122886681098,0.0,0.0,0.0,0.0,0.5,0.6931471805599453,0.0,0.0,0.0,0.0,0.0,0.0,0.0,0.0,0.0,0.0,0.0,0.0,0.5,0.6931471805599453,0.0,0.0,0.0,0.0,1.0986122886681098
group:janjaweed_family,630,628; 629; 630,Janjaweed family,group:janjaweed_family,2025-06,2025-06-01,2025,6,65.0,Central African Republic; Chad; Sudan,ucdp_actor_metadata_fallback,3,1.3862943611198906,False,True,393.0,1161.0,5.976350909297934,7.057897937411856,0.0,0.0,0.0,0.0,0.0,0.0,0.0,0.0,0.0,0.0,0.0,0.0,0.0,0.0,0.0,0.0,0.0,0.0,0.0,0.0,0.0,0.0,0.0,0.0,0.0,0.0,0.0,0.0,0.0,0.0,0.0,0.0,0.0,0.0,0.0,0.0,0.0,0.0,0.0,0.0,0.0,0.0,0.0,0.0,0.0,0.0,0.0,0.0,0.0,0.0,0.0,0.0,0.0
group:janjaweed_family,630,628; 629; 630,Janjaweed family,group:janjaweed_family,2025-07,2025-07-01,2025,7,66.0,Central African Republic; Chad; Sudan,ucdp_actor_metadata_fallback,3,1.3862943611198906,False,True,1161.0,1060.0,7.057897937411856,6.966967138613983,3.0,3.0,3.0,1.0,3.0,3.0,0.0,3.0,0.0,0.0,0.0,0.0,0.0,0.0,0.0,0.0,0.0,3.0,0.0,0.0,1.0,1.3862943611198906,1.0,1.3862943611198906,0.0,0.0,1.0,1.3862943611198906,0.0,0.0,0.0,0.0,0.0,0.0,0.0,0.0,0.0,0.0,0.0,0.0,0.0,0.0,0.0,0.0,0.0,0.0,1.0,1.3862943611198906,0.0,0.0,0.0,0.0,1.3862943611198906
group:janjaweed_family,630,628; 629; 630,Janjaweed family,group:janjaweed_family,2025-08,2025-08-01,2025,8,67.0,Central African Republic; Chad; Sudan,ucdp_actor_metadata_fallback,3,1.3862943611198906,False,True,1060.0,801.0,6.966967138613983,6.687108607866515,9.0,9.0,9.0,1.0,9.0,9.0,7.0,9.0,6.0,0.0,5.0,2.0,0.0,0.0,0.0,0.0,0.0,2.0,0.0,0.0,1.0,2.302585092994046,1.0,2.302585092994046,0.7777777777777778,2.0794415416798357,1.0,2.302585092994046,0.6666666666666666,1.9459101490553132,0.0,0.0,0.5555555555555556,1.791759469228055,0.2222222222222222,1.0986122886681098,0.0,0.0,0.0,0.0,0.0,0.0,0.0,0.0,0.0,0.0,0.2222222222222222,1.0986122886681098,0.0,0.0,0.0,0.0,2.302585092994046
group:janjaweed_family,630,628; 629; 630,Janjaweed family,group:janjaweed_family,2025-09,2025-09-01,2025,9,68.0,Central African Republic; Chad; Sudan,ucdp_actor_metadata_fallback,3,1.3862943611198906,False,True,801.0,61378.0,6.687108607866515,11.024823036089236,5.0,5.0,5.0,1.0,5.0,4.0,5.0,5.0,0.0,0.0,1.0,2.0,0.0,0.0,1.0,0.0,0.0,1.0,0.0,0.0,1.0,1.791759469228055,0.8,1.6094379124341003,1.0,1.791759469228055,1.0,1.791759469228055,0.0,0.0,0.0,0.0,0.2,0.6931471805599453,0.4,1.0986122886681098,0.0,0.0,0.0,0.0,0.2,0.6931471805599453,0.0,0.0,0.0,0.0,0.2,0.6931471805599453,0.0,0.0,0.0,0.0,1.791759469228055
group:janjaweed_family,630,628; 629; 630,Janjaweed family,group:janjaweed_family,2025-10,2025-10-01,2025,10,69.0,Central African Republic; Chad; Sudan,ucdp_actor_metadata_fallback,3,1.3862943611198906,False,True,61378.0,657.0,11.024823036089236,6.489204931325317,21.0,21.0,21.0,1.0,20.0,20.0,18.0,21.0,11.0,0.0,12.0,0.0,0.0,0.0,1.0,0.0,0.0,8.0,0.0,0.0,0.9523809523809523,3.044522437723423,0.9523809523809523,3.044522437723423,0.8571428571428571,2.9444389791664403,1.0,3.091042453358316,0.5238095238095238,2.4849066497880004,0.0,0.0,0.5714285714285714,2.5649493574615367,0.0,0.0,0.0,0.0,0.0,0.0,0.047619047619047616,0.6931471805599453,0.0,0.0,0.0,0.0,0.38095238095238093,2.1972245773362196,0.0,0.0,0.0,0.0,3.091042453358316
group:janjaweed_family,630,628; 629; 630,Janjaweed family,group:janjaweed_family,2025-11,2025-11-01,2025,11,70.0,Central African Republic; Chad; Sudan,ucdp_actor_metadata_fallback,3,1.3862943611198906,False,True,657.0,848.0,6.489204931325317,6.744059186311348,24.0,24.0,24.0,1.0,23.0,24.0,22.0,23.0,18.0,0.0,16.0,4.0,0.0,0.0,0.0,0.0,0.0,4.0,0.0,0.0,0.9583333333333334,3.1780538303479458,1.0,3.2188758248682006,0.9166666666666666,3.1354942159291497,0.9583333333333334,3.1780538303479458,0.75,2.9444389791664403,0.0,0.0,0.6666666666666666,2.833213344056216,0.16666666666666666,1.6094379124341003,0.0,0.0,0.0,0.0,0.0,0.0,0.0,0.0,0.0,0.0,0.16666666666666666,1.6094379124341003,0.0,0.0,0.0,0.0,3.2188758248682006
group:janjaweed_family,630,628; 629; 630,Janjaweed family,group:janjaweed_family,2025-12,2025-12-01,2025,12,71.0,Central African Republic; Chad; Sudan,ucdp_actor_metadata_fallback,3,1.3862943611198906,False,False,848.0,,6.744059186311348,,6.0,6.0,6.0,1.0,5.0,6.0,4.0,6.0,2.0,0.0,0.0,1.0,0.0,0.0,0.0,0.0,0.0,5.0,0.0,0.0,0.8333333333333334,1.791759469228055,1.0,1.9459101490553132,0.6666666666666666,1.6094379124341003,1.0,1.9459101490553132,0.3333333333333333,1.0986122886681098,0.0,0.0,0.0,0.0,0.16666666666666666,0.6931471805599453,0.0,0.0,0.0,0.0,0.0,0.0,0.0,0.0,0.0,0.0,0.8333333333333334,1.791759469228055,0.0,0.0,0.0,0.0,1.9459101490553132
270,270,270,KR,270,2020-01,2020-01-01,2020,1,0.0,Cambodia (Kampuchea); Thailand,ucdp_actor_metadata_fallback,2,1.0986122886681098,False,True,3.0,7.0,1.3862943611198906,2.0794415416798357,1.0,1.0,1.0,1.0,1.0,1.0,1.0,1.0,0.0,0.0,0.0,1.0,0.0,0.0,0.0,0.0,0.0,0.0,0.0,0.0,1.0,0.6931471805599453,1.0,0.6931471805599453,1.0,0.6931471805599453,1.0,0.6931471805599453,0.0,0.0,0.0,0.0,0.0,0.0,1.0,0.6931471805599453,0.0,0.0,0.0,0.0,0.0,0.0,0.0,0.0,0.0,0.0,0.0,0.0,0.0,0.0,0.0,0.0,0.6931471805599453
270,270,270,KR,270,2020-02,2020-02-01,2020,2,1.0,Cambodia (Kampuchea); Thailand,ucdp_actor_metadata_fallback,2,1.0986122886681098,False,True,7.0,8.0,2.0794415416798357,2.1972245773362196,8.0,8.0,8.0,1.0,1.0,7.0,8.0,7.0,3.0,0.0,0.0,1.0,0.0,0.0,1.0,0.0,0.0,6.0,0.0,0.0,0.125,0.6931471805599453,0.875,2.0794415416798357,1.0,2.1972245773362196,0.875,2.0794415416798357,0.375,1.3862943611198906,0.0,0.0,0.0,0.0,0.125,0.6931471805599453,0.0,0.0,0.0,0.0,0.125,0.6931471805599453,0.0,0.0,0.0,0.0,0.75,1.9459101490553132,0.0,0.0,0.0,0.0,2.1972245773362196
270,270,270,KR,270,2020-03,2020-03-01,2020,3,2.0,Cambodia (Kampuchea); Thailand,ucdp_actor_metadata_fallback,2,1.0986122886681098,False,True,8.0,3.0,2.1972245773362196,1.3862943611198906,3.0,3.0,3.0,1.0,0.0,1.0,2.0,3.0,1.0,0.0,0.0,1.0,0.0,0.0,1.0,0.0,0.0,1.0,0.0,0.0,0.0,0.0,0.3333333333333333,0.6931471805599453,0.6666666666666666,1.0986122886681098,1.0,1.3862943611198906,0.3333333333333333,0.6931471805599453,0.0,0.0,0.0,0.0,0.3333333333333333,0.6931471805599453,0.0,0.0,0.0,0.0,0.3333333333333333,0.6931471805599453,0.0,0.0,0.0,0.0,0.3333333333333333,0.6931471805599453,0.0,0.0,0.0,0.0,1.3862943611198906
270,270,270,KR,270,2020-04,2020-04-01,2020,4,3.0,Cambodia (Kampuchea); Thailand,ucdp_actor_metadata_fallback,2,1.0986122886681098,False,True,3.0,1.0,1.3862943611198906,0.6931471805599453,6.0,6.0,6.0,1.0,0.0,2.0,2.0,2.0,0.0,0.0,0.0,1.0,0.0,0.0,4.0,0.0,0.0,1.0,0.0,0.0,0.0,0.0,0.3333333333333333,1.0986122886681098,0.3333333333333333,1.0986122886681098,0.3333333333333333,1.0986122886681098,0.0,0.0,0.0,0.0,0.0,0.0,0.16666666666666666,0.6931471805599453,0.0,0.0,0.0,0.0,0.6666666666666666,1.6094379124341003,0.0,0.0,0.0,0.0,0.16666666666666666,0.6931471805599453,0.0,0.0,0.0,0.0,1.9459101490553132
270,270,270,KR,270,2020-05,2020-05-01,2020,5,4.0,Cambodia (Kampuchea); Thailand,ucdp_actor_metadata_fallback,2,1.0986122886681098,False,True,1.0,2.0,0.6931471805599453,1.0986122886681098,3.0,3.0,3.0,1.0,2.0,2.0,3.0,2.0,1.0,0.0,1.0,0.0,0.0,0.0,1.0,0.0,0.0,1.0,0.0,0.0,0.6666666666666666,1.0986122886681098,0.6666666666666666,1.0986122886681098,1.0,1.3862943611198906,0.6666666666666666,1.0986122886681098,0.3333333333333333,0.6931471805599453,0.0,0.0,0.3333333333333333,0.6931471805599453,0.0,0.0,0.0,0.0,0.0,0.0,0.3333333333333333,0.6931471805599453,0.0,0.0,0.0,0.0,0.3333333333333333,0.6931471805599453,0.0,0.0,0.0,0.0,1.3862943611198906
270,270,270,KR,270,2020-06,2020-06-01,2020,6,5.0,Cambodia (Kampuchea); Thailand,ucdp_actor_metadata_fallback,2,1.0986122886681098,False,True,2.0,3.0,1.0986122886681098,1.3862943611198906,1.0,1.0,1.0,1.0,0.0,0.0,0.0,1.0,1.0,0.0,0.0,0.0,0.0,0.0,1.0,0.0,0.0,0.0,0.0,0.0,0.0,0.0,0.0,0.0,0.0,0.0,1.0,0.6931471805599453,1.0,0.6931471805599453,0.0,0.0,0.0,0.0,0.0,0.0,0.0,0.0,0.0,0.0,1.0,0.6931471805599453,0.0,0.0,0.0,0.0,0.0,0.0,0.0,0.0,0.0,0.0,0.6931471805599453
270,270,270,KR,270,2020-07,2020-07-01,2020,7,6.0,Cambodia (Kampuchea); Thailand,ucdp_actor_metadata_fallback,2,1.0986122886681098,False,True,3.0,9.0,1.3862943611198906,2.302585092994046,4.0,4.0,4.0,1.0,1.0,3.0,3.0,2.0,1.0,0.0,1.0,0.0,0.0,0.0,1.0,0.0,0.0,2.0,0.0,0.0,0.25,0.6931471805599453,0.75,1.3862943611198906,0.75,1.3862943611198906,0.5,1.0986122886681098,0.25,0.6931471805599453,0.0,0.0,0.25,0.6931471805599453,0.0,0.0,0.0,0.0,0.0,0.0,0.25,0.6931471805599453,0.0,0.0,0.0,0.0,0.5,1.0986122886681098,0.0,0.0,0.0,0.0,1.6094379124341003
270,270,270,KR,270,2020-08,2020-08-01,2020,8,7.0,Cambodia (Kampuchea); Thailand,ucdp_actor_metadata_fallback,2,1.0986122886681098,False,True,9.0,4.0,2.302585092994046,1.6094379124341003,3.0,3.0,3.0,1.0,0.0,1.0,2.0,2.0,1.0,0.0,0.0,0.0,1.0,0.0,2.0,0.0,0.0,0.0,0.0,0.0,0.0,0.0,0.3333333333333333,0.6931471805599453,0.6666666666666666,1.0986122886681098,0.6666666666666666,1.0986122886681098,0.3333333333333333,0.6931471805599453,0.0,0.0,0.0,0.0,0.0,0.0,0.3333333333333333,0.6931471805599453,0.0,0.0,0.6666666666666666,1.0986122886681098,0.0,0.0,0.0,0.0,0.0,0.0,0.0,0.0,0.0,0.0,1.3862943611198906
270,270,270,KR,270,2020-09,2020-09-01,2020,9,8.0,Cambodia (Kampuchea); Thailand,ucdp_actor_metadata_fallback,2,1.0986122886681098,False,True,4.0,4.0,1.6094379124341003,1.6094379124341003,13.0,13.0,13.0,1.0,2.0,10.0,9.0,10.0,1.0,0.0,1.0,0.0,0.0,0.0,3.0,0.0,0.0,9.0,0.0,0.0,0.15384615384615385,1.0986122886681098,0.7692307692307693,2.3978952727983707,0.6923076923076923,2.302585092994046,0.7692307692307693,2.3978952727983707,0.07692307692307693,0.6931471805599453,0.0,0.0,0.07692307692307693,0.6931471805599453,0.0,0.0,0.0,0.0,0.0,0.0,0.23076923076923078,1.3862943611198906,0.0,0.0,0.0,0.0,0.6923076923076923,2.302585092994046,0.0,0.0,0.0,0.0,2.6390573296152584
270,270,270,KR,270,2020-10,2020-10-01,2020,10,9.0,Cambodia (Kampuchea); Thailand,ucdp_actor_metadata_fallback,2,1.0986122886681098,False,True,4.0,0.0,1.6094379124341003,0.0,0.0,0.0,0.0,0.0,0.0,0.0,0.0,0.0,0.0,0.0,0.0,0.0,0.0,0.0,0.0,0.0,0.0,0.0,0.0,0.0,0.0,0.0,0.0,0.0,0.0,0.0,0.0,0.0,0.0,0.0,0.0,0.0,0.0,0.0,0.0,0.0,0.0,0.0,0.0,0.0,0.0,0.0,0.0,0.0,0.0,0.0,0.0,0.0,0.0,0.0,0.0,0.0,0.0
270,270,270,KR,270,2020-11,2020-11-01,2020,11,10.0,Cambodia (Kampuchea); Thailand,ucdp_actor_metadata_fallback,2,1.0986122886681098,False,True,0.0,3.0,0.0,1.3862943611198906,1.0,1.0,1.0,1.0,1.0,1.0,1.0,1.0,1.0,0.0,0.0,0.0,0.0,0.0,0.0,0.0,0.0,1.0,0.0,0.0,1.0,0.6931471805599453,1.0,0.6931471805599453,1.0,0.6931471805599453,1.0,0.6931471805599453,1.0,0.6931471805599453,0.0,0.0,0.0,0.0,0.0,0.0,0.0,0.0,0.0,0.0,0.0,0.0,0.0,0.0,0.0,0.0,1.0,0.6931471805599453,0.0,0.0,0.0,0.0,0.6931471805599453
270,270,270,KR,270,2020-12,2020-12-01,2020,12,11.0,Cambodia (Kampuchea); Thailand,ucdp_actor_metadata_fallback,2,1.0986122886681098,False,True,3.0,0.0,1.3862943611198906,0.0,3.0,3.0,3.0,1.0,0.0,1.0,2.0,2.0,1.0,0.0,0.0,0.0,0.0,0.0,2.0,0.0,0.0,1.0,0.0,0.0,0.0,0.0,0.3333333333333333,0.6931471805599453,0.6666666666666666,1.0986122886681098,0.6666666666666666,1.0986122886681098,0.3333333333333333,0.6931471805599453,0.0,0.0,0.0,0.0,0.0,0.0,0.0,0.0,0.0,0.0,0.6666666666666666,1.0986122886681098,0.0,0.0,0.0,0.0,0.3333333333333333,0.6931471805599453,0.0,0.0,0.0,0.0,1.3862943611198906
270,270,270,KR,270,2021-01,2021-01-01,2021,1,12.0,Cambodia (Kampuchea); Thailand,ucdp_actor_metadata_fallback,2,1.0986122886681098,False,True,0.0,3.0,0.0,1.3862943611198906,3.0,3.0,3.0,1.0,1.0,3.0,3.0,2.0,0.0,0.0,0.0,0.0,0.0,0.0,0.0,0.0,0.0,3.0,0.0,0.0,0.3333333333333333,0.6931471805599453,1.0,1.3862943611198906,1.0,1.3862943611198906,0.6666666666666666,1.0986122886681098,0.0,0.0,0.0,0.0,0.0,0.0,0.0,0.0,0.0,0.0,0.0,0.0,0.0,0.0,0.0,0.0,0.0,0.0,1.0,1.3862943611198906,0.0,0.0,0.0,0.0,1.3862943611198906
270,270,270,KR,270,2021-02,2021-02-01,2021,2,13.0,Cambodia (Kampuchea); Thailand,ucdp_actor_metadata_fallback,2,1.0986122886681098,False,True,3.0,4.0,1.3862943611198906,1.6094379124341003,0.0,0.0,0.0,0.0,0.0,0.0,0.0,0.0,0.0,0.0,0.0,0.0,0.0,0.0,0.0,0.0,0.0,0.0,0.0,0.0,0.0,0.0,0.0,0.0,0.0,0.0,0.0,0.0,0.0,0.0,0.0,0.0,0.0,0.0,0.0,0.0,0.0,0.0,0.0,0.0,0.0,0.0,0.0,0.0,0.0,0.0,0.0,0.0,0.0,0.0,0.0,0.0,0.0
270,270,270,KR,270,2021-03,2021-03-01,2021,3,14.0,Cambodia (Kampuchea); Thailand,ucdp_actor_metadata_fallback,2,1.0986122886681098,False,True,4.0,6.0,1.6094379124341003,1.9459101490553132,5.0,5.0,5.0,1.0,1.0,3.0,4.0,4.0,3.0,0.0,1.0,0.0,0.0,0.0,2.0,0.0,0.0,2.0,0.0,0.0,0.2,0.6931471805599453,0.6,1.3862943611198906,0.8,1.6094379124341003,0.8,1.6094379124341003,0.6,1.3862943611198906,0.0,0.0,0.2,0.6931471805599453,0.0,0.0,0.0,0.0,0.0,0.0,0.4,1.0986122886681098,0.0,0.0,0.0,0.0,0.4,1.0986122886681098,0.0,0.0,0.0,0.0,1.791759469228055
270,270,270,KR,270,2021-04,2021-04-01,2021,4,15.0,Cambodia (Kampuchea); Thailand,ucdp_actor_metadata_fallback,2,1.0986122886681098,False,True,6.0,4.0,1.9459101490553132,1.6094379124341003,5.0,5.0,5.0,1.0,0.0,0.0,4.0,5.0,1.0,0.0,0.0,0.0,0.0,0.0,5.0,0.0,0.0,0.0,0.0,0.0,0.0,0.0,0.0,0.0,0.8,1.6094379124341003,1.0,1.791759469228055,0.2,0.6931471805599453,0.0,0.0,0.0,0.0,0.0,0.0,0.0,0.0,0.0,0.0,1.0,1.791759469228055,0.0,0.0,0.0,0.0,0.0,0.0,0.0,0.0,0.0,0.0,1.791759469228055
270,270,270,KR,270,2021-05,2021-05-01,2021,5,16.0,Cambodia (Kampuchea); Thailand,ucdp_actor_metadata_fallback,2,1.0986122886681098,False,True,4.0,2.0,1.6094379124341003,1.0986122886681098,3.0,3.0,3.0,1.0,0.0,3.0,3.0,2.0,1.0,0.0,1.0,0.0,0.0,0.0,0.0,0.0,0.0,2.0,0.0,0.0,0.0,0.0,1.0,1.3862943611198906,1.0,1.3862943611198906,0.6666666666666666,1.0986122886681098,0.3333333333333333,0.6931471805599453,0.0,0.0,0.3333333333333333,0.6931471805599453,0.0,0.0,0.0,0.0,0.0,0.0,0.0,0.0,0.0,0.0,0.0,0.0,0.6666666666666666,1.0986122886681098,0.0,0.0,0.0,0.0,1.3862943611198906
270,270,270,KR,270,2021-06,2021-06-01,2021,6,17.0,Cambodia (Kampuchea); Thailand,ucdp_actor_metadata_fallback,2,1.0986122886681098,False,True,2.0,5.0,1.0986122886681098,1.791759469228055,1.0,1.0,1.0,1.0,0.0,0.0,0.0,1.0,0.0,0.0,0.0,0.0,0.0,0.0,1.0,0.0,0.0,0.0,0.0,0.0,0.0,0.0,0.0,0.0,0.0,0.0,1.0,0.6931471805599453,0.0,0.0,0.0,0.0,0.0,0.0,0.0,0.0,0.0,0.0,0.0,0.0,1.0,0.6931471805599453,0.0,0.0,0.0,0.0,0.0,0.0,0.0,0.0,0.0,0.0,0.6931471805599453
270,270,270,KR,270,2021-07,2021-07-01,2021,7,18.0,Cambodia (Kampuchea); Thailand,ucdp_actor_metadata_fallback,2,1.0986122886681098,False,True,5.0,3.0,1.791759469228055,1.3862943611198906,2.0,2.0,2.0,1.0,0.0,1.0,1.0,2.0,0.0,0.0,0.0,0.0,0.0,0.0,1.0,0.0,0.0,1.0,0.0,0.0,0.0,0.0,0.5,0.6931471805599453,0.5,0.6931471805599453,1.0,1.0986122886681098,0.0,0.0,0.0,0.0,0.0,0.0,0.0,0.0,0.0,0.0,0.0,0.0,0.5,0.6931471805599453,0.0,0.0,0.0,0.0,0.5,0.6931471805599453,0.0,0.0,0.0,0.0,1.0986122886681098
270,270,270,KR,270,2021-08,2021-08-01,2021,8,19.0,Cambodia (Kampuchea); Thailand,ucdp_actor_metadata_fallback,2,1.0986122886681098,False,True,3.0,5.0,1.3862943611198906,1.791759469228055,0.0,0.0,0.0,0.0,0.0,0.0,0.0,0.0,0.0,0.0,0.0,0.0,0.0,0.0,0.0,0.0,0.0,0.0,0.0,0.0,0.0,0.0,0.0,0.0,0.0,0.0,0.0,0.0,0.0,0.0,0.0,0.0,0.0,0.0,0.0,0.0,0.0,0.0,0.0,0.0,0.0,0.0,0.0,0.0,0.0,0.0,0.0,0.0,0.0,0.0,0.0,0.0,0.0
270,270,270,KR,270,2021-09,2021-09-01,2021,9,20.0,Cambodia (Kampuchea); Thailand,ucdp_actor_metadata_fallback,2,1.0986122886681098,False,True,5.0,6.0,1.791759469228055,1.9459101490553132,3.0,3.0,3.0,1.0,1.0,3.0,2.0,3.0,2.0,0.0,0.0,0.0,0.0,0.0,0.0,0.0,0.0,3.0,0.0,0.0,0.3333333333333333,0.6931471805599453,1.0,1.3862943611198906,0.6666666666666666,1.0986122886681098,1.0,1.3862943611198906,0.6666666666666666,1.0986122886681098,0.0,0.0,0.0,0.0,0.0,0.0,0.0,0.0,0.0,0.0,0.0,0.0,0.0,0.0,0.0,0.0,1.0,1.3862943611198906,0.0,0.0,0.0,0.0,1.3862943611198906
270,270,270,KR,270,2021-10,2021-10-01,2021,10,21.0,Cambodia (Kampuchea); Thailand,ucdp_actor_metadata_fallback,2,1.0986122886681098,False,True,6.0,1.0,1.9459101490553132,0.6931471805599453,5.0,5.0,5.0,1.0,1.0,5.0,4.0,5.0,1.0,0.0,0.0,0.0,0.0,0.0,0.0,0.0,0.0,5.0,0.0,0.0,0.2,0.6931471805599453,1.0,1.791759469228055,0.8,1.6094379124341003,1.0,1.791759469228055,0.2,0.6931471805599453,0.0,0.0,0.0,0.0,0.0,0.0,0.0,0.0,0.0,0.0,0.0,0.0,0.0,0.0,0.0,0.0,1.0,1.791759469228055,0.0,0.0,0.0,0.0,1.791759469228055
270,270,270,KR,270,2021-11,2021-11-01,2021,11,22.0,Cambodia (Kampuchea); Thailand,ucdp_actor_metadata_fallback,2,1.0986122886681098,False,True,1.0,2.0,0.6931471805599453,1.0986122886681098,3.0,3.0,3.0,1.0,0.0,3.0,1.0,2.0,0.0,0.0,0.0,0.0,0.0,0.0,0.0,0.0,0.0,3.0,0.0,0.0,0.0,0.0,1.0,1.3862943611198906,0.3333333333333333,0.6931471805599453,0.6666666666666666,1.0986122886681098,0.0,0.0,0.0,0.0,0.0,0.0,0.0,0.0,0.0,0.0,0.0,0.0,0.0,0.0,0.0,0.0,0.0,0.0,1.0,1.3862943611198906,0.0,0.0,0.0,0.0,1.3862943611198906
270,270,270,KR,270,2021-12,2021-12-01,2021,12,23.0,Cambodia (Kampuchea); Thailand,ucdp_actor_metadata_fallback,2,1.0986122886681098,False,True,2.0,5.0,1.0986122886681098,1.791759469228055,3.0,3.0,3.0,1.0,0.0,1.0,1.0,1.0,0.0,0.0,0.0,0.0,0.0,0.0,2.0,0.0,0.0,1.0,0.0,0.0,0.0,0.0,0.3333333333333333,0.6931471805599453,0.3333333333333333,0.6931471805599453,0.3333333333333333,0.6931471805599453,0.0,0.0,0.0,0.0,0.0,0.0,0.0,0.0,0.0,0.0,0.0,0.0,0.6666666666666666,1.0986122886681098,0.0,0.0,0.0,0.0,0.3333333333333333,0.6931471805599453,0.0,0.0,0.0,0.0,1.3862943611198906
270,270,270,KR,270,2022-01,2022-01-01,2022,1,24.0,Cambodia (Kampuchea); Thailand,ucdp_actor_metadata_fallback,2,1.0986122886681098,False,True,5.0,5.0,1.791759469228055,1.791759469228055,2.0,2.0,2.0,1.0,1.0,1.0,1.0,1.0,0.0,0.0,0.0,0.0,0.0,0.0,1.0,0.0,0.0,1.0,0.0,0.0,0.5,0.6931471805599453,0.5,0.6931471805599453,0.5,0.6931471805599453,0.5,0.6931471805599453,0.0,0.0,0.0,0.0,0.0,0.0,0.0,0.0,0.0,0.0,0.0,0.0,0.5,0.6931471805599453,0.0,0.0,0.0,0.0,0.5,0.6931471805599453,0.0,0.0,0.0,0.0,1.0986122886681098
270,270,270,KR,270,2022-02,2022-02-01,2022,2,25.0,Cambodia (Kampuchea); Thailand,ucdp_actor_metadata_fallback,2,1.0986122886681098,False,True,5.0,2.0,1.791759469228055,1.0986122886681098,0.0,0.0,0.0,0.0,0.0,0.0,0.0,0.0,0.0,0.0,0.0,0.0,0.0,0.0,0.0,0.0,0.0,0.0,0.0,0.0,0.0,0.0,0.0,0.0,0.0,0.0,0.0,0.0,0.0,0.0,0.0,0.0,0.0,0.0,0.0,0.0,0.0,0.0,0.0,0.0,0.0,0.0,0.0,0.0,0.0,0.0,0.0,0.0,0.0,0.0,0.0,0.0,0.0
270,270,270,KR,270,2022-03,2022-03-01,2022,3,26.0,Cambodia (Kampuchea); Thailand,ucdp_actor_metadata_fallback,2,1.0986122886681098,False,True,2.0,1.0,1.0986122886681098,0.6931471805599453,5.0,5.0,5.0,1.0,2.0,2.0,3.0,5.0,4.0,0.0,1.0,1.0,0.0,0.0,3.0,0.0,0.0,0.0,0.0,0.0,0.4,1.0986122886681098,0.4,1.0986122886681098,0.6,1.3862943611198906,1.0,1.791759469228055,0.8,1.6094379124341003,0.0,0.0,0.2,0.6931471805599453,0.2,0.6931471805599453,0.0,0.0,0.0,0.0,0.6,1.3862943611198906,0.0,0.0,0.0,0.0,0.0,0.0,0.0,0.0,0.0,0.0,1.791759469228055
270,270,270,KR,270,2022-04,2022-04-01,2022,4,27.0,Cambodia (Kampuchea); Thailand,ucdp_actor_metadata_fallback,2,1.0986122886681098,False,True,1.0,0.0,0.6931471805599453,0.0,0.0,0.0,0.0,0.0,0.0,0.0,0.0,0.0,0.0,0.0,0.0,0.0,0.0,0.0,0.0,0.0,0.0,0.0,0.0,0.0,0.0,0.0,0.0,0.0,0.0,0.0,0.0,0.0,0.0,0.0,0.0,0.0,0.0,0.0,0.0,0.0,0.0,0.0,0.0,0.0,0.0,0.0,0.0,0.0,0.0,0.0,0.0,0.0,0.0,0.0,0.0,0.0,0.0
270,270,270,KR,270,2022-05,2022-05-01,2022,5,28.0,Cambodia (Kampuchea); Thailand,ucdp_actor_metadata_fallback,2,1.0986122886681098,False,True,0.0,0.0,0.0,0.0,1.0,1.0,1.0,1.0,0.0,1.0,0.0,1.0,0.0,0.0,0.0,0.0,0.0,0.0,0.0,0.0,0.0,1.0,0.0,0.0,0.0,0.0,1.0,0.6931471805599453,0.0,0.0,1.0,0.6931471805599453,0.0,0.0,0.0,0.0,0.0,0.0,0.0,0.0,0.0,0.0,0.0,0.0,0.0,0.0,0.0,0.0,0.0,0.0,1.0,0.6931471805599453,0.0,0.0,0.0,0.0,0.6931471805599453
270,270,270,KR,270,2022-06,2022-06-01,2022,6,29.0,Cambodia (Kampuchea); Thailand,ucdp_actor_metadata_fallback,2,1.0986122886681098,False,True,0.0,5.0,0.0,1.791759469228055,1.0,1.0,1.0,1.0,0.0,1.0,1.0,1.0,1.0,0.0,0.0,0.0,0.0,0.0,0.0,0.0,0.0,1.0,0.0,0.0,0.0,0.0,1.0,0.6931471805599453,1.0,0.6931471805599453,1.0,0.6931471805599453,1.0,0.6931471805599453,0.0,0.0,0.0,0.0,0.0,0.0,0.0,0.0,0.0,0.0,0.0,0.0,0.0,0.0,0.0,0.0,1.0,0.6931471805599453,0.0,0.0,0.0,0.0,0.6931471805599453
270,270,270,KR,270,2022-07,2022-07-01,2022,7,30.0,Cambodia (Kampuchea); Thailand,ucdp_actor_metadata_fallback,2,1.0986122886681098,False,True,5.0,2.0,1.791759469228055,1.0986122886681098,3.0,3.0,3.0,1.0,1.0,3.0,2.0,3.0,2.0,0.0,0.0,0.0,0.0,0.0,0.0,0.0,0.0,3.0,0.0,0.0,0.3333333333333333,0.6931471805599453,1.0,1.3862943611198906,0.6666666666666666,1.0986122886681098,1.0,1.3862943611198906,0.6666666666666666,1.0986122886681098,0.0,0.0,0.0,0.0,0.0,0.0,0.0,0.0,0.0,0.0,0.0,0.0,0.0,0.0,0.0,0.0,1.0,1.3862943611198906,0.0,0.0,0.0,0.0,1.3862943611198906
270,270,270,KR,270,2022-08,2022-08-01,2022,8,31.0,Cambodia (Kampuchea); Thailand,ucdp_actor_metadata_fallback,2,1.0986122886681098,False,True,2.0,5.0,1.0986122886681098,1.791759469228055,1.0,1.0,1.0,1.0,0.0,1.0,1.0,1.0,0.0,0.0,0.0,1.0,0.0,0.0,0.0,0.0,0.0,0.0,0.0,0.0,0.0,0.0,1.0,0.6931471805599453,1.0,0.6931471805599453,1.0,0.6931471805599453,0.0,0.0,0.0,0.0,0.0,0.0,1.0,0.6931471805599453,0.0,0.0,0.0,0.0,0.0,0.0,0.0,0.0,0.0,0.0,0.0,0.0,0.0,0.0,0.0,0.0,0.6931471805599453
270,270,270,KR,270,2022-09,2022-09-01,2022,9,32.0,Cambodia (Kampuchea); Thailand,ucdp_actor_metadata_fallback,2,1.0986122886681098,False,True,5.0,2.0,1.791759469228055,1.0986122886681098,2.0,2.0,2.0,1.0,0.0,2.0,2.0,2.0,0.0,0.0,0.0,0.0,0.0,0.0,0.0,0.0,0.0,2.0,0.0,0.0,0.0,0.0,1.0,1.0986122886681098,1.0,1.0986122886681098,1.0,1.0986122886681098,0.0,0.0,0.0,0.0,0.0,0.0,0.0,0.0,0.0,0.0,0.0,0.0,0.0,0.0,0.0,0.0,0.0,0.0,1.0,1.0986122886681098,0.0,0.0,0.0,0.0,1.0986122886681098
270,270,270,KR,270,2022-10,2022-10-01,2022,10,33.0,Cambodia (Kampuchea); Thailand,ucdp_actor_metadata_fallback,2,1.0986122886681098,False,True,2.0,6.0,1.0986122886681098,1.9459101490553132,0.0,0.0,0.0,0.0,0.0,0.0,0.0,0.0,0.0,0.0,0.0,0.0,0.0,0.0,0.0,0.0,0.0,0.0,0.0,0.0,0.0,0.0,0.0,0.0,0.0,0.0,0.0,0.0,0.0,0.0,0.0,0.0,0.0,0.0,0.0,0.0,0.0,0.0,0.0,0.0,0.0,0.0,0.0,0.0,0.0,0.0,0.0,0.0,0.0,0.0,0.0,0.0,0.0
270,270,270,KR,270,2022-11,2022-11-01,2022,11,34.0,Cambodia (Kampuchea); Thailand,ucdp_actor_metadata_fallback,2,1.0986122886681098,False,True,6.0,3.0,1.9459101490553132,1.3862943611198906,4.0,4.0,4.0,1.0,0.0,3.0,2.0,4.0,1.0,0.0,0.0,1.0,0.0,0.0,1.0,0.0,0.0,2.0,0.0,0.0,0.0,0.0,0.75,1.3862943611198906,0.5,1.0986122886681098,1.0,1.6094379124341003,0.25,0.6931471805599453,0.0,0.0,0.0,0.0,0.25,0.6931471805599453,0.0,0.0,0.0,0.0,0.25,0.6931471805599453,0.0,0.0,0.0,0.0,0.5,1.0986122886681098,0.0,0.0,0.0,0.0,1.6094379124341003
270,270,270,KR,270,2022-12,2022-12-01,2022,12,35.0,Cambodia (Kampuchea); Thailand,ucdp_actor_metadata_fallback,2,1.0986122886681098,False,True,3.0,5.0,1.3862943611198906,1.791759469228055,2.0,2.0,2.0,1.0,0.0,1.0,2.0,2.0,0.0,0.0,0.0,0.0,0.0,0.0,1.0,0.0,0.0,1.0,0.0,0.0,0.0,0.0,0.5,0.6931471805599453,1.0,1.0986122886681098,1.0,1.0986122886681098,0.0,0.0,0.0,0.0,0.0,0.0,0.0,0.0,0.0,0.0,0.0,0.0,0.5,0.6931471805599453,0.0,0.0,0.0,0.0,0.5,0.6931471805599453,0.0,0.0,0.0,0.0,1.0986122886681098
270,270,270,KR,270,2023-01,2023-01-01,2023,1,36.0,Cambodia (Kampuchea); Thailand,ucdp_actor_metadata_fallback,2,1.0986122886681098,False,True,5.0,2.0,1.791759469228055,1.0986122886681098,2.0,2.0,2.0,1.0,0.0,2.0,0.0,1.0,0.0,0.0,0.0,0.0,0.0,0.0,0.0,0.0,0.0,2.0,0.0,0.0,0.0,0.0,1.0,1.0986122886681098,0.0,0.0,0.5,0.6931471805599453,0.0,0.0,0.0,0.0,0.0,0.0,0.0,0.0,0.0,0.0,0.0,0.0,0.0,0.0,0.0,0.0,0.0,0.0,1.0,1.0986122886681098,0.0,0.0,0.0,0.0,1.0986122886681098
270,270,270,KR,270,2023-02,2023-02-01,2023,2,37.0,Cambodia (Kampuchea); Thailand,ucdp_actor_metadata_fallback,2,1.0986122886681098,False,True,2.0,2.0,1.0986122886681098,1.0986122886681098,1.0,1.0,1.0,1.0,1.0,1.0,0.0,0.0,0.0,0.0,0.0,0.0,0.0,0.0,0.0,0.0,0.0,1.0,0.0,0.0,1.0,0.6931471805599453,1.0,0.6931471805599453,0.0,0.0,0.0,0.0,0.0,0.0,0.0,0.0,0.0,0.0,0.0,0.0,0.0,0.0,0.0,0.0,0.0,0.0,0.0,0.0,0.0,0.0,1.0,0.6931471805599453,0.0,0.0,0.0,0.0,0.6931471805599453
270,270,270,KR,270,2023-03,2023-03-01,2023,3,38.0,Cambodia (Kampuchea); Thailand,ucdp_actor_metadata_fallback,2,1.0986122886681098,False,True,2.0,1.0,1.0986122886681098,0.6931471805599453,2.0,2.0,2.0,1.0,0.0,0.0,2.0,2.0,1.0,0.0,0.0,0.0,0.0,0.0,1.0,0.0,0.0,1.0,0.0,0.0,0.0,0.0,0.0,0.0,1.0,1.0986122886681098,1.0,1.0986122886681098,0.5,0.6931471805599453,0.0,0.0,0.0,0.0,0.0,0.0,0.0,0.0,0.0,0.0,0.5,0.6931471805599453,0.0,0.0,0.0,0.0,0.5,0.6931471805599453,0.0,0.0,0.0,0.0,1.0986122886681098
270,270,270,KR,270,2023-04,2023-04-01,2023,4,39.0,Cambodia (Kampuchea); Thailand,ucdp_actor_metadata_fallback,2,1.0986122886681098,False,True,1.0,2.0,0.6931471805599453,1.0986122886681098,4.0,4.0,4.0,1.0,0.0,1.0,3.0,3.0,0.0,0.0,0.0,0.0,0.0,0.0,3.0,0.0,0.0,1.0,0.0,0.0,0.0,0.0,0.25,0.6931471805599453,0.75,1.3862943611198906,0.75,1.3862943611198906,0.0,0.0,0.0,0.0,0.0,0.0,0.0,0.0,0.0,0.0,0.0,0.0,0.75,1.3862943611198906,0.0,0.0,0.0,0.0,0.25,0.6931471805599453,0.0,0.0,0.0,0.0,1.6094379124341003
270,270,270,KR,270,2023-05,2023-05-01,2023,5,40.0,Cambodia (Kampuchea); Thailand,ucdp_actor_metadata_fallback,2,1.0986122886681098,False,True,2.0,2.0,1.0986122886681098,1.0986122886681098,9.0,9.0,9.0,1.0,0.0,5.0,6.0,7.0,2.0,0.0,0.0,0.0,0.0,0.0,4.0,0.0,0.0,5.0,0.0,0.0,0.0,0.0,0.5555555555555556,1.791759469228055,0.6666666666666666,1.9459101490553132,0.7777777777777778,2.0794415416798357,0.2222222222222222,1.0986122886681098,0.0,0.0,0.0,0.0,0.0,0.0,0.0,0.0,0.0,0.0,0.4444444444444444,1.6094379124341003,0.0,0.0,0.0,0.0,0.5555555555555556,1.791759469228055,0.0,0.0,0.0,0.0,2.302585092994046
270,270,270,KR,270,2023-06,2023-06-01,2023,6,41.0,Cambodia (Kampuchea); Thailand,ucdp_actor_metadata_fallback,2,1.0986122886681098,False,True,2.0,3.0,1.0986122886681098,1.3862943611198906,2.0,2.0,2.0,1.0,0.0,2.0,2.0,2.0,0.0,0.0,0.0,0.0,0.0,0.0,0.0,0.0,0.0,2.0,0.0,0.0,0.0,0.0,1.0,1.0986122886681098,1.0,1.0986122886681098,1.0,1.0986122886681098,0.0,0.0,0.0,0.0,0.0,0.0,0.0,0.0,0.0,0.0,0.0,0.0,0.0,0.0,0.0,0.0,0.0,0.0,1.0,1.0986122886681098,0.0,0.0,0.0,0.0,1.0986122886681098
270,270,270,KR,270,2023-07,2023-07-01,2023,7,42.0,Cambodia (Kampuchea); Thailand,ucdp_actor_metadata_fallback,2,1.0986122886681098,False,True,3.0,11.0,1.3862943611198906,2.4849066497880004,8.0,8.0,8.0,1.0,2.0,7.0,8.0,6.0,0.0,0.0,0.0,0.0,0.0,0.0,1.0,0.0,0.0,7.0,0.0,0.0,0.25,1.0986122886681098,0.875,2.0794415416798357,1.0,2.1972245773362196,0.75,1.9459101490553132,0.0,0.0,0.0,0.0,0.0,0.0,0.0,0.0,0.0,0.0,0.0,0.0,0.125,0.6931471805599453,0.0,0.0,0.0,0.0,0.875,2.0794415416798357,0.0,0.0,0.0,0.0,2.1972245773362196
270,270,270,KR,270,2023-08,2023-08-01,2023,8,43.0,Cambodia (Kampuchea); Thailand,ucdp_actor_metadata_fallback,2,1.0986122886681098,False,True,11.0,1.0,2.4849066497880004,0.6931471805599453,10.0,10.0,10.0,1.0,5.0,10.0,10.0,8.0,2.0,0.0,0.0,0.0,0.0,0.0,0.0,2.0,0.0,8.0,0.0,0.0,0.5,1.791759469228055,1.0,2.3978952727983707,1.0,2.3978952727983707,0.8,2.1972245773362196,0.2,1.0986122886681098,0.0,0.0,0.0,0.0,0.0,0.0,0.0,0.0,0.0,0.0,0.0,0.0,0.2,1.0986122886681098,0.0,0.0,0.8,2.1972245773362196,0.0,0.0,0.0,0.0,2.3978952727983707
270,270,270,KR,270,2023-09,2023-09-01,2023,9,44.0,Cambodia (Kampuchea); Thailand,ucdp_actor_metadata_fallback,2,1.0986122886681098,False,True,1.0,1.0,0.6931471805599453,0.6931471805599453,1.0,1.0,1.0,1.0,0.0,1.0,0.0,1.0,0.0,0.0,0.0,0.0,0.0,0.0,0.0,0.0,0.0,1.0,0.0,0.0,0.0,0.0,1.0,0.6931471805599453,0.0,0.0,1.0,0.6931471805599453,0.0,0.0,0.0,0.0,0.0,0.0,0.0,0.0,0.0,0.0,0.0,0.0,0.0,0.0,0.0,0.0,0.0,0.0,1.0,0.6931471805599453,0.0,0.0,0.0,0.0,0.6931471805599453
270,270,270,KR,270,2023-10,2023-10-01,2023,10,45.0,Cambodia (Kampuchea); Thailand,ucdp_actor_metadata_fallback,2,1.0986122886681098,False,True,1.0,1.0,0.6931471805599453,0.6931471805599453,4.0,4.0,4.0,1.0,0.0,2.0,3.0,4.0,0.0,0.0,0.0,0.0,0.0,0.0,2.0,0.0,0.0,2.0,0.0,0.0,0.0,0.0,0.5,1.0986122886681098,0.75,1.3862943611198906,1.0,1.6094379124341003,0.0,0.0,0.0,0.0,0.0,0.0,0.0,0.0,0.0,0.0,0.0,0.0,0.5,1.0986122886681098,0.0,0.0,0.0,0.0,0.5,1.0986122886681098,0.0,0.0,0.0,0.0,1.6094379124341003
270,270,270,KR,270,2023-11,2023-11-01,2023,11,46.0,Cambodia (Kampuchea); Thailand,ucdp_actor_metadata_fallback,2,1.0986122886681098,False,True,1.0,0.0,0.6931471805599453,0.0,0.0,0.0,0.0,0.0,0.0,0.0,0.0,0.0,0.0,0.0,0.0,0.0,0.0,0.0,0.0,0.0,0.0,0.0,0.0,0.0,0.0,0.0,0.0,0.0,0.0,0.0,0.0,0.0,0.0,0.0,0.0,0.0,0.0,0.0,0.0,0.0,0.0,0.0,0.0,0.0,0.0,0.0,0.0,0.0,0.0,0.0,0.0,0.0,0.0,0.0,0.0,0.0,0.0
270,270,270,KR,270,2023-12,2023-12-01,2023,12,47.0,Cambodia (Kampuchea); Thailand,ucdp_actor_metadata_fallback,2,1.0986122886681098,False,True,0.0,1.0,0.0,0.6931471805599453,5.0,5.0,5.0,1.0,1.0,3.0,4.0,5.0,1.0,0.0,0.0,1.0,0.0,0.0,2.0,0.0,0.0,2.0,0.0,0.0,0.2,0.6931471805599453,0.6,1.3862943611198906,0.8,1.6094379124341003,1.0,1.791759469228055,0.2,0.6931471805599453,0.0,0.0,0.0,0.0,0.2,0.6931471805599453,0.0,0.0,0.0,0.0,0.4,1.0986122886681098,0.0,0.0,0.0,0.0,0.4,1.0986122886681098,0.0,0.0,0.0,0.0,1.791759469228055
270,270,270,KR,270,2024-01,2024-01-01,2024,1,48.0,Cambodia (Kampuchea); Thailand,ucdp_actor_metadata_fallback,2,1.0986122886681098,False,True,1.0,5.0,0.6931471805599453,1.791759469228055,5.0,5.0,5.0,1.0,0.0,4.0,4.0,4.0,0.0,0.0,0.0,0.0,0.0,0.0,1.0,0.0,0.0,4.0,0.0,0.0,0.0,0.0,0.8,1.6094379124341003,0.8,1.6094379124341003,0.8,1.6094379124341003,0.0,0.0,0.0,0.0,0.0,0.0,0.0,0.0,0.0,0.0,0.0,0.0,0.2,0.6931471805599453,0.0,0.0,0.0,0.0,0.8,1.6094379124341003,0.0,0.0,0.0,0.0,1.791759469228055
270,270,270,KR,270,2024-02,2024-02-01,2024,2,49.0,Cambodia (Kampuchea); Thailand,ucdp_actor_metadata_fallback,2,1.0986122886681098,False,True,5.0,4.0,1.791759469228055,1.6094379124341003,6.0,6.0,6.0,1.0,2.0,3.0,2.0,5.0,1.0,0.0,0.0,0.0,0.0,0.0,3.0,0.0,0.0,3.0,0.0,0.0,0.3333333333333333,1.0986122886681098,0.5,1.3862943611198906,0.3333333333333333,1.0986122886681098,0.8333333333333334,1.791759469228055,0.16666666666666666,0.6931471805599453,0.0,0.0,0.0,0.0,0.0,0.0,0.0,0.0,0.0,0.0,0.5,1.3862943611198906,0.0,0.0,0.0,0.0,0.5,1.3862943611198906,0.0,0.0,0.0,0.0,1.9459101490553132
270,270,270,KR,270,2024-03,2024-03-01,2024,3,50.0,Cambodia (Kampuchea); Thailand,ucdp_actor_metadata_fallback,2,1.0986122886681098,False,True,4.0,6.0,1.6094379124341003,1.9459101490553132,3.0,3.0,3.0,1.0,0.0,2.0,2.0,2.0,2.0,0.0,0.0,0.0,0.0,0.0,1.0,0.0,0.0,2.0,0.0,0.0,0.0,0.0,0.6666666666666666,1.0986122886681098,0.6666666666666666,1.0986122886681098,0.6666666666666666,1.0986122886681098,0.6666666666666666,1.0986122886681098,0.0,0.0,0.0,0.0,0.0,0.0,0.0,0.0,0.0,0.0,0.3333333333333333,0.6931471805599453,0.0,0.0,0.0,0.0,0.6666666666666666,1.0986122886681098,0.0,0.0,0.0,0.0,1.3862943611198906
270,270,270,KR,270,2024-04,2024-04-01,2024,4,51.0,Cambodia (Kampuchea); Thailand,ucdp_actor_metadata_fallback,2,1.0986122886681098,False,True,6.0,8.0,1.9459101490553132,2.1972245773362196,14.0,14.0,14.0,1.0,0.0,9.0,10.0,12.0,1.0,0.0,0.0,0.0,0.0,0.0,5.0,0.0,0.0,9.0,0.0,0.0,0.0,0.0,0.6428571428571429,2.302585092994046,0.7142857142857143,2.3978952727983707,0.8571428571428571,2.5649493574615367,0.07142857142857142,0.6931471805599453,0.0,0.0,0.0,0.0,0.0,0.0,0.0,0.0,0.0,0.0,0.35714285714285715,1.791759469228055,0.0,0.0,0.0,0.0,0.6428571428571429,2.302585092994046,0.0,0.0,0.0,0.0,2.70805020110221
270,270,270,KR,270,2024-05,2024-05-01,2024,5,52.0,Cambodia (Kampuchea); Thailand,ucdp_actor_metadata_fallback,2,1.0986122886681098,False,True,8.0,3.0,2.1972245773362196,1.3862943611198906,7.0,7.0,7.0,1.0,1.0,5.0,4.0,5.0,1.0,0.0,0.0,1.0,0.0,0.0,2.0,0.0,0.0,4.0,0.0,0.0,0.14285714285714285,0.6931471805599453,0.7142857142857143,1.791759469228055,0.5714285714285714,1.6094379124341003,0.7142857142857143,1.791759469228055,0.14285714285714285,0.6931471805599453,0.0,0.0,0.0,0.0,0.14285714285714285,0.6931471805599453,0.0,0.0,0.0,0.0,0.2857142857142857,1.0986122886681098,0.0,0.0,0.0,0.0,0.5714285714285714,1.6094379124341003,0.0,0.0,0.0,0.0,2.0794415416798357
270,270,270,KR,270,2024-06,2024-06-01,2024,6,53.0,Cambodia (Kampuchea); Thailand,ucdp_actor_metadata_fallback,2,1.0986122886681098,False,True,3.0,6.0,1.3862943611198906,1.9459101490553132,0.0,0.0,0.0,0.0,0.0,0.0,0.0,0.0,0.0,0.0,0.0,0.0,0.0,0.0,0.0,0.0,0.0,0.0,0.0,0.0,0.0,0.0,0.0,0.0,0.0,0.0,0.0,0.0,0.0,0.0,0.0,0.0,0.0,0.0,0.0,0.0,0.0,0.0,0.0,0.0,0.0,0.0,0.0,0.0,0.0,0.0,0.0,0.0,0.0,0.0,0.0,0.0,0.0
270,270,270,KR,270,2024-07,2024-07-01,2024,7,54.0,Cambodia (Kampuchea); Thailand,ucdp_actor_metadata_fallback,2,1.0986122886681098,False,True,6.0,2.0,1.9459101490553132,1.0986122886681098,2.0,2.0,2.0,1.0,0.0,1.0,0.0,0.0,0.0,0.0,0.0,0.0,0.0,0.0,1.0,0.0,0.0,1.0,0.0,0.0,0.0,0.0,0.5,0.6931471805599453,0.0,0.0,0.0,0.0,0.0,0.0,0.0,0.0,0.0,0.0,0.0,0.0,0.0,0.0,0.0,0.0,0.5,0.6931471805599453,0.0,0.0,0.0,0.0,0.5,0.6931471805599453,0.0,0.0,0.0,0.0,1.0986122886681098
270,270,270,KR,270,2024-08,2024-08-01,2024,8,55.0,Cambodia (Kampuchea); Thailand,ucdp_actor_metadata_fallback,2,1.0986122886681098,False,True,2.0,0.0,1.0986122886681098,0.0,1.0,1.0,1.0,1.0,0.0,1.0,1.0,1.0,0.0,0.0,0.0,0.0,0.0,0.0,0.0,0.0,0.0,1.0,0.0,0.0,0.0,0.0,1.0,0.6931471805599453,1.0,0.6931471805599453,1.0,0.6931471805599453,0.0,0.0,0.0,0.0,0.0,0.0,0.0,0.0,0.0,0.0,0.0,0.0,0.0,0.0,0.0,0.0,0.0,0.0,1.0,0.6931471805599453,0.0,0.0,0.0,0.0,0.6931471805599453
270,270,270,KR,270,2024-09,2024-09-01,2024,9,56.0,Cambodia (Kampuchea); Thailand,ucdp_actor_metadata_fallback,2,1.0986122886681098,False,True,0.0,1.0,0.0,0.6931471805599453,5.0,5.0,5.0,1.0,0.0,2.0,2.0,2.0,0.0,0.0,0.0,0.0,0.0,0.0,3.0,0.0,0.0,2.0,0.0,0.0,0.0,0.0,0.4,1.0986122886681098,0.4,1.0986122886681098,0.4,1.0986122886681098,0.0,0.0,0.0,0.0,0.0,0.0,0.0,0.0,0.0,0.0,0.0,0.0,0.6,1.3862943611198906,0.0,0.0,0.0,0.0,0.4,1.0986122886681098,0.0,0.0,0.0,0.0,1.791759469228055
270,270,270,KR,270,2024-10,2024-10-01,2024,10,57.0,Cambodia (Kampuchea); Thailand,ucdp_actor_metadata_fallback,2,1.0986122886681098,False,True,1.0,2.0,0.6931471805599453,1.0986122886681098,6.0,6.0,6.0,1.0,0.0,5.0,4.0,5.0,0.0,0.0,0.0,1.0,0.0,0.0,1.0,0.0,1.0,3.0,0.0,0.0,0.0,0.0,0.8333333333333334,1.791759469228055,0.6666666666666666,1.6094379124341003,0.8333333333333334,1.791759469228055,0.0,0.0,0.0,0.0,0.0,0.0,0.16666666666666666,0.6931471805599453,0.0,0.0,0.0,0.0,0.16666666666666666,0.6931471805599453,0.0,0.0,0.16666666666666666,0.6931471805599453,0.5,1.3862943611198906,0.0,0.0,0.0,0.0,1.9459101490553132
270,270,270,KR,270,2024-11,2024-11-01,2024,11,58.0,Cambodia (Kampuchea); Thailand,ucdp_actor_metadata_fallback,2,1.0986122886681098,False,True,2.0,1.0,1.0986122886681098,0.6931471805599453,1.0,1.0,1.0,1.0,0.0,1.0,0.0,1.0,1.0,0.0,0.0,1.0,0.0,0.0,0.0,0.0,0.0,0.0,0.0,0.0,0.0,0.0,1.0,0.6931471805599453,0.0,0.0,1.0,0.6931471805599453,1.0,0.6931471805599453,0.0,0.0,0.0,0.0,1.0,0.6931471805599453,0.0,0.0,0.0,0.0,0.0,0.0,0.0,0.0,0.0,0.0,0.0,0.0,0.0,0.0,0.0,0.0,0.6931471805599453
270,270,270,KR,270,2024-12,2024-12-01,2024,12,59.0,Cambodia (Kampuchea); Thailand,ucdp_actor_metadata_fallback,2,1.0986122886681098,False,True,1.0,7.0,0.6931471805599453,2.0794415416798357,3.0,3.0,3.0,1.0,0.0,2.0,2.0,3.0,1.0,0.0,0.0,1.0,0.0,0.0,0.0,0.0,0.0,2.0,0.0,0.0,0.0,0.0,0.6666666666666666,1.0986122886681098,0.6666666666666666,1.0986122886681098,1.0,1.3862943611198906,0.3333333333333333,0.6931471805599453,0.0,0.0,0.0,0.0,0.3333333333333333,0.6931471805599453,0.0,0.0,0.0,0.0,0.0,0.0,0.0,0.0,0.0,0.0,0.6666666666666666,1.0986122886681098,0.0,0.0,0.0,0.0,1.3862943611198906
270,270,270,KR,270,2025-01,2025-01-01,2025,1,60.0,Cambodia (Kampuchea); Thailand,ucdp_actor_metadata_fallback,2,1.0986122886681098,False,True,7.0,4.0,2.0794415416798357,1.6094379124341003,6.0,6.0,6.0,1.0,0.0,4.0,6.0,6.0,2.0,0.0,0.0,0.0,0.0,0.0,2.0,0.0,0.0,4.0,0.0,0.0,0.0,0.0,0.6666666666666666,1.6094379124341003,1.0,1.9459101490553132,1.0,1.9459101490553132,0.3333333333333333,1.0986122886681098,0.0,0.0,0.0,0.0,0.0,0.0,0.0,0.0,0.0,0.0,0.3333333333333333,1.0986122886681098,0.0,0.0,0.0,0.0,0.6666666666666666,1.6094379124341003,0.0,0.0,0.0,0.0,1.9459101490553132
270,270,270,KR,270,2025-02,2025-02-01,2025,2,61.0,Cambodia (Kampuchea); Thailand,ucdp_actor_metadata_fallback,2,1.0986122886681098,False,True,4.0,6.0,1.6094379124341003,1.9459101490553132,1.0,1.0,1.0,1.0,0.0,0.0,1.0,1.0,0.0,0.0,0.0,0.0,0.0,0.0,1.0,0.0,0.0,0.0,0.0,0.0,0.0,0.0,0.0,0.0,1.0,0.6931471805599453,1.0,0.6931471805599453,0.0,0.0,0.0,0.0,0.0,0.0,0.0,0.0,0.0,0.0,0.0,0.0,1.0,0.6931471805599453,0.0,0.0,0.0,0.0,0.0,0.0,0.0,0.0,0.0,0.0,0.6931471805599453
270,270,270,KR,270,2025-03,2025-03-01,2025,3,62.0,Cambodia (Kampuchea); Thailand,ucdp_actor_metadata_fallback,2,1.0986122886681098,False,True,6.0,7.0,1.9459101490553132,2.0794415416798357,4.0,4.0,4.0,1.0,1.0,4.0,3.0,3.0,0.0,0.0,0.0,0.0,0.0,0.0,0.0,0.0,0.0,4.0,0.0,0.0,0.25,0.6931471805599453,1.0,1.6094379124341003,0.75,1.3862943611198906,0.75,1.3862943611198906,0.0,0.0,0.0,0.0,0.0,0.0,0.0,0.0,0.0,0.0,0.0,0.0,0.0,0.0,0.0,0.0,0.0,0.0,1.0,1.6094379124341003,0.0,0.0,0.0,0.0,1.6094379124341003
270,270,270,KR,270,2025-04,2025-04-01,2025,4,63.0,Cambodia (Kampuchea); Thailand,ucdp_actor_metadata_fallback,2,1.0986122886681098,False,True,7.0,12.0,2.0794415416798357,2.5649493574615367,6.0,6.0,6.0,1.0,3.0,6.0,4.0,6.0,2.0,0.0,2.0,0.0,0.0,0.0,0.0,0.0,0.0,4.0,0.0,0.0,0.5,1.3862943611198906,1.0,1.9459101490553132,0.6666666666666666,1.6094379124341003,1.0,1.9459101490553132,0.3333333333333333,1.0986122886681098,0.0,0.0,0.3333333333333333,1.0986122886681098,0.0,0.0,0.0,0.0,0.0,0.0,0.0,0.0,0.0,0.0,0.0,0.0,0.6666666666666666,1.6094379124341003,0.0,0.0,0.0,0.0,1.9459101490553132
270,270,270,KR,270,2025-05,2025-05-01,2025,5,64.0,Cambodia (Kampuchea); Thailand,ucdp_actor_metadata_fallback,2,1.0986122886681098,False,True,12.0,3.0,2.5649493574615367,1.3862943611198906,7.0,7.0,7.0,1.0,2.0,5.0,7.0,6.0,4.0,0.0,2.0,1.0,0.0,0.0,1.0,0.0,0.0,3.0,0.0,0.0,0.2857142857142857,1.0986122886681098,0.7142857142857143,1.791759469228055,1.0,2.0794415416798357,0.8571428571428571,1.9459101490553132,0.5714285714285714,1.6094379124341003,0.0,0.0,0.2857142857142857,1.0986122886681098,0.14285714285714285,0.6931471805599453,0.0,0.0,0.0,0.0,0.14285714285714285,0.6931471805599453,0.0,0.0,0.0,0.0,0.42857142857142855,1.3862943611198906,0.0,0.0,0.0,0.0,2.0794415416798357
270,270,270,KR,270,2025-06,2025-06-01,2025,6,65.0,Cambodia (Kampuchea); Thailand,ucdp_actor_metadata_fallback,2,1.0986122886681098,False,True,3.0,91.0,1.3862943611198906,4.5217885770490405,0.0,0.0,0.0,0.0,0.0,0.0,0.0,0.0,0.0,0.0,0.0,0.0,0.0,0.0,0.0,0.0,0.0,0.0,0.0,0.0,0.0,0.0,0.0,0.0,0.0,0.0,0.0,0.0,0.0,0.0,0.0,0.0,0.0,0.0,0.0,0.0,0.0,0.0,0.0,0.0,0.0,0.0,0.0,0.0,0.0,0.0,0.0,0.0,0.0,0.0,0.0,0.0,0.0
270,270,270,KR,270,2025-07,2025-07-01,2025,7,66.0,Cambodia (Kampuchea); Thailand,ucdp_actor_metadata_fallback,2,1.0986122886681098,False,True,91.0,0.0,4.5217885770490405,0.0,4.0,4.0,4.0,1.0,0.0,2.0,2.0,2.0,1.0,0.0,0.0,0.0,0.0,0.0,2.0,0.0,0.0,2.0,0.0,0.0,0.0,0.0,0.5,1.0986122886681098,0.5,1.0986122886681098,0.5,1.0986122886681098,0.25,0.6931471805599453,0.0,0.0,0.0,0.0,0.0,0.0,0.0,0.0,0.0,0.0,0.5,1.0986122886681098,0.0,0.0,0.0,0.0,0.5,1.0986122886681098,0.0,0.0,0.0,0.0,1.6094379124341003
270,270,270,KR,270,2025-08,2025-08-01,2025,8,67.0,Cambodia (Kampuchea); Thailand,ucdp_actor_metadata_fallback,2,1.0986122886681098,False,True,0.0,1.0,0.0,0.6931471805599453,0.0,0.0,0.0,0.0,0.0,0.0,0.0,0.0,0.0,0.0,0.0,0.0,0.0,0.0,0.0,0.0,0.0,0.0,0.0,0.0,0.0,0.0,0.0,0.0,0.0,0.0,0.0,0.0,0.0,0.0,0.0,0.0,0.0,0.0,0.0,0.0,0.0,0.0,0.0,0.0,0.0,0.0,0.0,0.0,0.0,0.0,0.0,0.0,0.0,0.0,0.0,0.0,0.0
270,270,270,KR,270,2025-09,2025-09-01,2025,9,68.0,Cambodia (Kampuchea); Thailand,ucdp_actor_metadata_fallback,2,1.0986122886681098,False,True,1.0,2.0,0.6931471805599453,1.0986122886681098,4.0,4.0,4.0,1.0,2.0,4.0,3.0,4.0,1.0,0.0,0.0,0.0,0.0,0.0,0.0,0.0,0.0,4.0,0.0,0.0,0.5,1.0986122886681098,1.0,1.6094379124341003,0.75,1.3862943611198906,1.0,1.6094379124341003,0.25,0.6931471805599453,0.0,0.0,0.0,0.0,0.0,0.0,0.0,0.0,0.0,0.0,0.0,0.0,0.0,0.0,0.0,0.0,1.0,1.6094379124341003,0.0,0.0,0.0,0.0,1.6094379124341003
270,270,270,KR,270,2025-10,2025-10-01,2025,10,69.0,Cambodia (Kampuchea); Thailand,ucdp_actor_metadata_fallback,2,1.0986122886681098,False,True,2.0,0.0,1.0986122886681098,0.0,0.0,0.0,0.0,0.0,0.0,0.0,0.0,0.0,0.0,0.0,0.0,0.0,0.0,0.0,0.0,0.0,0.0,0.0,0.0,0.0,0.0,0.0,0.0,0.0,0.0,0.0,0.0,0.0,0.0,0.0,0.0,0.0,0.0,0.0,0.0,0.0,0.0,0.0,0.0,0.0,0.0,0.0,0.0,0.0,0.0,0.0,0.0,0.0,0.0,0.0,0.0,0.0,0.0
270,270,270,KR,270,2025-11,2025-11-01,2025,11,70.0,Cambodia (Kampuchea); Thailand,ucdp_actor_metadata_fallback,2,1.0986122886681098,False,True,0.0,164.0,0.0,5.10594547390058,2.0,2.0,2.0,1.0,0.0,2.0,2.0,2.0,1.0,0.0,0.0,1.0,0.0,0.0,0.0,0.0,0.0,1.0,0.0,0.0,0.0,0.0,1.0,1.0986122886681098,1.0,1.0986122886681098,1.0,1.0986122886681098,0.5,0.6931471805599453,0.0,0.0,0.0,0.0,0.5,0.6931471805599453,0.0,0.0,0.0,0.0,0.0,0.0,0.0,0.0,0.0,0.0,0.5,0.6931471805599453,0.0,0.0,0.0,0.0,1.0986122886681098
270,270,270,KR,270,2025-12,2025-12-01,2025,12,71.0,Cambodia (Kampuchea); Thailand,ucdp_actor_metadata_fallback,2,1.0986122886681098,False,False,164.0,,5.10594547390058,,1.0,1.0,1.0,1.0,0.0,1.0,1.0,1.0,0.0,0.0,0.0,0.0,0.0,0.0,0.0,0.0,0.0,1.0,0.0,0.0,0.0,0.0,1.0,0.6931471805599453,1.0,0.6931471805599453,1.0,0.6931471805599453,0.0,0.0,0.0,0.0,0.0,0.0,0.0,0.0,0.0,0.0,0.0,0.0,0.0,0.0,0.0,0.0,0.0,0.0,1.0,0.6931471805599453,0.0,0.0,0.0,0.0,0.6931471805599453
488,488,488,LRA,488,2020-01,2020-01-01,2020,1,0.0,Central African Republic; DR Congo (Zaire),ged_rolling_24m,2,1.0986122886681098,False,True,616.0,349.0,6.424869023905388,5.857933154483459,0.0,0.0,0.0,0.0,0.0,0.0,0.0,0.0,0.0,0.0,0.0,0.0,0.0,0.0,0.0,0.0,0.0,0.0,0.0,0.0,0.0,0.0,0.0,0.0,0.0,0.0,0.0,0.0,0.0,0.0,0.0,0.0,0.0,0.0,0.0,0.0,0.0,0.0,0.0,0.0,0.0,0.0,0.0,0.0,0.0,0.0,0.0,0.0,0.0,0.0,0.0,0.0,0.0
488,488,488,LRA,488,2020-02,2020-02-01,2020,2,1.0,Central African Republic; DR Congo (Zaire),ged_rolling_24m,2,1.0986122886681098,False,True,349.0,384.0,5.857933154483459,5.953243334287785,0.0,0.0,0.0,0.0,0.0,0.0,0.0,0.0,0.0,0.0,0.0,0.0,0.0,0.0,0.0,0.0,0.0,0.0,0.0,0.0,0.0,0.0,0.0,0.0,0.0,0.0,0.0,0.0,0.0,0.0,0.0,0.0,0.0,0.0,0.0,0.0,0.0,0.0,0.0,0.0,0.0,0.0,0.0,0.0,0.0,0.0,0.0,0.0,0.0,0.0,0.0,0.0,0.0
488,488,488,LRA,488,2020-03,2020-03-01,2020,3,2.0,Central African Republic; DR Congo (Zaire),ged_rolling_24m,2,1.0986122886681098,False,True,384.0,453.0,5.953243334287785,6.118097198041348,1.0,1.0,1.0,1.0,0.0,0.0,0.0,0.0,0.0,0.0,0.0,0.0,0.0,0.0,1.0,0.0,0.0,0.0,0.0,0.0,0.0,0.0,0.0,0.0,0.0,0.0,0.0,0.0,0.0,0.0,0.0,0.0,0.0,0.0,0.0,0.0,0.0,0.0,0.0,0.0,1.0,0.6931471805599453,0.0,0.0,0.0,0.0,0.0,0.0,0.0,0.0,0.0,0.0,0.6931471805599453
488,488,488,LRA,488,2020-04,2020-04-01,2020,4,3.0,Central African Republic; DR Congo (Zaire),ged_rolling_24m,2,1.0986122886681098,False,True,453.0,368.0,6.118097198041348,5.910796644040527,0.0,0.0,0.0,0.0,0.0,0.0,0.0,0.0,0.0,0.0,0.0,0.0,0.0,0.0,0.0,0.0,0.0,0.0,0.0,0.0,0.0,0.0,0.0,0.0,0.0,0.0,0.0,0.0,0.0,0.0,0.0,0.0,0.0,0.0,0.0,0.0,0.0,0.0,0.0,0.0,0.0,0.0,0.0,0.0,0.0,0.0,0.0,0.0,0.0,0.0,0.0,0.0,0.0
488,488,488,LRA,488,2020-05,2020-05-01,2020,5,4.0,Central African Republic; DR Congo (Zaire),ged_rolling_24m,2,1.0986122886681098,False,True,368.0,358.0,5.910796644040527,5.883322388488279,0.0,0.0,0.0,0.0,0.0,0.0,0.0,0.0,0.0,0.0,0.0,0.0,0.0,0.0,0.0,0.0,0.0,0.0,0.0,0.0,0.0,0.0,0.0,0.0,0.0,0.0,0.0,0.0,0.0,0.0,0.0,0.0,0.0,0.0,0.0,0.0,0.0,0.0,0.0,0.0,0.0,0.0,0.0,0.0,0.0,0.0,0.0,0.0,0.0,0.0,0.0,0.0,0.0
488,488,488,LRA,488,2020-06,2020-06-01,2020,6,5.0,Central African Republic; DR Congo (Zaire),ged_rolling_24m,2,1.0986122886681098,False,True,358.0,400.0,5.883322388488279,5.993961427306569,0.0,0.0,0.0,0.0,0.0,0.0,0.0,0.0,0.0,0.0,0.0,0.0,0.0,0.0,0.0,0.0,0.0,0.0,0.0,0.0,0.0,0.0,0.0,0.0,0.0,0.0,0.0,0.0,0.0,0.0,0.0,0.0,0.0,0.0,0.0,0.0,0.0,0.0,0.0,0.0,0.0,0.0,0.0,0.0,0.0,0.0,0.0,0.0,0.0,0.0,0.0,0.0,0.0
488,488,488,LRA,488,2020-07,2020-07-01,2020,7,6.0,Central African Republic; DR Congo (Zaire),ged_rolling_24m,2,1.0986122886681098,False,True,400.0,277.0,5.993961427306569,5.627621113690637,0.0,0.0,0.0,0.0,0.0,0.0,0.0,0.0,0.0,0.0,0.0,0.0,0.0,0.0,0.0,0.0,0.0,0.0,0.0,0.0,0.0,0.0,0.0,0.0,0.0,0.0,0.0,0.0,0.0,0.0,0.0,0.0,0.0,0.0,0.0,0.0,0.0,0.0,0.0,0.0,0.0,0.0,0.0,0.0,0.0,0.0,0.0,0.0,0.0,0.0,0.0,0.0,0.0
488,488,488,LRA,488,2020-08,2020-08-01,2020,8,7.0,Central African Republic; DR Congo (Zaire),ged_rolling_24m,2,1.0986122886681098,False,True,277.0,301.0,5.627621113690637,5.71042701737487,0.0,0.0,0.0,0.0,0.0,0.0,0.0,0.0,0.0,0.0,0.0,0.0,0.0,0.0,0.0,0.0,0.0,0.0,0.0,0.0,0.0,0.0,0.0,0.0,0.0,0.0,0.0,0.0,0.0,0.0,0.0,0.0,0.0,0.0,0.0,0.0,0.0,0.0,0.0,0.0,0.0,0.0,0.0,0.0,0.0,0.0,0.0,0.0,0.0,0.0,0.0,0.0,0.0
488,488,488,LRA,488,2020-09,2020-09-01,2020,9,8.0,Central African Republic; DR Congo (Zaire),ged_rolling_24m,2,1.0986122886681098,False,True,301.0,333.0,5.71042701737487,5.811140992976701,0.0,0.0,0.0,0.0,0.0,0.0,0.0,0.0,0.0,0.0,0.0,0.0,0.0,0.0,0.0,0.0,0.0,0.0,0.0,0.0,0.0,0.0,0.0,0.0,0.0,0.0,0.0,0.0,0.0,0.0,0.0,0.0,0.0,0.0,0.0,0.0,0.0,0.0,0.0,0.0,0.0,0.0,0.0,0.0,0.0,0.0,0.0,0.0,0.0,0.0,0.0,0.0,0.0
488,488,488,LRA,488,2020-10,2020-10-01,2020,10,9.0,Central African Republic; DR Congo (Zaire),ged_rolling_24m,2,1.0986122886681098,False,True,333.0,134.0,5.811140992976701,4.90527477843843,0.0,0.0,0.0,0.0,0.0,0.0,0.0,0.0,0.0,0.0,0.0,0.0,0.0,0.0,0.0,0.0,0.0,0.0,0.0,0.0,0.0,0.0,0.0,0.0,0.0,0.0,0.0,0.0,0.0,0.0,0.0,0.0,0.0,0.0,0.0,0.0,0.0,0.0,0.0,0.0,0.0,0.0,0.0,0.0,0.0,0.0,0.0,0.0,0.0,0.0,0.0,0.0,0.0
488,488,488,LRA,488,2020-11,2020-11-01,2020,11,10.0,Central African Republic; DR Congo (Zaire),ged_rolling_24m,2,1.0986122886681098,False,True,134.0,330.0,4.90527477843843,5.802118375377063,0.0,0.0,0.0,0.0,0.0,0.0,0.0,0.0,0.0,0.0,0.0,0.0,0.0,0.0,0.0,0.0,0.0,0.0,0.0,0.0,0.0,0.0,0.0,0.0,0.0,0.0,0.0,0.0,0.0,0.0,0.0,0.0,0.0,0.0,0.0,0.0,0.0,0.0,0.0,0.0,0.0,0.0,0.0,0.0,0.0,0.0,0.0,0.0,0.0,0.0,0.0,0.0,0.0
488,488,488,LRA,488,2020-12,2020-12-01,2020,12,11.0,Central African Republic; DR Congo (Zaire),ged_rolling_24m,2,1.0986122886681098,False,True,330.0,376.0,5.802118375377063,5.932245187448011,0.0,0.0,0.0,0.0,0.0,0.0,0.0,0.0,0.0,0.0,0.0,0.0,0.0,0.0,0.0,0.0,0.0,0.0,0.0,0.0,0.0,0.0,0.0,0.0,0.0,0.0,0.0,0.0,0.0,0.0,0.0,0.0,0.0,0.0,0.0,0.0,0.0,0.0,0.0,0.0,0.0,0.0,0.0,0.0,0.0,0.0,0.0,0.0,0.0,0.0,0.0,0.0,0.0
488,488,488,LRA,488,2021-01,2021-01-01,2021,1,12.0,Central African Republic; DR Congo (Zaire),ged_rolling_24m,2,1.0986122886681098,False,True,376.0,337.0,5.932245187448011,5.823045895483019,0.0,0.0,0.0,0.0,0.0,0.0,0.0,0.0,0.0,0.0,0.0,0.0,0.0,0.0,0.0,0.0,0.0,0.0,0.0,0.0,0.0,0.0,0.0,0.0,0.0,0.0,0.0,0.0,0.0,0.0,0.0,0.0,0.0,0.0,0.0,0.0,0.0,0.0,0.0,0.0,0.0,0.0,0.0,0.0,0.0,0.0,0.0,0.0,0.0,0.0,0.0,0.0,0.0
488,488,488,LRA,488,2021-02,2021-02-01,2021,2,13.0,Central African Republic; DR Congo (Zaire),ged_rolling_24m,2,1.0986122886681098,False,True,337.0,293.0,5.823045895483019,5.683579767338681,0.0,0.0,0.0,0.0,0.0,0.0,0.0,0.0,0.0,0.0,0.0,0.0,0.0,0.0,0.0,0.0,0.0,0.0,0.0,0.0,0.0,0.0,0.0,0.0,0.0,0.0,0.0,0.0,0.0,0.0,0.0,0.0,0.0,0.0,0.0,0.0,0.0,0.0,0.0,0.0,0.0,0.0,0.0,0.0,0.0,0.0,0.0,0.0,0.0,0.0,0.0,0.0,0.0
488,488,488,LRA,488,2021-03,2021-03-01,2021,3,14.0,Central African Republic; DR Congo (Zaire),ged_rolling_24m,2,1.0986122886681098,False,True,293.0,433.0,5.683579767338681,6.073044534100405,0.0,0.0,0.0,0.0,0.0,0.0,0.0,0.0,0.0,0.0,0.0,0.0,0.0,0.0,0.0,0.0,0.0,0.0,0.0,0.0,0.0,0.0,0.0,0.0,0.0,0.0,0.0,0.0,0.0,0.0,0.0,0.0,0.0,0.0,0.0,0.0,0.0,0.0,0.0,0.0,0.0,0.0,0.0,0.0,0.0,0.0,0.0,0.0,0.0,0.0,0.0,0.0,0.0
488,488,488,LRA,488,2021-04,2021-04-01,2021,4,15.0,Central African Republic; DR Congo (Zaire),ged_rolling_24m,2,1.0986122886681098,False,True,433.0,375.0,6.073044534100405,5.929589143389895,0.0,0.0,0.0,0.0,0.0,0.0,0.0,0.0,0.0,0.0,0.0,0.0,0.0,0.0,0.0,0.0,0.0,0.0,0.0,0.0,0.0,0.0,0.0,0.0,0.0,0.0,0.0,0.0,0.0,0.0,0.0,0.0,0.0,0.0,0.0,0.0,0.0,0.0,0.0,0.0,0.0,0.0,0.0,0.0,0.0,0.0,0.0,0.0,0.0,0.0,0.0,0.0,0.0
488,488,488,LRA,488,2021-05,2021-05-01,2021,5,16.0,Central African Republic; DR Congo (Zaire),ged_rolling_24m,2,1.0986122886681098,False,True,375.0,250.0,5.929589143389895,5.5254529391317835,0.0,0.0,0.0,0.0,0.0,0.0,0.0,0.0,0.0,0.0,0.0,0.0,0.0,0.0,0.0,0.0,0.0,0.0,0.0,0.0,0.0,0.0,0.0,0.0,0.0,0.0,0.0,0.0,0.0,0.0,0.0,0.0,0.0,0.0,0.0,0.0,0.0,0.0,0.0,0.0,0.0,0.0,0.0,0.0,0.0,0.0,0.0,0.0,0.0,0.0,0.0,0.0,0.0
488,488,488,LRA,488,2021-06,2021-06-01,2021,6,17.0,Central African Republic; DR Congo (Zaire),ged_rolling_24m,2,1.0986122886681098,False,True,250.0,296.0,5.5254529391317835,5.6937321388027,0.0,0.0,0.0,0.0,0.0,0.0,0.0,0.0,0.0,0.0,0.0,0.0,0.0,0.0,0.0,0.0,0.0,0.0,0.0,0.0,0.0,0.0,0.0,0.0,0.0,0.0,0.0,0.0,0.0,0.0,0.0,0.0,0.0,0.0,0.0,0.0,0.0,0.0,0.0,0.0,0.0,0.0,0.0,0.0,0.0,0.0,0.0,0.0,0.0,0.0,0.0,0.0,0.0
488,488,488,LRA,488,2021-07,2021-07-01,2021,7,18.0,Central African Republic; DR Congo (Zaire),ged_rolling_24m,2,1.0986122886681098,False,True,296.0,338.0,5.6937321388027,5.82600010738045,0.0,0.0,0.0,0.0,0.0,0.0,0.0,0.0,0.0,0.0,0.0,0.0,0.0,0.0,0.0,0.0,0.0,0.0,0.0,0.0,0.0,0.0,0.0,0.0,0.0,0.0,0.0,0.0,0.0,0.0,0.0,0.0,0.0,0.0,0.0,0.0,0.0,0.0,0.0,0.0,0.0,0.0,0.0,0.0,0.0,0.0,0.0,0.0,0.0,0.0,0.0,0.0,0.0
488,488,488,LRA,488,2021-08,2021-08-01,2021,8,19.0,Central African Republic; DR Congo (Zaire),ged_rolling_24m,2,1.0986122886681098,False,True,338.0,419.0,5.82600010738045,6.040254711277414,0.0,0.0,0.0,0.0,0.0,0.0,0.0,0.0,0.0,0.0,0.0,0.0,0.0,0.0,0.0,0.0,0.0,0.0,0.0,0.0,0.0,0.0,0.0,0.0,0.0,0.0,0.0,0.0,0.0,0.0,0.0,0.0,0.0,0.0,0.0,0.0,0.0,0.0,0.0,0.0,0.0,0.0,0.0,0.0,0.0,0.0,0.0,0.0,0.0,0.0,0.0,0.0,0.0
488,488,488,LRA,488,2021-09,2021-09-01,2021,9,20.0,Central African Republic; DR Congo (Zaire),ged_rolling_24m,2,1.0986122886681098,False,True,419.0,386.0,6.040254711277414,5.958424693029782,0.0,0.0,0.0,0.0,0.0,0.0,0.0,0.0,0.0,0.0,0.0,0.0,0.0,0.0,0.0,0.0,0.0,0.0,0.0,0.0,0.0,0.0,0.0,0.0,0.0,0.0,0.0,0.0,0.0,0.0,0.0,0.0,0.0,0.0,0.0,0.0,0.0,0.0,0.0,0.0,0.0,0.0,0.0,0.0,0.0,0.0,0.0,0.0,0.0,0.0,0.0,0.0,0.0
488,488,488,LRA,488,2021-10,2021-10-01,2021,10,21.0,DR Congo (Zaire),ged_rolling_24m,1,0.6931471805599453,False,True,266.0,548.0,5.58724865840025,6.3080984415095305,0.0,0.0,0.0,0.0,0.0,0.0,0.0,0.0,0.0,0.0,0.0,0.0,0.0,0.0,0.0,0.0,0.0,0.0,0.0,0.0,0.0,0.0,0.0,0.0,0.0,0.0,0.0,0.0,0.0,0.0,0.0,0.0,0.0,0.0,0.0,0.0,0.0,0.0,0.0,0.0,0.0,0.0,0.0,0.0,0.0,0.0,0.0,0.0,0.0,0.0,0.0,0.0,0.0
488,488,488,LRA,488,2021-11,2021-11-01,2021,11,22.0,DR Congo (Zaire),ged_rolling_24m,1,0.6931471805599453,False,True,548.0,490.0,6.3080984415095305,6.19644412779452,0.0,0.0,0.0,0.0,0.0,0.0,0.0,0.0,0.0,0.0,0.0,0.0,0.0,0.0,0.0,0.0,0.0,0.0,0.0,0.0,0.0,0.0,0.0,0.0,0.0,0.0,0.0,0.0,0.0,0.0,0.0,0.0,0.0,0.0,0.0,0.0,0.0,0.0,0.0,0.0,0.0,0.0,0.0,0.0,0.0,0.0,0.0,0.0,0.0,0.0,0.0,0.0,0.0
488,488,488,LRA,488,2021-12,2021-12-01,2021,12,23.0,DR Congo (Zaire),ged_rolling_24m,1,0.6931471805599453,False,True,490.0,531.0,6.19644412779452,6.2766434893416445,0.0,0.0,0.0,0.0,0.0,0.0,0.0,0.0,0.0,0.0,0.0,0.0,0.0,0.0,0.0,0.0,0.0,0.0,0.0,0.0,0.0,0.0,0.0,0.0,0.0,0.0,0.0,0.0,0.0,0.0,0.0,0.0,0.0,0.0,0.0,0.0,0.0,0.0,0.0,0.0,0.0,0.0,0.0,0.0,0.0,0.0,0.0,0.0,0.0,0.0,0.0,0.0,0.0
488,488,488,LRA,488,2022-01,2022-01-01,2022,1,24.0,DR Congo (Zaire),ged_rolling_24m,1,0.6931471805599453,False,True,531.0,505.0,6.2766434893416445,6.226536669287466,0.0,0.0,0.0,0.0,0.0,0.0,0.0,0.0,0.0,0.0,0.0,0.0,0.0,0.0,0.0,0.0,0.0,0.0,0.0,0.0,0.0,0.0,0.0,0.0,0.0,0.0,0.0,0.0,0.0,0.0,0.0,0.0,0.0,0.0,0.0,0.0,0.0,0.0,0.0,0.0,0.0,0.0,0.0,0.0,0.0,0.0,0.0,0.0,0.0,0.0,0.0,0.0,0.0
488,488,488,LRA,488,2022-02,2022-02-01,2022,2,25.0,DR Congo (Zaire),ged_rolling_24m,1,0.6931471805599453,False,True,505.0,452.0,6.226536669287466,6.115892125483034,0.0,0.0,0.0,0.0,0.0,0.0,0.0,0.0,0.0,0.0,0.0,0.0,0.0,0.0,0.0,0.0,0.0,0.0,0.0,0.0,0.0,0.0,0.0,0.0,0.0,0.0,0.0,0.0,0.0,0.0,0.0,0.0,0.0,0.0,0.0,0.0,0.0,0.0,0.0,0.0,0.0,0.0,0.0,0.0,0.0,0.0,0.0,0.0,0.0,0.0,0.0,0.0,0.0
488,488,488,LRA,488,2022-03,2022-03-01,2022,3,26.0,DR Congo (Zaire),ged_rolling_24m,1,0.6931471805599453,False,True,452.0,359.0,6.115892125483034,5.886104031450156,0.0,0.0,0.0,0.0,0.0,0.0,0.0,0.0,0.0,0.0,0.0,0.0,0.0,0.0,0.0,0.0,0.0,0.0,0.0,0.0,0.0,0.0,0.0,0.0,0.0,0.0,0.0,0.0,0.0,0.0,0.0,0.0,0.0,0.0,0.0,0.0,0.0,0.0,0.0,0.0,0.0,0.0,0.0,0.0,0.0,0.0,0.0,0.0,0.0,0.0,0.0,0.0,0.0
488,488,488,LRA,488,2022-04,2022-04-01,2022,4,27.0,DR Congo (Zaire),ged_rolling_24m,1,0.6931471805599453,False,True,359.0,673.0,5.886104031450156,6.513230110912307,0.0,0.0,0.0,0.0,0.0,0.0,0.0,0.0,0.0,0.0,0.0,0.0,0.0,0.0,0.0,0.0,0.0,0.0,0.0,0.0,0.0,0.0,0.0,0.0,0.0,0.0,0.0,0.0,0.0,0.0,0.0,0.0,0.0,0.0,0.0,0.0,0.0,0.0,0.0,0.0,0.0,0.0,0.0,0.0,0.0,0.0,0.0,0.0,0.0,0.0,0.0,0.0,0.0
488,488,488,LRA,488,2022-05,2022-05-01,2022,5,28.0,DR Congo (Zaire),ged_rolling_24m,1,0.6931471805599453,False,True,673.0,412.0,6.513230110912307,6.023447592961033,0.0,0.0,0.0,0.0,0.0,0.0,0.0,0.0,0.0,0.0,0.0,0.0,0.0,0.0,0.0,0.0,0.0,0.0,0.0,0.0,0.0,0.0,0.0,0.0,0.0,0.0,0.0,0.0,0.0,0.0,0.0,0.0,0.0,0.0,0.0,0.0,0.0,0.0,0.0,0.0,0.0,0.0,0.0,0.0,0.0,0.0,0.0,0.0,0.0,0.0,0.0,0.0,0.0
488,488,488,LRA,488,2022-06,2022-06-01,2022,6,29.0,DR Congo (Zaire),ged_rolling_24m,1,0.6931471805599453,False,True,412.0,289.0,6.023447592961033,5.66988092298052,0.0,0.0,0.0,0.0,0.0,0.0,0.0,0.0,0.0,0.0,0.0,0.0,0.0,0.0,0.0,0.0,0.0,0.0,0.0,0.0,0.0,0.0,0.0,0.0,0.0,0.0,0.0,0.0,0.0,0.0,0.0,0.0,0.0,0.0,0.0,0.0,0.0,0.0,0.0,0.0,0.0,0.0,0.0,0.0,0.0,0.0,0.0,0.0,0.0,0.0,0.0,0.0,0.0
488,488,488,LRA,488,2022-07,2022-07-01,2022,7,30.0,DR Congo (Zaire),ged_rolling_24m,1,0.6931471805599453,False,True,289.0,503.0,5.66988092298052,6.222576268071369,0.0,0.0,0.0,0.0,0.0,0.0,0.0,0.0,0.0,0.0,0.0,0.0,0.0,0.0,0.0,0.0,0.0,0.0,0.0,0.0,0.0,0.0,0.0,0.0,0.0,0.0,0.0,0.0,0.0,0.0,0.0,0.0,0.0,0.0,0.0,0.0,0.0,0.0,0.0,0.0,0.0,0.0,0.0,0.0,0.0,0.0,0.0,0.0,0.0,0.0,0.0,0.0,0.0
488,488,488,LRA,488,2022-08,2022-08-01,2022,8,31.0,DR Congo (Zaire),ged_rolling_24m,1,0.6931471805599453,False,True,503.0,408.0,6.222576268071369,6.013715156042802,0.0,0.0,0.0,0.0,0.0,0.0,0.0,0.0,0.0,0.0,0.0,0.0,0.0,0.0,0.0,0.0,0.0,0.0,0.0,0.0,0.0,0.0,0.0,0.0,0.0,0.0,0.0,0.0,0.0,0.0,0.0,0.0,0.0,0.0,0.0,0.0,0.0,0.0,0.0,0.0,0.0,0.0,0.0,0.0,0.0,0.0,0.0,0.0,0.0,0.0,0.0,0.0,0.0
488,488,488,LRA,488,2022-09,2022-09-01,2022,9,32.0,DR Congo (Zaire),ged_rolling_24m,1,0.6931471805599453,False,True,408.0,327.0,6.013715156042802,5.793013608384144,0.0,0.0,0.0,0.0,0.0,0.0,0.0,0.0,0.0,0.0,0.0,0.0,0.0,0.0,0.0,0.0,0.0,0.0,0.0,0.0,0.0,0.0,0.0,0.0,0.0,0.0,0.0,0.0,0.0,0.0,0.0,0.0,0.0,0.0,0.0,0.0,0.0,0.0,0.0,0.0,0.0,0.0,0.0,0.0,0.0,0.0,0.0,0.0,0.0,0.0,0.0,0.0,0.0
488,488,488,LRA,488,2022-10,2022-10-01,2022,10,33.0,DR Congo (Zaire),ged_rolling_24m,1,0.6931471805599453,False,True,327.0,1050.0,5.793013608384144,6.957497370876951,0.0,0.0,0.0,0.0,0.0,0.0,0.0,0.0,0.0,0.0,0.0,0.0,0.0,0.0,0.0,0.0,0.0,0.0,0.0,0.0,0.0,0.0,0.0,0.0,0.0,0.0,0.0,0.0,0.0,0.0,0.0,0.0,0.0,0.0,0.0,0.0,0.0,0.0,0.0,0.0,0.0,0.0,0.0,0.0,0.0,0.0,0.0,0.0,0.0,0.0,0.0,0.0,0.0
488,488,488,LRA,488,2022-11,2022-11-01,2022,11,34.0,DR Congo (Zaire),ged_rolling_24m,1,0.6931471805599453,False,True,1050.0,411.0,6.957497370876951,6.021023349349527,0.0,0.0,0.0,0.0,0.0,0.0,0.0,0.0,0.0,0.0,0.0,0.0,0.0,0.0,0.0,0.0,0.0,0.0,0.0,0.0,0.0,0.0,0.0,0.0,0.0,0.0,0.0,0.0,0.0,0.0,0.0,0.0,0.0,0.0,0.0,0.0,0.0,0.0,0.0,0.0,0.0,0.0,0.0,0.0,0.0,0.0,0.0,0.0,0.0,0.0,0.0,0.0,0.0
488,488,488,LRA,488,2022-12,2022-12-01,2022,12,35.0,Central African Republic; DR Congo (Zaire); South Sudan; Sudan; Uganda,ucdp_actor_metadata_fallback,5,1.791759469228055,False,True,631.0,526.0,6.448889394146858,6.267200548541362,0.0,0.0,0.0,0.0,0.0,0.0,0.0,0.0,0.0,0.0,0.0,0.0,0.0,0.0,0.0,0.0,0.0,0.0,0.0,0.0,0.0,0.0,0.0,0.0,0.0,0.0,0.0,0.0,0.0,0.0,0.0,0.0,0.0,0.0,0.0,0.0,0.0,0.0,0.0,0.0,0.0,0.0,0.0,0.0,0.0,0.0,0.0,0.0,0.0,0.0,0.0,0.0,0.0
488,488,488,LRA,488,2023-01,2023-01-01,2023,1,36.0,Central African Republic; DR Congo (Zaire); South Sudan; Sudan; Uganda,ucdp_actor_metadata_fallback,5,1.791759469228055,False,True,526.0,543.0,6.267200548541362,6.298949246855942,0.0,0.0,0.0,0.0,0.0,0.0,0.0,0.0,0.0,0.0,0.0,0.0,0.0,0.0,0.0,0.0,0.0,0.0,0.0,0.0,0.0,0.0,0.0,0.0,0.0,0.0,0.0,0.0,0.0,0.0,0.0,0.0,0.0,0.0,0.0,0.0,0.0,0.0,0.0,0.0,0.0,0.0,0.0,0.0,0.0,0.0,0.0,0.0,0.0,0.0,0.0,0.0,0.0
488,488,488,LRA,488,2023-02,2023-02-01,2023,2,37.0,Central African Republic; DR Congo (Zaire); South Sudan; Sudan; Uganda,ucdp_actor_metadata_fallback,5,1.791759469228055,False,True,543.0,533.0,6.298949246855942,6.280395838960195,0.0,0.0,0.0,0.0,0.0,0.0,0.0,0.0,0.0,0.0,0.0,0.0,0.0,0.0,0.0,0.0,0.0,0.0,0.0,0.0,0.0,0.0,0.0,0.0,0.0,0.0,0.0,0.0,0.0,0.0,0.0,0.0,0.0,0.0,0.0,0.0,0.0,0.0,0.0,0.0,0.0,0.0,0.0,0.0,0.0,0.0,0.0,0.0,0.0,0.0,0.0,0.0,0.0
488,488,488,LRA,488,2023-03,2023-03-01,2023,3,38.0,Central African Republic; DR Congo (Zaire); South Sudan; Sudan; Uganda,ucdp_actor_metadata_fallback,5,1.791759469228055,False,True,533.0,8558.0,6.280395838960195,9.05473863988161,0.0,0.0,0.0,0.0,0.0,0.0,0.0,0.0,0.0,0.0,0.0,0.0,0.0,0.0,0.0,0.0,0.0,0.0,0.0,0.0,0.0,0.0,0.0,0.0,0.0,0.0,0.0,0.0,0.0,0.0,0.0,0.0,0.0,0.0,0.0,0.0,0.0,0.0,0.0,0.0,0.0,0.0,0.0,0.0,0.0,0.0,0.0,0.0,0.0,0.0,0.0,0.0,0.0
488,488,488,LRA,488,2023-04,2023-04-01,2023,4,39.0,Central African Republic; DR Congo (Zaire); South Sudan; Sudan; Uganda,ucdp_actor_metadata_fallback,5,1.791759469228055,False,True,8558.0,1562.0,9.05473863988161,7.354362330421477,0.0,0.0,0.0,0.0,0.0,0.0,0.0,0.0,0.0,0.0,0.0,0.0,0.0,0.0,0.0,0.0,0.0,0.0,0.0,0.0,0.0,0.0,0.0,0.0,0.0,0.0,0.0,0.0,0.0,0.0,0.0,0.0,0.0,0.0,0.0,0.0,0.0,0.0,0.0,0.0,0.0,0.0,0.0,0.0,0.0,0.0,0.0,0.0,0.0,0.0,0.0,0.0,0.0
488,488,488,LRA,488,2023-05,2023-05-01,2023,5,40.0,Central African Republic; DR Congo (Zaire); South Sudan; Sudan; Uganda,ucdp_actor_metadata_fallback,5,1.791759469228055,False,True,1562.0,1502.0,7.354362330421477,7.315218389752975,0.0,0.0,0.0,0.0,0.0,0.0,0.0,0.0,0.0,0.0,0.0,0.0,0.0,0.0,0.0,0.0,0.0,0.0,0.0,0.0,0.0,0.0,0.0,0.0,0.0,0.0,0.0,0.0,0.0,0.0,0.0,0.0,0.0,0.0,0.0,0.0,0.0,0.0,0.0,0.0,0.0,0.0,0.0,0.0,0.0,0.0,0.0,0.0,0.0,0.0,0.0,0.0,0.0
488,488,488,LRA,488,2023-06,2023-06-01,2023,6,41.0,Central African Republic; DR Congo (Zaire); South Sudan; Sudan; Uganda,ucdp_actor_metadata_fallback,5,1.791759469228055,False,True,1502.0,826.0,7.315218389752975,6.717804695023691,0.0,0.0,0.0,0.0,0.0,0.0,0.0,0.0,0.0,0.0,0.0,0.0,0.0,0.0,0.0,0.0,0.0,0.0,0.0,0.0,0.0,0.0,0.0,0.0,0.0,0.0,0.0,0.0,0.0,0.0,0.0,0.0,0.0,0.0,0.0,0.0,0.0,0.0,0.0,0.0,0.0,0.0,0.0,0.0,0.0,0.0,0.0,0.0,0.0,0.0,0.0,0.0,0.0
488,488,488,LRA,488,2023-07,2023-07-01,2023,7,42.0,Central African Republic; DR Congo (Zaire); South Sudan; Sudan; Uganda,ucdp_actor_metadata_fallback,5,1.791759469228055,False,True,826.0,1056.0,6.717804695023691,6.963189985870238,0.0,0.0,0.0,0.0,0.0,0.0,0.0,0.0,0.0,0.0,0.0,0.0,0.0,0.0,0.0,0.0,0.0,0.0,0.0,0.0,0.0,0.0,0.0,0.0,0.0,0.0,0.0,0.0,0.0,0.0,0.0,0.0,0.0,0.0,0.0,0.0,0.0,0.0,0.0,0.0,0.0,0.0,0.0,0.0,0.0,0.0,0.0,0.0,0.0,0.0,0.0,0.0,0.0
488,488,488,LRA,488,2023-08,2023-08-01,2023,8,43.0,Central African Republic; DR Congo (Zaire); South Sudan; Sudan; Uganda,ucdp_actor_metadata_fallback,5,1.791759469228055,False,True,1056.0,743.0,6.963189985870238,6.612041034833092,0.0,0.0,0.0,0.0,0.0,0.0,0.0,0.0,0.0,0.0,0.0,0.0,0.0,0.0,0.0,0.0,0.0,0.0,0.0,0.0,0.0,0.0,0.0,0.0,0.0,0.0,0.0,0.0,0.0,0.0,0.0,0.0,0.0,0.0,0.0,0.0,0.0,0.0,0.0,0.0,0.0,0.0,0.0,0.0,0.0,0.0,0.0,0.0,0.0,0.0,0.0,0.0,0.0
488,488,488,LRA,488,2023-09,2023-09-01,2023,9,44.0,Central African Republic; DR Congo (Zaire); South Sudan; Sudan; Uganda,ucdp_actor_metadata_fallback,5,1.791759469228055,False,True,743.0,986.0,6.612041034833092,6.894670039433482,0.0,0.0,0.0,0.0,0.0,0.0,0.0,0.0,0.0,0.0,0.0,0.0,0.0,0.0,0.0,0.0,0.0,0.0,0.0,0.0,0.0,0.0,0.0,0.0,0.0,0.0,0.0,0.0,0.0,0.0,0.0,0.0,0.0,0.0,0.0,0.0,0.0,0.0,0.0,0.0,0.0,0.0,0.0,0.0,0.0,0.0,0.0,0.0,0.0,0.0,0.0,0.0,0.0
488,488,488,LRA,488,2023-10,2023-10-01,2023,10,45.0,Central African Republic; DR Congo (Zaire); South Sudan; Sudan; Uganda,ucdp_actor_metadata_fallback,5,1.791759469228055,False,True,986.0,2373.0,6.894670039433482,7.772331575169614,0.0,0.0,0.0,0.0,0.0,0.0,0.0,0.0,0.0,0.0,0.0,0.0,0.0,0.0,0.0,0.0,0.0,0.0,0.0,0.0,0.0,0.0,0.0,0.0,0.0,0.0,0.0,0.0,0.0,0.0,0.0,0.0,0.0,0.0,0.0,0.0,0.0,0.0,0.0,0.0,0.0,0.0,0.0,0.0,0.0,0.0,0.0,0.0,0.0,0.0,0.0,0.0,0.0
488,488,488,LRA,488,2023-11,2023-11-01,2023,11,46.0,Central African Republic; DR Congo (Zaire); South Sudan; Sudan; Uganda,ucdp_actor_metadata_fallback,5,1.791759469228055,False,True,2373.0,674.0,7.772331575169614,6.51471269087253,0.0,0.0,0.0,0.0,0.0,0.0,0.0,0.0,0.0,0.0,0.0,0.0,0.0,0.0,0.0,0.0,0.0,0.0,0.0,0.0,0.0,0.0,0.0,0.0,0.0,0.0,0.0,0.0,0.0,0.0,0.0,0.0,0.0,0.0,0.0,0.0,0.0,0.0,0.0,0.0,0.0,0.0,0.0,0.0,0.0,0.0,0.0,0.0,0.0,0.0,0.0,0.0,0.0
488,488,488,LRA,488,2023-12,2023-12-01,2023,12,47.0,Central African Republic; DR Congo (Zaire); South Sudan; Sudan; Uganda,ucdp_actor_metadata_fallback,5,1.791759469228055,False,True,674.0,2099.0,6.51471269087253,7.649692623711514,0.0,0.0,0.0,0.0,0.0,0.0,0.0,0.0,0.0,0.0,0.0,0.0,0.0,0.0,0.0,0.0,0.0,0.0,0.0,0.0,0.0,0.0,0.0,0.0,0.0,0.0,0.0,0.0,0.0,0.0,0.0,0.0,0.0,0.0,0.0,0.0,0.0,0.0,0.0,0.0,0.0,0.0,0.0,0.0,0.0,0.0,0.0,0.0,0.0,0.0,0.0,0.0,0.0
488,488,488,LRA,488,2024-01,2024-01-01,2024,1,48.0,Central African Republic; DR Congo (Zaire); South Sudan; Sudan; Uganda,ucdp_actor_metadata_fallback,5,1.791759469228055,False,True,2099.0,1212.0,7.649692623711514,7.10085190894405,1.0,1.0,1.0,1.0,0.0,1.0,0.0,1.0,0.0,0.0,0.0,0.0,0.0,0.0,0.0,0.0,0.0,1.0,0.0,0.0,0.0,0.0,1.0,0.6931471805599453,0.0,0.0,1.0,0.6931471805599453,0.0,0.0,0.0,0.0,0.0,0.0,0.0,0.0,0.0,0.0,0.0,0.0,0.0,0.0,0.0,0.0,0.0,0.0,1.0,0.6931471805599453,0.0,0.0,0.0,0.0,0.6931471805599453
488,488,488,LRA,488,2024-02,2024-02-01,2024,2,49.0,Central African Republic; DR Congo (Zaire); South Sudan; Sudan; Uganda,ucdp_actor_metadata_fallback,5,1.791759469228055,False,True,1212.0,575.0,7.10085190894405,6.3561076606958915,0.0,0.0,0.0,0.0,0.0,0.0,0.0,0.0,0.0,0.0,0.0,0.0,0.0,0.0,0.0,0.0,0.0,0.0,0.0,0.0,0.0,0.0,0.0,0.0,0.0,0.0,0.0,0.0,0.0,0.0,0.0,0.0,0.0,0.0,0.0,0.0,0.0,0.0,0.0,0.0,0.0,0.0,0.0,0.0,0.0,0.0,0.0,0.0,0.0,0.0,0.0,0.0,0.0
488,488,488,LRA,488,2024-03,2024-03-01,2024,3,50.0,Central African Republic; DR Congo (Zaire); South Sudan; Sudan; Uganda,ucdp_actor_metadata_fallback,5,1.791759469228055,False,True,575.0,888.0,6.3561076606958915,6.790097235513905,0.0,0.0,0.0,0.0,0.0,0.0,0.0,0.0,0.0,0.0,0.0,0.0,0.0,0.0,0.0,0.0,0.0,0.0,0.0,0.0,0.0,0.0,0.0,0.0,0.0,0.0,0.0,0.0,0.0,0.0,0.0,0.0,0.0,0.0,0.0,0.0,0.0,0.0,0.0,0.0,0.0,0.0,0.0,0.0,0.0,0.0,0.0,0.0,0.0,0.0,0.0,0.0,0.0
488,488,488,LRA,488,2024-04,2024-04-01,2024,4,51.0,Central African Republic; DR Congo (Zaire); South Sudan; Sudan; Uganda,ucdp_actor_metadata_fallback,5,1.791759469228055,False,True,888.0,823.0,6.790097235513905,6.714170529909472,0.0,0.0,0.0,0.0,0.0,0.0,0.0,0.0,0.0,0.0,0.0,0.0,0.0,0.0,0.0,0.0,0.0,0.0,0.0,0.0,0.0,0.0,0.0,0.0,0.0,0.0,0.0,0.0,0.0,0.0,0.0,0.0,0.0,0.0,0.0,0.0,0.0,0.0,0.0,0.0,0.0,0.0,0.0,0.0,0.0,0.0,0.0,0.0,0.0,0.0,0.0,0.0,0.0
488,488,488,LRA,488,2024-05,2024-05-01,2024,5,52.0,Central African Republic; DR Congo (Zaire); South Sudan; Sudan; Uganda,ucdp_actor_metadata_fallback,5,1.791759469228055,False,True,823.0,1880.0,6.714170529909472,7.53955882930103,0.0,0.0,0.0,0.0,0.0,0.0,0.0,0.0,0.0,0.0,0.0,0.0,0.0,0.0,0.0,0.0,0.0,0.0,0.0,0.0,0.0,0.0,0.0,0.0,0.0,0.0,0.0,0.0,0.0,0.0,0.0,0.0,0.0,0.0,0.0,0.0,0.0,0.0,0.0,0.0,0.0,0.0,0.0,0.0,0.0,0.0,0.0,0.0,0.0,0.0,0.0,0.0,0.0
488,488,488,LRA,488,2024-06,2024-06-01,2024,6,53.0,Central African Republic; DR Congo (Zaire); South Sudan; Sudan; Uganda,ucdp_actor_metadata_fallback,5,1.791759469228055,False,True,1880.0,934.0,7.53955882930103,6.840546529288687,0.0,0.0,0.0,0.0,0.0,0.0,0.0,0.0,0.0,0.0,0.0,0.0,0.0,0.0,0.0,0.0,0.0,0.0,0.0,0.0,0.0,0.0,0.0,0.0,0.0,0.0,0.0,0.0,0.0,0.0,0.0,0.0,0.0,0.0,0.0,0.0,0.0,0.0,0.0,0.0,0.0,0.0,0.0,0.0,0.0,0.0,0.0,0.0,0.0,0.0,0.0,0.0,0.0
488,488,488,LRA,488,2024-07,2024-07-01,2024,7,54.0,Central African Republic; DR Congo (Zaire); South Sudan; Sudan; Uganda,ucdp_actor_metadata_fallback,5,1.791759469228055,False,True,934.0,719.0,6.840546529288687,6.579251212010101,0.0,0.0,0.0,0.0,0.0,0.0,0.0,0.0,0.0,0.0,0.0,0.0,0.0,0.0,0.0,0.0,0.0,0.0,0.0,0.0,0.0,0.0,0.0,0.0,0.0,0.0,0.0,0.0,0.0,0.0,0.0,0.0,0.0,0.0,0.0,0.0,0.0,0.0,0.0,0.0,0.0,0.0,0.0,0.0,0.0,0.0,0.0,0.0,0.0,0.0,0.0,0.0,0.0
488,488,488,LRA,488,2024-08,2024-08-01,2024,8,55.0,Central African Republic,ged_rolling_24m,1,0.6931471805599453,False,True,39.0,33.0,3.6888794541139363,3.5263605246161616,0.0,0.0,0.0,0.0,0.0,0.0,0.0,0.0,0.0,0.0,0.0,0.0,0.0,0.0,0.0,0.0,0.0,0.0,0.0,0.0,0.0,0.0,0.0,0.0,0.0,0.0,0.0,0.0,0.0,0.0,0.0,0.0,0.0,0.0,0.0,0.0,0.0,0.0,0.0,0.0,0.0,0.0,0.0,0.0,0.0,0.0,0.0,0.0,0.0,0.0,0.0,0.0,0.0
488,488,488,LRA,488,2024-09,2024-09-01,2024,9,56.0,Central African Republic,ged_rolling_24m,1,0.6931471805599453,False,True,33.0,30.0,3.5263605246161616,3.4339872044851463,0.0,0.0,0.0,0.0,0.0,0.0,0.0,0.0,0.0,0.0,0.0,0.0,0.0,0.0,0.0,0.0,0.0,0.0,0.0,0.0,0.0,0.0,0.0,0.0,0.0,0.0,0.0,0.0,0.0,0.0,0.0,0.0,0.0,0.0,0.0,0.0,0.0,0.0,0.0,0.0,0.0,0.0,0.0,0.0,0.0,0.0,0.0,0.0,0.0,0.0,0.0,0.0,0.0
488,488,488,LRA,488,2024-10,2024-10-01,2024,10,57.0,Central African Republic,ged_rolling_24m,1,0.6931471805599453,False,True,30.0,19.0,3.4339872044851463,2.995732273553991,0.0,0.0,0.0,0.0,0.0,0.0,0.0,0.0,0.0,0.0,0.0,0.0,0.0,0.0,0.0,0.0,0.0,0.0,0.0,0.0,0.0,0.0,0.0,0.0,0.0,0.0,0.0,0.0,0.0,0.0,0.0,0.0,0.0,0.0,0.0,0.0,0.0,0.0,0.0,0.0,0.0,0.0,0.0,0.0,0.0,0.0,0.0,0.0,0.0,0.0,0.0,0.0,0.0
488,488,488,LRA,488,2024-11,2024-11-01,2024,11,58.0,Central African Republic,ged_rolling_24m,1,0.6931471805599453,False,True,19.0,27.0,2.995732273553991,3.332204510175204,0.0,0.0,0.0,0.0,0.0,0.0,0.0,0.0,0.0,0.0,0.0,0.0,0.0,0.0,0.0,0.0,0.0,0.0,0.0,0.0,0.0,0.0,0.0,0.0,0.0,0.0,0.0,0.0,0.0,0.0,0.0,0.0,0.0,0.0,0.0,0.0,0.0,0.0,0.0,0.0,0.0,0.0,0.0,0.0,0.0,0.0,0.0,0.0,0.0,0.0,0.0,0.0,0.0
488,488,488,LRA,488,2024-12,2024-12-01,2024,12,59.0,Central African Republic,ged_rolling_24m,1,0.6931471805599453,False,True,27.0,24.0,3.332204510175204,3.2188758248682006,0.0,0.0,0.0,0.0,0.0,0.0,0.0,0.0,0.0,0.0,0.0,0.0,0.0,0.0,0.0,0.0,0.0,0.0,0.0,0.0,0.0,0.0,0.0,0.0,0.0,0.0,0.0,0.0,0.0,0.0,0.0,0.0,0.0,0.0,0.0,0.0,0.0,0.0,0.0,0.0,0.0,0.0,0.0,0.0,0.0,0.0,0.0,0.0,0.0,0.0,0.0,0.0,0.0
488,488,488,LRA,488,2025-01,2025-01-01,2025,1,60.0,Central African Republic,ged_rolling_24m,1,0.6931471805599453,False,True,24.0,101.0,3.2188758248682006,4.624972813284271,0.0,0.0,0.0,0.0,0.0,0.0,0.0,0.0,0.0,0.0,0.0,0.0,0.0,0.0,0.0,0.0,0.0,0.0,0.0,0.0,0.0,0.0,0.0,0.0,0.0,0.0,0.0,0.0,0.0,0.0,0.0,0.0,0.0,0.0,0.0,0.0,0.0,0.0,0.0,0.0,0.0,0.0,0.0,0.0,0.0,0.0,0.0,0.0,0.0,0.0,0.0,0.0,0.0
488,488,488,LRA,488,2025-02,2025-02-01,2025,2,61.0,Central African Republic,ged_rolling_24m,1,0.6931471805599453,False,True,101.0,58.0,4.624972813284271,4.07753744390572,0.0,0.0,0.0,0.0,0.0,0.0,0.0,0.0,0.0,0.0,0.0,0.0,0.0,0.0,0.0,0.0,0.0,0.0,0.0,0.0,0.0,0.0,0.0,0.0,0.0,0.0,0.0,0.0,0.0,0.0,0.0,0.0,0.0,0.0,0.0,0.0,0.0,0.0,0.0,0.0,0.0,0.0,0.0,0.0,0.0,0.0,0.0,0.0,0.0,0.0,0.0,0.0,0.0
488,488,488,LRA,488,2025-03,2025-03-01,2025,3,62.0,Central African Republic,ged_rolling_24m,1,0.6931471805599453,False,True,58.0,5.0,4.07753744390572,1.791759469228055,0.0,0.0,0.0,0.0,0.0,0.0,0.0,0.0,0.0,0.0,0.0,0.0,0.0,0.0,0.0,0.0,0.0,0.0,0.0,0.0,0.0,0.0,0.0,0.0,0.0,0.0,0.0,0.0,0.0,0.0,0.0,0.0,0.0,0.0,0.0,0.0,0.0,0.0,0.0,0.0,0.0,0.0,0.0,0.0,0.0,0.0,0.0,0.0,0.0,0.0,0.0,0.0,0.0
488,488,488,LRA,488,2025-04,2025-04-01,2025,4,63.0,Central African Republic,ged_rolling_24m,1,0.6931471805599453,False,True,5.0,18.0,1.791759469228055,2.9444389791664403,0.0,0.0,0.0,0.0,0.0,0.0,0.0,0.0,0.0,0.0,0.0,0.0,0.0,0.0,0.0,0.0,0.0,0.0,0.0,0.0,0.0,0.0,0.0,0.0,0.0,0.0,0.0,0.0,0.0,0.0,0.0,0.0,0.0,0.0,0.0,0.0,0.0,0.0,0.0,0.0,0.0,0.0,0.0,0.0,0.0,0.0,0.0,0.0,0.0,0.0,0.0,0.0,0.0
488,488,488,LRA,488,2025-05,2025-05-01,2025,5,64.0,Central African Republic,ged_rolling_24m,1,0.6931471805599453,False,True,18.0,11.0,2.9444389791664403,2.4849066497880004,0.0,0.0,0.0,0.0,0.0,0.0,0.0,0.0,0.0,0.0,0.0,0.0,0.0,0.0,0.0,0.0,0.0,0.0,0.0,0.0,0.0,0.0,0.0,0.0,0.0,0.0,0.0,0.0,0.0,0.0,0.0,0.0,0.0,0.0,0.0,0.0,0.0,0.0,0.0,0.0,0.0,0.0,0.0,0.0,0.0,0.0,0.0,0.0,0.0,0.0,0.0,0.0,0.0
488,488,488,LRA,488,2025-06,2025-06-01,2025,6,65.0,Central African Republic,ged_rolling_24m,1,0.6931471805599453,False,True,11.0,11.0,2.4849066497880004,2.4849066497880004,0.0,0.0,0.0,0.0,0.0,0.0,0.0,0.0,0.0,0.0,0.0,0.0,0.0,0.0,0.0,0.0,0.0,0.0,0.0,0.0,0.0,0.0,0.0,0.0,0.0,0.0,0.0,0.0,0.0,0.0,0.0,0.0,0.0,0.0,0.0,0.0,0.0,0.0,0.0,0.0,0.0,0.0,0.0,0.0,0.0,0.0,0.0,0.0,0.0,0.0,0.0,0.0,0.0
488,488,488,LRA,488,2025-07,2025-07-01,2025,7,66.0,Central African Republic,ged_rolling_24m,1,0.6931471805599453,False,True,11.0,6.0,2.4849066497880004,1.9459101490553132,0.0,0.0,0.0,0.0,0.0,0.0,0.0,0.0,0.0,0.0,0.0,0.0,0.0,0.0,0.0,0.0,0.0,0.0,0.0,0.0,0.0,0.0,0.0,0.0,0.0,0.0,0.0,0.0,0.0,0.0,0.0,0.0,0.0,0.0,0.0,0.0,0.0,0.0,0.0,0.0,0.0,0.0,0.0,0.0,0.0,0.0,0.0,0.0,0.0,0.0,0.0,0.0,0.0
488,488,488,LRA,488,2025-08,2025-08-01,2025,8,67.0,Central African Republic,ged_rolling_24m,1,0.6931471805599453,False,True,6.0,40.0,1.9459101490553132,3.713572066704308,0.0,0.0,0.0,0.0,0.0,0.0,0.0,0.0,0.0,0.0,0.0,0.0,0.0,0.0,0.0,0.0,0.0,0.0,0.0,0.0,0.0,0.0,0.0,0.0,0.0,0.0,0.0,0.0,0.0,0.0,0.0,0.0,0.0,0.0,0.0,0.0,0.0,0.0,0.0,0.0,0.0,0.0,0.0,0.0,0.0,0.0,0.0,0.0,0.0,0.0,0.0,0.0,0.0
488,488,488,LRA,488,2025-09,2025-09-01,2025,9,68.0,Central African Republic,ged_rolling_24m,1,0.6931471805599453,False,True,40.0,2.0,3.713572066704308,1.0986122886681098,0.0,0.0,0.0,0.0,0.0,0.0,0.0,0.0,0.0,0.0,0.0,0.0,0.0,0.0,0.0,0.0,0.0,0.0,0.0,0.0,0.0,0.0,0.0,0.0,0.0,0.0,0.0,0.0,0.0,0.0,0.0,0.0,0.0,0.0,0.0,0.0,0.0,0.0,0.0,0.0,0.0,0.0,0.0,0.0,0.0,0.0,0.0,0.0,0.0,0.0,0.0,0.0,0.0
488,488,488,LRA,488,2025-10,2025-10-01,2025,10,69.0,Central African Republic,ged_rolling_24m,1,0.6931471805599453,False,True,2.0,8.0,1.0986122886681098,2.1972245773362196,0.0,0.0,0.0,0.0,0.0,0.0,0.0,0.0,0.0,0.0,0.0,0.0,0.0,0.0,0.0,0.0,0.0,0.0,0.0,0.0,0.0,0.0,0.0,0.0,0.0,0.0,0.0,0.0,0.0,0.0,0.0,0.0,0.0,0.0,0.0,0.0,0.0,0.0,0.0,0.0,0.0,0.0,0.0,0.0,0.0,0.0,0.0,0.0,0.0,0.0,0.0,0.0,0.0
488,488,488,LRA,488,2025-11,2025-11-01,2025,11,70.0,Central African Republic,ged_rolling_24m,1,0.6931471805599453,False,True,8.0,78.0,2.1972245773362196,4.3694478524670215,0.0,0.0,0.0,0.0,0.0,0.0,0.0,0.0,0.0,0.0,0.0,0.0,0.0,0.0,0.0,0.0,0.0,0.0,0.0,0.0,0.0,0.0,0.0,0.0,0.0,0.0,0.0,0.0,0.0,0.0,0.0,0.0,0.0,0.0,0.0,0.0,0.0,0.0,0.0,0.0,0.0,0.0,0.0,0.0,0.0,0.0,0.0,0.0,0.0,0.0,0.0,0.0,0.0
488,488,488,LRA,488,2025-12,2025-12-01,2025,12,71.0,Central African Republic,ged_rolling_24m,1,0.6931471805599453,False,False,78.0,,4.3694478524670215,,0.0,0.0,0.0,0.0,0.0,0.0,0.0,0.0,0.0,0.0,0.0,0.0,0.0,0.0,0.0,0.0,0.0,0.0,0.0,0.0,0.0,0.0,0.0,0.0,0.0,0.0,0.0,0.0,0.0,0.0,0.0,0.0,0.0,0.0,0.0,0.0,0.0,0.0,0.0,0.0,0.0,0.0,0.0,0.0,0.0,0.0,0.0,0.0,0.0,0.0,0.0,0.0,0.0
320,320,320,LTTE,320,2020-01,2020-01-01,2020,1,0.0,Sri Lanka,ucdp_actor_metadata_fallback,1,0.6931471805599453,False,True,0.0,0.0,0.0,0.0,2.0,2.0,2.0,1.0,1.0,1.0,2.0,2.0,1.0,0.0,1.0,0.0,0.0,0.0,1.0,0.0,0.0,0.0,0.0,0.0,0.5,0.6931471805599453,0.5,0.6931471805599453,1.0,1.0986122886681098,1.0,1.0986122886681098,0.5,0.6931471805599453,0.0,0.0,0.5,0.6931471805599453,0.0,0.0,0.0,0.0,0.0,0.0,0.5,0.6931471805599453,0.0,0.0,0.0,0.0,0.0,0.0,0.0,0.0,0.0,0.0,1.0986122886681098
320,320,320,LTTE,320,2020-02,2020-02-01,2020,2,1.0,Sri Lanka,ucdp_actor_metadata_fallback,1,0.6931471805599453,False,True,0.0,0.0,0.0,0.0,4.0,4.0,4.0,1.0,2.0,4.0,2.0,2.0,1.0,0.0,1.0,0.0,0.0,0.0,0.0,0.0,0.0,3.0,0.0,0.0,0.5,1.0986122886681098,1.0,1.6094379124341003,0.5,1.0986122886681098,0.5,1.0986122886681098,0.25,0.6931471805599453,0.0,0.0,0.25,0.6931471805599453,0.0,0.0,0.0,0.0,0.0,0.0,0.0,0.0,0.0,0.0,0.0,0.0,0.75,1.3862943611198906,0.0,0.0,0.0,0.0,1.6094379124341003
320,320,320,LTTE,320,2020-03,2020-03-01,2020,3,2.0,Sri Lanka,ucdp_actor_metadata_fallback,1,0.6931471805599453,False,True,0.0,0.0,0.0,0.0,1.0,1.0,1.0,1.0,0.0,1.0,1.0,1.0,0.0,0.0,0.0,0.0,0.0,0.0,0.0,0.0,0.0,1.0,0.0,0.0,0.0,0.0,1.0,0.6931471805599453,1.0,0.6931471805599453,1.0,0.6931471805599453,0.0,0.0,0.0,0.0,0.0,0.0,0.0,0.0,0.0,0.0,0.0,0.0,0.0,0.0,0.0,0.0,0.0,0.0,1.0,0.6931471805599453,0.0,0.0,0.0,0.0,0.6931471805599453
320,320,320,LTTE,320,2020-04,2020-04-01,2020,4,3.0,Sri Lanka,ucdp_actor_metadata_fallback,1,0.6931471805599453,False,True,0.0,0.0,0.0,0.0,0.0,0.0,0.0,0.0,0.0,0.0,0.0,0.0,0.0,0.0,0.0,0.0,0.0,0.0,0.0,0.0,0.0,0.0,0.0,0.0,0.0,0.0,0.0,0.0,0.0,0.0,0.0,0.0,0.0,0.0,0.0,0.0,0.0,0.0,0.0,0.0,0.0,0.0,0.0,0.0,0.0,0.0,0.0,0.0,0.0,0.0,0.0,0.0,0.0,0.0,0.0,0.0,0.0
320,320,320,LTTE,320,2020-05,2020-05-01,2020,5,4.0,Sri Lanka,ucdp_actor_metadata_fallback,1,0.6931471805599453,False,True,0.0,0.0,0.0,0.0,2.0,2.0,2.0,1.0,0.0,2.0,0.0,2.0,2.0,0.0,1.0,0.0,0.0,0.0,0.0,0.0,0.0,1.0,0.0,0.0,0.0,0.0,1.0,1.0986122886681098,0.0,0.0,1.0,1.0986122886681098,1.0,1.0986122886681098,0.0,0.0,0.5,0.6931471805599453,0.0,0.0,0.0,0.0,0.0,0.0,0.0,0.0,0.0,0.0,0.0,0.0,0.5,0.6931471805599453,0.0,0.0,0.0,0.0,1.0986122886681098
320,320,320,LTTE,320,2020-06,2020-06-01,2020,6,5.0,Sri Lanka,ucdp_actor_metadata_fallback,1,0.6931471805599453,False,True,0.0,0.0,0.0,0.0,1.0,1.0,1.0,1.0,0.0,1.0,1.0,1.0,0.0,0.0,0.0,0.0,0.0,0.0,0.0,0.0,0.0,1.0,0.0,0.0,0.0,0.0,1.0,0.6931471805599453,1.0,0.6931471805599453,1.0,0.6931471805599453,0.0,0.0,0.0,0.0,0.0,0.0,0.0,0.0,0.0,0.0,0.0,0.0,0.0,0.0,0.0,0.0,0.0,0.0,1.0,0.6931471805599453,0.0,0.0,0.0,0.0,0.6931471805599453
320,320,320,LTTE,320,2020-07,2020-07-01,2020,7,6.0,Sri Lanka,ucdp_actor_metadata_fallback,1,0.6931471805599453,False,True,0.0,0.0,0.0,0.0,0.0,0.0,0.0,0.0,0.0,0.0,0.0,0.0,0.0,0.0,0.0,0.0,0.0,0.0,0.0,0.0,0.0,0.0,0.0,0.0,0.0,0.0,0.0,0.0,0.0,0.0,0.0,0.0,0.0,0.0,0.0,0.0,0.0,0.0,0.0,0.0,0.0,0.0,0.0,0.0,0.0,0.0,0.0,0.0,0.0,0.0,0.0,0.0,0.0,0.0,0.0,0.0,0.0
320,320,320,LTTE,320,2020-08,2020-08-01,2020,8,7.0,Sri Lanka,ucdp_actor_metadata_fallback,1,0.6931471805599453,False,True,0.0,0.0,0.0,0.0,1.0,1.0,1.0,1.0,0.0,0.0,0.0,0.0,0.0,0.0,0.0,0.0,0.0,0.0,1.0,0.0,0.0,0.0,0.0,0.0,0.0,0.0,0.0,0.0,0.0,0.0,0.0,0.0,0.0,0.0,0.0,0.0,0.0,0.0,0.0,0.0,0.0,0.0,0.0,0.0,1.0,0.6931471805599453,0.0,0.0,0.0,0.0,0.0,0.0,0.0,0.0,0.0,0.0,0.6931471805599453
320,320,320,LTTE,320,2020-09,2020-09-01,2020,9,8.0,Sri Lanka,ucdp_actor_metadata_fallback,1,0.6931471805599453,False,True,0.0,0.0,0.0,0.0,0.0,0.0,0.0,0.0,0.0,0.0,0.0,0.0,0.0,0.0,0.0,0.0,0.0,0.0,0.0,0.0,0.0,0.0,0.0,0.0,0.0,0.0,0.0,0.0,0.0,0.0,0.0,0.0,0.0,0.0,0.0,0.0,0.0,0.0,0.0,0.0,0.0,0.0,0.0,0.0,0.0,0.0,0.0,0.0,0.0,0.0,0.0,0.0,0.0,0.0,0.0,0.0,0.0
320,320,320,LTTE,320,2020-10,2020-10-01,2020,10,9.0,Sri Lanka,ucdp_actor_metadata_fallback,1,0.6931471805599453,False,True,0.0,0.0,0.0,0.0,1.0,1.0,1.0,1.0,0.0,1.0,1.0,1.0,0.0,0.0,0.0,0.0,0.0,0.0,0.0,0.0,0.0,1.0,0.0,0.0,0.0,0.0,1.0,0.6931471805599453,1.0,0.6931471805599453,1.0,0.6931471805599453,0.0,0.0,0.0,0.0,0.0,0.0,0.0,0.0,0.0,0.0,0.0,0.0,0.0,0.0,0.0,0.0,0.0,0.0,1.0,0.6931471805599453,0.0,0.0,0.0,0.0,0.6931471805599453
320,320,320,LTTE,320,2020-11,2020-11-01,2020,11,10.0,Sri Lanka,ucdp_actor_metadata_fallback,1,0.6931471805599453,False,True,0.0,0.0,0.0,0.0,0.0,0.0,0.0,0.0,0.0,0.0,0.0,0.0,0.0,0.0,0.0,0.0,0.0,0.0,0.0,0.0,0.0,0.0,0.0,0.0,0.0,0.0,0.0,0.0,0.0,0.0,0.0,0.0,0.0,0.0,0.0,0.0,0.0,0.0,0.0,0.0,0.0,0.0,0.0,0.0,0.0,0.0,0.0,0.0,0.0,0.0,0.0,0.0,0.0,0.0,0.0,0.0,0.0
320,320,320,LTTE,320,2020-12,2020-12-01,2020,12,11.0,Sri Lanka,ucdp_actor_metadata_fallback,1,0.6931471805599453,False,True,0.0,0.0,0.0,0.0,3.0,3.0,3.0,1.0,0.0,0.0,0.0,1.0,0.0,1.0,0.0,0.0,0.0,0.0,2.0,0.0,0.0,0.0,0.0,0.0,0.0,0.0,0.0,0.0,0.0,0.0,0.3333333333333333,0.6931471805599453,0.0,0.0,0.3333333333333333,0.6931471805599453,0.0,0.0,0.0,0.0,0.0,0.0,0.0,0.0,0.6666666666666666,1.0986122886681098,0.0,0.0,0.0,0.0,0.0,0.0,0.0,0.0,0.0,0.0,1.3862943611198906
320,320,320,LTTE,320,2021-01,2021-01-01,2021,1,12.0,Sri Lanka,ucdp_actor_metadata_fallback,1,0.6931471805599453,False,True,0.0,0.0,0.0,0.0,1.0,1.0,1.0,1.0,1.0,1.0,1.0,1.0,0.0,0.0,0.0,0.0,0.0,0.0,0.0,0.0,0.0,0.0,1.0,0.0,1.0,0.6931471805599453,1.0,0.6931471805599453,1.0,0.6931471805599453,1.0,0.6931471805599453,0.0,0.0,0.0,0.0,0.0,0.0,0.0,0.0,0.0,0.0,0.0,0.0,0.0,0.0,0.0,0.0,0.0,0.0,0.0,0.0,1.0,0.6931471805599453,0.0,0.0,0.6931471805599453
320,320,320,LTTE,320,2021-02,2021-02-01,2021,2,13.0,Sri Lanka,ucdp_actor_metadata_fallback,1,0.6931471805599453,False,True,0.0,0.0,0.0,0.0,3.0,3.0,3.0,1.0,1.0,3.0,3.0,3.0,3.0,0.0,0.0,0.0,0.0,0.0,0.0,0.0,0.0,3.0,0.0,0.0,0.3333333333333333,0.6931471805599453,1.0,1.3862943611198906,1.0,1.3862943611198906,1.0,1.3862943611198906,1.0,1.3862943611198906,0.0,0.0,0.0,0.0,0.0,0.0,0.0,0.0,0.0,0.0,0.0,0.0,0.0,0.0,0.0,0.0,1.0,1.3862943611198906,0.0,0.0,0.0,0.0,1.3862943611198906
320,320,320,LTTE,320,2021-03,2021-03-01,2021,3,14.0,Sri Lanka,ucdp_actor_metadata_fallback,1,0.6931471805599453,False,True,0.0,0.0,0.0,0.0,2.0,2.0,2.0,1.0,1.0,2.0,0.0,0.0,0.0,0.0,0.0,0.0,0.0,0.0,0.0,0.0,0.0,2.0,0.0,0.0,0.5,0.6931471805599453,1.0,1.0986122886681098,0.0,0.0,0.0,0.0,0.0,0.0,0.0,0.0,0.0,0.0,0.0,0.0,0.0,0.0,0.0,0.0,0.0,0.0,0.0,0.0,0.0,0.0,1.0,1.0986122886681098,0.0,0.0,0.0,0.0,1.0986122886681098
320,320,320,LTTE,320,2021-04,2021-04-01,2021,4,15.0,Sri Lanka,ucdp_actor_metadata_fallback,1,0.6931471805599453,False,True,0.0,0.0,0.0,0.0,0.0,0.0,0.0,0.0,0.0,0.0,0.0,0.0,0.0,0.0,0.0,0.0,0.0,0.0,0.0,0.0,0.0,0.0,0.0,0.0,0.0,0.0,0.0,0.0,0.0,0.0,0.0,0.0,0.0,0.0,0.0,0.0,0.0,0.0,0.0,0.0,0.0,0.0,0.0,0.0,0.0,0.0,0.0,0.0,0.0,0.0,0.0,0.0,0.0,0.0,0.0,0.0,0.0
320,320,320,LTTE,320,2021-05,2021-05-01,2021,5,16.0,Sri Lanka,ucdp_actor_metadata_fallback,1,0.6931471805599453,False,True,0.0,0.0,0.0,0.0,0.0,0.0,0.0,0.0,0.0,0.0,0.0,0.0,0.0,0.0,0.0,0.0,0.0,0.0,0.0,0.0,0.0,0.0,0.0,0.0,0.0,0.0,0.0,0.0,0.0,0.0,0.0,0.0,0.0,0.0,0.0,0.0,0.0,0.0,0.0,0.0,0.0,0.0,0.0,0.0,0.0,0.0,0.0,0.0,0.0,0.0,0.0,0.0,0.0,0.0,0.0,0.0,0.0
320,320,320,LTTE,320,2021-06,2021-06-01,2021,6,17.0,Sri Lanka,ucdp_actor_metadata_fallback,1,0.6931471805599453,False,True,0.0,0.0,0.0,0.0,1.0,1.0,1.0,1.0,0.0,1.0,1.0,0.0,0.0,0.0,0.0,0.0,0.0,0.0,0.0,0.0,0.0,1.0,0.0,0.0,0.0,0.0,1.0,0.6931471805599453,1.0,0.6931471805599453,0.0,0.0,0.0,0.0,0.0,0.0,0.0,0.0,0.0,0.0,0.0,0.0,0.0,0.0,0.0,0.0,0.0,0.0,0.0,0.0,1.0,0.6931471805599453,0.0,0.0,0.0,0.0,0.6931471805599453
320,320,320,LTTE,320,2021-07,2021-07-01,2021,7,18.0,Sri Lanka,ucdp_actor_metadata_fallback,1,0.6931471805599453,False,True,0.0,0.0,0.0,0.0,0.0,0.0,0.0,0.0,0.0,0.0,0.0,0.0,0.0,0.0,0.0,0.0,0.0,0.0,0.0,0.0,0.0,0.0,0.0,0.0,0.0,0.0,0.0,0.0,0.0,0.0,0.0,0.0,0.0,0.0,0.0,0.0,0.0,0.0,0.0,0.0,0.0,0.0,0.0,0.0,0.0,0.0,0.0,0.0,0.0,0.0,0.0,0.0,0.0,0.0,0.0,0.0,0.0
320,320,320,LTTE,320,2021-08,2021-08-01,2021,8,19.0,Sri Lanka,ucdp_actor_metadata_fallback,1,0.6931471805599453,False,True,0.0,0.0,0.0,0.0,0.0,0.0,0.0,0.0,0.0,0.0,0.0,0.0,0.0,0.0,0.0,0.0,0.0,0.0,0.0,0.0,0.0,0.0,0.0,0.0,0.0,0.0,0.0,0.0,0.0,0.0,0.0,0.0,0.0,0.0,0.0,0.0,0.0,0.0,0.0,0.0,0.0,0.0,0.0,0.0,0.0,0.0,0.0,0.0,0.0,0.0,0.0,0.0,0.0,0.0,0.0,0.0,0.0
320,320,320,LTTE,320,2021-09,2021-09-01,2021,9,20.0,Sri Lanka,ucdp_actor_metadata_fallback,1,0.6931471805599453,False,True,0.0,0.0,0.0,0.0,1.0,1.0,1.0,1.0,0.0,1.0,0.0,0.0,0.0,0.0,0.0,0.0,0.0,0.0,0.0,0.0,0.0,1.0,0.0,0.0,0.0,0.0,1.0,0.6931471805599453,0.0,0.0,0.0,0.0,0.0,0.0,0.0,0.0,0.0,0.0,0.0,0.0,0.0,0.0,0.0,0.0,0.0,0.0,0.0,0.0,0.0,0.0,1.0,0.6931471805599453,0.0,0.0,0.0,0.0,0.6931471805599453
320,320,320,LTTE,320,2021-10,2021-10-01,2021,10,21.0,Sri Lanka,ucdp_actor_metadata_fallback,1,0.6931471805599453,False,True,0.0,0.0,0.0,0.0,1.0,1.0,1.0,1.0,1.0,1.0,1.0,1.0,1.0,0.0,0.0,0.0,0.0,0.0,0.0,0.0,0.0,1.0,0.0,0.0,1.0,0.6931471805599453,1.0,0.6931471805599453,1.0,0.6931471805599453,1.0,0.6931471805599453,1.0,0.6931471805599453,0.0,0.0,0.0,0.0,0.0,0.0,0.0,0.0,0.0,0.0,0.0,0.0,0.0,0.0,0.0,0.0,1.0,0.6931471805599453,0.0,0.0,0.0,0.0,0.6931471805599453
320,320,320,LTTE,320,2021-11,2021-11-01,2021,11,22.0,Sri Lanka,ucdp_actor_metadata_fallback,1,0.6931471805599453,False,True,0.0,0.0,0.0,0.0,0.0,0.0,0.0,0.0,0.0,0.0,0.0,0.0,0.0,0.0,0.0,0.0,0.0,0.0,0.0,0.0,0.0,0.0,0.0,0.0,0.0,0.0,0.0,0.0,0.0,0.0,0.0,0.0,0.0,0.0,0.0,0.0,0.0,0.0,0.0,0.0,0.0,0.0,0.0,0.0,0.0,0.0,0.0,0.0,0.0,0.0,0.0,0.0,0.0,0.0,0.0,0.0,0.0
320,320,320,LTTE,320,2021-12,2021-12-01,2021,12,23.0,Sri Lanka,ucdp_actor_metadata_fallback,1,0.6931471805599453,False,True,0.0,0.0,0.0,0.0,1.0,1.0,1.0,1.0,1.0,1.0,1.0,1.0,1.0,0.0,0.0,0.0,0.0,0.0,0.0,0.0,0.0,1.0,0.0,0.0,1.0,0.6931471805599453,1.0,0.6931471805599453,1.0,0.6931471805599453,1.0,0.6931471805599453,1.0,0.6931471805599453,0.0,0.0,0.0,0.0,0.0,0.0,0.0,0.0,0.0,0.0,0.0,0.0,0.0,0.0,0.0,0.0,1.0,0.6931471805599453,0.0,0.0,0.0,0.0,0.6931471805599453
320,320,320,LTTE,320,2022-01,2022-01-01,2022,1,24.0,Sri Lanka,ucdp_actor_metadata_fallback,1,0.6931471805599453,False,True,0.0,0.0,0.0,0.0,2.0,2.0,2.0,1.0,0.0,2.0,1.0,1.0,1.0,0.0,0.0,0.0,0.0,0.0,0.0,0.0,0.0,2.0,0.0,0.0,0.0,0.0,1.0,1.0986122886681098,0.5,0.6931471805599453,0.5,0.6931471805599453,0.5,0.6931471805599453,0.0,0.0,0.0,0.0,0.0,0.0,0.0,0.0,0.0,0.0,0.0,0.0,0.0,0.0,0.0,0.0,1.0,1.0986122886681098,0.0,0.0,0.0,0.0,1.0986122886681098
320,320,320,LTTE,320,2022-02,2022-02-01,2022,2,25.0,Sri Lanka,ucdp_actor_metadata_fallback,1,0.6931471805599453,False,True,0.0,0.0,0.0,0.0,1.0,1.0,1.0,1.0,1.0,1.0,0.0,0.0,0.0,0.0,0.0,0.0,0.0,0.0,0.0,0.0,0.0,1.0,0.0,0.0,1.0,0.6931471805599453,1.0,0.6931471805599453,0.0,0.0,0.0,0.0,0.0,0.0,0.0,0.0,0.0,0.0,0.0,0.0,0.0,0.0,0.0,0.0,0.0,0.0,0.0,0.0,0.0,0.0,1.0,0.6931471805599453,0.0,0.0,0.0,0.0,0.6931471805599453
320,320,320,LTTE,320,2022-03,2022-03-01,2022,3,26.0,Sri Lanka,ucdp_actor_metadata_fallback,1,0.6931471805599453,False,True,0.0,0.0,0.0,0.0,1.0,1.0,1.0,1.0,0.0,1.0,1.0,0.0,0.0,0.0,0.0,0.0,0.0,0.0,0.0,0.0,0.0,1.0,0.0,0.0,0.0,0.0,1.0,0.6931471805599453,1.0,0.6931471805599453,0.0,0.0,0.0,0.0,0.0,0.0,0.0,0.0,0.0,0.0,0.0,0.0,0.0,0.0,0.0,0.0,0.0,0.0,0.0,0.0,1.0,0.6931471805599453,0.0,0.0,0.0,0.0,0.6931471805599453
320,320,320,LTTE,320,2022-04,2022-04-01,2022,4,27.0,Sri Lanka,ucdp_actor_metadata_fallback,1,0.6931471805599453,False,True,0.0,0.0,0.0,0.0,1.0,1.0,1.0,1.0,1.0,1.0,1.0,1.0,0.0,0.0,1.0,0.0,0.0,0.0,0.0,0.0,0.0,0.0,0.0,0.0,1.0,0.6931471805599453,1.0,0.6931471805599453,1.0,0.6931471805599453,1.0,0.6931471805599453,0.0,0.0,0.0,0.0,1.0,0.6931471805599453,0.0,0.0,0.0,0.0,0.0,0.0,0.0,0.0,0.0,0.0,0.0,0.0,0.0,0.0,0.0,0.0,0.0,0.0,0.6931471805599453
320,320,320,LTTE,320,2022-05,2022-05-01,2022,5,28.0,Sri Lanka,ucdp_actor_metadata_fallback,1,0.6931471805599453,False,True,0.0,0.0,0.0,0.0,2.0,2.0,2.0,1.0,1.0,2.0,2.0,2.0,2.0,0.0,0.0,0.0,0.0,0.0,0.0,0.0,0.0,2.0,0.0,0.0,0.5,0.6931471805599453,1.0,1.0986122886681098,1.0,1.0986122886681098,1.0,1.0986122886681098,1.0,1.0986122886681098,0.0,0.0,0.0,0.0,0.0,0.0,0.0,0.0,0.0,0.0,0.0,0.0,0.0,0.0,0.0,0.0,1.0,1.0986122886681098,0.0,0.0,0.0,0.0,1.0986122886681098
320,320,320,LTTE,320,2022-06,2022-06-01,2022,6,29.0,Sri Lanka,ucdp_actor_metadata_fallback,1,0.6931471805599453,False,True,0.0,0.0,0.0,0.0,0.0,0.0,0.0,0.0,0.0,0.0,0.0,0.0,0.0,0.0,0.0,0.0,0.0,0.0,0.0,0.0,0.0,0.0,0.0,0.0,0.0,0.0,0.0,0.0,0.0,0.0,0.0,0.0,0.0,0.0,0.0,0.0,0.0,0.0,0.0,0.0,0.0,0.0,0.0,0.0,0.0,0.0,0.0,0.0,0.0,0.0,0.0,0.0,0.0,0.0,0.0,0.0,0.0
320,320,320,LTTE,320,2022-07,2022-07-01,2022,7,30.0,Sri Lanka,ucdp_actor_metadata_fallback,1,0.6931471805599453,False,True,0.0,0.0,0.0,0.0,2.0,2.0,2.0,1.0,1.0,2.0,1.0,1.0,1.0,0.0,0.0,0.0,0.0,0.0,0.0,0.0,0.0,2.0,0.0,0.0,0.5,0.6931471805599453,1.0,1.0986122886681098,0.5,0.6931471805599453,0.5,0.6931471805599453,0.5,0.6931471805599453,0.0,0.0,0.0,0.0,0.0,0.0,0.0,0.0,0.0,0.0,0.0,0.0,0.0,0.0,0.0,0.0,1.0,1.0986122886681098,0.0,0.0,0.0,0.0,1.0986122886681098
320,320,320,LTTE,320,2022-08,2022-08-01,2022,8,31.0,Sri Lanka,ucdp_actor_metadata_fallback,1,0.6931471805599453,False,True,0.0,0.0,0.0,0.0,1.0,1.0,1.0,1.0,1.0,1.0,1.0,1.0,1.0,0.0,0.0,0.0,0.0,0.0,0.0,0.0,0.0,1.0,0.0,0.0,1.0,0.6931471805599453,1.0,0.6931471805599453,1.0,0.6931471805599453,1.0,0.6931471805599453,1.0,0.6931471805599453,0.0,0.0,0.0,0.0,0.0,0.0,0.0,0.0,0.0,0.0,0.0,0.0,0.0,0.0,0.0,0.0,1.0,0.6931471805599453,0.0,0.0,0.0,0.0,0.6931471805599453
320,320,320,LTTE,320,2022-09,2022-09-01,2022,9,32.0,Sri Lanka,ucdp_actor_metadata_fallback,1,0.6931471805599453,False,True,0.0,0.0,0.0,0.0,2.0,2.0,2.0,1.0,0.0,1.0,1.0,1.0,1.0,0.0,0.0,0.0,0.0,0.0,1.0,0.0,0.0,1.0,0.0,0.0,0.0,0.0,0.5,0.6931471805599453,0.5,0.6931471805599453,0.5,0.6931471805599453,0.5,0.6931471805599453,0.0,0.0,0.0,0.0,0.0,0.0,0.0,0.0,0.0,0.0,0.5,0.6931471805599453,0.0,0.0,0.0,0.0,0.5,0.6931471805599453,0.0,0.0,0.0,0.0,1.0986122886681098
320,320,320,LTTE,320,2022-10,2022-10-01,2022,10,33.0,Sri Lanka,ucdp_actor_metadata_fallback,1,0.6931471805599453,False,True,0.0,0.0,0.0,0.0,0.0,0.0,0.0,0.0,0.0,0.0,0.0,0.0,0.0,0.0,0.0,0.0,0.0,0.0,0.0,0.0,0.0,0.0,0.0,0.0,0.0,0.0,0.0,0.0,0.0,0.0,0.0,0.0,0.0,0.0,0.0,0.0,0.0,0.0,0.0,0.0,0.0,0.0,0.0,0.0,0.0,0.0,0.0,0.0,0.0,0.0,0.0,0.0,0.0,0.0,0.0,0.0,0.0
320,320,320,LTTE,320,2022-11,2022-11-01,2022,11,34.0,Sri Lanka,ucdp_actor_metadata_fallback,1,0.6931471805599453,False,True,0.0,0.0,0.0,0.0,5.0,5.0,5.0,1.0,4.0,5.0,5.0,5.0,5.0,0.0,0.0,0.0,0.0,0.0,0.0,0.0,0.0,5.0,0.0,0.0,0.8,1.6094379124341003,1.0,1.791759469228055,1.0,1.791759469228055,1.0,1.791759469228055,1.0,1.791759469228055,0.0,0.0,0.0,0.0,0.0,0.0,0.0,0.0,0.0,0.0,0.0,0.0,0.0,0.0,0.0,0.0,1.0,1.791759469228055,0.0,0.0,0.0,0.0,1.791759469228055
320,320,320,LTTE,320,2022-12,2022-12-01,2022,12,35.0,Sri Lanka,ucdp_actor_metadata_fallback,1,0.6931471805599453,False,True,0.0,0.0,0.0,0.0,0.0,0.0,0.0,0.0,0.0,0.0,0.0,0.0,0.0,0.0,0.0,0.0,0.0,0.0,0.0,0.0,0.0,0.0,0.0,0.0,0.0,0.0,0.0,0.0,0.0,0.0,0.0,0.0,0.0,0.0,0.0,0.0,0.0,0.0,0.0,0.0,0.0,0.0,0.0,0.0,0.0,0.0,0.0,0.0,0.0,0.0,0.0,0.0,0.0,0.0,0.0,0.0,0.0
320,320,320,LTTE,320,2023-01,2023-01-01,2023,1,36.0,Sri Lanka,ucdp_actor_metadata_fallback,1,0.6931471805599453,False,True,0.0,0.0,0.0,0.0,0.0,0.0,0.0,0.0,0.0,0.0,0.0,0.0,0.0,0.0,0.0,0.0,0.0,0.0,0.0,0.0,0.0,0.0,0.0,0.0,0.0,0.0,0.0,0.0,0.0,0.0,0.0,0.0,0.0,0.0,0.0,0.0,0.0,0.0,0.0,0.0,0.0,0.0,0.0,0.0,0.0,0.0,0.0,0.0,0.0,0.0,0.0,0.0,0.0,0.0,0.0,0.0,0.0
320,320,320,LTTE,320,2023-02,2023-02-01,2023,2,37.0,Sri Lanka,ucdp_actor_metadata_fallback,1,0.6931471805599453,False,True,0.0,0.0,0.0,0.0,2.0,2.0,2.0,1.0,1.0,2.0,0.0,0.0,0.0,0.0,0.0,0.0,0.0,0.0,0.0,0.0,0.0,2.0,0.0,0.0,0.5,0.6931471805599453,1.0,1.0986122886681098,0.0,0.0,0.0,0.0,0.0,0.0,0.0,0.0,0.0,0.0,0.0,0.0,0.0,0.0,0.0,0.0,0.0,0.0,0.0,0.0,0.0,0.0,1.0,1.0986122886681098,0.0,0.0,0.0,0.0,1.0986122886681098
320,320,320,LTTE,320,2023-03,2023-03-01,2023,3,38.0,Sri Lanka,ucdp_actor_metadata_fallback,1,0.6931471805599453,False,True,0.0,0.0,0.0,0.0,1.0,1.0,1.0,1.0,1.0,1.0,0.0,0.0,0.0,0.0,0.0,0.0,0.0,0.0,0.0,0.0,0.0,1.0,0.0,0.0,1.0,0.6931471805599453,1.0,0.6931471805599453,0.0,0.0,0.0,0.0,0.0,0.0,0.0,0.0,0.0,0.0,0.0,0.0,0.0,0.0,0.0,0.0,0.0,0.0,0.0,0.0,0.0,0.0,1.0,0.6931471805599453,0.0,0.0,0.0,0.0,0.6931471805599453
320,320,320,LTTE,320,2023-04,2023-04-01,2023,4,39.0,Sri Lanka,ucdp_actor_metadata_fallback,1,0.6931471805599453,False,True,0.0,0.0,0.0,0.0,7.0,7.0,7.0,1.0,6.0,7.0,5.0,6.0,0.0,0.0,0.0,0.0,0.0,0.0,0.0,0.0,0.0,7.0,0.0,0.0,0.8571428571428571,1.9459101490553132,1.0,2.0794415416798357,0.7142857142857143,1.791759469228055,0.8571428571428571,1.9459101490553132,0.0,0.0,0.0,0.0,0.0,0.0,0.0,0.0,0.0,0.0,0.0,0.0,0.0,0.0,0.0,0.0,0.0,0.0,1.0,2.0794415416798357,0.0,0.0,0.0,0.0,2.0794415416798357
320,320,320,LTTE,320,2023-05,2023-05-01,2023,5,40.0,Sri Lanka,ucdp_actor_metadata_fallback,1,0.6931471805599453,False,True,0.0,0.0,0.0,0.0,3.0,3.0,3.0,1.0,2.0,3.0,3.0,3.0,1.0,0.0,1.0,0.0,0.0,0.0,0.0,0.0,0.0,2.0,0.0,0.0,0.6666666666666666,1.0986122886681098,1.0,1.3862943611198906,1.0,1.3862943611198906,1.0,1.3862943611198906,0.3333333333333333,0.6931471805599453,0.0,0.0,0.3333333333333333,0.6931471805599453,0.0,0.0,0.0,0.0,0.0,0.0,0.0,0.0,0.0,0.0,0.0,0.0,0.6666666666666666,1.0986122886681098,0.0,0.0,0.0,0.0,1.3862943611198906
320,320,320,LTTE,320,2023-06,2023-06-01,2023,6,41.0,Sri Lanka,ucdp_actor_metadata_fallback,1,0.6931471805599453,False,True,0.0,0.0,0.0,0.0,0.0,0.0,0.0,0.0,0.0,0.0,0.0,0.0,0.0,0.0,0.0,0.0,0.0,0.0,0.0,0.0,0.0,0.0,0.0,0.0,0.0,0.0,0.0,0.0,0.0,0.0,0.0,0.0,0.0,0.0,0.0,0.0,0.0,0.0,0.0,0.0,0.0,0.0,0.0,0.0,0.0,0.0,0.0,0.0,0.0,0.0,0.0,0.0,0.0,0.0,0.0,0.0,0.0
320,320,320,LTTE,320,2023-07,2023-07-01,2023,7,42.0,Sri Lanka,ucdp_actor_metadata_fallback,1,0.6931471805599453,False,True,0.0,0.0,0.0,0.0,3.0,3.0,3.0,1.0,3.0,3.0,3.0,3.0,3.0,0.0,0.0,1.0,0.0,0.0,0.0,1.0,0.0,1.0,0.0,0.0,1.0,1.3862943611198906,1.0,1.3862943611198906,1.0,1.3862943611198906,1.0,1.3862943611198906,1.0,1.3862943611198906,0.0,0.0,0.0,0.0,0.3333333333333333,0.6931471805599453,0.0,0.0,0.0,0.0,0.0,0.0,0.3333333333333333,0.6931471805599453,0.0,0.0,0.3333333333333333,0.6931471805599453,0.0,0.0,0.0,0.0,1.3862943611198906
320,320,320,LTTE,320,2023-08,2023-08-01,2023,8,43.0,Sri Lanka,ucdp_actor_metadata_fallback,1,0.6931471805599453,False,True,0.0,0.0,0.0,0.0,2.0,2.0,2.0,1.0,1.0,2.0,1.0,2.0,1.0,0.0,1.0,0.0,0.0,0.0,0.0,0.0,0.0,1.0,0.0,0.0,0.5,0.6931471805599453,1.0,1.0986122886681098,0.5,0.6931471805599453,1.0,1.0986122886681098,0.5,0.6931471805599453,0.0,0.0,0.5,0.6931471805599453,0.0,0.0,0.0,0.0,0.0,0.0,0.0,0.0,0.0,0.0,0.0,0.0,0.5,0.6931471805599453,0.0,0.0,0.0,0.0,1.0986122886681098
320,320,320,LTTE,320,2023-09,2023-09-01,2023,9,44.0,Sri Lanka,ucdp_actor_metadata_fallback,1,0.6931471805599453,False,True,0.0,0.0,0.0,0.0,0.0,0.0,0.0,0.0,0.0,0.0,0.0,0.0,0.0,0.0,0.0,0.0,0.0,0.0,0.0,0.0,0.0,0.0,0.0,0.0,0.0,0.0,0.0,0.0,0.0,0.0,0.0,0.0,0.0,0.0,0.0,0.0,0.0,0.0,0.0,0.0,0.0,0.0,0.0,0.0,0.0,0.0,0.0,0.0,0.0,0.0,0.0,0.0,0.0,0.0,0.0,0.0,0.0
320,320,320,LTTE,320,2023-10,2023-10-01,2023,10,45.0,Sri Lanka,ucdp_actor_metadata_fallback,1,0.6931471805599453,False,True,0.0,0.0,0.0,0.0,0.0,0.0,0.0,0.0,0.0,0.0,0.0,0.0,0.0,0.0,0.0,0.0,0.0,0.0,0.0,0.0,0.0,0.0,0.0,0.0,0.0,0.0,0.0,0.0,0.0,0.0,0.0,0.0,0.0,0.0,0.0,0.0,0.0,0.0,0.0,0.0,0.0,0.0,0.0,0.0,0.0,0.0,0.0,0.0,0.0,0.0,0.0,0.0,0.0,0.0,0.0,0.0,0.0
320,320,320,LTTE,320,2023-11,2023-11-01,2023,11,46.0,Sri Lanka,ucdp_actor_metadata_fallback,1,0.6931471805599453,False,True,0.0,0.0,0.0,0.0,0.0,0.0,0.0,0.0,0.0,0.0,0.0,0.0,0.0,0.0,0.0,0.0,0.0,0.0,0.0,0.0,0.0,0.0,0.0,0.0,0.0,0.0,0.0,0.0,0.0,0.0,0.0,0.0,0.0,0.0,0.0,0.0,0.0,0.0,0.0,0.0,0.0,0.0,0.0,0.0,0.0,0.0,0.0,0.0,0.0,0.0,0.0,0.0,0.0,0.0,0.0,0.0,0.0
320,320,320,LTTE,320,2023-12,2023-12-01,2023,12,47.0,Sri Lanka,ucdp_actor_metadata_fallback,1,0.6931471805599453,False,True,0.0,0.0,0.0,0.0,1.0,1.0,1.0,1.0,1.0,1.0,1.0,1.0,1.0,0.0,1.0,0.0,0.0,0.0,0.0,0.0,0.0,0.0,0.0,0.0,1.0,0.6931471805599453,1.0,0.6931471805599453,1.0,0.6931471805599453,1.0,0.6931471805599453,1.0,0.6931471805599453,0.0,0.0,1.0,0.6931471805599453,0.0,0.0,0.0,0.0,0.0,0.0,0.0,0.0,0.0,0.0,0.0,0.0,0.0,0.0,0.0,0.0,0.0,0.0,0.6931471805599453
320,320,320,LTTE,320,2024-01,2024-01-01,2024,1,48.0,Sri Lanka,ucdp_actor_metadata_fallback,1,0.6931471805599453,False,True,0.0,0.0,0.0,0.0,3.0,3.0,3.0,1.0,0.0,3.0,3.0,2.0,0.0,0.0,0.0,0.0,0.0,0.0,0.0,0.0,0.0,3.0,0.0,0.0,0.0,0.0,1.0,1.3862943611198906,1.0,1.3862943611198906,0.6666666666666666,1.0986122886681098,0.0,0.0,0.0,0.0,0.0,0.0,0.0,0.0,0.0,0.0,0.0,0.0,0.0,0.0,0.0,0.0,0.0,0.0,1.0,1.3862943611198906,0.0,0.0,0.0,0.0,1.3862943611198906
320,320,320,LTTE,320,2024-02,2024-02-01,2024,2,49.0,Sri Lanka,ucdp_actor_metadata_fallback,1,0.6931471805599453,False,True,0.0,0.0,0.0,0.0,1.0,1.0,1.0,1.0,0.0,0.0,0.0,0.0,0.0,0.0,0.0,0.0,0.0,0.0,1.0,0.0,0.0,0.0,0.0,0.0,0.0,0.0,0.0,0.0,0.0,0.0,0.0,0.0,0.0,0.0,0.0,0.0,0.0,0.0,0.0,0.0,0.0,0.0,0.0,0.0,1.0,0.6931471805599453,0.0,0.0,0.0,0.0,0.0,0.0,0.0,0.0,0.0,0.0,0.6931471805599453
320,320,320,LTTE,320,2024-03,2024-03-01,2024,3,50.0,Sri Lanka,ucdp_actor_metadata_fallback,1,0.6931471805599453,False,True,0.0,0.0,0.0,0.0,1.0,1.0,1.0,1.0,0.0,1.0,0.0,0.0,1.0,0.0,0.0,0.0,0.0,0.0,0.0,0.0,0.0,1.0,0.0,0.0,0.0,0.0,1.0,0.6931471805599453,0.0,0.0,0.0,0.0,1.0,0.6931471805599453,0.0,0.0,0.0,0.0,0.0,0.0,0.0,0.0,0.0,0.0,0.0,0.0,0.0,0.0,0.0,0.0,1.0,0.6931471805599453,0.0,0.0,0.0,0.0,0.6931471805599453
320,320,320,LTTE,320,2024-04,2024-04-01,2024,4,51.0,Sri Lanka,ucdp_actor_metadata_fallback,1,0.6931471805599453,False,True,0.0,0.0,0.0,0.0,3.0,3.0,3.0,1.0,2.0,3.0,0.0,2.0,0.0,0.0,0.0,0.0,0.0,0.0,0.0,0.0,0.0,2.0,1.0,0.0,0.6666666666666666,1.0986122886681098,1.0,1.3862943611198906,0.0,0.0,0.6666666666666666,1.0986122886681098,0.0,0.0,0.0,0.0,0.0,0.0,0.0,0.0,0.0,0.0,0.0,0.0,0.0,0.0,0.0,0.0,0.0,0.0,0.6666666666666666,1.0986122886681098,0.3333333333333333,0.6931471805599453,0.0,0.0,1.3862943611198906
320,320,320,LTTE,320,2024-05,2024-05-01,2024,5,52.0,Sri Lanka,ucdp_actor_metadata_fallback,1,0.6931471805599453,False,True,0.0,0.0,0.0,0.0,0.0,0.0,0.0,0.0,0.0,0.0,0.0,0.0,0.0,0.0,0.0,0.0,0.0,0.0,0.0,0.0,0.0,0.0,0.0,0.0,0.0,0.0,0.0,0.0,0.0,0.0,0.0,0.0,0.0,0.0,0.0,0.0,0.0,0.0,0.0,0.0,0.0,0.0,0.0,0.0,0.0,0.0,0.0,0.0,0.0,0.0,0.0,0.0,0.0,0.0,0.0,0.0,0.0
320,320,320,LTTE,320,2024-06,2024-06-01,2024,6,53.0,Sri Lanka,ucdp_actor_metadata_fallback,1,0.6931471805599453,False,True,0.0,0.0,0.0,0.0,2.0,2.0,2.0,1.0,0.0,2.0,1.0,2.0,0.0,0.0,0.0,0.0,0.0,0.0,0.0,0.0,0.0,2.0,0.0,0.0,0.0,0.0,1.0,1.0986122886681098,0.5,0.6931471805599453,1.0,1.0986122886681098,0.0,0.0,0.0,0.0,0.0,0.0,0.0,0.0,0.0,0.0,0.0,0.0,0.0,0.0,0.0,0.0,0.0,0.0,1.0,1.0986122886681098,0.0,0.0,0.0,0.0,1.0986122886681098
320,320,320,LTTE,320,2024-07,2024-07-01,2024,7,54.0,Sri Lanka,ucdp_actor_metadata_fallback,1,0.6931471805599453,False,True,0.0,0.0,0.0,0.0,5.0,5.0,5.0,1.0,5.0,5.0,3.0,4.0,4.0,0.0,1.0,3.0,0.0,0.0,0.0,0.0,0.0,1.0,0.0,0.0,1.0,1.791759469228055,1.0,1.791759469228055,0.6,1.3862943611198906,0.8,1.6094379124341003,0.8,1.6094379124341003,0.0,0.0,0.2,0.6931471805599453,0.6,1.3862943611198906,0.0,0.0,0.0,0.0,0.0,0.0,0.0,0.0,0.0,0.0,0.2,0.6931471805599453,0.0,0.0,0.0,0.0,1.791759469228055
320,320,320,LTTE,320,2024-08,2024-08-01,2024,8,55.0,Sri Lanka,ucdp_actor_metadata_fallback,1,0.6931471805599453,False,True,0.0,0.0,0.0,0.0,0.0,0.0,0.0,0.0,0.0,0.0,0.0,0.0,0.0,0.0,0.0,0.0,0.0,0.0,0.0,0.0,0.0,0.0,0.0,0.0,0.0,0.0,0.0,0.0,0.0,0.0,0.0,0.0,0.0,0.0,0.0,0.0,0.0,0.0,0.0,0.0,0.0,0.0,0.0,0.0,0.0,0.0,0.0,0.0,0.0,0.0,0.0,0.0,0.0,0.0,0.0,0.0,0.0
320,320,320,LTTE,320,2024-09,2024-09-01,2024,9,56.0,Sri Lanka,ucdp_actor_metadata_fallback,1,0.6931471805599453,False,True,0.0,0.0,0.0,0.0,1.0,1.0,1.0,1.0,0.0,1.0,1.0,1.0,1.0,0.0,0.0,0.0,0.0,0.0,0.0,0.0,0.0,1.0,0.0,0.0,0.0,0.0,1.0,0.6931471805599453,1.0,0.6931471805599453,1.0,0.6931471805599453,1.0,0.6931471805599453,0.0,0.0,0.0,0.0,0.0,0.0,0.0,0.0,0.0,0.0,0.0,0.0,0.0,0.0,0.0,0.0,1.0,0.6931471805599453,0.0,0.0,0.0,0.0,0.6931471805599453
320,320,320,LTTE,320,2024-10,2024-10-01,2024,10,57.0,Sri Lanka,ucdp_actor_metadata_fallback,1,0.6931471805599453,False,True,0.0,0.0,0.0,0.0,0.0,0.0,0.0,0.0,0.0,0.0,0.0,0.0,0.0,0.0,0.0,0.0,0.0,0.0,0.0,0.0,0.0,0.0,0.0,0.0,0.0,0.0,0.0,0.0,0.0,0.0,0.0,0.0,0.0,0.0,0.0,0.0,0.0,0.0,0.0,0.0,0.0,0.0,0.0,0.0,0.0,0.0,0.0,0.0,0.0,0.0,0.0,0.0,0.0,0.0,0.0,0.0,0.0
320,320,320,LTTE,320,2024-11,2024-11-01,2024,11,58.0,Sri Lanka,ucdp_actor_metadata_fallback,1,0.6931471805599453,False,True,0.0,0.0,0.0,0.0,0.0,0.0,0.0,0.0,0.0,0.0,0.0,0.0,0.0,0.0,0.0,0.0,0.0,0.0,0.0,0.0,0.0,0.0,0.0,0.0,0.0,0.0,0.0,0.0,0.0,0.0,0.0,0.0,0.0,0.0,0.0,0.0,0.0,0.0,0.0,0.0,0.0,0.0,0.0,0.0,0.0,0.0,0.0,0.0,0.0,0.0,0.0,0.0,0.0,0.0,0.0,0.0,0.0
320,320,320,LTTE,320,2024-12,2024-12-01,2024,12,59.0,Sri Lanka,ucdp_actor_metadata_fallback,1,0.6931471805599453,False,True,0.0,0.0,0.0,0.0,2.0,2.0,2.0,1.0,2.0,2.0,1.0,2.0,1.0,0.0,1.0,0.0,0.0,0.0,0.0,1.0,0.0,0.0,0.0,0.0,1.0,1.0986122886681098,1.0,1.0986122886681098,0.5,0.6931471805599453,1.0,1.0986122886681098,0.5,0.6931471805599453,0.0,0.0,0.5,0.6931471805599453,0.0,0.0,0.0,0.0,0.0,0.0,0.0,0.0,0.5,0.6931471805599453,0.0,0.0,0.0,0.0,0.0,0.0,0.0,0.0,1.0986122886681098
320,320,320,LTTE,320,2025-01,2025-01-01,2025,1,60.0,Sri Lanka,ucdp_actor_metadata_fallback,1,0.6931471805599453,False,True,0.0,0.0,0.0,0.0,1.0,1.0,1.0,1.0,1.0,1.0,1.0,1.0,1.0,0.0,1.0,0.0,0.0,0.0,0.0,0.0,0.0,0.0,0.0,0.0,1.0,0.6931471805599453,1.0,0.6931471805599453,1.0,0.6931471805599453,1.0,0.6931471805599453,1.0,0.6931471805599453,0.0,0.0,1.0,0.6931471805599453,0.0,0.0,0.0,0.0,0.0,0.0,0.0,0.0,0.0,0.0,0.0,0.0,0.0,0.0,0.0,0.0,0.0,0.0,0.6931471805599453
320,320,320,LTTE,320,2025-02,2025-02-01,2025,2,61.0,Sri Lanka,ucdp_actor_metadata_fallback,1,0.6931471805599453,False,True,0.0,0.0,0.0,0.0,1.0,1.0,1.0,1.0,0.0,1.0,0.0,0.0,0.0,0.0,0.0,0.0,0.0,0.0,0.0,0.0,0.0,1.0,0.0,0.0,0.0,0.0,1.0,0.6931471805599453,0.0,0.0,0.0,0.0,0.0,0.0,0.0,0.0,0.0,0.0,0.0,0.0,0.0,0.0,0.0,0.0,0.0,0.0,0.0,0.0,0.0,0.0,1.0,0.6931471805599453,0.0,0.0,0.0,0.0,0.6931471805599453
320,320,320,LTTE,320,2025-03,2025-03-01,2025,3,62.0,Sri Lanka,ucdp_actor_metadata_fallback,1,0.6931471805599453,False,True,0.0,0.0,0.0,0.0,4.0,4.0,4.0,1.0,1.0,4.0,2.0,3.0,3.0,0.0,0.0,1.0,0.0,0.0,0.0,0.0,0.0,3.0,0.0,0.0,0.25,0.6931471805599453,1.0,1.6094379124341003,0.5,1.0986122886681098,0.75,1.3862943611198906,0.75,1.3862943611198906,0.0,0.0,0.0,0.0,0.25,0.6931471805599453,0.0,0.0,0.0,0.0,0.0,0.0,0.0,0.0,0.0,0.0,0.75,1.3862943611198906,0.0,0.0,0.0,0.0,1.6094379124341003
320,320,320,LTTE,320,2025-04,2025-04-01,2025,4,63.0,Sri Lanka,ucdp_actor_metadata_fallback,1,0.6931471805599453,False,True,0.0,0.0,0.0,0.0,0.0,0.0,0.0,0.0,0.0,0.0,0.0,0.0,0.0,0.0,0.0,0.0,0.0,0.0,0.0,0.0,0.0,0.0,0.0,0.0,0.0,0.0,0.0,0.0,0.0,0.0,0.0,0.0,0.0,0.0,0.0,0.0,0.0,0.0,0.0,0.0,0.0,0.0,0.0,0.0,0.0,0.0,0.0,0.0,0.0,0.0,0.0,0.0,0.0,0.0,0.0,0.0,0.0
320,320,320,LTTE,320,2025-05,2025-05-01,2025,5,64.0,Sri Lanka,ucdp_actor_metadata_fallback,1,0.6931471805599453,False,True,0.0,0.0,0.0,0.0,2.0,2.0,2.0,1.0,1.0,2.0,2.0,2.0,1.0,0.0,1.0,0.0,0.0,0.0,0.0,0.0,0.0,1.0,0.0,0.0,0.5,0.6931471805599453,1.0,1.0986122886681098,1.0,1.0986122886681098,1.0,1.0986122886681098,0.5,0.6931471805599453,0.0,0.0,0.5,0.6931471805599453,0.0,0.0,0.0,0.0,0.0,0.0,0.0,0.0,0.0,0.0,0.0,0.0,0.5,0.6931471805599453,0.0,0.0,0.0,0.0,1.0986122886681098
320,320,320,LTTE,320,2025-06,2025-06-01,2025,6,65.0,Sri Lanka,ucdp_actor_metadata_fallback,1,0.6931471805599453,False,True,0.0,0.0,0.0,0.0,0.0,0.0,0.0,0.0,0.0,0.0,0.0,0.0,0.0,0.0,0.0,0.0,0.0,0.0,0.0,0.0,0.0,0.0,0.0,0.0,0.0,0.0,0.0,0.0,0.0,0.0,0.0,0.0,0.0,0.0,0.0,0.0,0.0,0.0,0.0,0.0,0.0,0.0,0.0,0.0,0.0,0.0,0.0,0.0,0.0,0.0,0.0,0.0,0.0,0.0,0.0,0.0,0.0
320,320,320,LTTE,320,2025-07,2025-07-01,2025,7,66.0,Sri Lanka,ucdp_actor_metadata_fallback,1,0.6931471805599453,False,True,0.0,0.0,0.0,0.0,1.0,1.0,1.0,1.0,1.0,1.0,1.0,1.0,1.0,0.0,1.0,0.0,0.0,0.0,0.0,0.0,0.0,0.0,0.0,0.0,1.0,0.6931471805599453,1.0,0.6931471805599453,1.0,0.6931471805599453,1.0,0.6931471805599453,1.0,0.6931471805599453,0.0,0.0,1.0,0.6931471805599453,0.0,0.0,0.0,0.0,0.0,0.0,0.0,0.0,0.0,0.0,0.0,0.0,0.0,0.0,0.0,0.0,0.0,0.0,0.6931471805599453
320,320,320,LTTE,320,2025-08,2025-08-01,2025,8,67.0,Sri Lanka,ucdp_actor_metadata_fallback,1,0.6931471805599453,False,True,0.0,0.0,0.0,0.0,0.0,0.0,0.0,0.0,0.0,0.0,0.0,0.0,0.0,0.0,0.0,0.0,0.0,0.0,0.0,0.0,0.0,0.0,0.0,0.0,0.0,0.0,0.0,0.0,0.0,0.0,0.0,0.0,0.0,0.0,0.0,0.0,0.0,0.0,0.0,0.0,0.0,0.0,0.0,0.0,0.0,0.0,0.0,0.0,0.0,0.0,0.0,0.0,0.0,0.0,0.0,0.0,0.0
320,320,320,LTTE,320,2025-09,2025-09-01,2025,9,68.0,Sri Lanka,ucdp_actor_metadata_fallback,1,0.6931471805599453,False,True,0.0,0.0,0.0,0.0,0.0,0.0,0.0,0.0,0.0,0.0,0.0,0.0,0.0,0.0,0.0,0.0,0.0,0.0,0.0,0.0,0.0,0.0,0.0,0.0,0.0,0.0,0.0,0.0,0.0,0.0,0.0,0.0,0.0,0.0,0.0,0.0,0.0,0.0,0.0,0.0,0.0,0.0,0.0,0.0,0.0,0.0,0.0,0.0,0.0,0.0,0.0,0.0,0.0,0.0,0.0,0.0,0.0
320,320,320,LTTE,320,2025-10,2025-10-01,2025,10,69.0,Sri Lanka,ucdp_actor_metadata_fallback,1,0.6931471805599453,False,True,0.0,0.0,0.0,0.0,0.0,0.0,0.0,0.0,0.0,0.0,0.0,0.0,0.0,0.0,0.0,0.0,0.0,0.0,0.0,0.0,0.0,0.0,0.0,0.0,0.0,0.0,0.0,0.0,0.0,0.0,0.0,0.0,0.0,0.0,0.0,0.0,0.0,0.0,0.0,0.0,0.0,0.0,0.0,0.0,0.0,0.0,0.0,0.0,0.0,0.0,0.0,0.0,0.0,0.0,0.0,0.0,0.0
320,320,320,LTTE,320,2025-11,2025-11-01,2025,11,70.0,Sri Lanka,ucdp_actor_metadata_fallback,1,0.6931471805599453,False,True,0.0,0.0,0.0,0.0,2.0,2.0,2.0,1.0,1.0,2.0,2.0,2.0,0.0,0.0,0.0,0.0,0.0,0.0,0.0,0.0,0.0,2.0,0.0,0.0,0.5,0.6931471805599453,1.0,1.0986122886681098,1.0,1.0986122886681098,1.0,1.0986122886681098,0.0,0.0,0.0,0.0,0.0,0.0,0.0,0.0,0.0,0.0,0.0,0.0,0.0,0.0,0.0,0.0,0.0,0.0,1.0,1.0986122886681098,0.0,0.0,0.0,0.0,1.0986122886681098
320,320,320,LTTE,320,2025-12,2025-12-01,2025,12,71.0,Sri Lanka,ucdp_actor_metadata_fallback,1,0.6931471805599453,False,False,0.0,,0.0,,2.0,2.0,2.0,1.0,0.0,2.0,0.0,2.0,2.0,0.0,2.0,0.0,0.0,0.0,0.0,0.0,0.0,0.0,0.0,0.0,0.0,0.0,1.0,1.0986122886681098,0.0,0.0,1.0,1.0986122886681098,1.0,1.0986122886681098,0.0,0.0,1.0,1.0986122886681098,0.0,0.0,0.0,0.0,0.0,0.0,0.0,0.0,0.0,0.0,0.0,0.0,0.0,0.0,0.0,0.0,0.0,0.0,1.0986122886681098
509,509,509,LURD,509,2020-01,2020-01-01,2020,1,0.0,Liberia; Sierra Leone,ucdp_actor_metadata_fallback,2,1.0986122886681098,False,True,0.0,0.0,0.0,0.0,0.0,0.0,0.0,0.0,0.0,0.0,0.0,0.0,0.0,0.0,0.0,0.0,0.0,0.0,0.0,0.0,0.0,0.0,0.0,0.0,0.0,0.0,0.0,0.0,0.0,0.0,0.0,0.0,0.0,0.0,0.0,0.0,0.0,0.0,0.0,0.0,0.0,0.0,0.0,0.0,0.0,0.0,0.0,0.0,0.0,0.0,0.0,0.0,0.0,0.0,0.0,0.0,0.0
509,509,509,LURD,509,2020-02,2020-02-01,2020,2,1.0,Liberia; Sierra Leone,ucdp_actor_metadata_fallback,2,1.0986122886681098,False,True,0.0,1.0,0.0,0.6931471805599453,0.0,0.0,0.0,0.0,0.0,0.0,0.0,0.0,0.0,0.0,0.0,0.0,0.0,0.0,0.0,0.0,0.0,0.0,0.0,0.0,0.0,0.0,0.0,0.0,0.0,0.0,0.0,0.0,0.0,0.0,0.0,0.0,0.0,0.0,0.0,0.0,0.0,0.0,0.0,0.0,0.0,0.0,0.0,0.0,0.0,0.0,0.0,0.0,0.0,0.0,0.0,0.0,0.0
509,509,509,LURD,509,2020-03,2020-03-01,2020,3,2.0,Liberia; Sierra Leone,ucdp_actor_metadata_fallback,2,1.0986122886681098,False,True,1.0,1.0,0.6931471805599453,0.6931471805599453,0.0,0.0,0.0,0.0,0.0,0.0,0.0,0.0,0.0,0.0,0.0,0.0,0.0,0.0,0.0,0.0,0.0,0.0,0.0,0.0,0.0,0.0,0.0,0.0,0.0,0.0,0.0,0.0,0.0,0.0,0.0,0.0,0.0,0.0,0.0,0.0,0.0,0.0,0.0,0.0,0.0,0.0,0.0,0.0,0.0,0.0,0.0,0.0,0.0,0.0,0.0,0.0,0.0
509,509,509,LURD,509,2020-04,2020-04-01,2020,4,3.0,Liberia; Sierra Leone,ucdp_actor_metadata_fallback,2,1.0986122886681098,False,True,1.0,0.0,0.6931471805599453,0.0,0.0,0.0,0.0,0.0,0.0,0.0,0.0,0.0,0.0,0.0,0.0,0.0,0.0,0.0,0.0,0.0,0.0,0.0,0.0,0.0,0.0,0.0,0.0,0.0,0.0,0.0,0.0,0.0,0.0,0.0,0.0,0.0,0.0,0.0,0.0,0.0,0.0,0.0,0.0,0.0,0.0,0.0,0.0,0.0,0.0,0.0,0.0,0.0,0.0,0.0,0.0,0.0,0.0
509,509,509,LURD,509,2020-05,2020-05-01,2020,5,4.0,Liberia; Sierra Leone,ucdp_actor_metadata_fallback,2,1.0986122886681098,False,True,0.0,0.0,0.0,0.0,0.0,0.0,0.0,0.0,0.0,0.0,0.0,0.0,0.0,0.0,0.0,0.0,0.0,0.0,0.0,0.0,0.0,0.0,0.0,0.0,0.0,0.0,0.0,0.0,0.0,0.0,0.0,0.0,0.0,0.0,0.0,0.0,0.0,0.0,0.0,0.0,0.0,0.0,0.0,0.0,0.0,0.0,0.0,0.0,0.0,0.0,0.0,0.0,0.0,0.0,0.0,0.0,0.0
509,509,509,LURD,509,2020-06,2020-06-01,2020,6,5.0,Liberia; Sierra Leone,ucdp_actor_metadata_fallback,2,1.0986122886681098,False,True,0.0,0.0,0.0,0.0,0.0,0.0,0.0,0.0,0.0,0.0,0.0,0.0,0.0,0.0,0.0,0.0,0.0,0.0,0.0,0.0,0.0,0.0,0.0,0.0,0.0,0.0,0.0,0.0,0.0,0.0,0.0,0.0,0.0,0.0,0.0,0.0,0.0,0.0,0.0,0.0,0.0,0.0,0.0,0.0,0.0,0.0,0.0,0.0,0.0,0.0,0.0,0.0,0.0,0.0,0.0,0.0,0.0
509,509,509,LURD,509,2020-07,2020-07-01,2020,7,6.0,Liberia; Sierra Leone,ucdp_actor_metadata_fallback,2,1.0986122886681098,False,True,0.0,0.0,0.0,0.0,0.0,0.0,0.0,0.0,0.0,0.0,0.0,0.0,0.0,0.0,0.0,0.0,0.0,0.0,0.0,0.0,0.0,0.0,0.0,0.0,0.0,0.0,0.0,0.0,0.0,0.0,0.0,0.0,0.0,0.0,0.0,0.0,0.0,0.0,0.0,0.0,0.0,0.0,0.0,0.0,0.0,0.0,0.0,0.0,0.0,0.0,0.0,0.0,0.0,0.0,0.0,0.0,0.0
509,509,509,LURD,509,2020-08,2020-08-01,2020,8,7.0,Liberia; Sierra Leone,ucdp_actor_metadata_fallback,2,1.0986122886681098,False,True,0.0,0.0,0.0,0.0,0.0,0.0,0.0,0.0,0.0,0.0,0.0,0.0,0.0,0.0,0.0,0.0,0.0,0.0,0.0,0.0,0.0,0.0,0.0,0.0,0.0,0.0,0.0,0.0,0.0,0.0,0.0,0.0,0.0,0.0,0.0,0.0,0.0,0.0,0.0,0.0,0.0,0.0,0.0,0.0,0.0,0.0,0.0,0.0,0.0,0.0,0.0,0.0,0.0,0.0,0.0,0.0,0.0
509,509,509,LURD,509,2020-09,2020-09-01,2020,9,8.0,Liberia; Sierra Leone,ucdp_actor_metadata_fallback,2,1.0986122886681098,False,True,0.0,0.0,0.0,0.0,0.0,0.0,0.0,0.0,0.0,0.0,0.0,0.0,0.0,0.0,0.0,0.0,0.0,0.0,0.0,0.0,0.0,0.0,0.0,0.0,0.0,0.0,0.0,0.0,0.0,0.0,0.0,0.0,0.0,0.0,0.0,0.0,0.0,0.0,0.0,0.0,0.0,0.0,0.0,0.0,0.0,0.0,0.0,0.0,0.0,0.0,0.0,0.0,0.0,0.0,0.0,0.0,0.0
509,509,509,LURD,509,2020-10,2020-10-01,2020,10,9.0,Liberia; Sierra Leone,ucdp_actor_metadata_fallback,2,1.0986122886681098,False,True,0.0,0.0,0.0,0.0,0.0,0.0,0.0,0.0,0.0,0.0,0.0,0.0,0.0,0.0,0.0,0.0,0.0,0.0,0.0,0.0,0.0,0.0,0.0,0.0,0.0,0.0,0.0,0.0,0.0,0.0,0.0,0.0,0.0,0.0,0.0,0.0,0.0,0.0,0.0,0.0,0.0,0.0,0.0,0.0,0.0,0.0,0.0,0.0,0.0,0.0,0.0,0.0,0.0,0.0,0.0,0.0,0.0
509,509,509,LURD,509,2020-11,2020-11-01,2020,11,10.0,Liberia; Sierra Leone,ucdp_actor_metadata_fallback,2,1.0986122886681098,False,True,0.0,0.0,0.0,0.0,0.0,0.0,0.0,0.0,0.0,0.0,0.0,0.0,0.0,0.0,0.0,0.0,0.0,0.0,0.0,0.0,0.0,0.0,0.0,0.0,0.0,0.0,0.0,0.0,0.0,0.0,0.0,0.0,0.0,0.0,0.0,0.0,0.0,0.0,0.0,0.0,0.0,0.0,0.0,0.0,0.0,0.0,0.0,0.0,0.0,0.0,0.0,0.0,0.0,0.0,0.0,0.0,0.0
509,509,509,LURD,509,2020-12,2020-12-01,2020,12,11.0,Liberia; Sierra Leone,ucdp_actor_metadata_fallback,2,1.0986122886681098,False,True,0.0,0.0,0.0,0.0,0.0,0.0,0.0,0.0,0.0,0.0,0.0,0.0,0.0,0.0,0.0,0.0,0.0,0.0,0.0,0.0,0.0,0.0,0.0,0.0,0.0,0.0,0.0,0.0,0.0,0.0,0.0,0.0,0.0,0.0,0.0,0.0,0.0,0.0,0.0,0.0,0.0,0.0,0.0,0.0,0.0,0.0,0.0,0.0,0.0,0.0,0.0,0.0,0.0,0.0,0.0,0.0,0.0
509,509,509,LURD,509,2021-01,2021-01-01,2021,1,12.0,Liberia; Sierra Leone,ucdp_actor_metadata_fallback,2,1.0986122886681098,False,True,0.0,0.0,0.0,0.0,0.0,0.0,0.0,0.0,0.0,0.0,0.0,0.0,0.0,0.0,0.0,0.0,0.0,0.0,0.0,0.0,0.0,0.0,0.0,0.0,0.0,0.0,0.0,0.0,0.0,0.0,0.0,0.0,0.0,0.0,0.0,0.0,0.0,0.0,0.0,0.0,0.0,0.0,0.0,0.0,0.0,0.0,0.0,0.0,0.0,0.0,0.0,0.0,0.0,0.0,0.0,0.0,0.0
509,509,509,LURD,509,2021-02,2021-02-01,2021,2,13.0,Liberia; Sierra Leone,ucdp_actor_metadata_fallback,2,1.0986122886681098,False,True,0.0,0.0,0.0,0.0,0.0,0.0,0.0,0.0,0.0,0.0,0.0,0.0,0.0,0.0,0.0,0.0,0.0,0.0,0.0,0.0,0.0,0.0,0.0,0.0,0.0,0.0,0.0,0.0,0.0,0.0,0.0,0.0,0.0,0.0,0.0,0.0,0.0,0.0,0.0,0.0,0.0,0.0,0.0,0.0,0.0,0.0,0.0,0.0,0.0,0.0,0.0,0.0,0.0,0.0,0.0,0.0,0.0
509,509,509,LURD,509,2021-03,2021-03-01,2021,3,14.0,Liberia; Sierra Leone,ucdp_actor_metadata_fallback,2,1.0986122886681098,False,True,0.0,1.0,0.0,0.6931471805599453,0.0,0.0,0.0,0.0,0.0,0.0,0.0,0.0,0.0,0.0,0.0,0.0,0.0,0.0,0.0,0.0,0.0,0.0,0.0,0.0,0.0,0.0,0.0,0.0,0.0,0.0,0.0,0.0,0.0,0.0,0.0,0.0,0.0,0.0,0.0,0.0,0.0,0.0,0.0,0.0,0.0,0.0,0.0,0.0,0.0,0.0,0.0,0.0,0.0,0.0,0.0,0.0,0.0
509,509,509,LURD,509,2021-04,2021-04-01,2021,4,15.0,Liberia; Sierra Leone,ucdp_actor_metadata_fallback,2,1.0986122886681098,False,True,1.0,0.0,0.6931471805599453,0.0,0.0,0.0,0.0,0.0,0.0,0.0,0.0,0.0,0.0,0.0,0.0,0.0,0.0,0.0,0.0,0.0,0.0,0.0,0.0,0.0,0.0,0.0,0.0,0.0,0.0,0.0,0.0,0.0,0.0,0.0,0.0,0.0,0.0,0.0,0.0,0.0,0.0,0.0,0.0,0.0,0.0,0.0,0.0,0.0,0.0,0.0,0.0,0.0,0.0,0.0,0.0,0.0,0.0
509,509,509,LURD,509,2021-05,2021-05-01,2021,5,16.0,Liberia; Sierra Leone,ucdp_actor_metadata_fallback,2,1.0986122886681098,False,True,0.0,0.0,0.0,0.0,0.0,0.0,0.0,0.0,0.0,0.0,0.0,0.0,0.0,0.0,0.0,0.0,0.0,0.0,0.0,0.0,0.0,0.0,0.0,0.0,0.0,0.0,0.0,0.0,0.0,0.0,0.0,0.0,0.0,0.0,0.0,0.0,0.0,0.0,0.0,0.0,0.0,0.0,0.0,0.0,0.0,0.0,0.0,0.0,0.0,0.0,0.0,0.0,0.0,0.0,0.0,0.0,0.0
509,509,509,LURD,509,2021-06,2021-06-01,2021,6,17.0,Liberia; Sierra Leone,ucdp_actor_metadata_fallback,2,1.0986122886681098,False,True,0.0,0.0,0.0,0.0,0.0,0.0,0.0,0.0,0.0,0.0,0.0,0.0,0.0,0.0,0.0,0.0,0.0,0.0,0.0,0.0,0.0,0.0,0.0,0.0,0.0,0.0,0.0,0.0,0.0,0.0,0.0,0.0,0.0,0.0,0.0,0.0,0.0,0.0,0.0,0.0,0.0,0.0,0.0,0.0,0.0,0.0,0.0,0.0,0.0,0.0,0.0,0.0,0.0,0.0,0.0,0.0,0.0
509,509,509,LURD,509,2021-07,2021-07-01,2021,7,18.0,Liberia; Sierra Leone,ucdp_actor_metadata_fallback,2,1.0986122886681098,False,True,0.0,0.0,0.0,0.0,0.0,0.0,0.0,0.0,0.0,0.0,0.0,0.0,0.0,0.0,0.0,0.0,0.0,0.0,0.0,0.0,0.0,0.0,0.0,0.0,0.0,0.0,0.0,0.0,0.0,0.0,0.0,0.0,0.0,0.0,0.0,0.0,0.0,0.0,0.0,0.0,0.0,0.0,0.0,0.0,0.0,0.0,0.0,0.0,0.0,0.0,0.0,0.0,0.0,0.0,0.0,0.0,0.0
509,509,509,LURD,509,2021-08,2021-08-01,2021,8,19.0,Liberia; Sierra Leone,ucdp_actor_metadata_fallback,2,1.0986122886681098,False,True,0.0,0.0,0.0,0.0,0.0,0.0,0.0,0.0,0.0,0.0,0.0,0.0,0.0,0.0,0.0,0.0,0.0,0.0,0.0,0.0,0.0,0.0,0.0,0.0,0.0,0.0,0.0,0.0,0.0,0.0,0.0,0.0,0.0,0.0,0.0,0.0,0.0,0.0,0.0,0.0,0.0,0.0,0.0,0.0,0.0,0.0,0.0,0.0,0.0,0.0,0.0,0.0,0.0,0.0,0.0,0.0,0.0
509,509,509,LURD,509,2021-09,2021-09-01,2021,9,20.0,Liberia; Sierra Leone,ucdp_actor_metadata_fallback,2,1.0986122886681098,False,True,0.0,0.0,0.0,0.0,0.0,0.0,0.0,0.0,0.0,0.0,0.0,0.0,0.0,0.0,0.0,0.0,0.0,0.0,0.0,0.0,0.0,0.0,0.0,0.0,0.0,0.0,0.0,0.0,0.0,0.0,0.0,0.0,0.0,0.0,0.0,0.0,0.0,0.0,0.0,0.0,0.0,0.0,0.0,0.0,0.0,0.0,0.0,0.0,0.0,0.0,0.0,0.0,0.0,0.0,0.0,0.0,0.0
509,509,509,LURD,509,2021-10,2021-10-01,2021,10,21.0,Liberia; Sierra Leone,ucdp_actor_metadata_fallback,2,1.0986122886681098,False,True,0.0,0.0,0.0,0.0,0.0,0.0,0.0,0.0,0.0,0.0,0.0,0.0,0.0,0.0,0.0,0.0,0.0,0.0,0.0,0.0,0.0,0.0,0.0,0.0,0.0,0.0,0.0,0.0,0.0,0.0,0.0,0.0,0.0,0.0,0.0,0.0,0.0,0.0,0.0,0.0,0.0,0.0,0.0,0.0,0.0,0.0,0.0,0.0,0.0,0.0,0.0,0.0,0.0,0.0,0.0,0.0,0.0
509,509,509,LURD,509,2021-11,2021-11-01,2021,11,22.0,Liberia; Sierra Leone,ucdp_actor_metadata_fallback,2,1.0986122886681098,False,True,0.0,0.0,0.0,0.0,0.0,0.0,0.0,0.0,0.0,0.0,0.0,0.0,0.0,0.0,0.0,0.0,0.0,0.0,0.0,0.0,0.0,0.0,0.0,0.0,0.0,0.0,0.0,0.0,0.0,0.0,0.0,0.0,0.0,0.0,0.0,0.0,0.0,0.0,0.0,0.0,0.0,0.0,0.0,0.0,0.0,0.0,0.0,0.0,0.0,0.0,0.0,0.0,0.0,0.0,0.0,0.0,0.0
509,509,509,LURD,509,2021-12,2021-12-01,2021,12,23.0,Liberia; Sierra Leone,ucdp_actor_metadata_fallback,2,1.0986122886681098,False,True,0.0,0.0,0.0,0.0,0.0,0.0,0.0,0.0,0.0,0.0,0.0,0.0,0.0,0.0,0.0,0.0,0.0,0.0,0.0,0.0,0.0,0.0,0.0,0.0,0.0,0.0,0.0,0.0,0.0,0.0,0.0,0.0,0.0,0.0,0.0,0.0,0.0,0.0,0.0,0.0,0.0,0.0,0.0,0.0,0.0,0.0,0.0,0.0,0.0,0.0,0.0,0.0,0.0,0.0,0.0,0.0,0.0
509,509,509,LURD,509,2022-01,2022-01-01,2022,1,24.0,Liberia; Sierra Leone,ucdp_actor_metadata_fallback,2,1.0986122886681098,False,True,0.0,0.0,0.0,0.0,0.0,0.0,0.0,0.0,0.0,0.0,0.0,0.0,0.0,0.0,0.0,0.0,0.0,0.0,0.0,0.0,0.0,0.0,0.0,0.0,0.0,0.0,0.0,0.0,0.0,0.0,0.0,0.0,0.0,0.0,0.0,0.0,0.0,0.0,0.0,0.0,0.0,0.0,0.0,0.0,0.0,0.0,0.0,0.0,0.0,0.0,0.0,0.0,0.0,0.0,0.0,0.0,0.0
509,509,509,LURD,509,2022-02,2022-02-01,2022,2,25.0,Liberia; Sierra Leone,ucdp_actor_metadata_fallback,2,1.0986122886681098,False,True,0.0,0.0,0.0,0.0,0.0,0.0,0.0,0.0,0.0,0.0,0.0,0.0,0.0,0.0,0.0,0.0,0.0,0.0,0.0,0.0,0.0,0.0,0.0,0.0,0.0,0.0,0.0,0.0,0.0,0.0,0.0,0.0,0.0,0.0,0.0,0.0,0.0,0.0,0.0,0.0,0.0,0.0,0.0,0.0,0.0,0.0,0.0,0.0,0.0,0.0,0.0,0.0,0.0,0.0,0.0,0.0,0.0
509,509,509,LURD,509,2022-03,2022-03-01,2022,3,26.0,Liberia; Sierra Leone,ucdp_actor_metadata_fallback,2,1.0986122886681098,False,True,0.0,0.0,0.0,0.0,0.0,0.0,0.0,0.0,0.0,0.0,0.0,0.0,0.0,0.0,0.0,0.0,0.0,0.0,0.0,0.0,0.0,0.0,0.0,0.0,0.0,0.0,0.0,0.0,0.0,0.0,0.0,0.0,0.0,0.0,0.0,0.0,0.0,0.0,0.0,0.0,0.0,0.0,0.0,0.0,0.0,0.0,0.0,0.0,0.0,0.0,0.0,0.0,0.0,0.0,0.0,0.0,0.0
509,509,509,LURD,509,2022-04,2022-04-01,2022,4,27.0,Liberia; Sierra Leone,ucdp_actor_metadata_fallback,2,1.0986122886681098,False,True,0.0,0.0,0.0,0.0,0.0,0.0,0.0,0.0,0.0,0.0,0.0,0.0,0.0,0.0,0.0,0.0,0.0,0.0,0.0,0.0,0.0,0.0,0.0,0.0,0.0,0.0,0.0,0.0,0.0,0.0,0.0,0.0,0.0,0.0,0.0,0.0,0.0,0.0,0.0,0.0,0.0,0.0,0.0,0.0,0.0,0.0,0.0,0.0,0.0,0.0,0.0,0.0,0.0,0.0,0.0,0.0,0.0
509,509,509,LURD,509,2022-05,2022-05-01,2022,5,28.0,Liberia; Sierra Leone,ucdp_actor_metadata_fallback,2,1.0986122886681098,False,True,0.0,0.0,0.0,0.0,0.0,0.0,0.0,0.0,0.0,0.0,0.0,0.0,0.0,0.0,0.0,0.0,0.0,0.0,0.0,0.0,0.0,0.0,0.0,0.0,0.0,0.0,0.0,0.0,0.0,0.0,0.0,0.0,0.0,0.0,0.0,0.0,0.0,0.0,0.0,0.0,0.0,0.0,0.0,0.0,0.0,0.0,0.0,0.0,0.0,0.0,0.0,0.0,0.0,0.0,0.0,0.0,0.0
509,509,509,LURD,509,2022-06,2022-06-01,2022,6,29.0,Liberia; Sierra Leone,ucdp_actor_metadata_fallback,2,1.0986122886681098,False,True,0.0,0.0,0.0,0.0,0.0,0.0,0.0,0.0,0.0,0.0,0.0,0.0,0.0,0.0,0.0,0.0,0.0,0.0,0.0,0.0,0.0,0.0,0.0,0.0,0.0,0.0,0.0,0.0,0.0,0.0,0.0,0.0,0.0,0.0,0.0,0.0,0.0,0.0,0.0,0.0,0.0,0.0,0.0,0.0,0.0,0.0,0.0,0.0,0.0,0.0,0.0,0.0,0.0,0.0,0.0,0.0,0.0
509,509,509,LURD,509,2022-07,2022-07-01,2022,7,30.0,Liberia; Sierra Leone,ucdp_actor_metadata_fallback,2,1.0986122886681098,False,True,0.0,0.0,0.0,0.0,0.0,0.0,0.0,0.0,0.0,0.0,0.0,0.0,0.0,0.0,0.0,0.0,0.0,0.0,0.0,0.0,0.0,0.0,0.0,0.0,0.0,0.0,0.0,0.0,0.0,0.0,0.0,0.0,0.0,0.0,0.0,0.0,0.0,0.0,0.0,0.0,0.0,0.0,0.0,0.0,0.0,0.0,0.0,0.0,0.0,0.0,0.0,0.0,0.0,0.0,0.0,0.0,0.0
509,509,509,LURD,509,2022-08,2022-08-01,2022,8,31.0,Liberia; Sierra Leone,ucdp_actor_metadata_fallback,2,1.0986122886681098,False,True,0.0,0.0,0.0,0.0,0.0,0.0,0.0,0.0,0.0,0.0,0.0,0.0,0.0,0.0,0.0,0.0,0.0,0.0,0.0,0.0,0.0,0.0,0.0,0.0,0.0,0.0,0.0,0.0,0.0,0.0,0.0,0.0,0.0,0.0,0.0,0.0,0.0,0.0,0.0,0.0,0.0,0.0,0.0,0.0,0.0,0.0,0.0,0.0,0.0,0.0,0.0,0.0,0.0,0.0,0.0,0.0,0.0
509,509,509,LURD,509,2022-09,2022-09-01,2022,9,32.0,Liberia; Sierra Leone,ucdp_actor_metadata_fallback,2,1.0986122886681098,False,True,0.0,0.0,0.0,0.0,0.0,0.0,0.0,0.0,0.0,0.0,0.0,0.0,0.0,0.0,0.0,0.0,0.0,0.0,0.0,0.0,0.0,0.0,0.0,0.0,0.0,0.0,0.0,0.0,0.0,0.0,0.0,0.0,0.0,0.0,0.0,0.0,0.0,0.0,0.0,0.0,0.0,0.0,0.0,0.0,0.0,0.0,0.0,0.0,0.0,0.0,0.0,0.0,0.0,0.0,0.0,0.0,0.0
509,509,509,LURD,509,2022-10,2022-10-01,2022,10,33.0,Liberia; Sierra Leone,ucdp_actor_metadata_fallback,2,1.0986122886681098,False,True,0.0,0.0,0.0,0.0,0.0,0.0,0.0,0.0,0.0,0.0,0.0,0.0,0.0,0.0,0.0,0.0,0.0,0.0,0.0,0.0,0.0,0.0,0.0,0.0,0.0,0.0,0.0,0.0,0.0,0.0,0.0,0.0,0.0,0.0,0.0,0.0,0.0,0.0,0.0,0.0,0.0,0.0,0.0,0.0,0.0,0.0,0.0,0.0,0.0,0.0,0.0,0.0,0.0,0.0,0.0,0.0,0.0
509,509,509,LURD,509,2022-11,2022-11-01,2022,11,34.0,Liberia; Sierra Leone,ucdp_actor_metadata_fallback,2,1.0986122886681098,False,True,0.0,0.0,0.0,0.0,0.0,0.0,0.0,0.0,0.0,0.0,0.0,0.0,0.0,0.0,0.0,0.0,0.0,0.0,0.0,0.0,0.0,0.0,0.0,0.0,0.0,0.0,0.0,0.0,0.0,0.0,0.0,0.0,0.0,0.0,0.0,0.0,0.0,0.0,0.0,0.0,0.0,0.0,0.0,0.0,0.0,0.0,0.0,0.0,0.0,0.0,0.0,0.0,0.0,0.0,0.0,0.0,0.0
509,509,509,LURD,509,2022-12,2022-12-01,2022,12,35.0,Liberia; Sierra Leone,ucdp_actor_metadata_fallback,2,1.0986122886681098,False,True,0.0,0.0,0.0,0.0,0.0,0.0,0.0,0.0,0.0,0.0,0.0,0.0,0.0,0.0,0.0,0.0,0.0,0.0,0.0,0.0,0.0,0.0,0.0,0.0,0.0,0.0,0.0,0.0,0.0,0.0,0.0,0.0,0.0,0.0,0.0,0.0,0.0,0.0,0.0,0.0,0.0,0.0,0.0,0.0,0.0,0.0,0.0,0.0,0.0,0.0,0.0,0.0,0.0,0.0,0.0,0.0,0.0
509,509,509,LURD,509,2023-01,2023-01-01,2023,1,36.0,Liberia; Sierra Leone,ucdp_actor_metadata_fallback,2,1.0986122886681098,False,True,0.0,0.0,0.0,0.0,0.0,0.0,0.0,0.0,0.0,0.0,0.0,0.0,0.0,0.0,0.0,0.0,0.0,0.0,0.0,0.0,0.0,0.0,0.0,0.0,0.0,0.0,0.0,0.0,0.0,0.0,0.0,0.0,0.0,0.0,0.0,0.0,0.0,0.0,0.0,0.0,0.0,0.0,0.0,0.0,0.0,0.0,0.0,0.0,0.0,0.0,0.0,0.0,0.0,0.0,0.0,0.0,0.0
509,509,509,LURD,509,2023-02,2023-02-01,2023,2,37.0,Liberia; Sierra Leone,ucdp_actor_metadata_fallback,2,1.0986122886681098,False,True,0.0,0.0,0.0,0.0,0.0,0.0,0.0,0.0,0.0,0.0,0.0,0.0,0.0,0.0,0.0,0.0,0.0,0.0,0.0,0.0,0.0,0.0,0.0,0.0,0.0,0.0,0.0,0.0,0.0,0.0,0.0,0.0,0.0,0.0,0.0,0.0,0.0,0.0,0.0,0.0,0.0,0.0,0.0,0.0,0.0,0.0,0.0,0.0,0.0,0.0,0.0,0.0,0.0,0.0,0.0,0.0,0.0
509,509,509,LURD,509,2023-03,2023-03-01,2023,3,38.0,Liberia; Sierra Leone,ucdp_actor_metadata_fallback,2,1.0986122886681098,False,True,0.0,0.0,0.0,0.0,0.0,0.0,0.0,0.0,0.0,0.0,0.0,0.0,0.0,0.0,0.0,0.0,0.0,0.0,0.0,0.0,0.0,0.0,0.0,0.0,0.0,0.0,0.0,0.0,0.0,0.0,0.0,0.0,0.0,0.0,0.0,0.0,0.0,0.0,0.0,0.0,0.0,0.0,0.0,0.0,0.0,0.0,0.0,0.0,0.0,0.0,0.0,0.0,0.0,0.0,0.0,0.0,0.0
509,509,509,LURD,509,2023-04,2023-04-01,2023,4,39.0,Liberia; Sierra Leone,ucdp_actor_metadata_fallback,2,1.0986122886681098,False,True,0.0,0.0,0.0,0.0,0.0,0.0,0.0,0.0,0.0,0.0,0.0,0.0,0.0,0.0,0.0,0.0,0.0,0.0,0.0,0.0,0.0,0.0,0.0,0.0,0.0,0.0,0.0,0.0,0.0,0.0,0.0,0.0,0.0,0.0,0.0,0.0,0.0,0.0,0.0,0.0,0.0,0.0,0.0,0.0,0.0,0.0,0.0,0.0,0.0,0.0,0.0,0.0,0.0,0.0,0.0,0.0,0.0
509,509,509,LURD,509,2023-05,2023-05-01,2023,5,40.0,Liberia; Sierra Leone,ucdp_actor_metadata_fallback,2,1.0986122886681098,False,True,0.0,0.0,0.0,0.0,0.0,0.0,0.0,0.0,0.0,0.0,0.0,0.0,0.0,0.0,0.0,0.0,0.0,0.0,0.0,0.0,0.0,0.0,0.0,0.0,0.0,0.0,0.0,0.0,0.0,0.0,0.0,0.0,0.0,0.0,0.0,0.0,0.0,0.0,0.0,0.0,0.0,0.0,0.0,0.0,0.0,0.0,0.0,0.0,0.0,0.0,0.0,0.0,0.0,0.0,0.0,0.0,0.0
509,509,509,LURD,509,2023-06,2023-06-01,2023,6,41.0,Liberia; Sierra Leone,ucdp_actor_metadata_fallback,2,1.0986122886681098,False,True,0.0,0.0,0.0,0.0,0.0,0.0,0.0,0.0,0.0,0.0,0.0,0.0,0.0,0.0,0.0,0.0,0.0,0.0,0.0,0.0,0.0,0.0,0.0,0.0,0.0,0.0,0.0,0.0,0.0,0.0,0.0,0.0,0.0,0.0,0.0,0.0,0.0,0.0,0.0,0.0,0.0,0.0,0.0,0.0,0.0,0.0,0.0,0.0,0.0,0.0,0.0,0.0,0.0,0.0,0.0,0.0,0.0
509,509,509,LURD,509,2023-07,2023-07-01,2023,7,42.0,Liberia; Sierra Leone,ucdp_actor_metadata_fallback,2,1.0986122886681098,False,True,0.0,0.0,0.0,0.0,1.0,1.0,1.0,1.0,0.0,1.0,0.0,0.0,0.0,0.0,0.0,0.0,0.0,0.0,0.0,0.0,0.0,1.0,0.0,0.0,0.0,0.0,1.0,0.6931471805599453,0.0,0.0,0.0,0.0,0.0,0.0,0.0,0.0,0.0,0.0,0.0,0.0,0.0,0.0,0.0,0.0,0.0,0.0,0.0,0.0,0.0,0.0,1.0,0.6931471805599453,0.0,0.0,0.0,0.0,0.6931471805599453
509,509,509,LURD,509,2023-08,2023-08-01,2023,8,43.0,Liberia; Sierra Leone,ucdp_actor_metadata_fallback,2,1.0986122886681098,False,True,0.0,0.0,0.0,0.0,0.0,0.0,0.0,0.0,0.0,0.0,0.0,0.0,0.0,0.0,0.0,0.0,0.0,0.0,0.0,0.0,0.0,0.0,0.0,0.0,0.0,0.0,0.0,0.0,0.0,0.0,0.0,0.0,0.0,0.0,0.0,0.0,0.0,0.0,0.0,0.0,0.0,0.0,0.0,0.0,0.0,0.0,0.0,0.0,0.0,0.0,0.0,0.0,0.0,0.0,0.0,0.0,0.0
509,509,509,LURD,509,2023-09,2023-09-01,2023,9,44.0,Liberia; Sierra Leone,ucdp_actor_metadata_fallback,2,1.0986122886681098,False,True,0.0,0.0,0.0,0.0,0.0,0.0,0.0,0.0,0.0,0.0,0.0,0.0,0.0,0.0,0.0,0.0,0.0,0.0,0.0,0.0,0.0,0.0,0.0,0.0,0.0,0.0,0.0,0.0,0.0,0.0,0.0,0.0,0.0,0.0,0.0,0.0,0.0,0.0,0.0,0.0,0.0,0.0,0.0,0.0,0.0,0.0,0.0,0.0,0.0,0.0,0.0,0.0,0.0,0.0,0.0,0.0,0.0
509,509,509,LURD,509,2023-10,2023-10-01,2023,10,45.0,Liberia; Sierra Leone,ucdp_actor_metadata_fallback,2,1.0986122886681098,False,True,0.0,0.0,0.0,0.0,0.0,0.0,0.0,0.0,0.0,0.0,0.0,0.0,0.0,0.0,0.0,0.0,0.0,0.0,0.0,0.0,0.0,0.0,0.0,0.0,0.0,0.0,0.0,0.0,0.0,0.0,0.0,0.0,0.0,0.0,0.0,0.0,0.0,0.0,0.0,0.0,0.0,0.0,0.0,0.0,0.0,0.0,0.0,0.0,0.0,0.0,0.0,0.0,0.0,0.0,0.0,0.0,0.0
509,509,509,LURD,509,2023-11,2023-11-01,2023,11,46.0,Liberia; Sierra Leone,ucdp_actor_metadata_fallback,2,1.0986122886681098,False,True,0.0,0.0,0.0,0.0,0.0,0.0,0.0,0.0,0.0,0.0,0.0,0.0,0.0,0.0,0.0,0.0,0.0,0.0,0.0,0.0,0.0,0.0,0.0,0.0,0.0,0.0,0.0,0.0,0.0,0.0,0.0,0.0,0.0,0.0,0.0,0.0,0.0,0.0,0.0,0.0,0.0,0.0,0.0,0.0,0.0,0.0,0.0,0.0,0.0,0.0,0.0,0.0,0.0,0.0,0.0,0.0,0.0
509,509,509,LURD,509,2023-12,2023-12-01,2023,12,47.0,Liberia; Sierra Leone,ucdp_actor_metadata_fallback,2,1.0986122886681098,False,True,0.0,0.0,0.0,0.0,0.0,0.0,0.0,0.0,0.0,0.0,0.0,0.0,0.0,0.0,0.0,0.0,0.0,0.0,0.0,0.0,0.0,0.0,0.0,0.0,0.0,0.0,0.0,0.0,0.0,0.0,0.0,0.0,0.0,0.0,0.0,0.0,0.0,0.0,0.0,0.0,0.0,0.0,0.0,0.0,0.0,0.0,0.0,0.0,0.0,0.0,0.0,0.0,0.0,0.0,0.0,0.0,0.0
509,509,509,LURD,509,2024-01,2024-01-01,2024,1,48.0,Liberia; Sierra Leone,ucdp_actor_metadata_fallback,2,1.0986122886681098,False,True,0.0,0.0,0.0,0.0,0.0,0.0,0.0,0.0,0.0,0.0,0.0,0.0,0.0,0.0,0.0,0.0,0.0,0.0,0.0,0.0,0.0,0.0,0.0,0.0,0.0,0.0,0.0,0.0,0.0,0.0,0.0,0.0,0.0,0.0,0.0,0.0,0.0,0.0,0.0,0.0,0.0,0.0,0.0,0.0,0.0,0.0,0.0,0.0,0.0,0.0,0.0,0.0,0.0,0.0,0.0,0.0,0.0
509,509,509,LURD,509,2024-02,2024-02-01,2024,2,49.0,Liberia; Sierra Leone,ucdp_actor_metadata_fallback,2,1.0986122886681098,False,True,0.0,0.0,0.0,0.0,0.0,0.0,0.0,0.0,0.0,0.0,0.0,0.0,0.0,0.0,0.0,0.0,0.0,0.0,0.0,0.0,0.0,0.0,0.0,0.0,0.0,0.0,0.0,0.0,0.0,0.0,0.0,0.0,0.0,0.0,0.0,0.0,0.0,0.0,0.0,0.0,0.0,0.0,0.0,0.0,0.0,0.0,0.0,0.0,0.0,0.0,0.0,0.0,0.0,0.0,0.0,0.0,0.0
509,509,509,LURD,509,2024-03,2024-03-01,2024,3,50.0,Liberia; Sierra Leone,ucdp_actor_metadata_fallback,2,1.0986122886681098,False,True,0.0,0.0,0.0,0.0,0.0,0.0,0.0,0.0,0.0,0.0,0.0,0.0,0.0,0.0,0.0,0.0,0.0,0.0,0.0,0.0,0.0,0.0,0.0,0.0,0.0,0.0,0.0,0.0,0.0,0.0,0.0,0.0,0.0,0.0,0.0,0.0,0.0,0.0,0.0,0.0,0.0,0.0,0.0,0.0,0.0,0.0,0.0,0.0,0.0,0.0,0.0,0.0,0.0,0.0,0.0,0.0,0.0
509,509,509,LURD,509,2024-04,2024-04-01,2024,4,51.0,Liberia; Sierra Leone,ucdp_actor_metadata_fallback,2,1.0986122886681098,False,True,0.0,0.0,0.0,0.0,0.0,0.0,0.0,0.0,0.0,0.0,0.0,0.0,0.0,0.0,0.0,0.0,0.0,0.0,0.0,0.0,0.0,0.0,0.0,0.0,0.0,0.0,0.0,0.0,0.0,0.0,0.0,0.0,0.0,0.0,0.0,0.0,0.0,0.0,0.0,0.0,0.0,0.0,0.0,0.0,0.0,0.0,0.0,0.0,0.0,0.0,0.0,0.0,0.0,0.0,0.0,0.0,0.0
509,509,509,LURD,509,2024-05,2024-05-01,2024,5,52.0,Liberia; Sierra Leone,ucdp_actor_metadata_fallback,2,1.0986122886681098,False,True,0.0,0.0,0.0,0.0,0.0,0.0,0.0,0.0,0.0,0.0,0.0,0.0,0.0,0.0,0.0,0.0,0.0,0.0,0.0,0.0,0.0,0.0,0.0,0.0,0.0,0.0,0.0,0.0,0.0,0.0,0.0,0.0,0.0,0.0,0.0,0.0,0.0,0.0,0.0,0.0,0.0,0.0,0.0,0.0,0.0,0.0,0.0,0.0,0.0,0.0,0.0,0.0,0.0,0.0,0.0,0.0,0.0
509,509,509,LURD,509,2024-06,2024-06-01,2024,6,53.0,Liberia; Sierra Leone,ucdp_actor_metadata_fallback,2,1.0986122886681098,False,True,0.0,1.0,0.0,0.6931471805599453,0.0,0.0,0.0,0.0,0.0,0.0,0.0,0.0,0.0,0.0,0.0,0.0,0.0,0.0,0.0,0.0,0.0,0.0,0.0,0.0,0.0,0.0,0.0,0.0,0.0,0.0,0.0,0.0,0.0,0.0,0.0,0.0,0.0,0.0,0.0,0.0,0.0,0.0,0.0,0.0,0.0,0.0,0.0,0.0,0.0,0.0,0.0,0.0,0.0,0.0,0.0,0.0,0.0
509,509,509,LURD,509,2024-07,2024-07-01,2024,7,54.0,Liberia; Sierra Leone,ucdp_actor_metadata_fallback,2,1.0986122886681098,False,True,1.0,0.0,0.6931471805599453,0.0,0.0,0.0,0.0,0.0,0.0,0.0,0.0,0.0,0.0,0.0,0.0,0.0,0.0,0.0,0.0,0.0,0.0,0.0,0.0,0.0,0.0,0.0,0.0,0.0,0.0,0.0,0.0,0.0,0.0,0.0,0.0,0.0,0.0,0.0,0.0,0.0,0.0,0.0,0.0,0.0,0.0,0.0,0.0,0.0,0.0,0.0,0.0,0.0,0.0,0.0,0.0,0.0,0.0
509,509,509,LURD,509,2024-08,2024-08-01,2024,8,55.0,Liberia; Sierra Leone,ucdp_actor_metadata_fallback,2,1.0986122886681098,False,True,0.0,0.0,0.0,0.0,0.0,0.0,0.0,0.0,0.0,0.0,0.0,0.0,0.0,0.0,0.0,0.0,0.0,0.0,0.0,0.0,0.0,0.0,0.0,0.0,0.0,0.0,0.0,0.0,0.0,0.0,0.0,0.0,0.0,0.0,0.0,0.0,0.0,0.0,0.0,0.0,0.0,0.0,0.0,0.0,0.0,0.0,0.0,0.0,0.0,0.0,0.0,0.0,0.0,0.0,0.0,0.0,0.0
509,509,509,LURD,509,2024-09,2024-09-01,2024,9,56.0,Liberia; Sierra Leone,ucdp_actor_metadata_fallback,2,1.0986122886681098,False,True,0.0,0.0,0.0,0.0,0.0,0.0,0.0,0.0,0.0,0.0,0.0,0.0,0.0,0.0,0.0,0.0,0.0,0.0,0.0,0.0,0.0,0.0,0.0,0.0,0.0,0.0,0.0,0.0,0.0,0.0,0.0,0.0,0.0,0.0,0.0,0.0,0.0,0.0,0.0,0.0,0.0,0.0,0.0,0.0,0.0,0.0,0.0,0.0,0.0,0.0,0.0,0.0,0.0,0.0,0.0,0.0,0.0
509,509,509,LURD,509,2024-10,2024-10-01,2024,10,57.0,Liberia; Sierra Leone,ucdp_actor_metadata_fallback,2,1.0986122886681098,False,True,0.0,0.0,0.0,0.0,0.0,0.0,0.0,0.0,0.0,0.0,0.0,0.0,0.0,0.0,0.0,0.0,0.0,0.0,0.0,0.0,0.0,0.0,0.0,0.0,0.0,0.0,0.0,0.0,0.0,0.0,0.0,0.0,0.0,0.0,0.0,0.0,0.0,0.0,0.0,0.0,0.0,0.0,0.0,0.0,0.0,0.0,0.0,0.0,0.0,0.0,0.0,0.0,0.0,0.0,0.0,0.0,0.0
509,509,509,LURD,509,2024-11,2024-11-01,2024,11,58.0,Liberia; Sierra Leone,ucdp_actor_metadata_fallback,2,1.0986122886681098,False,True,0.0,0.0,0.0,0.0,0.0,0.0,0.0,0.0,0.0,0.0,0.0,0.0,0.0,0.0,0.0,0.0,0.0,0.0,0.0,0.0,0.0,0.0,0.0,0.0,0.0,0.0,0.0,0.0,0.0,0.0,0.0,0.0,0.0,0.0,0.0,0.0,0.0,0.0,0.0,0.0,0.0,0.0,0.0,0.0,0.0,0.0,0.0,0.0,0.0,0.0,0.0,0.0,0.0,0.0,0.0,0.0,0.0
509,509,509,LURD,509,2024-12,2024-12-01,2024,12,59.0,Liberia; Sierra Leone,ucdp_actor_metadata_fallback,2,1.0986122886681098,False,True,0.0,0.0,0.0,0.0,0.0,0.0,0.0,0.0,0.0,0.0,0.0,0.0,0.0,0.0,0.0,0.0,0.0,0.0,0.0,0.0,0.0,0.0,0.0,0.0,0.0,0.0,0.0,0.0,0.0,0.0,0.0,0.0,0.0,0.0,0.0,0.0,0.0,0.0,0.0,0.0,0.0,0.0,0.0,0.0,0.0,0.0,0.0,0.0,0.0,0.0,0.0,0.0,0.0,0.0,0.0,0.0,0.0
509,509,509,LURD,509,2025-01,2025-01-01,2025,1,60.0,Liberia; Sierra Leone,ucdp_actor_metadata_fallback,2,1.0986122886681098,False,True,0.0,0.0,0.0,0.0,0.0,0.0,0.0,0.0,0.0,0.0,0.0,0.0,0.0,0.0,0.0,0.0,0.0,0.0,0.0,0.0,0.0,0.0,0.0,0.0,0.0,0.0,0.0,0.0,0.0,0.0,0.0,0.0,0.0,0.0,0.0,0.0,0.0,0.0,0.0,0.0,0.0,0.0,0.0,0.0,0.0,0.0,0.0,0.0,0.0,0.0,0.0,0.0,0.0,0.0,0.0,0.0,0.0
509,509,509,LURD,509,2025-02,2025-02-01,2025,2,61.0,Liberia; Sierra Leone,ucdp_actor_metadata_fallback,2,1.0986122886681098,False,True,0.0,0.0,0.0,0.0,0.0,0.0,0.0,0.0,0.0,0.0,0.0,0.0,0.0,0.0,0.0,0.0,0.0,0.0,0.0,0.0,0.0,0.0,0.0,0.0,0.0,0.0,0.0,0.0,0.0,0.0,0.0,0.0,0.0,0.0,0.0,0.0,0.0,0.0,0.0,0.0,0.0,0.0,0.0,0.0,0.0,0.0,0.0,0.0,0.0,0.0,0.0,0.0,0.0,0.0,0.0,0.0,0.0
509,509,509,LURD,509,2025-03,2025-03-01,2025,3,62.0,Liberia; Sierra Leone,ucdp_actor_metadata_fallback,2,1.0986122886681098,False,True,0.0,0.0,0.0,0.0,0.0,0.0,0.0,0.0,0.0,0.0,0.0,0.0,0.0,0.0,0.0,0.0,0.0,0.0,0.0,0.0,0.0,0.0,0.0,0.0,0.0,0.0,0.0,0.0,0.0,0.0,0.0,0.0,0.0,0.0,0.0,0.0,0.0,0.0,0.0,0.0,0.0,0.0,0.0,0.0,0.0,0.0,0.0,0.0,0.0,0.0,0.0,0.0,0.0,0.0,0.0,0.0,0.0
509,509,509,LURD,509,2025-04,2025-04-01,2025,4,63.0,Liberia; Sierra Leone,ucdp_actor_metadata_fallback,2,1.0986122886681098,False,True,0.0,0.0,0.0,0.0,0.0,0.0,0.0,0.0,0.0,0.0,0.0,0.0,0.0,0.0,0.0,0.0,0.0,0.0,0.0,0.0,0.0,0.0,0.0,0.0,0.0,0.0,0.0,0.0,0.0,0.0,0.0,0.0,0.0,0.0,0.0,0.0,0.0,0.0,0.0,0.0,0.0,0.0,0.0,0.0,0.0,0.0,0.0,0.0,0.0,0.0,0.0,0.0,0.0,0.0,0.0,0.0,0.0
509,509,509,LURD,509,2025-05,2025-05-01,2025,5,64.0,Liberia; Sierra Leone,ucdp_actor_metadata_fallback,2,1.0986122886681098,False,True,0.0,0.0,0.0,0.0,0.0,0.0,0.0,0.0,0.0,0.0,0.0,0.0,0.0,0.0,0.0,0.0,0.0,0.0,0.0,0.0,0.0,0.0,0.0,0.0,0.0,0.0,0.0,0.0,0.0,0.0,0.0,0.0,0.0,0.0,0.0,0.0,0.0,0.0,0.0,0.0,0.0,0.0,0.0,0.0,0.0,0.0,0.0,0.0,0.0,0.0,0.0,0.0,0.0,0.0,0.0,0.0,0.0
509,509,509,LURD,509,2025-06,2025-06-01,2025,6,65.0,Liberia; Sierra Leone,ucdp_actor_metadata_fallback,2,1.0986122886681098,False,True,0.0,0.0,0.0,0.0,0.0,0.0,0.0,0.0,0.0,0.0,0.0,0.0,0.0,0.0,0.0,0.0,0.0,0.0,0.0,0.0,0.0,0.0,0.0,0.0,0.0,0.0,0.0,0.0,0.0,0.0,0.0,0.0,0.0,0.0,0.0,0.0,0.0,0.0,0.0,0.0,0.0,0.0,0.0,0.0,0.0,0.0,0.0,0.0,0.0,0.0,0.0,0.0,0.0,0.0,0.0,0.0,0.0
509,509,509,LURD,509,2025-07,2025-07-01,2025,7,66.0,Liberia; Sierra Leone,ucdp_actor_metadata_fallback,2,1.0986122886681098,False,True,0.0,0.0,0.0,0.0,0.0,0.0,0.0,0.0,0.0,0.0,0.0,0.0,0.0,0.0,0.0,0.0,0.0,0.0,0.0,0.0,0.0,0.0,0.0,0.0,0.0,0.0,0.0,0.0,0.0,0.0,0.0,0.0,0.0,0.0,0.0,0.0,0.0,0.0,0.0,0.0,0.0,0.0,0.0,0.0,0.0,0.0,0.0,0.0,0.0,0.0,0.0,0.0,0.0,0.0,0.0,0.0,0.0
509,509,509,LURD,509,2025-08,2025-08-01,2025,8,67.0,Liberia; Sierra Leone,ucdp_actor_metadata_fallback,2,1.0986122886681098,False,True,0.0,0.0,0.0,0.0,0.0,0.0,0.0,0.0,0.0,0.0,0.0,0.0,0.0,0.0,0.0,0.0,0.0,0.0,0.0,0.0,0.0,0.0,0.0,0.0,0.0,0.0,0.0,0.0,0.0,0.0,0.0,0.0,0.0,0.0,0.0,0.0,0.0,0.0,0.0,0.0,0.0,0.0,0.0,0.0,0.0,0.0,0.0,0.0,0.0,0.0,0.0,0.0,0.0,0.0,0.0,0.0,0.0
509,509,509,LURD,509,2025-09,2025-09-01,2025,9,68.0,Liberia; Sierra Leone,ucdp_actor_metadata_fallback,2,1.0986122886681098,False,True,0.0,0.0,0.0,0.0,0.0,0.0,0.0,0.0,0.0,0.0,0.0,0.0,0.0,0.0,0.0,0.0,0.0,0.0,0.0,0.0,0.0,0.0,0.0,0.0,0.0,0.0,0.0,0.0,0.0,0.0,0.0,0.0,0.0,0.0,0.0,0.0,0.0,0.0,0.0,0.0,0.0,0.0,0.0,0.0,0.0,0.0,0.0,0.0,0.0,0.0,0.0,0.0,0.0,0.0,0.0,0.0,0.0
509,509,509,LURD,509,2025-10,2025-10-01,2025,10,69.0,Liberia; Sierra Leone,ucdp_actor_metadata_fallback,2,1.0986122886681098,False,True,0.0,0.0,0.0,0.0,0.0,0.0,0.0,0.0,0.0,0.0,0.0,0.0,0.0,0.0,0.0,0.0,0.0,0.0,0.0,0.0,0.0,0.0,0.0,0.0,0.0,0.0,0.0,0.0,0.0,0.0,0.0,0.0,0.0,0.0,0.0,0.0,0.0,0.0,0.0,0.0,0.0,0.0,0.0,0.0,0.0,0.0,0.0,0.0,0.0,0.0,0.0,0.0,0.0,0.0,0.0,0.0,0.0
509,509,509,LURD,509,2025-11,2025-11-01,2025,11,70.0,Liberia; Sierra Leone,ucdp_actor_metadata_fallback,2,1.0986122886681098,False,True,0.0,0.0,0.0,0.0,0.0,0.0,0.0,0.0,0.0,0.0,0.0,0.0,0.0,0.0,0.0,0.0,0.0,0.0,0.0,0.0,0.0,0.0,0.0,0.0,0.0,0.0,0.0,0.0,0.0,0.0,0.0,0.0,0.0,0.0,0.0,0.0,0.0,0.0,0.0,0.0,0.0,0.0,0.0,0.0,0.0,0.0,0.0,0.0,0.0,0.0,0.0,0.0,0.0,0.0,0.0,0.0,0.0
509,509,509,LURD,509,2025-12,2025-12-01,2025,12,71.0,Liberia; Sierra Leone,ucdp_actor_metadata_fallback,2,1.0986122886681098,False,False,0.0,,0.0,,0.0,0.0,0.0,0.0,0.0,0.0,0.0,0.0,0.0,0.0,0.0,0.0,0.0,0.0,0.0,0.0,0.0,0.0,0.0,0.0,0.0,0.0,0.0,0.0,0.0,0.0,0.0,0.0,0.0,0.0,0.0,0.0,0.0,0.0,0.0,0.0,0.0,0.0,0.0,0.0,0.0,0.0,0.0,0.0,0.0,0.0,0.0,0.0,0.0,0.0,0.0,0.0,0.0
1070,1070,1070,Lashkar-e-Taiba,1070,2020-01,2020-01-01,2020,1,0.0,India,ucdp_actor_metadata_fallback,1,0.6931471805599453,False,True,53.0,83.0,3.9889840465642745,4.430816798843313,0.0,0.0,0.0,0.0,0.0,0.0,0.0,0.0,0.0,0.0,0.0,0.0,0.0,0.0,0.0,0.0,0.0,0.0,0.0,0.0,0.0,0.0,0.0,0.0,0.0,0.0,0.0,0.0,0.0,0.0,0.0,0.0,0.0,0.0,0.0,0.0,0.0,0.0,0.0,0.0,0.0,0.0,0.0,0.0,0.0,0.0,0.0,0.0,0.0,0.0,0.0,0.0,0.0
1070,1070,1070,Lashkar-e-Taiba,1070,2020-02,2020-02-01,2020,2,1.0,India,ucdp_actor_metadata_fallback,1,0.6931471805599453,False,True,83.0,48.0,4.430816798843313,3.8918202981106265,1.0,1.0,1.0,1.0,1.0,1.0,1.0,1.0,1.0,0.0,1.0,0.0,0.0,0.0,0.0,0.0,0.0,0.0,0.0,0.0,1.0,0.6931471805599453,1.0,0.6931471805599453,1.0,0.6931471805599453,1.0,0.6931471805599453,1.0,0.6931471805599453,0.0,0.0,1.0,0.6931471805599453,0.0,0.0,0.0,0.0,0.0,0.0,0.0,0.0,0.0,0.0,0.0,0.0,0.0,0.0,0.0,0.0,0.0,0.0,0.6931471805599453
1070,1070,1070,Lashkar-e-Taiba,1070,2020-03,2020-03-01,2020,3,2.0,India,ucdp_actor_metadata_fallback,1,0.6931471805599453,False,True,48.0,84.0,3.8918202981106265,4.442651256490317,0.0,0.0,0.0,0.0,0.0,0.0,0.0,0.0,0.0,0.0,0.0,0.0,0.0,0.0,0.0,0.0,0.0,0.0,0.0,0.0,0.0,0.0,0.0,0.0,0.0,0.0,0.0,0.0,0.0,0.0,0.0,0.0,0.0,0.0,0.0,0.0,0.0,0.0,0.0,0.0,0.0,0.0,0.0,0.0,0.0,0.0,0.0,0.0,0.0,0.0,0.0,0.0,0.0
1070,1070,1070,Lashkar-e-Taiba,1070,2020-04,2020-04-01,2020,4,3.0,India,ucdp_actor_metadata_fallback,1,0.6931471805599453,False,True,84.0,50.0,4.442651256490317,3.9318256327243257,0.0,0.0,0.0,0.0,0.0,0.0,0.0,0.0,0.0,0.0,0.0,0.0,0.0,0.0,0.0,0.0,0.0,0.0,0.0,0.0,0.0,0.0,0.0,0.0,0.0,0.0,0.0,0.0,0.0,0.0,0.0,0.0,0.0,0.0,0.0,0.0,0.0,0.0,0.0,0.0,0.0,0.0,0.0,0.0,0.0,0.0,0.0,0.0,0.0,0.0,0.0,0.0,0.0
1070,1070,1070,Lashkar-e-Taiba,1070,2020-05,2020-05-01,2020,5,4.0,India,ucdp_actor_metadata_fallback,1,0.6931471805599453,False,True,50.0,93.0,3.9318256327243257,4.543294782270004,0.0,0.0,0.0,0.0,0.0,0.0,0.0,0.0,0.0,0.0,0.0,0.0,0.0,0.0,0.0,0.0,0.0,0.0,0.0,0.0,0.0,0.0,0.0,0.0,0.0,0.0,0.0,0.0,0.0,0.0,0.0,0.0,0.0,0.0,0.0,0.0,0.0,0.0,0.0,0.0,0.0,0.0,0.0,0.0,0.0,0.0,0.0,0.0,0.0,0.0,0.0,0.0,0.0
1070,1070,1070,Lashkar-e-Taiba,1070,2020-06,2020-06-01,2020,6,5.0,India,ucdp_actor_metadata_fallback,1,0.6931471805599453,False,True,93.0,70.0,4.543294782270004,4.2626798770413155,2.0,2.0,2.0,1.0,2.0,2.0,2.0,2.0,2.0,0.0,2.0,0.0,0.0,0.0,0.0,0.0,0.0,0.0,0.0,0.0,1.0,1.0986122886681098,1.0,1.0986122886681098,1.0,1.0986122886681098,1.0,1.0986122886681098,1.0,1.0986122886681098,0.0,0.0,1.0,1.0986122886681098,0.0,0.0,0.0,0.0,0.0,0.0,0.0,0.0,0.0,0.0,0.0,0.0,0.0,0.0,0.0,0.0,0.0,0.0,1.0986122886681098
1070,1070,1070,Lashkar-e-Taiba,1070,2020-07,2020-07-01,2020,7,6.0,India,ucdp_actor_metadata_fallback,1,0.6931471805599453,False,True,70.0,52.0,4.2626798770413155,3.970291913552122,2.0,2.0,2.0,1.0,2.0,1.0,2.0,2.0,2.0,0.0,1.0,0.0,0.0,0.0,0.0,1.0,0.0,0.0,0.0,0.0,1.0,1.0986122886681098,0.5,0.6931471805599453,1.0,1.0986122886681098,1.0,1.0986122886681098,1.0,1.0986122886681098,0.0,0.0,0.5,0.6931471805599453,0.0,0.0,0.0,0.0,0.0,0.0,0.0,0.0,0.5,0.6931471805599453,0.0,0.0,0.0,0.0,0.0,0.0,0.0,0.0,1.0986122886681098
1070,1070,1070,Lashkar-e-Taiba,1070,2020-08,2020-08-01,2020,8,7.0,India,ucdp_actor_metadata_fallback,1,0.6931471805599453,False,True,52.0,61.0,3.970291913552122,4.127134385045092,3.0,3.0,3.0,1.0,3.0,3.0,3.0,3.0,2.0,0.0,3.0,0.0,0.0,0.0,0.0,0.0,0.0,0.0,0.0,0.0,1.0,1.3862943611198906,1.0,1.3862943611198906,1.0,1.3862943611198906,1.0,1.3862943611198906,0.6666666666666666,1.0986122886681098,0.0,0.0,1.0,1.3862943611198906,0.0,0.0,0.0,0.0,0.0,0.0,0.0,0.0,0.0,0.0,0.0,0.0,0.0,0.0,0.0,0.0,0.0,0.0,1.3862943611198906
1070,1070,1070,Lashkar-e-Taiba,1070,2020-09,2020-09-01,2020,9,8.0,India,ucdp_actor_metadata_fallback,1,0.6931471805599453,False,True,61.0,54.0,4.127134385045092,4.007333185232471,2.0,2.0,2.0,1.0,2.0,2.0,2.0,2.0,2.0,0.0,2.0,0.0,0.0,0.0,0.0,0.0,0.0,0.0,0.0,0.0,1.0,1.0986122886681098,1.0,1.0986122886681098,1.0,1.0986122886681098,1.0,1.0986122886681098,1.0,1.0986122886681098,0.0,0.0,1.0,1.0986122886681098,0.0,0.0,0.0,0.0,0.0,0.0,0.0,0.0,0.0,0.0,0.0,0.0,0.0,0.0,0.0,0.0,0.0,0.0,1.0986122886681098
1070,1070,1070,Lashkar-e-Taiba,1070,2020-10,2020-10-01,2020,10,9.0,India,ucdp_actor_metadata_fallback,1,0.6931471805599453,False,True,54.0,65.0,4.007333185232471,4.189654742026425,1.0,1.0,1.0,1.0,1.0,1.0,1.0,1.0,0.0,0.0,1.0,0.0,0.0,0.0,0.0,0.0,0.0,0.0,0.0,0.0,1.0,0.6931471805599453,1.0,0.6931471805599453,1.0,0.6931471805599453,1.0,0.6931471805599453,0.0,0.0,0.0,0.0,1.0,0.6931471805599453,0.0,0.0,0.0,0.0,0.0,0.0,0.0,0.0,0.0,0.0,0.0,0.0,0.0,0.0,0.0,0.0,0.0,0.0,0.6931471805599453
1070,1070,1070,Lashkar-e-Taiba,1070,2020-11,2020-11-01,2020,11,10.0,India,ucdp_actor_metadata_fallback,1,0.6931471805599453,False,True,65.0,42.0,4.189654742026425,3.7612001156935624,1.0,1.0,1.0,1.0,1.0,1.0,1.0,0.0,0.0,0.0,0.0,0.0,0.0,0.0,0.0,0.0,0.0,1.0,0.0,0.0,1.0,0.6931471805599453,1.0,0.6931471805599453,1.0,0.6931471805599453,0.0,0.0,0.0,0.0,0.0,0.0,0.0,0.0,0.0,0.0,0.0,0.0,0.0,0.0,0.0,0.0,0.0,0.0,0.0,0.0,1.0,0.6931471805599453,0.0,0.0,0.0,0.0,0.6931471805599453
1070,1070,1070,Lashkar-e-Taiba,1070,2020-12,2020-12-01,2020,12,11.0,India,ucdp_actor_metadata_fallback,1,0.6931471805599453,False,True,42.0,28.0,3.7612001156935624,3.367295829986474,0.0,0.0,0.0,0.0,0.0,0.0,0.0,0.0,0.0,0.0,0.0,0.0,0.0,0.0,0.0,0.0,0.0,0.0,0.0,0.0,0.0,0.0,0.0,0.0,0.0,0.0,0.0,0.0,0.0,0.0,0.0,0.0,0.0,0.0,0.0,0.0,0.0,0.0,0.0,0.0,0.0,0.0,0.0,0.0,0.0,0.0,0.0,0.0,0.0,0.0,0.0,0.0,0.0
1070,1070,1070,Lashkar-e-Taiba,1070,2021-01,2021-01-01,2021,1,12.0,India,ucdp_actor_metadata_fallback,1,0.6931471805599453,False,True,28.0,23.0,3.367295829986474,3.1780538303479458,0.0,0.0,0.0,0.0,0.0,0.0,0.0,0.0,0.0,0.0,0.0,0.0,0.0,0.0,0.0,0.0,0.0,0.0,0.0,0.0,0.0,0.0,0.0,0.0,0.0,0.0,0.0,0.0,0.0,0.0,0.0,0.0,0.0,0.0,0.0,0.0,0.0,0.0,0.0,0.0,0.0,0.0,0.0,0.0,0.0,0.0,0.0,0.0,0.0,0.0,0.0,0.0,0.0
1070,1070,1070,Lashkar-e-Taiba,1070,2021-02,2021-02-01,2021,2,13.0,India,ucdp_actor_metadata_fallback,1,0.6931471805599453,False,True,23.0,41.0,3.1780538303479458,3.7376696182833684,0.0,0.0,0.0,0.0,0.0,0.0,0.0,0.0,0.0,0.0,0.0,0.0,0.0,0.0,0.0,0.0,0.0,0.0,0.0,0.0,0.0,0.0,0.0,0.0,0.0,0.0,0.0,0.0,0.0,0.0,0.0,0.0,0.0,0.0,0.0,0.0,0.0,0.0,0.0,0.0,0.0,0.0,0.0,0.0,0.0,0.0,0.0,0.0,0.0,0.0,0.0,0.0,0.0
1070,1070,1070,Lashkar-e-Taiba,1070,2021-03,2021-03-01,2021,3,14.0,India,ucdp_actor_metadata_fallback,1,0.6931471805599453,False,True,41.0,59.0,3.7376696182833684,4.0943445622221,2.0,2.0,2.0,1.0,2.0,2.0,2.0,2.0,0.0,0.0,2.0,0.0,0.0,0.0,0.0,0.0,0.0,0.0,0.0,0.0,1.0,1.0986122886681098,1.0,1.0986122886681098,1.0,1.0986122886681098,1.0,1.0986122886681098,0.0,0.0,0.0,0.0,1.0,1.0986122886681098,0.0,0.0,0.0,0.0,0.0,0.0,0.0,0.0,0.0,0.0,0.0,0.0,0.0,0.0,0.0,0.0,0.0,0.0,1.0986122886681098
1070,1070,1070,Lashkar-e-Taiba,1070,2021-04,2021-04-01,2021,4,15.0,India,ucdp_actor_metadata_fallback,1,0.6931471805599453,False,True,59.0,38.0,4.0943445622221,3.6635616461296463,0.0,0.0,0.0,0.0,0.0,0.0,0.0,0.0,0.0,0.0,0.0,0.0,0.0,0.0,0.0,0.0,0.0,0.0,0.0,0.0,0.0,0.0,0.0,0.0,0.0,0.0,0.0,0.0,0.0,0.0,0.0,0.0,0.0,0.0,0.0,0.0,0.0,0.0,0.0,0.0,0.0,0.0,0.0,0.0,0.0,0.0,0.0,0.0,0.0,0.0,0.0,0.0,0.0
1070,1070,1070,Lashkar-e-Taiba,1070,2021-05,2021-05-01,2021,5,16.0,India,ucdp_actor_metadata_fallback,1,0.6931471805599453,False,True,38.0,42.0,3.6635616461296463,3.7612001156935624,1.0,1.0,1.0,1.0,1.0,1.0,1.0,1.0,0.0,0.0,1.0,0.0,0.0,0.0,0.0,0.0,0.0,0.0,0.0,0.0,1.0,0.6931471805599453,1.0,0.6931471805599453,1.0,0.6931471805599453,1.0,0.6931471805599453,0.0,0.0,0.0,0.0,1.0,0.6931471805599453,0.0,0.0,0.0,0.0,0.0,0.0,0.0,0.0,0.0,0.0,0.0,0.0,0.0,0.0,0.0,0.0,0.0,0.0,0.6931471805599453
1070,1070,1070,Lashkar-e-Taiba,1070,2021-06,2021-06-01,2021,6,17.0,India,ucdp_actor_metadata_fallback,1,0.6931471805599453,False,True,42.0,60.0,3.7612001156935624,4.110873864173311,2.0,2.0,2.0,1.0,2.0,2.0,2.0,2.0,2.0,0.0,2.0,0.0,0.0,0.0,0.0,0.0,0.0,0.0,0.0,0.0,1.0,1.0986122886681098,1.0,1.0986122886681098,1.0,1.0986122886681098,1.0,1.0986122886681098,1.0,1.0986122886681098,0.0,0.0,1.0,1.0986122886681098,0.0,0.0,0.0,0.0,0.0,0.0,0.0,0.0,0.0,0.0,0.0,0.0,0.0,0.0,0.0,0.0,0.0,0.0,1.0986122886681098
1070,1070,1070,Lashkar-e-Taiba,1070,2021-07,2021-07-01,2021,7,18.0,India,ucdp_actor_metadata_fallback,1,0.6931471805599453,False,True,60.0,37.0,4.110873864173311,3.6375861597263857,2.0,2.0,2.0,1.0,2.0,2.0,2.0,2.0,2.0,0.0,2.0,0.0,0.0,0.0,0.0,0.0,0.0,0.0,0.0,0.0,1.0,1.0986122886681098,1.0,1.0986122886681098,1.0,1.0986122886681098,1.0,1.0986122886681098,1.0,1.0986122886681098,0.0,0.0,1.0,1.0986122886681098,0.0,0.0,0.0,0.0,0.0,0.0,0.0,0.0,0.0,0.0,0.0,0.0,0.0,0.0,0.0,0.0,0.0,0.0,1.0986122886681098
1070,1070,1070,Lashkar-e-Taiba,1070,2021-08,2021-08-01,2021,8,19.0,India,ucdp_actor_metadata_fallback,1,0.6931471805599453,False,True,37.0,14.0,3.6375861597263857,2.70805020110221,0.0,0.0,0.0,0.0,0.0,0.0,0.0,0.0,0.0,0.0,0.0,0.0,0.0,0.0,0.0,0.0,0.0,0.0,0.0,0.0,0.0,0.0,0.0,0.0,0.0,0.0,0.0,0.0,0.0,0.0,0.0,0.0,0.0,0.0,0.0,0.0,0.0,0.0,0.0,0.0,0.0,0.0,0.0,0.0,0.0,0.0,0.0,0.0,0.0,0.0,0.0,0.0,0.0
1070,1070,1070,Lashkar-e-Taiba,1070,2021-09,2021-09-01,2021,9,20.0,India,ucdp_actor_metadata_fallback,1,0.6931471805599453,False,True,14.0,54.0,2.70805020110221,4.007333185232471,0.0,0.0,0.0,0.0,0.0,0.0,0.0,0.0,0.0,0.0,0.0,0.0,0.0,0.0,0.0,0.0,0.0,0.0,0.0,0.0,0.0,0.0,0.0,0.0,0.0,0.0,0.0,0.0,0.0,0.0,0.0,0.0,0.0,0.0,0.0,0.0,0.0,0.0,0.0,0.0,0.0,0.0,0.0,0.0,0.0,0.0,0.0,0.0,0.0,0.0,0.0,0.0,0.0
1070,1070,1070,Lashkar-e-Taiba,1070,2021-10,2021-10-01,2021,10,21.0,India,ucdp_actor_metadata_fallback,1,0.6931471805599453,False,True,54.0,70.0,4.007333185232471,4.2626798770413155,2.0,2.0,2.0,1.0,2.0,2.0,2.0,2.0,1.0,0.0,2.0,0.0,0.0,0.0,0.0,0.0,0.0,0.0,0.0,0.0,1.0,1.0986122886681098,1.0,1.0986122886681098,1.0,1.0986122886681098,1.0,1.0986122886681098,0.5,0.6931471805599453,0.0,0.0,1.0,1.0986122886681098,0.0,0.0,0.0,0.0,0.0,0.0,0.0,0.0,0.0,0.0,0.0,0.0,0.0,0.0,0.0,0.0,0.0,0.0,1.0986122886681098
1070,1070,1070,Lashkar-e-Taiba,1070,2021-11,2021-11-01,2021,11,22.0,India,ucdp_actor_metadata_fallback,1,0.6931471805599453,False,True,70.0,55.0,4.2626798770413155,4.02535169073515,0.0,0.0,0.0,0.0,0.0,0.0,0.0,0.0,0.0,0.0,0.0,0.0,0.0,0.0,0.0,0.0,0.0,0.0,0.0,0.0,0.0,0.0,0.0,0.0,0.0,0.0,0.0,0.0,0.0,0.0,0.0,0.0,0.0,0.0,0.0,0.0,0.0,0.0,0.0,0.0,0.0,0.0,0.0,0.0,0.0,0.0,0.0,0.0,0.0,0.0,0.0,0.0,0.0
1070,1070,1070,Lashkar-e-Taiba,1070,2021-12,2021-12-01,2021,12,23.0,India,ucdp_actor_metadata_fallback,1,0.6931471805599453,False,True,55.0,43.0,4.02535169073515,3.784189633918261,4.0,4.0,4.0,1.0,4.0,4.0,4.0,4.0,4.0,0.0,4.0,0.0,0.0,0.0,0.0,0.0,0.0,0.0,0.0,0.0,1.0,1.6094379124341003,1.0,1.6094379124341003,1.0,1.6094379124341003,1.0,1.6094379124341003,1.0,1.6094379124341003,0.0,0.0,1.0,1.6094379124341003,0.0,0.0,0.0,0.0,0.0,0.0,0.0,0.0,0.0,0.0,0.0,0.0,0.0,0.0,0.0,0.0,0.0,0.0,1.6094379124341003
1070,1070,1070,Lashkar-e-Taiba,1070,2022-01,2022-01-01,2022,1,24.0,India,ucdp_actor_metadata_fallback,1,0.6931471805599453,False,True,43.0,24.0,3.784189633918261,3.2188758248682006,6.0,6.0,6.0,1.0,6.0,6.0,5.0,6.0,5.0,0.0,5.0,0.0,0.0,0.0,0.0,0.0,0.0,1.0,0.0,0.0,1.0,1.9459101490553132,1.0,1.9459101490553132,0.8333333333333334,1.791759469228055,1.0,1.9459101490553132,0.8333333333333334,1.791759469228055,0.0,0.0,0.8333333333333334,1.791759469228055,0.0,0.0,0.0,0.0,0.0,0.0,0.0,0.0,0.0,0.0,0.0,0.0,0.16666666666666666,0.6931471805599453,0.0,0.0,0.0,0.0,1.9459101490553132
1070,1070,1070,Lashkar-e-Taiba,1070,2022-02,2022-02-01,2022,2,25.0,India,ucdp_actor_metadata_fallback,1,0.6931471805599453,False,True,24.0,37.0,3.2188758248682006,3.6375861597263857,1.0,1.0,1.0,1.0,1.0,1.0,1.0,1.0,1.0,0.0,1.0,0.0,0.0,0.0,0.0,0.0,0.0,0.0,0.0,0.0,1.0,0.6931471805599453,1.0,0.6931471805599453,1.0,0.6931471805599453,1.0,0.6931471805599453,1.0,0.6931471805599453,0.0,0.0,1.0,0.6931471805599453,0.0,0.0,0.0,0.0,0.0,0.0,0.0,0.0,0.0,0.0,0.0,0.0,0.0,0.0,0.0,0.0,0.0,0.0,0.6931471805599453
1070,1070,1070,Lashkar-e-Taiba,1070,2022-03,2022-03-01,2022,3,26.0,India,ucdp_actor_metadata_fallback,1,0.6931471805599453,False,True,37.0,39.0,3.6375861597263857,3.6888794541139363,1.0,1.0,1.0,1.0,1.0,1.0,1.0,1.0,0.0,0.0,1.0,0.0,0.0,0.0,0.0,0.0,0.0,0.0,0.0,0.0,1.0,0.6931471805599453,1.0,0.6931471805599453,1.0,0.6931471805599453,1.0,0.6931471805599453,0.0,0.0,0.0,0.0,1.0,0.6931471805599453,0.0,0.0,0.0,0.0,0.0,0.0,0.0,0.0,0.0,0.0,0.0,0.0,0.0,0.0,0.0,0.0,0.0,0.0,0.6931471805599453
1070,1070,1070,Lashkar-e-Taiba,1070,2022-04,2022-04-01,2022,4,27.0,India,ucdp_actor_metadata_fallback,1,0.6931471805599453,False,True,39.0,49.0,3.6888794541139363,3.912023005428146,4.0,4.0,4.0,1.0,4.0,4.0,4.0,4.0,2.0,0.0,4.0,0.0,0.0,0.0,0.0,0.0,0.0,0.0,0.0,0.0,1.0,1.6094379124341003,1.0,1.6094379124341003,1.0,1.6094379124341003,1.0,1.6094379124341003,0.5,1.0986122886681098,0.0,0.0,1.0,1.6094379124341003,0.0,0.0,0.0,0.0,0.0,0.0,0.0,0.0,0.0,0.0,0.0,0.0,0.0,0.0,0.0,0.0,0.0,0.0,1.6094379124341003
1070,1070,1070,Lashkar-e-Taiba,1070,2022-05,2022-05-01,2022,5,28.0,India,ucdp_actor_metadata_fallback,1,0.6931471805599453,False,True,49.0,57.0,3.912023005428146,4.060443010546419,3.0,3.0,3.0,1.0,3.0,3.0,3.0,3.0,3.0,0.0,3.0,0.0,0.0,0.0,0.0,0.0,0.0,0.0,0.0,0.0,1.0,1.3862943611198906,1.0,1.3862943611198906,1.0,1.3862943611198906,1.0,1.3862943611198906,1.0,1.3862943611198906,0.0,0.0,1.0,1.3862943611198906,0.0,0.0,0.0,0.0,0.0,0.0,0.0,0.0,0.0,0.0,0.0,0.0,0.0,0.0,0.0,0.0,0.0,0.0,1.3862943611198906
1070,1070,1070,Lashkar-e-Taiba,1070,2022-06,2022-06-01,2022,6,29.0,India,ucdp_actor_metadata_fallback,1,0.6931471805599453,False,True,57.0,16.0,4.060443010546419,2.833213344056216,14.0,14.0,14.0,1.0,13.0,14.0,13.0,14.0,9.0,0.0,12.0,0.0,0.0,0.0,0.0,1.0,0.0,1.0,0.0,0.0,0.9285714285714286,2.6390573296152584,1.0,2.70805020110221,0.9285714285714286,2.6390573296152584,1.0,2.70805020110221,0.6428571428571429,2.302585092994046,0.0,0.0,0.8571428571428571,2.5649493574615367,0.0,0.0,0.0,0.0,0.0,0.0,0.0,0.0,0.07142857142857142,0.6931471805599453,0.0,0.0,0.07142857142857142,0.6931471805599453,0.0,0.0,0.0,0.0,2.70805020110221
1070,1070,1070,Lashkar-e-Taiba,1070,2022-07,2022-07-01,2022,7,30.0,India,ucdp_actor_metadata_fallback,1,0.6931471805599453,False,True,16.0,36.0,2.833213344056216,3.6109179126442243,0.0,0.0,0.0,0.0,0.0,0.0,0.0,0.0,0.0,0.0,0.0,0.0,0.0,0.0,0.0,0.0,0.0,0.0,0.0,0.0,0.0,0.0,0.0,0.0,0.0,0.0,0.0,0.0,0.0,0.0,0.0,0.0,0.0,0.0,0.0,0.0,0.0,0.0,0.0,0.0,0.0,0.0,0.0,0.0,0.0,0.0,0.0,0.0,0.0,0.0,0.0,0.0,0.0
1070,1070,1070,Lashkar-e-Taiba,1070,2022-08,2022-08-01,2022,8,31.0,India,ucdp_actor_metadata_fallback,1,0.6931471805599453,False,True,36.0,21.0,3.6109179126442243,3.091042453358316,1.0,1.0,1.0,1.0,1.0,1.0,1.0,1.0,1.0,0.0,1.0,0.0,0.0,0.0,0.0,0.0,0.0,0.0,0.0,0.0,1.0,0.6931471805599453,1.0,0.6931471805599453,1.0,0.6931471805599453,1.0,0.6931471805599453,1.0,0.6931471805599453,0.0,0.0,1.0,0.6931471805599453,0.0,0.0,0.0,0.0,0.0,0.0,0.0,0.0,0.0,0.0,0.0,0.0,0.0,0.0,0.0,0.0,0.0,0.0,0.6931471805599453
1070,1070,1070,Lashkar-e-Taiba,1070,2022-09,2022-09-01,2022,9,32.0,India,ucdp_actor_metadata_fallback,1,0.6931471805599453,False,True,21.0,25.0,3.091042453358316,3.258096538021482,3.0,3.0,3.0,1.0,2.0,2.0,1.0,0.0,2.0,0.0,0.0,0.0,0.0,0.0,1.0,2.0,0.0,0.0,0.0,0.0,0.6666666666666666,1.0986122886681098,0.6666666666666666,1.0986122886681098,0.3333333333333333,0.6931471805599453,0.0,0.0,0.6666666666666666,1.0986122886681098,0.0,0.0,0.0,0.0,0.0,0.0,0.0,0.0,0.0,0.0,0.3333333333333333,0.6931471805599453,0.6666666666666666,1.0986122886681098,0.0,0.0,0.0,0.0,0.0,0.0,0.0,0.0,1.3862943611198906
1070,1070,1070,Lashkar-e-Taiba,1070,2022-10,2022-10-01,2022,10,33.0,India,ucdp_actor_metadata_fallback,1,0.6931471805599453,False,True,25.0,29.0,3.258096538021482,3.4011973816621555,2.0,2.0,2.0,1.0,2.0,2.0,2.0,2.0,2.0,0.0,2.0,0.0,0.0,0.0,0.0,0.0,0.0,0.0,0.0,0.0,1.0,1.0986122886681098,1.0,1.0986122886681098,1.0,1.0986122886681098,1.0,1.0986122886681098,1.0,1.0986122886681098,0.0,0.0,1.0,1.0986122886681098,0.0,0.0,0.0,0.0,0.0,0.0,0.0,0.0,0.0,0.0,0.0,0.0,0.0,0.0,0.0,0.0,0.0,0.0,1.0986122886681098
1070,1070,1070,Lashkar-e-Taiba,1070,2022-11,2022-11-01,2022,11,34.0,India,ucdp_actor_metadata_fallback,1,0.6931471805599453,False,True,29.0,17.0,3.4011973816621555,2.8903717578961645,2.0,2.0,2.0,1.0,2.0,2.0,2.0,2.0,1.0,0.0,2.0,0.0,0.0,0.0,0.0,0.0,0.0,0.0,0.0,0.0,1.0,1.0986122886681098,1.0,1.0986122886681098,1.0,1.0986122886681098,1.0,1.0986122886681098,0.5,0.6931471805599453,0.0,0.0,1.0,1.0986122886681098,0.0,0.0,0.0,0.0,0.0,0.0,0.0,0.0,0.0,0.0,0.0,0.0,0.0,0.0,0.0,0.0,0.0,0.0,1.0986122886681098
1070,1070,1070,Lashkar-e-Taiba,1070,2022-12,2022-12-01,2022,12,35.0,India,ucdp_actor_metadata_fallback,1,0.6931471805599453,False,True,17.0,13.0,2.8903717578961645,2.6390573296152584,0.0,0.0,0.0,0.0,0.0,0.0,0.0,0.0,0.0,0.0,0.0,0.0,0.0,0.0,0.0,0.0,0.0,0.0,0.0,0.0,0.0,0.0,0.0,0.0,0.0,0.0,0.0,0.0,0.0,0.0,0.0,0.0,0.0,0.0,0.0,0.0,0.0,0.0,0.0,0.0,0.0,0.0,0.0,0.0,0.0,0.0,0.0,0.0,0.0,0.0,0.0,0.0,0.0
1070,1070,1070,Lashkar-e-Taiba,1070,2023-01,2023-01-01,2023,1,36.0,India,ucdp_actor_metadata_fallback,1,0.6931471805599453,False,True,13.0,23.0,2.6390573296152584,3.1780538303479458,2.0,2.0,2.0,1.0,2.0,2.0,2.0,2.0,1.0,0.0,2.0,0.0,0.0,0.0,0.0,0.0,0.0,0.0,0.0,0.0,1.0,1.0986122886681098,1.0,1.0986122886681098,1.0,1.0986122886681098,1.0,1.0986122886681098,0.5,0.6931471805599453,0.0,0.0,1.0,1.0986122886681098,0.0,0.0,0.0,0.0,0.0,0.0,0.0,0.0,0.0,0.0,0.0,0.0,0.0,0.0,0.0,0.0,0.0,0.0,1.0986122886681098
1070,1070,1070,Lashkar-e-Taiba,1070,2023-02,2023-02-01,2023,2,37.0,India,ucdp_actor_metadata_fallback,1,0.6931471805599453,False,True,23.0,14.0,3.1780538303479458,2.70805020110221,0.0,0.0,0.0,0.0,0.0,0.0,0.0,0.0,0.0,0.0,0.0,0.0,0.0,0.0,0.0,0.0,0.0,0.0,0.0,0.0,0.0,0.0,0.0,0.0,0.0,0.0,0.0,0.0,0.0,0.0,0.0,0.0,0.0,0.0,0.0,0.0,0.0,0.0,0.0,0.0,0.0,0.0,0.0,0.0,0.0,0.0,0.0,0.0,0.0,0.0,0.0,0.0,0.0
1070,1070,1070,Lashkar-e-Taiba,1070,2023-03,2023-03-01,2023,3,38.0,India,ucdp_actor_metadata_fallback,1,0.6931471805599453,False,True,14.0,34.0,2.70805020110221,3.5553480614894135,0.0,0.0,0.0,0.0,0.0,0.0,0.0,0.0,0.0,0.0,0.0,0.0,0.0,0.0,0.0,0.0,0.0,0.0,0.0,0.0,0.0,0.0,0.0,0.0,0.0,0.0,0.0,0.0,0.0,0.0,0.0,0.0,0.0,0.0,0.0,0.0,0.0,0.0,0.0,0.0,0.0,0.0,0.0,0.0,0.0,0.0,0.0,0.0,0.0,0.0,0.0,0.0,0.0
1070,1070,1070,Lashkar-e-Taiba,1070,2023-04,2023-04-01,2023,4,39.0,India,ucdp_actor_metadata_fallback,1,0.6931471805599453,False,True,34.0,90.0,3.5553480614894135,4.51085950651685,0.0,0.0,0.0,0.0,0.0,0.0,0.0,0.0,0.0,0.0,0.0,0.0,0.0,0.0,0.0,0.0,0.0,0.0,0.0,0.0,0.0,0.0,0.0,0.0,0.0,0.0,0.0,0.0,0.0,0.0,0.0,0.0,0.0,0.0,0.0,0.0,0.0,0.0,0.0,0.0,0.0,0.0,0.0,0.0,0.0,0.0,0.0,0.0,0.0,0.0,0.0,0.0,0.0
1070,1070,1070,Lashkar-e-Taiba,1070,2023-05,2023-05-01,2023,5,40.0,India,ucdp_actor_metadata_fallback,1,0.6931471805599453,False,True,90.0,35.0,4.51085950651685,3.58351893845611,2.0,2.0,2.0,1.0,2.0,2.0,2.0,2.0,2.0,0.0,1.0,0.0,0.0,0.0,0.0,1.0,0.0,0.0,0.0,0.0,1.0,1.0986122886681098,1.0,1.0986122886681098,1.0,1.0986122886681098,1.0,1.0986122886681098,1.0,1.0986122886681098,0.0,0.0,0.5,0.6931471805599453,0.0,0.0,0.0,0.0,0.0,0.0,0.0,0.0,0.5,0.6931471805599453,0.0,0.0,0.0,0.0,0.0,0.0,0.0,0.0,1.0986122886681098
1070,1070,1070,Lashkar-e-Taiba,1070,2023-06,2023-06-01,2023,6,41.0,India,ucdp_actor_metadata_fallback,1,0.6931471805599453,False,True,35.0,46.0,3.58351893845611,3.8501476017100584,0.0,0.0,0.0,0.0,0.0,0.0,0.0,0.0,0.0,0.0,0.0,0.0,0.0,0.0,0.0,0.0,0.0,0.0,0.0,0.0,0.0,0.0,0.0,0.0,0.0,0.0,0.0,0.0,0.0,0.0,0.0,0.0,0.0,0.0,0.0,0.0,0.0,0.0,0.0,0.0,0.0,0.0,0.0,0.0,0.0,0.0,0.0,0.0,0.0,0.0,0.0,0.0,0.0
1070,1070,1070,Lashkar-e-Taiba,1070,2023-07,2023-07-01,2023,7,42.0,India,ucdp_actor_metadata_fallback,1,0.6931471805599453,False,True,46.0,35.0,3.8501476017100584,3.58351893845611,0.0,0.0,0.0,0.0,0.0,0.0,0.0,0.0,0.0,0.0,0.0,0.0,0.0,0.0,0.0,0.0,0.0,0.0,0.0,0.0,0.0,0.0,0.0,0.0,0.0,0.0,0.0,0.0,0.0,0.0,0.0,0.0,0.0,0.0,0.0,0.0,0.0,0.0,0.0,0.0,0.0,0.0,0.0,0.0,0.0,0.0,0.0,0.0,0.0,0.0,0.0,0.0,0.0
1070,1070,1070,Lashkar-e-Taiba,1070,2023-08,2023-08-01,2023,8,43.0,India,ucdp_actor_metadata_fallback,1,0.6931471805599453,False,True,35.0,29.0,3.58351893845611,3.4011973816621555,0.0,0.0,0.0,0.0,0.0,0.0,0.0,0.0,0.0,0.0,0.0,0.0,0.0,0.0,0.0,0.0,0.0,0.0,0.0,0.0,0.0,0.0,0.0,0.0,0.0,0.0,0.0,0.0,0.0,0.0,0.0,0.0,0.0,0.0,0.0,0.0,0.0,0.0,0.0,0.0,0.0,0.0,0.0,0.0,0.0,0.0,0.0,0.0,0.0,0.0,0.0,0.0,0.0
1070,1070,1070,Lashkar-e-Taiba,1070,2023-09,2023-09-01,2023,9,44.0,India,ucdp_actor_metadata_fallback,1,0.6931471805599453,False,True,29.0,22.0,3.4011973816621555,3.1354942159291497,1.0,1.0,1.0,1.0,1.0,1.0,1.0,1.0,0.0,0.0,1.0,0.0,0.0,0.0,0.0,0.0,0.0,0.0,0.0,0.0,1.0,0.6931471805599453,1.0,0.6931471805599453,1.0,0.6931471805599453,1.0,0.6931471805599453,0.0,0.0,0.0,0.0,1.0,0.6931471805599453,0.0,0.0,0.0,0.0,0.0,0.0,0.0,0.0,0.0,0.0,0.0,0.0,0.0,0.0,0.0,0.0,0.0,0.0,0.6931471805599453
1070,1070,1070,Lashkar-e-Taiba,1070,2023-10,2023-10-01,2023,10,45.0,India,ucdp_actor_metadata_fallback,1,0.6931471805599453,False,True,22.0,39.0,3.1354942159291497,3.6888794541139363,3.0,3.0,3.0,1.0,2.0,3.0,3.0,3.0,2.0,0.0,2.0,0.0,0.0,0.0,0.0,0.0,1.0,0.0,0.0,0.0,0.6666666666666666,1.0986122886681098,1.0,1.3862943611198906,1.0,1.3862943611198906,1.0,1.3862943611198906,0.6666666666666666,1.0986122886681098,0.0,0.0,0.6666666666666666,1.0986122886681098,0.0,0.0,0.0,0.0,0.0,0.0,0.0,0.0,0.0,0.0,0.3333333333333333,0.6931471805599453,0.0,0.0,0.0,0.0,0.0,0.0,1.3862943611198906
1070,1070,1070,Lashkar-e-Taiba,1070,2023-11,2023-11-01,2023,11,46.0,India,ucdp_actor_metadata_fallback,1,0.6931471805599453,False,True,39.0,26.0,3.6888794541139363,3.295836866004329,0.0,0.0,0.0,0.0,0.0,0.0,0.0,0.0,0.0,0.0,0.0,0.0,0.0,0.0,0.0,0.0,0.0,0.0,0.0,0.0,0.0,0.0,0.0,0.0,0.0,0.0,0.0,0.0,0.0,0.0,0.0,0.0,0.0,0.0,0.0,0.0,0.0,0.0,0.0,0.0,0.0,0.0,0.0,0.0,0.0,0.0,0.0,0.0,0.0,0.0,0.0,0.0,0.0
1070,1070,1070,Lashkar-e-Taiba,1070,2023-12,2023-12-01,2023,12,47.0,India,ucdp_actor_metadata_fallback,1,0.6931471805599453,False,True,26.0,35.0,3.295836866004329,3.58351893845611,2.0,2.0,2.0,1.0,2.0,2.0,2.0,2.0,1.0,0.0,1.0,0.0,0.0,0.0,0.0,0.0,0.0,1.0,0.0,0.0,1.0,1.0986122886681098,1.0,1.0986122886681098,1.0,1.0986122886681098,1.0,1.0986122886681098,0.5,0.6931471805599453,0.0,0.0,0.5,0.6931471805599453,0.0,0.0,0.0,0.0,0.0,0.0,0.0,0.0,0.0,0.0,0.0,0.0,0.5,0.6931471805599453,0.0,0.0,0.0,0.0,1.0986122886681098
1070,1070,1070,Lashkar-e-Taiba,1070,2024-01,2024-01-01,2024,1,48.0,India,ucdp_actor_metadata_fallback,1,0.6931471805599453,False,True,35.0,31.0,3.58351893845611,3.4657359027997265,0.0,0.0,0.0,0.0,0.0,0.0,0.0,0.0,0.0,0.0,0.0,0.0,0.0,0.0,0.0,0.0,0.0,0.0,0.0,0.0,0.0,0.0,0.0,0.0,0.0,0.0,0.0,0.0,0.0,0.0,0.0,0.0,0.0,0.0,0.0,0.0,0.0,0.0,0.0,0.0,0.0,0.0,0.0,0.0,0.0,0.0,0.0,0.0,0.0,0.0,0.0,0.0,0.0
1070,1070,1070,Lashkar-e-Taiba,1070,2024-02,2024-02-01,2024,2,49.0,India,ucdp_actor_metadata_fallback,1,0.6931471805599453,False,True,31.0,29.0,3.4657359027997265,3.4011973816621555,0.0,0.0,0.0,0.0,0.0,0.0,0.0,0.0,0.0,0.0,0.0,0.0,0.0,0.0,0.0,0.0,0.0,0.0,0.0,0.0,0.0,0.0,0.0,0.0,0.0,0.0,0.0,0.0,0.0,0.0,0.0,0.0,0.0,0.0,0.0,0.0,0.0,0.0,0.0,0.0,0.0,0.0,0.0,0.0,0.0,0.0,0.0,0.0,0.0,0.0,0.0,0.0,0.0
1070,1070,1070,Lashkar-e-Taiba,1070,2024-03,2024-03-01,2024,3,50.0,India,ucdp_actor_metadata_fallback,1,0.6931471805599453,False,True,29.0,84.0,3.4011973816621555,4.442651256490317,0.0,0.0,0.0,0.0,0.0,0.0,0.0,0.0,0.0,0.0,0.0,0.0,0.0,0.0,0.0,0.0,0.0,0.0,0.0,0.0,0.0,0.0,0.0,0.0,0.0,0.0,0.0,0.0,0.0,0.0,0.0,0.0,0.0,0.0,0.0,0.0,0.0,0.0,0.0,0.0,0.0,0.0,0.0,0.0,0.0,0.0,0.0,0.0,0.0,0.0,0.0,0.0,0.0
1070,1070,1070,Lashkar-e-Taiba,1070,2024-04,2024-04-01,2024,4,51.0,India,ucdp_actor_metadata_fallback,1,0.6931471805599453,False,True,84.0,47.0,4.442651256490317,3.871201010907891,2.0,2.0,2.0,1.0,2.0,2.0,2.0,2.0,2.0,0.0,2.0,0.0,0.0,0.0,0.0,0.0,0.0,0.0,0.0,0.0,1.0,1.0986122886681098,1.0,1.0986122886681098,1.0,1.0986122886681098,1.0,1.0986122886681098,1.0,1.0986122886681098,0.0,0.0,1.0,1.0986122886681098,0.0,0.0,0.0,0.0,0.0,0.0,0.0,0.0,0.0,0.0,0.0,0.0,0.0,0.0,0.0,0.0,0.0,0.0,1.0986122886681098
1070,1070,1070,Lashkar-e-Taiba,1070,2024-05,2024-05-01,2024,5,52.0,India,ucdp_actor_metadata_fallback,1,0.6931471805599453,False,True,47.0,51.0,3.871201010907891,3.9512437185814275,0.0,0.0,0.0,0.0,0.0,0.0,0.0,0.0,0.0,0.0,0.0,0.0,0.0,0.0,0.0,0.0,0.0,0.0,0.0,0.0,0.0,0.0,0.0,0.0,0.0,0.0,0.0,0.0,0.0,0.0,0.0,0.0,0.0,0.0,0.0,0.0,0.0,0.0,0.0,0.0,0.0,0.0,0.0,0.0,0.0,0.0,0.0,0.0,0.0,0.0,0.0,0.0,0.0
1070,1070,1070,Lashkar-e-Taiba,1070,2024-06,2024-06-01,2024,6,53.0,India,ucdp_actor_metadata_fallback,1,0.6931471805599453,False,True,51.0,61.0,3.9512437185814275,4.127134385045092,3.0,3.0,3.0,1.0,3.0,3.0,3.0,3.0,1.0,0.0,3.0,0.0,0.0,0.0,0.0,0.0,0.0,0.0,0.0,0.0,1.0,1.3862943611198906,1.0,1.3862943611198906,1.0,1.3862943611198906,1.0,1.3862943611198906,0.3333333333333333,0.6931471805599453,0.0,0.0,1.0,1.3862943611198906,0.0,0.0,0.0,0.0,0.0,0.0,0.0,0.0,0.0,0.0,0.0,0.0,0.0,0.0,0.0,0.0,0.0,0.0,1.3862943611198906
1070,1070,1070,Lashkar-e-Taiba,1070,2024-07,2024-07-01,2024,7,54.0,India,ucdp_actor_metadata_fallback,1,0.6931471805599453,False,True,61.0,22.0,4.127134385045092,3.1354942159291497,0.0,0.0,0.0,0.0,0.0,0.0,0.0,0.0,0.0,0.0,0.0,0.0,0.0,0.0,0.0,0.0,0.0,0.0,0.0,0.0,0.0,0.0,0.0,0.0,0.0,0.0,0.0,0.0,0.0,0.0,0.0,0.0,0.0,0.0,0.0,0.0,0.0,0.0,0.0,0.0,0.0,0.0,0.0,0.0,0.0,0.0,0.0,0.0,0.0,0.0,0.0,0.0,0.0
1070,1070,1070,Lashkar-e-Taiba,1070,2024-08,2024-08-01,2024,8,55.0,India,ucdp_actor_metadata_fallback,1,0.6931471805599453,False,True,22.0,43.0,3.1354942159291497,3.784189633918261,0.0,0.0,0.0,0.0,0.0,0.0,0.0,0.0,0.0,0.0,0.0,0.0,0.0,0.0,0.0,0.0,0.0,0.0,0.0,0.0,0.0,0.0,0.0,0.0,0.0,0.0,0.0,0.0,0.0,0.0,0.0,0.0,0.0,0.0,0.0,0.0,0.0,0.0,0.0,0.0,0.0,0.0,0.0,0.0,0.0,0.0,0.0,0.0,0.0,0.0,0.0,0.0,0.0
1070,1070,1070,Lashkar-e-Taiba,1070,2024-09,2024-09-01,2024,9,56.0,India,ucdp_actor_metadata_fallback,1,0.6931471805599453,False,True,43.0,79.0,3.784189633918261,4.382026634673881,1.0,1.0,1.0,1.0,0.0,1.0,0.0,1.0,0.0,0.0,0.0,0.0,0.0,0.0,0.0,0.0,0.0,1.0,0.0,0.0,0.0,0.0,1.0,0.6931471805599453,0.0,0.0,1.0,0.6931471805599453,0.0,0.0,0.0,0.0,0.0,0.0,0.0,0.0,0.0,0.0,0.0,0.0,0.0,0.0,0.0,0.0,0.0,0.0,1.0,0.6931471805599453,0.0,0.0,0.0,0.0,0.6931471805599453
1070,1070,1070,Lashkar-e-Taiba,1070,2024-10,2024-10-01,2024,10,57.0,India,ucdp_actor_metadata_fallback,1,0.6931471805599453,False,True,79.0,37.0,4.382026634673881,3.6375861597263857,0.0,0.0,0.0,0.0,0.0,0.0,0.0,0.0,0.0,0.0,0.0,0.0,0.0,0.0,0.0,0.0,0.0,0.0,0.0,0.0,0.0,0.0,0.0,0.0,0.0,0.0,0.0,0.0,0.0,0.0,0.0,0.0,0.0,0.0,0.0,0.0,0.0,0.0,0.0,0.0,0.0,0.0,0.0,0.0,0.0,0.0,0.0,0.0,0.0,0.0,0.0,0.0,0.0
1070,1070,1070,Lashkar-e-Taiba,1070,2024-11,2024-11-01,2024,11,58.0,India,ucdp_actor_metadata_fallback,1,0.6931471805599453,False,True,37.0,33.0,3.6375861597263857,3.5263605246161616,1.0,1.0,1.0,1.0,1.0,1.0,1.0,1.0,0.0,0.0,1.0,0.0,0.0,0.0,0.0,0.0,0.0,0.0,0.0,0.0,1.0,0.6931471805599453,1.0,0.6931471805599453,1.0,0.6931471805599453,1.0,0.6931471805599453,0.0,0.0,0.0,0.0,1.0,0.6931471805599453,0.0,0.0,0.0,0.0,0.0,0.0,0.0,0.0,0.0,0.0,0.0,0.0,0.0,0.0,0.0,0.0,0.0,0.0,0.6931471805599453
1070,1070,1070,Lashkar-e-Taiba,1070,2024-12,2024-12-01,2024,12,59.0,India,ucdp_actor_metadata_fallback,1,0.6931471805599453,False,True,33.0,62.0,3.5263605246161616,4.143134726391533,0.0,0.0,0.0,0.0,0.0,0.0,0.0,0.0,0.0,0.0,0.0,0.0,0.0,0.0,0.0,0.0,0.0,0.0,0.0,0.0,0.0,0.0,0.0,0.0,0.0,0.0,0.0,0.0,0.0,0.0,0.0,0.0,0.0,0.0,0.0,0.0,0.0,0.0,0.0,0.0,0.0,0.0,0.0,0.0,0.0,0.0,0.0,0.0,0.0,0.0,0.0,0.0,0.0
1070,1070,1070,Lashkar-e-Taiba,1070,2025-01,2025-01-01,2025,1,60.0,India,ucdp_actor_metadata_fallback,1,0.6931471805599453,False,True,62.0,69.0,4.143134726391533,4.248495242049359,0.0,0.0,0.0,0.0,0.0,0.0,0.0,0.0,0.0,0.0,0.0,0.0,0.0,0.0,0.0,0.0,0.0,0.0,0.0,0.0,0.0,0.0,0.0,0.0,0.0,0.0,0.0,0.0,0.0,0.0,0.0,0.0,0.0,0.0,0.0,0.0,0.0,0.0,0.0,0.0,0.0,0.0,0.0,0.0,0.0,0.0,0.0,0.0,0.0,0.0,0.0,0.0,0.0
1070,1070,1070,Lashkar-e-Taiba,1070,2025-02,2025-02-01,2025,2,61.0,India,ucdp_actor_metadata_fallback,1,0.6931471805599453,False,True,69.0,67.0,4.248495242049359,4.219507705176107,0.0,0.0,0.0,0.0,0.0,0.0,0.0,0.0,0.0,0.0,0.0,0.0,0.0,0.0,0.0,0.0,0.0,0.0,0.0,0.0,0.0,0.0,0.0,0.0,0.0,0.0,0.0,0.0,0.0,0.0,0.0,0.0,0.0,0.0,0.0,0.0,0.0,0.0,0.0,0.0,0.0,0.0,0.0,0.0,0.0,0.0,0.0,0.0,0.0,0.0,0.0,0.0,0.0
1070,1070,1070,Lashkar-e-Taiba,1070,2025-03,2025-03-01,2025,3,62.0,India,ucdp_actor_metadata_fallback,1,0.6931471805599453,False,True,67.0,82.0,4.219507705176107,4.418840607796598,0.0,0.0,0.0,0.0,0.0,0.0,0.0,0.0,0.0,0.0,0.0,0.0,0.0,0.0,0.0,0.0,0.0,0.0,0.0,0.0,0.0,0.0,0.0,0.0,0.0,0.0,0.0,0.0,0.0,0.0,0.0,0.0,0.0,0.0,0.0,0.0,0.0,0.0,0.0,0.0,0.0,0.0,0.0,0.0,0.0,0.0,0.0,0.0,0.0,0.0,0.0,0.0,0.0
1070,1070,1070,Lashkar-e-Taiba,1070,2025-04,2025-04-01,2025,4,63.0,India,ucdp_actor_metadata_fallback,1,0.6931471805599453,False,True,82.0,114.0,4.418840607796598,4.74493212836325,2.0,2.0,2.0,1.0,2.0,2.0,2.0,2.0,0.0,0.0,1.0,0.0,0.0,0.0,0.0,0.0,0.0,1.0,0.0,0.0,1.0,1.0986122886681098,1.0,1.0986122886681098,1.0,1.0986122886681098,1.0,1.0986122886681098,0.0,0.0,0.0,0.0,0.5,0.6931471805599453,0.0,0.0,0.0,0.0,0.0,0.0,0.0,0.0,0.0,0.0,0.0,0.0,0.5,0.6931471805599453,0.0,0.0,0.0,0.0,1.0986122886681098
1070,1070,1070,Lashkar-e-Taiba,1070,2025-05,2025-05-01,2025,5,64.0,India,ucdp_actor_metadata_fallback,1,0.6931471805599453,False,True,114.0,35.0,4.74493212836325,3.58351893845611,11.0,11.0,11.0,1.0,11.0,11.0,11.0,11.0,8.0,0.0,11.0,0.0,0.0,0.0,0.0,0.0,0.0,0.0,0.0,0.0,1.0,2.4849066497880004,1.0,2.4849066497880004,1.0,2.4849066497880004,1.0,2.4849066497880004,0.7272727272727273,2.1972245773362196,0.0,0.0,1.0,2.4849066497880004,0.0,0.0,0.0,0.0,0.0,0.0,0.0,0.0,0.0,0.0,0.0,0.0,0.0,0.0,0.0,0.0,0.0,0.0,2.4849066497880004
1070,1070,1070,Lashkar-e-Taiba,1070,2025-06,2025-06-01,2025,6,65.0,India,ucdp_actor_metadata_fallback,1,0.6931471805599453,False,True,35.0,27.0,3.58351893845611,3.332204510175204,0.0,0.0,0.0,0.0,0.0,0.0,0.0,0.0,0.0,0.0,0.0,0.0,0.0,0.0,0.0,0.0,0.0,0.0,0.0,0.0,0.0,0.0,0.0,0.0,0.0,0.0,0.0,0.0,0.0,0.0,0.0,0.0,0.0,0.0,0.0,0.0,0.0,0.0,0.0,0.0,0.0,0.0,0.0,0.0,0.0,0.0,0.0,0.0,0.0,0.0,0.0,0.0,0.0
1070,1070,1070,Lashkar-e-Taiba,1070,2025-07,2025-07-01,2025,7,66.0,India,ucdp_actor_metadata_fallback,1,0.6931471805599453,False,True,27.0,24.0,3.332204510175204,3.2188758248682006,0.0,0.0,0.0,0.0,0.0,0.0,0.0,0.0,0.0,0.0,0.0,0.0,0.0,0.0,0.0,0.0,0.0,0.0,0.0,0.0,0.0,0.0,0.0,0.0,0.0,0.0,0.0,0.0,0.0,0.0,0.0,0.0,0.0,0.0,0.0,0.0,0.0,0.0,0.0,0.0,0.0,0.0,0.0,0.0,0.0,0.0,0.0,0.0,0.0,0.0,0.0,0.0,0.0
1070,1070,1070,Lashkar-e-Taiba,1070,2025-08,2025-08-01,2025,8,67.0,India,ucdp_actor_metadata_fallback,1,0.6931471805599453,False,True,24.0,52.0,3.2188758248682006,3.970291913552122,1.0,1.0,1.0,1.0,1.0,1.0,1.0,1.0,1.0,0.0,1.0,0.0,0.0,0.0,0.0,0.0,0.0,0.0,0.0,0.0,1.0,0.6931471805599453,1.0,0.6931471805599453,1.0,0.6931471805599453,1.0,0.6931471805599453,1.0,0.6931471805599453,0.0,0.0,1.0,0.6931471805599453,0.0,0.0,0.0,0.0,0.0,0.0,0.0,0.0,0.0,0.0,0.0,0.0,0.0,0.0,0.0,0.0,0.0,0.0,0.6931471805599453
1070,1070,1070,Lashkar-e-Taiba,1070,2025-09,2025-09-01,2025,9,68.0,India,ucdp_actor_metadata_fallback,1,0.6931471805599453,False,True,52.0,15.0,3.970291913552122,2.772588722239781,0.0,0.0,0.0,0.0,0.0,0.0,0.0,0.0,0.0,0.0,0.0,0.0,0.0,0.0,0.0,0.0,0.0,0.0,0.0,0.0,0.0,0.0,0.0,0.0,0.0,0.0,0.0,0.0,0.0,0.0,0.0,0.0,0.0,0.0,0.0,0.0,0.0,0.0,0.0,0.0,0.0,0.0,0.0,0.0,0.0,0.0,0.0,0.0,0.0,0.0,0.0,0.0,0.0
1070,1070,1070,Lashkar-e-Taiba,1070,2025-10,2025-10-01,2025,10,69.0,India,ucdp_actor_metadata_fallback,1,0.6931471805599453,False,True,15.0,41.0,2.772588722239781,3.7376696182833684,0.0,0.0,0.0,0.0,0.0,0.0,0.0,0.0,0.0,0.0,0.0,0.0,0.0,0.0,0.0,0.0,0.0,0.0,0.0,0.0,0.0,0.0,0.0,0.0,0.0,0.0,0.0,0.0,0.0,0.0,0.0,0.0,0.0,0.0,0.0,0.0,0.0,0.0,0.0,0.0,0.0,0.0,0.0,0.0,0.0,0.0,0.0,0.0,0.0,0.0,0.0,0.0,0.0
1070,1070,1070,Lashkar-e-Taiba,1070,2025-11,2025-11-01,2025,11,70.0,India,ucdp_actor_metadata_fallback,1,0.6931471805599453,False,True,41.0,35.0,3.7376696182833684,3.58351893845611,0.0,0.0,0.0,0.0,0.0,0.0,0.0,0.0,0.0,0.0,0.0,0.0,0.0,0.0,0.0,0.0,0.0,0.0,0.0,0.0,0.0,0.0,0.0,0.0,0.0,0.0,0.0,0.0,0.0,0.0,0.0,0.0,0.0,0.0,0.0,0.0,0.0,0.0,0.0,0.0,0.0,0.0,0.0,0.0,0.0,0.0,0.0,0.0,0.0,0.0,0.0,0.0,0.0
1070,1070,1070,Lashkar-e-Taiba,1070,2025-12,2025-12-01,2025,12,71.0,India,ucdp_actor_metadata_fallback,1,0.6931471805599453,False,False,35.0,,3.58351893845611,,0.0,0.0,0.0,0.0,0.0,0.0,0.0,0.0,0.0,0.0,0.0,0.0,0.0,0.0,0.0,0.0,0.0,0.0,0.0,0.0,0.0,0.0,0.0,0.0,0.0,0.0,0.0,0.0,0.0,0.0,0.0,0.0,0.0,0.0,0.0,0.0,0.0,0.0,0.0,0.0,0.0,0.0,0.0,0.0,0.0,0.0,0.0,0.0,0.0,0.0,0.0,0.0,0.0
276,276,276,MILF,276,2020-01,2020-01-01,2020,1,0.0,Philippines,ged_rolling_24m,1,0.6931471805599453,False,True,17.0,19.0,2.8903717578961645,2.995732273553991,0.0,0.0,0.0,0.0,0.0,0.0,0.0,0.0,0.0,0.0,0.0,0.0,0.0,0.0,0.0,0.0,0.0,0.0,0.0,0.0,0.0,0.0,0.0,0.0,0.0,0.0,0.0,0.0,0.0,0.0,0.0,0.0,0.0,0.0,0.0,0.0,0.0,0.0,0.0,0.0,0.0,0.0,0.0,0.0,0.0,0.0,0.0,0.0,0.0,0.0,0.0,0.0,0.0
276,276,276,MILF,276,2020-02,2020-02-01,2020,2,1.0,Philippines,ged_rolling_24m,1,0.6931471805599453,False,True,19.0,30.0,2.995732273553991,3.4339872044851463,0.0,0.0,0.0,0.0,0.0,0.0,0.0,0.0,0.0,0.0,0.0,0.0,0.0,0.0,0.0,0.0,0.0,0.0,0.0,0.0,0.0,0.0,0.0,0.0,0.0,0.0,0.0,0.0,0.0,0.0,0.0,0.0,0.0,0.0,0.0,0.0,0.0,0.0,0.0,0.0,0.0,0.0,0.0,0.0,0.0,0.0,0.0,0.0,0.0,0.0,0.0,0.0,0.0
276,276,276,MILF,276,2020-03,2020-03-01,2020,3,2.0,Philippines,ged_rolling_24m,1,0.6931471805599453,False,True,30.0,43.0,3.4339872044851463,3.784189633918261,0.0,0.0,0.0,0.0,0.0,0.0,0.0,0.0,0.0,0.0,0.0,0.0,0.0,0.0,0.0,0.0,0.0,0.0,0.0,0.0,0.0,0.0,0.0,0.0,0.0,0.0,0.0,0.0,0.0,0.0,0.0,0.0,0.0,0.0,0.0,0.0,0.0,0.0,0.0,0.0,0.0,0.0,0.0,0.0,0.0,0.0,0.0,0.0,0.0,0.0,0.0,0.0,0.0
276,276,276,MILF,276,2020-04,2020-04-01,2020,4,3.0,Philippines,ged_rolling_24m,1,0.6931471805599453,False,True,43.0,55.0,3.784189633918261,4.02535169073515,0.0,0.0,0.0,0.0,0.0,0.0,0.0,0.0,0.0,0.0,0.0,0.0,0.0,0.0,0.0,0.0,0.0,0.0,0.0,0.0,0.0,0.0,0.0,0.0,0.0,0.0,0.0,0.0,0.0,0.0,0.0,0.0,0.0,0.0,0.0,0.0,0.0,0.0,0.0,0.0,0.0,0.0,0.0,0.0,0.0,0.0,0.0,0.0,0.0,0.0,0.0,0.0,0.0
276,276,276,MILF,276,2020-05,2020-05-01,2020,5,4.0,Philippines,ged_rolling_24m,1,0.6931471805599453,False,True,55.0,30.0,4.02535169073515,3.4339872044851463,1.0,1.0,1.0,1.0,1.0,1.0,1.0,1.0,1.0,0.0,1.0,0.0,0.0,0.0,0.0,0.0,0.0,0.0,0.0,0.0,1.0,0.6931471805599453,1.0,0.6931471805599453,1.0,0.6931471805599453,1.0,0.6931471805599453,1.0,0.6931471805599453,0.0,0.0,1.0,0.6931471805599453,0.0,0.0,0.0,0.0,0.0,0.0,0.0,0.0,0.0,0.0,0.0,0.0,0.0,0.0,0.0,0.0,0.0,0.0,0.6931471805599453
276,276,276,MILF,276,2020-06,2020-06-01,2020,6,5.0,Philippines,ged_rolling_24m,1,0.6931471805599453,False,True,30.0,47.0,3.4339872044851463,3.871201010907891,1.0,1.0,1.0,1.0,1.0,1.0,0.0,1.0,0.0,0.0,0.0,0.0,0.0,0.0,0.0,0.0,0.0,1.0,0.0,0.0,1.0,0.6931471805599453,1.0,0.6931471805599453,0.0,0.0,1.0,0.6931471805599453,0.0,0.0,0.0,0.0,0.0,0.0,0.0,0.0,0.0,0.0,0.0,0.0,0.0,0.0,0.0,0.0,0.0,0.0,1.0,0.6931471805599453,0.0,0.0,0.0,0.0,0.6931471805599453
276,276,276,MILF,276,2020-07,2020-07-01,2020,7,6.0,Philippines,ged_rolling_24m,1,0.6931471805599453,False,True,47.0,44.0,3.871201010907891,3.8066624897703196,1.0,1.0,1.0,1.0,0.0,1.0,1.0,1.0,0.0,0.0,1.0,0.0,0.0,0.0,0.0,0.0,0.0,0.0,0.0,0.0,0.0,0.0,1.0,0.6931471805599453,1.0,0.6931471805599453,1.0,0.6931471805599453,0.0,0.0,0.0,0.0,1.0,0.6931471805599453,0.0,0.0,0.0,0.0,0.0,0.0,0.0,0.0,0.0,0.0,0.0,0.0,0.0,0.0,0.0,0.0,0.0,0.0,0.6931471805599453
276,276,276,MILF,276,2020-08,2020-08-01,2020,8,7.0,Philippines,ged_rolling_24m,1,0.6931471805599453,False,True,44.0,28.0,3.8066624897703196,3.367295829986474,0.0,0.0,0.0,0.0,0.0,0.0,0.0,0.0,0.0,0.0,0.0,0.0,0.0,0.0,0.0,0.0,0.0,0.0,0.0,0.0,0.0,0.0,0.0,0.0,0.0,0.0,0.0,0.0,0.0,0.0,0.0,0.0,0.0,0.0,0.0,0.0,0.0,0.0,0.0,0.0,0.0,0.0,0.0,0.0,0.0,0.0,0.0,0.0,0.0,0.0,0.0,0.0,0.0
276,276,276,MILF,276,2020-09,2020-09-01,2020,9,8.0,Philippines,ged_rolling_24m,1,0.6931471805599453,False,True,28.0,12.0,3.367295829986474,2.5649493574615367,0.0,0.0,0.0,0.0,0.0,0.0,0.0,0.0,0.0,0.0,0.0,0.0,0.0,0.0,0.0,0.0,0.0,0.0,0.0,0.0,0.0,0.0,0.0,0.0,0.0,0.0,0.0,0.0,0.0,0.0,0.0,0.0,0.0,0.0,0.0,0.0,0.0,0.0,0.0,0.0,0.0,0.0,0.0,0.0,0.0,0.0,0.0,0.0,0.0,0.0,0.0,0.0,0.0
276,276,276,MILF,276,2020-10,2020-10-01,2020,10,9.0,Philippines,ged_rolling_24m,1,0.6931471805599453,False,True,12.0,22.0,2.5649493574615367,3.1354942159291497,0.0,0.0,0.0,0.0,0.0,0.0,0.0,0.0,0.0,0.0,0.0,0.0,0.0,0.0,0.0,0.0,0.0,0.0,0.0,0.0,0.0,0.0,0.0,0.0,0.0,0.0,0.0,0.0,0.0,0.0,0.0,0.0,0.0,0.0,0.0,0.0,0.0,0.0,0.0,0.0,0.0,0.0,0.0,0.0,0.0,0.0,0.0,0.0,0.0,0.0,0.0,0.0,0.0
276,276,276,MILF,276,2020-11,2020-11-01,2020,11,10.0,Philippines,ged_rolling_24m,1,0.6931471805599453,False,True,22.0,29.0,3.1354942159291497,3.4011973816621555,0.0,0.0,0.0,0.0,0.0,0.0,0.0,0.0,0.0,0.0,0.0,0.0,0.0,0.0,0.0,0.0,0.0,0.0,0.0,0.0,0.0,0.0,0.0,0.0,0.0,0.0,0.0,0.0,0.0,0.0,0.0,0.0,0.0,0.0,0.0,0.0,0.0,0.0,0.0,0.0,0.0,0.0,0.0,0.0,0.0,0.0,0.0,0.0,0.0,0.0,0.0,0.0,0.0
276,276,276,MILF,276,2020-12,2020-12-01,2020,12,11.0,Philippines,ged_rolling_24m,1,0.6931471805599453,False,True,29.0,21.0,3.4011973816621555,3.091042453358316,0.0,0.0,0.0,0.0,0.0,0.0,0.0,0.0,0.0,0.0,0.0,0.0,0.0,0.0,0.0,0.0,0.0,0.0,0.0,0.0,0.0,0.0,0.0,0.0,0.0,0.0,0.0,0.0,0.0,0.0,0.0,0.0,0.0,0.0,0.0,0.0,0.0,0.0,0.0,0.0,0.0,0.0,0.0,0.0,0.0,0.0,0.0,0.0,0.0,0.0,0.0,0.0,0.0
276,276,276,MILF,276,2021-01,2021-01-01,2021,1,12.0,Philippines,ged_rolling_24m,1,0.6931471805599453,False,True,21.0,16.0,3.091042453358316,2.833213344056216,1.0,1.0,1.0,1.0,1.0,1.0,1.0,1.0,1.0,0.0,1.0,0.0,0.0,0.0,0.0,0.0,0.0,0.0,0.0,0.0,1.0,0.6931471805599453,1.0,0.6931471805599453,1.0,0.6931471805599453,1.0,0.6931471805599453,1.0,0.6931471805599453,0.0,0.0,1.0,0.6931471805599453,0.0,0.0,0.0,0.0,0.0,0.0,0.0,0.0,0.0,0.0,0.0,0.0,0.0,0.0,0.0,0.0,0.0,0.0,0.6931471805599453
276,276,276,MILF,276,2021-02,2021-02-01,2021,2,13.0,Philippines,ged_rolling_24m,1,0.6931471805599453,False,True,16.0,43.0,2.833213344056216,3.784189633918261,0.0,0.0,0.0,0.0,0.0,0.0,0.0,0.0,0.0,0.0,0.0,0.0,0.0,0.0,0.0,0.0,0.0,0.0,0.0,0.0,0.0,0.0,0.0,0.0,0.0,0.0,0.0,0.0,0.0,0.0,0.0,0.0,0.0,0.0,0.0,0.0,0.0,0.0,0.0,0.0,0.0,0.0,0.0,0.0,0.0,0.0,0.0,0.0,0.0,0.0,0.0,0.0,0.0
276,276,276,MILF,276,2021-03,2021-03-01,2021,3,14.0,Philippines,ged_rolling_24m,1,0.6931471805599453,False,True,43.0,24.0,3.784189633918261,3.2188758248682006,1.0,1.0,1.0,1.0,1.0,1.0,0.0,0.0,1.0,0.0,0.0,0.0,0.0,0.0,0.0,0.0,0.0,1.0,0.0,0.0,1.0,0.6931471805599453,1.0,0.6931471805599453,0.0,0.0,0.0,0.0,1.0,0.6931471805599453,0.0,0.0,0.0,0.0,0.0,0.0,0.0,0.0,0.0,0.0,0.0,0.0,0.0,0.0,0.0,0.0,1.0,0.6931471805599453,0.0,0.0,0.0,0.0,0.6931471805599453
276,276,276,MILF,276,2021-04,2021-04-01,2021,4,15.0,Philippines,ged_rolling_24m,1,0.6931471805599453,False,True,24.0,30.0,3.2188758248682006,3.4339872044851463,0.0,0.0,0.0,0.0,0.0,0.0,0.0,0.0,0.0,0.0,0.0,0.0,0.0,0.0,0.0,0.0,0.0,0.0,0.0,0.0,0.0,0.0,0.0,0.0,0.0,0.0,0.0,0.0,0.0,0.0,0.0,0.0,0.0,0.0,0.0,0.0,0.0,0.0,0.0,0.0,0.0,0.0,0.0,0.0,0.0,0.0,0.0,0.0,0.0,0.0,0.0,0.0,0.0
276,276,276,MILF,276,2021-05,2021-05-01,2021,5,16.0,Philippines,ged_rolling_24m,1,0.6931471805599453,False,True,30.0,26.0,3.4339872044851463,3.295836866004329,1.0,1.0,1.0,1.0,1.0,1.0,1.0,1.0,1.0,0.0,0.0,0.0,0.0,0.0,0.0,0.0,0.0,1.0,0.0,0.0,1.0,0.6931471805599453,1.0,0.6931471805599453,1.0,0.6931471805599453,1.0,0.6931471805599453,1.0,0.6931471805599453,0.0,0.0,0.0,0.0,0.0,0.0,0.0,0.0,0.0,0.0,0.0,0.0,0.0,0.0,0.0,0.0,1.0,0.6931471805599453,0.0,0.0,0.0,0.0,0.6931471805599453
276,276,276,MILF,276,2021-06,2021-06-01,2021,6,17.0,Philippines,ged_rolling_24m,1,0.6931471805599453,False,True,26.0,14.0,3.295836866004329,2.70805020110221,0.0,0.0,0.0,0.0,0.0,0.0,0.0,0.0,0.0,0.0,0.0,0.0,0.0,0.0,0.0,0.0,0.0,0.0,0.0,0.0,0.0,0.0,0.0,0.0,0.0,0.0,0.0,0.0,0.0,0.0,0.0,0.0,0.0,0.0,0.0,0.0,0.0,0.0,0.0,0.0,0.0,0.0,0.0,0.0,0.0,0.0,0.0,0.0,0.0,0.0,0.0,0.0,0.0
276,276,276,MILF,276,2021-07,2021-07-01,2021,7,18.0,Philippines,ged_rolling_24m,1,0.6931471805599453,False,True,14.0,39.0,2.70805020110221,3.6888794541139363,0.0,0.0,0.0,0.0,0.0,0.0,0.0,0.0,0.0,0.0,0.0,0.0,0.0,0.0,0.0,0.0,0.0,0.0,0.0,0.0,0.0,0.0,0.0,0.0,0.0,0.0,0.0,0.0,0.0,0.0,0.0,0.0,0.0,0.0,0.0,0.0,0.0,0.0,0.0,0.0,0.0,0.0,0.0,0.0,0.0,0.0,0.0,0.0,0.0,0.0,0.0,0.0,0.0
276,276,276,MILF,276,2021-08,2021-08-01,2021,8,19.0,Philippines,ged_rolling_24m,1,0.6931471805599453,False,True,39.0,40.0,3.6888794541139363,3.713572066704308,0.0,0.0,0.0,0.0,0.0,0.0,0.0,0.0,0.0,0.0,0.0,0.0,0.0,0.0,0.0,0.0,0.0,0.0,0.0,0.0,0.0,0.0,0.0,0.0,0.0,0.0,0.0,0.0,0.0,0.0,0.0,0.0,0.0,0.0,0.0,0.0,0.0,0.0,0.0,0.0,0.0,0.0,0.0,0.0,0.0,0.0,0.0,0.0,0.0,0.0,0.0,0.0,0.0
276,276,276,MILF,276,2021-09,2021-09-01,2021,9,20.0,Philippines,ged_rolling_24m,1,0.6931471805599453,False,True,40.0,13.0,3.713572066704308,2.6390573296152584,0.0,0.0,0.0,0.0,0.0,0.0,0.0,0.0,0.0,0.0,0.0,0.0,0.0,0.0,0.0,0.0,0.0,0.0,0.0,0.0,0.0,0.0,0.0,0.0,0.0,0.0,0.0,0.0,0.0,0.0,0.0,0.0,0.0,0.0,0.0,0.0,0.0,0.0,0.0,0.0,0.0,0.0,0.0,0.0,0.0,0.0,0.0,0.0,0.0,0.0,0.0,0.0,0.0
276,276,276,MILF,276,2021-10,2021-10-01,2021,10,21.0,Philippines,ged_rolling_24m,1,0.6931471805599453,False,True,13.0,7.0,2.6390573296152584,2.0794415416798357,0.0,0.0,0.0,0.0,0.0,0.0,0.0,0.0,0.0,0.0,0.0,0.0,0.0,0.0,0.0,0.0,0.0,0.0,0.0,0.0,0.0,0.0,0.0,0.0,0.0,0.0,0.0,0.0,0.0,0.0,0.0,0.0,0.0,0.0,0.0,0.0,0.0,0.0,0.0,0.0,0.0,0.0,0.0,0.0,0.0,0.0,0.0,0.0,0.0,0.0,0.0,0.0,0.0
276,276,276,MILF,276,2021-11,2021-11-01,2021,11,22.0,Philippines,ged_rolling_24m,1,0.6931471805599453,False,True,7.0,37.0,2.0794415416798357,3.6375861597263857,0.0,0.0,0.0,0.0,0.0,0.0,0.0,0.0,0.0,0.0,0.0,0.0,0.0,0.0,0.0,0.0,0.0,0.0,0.0,0.0,0.0,0.0,0.0,0.0,0.0,0.0,0.0,0.0,0.0,0.0,0.0,0.0,0.0,0.0,0.0,0.0,0.0,0.0,0.0,0.0,0.0,0.0,0.0,0.0,0.0,0.0,0.0,0.0,0.0,0.0,0.0,0.0,0.0
276,276,276,MILF,276,2021-12,2021-12-01,2021,12,23.0,Philippines,ged_rolling_24m,1,0.6931471805599453,False,True,37.0,18.0,3.6375861597263857,2.9444389791664403,0.0,0.0,0.0,0.0,0.0,0.0,0.0,0.0,0.0,0.0,0.0,0.0,0.0,0.0,0.0,0.0,0.0,0.0,0.0,0.0,0.0,0.0,0.0,0.0,0.0,0.0,0.0,0.0,0.0,0.0,0.0,0.0,0.0,0.0,0.0,0.0,0.0,0.0,0.0,0.0,0.0,0.0,0.0,0.0,0.0,0.0,0.0,0.0,0.0,0.0,0.0,0.0,0.0
276,276,276,MILF,276,2022-01,2022-01-01,2022,1,24.0,Philippines,ged_rolling_24m,1,0.6931471805599453,False,True,18.0,22.0,2.9444389791664403,3.1354942159291497,0.0,0.0,0.0,0.0,0.0,0.0,0.0,0.0,0.0,0.0,0.0,0.0,0.0,0.0,0.0,0.0,0.0,0.0,0.0,0.0,0.0,0.0,0.0,0.0,0.0,0.0,0.0,0.0,0.0,0.0,0.0,0.0,0.0,0.0,0.0,0.0,0.0,0.0,0.0,0.0,0.0,0.0,0.0,0.0,0.0,0.0,0.0,0.0,0.0,0.0,0.0,0.0,0.0
276,276,276,MILF,276,2022-02,2022-02-01,2022,2,25.0,Philippines,ged_rolling_24m,1,0.6931471805599453,False,True,22.0,23.0,3.1354942159291497,3.1780538303479458,1.0,1.0,1.0,1.0,1.0,1.0,1.0,1.0,1.0,0.0,1.0,0.0,0.0,0.0,0.0,0.0,0.0,0.0,0.0,0.0,1.0,0.6931471805599453,1.0,0.6931471805599453,1.0,0.6931471805599453,1.0,0.6931471805599453,1.0,0.6931471805599453,0.0,0.0,1.0,0.6931471805599453,0.0,0.0,0.0,0.0,0.0,0.0,0.0,0.0,0.0,0.0,0.0,0.0,0.0,0.0,0.0,0.0,0.0,0.0,0.6931471805599453
276,276,276,MILF,276,2022-03,2022-03-01,2022,3,26.0,Philippines,ged_rolling_24m,1,0.6931471805599453,False,True,23.0,37.0,3.1780538303479458,3.6375861597263857,0.0,0.0,0.0,0.0,0.0,0.0,0.0,0.0,0.0,0.0,0.0,0.0,0.0,0.0,0.0,0.0,0.0,0.0,0.0,0.0,0.0,0.0,0.0,0.0,0.0,0.0,0.0,0.0,0.0,0.0,0.0,0.0,0.0,0.0,0.0,0.0,0.0,0.0,0.0,0.0,0.0,0.0,0.0,0.0,0.0,0.0,0.0,0.0,0.0,0.0,0.0,0.0,0.0
276,276,276,MILF,276,2022-04,2022-04-01,2022,4,27.0,Philippines,ged_rolling_24m,1,0.6931471805599453,False,True,37.0,12.0,3.6375861597263857,2.5649493574615367,0.0,0.0,0.0,0.0,0.0,0.0,0.0,0.0,0.0,0.0,0.0,0.0,0.0,0.0,0.0,0.0,0.0,0.0,0.0,0.0,0.0,0.0,0.0,0.0,0.0,0.0,0.0,0.0,0.0,0.0,0.0,0.0,0.0,0.0,0.0,0.0,0.0,0.0,0.0,0.0,0.0,0.0,0.0,0.0,0.0,0.0,0.0,0.0,0.0,0.0,0.0,0.0,0.0
276,276,276,MILF,276,2022-05,2022-05-01,2022,5,28.0,Philippines,ged_rolling_24m,1,0.6931471805599453,False,True,12.0,19.0,2.5649493574615367,2.995732273553991,0.0,0.0,0.0,0.0,0.0,0.0,0.0,0.0,0.0,0.0,0.0,0.0,0.0,0.0,0.0,0.0,0.0,0.0,0.0,0.0,0.0,0.0,0.0,0.0,0.0,0.0,0.0,0.0,0.0,0.0,0.0,0.0,0.0,0.0,0.0,0.0,0.0,0.0,0.0,0.0,0.0,0.0,0.0,0.0,0.0,0.0,0.0,0.0,0.0,0.0,0.0,0.0,0.0
276,276,276,MILF,276,2022-06,2022-06-01,2022,6,29.0,Philippines,ged_rolling_24m,1,0.6931471805599453,False,True,19.0,20.0,2.995732273553991,3.044522437723423,0.0,0.0,0.0,0.0,0.0,0.0,0.0,0.0,0.0,0.0,0.0,0.0,0.0,0.0,0.0,0.0,0.0,0.0,0.0,0.0,0.0,0.0,0.0,0.0,0.0,0.0,0.0,0.0,0.0,0.0,0.0,0.0,0.0,0.0,0.0,0.0,0.0,0.0,0.0,0.0,0.0,0.0,0.0,0.0,0.0,0.0,0.0,0.0,0.0,0.0,0.0,0.0,0.0
276,276,276,MILF,276,2022-07,2022-07-01,2022,7,30.0,Philippines,ged_rolling_24m,1,0.6931471805599453,False,True,20.0,22.0,3.044522437723423,3.1354942159291497,0.0,0.0,0.0,0.0,0.0,0.0,0.0,0.0,0.0,0.0,0.0,0.0,0.0,0.0,0.0,0.0,0.0,0.0,0.0,0.0,0.0,0.0,0.0,0.0,0.0,0.0,0.0,0.0,0.0,0.0,0.0,0.0,0.0,0.0,0.0,0.0,0.0,0.0,0.0,0.0,0.0,0.0,0.0,0.0,0.0,0.0,0.0,0.0,0.0,0.0,0.0,0.0,0.0
276,276,276,MILF,276,2022-08,2022-08-01,2022,8,31.0,Philippines,ged_rolling_24m,1,0.6931471805599453,False,True,22.0,13.0,3.1354942159291497,2.6390573296152584,0.0,0.0,0.0,0.0,0.0,0.0,0.0,0.0,0.0,0.0,0.0,0.0,0.0,0.0,0.0,0.0,0.0,0.0,0.0,0.0,0.0,0.0,0.0,0.0,0.0,0.0,0.0,0.0,0.0,0.0,0.0,0.0,0.0,0.0,0.0,0.0,0.0,0.0,0.0,0.0,0.0,0.0,0.0,0.0,0.0,0.0,0.0,0.0,0.0,0.0,0.0,0.0,0.0
276,276,276,MILF,276,2022-09,2022-09-01,2022,9,32.0,Philippines,ged_rolling_24m,1,0.6931471805599453,False,True,13.0,23.0,2.6390573296152584,3.1780538303479458,0.0,0.0,0.0,0.0,0.0,0.0,0.0,0.0,0.0,0.0,0.0,0.0,0.0,0.0,0.0,0.0,0.0,0.0,0.0,0.0,0.0,0.0,0.0,0.0,0.0,0.0,0.0,0.0,0.0,0.0,0.0,0.0,0.0,0.0,0.0,0.0,0.0,0.0,0.0,0.0,0.0,0.0,0.0,0.0,0.0,0.0,0.0,0.0,0.0,0.0,0.0,0.0,0.0
276,276,276,MILF,276,2022-10,2022-10-01,2022,10,33.0,Philippines,ged_rolling_24m,1,0.6931471805599453,False,True,23.0,39.0,3.1780538303479458,3.6888794541139363,0.0,0.0,0.0,0.0,0.0,0.0,0.0,0.0,0.0,0.0,0.0,0.0,0.0,0.0,0.0,0.0,0.0,0.0,0.0,0.0,0.0,0.0,0.0,0.0,0.0,0.0,0.0,0.0,0.0,0.0,0.0,0.0,0.0,0.0,0.0,0.0,0.0,0.0,0.0,0.0,0.0,0.0,0.0,0.0,0.0,0.0,0.0,0.0,0.0,0.0,0.0,0.0,0.0
276,276,276,MILF,276,2022-11,2022-11-01,2022,11,34.0,Philippines,ged_rolling_24m,1,0.6931471805599453,False,True,39.0,0.0,3.6888794541139363,0.0,0.0,0.0,0.0,0.0,0.0,0.0,0.0,0.0,0.0,0.0,0.0,0.0,0.0,0.0,0.0,0.0,0.0,0.0,0.0,0.0,0.0,0.0,0.0,0.0,0.0,0.0,0.0,0.0,0.0,0.0,0.0,0.0,0.0,0.0,0.0,0.0,0.0,0.0,0.0,0.0,0.0,0.0,0.0,0.0,0.0,0.0,0.0,0.0,0.0,0.0,0.0,0.0,0.0
276,276,276,MILF,276,2022-12,2022-12-01,2022,12,35.0,Philippines,ged_rolling_24m,1,0.6931471805599453,False,True,0.0,20.0,0.0,3.044522437723423,0.0,0.0,0.0,0.0,0.0,0.0,0.0,0.0,0.0,0.0,0.0,0.0,0.0,0.0,0.0,0.0,0.0,0.0,0.0,0.0,0.0,0.0,0.0,0.0,0.0,0.0,0.0,0.0,0.0,0.0,0.0,0.0,0.0,0.0,0.0,0.0,0.0,0.0,0.0,0.0,0.0,0.0,0.0,0.0,0.0,0.0,0.0,0.0,0.0,0.0,0.0,0.0,0.0
276,276,276,MILF,276,2023-01,2023-01-01,2023,1,36.0,Philippines,ged_rolling_24m,1,0.6931471805599453,False,True,20.0,32.0,3.044522437723423,3.4965075614664802,0.0,0.0,0.0,0.0,0.0,0.0,0.0,0.0,0.0,0.0,0.0,0.0,0.0,0.0,0.0,0.0,0.0,0.0,0.0,0.0,0.0,0.0,0.0,0.0,0.0,0.0,0.0,0.0,0.0,0.0,0.0,0.0,0.0,0.0,0.0,0.0,0.0,0.0,0.0,0.0,0.0,0.0,0.0,0.0,0.0,0.0,0.0,0.0,0.0,0.0,0.0,0.0,0.0
276,276,276,MILF,276,2023-02,2023-02-01,2023,2,37.0,Philippines,ged_rolling_24m,1,0.6931471805599453,False,True,32.0,33.0,3.4965075614664802,3.5263605246161616,0.0,0.0,0.0,0.0,0.0,0.0,0.0,0.0,0.0,0.0,0.0,0.0,0.0,0.0,0.0,0.0,0.0,0.0,0.0,0.0,0.0,0.0,0.0,0.0,0.0,0.0,0.0,0.0,0.0,0.0,0.0,0.0,0.0,0.0,0.0,0.0,0.0,0.0,0.0,0.0,0.0,0.0,0.0,0.0,0.0,0.0,0.0,0.0,0.0,0.0,0.0,0.0,0.0
276,276,276,MILF,276,2023-03,2023-03-01,2023,3,38.0,Philippines,ged_rolling_24m,1,0.6931471805599453,False,True,33.0,24.0,3.5263605246161616,3.2188758248682006,1.0,1.0,1.0,1.0,1.0,1.0,1.0,1.0,1.0,0.0,1.0,0.0,0.0,0.0,0.0,0.0,0.0,0.0,0.0,0.0,1.0,0.6931471805599453,1.0,0.6931471805599453,1.0,0.6931471805599453,1.0,0.6931471805599453,1.0,0.6931471805599453,0.0,0.0,1.0,0.6931471805599453,0.0,0.0,0.0,0.0,0.0,0.0,0.0,0.0,0.0,0.0,0.0,0.0,0.0,0.0,0.0,0.0,0.0,0.0,0.6931471805599453
276,276,276,MILF,276,2023-04,2023-04-01,2023,4,39.0,Philippines,ged_rolling_24m,1,0.6931471805599453,False,True,24.0,22.0,3.2188758248682006,3.1354942159291497,3.0,3.0,3.0,1.0,2.0,2.0,2.0,2.0,2.0,0.0,2.0,0.0,0.0,0.0,1.0,0.0,0.0,0.0,0.0,0.0,0.6666666666666666,1.0986122886681098,0.6666666666666666,1.0986122886681098,0.6666666666666666,1.0986122886681098,0.6666666666666666,1.0986122886681098,0.6666666666666666,1.0986122886681098,0.0,0.0,0.6666666666666666,1.0986122886681098,0.0,0.0,0.0,0.0,0.0,0.0,0.3333333333333333,0.6931471805599453,0.0,0.0,0.0,0.0,0.0,0.0,0.0,0.0,0.0,0.0,1.3862943611198906
276,276,276,MILF,276,2023-05,2023-05-01,2023,5,40.0,Philippines,ged_rolling_24m,1,0.6931471805599453,False,True,22.0,15.0,3.1354942159291497,2.772588722239781,1.0,1.0,1.0,1.0,1.0,1.0,0.0,1.0,0.0,0.0,1.0,0.0,0.0,0.0,0.0,0.0,0.0,0.0,0.0,0.0,1.0,0.6931471805599453,1.0,0.6931471805599453,0.0,0.0,1.0,0.6931471805599453,0.0,0.0,0.0,0.0,1.0,0.6931471805599453,0.0,0.0,0.0,0.0,0.0,0.0,0.0,0.0,0.0,0.0,0.0,0.0,0.0,0.0,0.0,0.0,0.0,0.0,0.6931471805599453
276,276,276,MILF,276,2023-06,2023-06-01,2023,6,41.0,Philippines,ged_rolling_24m,1,0.6931471805599453,False,True,15.0,11.0,2.772588722239781,2.4849066497880004,1.0,1.0,1.0,1.0,1.0,1.0,1.0,1.0,1.0,0.0,1.0,0.0,0.0,0.0,0.0,0.0,0.0,0.0,0.0,0.0,1.0,0.6931471805599453,1.0,0.6931471805599453,1.0,0.6931471805599453,1.0,0.6931471805599453,1.0,0.6931471805599453,0.0,0.0,1.0,0.6931471805599453,0.0,0.0,0.0,0.0,0.0,0.0,0.0,0.0,0.0,0.0,0.0,0.0,0.0,0.0,0.0,0.0,0.0,0.0,0.6931471805599453
276,276,276,MILF,276,2023-07,2023-07-01,2023,7,42.0,Philippines,ged_rolling_24m,1,0.6931471805599453,False,True,11.0,14.0,2.4849066497880004,2.70805020110221,1.0,1.0,1.0,1.0,1.0,1.0,1.0,1.0,0.0,0.0,0.0,0.0,0.0,0.0,0.0,0.0,0.0,1.0,0.0,0.0,1.0,0.6931471805599453,1.0,0.6931471805599453,1.0,0.6931471805599453,1.0,0.6931471805599453,0.0,0.0,0.0,0.0,0.0,0.0,0.0,0.0,0.0,0.0,0.0,0.0,0.0,0.0,0.0,0.0,0.0,0.0,1.0,0.6931471805599453,0.0,0.0,0.0,0.0,0.6931471805599453
276,276,276,MILF,276,2023-08,2023-08-01,2023,8,43.0,Philippines,ged_rolling_24m,1,0.6931471805599453,False,True,14.0,26.0,2.70805020110221,3.295836866004329,1.0,1.0,1.0,1.0,1.0,1.0,0.0,1.0,1.0,0.0,1.0,0.0,0.0,0.0,0.0,0.0,0.0,0.0,0.0,0.0,1.0,0.6931471805599453,1.0,0.6931471805599453,0.0,0.0,1.0,0.6931471805599453,1.0,0.6931471805599453,0.0,0.0,1.0,0.6931471805599453,0.0,0.0,0.0,0.0,0.0,0.0,0.0,0.0,0.0,0.0,0.0,0.0,0.0,0.0,0.0,0.0,0.0,0.0,0.6931471805599453
276,276,276,MILF,276,2023-09,2023-09-01,2023,9,44.0,Philippines,ged_rolling_24m,1,0.6931471805599453,False,True,26.0,1.0,3.295836866004329,0.6931471805599453,2.0,2.0,2.0,1.0,1.0,2.0,1.0,2.0,1.0,0.0,1.0,0.0,0.0,0.0,0.0,0.0,0.0,1.0,0.0,0.0,0.5,0.6931471805599453,1.0,1.0986122886681098,0.5,0.6931471805599453,1.0,1.0986122886681098,0.5,0.6931471805599453,0.0,0.0,0.5,0.6931471805599453,0.0,0.0,0.0,0.0,0.0,0.0,0.0,0.0,0.0,0.0,0.0,0.0,0.5,0.6931471805599453,0.0,0.0,0.0,0.0,1.0986122886681098
276,276,276,MILF,276,2023-10,2023-10-01,2023,10,45.0,Philippines,ged_rolling_24m,1,0.6931471805599453,False,True,1.0,8.0,0.6931471805599453,2.1972245773362196,2.0,2.0,2.0,1.0,1.0,2.0,0.0,2.0,1.0,0.0,1.0,0.0,0.0,0.0,0.0,0.0,0.0,1.0,0.0,0.0,0.5,0.6931471805599453,1.0,1.0986122886681098,0.0,0.0,1.0,1.0986122886681098,0.5,0.6931471805599453,0.0,0.0,0.5,0.6931471805599453,0.0,0.0,0.0,0.0,0.0,0.0,0.0,0.0,0.0,0.0,0.0,0.0,0.5,0.6931471805599453,0.0,0.0,0.0,0.0,1.0986122886681098
276,276,276,MILF,276,2023-11,2023-11-01,2023,11,46.0,Philippines,ged_rolling_24m,1,0.6931471805599453,False,True,8.0,63.0,2.1972245773362196,4.1588830833596715,0.0,0.0,0.0,0.0,0.0,0.0,0.0,0.0,0.0,0.0,0.0,0.0,0.0,0.0,0.0,0.0,0.0,0.0,0.0,0.0,0.0,0.0,0.0,0.0,0.0,0.0,0.0,0.0,0.0,0.0,0.0,0.0,0.0,0.0,0.0,0.0,0.0,0.0,0.0,0.0,0.0,0.0,0.0,0.0,0.0,0.0,0.0,0.0,0.0,0.0,0.0,0.0,0.0
276,276,276,MILF,276,2023-12,2023-12-01,2023,12,47.0,Philippines,ged_rolling_24m,1,0.6931471805599453,False,True,63.0,22.0,4.1588830833596715,3.1354942159291497,2.0,2.0,2.0,1.0,2.0,2.0,2.0,2.0,1.0,0.0,2.0,0.0,0.0,0.0,0.0,0.0,0.0,0.0,0.0,0.0,1.0,1.0986122886681098,1.0,1.0986122886681098,1.0,1.0986122886681098,1.0,1.0986122886681098,0.5,0.6931471805599453,0.0,0.0,1.0,1.0986122886681098,0.0,0.0,0.0,0.0,0.0,0.0,0.0,0.0,0.0,0.0,0.0,0.0,0.0,0.0,0.0,0.0,0.0,0.0,1.0986122886681098
276,276,276,MILF,276,2024-01,2024-01-01,2024,1,48.0,Philippines,ged_rolling_24m,1,0.6931471805599453,False,True,22.0,28.0,3.1354942159291497,3.367295829986474,1.0,1.0,1.0,1.0,1.0,1.0,1.0,1.0,1.0,0.0,1.0,0.0,0.0,0.0,0.0,0.0,0.0,0.0,0.0,0.0,1.0,0.6931471805599453,1.0,0.6931471805599453,1.0,0.6931471805599453,1.0,0.6931471805599453,1.0,0.6931471805599453,0.0,0.0,1.0,0.6931471805599453,0.0,0.0,0.0,0.0,0.0,0.0,0.0,0.0,0.0,0.0,0.0,0.0,0.0,0.0,0.0,0.0,0.0,0.0,0.6931471805599453
276,276,276,MILF,276,2024-02,2024-02-01,2024,2,49.0,Philippines,ged_rolling_24m,1,0.6931471805599453,False,True,28.0,14.0,3.367295829986474,2.70805020110221,0.0,0.0,0.0,0.0,0.0,0.0,0.0,0.0,0.0,0.0,0.0,0.0,0.0,0.0,0.0,0.0,0.0,0.0,0.0,0.0,0.0,0.0,0.0,0.0,0.0,0.0,0.0,0.0,0.0,0.0,0.0,0.0,0.0,0.0,0.0,0.0,0.0,0.0,0.0,0.0,0.0,0.0,0.0,0.0,0.0,0.0,0.0,0.0,0.0,0.0,0.0,0.0,0.0
276,276,276,MILF,276,2024-03,2024-03-01,2024,3,50.0,Philippines,ged_rolling_24m,1,0.6931471805599453,False,True,14.0,33.0,2.70805020110221,3.5263605246161616,1.0,1.0,1.0,1.0,1.0,1.0,1.0,1.0,1.0,0.0,0.0,0.0,0.0,0.0,0.0,1.0,0.0,0.0,0.0,0.0,1.0,0.6931471805599453,1.0,0.6931471805599453,1.0,0.6931471805599453,1.0,0.6931471805599453,1.0,0.6931471805599453,0.0,0.0,0.0,0.0,0.0,0.0,0.0,0.0,0.0,0.0,0.0,0.0,1.0,0.6931471805599453,0.0,0.0,0.0,0.0,0.0,0.0,0.0,0.0,0.6931471805599453
276,276,276,MILF,276,2024-04,2024-04-01,2024,4,51.0,Philippines,ged_rolling_24m,1,0.6931471805599453,False,True,33.0,17.0,3.5263605246161616,2.8903717578961645,1.0,1.0,1.0,1.0,1.0,1.0,1.0,1.0,0.0,0.0,1.0,0.0,0.0,0.0,0.0,0.0,0.0,0.0,0.0,0.0,1.0,0.6931471805599453,1.0,0.6931471805599453,1.0,0.6931471805599453,1.0,0.6931471805599453,0.0,0.0,0.0,0.0,1.0,0.6931471805599453,0.0,0.0,0.0,0.0,0.0,0.0,0.0,0.0,0.0,0.0,0.0,0.0,0.0,0.0,0.0,0.0,0.0,0.0,0.6931471805599453
276,276,276,MILF,276,2024-05,2024-05-01,2024,5,52.0,Philippines,ged_rolling_24m,1,0.6931471805599453,False,True,17.0,18.0,2.8903717578961645,2.9444389791664403,1.0,1.0,1.0,1.0,1.0,1.0,1.0,1.0,1.0,0.0,1.0,0.0,0.0,0.0,0.0,0.0,0.0,0.0,0.0,0.0,1.0,0.6931471805599453,1.0,0.6931471805599453,1.0,0.6931471805599453,1.0,0.6931471805599453,1.0,0.6931471805599453,0.0,0.0,1.0,0.6931471805599453,0.0,0.0,0.0,0.0,0.0,0.0,0.0,0.0,0.0,0.0,0.0,0.0,0.0,0.0,0.0,0.0,0.0,0.0,0.6931471805599453
276,276,276,MILF,276,2024-06,2024-06-01,2024,6,53.0,Philippines,ged_rolling_24m,1,0.6931471805599453,False,True,18.0,7.0,2.9444389791664403,2.0794415416798357,0.0,0.0,0.0,0.0,0.0,0.0,0.0,0.0,0.0,0.0,0.0,0.0,0.0,0.0,0.0,0.0,0.0,0.0,0.0,0.0,0.0,0.0,0.0,0.0,0.0,0.0,0.0,0.0,0.0,0.0,0.0,0.0,0.0,0.0,0.0,0.0,0.0,0.0,0.0,0.0,0.0,0.0,0.0,0.0,0.0,0.0,0.0,0.0,0.0,0.0,0.0,0.0,0.0
276,276,276,MILF,276,2024-07,2024-07-01,2024,7,54.0,Philippines,ged_rolling_24m,1,0.6931471805599453,False,True,7.0,16.0,2.0794415416798357,2.833213344056216,0.0,0.0,0.0,0.0,0.0,0.0,0.0,0.0,0.0,0.0,0.0,0.0,0.0,0.0,0.0,0.0,0.0,0.0,0.0,0.0,0.0,0.0,0.0,0.0,0.0,0.0,0.0,0.0,0.0,0.0,0.0,0.0,0.0,0.0,0.0,0.0,0.0,0.0,0.0,0.0,0.0,0.0,0.0,0.0,0.0,0.0,0.0,0.0,0.0,0.0,0.0,0.0,0.0
276,276,276,MILF,276,2024-08,2024-08-01,2024,8,55.0,Philippines,ged_rolling_24m,1,0.6931471805599453,False,True,16.0,13.0,2.833213344056216,2.6390573296152584,0.0,0.0,0.0,0.0,0.0,0.0,0.0,0.0,0.0,0.0,0.0,0.0,0.0,0.0,0.0,0.0,0.0,0.0,0.0,0.0,0.0,0.0,0.0,0.0,0.0,0.0,0.0,0.0,0.0,0.0,0.0,0.0,0.0,0.0,0.0,0.0,0.0,0.0,0.0,0.0,0.0,0.0,0.0,0.0,0.0,0.0,0.0,0.0,0.0,0.0,0.0,0.0,0.0
276,276,276,MILF,276,2024-09,2024-09-01,2024,9,56.0,Philippines,ged_rolling_24m,1,0.6931471805599453,False,True,13.0,18.0,2.6390573296152584,2.9444389791664403,0.0,0.0,0.0,0.0,0.0,0.0,0.0,0.0,0.0,0.0,0.0,0.0,0.0,0.0,0.0,0.0,0.0,0.0,0.0,0.0,0.0,0.0,0.0,0.0,0.0,0.0,0.0,0.0,0.0,0.0,0.0,0.0,0.0,0.0,0.0,0.0,0.0,0.0,0.0,0.0,0.0,0.0,0.0,0.0,0.0,0.0,0.0,0.0,0.0,0.0,0.0,0.0,0.0
276,276,276,MILF,276,2024-10,2024-10-01,2024,10,57.0,Philippines,ged_rolling_24m,1,0.6931471805599453,False,True,18.0,8.0,2.9444389791664403,2.1972245773362196,3.0,3.0,3.0,1.0,3.0,3.0,3.0,3.0,2.0,0.0,3.0,0.0,0.0,0.0,0.0,0.0,0.0,0.0,0.0,0.0,1.0,1.3862943611198906,1.0,1.3862943611198906,1.0,1.3862943611198906,1.0,1.3862943611198906,0.6666666666666666,1.0986122886681098,0.0,0.0,1.0,1.3862943611198906,0.0,0.0,0.0,0.0,0.0,0.0,0.0,0.0,0.0,0.0,0.0,0.0,0.0,0.0,0.0,0.0,0.0,0.0,1.3862943611198906
276,276,276,MILF,276,2024-11,2024-11-01,2024,11,58.0,Philippines,ged_rolling_24m,1,0.6931471805599453,False,True,8.0,12.0,2.1972245773362196,2.5649493574615367,1.0,1.0,1.0,1.0,1.0,1.0,1.0,1.0,1.0,0.0,1.0,0.0,0.0,0.0,0.0,0.0,0.0,0.0,0.0,0.0,1.0,0.6931471805599453,1.0,0.6931471805599453,1.0,0.6931471805599453,1.0,0.6931471805599453,1.0,0.6931471805599453,0.0,0.0,1.0,0.6931471805599453,0.0,0.0,0.0,0.0,0.0,0.0,0.0,0.0,0.0,0.0,0.0,0.0,0.0,0.0,0.0,0.0,0.0,0.0,0.6931471805599453
276,276,276,MILF,276,2024-12,2024-12-01,2024,12,59.0,Philippines,ucdp_actor_metadata_fallback,1,0.6931471805599453,False,True,12.0,48.0,2.5649493574615367,3.8918202981106265,1.0,1.0,1.0,1.0,1.0,1.0,1.0,1.0,1.0,0.0,1.0,0.0,0.0,0.0,0.0,0.0,0.0,0.0,0.0,0.0,1.0,0.6931471805599453,1.0,0.6931471805599453,1.0,0.6931471805599453,1.0,0.6931471805599453,1.0,0.6931471805599453,0.0,0.0,1.0,0.6931471805599453,0.0,0.0,0.0,0.0,0.0,0.0,0.0,0.0,0.0,0.0,0.0,0.0,0.0,0.0,0.0,0.0,0.0,0.0,0.6931471805599453
276,276,276,MILF,276,2025-01,2025-01-01,2025,1,60.0,Philippines,ged_rolling_24m,1,0.6931471805599453,False,True,48.0,6.0,3.8918202981106265,1.9459101490553132,0.0,0.0,0.0,0.0,0.0,0.0,0.0,0.0,0.0,0.0,0.0,0.0,0.0,0.0,0.0,0.0,0.0,0.0,0.0,0.0,0.0,0.0,0.0,0.0,0.0,0.0,0.0,0.0,0.0,0.0,0.0,0.0,0.0,0.0,0.0,0.0,0.0,0.0,0.0,0.0,0.0,0.0,0.0,0.0,0.0,0.0,0.0,0.0,0.0,0.0,0.0,0.0,0.0
276,276,276,MILF,276,2025-02,2025-02-01,2025,2,61.0,Philippines,ged_rolling_24m,1,0.6931471805599453,False,True,6.0,17.0,1.9459101490553132,2.8903717578961645,0.0,0.0,0.0,0.0,0.0,0.0,0.0,0.0,0.0,0.0,0.0,0.0,0.0,0.0,0.0,0.0,0.0,0.0,0.0,0.0,0.0,0.0,0.0,0.0,0.0,0.0,0.0,0.0,0.0,0.0,0.0,0.0,0.0,0.0,0.0,0.0,0.0,0.0,0.0,0.0,0.0,0.0,0.0,0.0,0.0,0.0,0.0,0.0,0.0,0.0,0.0,0.0,0.0
276,276,276,MILF,276,2025-03,2025-03-01,2025,3,62.0,Philippines,ged_rolling_24m,1,0.6931471805599453,False,True,17.0,22.0,2.8903717578961645,3.1354942159291497,1.0,1.0,1.0,1.0,1.0,1.0,1.0,1.0,1.0,0.0,1.0,0.0,0.0,0.0,0.0,0.0,0.0,0.0,0.0,0.0,1.0,0.6931471805599453,1.0,0.6931471805599453,1.0,0.6931471805599453,1.0,0.6931471805599453,1.0,0.6931471805599453,0.0,0.0,1.0,0.6931471805599453,0.0,0.0,0.0,0.0,0.0,0.0,0.0,0.0,0.0,0.0,0.0,0.0,0.0,0.0,0.0,0.0,0.0,0.0,0.6931471805599453
276,276,276,MILF,276,2025-04,2025-04-01,2025,4,63.0,Philippines,ged_rolling_24m,1,0.6931471805599453,False,True,22.0,5.0,3.1354942159291497,1.791759469228055,0.0,0.0,0.0,0.0,0.0,0.0,0.0,0.0,0.0,0.0,0.0,0.0,0.0,0.0,0.0,0.0,0.0,0.0,0.0,0.0,0.0,0.0,0.0,0.0,0.0,0.0,0.0,0.0,0.0,0.0,0.0,0.0,0.0,0.0,0.0,0.0,0.0,0.0,0.0,0.0,0.0,0.0,0.0,0.0,0.0,0.0,0.0,0.0,0.0,0.0,0.0,0.0,0.0
276,276,276,MILF,276,2025-05,2025-05-01,2025,5,64.0,Philippines,ged_rolling_24m,1,0.6931471805599453,False,True,5.0,22.0,1.791759469228055,3.1354942159291497,1.0,1.0,1.0,1.0,1.0,1.0,1.0,1.0,1.0,0.0,1.0,0.0,0.0,0.0,0.0,0.0,0.0,0.0,0.0,0.0,1.0,0.6931471805599453,1.0,0.6931471805599453,1.0,0.6931471805599453,1.0,0.6931471805599453,1.0,0.6931471805599453,0.0,0.0,1.0,0.6931471805599453,0.0,0.0,0.0,0.0,0.0,0.0,0.0,0.0,0.0,0.0,0.0,0.0,0.0,0.0,0.0,0.0,0.0,0.0,0.6931471805599453
276,276,276,MILF,276,2025-06,2025-06-01,2025,6,65.0,Philippines,ged_rolling_24m,1,0.6931471805599453,False,True,22.0,18.0,3.1354942159291497,2.9444389791664403,0.0,0.0,0.0,0.0,0.0,0.0,0.0,0.0,0.0,0.0,0.0,0.0,0.0,0.0,0.0,0.0,0.0,0.0,0.0,0.0,0.0,0.0,0.0,0.0,0.0,0.0,0.0,0.0,0.0,0.0,0.0,0.0,0.0,0.0,0.0,0.0,0.0,0.0,0.0,0.0,0.0,0.0,0.0,0.0,0.0,0.0,0.0,0.0,0.0,0.0,0.0,0.0,0.0
276,276,276,MILF,276,2025-07,2025-07-01,2025,7,66.0,Philippines,ged_rolling_24m,1,0.6931471805599453,False,True,18.0,19.0,2.9444389791664403,2.995732273553991,0.0,0.0,0.0,0.0,0.0,0.0,0.0,0.0,0.0,0.0,0.0,0.0,0.0,0.0,0.0,0.0,0.0,0.0,0.0,0.0,0.0,0.0,0.0,0.0,0.0,0.0,0.0,0.0,0.0,0.0,0.0,0.0,0.0,0.0,0.0,0.0,0.0,0.0,0.0,0.0,0.0,0.0,0.0,0.0,0.0,0.0,0.0,0.0,0.0,0.0,0.0,0.0,0.0
276,276,276,MILF,276,2025-08,2025-08-01,2025,8,67.0,Philippines,ged_rolling_24m,1,0.6931471805599453,False,True,19.0,8.0,2.995732273553991,2.1972245773362196,0.0,0.0,0.0,0.0,0.0,0.0,0.0,0.0,0.0,0.0,0.0,0.0,0.0,0.0,0.0,0.0,0.0,0.0,0.0,0.0,0.0,0.0,0.0,0.0,0.0,0.0,0.0,0.0,0.0,0.0,0.0,0.0,0.0,0.0,0.0,0.0,0.0,0.0,0.0,0.0,0.0,0.0,0.0,0.0,0.0,0.0,0.0,0.0,0.0,0.0,0.0,0.0,0.0
276,276,276,MILF,276,2025-09,2025-09-01,2025,9,68.0,Philippines,ged_rolling_24m,1,0.6931471805599453,False,True,8.0,2.0,2.1972245773362196,1.0986122886681098,0.0,0.0,0.0,0.0,0.0,0.0,0.0,0.0,0.0,0.0,0.0,0.0,0.0,0.0,0.0,0.0,0.0,0.0,0.0,0.0,0.0,0.0,0.0,0.0,0.0,0.0,0.0,0.0,0.0,0.0,0.0,0.0,0.0,0.0,0.0,0.0,0.0,0.0,0.0,0.0,0.0,0.0,0.0,0.0,0.0,0.0,0.0,0.0,0.0,0.0,0.0,0.0,0.0
276,276,276,MILF,276,2025-10,2025-10-01,2025,10,69.0,Philippines,ged_rolling_24m,1,0.6931471805599453,False,True,2.0,7.0,1.0986122886681098,2.0794415416798357,1.0,1.0,1.0,1.0,1.0,1.0,1.0,1.0,1.0,0.0,0.0,0.0,0.0,0.0,0.0,0.0,0.0,1.0,0.0,0.0,1.0,0.6931471805599453,1.0,0.6931471805599453,1.0,0.6931471805599453,1.0,0.6931471805599453,1.0,0.6931471805599453,0.0,0.0,0.0,0.0,0.0,0.0,0.0,0.0,0.0,0.0,0.0,0.0,0.0,0.0,0.0,0.0,1.0,0.6931471805599453,0.0,0.0,0.0,0.0,0.6931471805599453
276,276,276,MILF,276,2025-11,2025-11-01,2025,11,70.0,Philippines,ged_rolling_24m,1,0.6931471805599453,False,True,7.0,23.0,2.0794415416798357,3.1780538303479458,0.0,0.0,0.0,0.0,0.0,0.0,0.0,0.0,0.0,0.0,0.0,0.0,0.0,0.0,0.0,0.0,0.0,0.0,0.0,0.0,0.0,0.0,0.0,0.0,0.0,0.0,0.0,0.0,0.0,0.0,0.0,0.0,0.0,0.0,0.0,0.0,0.0,0.0,0.0,0.0,0.0,0.0,0.0,0.0,0.0,0.0,0.0,0.0,0.0,0.0,0.0,0.0,0.0
276,276,276,MILF,276,2025-12,2025-12-01,2025,12,71.0,Philippines,ged_rolling_24m,1,0.6931471805599453,False,False,23.0,,3.1780538303479458,,1.0,1.0,1.0,1.0,0.0,1.0,1.0,1.0,0.0,0.0,0.0,0.0,0.0,0.0,0.0,0.0,0.0,1.0,0.0,0.0,0.0,0.0,1.0,0.6931471805599453,1.0,0.6931471805599453,1.0,0.6931471805599453,0.0,0.0,0.0,0.0,0.0,0.0,0.0,0.0,0.0,0.0,0.0,0.0,0.0,0.0,0.0,0.0,0.0,0.0,1.0,0.6931471805599453,0.0,0.0,0.0,0.0,0.6931471805599453
275,275,275,MNLF,275,2020-01,2020-01-01,2020,1,0.0,Philippines,ucdp_actor_metadata_fallback,1,0.6931471805599453,False,True,17.0,19.0,2.8903717578961645,2.995732273553991,0.0,0.0,0.0,0.0,0.0,0.0,0.0,0.0,0.0,0.0,0.0,0.0,0.0,0.0,0.0,0.0,0.0,0.0,0.0,0.0,0.0,0.0,0.0,0.0,0.0,0.0,0.0,0.0,0.0,0.0,0.0,0.0,0.0,0.0,0.0,0.0,0.0,0.0,0.0,0.0,0.0,0.0,0.0,0.0,0.0,0.0,0.0,0.0,0.0,0.0,0.0,0.0,0.0
275,275,275,MNLF,275,2020-02,2020-02-01,2020,2,1.0,Philippines,ucdp_actor_metadata_fallback,1,0.6931471805599453,False,True,19.0,30.0,2.995732273553991,3.4339872044851463,0.0,0.0,0.0,0.0,0.0,0.0,0.0,0.0,0.0,0.0,0.0,0.0,0.0,0.0,0.0,0.0,0.0,0.0,0.0,0.0,0.0,0.0,0.0,0.0,0.0,0.0,0.0,0.0,0.0,0.0,0.0,0.0,0.0,0.0,0.0,0.0,0.0,0.0,0.0,0.0,0.0,0.0,0.0,0.0,0.0,0.0,0.0,0.0,0.0,0.0,0.0,0.0,0.0
275,275,275,MNLF,275,2020-03,2020-03-01,2020,3,2.0,Philippines,ucdp_actor_metadata_fallback,1,0.6931471805599453,False,True,30.0,43.0,3.4339872044851463,3.784189633918261,0.0,0.0,0.0,0.0,0.0,0.0,0.0,0.0,0.0,0.0,0.0,0.0,0.0,0.0,0.0,0.0,0.0,0.0,0.0,0.0,0.0,0.0,0.0,0.0,0.0,0.0,0.0,0.0,0.0,0.0,0.0,0.0,0.0,0.0,0.0,0.0,0.0,0.0,0.0,0.0,0.0,0.0,0.0,0.0,0.0,0.0,0.0,0.0,0.0,0.0,0.0,0.0,0.0
275,275,275,MNLF,275,2020-04,2020-04-01,2020,4,3.0,Philippines,ucdp_actor_metadata_fallback,1,0.6931471805599453,False,True,43.0,55.0,3.784189633918261,4.02535169073515,1.0,1.0,1.0,1.0,0.0,0.0,0.0,0.0,0.0,0.0,0.0,0.0,0.0,0.0,1.0,0.0,0.0,0.0,0.0,0.0,0.0,0.0,0.0,0.0,0.0,0.0,0.0,0.0,0.0,0.0,0.0,0.0,0.0,0.0,0.0,0.0,0.0,0.0,0.0,0.0,1.0,0.6931471805599453,0.0,0.0,0.0,0.0,0.0,0.0,0.0,0.0,0.0,0.0,0.6931471805599453
275,275,275,MNLF,275,2020-05,2020-05-01,2020,5,4.0,Philippines,ucdp_actor_metadata_fallback,1,0.6931471805599453,False,True,55.0,30.0,4.02535169073515,3.4339872044851463,1.0,1.0,1.0,1.0,0.0,0.0,0.0,1.0,0.0,0.0,0.0,0.0,0.0,0.0,1.0,0.0,0.0,0.0,0.0,0.0,0.0,0.0,0.0,0.0,0.0,0.0,1.0,0.6931471805599453,0.0,0.0,0.0,0.0,0.0,0.0,0.0,0.0,0.0,0.0,0.0,0.0,1.0,0.6931471805599453,0.0,0.0,0.0,0.0,0.0,0.0,0.0,0.0,0.0,0.0,0.6931471805599453
275,275,275,MNLF,275,2020-06,2020-06-01,2020,6,5.0,Philippines,ucdp_actor_metadata_fallback,1,0.6931471805599453,False,True,30.0,47.0,3.4339872044851463,3.871201010907891,0.0,0.0,0.0,0.0,0.0,0.0,0.0,0.0,0.0,0.0,0.0,0.0,0.0,0.0,0.0,0.0,0.0,0.0,0.0,0.0,0.0,0.0,0.0,0.0,0.0,0.0,0.0,0.0,0.0,0.0,0.0,0.0,0.0,0.0,0.0,0.0,0.0,0.0,0.0,0.0,0.0,0.0,0.0,0.0,0.0,0.0,0.0,0.0,0.0,0.0,0.0,0.0,0.0
275,275,275,MNLF,275,2020-07,2020-07-01,2020,7,6.0,Philippines,ucdp_actor_metadata_fallback,1,0.6931471805599453,False,True,47.0,44.0,3.871201010907891,3.8066624897703196,0.0,0.0,0.0,0.0,0.0,0.0,0.0,0.0,0.0,0.0,0.0,0.0,0.0,0.0,0.0,0.0,0.0,0.0,0.0,0.0,0.0,0.0,0.0,0.0,0.0,0.0,0.0,0.0,0.0,0.0,0.0,0.0,0.0,0.0,0.0,0.0,0.0,0.0,0.0,0.0,0.0,0.0,0.0,0.0,0.0,0.0,0.0,0.0,0.0,0.0,0.0,0.0,0.0
275,275,275,MNLF,275,2020-08,2020-08-01,2020,8,7.0,Philippines,ucdp_actor_metadata_fallback,1,0.6931471805599453,False,True,44.0,28.0,3.8066624897703196,3.367295829986474,0.0,0.0,0.0,0.0,0.0,0.0,0.0,0.0,0.0,0.0,0.0,0.0,0.0,0.0,0.0,0.0,0.0,0.0,0.0,0.0,0.0,0.0,0.0,0.0,0.0,0.0,0.0,0.0,0.0,0.0,0.0,0.0,0.0,0.0,0.0,0.0,0.0,0.0,0.0,0.0,0.0,0.0,0.0,0.0,0.0,0.0,0.0,0.0,0.0,0.0,0.0,0.0,0.0
275,275,275,MNLF,275,2020-09,2020-09-01,2020,9,8.0,Philippines,ucdp_actor_metadata_fallback,1,0.6931471805599453,False,True,28.0,12.0,3.367295829986474,2.5649493574615367,0.0,0.0,0.0,0.0,0.0,0.0,0.0,0.0,0.0,0.0,0.0,0.0,0.0,0.0,0.0,0.0,0.0,0.0,0.0,0.0,0.0,0.0,0.0,0.0,0.0,0.0,0.0,0.0,0.0,0.0,0.0,0.0,0.0,0.0,0.0,0.0,0.0,0.0,0.0,0.0,0.0,0.0,0.0,0.0,0.0,0.0,0.0,0.0,0.0,0.0,0.0,0.0,0.0
275,275,275,MNLF,275,2020-10,2020-10-01,2020,10,9.0,Philippines,ucdp_actor_metadata_fallback,1,0.6931471805599453,False,True,12.0,22.0,2.5649493574615367,3.1354942159291497,0.0,0.0,0.0,0.0,0.0,0.0,0.0,0.0,0.0,0.0,0.0,0.0,0.0,0.0,0.0,0.0,0.0,0.0,0.0,0.0,0.0,0.0,0.0,0.0,0.0,0.0,0.0,0.0,0.0,0.0,0.0,0.0,0.0,0.0,0.0,0.0,0.0,0.0,0.0,0.0,0.0,0.0,0.0,0.0,0.0,0.0,0.0,0.0,0.0,0.0,0.0,0.0,0.0
275,275,275,MNLF,275,2020-11,2020-11-01,2020,11,10.0,Philippines,ucdp_actor_metadata_fallback,1,0.6931471805599453,False,True,22.0,29.0,3.1354942159291497,3.4011973816621555,0.0,0.0,0.0,0.0,0.0,0.0,0.0,0.0,0.0,0.0,0.0,0.0,0.0,0.0,0.0,0.0,0.0,0.0,0.0,0.0,0.0,0.0,0.0,0.0,0.0,0.0,0.0,0.0,0.0,0.0,0.0,0.0,0.0,0.0,0.0,0.0,0.0,0.0,0.0,0.0,0.0,0.0,0.0,0.0,0.0,0.0,0.0,0.0,0.0,0.0,0.0,0.0,0.0
275,275,275,MNLF,275,2020-12,2020-12-01,2020,12,11.0,Philippines,ucdp_actor_metadata_fallback,1,0.6931471805599453,False,True,29.0,21.0,3.4011973816621555,3.091042453358316,0.0,0.0,0.0,0.0,0.0,0.0,0.0,0.0,0.0,0.0,0.0,0.0,0.0,0.0,0.0,0.0,0.0,0.0,0.0,0.0,0.0,0.0,0.0,0.0,0.0,0.0,0.0,0.0,0.0,0.0,0.0,0.0,0.0,0.0,0.0,0.0,0.0,0.0,0.0,0.0,0.0,0.0,0.0,0.0,0.0,0.0,0.0,0.0,0.0,0.0,0.0,0.0,0.0
275,275,275,MNLF,275,2021-01,2021-01-01,2021,1,12.0,Philippines,ucdp_actor_metadata_fallback,1,0.6931471805599453,False,True,21.0,16.0,3.091042453358316,2.833213344056216,0.0,0.0,0.0,0.0,0.0,0.0,0.0,0.0,0.0,0.0,0.0,0.0,0.0,0.0,0.0,0.0,0.0,0.0,0.0,0.0,0.0,0.0,0.0,0.0,0.0,0.0,0.0,0.0,0.0,0.0,0.0,0.0,0.0,0.0,0.0,0.0,0.0,0.0,0.0,0.0,0.0,0.0,0.0,0.0,0.0,0.0,0.0,0.0,0.0,0.0,0.0,0.0,0.0
275,275,275,MNLF,275,2021-02,2021-02-01,2021,2,13.0,Philippines,ucdp_actor_metadata_fallback,1,0.6931471805599453,False,True,16.0,43.0,2.833213344056216,3.784189633918261,0.0,0.0,0.0,0.0,0.0,0.0,0.0,0.0,0.0,0.0,0.0,0.0,0.0,0.0,0.0,0.0,0.0,0.0,0.0,0.0,0.0,0.0,0.0,0.0,0.0,0.0,0.0,0.0,0.0,0.0,0.0,0.0,0.0,0.0,0.0,0.0,0.0,0.0,0.0,0.0,0.0,0.0,0.0,0.0,0.0,0.0,0.0,0.0,0.0,0.0,0.0,0.0,0.0
275,275,275,MNLF,275,2021-03,2021-03-01,2021,3,14.0,Philippines,ucdp_actor_metadata_fallback,1,0.6931471805599453,False,True,43.0,24.0,3.784189633918261,3.2188758248682006,0.0,0.0,0.0,0.0,0.0,0.0,0.0,0.0,0.0,0.0,0.0,0.0,0.0,0.0,0.0,0.0,0.0,0.0,0.0,0.0,0.0,0.0,0.0,0.0,0.0,0.0,0.0,0.0,0.0,0.0,0.0,0.0,0.0,0.0,0.0,0.0,0.0,0.0,0.0,0.0,0.0,0.0,0.0,0.0,0.0,0.0,0.0,0.0,0.0,0.0,0.0,0.0,0.0
275,275,275,MNLF,275,2021-04,2021-04-01,2021,4,15.0,Philippines,ucdp_actor_metadata_fallback,1,0.6931471805599453,False,True,24.0,30.0,3.2188758248682006,3.4339872044851463,0.0,0.0,0.0,0.0,0.0,0.0,0.0,0.0,0.0,0.0,0.0,0.0,0.0,0.0,0.0,0.0,0.0,0.0,0.0,0.0,0.0,0.0,0.0,0.0,0.0,0.0,0.0,0.0,0.0,0.0,0.0,0.0,0.0,0.0,0.0,0.0,0.0,0.0,0.0,0.0,0.0,0.0,0.0,0.0,0.0,0.0,0.0,0.0,0.0,0.0,0.0,0.0,0.0
275,275,275,MNLF,275,2021-05,2021-05-01,2021,5,16.0,Philippines,ucdp_actor_metadata_fallback,1,0.6931471805599453,False,True,30.0,26.0,3.4339872044851463,3.295836866004329,0.0,0.0,0.0,0.0,0.0,0.0,0.0,0.0,0.0,0.0,0.0,0.0,0.0,0.0,0.0,0.0,0.0,0.0,0.0,0.0,0.0,0.0,0.0,0.0,0.0,0.0,0.0,0.0,0.0,0.0,0.0,0.0,0.0,0.0,0.0,0.0,0.0,0.0,0.0,0.0,0.0,0.0,0.0,0.0,0.0,0.0,0.0,0.0,0.0,0.0,0.0,0.0,0.0
275,275,275,MNLF,275,2021-06,2021-06-01,2021,6,17.0,Philippines,ucdp_actor_metadata_fallback,1,0.6931471805599453,False,True,26.0,14.0,3.295836866004329,2.70805020110221,0.0,0.0,0.0,0.0,0.0,0.0,0.0,0.0,0.0,0.0,0.0,0.0,0.0,0.0,0.0,0.0,0.0,0.0,0.0,0.0,0.0,0.0,0.0,0.0,0.0,0.0,0.0,0.0,0.0,0.0,0.0,0.0,0.0,0.0,0.0,0.0,0.0,0.0,0.0,0.0,0.0,0.0,0.0,0.0,0.0,0.0,0.0,0.0,0.0,0.0,0.0,0.0,0.0
275,275,275,MNLF,275,2021-07,2021-07-01,2021,7,18.0,Philippines,ucdp_actor_metadata_fallback,1,0.6931471805599453,False,True,14.0,39.0,2.70805020110221,3.6888794541139363,0.0,0.0,0.0,0.0,0.0,0.0,0.0,0.0,0.0,0.0,0.0,0.0,0.0,0.0,0.0,0.0,0.0,0.0,0.0,0.0,0.0,0.0,0.0,0.0,0.0,0.0,0.0,0.0,0.0,0.0,0.0,0.0,0.0,0.0,0.0,0.0,0.0,0.0,0.0,0.0,0.0,0.0,0.0,0.0,0.0,0.0,0.0,0.0,0.0,0.0,0.0,0.0,0.0
275,275,275,MNLF,275,2021-08,2021-08-01,2021,8,19.0,Philippines,ucdp_actor_metadata_fallback,1,0.6931471805599453,False,True,39.0,40.0,3.6888794541139363,3.713572066704308,0.0,0.0,0.0,0.0,0.0,0.0,0.0,0.0,0.0,0.0,0.0,0.0,0.0,0.0,0.0,0.0,0.0,0.0,0.0,0.0,0.0,0.0,0.0,0.0,0.0,0.0,0.0,0.0,0.0,0.0,0.0,0.0,0.0,0.0,0.0,0.0,0.0,0.0,0.0,0.0,0.0,0.0,0.0,0.0,0.0,0.0,0.0,0.0,0.0,0.0,0.0,0.0,0.0
275,275,275,MNLF,275,2021-09,2021-09-01,2021,9,20.0,Philippines,ucdp_actor_metadata_fallback,1,0.6931471805599453,False,True,40.0,13.0,3.713572066704308,2.6390573296152584,0.0,0.0,0.0,0.0,0.0,0.0,0.0,0.0,0.0,0.0,0.0,0.0,0.0,0.0,0.0,0.0,0.0,0.0,0.0,0.0,0.0,0.0,0.0,0.0,0.0,0.0,0.0,0.0,0.0,0.0,0.0,0.0,0.0,0.0,0.0,0.0,0.0,0.0,0.0,0.0,0.0,0.0,0.0,0.0,0.0,0.0,0.0,0.0,0.0,0.0,0.0,0.0,0.0
275,275,275,MNLF,275,2021-10,2021-10-01,2021,10,21.0,Philippines,ucdp_actor_metadata_fallback,1,0.6931471805599453,False,True,13.0,7.0,2.6390573296152584,2.0794415416798357,0.0,0.0,0.0,0.0,0.0,0.0,0.0,0.0,0.0,0.0,0.0,0.0,0.0,0.0,0.0,0.0,0.0,0.0,0.0,0.0,0.0,0.0,0.0,0.0,0.0,0.0,0.0,0.0,0.0,0.0,0.0,0.0,0.0,0.0,0.0,0.0,0.0,0.0,0.0,0.0,0.0,0.0,0.0,0.0,0.0,0.0,0.0,0.0,0.0,0.0,0.0,0.0,0.0
275,275,275,MNLF,275,2021-11,2021-11-01,2021,11,22.0,Philippines,ucdp_actor_metadata_fallback,1,0.6931471805599453,False,True,7.0,37.0,2.0794415416798357,3.6375861597263857,0.0,0.0,0.0,0.0,0.0,0.0,0.0,0.0,0.0,0.0,0.0,0.0,0.0,0.0,0.0,0.0,0.0,0.0,0.0,0.0,0.0,0.0,0.0,0.0,0.0,0.0,0.0,0.0,0.0,0.0,0.0,0.0,0.0,0.0,0.0,0.0,0.0,0.0,0.0,0.0,0.0,0.0,0.0,0.0,0.0,0.0,0.0,0.0,0.0,0.0,0.0,0.0,0.0
275,275,275,MNLF,275,2021-12,2021-12-01,2021,12,23.0,Philippines,ucdp_actor_metadata_fallback,1,0.6931471805599453,False,True,37.0,18.0,3.6375861597263857,2.9444389791664403,0.0,0.0,0.0,0.0,0.0,0.0,0.0,0.0,0.0,0.0,0.0,0.0,0.0,0.0,0.0,0.0,0.0,0.0,0.0,0.0,0.0,0.0,0.0,0.0,0.0,0.0,0.0,0.0,0.0,0.0,0.0,0.0,0.0,0.0,0.0,0.0,0.0,0.0,0.0,0.0,0.0,0.0,0.0,0.0,0.0,0.0,0.0,0.0,0.0,0.0,0.0,0.0,0.0
275,275,275,MNLF,275,2022-01,2022-01-01,2022,1,24.0,Philippines,ucdp_actor_metadata_fallback,1,0.6931471805599453,False,True,18.0,22.0,2.9444389791664403,3.1354942159291497,0.0,0.0,0.0,0.0,0.0,0.0,0.0,0.0,0.0,0.0,0.0,0.0,0.0,0.0,0.0,0.0,0.0,0.0,0.0,0.0,0.0,0.0,0.0,0.0,0.0,0.0,0.0,0.0,0.0,0.0,0.0,0.0,0.0,0.0,0.0,0.0,0.0,0.0,0.0,0.0,0.0,0.0,0.0,0.0,0.0,0.0,0.0,0.0,0.0,0.0,0.0,0.0,0.0
275,275,275,MNLF,275,2022-02,2022-02-01,2022,2,25.0,Philippines,ucdp_actor_metadata_fallback,1,0.6931471805599453,False,True,22.0,23.0,3.1354942159291497,3.1780538303479458,0.0,0.0,0.0,0.0,0.0,0.0,0.0,0.0,0.0,0.0,0.0,0.0,0.0,0.0,0.0,0.0,0.0,0.0,0.0,0.0,0.0,0.0,0.0,0.0,0.0,0.0,0.0,0.0,0.0,0.0,0.0,0.0,0.0,0.0,0.0,0.0,0.0,0.0,0.0,0.0,0.0,0.0,0.0,0.0,0.0,0.0,0.0,0.0,0.0,0.0,0.0,0.0,0.0
275,275,275,MNLF,275,2022-03,2022-03-01,2022,3,26.0,Philippines,ucdp_actor_metadata_fallback,1,0.6931471805599453,False,True,23.0,37.0,3.1780538303479458,3.6375861597263857,0.0,0.0,0.0,0.0,0.0,0.0,0.0,0.0,0.0,0.0,0.0,0.0,0.0,0.0,0.0,0.0,0.0,0.0,0.0,0.0,0.0,0.0,0.0,0.0,0.0,0.0,0.0,0.0,0.0,0.0,0.0,0.0,0.0,0.0,0.0,0.0,0.0,0.0,0.0,0.0,0.0,0.0,0.0,0.0,0.0,0.0,0.0,0.0,0.0,0.0,0.0,0.0,0.0
275,275,275,MNLF,275,2022-04,2022-04-01,2022,4,27.0,Philippines,ucdp_actor_metadata_fallback,1,0.6931471805599453,False,True,37.0,12.0,3.6375861597263857,2.5649493574615367,0.0,0.0,0.0,0.0,0.0,0.0,0.0,0.0,0.0,0.0,0.0,0.0,0.0,0.0,0.0,0.0,0.0,0.0,0.0,0.0,0.0,0.0,0.0,0.0,0.0,0.0,0.0,0.0,0.0,0.0,0.0,0.0,0.0,0.0,0.0,0.0,0.0,0.0,0.0,0.0,0.0,0.0,0.0,0.0,0.0,0.0,0.0,0.0,0.0,0.0,0.0,0.0,0.0
275,275,275,MNLF,275,2022-05,2022-05-01,2022,5,28.0,Philippines,ucdp_actor_metadata_fallback,1,0.6931471805599453,False,True,12.0,19.0,2.5649493574615367,2.995732273553991,0.0,0.0,0.0,0.0,0.0,0.0,0.0,0.0,0.0,0.0,0.0,0.0,0.0,0.0,0.0,0.0,0.0,0.0,0.0,0.0,0.0,0.0,0.0,0.0,0.0,0.0,0.0,0.0,0.0,0.0,0.0,0.0,0.0,0.0,0.0,0.0,0.0,0.0,0.0,0.0,0.0,0.0,0.0,0.0,0.0,0.0,0.0,0.0,0.0,0.0,0.0,0.0,0.0
275,275,275,MNLF,275,2022-06,2022-06-01,2022,6,29.0,Philippines,ucdp_actor_metadata_fallback,1,0.6931471805599453,False,True,19.0,20.0,2.995732273553991,3.044522437723423,0.0,0.0,0.0,0.0,0.0,0.0,0.0,0.0,0.0,0.0,0.0,0.0,0.0,0.0,0.0,0.0,0.0,0.0,0.0,0.0,0.0,0.0,0.0,0.0,0.0,0.0,0.0,0.0,0.0,0.0,0.0,0.0,0.0,0.0,0.0,0.0,0.0,0.0,0.0,0.0,0.0,0.0,0.0,0.0,0.0,0.0,0.0,0.0,0.0,0.0,0.0,0.0,0.0
275,275,275,MNLF,275,2022-07,2022-07-01,2022,7,30.0,Philippines,ucdp_actor_metadata_fallback,1,0.6931471805599453,False,True,20.0,22.0,3.044522437723423,3.1354942159291497,0.0,0.0,0.0,0.0,0.0,0.0,0.0,0.0,0.0,0.0,0.0,0.0,0.0,0.0,0.0,0.0,0.0,0.0,0.0,0.0,0.0,0.0,0.0,0.0,0.0,0.0,0.0,0.0,0.0,0.0,0.0,0.0,0.0,0.0,0.0,0.0,0.0,0.0,0.0,0.0,0.0,0.0,0.0,0.0,0.0,0.0,0.0,0.0,0.0,0.0,0.0,0.0,0.0
275,275,275,MNLF,275,2022-08,2022-08-01,2022,8,31.0,Philippines,ucdp_actor_metadata_fallback,1,0.6931471805599453,False,True,22.0,13.0,3.1354942159291497,2.6390573296152584,0.0,0.0,0.0,0.0,0.0,0.0,0.0,0.0,0.0,0.0,0.0,0.0,0.0,0.0,0.0,0.0,0.0,0.0,0.0,0.0,0.0,0.0,0.0,0.0,0.0,0.0,0.0,0.0,0.0,0.0,0.0,0.0,0.0,0.0,0.0,0.0,0.0,0.0,0.0,0.0,0.0,0.0,0.0,0.0,0.0,0.0,0.0,0.0,0.0,0.0,0.0,0.0,0.0
275,275,275,MNLF,275,2022-09,2022-09-01,2022,9,32.0,Philippines,ucdp_actor_metadata_fallback,1,0.6931471805599453,False,True,13.0,23.0,2.6390573296152584,3.1780538303479458,0.0,0.0,0.0,0.0,0.0,0.0,0.0,0.0,0.0,0.0,0.0,0.0,0.0,0.0,0.0,0.0,0.0,0.0,0.0,0.0,0.0,0.0,0.0,0.0,0.0,0.0,0.0,0.0,0.0,0.0,0.0,0.0,0.0,0.0,0.0,0.0,0.0,0.0,0.0,0.0,0.0,0.0,0.0,0.0,0.0,0.0,0.0,0.0,0.0,0.0,0.0,0.0,0.0
275,275,275,MNLF,275,2022-10,2022-10-01,2022,10,33.0,Philippines,ucdp_actor_metadata_fallback,1,0.6931471805599453,False,True,23.0,39.0,3.1780538303479458,3.6888794541139363,0.0,0.0,0.0,0.0,0.0,0.0,0.0,0.0,0.0,0.0,0.0,0.0,0.0,0.0,0.0,0.0,0.0,0.0,0.0,0.0,0.0,0.0,0.0,0.0,0.0,0.0,0.0,0.0,0.0,0.0,0.0,0.0,0.0,0.0,0.0,0.0,0.0,0.0,0.0,0.0,0.0,0.0,0.0,0.0,0.0,0.0,0.0,0.0,0.0,0.0,0.0,0.0,0.0
275,275,275,MNLF,275,2022-11,2022-11-01,2022,11,34.0,Philippines,ucdp_actor_metadata_fallback,1,0.6931471805599453,False,True,39.0,0.0,3.6888794541139363,0.0,0.0,0.0,0.0,0.0,0.0,0.0,0.0,0.0,0.0,0.0,0.0,0.0,0.0,0.0,0.0,0.0,0.0,0.0,0.0,0.0,0.0,0.0,0.0,0.0,0.0,0.0,0.0,0.0,0.0,0.0,0.0,0.0,0.0,0.0,0.0,0.0,0.0,0.0,0.0,0.0,0.0,0.0,0.0,0.0,0.0,0.0,0.0,0.0,0.0,0.0,0.0,0.0,0.0
275,275,275,MNLF,275,2022-12,2022-12-01,2022,12,35.0,Philippines,ucdp_actor_metadata_fallback,1,0.6931471805599453,False,True,0.0,20.0,0.0,3.044522437723423,0.0,0.0,0.0,0.0,0.0,0.0,0.0,0.0,0.0,0.0,0.0,0.0,0.0,0.0,0.0,0.0,0.0,0.0,0.0,0.0,0.0,0.0,0.0,0.0,0.0,0.0,0.0,0.0,0.0,0.0,0.0,0.0,0.0,0.0,0.0,0.0,0.0,0.0,0.0,0.0,0.0,0.0,0.0,0.0,0.0,0.0,0.0,0.0,0.0,0.0,0.0,0.0,0.0
275,275,275,MNLF,275,2023-01,2023-01-01,2023,1,36.0,Philippines,ucdp_actor_metadata_fallback,1,0.6931471805599453,False,True,20.0,32.0,3.044522437723423,3.4965075614664802,0.0,0.0,0.0,0.0,0.0,0.0,0.0,0.0,0.0,0.0,0.0,0.0,0.0,0.0,0.0,0.0,0.0,0.0,0.0,0.0,0.0,0.0,0.0,0.0,0.0,0.0,0.0,0.0,0.0,0.0,0.0,0.0,0.0,0.0,0.0,0.0,0.0,0.0,0.0,0.0,0.0,0.0,0.0,0.0,0.0,0.0,0.0,0.0,0.0,0.0,0.0,0.0,0.0
275,275,275,MNLF,275,2023-02,2023-02-01,2023,2,37.0,Philippines,ucdp_actor_metadata_fallback,1,0.6931471805599453,False,True,32.0,33.0,3.4965075614664802,3.5263605246161616,0.0,0.0,0.0,0.0,0.0,0.0,0.0,0.0,0.0,0.0,0.0,0.0,0.0,0.0,0.0,0.0,0.0,0.0,0.0,0.0,0.0,0.0,0.0,0.0,0.0,0.0,0.0,0.0,0.0,0.0,0.0,0.0,0.0,0.0,0.0,0.0,0.0,0.0,0.0,0.0,0.0,0.0,0.0,0.0,0.0,0.0,0.0,0.0,0.0,0.0,0.0,0.0,0.0
275,275,275,MNLF,275,2023-03,2023-03-01,2023,3,38.0,Philippines,ucdp_actor_metadata_fallback,1,0.6931471805599453,False,True,33.0,24.0,3.5263605246161616,3.2188758248682006,0.0,0.0,0.0,0.0,0.0,0.0,0.0,0.0,0.0,0.0,0.0,0.0,0.0,0.0,0.0,0.0,0.0,0.0,0.0,0.0,0.0,0.0,0.0,0.0,0.0,0.0,0.0,0.0,0.0,0.0,0.0,0.0,0.0,0.0,0.0,0.0,0.0,0.0,0.0,0.0,0.0,0.0,0.0,0.0,0.0,0.0,0.0,0.0,0.0,0.0,0.0,0.0,0.0
275,275,275,MNLF,275,2023-04,2023-04-01,2023,4,39.0,Philippines,ucdp_actor_metadata_fallback,1,0.6931471805599453,False,True,24.0,22.0,3.2188758248682006,3.1354942159291497,0.0,0.0,0.0,0.0,0.0,0.0,0.0,0.0,0.0,0.0,0.0,0.0,0.0,0.0,0.0,0.0,0.0,0.0,0.0,0.0,0.0,0.0,0.0,0.0,0.0,0.0,0.0,0.0,0.0,0.0,0.0,0.0,0.0,0.0,0.0,0.0,0.0,0.0,0.0,0.0,0.0,0.0,0.0,0.0,0.0,0.0,0.0,0.0,0.0,0.0,0.0,0.0,0.0
275,275,275,MNLF,275,2023-05,2023-05-01,2023,5,40.0,Philippines,ucdp_actor_metadata_fallback,1,0.6931471805599453,False,True,22.0,15.0,3.1354942159291497,2.772588722239781,0.0,0.0,0.0,0.0,0.0,0.0,0.0,0.0,0.0,0.0,0.0,0.0,0.0,0.0,0.0,0.0,0.0,0.0,0.0,0.0,0.0,0.0,0.0,0.0,0.0,0.0,0.0,0.0,0.0,0.0,0.0,0.0,0.0,0.0,0.0,0.0,0.0,0.0,0.0,0.0,0.0,0.0,0.0,0.0,0.0,0.0,0.0,0.0,0.0,0.0,0.0,0.0,0.0
275,275,275,MNLF,275,2023-06,2023-06-01,2023,6,41.0,Philippines,ucdp_actor_metadata_fallback,1,0.6931471805599453,False,True,15.0,11.0,2.772588722239781,2.4849066497880004,3.0,3.0,3.0,1.0,3.0,3.0,2.0,3.0,1.0,0.0,3.0,0.0,0.0,0.0,0.0,0.0,0.0,0.0,0.0,0.0,1.0,1.3862943611198906,1.0,1.3862943611198906,0.6666666666666666,1.0986122886681098,1.0,1.3862943611198906,0.3333333333333333,0.6931471805599453,0.0,0.0,1.0,1.3862943611198906,0.0,0.0,0.0,0.0,0.0,0.0,0.0,0.0,0.0,0.0,0.0,0.0,0.0,0.0,0.0,0.0,0.0,0.0,1.3862943611198906
275,275,275,MNLF,275,2023-07,2023-07-01,2023,7,42.0,Philippines,ucdp_actor_metadata_fallback,1,0.6931471805599453,False,True,11.0,14.0,2.4849066497880004,2.70805020110221,0.0,0.0,0.0,0.0,0.0,0.0,0.0,0.0,0.0,0.0,0.0,0.0,0.0,0.0,0.0,0.0,0.0,0.0,0.0,0.0,0.0,0.0,0.0,0.0,0.0,0.0,0.0,0.0,0.0,0.0,0.0,0.0,0.0,0.0,0.0,0.0,0.0,0.0,0.0,0.0,0.0,0.0,0.0,0.0,0.0,0.0,0.0,0.0,0.0,0.0,0.0,0.0,0.0
275,275,275,MNLF,275,2023-08,2023-08-01,2023,8,43.0,Philippines,ucdp_actor_metadata_fallback,1,0.6931471805599453,False,True,14.0,26.0,2.70805020110221,3.295836866004329,0.0,0.0,0.0,0.0,0.0,0.0,0.0,0.0,0.0,0.0,0.0,0.0,0.0,0.0,0.0,0.0,0.0,0.0,0.0,0.0,0.0,0.0,0.0,0.0,0.0,0.0,0.0,0.0,0.0,0.0,0.0,0.0,0.0,0.0,0.0,0.0,0.0,0.0,0.0,0.0,0.0,0.0,0.0,0.0,0.0,0.0,0.0,0.0,0.0,0.0,0.0,0.0,0.0
275,275,275,MNLF,275,2023-09,2023-09-01,2023,9,44.0,Philippines,ucdp_actor_metadata_fallback,1,0.6931471805599453,False,True,26.0,1.0,3.295836866004329,0.6931471805599453,0.0,0.0,0.0,0.0,0.0,0.0,0.0,0.0,0.0,0.0,0.0,0.0,0.0,0.0,0.0,0.0,0.0,0.0,0.0,0.0,0.0,0.0,0.0,0.0,0.0,0.0,0.0,0.0,0.0,0.0,0.0,0.0,0.0,0.0,0.0,0.0,0.0,0.0,0.0,0.0,0.0,0.0,0.0,0.0,0.0,0.0,0.0,0.0,0.0,0.0,0.0,0.0,0.0
275,275,275,MNLF,275,2023-10,2023-10-01,2023,10,45.0,Philippines,ucdp_actor_metadata_fallback,1,0.6931471805599453,False,True,1.0,8.0,0.6931471805599453,2.1972245773362196,0.0,0.0,0.0,0.0,0.0,0.0,0.0,0.0,0.0,0.0,0.0,0.0,0.0,0.0,0.0,0.0,0.0,0.0,0.0,0.0,0.0,0.0,0.0,0.0,0.0,0.0,0.0,0.0,0.0,0.0,0.0,0.0,0.0,0.0,0.0,0.0,0.0,0.0,0.0,0.0,0.0,0.0,0.0,0.0,0.0,0.0,0.0,0.0,0.0,0.0,0.0,0.0,0.0
275,275,275,MNLF,275,2023-11,2023-11-01,2023,11,46.0,Philippines,ucdp_actor_metadata_fallback,1,0.6931471805599453,False,True,8.0,63.0,2.1972245773362196,4.1588830833596715,0.0,0.0,0.0,0.0,0.0,0.0,0.0,0.0,0.0,0.0,0.0,0.0,0.0,0.0,0.0,0.0,0.0,0.0,0.0,0.0,0.0,0.0,0.0,0.0,0.0,0.0,0.0,0.0,0.0,0.0,0.0,0.0,0.0,0.0,0.0,0.0,0.0,0.0,0.0,0.0,0.0,0.0,0.0,0.0,0.0,0.0,0.0,0.0,0.0,0.0,0.0,0.0,0.0
275,275,275,MNLF,275,2023-12,2023-12-01,2023,12,47.0,Philippines,ucdp_actor_metadata_fallback,1,0.6931471805599453,False,True,63.0,22.0,4.1588830833596715,3.1354942159291497,1.0,1.0,1.0,1.0,1.0,1.0,1.0,1.0,0.0,0.0,0.0,0.0,0.0,0.0,0.0,0.0,0.0,1.0,0.0,0.0,1.0,0.6931471805599453,1.0,0.6931471805599453,1.0,0.6931471805599453,1.0,0.6931471805599453,0.0,0.0,0.0,0.0,0.0,0.0,0.0,0.0,0.0,0.0,0.0,0.0,0.0,0.0,0.0,0.0,0.0,0.0,1.0,0.6931471805599453,0.0,0.0,0.0,0.0,0.6931471805599453
275,275,275,MNLF,275,2024-01,2024-01-01,2024,1,48.0,Philippines,ucdp_actor_metadata_fallback,1,0.6931471805599453,False,True,22.0,28.0,3.1354942159291497,3.367295829986474,1.0,1.0,1.0,1.0,1.0,1.0,1.0,1.0,0.0,0.0,0.0,1.0,0.0,0.0,0.0,0.0,0.0,0.0,0.0,0.0,1.0,0.6931471805599453,1.0,0.6931471805599453,1.0,0.6931471805599453,1.0,0.6931471805599453,0.0,0.0,0.0,0.0,0.0,0.0,1.0,0.6931471805599453,0.0,0.0,0.0,0.0,0.0,0.0,0.0,0.0,0.0,0.0,0.0,0.0,0.0,0.0,0.0,0.0,0.6931471805599453
275,275,275,MNLF,275,2024-02,2024-02-01,2024,2,49.0,Philippines,ucdp_actor_metadata_fallback,1,0.6931471805599453,False,True,28.0,14.0,3.367295829986474,2.70805020110221,0.0,0.0,0.0,0.0,0.0,0.0,0.0,0.0,0.0,0.0,0.0,0.0,0.0,0.0,0.0,0.0,0.0,0.0,0.0,0.0,0.0,0.0,0.0,0.0,0.0,0.0,0.0,0.0,0.0,0.0,0.0,0.0,0.0,0.0,0.0,0.0,0.0,0.0,0.0,0.0,0.0,0.0,0.0,0.0,0.0,0.0,0.0,0.0,0.0,0.0,0.0,0.0,0.0
275,275,275,MNLF,275,2024-03,2024-03-01,2024,3,50.0,Philippines,ucdp_actor_metadata_fallback,1,0.6931471805599453,False,True,14.0,33.0,2.70805020110221,3.5263605246161616,0.0,0.0,0.0,0.0,0.0,0.0,0.0,0.0,0.0,0.0,0.0,0.0,0.0,0.0,0.0,0.0,0.0,0.0,0.0,0.0,0.0,0.0,0.0,0.0,0.0,0.0,0.0,0.0,0.0,0.0,0.0,0.0,0.0,0.0,0.0,0.0,0.0,0.0,0.0,0.0,0.0,0.0,0.0,0.0,0.0,0.0,0.0,0.0,0.0,0.0,0.0,0.0,0.0
275,275,275,MNLF,275,2024-04,2024-04-01,2024,4,51.0,Philippines,ucdp_actor_metadata_fallback,1,0.6931471805599453,False,True,33.0,17.0,3.5263605246161616,2.8903717578961645,0.0,0.0,0.0,0.0,0.0,0.0,0.0,0.0,0.0,0.0,0.0,0.0,0.0,0.0,0.0,0.0,0.0,0.0,0.0,0.0,0.0,0.0,0.0,0.0,0.0,0.0,0.0,0.0,0.0,0.0,0.0,0.0,0.0,0.0,0.0,0.0,0.0,0.0,0.0,0.0,0.0,0.0,0.0,0.0,0.0,0.0,0.0,0.0,0.0,0.0,0.0,0.0,0.0
275,275,275,MNLF,275,2024-05,2024-05-01,2024,5,52.0,Philippines,ucdp_actor_metadata_fallback,1,0.6931471805599453,False,True,17.0,18.0,2.8903717578961645,2.9444389791664403,0.0,0.0,0.0,0.0,0.0,0.0,0.0,0.0,0.0,0.0,0.0,0.0,0.0,0.0,0.0,0.0,0.0,0.0,0.0,0.0,0.0,0.0,0.0,0.0,0.0,0.0,0.0,0.0,0.0,0.0,0.0,0.0,0.0,0.0,0.0,0.0,0.0,0.0,0.0,0.0,0.0,0.0,0.0,0.0,0.0,0.0,0.0,0.0,0.0,0.0,0.0,0.0,0.0
275,275,275,MNLF,275,2024-06,2024-06-01,2024,6,53.0,Philippines,ucdp_actor_metadata_fallback,1,0.6931471805599453,False,True,18.0,7.0,2.9444389791664403,2.0794415416798357,0.0,0.0,0.0,0.0,0.0,0.0,0.0,0.0,0.0,0.0,0.0,0.0,0.0,0.0,0.0,0.0,0.0,0.0,0.0,0.0,0.0,0.0,0.0,0.0,0.0,0.0,0.0,0.0,0.0,0.0,0.0,0.0,0.0,0.0,0.0,0.0,0.0,0.0,0.0,0.0,0.0,0.0,0.0,0.0,0.0,0.0,0.0,0.0,0.0,0.0,0.0,0.0,0.0
275,275,275,MNLF,275,2024-07,2024-07-01,2024,7,54.0,Philippines,ucdp_actor_metadata_fallback,1,0.6931471805599453,False,True,7.0,16.0,2.0794415416798357,2.833213344056216,0.0,0.0,0.0,0.0,0.0,0.0,0.0,0.0,0.0,0.0,0.0,0.0,0.0,0.0,0.0,0.0,0.0,0.0,0.0,0.0,0.0,0.0,0.0,0.0,0.0,0.0,0.0,0.0,0.0,0.0,0.0,0.0,0.0,0.0,0.0,0.0,0.0,0.0,0.0,0.0,0.0,0.0,0.0,0.0,0.0,0.0,0.0,0.0,0.0,0.0,0.0,0.0,0.0
275,275,275,MNLF,275,2024-08,2024-08-01,2024,8,55.0,Philippines,ucdp_actor_metadata_fallback,1,0.6931471805599453,False,True,16.0,13.0,2.833213344056216,2.6390573296152584,0.0,0.0,0.0,0.0,0.0,0.0,0.0,0.0,0.0,0.0,0.0,0.0,0.0,0.0,0.0,0.0,0.0,0.0,0.0,0.0,0.0,0.0,0.0,0.0,0.0,0.0,0.0,0.0,0.0,0.0,0.0,0.0,0.0,0.0,0.0,0.0,0.0,0.0,0.0,0.0,0.0,0.0,0.0,0.0,0.0,0.0,0.0,0.0,0.0,0.0,0.0,0.0,0.0
275,275,275,MNLF,275,2024-09,2024-09-01,2024,9,56.0,Philippines,ucdp_actor_metadata_fallback,1,0.6931471805599453,False,True,13.0,18.0,2.6390573296152584,2.9444389791664403,0.0,0.0,0.0,0.0,0.0,0.0,0.0,0.0,0.0,0.0,0.0,0.0,0.0,0.0,0.0,0.0,0.0,0.0,0.0,0.0,0.0,0.0,0.0,0.0,0.0,0.0,0.0,0.0,0.0,0.0,0.0,0.0,0.0,0.0,0.0,0.0,0.0,0.0,0.0,0.0,0.0,0.0,0.0,0.0,0.0,0.0,0.0,0.0,0.0,0.0,0.0,0.0,0.0
275,275,275,MNLF,275,2024-10,2024-10-01,2024,10,57.0,Philippines,ucdp_actor_metadata_fallback,1,0.6931471805599453,False,True,18.0,8.0,2.9444389791664403,2.1972245773362196,0.0,0.0,0.0,0.0,0.0,0.0,0.0,0.0,0.0,0.0,0.0,0.0,0.0,0.0,0.0,0.0,0.0,0.0,0.0,0.0,0.0,0.0,0.0,0.0,0.0,0.0,0.0,0.0,0.0,0.0,0.0,0.0,0.0,0.0,0.0,0.0,0.0,0.0,0.0,0.0,0.0,0.0,0.0,0.0,0.0,0.0,0.0,0.0,0.0,0.0,0.0,0.0,0.0
275,275,275,MNLF,275,2024-11,2024-11-01,2024,11,58.0,Philippines,ucdp_actor_metadata_fallback,1,0.6931471805599453,False,True,8.0,12.0,2.1972245773362196,2.5649493574615367,0.0,0.0,0.0,0.0,0.0,0.0,0.0,0.0,0.0,0.0,0.0,0.0,0.0,0.0,0.0,0.0,0.0,0.0,0.0,0.0,0.0,0.0,0.0,0.0,0.0,0.0,0.0,0.0,0.0,0.0,0.0,0.0,0.0,0.0,0.0,0.0,0.0,0.0,0.0,0.0,0.0,0.0,0.0,0.0,0.0,0.0,0.0,0.0,0.0,0.0,0.0,0.0,0.0
275,275,275,MNLF,275,2024-12,2024-12-01,2024,12,59.0,Philippines,ucdp_actor_metadata_fallback,1,0.6931471805599453,False,True,12.0,48.0,2.5649493574615367,3.8918202981106265,0.0,0.0,0.0,0.0,0.0,0.0,0.0,0.0,0.0,0.0,0.0,0.0,0.0,0.0,0.0,0.0,0.0,0.0,0.0,0.0,0.0,0.0,0.0,0.0,0.0,0.0,0.0,0.0,0.0,0.0,0.0,0.0,0.0,0.0,0.0,0.0,0.0,0.0,0.0,0.0,0.0,0.0,0.0,0.0,0.0,0.0,0.0,0.0,0.0,0.0,0.0,0.0,0.0
275,275,275,MNLF,275,2025-01,2025-01-01,2025,1,60.0,Philippines,ucdp_actor_metadata_fallback,1,0.6931471805599453,False,True,48.0,6.0,3.8918202981106265,1.9459101490553132,0.0,0.0,0.0,0.0,0.0,0.0,0.0,0.0,0.0,0.0,0.0,0.0,0.0,0.0,0.0,0.0,0.0,0.0,0.0,0.0,0.0,0.0,0.0,0.0,0.0,0.0,0.0,0.0,0.0,0.0,0.0,0.0,0.0,0.0,0.0,0.0,0.0,0.0,0.0,0.0,0.0,0.0,0.0,0.0,0.0,0.0,0.0,0.0,0.0,0.0,0.0,0.0,0.0
275,275,275,MNLF,275,2025-02,2025-02-01,2025,2,61.0,Philippines,ucdp_actor_metadata_fallback,1,0.6931471805599453,False,True,6.0,17.0,1.9459101490553132,2.8903717578961645,0.0,0.0,0.0,0.0,0.0,0.0,0.0,0.0,0.0,0.0,0.0,0.0,0.0,0.0,0.0,0.0,0.0,0.0,0.0,0.0,0.0,0.0,0.0,0.0,0.0,0.0,0.0,0.0,0.0,0.0,0.0,0.0,0.0,0.0,0.0,0.0,0.0,0.0,0.0,0.0,0.0,0.0,0.0,0.0,0.0,0.0,0.0,0.0,0.0,0.0,0.0,0.0,0.0
275,275,275,MNLF,275,2025-03,2025-03-01,2025,3,62.0,Philippines,ucdp_actor_metadata_fallback,1,0.6931471805599453,False,True,17.0,22.0,2.8903717578961645,3.1354942159291497,0.0,0.0,0.0,0.0,0.0,0.0,0.0,0.0,0.0,0.0,0.0,0.0,0.0,0.0,0.0,0.0,0.0,0.0,0.0,0.0,0.0,0.0,0.0,0.0,0.0,0.0,0.0,0.0,0.0,0.0,0.0,0.0,0.0,0.0,0.0,0.0,0.0,0.0,0.0,0.0,0.0,0.0,0.0,0.0,0.0,0.0,0.0,0.0,0.0,0.0,0.0,0.0,0.0
275,275,275,MNLF,275,2025-04,2025-04-01,2025,4,63.0,Philippines,ucdp_actor_metadata_fallback,1,0.6931471805599453,False,True,22.0,5.0,3.1354942159291497,1.791759469228055,2.0,2.0,2.0,1.0,1.0,2.0,1.0,2.0,1.0,0.0,0.0,0.0,0.0,0.0,0.0,0.0,0.0,2.0,0.0,0.0,0.5,0.6931471805599453,1.0,1.0986122886681098,0.5,0.6931471805599453,1.0,1.0986122886681098,0.5,0.6931471805599453,0.0,0.0,0.0,0.0,0.0,0.0,0.0,0.0,0.0,0.0,0.0,0.0,0.0,0.0,0.0,0.0,1.0,1.0986122886681098,0.0,0.0,0.0,0.0,1.0986122886681098
275,275,275,MNLF,275,2025-05,2025-05-01,2025,5,64.0,Philippines,ucdp_actor_metadata_fallback,1,0.6931471805599453,False,True,5.0,22.0,1.791759469228055,3.1354942159291497,0.0,0.0,0.0,0.0,0.0,0.0,0.0,0.0,0.0,0.0,0.0,0.0,0.0,0.0,0.0,0.0,0.0,0.0,0.0,0.0,0.0,0.0,0.0,0.0,0.0,0.0,0.0,0.0,0.0,0.0,0.0,0.0,0.0,0.0,0.0,0.0,0.0,0.0,0.0,0.0,0.0,0.0,0.0,0.0,0.0,0.0,0.0,0.0,0.0,0.0,0.0,0.0,0.0
275,275,275,MNLF,275,2025-06,2025-06-01,2025,6,65.0,Philippines,ucdp_actor_metadata_fallback,1,0.6931471805599453,False,True,22.0,18.0,3.1354942159291497,2.9444389791664403,0.0,0.0,0.0,0.0,0.0,0.0,0.0,0.0,0.0,0.0,0.0,0.0,0.0,0.0,0.0,0.0,0.0,0.0,0.0,0.0,0.0,0.0,0.0,0.0,0.0,0.0,0.0,0.0,0.0,0.0,0.0,0.0,0.0,0.0,0.0,0.0,0.0,0.0,0.0,0.0,0.0,0.0,0.0,0.0,0.0,0.0,0.0,0.0,0.0,0.0,0.0,0.0,0.0
275,275,275,MNLF,275,2025-07,2025-07-01,2025,7,66.0,Philippines,ucdp_actor_metadata_fallback,1,0.6931471805599453,False,True,18.0,19.0,2.9444389791664403,2.995732273553991,0.0,0.0,0.0,0.0,0.0,0.0,0.0,0.0,0.0,0.0,0.0,0.0,0.0,0.0,0.0,0.0,0.0,0.0,0.0,0.0,0.0,0.0,0.0,0.0,0.0,0.0,0.0,0.0,0.0,0.0,0.0,0.0,0.0,0.0,0.0,0.0,0.0,0.0,0.0,0.0,0.0,0.0,0.0,0.0,0.0,0.0,0.0,0.0,0.0,0.0,0.0,0.0,0.0
275,275,275,MNLF,275,2025-08,2025-08-01,2025,8,67.0,Philippines,ucdp_actor_metadata_fallback,1,0.6931471805599453,False,True,19.0,8.0,2.995732273553991,2.1972245773362196,0.0,0.0,0.0,0.0,0.0,0.0,0.0,0.0,0.0,0.0,0.0,0.0,0.0,0.0,0.0,0.0,0.0,0.0,0.0,0.0,0.0,0.0,0.0,0.0,0.0,0.0,0.0,0.0,0.0,0.0,0.0,0.0,0.0,0.0,0.0,0.0,0.0,0.0,0.0,0.0,0.0,0.0,0.0,0.0,0.0,0.0,0.0,0.0,0.0,0.0,0.0,0.0,0.0
275,275,275,MNLF,275,2025-09,2025-09-01,2025,9,68.0,Philippines,ucdp_actor_metadata_fallback,1,0.6931471805599453,False,True,8.0,2.0,2.1972245773362196,1.0986122886681098,0.0,0.0,0.0,0.0,0.0,0.0,0.0,0.0,0.0,0.0,0.0,0.0,0.0,0.0,0.0,0.0,0.0,0.0,0.0,0.0,0.0,0.0,0.0,0.0,0.0,0.0,0.0,0.0,0.0,0.0,0.0,0.0,0.0,0.0,0.0,0.0,0.0,0.0,0.0,0.0,0.0,0.0,0.0,0.0,0.0,0.0,0.0,0.0,0.0,0.0,0.0,0.0,0.0
275,275,275,MNLF,275,2025-10,2025-10-01,2025,10,69.0,Philippines,ucdp_actor_metadata_fallback,1,0.6931471805599453,False,True,2.0,7.0,1.0986122886681098,2.0794415416798357,0.0,0.0,0.0,0.0,0.0,0.0,0.0,0.0,0.0,0.0,0.0,0.0,0.0,0.0,0.0,0.0,0.0,0.0,0.0,0.0,0.0,0.0,0.0,0.0,0.0,0.0,0.0,0.0,0.0,0.0,0.0,0.0,0.0,0.0,0.0,0.0,0.0,0.0,0.0,0.0,0.0,0.0,0.0,0.0,0.0,0.0,0.0,0.0,0.0,0.0,0.0,0.0,0.0
275,275,275,MNLF,275,2025-11,2025-11-01,2025,11,70.0,Philippines,ucdp_actor_metadata_fallback,1,0.6931471805599453,False,True,7.0,23.0,2.0794415416798357,3.1780538303479458,0.0,0.0,0.0,0.0,0.0,0.0,0.0,0.0,0.0,0.0,0.0,0.0,0.0,0.0,0.0,0.0,0.0,0.0,0.0,0.0,0.0,0.0,0.0,0.0,0.0,0.0,0.0,0.0,0.0,0.0,0.0,0.0,0.0,0.0,0.0,0.0,0.0,0.0,0.0,0.0,0.0,0.0,0.0,0.0,0.0,0.0,0.0,0.0,0.0,0.0,0.0,0.0,0.0
275,275,275,MNLF,275,2025-12,2025-12-01,2025,12,71.0,Philippines,ucdp_actor_metadata_fallback,1,0.6931471805599453,False,False,23.0,,3.1780538303479458,,0.0,0.0,0.0,0.0,0.0,0.0,0.0,0.0,0.0,0.0,0.0,0.0,0.0,0.0,0.0,0.0,0.0,0.0,0.0,0.0,0.0,0.0,0.0,0.0,0.0,0.0,0.0,0.0,0.0,0.0,0.0,0.0,0.0,0.0,0.0,0.0,0.0,0.0,0.0,0.0,0.0,0.0,0.0,0.0,0.0,0.0,0.0,0.0,0.0,0.0,0.0,0.0,0.0
507,507,507,NPFL,507,2020-01,2020-01-01,2020,1,0.0,Ivory Coast; Liberia; Sierra Leone,ucdp_actor_metadata_fallback,3,1.3862943611198906,False,True,0.0,0.0,0.0,0.0,0.0,0.0,0.0,0.0,0.0,0.0,0.0,0.0,0.0,0.0,0.0,0.0,0.0,0.0,0.0,0.0,0.0,0.0,0.0,0.0,0.0,0.0,0.0,0.0,0.0,0.0,0.0,0.0,0.0,0.0,0.0,0.0,0.0,0.0,0.0,0.0,0.0,0.0,0.0,0.0,0.0,0.0,0.0,0.0,0.0,0.0,0.0,0.0,0.0,0.0,0.0,0.0,0.0
507,507,507,NPFL,507,2020-02,2020-02-01,2020,2,1.0,Ivory Coast; Liberia; Sierra Leone,ucdp_actor_metadata_fallback,3,1.3862943611198906,False,True,0.0,1.0,0.0,0.6931471805599453,0.0,0.0,0.0,0.0,0.0,0.0,0.0,0.0,0.0,0.0,0.0,0.0,0.0,0.0,0.0,0.0,0.0,0.0,0.0,0.0,0.0,0.0,0.0,0.0,0.0,0.0,0.0,0.0,0.0,0.0,0.0,0.0,0.0,0.0,0.0,0.0,0.0,0.0,0.0,0.0,0.0,0.0,0.0,0.0,0.0,0.0,0.0,0.0,0.0,0.0,0.0,0.0,0.0
507,507,507,NPFL,507,2020-03,2020-03-01,2020,3,2.0,Ivory Coast; Liberia; Sierra Leone,ucdp_actor_metadata_fallback,3,1.3862943611198906,False,True,1.0,1.0,0.6931471805599453,0.6931471805599453,0.0,0.0,0.0,0.0,0.0,0.0,0.0,0.0,0.0,0.0,0.0,0.0,0.0,0.0,0.0,0.0,0.0,0.0,0.0,0.0,0.0,0.0,0.0,0.0,0.0,0.0,0.0,0.0,0.0,0.0,0.0,0.0,0.0,0.0,0.0,0.0,0.0,0.0,0.0,0.0,0.0,0.0,0.0,0.0,0.0,0.0,0.0,0.0,0.0,0.0,0.0,0.0,0.0
507,507,507,NPFL,507,2020-04,2020-04-01,2020,4,3.0,Ivory Coast; Liberia; Sierra Leone,ucdp_actor_metadata_fallback,3,1.3862943611198906,False,True,1.0,0.0,0.6931471805599453,0.0,0.0,0.0,0.0,0.0,0.0,0.0,0.0,0.0,0.0,0.0,0.0,0.0,0.0,0.0,0.0,0.0,0.0,0.0,0.0,0.0,0.0,0.0,0.0,0.0,0.0,0.0,0.0,0.0,0.0,0.0,0.0,0.0,0.0,0.0,0.0,0.0,0.0,0.0,0.0,0.0,0.0,0.0,0.0,0.0,0.0,0.0,0.0,0.0,0.0,0.0,0.0,0.0,0.0
507,507,507,NPFL,507,2020-05,2020-05-01,2020,5,4.0,Ivory Coast; Liberia; Sierra Leone,ucdp_actor_metadata_fallback,3,1.3862943611198906,False,True,0.0,0.0,0.0,0.0,0.0,0.0,0.0,0.0,0.0,0.0,0.0,0.0,0.0,0.0,0.0,0.0,0.0,0.0,0.0,0.0,0.0,0.0,0.0,0.0,0.0,0.0,0.0,0.0,0.0,0.0,0.0,0.0,0.0,0.0,0.0,0.0,0.0,0.0,0.0,0.0,0.0,0.0,0.0,0.0,0.0,0.0,0.0,0.0,0.0,0.0,0.0,0.0,0.0,0.0,0.0,0.0,0.0
507,507,507,NPFL,507,2020-06,2020-06-01,2020,6,5.0,Ivory Coast; Liberia; Sierra Leone,ucdp_actor_metadata_fallback,3,1.3862943611198906,False,True,0.0,0.0,0.0,0.0,1.0,1.0,1.0,1.0,0.0,1.0,1.0,1.0,0.0,0.0,0.0,0.0,1.0,0.0,0.0,0.0,0.0,0.0,0.0,0.0,0.0,0.0,1.0,0.6931471805599453,1.0,0.6931471805599453,1.0,0.6931471805599453,0.0,0.0,0.0,0.0,0.0,0.0,0.0,0.0,1.0,0.6931471805599453,0.0,0.0,0.0,0.0,0.0,0.0,0.0,0.0,0.0,0.0,0.0,0.0,0.0,0.0,0.6931471805599453
507,507,507,NPFL,507,2020-07,2020-07-01,2020,7,6.0,Ivory Coast; Liberia; Sierra Leone,ucdp_actor_metadata_fallback,3,1.3862943611198906,False,True,0.0,0.0,0.0,0.0,0.0,0.0,0.0,0.0,0.0,0.0,0.0,0.0,0.0,0.0,0.0,0.0,0.0,0.0,0.0,0.0,0.0,0.0,0.0,0.0,0.0,0.0,0.0,0.0,0.0,0.0,0.0,0.0,0.0,0.0,0.0,0.0,0.0,0.0,0.0,0.0,0.0,0.0,0.0,0.0,0.0,0.0,0.0,0.0,0.0,0.0,0.0,0.0,0.0,0.0,0.0,0.0,0.0
507,507,507,NPFL,507,2020-08,2020-08-01,2020,8,7.0,Ivory Coast; Liberia; Sierra Leone,ucdp_actor_metadata_fallback,3,1.3862943611198906,False,True,0.0,0.0,0.0,0.0,1.0,1.0,1.0,1.0,1.0,1.0,1.0,0.0,0.0,0.0,0.0,0.0,1.0,0.0,0.0,0.0,0.0,0.0,0.0,0.0,1.0,0.6931471805599453,1.0,0.6931471805599453,1.0,0.6931471805599453,0.0,0.0,0.0,0.0,0.0,0.0,0.0,0.0,0.0,0.0,1.0,0.6931471805599453,0.0,0.0,0.0,0.0,0.0,0.0,0.0,0.0,0.0,0.0,0.0,0.0,0.0,0.0,0.6931471805599453
507,507,507,NPFL,507,2020-09,2020-09-01,2020,9,8.0,Ivory Coast; Liberia; Sierra Leone,ucdp_actor_metadata_fallback,3,1.3862943611198906,False,True,0.0,0.0,0.0,0.0,0.0,0.0,0.0,0.0,0.0,0.0,0.0,0.0,0.0,0.0,0.0,0.0,0.0,0.0,0.0,0.0,0.0,0.0,0.0,0.0,0.0,0.0,0.0,0.0,0.0,0.0,0.0,0.0,0.0,0.0,0.0,0.0,0.0,0.0,0.0,0.0,0.0,0.0,0.0,0.0,0.0,0.0,0.0,0.0,0.0,0.0,0.0,0.0,0.0,0.0,0.0,0.0,0.0
507,507,507,NPFL,507,2020-10,2020-10-01,2020,10,9.0,Ivory Coast; Liberia; Sierra Leone,ucdp_actor_metadata_fallback,3,1.3862943611198906,False,True,0.0,3.0,0.0,1.3862943611198906,0.0,0.0,0.0,0.0,0.0,0.0,0.0,0.0,0.0,0.0,0.0,0.0,0.0,0.0,0.0,0.0,0.0,0.0,0.0,0.0,0.0,0.0,0.0,0.0,0.0,0.0,0.0,0.0,0.0,0.0,0.0,0.0,0.0,0.0,0.0,0.0,0.0,0.0,0.0,0.0,0.0,0.0,0.0,0.0,0.0,0.0,0.0,0.0,0.0,0.0,0.0,0.0,0.0
507,507,507,NPFL,507,2020-11,2020-11-01,2020,11,10.0,Ivory Coast; Liberia; Sierra Leone,ucdp_actor_metadata_fallback,3,1.3862943611198906,False,True,3.0,0.0,1.3862943611198906,0.0,0.0,0.0,0.0,0.0,0.0,0.0,0.0,0.0,0.0,0.0,0.0,0.0,0.0,0.0,0.0,0.0,0.0,0.0,0.0,0.0,0.0,0.0,0.0,0.0,0.0,0.0,0.0,0.0,0.0,0.0,0.0,0.0,0.0,0.0,0.0,0.0,0.0,0.0,0.0,0.0,0.0,0.0,0.0,0.0,0.0,0.0,0.0,0.0,0.0,0.0,0.0,0.0,0.0
507,507,507,NPFL,507,2020-12,2020-12-01,2020,12,11.0,Ivory Coast; Liberia; Sierra Leone,ucdp_actor_metadata_fallback,3,1.3862943611198906,False,True,0.0,0.0,0.0,0.0,0.0,0.0,0.0,0.0,0.0,0.0,0.0,0.0,0.0,0.0,0.0,0.0,0.0,0.0,0.0,0.0,0.0,0.0,0.0,0.0,0.0,0.0,0.0,0.0,0.0,0.0,0.0,0.0,0.0,0.0,0.0,0.0,0.0,0.0,0.0,0.0,0.0,0.0,0.0,0.0,0.0,0.0,0.0,0.0,0.0,0.0,0.0,0.0,0.0,0.0,0.0,0.0,0.0
507,507,507,NPFL,507,2021-01,2021-01-01,2021,1,12.0,Ivory Coast; Liberia; Sierra Leone,ucdp_actor_metadata_fallback,3,1.3862943611198906,False,True,0.0,0.0,0.0,0.0,0.0,0.0,0.0,0.0,0.0,0.0,0.0,0.0,0.0,0.0,0.0,0.0,0.0,0.0,0.0,0.0,0.0,0.0,0.0,0.0,0.0,0.0,0.0,0.0,0.0,0.0,0.0,0.0,0.0,0.0,0.0,0.0,0.0,0.0,0.0,0.0,0.0,0.0,0.0,0.0,0.0,0.0,0.0,0.0,0.0,0.0,0.0,0.0,0.0,0.0,0.0,0.0,0.0
507,507,507,NPFL,507,2021-02,2021-02-01,2021,2,13.0,Ivory Coast; Liberia; Sierra Leone,ucdp_actor_metadata_fallback,3,1.3862943611198906,False,True,0.0,0.0,0.0,0.0,0.0,0.0,0.0,0.0,0.0,0.0,0.0,0.0,0.0,0.0,0.0,0.0,0.0,0.0,0.0,0.0,0.0,0.0,0.0,0.0,0.0,0.0,0.0,0.0,0.0,0.0,0.0,0.0,0.0,0.0,0.0,0.0,0.0,0.0,0.0,0.0,0.0,0.0,0.0,0.0,0.0,0.0,0.0,0.0,0.0,0.0,0.0,0.0,0.0,0.0,0.0,0.0,0.0
507,507,507,NPFL,507,2021-03,2021-03-01,2021,3,14.0,Ivory Coast; Liberia; Sierra Leone,ucdp_actor_metadata_fallback,3,1.3862943611198906,False,True,0.0,1.0,0.0,0.6931471805599453,0.0,0.0,0.0,0.0,0.0,0.0,0.0,0.0,0.0,0.0,0.0,0.0,0.0,0.0,0.0,0.0,0.0,0.0,0.0,0.0,0.0,0.0,0.0,0.0,0.0,0.0,0.0,0.0,0.0,0.0,0.0,0.0,0.0,0.0,0.0,0.0,0.0,0.0,0.0,0.0,0.0,0.0,0.0,0.0,0.0,0.0,0.0,0.0,0.0,0.0,0.0,0.0,0.0
507,507,507,NPFL,507,2021-04,2021-04-01,2021,4,15.0,Ivory Coast; Liberia; Sierra Leone,ucdp_actor_metadata_fallback,3,1.3862943611198906,False,True,1.0,0.0,0.6931471805599453,0.0,0.0,0.0,0.0,0.0,0.0,0.0,0.0,0.0,0.0,0.0,0.0,0.0,0.0,0.0,0.0,0.0,0.0,0.0,0.0,0.0,0.0,0.0,0.0,0.0,0.0,0.0,0.0,0.0,0.0,0.0,0.0,0.0,0.0,0.0,0.0,0.0,0.0,0.0,0.0,0.0,0.0,0.0,0.0,0.0,0.0,0.0,0.0,0.0,0.0,0.0,0.0,0.0,0.0
507,507,507,NPFL,507,2021-05,2021-05-01,2021,5,16.0,Ivory Coast; Liberia; Sierra Leone,ucdp_actor_metadata_fallback,3,1.3862943611198906,False,True,0.0,0.0,0.0,0.0,0.0,0.0,0.0,0.0,0.0,0.0,0.0,0.0,0.0,0.0,0.0,0.0,0.0,0.0,0.0,0.0,0.0,0.0,0.0,0.0,0.0,0.0,0.0,0.0,0.0,0.0,0.0,0.0,0.0,0.0,0.0,0.0,0.0,0.0,0.0,0.0,0.0,0.0,0.0,0.0,0.0,0.0,0.0,0.0,0.0,0.0,0.0,0.0,0.0,0.0,0.0,0.0,0.0
507,507,507,NPFL,507,2021-06,2021-06-01,2021,6,17.0,Ivory Coast; Liberia; Sierra Leone,ucdp_actor_metadata_fallback,3,1.3862943611198906,False,True,0.0,0.0,0.0,0.0,0.0,0.0,0.0,0.0,0.0,0.0,0.0,0.0,0.0,0.0,0.0,0.0,0.0,0.0,0.0,0.0,0.0,0.0,0.0,0.0,0.0,0.0,0.0,0.0,0.0,0.0,0.0,0.0,0.0,0.0,0.0,0.0,0.0,0.0,0.0,0.0,0.0,0.0,0.0,0.0,0.0,0.0,0.0,0.0,0.0,0.0,0.0,0.0,0.0,0.0,0.0,0.0,0.0
507,507,507,NPFL,507,2021-07,2021-07-01,2021,7,18.0,Ivory Coast; Liberia; Sierra Leone,ucdp_actor_metadata_fallback,3,1.3862943611198906,False,True,0.0,0.0,0.0,0.0,0.0,0.0,0.0,0.0,0.0,0.0,0.0,0.0,0.0,0.0,0.0,0.0,0.0,0.0,0.0,0.0,0.0,0.0,0.0,0.0,0.0,0.0,0.0,0.0,0.0,0.0,0.0,0.0,0.0,0.0,0.0,0.0,0.0,0.0,0.0,0.0,0.0,0.0,0.0,0.0,0.0,0.0,0.0,0.0,0.0,0.0,0.0,0.0,0.0,0.0,0.0,0.0,0.0
507,507,507,NPFL,507,2021-08,2021-08-01,2021,8,19.0,Ivory Coast; Liberia; Sierra Leone,ucdp_actor_metadata_fallback,3,1.3862943611198906,False,True,0.0,0.0,0.0,0.0,0.0,0.0,0.0,0.0,0.0,0.0,0.0,0.0,0.0,0.0,0.0,0.0,0.0,0.0,0.0,0.0,0.0,0.0,0.0,0.0,0.0,0.0,0.0,0.0,0.0,0.0,0.0,0.0,0.0,0.0,0.0,0.0,0.0,0.0,0.0,0.0,0.0,0.0,0.0,0.0,0.0,0.0,0.0,0.0,0.0,0.0,0.0,0.0,0.0,0.0,0.0,0.0,0.0
507,507,507,NPFL,507,2021-09,2021-09-01,2021,9,20.0,Ivory Coast; Liberia; Sierra Leone,ucdp_actor_metadata_fallback,3,1.3862943611198906,False,True,0.0,0.0,0.0,0.0,0.0,0.0,0.0,0.0,0.0,0.0,0.0,0.0,0.0,0.0,0.0,0.0,0.0,0.0,0.0,0.0,0.0,0.0,0.0,0.0,0.0,0.0,0.0,0.0,0.0,0.0,0.0,0.0,0.0,0.0,0.0,0.0,0.0,0.0,0.0,0.0,0.0,0.0,0.0,0.0,0.0,0.0,0.0,0.0,0.0,0.0,0.0,0.0,0.0,0.0,0.0,0.0,0.0
507,507,507,NPFL,507,2021-10,2021-10-01,2021,10,21.0,Ivory Coast; Liberia; Sierra Leone,ucdp_actor_metadata_fallback,3,1.3862943611198906,False,True,0.0,0.0,0.0,0.0,0.0,0.0,0.0,0.0,0.0,0.0,0.0,0.0,0.0,0.0,0.0,0.0,0.0,0.0,0.0,0.0,0.0,0.0,0.0,0.0,0.0,0.0,0.0,0.0,0.0,0.0,0.0,0.0,0.0,0.0,0.0,0.0,0.0,0.0,0.0,0.0,0.0,0.0,0.0,0.0,0.0,0.0,0.0,0.0,0.0,0.0,0.0,0.0,0.0,0.0,0.0,0.0,0.0
507,507,507,NPFL,507,2021-11,2021-11-01,2021,11,22.0,Ivory Coast; Liberia; Sierra Leone,ucdp_actor_metadata_fallback,3,1.3862943611198906,False,True,0.0,0.0,0.0,0.0,0.0,0.0,0.0,0.0,0.0,0.0,0.0,0.0,0.0,0.0,0.0,0.0,0.0,0.0,0.0,0.0,0.0,0.0,0.0,0.0,0.0,0.0,0.0,0.0,0.0,0.0,0.0,0.0,0.0,0.0,0.0,0.0,0.0,0.0,0.0,0.0,0.0,0.0,0.0,0.0,0.0,0.0,0.0,0.0,0.0,0.0,0.0,0.0,0.0,0.0,0.0,0.0,0.0
507,507,507,NPFL,507,2021-12,2021-12-01,2021,12,23.0,Ivory Coast; Liberia; Sierra Leone,ucdp_actor_metadata_fallback,3,1.3862943611198906,False,True,0.0,0.0,0.0,0.0,0.0,0.0,0.0,0.0,0.0,0.0,0.0,0.0,0.0,0.0,0.0,0.0,0.0,0.0,0.0,0.0,0.0,0.0,0.0,0.0,0.0,0.0,0.0,0.0,0.0,0.0,0.0,0.0,0.0,0.0,0.0,0.0,0.0,0.0,0.0,0.0,0.0,0.0,0.0,0.0,0.0,0.0,0.0,0.0,0.0,0.0,0.0,0.0,0.0,0.0,0.0,0.0,0.0
507,507,507,NPFL,507,2022-01,2022-01-01,2022,1,24.0,Ivory Coast; Liberia; Sierra Leone,ucdp_actor_metadata_fallback,3,1.3862943611198906,False,True,0.0,0.0,0.0,0.0,0.0,0.0,0.0,0.0,0.0,0.0,0.0,0.0,0.0,0.0,0.0,0.0,0.0,0.0,0.0,0.0,0.0,0.0,0.0,0.0,0.0,0.0,0.0,0.0,0.0,0.0,0.0,0.0,0.0,0.0,0.0,0.0,0.0,0.0,0.0,0.0,0.0,0.0,0.0,0.0,0.0,0.0,0.0,0.0,0.0,0.0,0.0,0.0,0.0,0.0,0.0,0.0,0.0
507,507,507,NPFL,507,2022-02,2022-02-01,2022,2,25.0,Ivory Coast; Liberia; Sierra Leone,ucdp_actor_metadata_fallback,3,1.3862943611198906,False,True,0.0,0.0,0.0,0.0,0.0,0.0,0.0,0.0,0.0,0.0,0.0,0.0,0.0,0.0,0.0,0.0,0.0,0.0,0.0,0.0,0.0,0.0,0.0,0.0,0.0,0.0,0.0,0.0,0.0,0.0,0.0,0.0,0.0,0.0,0.0,0.0,0.0,0.0,0.0,0.0,0.0,0.0,0.0,0.0,0.0,0.0,0.0,0.0,0.0,0.0,0.0,0.0,0.0,0.0,0.0,0.0,0.0
507,507,507,NPFL,507,2022-03,2022-03-01,2022,3,26.0,Ivory Coast; Liberia; Sierra Leone,ucdp_actor_metadata_fallback,3,1.3862943611198906,False,True,0.0,0.0,0.0,0.0,0.0,0.0,0.0,0.0,0.0,0.0,0.0,0.0,0.0,0.0,0.0,0.0,0.0,0.0,0.0,0.0,0.0,0.0,0.0,0.0,0.0,0.0,0.0,0.0,0.0,0.0,0.0,0.0,0.0,0.0,0.0,0.0,0.0,0.0,0.0,0.0,0.0,0.0,0.0,0.0,0.0,0.0,0.0,0.0,0.0,0.0,0.0,0.0,0.0,0.0,0.0,0.0,0.0
507,507,507,NPFL,507,2022-04,2022-04-01,2022,4,27.0,Ivory Coast; Liberia; Sierra Leone,ucdp_actor_metadata_fallback,3,1.3862943611198906,False,True,0.0,0.0,0.0,0.0,0.0,0.0,0.0,0.0,0.0,0.0,0.0,0.0,0.0,0.0,0.0,0.0,0.0,0.0,0.0,0.0,0.0,0.0,0.0,0.0,0.0,0.0,0.0,0.0,0.0,0.0,0.0,0.0,0.0,0.0,0.0,0.0,0.0,0.0,0.0,0.0,0.0,0.0,0.0,0.0,0.0,0.0,0.0,0.0,0.0,0.0,0.0,0.0,0.0,0.0,0.0,0.0,0.0
507,507,507,NPFL,507,2022-05,2022-05-01,2022,5,28.0,Ivory Coast; Liberia; Sierra Leone,ucdp_actor_metadata_fallback,3,1.3862943611198906,False,True,0.0,0.0,0.0,0.0,0.0,0.0,0.0,0.0,0.0,0.0,0.0,0.0,0.0,0.0,0.0,0.0,0.0,0.0,0.0,0.0,0.0,0.0,0.0,0.0,0.0,0.0,0.0,0.0,0.0,0.0,0.0,0.0,0.0,0.0,0.0,0.0,0.0,0.0,0.0,0.0,0.0,0.0,0.0,0.0,0.0,0.0,0.0,0.0,0.0,0.0,0.0,0.0,0.0,0.0,0.0,0.0,0.0
507,507,507,NPFL,507,2022-06,2022-06-01,2022,6,29.0,Ivory Coast; Liberia; Sierra Leone,ucdp_actor_metadata_fallback,3,1.3862943611198906,False,True,0.0,0.0,0.0,0.0,0.0,0.0,0.0,0.0,0.0,0.0,0.0,0.0,0.0,0.0,0.0,0.0,0.0,0.0,0.0,0.0,0.0,0.0,0.0,0.0,0.0,0.0,0.0,0.0,0.0,0.0,0.0,0.0,0.0,0.0,0.0,0.0,0.0,0.0,0.0,0.0,0.0,0.0,0.0,0.0,0.0,0.0,0.0,0.0,0.0,0.0,0.0,0.0,0.0,0.0,0.0,0.0,0.0
507,507,507,NPFL,507,2022-07,2022-07-01,2022,7,30.0,Ivory Coast; Liberia; Sierra Leone,ucdp_actor_metadata_fallback,3,1.3862943611198906,False,True,0.0,0.0,0.0,0.0,0.0,0.0,0.0,0.0,0.0,0.0,0.0,0.0,0.0,0.0,0.0,0.0,0.0,0.0,0.0,0.0,0.0,0.0,0.0,0.0,0.0,0.0,0.0,0.0,0.0,0.0,0.0,0.0,0.0,0.0,0.0,0.0,0.0,0.0,0.0,0.0,0.0,0.0,0.0,0.0,0.0,0.0,0.0,0.0,0.0,0.0,0.0,0.0,0.0,0.0,0.0,0.0,0.0
507,507,507,NPFL,507,2022-08,2022-08-01,2022,8,31.0,Ivory Coast; Liberia; Sierra Leone,ucdp_actor_metadata_fallback,3,1.3862943611198906,False,True,0.0,0.0,0.0,0.0,0.0,0.0,0.0,0.0,0.0,0.0,0.0,0.0,0.0,0.0,0.0,0.0,0.0,0.0,0.0,0.0,0.0,0.0,0.0,0.0,0.0,0.0,0.0,0.0,0.0,0.0,0.0,0.0,0.0,0.0,0.0,0.0,0.0,0.0,0.0,0.0,0.0,0.0,0.0,0.0,0.0,0.0,0.0,0.0,0.0,0.0,0.0,0.0,0.0,0.0,0.0,0.0,0.0
507,507,507,NPFL,507,2022-09,2022-09-01,2022,9,32.0,Ivory Coast; Liberia; Sierra Leone,ucdp_actor_metadata_fallback,3,1.3862943611198906,False,True,0.0,0.0,0.0,0.0,0.0,0.0,0.0,0.0,0.0,0.0,0.0,0.0,0.0,0.0,0.0,0.0,0.0,0.0,0.0,0.0,0.0,0.0,0.0,0.0,0.0,0.0,0.0,0.0,0.0,0.0,0.0,0.0,0.0,0.0,0.0,0.0,0.0,0.0,0.0,0.0,0.0,0.0,0.0,0.0,0.0,0.0,0.0,0.0,0.0,0.0,0.0,0.0,0.0,0.0,0.0,0.0,0.0
507,507,507,NPFL,507,2022-10,2022-10-01,2022,10,33.0,Ivory Coast; Liberia; Sierra Leone,ucdp_actor_metadata_fallback,3,1.3862943611198906,False,True,0.0,0.0,0.0,0.0,0.0,0.0,0.0,0.0,0.0,0.0,0.0,0.0,0.0,0.0,0.0,0.0,0.0,0.0,0.0,0.0,0.0,0.0,0.0,0.0,0.0,0.0,0.0,0.0,0.0,0.0,0.0,0.0,0.0,0.0,0.0,0.0,0.0,0.0,0.0,0.0,0.0,0.0,0.0,0.0,0.0,0.0,0.0,0.0,0.0,0.0,0.0,0.0,0.0,0.0,0.0,0.0,0.0
507,507,507,NPFL,507,2022-11,2022-11-01,2022,11,34.0,Ivory Coast; Liberia; Sierra Leone,ucdp_actor_metadata_fallback,3,1.3862943611198906,False,True,0.0,0.0,0.0,0.0,0.0,0.0,0.0,0.0,0.0,0.0,0.0,0.0,0.0,0.0,0.0,0.0,0.0,0.0,0.0,0.0,0.0,0.0,0.0,0.0,0.0,0.0,0.0,0.0,0.0,0.0,0.0,0.0,0.0,0.0,0.0,0.0,0.0,0.0,0.0,0.0,0.0,0.0,0.0,0.0,0.0,0.0,0.0,0.0,0.0,0.0,0.0,0.0,0.0,0.0,0.0,0.0,0.0
507,507,507,NPFL,507,2022-12,2022-12-01,2022,12,35.0,Ivory Coast; Liberia; Sierra Leone,ucdp_actor_metadata_fallback,3,1.3862943611198906,False,True,0.0,0.0,0.0,0.0,0.0,0.0,0.0,0.0,0.0,0.0,0.0,0.0,0.0,0.0,0.0,0.0,0.0,0.0,0.0,0.0,0.0,0.0,0.0,0.0,0.0,0.0,0.0,0.0,0.0,0.0,0.0,0.0,0.0,0.0,0.0,0.0,0.0,0.0,0.0,0.0,0.0,0.0,0.0,0.0,0.0,0.0,0.0,0.0,0.0,0.0,0.0,0.0,0.0,0.0,0.0,0.0,0.0
507,507,507,NPFL,507,2023-01,2023-01-01,2023,1,36.0,Ivory Coast; Liberia; Sierra Leone,ucdp_actor_metadata_fallback,3,1.3862943611198906,False,True,0.0,0.0,0.0,0.0,0.0,0.0,0.0,0.0,0.0,0.0,0.0,0.0,0.0,0.0,0.0,0.0,0.0,0.0,0.0,0.0,0.0,0.0,0.0,0.0,0.0,0.0,0.0,0.0,0.0,0.0,0.0,0.0,0.0,0.0,0.0,0.0,0.0,0.0,0.0,0.0,0.0,0.0,0.0,0.0,0.0,0.0,0.0,0.0,0.0,0.0,0.0,0.0,0.0,0.0,0.0,0.0,0.0
507,507,507,NPFL,507,2023-02,2023-02-01,2023,2,37.0,Ivory Coast; Liberia; Sierra Leone,ucdp_actor_metadata_fallback,3,1.3862943611198906,False,True,0.0,0.0,0.0,0.0,0.0,0.0,0.0,0.0,0.0,0.0,0.0,0.0,0.0,0.0,0.0,0.0,0.0,0.0,0.0,0.0,0.0,0.0,0.0,0.0,0.0,0.0,0.0,0.0,0.0,0.0,0.0,0.0,0.0,0.0,0.0,0.0,0.0,0.0,0.0,0.0,0.0,0.0,0.0,0.0,0.0,0.0,0.0,0.0,0.0,0.0,0.0,0.0,0.0,0.0,0.0,0.0,0.0
507,507,507,NPFL,507,2023-03,2023-03-01,2023,3,38.0,Ivory Coast; Liberia; Sierra Leone,ucdp_actor_metadata_fallback,3,1.3862943611198906,False,True,0.0,0.0,0.0,0.0,0.0,0.0,0.0,0.0,0.0,0.0,0.0,0.0,0.0,0.0,0.0,0.0,0.0,0.0,0.0,0.0,0.0,0.0,0.0,0.0,0.0,0.0,0.0,0.0,0.0,0.0,0.0,0.0,0.0,0.0,0.0,0.0,0.0,0.0,0.0,0.0,0.0,0.0,0.0,0.0,0.0,0.0,0.0,0.0,0.0,0.0,0.0,0.0,0.0,0.0,0.0,0.0,0.0
507,507,507,NPFL,507,2023-04,2023-04-01,2023,4,39.0,Ivory Coast; Liberia; Sierra Leone,ucdp_actor_metadata_fallback,3,1.3862943611198906,False,True,0.0,0.0,0.0,0.0,0.0,0.0,0.0,0.0,0.0,0.0,0.0,0.0,0.0,0.0,0.0,0.0,0.0,0.0,0.0,0.0,0.0,0.0,0.0,0.0,0.0,0.0,0.0,0.0,0.0,0.0,0.0,0.0,0.0,0.0,0.0,0.0,0.0,0.0,0.0,0.0,0.0,0.0,0.0,0.0,0.0,0.0,0.0,0.0,0.0,0.0,0.0,0.0,0.0,0.0,0.0,0.0,0.0
507,507,507,NPFL,507,2023-05,2023-05-01,2023,5,40.0,Ivory Coast; Liberia; Sierra Leone,ucdp_actor_metadata_fallback,3,1.3862943611198906,False,True,0.0,0.0,0.0,0.0,0.0,0.0,0.0,0.0,0.0,0.0,0.0,0.0,0.0,0.0,0.0,0.0,0.0,0.0,0.0,0.0,0.0,0.0,0.0,0.0,0.0,0.0,0.0,0.0,0.0,0.0,0.0,0.0,0.0,0.0,0.0,0.0,0.0,0.0,0.0,0.0,0.0,0.0,0.0,0.0,0.0,0.0,0.0,0.0,0.0,0.0,0.0,0.0,0.0,0.0,0.0,0.0,0.0
507,507,507,NPFL,507,2023-06,2023-06-01,2023,6,41.0,Ivory Coast; Liberia; Sierra Leone,ucdp_actor_metadata_fallback,3,1.3862943611198906,False,True,0.0,0.0,0.0,0.0,0.0,0.0,0.0,0.0,0.0,0.0,0.0,0.0,0.0,0.0,0.0,0.0,0.0,0.0,0.0,0.0,0.0,0.0,0.0,0.0,0.0,0.0,0.0,0.0,0.0,0.0,0.0,0.0,0.0,0.0,0.0,0.0,0.0,0.0,0.0,0.0,0.0,0.0,0.0,0.0,0.0,0.0,0.0,0.0,0.0,0.0,0.0,0.0,0.0,0.0,0.0,0.0,0.0
507,507,507,NPFL,507,2023-07,2023-07-01,2023,7,42.0,Ivory Coast; Liberia; Sierra Leone,ucdp_actor_metadata_fallback,3,1.3862943611198906,False,True,0.0,0.0,0.0,0.0,0.0,0.0,0.0,0.0,0.0,0.0,0.0,0.0,0.0,0.0,0.0,0.0,0.0,0.0,0.0,0.0,0.0,0.0,0.0,0.0,0.0,0.0,0.0,0.0,0.0,0.0,0.0,0.0,0.0,0.0,0.0,0.0,0.0,0.0,0.0,0.0,0.0,0.0,0.0,0.0,0.0,0.0,0.0,0.0,0.0,0.0,0.0,0.0,0.0,0.0,0.0,0.0,0.0
507,507,507,NPFL,507,2023-08,2023-08-01,2023,8,43.0,Ivory Coast; Liberia; Sierra Leone,ucdp_actor_metadata_fallback,3,1.3862943611198906,False,True,0.0,0.0,0.0,0.0,0.0,0.0,0.0,0.0,0.0,0.0,0.0,0.0,0.0,0.0,0.0,0.0,0.0,0.0,0.0,0.0,0.0,0.0,0.0,0.0,0.0,0.0,0.0,0.0,0.0,0.0,0.0,0.0,0.0,0.0,0.0,0.0,0.0,0.0,0.0,0.0,0.0,0.0,0.0,0.0,0.0,0.0,0.0,0.0,0.0,0.0,0.0,0.0,0.0,0.0,0.0,0.0,0.0
507,507,507,NPFL,507,2023-09,2023-09-01,2023,9,44.0,Ivory Coast; Liberia; Sierra Leone,ucdp_actor_metadata_fallback,3,1.3862943611198906,False,True,0.0,0.0,0.0,0.0,0.0,0.0,0.0,0.0,0.0,0.0,0.0,0.0,0.0,0.0,0.0,0.0,0.0,0.0,0.0,0.0,0.0,0.0,0.0,0.0,0.0,0.0,0.0,0.0,0.0,0.0,0.0,0.0,0.0,0.0,0.0,0.0,0.0,0.0,0.0,0.0,0.0,0.0,0.0,0.0,0.0,0.0,0.0,0.0,0.0,0.0,0.0,0.0,0.0,0.0,0.0,0.0,0.0
507,507,507,NPFL,507,2023-10,2023-10-01,2023,10,45.0,Ivory Coast; Liberia; Sierra Leone,ucdp_actor_metadata_fallback,3,1.3862943611198906,False,True,0.0,0.0,0.0,0.0,0.0,0.0,0.0,0.0,0.0,0.0,0.0,0.0,0.0,0.0,0.0,0.0,0.0,0.0,0.0,0.0,0.0,0.0,0.0,0.0,0.0,0.0,0.0,0.0,0.0,0.0,0.0,0.0,0.0,0.0,0.0,0.0,0.0,0.0,0.0,0.0,0.0,0.0,0.0,0.0,0.0,0.0,0.0,0.0,0.0,0.0,0.0,0.0,0.0,0.0,0.0,0.0,0.0
507,507,507,NPFL,507,2023-11,2023-11-01,2023,11,46.0,Ivory Coast; Liberia; Sierra Leone,ucdp_actor_metadata_fallback,3,1.3862943611198906,False,True,0.0,0.0,0.0,0.0,0.0,0.0,0.0,0.0,0.0,0.0,0.0,0.0,0.0,0.0,0.0,0.0,0.0,0.0,0.0,0.0,0.0,0.0,0.0,0.0,0.0,0.0,0.0,0.0,0.0,0.0,0.0,0.0,0.0,0.0,0.0,0.0,0.0,0.0,0.0,0.0,0.0,0.0,0.0,0.0,0.0,0.0,0.0,0.0,0.0,0.0,0.0,0.0,0.0,0.0,0.0,0.0,0.0
507,507,507,NPFL,507,2023-12,2023-12-01,2023,12,47.0,Ivory Coast; Liberia; Sierra Leone,ucdp_actor_metadata_fallback,3,1.3862943611198906,False,True,0.0,0.0,0.0,0.0,0.0,0.0,0.0,0.0,0.0,0.0,0.0,0.0,0.0,0.0,0.0,0.0,0.0,0.0,0.0,0.0,0.0,0.0,0.0,0.0,0.0,0.0,0.0,0.0,0.0,0.0,0.0,0.0,0.0,0.0,0.0,0.0,0.0,0.0,0.0,0.0,0.0,0.0,0.0,0.0,0.0,0.0,0.0,0.0,0.0,0.0,0.0,0.0,0.0,0.0,0.0,0.0,0.0
507,507,507,NPFL,507,2024-01,2024-01-01,2024,1,48.0,Ivory Coast; Liberia; Sierra Leone,ucdp_actor_metadata_fallback,3,1.3862943611198906,False,True,0.0,0.0,0.0,0.0,0.0,0.0,0.0,0.0,0.0,0.0,0.0,0.0,0.0,0.0,0.0,0.0,0.0,0.0,0.0,0.0,0.0,0.0,0.0,0.0,0.0,0.0,0.0,0.0,0.0,0.0,0.0,0.0,0.0,0.0,0.0,0.0,0.0,0.0,0.0,0.0,0.0,0.0,0.0,0.0,0.0,0.0,0.0,0.0,0.0,0.0,0.0,0.0,0.0,0.0,0.0,0.0,0.0
507,507,507,NPFL,507,2024-02,2024-02-01,2024,2,49.0,Ivory Coast; Liberia; Sierra Leone,ucdp_actor_metadata_fallback,3,1.3862943611198906,False,True,0.0,0.0,0.0,0.0,0.0,0.0,0.0,0.0,0.0,0.0,0.0,0.0,0.0,0.0,0.0,0.0,0.0,0.0,0.0,0.0,0.0,0.0,0.0,0.0,0.0,0.0,0.0,0.0,0.0,0.0,0.0,0.0,0.0,0.0,0.0,0.0,0.0,0.0,0.0,0.0,0.0,0.0,0.0,0.0,0.0,0.0,0.0,0.0,0.0,0.0,0.0,0.0,0.0,0.0,0.0,0.0,0.0
507,507,507,NPFL,507,2024-03,2024-03-01,2024,3,50.0,Ivory Coast; Liberia; Sierra Leone,ucdp_actor_metadata_fallback,3,1.3862943611198906,False,True,0.0,0.0,0.0,0.0,0.0,0.0,0.0,0.0,0.0,0.0,0.0,0.0,0.0,0.0,0.0,0.0,0.0,0.0,0.0,0.0,0.0,0.0,0.0,0.0,0.0,0.0,0.0,0.0,0.0,0.0,0.0,0.0,0.0,0.0,0.0,0.0,0.0,0.0,0.0,0.0,0.0,0.0,0.0,0.0,0.0,0.0,0.0,0.0,0.0,0.0,0.0,0.0,0.0,0.0,0.0,0.0,0.0
507,507,507,NPFL,507,2024-04,2024-04-01,2024,4,51.0,Ivory Coast; Liberia; Sierra Leone,ucdp_actor_metadata_fallback,3,1.3862943611198906,False,True,0.0,0.0,0.0,0.0,1.0,1.0,1.0,1.0,0.0,1.0,1.0,1.0,0.0,0.0,0.0,0.0,0.0,0.0,0.0,0.0,0.0,1.0,0.0,0.0,0.0,0.0,1.0,0.6931471805599453,1.0,0.6931471805599453,1.0,0.6931471805599453,0.0,0.0,0.0,0.0,0.0,0.0,0.0,0.0,0.0,0.0,0.0,0.0,0.0,0.0,0.0,0.0,0.0,0.0,1.0,0.6931471805599453,0.0,0.0,0.0,0.0,0.6931471805599453
507,507,507,NPFL,507,2024-05,2024-05-01,2024,5,52.0,Ivory Coast; Liberia; Sierra Leone,ucdp_actor_metadata_fallback,3,1.3862943611198906,False,True,0.0,0.0,0.0,0.0,1.0,1.0,1.0,1.0,1.0,1.0,0.0,0.0,0.0,0.0,0.0,0.0,0.0,0.0,0.0,1.0,0.0,0.0,0.0,0.0,1.0,0.6931471805599453,1.0,0.6931471805599453,0.0,0.0,0.0,0.0,0.0,0.0,0.0,0.0,0.0,0.0,0.0,0.0,0.0,0.0,0.0,0.0,0.0,0.0,1.0,0.6931471805599453,0.0,0.0,0.0,0.0,0.0,0.0,0.0,0.0,0.6931471805599453
507,507,507,NPFL,507,2024-06,2024-06-01,2024,6,53.0,Ivory Coast; Liberia; Sierra Leone,ucdp_actor_metadata_fallback,3,1.3862943611198906,False,True,0.0,1.0,0.0,0.6931471805599453,0.0,0.0,0.0,0.0,0.0,0.0,0.0,0.0,0.0,0.0,0.0,0.0,0.0,0.0,0.0,0.0,0.0,0.0,0.0,0.0,0.0,0.0,0.0,0.0,0.0,0.0,0.0,0.0,0.0,0.0,0.0,0.0,0.0,0.0,0.0,0.0,0.0,0.0,0.0,0.0,0.0,0.0,0.0,0.0,0.0,0.0,0.0,0.0,0.0,0.0,0.0,0.0,0.0
507,507,507,NPFL,507,2024-07,2024-07-01,2024,7,54.0,Ivory Coast; Liberia; Sierra Leone,ucdp_actor_metadata_fallback,3,1.3862943611198906,False,True,1.0,0.0,0.6931471805599453,0.0,0.0,0.0,0.0,0.0,0.0,0.0,0.0,0.0,0.0,0.0,0.0,0.0,0.0,0.0,0.0,0.0,0.0,0.0,0.0,0.0,0.0,0.0,0.0,0.0,0.0,0.0,0.0,0.0,0.0,0.0,0.0,0.0,0.0,0.0,0.0,0.0,0.0,0.0,0.0,0.0,0.0,0.0,0.0,0.0,0.0,0.0,0.0,0.0,0.0,0.0,0.0,0.0,0.0
507,507,507,NPFL,507,2024-08,2024-08-01,2024,8,55.0,Ivory Coast; Liberia; Sierra Leone,ucdp_actor_metadata_fallback,3,1.3862943611198906,False,True,0.0,0.0,0.0,0.0,0.0,0.0,0.0,0.0,0.0,0.0,0.0,0.0,0.0,0.0,0.0,0.0,0.0,0.0,0.0,0.0,0.0,0.0,0.0,0.0,0.0,0.0,0.0,0.0,0.0,0.0,0.0,0.0,0.0,0.0,0.0,0.0,0.0,0.0,0.0,0.0,0.0,0.0,0.0,0.0,0.0,0.0,0.0,0.0,0.0,0.0,0.0,0.0,0.0,0.0,0.0,0.0,0.0
507,507,507,NPFL,507,2024-09,2024-09-01,2024,9,56.0,Ivory Coast; Liberia; Sierra Leone,ucdp_actor_metadata_fallback,3,1.3862943611198906,False,True,0.0,0.0,0.0,0.0,0.0,0.0,0.0,0.0,0.0,0.0,0.0,0.0,0.0,0.0,0.0,0.0,0.0,0.0,0.0,0.0,0.0,0.0,0.0,0.0,0.0,0.0,0.0,0.0,0.0,0.0,0.0,0.0,0.0,0.0,0.0,0.0,0.0,0.0,0.0,0.0,0.0,0.0,0.0,0.0,0.0,0.0,0.0,0.0,0.0,0.0,0.0,0.0,0.0,0.0,0.0,0.0,0.0
507,507,507,NPFL,507,2024-10,2024-10-01,2024,10,57.0,Ivory Coast; Liberia; Sierra Leone,ucdp_actor_metadata_fallback,3,1.3862943611198906,False,True,0.0,0.0,0.0,0.0,1.0,1.0,1.0,1.0,1.0,1.0,0.0,1.0,0.0,0.0,0.0,1.0,0.0,0.0,0.0,0.0,0.0,0.0,0.0,0.0,1.0,0.6931471805599453,1.0,0.6931471805599453,0.0,0.0,1.0,0.6931471805599453,0.0,0.0,0.0,0.0,0.0,0.0,1.0,0.6931471805599453,0.0,0.0,0.0,0.0,0.0,0.0,0.0,0.0,0.0,0.0,0.0,0.0,0.0,0.0,0.0,0.0,0.6931471805599453
507,507,507,NPFL,507,2024-11,2024-11-01,2024,11,58.0,Ivory Coast; Liberia; Sierra Leone,ucdp_actor_metadata_fallback,3,1.3862943611198906,False,True,0.0,0.0,0.0,0.0,0.0,0.0,0.0,0.0,0.0,0.0,0.0,0.0,0.0,0.0,0.0,0.0,0.0,0.0,0.0,0.0,0.0,0.0,0.0,0.0,0.0,0.0,0.0,0.0,0.0,0.0,0.0,0.0,0.0,0.0,0.0,0.0,0.0,0.0,0.0,0.0,0.0,0.0,0.0,0.0,0.0,0.0,0.0,0.0,0.0,0.0,0.0,0.0,0.0,0.0,0.0,0.0,0.0
507,507,507,NPFL,507,2024-12,2024-12-01,2024,12,59.0,Ivory Coast; Liberia; Sierra Leone,ucdp_actor_metadata_fallback,3,1.3862943611198906,False,True,0.0,0.0,0.0,0.0,0.0,0.0,0.0,0.0,0.0,0.0,0.0,0.0,0.0,0.0,0.0,0.0,0.0,0.0,0.0,0.0,0.0,0.0,0.0,0.0,0.0,0.0,0.0,0.0,0.0,0.0,0.0,0.0,0.0,0.0,0.0,0.0,0.0,0.0,0.0,0.0,0.0,0.0,0.0,0.0,0.0,0.0,0.0,0.0,0.0,0.0,0.0,0.0,0.0,0.0,0.0,0.0,0.0
507,507,507,NPFL,507,2025-01,2025-01-01,2025,1,60.0,Ivory Coast; Liberia; Sierra Leone,ucdp_actor_metadata_fallback,3,1.3862943611198906,False,True,0.0,0.0,0.0,0.0,0.0,0.0,0.0,0.0,0.0,0.0,0.0,0.0,0.0,0.0,0.0,0.0,0.0,0.0,0.0,0.0,0.0,0.0,0.0,0.0,0.0,0.0,0.0,0.0,0.0,0.0,0.0,0.0,0.0,0.0,0.0,0.0,0.0,0.0,0.0,0.0,0.0,0.0,0.0,0.0,0.0,0.0,0.0,0.0,0.0,0.0,0.0,0.0,0.0,0.0,0.0,0.0,0.0
507,507,507,NPFL,507,2025-02,2025-02-01,2025,2,61.0,Ivory Coast; Liberia; Sierra Leone,ucdp_actor_metadata_fallback,3,1.3862943611198906,False,True,0.0,0.0,0.0,0.0,0.0,0.0,0.0,0.0,0.0,0.0,0.0,0.0,0.0,0.0,0.0,0.0,0.0,0.0,0.0,0.0,0.0,0.0,0.0,0.0,0.0,0.0,0.0,0.0,0.0,0.0,0.0,0.0,0.0,0.0,0.0,0.0,0.0,0.0,0.0,0.0,0.0,0.0,0.0,0.0,0.0,0.0,0.0,0.0,0.0,0.0,0.0,0.0,0.0,0.0,0.0,0.0,0.0
507,507,507,NPFL,507,2025-03,2025-03-01,2025,3,62.0,Ivory Coast; Liberia; Sierra Leone,ucdp_actor_metadata_fallback,3,1.3862943611198906,False,True,0.0,0.0,0.0,0.0,0.0,0.0,0.0,0.0,0.0,0.0,0.0,0.0,0.0,0.0,0.0,0.0,0.0,0.0,0.0,0.0,0.0,0.0,0.0,0.0,0.0,0.0,0.0,0.0,0.0,0.0,0.0,0.0,0.0,0.0,0.0,0.0,0.0,0.0,0.0,0.0,0.0,0.0,0.0,0.0,0.0,0.0,0.0,0.0,0.0,0.0,0.0,0.0,0.0,0.0,0.0,0.0,0.0
507,507,507,NPFL,507,2025-04,2025-04-01,2025,4,63.0,Ivory Coast; Liberia; Sierra Leone,ucdp_actor_metadata_fallback,3,1.3862943611198906,False,True,0.0,0.0,0.0,0.0,0.0,0.0,0.0,0.0,0.0,0.0,0.0,0.0,0.0,0.0,0.0,0.0,0.0,0.0,0.0,0.0,0.0,0.0,0.0,0.0,0.0,0.0,0.0,0.0,0.0,0.0,0.0,0.0,0.0,0.0,0.0,0.0,0.0,0.0,0.0,0.0,0.0,0.0,0.0,0.0,0.0,0.0,0.0,0.0,0.0,0.0,0.0,0.0,0.0,0.0,0.0,0.0,0.0
507,507,507,NPFL,507,2025-05,2025-05-01,2025,5,64.0,Ivory Coast; Liberia; Sierra Leone,ucdp_actor_metadata_fallback,3,1.3862943611198906,False,True,0.0,0.0,0.0,0.0,0.0,0.0,0.0,0.0,0.0,0.0,0.0,0.0,0.0,0.0,0.0,0.0,0.0,0.0,0.0,0.0,0.0,0.0,0.0,0.0,0.0,0.0,0.0,0.0,0.0,0.0,0.0,0.0,0.0,0.0,0.0,0.0,0.0,0.0,0.0,0.0,0.0,0.0,0.0,0.0,0.0,0.0,0.0,0.0,0.0,0.0,0.0,0.0,0.0,0.0,0.0,0.0,0.0
507,507,507,NPFL,507,2025-06,2025-06-01,2025,6,65.0,Ivory Coast; Liberia; Sierra Leone,ucdp_actor_metadata_fallback,3,1.3862943611198906,False,True,0.0,0.0,0.0,0.0,0.0,0.0,0.0,0.0,0.0,0.0,0.0,0.0,0.0,0.0,0.0,0.0,0.0,0.0,0.0,0.0,0.0,0.0,0.0,0.0,0.0,0.0,0.0,0.0,0.0,0.0,0.0,0.0,0.0,0.0,0.0,0.0,0.0,0.0,0.0,0.0,0.0,0.0,0.0,0.0,0.0,0.0,0.0,0.0,0.0,0.0,0.0,0.0,0.0,0.0,0.0,0.0,0.0
507,507,507,NPFL,507,2025-07,2025-07-01,2025,7,66.0,Ivory Coast; Liberia; Sierra Leone,ucdp_actor_metadata_fallback,3,1.3862943611198906,False,True,0.0,0.0,0.0,0.0,0.0,0.0,0.0,0.0,0.0,0.0,0.0,0.0,0.0,0.0,0.0,0.0,0.0,0.0,0.0,0.0,0.0,0.0,0.0,0.0,0.0,0.0,0.0,0.0,0.0,0.0,0.0,0.0,0.0,0.0,0.0,0.0,0.0,0.0,0.0,0.0,0.0,0.0,0.0,0.0,0.0,0.0,0.0,0.0,0.0,0.0,0.0,0.0,0.0,0.0,0.0,0.0,0.0
507,507,507,NPFL,507,2025-08,2025-08-01,2025,8,67.0,Ivory Coast; Liberia; Sierra Leone,ucdp_actor_metadata_fallback,3,1.3862943611198906,False,True,0.0,0.0,0.0,0.0,0.0,0.0,0.0,0.0,0.0,0.0,0.0,0.0,0.0,0.0,0.0,0.0,0.0,0.0,0.0,0.0,0.0,0.0,0.0,0.0,0.0,0.0,0.0,0.0,0.0,0.0,0.0,0.0,0.0,0.0,0.0,0.0,0.0,0.0,0.0,0.0,0.0,0.0,0.0,0.0,0.0,0.0,0.0,0.0,0.0,0.0,0.0,0.0,0.0,0.0,0.0,0.0,0.0
507,507,507,NPFL,507,2025-09,2025-09-01,2025,9,68.0,Ivory Coast; Liberia; Sierra Leone,ucdp_actor_metadata_fallback,3,1.3862943611198906,False,True,0.0,0.0,0.0,0.0,0.0,0.0,0.0,0.0,0.0,0.0,0.0,0.0,0.0,0.0,0.0,0.0,0.0,0.0,0.0,0.0,0.0,0.0,0.0,0.0,0.0,0.0,0.0,0.0,0.0,0.0,0.0,0.0,0.0,0.0,0.0,0.0,0.0,0.0,0.0,0.0,0.0,0.0,0.0,0.0,0.0,0.0,0.0,0.0,0.0,0.0,0.0,0.0,0.0,0.0,0.0,0.0,0.0
507,507,507,NPFL,507,2025-10,2025-10-01,2025,10,69.0,Ivory Coast; Liberia; Sierra Leone,ucdp_actor_metadata_fallback,3,1.3862943611198906,False,True,0.0,0.0,0.0,0.0,0.0,0.0,0.0,0.0,0.0,0.0,0.0,0.0,0.0,0.0,0.0,0.0,0.0,0.0,0.0,0.0,0.0,0.0,0.0,0.0,0.0,0.0,0.0,0.0,0.0,0.0,0.0,0.0,0.0,0.0,0.0,0.0,0.0,0.0,0.0,0.0,0.0,0.0,0.0,0.0,0.0,0.0,0.0,0.0,0.0,0.0,0.0,0.0,0.0,0.0,0.0,0.0,0.0
507,507,507,NPFL,507,2025-11,2025-11-01,2025,11,70.0,Ivory Coast; Liberia; Sierra Leone,ucdp_actor_metadata_fallback,3,1.3862943611198906,False,True,0.0,0.0,0.0,0.0,0.0,0.0,0.0,0.0,0.0,0.0,0.0,0.0,0.0,0.0,0.0,0.0,0.0,0.0,0.0,0.0,0.0,0.0,0.0,0.0,0.0,0.0,0.0,0.0,0.0,0.0,0.0,0.0,0.0,0.0,0.0,0.0,0.0,0.0,0.0,0.0,0.0,0.0,0.0,0.0,0.0,0.0,0.0,0.0,0.0,0.0,0.0,0.0,0.0,0.0,0.0,0.0,0.0
507,507,507,NPFL,507,2025-12,2025-12-01,2025,12,71.0,Ivory Coast; Liberia; Sierra Leone,ucdp_actor_metadata_fallback,3,1.3862943611198906,False,False,0.0,,0.0,,0.0,0.0,0.0,0.0,0.0,0.0,0.0,0.0,0.0,0.0,0.0,0.0,0.0,0.0,0.0,0.0,0.0,0.0,0.0,0.0,0.0,0.0,0.0,0.0,0.0,0.0,0.0,0.0,0.0,0.0,0.0,0.0,0.0,0.0,0.0,0.0,0.0,0.0,0.0,0.0,0.0,0.0,0.0,0.0,0.0,0.0,0.0,0.0,0.0,0.0,0.0,0.0,0.0
551,551,551,OLF,551,2020-01,2020-01-01,2020,1,0.0,Ethiopia,ged_rolling_24m,1,0.6931471805599453,False,True,36.0,15.0,3.6109179126442243,2.772588722239781,0.0,0.0,0.0,0.0,0.0,0.0,0.0,0.0,0.0,0.0,0.0,0.0,0.0,0.0,0.0,0.0,0.0,0.0,0.0,0.0,0.0,0.0,0.0,0.0,0.0,0.0,0.0,0.0,0.0,0.0,0.0,0.0,0.0,0.0,0.0,0.0,0.0,0.0,0.0,0.0,0.0,0.0,0.0,0.0,0.0,0.0,0.0,0.0,0.0,0.0,0.0,0.0,0.0
551,551,551,OLF,551,2020-02,2020-02-01,2020,2,1.0,Ethiopia,ged_rolling_24m,1,0.6931471805599453,False,True,15.0,36.0,2.772588722239781,3.6109179126442243,0.0,0.0,0.0,0.0,0.0,0.0,0.0,0.0,0.0,0.0,0.0,0.0,0.0,0.0,0.0,0.0,0.0,0.0,0.0,0.0,0.0,0.0,0.0,0.0,0.0,0.0,0.0,0.0,0.0,0.0,0.0,0.0,0.0,0.0,0.0,0.0,0.0,0.0,0.0,0.0,0.0,0.0,0.0,0.0,0.0,0.0,0.0,0.0,0.0,0.0,0.0,0.0,0.0
551,551,551,OLF,551,2020-03,2020-03-01,2020,3,2.0,Ethiopia,ged_rolling_24m,1,0.6931471805599453,False,True,36.0,3.0,3.6109179126442243,1.3862943611198906,0.0,0.0,0.0,0.0,0.0,0.0,0.0,0.0,0.0,0.0,0.0,0.0,0.0,0.0,0.0,0.0,0.0,0.0,0.0,0.0,0.0,0.0,0.0,0.0,0.0,0.0,0.0,0.0,0.0,0.0,0.0,0.0,0.0,0.0,0.0,0.0,0.0,0.0,0.0,0.0,0.0,0.0,0.0,0.0,0.0,0.0,0.0,0.0,0.0,0.0,0.0,0.0,0.0
551,551,551,OLF,551,2020-04,2020-04-01,2020,4,3.0,Ethiopia,ged_rolling_24m,1,0.6931471805599453,False,True,3.0,45.0,1.3862943611198906,3.828641396489095,0.0,0.0,0.0,0.0,0.0,0.0,0.0,0.0,0.0,0.0,0.0,0.0,0.0,0.0,0.0,0.0,0.0,0.0,0.0,0.0,0.0,0.0,0.0,0.0,0.0,0.0,0.0,0.0,0.0,0.0,0.0,0.0,0.0,0.0,0.0,0.0,0.0,0.0,0.0,0.0,0.0,0.0,0.0,0.0,0.0,0.0,0.0,0.0,0.0,0.0,0.0,0.0,0.0
551,551,551,OLF,551,2020-05,2020-05-01,2020,5,4.0,Ethiopia,ged_rolling_24m,1,0.6931471805599453,False,True,45.0,93.0,3.828641396489095,4.543294782270004,0.0,0.0,0.0,0.0,0.0,0.0,0.0,0.0,0.0,0.0,0.0,0.0,0.0,0.0,0.0,0.0,0.0,0.0,0.0,0.0,0.0,0.0,0.0,0.0,0.0,0.0,0.0,0.0,0.0,0.0,0.0,0.0,0.0,0.0,0.0,0.0,0.0,0.0,0.0,0.0,0.0,0.0,0.0,0.0,0.0,0.0,0.0,0.0,0.0,0.0,0.0,0.0,0.0
551,551,551,OLF,551,2020-06,2020-06-01,2020,6,5.0,Ethiopia,ged_rolling_24m,1,0.6931471805599453,False,True,93.0,36.0,4.543294782270004,3.6109179126442243,0.0,0.0,0.0,0.0,0.0,0.0,0.0,0.0,0.0,0.0,0.0,0.0,0.0,0.0,0.0,0.0,0.0,0.0,0.0,0.0,0.0,0.0,0.0,0.0,0.0,0.0,0.0,0.0,0.0,0.0,0.0,0.0,0.0,0.0,0.0,0.0,0.0,0.0,0.0,0.0,0.0,0.0,0.0,0.0,0.0,0.0,0.0,0.0,0.0,0.0,0.0,0.0,0.0
551,551,551,OLF,551,2020-07,2020-07-01,2020,7,6.0,Ethiopia,ged_rolling_24m,1,0.6931471805599453,False,True,36.0,77.0,3.6109179126442243,4.356708826689592,0.0,0.0,0.0,0.0,0.0,0.0,0.0,0.0,0.0,0.0,0.0,0.0,0.0,0.0,0.0,0.0,0.0,0.0,0.0,0.0,0.0,0.0,0.0,0.0,0.0,0.0,0.0,0.0,0.0,0.0,0.0,0.0,0.0,0.0,0.0,0.0,0.0,0.0,0.0,0.0,0.0,0.0,0.0,0.0,0.0,0.0,0.0,0.0,0.0,0.0,0.0,0.0,0.0
551,551,551,OLF,551,2020-08,2020-08-01,2020,8,7.0,Ethiopia,ged_rolling_24m,1,0.6931471805599453,False,True,77.0,164.0,4.356708826689592,5.10594547390058,0.0,0.0,0.0,0.0,0.0,0.0,0.0,0.0,0.0,0.0,0.0,0.0,0.0,0.0,0.0,0.0,0.0,0.0,0.0,0.0,0.0,0.0,0.0,0.0,0.0,0.0,0.0,0.0,0.0,0.0,0.0,0.0,0.0,0.0,0.0,0.0,0.0,0.0,0.0,0.0,0.0,0.0,0.0,0.0,0.0,0.0,0.0,0.0,0.0,0.0,0.0,0.0,0.0
551,551,551,OLF,551,2020-09,2020-09-01,2020,9,8.0,Ethiopia,ged_rolling_24m,1,0.6931471805599453,False,True,164.0,74.0,5.10594547390058,4.31748811353631,0.0,0.0,0.0,0.0,0.0,0.0,0.0,0.0,0.0,0.0,0.0,0.0,0.0,0.0,0.0,0.0,0.0,0.0,0.0,0.0,0.0,0.0,0.0,0.0,0.0,0.0,0.0,0.0,0.0,0.0,0.0,0.0,0.0,0.0,0.0,0.0,0.0,0.0,0.0,0.0,0.0,0.0,0.0,0.0,0.0,0.0,0.0,0.0,0.0,0.0,0.0,0.0,0.0
551,551,551,OLF,551,2020-10,2020-10-01,2020,10,9.0,Ethiopia,ged_rolling_24m,1,0.6931471805599453,False,True,74.0,23045.0,4.31748811353631,10.04524749757396,0.0,0.0,0.0,0.0,0.0,0.0,0.0,0.0,0.0,0.0,0.0,0.0,0.0,0.0,0.0,0.0,0.0,0.0,0.0,0.0,0.0,0.0,0.0,0.0,0.0,0.0,0.0,0.0,0.0,0.0,0.0,0.0,0.0,0.0,0.0,0.0,0.0,0.0,0.0,0.0,0.0,0.0,0.0,0.0,0.0,0.0,0.0,0.0,0.0,0.0,0.0,0.0,0.0
551,551,551,OLF,551,2020-11,2020-11-01,2020,11,10.0,Ethiopia,ged_rolling_24m,1,0.6931471805599453,False,True,23045.0,806.0,10.04524749757396,6.693323668269949,0.0,0.0,0.0,0.0,0.0,0.0,0.0,0.0,0.0,0.0,0.0,0.0,0.0,0.0,0.0,0.0,0.0,0.0,0.0,0.0,0.0,0.0,0.0,0.0,0.0,0.0,0.0,0.0,0.0,0.0,0.0,0.0,0.0,0.0,0.0,0.0,0.0,0.0,0.0,0.0,0.0,0.0,0.0,0.0,0.0,0.0,0.0,0.0,0.0,0.0,0.0,0.0,0.0
551,551,551,OLF,551,2020-12,2020-12-01,2020,12,11.0,Ethiopia,ged_rolling_24m,1,0.6931471805599453,False,True,806.0,115738.0,6.693323668269949,11.659092935035208,0.0,0.0,0.0,0.0,0.0,0.0,0.0,0.0,0.0,0.0,0.0,0.0,0.0,0.0,0.0,0.0,0.0,0.0,0.0,0.0,0.0,0.0,0.0,0.0,0.0,0.0,0.0,0.0,0.0,0.0,0.0,0.0,0.0,0.0,0.0,0.0,0.0,0.0,0.0,0.0,0.0,0.0,0.0,0.0,0.0,0.0,0.0,0.0,0.0,0.0,0.0,0.0,0.0
551,551,551,OLF,551,2021-01,2021-01-01,2021,1,12.0,Ethiopia,ged_rolling_24m,1,0.6931471805599453,False,True,115738.0,3277.0,11.659092935035208,8.094988759303774,0.0,0.0,0.0,0.0,0.0,0.0,0.0,0.0,0.0,0.0,0.0,0.0,0.0,0.0,0.0,0.0,0.0,0.0,0.0,0.0,0.0,0.0,0.0,0.0,0.0,0.0,0.0,0.0,0.0,0.0,0.0,0.0,0.0,0.0,0.0,0.0,0.0,0.0,0.0,0.0,0.0,0.0,0.0,0.0,0.0,0.0,0.0,0.0,0.0,0.0,0.0,0.0,0.0
551,551,551,OLF,551,2021-02,2021-02-01,2021,2,13.0,Ethiopia,ucdp_actor_metadata_fallback,1,0.6931471805599453,False,True,3277.0,971.0,8.094988759303774,6.879355804460439,0.0,0.0,0.0,0.0,0.0,0.0,0.0,0.0,0.0,0.0,0.0,0.0,0.0,0.0,0.0,0.0,0.0,0.0,0.0,0.0,0.0,0.0,0.0,0.0,0.0,0.0,0.0,0.0,0.0,0.0,0.0,0.0,0.0,0.0,0.0,0.0,0.0,0.0,0.0,0.0,0.0,0.0,0.0,0.0,0.0,0.0,0.0,0.0,0.0,0.0,0.0,0.0,0.0
551,551,551,OLF,551,2021-03,2021-03-01,2021,3,14.0,Ethiopia,ucdp_actor_metadata_fallback,1,0.6931471805599453,False,True,971.0,2304.0,6.879355804460439,7.742835955430749,0.0,0.0,0.0,0.0,0.0,0.0,0.0,0.0,0.0,0.0,0.0,0.0,0.0,0.0,0.0,0.0,0.0,0.0,0.0,0.0,0.0,0.0,0.0,0.0,0.0,0.0,0.0,0.0,0.0,0.0,0.0,0.0,0.0,0.0,0.0,0.0,0.0,0.0,0.0,0.0,0.0,0.0,0.0,0.0,0.0,0.0,0.0,0.0,0.0,0.0,0.0,0.0,0.0
551,551,551,OLF,551,2021-04,2021-04-01,2021,4,15.0,Ethiopia,ucdp_actor_metadata_fallback,1,0.6931471805599453,False,True,2304.0,94.0,7.742835955430749,4.553876891600541,1.0,1.0,1.0,1.0,1.0,1.0,0.0,1.0,0.0,0.0,0.0,1.0,0.0,0.0,0.0,0.0,0.0,0.0,0.0,0.0,1.0,0.6931471805599453,1.0,0.6931471805599453,0.0,0.0,1.0,0.6931471805599453,0.0,0.0,0.0,0.0,0.0,0.0,1.0,0.6931471805599453,0.0,0.0,0.0,0.0,0.0,0.0,0.0,0.0,0.0,0.0,0.0,0.0,0.0,0.0,0.0,0.0,0.6931471805599453
551,551,551,OLF,551,2021-05,2021-05-01,2021,5,16.0,Ethiopia,ucdp_actor_metadata_fallback,1,0.6931471805599453,False,True,94.0,2736.0,4.553876891600541,7.914617709040679,1.0,1.0,1.0,1.0,1.0,1.0,1.0,1.0,1.0,0.0,1.0,0.0,0.0,0.0,0.0,0.0,0.0,0.0,0.0,0.0,1.0,0.6931471805599453,1.0,0.6931471805599453,1.0,0.6931471805599453,1.0,0.6931471805599453,1.0,0.6931471805599453,0.0,0.0,1.0,0.6931471805599453,0.0,0.0,0.0,0.0,0.0,0.0,0.0,0.0,0.0,0.0,0.0,0.0,0.0,0.0,0.0,0.0,0.0,0.0,0.6931471805599453
551,551,551,OLF,551,2021-06,2021-06-01,2021,6,17.0,Ethiopia,ucdp_actor_metadata_fallback,1,0.6931471805599453,False,True,2736.0,965.0,7.914617709040679,6.873163834212518,0.0,0.0,0.0,0.0,0.0,0.0,0.0,0.0,0.0,0.0,0.0,0.0,0.0,0.0,0.0,0.0,0.0,0.0,0.0,0.0,0.0,0.0,0.0,0.0,0.0,0.0,0.0,0.0,0.0,0.0,0.0,0.0,0.0,0.0,0.0,0.0,0.0,0.0,0.0,0.0,0.0,0.0,0.0,0.0,0.0,0.0,0.0,0.0,0.0,0.0,0.0,0.0,0.0
551,551,551,OLF,551,2021-07,2021-07-01,2021,7,18.0,Ethiopia,ucdp_actor_metadata_fallback,1,0.6931471805599453,False,True,965.0,829.0,6.873163834212518,6.721425700790643,0.0,0.0,0.0,0.0,0.0,0.0,0.0,0.0,0.0,0.0,0.0,0.0,0.0,0.0,0.0,0.0,0.0,0.0,0.0,0.0,0.0,0.0,0.0,0.0,0.0,0.0,0.0,0.0,0.0,0.0,0.0,0.0,0.0,0.0,0.0,0.0,0.0,0.0,0.0,0.0,0.0,0.0,0.0,0.0,0.0,0.0,0.0,0.0,0.0,0.0,0.0,0.0,0.0
551,551,551,OLF,551,2021-08,2021-08-01,2021,8,19.0,Ethiopia,ucdp_actor_metadata_fallback,1,0.6931471805599453,False,True,829.0,231.0,6.721425700790643,5.44673737166631,0.0,0.0,0.0,0.0,0.0,0.0,0.0,0.0,0.0,0.0,0.0,0.0,0.0,0.0,0.0,0.0,0.0,0.0,0.0,0.0,0.0,0.0,0.0,0.0,0.0,0.0,0.0,0.0,0.0,0.0,0.0,0.0,0.0,0.0,0.0,0.0,0.0,0.0,0.0,0.0,0.0,0.0,0.0,0.0,0.0,0.0,0.0,0.0,0.0,0.0,0.0,0.0,0.0
551,551,551,OLF,551,2021-09,2021-09-01,2021,9,20.0,Ethiopia,ucdp_actor_metadata_fallback,1,0.6931471805599453,False,True,231.0,1268.0,5.44673737166631,7.1459844677143876,0.0,0.0,0.0,0.0,0.0,0.0,0.0,0.0,0.0,0.0,0.0,0.0,0.0,0.0,0.0,0.0,0.0,0.0,0.0,0.0,0.0,0.0,0.0,0.0,0.0,0.0,0.0,0.0,0.0,0.0,0.0,0.0,0.0,0.0,0.0,0.0,0.0,0.0,0.0,0.0,0.0,0.0,0.0,0.0,0.0,0.0,0.0,0.0,0.0,0.0,0.0,0.0,0.0
551,551,551,OLF,551,2021-10,2021-10-01,2021,10,21.0,Ethiopia,ucdp_actor_metadata_fallback,1,0.6931471805599453,False,True,1268.0,407.0,7.1459844677143876,6.0112671744041615,0.0,0.0,0.0,0.0,0.0,0.0,0.0,0.0,0.0,0.0,0.0,0.0,0.0,0.0,0.0,0.0,0.0,0.0,0.0,0.0,0.0,0.0,0.0,0.0,0.0,0.0,0.0,0.0,0.0,0.0,0.0,0.0,0.0,0.0,0.0,0.0,0.0,0.0,0.0,0.0,0.0,0.0,0.0,0.0,0.0,0.0,0.0,0.0,0.0,0.0,0.0,0.0,0.0
551,551,551,OLF,551,2021-11,2021-11-01,2021,11,22.0,Ethiopia,ucdp_actor_metadata_fallback,1,0.6931471805599453,False,True,407.0,696.0,6.0112671744041615,6.546785410760524,0.0,0.0,0.0,0.0,0.0,0.0,0.0,0.0,0.0,0.0,0.0,0.0,0.0,0.0,0.0,0.0,0.0,0.0,0.0,0.0,0.0,0.0,0.0,0.0,0.0,0.0,0.0,0.0,0.0,0.0,0.0,0.0,0.0,0.0,0.0,0.0,0.0,0.0,0.0,0.0,0.0,0.0,0.0,0.0,0.0,0.0,0.0,0.0,0.0,0.0,0.0,0.0,0.0
551,551,551,OLF,551,2021-12,2021-12-01,2021,12,23.0,Ethiopia,ucdp_actor_metadata_fallback,1,0.6931471805599453,False,True,696.0,249.0,6.546785410760524,5.521460917862246,0.0,0.0,0.0,0.0,0.0,0.0,0.0,0.0,0.0,0.0,0.0,0.0,0.0,0.0,0.0,0.0,0.0,0.0,0.0,0.0,0.0,0.0,0.0,0.0,0.0,0.0,0.0,0.0,0.0,0.0,0.0,0.0,0.0,0.0,0.0,0.0,0.0,0.0,0.0,0.0,0.0,0.0,0.0,0.0,0.0,0.0,0.0,0.0,0.0,0.0,0.0,0.0,0.0
551,551,551,OLF,551,2022-01,2022-01-01,2022,1,24.0,Ethiopia,ucdp_actor_metadata_fallback,1,0.6931471805599453,False,True,249.0,97.0,5.521460917862246,4.584967478670572,0.0,0.0,0.0,0.0,0.0,0.0,0.0,0.0,0.0,0.0,0.0,0.0,0.0,0.0,0.0,0.0,0.0,0.0,0.0,0.0,0.0,0.0,0.0,0.0,0.0,0.0,0.0,0.0,0.0,0.0,0.0,0.0,0.0,0.0,0.0,0.0,0.0,0.0,0.0,0.0,0.0,0.0,0.0,0.0,0.0,0.0,0.0,0.0,0.0,0.0,0.0,0.0,0.0
551,551,551,OLF,551,2022-02,2022-02-01,2022,2,25.0,Ethiopia,ucdp_actor_metadata_fallback,1,0.6931471805599453,False,True,97.0,89.0,4.584967478670572,4.499809670330265,0.0,0.0,0.0,0.0,0.0,0.0,0.0,0.0,0.0,0.0,0.0,0.0,0.0,0.0,0.0,0.0,0.0,0.0,0.0,0.0,0.0,0.0,0.0,0.0,0.0,0.0,0.0,0.0,0.0,0.0,0.0,0.0,0.0,0.0,0.0,0.0,0.0,0.0,0.0,0.0,0.0,0.0,0.0,0.0,0.0,0.0,0.0,0.0,0.0,0.0,0.0,0.0,0.0
551,551,551,OLF,551,2022-03,2022-03-01,2022,3,26.0,Ethiopia,ucdp_actor_metadata_fallback,1,0.6931471805599453,False,True,89.0,264.0,4.499809670330265,5.579729825986222,0.0,0.0,0.0,0.0,0.0,0.0,0.0,0.0,0.0,0.0,0.0,0.0,0.0,0.0,0.0,0.0,0.0,0.0,0.0,0.0,0.0,0.0,0.0,0.0,0.0,0.0,0.0,0.0,0.0,0.0,0.0,0.0,0.0,0.0,0.0,0.0,0.0,0.0,0.0,0.0,0.0,0.0,0.0,0.0,0.0,0.0,0.0,0.0,0.0,0.0,0.0,0.0,0.0
551,551,551,OLF,551,2022-04,2022-04-01,2022,4,27.0,Ethiopia,ucdp_actor_metadata_fallback,1,0.6931471805599453,False,True,264.0,91.0,5.579729825986222,4.5217885770490405,0.0,0.0,0.0,0.0,0.0,0.0,0.0,0.0,0.0,0.0,0.0,0.0,0.0,0.0,0.0,0.0,0.0,0.0,0.0,0.0,0.0,0.0,0.0,0.0,0.0,0.0,0.0,0.0,0.0,0.0,0.0,0.0,0.0,0.0,0.0,0.0,0.0,0.0,0.0,0.0,0.0,0.0,0.0,0.0,0.0,0.0,0.0,0.0,0.0,0.0,0.0,0.0,0.0
551,551,551,OLF,551,2022-05,2022-05-01,2022,5,28.0,Ethiopia,ucdp_actor_metadata_fallback,1,0.6931471805599453,False,True,91.0,243.0,4.5217885770490405,5.497168225293202,0.0,0.0,0.0,0.0,0.0,0.0,0.0,0.0,0.0,0.0,0.0,0.0,0.0,0.0,0.0,0.0,0.0,0.0,0.0,0.0,0.0,0.0,0.0,0.0,0.0,0.0,0.0,0.0,0.0,0.0,0.0,0.0,0.0,0.0,0.0,0.0,0.0,0.0,0.0,0.0,0.0,0.0,0.0,0.0,0.0,0.0,0.0,0.0,0.0,0.0,0.0,0.0,0.0
551,551,551,OLF,551,2022-06,2022-06-01,2022,6,29.0,Ethiopia,ucdp_actor_metadata_fallback,1,0.6931471805599453,False,True,243.0,66.0,5.497168225293202,4.204692619390966,0.0,0.0,0.0,0.0,0.0,0.0,0.0,0.0,0.0,0.0,0.0,0.0,0.0,0.0,0.0,0.0,0.0,0.0,0.0,0.0,0.0,0.0,0.0,0.0,0.0,0.0,0.0,0.0,0.0,0.0,0.0,0.0,0.0,0.0,0.0,0.0,0.0,0.0,0.0,0.0,0.0,0.0,0.0,0.0,0.0,0.0,0.0,0.0,0.0,0.0,0.0,0.0,0.0
551,551,551,OLF,551,2022-07,2022-07-01,2022,7,30.0,Ethiopia,ucdp_actor_metadata_fallback,1,0.6931471805599453,False,True,66.0,159566.0,4.204692619390966,11.980219175701325,2.0,2.0,2.0,1.0,0.0,1.0,1.0,1.0,0.0,0.0,0.0,0.0,0.0,0.0,1.0,0.0,0.0,1.0,0.0,0.0,0.0,0.0,0.5,0.6931471805599453,0.5,0.6931471805599453,0.5,0.6931471805599453,0.0,0.0,0.0,0.0,0.0,0.0,0.0,0.0,0.0,0.0,0.0,0.0,0.5,0.6931471805599453,0.0,0.0,0.0,0.0,0.5,0.6931471805599453,0.0,0.0,0.0,0.0,1.0986122886681098
551,551,551,OLF,551,2022-08,2022-08-01,2022,8,31.0,Ethiopia,ucdp_actor_metadata_fallback,1,0.6931471805599453,False,True,159566.0,2366.0,11.980219175701325,7.769378609513984,0.0,0.0,0.0,0.0,0.0,0.0,0.0,0.0,0.0,0.0,0.0,0.0,0.0,0.0,0.0,0.0,0.0,0.0,0.0,0.0,0.0,0.0,0.0,0.0,0.0,0.0,0.0,0.0,0.0,0.0,0.0,0.0,0.0,0.0,0.0,0.0,0.0,0.0,0.0,0.0,0.0,0.0,0.0,0.0,0.0,0.0,0.0,0.0,0.0,0.0,0.0,0.0,0.0
551,551,551,OLF,551,2022-09,2022-09-01,2022,9,32.0,Ethiopia,ucdp_actor_metadata_fallback,1,0.6931471805599453,False,True,2366.0,1094.0,7.769378609513984,6.9985096422506015,0.0,0.0,0.0,0.0,0.0,0.0,0.0,0.0,0.0,0.0,0.0,0.0,0.0,0.0,0.0,0.0,0.0,0.0,0.0,0.0,0.0,0.0,0.0,0.0,0.0,0.0,0.0,0.0,0.0,0.0,0.0,0.0,0.0,0.0,0.0,0.0,0.0,0.0,0.0,0.0,0.0,0.0,0.0,0.0,0.0,0.0,0.0,0.0,0.0,0.0,0.0,0.0,0.0
551,551,551,OLF,551,2022-10,2022-10-01,2022,10,33.0,Ethiopia,ucdp_actor_metadata_fallback,1,0.6931471805599453,False,True,1094.0,874.0,6.9985096422506015,6.774223886357614,0.0,0.0,0.0,0.0,0.0,0.0,0.0,0.0,0.0,0.0,0.0,0.0,0.0,0.0,0.0,0.0,0.0,0.0,0.0,0.0,0.0,0.0,0.0,0.0,0.0,0.0,0.0,0.0,0.0,0.0,0.0,0.0,0.0,0.0,0.0,0.0,0.0,0.0,0.0,0.0,0.0,0.0,0.0,0.0,0.0,0.0,0.0,0.0,0.0,0.0,0.0,0.0,0.0
551,551,551,OLF,551,2022-11,2022-11-01,2022,11,34.0,Ethiopia,ucdp_actor_metadata_fallback,1,0.6931471805599453,False,True,874.0,26.0,6.774223886357614,3.295836866004329,0.0,0.0,0.0,0.0,0.0,0.0,0.0,0.0,0.0,0.0,0.0,0.0,0.0,0.0,0.0,0.0,0.0,0.0,0.0,0.0,0.0,0.0,0.0,0.0,0.0,0.0,0.0,0.0,0.0,0.0,0.0,0.0,0.0,0.0,0.0,0.0,0.0,0.0,0.0,0.0,0.0,0.0,0.0,0.0,0.0,0.0,0.0,0.0,0.0,0.0,0.0,0.0,0.0
551,551,551,OLF,551,2022-12,2022-12-01,2022,12,35.0,Ethiopia,ucdp_actor_metadata_fallback,1,0.6931471805599453,False,True,26.0,113.0,3.295836866004329,4.736198448394496,0.0,0.0,0.0,0.0,0.0,0.0,0.0,0.0,0.0,0.0,0.0,0.0,0.0,0.0,0.0,0.0,0.0,0.0,0.0,0.0,0.0,0.0,0.0,0.0,0.0,0.0,0.0,0.0,0.0,0.0,0.0,0.0,0.0,0.0,0.0,0.0,0.0,0.0,0.0,0.0,0.0,0.0,0.0,0.0,0.0,0.0,0.0,0.0,0.0,0.0,0.0,0.0,0.0
551,551,551,OLF,551,2023-01,2023-01-01,2023,1,36.0,Ethiopia,ucdp_actor_metadata_fallback,1,0.6931471805599453,False,True,113.0,74.0,4.736198448394496,4.31748811353631,0.0,0.0,0.0,0.0,0.0,0.0,0.0,0.0,0.0,0.0,0.0,0.0,0.0,0.0,0.0,0.0,0.0,0.0,0.0,0.0,0.0,0.0,0.0,0.0,0.0,0.0,0.0,0.0,0.0,0.0,0.0,0.0,0.0,0.0,0.0,0.0,0.0,0.0,0.0,0.0,0.0,0.0,0.0,0.0,0.0,0.0,0.0,0.0,0.0,0.0,0.0,0.0,0.0
551,551,551,OLF,551,2023-02,2023-02-01,2023,2,37.0,Ethiopia,ucdp_actor_metadata_fallback,1,0.6931471805599453,False,True,74.0,28.0,4.31748811353631,3.367295829986474,0.0,0.0,0.0,0.0,0.0,0.0,0.0,0.0,0.0,0.0,0.0,0.0,0.0,0.0,0.0,0.0,0.0,0.0,0.0,0.0,0.0,0.0,0.0,0.0,0.0,0.0,0.0,0.0,0.0,0.0,0.0,0.0,0.0,0.0,0.0,0.0,0.0,0.0,0.0,0.0,0.0,0.0,0.0,0.0,0.0,0.0,0.0,0.0,0.0,0.0,0.0,0.0,0.0
551,551,551,OLF,551,2023-03,2023-03-01,2023,3,38.0,Ethiopia,ucdp_actor_metadata_fallback,1,0.6931471805599453,False,True,28.0,9.0,3.367295829986474,2.302585092994046,0.0,0.0,0.0,0.0,0.0,0.0,0.0,0.0,0.0,0.0,0.0,0.0,0.0,0.0,0.0,0.0,0.0,0.0,0.0,0.0,0.0,0.0,0.0,0.0,0.0,0.0,0.0,0.0,0.0,0.0,0.0,0.0,0.0,0.0,0.0,0.0,0.0,0.0,0.0,0.0,0.0,0.0,0.0,0.0,0.0,0.0,0.0,0.0,0.0,0.0,0.0,0.0,0.0
551,551,551,OLF,551,2023-04,2023-04-01,2023,4,39.0,Ethiopia,ucdp_actor_metadata_fallback,1,0.6931471805599453,False,True,9.0,127.0,2.302585092994046,4.852030263919617,0.0,0.0,0.0,0.0,0.0,0.0,0.0,0.0,0.0,0.0,0.0,0.0,0.0,0.0,0.0,0.0,0.0,0.0,0.0,0.0,0.0,0.0,0.0,0.0,0.0,0.0,0.0,0.0,0.0,0.0,0.0,0.0,0.0,0.0,0.0,0.0,0.0,0.0,0.0,0.0,0.0,0.0,0.0,0.0,0.0,0.0,0.0,0.0,0.0,0.0,0.0,0.0,0.0
551,551,551,OLF,551,2023-05,2023-05-01,2023,5,40.0,Ethiopia,ucdp_actor_metadata_fallback,1,0.6931471805599453,False,True,127.0,97.0,4.852030263919617,4.584967478670572,0.0,0.0,0.0,0.0,0.0,0.0,0.0,0.0,0.0,0.0,0.0,0.0,0.0,0.0,0.0,0.0,0.0,0.0,0.0,0.0,0.0,0.0,0.0,0.0,0.0,0.0,0.0,0.0,0.0,0.0,0.0,0.0,0.0,0.0,0.0,0.0,0.0,0.0,0.0,0.0,0.0,0.0,0.0,0.0,0.0,0.0,0.0,0.0,0.0,0.0,0.0,0.0,0.0
551,551,551,OLF,551,2023-06,2023-06-01,2023,6,41.0,Ethiopia,ucdp_actor_metadata_fallback,1,0.6931471805599453,False,True,97.0,221.0,4.584967478670572,5.402677381872279,0.0,0.0,0.0,0.0,0.0,0.0,0.0,0.0,0.0,0.0,0.0,0.0,0.0,0.0,0.0,0.0,0.0,0.0,0.0,0.0,0.0,0.0,0.0,0.0,0.0,0.0,0.0,0.0,0.0,0.0,0.0,0.0,0.0,0.0,0.0,0.0,0.0,0.0,0.0,0.0,0.0,0.0,0.0,0.0,0.0,0.0,0.0,0.0,0.0,0.0,0.0,0.0,0.0
551,551,551,OLF,551,2023-07,2023-07-01,2023,7,42.0,Ethiopia,ucdp_actor_metadata_fallback,1,0.6931471805599453,False,True,221.0,472.0,5.402677381872279,6.159095388491933,1.0,1.0,1.0,1.0,1.0,1.0,0.0,1.0,0.0,0.0,0.0,0.0,0.0,0.0,0.0,0.0,0.0,1.0,0.0,0.0,1.0,0.6931471805599453,1.0,0.6931471805599453,0.0,0.0,1.0,0.6931471805599453,0.0,0.0,0.0,0.0,0.0,0.0,0.0,0.0,0.0,0.0,0.0,0.0,0.0,0.0,0.0,0.0,0.0,0.0,1.0,0.6931471805599453,0.0,0.0,0.0,0.0,0.6931471805599453
551,551,551,OLF,551,2023-08,2023-08-01,2023,8,43.0,Ethiopia,ucdp_actor_metadata_fallback,1,0.6931471805599453,False,True,472.0,322.0,6.159095388491933,5.777652323222656,0.0,0.0,0.0,0.0,0.0,0.0,0.0,0.0,0.0,0.0,0.0,0.0,0.0,0.0,0.0,0.0,0.0,0.0,0.0,0.0,0.0,0.0,0.0,0.0,0.0,0.0,0.0,0.0,0.0,0.0,0.0,0.0,0.0,0.0,0.0,0.0,0.0,0.0,0.0,0.0,0.0,0.0,0.0,0.0,0.0,0.0,0.0,0.0,0.0,0.0,0.0,0.0,0.0
551,551,551,OLF,551,2023-09,2023-09-01,2023,9,44.0,Ethiopia,ucdp_actor_metadata_fallback,1,0.6931471805599453,False,True,322.0,196.0,5.777652323222656,5.2832037287379885,0.0,0.0,0.0,0.0,0.0,0.0,0.0,0.0,0.0,0.0,0.0,0.0,0.0,0.0,0.0,0.0,0.0,0.0,0.0,0.0,0.0,0.0,0.0,0.0,0.0,0.0,0.0,0.0,0.0,0.0,0.0,0.0,0.0,0.0,0.0,0.0,0.0,0.0,0.0,0.0,0.0,0.0,0.0,0.0,0.0,0.0,0.0,0.0,0.0,0.0,0.0,0.0,0.0
551,551,551,OLF,551,2023-10,2023-10-01,2023,10,45.0,Ethiopia,ucdp_actor_metadata_fallback,1,0.6931471805599453,False,True,196.0,480.0,5.2832037287379885,6.175867270105761,0.0,0.0,0.0,0.0,0.0,0.0,0.0,0.0,0.0,0.0,0.0,0.0,0.0,0.0,0.0,0.0,0.0,0.0,0.0,0.0,0.0,0.0,0.0,0.0,0.0,0.0,0.0,0.0,0.0,0.0,0.0,0.0,0.0,0.0,0.0,0.0,0.0,0.0,0.0,0.0,0.0,0.0,0.0,0.0,0.0,0.0,0.0,0.0,0.0,0.0,0.0,0.0,0.0
551,551,551,OLF,551,2023-11,2023-11-01,2023,11,46.0,Ethiopia,ucdp_actor_metadata_fallback,1,0.6931471805599453,False,True,480.0,244.0,6.175867270105761,5.501258210544727,0.0,0.0,0.0,0.0,0.0,0.0,0.0,0.0,0.0,0.0,0.0,0.0,0.0,0.0,0.0,0.0,0.0,0.0,0.0,0.0,0.0,0.0,0.0,0.0,0.0,0.0,0.0,0.0,0.0,0.0,0.0,0.0,0.0,0.0,0.0,0.0,0.0,0.0,0.0,0.0,0.0,0.0,0.0,0.0,0.0,0.0,0.0,0.0,0.0,0.0,0.0,0.0,0.0
551,551,551,OLF,551,2023-12,2023-12-01,2023,12,47.0,Ethiopia,ucdp_actor_metadata_fallback,1,0.6931471805599453,False,True,244.0,260.0,5.501258210544727,5.564520407322694,0.0,0.0,0.0,0.0,0.0,0.0,0.0,0.0,0.0,0.0,0.0,0.0,0.0,0.0,0.0,0.0,0.0,0.0,0.0,0.0,0.0,0.0,0.0,0.0,0.0,0.0,0.0,0.0,0.0,0.0,0.0,0.0,0.0,0.0,0.0,0.0,0.0,0.0,0.0,0.0,0.0,0.0,0.0,0.0,0.0,0.0,0.0,0.0,0.0,0.0,0.0,0.0,0.0
551,551,551,OLF,551,2024-01,2024-01-01,2024,1,48.0,Ethiopia,ucdp_actor_metadata_fallback,1,0.6931471805599453,False,True,260.0,1207.0,5.564520407322694,7.0967213784947605,0.0,0.0,0.0,0.0,0.0,0.0,0.0,0.0,0.0,0.0,0.0,0.0,0.0,0.0,0.0,0.0,0.0,0.0,0.0,0.0,0.0,0.0,0.0,0.0,0.0,0.0,0.0,0.0,0.0,0.0,0.0,0.0,0.0,0.0,0.0,0.0,0.0,0.0,0.0,0.0,0.0,0.0,0.0,0.0,0.0,0.0,0.0,0.0,0.0,0.0,0.0,0.0,0.0
551,551,551,OLF,551,2024-02,2024-02-01,2024,2,49.0,Ethiopia,ucdp_actor_metadata_fallback,1,0.6931471805599453,False,True,1207.0,259.0,7.0967213784947605,5.560681631015528,0.0,0.0,0.0,0.0,0.0,0.0,0.0,0.0,0.0,0.0,0.0,0.0,0.0,0.0,0.0,0.0,0.0,0.0,0.0,0.0,0.0,0.0,0.0,0.0,0.0,0.0,0.0,0.0,0.0,0.0,0.0,0.0,0.0,0.0,0.0,0.0,0.0,0.0,0.0,0.0,0.0,0.0,0.0,0.0,0.0,0.0,0.0,0.0,0.0,0.0,0.0,0.0,0.0
551,551,551,OLF,551,2024-03,2024-03-01,2024,3,50.0,Ethiopia,ucdp_actor_metadata_fallback,1,0.6931471805599453,False,True,259.0,260.0,5.560681631015528,5.564520407322694,0.0,0.0,0.0,0.0,0.0,0.0,0.0,0.0,0.0,0.0,0.0,0.0,0.0,0.0,0.0,0.0,0.0,0.0,0.0,0.0,0.0,0.0,0.0,0.0,0.0,0.0,0.0,0.0,0.0,0.0,0.0,0.0,0.0,0.0,0.0,0.0,0.0,0.0,0.0,0.0,0.0,0.0,0.0,0.0,0.0,0.0,0.0,0.0,0.0,0.0,0.0,0.0,0.0
551,551,551,OLF,551,2024-04,2024-04-01,2024,4,51.0,Ethiopia,ucdp_actor_metadata_fallback,1,0.6931471805599453,False,True,260.0,104.0,5.564520407322694,4.653960350157523,3.0,3.0,3.0,1.0,3.0,3.0,3.0,3.0,2.0,0.0,1.0,0.0,0.0,0.0,0.0,0.0,0.0,2.0,0.0,0.0,1.0,1.3862943611198906,1.0,1.3862943611198906,1.0,1.3862943611198906,1.0,1.3862943611198906,0.6666666666666666,1.0986122886681098,0.0,0.0,0.3333333333333333,0.6931471805599453,0.0,0.0,0.0,0.0,0.0,0.0,0.0,0.0,0.0,0.0,0.0,0.0,0.6666666666666666,1.0986122886681098,0.0,0.0,0.0,0.0,1.3862943611198906
551,551,551,OLF,551,2024-05,2024-05-01,2024,5,52.0,Ethiopia,ucdp_actor_metadata_fallback,1,0.6931471805599453,False,True,104.0,335.0,4.653960350157523,5.817111159963204,0.0,0.0,0.0,0.0,0.0,0.0,0.0,0.0,0.0,0.0,0.0,0.0,0.0,0.0,0.0,0.0,0.0,0.0,0.0,0.0,0.0,0.0,0.0,0.0,0.0,0.0,0.0,0.0,0.0,0.0,0.0,0.0,0.0,0.0,0.0,0.0,0.0,0.0,0.0,0.0,0.0,0.0,0.0,0.0,0.0,0.0,0.0,0.0,0.0,0.0,0.0,0.0,0.0
551,551,551,OLF,551,2024-06,2024-06-01,2024,6,53.0,Ethiopia,ucdp_actor_metadata_fallback,1,0.6931471805599453,False,True,335.0,241.0,5.817111159963204,5.488937726156687,0.0,0.0,0.0,0.0,0.0,0.0,0.0,0.0,0.0,0.0,0.0,0.0,0.0,0.0,0.0,0.0,0.0,0.0,0.0,0.0,0.0,0.0,0.0,0.0,0.0,0.0,0.0,0.0,0.0,0.0,0.0,0.0,0.0,0.0,0.0,0.0,0.0,0.0,0.0,0.0,0.0,0.0,0.0,0.0,0.0,0.0,0.0,0.0,0.0,0.0,0.0,0.0,0.0
551,551,551,OLF,551,2024-07,2024-07-01,2024,7,54.0,Ethiopia,ucdp_actor_metadata_fallback,1,0.6931471805599453,False,True,241.0,231.0,5.488937726156687,5.44673737166631,0.0,0.0,0.0,0.0,0.0,0.0,0.0,0.0,0.0,0.0,0.0,0.0,0.0,0.0,0.0,0.0,0.0,0.0,0.0,0.0,0.0,0.0,0.0,0.0,0.0,0.0,0.0,0.0,0.0,0.0,0.0,0.0,0.0,0.0,0.0,0.0,0.0,0.0,0.0,0.0,0.0,0.0,0.0,0.0,0.0,0.0,0.0,0.0,0.0,0.0,0.0,0.0,0.0
551,551,551,OLF,551,2024-08,2024-08-01,2024,8,55.0,Ethiopia,ucdp_actor_metadata_fallback,1,0.6931471805599453,False,True,231.0,311.0,5.44673737166631,5.7430031878094825,0.0,0.0,0.0,0.0,0.0,0.0,0.0,0.0,0.0,0.0,0.0,0.0,0.0,0.0,0.0,0.0,0.0,0.0,0.0,0.0,0.0,0.0,0.0,0.0,0.0,0.0,0.0,0.0,0.0,0.0,0.0,0.0,0.0,0.0,0.0,0.0,0.0,0.0,0.0,0.0,0.0,0.0,0.0,0.0,0.0,0.0,0.0,0.0,0.0,0.0,0.0,0.0,0.0
551,551,551,OLF,551,2024-09,2024-09-01,2024,9,56.0,Ethiopia,ucdp_actor_metadata_fallback,1,0.6931471805599453,False,True,311.0,479.0,5.7430031878094825,6.173786103901937,0.0,0.0,0.0,0.0,0.0,0.0,0.0,0.0,0.0,0.0,0.0,0.0,0.0,0.0,0.0,0.0,0.0,0.0,0.0,0.0,0.0,0.0,0.0,0.0,0.0,0.0,0.0,0.0,0.0,0.0,0.0,0.0,0.0,0.0,0.0,0.0,0.0,0.0,0.0,0.0,0.0,0.0,0.0,0.0,0.0,0.0,0.0,0.0,0.0,0.0,0.0,0.0,0.0
551,551,551,OLF,551,2024-10,2024-10-01,2024,10,57.0,Ethiopia,ucdp_actor_metadata_fallback,1,0.6931471805599453,False,True,479.0,289.0,6.173786103901937,5.66988092298052,0.0,0.0,0.0,0.0,0.0,0.0,0.0,0.0,0.0,0.0,0.0,0.0,0.0,0.0,0.0,0.0,0.0,0.0,0.0,0.0,0.0,0.0,0.0,0.0,0.0,0.0,0.0,0.0,0.0,0.0,0.0,0.0,0.0,0.0,0.0,0.0,0.0,0.0,0.0,0.0,0.0,0.0,0.0,0.0,0.0,0.0,0.0,0.0,0.0,0.0,0.0,0.0,0.0
551,551,551,OLF,551,2024-11,2024-11-01,2024,11,58.0,Ethiopia,ucdp_actor_metadata_fallback,1,0.6931471805599453,False,True,289.0,183.0,5.66988092298052,5.214935757608986,0.0,0.0,0.0,0.0,0.0,0.0,0.0,0.0,0.0,0.0,0.0,0.0,0.0,0.0,0.0,0.0,0.0,0.0,0.0,0.0,0.0,0.0,0.0,0.0,0.0,0.0,0.0,0.0,0.0,0.0,0.0,0.0,0.0,0.0,0.0,0.0,0.0,0.0,0.0,0.0,0.0,0.0,0.0,0.0,0.0,0.0,0.0,0.0,0.0,0.0,0.0,0.0,0.0
551,551,551,OLF,551,2024-12,2024-12-01,2024,12,59.0,Ethiopia,ucdp_actor_metadata_fallback,1,0.6931471805599453,False,True,183.0,412.0,5.214935757608986,6.023447592961033,0.0,0.0,0.0,0.0,0.0,0.0,0.0,0.0,0.0,0.0,0.0,0.0,0.0,0.0,0.0,0.0,0.0,0.0,0.0,0.0,0.0,0.0,0.0,0.0,0.0,0.0,0.0,0.0,0.0,0.0,0.0,0.0,0.0,0.0,0.0,0.0,0.0,0.0,0.0,0.0,0.0,0.0,0.0,0.0,0.0,0.0,0.0,0.0,0.0,0.0,0.0,0.0,0.0
551,551,551,OLF,551,2025-01,2025-01-01,2025,1,60.0,Ethiopia,ucdp_actor_metadata_fallback,1,0.6931471805599453,False,True,412.0,153.0,6.023447592961033,5.0369526024136295,0.0,0.0,0.0,0.0,0.0,0.0,0.0,0.0,0.0,0.0,0.0,0.0,0.0,0.0,0.0,0.0,0.0,0.0,0.0,0.0,0.0,0.0,0.0,0.0,0.0,0.0,0.0,0.0,0.0,0.0,0.0,0.0,0.0,0.0,0.0,0.0,0.0,0.0,0.0,0.0,0.0,0.0,0.0,0.0,0.0,0.0,0.0,0.0,0.0,0.0,0.0,0.0,0.0
551,551,551,OLF,551,2025-02,2025-02-01,2025,2,61.0,Ethiopia,ucdp_actor_metadata_fallback,1,0.6931471805599453,False,True,153.0,631.0,5.0369526024136295,6.448889394146858,0.0,0.0,0.0,0.0,0.0,0.0,0.0,0.0,0.0,0.0,0.0,0.0,0.0,0.0,0.0,0.0,0.0,0.0,0.0,0.0,0.0,0.0,0.0,0.0,0.0,0.0,0.0,0.0,0.0,0.0,0.0,0.0,0.0,0.0,0.0,0.0,0.0,0.0,0.0,0.0,0.0,0.0,0.0,0.0,0.0,0.0,0.0,0.0,0.0,0.0,0.0,0.0,0.0
551,551,551,OLF,551,2025-03,2025-03-01,2025,3,62.0,Ethiopia,ucdp_actor_metadata_fallback,1,0.6931471805599453,False,True,631.0,631.0,6.448889394146858,6.448889394146858,0.0,0.0,0.0,0.0,0.0,0.0,0.0,0.0,0.0,0.0,0.0,0.0,0.0,0.0,0.0,0.0,0.0,0.0,0.0,0.0,0.0,0.0,0.0,0.0,0.0,0.0,0.0,0.0,0.0,0.0,0.0,0.0,0.0,0.0,0.0,0.0,0.0,0.0,0.0,0.0,0.0,0.0,0.0,0.0,0.0,0.0,0.0,0.0,0.0,0.0,0.0,0.0,0.0
551,551,551,OLF,551,2025-04,2025-04-01,2025,4,63.0,Ethiopia,ucdp_actor_metadata_fallback,1,0.6931471805599453,False,True,631.0,266.0,6.448889394146858,5.58724865840025,0.0,0.0,0.0,0.0,0.0,0.0,0.0,0.0,0.0,0.0,0.0,0.0,0.0,0.0,0.0,0.0,0.0,0.0,0.0,0.0,0.0,0.0,0.0,0.0,0.0,0.0,0.0,0.0,0.0,0.0,0.0,0.0,0.0,0.0,0.0,0.0,0.0,0.0,0.0,0.0,0.0,0.0,0.0,0.0,0.0,0.0,0.0,0.0,0.0,0.0,0.0,0.0,0.0
551,551,551,OLF,551,2025-05,2025-05-01,2025,5,64.0,Ethiopia,ucdp_actor_metadata_fallback,1,0.6931471805599453,False,True,266.0,323.0,5.58724865840025,5.780743515792329,0.0,0.0,0.0,0.0,0.0,0.0,0.0,0.0,0.0,0.0,0.0,0.0,0.0,0.0,0.0,0.0,0.0,0.0,0.0,0.0,0.0,0.0,0.0,0.0,0.0,0.0,0.0,0.0,0.0,0.0,0.0,0.0,0.0,0.0,0.0,0.0,0.0,0.0,0.0,0.0,0.0,0.0,0.0,0.0,0.0,0.0,0.0,0.0,0.0,0.0,0.0,0.0,0.0
551,551,551,OLF,551,2025-06,2025-06-01,2025,6,65.0,Ethiopia,ucdp_actor_metadata_fallback,1,0.6931471805599453,False,True,323.0,245.0,5.780743515792329,5.5053315359323625,0.0,0.0,0.0,0.0,0.0,0.0,0.0,0.0,0.0,0.0,0.0,0.0,0.0,0.0,0.0,0.0,0.0,0.0,0.0,0.0,0.0,0.0,0.0,0.0,0.0,0.0,0.0,0.0,0.0,0.0,0.0,0.0,0.0,0.0,0.0,0.0,0.0,0.0,0.0,0.0,0.0,0.0,0.0,0.0,0.0,0.0,0.0,0.0,0.0,0.0,0.0,0.0,0.0
551,551,551,OLF,551,2025-07,2025-07-01,2025,7,66.0,Ethiopia,ucdp_actor_metadata_fallback,1,0.6931471805599453,False,True,245.0,308.0,5.5053315359323625,5.733341276897746,0.0,0.0,0.0,0.0,0.0,0.0,0.0,0.0,0.0,0.0,0.0,0.0,0.0,0.0,0.0,0.0,0.0,0.0,0.0,0.0,0.0,0.0,0.0,0.0,0.0,0.0,0.0,0.0,0.0,0.0,0.0,0.0,0.0,0.0,0.0,0.0,0.0,0.0,0.0,0.0,0.0,0.0,0.0,0.0,0.0,0.0,0.0,0.0,0.0,0.0,0.0,0.0,0.0
551,551,551,OLF,551,2025-08,2025-08-01,2025,8,67.0,Ethiopia,ucdp_actor_metadata_fallback,1,0.6931471805599453,False,True,308.0,706.0,5.733341276897746,6.561030665896573,0.0,0.0,0.0,0.0,0.0,0.0,0.0,0.0,0.0,0.0,0.0,0.0,0.0,0.0,0.0,0.0,0.0,0.0,0.0,0.0,0.0,0.0,0.0,0.0,0.0,0.0,0.0,0.0,0.0,0.0,0.0,0.0,0.0,0.0,0.0,0.0,0.0,0.0,0.0,0.0,0.0,0.0,0.0,0.0,0.0,0.0,0.0,0.0,0.0,0.0,0.0,0.0,0.0
551,551,551,OLF,551,2025-09,2025-09-01,2025,9,68.0,Ethiopia,ucdp_actor_metadata_fallback,1,0.6931471805599453,False,True,706.0,557.0,6.561030665896573,6.324358962381311,0.0,0.0,0.0,0.0,0.0,0.0,0.0,0.0,0.0,0.0,0.0,0.0,0.0,0.0,0.0,0.0,0.0,0.0,0.0,0.0,0.0,0.0,0.0,0.0,0.0,0.0,0.0,0.0,0.0,0.0,0.0,0.0,0.0,0.0,0.0,0.0,0.0,0.0,0.0,0.0,0.0,0.0,0.0,0.0,0.0,0.0,0.0,0.0,0.0,0.0,0.0,0.0,0.0
551,551,551,OLF,551,2025-10,2025-10-01,2025,10,69.0,Ethiopia,ucdp_actor_metadata_fallback,1,0.6931471805599453,False,True,557.0,865.0,6.324358962381311,6.763884908562435,0.0,0.0,0.0,0.0,0.0,0.0,0.0,0.0,0.0,0.0,0.0,0.0,0.0,0.0,0.0,0.0,0.0,0.0,0.0,0.0,0.0,0.0,0.0,0.0,0.0,0.0,0.0,0.0,0.0,0.0,0.0,0.0,0.0,0.0,0.0,0.0,0.0,0.0,0.0,0.0,0.0,0.0,0.0,0.0,0.0,0.0,0.0,0.0,0.0,0.0,0.0,0.0,0.0
551,551,551,OLF,551,2025-11,2025-11-01,2025,11,70.0,Ethiopia,ucdp_actor_metadata_fallback,1,0.6931471805599453,False,True,865.0,361.0,6.763884908562435,5.8916442118257715,0.0,0.0,0.0,0.0,0.0,0.0,0.0,0.0,0.0,0.0,0.0,0.0,0.0,0.0,0.0,0.0,0.0,0.0,0.0,0.0,0.0,0.0,0.0,0.0,0.0,0.0,0.0,0.0,0.0,0.0,0.0,0.0,0.0,0.0,0.0,0.0,0.0,0.0,0.0,0.0,0.0,0.0,0.0,0.0,0.0,0.0,0.0,0.0,0.0,0.0,0.0,0.0,0.0
551,551,551,OLF,551,2025-12,2025-12-01,2025,12,71.0,Ethiopia,ucdp_actor_metadata_fallback,1,0.6931471805599453,False,False,361.0,,5.8916442118257715,,0.0,0.0,0.0,0.0,0.0,0.0,0.0,0.0,0.0,0.0,0.0,0.0,0.0,0.0,0.0,0.0,0.0,0.0,0.0,0.0,0.0,0.0,0.0,0.0,0.0,0.0,0.0,0.0,0.0,0.0,0.0,0.0,0.0,0.0,0.0,0.0,0.0,0.0,0.0,0.0,0.0,0.0,0.0,0.0,0.0,0.0,0.0,0.0,0.0,0.0,0.0,0.0,0.0
323,323,323,PKK,323,2020-01,2020-01-01,2020,1,0.0,Iran; Iraq; Turkey,ged_rolling_24m,3,1.3862943611198906,False,True,226.0,137.0,5.424950017481403,4.927253685157205,0.0,0.0,0.0,0.0,0.0,0.0,0.0,0.0,0.0,0.0,0.0,0.0,0.0,0.0,0.0,0.0,0.0,0.0,0.0,0.0,0.0,0.0,0.0,0.0,0.0,0.0,0.0,0.0,0.0,0.0,0.0,0.0,0.0,0.0,0.0,0.0,0.0,0.0,0.0,0.0,0.0,0.0,0.0,0.0,0.0,0.0,0.0,0.0,0.0,0.0,0.0,0.0,0.0
323,323,323,PKK,323,2020-02,2020-02-01,2020,2,1.0,Iran; Iraq; Turkey,ged_rolling_24m,3,1.3862943611198906,False,True,137.0,47.0,4.927253685157205,3.871201010907891,2.0,2.0,2.0,1.0,1.0,2.0,2.0,2.0,2.0,0.0,2.0,0.0,0.0,0.0,0.0,0.0,0.0,0.0,0.0,0.0,0.5,0.6931471805599453,1.0,1.0986122886681098,1.0,1.0986122886681098,1.0,1.0986122886681098,1.0,1.0986122886681098,0.0,0.0,1.0,1.0986122886681098,0.0,0.0,0.0,0.0,0.0,0.0,0.0,0.0,0.0,0.0,0.0,0.0,0.0,0.0,0.0,0.0,0.0,0.0,1.0986122886681098
323,323,323,PKK,323,2020-03,2020-03-01,2020,3,2.0,Iran; Iraq; Turkey,ged_rolling_24m,3,1.3862943611198906,False,True,47.0,131.0,3.871201010907891,4.882801922586371,3.0,3.0,3.0,1.0,2.0,2.0,2.0,3.0,3.0,0.0,2.0,0.0,0.0,0.0,1.0,0.0,0.0,0.0,0.0,0.0,0.6666666666666666,1.0986122886681098,0.6666666666666666,1.0986122886681098,0.6666666666666666,1.0986122886681098,1.0,1.3862943611198906,1.0,1.3862943611198906,0.0,0.0,0.6666666666666666,1.0986122886681098,0.0,0.0,0.0,0.0,0.0,0.0,0.3333333333333333,0.6931471805599453,0.0,0.0,0.0,0.0,0.0,0.0,0.0,0.0,0.0,0.0,1.3862943611198906
323,323,323,PKK,323,2020-04,2020-04-01,2020,4,3.0,Iran; Iraq; Turkey,ged_rolling_24m,3,1.3862943611198906,False,True,131.0,154.0,4.882801922586371,5.043425116919247,1.0,1.0,1.0,1.0,1.0,1.0,1.0,1.0,1.0,0.0,1.0,0.0,0.0,0.0,0.0,0.0,0.0,0.0,0.0,0.0,1.0,0.6931471805599453,1.0,0.6931471805599453,1.0,0.6931471805599453,1.0,0.6931471805599453,1.0,0.6931471805599453,0.0,0.0,1.0,0.6931471805599453,0.0,0.0,0.0,0.0,0.0,0.0,0.0,0.0,0.0,0.0,0.0,0.0,0.0,0.0,0.0,0.0,0.0,0.0,0.6931471805599453
323,323,323,PKK,323,2020-05,2020-05-01,2020,5,4.0,Iran; Iraq; Turkey,ged_rolling_24m,3,1.3862943611198906,False,True,154.0,136.0,5.043425116919247,4.919980925828125,4.0,4.0,4.0,1.0,4.0,4.0,3.0,4.0,2.0,0.0,3.0,0.0,0.0,0.0,0.0,0.0,0.0,1.0,0.0,0.0,1.0,1.6094379124341003,1.0,1.6094379124341003,0.75,1.3862943611198906,1.0,1.6094379124341003,0.5,1.0986122886681098,0.0,0.0,0.75,1.3862943611198906,0.0,0.0,0.0,0.0,0.0,0.0,0.0,0.0,0.0,0.0,0.0,0.0,0.25,0.6931471805599453,0.0,0.0,0.0,0.0,1.6094379124341003
323,323,323,PKK,323,2020-06,2020-06-01,2020,6,5.0,Iran; Iraq; Turkey,ged_rolling_24m,3,1.3862943611198906,False,True,136.0,98.0,4.919980925828125,4.59511985013459,26.0,26.0,26.0,1.0,25.0,26.0,14.0,26.0,19.0,0.0,24.0,0.0,0.0,0.0,0.0,0.0,0.0,2.0,0.0,0.0,0.9615384615384616,3.258096538021482,1.0,3.295836866004329,0.5384615384615384,2.70805020110221,1.0,3.295836866004329,0.7307692307692307,2.995732273553991,0.0,0.0,0.9230769230769231,3.2188758248682006,0.0,0.0,0.0,0.0,0.0,0.0,0.0,0.0,0.0,0.0,0.0,0.0,0.07692307692307693,1.0986122886681098,0.0,0.0,0.0,0.0,3.295836866004329
323,323,323,PKK,323,2020-07,2020-07-01,2020,7,6.0,Iraq; Turkey,ged_rolling_24m,2,1.0986122886681098,False,True,86.0,127.0,4.465908118654584,4.852030263919617,8.0,8.0,8.0,1.0,5.0,8.0,3.0,7.0,3.0,0.0,3.0,0.0,0.0,0.0,0.0,0.0,0.0,5.0,0.0,0.0,0.625,1.791759469228055,1.0,2.1972245773362196,0.375,1.3862943611198906,0.875,2.0794415416798357,0.375,1.3862943611198906,0.0,0.0,0.375,1.3862943611198906,0.0,0.0,0.0,0.0,0.0,0.0,0.0,0.0,0.0,0.0,0.0,0.0,0.625,1.791759469228055,0.0,0.0,0.0,0.0,2.1972245773362196
323,323,323,PKK,323,2020-08,2020-08-01,2020,8,7.0,Iraq; Turkey,ged_rolling_24m,2,1.0986122886681098,False,True,127.0,103.0,4.852030263919617,4.6443908991413725,7.0,7.0,7.0,1.0,6.0,7.0,5.0,7.0,6.0,0.0,5.0,0.0,0.0,0.0,0.0,0.0,0.0,2.0,0.0,0.0,0.8571428571428571,1.9459101490553132,1.0,2.0794415416798357,0.7142857142857143,1.791759469228055,1.0,2.0794415416798357,0.8571428571428571,1.9459101490553132,0.0,0.0,0.7142857142857143,1.791759469228055,0.0,0.0,0.0,0.0,0.0,0.0,0.0,0.0,0.0,0.0,0.0,0.0,0.2857142857142857,1.0986122886681098,0.0,0.0,0.0,0.0,2.0794415416798357
323,323,323,PKK,323,2020-09,2020-09-01,2020,9,8.0,Iraq; Turkey,ged_rolling_24m,2,1.0986122886681098,False,True,103.0,69.0,4.6443908991413725,4.248495242049359,5.0,5.0,5.0,1.0,5.0,5.0,5.0,5.0,4.0,0.0,5.0,0.0,0.0,0.0,0.0,0.0,0.0,0.0,0.0,0.0,1.0,1.791759469228055,1.0,1.791759469228055,1.0,1.791759469228055,1.0,1.791759469228055,0.8,1.6094379124341003,0.0,0.0,1.0,1.791759469228055,0.0,0.0,0.0,0.0,0.0,0.0,0.0,0.0,0.0,0.0,0.0,0.0,0.0,0.0,0.0,0.0,0.0,0.0,1.791759469228055
323,323,323,PKK,323,2020-10,2020-10-01,2020,10,9.0,Iraq; Turkey,ged_rolling_24m,2,1.0986122886681098,False,True,69.0,87.0,4.248495242049359,4.477336814478207,1.0,1.0,1.0,1.0,1.0,1.0,1.0,1.0,1.0,0.0,1.0,0.0,0.0,0.0,0.0,0.0,0.0,0.0,0.0,0.0,1.0,0.6931471805599453,1.0,0.6931471805599453,1.0,0.6931471805599453,1.0,0.6931471805599453,1.0,0.6931471805599453,0.0,0.0,1.0,0.6931471805599453,0.0,0.0,0.0,0.0,0.0,0.0,0.0,0.0,0.0,0.0,0.0,0.0,0.0,0.0,0.0,0.0,0.0,0.0,0.6931471805599453
323,323,323,PKK,323,2020-11,2020-11-01,2020,11,10.0,Iraq; Turkey,ged_rolling_24m,2,1.0986122886681098,False,True,87.0,102.0,4.477336814478207,4.634728988229636,3.0,3.0,3.0,1.0,3.0,3.0,1.0,3.0,1.0,0.0,3.0,0.0,0.0,0.0,0.0,0.0,0.0,0.0,0.0,0.0,1.0,1.3862943611198906,1.0,1.3862943611198906,0.3333333333333333,0.6931471805599453,1.0,1.3862943611198906,0.3333333333333333,0.6931471805599453,0.0,0.0,1.0,1.3862943611198906,0.0,0.0,0.0,0.0,0.0,0.0,0.0,0.0,0.0,0.0,0.0,0.0,0.0,0.0,0.0,0.0,0.0,0.0,1.3862943611198906
323,323,323,PKK,323,2020-12,2020-12-01,2020,12,11.0,Iraq; Turkey,ged_rolling_24m,2,1.0986122886681098,False,True,102.0,98.0,4.634728988229636,4.59511985013459,4.0,4.0,4.0,1.0,4.0,4.0,1.0,4.0,1.0,0.0,4.0,0.0,0.0,0.0,0.0,0.0,0.0,0.0,0.0,0.0,1.0,1.6094379124341003,1.0,1.6094379124341003,0.25,0.6931471805599453,1.0,1.6094379124341003,0.25,0.6931471805599453,0.0,0.0,1.0,1.6094379124341003,0.0,0.0,0.0,0.0,0.0,0.0,0.0,0.0,0.0,0.0,0.0,0.0,0.0,0.0,0.0,0.0,0.0,0.0,1.6094379124341003
323,323,323,PKK,323,2021-01,2021-01-01,2021,1,12.0,Iraq; Turkey,ged_rolling_24m,2,1.0986122886681098,False,True,98.0,87.0,4.59511985013459,4.477336814478207,3.0,3.0,3.0,1.0,2.0,3.0,0.0,2.0,2.0,0.0,0.0,0.0,0.0,0.0,0.0,0.0,0.0,3.0,0.0,0.0,0.6666666666666666,1.0986122886681098,1.0,1.3862943611198906,0.0,0.0,0.6666666666666666,1.0986122886681098,0.6666666666666666,1.0986122886681098,0.0,0.0,0.0,0.0,0.0,0.0,0.0,0.0,0.0,0.0,0.0,0.0,0.0,0.0,0.0,0.0,1.0,1.3862943611198906,0.0,0.0,0.0,0.0,1.3862943611198906
323,323,323,PKK,323,2021-02,2021-02-01,2021,2,13.0,Iraq; Turkey,ged_rolling_24m,2,1.0986122886681098,False,True,87.0,68.0,4.477336814478207,4.23410650459726,18.0,18.0,18.0,1.0,17.0,18.0,17.0,18.0,11.0,0.0,14.0,0.0,0.0,0.0,0.0,0.0,0.0,4.0,0.0,0.0,0.9444444444444444,2.8903717578961645,1.0,2.9444389791664403,0.9444444444444444,2.8903717578961645,1.0,2.9444389791664403,0.6111111111111112,2.4849066497880004,0.0,0.0,0.7777777777777778,2.70805020110221,0.0,0.0,0.0,0.0,0.0,0.0,0.0,0.0,0.0,0.0,0.0,0.0,0.2222222222222222,1.6094379124341003,0.0,0.0,0.0,0.0,2.9444389791664403
323,323,323,PKK,323,2021-03,2021-03-01,2021,3,14.0,Iraq; Turkey,ged_rolling_24m,2,1.0986122886681098,False,True,68.0,99.0,4.23410650459726,4.605170185988092,3.0,3.0,3.0,1.0,0.0,2.0,1.0,2.0,1.0,0.0,0.0,0.0,0.0,0.0,1.0,0.0,0.0,2.0,0.0,0.0,0.0,0.0,0.6666666666666666,1.0986122886681098,0.3333333333333333,0.6931471805599453,0.6666666666666666,1.0986122886681098,0.3333333333333333,0.6931471805599453,0.0,0.0,0.0,0.0,0.0,0.0,0.0,0.0,0.0,0.0,0.3333333333333333,0.6931471805599453,0.0,0.0,0.0,0.0,0.6666666666666666,1.0986122886681098,0.0,0.0,0.0,0.0,1.3862943611198906
323,323,323,PKK,323,2021-04,2021-04-01,2021,4,15.0,Iraq; Turkey,ged_rolling_24m,2,1.0986122886681098,False,True,99.0,108.0,4.605170185988092,4.6913478822291435,3.0,3.0,3.0,1.0,3.0,3.0,3.0,3.0,3.0,0.0,3.0,0.0,0.0,0.0,0.0,0.0,0.0,0.0,0.0,0.0,1.0,1.3862943611198906,1.0,1.3862943611198906,1.0,1.3862943611198906,1.0,1.3862943611198906,1.0,1.3862943611198906,0.0,0.0,1.0,1.3862943611198906,0.0,0.0,0.0,0.0,0.0,0.0,0.0,0.0,0.0,0.0,0.0,0.0,0.0,0.0,0.0,0.0,0.0,0.0,1.3862943611198906
323,323,323,PKK,323,2021-05,2021-05-01,2021,5,16.0,Iraq; Turkey,ged_rolling_24m,2,1.0986122886681098,False,True,108.0,81.0,4.6913478822291435,4.406719247264253,2.0,2.0,2.0,1.0,1.0,2.0,1.0,2.0,1.0,0.0,1.0,0.0,0.0,0.0,0.0,0.0,0.0,1.0,0.0,0.0,0.5,0.6931471805599453,1.0,1.0986122886681098,0.5,0.6931471805599453,1.0,1.0986122886681098,0.5,0.6931471805599453,0.0,0.0,0.5,0.6931471805599453,0.0,0.0,0.0,0.0,0.0,0.0,0.0,0.0,0.0,0.0,0.0,0.0,0.5,0.6931471805599453,0.0,0.0,0.0,0.0,1.0986122886681098
323,323,323,PKK,323,2021-06,2021-06-01,2021,6,17.0,Iraq; Turkey,ged_rolling_24m,2,1.0986122886681098,False,True,81.0,117.0,4.406719247264253,4.770684624465665,8.0,8.0,8.0,1.0,8.0,8.0,7.0,8.0,4.0,0.0,7.0,0.0,0.0,0.0,0.0,0.0,0.0,1.0,0.0,0.0,1.0,2.1972245773362196,1.0,2.1972245773362196,0.875,2.0794415416798357,1.0,2.1972245773362196,0.5,1.6094379124341003,0.0,0.0,0.875,2.0794415416798357,0.0,0.0,0.0,0.0,0.0,0.0,0.0,0.0,0.0,0.0,0.0,0.0,0.125,0.6931471805599453,0.0,0.0,0.0,0.0,2.1972245773362196
323,323,323,PKK,323,2021-07,2021-07-01,2021,7,18.0,Iraq; Turkey,ged_rolling_24m,2,1.0986122886681098,False,True,117.0,124.0,4.770684624465665,4.8283137373023015,0.0,0.0,0.0,0.0,0.0,0.0,0.0,0.0,0.0,0.0,0.0,0.0,0.0,0.0,0.0,0.0,0.0,0.0,0.0,0.0,0.0,0.0,0.0,0.0,0.0,0.0,0.0,0.0,0.0,0.0,0.0,0.0,0.0,0.0,0.0,0.0,0.0,0.0,0.0,0.0,0.0,0.0,0.0,0.0,0.0,0.0,0.0,0.0,0.0,0.0,0.0,0.0,0.0
323,323,323,PKK,323,2021-08,2021-08-01,2021,8,19.0,Iraq; Turkey,ged_rolling_24m,2,1.0986122886681098,False,True,124.0,107.0,4.8283137373023015,4.68213122712422,0.0,0.0,0.0,0.0,0.0,0.0,0.0,0.0,0.0,0.0,0.0,0.0,0.0,0.0,0.0,0.0,0.0,0.0,0.0,0.0,0.0,0.0,0.0,0.0,0.0,0.0,0.0,0.0,0.0,0.0,0.0,0.0,0.0,0.0,0.0,0.0,0.0,0.0,0.0,0.0,0.0,0.0,0.0,0.0,0.0,0.0,0.0,0.0,0.0,0.0,0.0,0.0,0.0
323,323,323,PKK,323,2021-09,2021-09-01,2021,9,20.0,Iraq; Syria; Turkey,ged_rolling_24m,3,1.3862943611198906,False,True,200.0,208.0,5.303304908059076,5.342334251964811,3.0,3.0,3.0,1.0,2.0,3.0,2.0,2.0,3.0,0.0,2.0,0.0,0.0,0.0,0.0,0.0,0.0,1.0,0.0,0.0,0.6666666666666666,1.0986122886681098,1.0,1.3862943611198906,0.6666666666666666,1.0986122886681098,0.6666666666666666,1.0986122886681098,1.0,1.3862943611198906,0.0,0.0,0.6666666666666666,1.0986122886681098,0.0,0.0,0.0,0.0,0.0,0.0,0.0,0.0,0.0,0.0,0.0,0.0,0.3333333333333333,0.6931471805599453,0.0,0.0,0.0,0.0,1.3862943611198906
323,323,323,PKK,323,2021-10,2021-10-01,2021,10,21.0,Iraq; Syria; Turkey,ged_rolling_24m,3,1.3862943611198906,False,True,208.0,150.0,5.342334251964811,5.017279836814924,3.0,3.0,3.0,1.0,2.0,3.0,2.0,2.0,1.0,0.0,0.0,0.0,0.0,0.0,0.0,0.0,0.0,3.0,0.0,0.0,0.6666666666666666,1.0986122886681098,1.0,1.3862943611198906,0.6666666666666666,1.0986122886681098,0.6666666666666666,1.0986122886681098,0.3333333333333333,0.6931471805599453,0.0,0.0,0.0,0.0,0.0,0.0,0.0,0.0,0.0,0.0,0.0,0.0,0.0,0.0,0.0,0.0,1.0,1.3862943611198906,0.0,0.0,0.0,0.0,1.3862943611198906
323,323,323,PKK,323,2021-11,2021-11-01,2021,11,22.0,Iraq; Syria; Turkey,ged_rolling_24m,3,1.3862943611198906,False,True,150.0,254.0,5.017279836814924,5.541263545158426,2.0,2.0,2.0,1.0,0.0,1.0,0.0,0.0,0.0,0.0,0.0,0.0,0.0,0.0,0.0,0.0,0.0,1.0,0.0,1.0,0.0,0.0,0.5,0.6931471805599453,0.0,0.0,0.0,0.0,0.0,0.0,0.0,0.0,0.0,0.0,0.0,0.0,0.0,0.0,0.0,0.0,0.0,0.0,0.0,0.0,0.0,0.0,0.5,0.6931471805599453,0.0,0.0,0.5,0.6931471805599453,1.0986122886681098
323,323,323,PKK,323,2021-12,2021-12-01,2021,12,23.0,Iraq; Syria; Turkey,ged_rolling_24m,3,1.3862943611198906,False,True,254.0,501.0,5.541263545158426,6.218600119691729,2.0,2.0,2.0,1.0,2.0,2.0,1.0,2.0,1.0,0.0,2.0,0.0,0.0,0.0,0.0,0.0,0.0,0.0,0.0,0.0,1.0,1.0986122886681098,1.0,1.0986122886681098,0.5,0.6931471805599453,1.0,1.0986122886681098,0.5,0.6931471805599453,0.0,0.0,1.0,1.0986122886681098,0.0,0.0,0.0,0.0,0.0,0.0,0.0,0.0,0.0,0.0,0.0,0.0,0.0,0.0,0.0,0.0,0.0,0.0,1.0986122886681098
323,323,323,PKK,323,2022-01,2022-01-01,2022,1,24.0,Iraq; Syria; Turkey,ged_rolling_24m,3,1.3862943611198906,False,True,501.0,213.0,6.218600119691729,5.365976015021851,3.0,3.0,3.0,1.0,3.0,3.0,1.0,3.0,3.0,0.0,3.0,0.0,0.0,0.0,0.0,0.0,0.0,0.0,0.0,0.0,1.0,1.3862943611198906,1.0,1.3862943611198906,0.3333333333333333,0.6931471805599453,1.0,1.3862943611198906,1.0,1.3862943611198906,0.0,0.0,1.0,1.3862943611198906,0.0,0.0,0.0,0.0,0.0,0.0,0.0,0.0,0.0,0.0,0.0,0.0,0.0,0.0,0.0,0.0,0.0,0.0,1.3862943611198906
323,323,323,PKK,323,2022-02,2022-02-01,2022,2,25.0,Iraq; Syria; Turkey,ged_rolling_24m,3,1.3862943611198906,False,True,213.0,78.0,5.365976015021851,4.3694478524670215,4.0,4.0,4.0,1.0,4.0,4.0,3.0,4.0,4.0,0.0,3.0,0.0,0.0,0.0,0.0,0.0,0.0,1.0,0.0,0.0,1.0,1.6094379124341003,1.0,1.6094379124341003,0.75,1.3862943611198906,1.0,1.6094379124341003,1.0,1.6094379124341003,0.0,0.0,0.75,1.3862943611198906,0.0,0.0,0.0,0.0,0.0,0.0,0.0,0.0,0.0,0.0,0.0,0.0,0.25,0.6931471805599453,0.0,0.0,0.0,0.0,1.6094379124341003
323,323,323,PKK,323,2022-03,2022-03-01,2022,3,26.0,Iraq; Syria; Turkey,ged_rolling_24m,3,1.3862943611198906,False,True,78.0,181.0,4.3694478524670215,5.204006687076795,1.0,1.0,1.0,1.0,1.0,1.0,1.0,1.0,1.0,0.0,0.0,0.0,0.0,0.0,0.0,0.0,0.0,1.0,0.0,0.0,1.0,0.6931471805599453,1.0,0.6931471805599453,1.0,0.6931471805599453,1.0,0.6931471805599453,1.0,0.6931471805599453,0.0,0.0,0.0,0.0,0.0,0.0,0.0,0.0,0.0,0.0,0.0,0.0,0.0,0.0,0.0,0.0,1.0,0.6931471805599453,0.0,0.0,0.0,0.0,0.6931471805599453
323,323,323,PKK,323,2022-04,2022-04-01,2022,4,27.0,Iraq; Syria; Turkey,ged_rolling_24m,3,1.3862943611198906,False,True,181.0,227.0,5.204006687076795,5.429345628954441,11.0,11.0,11.0,1.0,11.0,11.0,3.0,11.0,10.0,0.0,10.0,0.0,0.0,0.0,0.0,0.0,0.0,1.0,0.0,0.0,1.0,2.4849066497880004,1.0,2.4849066497880004,0.2727272727272727,1.3862943611198906,1.0,2.4849066497880004,0.9090909090909091,2.3978952727983707,0.0,0.0,0.9090909090909091,2.3978952727983707,0.0,0.0,0.0,0.0,0.0,0.0,0.0,0.0,0.0,0.0,0.0,0.0,0.09090909090909091,0.6931471805599453,0.0,0.0,0.0,0.0,2.4849066497880004
323,323,323,PKK,323,2022-05,2022-05-01,2022,5,28.0,Iraq; Syria; Turkey,ged_rolling_24m,3,1.3862943611198906,False,True,227.0,253.0,5.429345628954441,5.537334267018537,5.0,5.0,5.0,1.0,5.0,4.0,5.0,5.0,2.0,0.0,4.0,0.0,0.0,0.0,0.0,0.0,0.0,1.0,0.0,0.0,1.0,1.791759469228055,0.8,1.6094379124341003,1.0,1.791759469228055,1.0,1.791759469228055,0.4,1.0986122886681098,0.0,0.0,0.8,1.6094379124341003,0.0,0.0,0.0,0.0,0.0,0.0,0.0,0.0,0.0,0.0,0.0,0.0,0.2,0.6931471805599453,0.0,0.0,0.0,0.0,1.791759469228055
323,323,323,PKK,323,2022-06,2022-06-01,2022,6,29.0,Iraq; Syria; Turkey,ged_rolling_24m,3,1.3862943611198906,False,True,253.0,190.0,5.537334267018537,5.25227342804663,5.0,5.0,5.0,1.0,5.0,5.0,2.0,4.0,2.0,0.0,4.0,0.0,0.0,0.0,0.0,0.0,0.0,1.0,0.0,0.0,1.0,1.791759469228055,1.0,1.791759469228055,0.4,1.0986122886681098,0.8,1.6094379124341003,0.4,1.0986122886681098,0.0,0.0,0.8,1.6094379124341003,0.0,0.0,0.0,0.0,0.0,0.0,0.0,0.0,0.0,0.0,0.0,0.0,0.2,0.6931471805599453,0.0,0.0,0.0,0.0,1.791759469228055
323,323,323,PKK,323,2022-07,2022-07-01,2022,7,30.0,Iraq; Syria; Turkey,ged_rolling_24m,3,1.3862943611198906,False,True,190.0,248.0,5.25227342804663,5.517452896464707,12.0,12.0,12.0,1.0,9.0,11.0,9.0,10.0,8.0,0.0,6.0,0.0,0.0,0.0,1.0,0.0,0.0,5.0,0.0,0.0,0.75,2.302585092994046,0.9166666666666666,2.4849066497880004,0.75,2.302585092994046,0.8333333333333334,2.3978952727983707,0.6666666666666666,2.1972245773362196,0.0,0.0,0.5,1.9459101490553132,0.0,0.0,0.0,0.0,0.0,0.0,0.08333333333333333,0.6931471805599453,0.0,0.0,0.0,0.0,0.4166666666666667,1.791759469228055,0.0,0.0,0.0,0.0,2.5649493574615367
323,323,323,PKK,323,2022-08,2022-08-01,2022,8,31.0,Iraq; Syria; Turkey,ged_rolling_24m,3,1.3862943611198906,False,True,248.0,275.0,5.517452896464707,5.62040086571715,1.0,1.0,1.0,1.0,0.0,1.0,1.0,1.0,1.0,0.0,0.0,0.0,0.0,0.0,0.0,0.0,0.0,1.0,0.0,0.0,0.0,0.0,1.0,0.6931471805599453,1.0,0.6931471805599453,1.0,0.6931471805599453,1.0,0.6931471805599453,0.0,0.0,0.0,0.0,0.0,0.0,0.0,0.0,0.0,0.0,0.0,0.0,0.0,0.0,0.0,0.0,1.0,0.6931471805599453,0.0,0.0,0.0,0.0,0.6931471805599453
323,323,323,PKK,323,2022-09,2022-09-01,2022,9,32.0,Iraq; Syria; Turkey,ged_rolling_24m,3,1.3862943611198906,False,True,275.0,182.0,5.62040086571715,5.209486152841421,5.0,5.0,5.0,1.0,5.0,5.0,4.0,5.0,2.0,0.0,5.0,0.0,0.0,0.0,0.0,0.0,0.0,0.0,0.0,0.0,1.0,1.791759469228055,1.0,1.791759469228055,0.8,1.6094379124341003,1.0,1.791759469228055,0.4,1.0986122886681098,0.0,0.0,1.0,1.791759469228055,0.0,0.0,0.0,0.0,0.0,0.0,0.0,0.0,0.0,0.0,0.0,0.0,0.0,0.0,0.0,0.0,0.0,0.0,1.791759469228055
323,323,323,PKK,323,2022-10,2022-10-01,2022,10,33.0,Iraq; Syria; Turkey,ged_rolling_24m,3,1.3862943611198906,False,True,182.0,220.0,5.209486152841421,5.3981627015177525,1.0,1.0,1.0,1.0,1.0,1.0,0.0,1.0,1.0,0.0,1.0,0.0,0.0,0.0,0.0,0.0,0.0,0.0,0.0,0.0,1.0,0.6931471805599453,1.0,0.6931471805599453,0.0,0.0,1.0,0.6931471805599453,1.0,0.6931471805599453,0.0,0.0,1.0,0.6931471805599453,0.0,0.0,0.0,0.0,0.0,0.0,0.0,0.0,0.0,0.0,0.0,0.0,0.0,0.0,0.0,0.0,0.0,0.0,0.6931471805599453
323,323,323,PKK,323,2022-11,2022-11-01,2022,11,34.0,Iraq; Syria; Turkey,ged_rolling_24m,3,1.3862943611198906,False,True,220.0,255.0,5.3981627015177525,5.545177444479562,17.0,17.0,17.0,1.0,17.0,16.0,11.0,16.0,15.0,0.0,15.0,0.0,0.0,0.0,0.0,0.0,0.0,2.0,0.0,0.0,1.0,2.8903717578961645,0.9411764705882353,2.833213344056216,0.6470588235294118,2.4849066497880004,0.9411764705882353,2.833213344056216,0.8823529411764706,2.772588722239781,0.0,0.0,0.8823529411764706,2.772588722239781,0.0,0.0,0.0,0.0,0.0,0.0,0.0,0.0,0.0,0.0,0.0,0.0,0.11764705882352941,1.0986122886681098,0.0,0.0,0.0,0.0,2.8903717578961645
323,323,323,PKK,323,2022-12,2022-12-01,2022,12,35.0,Iraq; Syria; Turkey,ged_rolling_24m,3,1.3862943611198906,False,True,255.0,175.0,5.545177444479562,5.170483995038151,9.0,9.0,9.0,1.0,7.0,9.0,6.0,6.0,5.0,0.0,4.0,0.0,0.0,0.0,0.0,0.0,0.0,5.0,0.0,0.0,0.7777777777777778,2.0794415416798357,1.0,2.302585092994046,0.6666666666666666,1.9459101490553132,0.6666666666666666,1.9459101490553132,0.5555555555555556,1.791759469228055,0.0,0.0,0.4444444444444444,1.6094379124341003,0.0,0.0,0.0,0.0,0.0,0.0,0.0,0.0,0.0,0.0,0.0,0.0,0.5555555555555556,1.791759469228055,0.0,0.0,0.0,0.0,2.302585092994046
323,323,323,PKK,323,2023-01,2023-01-01,2023,1,36.0,Iraq; Syria; Turkey,ged_rolling_24m,3,1.3862943611198906,False,True,175.0,251.0,5.170483995038151,5.529429087511423,3.0,3.0,3.0,1.0,3.0,3.0,1.0,2.0,0.0,0.0,0.0,0.0,0.0,0.0,0.0,0.0,0.0,2.0,1.0,0.0,1.0,1.3862943611198906,1.0,1.3862943611198906,0.3333333333333333,0.6931471805599453,0.6666666666666666,1.0986122886681098,0.0,0.0,0.0,0.0,0.0,0.0,0.0,0.0,0.0,0.0,0.0,0.0,0.0,0.0,0.0,0.0,0.0,0.0,0.6666666666666666,1.0986122886681098,0.3333333333333333,0.6931471805599453,0.0,0.0,1.3862943611198906
323,323,323,PKK,323,2023-02,2023-02-01,2023,2,37.0,Iraq; Syria; Turkey,ged_rolling_24m,3,1.3862943611198906,False,True,251.0,225.0,5.529429087511423,5.420534999272286,2.0,2.0,2.0,1.0,2.0,2.0,1.0,1.0,1.0,0.0,1.0,0.0,0.0,0.0,0.0,0.0,0.0,1.0,0.0,0.0,1.0,1.0986122886681098,1.0,1.0986122886681098,0.5,0.6931471805599453,0.5,0.6931471805599453,0.5,0.6931471805599453,0.0,0.0,0.5,0.6931471805599453,0.0,0.0,0.0,0.0,0.0,0.0,0.0,0.0,0.0,0.0,0.0,0.0,0.5,0.6931471805599453,0.0,0.0,0.0,0.0,1.0986122886681098
323,323,323,PKK,323,2023-03,2023-03-01,2023,3,38.0,Iraq; Syria; Turkey,ged_rolling_24m,3,1.3862943611198906,False,True,225.0,159.0,5.420534999272286,5.075173815233827,0.0,0.0,0.0,0.0,0.0,0.0,0.0,0.0,0.0,0.0,0.0,0.0,0.0,0.0,0.0,0.0,0.0,0.0,0.0,0.0,0.0,0.0,0.0,0.0,0.0,0.0,0.0,0.0,0.0,0.0,0.0,0.0,0.0,0.0,0.0,0.0,0.0,0.0,0.0,0.0,0.0,0.0,0.0,0.0,0.0,0.0,0.0,0.0,0.0,0.0,0.0,0.0,0.0
323,323,323,PKK,323,2023-04,2023-04-01,2023,4,39.0,Iraq; Syria; Turkey,ged_rolling_24m,3,1.3862943611198906,False,True,159.0,118.0,5.075173815233827,4.77912349311153,1.0,1.0,1.0,1.0,0.0,0.0,0.0,0.0,0.0,0.0,0.0,0.0,0.0,0.0,0.0,0.0,0.0,0.0,0.0,1.0,0.0,0.0,0.0,0.0,0.0,0.0,0.0,0.0,0.0,0.0,0.0,0.0,0.0,0.0,0.0,0.0,0.0,0.0,0.0,0.0,0.0,0.0,0.0,0.0,0.0,0.0,0.0,0.0,0.0,0.0,1.0,0.6931471805599453,0.6931471805599453
323,323,323,PKK,323,2023-05,2023-05-01,2023,5,40.0,Iraq; Syria; Turkey,ged_rolling_24m,3,1.3862943611198906,False,True,118.0,205.0,4.77912349311153,5.327876168789581,4.0,4.0,4.0,1.0,4.0,4.0,3.0,4.0,2.0,0.0,2.0,0.0,0.0,0.0,0.0,0.0,0.0,2.0,0.0,0.0,1.0,1.6094379124341003,1.0,1.6094379124341003,0.75,1.3862943611198906,1.0,1.6094379124341003,0.5,1.0986122886681098,0.0,0.0,0.5,1.0986122886681098,0.0,0.0,0.0,0.0,0.0,0.0,0.0,0.0,0.0,0.0,0.0,0.0,0.5,1.0986122886681098,0.0,0.0,0.0,0.0,1.6094379124341003
323,323,323,PKK,323,2023-06,2023-06-01,2023,6,41.0,Iraq; Syria; Turkey,ged_rolling_24m,3,1.3862943611198906,False,True,205.0,160.0,5.327876168789581,5.081404364984463,2.0,2.0,2.0,1.0,2.0,2.0,2.0,2.0,2.0,0.0,2.0,0.0,0.0,0.0,0.0,0.0,0.0,0.0,0.0,0.0,1.0,1.0986122886681098,1.0,1.0986122886681098,1.0,1.0986122886681098,1.0,1.0986122886681098,1.0,1.0986122886681098,0.0,0.0,1.0,1.0986122886681098,0.0,0.0,0.0,0.0,0.0,0.0,0.0,0.0,0.0,0.0,0.0,0.0,0.0,0.0,0.0,0.0,0.0,0.0,1.0986122886681098
323,323,323,PKK,323,2023-07,2023-07-01,2023,7,42.0,Iraq; Syria; Turkey,ged_rolling_24m,3,1.3862943611198906,False,True,160.0,322.0,5.081404364984463,5.777652323222656,4.0,4.0,4.0,1.0,4.0,4.0,4.0,4.0,3.0,0.0,2.0,0.0,0.0,0.0,0.0,1.0,0.0,1.0,0.0,0.0,1.0,1.6094379124341003,1.0,1.6094379124341003,1.0,1.6094379124341003,1.0,1.6094379124341003,0.75,1.3862943611198906,0.0,0.0,0.5,1.0986122886681098,0.0,0.0,0.0,0.0,0.0,0.0,0.0,0.0,0.25,0.6931471805599453,0.0,0.0,0.25,0.6931471805599453,0.0,0.0,0.0,0.0,1.6094379124341003
323,323,323,PKK,323,2023-08,2023-08-01,2023,8,43.0,Iraq; Syria; Turkey,ged_rolling_24m,3,1.3862943611198906,False,True,322.0,301.0,5.777652323222656,5.71042701737487,16.0,16.0,16.0,1.0,16.0,16.0,16.0,16.0,12.0,0.0,15.0,0.0,0.0,0.0,0.0,0.0,0.0,1.0,0.0,0.0,1.0,2.833213344056216,1.0,2.833213344056216,1.0,2.833213344056216,1.0,2.833213344056216,0.75,2.5649493574615367,0.0,0.0,0.9375,2.772588722239781,0.0,0.0,0.0,0.0,0.0,0.0,0.0,0.0,0.0,0.0,0.0,0.0,0.0625,0.6931471805599453,0.0,0.0,0.0,0.0,2.833213344056216
323,323,323,PKK,323,2023-09,2023-09-01,2023,9,44.0,Iraq; Syria; Turkey,ged_rolling_24m,3,1.3862943611198906,False,True,301.0,461.0,5.71042701737487,6.135564891081739,5.0,5.0,5.0,1.0,5.0,5.0,4.0,5.0,5.0,0.0,5.0,0.0,0.0,0.0,0.0,0.0,0.0,0.0,0.0,0.0,1.0,1.791759469228055,1.0,1.791759469228055,0.8,1.6094379124341003,1.0,1.791759469228055,1.0,1.791759469228055,0.0,0.0,1.0,1.791759469228055,0.0,0.0,0.0,0.0,0.0,0.0,0.0,0.0,0.0,0.0,0.0,0.0,0.0,0.0,0.0,0.0,0.0,0.0,1.791759469228055
323,323,323,PKK,323,2023-10,2023-10-01,2023,10,45.0,Iraq; Turkey,ged_rolling_24m,2,1.0986122886681098,False,True,48.0,49.0,3.8918202981106265,3.912023005428146,25.0,25.0,25.0,1.0,25.0,25.0,17.0,25.0,24.0,0.0,21.0,0.0,0.0,0.0,0.0,0.0,0.0,4.0,0.0,0.0,1.0,3.258096538021482,1.0,3.258096538021482,0.68,2.8903717578961645,1.0,3.258096538021482,0.96,3.2188758248682006,0.0,0.0,0.84,3.091042453358316,0.0,0.0,0.0,0.0,0.0,0.0,0.0,0.0,0.0,0.0,0.0,0.0,0.16,1.6094379124341003,0.0,0.0,0.0,0.0,3.258096538021482
323,323,323,PKK,323,2023-11,2023-11-01,2023,11,46.0,Iraq; Turkey,ged_rolling_24m,2,1.0986122886681098,False,True,49.0,45.0,3.912023005428146,3.828641396489095,0.0,0.0,0.0,0.0,0.0,0.0,0.0,0.0,0.0,0.0,0.0,0.0,0.0,0.0,0.0,0.0,0.0,0.0,0.0,0.0,0.0,0.0,0.0,0.0,0.0,0.0,0.0,0.0,0.0,0.0,0.0,0.0,0.0,0.0,0.0,0.0,0.0,0.0,0.0,0.0,0.0,0.0,0.0,0.0,0.0,0.0,0.0,0.0,0.0,0.0,0.0,0.0,0.0
323,323,323,PKK,323,2023-12,2023-12-01,2023,12,47.0,Iraq; Turkey,ged_rolling_24m,2,1.0986122886681098,False,True,45.0,50.0,3.828641396489095,3.9318256327243257,20.0,20.0,20.0,1.0,19.0,19.0,18.0,20.0,12.0,0.0,17.0,0.0,0.0,0.0,1.0,0.0,0.0,2.0,0.0,0.0,0.95,2.995732273553991,0.95,2.995732273553991,0.9,2.9444389791664403,1.0,3.044522437723423,0.6,2.5649493574615367,0.0,0.0,0.85,2.8903717578961645,0.0,0.0,0.0,0.0,0.0,0.0,0.05,0.6931471805599453,0.0,0.0,0.0,0.0,0.1,1.0986122886681098,0.0,0.0,0.0,0.0,3.044522437723423
323,323,323,PKK,323,2024-01,2024-01-01,2024,1,48.0,Iraq; Turkey,ged_rolling_24m,2,1.0986122886681098,False,True,50.0,11.0,3.9318256327243257,2.4849066497880004,29.0,29.0,29.0,1.0,26.0,27.0,25.0,27.0,22.0,0.0,25.0,0.0,0.0,0.0,1.0,0.0,0.0,2.0,0.0,1.0,0.896551724137931,3.295836866004329,0.9310344827586207,3.332204510175204,0.8620689655172413,3.258096538021482,0.9310344827586207,3.332204510175204,0.7586206896551724,3.1354942159291497,0.0,0.0,0.8620689655172413,3.258096538021482,0.0,0.0,0.0,0.0,0.0,0.0,0.034482758620689655,0.6931471805599453,0.0,0.0,0.0,0.0,0.06896551724137931,1.0986122886681098,0.0,0.0,0.034482758620689655,0.6931471805599453,3.4011973816621555
323,323,323,PKK,323,2024-02,2024-02-01,2024,2,49.0,Iraq; Turkey,ged_rolling_24m,2,1.0986122886681098,False,True,11.0,35.0,2.4849066497880004,3.58351893845611,5.0,5.0,5.0,1.0,5.0,5.0,5.0,5.0,3.0,0.0,4.0,0.0,0.0,0.0,0.0,1.0,0.0,0.0,0.0,0.0,1.0,1.791759469228055,1.0,1.791759469228055,1.0,1.791759469228055,1.0,1.791759469228055,0.6,1.3862943611198906,0.0,0.0,0.8,1.6094379124341003,0.0,0.0,0.0,0.0,0.0,0.0,0.0,0.0,0.2,0.6931471805599453,0.0,0.0,0.0,0.0,0.0,0.0,0.0,0.0,1.791759469228055
323,323,323,PKK,323,2024-03,2024-03-01,2024,3,50.0,Iran; Iraq; Turkey,ged_rolling_24m,3,1.3862943611198906,False,True,38.0,80.0,3.6635616461296463,4.394449154672439,7.0,7.0,7.0,1.0,7.0,6.0,5.0,7.0,6.0,0.0,5.0,0.0,0.0,0.0,0.0,0.0,0.0,2.0,0.0,0.0,1.0,2.0794415416798357,0.8571428571428571,1.9459101490553132,0.7142857142857143,1.791759469228055,1.0,2.0794415416798357,0.8571428571428571,1.9459101490553132,0.0,0.0,0.7142857142857143,1.791759469228055,0.0,0.0,0.0,0.0,0.0,0.0,0.0,0.0,0.0,0.0,0.0,0.0,0.2857142857142857,1.0986122886681098,0.0,0.0,0.0,0.0,2.0794415416798357
323,323,323,PKK,323,2024-04,2024-04-01,2024,4,51.0,Iran; Iraq; Turkey,ged_rolling_24m,3,1.3862943611198906,False,True,80.0,15.0,4.394449154672439,2.772588722239781,1.0,1.0,1.0,1.0,1.0,1.0,1.0,1.0,1.0,0.0,0.0,0.0,0.0,0.0,0.0,0.0,0.0,1.0,0.0,0.0,1.0,0.6931471805599453,1.0,0.6931471805599453,1.0,0.6931471805599453,1.0,0.6931471805599453,1.0,0.6931471805599453,0.0,0.0,0.0,0.0,0.0,0.0,0.0,0.0,0.0,0.0,0.0,0.0,0.0,0.0,0.0,0.0,1.0,0.6931471805599453,0.0,0.0,0.0,0.0,0.6931471805599453
323,323,323,PKK,323,2024-05,2024-05-01,2024,5,52.0,Iran; Iraq; Turkey,ged_rolling_24m,3,1.3862943611198906,False,True,15.0,42.0,2.772588722239781,3.7612001156935624,6.0,6.0,6.0,1.0,6.0,5.0,5.0,6.0,3.0,0.0,6.0,0.0,0.0,0.0,0.0,0.0,0.0,0.0,0.0,0.0,1.0,1.9459101490553132,0.8333333333333334,1.791759469228055,0.8333333333333334,1.791759469228055,1.0,1.9459101490553132,0.5,1.3862943611198906,0.0,0.0,1.0,1.9459101490553132,0.0,0.0,0.0,0.0,0.0,0.0,0.0,0.0,0.0,0.0,0.0,0.0,0.0,0.0,0.0,0.0,0.0,0.0,1.9459101490553132
323,323,323,PKK,323,2024-06,2024-06-01,2024,6,53.0,Iran; Iraq; Turkey,ged_rolling_24m,3,1.3862943611198906,False,True,42.0,65.0,3.7612001156935624,4.189654742026425,4.0,4.0,4.0,1.0,4.0,4.0,4.0,4.0,1.0,0.0,4.0,0.0,0.0,0.0,0.0,0.0,0.0,0.0,0.0,0.0,1.0,1.6094379124341003,1.0,1.6094379124341003,1.0,1.6094379124341003,1.0,1.6094379124341003,0.25,0.6931471805599453,0.0,0.0,1.0,1.6094379124341003,0.0,0.0,0.0,0.0,0.0,0.0,0.0,0.0,0.0,0.0,0.0,0.0,0.0,0.0,0.0,0.0,0.0,0.0,1.6094379124341003
323,323,323,PKK,323,2024-07,2024-07-01,2024,7,54.0,Iran; Iraq; Turkey,ged_rolling_24m,3,1.3862943611198906,False,True,65.0,50.0,4.189654742026425,3.9318256327243257,5.0,5.0,5.0,1.0,5.0,5.0,2.0,5.0,3.0,0.0,4.0,0.0,0.0,0.0,0.0,1.0,0.0,0.0,0.0,0.0,1.0,1.791759469228055,1.0,1.791759469228055,0.4,1.0986122886681098,1.0,1.791759469228055,0.6,1.3862943611198906,0.0,0.0,0.8,1.6094379124341003,0.0,0.0,0.0,0.0,0.0,0.0,0.0,0.0,0.2,0.6931471805599453,0.0,0.0,0.0,0.0,0.0,0.0,0.0,0.0,1.791759469228055
323,323,323,PKK,323,2024-08,2024-08-01,2024,8,55.0,Iran; Iraq; Turkey,ged_rolling_24m,3,1.3862943611198906,False,True,50.0,45.0,3.9318256327243257,3.828641396489095,4.0,4.0,4.0,1.0,3.0,4.0,3.0,3.0,3.0,0.0,3.0,0.0,0.0,0.0,0.0,0.0,0.0,1.0,0.0,0.0,0.75,1.3862943611198906,1.0,1.6094379124341003,0.75,1.3862943611198906,0.75,1.3862943611198906,0.75,1.3862943611198906,0.0,0.0,0.75,1.3862943611198906,0.0,0.0,0.0,0.0,0.0,0.0,0.0,0.0,0.0,0.0,0.0,0.0,0.25,0.6931471805599453,0.0,0.0,0.0,0.0,1.6094379124341003
323,323,323,PKK,323,2024-09,2024-09-01,2024,9,56.0,Iran; Iraq; Turkey,ged_rolling_24m,3,1.3862943611198906,False,True,45.0,109.0,3.828641396489095,4.700480365792417,6.0,6.0,6.0,1.0,6.0,6.0,6.0,6.0,6.0,0.0,6.0,0.0,0.0,0.0,0.0,0.0,0.0,0.0,0.0,0.0,1.0,1.9459101490553132,1.0,1.9459101490553132,1.0,1.9459101490553132,1.0,1.9459101490553132,1.0,1.9459101490553132,0.0,0.0,1.0,1.9459101490553132,0.0,0.0,0.0,0.0,0.0,0.0,0.0,0.0,0.0,0.0,0.0,0.0,0.0,0.0,0.0,0.0,0.0,0.0,1.9459101490553132
323,323,323,PKK,323,2024-10,2024-10-01,2024,10,57.0,Iran; Iraq; Turkey,ged_rolling_24m,3,1.3862943611198906,False,True,109.0,60.0,4.700480365792417,4.110873864173311,11.0,11.0,11.0,1.0,11.0,11.0,10.0,10.0,9.0,0.0,8.0,0.0,0.0,0.0,0.0,0.0,0.0,3.0,0.0,0.0,1.0,2.4849066497880004,1.0,2.4849066497880004,0.9090909090909091,2.3978952727983707,0.9090909090909091,2.3978952727983707,0.8181818181818182,2.302585092994046,0.0,0.0,0.7272727272727273,2.1972245773362196,0.0,0.0,0.0,0.0,0.0,0.0,0.0,0.0,0.0,0.0,0.0,0.0,0.2727272727272727,1.3862943611198906,0.0,0.0,0.0,0.0,2.4849066497880004
323,323,323,PKK,323,2024-11,2024-11-01,2024,11,58.0,Iran; Iraq; Turkey,ged_rolling_24m,3,1.3862943611198906,False,True,60.0,32.0,4.110873864173311,3.4965075614664802,6.0,6.0,6.0,1.0,6.0,6.0,6.0,6.0,6.0,0.0,6.0,0.0,0.0,0.0,0.0,0.0,0.0,0.0,0.0,0.0,1.0,1.9459101490553132,1.0,1.9459101490553132,1.0,1.9459101490553132,1.0,1.9459101490553132,1.0,1.9459101490553132,0.0,0.0,1.0,1.9459101490553132,0.0,0.0,0.0,0.0,0.0,0.0,0.0,0.0,0.0,0.0,0.0,0.0,0.0,0.0,0.0,0.0,0.0,0.0,1.9459101490553132
323,323,323,PKK,323,2024-12,2024-12-01,2024,12,59.0,Iran; Iraq; Turkey,ged_rolling_24m,3,1.3862943611198906,False,True,32.0,47.0,3.4965075614664802,3.871201010907891,7.0,7.0,7.0,1.0,4.0,5.0,1.0,5.0,2.0,0.0,3.0,0.0,0.0,0.0,0.0,0.0,0.0,4.0,0.0,0.0,0.5714285714285714,1.6094379124341003,0.7142857142857143,1.791759469228055,0.14285714285714285,0.6931471805599453,0.7142857142857143,1.791759469228055,0.2857142857142857,1.0986122886681098,0.0,0.0,0.42857142857142855,1.3862943611198906,0.0,0.0,0.0,0.0,0.0,0.0,0.0,0.0,0.0,0.0,0.0,0.0,0.5714285714285714,1.6094379124341003,0.0,0.0,0.0,0.0,2.0794415416798357
323,323,323,PKK,323,2025-01,2025-01-01,2025,1,60.0,Iran; Iraq; Turkey,ged_rolling_24m,3,1.3862943611198906,False,True,47.0,27.0,3.871201010907891,3.332204510175204,5.0,5.0,5.0,1.0,4.0,5.0,4.0,5.0,4.0,0.0,3.0,0.0,0.0,0.0,0.0,0.0,0.0,2.0,0.0,0.0,0.8,1.6094379124341003,1.0,1.791759469228055,0.8,1.6094379124341003,1.0,1.791759469228055,0.8,1.6094379124341003,0.0,0.0,0.6,1.3862943611198906,0.0,0.0,0.0,0.0,0.0,0.0,0.0,0.0,0.0,0.0,0.0,0.0,0.4,1.0986122886681098,0.0,0.0,0.0,0.0,1.791759469228055
323,323,323,PKK,323,2025-02,2025-02-01,2025,2,61.0,Iran; Iraq; Turkey,ged_rolling_24m,3,1.3862943611198906,False,True,27.0,10.0,3.332204510175204,2.3978952727983707,3.0,3.0,3.0,1.0,2.0,2.0,3.0,3.0,3.0,0.0,0.0,0.0,0.0,0.0,1.0,0.0,0.0,2.0,0.0,0.0,0.6666666666666666,1.0986122886681098,0.6666666666666666,1.0986122886681098,1.0,1.3862943611198906,1.0,1.3862943611198906,1.0,1.3862943611198906,0.0,0.0,0.0,0.0,0.0,0.0,0.0,0.0,0.0,0.0,0.3333333333333333,0.6931471805599453,0.0,0.0,0.0,0.0,0.6666666666666666,1.0986122886681098,0.0,0.0,0.0,0.0,1.3862943611198906
323,323,323,PKK,323,2025-03,2025-03-01,2025,3,62.0,Iran; Iraq; Turkey,ged_rolling_24m,3,1.3862943611198906,False,True,10.0,13.0,2.3978952727983707,2.6390573296152584,5.0,5.0,5.0,1.0,3.0,5.0,1.0,3.0,2.0,0.0,2.0,0.0,0.0,0.0,0.0,0.0,0.0,3.0,0.0,0.0,0.6,1.3862943611198906,1.0,1.791759469228055,0.2,0.6931471805599453,0.6,1.3862943611198906,0.4,1.0986122886681098,0.0,0.0,0.4,1.0986122886681098,0.0,0.0,0.0,0.0,0.0,0.0,0.0,0.0,0.0,0.0,0.0,0.0,0.6,1.3862943611198906,0.0,0.0,0.0,0.0,1.791759469228055
323,323,323,PKK,323,2025-04,2025-04-01,2025,4,63.0,Iran; Iraq; Turkey,ged_rolling_24m,3,1.3862943611198906,False,True,13.0,17.0,2.6390573296152584,2.8903717578961645,0.0,0.0,0.0,0.0,0.0,0.0,0.0,0.0,0.0,0.0,0.0,0.0,0.0,0.0,0.0,0.0,0.0,0.0,0.0,0.0,0.0,0.0,0.0,0.0,0.0,0.0,0.0,0.0,0.0,0.0,0.0,0.0,0.0,0.0,0.0,0.0,0.0,0.0,0.0,0.0,0.0,0.0,0.0,0.0,0.0,0.0,0.0,0.0,0.0,0.0,0.0,0.0,0.0
323,323,323,PKK,323,2025-05,2025-05-01,2025,5,64.0,Iran; Iraq; Turkey,ged_rolling_24m,3,1.3862943611198906,False,True,17.0,1197.0,2.8903717578961645,7.088408778675395,5.0,5.0,5.0,1.0,4.0,5.0,4.0,5.0,4.0,0.0,0.0,0.0,0.0,0.0,0.0,0.0,0.0,5.0,0.0,0.0,0.8,1.6094379124341003,1.0,1.791759469228055,0.8,1.6094379124341003,1.0,1.791759469228055,0.8,1.6094379124341003,0.0,0.0,0.0,0.0,0.0,0.0,0.0,0.0,0.0,0.0,0.0,0.0,0.0,0.0,0.0,0.0,1.0,1.791759469228055,0.0,0.0,0.0,0.0,1.791759469228055
323,323,323,PKK,323,2025-06,2025-06-01,2025,6,65.0,Iran; Iraq; Turkey,ged_rolling_24m,3,1.3862943611198906,False,True,1197.0,30.0,7.088408778675395,3.4339872044851463,0.0,0.0,0.0,0.0,0.0,0.0,0.0,0.0,0.0,0.0,0.0,0.0,0.0,0.0,0.0,0.0,0.0,0.0,0.0,0.0,0.0,0.0,0.0,0.0,0.0,0.0,0.0,0.0,0.0,0.0,0.0,0.0,0.0,0.0,0.0,0.0,0.0,0.0,0.0,0.0,0.0,0.0,0.0,0.0,0.0,0.0,0.0,0.0,0.0,0.0,0.0,0.0,0.0
323,323,323,PKK,323,2025-07,2025-07-01,2025,7,66.0,Iran; Iraq; Turkey,ged_rolling_24m,3,1.3862943611198906,False,True,30.0,41.0,3.4339872044851463,3.7376696182833684,2.0,2.0,2.0,1.0,1.0,2.0,1.0,1.0,1.0,0.0,1.0,0.0,0.0,0.0,0.0,0.0,0.0,1.0,0.0,0.0,0.5,0.6931471805599453,1.0,1.0986122886681098,0.5,0.6931471805599453,0.5,0.6931471805599453,0.5,0.6931471805599453,0.0,0.0,0.5,0.6931471805599453,0.0,0.0,0.0,0.0,0.0,0.0,0.0,0.0,0.0,0.0,0.0,0.0,0.5,0.6931471805599453,0.0,0.0,0.0,0.0,1.0986122886681098
323,323,323,PKK,323,2025-08,2025-08-01,2025,8,67.0,Iran; Iraq; Turkey,ged_rolling_24m,3,1.3862943611198906,False,True,41.0,10.0,3.7376696182833684,2.3978952727983707,1.0,1.0,1.0,1.0,1.0,1.0,1.0,1.0,1.0,0.0,1.0,0.0,0.0,0.0,0.0,0.0,0.0,0.0,0.0,0.0,1.0,0.6931471805599453,1.0,0.6931471805599453,1.0,0.6931471805599453,1.0,0.6931471805599453,1.0,0.6931471805599453,0.0,0.0,1.0,0.6931471805599453,0.0,0.0,0.0,0.0,0.0,0.0,0.0,0.0,0.0,0.0,0.0,0.0,0.0,0.0,0.0,0.0,0.0,0.0,0.6931471805599453
323,323,323,PKK,323,2025-09,2025-09-01,2025,9,68.0,Iran; Iraq; Turkey,ged_rolling_24m,3,1.3862943611198906,False,True,10.0,7.0,2.3978952727983707,2.0794415416798357,0.0,0.0,0.0,0.0,0.0,0.0,0.0,0.0,0.0,0.0,0.0,0.0,0.0,0.0,0.0,0.0,0.0,0.0,0.0,0.0,0.0,0.0,0.0,0.0,0.0,0.0,0.0,0.0,0.0,0.0,0.0,0.0,0.0,0.0,0.0,0.0,0.0,0.0,0.0,0.0,0.0,0.0,0.0,0.0,0.0,0.0,0.0,0.0,0.0,0.0,0.0,0.0,0.0
323,323,323,PKK,323,2025-10,2025-10-01,2025,10,69.0,Iran; Iraq; Turkey,ged_rolling_24m,3,1.3862943611198906,False,True,7.0,2.0,2.0794415416798357,1.0986122886681098,1.0,1.0,1.0,1.0,1.0,1.0,1.0,1.0,1.0,0.0,0.0,0.0,0.0,0.0,0.0,0.0,0.0,1.0,0.0,0.0,1.0,0.6931471805599453,1.0,0.6931471805599453,1.0,0.6931471805599453,1.0,0.6931471805599453,1.0,0.6931471805599453,0.0,0.0,0.0,0.0,0.0,0.0,0.0,0.0,0.0,0.0,0.0,0.0,0.0,0.0,0.0,0.0,1.0,0.6931471805599453,0.0,0.0,0.0,0.0,0.6931471805599453
323,323,323,PKK,323,2025-11,2025-11-01,2025,11,70.0,Iran; Iraq; Turkey,ged_rolling_24m,3,1.3862943611198906,False,True,2.0,15.0,1.0986122886681098,2.772588722239781,2.0,2.0,2.0,1.0,2.0,2.0,1.0,2.0,1.0,0.0,0.0,0.0,0.0,0.0,0.0,0.0,0.0,2.0,0.0,0.0,1.0,1.0986122886681098,1.0,1.0986122886681098,0.5,0.6931471805599453,1.0,1.0986122886681098,0.5,0.6931471805599453,0.0,0.0,0.0,0.0,0.0,0.0,0.0,0.0,0.0,0.0,0.0,0.0,0.0,0.0,0.0,0.0,1.0,1.0986122886681098,0.0,0.0,0.0,0.0,1.0986122886681098
323,323,323,PKK,323,2025-12,2025-12-01,2025,12,71.0,Iran; Iraq; Turkey,ged_rolling_24m,3,1.3862943611198906,False,False,15.0,,2.772588722239781,,2.0,2.0,2.0,1.0,0.0,2.0,1.0,1.0,1.0,0.0,0.0,0.0,0.0,0.0,0.0,0.0,0.0,2.0,0.0,0.0,0.0,0.0,1.0,1.0986122886681098,0.5,0.6931471805599453,0.5,0.6931471805599453,0.5,0.6931471805599453,0.0,0.0,0.0,0.0,0.0,0.0,0.0,0.0,0.0,0.0,0.0,0.0,0.0,0.0,0.0,0.0,1.0,1.0986122886681098,0.0,0.0,0.0,0.0,1.0986122886681098
204,204,204,PLO,204,2020-01,2020-01-01,2020,1,0.0,Israel,ucdp_actor_metadata_fallback,1,0.6931471805599453,False,True,3.0,3.0,1.3862943611198906,1.3862943611198906,0.0,0.0,0.0,0.0,0.0,0.0,0.0,0.0,0.0,0.0,0.0,0.0,0.0,0.0,0.0,0.0,0.0,0.0,0.0,0.0,0.0,0.0,0.0,0.0,0.0,0.0,0.0,0.0,0.0,0.0,0.0,0.0,0.0,0.0,0.0,0.0,0.0,0.0,0.0,0.0,0.0,0.0,0.0,0.0,0.0,0.0,0.0,0.0,0.0,0.0,0.0,0.0,0.0
204,204,204,PLO,204,2020-02,2020-02-01,2020,2,1.0,Israel,ucdp_actor_metadata_fallback,1,0.6931471805599453,False,True,3.0,0.0,1.3862943611198906,0.0,0.0,0.0,0.0,0.0,0.0,0.0,0.0,0.0,0.0,0.0,0.0,0.0,0.0,0.0,0.0,0.0,0.0,0.0,0.0,0.0,0.0,0.0,0.0,0.0,0.0,0.0,0.0,0.0,0.0,0.0,0.0,0.0,0.0,0.0,0.0,0.0,0.0,0.0,0.0,0.0,0.0,0.0,0.0,0.0,0.0,0.0,0.0,0.0,0.0,0.0,0.0,0.0,0.0
204,204,204,PLO,204,2020-03,2020-03-01,2020,3,2.0,Israel,ucdp_actor_metadata_fallback,1,0.6931471805599453,False,True,0.0,0.0,0.0,0.0,2.0,2.0,2.0,1.0,0.0,2.0,0.0,0.0,0.0,0.0,0.0,0.0,0.0,0.0,0.0,0.0,0.0,2.0,0.0,0.0,0.0,0.0,1.0,1.0986122886681098,0.0,0.0,0.0,0.0,0.0,0.0,0.0,0.0,0.0,0.0,0.0,0.0,0.0,0.0,0.0,0.0,0.0,0.0,0.0,0.0,0.0,0.0,1.0,1.0986122886681098,0.0,0.0,0.0,0.0,1.0986122886681098
204,204,204,PLO,204,2020-04,2020-04-01,2020,4,3.0,Israel,ucdp_actor_metadata_fallback,1,0.6931471805599453,False,True,0.0,2.0,0.0,1.0986122886681098,1.0,1.0,1.0,1.0,1.0,1.0,0.0,1.0,0.0,0.0,0.0,0.0,0.0,0.0,0.0,0.0,0.0,1.0,0.0,0.0,1.0,0.6931471805599453,1.0,0.6931471805599453,0.0,0.0,1.0,0.6931471805599453,0.0,0.0,0.0,0.0,0.0,0.0,0.0,0.0,0.0,0.0,0.0,0.0,0.0,0.0,0.0,0.0,0.0,0.0,1.0,0.6931471805599453,0.0,0.0,0.0,0.0,0.6931471805599453
204,204,204,PLO,204,2020-05,2020-05-01,2020,5,4.0,Israel,ucdp_actor_metadata_fallback,1,0.6931471805599453,False,True,2.0,1.0,1.0986122886681098,0.6931471805599453,0.0,0.0,0.0,0.0,0.0,0.0,0.0,0.0,0.0,0.0,0.0,0.0,0.0,0.0,0.0,0.0,0.0,0.0,0.0,0.0,0.0,0.0,0.0,0.0,0.0,0.0,0.0,0.0,0.0,0.0,0.0,0.0,0.0,0.0,0.0,0.0,0.0,0.0,0.0,0.0,0.0,0.0,0.0,0.0,0.0,0.0,0.0,0.0,0.0,0.0,0.0,0.0,0.0
204,204,204,PLO,204,2020-06,2020-06-01,2020,6,5.0,Israel,ucdp_actor_metadata_fallback,1,0.6931471805599453,False,True,1.0,0.0,0.6931471805599453,0.0,1.0,1.0,1.0,1.0,1.0,1.0,1.0,1.0,1.0,0.0,0.0,0.0,0.0,0.0,0.0,0.0,0.0,1.0,0.0,0.0,1.0,0.6931471805599453,1.0,0.6931471805599453,1.0,0.6931471805599453,1.0,0.6931471805599453,1.0,0.6931471805599453,0.0,0.0,0.0,0.0,0.0,0.0,0.0,0.0,0.0,0.0,0.0,0.0,0.0,0.0,0.0,0.0,1.0,0.6931471805599453,0.0,0.0,0.0,0.0,0.6931471805599453
204,204,204,PLO,204,2020-07,2020-07-01,2020,7,6.0,Israel,ucdp_actor_metadata_fallback,1,0.6931471805599453,False,True,0.0,0.0,0.0,0.0,0.0,0.0,0.0,0.0,0.0,0.0,0.0,0.0,0.0,0.0,0.0,0.0,0.0,0.0,0.0,0.0,0.0,0.0,0.0,0.0,0.0,0.0,0.0,0.0,0.0,0.0,0.0,0.0,0.0,0.0,0.0,0.0,0.0,0.0,0.0,0.0,0.0,0.0,0.0,0.0,0.0,0.0,0.0,0.0,0.0,0.0,0.0,0.0,0.0,0.0,0.0,0.0,0.0
204,204,204,PLO,204,2020-08,2020-08-01,2020,8,7.0,Israel,ucdp_actor_metadata_fallback,1,0.6931471805599453,False,True,0.0,0.0,0.0,0.0,1.0,1.0,1.0,1.0,0.0,1.0,0.0,0.0,0.0,0.0,0.0,0.0,0.0,0.0,0.0,0.0,0.0,1.0,0.0,0.0,0.0,0.0,1.0,0.6931471805599453,0.0,0.0,0.0,0.0,0.0,0.0,0.0,0.0,0.0,0.0,0.0,0.0,0.0,0.0,0.0,0.0,0.0,0.0,0.0,0.0,0.0,0.0,1.0,0.6931471805599453,0.0,0.0,0.0,0.0,0.6931471805599453
204,204,204,PLO,204,2020-09,2020-09-01,2020,9,8.0,Israel,ucdp_actor_metadata_fallback,1,0.6931471805599453,False,True,0.0,1.0,0.0,0.6931471805599453,2.0,2.0,2.0,1.0,1.0,2.0,1.0,2.0,1.0,0.0,1.0,0.0,0.0,0.0,0.0,0.0,0.0,1.0,0.0,0.0,0.5,0.6931471805599453,1.0,1.0986122886681098,0.5,0.6931471805599453,1.0,1.0986122886681098,0.5,0.6931471805599453,0.0,0.0,0.5,0.6931471805599453,0.0,0.0,0.0,0.0,0.0,0.0,0.0,0.0,0.0,0.0,0.0,0.0,0.5,0.6931471805599453,0.0,0.0,0.0,0.0,1.0986122886681098
204,204,204,PLO,204,2020-10,2020-10-01,2020,10,9.0,Israel,ucdp_actor_metadata_fallback,1,0.6931471805599453,False,True,1.0,0.0,0.6931471805599453,0.0,0.0,0.0,0.0,0.0,0.0,0.0,0.0,0.0,0.0,0.0,0.0,0.0,0.0,0.0,0.0,0.0,0.0,0.0,0.0,0.0,0.0,0.0,0.0,0.0,0.0,0.0,0.0,0.0,0.0,0.0,0.0,0.0,0.0,0.0,0.0,0.0,0.0,0.0,0.0,0.0,0.0,0.0,0.0,0.0,0.0,0.0,0.0,0.0,0.0,0.0,0.0,0.0,0.0
204,204,204,PLO,204,2020-11,2020-11-01,2020,11,10.0,Israel,ucdp_actor_metadata_fallback,1,0.6931471805599453,False,True,0.0,0.0,0.0,0.0,0.0,0.0,0.0,0.0,0.0,0.0,0.0,0.0,0.0,0.0,0.0,0.0,0.0,0.0,0.0,0.0,0.0,0.0,0.0,0.0,0.0,0.0,0.0,0.0,0.0,0.0,0.0,0.0,0.0,0.0,0.0,0.0,0.0,0.0,0.0,0.0,0.0,0.0,0.0,0.0,0.0,0.0,0.0,0.0,0.0,0.0,0.0,0.0,0.0,0.0,0.0,0.0,0.0
204,204,204,PLO,204,2020-12,2020-12-01,2020,12,11.0,Israel,ucdp_actor_metadata_fallback,1,0.6931471805599453,False,True,0.0,0.0,0.0,0.0,0.0,0.0,0.0,0.0,0.0,0.0,0.0,0.0,0.0,0.0,0.0,0.0,0.0,0.0,0.0,0.0,0.0,0.0,0.0,0.0,0.0,0.0,0.0,0.0,0.0,0.0,0.0,0.0,0.0,0.0,0.0,0.0,0.0,0.0,0.0,0.0,0.0,0.0,0.0,0.0,0.0,0.0,0.0,0.0,0.0,0.0,0.0,0.0,0.0,0.0,0.0,0.0,0.0
204,204,204,PLO,204,2021-01,2021-01-01,2021,1,12.0,Israel,ucdp_actor_metadata_fallback,1,0.6931471805599453,False,True,0.0,0.0,0.0,0.0,1.0,1.0,1.0,1.0,1.0,1.0,1.0,1.0,1.0,0.0,0.0,0.0,0.0,0.0,0.0,0.0,0.0,1.0,0.0,0.0,1.0,0.6931471805599453,1.0,0.6931471805599453,1.0,0.6931471805599453,1.0,0.6931471805599453,1.0,0.6931471805599453,0.0,0.0,0.0,0.0,0.0,0.0,0.0,0.0,0.0,0.0,0.0,0.0,0.0,0.0,0.0,0.0,1.0,0.6931471805599453,0.0,0.0,0.0,0.0,0.6931471805599453
204,204,204,PLO,204,2021-02,2021-02-01,2021,2,13.0,Israel,ucdp_actor_metadata_fallback,1,0.6931471805599453,False,True,0.0,0.0,0.0,0.0,0.0,0.0,0.0,0.0,0.0,0.0,0.0,0.0,0.0,0.0,0.0,0.0,0.0,0.0,0.0,0.0,0.0,0.0,0.0,0.0,0.0,0.0,0.0,0.0,0.0,0.0,0.0,0.0,0.0,0.0,0.0,0.0,0.0,0.0,0.0,0.0,0.0,0.0,0.0,0.0,0.0,0.0,0.0,0.0,0.0,0.0,0.0,0.0,0.0,0.0,0.0,0.0,0.0
204,204,204,PLO,204,2021-03,2021-03-01,2021,3,14.0,Israel,ucdp_actor_metadata_fallback,1,0.6931471805599453,False,True,0.0,1.0,0.0,0.6931471805599453,0.0,0.0,0.0,0.0,0.0,0.0,0.0,0.0,0.0,0.0,0.0,0.0,0.0,0.0,0.0,0.0,0.0,0.0,0.0,0.0,0.0,0.0,0.0,0.0,0.0,0.0,0.0,0.0,0.0,0.0,0.0,0.0,0.0,0.0,0.0,0.0,0.0,0.0,0.0,0.0,0.0,0.0,0.0,0.0,0.0,0.0,0.0,0.0,0.0,0.0,0.0,0.0,0.0
204,204,204,PLO,204,2021-04,2021-04-01,2021,4,15.0,Israel,ucdp_actor_metadata_fallback,1,0.6931471805599453,False,True,1.0,254.0,0.6931471805599453,5.541263545158426,1.0,1.0,1.0,1.0,0.0,1.0,0.0,0.0,0.0,0.0,0.0,0.0,0.0,0.0,0.0,0.0,0.0,1.0,0.0,0.0,0.0,0.0,1.0,0.6931471805599453,0.0,0.0,0.0,0.0,0.0,0.0,0.0,0.0,0.0,0.0,0.0,0.0,0.0,0.0,0.0,0.0,0.0,0.0,0.0,0.0,0.0,0.0,1.0,0.6931471805599453,0.0,0.0,0.0,0.0,0.6931471805599453
204,204,204,PLO,204,2021-05,2021-05-01,2021,5,16.0,Israel,ucdp_actor_metadata_fallback,1,0.6931471805599453,False,True,254.0,3.0,5.541263545158426,1.3862943611198906,0.0,0.0,0.0,0.0,0.0,0.0,0.0,0.0,0.0,0.0,0.0,0.0,0.0,0.0,0.0,0.0,0.0,0.0,0.0,0.0,0.0,0.0,0.0,0.0,0.0,0.0,0.0,0.0,0.0,0.0,0.0,0.0,0.0,0.0,0.0,0.0,0.0,0.0,0.0,0.0,0.0,0.0,0.0,0.0,0.0,0.0,0.0,0.0,0.0,0.0,0.0,0.0,0.0
204,204,204,PLO,204,2021-06,2021-06-01,2021,6,17.0,Israel,ucdp_actor_metadata_fallback,1,0.6931471805599453,False,True,3.0,1.0,1.3862943611198906,0.6931471805599453,1.0,1.0,1.0,1.0,1.0,1.0,1.0,1.0,1.0,0.0,1.0,0.0,0.0,0.0,0.0,0.0,0.0,0.0,0.0,0.0,1.0,0.6931471805599453,1.0,0.6931471805599453,1.0,0.6931471805599453,1.0,0.6931471805599453,1.0,0.6931471805599453,0.0,0.0,1.0,0.6931471805599453,0.0,0.0,0.0,0.0,0.0,0.0,0.0,0.0,0.0,0.0,0.0,0.0,0.0,0.0,0.0,0.0,0.0,0.0,0.6931471805599453
204,204,204,PLO,204,2021-07,2021-07-01,2021,7,18.0,Israel,ucdp_actor_metadata_fallback,1,0.6931471805599453,False,True,1.0,9.0,0.6931471805599453,2.302585092994046,1.0,1.0,1.0,1.0,0.0,0.0,0.0,0.0,0.0,0.0,0.0,0.0,0.0,0.0,1.0,0.0,0.0,0.0,0.0,0.0,0.0,0.0,0.0,0.0,0.0,0.0,0.0,0.0,0.0,0.0,0.0,0.0,0.0,0.0,0.0,0.0,0.0,0.0,0.0,0.0,1.0,0.6931471805599453,0.0,0.0,0.0,0.0,0.0,0.0,0.0,0.0,0.0,0.0,0.6931471805599453
204,204,204,PLO,204,2021-08,2021-08-01,2021,8,19.0,Israel,ucdp_actor_metadata_fallback,1,0.6931471805599453,False,True,9.0,7.0,2.302585092994046,2.0794415416798357,0.0,0.0,0.0,0.0,0.0,0.0,0.0,0.0,0.0,0.0,0.0,0.0,0.0,0.0,0.0,0.0,0.0,0.0,0.0,0.0,0.0,0.0,0.0,0.0,0.0,0.0,0.0,0.0,0.0,0.0,0.0,0.0,0.0,0.0,0.0,0.0,0.0,0.0,0.0,0.0,0.0,0.0,0.0,0.0,0.0,0.0,0.0,0.0,0.0,0.0,0.0,0.0,0.0
204,204,204,PLO,204,2021-09,2021-09-01,2021,9,20.0,Israel,ucdp_actor_metadata_fallback,1,0.6931471805599453,False,True,7.0,0.0,2.0794415416798357,0.0,0.0,0.0,0.0,0.0,0.0,0.0,0.0,0.0,0.0,0.0,0.0,0.0,0.0,0.0,0.0,0.0,0.0,0.0,0.0,0.0,0.0,0.0,0.0,0.0,0.0,0.0,0.0,0.0,0.0,0.0,0.0,0.0,0.0,0.0,0.0,0.0,0.0,0.0,0.0,0.0,0.0,0.0,0.0,0.0,0.0,0.0,0.0,0.0,0.0,0.0,0.0,0.0,0.0
204,204,204,PLO,204,2021-10,2021-10-01,2021,10,21.0,Israel,ucdp_actor_metadata_fallback,1,0.6931471805599453,False,True,0.0,3.0,0.0,1.3862943611198906,1.0,1.0,1.0,1.0,1.0,1.0,1.0,1.0,0.0,0.0,0.0,0.0,0.0,0.0,0.0,0.0,1.0,0.0,0.0,0.0,1.0,0.6931471805599453,1.0,0.6931471805599453,1.0,0.6931471805599453,1.0,0.6931471805599453,0.0,0.0,0.0,0.0,0.0,0.0,0.0,0.0,0.0,0.0,0.0,0.0,0.0,0.0,0.0,0.0,1.0,0.6931471805599453,0.0,0.0,0.0,0.0,0.0,0.0,0.6931471805599453
204,204,204,PLO,204,2021-11,2021-11-01,2021,11,22.0,Israel,ucdp_actor_metadata_fallback,1,0.6931471805599453,False,True,3.0,3.0,1.3862943611198906,1.3862943611198906,1.0,1.0,1.0,1.0,1.0,1.0,0.0,1.0,1.0,0.0,0.0,0.0,0.0,0.0,0.0,0.0,0.0,1.0,0.0,0.0,1.0,0.6931471805599453,1.0,0.6931471805599453,0.0,0.0,1.0,0.6931471805599453,1.0,0.6931471805599453,0.0,0.0,0.0,0.0,0.0,0.0,0.0,0.0,0.0,0.0,0.0,0.0,0.0,0.0,0.0,0.0,1.0,0.6931471805599453,0.0,0.0,0.0,0.0,0.6931471805599453
204,204,204,PLO,204,2021-12,2021-12-01,2021,12,23.0,Israel,ucdp_actor_metadata_fallback,1,0.6931471805599453,False,True,3.0,3.0,1.3862943611198906,1.3862943611198906,1.0,1.0,1.0,1.0,0.0,0.0,1.0,1.0,0.0,0.0,0.0,0.0,0.0,0.0,1.0,0.0,0.0,0.0,0.0,0.0,0.0,0.0,0.0,0.0,1.0,0.6931471805599453,1.0,0.6931471805599453,0.0,0.0,0.0,0.0,0.0,0.0,0.0,0.0,0.0,0.0,0.0,0.0,1.0,0.6931471805599453,0.0,0.0,0.0,0.0,0.0,0.0,0.0,0.0,0.0,0.0,0.6931471805599453
204,204,204,PLO,204,2022-01,2022-01-01,2022,1,24.0,Israel,ucdp_actor_metadata_fallback,1,0.6931471805599453,False,True,3.0,3.0,1.3862943611198906,1.3862943611198906,0.0,0.0,0.0,0.0,0.0,0.0,0.0,0.0,0.0,0.0,0.0,0.0,0.0,0.0,0.0,0.0,0.0,0.0,0.0,0.0,0.0,0.0,0.0,0.0,0.0,0.0,0.0,0.0,0.0,0.0,0.0,0.0,0.0,0.0,0.0,0.0,0.0,0.0,0.0,0.0,0.0,0.0,0.0,0.0,0.0,0.0,0.0,0.0,0.0,0.0,0.0,0.0,0.0
204,204,204,PLO,204,2022-02,2022-02-01,2022,2,25.0,Israel,ucdp_actor_metadata_fallback,1,0.6931471805599453,False,True,3.0,5.0,1.3862943611198906,1.791759469228055,0.0,0.0,0.0,0.0,0.0,0.0,0.0,0.0,0.0,0.0,0.0,0.0,0.0,0.0,0.0,0.0,0.0,0.0,0.0,0.0,0.0,0.0,0.0,0.0,0.0,0.0,0.0,0.0,0.0,0.0,0.0,0.0,0.0,0.0,0.0,0.0,0.0,0.0,0.0,0.0,0.0,0.0,0.0,0.0,0.0,0.0,0.0,0.0,0.0,0.0,0.0,0.0,0.0
204,204,204,PLO,204,2022-03,2022-03-01,2022,3,26.0,Israel,ucdp_actor_metadata_fallback,1,0.6931471805599453,False,True,5.0,11.0,1.791759469228055,2.4849066497880004,0.0,0.0,0.0,0.0,0.0,0.0,0.0,0.0,0.0,0.0,0.0,0.0,0.0,0.0,0.0,0.0,0.0,0.0,0.0,0.0,0.0,0.0,0.0,0.0,0.0,0.0,0.0,0.0,0.0,0.0,0.0,0.0,0.0,0.0,0.0,0.0,0.0,0.0,0.0,0.0,0.0,0.0,0.0,0.0,0.0,0.0,0.0,0.0,0.0,0.0,0.0,0.0,0.0
204,204,204,PLO,204,2022-04,2022-04-01,2022,4,27.0,Israel,ucdp_actor_metadata_fallback,1,0.6931471805599453,False,True,11.0,5.0,2.4849066497880004,1.791759469228055,0.0,0.0,0.0,0.0,0.0,0.0,0.0,0.0,0.0,0.0,0.0,0.0,0.0,0.0,0.0,0.0,0.0,0.0,0.0,0.0,0.0,0.0,0.0,0.0,0.0,0.0,0.0,0.0,0.0,0.0,0.0,0.0,0.0,0.0,0.0,0.0,0.0,0.0,0.0,0.0,0.0,0.0,0.0,0.0,0.0,0.0,0.0,0.0,0.0,0.0,0.0,0.0,0.0
204,204,204,PLO,204,2022-05,2022-05-01,2022,5,28.0,Israel,ucdp_actor_metadata_fallback,1,0.6931471805599453,False,True,5.0,4.0,1.791759469228055,1.6094379124341003,1.0,1.0,1.0,1.0,0.0,1.0,0.0,1.0,0.0,0.0,0.0,0.0,0.0,0.0,0.0,0.0,0.0,1.0,0.0,0.0,0.0,0.0,1.0,0.6931471805599453,0.0,0.0,1.0,0.6931471805599453,0.0,0.0,0.0,0.0,0.0,0.0,0.0,0.0,0.0,0.0,0.0,0.0,0.0,0.0,0.0,0.0,0.0,0.0,1.0,0.6931471805599453,0.0,0.0,0.0,0.0,0.6931471805599453
204,204,204,PLO,204,2022-06,2022-06-01,2022,6,29.0,Israel,ucdp_actor_metadata_fallback,1,0.6931471805599453,False,True,4.0,2.0,1.6094379124341003,1.0986122886681098,1.0,1.0,1.0,1.0,0.0,1.0,0.0,0.0,0.0,0.0,0.0,0.0,0.0,0.0,0.0,0.0,0.0,1.0,0.0,0.0,0.0,0.0,1.0,0.6931471805599453,0.0,0.0,0.0,0.0,0.0,0.0,0.0,0.0,0.0,0.0,0.0,0.0,0.0,0.0,0.0,0.0,0.0,0.0,0.0,0.0,0.0,0.0,1.0,0.6931471805599453,0.0,0.0,0.0,0.0,0.6931471805599453
204,204,204,PLO,204,2022-07,2022-07-01,2022,7,30.0,Israel,ucdp_actor_metadata_fallback,1,0.6931471805599453,False,True,2.0,30.0,1.0986122886681098,3.4339872044851463,0.0,0.0,0.0,0.0,0.0,0.0,0.0,0.0,0.0,0.0,0.0,0.0,0.0,0.0,0.0,0.0,0.0,0.0,0.0,0.0,0.0,0.0,0.0,0.0,0.0,0.0,0.0,0.0,0.0,0.0,0.0,0.0,0.0,0.0,0.0,0.0,0.0,0.0,0.0,0.0,0.0,0.0,0.0,0.0,0.0,0.0,0.0,0.0,0.0,0.0,0.0,0.0,0.0
204,204,204,PLO,204,2022-08,2022-08-01,2022,8,31.0,Israel,ucdp_actor_metadata_fallback,1,0.6931471805599453,False,True,30.0,11.0,3.4339872044851463,2.4849066497880004,0.0,0.0,0.0,0.0,0.0,0.0,0.0,0.0,0.0,0.0,0.0,0.0,0.0,0.0,0.0,0.0,0.0,0.0,0.0,0.0,0.0,0.0,0.0,0.0,0.0,0.0,0.0,0.0,0.0,0.0,0.0,0.0,0.0,0.0,0.0,0.0,0.0,0.0,0.0,0.0,0.0,0.0,0.0,0.0,0.0,0.0,0.0,0.0,0.0,0.0,0.0,0.0,0.0
204,204,204,PLO,204,2022-09,2022-09-01,2022,9,32.0,Israel,ucdp_actor_metadata_fallback,1,0.6931471805599453,False,True,11.0,11.0,2.4849066497880004,2.4849066497880004,0.0,0.0,0.0,0.0,0.0,0.0,0.0,0.0,0.0,0.0,0.0,0.0,0.0,0.0,0.0,0.0,0.0,0.0,0.0,0.0,0.0,0.0,0.0,0.0,0.0,0.0,0.0,0.0,0.0,0.0,0.0,0.0,0.0,0.0,0.0,0.0,0.0,0.0,0.0,0.0,0.0,0.0,0.0,0.0,0.0,0.0,0.0,0.0,0.0,0.0,0.0,0.0,0.0
204,204,204,PLO,204,2022-10,2022-10-01,2022,10,33.0,Israel,ucdp_actor_metadata_fallback,1,0.6931471805599453,False,True,11.0,9.0,2.4849066497880004,2.302585092994046,1.0,1.0,1.0,1.0,0.0,1.0,0.0,0.0,0.0,0.0,0.0,0.0,0.0,0.0,0.0,0.0,0.0,1.0,0.0,0.0,0.0,0.0,1.0,0.6931471805599453,0.0,0.0,0.0,0.0,0.0,0.0,0.0,0.0,0.0,0.0,0.0,0.0,0.0,0.0,0.0,0.0,0.0,0.0,0.0,0.0,0.0,0.0,1.0,0.6931471805599453,0.0,0.0,0.0,0.0,0.6931471805599453
204,204,204,PLO,204,2022-11,2022-11-01,2022,11,34.0,Israel,ucdp_actor_metadata_fallback,1,0.6931471805599453,False,True,9.0,6.0,2.302585092994046,1.9459101490553132,2.0,2.0,2.0,1.0,1.0,2.0,2.0,2.0,0.0,0.0,0.0,1.0,0.0,0.0,0.0,0.0,0.0,1.0,0.0,0.0,0.5,0.6931471805599453,1.0,1.0986122886681098,1.0,1.0986122886681098,1.0,1.0986122886681098,0.0,0.0,0.0,0.0,0.0,0.0,0.5,0.6931471805599453,0.0,0.0,0.0,0.0,0.0,0.0,0.0,0.0,0.0,0.0,0.5,0.6931471805599453,0.0,0.0,0.0,0.0,1.0986122886681098
204,204,204,PLO,204,2022-12,2022-12-01,2022,12,35.0,Israel,ucdp_actor_metadata_fallback,1,0.6931471805599453,False,True,6.0,22.0,1.9459101490553132,3.1354942159291497,0.0,0.0,0.0,0.0,0.0,0.0,0.0,0.0,0.0,0.0,0.0,0.0,0.0,0.0,0.0,0.0,0.0,0.0,0.0,0.0,0.0,0.0,0.0,0.0,0.0,0.0,0.0,0.0,0.0,0.0,0.0,0.0,0.0,0.0,0.0,0.0,0.0,0.0,0.0,0.0,0.0,0.0,0.0,0.0,0.0,0.0,0.0,0.0,0.0,0.0,0.0,0.0,0.0
204,204,204,PLO,204,2023-01,2023-01-01,2023,1,36.0,Israel,ucdp_actor_metadata_fallback,1,0.6931471805599453,False,True,22.0,21.0,3.1354942159291497,3.091042453358316,0.0,0.0,0.0,0.0,0.0,0.0,0.0,0.0,0.0,0.0,0.0,0.0,0.0,0.0,0.0,0.0,0.0,0.0,0.0,0.0,0.0,0.0,0.0,0.0,0.0,0.0,0.0,0.0,0.0,0.0,0.0,0.0,0.0,0.0,0.0,0.0,0.0,0.0,0.0,0.0,0.0,0.0,0.0,0.0,0.0,0.0,0.0,0.0,0.0,0.0,0.0,0.0,0.0
204,204,204,PLO,204,2023-02,2023-02-01,2023,2,37.0,Israel,ucdp_actor_metadata_fallback,1,0.6931471805599453,False,True,21.0,17.0,3.091042453358316,2.8903717578961645,0.0,0.0,0.0,0.0,0.0,0.0,0.0,0.0,0.0,0.0,0.0,0.0,0.0,0.0,0.0,0.0,0.0,0.0,0.0,0.0,0.0,0.0,0.0,0.0,0.0,0.0,0.0,0.0,0.0,0.0,0.0,0.0,0.0,0.0,0.0,0.0,0.0,0.0,0.0,0.0,0.0,0.0,0.0,0.0,0.0,0.0,0.0,0.0,0.0,0.0,0.0,0.0,0.0
204,204,204,PLO,204,2023-03,2023-03-01,2023,3,38.0,Israel,ucdp_actor_metadata_fallback,1,0.6931471805599453,False,True,17.0,1.0,2.8903717578961645,0.6931471805599453,1.0,1.0,1.0,1.0,0.0,1.0,1.0,1.0,1.0,0.0,0.0,0.0,0.0,0.0,0.0,0.0,0.0,1.0,0.0,0.0,0.0,0.0,1.0,0.6931471805599453,1.0,0.6931471805599453,1.0,0.6931471805599453,1.0,0.6931471805599453,0.0,0.0,0.0,0.0,0.0,0.0,0.0,0.0,0.0,0.0,0.0,0.0,0.0,0.0,0.0,0.0,1.0,0.6931471805599453,0.0,0.0,0.0,0.0,0.6931471805599453
204,204,204,PLO,204,2023-04,2023-04-01,2023,4,39.0,Israel,ucdp_actor_metadata_fallback,1,0.6931471805599453,False,True,1.0,52.0,0.6931471805599453,3.970291913552122,2.0,2.0,2.0,1.0,2.0,2.0,2.0,2.0,2.0,0.0,2.0,0.0,0.0,0.0,0.0,0.0,0.0,0.0,0.0,0.0,1.0,1.0986122886681098,1.0,1.0986122886681098,1.0,1.0986122886681098,1.0,1.0986122886681098,1.0,1.0986122886681098,0.0,0.0,1.0,1.0986122886681098,0.0,0.0,0.0,0.0,0.0,0.0,0.0,0.0,0.0,0.0,0.0,0.0,0.0,0.0,0.0,0.0,0.0,0.0,1.0986122886681098
204,204,204,PLO,204,2023-05,2023-05-01,2023,5,40.0,Israel,ucdp_actor_metadata_fallback,1,0.6931471805599453,False,True,52.0,17.0,3.970291913552122,2.8903717578961645,0.0,0.0,0.0,0.0,0.0,0.0,0.0,0.0,0.0,0.0,0.0,0.0,0.0,0.0,0.0,0.0,0.0,0.0,0.0,0.0,0.0,0.0,0.0,0.0,0.0,0.0,0.0,0.0,0.0,0.0,0.0,0.0,0.0,0.0,0.0,0.0,0.0,0.0,0.0,0.0,0.0,0.0,0.0,0.0,0.0,0.0,0.0,0.0,0.0,0.0,0.0,0.0,0.0
204,204,204,PLO,204,2023-06,2023-06-01,2023,6,41.0,Israel,ucdp_actor_metadata_fallback,1,0.6931471805599453,False,True,17.0,21.0,2.8903717578961645,3.091042453358316,1.0,1.0,1.0,1.0,0.0,1.0,0.0,0.0,0.0,0.0,0.0,0.0,0.0,0.0,0.0,0.0,0.0,1.0,0.0,0.0,0.0,0.0,1.0,0.6931471805599453,0.0,0.0,0.0,0.0,0.0,0.0,0.0,0.0,0.0,0.0,0.0,0.0,0.0,0.0,0.0,0.0,0.0,0.0,0.0,0.0,0.0,0.0,1.0,0.6931471805599453,0.0,0.0,0.0,0.0,0.6931471805599453
204,204,204,PLO,204,2023-07,2023-07-01,2023,7,42.0,Israel,ucdp_actor_metadata_fallback,1,0.6931471805599453,False,True,21.0,13.0,3.091042453358316,2.6390573296152584,2.0,2.0,2.0,1.0,1.0,1.0,0.0,2.0,0.0,0.0,0.0,0.0,0.0,0.0,1.0,0.0,0.0,1.0,0.0,0.0,0.5,0.6931471805599453,0.5,0.6931471805599453,0.0,0.0,1.0,1.0986122886681098,0.0,0.0,0.0,0.0,0.0,0.0,0.0,0.0,0.0,0.0,0.0,0.0,0.5,0.6931471805599453,0.0,0.0,0.0,0.0,0.5,0.6931471805599453,0.0,0.0,0.0,0.0,1.0986122886681098
204,204,204,PLO,204,2023-08,2023-08-01,2023,8,43.0,Israel,ucdp_actor_metadata_fallback,1,0.6931471805599453,False,True,13.0,9.0,2.6390573296152584,2.302585092994046,0.0,0.0,0.0,0.0,0.0,0.0,0.0,0.0,0.0,0.0,0.0,0.0,0.0,0.0,0.0,0.0,0.0,0.0,0.0,0.0,0.0,0.0,0.0,0.0,0.0,0.0,0.0,0.0,0.0,0.0,0.0,0.0,0.0,0.0,0.0,0.0,0.0,0.0,0.0,0.0,0.0,0.0,0.0,0.0,0.0,0.0,0.0,0.0,0.0,0.0,0.0,0.0,0.0
204,204,204,PLO,204,2023-09,2023-09-01,2023,9,44.0,Israel,ucdp_actor_metadata_fallback,1,0.6931471805599453,False,True,9.0,11225.0,2.302585092994046,9.325987795502144,1.0,1.0,1.0,1.0,0.0,1.0,1.0,1.0,1.0,0.0,0.0,0.0,0.0,0.0,0.0,0.0,0.0,1.0,0.0,0.0,0.0,0.0,1.0,0.6931471805599453,1.0,0.6931471805599453,1.0,0.6931471805599453,1.0,0.6931471805599453,0.0,0.0,0.0,0.0,0.0,0.0,0.0,0.0,0.0,0.0,0.0,0.0,0.0,0.0,0.0,0.0,1.0,0.6931471805599453,0.0,0.0,0.0,0.0,0.6931471805599453
204,204,204,PLO,204,2023-10,2023-10-01,2023,10,45.0,Israel,ucdp_actor_metadata_fallback,1,0.6931471805599453,False,True,11225.0,7172.0,9.325987795502144,8.878079256126435,5.0,5.0,5.0,1.0,3.0,4.0,5.0,5.0,4.0,0.0,3.0,0.0,0.0,0.0,1.0,0.0,0.0,1.0,0.0,0.0,0.6,1.3862943611198906,0.8,1.6094379124341003,1.0,1.791759469228055,1.0,1.791759469228055,0.8,1.6094379124341003,0.0,0.0,0.6,1.3862943611198906,0.0,0.0,0.0,0.0,0.0,0.0,0.2,0.6931471805599453,0.0,0.0,0.0,0.0,0.2,0.6931471805599453,0.0,0.0,0.0,0.0,1.791759469228055
204,204,204,PLO,204,2023-11,2023-11-01,2023,11,46.0,Israel,ucdp_actor_metadata_fallback,1,0.6931471805599453,False,True,7172.0,8965.0,8.878079256126435,9.101194924715385,0.0,0.0,0.0,0.0,0.0,0.0,0.0,0.0,0.0,0.0,0.0,0.0,0.0,0.0,0.0,0.0,0.0,0.0,0.0,0.0,0.0,0.0,0.0,0.0,0.0,0.0,0.0,0.0,0.0,0.0,0.0,0.0,0.0,0.0,0.0,0.0,0.0,0.0,0.0,0.0,0.0,0.0,0.0,0.0,0.0,0.0,0.0,0.0,0.0,0.0,0.0,0.0,0.0
204,204,204,PLO,204,2023-12,2023-12-01,2023,12,47.0,Israel,ucdp_actor_metadata_fallback,1,0.6931471805599453,False,True,8965.0,3077.0,9.101194924715385,8.032035314398824,1.0,1.0,1.0,1.0,1.0,1.0,1.0,1.0,1.0,0.0,1.0,0.0,0.0,0.0,0.0,0.0,0.0,0.0,0.0,0.0,1.0,0.6931471805599453,1.0,0.6931471805599453,1.0,0.6931471805599453,1.0,0.6931471805599453,1.0,0.6931471805599453,0.0,0.0,1.0,0.6931471805599453,0.0,0.0,0.0,0.0,0.0,0.0,0.0,0.0,0.0,0.0,0.0,0.0,0.0,0.0,0.0,0.0,0.0,0.0,0.6931471805599453
204,204,204,PLO,204,2024-01,2024-01-01,2024,1,48.0,Israel,ucdp_actor_metadata_fallback,1,0.6931471805599453,False,True,3077.0,2564.0,8.032035314398824,7.84971375760487,2.0,2.0,2.0,1.0,1.0,1.0,2.0,2.0,2.0,0.0,1.0,0.0,0.0,0.0,1.0,0.0,0.0,0.0,0.0,0.0,0.5,0.6931471805599453,0.5,0.6931471805599453,1.0,1.0986122886681098,1.0,1.0986122886681098,1.0,1.0986122886681098,0.0,0.0,0.5,0.6931471805599453,0.0,0.0,0.0,0.0,0.0,0.0,0.5,0.6931471805599453,0.0,0.0,0.0,0.0,0.0,0.0,0.0,0.0,0.0,0.0,1.0986122886681098
204,204,204,PLO,204,2024-02,2024-02-01,2024,2,49.0,Israel,ucdp_actor_metadata_fallback,1,0.6931471805599453,False,True,2564.0,2441.0,7.84971375760487,7.80057265467065,0.0,0.0,0.0,0.0,0.0,0.0,0.0,0.0,0.0,0.0,0.0,0.0,0.0,0.0,0.0,0.0,0.0,0.0,0.0,0.0,0.0,0.0,0.0,0.0,0.0,0.0,0.0,0.0,0.0,0.0,0.0,0.0,0.0,0.0,0.0,0.0,0.0,0.0,0.0,0.0,0.0,0.0,0.0,0.0,0.0,0.0,0.0,0.0,0.0,0.0,0.0,0.0,0.0
204,204,204,PLO,204,2024-03,2024-03-01,2024,3,50.0,Israel,ucdp_actor_metadata_fallback,1,0.6931471805599453,False,True,2441.0,1168.0,7.80057265467065,7.063903961472068,3.0,3.0,3.0,1.0,2.0,2.0,1.0,3.0,3.0,0.0,1.0,0.0,0.0,0.0,0.0,0.0,0.0,2.0,0.0,0.0,0.6666666666666666,1.0986122886681098,0.6666666666666666,1.0986122886681098,0.3333333333333333,0.6931471805599453,1.0,1.3862943611198906,1.0,1.3862943611198906,0.0,0.0,0.3333333333333333,0.6931471805599453,0.0,0.0,0.0,0.0,0.0,0.0,0.0,0.0,0.0,0.0,0.0,0.0,0.6666666666666666,1.0986122886681098,0.0,0.0,0.0,0.0,1.3862943611198906
204,204,204,PLO,204,2024-04,2024-04-01,2024,4,51.0,Israel,ucdp_actor_metadata_fallback,1,0.6931471805599453,False,True,1168.0,1554.0,7.063903961472068,7.349230824613334,0.0,0.0,0.0,0.0,0.0,0.0,0.0,0.0,0.0,0.0,0.0,0.0,0.0,0.0,0.0,0.0,0.0,0.0,0.0,0.0,0.0,0.0,0.0,0.0,0.0,0.0,0.0,0.0,0.0,0.0,0.0,0.0,0.0,0.0,0.0,0.0,0.0,0.0,0.0,0.0,0.0,0.0,0.0,0.0,0.0,0.0,0.0,0.0,0.0,0.0,0.0,0.0,0.0
204,204,204,PLO,204,2024-05,2024-05-01,2024,5,52.0,Israel,ucdp_actor_metadata_fallback,1,0.6931471805599453,False,True,1554.0,1532.0,7.349230824613334,7.334981878871814,1.0,1.0,1.0,1.0,0.0,1.0,0.0,1.0,1.0,0.0,0.0,0.0,0.0,0.0,0.0,0.0,0.0,1.0,0.0,0.0,0.0,0.0,1.0,0.6931471805599453,0.0,0.0,1.0,0.6931471805599453,1.0,0.6931471805599453,0.0,0.0,0.0,0.0,0.0,0.0,0.0,0.0,0.0,0.0,0.0,0.0,0.0,0.0,0.0,0.0,1.0,0.6931471805599453,0.0,0.0,0.0,0.0,0.6931471805599453
204,204,204,PLO,204,2024-06,2024-06-01,2024,6,53.0,Israel,ucdp_actor_metadata_fallback,1,0.6931471805599453,False,True,1532.0,1770.0,7.334981878871814,7.479299637782834,0.0,0.0,0.0,0.0,0.0,0.0,0.0,0.0,0.0,0.0,0.0,0.0,0.0,0.0,0.0,0.0,0.0,0.0,0.0,0.0,0.0,0.0,0.0,0.0,0.0,0.0,0.0,0.0,0.0,0.0,0.0,0.0,0.0,0.0,0.0,0.0,0.0,0.0,0.0,0.0,0.0,0.0,0.0,0.0,0.0,0.0,0.0,0.0,0.0,0.0,0.0,0.0,0.0
204,204,204,PLO,204,2024-07,2024-07-01,2024,7,54.0,Israel,ucdp_actor_metadata_fallback,1,0.6931471805599453,False,True,1770.0,1528.0,7.479299637782834,7.332369205929062,0.0,0.0,0.0,0.0,0.0,0.0,0.0,0.0,0.0,0.0,0.0,0.0,0.0,0.0,0.0,0.0,0.0,0.0,0.0,0.0,0.0,0.0,0.0,0.0,0.0,0.0,0.0,0.0,0.0,0.0,0.0,0.0,0.0,0.0,0.0,0.0,0.0,0.0,0.0,0.0,0.0,0.0,0.0,0.0,0.0,0.0,0.0,0.0,0.0,0.0,0.0,0.0,0.0
204,204,204,PLO,204,2024-08,2024-08-01,2024,8,55.0,Israel,ucdp_actor_metadata_fallback,1,0.6931471805599453,False,True,1528.0,1062.0,7.332369205929062,6.968850378341948,5.0,5.0,5.0,1.0,4.0,5.0,5.0,5.0,3.0,0.0,2.0,0.0,0.0,0.0,0.0,0.0,0.0,3.0,0.0,0.0,0.8,1.6094379124341003,1.0,1.791759469228055,1.0,1.791759469228055,1.0,1.791759469228055,0.6,1.3862943611198906,0.0,0.0,0.4,1.0986122886681098,0.0,0.0,0.0,0.0,0.0,0.0,0.0,0.0,0.0,0.0,0.0,0.0,0.6,1.3862943611198906,0.0,0.0,0.0,0.0,1.791759469228055
204,204,204,PLO,204,2024-09,2024-09-01,2024,9,56.0,Israel,ucdp_actor_metadata_fallback,1,0.6931471805599453,False,True,1062.0,2094.0,6.968850378341948,7.647308832356238,4.0,4.0,4.0,1.0,4.0,4.0,4.0,4.0,4.0,0.0,3.0,1.0,0.0,0.0,0.0,0.0,0.0,0.0,0.0,0.0,1.0,1.6094379124341003,1.0,1.6094379124341003,1.0,1.6094379124341003,1.0,1.6094379124341003,1.0,1.6094379124341003,0.0,0.0,0.75,1.3862943611198906,0.25,0.6931471805599453,0.0,0.0,0.0,0.0,0.0,0.0,0.0,0.0,0.0,0.0,0.0,0.0,0.0,0.0,0.0,0.0,1.6094379124341003
204,204,204,PLO,204,2024-10,2024-10-01,2024,10,57.0,Israel,ucdp_actor_metadata_fallback,1,0.6931471805599453,False,True,2094.0,1453.0,7.647308832356238,7.282073658093465,4.0,4.0,4.0,1.0,3.0,3.0,3.0,3.0,1.0,0.0,2.0,0.0,0.0,0.0,1.0,0.0,0.0,1.0,0.0,0.0,0.75,1.3862943611198906,0.75,1.3862943611198906,0.75,1.3862943611198906,0.75,1.3862943611198906,0.25,0.6931471805599453,0.0,0.0,0.5,1.0986122886681098,0.0,0.0,0.0,0.0,0.0,0.0,0.25,0.6931471805599453,0.0,0.0,0.0,0.0,0.25,0.6931471805599453,0.0,0.0,0.0,0.0,1.6094379124341003
204,204,204,PLO,204,2024-11,2024-11-01,2024,11,58.0,Israel,ucdp_actor_metadata_fallback,1,0.6931471805599453,False,True,1453.0,1379.0,7.282073658093465,7.22983877815125,2.0,2.0,2.0,1.0,1.0,2.0,1.0,2.0,0.0,0.0,0.0,0.0,0.0,0.0,0.0,0.0,0.0,2.0,0.0,0.0,0.5,0.6931471805599453,1.0,1.0986122886681098,0.5,0.6931471805599453,1.0,1.0986122886681098,0.0,0.0,0.0,0.0,0.0,0.0,0.0,0.0,0.0,0.0,0.0,0.0,0.0,0.0,0.0,0.0,0.0,0.0,1.0,1.0986122886681098,0.0,0.0,0.0,0.0,1.0986122886681098
204,204,204,PLO,204,2024-12,2024-12-01,2024,12,59.0,Israel,ucdp_actor_metadata_fallback,1,0.6931471805599453,False,True,1379.0,946.0,7.22983877815125,6.853299093186078,0.0,0.0,0.0,0.0,0.0,0.0,0.0,0.0,0.0,0.0,0.0,0.0,0.0,0.0,0.0,0.0,0.0,0.0,0.0,0.0,0.0,0.0,0.0,0.0,0.0,0.0,0.0,0.0,0.0,0.0,0.0,0.0,0.0,0.0,0.0,0.0,0.0,0.0,0.0,0.0,0.0,0.0,0.0,0.0,0.0,0.0,0.0,0.0,0.0,0.0,0.0,0.0,0.0
204,204,204,PLO,204,2025-01,2025-01-01,2025,1,60.0,Israel,ucdp_actor_metadata_fallback,1,0.6931471805599453,False,True,946.0,76.0,6.853299093186078,4.343805421853684,2.0,2.0,2.0,1.0,1.0,2.0,0.0,2.0,0.0,0.0,0.0,0.0,0.0,0.0,0.0,0.0,0.0,2.0,0.0,0.0,0.5,0.6931471805599453,1.0,1.0986122886681098,0.0,0.0,1.0,1.0986122886681098,0.0,0.0,0.0,0.0,0.0,0.0,0.0,0.0,0.0,0.0,0.0,0.0,0.0,0.0,0.0,0.0,0.0,0.0,1.0,1.0986122886681098,0.0,0.0,0.0,0.0,1.0986122886681098
204,204,204,PLO,204,2025-02,2025-02-01,2025,2,61.0,Israel,ucdp_actor_metadata_fallback,1,0.6931471805599453,False,True,76.0,1096.0,4.343805421853684,7.00033446027523,2.0,2.0,2.0,1.0,1.0,2.0,1.0,2.0,1.0,0.0,0.0,0.0,0.0,0.0,0.0,0.0,0.0,2.0,0.0,0.0,0.5,0.6931471805599453,1.0,1.0986122886681098,0.5,0.6931471805599453,1.0,1.0986122886681098,0.5,0.6931471805599453,0.0,0.0,0.0,0.0,0.0,0.0,0.0,0.0,0.0,0.0,0.0,0.0,0.0,0.0,0.0,0.0,1.0,1.0986122886681098,0.0,0.0,0.0,0.0,1.0986122886681098
204,204,204,PLO,204,2025-03,2025-03-01,2025,3,62.0,Israel,ucdp_actor_metadata_fallback,1,0.6931471805599453,False,True,1096.0,1297.0,7.00033446027523,7.168579897264035,1.0,1.0,1.0,1.0,0.0,0.0,0.0,0.0,0.0,0.0,0.0,0.0,0.0,0.0,1.0,0.0,0.0,0.0,0.0,0.0,0.0,0.0,0.0,0.0,0.0,0.0,0.0,0.0,0.0,0.0,0.0,0.0,0.0,0.0,0.0,0.0,0.0,0.0,0.0,0.0,1.0,0.6931471805599453,0.0,0.0,0.0,0.0,0.0,0.0,0.0,0.0,0.0,0.0,0.6931471805599453
204,204,204,PLO,204,2025-04,2025-04-01,2025,4,63.0,Israel,ucdp_actor_metadata_fallback,1,0.6931471805599453,False,True,1297.0,2108.0,7.168579897264035,7.653969180478774,0.0,0.0,0.0,0.0,0.0,0.0,0.0,0.0,0.0,0.0,0.0,0.0,0.0,0.0,0.0,0.0,0.0,0.0,0.0,0.0,0.0,0.0,0.0,0.0,0.0,0.0,0.0,0.0,0.0,0.0,0.0,0.0,0.0,0.0,0.0,0.0,0.0,0.0,0.0,0.0,0.0,0.0,0.0,0.0,0.0,0.0,0.0,0.0,0.0,0.0,0.0,0.0,0.0
204,204,204,PLO,204,2025-05,2025-05-01,2025,5,64.0,Israel,ucdp_actor_metadata_fallback,1,0.6931471805599453,False,True,2108.0,1960.0,7.653969180478774,7.581209826196346,0.0,0.0,0.0,0.0,0.0,0.0,0.0,0.0,0.0,0.0,0.0,0.0,0.0,0.0,0.0,0.0,0.0,0.0,0.0,0.0,0.0,0.0,0.0,0.0,0.0,0.0,0.0,0.0,0.0,0.0,0.0,0.0,0.0,0.0,0.0,0.0,0.0,0.0,0.0,0.0,0.0,0.0,0.0,0.0,0.0,0.0,0.0,0.0,0.0,0.0,0.0,0.0,0.0
204,204,204,PLO,204,2025-06,2025-06-01,2025,6,65.0,Israel,ucdp_actor_metadata_fallback,1,0.6931471805599453,False,True,1960.0,2471.0,7.581209826196346,7.812782818577581,0.0,0.0,0.0,0.0,0.0,0.0,0.0,0.0,0.0,0.0,0.0,0.0,0.0,0.0,0.0,0.0,0.0,0.0,0.0,0.0,0.0,0.0,0.0,0.0,0.0,0.0,0.0,0.0,0.0,0.0,0.0,0.0,0.0,0.0,0.0,0.0,0.0,0.0,0.0,0.0,0.0,0.0,0.0,0.0,0.0,0.0,0.0,0.0,0.0,0.0,0.0,0.0,0.0
204,204,204,PLO,204,2025-07,2025-07-01,2025,7,66.0,Israel,ucdp_actor_metadata_fallback,1,0.6931471805599453,False,True,2471.0,1712.0,7.812782818577581,7.44600149832412,0.0,0.0,0.0,0.0,0.0,0.0,0.0,0.0,0.0,0.0,0.0,0.0,0.0,0.0,0.0,0.0,0.0,0.0,0.0,0.0,0.0,0.0,0.0,0.0,0.0,0.0,0.0,0.0,0.0,0.0,0.0,0.0,0.0,0.0,0.0,0.0,0.0,0.0,0.0,0.0,0.0,0.0,0.0,0.0,0.0,0.0,0.0,0.0,0.0,0.0,0.0,0.0,0.0
204,204,204,PLO,204,2025-08,2025-08-01,2025,8,67.0,Israel,ucdp_actor_metadata_fallback,1,0.6931471805599453,False,True,1712.0,2036.0,7.44600149832412,7.619233416226805,2.0,2.0,2.0,1.0,2.0,2.0,1.0,1.0,1.0,0.0,0.0,0.0,0.0,0.0,0.0,0.0,0.0,2.0,0.0,0.0,1.0,1.0986122886681098,1.0,1.0986122886681098,0.5,0.6931471805599453,0.5,0.6931471805599453,0.5,0.6931471805599453,0.0,0.0,0.0,0.0,0.0,0.0,0.0,0.0,0.0,0.0,0.0,0.0,0.0,0.0,0.0,0.0,1.0,1.0986122886681098,0.0,0.0,0.0,0.0,1.0986122886681098
204,204,204,PLO,204,2025-09,2025-09-01,2025,9,68.0,Israel,ucdp_actor_metadata_fallback,1,0.6931471805599453,False,True,2036.0,666.0,7.619233416226805,6.502790045915623,0.0,0.0,0.0,0.0,0.0,0.0,0.0,0.0,0.0,0.0,0.0,0.0,0.0,0.0,0.0,0.0,0.0,0.0,0.0,0.0,0.0,0.0,0.0,0.0,0.0,0.0,0.0,0.0,0.0,0.0,0.0,0.0,0.0,0.0,0.0,0.0,0.0,0.0,0.0,0.0,0.0,0.0,0.0,0.0,0.0,0.0,0.0,0.0,0.0,0.0,0.0,0.0,0.0
204,204,204,PLO,204,2025-10,2025-10-01,2025,10,69.0,Israel,ucdp_actor_metadata_fallback,1,0.6931471805599453,False,True,666.0,129.0,6.502790045915623,4.867534450455582,2.0,2.0,2.0,1.0,1.0,2.0,2.0,2.0,1.0,0.0,1.0,0.0,0.0,0.0,0.0,0.0,0.0,1.0,0.0,0.0,0.5,0.6931471805599453,1.0,1.0986122886681098,1.0,1.0986122886681098,1.0,1.0986122886681098,0.5,0.6931471805599453,0.0,0.0,0.5,0.6931471805599453,0.0,0.0,0.0,0.0,0.0,0.0,0.0,0.0,0.0,0.0,0.0,0.0,0.5,0.6931471805599453,0.0,0.0,0.0,0.0,1.0986122886681098
204,204,204,PLO,204,2025-11,2025-11-01,2025,11,70.0,Israel,ucdp_actor_metadata_fallback,1,0.6931471805599453,False,True,129.0,66.0,4.867534450455582,4.204692619390966,2.0,2.0,2.0,1.0,1.0,2.0,1.0,2.0,1.0,0.0,0.0,0.0,0.0,0.0,0.0,0.0,0.0,2.0,0.0,0.0,0.5,0.6931471805599453,1.0,1.0986122886681098,0.5,0.6931471805599453,1.0,1.0986122886681098,0.5,0.6931471805599453,0.0,0.0,0.0,0.0,0.0,0.0,0.0,0.0,0.0,0.0,0.0,0.0,0.0,0.0,0.0,0.0,1.0,1.0986122886681098,0.0,0.0,0.0,0.0,1.0986122886681098
204,204,204,PLO,204,2025-12,2025-12-01,2025,12,71.0,Israel,ucdp_actor_metadata_fallback,1,0.6931471805599453,False,False,66.0,,4.204692619390966,,0.0,0.0,0.0,0.0,0.0,0.0,0.0,0.0,0.0,0.0,0.0,0.0,0.0,0.0,0.0,0.0,0.0,0.0,0.0,0.0,0.0,0.0,0.0,0.0,0.0,0.0,0.0,0.0,0.0,0.0,0.0,0.0,0.0,0.0,0.0,0.0,0.0,0.0,0.0,0.0,0.0,0.0,0.0,0.0,0.0,0.0,0.0,0.0,0.0,0.0,0.0,0.0,0.0
532,532,532,RUF,532,2020-01,2020-01-01,2020,1,0.0,Guinea; Liberia; Sierra Leone,ucdp_actor_metadata_fallback,3,1.3862943611198906,False,True,0.0,0.0,0.0,0.0,0.0,0.0,0.0,0.0,0.0,0.0,0.0,0.0,0.0,0.0,0.0,0.0,0.0,0.0,0.0,0.0,0.0,0.0,0.0,0.0,0.0,0.0,0.0,0.0,0.0,0.0,0.0,0.0,0.0,0.0,0.0,0.0,0.0,0.0,0.0,0.0,0.0,0.0,0.0,0.0,0.0,0.0,0.0,0.0,0.0,0.0,0.0,0.0,0.0,0.0,0.0,0.0,0.0
532,532,532,RUF,532,2020-02,2020-02-01,2020,2,1.0,Guinea; Liberia; Sierra Leone,ucdp_actor_metadata_fallback,3,1.3862943611198906,False,True,0.0,31.0,0.0,3.4657359027997265,0.0,0.0,0.0,0.0,0.0,0.0,0.0,0.0,0.0,0.0,0.0,0.0,0.0,0.0,0.0,0.0,0.0,0.0,0.0,0.0,0.0,0.0,0.0,0.0,0.0,0.0,0.0,0.0,0.0,0.0,0.0,0.0,0.0,0.0,0.0,0.0,0.0,0.0,0.0,0.0,0.0,0.0,0.0,0.0,0.0,0.0,0.0,0.0,0.0,0.0,0.0,0.0,0.0
532,532,532,RUF,532,2020-03,2020-03-01,2020,3,2.0,Guinea; Liberia; Sierra Leone,ucdp_actor_metadata_fallback,3,1.3862943611198906,False,True,31.0,1.0,3.4657359027997265,0.6931471805599453,0.0,0.0,0.0,0.0,0.0,0.0,0.0,0.0,0.0,0.0,0.0,0.0,0.0,0.0,0.0,0.0,0.0,0.0,0.0,0.0,0.0,0.0,0.0,0.0,0.0,0.0,0.0,0.0,0.0,0.0,0.0,0.0,0.0,0.0,0.0,0.0,0.0,0.0,0.0,0.0,0.0,0.0,0.0,0.0,0.0,0.0,0.0,0.0,0.0,0.0,0.0,0.0,0.0
532,532,532,RUF,532,2020-04,2020-04-01,2020,4,3.0,Guinea; Liberia; Sierra Leone,ucdp_actor_metadata_fallback,3,1.3862943611198906,False,True,1.0,0.0,0.6931471805599453,0.0,0.0,0.0,0.0,0.0,0.0,0.0,0.0,0.0,0.0,0.0,0.0,0.0,0.0,0.0,0.0,0.0,0.0,0.0,0.0,0.0,0.0,0.0,0.0,0.0,0.0,0.0,0.0,0.0,0.0,0.0,0.0,0.0,0.0,0.0,0.0,0.0,0.0,0.0,0.0,0.0,0.0,0.0,0.0,0.0,0.0,0.0,0.0,0.0,0.0,0.0,0.0,0.0,0.0
532,532,532,RUF,532,2020-05,2020-05-01,2020,5,4.0,Guinea; Liberia; Sierra Leone,ucdp_actor_metadata_fallback,3,1.3862943611198906,False,True,0.0,2.0,0.0,1.0986122886681098,0.0,0.0,0.0,0.0,0.0,0.0,0.0,0.0,0.0,0.0,0.0,0.0,0.0,0.0,0.0,0.0,0.0,0.0,0.0,0.0,0.0,0.0,0.0,0.0,0.0,0.0,0.0,0.0,0.0,0.0,0.0,0.0,0.0,0.0,0.0,0.0,0.0,0.0,0.0,0.0,0.0,0.0,0.0,0.0,0.0,0.0,0.0,0.0,0.0,0.0,0.0,0.0,0.0
532,532,532,RUF,532,2020-06,2020-06-01,2020,6,5.0,Guinea; Liberia; Sierra Leone,ucdp_actor_metadata_fallback,3,1.3862943611198906,False,True,2.0,0.0,1.0986122886681098,0.0,0.0,0.0,0.0,0.0,0.0,0.0,0.0,0.0,0.0,0.0,0.0,0.0,0.0,0.0,0.0,0.0,0.0,0.0,0.0,0.0,0.0,0.0,0.0,0.0,0.0,0.0,0.0,0.0,0.0,0.0,0.0,0.0,0.0,0.0,0.0,0.0,0.0,0.0,0.0,0.0,0.0,0.0,0.0,0.0,0.0,0.0,0.0,0.0,0.0,0.0,0.0,0.0,0.0
532,532,532,RUF,532,2020-07,2020-07-01,2020,7,6.0,Guinea; Liberia; Sierra Leone,ucdp_actor_metadata_fallback,3,1.3862943611198906,False,True,0.0,0.0,0.0,0.0,0.0,0.0,0.0,0.0,0.0,0.0,0.0,0.0,0.0,0.0,0.0,0.0,0.0,0.0,0.0,0.0,0.0,0.0,0.0,0.0,0.0,0.0,0.0,0.0,0.0,0.0,0.0,0.0,0.0,0.0,0.0,0.0,0.0,0.0,0.0,0.0,0.0,0.0,0.0,0.0,0.0,0.0,0.0,0.0,0.0,0.0,0.0,0.0,0.0,0.0,0.0,0.0,0.0
532,532,532,RUF,532,2020-08,2020-08-01,2020,8,7.0,Guinea; Liberia; Sierra Leone,ucdp_actor_metadata_fallback,3,1.3862943611198906,False,True,0.0,0.0,0.0,0.0,0.0,0.0,0.0,0.0,0.0,0.0,0.0,0.0,0.0,0.0,0.0,0.0,0.0,0.0,0.0,0.0,0.0,0.0,0.0,0.0,0.0,0.0,0.0,0.0,0.0,0.0,0.0,0.0,0.0,0.0,0.0,0.0,0.0,0.0,0.0,0.0,0.0,0.0,0.0,0.0,0.0,0.0,0.0,0.0,0.0,0.0,0.0,0.0,0.0,0.0,0.0,0.0,0.0
532,532,532,RUF,532,2020-09,2020-09-01,2020,9,8.0,Guinea; Liberia; Sierra Leone,ucdp_actor_metadata_fallback,3,1.3862943611198906,False,True,0.0,0.0,0.0,0.0,1.0,1.0,1.0,1.0,1.0,1.0,1.0,1.0,0.0,0.0,0.0,0.0,0.0,0.0,0.0,0.0,0.0,1.0,0.0,0.0,1.0,0.6931471805599453,1.0,0.6931471805599453,1.0,0.6931471805599453,1.0,0.6931471805599453,0.0,0.0,0.0,0.0,0.0,0.0,0.0,0.0,0.0,0.0,0.0,0.0,0.0,0.0,0.0,0.0,0.0,0.0,1.0,0.6931471805599453,0.0,0.0,0.0,0.0,0.6931471805599453
532,532,532,RUF,532,2020-10,2020-10-01,2020,10,9.0,Guinea; Liberia; Sierra Leone,ucdp_actor_metadata_fallback,3,1.3862943611198906,False,True,0.0,0.0,0.0,0.0,0.0,0.0,0.0,0.0,0.0,0.0,0.0,0.0,0.0,0.0,0.0,0.0,0.0,0.0,0.0,0.0,0.0,0.0,0.0,0.0,0.0,0.0,0.0,0.0,0.0,0.0,0.0,0.0,0.0,0.0,0.0,0.0,0.0,0.0,0.0,0.0,0.0,0.0,0.0,0.0,0.0,0.0,0.0,0.0,0.0,0.0,0.0,0.0,0.0,0.0,0.0,0.0,0.0
532,532,532,RUF,532,2020-11,2020-11-01,2020,11,10.0,Guinea; Liberia; Sierra Leone,ucdp_actor_metadata_fallback,3,1.3862943611198906,False,True,0.0,17.0,0.0,2.8903717578961645,0.0,0.0,0.0,0.0,0.0,0.0,0.0,0.0,0.0,0.0,0.0,0.0,0.0,0.0,0.0,0.0,0.0,0.0,0.0,0.0,0.0,0.0,0.0,0.0,0.0,0.0,0.0,0.0,0.0,0.0,0.0,0.0,0.0,0.0,0.0,0.0,0.0,0.0,0.0,0.0,0.0,0.0,0.0,0.0,0.0,0.0,0.0,0.0,0.0,0.0,0.0,0.0,0.0
532,532,532,RUF,532,2020-12,2020-12-01,2020,12,11.0,Guinea; Liberia; Sierra Leone,ucdp_actor_metadata_fallback,3,1.3862943611198906,False,True,17.0,0.0,2.8903717578961645,0.0,0.0,0.0,0.0,0.0,0.0,0.0,0.0,0.0,0.0,0.0,0.0,0.0,0.0,0.0,0.0,0.0,0.0,0.0,0.0,0.0,0.0,0.0,0.0,0.0,0.0,0.0,0.0,0.0,0.0,0.0,0.0,0.0,0.0,0.0,0.0,0.0,0.0,0.0,0.0,0.0,0.0,0.0,0.0,0.0,0.0,0.0,0.0,0.0,0.0,0.0,0.0,0.0,0.0
532,532,532,RUF,532,2021-01,2021-01-01,2021,1,12.0,Guinea; Liberia; Sierra Leone,ucdp_actor_metadata_fallback,3,1.3862943611198906,False,True,0.0,0.0,0.0,0.0,0.0,0.0,0.0,0.0,0.0,0.0,0.0,0.0,0.0,0.0,0.0,0.0,0.0,0.0,0.0,0.0,0.0,0.0,0.0,0.0,0.0,0.0,0.0,0.0,0.0,0.0,0.0,0.0,0.0,0.0,0.0,0.0,0.0,0.0,0.0,0.0,0.0,0.0,0.0,0.0,0.0,0.0,0.0,0.0,0.0,0.0,0.0,0.0,0.0,0.0,0.0,0.0,0.0
532,532,532,RUF,532,2021-02,2021-02-01,2021,2,13.0,Guinea; Liberia; Sierra Leone,ucdp_actor_metadata_fallback,3,1.3862943611198906,False,True,0.0,0.0,0.0,0.0,0.0,0.0,0.0,0.0,0.0,0.0,0.0,0.0,0.0,0.0,0.0,0.0,0.0,0.0,0.0,0.0,0.0,0.0,0.0,0.0,0.0,0.0,0.0,0.0,0.0,0.0,0.0,0.0,0.0,0.0,0.0,0.0,0.0,0.0,0.0,0.0,0.0,0.0,0.0,0.0,0.0,0.0,0.0,0.0,0.0,0.0,0.0,0.0,0.0,0.0,0.0,0.0,0.0
532,532,532,RUF,532,2021-03,2021-03-01,2021,3,14.0,Guinea; Liberia; Sierra Leone,ucdp_actor_metadata_fallback,3,1.3862943611198906,False,True,0.0,2.0,0.0,1.0986122886681098,0.0,0.0,0.0,0.0,0.0,0.0,0.0,0.0,0.0,0.0,0.0,0.0,0.0,0.0,0.0,0.0,0.0,0.0,0.0,0.0,0.0,0.0,0.0,0.0,0.0,0.0,0.0,0.0,0.0,0.0,0.0,0.0,0.0,0.0,0.0,0.0,0.0,0.0,0.0,0.0,0.0,0.0,0.0,0.0,0.0,0.0,0.0,0.0,0.0,0.0,0.0,0.0,0.0
532,532,532,RUF,532,2021-04,2021-04-01,2021,4,15.0,Guinea; Liberia; Sierra Leone,ucdp_actor_metadata_fallback,3,1.3862943611198906,False,True,2.0,0.0,1.0986122886681098,0.0,1.0,1.0,1.0,1.0,0.0,1.0,1.0,1.0,1.0,0.0,0.0,0.0,0.0,0.0,0.0,0.0,0.0,1.0,0.0,0.0,0.0,0.0,1.0,0.6931471805599453,1.0,0.6931471805599453,1.0,0.6931471805599453,1.0,0.6931471805599453,0.0,0.0,0.0,0.0,0.0,0.0,0.0,0.0,0.0,0.0,0.0,0.0,0.0,0.0,0.0,0.0,1.0,0.6931471805599453,0.0,0.0,0.0,0.0,0.6931471805599453
532,532,532,RUF,532,2021-05,2021-05-01,2021,5,16.0,Guinea; Liberia; Sierra Leone,ucdp_actor_metadata_fallback,3,1.3862943611198906,False,True,0.0,0.0,0.0,0.0,0.0,0.0,0.0,0.0,0.0,0.0,0.0,0.0,0.0,0.0,0.0,0.0,0.0,0.0,0.0,0.0,0.0,0.0,0.0,0.0,0.0,0.0,0.0,0.0,0.0,0.0,0.0,0.0,0.0,0.0,0.0,0.0,0.0,0.0,0.0,0.0,0.0,0.0,0.0,0.0,0.0,0.0,0.0,0.0,0.0,0.0,0.0,0.0,0.0,0.0,0.0,0.0,0.0
532,532,532,RUF,532,2021-06,2021-06-01,2021,6,17.0,Guinea; Liberia; Sierra Leone,ucdp_actor_metadata_fallback,3,1.3862943611198906,False,True,0.0,0.0,0.0,0.0,2.0,2.0,2.0,1.0,1.0,1.0,1.0,2.0,1.0,0.0,0.0,0.0,0.0,0.0,1.0,0.0,0.0,1.0,0.0,0.0,0.5,0.6931471805599453,0.5,0.6931471805599453,0.5,0.6931471805599453,1.0,1.0986122886681098,0.5,0.6931471805599453,0.0,0.0,0.0,0.0,0.0,0.0,0.0,0.0,0.0,0.0,0.5,0.6931471805599453,0.0,0.0,0.0,0.0,0.5,0.6931471805599453,0.0,0.0,0.0,0.0,1.0986122886681098
532,532,532,RUF,532,2021-07,2021-07-01,2021,7,18.0,Guinea; Liberia; Sierra Leone,ucdp_actor_metadata_fallback,3,1.3862943611198906,False,True,0.0,0.0,0.0,0.0,0.0,0.0,0.0,0.0,0.0,0.0,0.0,0.0,0.0,0.0,0.0,0.0,0.0,0.0,0.0,0.0,0.0,0.0,0.0,0.0,0.0,0.0,0.0,0.0,0.0,0.0,0.0,0.0,0.0,0.0,0.0,0.0,0.0,0.0,0.0,0.0,0.0,0.0,0.0,0.0,0.0,0.0,0.0,0.0,0.0,0.0,0.0,0.0,0.0,0.0,0.0,0.0,0.0
532,532,532,RUF,532,2021-08,2021-08-01,2021,8,19.0,Guinea; Liberia; Sierra Leone,ucdp_actor_metadata_fallback,3,1.3862943611198906,False,True,0.0,0.0,0.0,0.0,0.0,0.0,0.0,0.0,0.0,0.0,0.0,0.0,0.0,0.0,0.0,0.0,0.0,0.0,0.0,0.0,0.0,0.0,0.0,0.0,0.0,0.0,0.0,0.0,0.0,0.0,0.0,0.0,0.0,0.0,0.0,0.0,0.0,0.0,0.0,0.0,0.0,0.0,0.0,0.0,0.0,0.0,0.0,0.0,0.0,0.0,0.0,0.0,0.0,0.0,0.0,0.0,0.0
532,532,532,RUF,532,2021-09,2021-09-01,2021,9,20.0,Guinea; Liberia; Sierra Leone,ucdp_actor_metadata_fallback,3,1.3862943611198906,False,True,0.0,0.0,0.0,0.0,0.0,0.0,0.0,0.0,0.0,0.0,0.0,0.0,0.0,0.0,0.0,0.0,0.0,0.0,0.0,0.0,0.0,0.0,0.0,0.0,0.0,0.0,0.0,0.0,0.0,0.0,0.0,0.0,0.0,0.0,0.0,0.0,0.0,0.0,0.0,0.0,0.0,0.0,0.0,0.0,0.0,0.0,0.0,0.0,0.0,0.0,0.0,0.0,0.0,0.0,0.0,0.0,0.0
532,532,532,RUF,532,2021-10,2021-10-01,2021,10,21.0,Guinea; Liberia; Sierra Leone,ucdp_actor_metadata_fallback,3,1.3862943611198906,False,True,0.0,0.0,0.0,0.0,0.0,0.0,0.0,0.0,0.0,0.0,0.0,0.0,0.0,0.0,0.0,0.0,0.0,0.0,0.0,0.0,0.0,0.0,0.0,0.0,0.0,0.0,0.0,0.0,0.0,0.0,0.0,0.0,0.0,0.0,0.0,0.0,0.0,0.0,0.0,0.0,0.0,0.0,0.0,0.0,0.0,0.0,0.0,0.0,0.0,0.0,0.0,0.0,0.0,0.0,0.0,0.0,0.0
532,532,532,RUF,532,2021-11,2021-11-01,2021,11,22.0,Guinea; Liberia; Sierra Leone,ucdp_actor_metadata_fallback,3,1.3862943611198906,False,True,0.0,0.0,0.0,0.0,0.0,0.0,0.0,0.0,0.0,0.0,0.0,0.0,0.0,0.0,0.0,0.0,0.0,0.0,0.0,0.0,0.0,0.0,0.0,0.0,0.0,0.0,0.0,0.0,0.0,0.0,0.0,0.0,0.0,0.0,0.0,0.0,0.0,0.0,0.0,0.0,0.0,0.0,0.0,0.0,0.0,0.0,0.0,0.0,0.0,0.0,0.0,0.0,0.0,0.0,0.0,0.0,0.0
532,532,532,RUF,532,2021-12,2021-12-01,2021,12,23.0,Guinea; Liberia; Sierra Leone,ucdp_actor_metadata_fallback,3,1.3862943611198906,False,True,0.0,0.0,0.0,0.0,0.0,0.0,0.0,0.0,0.0,0.0,0.0,0.0,0.0,0.0,0.0,0.0,0.0,0.0,0.0,0.0,0.0,0.0,0.0,0.0,0.0,0.0,0.0,0.0,0.0,0.0,0.0,0.0,0.0,0.0,0.0,0.0,0.0,0.0,0.0,0.0,0.0,0.0,0.0,0.0,0.0,0.0,0.0,0.0,0.0,0.0,0.0,0.0,0.0,0.0,0.0,0.0,0.0
532,532,532,RUF,532,2022-01,2022-01-01,2022,1,24.0,Guinea; Liberia; Sierra Leone,ucdp_actor_metadata_fallback,3,1.3862943611198906,False,True,0.0,0.0,0.0,0.0,1.0,1.0,1.0,1.0,1.0,1.0,1.0,1.0,0.0,0.0,1.0,0.0,0.0,0.0,0.0,0.0,0.0,0.0,0.0,0.0,1.0,0.6931471805599453,1.0,0.6931471805599453,1.0,0.6931471805599453,1.0,0.6931471805599453,0.0,0.0,0.0,0.0,1.0,0.6931471805599453,0.0,0.0,0.0,0.0,0.0,0.0,0.0,0.0,0.0,0.0,0.0,0.0,0.0,0.0,0.0,0.0,0.0,0.0,0.6931471805599453
532,532,532,RUF,532,2022-02,2022-02-01,2022,2,25.0,Guinea; Liberia; Sierra Leone,ucdp_actor_metadata_fallback,3,1.3862943611198906,False,True,0.0,0.0,0.0,0.0,0.0,0.0,0.0,0.0,0.0,0.0,0.0,0.0,0.0,0.0,0.0,0.0,0.0,0.0,0.0,0.0,0.0,0.0,0.0,0.0,0.0,0.0,0.0,0.0,0.0,0.0,0.0,0.0,0.0,0.0,0.0,0.0,0.0,0.0,0.0,0.0,0.0,0.0,0.0,0.0,0.0,0.0,0.0,0.0,0.0,0.0,0.0,0.0,0.0,0.0,0.0,0.0,0.0
532,532,532,RUF,532,2022-03,2022-03-01,2022,3,26.0,Guinea; Liberia; Sierra Leone,ucdp_actor_metadata_fallback,3,1.3862943611198906,False,True,0.0,0.0,0.0,0.0,0.0,0.0,0.0,0.0,0.0,0.0,0.0,0.0,0.0,0.0,0.0,0.0,0.0,0.0,0.0,0.0,0.0,0.0,0.0,0.0,0.0,0.0,0.0,0.0,0.0,0.0,0.0,0.0,0.0,0.0,0.0,0.0,0.0,0.0,0.0,0.0,0.0,0.0,0.0,0.0,0.0,0.0,0.0,0.0,0.0,0.0,0.0,0.0,0.0,0.0,0.0,0.0,0.0
532,532,532,RUF,532,2022-04,2022-04-01,2022,4,27.0,Guinea; Liberia; Sierra Leone,ucdp_actor_metadata_fallback,3,1.3862943611198906,False,True,0.0,0.0,0.0,0.0,0.0,0.0,0.0,0.0,0.0,0.0,0.0,0.0,0.0,0.0,0.0,0.0,0.0,0.0,0.0,0.0,0.0,0.0,0.0,0.0,0.0,0.0,0.0,0.0,0.0,0.0,0.0,0.0,0.0,0.0,0.0,0.0,0.0,0.0,0.0,0.0,0.0,0.0,0.0,0.0,0.0,0.0,0.0,0.0,0.0,0.0,0.0,0.0,0.0,0.0,0.0,0.0,0.0
532,532,532,RUF,532,2022-05,2022-05-01,2022,5,28.0,Guinea; Liberia; Sierra Leone,ucdp_actor_metadata_fallback,3,1.3862943611198906,False,True,0.0,0.0,0.0,0.0,0.0,0.0,0.0,0.0,0.0,0.0,0.0,0.0,0.0,0.0,0.0,0.0,0.0,0.0,0.0,0.0,0.0,0.0,0.0,0.0,0.0,0.0,0.0,0.0,0.0,0.0,0.0,0.0,0.0,0.0,0.0,0.0,0.0,0.0,0.0,0.0,0.0,0.0,0.0,0.0,0.0,0.0,0.0,0.0,0.0,0.0,0.0,0.0,0.0,0.0,0.0,0.0,0.0
532,532,532,RUF,532,2022-06,2022-06-01,2022,6,29.0,Guinea; Liberia; Sierra Leone,ucdp_actor_metadata_fallback,3,1.3862943611198906,False,True,0.0,0.0,0.0,0.0,0.0,0.0,0.0,0.0,0.0,0.0,0.0,0.0,0.0,0.0,0.0,0.0,0.0,0.0,0.0,0.0,0.0,0.0,0.0,0.0,0.0,0.0,0.0,0.0,0.0,0.0,0.0,0.0,0.0,0.0,0.0,0.0,0.0,0.0,0.0,0.0,0.0,0.0,0.0,0.0,0.0,0.0,0.0,0.0,0.0,0.0,0.0,0.0,0.0,0.0,0.0,0.0,0.0
532,532,532,RUF,532,2022-07,2022-07-01,2022,7,30.0,Guinea; Liberia; Sierra Leone,ucdp_actor_metadata_fallback,3,1.3862943611198906,False,True,0.0,0.0,0.0,0.0,0.0,0.0,0.0,0.0,0.0,0.0,0.0,0.0,0.0,0.0,0.0,0.0,0.0,0.0,0.0,0.0,0.0,0.0,0.0,0.0,0.0,0.0,0.0,0.0,0.0,0.0,0.0,0.0,0.0,0.0,0.0,0.0,0.0,0.0,0.0,0.0,0.0,0.0,0.0,0.0,0.0,0.0,0.0,0.0,0.0,0.0,0.0,0.0,0.0,0.0,0.0,0.0,0.0
532,532,532,RUF,532,2022-08,2022-08-01,2022,8,31.0,Guinea; Liberia; Sierra Leone,ucdp_actor_metadata_fallback,3,1.3862943611198906,False,True,0.0,0.0,0.0,0.0,0.0,0.0,0.0,0.0,0.0,0.0,0.0,0.0,0.0,0.0,0.0,0.0,0.0,0.0,0.0,0.0,0.0,0.0,0.0,0.0,0.0,0.0,0.0,0.0,0.0,0.0,0.0,0.0,0.0,0.0,0.0,0.0,0.0,0.0,0.0,0.0,0.0,0.0,0.0,0.0,0.0,0.0,0.0,0.0,0.0,0.0,0.0,0.0,0.0,0.0,0.0,0.0,0.0
532,532,532,RUF,532,2022-09,2022-09-01,2022,9,32.0,Guinea; Liberia; Sierra Leone,ucdp_actor_metadata_fallback,3,1.3862943611198906,False,True,0.0,0.0,0.0,0.0,0.0,0.0,0.0,0.0,0.0,0.0,0.0,0.0,0.0,0.0,0.0,0.0,0.0,0.0,0.0,0.0,0.0,0.0,0.0,0.0,0.0,0.0,0.0,0.0,0.0,0.0,0.0,0.0,0.0,0.0,0.0,0.0,0.0,0.0,0.0,0.0,0.0,0.0,0.0,0.0,0.0,0.0,0.0,0.0,0.0,0.0,0.0,0.0,0.0,0.0,0.0,0.0,0.0
532,532,532,RUF,532,2022-10,2022-10-01,2022,10,33.0,Guinea; Liberia; Sierra Leone,ucdp_actor_metadata_fallback,3,1.3862943611198906,False,True,0.0,0.0,0.0,0.0,0.0,0.0,0.0,0.0,0.0,0.0,0.0,0.0,0.0,0.0,0.0,0.0,0.0,0.0,0.0,0.0,0.0,0.0,0.0,0.0,0.0,0.0,0.0,0.0,0.0,0.0,0.0,0.0,0.0,0.0,0.0,0.0,0.0,0.0,0.0,0.0,0.0,0.0,0.0,0.0,0.0,0.0,0.0,0.0,0.0,0.0,0.0,0.0,0.0,0.0,0.0,0.0,0.0
532,532,532,RUF,532,2022-11,2022-11-01,2022,11,34.0,Guinea; Liberia; Sierra Leone,ucdp_actor_metadata_fallback,3,1.3862943611198906,False,True,0.0,0.0,0.0,0.0,0.0,0.0,0.0,0.0,0.0,0.0,0.0,0.0,0.0,0.0,0.0,0.0,0.0,0.0,0.0,0.0,0.0,0.0,0.0,0.0,0.0,0.0,0.0,0.0,0.0,0.0,0.0,0.0,0.0,0.0,0.0,0.0,0.0,0.0,0.0,0.0,0.0,0.0,0.0,0.0,0.0,0.0,0.0,0.0,0.0,0.0,0.0,0.0,0.0,0.0,0.0,0.0,0.0
532,532,532,RUF,532,2022-12,2022-12-01,2022,12,35.0,Guinea; Liberia; Sierra Leone,ucdp_actor_metadata_fallback,3,1.3862943611198906,False,True,0.0,0.0,0.0,0.0,0.0,0.0,0.0,0.0,0.0,0.0,0.0,0.0,0.0,0.0,0.0,0.0,0.0,0.0,0.0,0.0,0.0,0.0,0.0,0.0,0.0,0.0,0.0,0.0,0.0,0.0,0.0,0.0,0.0,0.0,0.0,0.0,0.0,0.0,0.0,0.0,0.0,0.0,0.0,0.0,0.0,0.0,0.0,0.0,0.0,0.0,0.0,0.0,0.0,0.0,0.0,0.0,0.0
532,532,532,RUF,532,2023-01,2023-01-01,2023,1,36.0,Guinea; Liberia; Sierra Leone,ucdp_actor_metadata_fallback,3,1.3862943611198906,False,True,0.0,0.0,0.0,0.0,0.0,0.0,0.0,0.0,0.0,0.0,0.0,0.0,0.0,0.0,0.0,0.0,0.0,0.0,0.0,0.0,0.0,0.0,0.0,0.0,0.0,0.0,0.0,0.0,0.0,0.0,0.0,0.0,0.0,0.0,0.0,0.0,0.0,0.0,0.0,0.0,0.0,0.0,0.0,0.0,0.0,0.0,0.0,0.0,0.0,0.0,0.0,0.0,0.0,0.0,0.0,0.0,0.0
532,532,532,RUF,532,2023-02,2023-02-01,2023,2,37.0,Guinea; Liberia; Sierra Leone,ucdp_actor_metadata_fallback,3,1.3862943611198906,False,True,0.0,0.0,0.0,0.0,0.0,0.0,0.0,0.0,0.0,0.0,0.0,0.0,0.0,0.0,0.0,0.0,0.0,0.0,0.0,0.0,0.0,0.0,0.0,0.0,0.0,0.0,0.0,0.0,0.0,0.0,0.0,0.0,0.0,0.0,0.0,0.0,0.0,0.0,0.0,0.0,0.0,0.0,0.0,0.0,0.0,0.0,0.0,0.0,0.0,0.0,0.0,0.0,0.0,0.0,0.0,0.0,0.0
532,532,532,RUF,532,2023-03,2023-03-01,2023,3,38.0,Guinea; Liberia; Sierra Leone,ucdp_actor_metadata_fallback,3,1.3862943611198906,False,True,0.0,0.0,0.0,0.0,0.0,0.0,0.0,0.0,0.0,0.0,0.0,0.0,0.0,0.0,0.0,0.0,0.0,0.0,0.0,0.0,0.0,0.0,0.0,0.0,0.0,0.0,0.0,0.0,0.0,0.0,0.0,0.0,0.0,0.0,0.0,0.0,0.0,0.0,0.0,0.0,0.0,0.0,0.0,0.0,0.0,0.0,0.0,0.0,0.0,0.0,0.0,0.0,0.0,0.0,0.0,0.0,0.0
532,532,532,RUF,532,2023-04,2023-04-01,2023,4,39.0,Guinea; Liberia; Sierra Leone,ucdp_actor_metadata_fallback,3,1.3862943611198906,False,True,0.0,0.0,0.0,0.0,0.0,0.0,0.0,0.0,0.0,0.0,0.0,0.0,0.0,0.0,0.0,0.0,0.0,0.0,0.0,0.0,0.0,0.0,0.0,0.0,0.0,0.0,0.0,0.0,0.0,0.0,0.0,0.0,0.0,0.0,0.0,0.0,0.0,0.0,0.0,0.0,0.0,0.0,0.0,0.0,0.0,0.0,0.0,0.0,0.0,0.0,0.0,0.0,0.0,0.0,0.0,0.0,0.0
532,532,532,RUF,532,2023-05,2023-05-01,2023,5,40.0,Guinea; Liberia; Sierra Leone,ucdp_actor_metadata_fallback,3,1.3862943611198906,False,True,0.0,0.0,0.0,0.0,0.0,0.0,0.0,0.0,0.0,0.0,0.0,0.0,0.0,0.0,0.0,0.0,0.0,0.0,0.0,0.0,0.0,0.0,0.0,0.0,0.0,0.0,0.0,0.0,0.0,0.0,0.0,0.0,0.0,0.0,0.0,0.0,0.0,0.0,0.0,0.0,0.0,0.0,0.0,0.0,0.0,0.0,0.0,0.0,0.0,0.0,0.0,0.0,0.0,0.0,0.0,0.0,0.0
532,532,532,RUF,532,2023-06,2023-06-01,2023,6,41.0,Guinea; Liberia; Sierra Leone,ucdp_actor_metadata_fallback,3,1.3862943611198906,False,True,0.0,0.0,0.0,0.0,0.0,0.0,0.0,0.0,0.0,0.0,0.0,0.0,0.0,0.0,0.0,0.0,0.0,0.0,0.0,0.0,0.0,0.0,0.0,0.0,0.0,0.0,0.0,0.0,0.0,0.0,0.0,0.0,0.0,0.0,0.0,0.0,0.0,0.0,0.0,0.0,0.0,0.0,0.0,0.0,0.0,0.0,0.0,0.0,0.0,0.0,0.0,0.0,0.0,0.0,0.0,0.0,0.0
532,532,532,RUF,532,2023-07,2023-07-01,2023,7,42.0,Guinea; Liberia; Sierra Leone,ucdp_actor_metadata_fallback,3,1.3862943611198906,False,True,0.0,0.0,0.0,0.0,0.0,0.0,0.0,0.0,0.0,0.0,0.0,0.0,0.0,0.0,0.0,0.0,0.0,0.0,0.0,0.0,0.0,0.0,0.0,0.0,0.0,0.0,0.0,0.0,0.0,0.0,0.0,0.0,0.0,0.0,0.0,0.0,0.0,0.0,0.0,0.0,0.0,0.0,0.0,0.0,0.0,0.0,0.0,0.0,0.0,0.0,0.0,0.0,0.0,0.0,0.0,0.0,0.0
532,532,532,RUF,532,2023-08,2023-08-01,2023,8,43.0,Guinea; Liberia; Sierra Leone,ucdp_actor_metadata_fallback,3,1.3862943611198906,False,True,0.0,0.0,0.0,0.0,1.0,1.0,1.0,1.0,0.0,1.0,0.0,1.0,0.0,0.0,0.0,0.0,0.0,0.0,0.0,0.0,0.0,1.0,0.0,0.0,0.0,0.0,1.0,0.6931471805599453,0.0,0.0,1.0,0.6931471805599453,0.0,0.0,0.0,0.0,0.0,0.0,0.0,0.0,0.0,0.0,0.0,0.0,0.0,0.0,0.0,0.0,0.0,0.0,1.0,0.6931471805599453,0.0,0.0,0.0,0.0,0.6931471805599453
532,532,532,RUF,532,2023-09,2023-09-01,2023,9,44.0,Guinea; Liberia; Sierra Leone,ucdp_actor_metadata_fallback,3,1.3862943611198906,False,True,0.0,0.0,0.0,0.0,0.0,0.0,0.0,0.0,0.0,0.0,0.0,0.0,0.0,0.0,0.0,0.0,0.0,0.0,0.0,0.0,0.0,0.0,0.0,0.0,0.0,0.0,0.0,0.0,0.0,0.0,0.0,0.0,0.0,0.0,0.0,0.0,0.0,0.0,0.0,0.0,0.0,0.0,0.0,0.0,0.0,0.0,0.0,0.0,0.0,0.0,0.0,0.0,0.0,0.0,0.0,0.0,0.0
532,532,532,RUF,532,2023-10,2023-10-01,2023,10,45.0,Guinea; Liberia; Sierra Leone,ucdp_actor_metadata_fallback,3,1.3862943611198906,False,True,0.0,0.0,0.0,0.0,0.0,0.0,0.0,0.0,0.0,0.0,0.0,0.0,0.0,0.0,0.0,0.0,0.0,0.0,0.0,0.0,0.0,0.0,0.0,0.0,0.0,0.0,0.0,0.0,0.0,0.0,0.0,0.0,0.0,0.0,0.0,0.0,0.0,0.0,0.0,0.0,0.0,0.0,0.0,0.0,0.0,0.0,0.0,0.0,0.0,0.0,0.0,0.0,0.0,0.0,0.0,0.0,0.0
532,532,532,RUF,532,2023-11,2023-11-01,2023,11,46.0,Guinea; Liberia; Sierra Leone,ucdp_actor_metadata_fallback,3,1.3862943611198906,False,True,0.0,0.0,0.0,0.0,0.0,0.0,0.0,0.0,0.0,0.0,0.0,0.0,0.0,0.0,0.0,0.0,0.0,0.0,0.0,0.0,0.0,0.0,0.0,0.0,0.0,0.0,0.0,0.0,0.0,0.0,0.0,0.0,0.0,0.0,0.0,0.0,0.0,0.0,0.0,0.0,0.0,0.0,0.0,0.0,0.0,0.0,0.0,0.0,0.0,0.0,0.0,0.0,0.0,0.0,0.0,0.0,0.0
532,532,532,RUF,532,2023-12,2023-12-01,2023,12,47.0,Guinea; Liberia; Sierra Leone,ucdp_actor_metadata_fallback,3,1.3862943611198906,False,True,0.0,0.0,0.0,0.0,0.0,0.0,0.0,0.0,0.0,0.0,0.0,0.0,0.0,0.0,0.0,0.0,0.0,0.0,0.0,0.0,0.0,0.0,0.0,0.0,0.0,0.0,0.0,0.0,0.0,0.0,0.0,0.0,0.0,0.0,0.0,0.0,0.0,0.0,0.0,0.0,0.0,0.0,0.0,0.0,0.0,0.0,0.0,0.0,0.0,0.0,0.0,0.0,0.0,0.0,0.0,0.0,0.0
532,532,532,RUF,532,2024-01,2024-01-01,2024,1,48.0,Guinea; Liberia; Sierra Leone,ucdp_actor_metadata_fallback,3,1.3862943611198906,False,True,0.0,0.0,0.0,0.0,0.0,0.0,0.0,0.0,0.0,0.0,0.0,0.0,0.0,0.0,0.0,0.0,0.0,0.0,0.0,0.0,0.0,0.0,0.0,0.0,0.0,0.0,0.0,0.0,0.0,0.0,0.0,0.0,0.0,0.0,0.0,0.0,0.0,0.0,0.0,0.0,0.0,0.0,0.0,0.0,0.0,0.0,0.0,0.0,0.0,0.0,0.0,0.0,0.0,0.0,0.0,0.0,0.0
532,532,532,RUF,532,2024-02,2024-02-01,2024,2,49.0,Guinea; Liberia; Sierra Leone,ucdp_actor_metadata_fallback,3,1.3862943611198906,False,True,0.0,0.0,0.0,0.0,0.0,0.0,0.0,0.0,0.0,0.0,0.0,0.0,0.0,0.0,0.0,0.0,0.0,0.0,0.0,0.0,0.0,0.0,0.0,0.0,0.0,0.0,0.0,0.0,0.0,0.0,0.0,0.0,0.0,0.0,0.0,0.0,0.0,0.0,0.0,0.0,0.0,0.0,0.0,0.0,0.0,0.0,0.0,0.0,0.0,0.0,0.0,0.0,0.0,0.0,0.0,0.0,0.0
532,532,532,RUF,532,2024-03,2024-03-01,2024,3,50.0,Guinea; Liberia; Sierra Leone,ucdp_actor_metadata_fallback,3,1.3862943611198906,False,True,0.0,0.0,0.0,0.0,0.0,0.0,0.0,0.0,0.0,0.0,0.0,0.0,0.0,0.0,0.0,0.0,0.0,0.0,0.0,0.0,0.0,0.0,0.0,0.0,0.0,0.0,0.0,0.0,0.0,0.0,0.0,0.0,0.0,0.0,0.0,0.0,0.0,0.0,0.0,0.0,0.0,0.0,0.0,0.0,0.0,0.0,0.0,0.0,0.0,0.0,0.0,0.0,0.0,0.0,0.0,0.0,0.0
532,532,532,RUF,532,2024-04,2024-04-01,2024,4,51.0,Guinea; Liberia; Sierra Leone,ucdp_actor_metadata_fallback,3,1.3862943611198906,False,True,0.0,0.0,0.0,0.0,0.0,0.0,0.0,0.0,0.0,0.0,0.0,0.0,0.0,0.0,0.0,0.0,0.0,0.0,0.0,0.0,0.0,0.0,0.0,0.0,0.0,0.0,0.0,0.0,0.0,0.0,0.0,0.0,0.0,0.0,0.0,0.0,0.0,0.0,0.0,0.0,0.0,0.0,0.0,0.0,0.0,0.0,0.0,0.0,0.0,0.0,0.0,0.0,0.0,0.0,0.0,0.0,0.0
532,532,532,RUF,532,2024-05,2024-05-01,2024,5,52.0,Guinea; Liberia; Sierra Leone,ucdp_actor_metadata_fallback,3,1.3862943611198906,False,True,0.0,0.0,0.0,0.0,0.0,0.0,0.0,0.0,0.0,0.0,0.0,0.0,0.0,0.0,0.0,0.0,0.0,0.0,0.0,0.0,0.0,0.0,0.0,0.0,0.0,0.0,0.0,0.0,0.0,0.0,0.0,0.0,0.0,0.0,0.0,0.0,0.0,0.0,0.0,0.0,0.0,0.0,0.0,0.0,0.0,0.0,0.0,0.0,0.0,0.0,0.0,0.0,0.0,0.0,0.0,0.0,0.0
532,532,532,RUF,532,2024-06,2024-06-01,2024,6,53.0,Guinea; Liberia; Sierra Leone,ucdp_actor_metadata_fallback,3,1.3862943611198906,False,True,0.0,1.0,0.0,0.6931471805599453,0.0,0.0,0.0,0.0,0.0,0.0,0.0,0.0,0.0,0.0,0.0,0.0,0.0,0.0,0.0,0.0,0.0,0.0,0.0,0.0,0.0,0.0,0.0,0.0,0.0,0.0,0.0,0.0,0.0,0.0,0.0,0.0,0.0,0.0,0.0,0.0,0.0,0.0,0.0,0.0,0.0,0.0,0.0,0.0,0.0,0.0,0.0,0.0,0.0,0.0,0.0,0.0,0.0
532,532,532,RUF,532,2024-07,2024-07-01,2024,7,54.0,Guinea; Liberia; Sierra Leone,ucdp_actor_metadata_fallback,3,1.3862943611198906,False,True,1.0,0.0,0.6931471805599453,0.0,0.0,0.0,0.0,0.0,0.0,0.0,0.0,0.0,0.0,0.0,0.0,0.0,0.0,0.0,0.0,0.0,0.0,0.0,0.0,0.0,0.0,0.0,0.0,0.0,0.0,0.0,0.0,0.0,0.0,0.0,0.0,0.0,0.0,0.0,0.0,0.0,0.0,0.0,0.0,0.0,0.0,0.0,0.0,0.0,0.0,0.0,0.0,0.0,0.0,0.0,0.0,0.0,0.0
532,532,532,RUF,532,2024-08,2024-08-01,2024,8,55.0,Guinea; Liberia; Sierra Leone,ucdp_actor_metadata_fallback,3,1.3862943611198906,False,True,0.0,0.0,0.0,0.0,0.0,0.0,0.0,0.0,0.0,0.0,0.0,0.0,0.0,0.0,0.0,0.0,0.0,0.0,0.0,0.0,0.0,0.0,0.0,0.0,0.0,0.0,0.0,0.0,0.0,0.0,0.0,0.0,0.0,0.0,0.0,0.0,0.0,0.0,0.0,0.0,0.0,0.0,0.0,0.0,0.0,0.0,0.0,0.0,0.0,0.0,0.0,0.0,0.0,0.0,0.0,0.0,0.0
532,532,532,RUF,532,2024-09,2024-09-01,2024,9,56.0,Guinea; Liberia; Sierra Leone,ucdp_actor_metadata_fallback,3,1.3862943611198906,False,True,0.0,0.0,0.0,0.0,2.0,2.0,2.0,1.0,0.0,1.0,2.0,2.0,0.0,0.0,0.0,1.0,0.0,0.0,1.0,0.0,0.0,0.0,0.0,0.0,0.0,0.0,0.5,0.6931471805599453,1.0,1.0986122886681098,1.0,1.0986122886681098,0.0,0.0,0.0,0.0,0.0,0.0,0.5,0.6931471805599453,0.0,0.0,0.0,0.0,0.5,0.6931471805599453,0.0,0.0,0.0,0.0,0.0,0.0,0.0,0.0,0.0,0.0,1.0986122886681098
532,532,532,RUF,532,2024-10,2024-10-01,2024,10,57.0,Guinea; Liberia; Sierra Leone,ucdp_actor_metadata_fallback,3,1.3862943611198906,False,True,0.0,0.0,0.0,0.0,0.0,0.0,0.0,0.0,0.0,0.0,0.0,0.0,0.0,0.0,0.0,0.0,0.0,0.0,0.0,0.0,0.0,0.0,0.0,0.0,0.0,0.0,0.0,0.0,0.0,0.0,0.0,0.0,0.0,0.0,0.0,0.0,0.0,0.0,0.0,0.0,0.0,0.0,0.0,0.0,0.0,0.0,0.0,0.0,0.0,0.0,0.0,0.0,0.0,0.0,0.0,0.0,0.0
532,532,532,RUF,532,2024-11,2024-11-01,2024,11,58.0,Guinea; Liberia; Sierra Leone,ucdp_actor_metadata_fallback,3,1.3862943611198906,False,True,0.0,0.0,0.0,0.0,0.0,0.0,0.0,0.0,0.0,0.0,0.0,0.0,0.0,0.0,0.0,0.0,0.0,0.0,0.0,0.0,0.0,0.0,0.0,0.0,0.0,0.0,0.0,0.0,0.0,0.0,0.0,0.0,0.0,0.0,0.0,0.0,0.0,0.0,0.0,0.0,0.0,0.0,0.0,0.0,0.0,0.0,0.0,0.0,0.0,0.0,0.0,0.0,0.0,0.0,0.0,0.0,0.0
532,532,532,RUF,532,2024-12,2024-12-01,2024,12,59.0,Guinea; Liberia; Sierra Leone,ucdp_actor_metadata_fallback,3,1.3862943611198906,False,True,0.0,0.0,0.0,0.0,0.0,0.0,0.0,0.0,0.0,0.0,0.0,0.0,0.0,0.0,0.0,0.0,0.0,0.0,0.0,0.0,0.0,0.0,0.0,0.0,0.0,0.0,0.0,0.0,0.0,0.0,0.0,0.0,0.0,0.0,0.0,0.0,0.0,0.0,0.0,0.0,0.0,0.0,0.0,0.0,0.0,0.0,0.0,0.0,0.0,0.0,0.0,0.0,0.0,0.0,0.0,0.0,0.0
532,532,532,RUF,532,2025-01,2025-01-01,2025,1,60.0,Guinea; Liberia; Sierra Leone,ucdp_actor_metadata_fallback,3,1.3862943611198906,False,True,0.0,0.0,0.0,0.0,0.0,0.0,0.0,0.0,0.0,0.0,0.0,0.0,0.0,0.0,0.0,0.0,0.0,0.0,0.0,0.0,0.0,0.0,0.0,0.0,0.0,0.0,0.0,0.0,0.0,0.0,0.0,0.0,0.0,0.0,0.0,0.0,0.0,0.0,0.0,0.0,0.0,0.0,0.0,0.0,0.0,0.0,0.0,0.0,0.0,0.0,0.0,0.0,0.0,0.0,0.0,0.0,0.0
532,532,532,RUF,532,2025-02,2025-02-01,2025,2,61.0,Guinea; Liberia; Sierra Leone,ucdp_actor_metadata_fallback,3,1.3862943611198906,False,True,0.0,0.0,0.0,0.0,0.0,0.0,0.0,0.0,0.0,0.0,0.0,0.0,0.0,0.0,0.0,0.0,0.0,0.0,0.0,0.0,0.0,0.0,0.0,0.0,0.0,0.0,0.0,0.0,0.0,0.0,0.0,0.0,0.0,0.0,0.0,0.0,0.0,0.0,0.0,0.0,0.0,0.0,0.0,0.0,0.0,0.0,0.0,0.0,0.0,0.0,0.0,0.0,0.0,0.0,0.0,0.0,0.0
532,532,532,RUF,532,2025-03,2025-03-01,2025,3,62.0,Guinea; Liberia; Sierra Leone,ucdp_actor_metadata_fallback,3,1.3862943611198906,False,True,0.0,0.0,0.0,0.0,0.0,0.0,0.0,0.0,0.0,0.0,0.0,0.0,0.0,0.0,0.0,0.0,0.0,0.0,0.0,0.0,0.0,0.0,0.0,0.0,0.0,0.0,0.0,0.0,0.0,0.0,0.0,0.0,0.0,0.0,0.0,0.0,0.0,0.0,0.0,0.0,0.0,0.0,0.0,0.0,0.0,0.0,0.0,0.0,0.0,0.0,0.0,0.0,0.0,0.0,0.0,0.0,0.0
532,532,532,RUF,532,2025-04,2025-04-01,2025,4,63.0,Guinea; Liberia; Sierra Leone,ucdp_actor_metadata_fallback,3,1.3862943611198906,False,True,0.0,0.0,0.0,0.0,0.0,0.0,0.0,0.0,0.0,0.0,0.0,0.0,0.0,0.0,0.0,0.0,0.0,0.0,0.0,0.0,0.0,0.0,0.0,0.0,0.0,0.0,0.0,0.0,0.0,0.0,0.0,0.0,0.0,0.0,0.0,0.0,0.0,0.0,0.0,0.0,0.0,0.0,0.0,0.0,0.0,0.0,0.0,0.0,0.0,0.0,0.0,0.0,0.0,0.0,0.0,0.0,0.0
532,532,532,RUF,532,2025-05,2025-05-01,2025,5,64.0,Guinea; Liberia; Sierra Leone,ucdp_actor_metadata_fallback,3,1.3862943611198906,False,True,0.0,0.0,0.0,0.0,0.0,0.0,0.0,0.0,0.0,0.0,0.0,0.0,0.0,0.0,0.0,0.0,0.0,0.0,0.0,0.0,0.0,0.0,0.0,0.0,0.0,0.0,0.0,0.0,0.0,0.0,0.0,0.0,0.0,0.0,0.0,0.0,0.0,0.0,0.0,0.0,0.0,0.0,0.0,0.0,0.0,0.0,0.0,0.0,0.0,0.0,0.0,0.0,0.0,0.0,0.0,0.0,0.0
532,532,532,RUF,532,2025-06,2025-06-01,2025,6,65.0,Guinea; Liberia; Sierra Leone,ucdp_actor_metadata_fallback,3,1.3862943611198906,False,True,0.0,0.0,0.0,0.0,0.0,0.0,0.0,0.0,0.0,0.0,0.0,0.0,0.0,0.0,0.0,0.0,0.0,0.0,0.0,0.0,0.0,0.0,0.0,0.0,0.0,0.0,0.0,0.0,0.0,0.0,0.0,0.0,0.0,0.0,0.0,0.0,0.0,0.0,0.0,0.0,0.0,0.0,0.0,0.0,0.0,0.0,0.0,0.0,0.0,0.0,0.0,0.0,0.0,0.0,0.0,0.0,0.0
532,532,532,RUF,532,2025-07,2025-07-01,2025,7,66.0,Guinea; Liberia; Sierra Leone,ucdp_actor_metadata_fallback,3,1.3862943611198906,False,True,0.0,0.0,0.0,0.0,0.0,0.0,0.0,0.0,0.0,0.0,0.0,0.0,0.0,0.0,0.0,0.0,0.0,0.0,0.0,0.0,0.0,0.0,0.0,0.0,0.0,0.0,0.0,0.0,0.0,0.0,0.0,0.0,0.0,0.0,0.0,0.0,0.0,0.0,0.0,0.0,0.0,0.0,0.0,0.0,0.0,0.0,0.0,0.0,0.0,0.0,0.0,0.0,0.0,0.0,0.0,0.0,0.0
532,532,532,RUF,532,2025-08,2025-08-01,2025,8,67.0,Guinea; Liberia; Sierra Leone,ucdp_actor_metadata_fallback,3,1.3862943611198906,False,True,0.0,0.0,0.0,0.0,0.0,0.0,0.0,0.0,0.0,0.0,0.0,0.0,0.0,0.0,0.0,0.0,0.0,0.0,0.0,0.0,0.0,0.0,0.0,0.0,0.0,0.0,0.0,0.0,0.0,0.0,0.0,0.0,0.0,0.0,0.0,0.0,0.0,0.0,0.0,0.0,0.0,0.0,0.0,0.0,0.0,0.0,0.0,0.0,0.0,0.0,0.0,0.0,0.0,0.0,0.0,0.0,0.0
532,532,532,RUF,532,2025-09,2025-09-01,2025,9,68.0,Guinea; Liberia; Sierra Leone,ucdp_actor_metadata_fallback,3,1.3862943611198906,False,True,0.0,0.0,0.0,0.0,0.0,0.0,0.0,0.0,0.0,0.0,0.0,0.0,0.0,0.0,0.0,0.0,0.0,0.0,0.0,0.0,0.0,0.0,0.0,0.0,0.0,0.0,0.0,0.0,0.0,0.0,0.0,0.0,0.0,0.0,0.0,0.0,0.0,0.0,0.0,0.0,0.0,0.0,0.0,0.0,0.0,0.0,0.0,0.0,0.0,0.0,0.0,0.0,0.0,0.0,0.0,0.0,0.0
532,532,532,RUF,532,2025-10,2025-10-01,2025,10,69.0,Guinea; Liberia; Sierra Leone,ucdp_actor_metadata_fallback,3,1.3862943611198906,False,True,0.0,0.0,0.0,0.0,1.0,1.0,1.0,1.0,0.0,0.0,1.0,1.0,1.0,0.0,0.0,0.0,0.0,0.0,1.0,0.0,0.0,0.0,0.0,0.0,0.0,0.0,0.0,0.0,1.0,0.6931471805599453,1.0,0.6931471805599453,1.0,0.6931471805599453,0.0,0.0,0.0,0.0,0.0,0.0,0.0,0.0,0.0,0.0,1.0,0.6931471805599453,0.0,0.0,0.0,0.0,0.0,0.0,0.0,0.0,0.0,0.0,0.6931471805599453
532,532,532,RUF,532,2025-11,2025-11-01,2025,11,70.0,Guinea; Liberia; Sierra Leone,ucdp_actor_metadata_fallback,3,1.3862943611198906,False,True,0.0,0.0,0.0,0.0,0.0,0.0,0.0,0.0,0.0,0.0,0.0,0.0,0.0,0.0,0.0,0.0,0.0,0.0,0.0,0.0,0.0,0.0,0.0,0.0,0.0,0.0,0.0,0.0,0.0,0.0,0.0,0.0,0.0,0.0,0.0,0.0,0.0,0.0,0.0,0.0,0.0,0.0,0.0,0.0,0.0,0.0,0.0,0.0,0.0,0.0,0.0,0.0,0.0,0.0,0.0,0.0,0.0
532,532,532,RUF,532,2025-12,2025-12-01,2025,12,71.0,Guinea; Liberia; Sierra Leone,ucdp_actor_metadata_fallback,3,1.3862943611198906,False,False,0.0,,0.0,,0.0,0.0,0.0,0.0,0.0,0.0,0.0,0.0,0.0,0.0,0.0,0.0,0.0,0.0,0.0,0.0,0.0,0.0,0.0,0.0,0.0,0.0,0.0,0.0,0.0,0.0,0.0,0.0,0.0,0.0,0.0,0.0,0.0,0.0,0.0,0.0,0.0,0.0,0.0,0.0,0.0,0.0,0.0,0.0,0.0,0.0,0.0,0.0,0.0,0.0,0.0,0.0,0.0
498,498,498,Renamo,498,2020-01,2020-01-01,2020,1,0.0,Mozambique; Zambia; Zimbabwe (Rhodesia),ucdp_actor_metadata_fallback,3,1.3862943611198906,False,True,42.0,50.0,3.7612001156935624,3.9318256327243257,1.0,1.0,1.0,1.0,1.0,1.0,0.0,1.0,0.0,0.0,0.0,0.0,0.0,0.0,0.0,0.0,0.0,1.0,0.0,0.0,1.0,0.6931471805599453,1.0,0.6931471805599453,0.0,0.0,1.0,0.6931471805599453,0.0,0.0,0.0,0.0,0.0,0.0,0.0,0.0,0.0,0.0,0.0,0.0,0.0,0.0,0.0,0.0,0.0,0.0,1.0,0.6931471805599453,0.0,0.0,0.0,0.0,0.6931471805599453
498,498,498,Renamo,498,2020-02,2020-02-01,2020,2,1.0,Mozambique; Zambia; Zimbabwe (Rhodesia),ucdp_actor_metadata_fallback,3,1.3862943611198906,False,True,50.0,109.0,3.9318256327243257,4.700480365792417,4.0,4.0,4.0,1.0,0.0,3.0,1.0,1.0,0.0,0.0,0.0,0.0,0.0,0.0,1.0,0.0,0.0,3.0,0.0,0.0,0.0,0.0,0.75,1.3862943611198906,0.25,0.6931471805599453,0.25,0.6931471805599453,0.0,0.0,0.0,0.0,0.0,0.0,0.0,0.0,0.0,0.0,0.0,0.0,0.25,0.6931471805599453,0.0,0.0,0.0,0.0,0.75,1.3862943611198906,0.0,0.0,0.0,0.0,1.6094379124341003
498,498,498,Renamo,498,2020-03,2020-03-01,2020,3,2.0,Mozambique; Zambia; Zimbabwe (Rhodesia),ucdp_actor_metadata_fallback,3,1.3862943611198906,False,True,109.0,174.0,4.700480365792417,5.1647859739235145,2.0,2.0,2.0,1.0,1.0,2.0,1.0,2.0,1.0,0.0,1.0,0.0,0.0,0.0,0.0,0.0,0.0,1.0,0.0,0.0,0.5,0.6931471805599453,1.0,1.0986122886681098,0.5,0.6931471805599453,1.0,1.0986122886681098,0.5,0.6931471805599453,0.0,0.0,0.5,0.6931471805599453,0.0,0.0,0.0,0.0,0.0,0.0,0.0,0.0,0.0,0.0,0.0,0.0,0.5,0.6931471805599453,0.0,0.0,0.0,0.0,1.0986122886681098
498,498,498,Renamo,498,2020-04,2020-04-01,2020,4,3.0,Mozambique; Zambia; Zimbabwe (Rhodesia),ucdp_actor_metadata_fallback,3,1.3862943611198906,False,True,174.0,120.0,5.1647859739235145,4.795790545596741,7.0,7.0,7.0,1.0,5.0,6.0,6.0,6.0,4.0,0.0,1.0,4.0,0.0,0.0,1.0,0.0,0.0,1.0,0.0,0.0,0.7142857142857143,1.791759469228055,0.8571428571428571,1.9459101490553132,0.8571428571428571,1.9459101490553132,0.8571428571428571,1.9459101490553132,0.5714285714285714,1.6094379124341003,0.0,0.0,0.14285714285714285,0.6931471805599453,0.5714285714285714,1.6094379124341003,0.0,0.0,0.0,0.0,0.14285714285714285,0.6931471805599453,0.0,0.0,0.0,0.0,0.14285714285714285,0.6931471805599453,0.0,0.0,0.0,0.0,2.0794415416798357
498,498,498,Renamo,498,2020-05,2020-05-01,2020,5,4.0,Mozambique; Zambia; Zimbabwe (Rhodesia),ucdp_actor_metadata_fallback,3,1.3862943611198906,False,True,120.0,244.0,4.795790545596741,5.501258210544727,4.0,4.0,4.0,1.0,1.0,3.0,1.0,2.0,1.0,0.0,0.0,0.0,0.0,0.0,1.0,0.0,0.0,3.0,0.0,0.0,0.25,0.6931471805599453,0.75,1.3862943611198906,0.25,0.6931471805599453,0.5,1.0986122886681098,0.25,0.6931471805599453,0.0,0.0,0.0,0.0,0.0,0.0,0.0,0.0,0.0,0.0,0.25,0.6931471805599453,0.0,0.0,0.0,0.0,0.75,1.3862943611198906,0.0,0.0,0.0,0.0,1.6094379124341003
498,498,498,Renamo,498,2020-06,2020-06-01,2020,6,5.0,Mozambique; Zambia; Zimbabwe (Rhodesia),ucdp_actor_metadata_fallback,3,1.3862943611198906,False,True,244.0,107.0,5.501258210544727,4.68213122712422,4.0,4.0,4.0,1.0,4.0,4.0,3.0,4.0,3.0,0.0,2.0,0.0,0.0,0.0,0.0,0.0,1.0,1.0,0.0,0.0,1.0,1.6094379124341003,1.0,1.6094379124341003,0.75,1.3862943611198906,1.0,1.6094379124341003,0.75,1.3862943611198906,0.0,0.0,0.5,1.0986122886681098,0.0,0.0,0.0,0.0,0.0,0.0,0.0,0.0,0.0,0.0,0.25,0.6931471805599453,0.25,0.6931471805599453,0.0,0.0,0.0,0.0,1.6094379124341003
498,498,498,Renamo,498,2020-07,2020-07-01,2020,7,6.0,Mozambique; Zambia; Zimbabwe (Rhodesia),ucdp_actor_metadata_fallback,3,1.3862943611198906,False,True,107.0,268.0,4.68213122712422,5.594711379601839,1.0,1.0,1.0,1.0,0.0,1.0,0.0,1.0,0.0,0.0,0.0,0.0,1.0,0.0,0.0,0.0,0.0,0.0,0.0,0.0,0.0,0.0,1.0,0.6931471805599453,0.0,0.0,1.0,0.6931471805599453,0.0,0.0,0.0,0.0,0.0,0.0,0.0,0.0,1.0,0.6931471805599453,0.0,0.0,0.0,0.0,0.0,0.0,0.0,0.0,0.0,0.0,0.0,0.0,0.0,0.0,0.6931471805599453
498,498,498,Renamo,498,2020-08,2020-08-01,2020,8,7.0,Mozambique; Zambia; Zimbabwe (Rhodesia),ucdp_actor_metadata_fallback,3,1.3862943611198906,False,True,268.0,128.0,5.594711379601839,4.859812404361672,2.0,2.0,2.0,1.0,2.0,2.0,2.0,2.0,0.0,0.0,0.0,0.0,0.0,0.0,0.0,0.0,0.0,2.0,0.0,0.0,1.0,1.0986122886681098,1.0,1.0986122886681098,1.0,1.0986122886681098,1.0,1.0986122886681098,0.0,0.0,0.0,0.0,0.0,0.0,0.0,0.0,0.0,0.0,0.0,0.0,0.0,0.0,0.0,0.0,0.0,0.0,1.0,1.0986122886681098,0.0,0.0,0.0,0.0,1.0986122886681098
498,498,498,Renamo,498,2020-09,2020-09-01,2020,9,8.0,Mozambique; Zambia; Zimbabwe (Rhodesia),ucdp_actor_metadata_fallback,3,1.3862943611198906,False,True,128.0,125.0,4.859812404361672,4.836281906951478,6.0,6.0,6.0,1.0,3.0,6.0,1.0,3.0,0.0,0.0,0.0,0.0,0.0,0.0,0.0,0.0,0.0,6.0,0.0,0.0,0.5,1.3862943611198906,1.0,1.9459101490553132,0.16666666666666666,0.6931471805599453,0.5,1.3862943611198906,0.0,0.0,0.0,0.0,0.0,0.0,0.0,0.0,0.0,0.0,0.0,0.0,0.0,0.0,0.0,0.0,0.0,0.0,1.0,1.9459101490553132,0.0,0.0,0.0,0.0,1.9459101490553132
498,498,498,Renamo,498,2020-10,2020-10-01,2020,10,9.0,Mozambique; Zambia; Zimbabwe (Rhodesia),ucdp_actor_metadata_fallback,3,1.3862943611198906,False,True,125.0,154.0,4.836281906951478,5.043425116919247,1.0,1.0,1.0,1.0,0.0,1.0,1.0,1.0,0.0,0.0,0.0,0.0,0.0,0.0,0.0,0.0,0.0,1.0,0.0,0.0,0.0,0.0,1.0,0.6931471805599453,1.0,0.6931471805599453,1.0,0.6931471805599453,0.0,0.0,0.0,0.0,0.0,0.0,0.0,0.0,0.0,0.0,0.0,0.0,0.0,0.0,0.0,0.0,0.0,0.0,1.0,0.6931471805599453,0.0,0.0,0.0,0.0,0.6931471805599453
498,498,498,Renamo,498,2020-11,2020-11-01,2020,11,10.0,Mozambique; Zambia; Zimbabwe (Rhodesia),ucdp_actor_metadata_fallback,3,1.3862943611198906,False,True,154.0,108.0,5.043425116919247,4.6913478822291435,2.0,2.0,2.0,1.0,2.0,2.0,1.0,2.0,0.0,0.0,0.0,0.0,0.0,0.0,0.0,0.0,0.0,2.0,0.0,0.0,1.0,1.0986122886681098,1.0,1.0986122886681098,0.5,0.6931471805599453,1.0,1.0986122886681098,0.0,0.0,0.0,0.0,0.0,0.0,0.0,0.0,0.0,0.0,0.0,0.0,0.0,0.0,0.0,0.0,0.0,0.0,1.0,1.0986122886681098,0.0,0.0,0.0,0.0,1.0986122886681098
498,498,498,Renamo,498,2020-12,2020-12-01,2020,12,11.0,Mozambique; Zambia; Zimbabwe (Rhodesia),ucdp_actor_metadata_fallback,3,1.3862943611198906,False,True,108.0,84.0,4.6913478822291435,4.442651256490317,7.0,7.0,7.0,1.0,3.0,6.0,3.0,3.0,0.0,0.0,1.0,0.0,0.0,0.0,1.0,0.0,2.0,3.0,0.0,0.0,0.42857142857142855,1.3862943611198906,0.8571428571428571,1.9459101490553132,0.42857142857142855,1.3862943611198906,0.42857142857142855,1.3862943611198906,0.0,0.0,0.0,0.0,0.14285714285714285,0.6931471805599453,0.0,0.0,0.0,0.0,0.0,0.0,0.14285714285714285,0.6931471805599453,0.0,0.0,0.2857142857142857,1.0986122886681098,0.42857142857142855,1.3862943611198906,0.0,0.0,0.0,0.0,2.0794415416798357
498,498,498,Renamo,498,2021-01,2021-01-01,2021,1,12.0,Mozambique; Zambia; Zimbabwe (Rhodesia),ucdp_actor_metadata_fallback,3,1.3862943611198906,False,True,84.0,36.0,4.442651256490317,3.6109179126442243,1.0,1.0,1.0,1.0,1.0,1.0,1.0,1.0,0.0,0.0,1.0,0.0,0.0,0.0,0.0,0.0,0.0,0.0,0.0,0.0,1.0,0.6931471805599453,1.0,0.6931471805599453,1.0,0.6931471805599453,1.0,0.6931471805599453,0.0,0.0,0.0,0.0,1.0,0.6931471805599453,0.0,0.0,0.0,0.0,0.0,0.0,0.0,0.0,0.0,0.0,0.0,0.0,0.0,0.0,0.0,0.0,0.0,0.0,0.6931471805599453
498,498,498,Renamo,498,2021-02,2021-02-01,2021,2,13.0,Mozambique; Zambia; Zimbabwe (Rhodesia),ucdp_actor_metadata_fallback,3,1.3862943611198906,False,True,36.0,1082.0,3.6109179126442243,6.9874902470009905,1.0,1.0,1.0,1.0,0.0,1.0,1.0,0.0,0.0,0.0,0.0,0.0,0.0,0.0,0.0,0.0,0.0,1.0,0.0,0.0,0.0,0.0,1.0,0.6931471805599453,1.0,0.6931471805599453,0.0,0.0,0.0,0.0,0.0,0.0,0.0,0.0,0.0,0.0,0.0,0.0,0.0,0.0,0.0,0.0,0.0,0.0,0.0,0.0,1.0,0.6931471805599453,0.0,0.0,0.0,0.0,0.6931471805599453
498,498,498,Renamo,498,2021-03,2021-03-01,2021,3,14.0,Mozambique; Zambia; Zimbabwe (Rhodesia),ucdp_actor_metadata_fallback,3,1.3862943611198906,False,True,1082.0,42.0,6.9874902470009905,3.7612001156935624,4.0,4.0,4.0,1.0,1.0,4.0,2.0,3.0,0.0,0.0,0.0,0.0,0.0,0.0,0.0,0.0,0.0,4.0,0.0,0.0,0.25,0.6931471805599453,1.0,1.6094379124341003,0.5,1.0986122886681098,0.75,1.3862943611198906,0.0,0.0,0.0,0.0,0.0,0.0,0.0,0.0,0.0,0.0,0.0,0.0,0.0,0.0,0.0,0.0,0.0,0.0,1.0,1.6094379124341003,0.0,0.0,0.0,0.0,1.6094379124341003
498,498,498,Renamo,498,2021-04,2021-04-01,2021,4,15.0,Mozambique; Zambia; Zimbabwe (Rhodesia),ucdp_actor_metadata_fallback,3,1.3862943611198906,False,True,42.0,47.0,3.7612001156935624,3.871201010907891,5.0,5.0,5.0,1.0,2.0,4.0,0.0,5.0,2.0,0.0,0.0,0.0,0.0,0.0,1.0,0.0,1.0,3.0,0.0,0.0,0.4,1.0986122886681098,0.8,1.6094379124341003,0.0,0.0,1.0,1.791759469228055,0.4,1.0986122886681098,0.0,0.0,0.0,0.0,0.0,0.0,0.0,0.0,0.0,0.0,0.2,0.6931471805599453,0.0,0.0,0.2,0.6931471805599453,0.6,1.3862943611198906,0.0,0.0,0.0,0.0,1.791759469228055
498,498,498,Renamo,498,2021-05,2021-05-01,2021,5,16.0,Mozambique; Zambia; Zimbabwe (Rhodesia),ucdp_actor_metadata_fallback,3,1.3862943611198906,False,True,47.0,57.0,3.871201010907891,4.060443010546419,2.0,2.0,2.0,1.0,1.0,2.0,2.0,1.0,1.0,0.0,0.0,0.0,0.0,0.0,0.0,0.0,0.0,2.0,0.0,0.0,0.5,0.6931471805599453,1.0,1.0986122886681098,1.0,1.0986122886681098,0.5,0.6931471805599453,0.5,0.6931471805599453,0.0,0.0,0.0,0.0,0.0,0.0,0.0,0.0,0.0,0.0,0.0,0.0,0.0,0.0,0.0,0.0,1.0,1.0986122886681098,0.0,0.0,0.0,0.0,1.0986122886681098
498,498,498,Renamo,498,2021-06,2021-06-01,2021,6,17.0,Mozambique; Zambia; Zimbabwe (Rhodesia),ucdp_actor_metadata_fallback,3,1.3862943611198906,False,True,57.0,208.0,4.060443010546419,5.342334251964811,2.0,2.0,2.0,1.0,1.0,2.0,0.0,0.0,0.0,0.0,0.0,0.0,0.0,0.0,0.0,0.0,2.0,0.0,0.0,0.0,0.5,0.6931471805599453,1.0,1.0986122886681098,0.0,0.0,0.0,0.0,0.0,0.0,0.0,0.0,0.0,0.0,0.0,0.0,0.0,0.0,0.0,0.0,0.0,0.0,0.0,0.0,1.0,1.0986122886681098,0.0,0.0,0.0,0.0,0.0,0.0,1.0986122886681098
498,498,498,Renamo,498,2021-07,2021-07-01,2021,7,18.0,Mozambique; Zambia; Zimbabwe (Rhodesia),ucdp_actor_metadata_fallback,3,1.3862943611198906,False,True,208.0,72.0,5.342334251964811,4.290459441148391,0.0,0.0,0.0,0.0,0.0,0.0,0.0,0.0,0.0,0.0,0.0,0.0,0.0,0.0,0.0,0.0,0.0,0.0,0.0,0.0,0.0,0.0,0.0,0.0,0.0,0.0,0.0,0.0,0.0,0.0,0.0,0.0,0.0,0.0,0.0,0.0,0.0,0.0,0.0,0.0,0.0,0.0,0.0,0.0,0.0,0.0,0.0,0.0,0.0,0.0,0.0,0.0,0.0
498,498,498,Renamo,498,2021-08,2021-08-01,2021,8,19.0,Mozambique; Zambia; Zimbabwe (Rhodesia),ucdp_actor_metadata_fallback,3,1.3862943611198906,False,True,72.0,83.0,4.290459441148391,4.430816798843313,0.0,0.0,0.0,0.0,0.0,0.0,0.0,0.0,0.0,0.0,0.0,0.0,0.0,0.0,0.0,0.0,0.0,0.0,0.0,0.0,0.0,0.0,0.0,0.0,0.0,0.0,0.0,0.0,0.0,0.0,0.0,0.0,0.0,0.0,0.0,0.0,0.0,0.0,0.0,0.0,0.0,0.0,0.0,0.0,0.0,0.0,0.0,0.0,0.0,0.0,0.0,0.0,0.0
498,498,498,Renamo,498,2021-09,2021-09-01,2021,9,20.0,Mozambique; Zambia; Zimbabwe (Rhodesia),ucdp_actor_metadata_fallback,3,1.3862943611198906,False,True,83.0,70.0,4.430816798843313,4.2626798770413155,0.0,0.0,0.0,0.0,0.0,0.0,0.0,0.0,0.0,0.0,0.0,0.0,0.0,0.0,0.0,0.0,0.0,0.0,0.0,0.0,0.0,0.0,0.0,0.0,0.0,0.0,0.0,0.0,0.0,0.0,0.0,0.0,0.0,0.0,0.0,0.0,0.0,0.0,0.0,0.0,0.0,0.0,0.0,0.0,0.0,0.0,0.0,0.0,0.0,0.0,0.0,0.0,0.0
498,498,498,Renamo,498,2021-10,2021-10-01,2021,10,21.0,Mozambique; Zambia; Zimbabwe (Rhodesia),ucdp_actor_metadata_fallback,3,1.3862943611198906,False,True,70.0,79.0,4.2626798770413155,4.382026634673881,6.0,6.0,6.0,1.0,5.0,6.0,5.0,5.0,1.0,0.0,4.0,0.0,0.0,0.0,0.0,0.0,0.0,2.0,0.0,0.0,0.8333333333333334,1.791759469228055,1.0,1.9459101490553132,0.8333333333333334,1.791759469228055,0.8333333333333334,1.791759469228055,0.16666666666666666,0.6931471805599453,0.0,0.0,0.6666666666666666,1.6094379124341003,0.0,0.0,0.0,0.0,0.0,0.0,0.0,0.0,0.0,0.0,0.0,0.0,0.3333333333333333,1.0986122886681098,0.0,0.0,0.0,0.0,1.9459101490553132
498,498,498,Renamo,498,2021-11,2021-11-01,2021,11,22.0,Mozambique; Zambia; Zimbabwe (Rhodesia),ucdp_actor_metadata_fallback,3,1.3862943611198906,False,True,79.0,58.0,4.382026634673881,4.07753744390572,1.0,1.0,1.0,1.0,1.0,1.0,0.0,1.0,1.0,0.0,1.0,0.0,0.0,0.0,0.0,0.0,0.0,0.0,0.0,0.0,1.0,0.6931471805599453,1.0,0.6931471805599453,0.0,0.0,1.0,0.6931471805599453,1.0,0.6931471805599453,0.0,0.0,1.0,0.6931471805599453,0.0,0.0,0.0,0.0,0.0,0.0,0.0,0.0,0.0,0.0,0.0,0.0,0.0,0.0,0.0,0.0,0.0,0.0,0.6931471805599453
498,498,498,Renamo,498,2021-12,2021-12-01,2021,12,23.0,Mozambique; Zambia; Zimbabwe (Rhodesia),ucdp_actor_metadata_fallback,3,1.3862943611198906,False,True,58.0,66.0,4.07753744390572,4.204692619390966,0.0,0.0,0.0,0.0,0.0,0.0,0.0,0.0,0.0,0.0,0.0,0.0,0.0,0.0,0.0,0.0,0.0,0.0,0.0,0.0,0.0,0.0,0.0,0.0,0.0,0.0,0.0,0.0,0.0,0.0,0.0,0.0,0.0,0.0,0.0,0.0,0.0,0.0,0.0,0.0,0.0,0.0,0.0,0.0,0.0,0.0,0.0,0.0,0.0,0.0,0.0,0.0,0.0
498,498,498,Renamo,498,2022-01,2022-01-01,2022,1,24.0,Mozambique; Zambia; Zimbabwe (Rhodesia),ucdp_actor_metadata_fallback,3,1.3862943611198906,False,True,66.0,64.0,4.204692619390966,4.174387269895637,0.0,0.0,0.0,0.0,0.0,0.0,0.0,0.0,0.0,0.0,0.0,0.0,0.0,0.0,0.0,0.0,0.0,0.0,0.0,0.0,0.0,0.0,0.0,0.0,0.0,0.0,0.0,0.0,0.0,0.0,0.0,0.0,0.0,0.0,0.0,0.0,0.0,0.0,0.0,0.0,0.0,0.0,0.0,0.0,0.0,0.0,0.0,0.0,0.0,0.0,0.0,0.0,0.0
498,498,498,Renamo,498,2022-02,2022-02-01,2022,2,25.0,Mozambique; Zambia; Zimbabwe (Rhodesia),ucdp_actor_metadata_fallback,3,1.3862943611198906,False,True,64.0,87.0,4.174387269895637,4.477336814478207,0.0,0.0,0.0,0.0,0.0,0.0,0.0,0.0,0.0,0.0,0.0,0.0,0.0,0.0,0.0,0.0,0.0,0.0,0.0,0.0,0.0,0.0,0.0,0.0,0.0,0.0,0.0,0.0,0.0,0.0,0.0,0.0,0.0,0.0,0.0,0.0,0.0,0.0,0.0,0.0,0.0,0.0,0.0,0.0,0.0,0.0,0.0,0.0,0.0,0.0,0.0,0.0,0.0
498,498,498,Renamo,498,2022-03,2022-03-01,2022,3,26.0,Mozambique; Zambia; Zimbabwe (Rhodesia),ucdp_actor_metadata_fallback,3,1.3862943611198906,False,True,87.0,26.0,4.477336814478207,3.295836866004329,1.0,1.0,1.0,1.0,0.0,0.0,0.0,0.0,0.0,0.0,0.0,0.0,0.0,0.0,1.0,0.0,0.0,0.0,0.0,0.0,0.0,0.0,0.0,0.0,0.0,0.0,0.0,0.0,0.0,0.0,0.0,0.0,0.0,0.0,0.0,0.0,0.0,0.0,0.0,0.0,1.0,0.6931471805599453,0.0,0.0,0.0,0.0,0.0,0.0,0.0,0.0,0.0,0.0,0.6931471805599453
498,498,498,Renamo,498,2022-04,2022-04-01,2022,4,27.0,Mozambique; Zambia; Zimbabwe (Rhodesia),ucdp_actor_metadata_fallback,3,1.3862943611198906,False,True,26.0,32.0,3.295836866004329,3.4965075614664802,1.0,1.0,1.0,1.0,1.0,1.0,1.0,1.0,0.0,0.0,0.0,0.0,0.0,0.0,0.0,0.0,0.0,1.0,0.0,0.0,1.0,0.6931471805599453,1.0,0.6931471805599453,1.0,0.6931471805599453,1.0,0.6931471805599453,0.0,0.0,0.0,0.0,0.0,0.0,0.0,0.0,0.0,0.0,0.0,0.0,0.0,0.0,0.0,0.0,0.0,0.0,1.0,0.6931471805599453,0.0,0.0,0.0,0.0,0.6931471805599453
498,498,498,Renamo,498,2022-05,2022-05-01,2022,5,28.0,Mozambique; Zambia; Zimbabwe (Rhodesia),ucdp_actor_metadata_fallback,3,1.3862943611198906,False,True,32.0,70.0,3.4965075614664802,4.2626798770413155,1.0,1.0,1.0,1.0,1.0,1.0,0.0,1.0,0.0,0.0,0.0,0.0,0.0,0.0,0.0,0.0,0.0,1.0,0.0,0.0,1.0,0.6931471805599453,1.0,0.6931471805599453,0.0,0.0,1.0,0.6931471805599453,0.0,0.0,0.0,0.0,0.0,0.0,0.0,0.0,0.0,0.0,0.0,0.0,0.0,0.0,0.0,0.0,0.0,0.0,1.0,0.6931471805599453,0.0,0.0,0.0,0.0,0.6931471805599453
498,498,498,Renamo,498,2022-06,2022-06-01,2022,6,29.0,Mozambique; Zambia; Zimbabwe (Rhodesia),ucdp_actor_metadata_fallback,3,1.3862943611198906,False,True,70.0,43.0,4.2626798770413155,3.784189633918261,0.0,0.0,0.0,0.0,0.0,0.0,0.0,0.0,0.0,0.0,0.0,0.0,0.0,0.0,0.0,0.0,0.0,0.0,0.0,0.0,0.0,0.0,0.0,0.0,0.0,0.0,0.0,0.0,0.0,0.0,0.0,0.0,0.0,0.0,0.0,0.0,0.0,0.0,0.0,0.0,0.0,0.0,0.0,0.0,0.0,0.0,0.0,0.0,0.0,0.0,0.0,0.0,0.0
498,498,498,Renamo,498,2022-07,2022-07-01,2022,7,30.0,Mozambique; Zambia; Zimbabwe (Rhodesia),ucdp_actor_metadata_fallback,3,1.3862943611198906,False,True,43.0,49.0,3.784189633918261,3.912023005428146,0.0,0.0,0.0,0.0,0.0,0.0,0.0,0.0,0.0,0.0,0.0,0.0,0.0,0.0,0.0,0.0,0.0,0.0,0.0,0.0,0.0,0.0,0.0,0.0,0.0,0.0,0.0,0.0,0.0,0.0,0.0,0.0,0.0,0.0,0.0,0.0,0.0,0.0,0.0,0.0,0.0,0.0,0.0,0.0,0.0,0.0,0.0,0.0,0.0,0.0,0.0,0.0,0.0
498,498,498,Renamo,498,2022-08,2022-08-01,2022,8,31.0,Mozambique; Zambia; Zimbabwe (Rhodesia),ucdp_actor_metadata_fallback,3,1.3862943611198906,False,True,49.0,106.0,3.912023005428146,4.672828834461906,0.0,0.0,0.0,0.0,0.0,0.0,0.0,0.0,0.0,0.0,0.0,0.0,0.0,0.0,0.0,0.0,0.0,0.0,0.0,0.0,0.0,0.0,0.0,0.0,0.0,0.0,0.0,0.0,0.0,0.0,0.0,0.0,0.0,0.0,0.0,0.0,0.0,0.0,0.0,0.0,0.0,0.0,0.0,0.0,0.0,0.0,0.0,0.0,0.0,0.0,0.0,0.0,0.0
498,498,498,Renamo,498,2022-09,2022-09-01,2022,9,32.0,Mozambique; Zambia; Zimbabwe (Rhodesia),ucdp_actor_metadata_fallback,3,1.3862943611198906,False,True,106.0,67.0,4.672828834461906,4.219507705176107,0.0,0.0,0.0,0.0,0.0,0.0,0.0,0.0,0.0,0.0,0.0,0.0,0.0,0.0,0.0,0.0,0.0,0.0,0.0,0.0,0.0,0.0,0.0,0.0,0.0,0.0,0.0,0.0,0.0,0.0,0.0,0.0,0.0,0.0,0.0,0.0,0.0,0.0,0.0,0.0,0.0,0.0,0.0,0.0,0.0,0.0,0.0,0.0,0.0,0.0,0.0,0.0,0.0
498,498,498,Renamo,498,2022-10,2022-10-01,2022,10,33.0,Mozambique; Zambia; Zimbabwe (Rhodesia),ucdp_actor_metadata_fallback,3,1.3862943611198906,False,True,67.0,83.0,4.219507705176107,4.430816798843313,0.0,0.0,0.0,0.0,0.0,0.0,0.0,0.0,0.0,0.0,0.0,0.0,0.0,0.0,0.0,0.0,0.0,0.0,0.0,0.0,0.0,0.0,0.0,0.0,0.0,0.0,0.0,0.0,0.0,0.0,0.0,0.0,0.0,0.0,0.0,0.0,0.0,0.0,0.0,0.0,0.0,0.0,0.0,0.0,0.0,0.0,0.0,0.0,0.0,0.0,0.0,0.0,0.0
498,498,498,Renamo,498,2022-11,2022-11-01,2022,11,34.0,Mozambique,ged_rolling_24m,1,0.6931471805599453,False,True,83.0,35.0,4.430816798843313,3.58351893845611,0.0,0.0,0.0,0.0,0.0,0.0,0.0,0.0,0.0,0.0,0.0,0.0,0.0,0.0,0.0,0.0,0.0,0.0,0.0,0.0,0.0,0.0,0.0,0.0,0.0,0.0,0.0,0.0,0.0,0.0,0.0,0.0,0.0,0.0,0.0,0.0,0.0,0.0,0.0,0.0,0.0,0.0,0.0,0.0,0.0,0.0,0.0,0.0,0.0,0.0,0.0,0.0,0.0
498,498,498,Renamo,498,2022-12,2022-12-01,2022,12,35.0,Mozambique,ged_rolling_24m,1,0.6931471805599453,False,True,35.0,71.0,3.58351893845611,4.276666119016055,0.0,0.0,0.0,0.0,0.0,0.0,0.0,0.0,0.0,0.0,0.0,0.0,0.0,0.0,0.0,0.0,0.0,0.0,0.0,0.0,0.0,0.0,0.0,0.0,0.0,0.0,0.0,0.0,0.0,0.0,0.0,0.0,0.0,0.0,0.0,0.0,0.0,0.0,0.0,0.0,0.0,0.0,0.0,0.0,0.0,0.0,0.0,0.0,0.0,0.0,0.0,0.0,0.0
498,498,498,Renamo,498,2023-01,2023-01-01,2023,1,36.0,Mozambique,ged_rolling_24m,1,0.6931471805599453,False,True,71.0,29.0,4.276666119016055,3.4011973816621555,0.0,0.0,0.0,0.0,0.0,0.0,0.0,0.0,0.0,0.0,0.0,0.0,0.0,0.0,0.0,0.0,0.0,0.0,0.0,0.0,0.0,0.0,0.0,0.0,0.0,0.0,0.0,0.0,0.0,0.0,0.0,0.0,0.0,0.0,0.0,0.0,0.0,0.0,0.0,0.0,0.0,0.0,0.0,0.0,0.0,0.0,0.0,0.0,0.0,0.0,0.0,0.0,0.0
498,498,498,Renamo,498,2023-02,2023-02-01,2023,2,37.0,Mozambique,ged_rolling_24m,1,0.6931471805599453,False,True,29.0,13.0,3.4011973816621555,2.6390573296152584,2.0,2.0,2.0,1.0,1.0,2.0,2.0,2.0,1.0,0.0,0.0,1.0,0.0,0.0,0.0,0.0,0.0,1.0,0.0,0.0,0.5,0.6931471805599453,1.0,1.0986122886681098,1.0,1.0986122886681098,1.0,1.0986122886681098,0.5,0.6931471805599453,0.0,0.0,0.0,0.0,0.5,0.6931471805599453,0.0,0.0,0.0,0.0,0.0,0.0,0.0,0.0,0.0,0.0,0.5,0.6931471805599453,0.0,0.0,0.0,0.0,1.0986122886681098
498,498,498,Renamo,498,2023-03,2023-03-01,2023,3,38.0,Mozambique,ged_rolling_24m,1,0.6931471805599453,False,True,13.0,16.0,2.6390573296152584,2.833213344056216,0.0,0.0,0.0,0.0,0.0,0.0,0.0,0.0,0.0,0.0,0.0,0.0,0.0,0.0,0.0,0.0,0.0,0.0,0.0,0.0,0.0,0.0,0.0,0.0,0.0,0.0,0.0,0.0,0.0,0.0,0.0,0.0,0.0,0.0,0.0,0.0,0.0,0.0,0.0,0.0,0.0,0.0,0.0,0.0,0.0,0.0,0.0,0.0,0.0,0.0,0.0,0.0,0.0
498,498,498,Renamo,498,2023-04,2023-04-01,2023,4,39.0,Mozambique,ged_rolling_24m,1,0.6931471805599453,False,True,16.0,23.0,2.833213344056216,3.1780538303479458,0.0,0.0,0.0,0.0,0.0,0.0,0.0,0.0,0.0,0.0,0.0,0.0,0.0,0.0,0.0,0.0,0.0,0.0,0.0,0.0,0.0,0.0,0.0,0.0,0.0,0.0,0.0,0.0,0.0,0.0,0.0,0.0,0.0,0.0,0.0,0.0,0.0,0.0,0.0,0.0,0.0,0.0,0.0,0.0,0.0,0.0,0.0,0.0,0.0,0.0,0.0,0.0,0.0
498,498,498,Renamo,498,2023-05,2023-05-01,2023,5,40.0,Mozambique,ged_rolling_24m,1,0.6931471805599453,False,True,23.0,18.0,3.1780538303479458,2.9444389791664403,3.0,3.0,3.0,1.0,0.0,3.0,0.0,0.0,0.0,0.0,0.0,0.0,0.0,0.0,0.0,0.0,0.0,3.0,0.0,0.0,0.0,0.0,1.0,1.3862943611198906,0.0,0.0,0.0,0.0,0.0,0.0,0.0,0.0,0.0,0.0,0.0,0.0,0.0,0.0,0.0,0.0,0.0,0.0,0.0,0.0,0.0,0.0,1.0,1.3862943611198906,0.0,0.0,0.0,0.0,1.3862943611198906
498,498,498,Renamo,498,2023-06,2023-06-01,2023,6,41.0,Mozambique,ged_rolling_24m,1,0.6931471805599453,False,True,18.0,21.0,2.9444389791664403,3.091042453358316,1.0,1.0,1.0,1.0,1.0,1.0,0.0,1.0,1.0,0.0,0.0,0.0,0.0,0.0,0.0,0.0,0.0,1.0,0.0,0.0,1.0,0.6931471805599453,1.0,0.6931471805599453,0.0,0.0,1.0,0.6931471805599453,1.0,0.6931471805599453,0.0,0.0,0.0,0.0,0.0,0.0,0.0,0.0,0.0,0.0,0.0,0.0,0.0,0.0,0.0,0.0,1.0,0.6931471805599453,0.0,0.0,0.0,0.0,0.6931471805599453
498,498,498,Renamo,498,2023-07,2023-07-01,2023,7,42.0,Mozambique,ged_rolling_24m,1,0.6931471805599453,False,True,21.0,26.0,3.091042453358316,3.295836866004329,0.0,0.0,0.0,0.0,0.0,0.0,0.0,0.0,0.0,0.0,0.0,0.0,0.0,0.0,0.0,0.0,0.0,0.0,0.0,0.0,0.0,0.0,0.0,0.0,0.0,0.0,0.0,0.0,0.0,0.0,0.0,0.0,0.0,0.0,0.0,0.0,0.0,0.0,0.0,0.0,0.0,0.0,0.0,0.0,0.0,0.0,0.0,0.0,0.0,0.0,0.0,0.0,0.0
498,498,498,Renamo,498,2023-08,2023-08-01,2023,8,43.0,Mozambique,ged_rolling_24m,1,0.6931471805599453,False,True,26.0,15.0,3.295836866004329,2.772588722239781,1.0,1.0,1.0,1.0,1.0,1.0,0.0,1.0,1.0,0.0,0.0,0.0,0.0,0.0,0.0,0.0,0.0,1.0,0.0,0.0,1.0,0.6931471805599453,1.0,0.6931471805599453,0.0,0.0,1.0,0.6931471805599453,1.0,0.6931471805599453,0.0,0.0,0.0,0.0,0.0,0.0,0.0,0.0,0.0,0.0,0.0,0.0,0.0,0.0,0.0,0.0,1.0,0.6931471805599453,0.0,0.0,0.0,0.0,0.6931471805599453
498,498,498,Renamo,498,2023-09,2023-09-01,2023,9,44.0,Mozambique,ged_rolling_24m,1,0.6931471805599453,False,True,15.0,5.0,2.772588722239781,1.791759469228055,1.0,1.0,1.0,1.0,1.0,1.0,0.0,1.0,0.0,0.0,0.0,0.0,0.0,0.0,0.0,0.0,0.0,1.0,0.0,0.0,1.0,0.6931471805599453,1.0,0.6931471805599453,0.0,0.0,1.0,0.6931471805599453,0.0,0.0,0.0,0.0,0.0,0.0,0.0,0.0,0.0,0.0,0.0,0.0,0.0,0.0,0.0,0.0,0.0,0.0,1.0,0.6931471805599453,0.0,0.0,0.0,0.0,0.6931471805599453
498,498,498,Renamo,498,2023-10,2023-10-01,2023,10,45.0,Mozambique,ged_rolling_24m,1,0.6931471805599453,False,True,5.0,13.0,1.791759469228055,2.6390573296152584,1.0,1.0,1.0,1.0,0.0,1.0,1.0,1.0,1.0,0.0,1.0,0.0,0.0,0.0,0.0,0.0,0.0,0.0,0.0,0.0,0.0,0.0,1.0,0.6931471805599453,1.0,0.6931471805599453,1.0,0.6931471805599453,1.0,0.6931471805599453,0.0,0.0,1.0,0.6931471805599453,0.0,0.0,0.0,0.0,0.0,0.0,0.0,0.0,0.0,0.0,0.0,0.0,0.0,0.0,0.0,0.0,0.0,0.0,0.6931471805599453
498,498,498,Renamo,498,2023-11,2023-11-01,2023,11,46.0,Mozambique,ged_rolling_24m,1,0.6931471805599453,False,True,13.0,23.0,2.6390573296152584,3.1780538303479458,0.0,0.0,0.0,0.0,0.0,0.0,0.0,0.0,0.0,0.0,0.0,0.0,0.0,0.0,0.0,0.0,0.0,0.0,0.0,0.0,0.0,0.0,0.0,0.0,0.0,0.0,0.0,0.0,0.0,0.0,0.0,0.0,0.0,0.0,0.0,0.0,0.0,0.0,0.0,0.0,0.0,0.0,0.0,0.0,0.0,0.0,0.0,0.0,0.0,0.0,0.0,0.0,0.0
498,498,498,Renamo,498,2023-12,2023-12-01,2023,12,47.0,Mozambique,ged_rolling_24m,1,0.6931471805599453,False,True,23.0,46.0,3.1780538303479458,3.8501476017100584,0.0,0.0,0.0,0.0,0.0,0.0,0.0,0.0,0.0,0.0,0.0,0.0,0.0,0.0,0.0,0.0,0.0,0.0,0.0,0.0,0.0,0.0,0.0,0.0,0.0,0.0,0.0,0.0,0.0,0.0,0.0,0.0,0.0,0.0,0.0,0.0,0.0,0.0,0.0,0.0,0.0,0.0,0.0,0.0,0.0,0.0,0.0,0.0,0.0,0.0,0.0,0.0,0.0
498,498,498,Renamo,498,2024-01,2024-01-01,2024,1,48.0,Mozambique,ged_rolling_24m,1,0.6931471805599453,False,True,46.0,52.0,3.8501476017100584,3.970291913552122,1.0,1.0,1.0,1.0,0.0,1.0,0.0,1.0,0.0,0.0,0.0,0.0,0.0,0.0,0.0,0.0,0.0,1.0,0.0,0.0,0.0,0.0,1.0,0.6931471805599453,0.0,0.0,1.0,0.6931471805599453,0.0,0.0,0.0,0.0,0.0,0.0,0.0,0.0,0.0,0.0,0.0,0.0,0.0,0.0,0.0,0.0,0.0,0.0,1.0,0.6931471805599453,0.0,0.0,0.0,0.0,0.6931471805599453
498,498,498,Renamo,498,2024-02,2024-02-01,2024,2,49.0,Mozambique,ged_rolling_24m,1,0.6931471805599453,False,True,52.0,27.0,3.970291913552122,3.332204510175204,1.0,1.0,1.0,1.0,1.0,1.0,1.0,1.0,0.0,0.0,0.0,0.0,0.0,0.0,0.0,0.0,0.0,1.0,0.0,0.0,1.0,0.6931471805599453,1.0,0.6931471805599453,1.0,0.6931471805599453,1.0,0.6931471805599453,0.0,0.0,0.0,0.0,0.0,0.0,0.0,0.0,0.0,0.0,0.0,0.0,0.0,0.0,0.0,0.0,0.0,0.0,1.0,0.6931471805599453,0.0,0.0,0.0,0.0,0.6931471805599453
498,498,498,Renamo,498,2024-03,2024-03-01,2024,3,50.0,Mozambique,ged_rolling_24m,1,0.6931471805599453,False,True,27.0,39.0,3.332204510175204,3.6888794541139363,0.0,0.0,0.0,0.0,0.0,0.0,0.0,0.0,0.0,0.0,0.0,0.0,0.0,0.0,0.0,0.0,0.0,0.0,0.0,0.0,0.0,0.0,0.0,0.0,0.0,0.0,0.0,0.0,0.0,0.0,0.0,0.0,0.0,0.0,0.0,0.0,0.0,0.0,0.0,0.0,0.0,0.0,0.0,0.0,0.0,0.0,0.0,0.0,0.0,0.0,0.0,0.0,0.0
498,498,498,Renamo,498,2024-04,2024-04-01,2024,4,51.0,Mozambique,ged_rolling_24m,1,0.6931471805599453,False,True,39.0,52.0,3.6888794541139363,3.970291913552122,0.0,0.0,0.0,0.0,0.0,0.0,0.0,0.0,0.0,0.0,0.0,0.0,0.0,0.0,0.0,0.0,0.0,0.0,0.0,0.0,0.0,0.0,0.0,0.0,0.0,0.0,0.0,0.0,0.0,0.0,0.0,0.0,0.0,0.0,0.0,0.0,0.0,0.0,0.0,0.0,0.0,0.0,0.0,0.0,0.0,0.0,0.0,0.0,0.0,0.0,0.0,0.0,0.0
498,498,498,Renamo,498,2024-05,2024-05-01,2024,5,52.0,Mozambique,ged_rolling_24m,1,0.6931471805599453,False,True,52.0,8.0,3.970291913552122,2.1972245773362196,1.0,1.0,1.0,1.0,0.0,1.0,1.0,1.0,1.0,0.0,0.0,1.0,0.0,0.0,0.0,0.0,0.0,0.0,0.0,0.0,0.0,0.0,1.0,0.6931471805599453,1.0,0.6931471805599453,1.0,0.6931471805599453,1.0,0.6931471805599453,0.0,0.0,0.0,0.0,1.0,0.6931471805599453,0.0,0.0,0.0,0.0,0.0,0.0,0.0,0.0,0.0,0.0,0.0,0.0,0.0,0.0,0.0,0.0,0.6931471805599453
498,498,498,Renamo,498,2024-06,2024-06-01,2024,6,53.0,Mozambique,ged_rolling_24m,1,0.6931471805599453,False,True,8.0,4.0,2.1972245773362196,1.6094379124341003,0.0,0.0,0.0,0.0,0.0,0.0,0.0,0.0,0.0,0.0,0.0,0.0,0.0,0.0,0.0,0.0,0.0,0.0,0.0,0.0,0.0,0.0,0.0,0.0,0.0,0.0,0.0,0.0,0.0,0.0,0.0,0.0,0.0,0.0,0.0,0.0,0.0,0.0,0.0,0.0,0.0,0.0,0.0,0.0,0.0,0.0,0.0,0.0,0.0,0.0,0.0,0.0,0.0
498,498,498,Renamo,498,2024-07,2024-07-01,2024,7,54.0,Mozambique,ged_rolling_24m,1,0.6931471805599453,False,True,4.0,11.0,1.6094379124341003,2.4849066497880004,0.0,0.0,0.0,0.0,0.0,0.0,0.0,0.0,0.0,0.0,0.0,0.0,0.0,0.0,0.0,0.0,0.0,0.0,0.0,0.0,0.0,0.0,0.0,0.0,0.0,0.0,0.0,0.0,0.0,0.0,0.0,0.0,0.0,0.0,0.0,0.0,0.0,0.0,0.0,0.0,0.0,0.0,0.0,0.0,0.0,0.0,0.0,0.0,0.0,0.0,0.0,0.0,0.0
498,498,498,Renamo,498,2024-08,2024-08-01,2024,8,55.0,Mozambique,ged_rolling_24m,1,0.6931471805599453,False,True,11.0,21.0,2.4849066497880004,3.091042453358316,1.0,1.0,1.0,1.0,0.0,1.0,1.0,1.0,0.0,0.0,0.0,0.0,0.0,0.0,0.0,0.0,0.0,1.0,0.0,0.0,0.0,0.0,1.0,0.6931471805599453,1.0,0.6931471805599453,1.0,0.6931471805599453,0.0,0.0,0.0,0.0,0.0,0.0,0.0,0.0,0.0,0.0,0.0,0.0,0.0,0.0,0.0,0.0,0.0,0.0,1.0,0.6931471805599453,0.0,0.0,0.0,0.0,0.6931471805599453
498,498,498,Renamo,498,2024-09,2024-09-01,2024,9,56.0,Mozambique,ged_rolling_24m,1,0.6931471805599453,False,True,21.0,52.0,3.091042453358316,3.970291913552122,2.0,2.0,2.0,1.0,1.0,2.0,1.0,2.0,0.0,0.0,1.0,0.0,0.0,0.0,0.0,0.0,0.0,1.0,0.0,0.0,0.5,0.6931471805599453,1.0,1.0986122886681098,0.5,0.6931471805599453,1.0,1.0986122886681098,0.0,0.0,0.0,0.0,0.5,0.6931471805599453,0.0,0.0,0.0,0.0,0.0,0.0,0.0,0.0,0.0,0.0,0.0,0.0,0.5,0.6931471805599453,0.0,0.0,0.0,0.0,1.0986122886681098
498,498,498,Renamo,498,2024-10,2024-10-01,2024,10,57.0,Mozambique,ged_rolling_24m,1,0.6931471805599453,False,True,52.0,85.0,3.970291913552122,4.454347296253507,1.0,1.0,1.0,1.0,1.0,1.0,0.0,0.0,0.0,0.0,0.0,0.0,0.0,0.0,0.0,0.0,0.0,1.0,0.0,0.0,1.0,0.6931471805599453,1.0,0.6931471805599453,0.0,0.0,0.0,0.0,0.0,0.0,0.0,0.0,0.0,0.0,0.0,0.0,0.0,0.0,0.0,0.0,0.0,0.0,0.0,0.0,0.0,0.0,1.0,0.6931471805599453,0.0,0.0,0.0,0.0,0.6931471805599453
498,498,498,Renamo,498,2024-11,2024-11-01,2024,11,58.0,Mozambique,ged_rolling_24m,1,0.6931471805599453,False,True,85.0,125.0,4.454347296253507,4.836281906951478,0.0,0.0,0.0,0.0,0.0,0.0,0.0,0.0,0.0,0.0,0.0,0.0,0.0,0.0,0.0,0.0,0.0,0.0,0.0,0.0,0.0,0.0,0.0,0.0,0.0,0.0,0.0,0.0,0.0,0.0,0.0,0.0,0.0,0.0,0.0,0.0,0.0,0.0,0.0,0.0,0.0,0.0,0.0,0.0,0.0,0.0,0.0,0.0,0.0,0.0,0.0,0.0,0.0
498,498,498,Renamo,498,2024-12,2024-12-01,2024,12,59.0,Mozambique,ged_rolling_24m,1,0.6931471805599453,False,True,125.0,50.0,4.836281906951478,3.9318256327243257,1.0,1.0,1.0,1.0,0.0,1.0,0.0,1.0,1.0,0.0,0.0,0.0,0.0,0.0,0.0,0.0,0.0,1.0,0.0,0.0,0.0,0.0,1.0,0.6931471805599453,0.0,0.0,1.0,0.6931471805599453,1.0,0.6931471805599453,0.0,0.0,0.0,0.0,0.0,0.0,0.0,0.0,0.0,0.0,0.0,0.0,0.0,0.0,0.0,0.0,1.0,0.6931471805599453,0.0,0.0,0.0,0.0,0.6931471805599453
498,498,498,Renamo,498,2025-01,2025-01-01,2025,1,60.0,Mozambique,ged_rolling_24m,1,0.6931471805599453,False,True,50.0,47.0,3.9318256327243257,3.871201010907891,1.0,1.0,1.0,1.0,1.0,1.0,1.0,1.0,1.0,0.0,0.0,0.0,0.0,0.0,0.0,0.0,0.0,1.0,0.0,0.0,1.0,0.6931471805599453,1.0,0.6931471805599453,1.0,0.6931471805599453,1.0,0.6931471805599453,1.0,0.6931471805599453,0.0,0.0,0.0,0.0,0.0,0.0,0.0,0.0,0.0,0.0,0.0,0.0,0.0,0.0,0.0,0.0,1.0,0.6931471805599453,0.0,0.0,0.0,0.0,0.6931471805599453
498,498,498,Renamo,498,2025-02,2025-02-01,2025,2,61.0,Mozambique,ged_rolling_24m,1,0.6931471805599453,False,True,47.0,37.0,3.871201010907891,3.6375861597263857,0.0,0.0,0.0,0.0,0.0,0.0,0.0,0.0,0.0,0.0,0.0,0.0,0.0,0.0,0.0,0.0,0.0,0.0,0.0,0.0,0.0,0.0,0.0,0.0,0.0,0.0,0.0,0.0,0.0,0.0,0.0,0.0,0.0,0.0,0.0,0.0,0.0,0.0,0.0,0.0,0.0,0.0,0.0,0.0,0.0,0.0,0.0,0.0,0.0,0.0,0.0,0.0,0.0
498,498,498,Renamo,498,2025-03,2025-03-01,2025,3,62.0,Mozambique,ged_rolling_24m,1,0.6931471805599453,False,True,37.0,35.0,3.6375861597263857,3.58351893845611,0.0,0.0,0.0,0.0,0.0,0.0,0.0,0.0,0.0,0.0,0.0,0.0,0.0,0.0,0.0,0.0,0.0,0.0,0.0,0.0,0.0,0.0,0.0,0.0,0.0,0.0,0.0,0.0,0.0,0.0,0.0,0.0,0.0,0.0,0.0,0.0,0.0,0.0,0.0,0.0,0.0,0.0,0.0,0.0,0.0,0.0,0.0,0.0,0.0,0.0,0.0,0.0,0.0
498,498,498,Renamo,498,2025-04,2025-04-01,2025,4,63.0,Mozambique,ged_rolling_24m,1,0.6931471805599453,False,True,35.0,65.0,3.58351893845611,4.189654742026425,0.0,0.0,0.0,0.0,0.0,0.0,0.0,0.0,0.0,0.0,0.0,0.0,0.0,0.0,0.0,0.0,0.0,0.0,0.0,0.0,0.0,0.0,0.0,0.0,0.0,0.0,0.0,0.0,0.0,0.0,0.0,0.0,0.0,0.0,0.0,0.0,0.0,0.0,0.0,0.0,0.0,0.0,0.0,0.0,0.0,0.0,0.0,0.0,0.0,0.0,0.0,0.0,0.0
498,498,498,Renamo,498,2025-05,2025-05-01,2025,5,64.0,Mozambique,ged_rolling_24m,1,0.6931471805599453,False,True,65.0,75.0,4.189654742026425,4.330733340286331,0.0,0.0,0.0,0.0,0.0,0.0,0.0,0.0,0.0,0.0,0.0,0.0,0.0,0.0,0.0,0.0,0.0,0.0,0.0,0.0,0.0,0.0,0.0,0.0,0.0,0.0,0.0,0.0,0.0,0.0,0.0,0.0,0.0,0.0,0.0,0.0,0.0,0.0,0.0,0.0,0.0,0.0,0.0,0.0,0.0,0.0,0.0,0.0,0.0,0.0,0.0,0.0,0.0
498,498,498,Renamo,498,2025-06,2025-06-01,2025,6,65.0,Mozambique,ged_rolling_24m,1,0.6931471805599453,False,True,75.0,57.0,4.330733340286331,4.060443010546419,0.0,0.0,0.0,0.0,0.0,0.0,0.0,0.0,0.0,0.0,0.0,0.0,0.0,0.0,0.0,0.0,0.0,0.0,0.0,0.0,0.0,0.0,0.0,0.0,0.0,0.0,0.0,0.0,0.0,0.0,0.0,0.0,0.0,0.0,0.0,0.0,0.0,0.0,0.0,0.0,0.0,0.0,0.0,0.0,0.0,0.0,0.0,0.0,0.0,0.0,0.0,0.0,0.0
498,498,498,Renamo,498,2025-07,2025-07-01,2025,7,66.0,Mozambique,ged_rolling_24m,1,0.6931471805599453,False,True,57.0,37.0,4.060443010546419,3.6375861597263857,1.0,1.0,1.0,1.0,1.0,1.0,1.0,1.0,1.0,0.0,1.0,0.0,0.0,0.0,0.0,0.0,0.0,0.0,0.0,0.0,1.0,0.6931471805599453,1.0,0.6931471805599453,1.0,0.6931471805599453,1.0,0.6931471805599453,1.0,0.6931471805599453,0.0,0.0,1.0,0.6931471805599453,0.0,0.0,0.0,0.0,0.0,0.0,0.0,0.0,0.0,0.0,0.0,0.0,0.0,0.0,0.0,0.0,0.0,0.0,0.6931471805599453
498,498,498,Renamo,498,2025-08,2025-08-01,2025,8,67.0,Mozambique,ged_rolling_24m,1,0.6931471805599453,False,True,37.0,70.0,3.6375861597263857,4.2626798770413155,0.0,0.0,0.0,0.0,0.0,0.0,0.0,0.0,0.0,0.0,0.0,0.0,0.0,0.0,0.0,0.0,0.0,0.0,0.0,0.0,0.0,0.0,0.0,0.0,0.0,0.0,0.0,0.0,0.0,0.0,0.0,0.0,0.0,0.0,0.0,0.0,0.0,0.0,0.0,0.0,0.0,0.0,0.0,0.0,0.0,0.0,0.0,0.0,0.0,0.0,0.0,0.0,0.0
498,498,498,Renamo,498,2025-09,2025-09-01,2025,9,68.0,Mozambique,ged_rolling_24m,1,0.6931471805599453,False,True,70.0,34.0,4.2626798770413155,3.5553480614894135,0.0,0.0,0.0,0.0,0.0,0.0,0.0,0.0,0.0,0.0,0.0,0.0,0.0,0.0,0.0,0.0,0.0,0.0,0.0,0.0,0.0,0.0,0.0,0.0,0.0,0.0,0.0,0.0,0.0,0.0,0.0,0.0,0.0,0.0,0.0,0.0,0.0,0.0,0.0,0.0,0.0,0.0,0.0,0.0,0.0,0.0,0.0,0.0,0.0,0.0,0.0,0.0,0.0
498,498,498,Renamo,498,2025-10,2025-10-01,2025,10,69.0,Mozambique,ged_rolling_24m,1,0.6931471805599453,False,True,34.0,89.0,3.5553480614894135,4.499809670330265,0.0,0.0,0.0,0.0,0.0,0.0,0.0,0.0,0.0,0.0,0.0,0.0,0.0,0.0,0.0,0.0,0.0,0.0,0.0,0.0,0.0,0.0,0.0,0.0,0.0,0.0,0.0,0.0,0.0,0.0,0.0,0.0,0.0,0.0,0.0,0.0,0.0,0.0,0.0,0.0,0.0,0.0,0.0,0.0,0.0,0.0,0.0,0.0,0.0,0.0,0.0,0.0,0.0
498,498,498,Renamo,498,2025-11,2025-11-01,2025,11,70.0,Mozambique,ged_rolling_24m,1,0.6931471805599453,False,True,89.0,14.0,4.499809670330265,2.70805020110221,0.0,0.0,0.0,0.0,0.0,0.0,0.0,0.0,0.0,0.0,0.0,0.0,0.0,0.0,0.0,0.0,0.0,0.0,0.0,0.0,0.0,0.0,0.0,0.0,0.0,0.0,0.0,0.0,0.0,0.0,0.0,0.0,0.0,0.0,0.0,0.0,0.0,0.0,0.0,0.0,0.0,0.0,0.0,0.0,0.0,0.0,0.0,0.0,0.0,0.0,0.0,0.0,0.0
498,498,498,Renamo,498,2025-12,2025-12-01,2025,12,71.0,Mozambique; Zambia; Zimbabwe (Rhodesia),ucdp_actor_metadata_fallback,3,1.3862943611198906,False,False,14.0,,2.70805020110221,,2.0,2.0,2.0,1.0,1.0,2.0,1.0,2.0,1.0,0.0,1.0,0.0,0.0,0.0,0.0,0.0,0.0,1.0,0.0,0.0,0.5,0.6931471805599453,1.0,1.0986122886681098,0.5,0.6931471805599453,1.0,1.0986122886681098,0.5,0.6931471805599453,0.0,0.0,0.5,0.6931471805599453,0.0,0.0,0.0,0.0,0.0,0.0,0.0,0.0,0.0,0.0,0.0,0.0,0.5,0.6931471805599453,0.0,0.0,0.0,0.0,1.0986122886681098
group:slma_family,469,469; 471; 472,SLM/A family,group:slma_family,2020-01,2020-01-01,2020,1,0.0,South Sudan; Sudan,ged_rolling_24m,2,1.0986122886681098,False,True,142.0,22.0,4.962844630259907,3.1354942159291497,0.0,0.0,0.0,0.0,0.0,0.0,0.0,0.0,0.0,0.0,0.0,0.0,0.0,0.0,0.0,0.0,0.0,0.0,0.0,0.0,0.0,0.0,0.0,0.0,0.0,0.0,0.0,0.0,0.0,0.0,0.0,0.0,0.0,0.0,0.0,0.0,0.0,0.0,0.0,0.0,0.0,0.0,0.0,0.0,0.0,0.0,0.0,0.0,0.0,0.0,0.0,0.0,0.0
group:slma_family,469,469; 471; 472,SLM/A family,group:slma_family,2020-02,2020-02-01,2020,2,1.0,South Sudan; Sudan,ged_rolling_24m,2,1.0986122886681098,False,True,22.0,50.0,3.1354942159291497,3.9318256327243257,0.0,0.0,0.0,0.0,0.0,0.0,0.0,0.0,0.0,0.0,0.0,0.0,0.0,0.0,0.0,0.0,0.0,0.0,0.0,0.0,0.0,0.0,0.0,0.0,0.0,0.0,0.0,0.0,0.0,0.0,0.0,0.0,0.0,0.0,0.0,0.0,0.0,0.0,0.0,0.0,0.0,0.0,0.0,0.0,0.0,0.0,0.0,0.0,0.0,0.0,0.0,0.0,0.0
group:slma_family,469,469; 471; 472,SLM/A family,group:slma_family,2020-03,2020-03-01,2020,3,2.0,South Sudan; Sudan,ged_rolling_24m,2,1.0986122886681098,False,True,50.0,32.0,3.9318256327243257,3.4965075614664802,0.0,0.0,0.0,0.0,0.0,0.0,0.0,0.0,0.0,0.0,0.0,0.0,0.0,0.0,0.0,0.0,0.0,0.0,0.0,0.0,0.0,0.0,0.0,0.0,0.0,0.0,0.0,0.0,0.0,0.0,0.0,0.0,0.0,0.0,0.0,0.0,0.0,0.0,0.0,0.0,0.0,0.0,0.0,0.0,0.0,0.0,0.0,0.0,0.0,0.0,0.0,0.0,0.0
group:slma_family,469,469; 471; 472,SLM/A family,group:slma_family,2020-04,2020-04-01,2020,4,3.0,South Sudan; Sudan,ged_rolling_24m,2,1.0986122886681098,False,True,32.0,511.0,3.4965075614664802,6.238324625039508,0.0,0.0,0.0,0.0,0.0,0.0,0.0,0.0,0.0,0.0,0.0,0.0,0.0,0.0,0.0,0.0,0.0,0.0,0.0,0.0,0.0,0.0,0.0,0.0,0.0,0.0,0.0,0.0,0.0,0.0,0.0,0.0,0.0,0.0,0.0,0.0,0.0,0.0,0.0,0.0,0.0,0.0,0.0,0.0,0.0,0.0,0.0,0.0,0.0,0.0,0.0,0.0,0.0
group:slma_family,469,469; 471; 472,SLM/A family,group:slma_family,2020-05,2020-05-01,2020,5,4.0,South Sudan; Sudan,ged_rolling_24m,2,1.0986122886681098,False,True,511.0,130.0,6.238324625039508,4.875197323201151,1.0,1.0,1.0,1.0,1.0,1.0,1.0,1.0,1.0,0.0,1.0,0.0,0.0,0.0,0.0,0.0,0.0,0.0,0.0,0.0,1.0,0.6931471805599453,1.0,0.6931471805599453,1.0,0.6931471805599453,1.0,0.6931471805599453,1.0,0.6931471805599453,0.0,0.0,1.0,0.6931471805599453,0.0,0.0,0.0,0.0,0.0,0.0,0.0,0.0,0.0,0.0,0.0,0.0,0.0,0.0,0.0,0.0,0.0,0.0,0.6931471805599453
group:slma_family,469,469; 471; 472,SLM/A family,group:slma_family,2020-06,2020-06-01,2020,6,5.0,South Sudan; Sudan,ged_rolling_24m,2,1.0986122886681098,False,True,130.0,311.0,4.875197323201151,5.7430031878094825,0.0,0.0,0.0,0.0,0.0,0.0,0.0,0.0,0.0,0.0,0.0,0.0,0.0,0.0,0.0,0.0,0.0,0.0,0.0,0.0,0.0,0.0,0.0,0.0,0.0,0.0,0.0,0.0,0.0,0.0,0.0,0.0,0.0,0.0,0.0,0.0,0.0,0.0,0.0,0.0,0.0,0.0,0.0,0.0,0.0,0.0,0.0,0.0,0.0,0.0,0.0,0.0,0.0
group:slma_family,469,469; 471; 472,SLM/A family,group:slma_family,2020-07,2020-07-01,2020,7,6.0,South Sudan; Sudan,ged_rolling_24m,2,1.0986122886681098,False,True,311.0,69.0,5.7430031878094825,4.248495242049359,0.0,0.0,0.0,0.0,0.0,0.0,0.0,0.0,0.0,0.0,0.0,0.0,0.0,0.0,0.0,0.0,0.0,0.0,0.0,0.0,0.0,0.0,0.0,0.0,0.0,0.0,0.0,0.0,0.0,0.0,0.0,0.0,0.0,0.0,0.0,0.0,0.0,0.0,0.0,0.0,0.0,0.0,0.0,0.0,0.0,0.0,0.0,0.0,0.0,0.0,0.0,0.0,0.0
group:slma_family,469,469; 471; 472,SLM/A family,group:slma_family,2020-08,2020-08-01,2020,8,7.0,South Sudan; Sudan,ged_rolling_24m,2,1.0986122886681098,False,True,69.0,33.0,4.248495242049359,3.5263605246161616,0.0,0.0,0.0,0.0,0.0,0.0,0.0,0.0,0.0,0.0,0.0,0.0,0.0,0.0,0.0,0.0,0.0,0.0,0.0,0.0,0.0,0.0,0.0,0.0,0.0,0.0,0.0,0.0,0.0,0.0,0.0,0.0,0.0,0.0,0.0,0.0,0.0,0.0,0.0,0.0,0.0,0.0,0.0,0.0,0.0,0.0,0.0,0.0,0.0,0.0,0.0,0.0,0.0
group:slma_family,469,469; 471; 472,SLM/A family,group:slma_family,2020-09,2020-09-01,2020,9,8.0,South Sudan; Sudan,ged_rolling_24m,2,1.0986122886681098,False,True,33.0,20.0,3.5263605246161616,3.044522437723423,2.0,2.0,2.0,1.0,2.0,2.0,0.0,2.0,1.0,0.0,1.0,0.0,0.0,0.0,0.0,1.0,0.0,0.0,0.0,0.0,1.0,1.0986122886681098,1.0,1.0986122886681098,0.0,0.0,1.0,1.0986122886681098,0.5,0.6931471805599453,0.0,0.0,0.5,0.6931471805599453,0.0,0.0,0.0,0.0,0.0,0.0,0.0,0.0,0.5,0.6931471805599453,0.0,0.0,0.0,0.0,0.0,0.0,0.0,0.0,1.0986122886681098
group:slma_family,469,469; 471; 472,SLM/A family,group:slma_family,2020-10,2020-10-01,2020,10,9.0,South Sudan; Sudan,ged_rolling_24m,2,1.0986122886681098,False,True,20.0,14.0,3.044522437723423,2.70805020110221,3.0,3.0,3.0,1.0,3.0,3.0,2.0,2.0,0.0,0.0,0.0,0.0,0.0,0.0,0.0,0.0,0.0,3.0,0.0,0.0,1.0,1.3862943611198906,1.0,1.3862943611198906,0.6666666666666666,1.0986122886681098,0.6666666666666666,1.0986122886681098,0.0,0.0,0.0,0.0,0.0,0.0,0.0,0.0,0.0,0.0,0.0,0.0,0.0,0.0,0.0,0.0,0.0,0.0,1.0,1.3862943611198906,0.0,0.0,0.0,0.0,1.3862943611198906
group:slma_family,469,469; 471; 472,SLM/A family,group:slma_family,2020-11,2020-11-01,2020,11,10.0,South Sudan; Sudan,ged_rolling_24m,2,1.0986122886681098,False,True,14.0,41.0,2.70805020110221,3.7376696182833684,0.0,0.0,0.0,0.0,0.0,0.0,0.0,0.0,0.0,0.0,0.0,0.0,0.0,0.0,0.0,0.0,0.0,0.0,0.0,0.0,0.0,0.0,0.0,0.0,0.0,0.0,0.0,0.0,0.0,0.0,0.0,0.0,0.0,0.0,0.0,0.0,0.0,0.0,0.0,0.0,0.0,0.0,0.0,0.0,0.0,0.0,0.0,0.0,0.0,0.0,0.0,0.0,0.0
group:slma_family,469,469; 471; 472,SLM/A family,group:slma_family,2020-12,2020-12-01,2020,12,11.0,South Sudan; Sudan,ged_rolling_24m,2,1.0986122886681098,False,True,41.0,269.0,3.7376696182833684,5.598421958998375,1.0,1.0,1.0,1.0,1.0,1.0,1.0,1.0,0.0,0.0,1.0,0.0,0.0,0.0,0.0,0.0,0.0,0.0,0.0,0.0,1.0,0.6931471805599453,1.0,0.6931471805599453,1.0,0.6931471805599453,1.0,0.6931471805599453,0.0,0.0,0.0,0.0,1.0,0.6931471805599453,0.0,0.0,0.0,0.0,0.0,0.0,0.0,0.0,0.0,0.0,0.0,0.0,0.0,0.0,0.0,0.0,0.0,0.0,0.6931471805599453
group:slma_family,469,469; 471; 472,SLM/A family,group:slma_family,2021-01,2021-01-01,2021,1,12.0,Sudan,ged_rolling_24m,1,0.6931471805599453,False,True,269.0,2.0,5.598421958998375,1.0986122886681098,2.0,2.0,2.0,1.0,2.0,2.0,2.0,2.0,0.0,0.0,2.0,0.0,0.0,0.0,0.0,0.0,0.0,0.0,0.0,0.0,1.0,1.0986122886681098,1.0,1.0986122886681098,1.0,1.0986122886681098,1.0,1.0986122886681098,0.0,0.0,0.0,0.0,1.0,1.0986122886681098,0.0,0.0,0.0,0.0,0.0,0.0,0.0,0.0,0.0,0.0,0.0,0.0,0.0,0.0,0.0,0.0,0.0,0.0,1.0986122886681098
group:slma_family,469,469; 471; 472,SLM/A family,group:slma_family,2021-02,2021-02-01,2021,2,13.0,Sudan,ged_rolling_24m,1,0.6931471805599453,False,True,2.0,15.0,1.0986122886681098,2.772588722239781,0.0,0.0,0.0,0.0,0.0,0.0,0.0,0.0,0.0,0.0,0.0,0.0,0.0,0.0,0.0,0.0,0.0,0.0,0.0,0.0,0.0,0.0,0.0,0.0,0.0,0.0,0.0,0.0,0.0,0.0,0.0,0.0,0.0,0.0,0.0,0.0,0.0,0.0,0.0,0.0,0.0,0.0,0.0,0.0,0.0,0.0,0.0,0.0,0.0,0.0,0.0,0.0,0.0
group:slma_family,469,469; 471; 472,SLM/A family,group:slma_family,2021-03,2021-03-01,2021,3,14.0,Sudan,ged_rolling_24m,1,0.6931471805599453,False,True,15.0,147.0,2.772588722239781,4.997212273764115,0.0,0.0,0.0,0.0,0.0,0.0,0.0,0.0,0.0,0.0,0.0,0.0,0.0,0.0,0.0,0.0,0.0,0.0,0.0,0.0,0.0,0.0,0.0,0.0,0.0,0.0,0.0,0.0,0.0,0.0,0.0,0.0,0.0,0.0,0.0,0.0,0.0,0.0,0.0,0.0,0.0,0.0,0.0,0.0,0.0,0.0,0.0,0.0,0.0,0.0,0.0,0.0,0.0
group:slma_family,469,469; 471; 472,SLM/A family,group:slma_family,2021-04,2021-04-01,2021,4,15.0,Sudan,ged_rolling_24m,1,0.6931471805599453,False,True,147.0,24.0,4.997212273764115,3.2188758248682006,0.0,0.0,0.0,0.0,0.0,0.0,0.0,0.0,0.0,0.0,0.0,0.0,0.0,0.0,0.0,0.0,0.0,0.0,0.0,0.0,0.0,0.0,0.0,0.0,0.0,0.0,0.0,0.0,0.0,0.0,0.0,0.0,0.0,0.0,0.0,0.0,0.0,0.0,0.0,0.0,0.0,0.0,0.0,0.0,0.0,0.0,0.0,0.0,0.0,0.0,0.0,0.0,0.0
group:slma_family,469,469; 471; 472,SLM/A family,group:slma_family,2021-05,2021-05-01,2021,5,16.0,Sudan,ged_rolling_24m,1,0.6931471805599453,False,True,24.0,90.0,3.2188758248682006,4.51085950651685,0.0,0.0,0.0,0.0,0.0,0.0,0.0,0.0,0.0,0.0,0.0,0.0,0.0,0.0,0.0,0.0,0.0,0.0,0.0,0.0,0.0,0.0,0.0,0.0,0.0,0.0,0.0,0.0,0.0,0.0,0.0,0.0,0.0,0.0,0.0,0.0,0.0,0.0,0.0,0.0,0.0,0.0,0.0,0.0,0.0,0.0,0.0,0.0,0.0,0.0,0.0,0.0,0.0
group:slma_family,469,469; 471; 472,SLM/A family,group:slma_family,2021-06,2021-06-01,2021,6,17.0,Sudan,ged_rolling_24m,1,0.6931471805599453,False,True,90.0,23.0,4.51085950651685,3.1780538303479458,0.0,0.0,0.0,0.0,0.0,0.0,0.0,0.0,0.0,0.0,0.0,0.0,0.0,0.0,0.0,0.0,0.0,0.0,0.0,0.0,0.0,0.0,0.0,0.0,0.0,0.0,0.0,0.0,0.0,0.0,0.0,0.0,0.0,0.0,0.0,0.0,0.0,0.0,0.0,0.0,0.0,0.0,0.0,0.0,0.0,0.0,0.0,0.0,0.0,0.0,0.0,0.0,0.0
group:slma_family,469,469; 471; 472,SLM/A family,group:slma_family,2021-07,2021-07-01,2021,7,18.0,Sudan,ged_rolling_24m,1,0.6931471805599453,False,True,23.0,20.0,3.1780538303479458,3.044522437723423,1.0,1.0,1.0,1.0,1.0,1.0,1.0,1.0,1.0,0.0,1.0,0.0,0.0,0.0,0.0,0.0,0.0,0.0,0.0,0.0,1.0,0.6931471805599453,1.0,0.6931471805599453,1.0,0.6931471805599453,1.0,0.6931471805599453,1.0,0.6931471805599453,0.0,0.0,1.0,0.6931471805599453,0.0,0.0,0.0,0.0,0.0,0.0,0.0,0.0,0.0,0.0,0.0,0.0,0.0,0.0,0.0,0.0,0.0,0.0,0.6931471805599453
group:slma_family,469,469; 471; 472,SLM/A family,group:slma_family,2021-08,2021-08-01,2021,8,19.0,Sudan,ged_rolling_24m,1,0.6931471805599453,False,True,20.0,3.0,3.044522437723423,1.3862943611198906,0.0,0.0,0.0,0.0,0.0,0.0,0.0,0.0,0.0,0.0,0.0,0.0,0.0,0.0,0.0,0.0,0.0,0.0,0.0,0.0,0.0,0.0,0.0,0.0,0.0,0.0,0.0,0.0,0.0,0.0,0.0,0.0,0.0,0.0,0.0,0.0,0.0,0.0,0.0,0.0,0.0,0.0,0.0,0.0,0.0,0.0,0.0,0.0,0.0,0.0,0.0,0.0,0.0
group:slma_family,469,469; 471; 472,SLM/A family,group:slma_family,2021-09,2021-09-01,2021,9,20.0,Sudan,ged_rolling_24m,1,0.6931471805599453,False,True,3.0,17.0,1.3862943611198906,2.8903717578961645,0.0,0.0,0.0,0.0,0.0,0.0,0.0,0.0,0.0,0.0,0.0,0.0,0.0,0.0,0.0,0.0,0.0,0.0,0.0,0.0,0.0,0.0,0.0,0.0,0.0,0.0,0.0,0.0,0.0,0.0,0.0,0.0,0.0,0.0,0.0,0.0,0.0,0.0,0.0,0.0,0.0,0.0,0.0,0.0,0.0,0.0,0.0,0.0,0.0,0.0,0.0,0.0,0.0
group:slma_family,469,469; 471; 472,SLM/A family,group:slma_family,2021-10,2021-10-01,2021,10,21.0,Sudan,ged_rolling_24m,1,0.6931471805599453,False,True,17.0,90.0,2.8903717578961645,4.51085950651685,0.0,0.0,0.0,0.0,0.0,0.0,0.0,0.0,0.0,0.0,0.0,0.0,0.0,0.0,0.0,0.0,0.0,0.0,0.0,0.0,0.0,0.0,0.0,0.0,0.0,0.0,0.0,0.0,0.0,0.0,0.0,0.0,0.0,0.0,0.0,0.0,0.0,0.0,0.0,0.0,0.0,0.0,0.0,0.0,0.0,0.0,0.0,0.0,0.0,0.0,0.0,0.0,0.0
group:slma_family,469,469; 471; 472,SLM/A family,group:slma_family,2021-11,2021-11-01,2021,11,22.0,Sudan,ged_rolling_24m,1,0.6931471805599453,False,True,90.0,162.0,4.51085950651685,5.093750200806762,0.0,0.0,0.0,0.0,0.0,0.0,0.0,0.0,0.0,0.0,0.0,0.0,0.0,0.0,0.0,0.0,0.0,0.0,0.0,0.0,0.0,0.0,0.0,0.0,0.0,0.0,0.0,0.0,0.0,0.0,0.0,0.0,0.0,0.0,0.0,0.0,0.0,0.0,0.0,0.0,0.0,0.0,0.0,0.0,0.0,0.0,0.0,0.0,0.0,0.0,0.0,0.0,0.0
group:slma_family,469,469; 471; 472,SLM/A family,group:slma_family,2021-12,2021-12-01,2021,12,23.0,Sudan,ged_rolling_24m,1,0.6931471805599453,False,True,162.0,45.0,5.093750200806762,3.828641396489095,0.0,0.0,0.0,0.0,0.0,0.0,0.0,0.0,0.0,0.0,0.0,0.0,0.0,0.0,0.0,0.0,0.0,0.0,0.0,0.0,0.0,0.0,0.0,0.0,0.0,0.0,0.0,0.0,0.0,0.0,0.0,0.0,0.0,0.0,0.0,0.0,0.0,0.0,0.0,0.0,0.0,0.0,0.0,0.0,0.0,0.0,0.0,0.0,0.0,0.0,0.0,0.0,0.0
group:slma_family,469,469; 471; 472,SLM/A family,group:slma_family,2022-01,2022-01-01,2022,1,24.0,Sudan,ged_rolling_24m,1,0.6931471805599453,False,True,45.0,41.0,3.828641396489095,3.7376696182833684,0.0,0.0,0.0,0.0,0.0,0.0,0.0,0.0,0.0,0.0,0.0,0.0,0.0,0.0,0.0,0.0,0.0,0.0,0.0,0.0,0.0,0.0,0.0,0.0,0.0,0.0,0.0,0.0,0.0,0.0,0.0,0.0,0.0,0.0,0.0,0.0,0.0,0.0,0.0,0.0,0.0,0.0,0.0,0.0,0.0,0.0,0.0,0.0,0.0,0.0,0.0,0.0,0.0
group:slma_family,469,469; 471; 472,SLM/A family,group:slma_family,2022-02,2022-02-01,2022,2,25.0,Sudan,ged_rolling_24m,1,0.6931471805599453,False,True,41.0,195.0,3.7376696182833684,5.278114659230517,0.0,0.0,0.0,0.0,0.0,0.0,0.0,0.0,0.0,0.0,0.0,0.0,0.0,0.0,0.0,0.0,0.0,0.0,0.0,0.0,0.0,0.0,0.0,0.0,0.0,0.0,0.0,0.0,0.0,0.0,0.0,0.0,0.0,0.0,0.0,0.0,0.0,0.0,0.0,0.0,0.0,0.0,0.0,0.0,0.0,0.0,0.0,0.0,0.0,0.0,0.0,0.0,0.0
group:slma_family,469,469; 471; 472,SLM/A family,group:slma_family,2022-03,2022-03-01,2022,3,26.0,Sudan,ged_rolling_24m,1,0.6931471805599453,False,True,195.0,251.0,5.278114659230517,5.529429087511423,0.0,0.0,0.0,0.0,0.0,0.0,0.0,0.0,0.0,0.0,0.0,0.0,0.0,0.0,0.0,0.0,0.0,0.0,0.0,0.0,0.0,0.0,0.0,0.0,0.0,0.0,0.0,0.0,0.0,0.0,0.0,0.0,0.0,0.0,0.0,0.0,0.0,0.0,0.0,0.0,0.0,0.0,0.0,0.0,0.0,0.0,0.0,0.0,0.0,0.0,0.0,0.0,0.0
group:slma_family,469,469; 471; 472,SLM/A family,group:slma_family,2022-04,2022-04-01,2022,4,27.0,Sudan,ged_rolling_24m,1,0.6931471805599453,False,True,251.0,20.0,5.529429087511423,3.044522437723423,0.0,0.0,0.0,0.0,0.0,0.0,0.0,0.0,0.0,0.0,0.0,0.0,0.0,0.0,0.0,0.0,0.0,0.0,0.0,0.0,0.0,0.0,0.0,0.0,0.0,0.0,0.0,0.0,0.0,0.0,0.0,0.0,0.0,0.0,0.0,0.0,0.0,0.0,0.0,0.0,0.0,0.0,0.0,0.0,0.0,0.0,0.0,0.0,0.0,0.0,0.0,0.0,0.0
group:slma_family,469,469; 471; 472,SLM/A family,group:slma_family,2022-05,2022-05-01,2022,5,28.0,Sudan,ged_rolling_24m,1,0.6931471805599453,False,True,20.0,207.0,3.044522437723423,5.337538079701318,0.0,0.0,0.0,0.0,0.0,0.0,0.0,0.0,0.0,0.0,0.0,0.0,0.0,0.0,0.0,0.0,0.0,0.0,0.0,0.0,0.0,0.0,0.0,0.0,0.0,0.0,0.0,0.0,0.0,0.0,0.0,0.0,0.0,0.0,0.0,0.0,0.0,0.0,0.0,0.0,0.0,0.0,0.0,0.0,0.0,0.0,0.0,0.0,0.0,0.0,0.0,0.0,0.0
group:slma_family,469,469; 471; 472,SLM/A family,group:slma_family,2022-06,2022-06-01,2022,6,29.0,Sudan,ged_rolling_24m,1,0.6931471805599453,False,True,207.0,127.0,5.337538079701318,4.852030263919617,0.0,0.0,0.0,0.0,0.0,0.0,0.0,0.0,0.0,0.0,0.0,0.0,0.0,0.0,0.0,0.0,0.0,0.0,0.0,0.0,0.0,0.0,0.0,0.0,0.0,0.0,0.0,0.0,0.0,0.0,0.0,0.0,0.0,0.0,0.0,0.0,0.0,0.0,0.0,0.0,0.0,0.0,0.0,0.0,0.0,0.0,0.0,0.0,0.0,0.0,0.0,0.0,0.0
group:slma_family,469,469; 471; 472,SLM/A family,group:slma_family,2022-07,2022-07-01,2022,7,30.0,Sudan,ged_rolling_24m,1,0.6931471805599453,False,True,127.0,21.0,4.852030263919617,3.091042453358316,0.0,0.0,0.0,0.0,0.0,0.0,0.0,0.0,0.0,0.0,0.0,0.0,0.0,0.0,0.0,0.0,0.0,0.0,0.0,0.0,0.0,0.0,0.0,0.0,0.0,0.0,0.0,0.0,0.0,0.0,0.0,0.0,0.0,0.0,0.0,0.0,0.0,0.0,0.0,0.0,0.0,0.0,0.0,0.0,0.0,0.0,0.0,0.0,0.0,0.0,0.0,0.0,0.0
group:slma_family,469,469; 471; 472,SLM/A family,group:slma_family,2022-08,2022-08-01,2022,8,31.0,Sudan,ged_rolling_24m,1,0.6931471805599453,False,True,21.0,85.0,3.091042453358316,4.454347296253507,0.0,0.0,0.0,0.0,0.0,0.0,0.0,0.0,0.0,0.0,0.0,0.0,0.0,0.0,0.0,0.0,0.0,0.0,0.0,0.0,0.0,0.0,0.0,0.0,0.0,0.0,0.0,0.0,0.0,0.0,0.0,0.0,0.0,0.0,0.0,0.0,0.0,0.0,0.0,0.0,0.0,0.0,0.0,0.0,0.0,0.0,0.0,0.0,0.0,0.0,0.0,0.0,0.0
group:slma_family,469,469; 471; 472,SLM/A family,group:slma_family,2022-09,2022-09-01,2022,9,32.0,Sudan,ged_rolling_24m,1,0.6931471805599453,False,True,85.0,296.0,4.454347296253507,5.6937321388027,0.0,0.0,0.0,0.0,0.0,0.0,0.0,0.0,0.0,0.0,0.0,0.0,0.0,0.0,0.0,0.0,0.0,0.0,0.0,0.0,0.0,0.0,0.0,0.0,0.0,0.0,0.0,0.0,0.0,0.0,0.0,0.0,0.0,0.0,0.0,0.0,0.0,0.0,0.0,0.0,0.0,0.0,0.0,0.0,0.0,0.0,0.0,0.0,0.0,0.0,0.0,0.0,0.0
group:slma_family,469,469; 471; 472,SLM/A family,group:slma_family,2022-10,2022-10-01,2022,10,33.0,Sudan,ged_rolling_24m,1,0.6931471805599453,False,True,296.0,81.0,5.6937321388027,4.406719247264253,0.0,0.0,0.0,0.0,0.0,0.0,0.0,0.0,0.0,0.0,0.0,0.0,0.0,0.0,0.0,0.0,0.0,0.0,0.0,0.0,0.0,0.0,0.0,0.0,0.0,0.0,0.0,0.0,0.0,0.0,0.0,0.0,0.0,0.0,0.0,0.0,0.0,0.0,0.0,0.0,0.0,0.0,0.0,0.0,0.0,0.0,0.0,0.0,0.0,0.0,0.0,0.0,0.0
group:slma_family,469,469; 471; 472,SLM/A family,group:slma_family,2022-11,2022-11-01,2022,11,34.0,Sudan,ged_rolling_24m,1,0.6931471805599453,False,True,81.0,38.0,4.406719247264253,3.6635616461296463,0.0,0.0,0.0,0.0,0.0,0.0,0.0,0.0,0.0,0.0,0.0,0.0,0.0,0.0,0.0,0.0,0.0,0.0,0.0,0.0,0.0,0.0,0.0,0.0,0.0,0.0,0.0,0.0,0.0,0.0,0.0,0.0,0.0,0.0,0.0,0.0,0.0,0.0,0.0,0.0,0.0,0.0,0.0,0.0,0.0,0.0,0.0,0.0,0.0,0.0,0.0,0.0,0.0
group:slma_family,469,469; 471; 472,SLM/A family,group:slma_family,2022-12,2022-12-01,2022,12,35.0,Sudan,ged_rolling_24m,1,0.6931471805599453,False,True,38.0,0.0,3.6635616461296463,0.0,0.0,0.0,0.0,0.0,0.0,0.0,0.0,0.0,0.0,0.0,0.0,0.0,0.0,0.0,0.0,0.0,0.0,0.0,0.0,0.0,0.0,0.0,0.0,0.0,0.0,0.0,0.0,0.0,0.0,0.0,0.0,0.0,0.0,0.0,0.0,0.0,0.0,0.0,0.0,0.0,0.0,0.0,0.0,0.0,0.0,0.0,0.0,0.0,0.0,0.0,0.0,0.0,0.0
group:slma_family,469,469; 471; 472,SLM/A family,group:slma_family,2023-01,2023-01-01,2023,1,36.0,Sudan,ged_rolling_24m,1,0.6931471805599453,False,True,0.0,29.0,0.0,3.4011973816621555,0.0,0.0,0.0,0.0,0.0,0.0,0.0,0.0,0.0,0.0,0.0,0.0,0.0,0.0,0.0,0.0,0.0,0.0,0.0,0.0,0.0,0.0,0.0,0.0,0.0,0.0,0.0,0.0,0.0,0.0,0.0,0.0,0.0,0.0,0.0,0.0,0.0,0.0,0.0,0.0,0.0,0.0,0.0,0.0,0.0,0.0,0.0,0.0,0.0,0.0,0.0,0.0,0.0
group:slma_family,469,469; 471; 472,SLM/A family,group:slma_family,2023-02,2023-02-01,2023,2,37.0,Sudan,ged_rolling_24m,1,0.6931471805599453,False,True,29.0,0.0,3.4011973816621555,0.0,0.0,0.0,0.0,0.0,0.0,0.0,0.0,0.0,0.0,0.0,0.0,0.0,0.0,0.0,0.0,0.0,0.0,0.0,0.0,0.0,0.0,0.0,0.0,0.0,0.0,0.0,0.0,0.0,0.0,0.0,0.0,0.0,0.0,0.0,0.0,0.0,0.0,0.0,0.0,0.0,0.0,0.0,0.0,0.0,0.0,0.0,0.0,0.0,0.0,0.0,0.0,0.0,0.0
group:slma_family,469,469; 471; 472,SLM/A family,group:slma_family,2023-03,2023-03-01,2023,3,38.0,Sudan,ged_rolling_24m,1,0.6931471805599453,False,True,0.0,7570.0,0.0,8.932080438103307,0.0,0.0,0.0,0.0,0.0,0.0,0.0,0.0,0.0,0.0,0.0,0.0,0.0,0.0,0.0,0.0,0.0,0.0,0.0,0.0,0.0,0.0,0.0,0.0,0.0,0.0,0.0,0.0,0.0,0.0,0.0,0.0,0.0,0.0,0.0,0.0,0.0,0.0,0.0,0.0,0.0,0.0,0.0,0.0,0.0,0.0,0.0,0.0,0.0,0.0,0.0,0.0,0.0
group:slma_family,469,469; 471; 472,SLM/A family,group:slma_family,2023-04,2023-04-01,2023,4,39.0,Sudan,ged_rolling_24m,1,0.6931471805599453,False,True,7570.0,1225.0,8.932080438103307,7.111512116496157,1.0,1.0,1.0,1.0,0.0,1.0,0.0,0.0,0.0,0.0,0.0,1.0,0.0,0.0,0.0,0.0,0.0,0.0,0.0,0.0,0.0,0.0,1.0,0.6931471805599453,0.0,0.0,0.0,0.0,0.0,0.0,0.0,0.0,0.0,0.0,1.0,0.6931471805599453,0.0,0.0,0.0,0.0,0.0,0.0,0.0,0.0,0.0,0.0,0.0,0.0,0.0,0.0,0.0,0.0,0.6931471805599453
group:slma_family,469,469; 471; 472,SLM/A family,group:slma_family,2023-05,2023-05-01,2023,5,40.0,Sudan,ged_rolling_24m,1,0.6931471805599453,False,True,1225.0,1128.0,7.111512116496157,7.029087564149662,0.0,0.0,0.0,0.0,0.0,0.0,0.0,0.0,0.0,0.0,0.0,0.0,0.0,0.0,0.0,0.0,0.0,0.0,0.0,0.0,0.0,0.0,0.0,0.0,0.0,0.0,0.0,0.0,0.0,0.0,0.0,0.0,0.0,0.0,0.0,0.0,0.0,0.0,0.0,0.0,0.0,0.0,0.0,0.0,0.0,0.0,0.0,0.0,0.0,0.0,0.0,0.0,0.0
group:slma_family,469,469; 471; 472,SLM/A family,group:slma_family,2023-06,2023-06-01,2023,6,41.0,Sudan,ged_rolling_24m,1,0.6931471805599453,False,True,1128.0,554.0,7.029087564149662,6.318968113746434,0.0,0.0,0.0,0.0,0.0,0.0,0.0,0.0,0.0,0.0,0.0,0.0,0.0,0.0,0.0,0.0,0.0,0.0,0.0,0.0,0.0,0.0,0.0,0.0,0.0,0.0,0.0,0.0,0.0,0.0,0.0,0.0,0.0,0.0,0.0,0.0,0.0,0.0,0.0,0.0,0.0,0.0,0.0,0.0,0.0,0.0,0.0,0.0,0.0,0.0,0.0,0.0,0.0
group:slma_family,469,469; 471; 472,SLM/A family,group:slma_family,2023-07,2023-07-01,2023,7,42.0,Sudan,ged_rolling_24m,1,0.6931471805599453,False,True,554.0,682.0,6.318968113746434,6.52649485957079,0.0,0.0,0.0,0.0,0.0,0.0,0.0,0.0,0.0,0.0,0.0,0.0,0.0,0.0,0.0,0.0,0.0,0.0,0.0,0.0,0.0,0.0,0.0,0.0,0.0,0.0,0.0,0.0,0.0,0.0,0.0,0.0,0.0,0.0,0.0,0.0,0.0,0.0,0.0,0.0,0.0,0.0,0.0,0.0,0.0,0.0,0.0,0.0,0.0,0.0,0.0,0.0,0.0
group:slma_family,469,469; 471; 472,SLM/A family,group:slma_family,2023-08,2023-08-01,2023,8,43.0,Sudan,ged_rolling_24m,1,0.6931471805599453,False,True,682.0,471.0,6.52649485957079,6.156978985585555,0.0,0.0,0.0,0.0,0.0,0.0,0.0,0.0,0.0,0.0,0.0,0.0,0.0,0.0,0.0,0.0,0.0,0.0,0.0,0.0,0.0,0.0,0.0,0.0,0.0,0.0,0.0,0.0,0.0,0.0,0.0,0.0,0.0,0.0,0.0,0.0,0.0,0.0,0.0,0.0,0.0,0.0,0.0,0.0,0.0,0.0,0.0,0.0,0.0,0.0,0.0,0.0,0.0
group:slma_family,469,469; 471; 472,SLM/A family,group:slma_family,2023-09,2023-09-01,2023,9,44.0,Sudan,ged_rolling_24m,1,0.6931471805599453,False,True,471.0,595.0,6.156978985585555,6.39024066706535,1.0,1.0,1.0,1.0,1.0,1.0,1.0,1.0,0.0,0.0,0.0,0.0,0.0,0.0,0.0,0.0,0.0,1.0,0.0,0.0,1.0,0.6931471805599453,1.0,0.6931471805599453,1.0,0.6931471805599453,1.0,0.6931471805599453,0.0,0.0,0.0,0.0,0.0,0.0,0.0,0.0,0.0,0.0,0.0,0.0,0.0,0.0,0.0,0.0,0.0,0.0,1.0,0.6931471805599453,0.0,0.0,0.0,0.0,0.6931471805599453
group:slma_family,469,469; 471; 472,SLM/A family,group:slma_family,2023-10,2023-10-01,2023,10,45.0,Sudan,ged_rolling_24m,1,0.6931471805599453,False,True,595.0,2102.0,6.39024066706535,7.6511201757027,0.0,0.0,0.0,0.0,0.0,0.0,0.0,0.0,0.0,0.0,0.0,0.0,0.0,0.0,0.0,0.0,0.0,0.0,0.0,0.0,0.0,0.0,0.0,0.0,0.0,0.0,0.0,0.0,0.0,0.0,0.0,0.0,0.0,0.0,0.0,0.0,0.0,0.0,0.0,0.0,0.0,0.0,0.0,0.0,0.0,0.0,0.0,0.0,0.0,0.0,0.0,0.0,0.0
group:slma_family,469,469; 471; 472,SLM/A family,group:slma_family,2023-11,2023-11-01,2023,11,46.0,Sudan,ged_rolling_24m,1,0.6931471805599453,False,True,2102.0,414.0,7.6511201757027,6.028278520230698,0.0,0.0,0.0,0.0,0.0,0.0,0.0,0.0,0.0,0.0,0.0,0.0,0.0,0.0,0.0,0.0,0.0,0.0,0.0,0.0,0.0,0.0,0.0,0.0,0.0,0.0,0.0,0.0,0.0,0.0,0.0,0.0,0.0,0.0,0.0,0.0,0.0,0.0,0.0,0.0,0.0,0.0,0.0,0.0,0.0,0.0,0.0,0.0,0.0,0.0,0.0,0.0,0.0
group:slma_family,469,469; 471; 472,SLM/A family,group:slma_family,2023-12,2023-12-01,2023,12,47.0,Sudan,ged_rolling_24m,1,0.6931471805599453,False,True,414.0,347.0,6.028278520230698,5.8522024797744745,0.0,0.0,0.0,0.0,0.0,0.0,0.0,0.0,0.0,0.0,0.0,0.0,0.0,0.0,0.0,0.0,0.0,0.0,0.0,0.0,0.0,0.0,0.0,0.0,0.0,0.0,0.0,0.0,0.0,0.0,0.0,0.0,0.0,0.0,0.0,0.0,0.0,0.0,0.0,0.0,0.0,0.0,0.0,0.0,0.0,0.0,0.0,0.0,0.0,0.0,0.0,0.0,0.0
group:slma_family,469,469; 471; 472,SLM/A family,group:slma_family,2024-01,2024-01-01,2024,1,48.0,Sudan,ged_rolling_24m,1,0.6931471805599453,False,True,347.0,382.0,5.8522024797744745,5.948034989180646,0.0,0.0,0.0,0.0,0.0,0.0,0.0,0.0,0.0,0.0,0.0,0.0,0.0,0.0,0.0,0.0,0.0,0.0,0.0,0.0,0.0,0.0,0.0,0.0,0.0,0.0,0.0,0.0,0.0,0.0,0.0,0.0,0.0,0.0,0.0,0.0,0.0,0.0,0.0,0.0,0.0,0.0,0.0,0.0,0.0,0.0,0.0,0.0,0.0,0.0,0.0,0.0,0.0
group:slma_family,469,469; 471; 472,SLM/A family,group:slma_family,2024-02,2024-02-01,2024,2,49.0,Sudan,ged_rolling_24m,1,0.6931471805599453,False,True,382.0,224.0,5.948034989180646,5.41610040220442,0.0,0.0,0.0,0.0,0.0,0.0,0.0,0.0,0.0,0.0,0.0,0.0,0.0,0.0,0.0,0.0,0.0,0.0,0.0,0.0,0.0,0.0,0.0,0.0,0.0,0.0,0.0,0.0,0.0,0.0,0.0,0.0,0.0,0.0,0.0,0.0,0.0,0.0,0.0,0.0,0.0,0.0,0.0,0.0,0.0,0.0,0.0,0.0,0.0,0.0,0.0,0.0,0.0
group:slma_family,469,469; 471; 472,SLM/A family,group:slma_family,2024-03,2024-03-01,2024,3,50.0,Sudan,ged_rolling_24m,1,0.6931471805599453,False,True,224.0,348.0,5.41610040220442,5.855071922202427,4.0,4.0,4.0,1.0,4.0,4.0,2.0,4.0,3.0,0.0,3.0,0.0,0.0,0.0,0.0,0.0,0.0,1.0,0.0,0.0,1.0,1.6094379124341003,1.0,1.6094379124341003,0.5,1.0986122886681098,1.0,1.6094379124341003,0.75,1.3862943611198906,0.0,0.0,0.75,1.3862943611198906,0.0,0.0,0.0,0.0,0.0,0.0,0.0,0.0,0.0,0.0,0.0,0.0,0.25,0.6931471805599453,0.0,0.0,0.0,0.0,1.6094379124341003
group:slma_family,469,469; 471; 472,SLM/A family,group:slma_family,2024-04,2024-04-01,2024,4,51.0,Sudan,ged_rolling_24m,1,0.6931471805599453,False,True,348.0,482.0,5.855071922202427,6.180016653652572,0.0,0.0,0.0,0.0,0.0,0.0,0.0,0.0,0.0,0.0,0.0,0.0,0.0,0.0,0.0,0.0,0.0,0.0,0.0,0.0,0.0,0.0,0.0,0.0,0.0,0.0,0.0,0.0,0.0,0.0,0.0,0.0,0.0,0.0,0.0,0.0,0.0,0.0,0.0,0.0,0.0,0.0,0.0,0.0,0.0,0.0,0.0,0.0,0.0,0.0,0.0,0.0,0.0
group:slma_family,469,469; 471; 472,SLM/A family,group:slma_family,2024-05,2024-05-01,2024,5,52.0,Sudan,ged_rolling_24m,1,0.6931471805599453,False,True,482.0,781.0,6.180016653652572,6.661854740545311,1.0,1.0,1.0,1.0,1.0,1.0,1.0,1.0,0.0,0.0,1.0,0.0,0.0,0.0,0.0,0.0,0.0,0.0,0.0,0.0,1.0,0.6931471805599453,1.0,0.6931471805599453,1.0,0.6931471805599453,1.0,0.6931471805599453,0.0,0.0,0.0,0.0,1.0,0.6931471805599453,0.0,0.0,0.0,0.0,0.0,0.0,0.0,0.0,0.0,0.0,0.0,0.0,0.0,0.0,0.0,0.0,0.0,0.0,0.6931471805599453
group:slma_family,469,469; 471; 472,SLM/A family,group:slma_family,2024-06,2024-06-01,2024,6,53.0,Sudan,ged_rolling_24m,1,0.6931471805599453,False,True,781.0,507.0,6.661854740545311,6.230481447578482,0.0,0.0,0.0,0.0,0.0,0.0,0.0,0.0,0.0,0.0,0.0,0.0,0.0,0.0,0.0,0.0,0.0,0.0,0.0,0.0,0.0,0.0,0.0,0.0,0.0,0.0,0.0,0.0,0.0,0.0,0.0,0.0,0.0,0.0,0.0,0.0,0.0,0.0,0.0,0.0,0.0,0.0,0.0,0.0,0.0,0.0,0.0,0.0,0.0,0.0,0.0,0.0,0.0
group:slma_family,469,469; 471; 472,SLM/A family,group:slma_family,2024-07,2024-07-01,2024,7,54.0,Sudan,ged_rolling_24m,1,0.6931471805599453,False,True,507.0,485.0,6.230481447578482,6.186208623900494,1.0,1.0,1.0,1.0,1.0,1.0,1.0,1.0,1.0,0.0,1.0,0.0,0.0,0.0,0.0,0.0,0.0,0.0,0.0,0.0,1.0,0.6931471805599453,1.0,0.6931471805599453,1.0,0.6931471805599453,1.0,0.6931471805599453,1.0,0.6931471805599453,0.0,0.0,1.0,0.6931471805599453,0.0,0.0,0.0,0.0,0.0,0.0,0.0,0.0,0.0,0.0,0.0,0.0,0.0,0.0,0.0,0.0,0.0,0.0,0.6931471805599453
group:slma_family,469,469; 471; 472,SLM/A family,group:slma_family,2024-08,2024-08-01,2024,8,55.0,Sudan,ged_rolling_24m,1,0.6931471805599453,False,True,485.0,620.0,6.186208623900494,6.431331081933479,1.0,1.0,1.0,1.0,1.0,1.0,1.0,1.0,1.0,0.0,1.0,0.0,0.0,0.0,0.0,0.0,0.0,0.0,0.0,0.0,1.0,0.6931471805599453,1.0,0.6931471805599453,1.0,0.6931471805599453,1.0,0.6931471805599453,1.0,0.6931471805599453,0.0,0.0,1.0,0.6931471805599453,0.0,0.0,0.0,0.0,0.0,0.0,0.0,0.0,0.0,0.0,0.0,0.0,0.0,0.0,0.0,0.0,0.0,0.0,0.6931471805599453
group:slma_family,469,469; 471; 472,SLM/A family,group:slma_family,2024-09,2024-09-01,2024,9,56.0,Sudan,ged_rolling_24m,1,0.6931471805599453,False,True,620.0,1332.0,6.431331081933479,7.195187320178709,0.0,0.0,0.0,0.0,0.0,0.0,0.0,0.0,0.0,0.0,0.0,0.0,0.0,0.0,0.0,0.0,0.0,0.0,0.0,0.0,0.0,0.0,0.0,0.0,0.0,0.0,0.0,0.0,0.0,0.0,0.0,0.0,0.0,0.0,0.0,0.0,0.0,0.0,0.0,0.0,0.0,0.0,0.0,0.0,0.0,0.0,0.0,0.0,0.0,0.0,0.0,0.0,0.0
group:slma_family,469,469; 471; 472,SLM/A family,group:slma_family,2024-10,2024-10-01,2024,10,57.0,Sudan,ged_rolling_24m,1,0.6931471805599453,False,True,1332.0,734.0,7.195187320178709,6.5998704992128365,0.0,0.0,0.0,0.0,0.0,0.0,0.0,0.0,0.0,0.0,0.0,0.0,0.0,0.0,0.0,0.0,0.0,0.0,0.0,0.0,0.0,0.0,0.0,0.0,0.0,0.0,0.0,0.0,0.0,0.0,0.0,0.0,0.0,0.0,0.0,0.0,0.0,0.0,0.0,0.0,0.0,0.0,0.0,0.0,0.0,0.0,0.0,0.0,0.0,0.0,0.0,0.0,0.0
group:slma_family,469,469; 471; 472,SLM/A family,group:slma_family,2024-11,2024-11-01,2024,11,58.0,Sudan,ged_rolling_24m,1,0.6931471805599453,False,True,734.0,861.0,6.5998704992128365,6.759255270663693,0.0,0.0,0.0,0.0,0.0,0.0,0.0,0.0,0.0,0.0,0.0,0.0,0.0,0.0,0.0,0.0,0.0,0.0,0.0,0.0,0.0,0.0,0.0,0.0,0.0,0.0,0.0,0.0,0.0,0.0,0.0,0.0,0.0,0.0,0.0,0.0,0.0,0.0,0.0,0.0,0.0,0.0,0.0,0.0,0.0,0.0,0.0,0.0,0.0,0.0,0.0,0.0,0.0
group:slma_family,469,469; 471; 472,SLM/A family,group:slma_family,2024-12,2024-12-01,2024,12,59.0,Sudan,ged_rolling_24m,1,0.6931471805599453,False,True,861.0,1905.0,6.759255270663693,7.552762084214147,0.0,0.0,0.0,0.0,0.0,0.0,0.0,0.0,0.0,0.0,0.0,0.0,0.0,0.0,0.0,0.0,0.0,0.0,0.0,0.0,0.0,0.0,0.0,0.0,0.0,0.0,0.0,0.0,0.0,0.0,0.0,0.0,0.0,0.0,0.0,0.0,0.0,0.0,0.0,0.0,0.0,0.0,0.0,0.0,0.0,0.0,0.0,0.0,0.0,0.0,0.0,0.0,0.0
group:slma_family,469,469; 471; 472,SLM/A family,group:slma_family,2025-01,2025-01-01,2025,1,60.0,South Sudan; Sudan,ucdp_actor_metadata_fallback,2,1.0986122886681098,False,True,1978.0,1008.0,7.590346945602565,6.9167150203536085,0.0,0.0,0.0,0.0,0.0,0.0,0.0,0.0,0.0,0.0,0.0,0.0,0.0,0.0,0.0,0.0,0.0,0.0,0.0,0.0,0.0,0.0,0.0,0.0,0.0,0.0,0.0,0.0,0.0,0.0,0.0,0.0,0.0,0.0,0.0,0.0,0.0,0.0,0.0,0.0,0.0,0.0,0.0,0.0,0.0,0.0,0.0,0.0,0.0,0.0,0.0,0.0,0.0
group:slma_family,469,469; 471; 472,SLM/A family,group:slma_family,2025-02,2025-02-01,2025,2,61.0,South Sudan; Sudan,ucdp_actor_metadata_fallback,2,1.0986122886681098,False,True,1008.0,1238.0,6.9167150203536085,7.122059881629142,1.0,1.0,1.0,1.0,1.0,1.0,1.0,1.0,1.0,0.0,1.0,0.0,0.0,0.0,0.0,0.0,0.0,0.0,0.0,0.0,1.0,0.6931471805599453,1.0,0.6931471805599453,1.0,0.6931471805599453,1.0,0.6931471805599453,1.0,0.6931471805599453,0.0,0.0,1.0,0.6931471805599453,0.0,0.0,0.0,0.0,0.0,0.0,0.0,0.0,0.0,0.0,0.0,0.0,0.0,0.0,0.0,0.0,0.0,0.0,0.6931471805599453
group:slma_family,469,469; 471; 472,SLM/A family,group:slma_family,2025-03,2025-03-01,2025,3,62.0,South Sudan; Sudan,ucdp_actor_metadata_fallback,2,1.0986122886681098,False,True,1238.0,3179.0,7.122059881629142,8.064636475774222,0.0,0.0,0.0,0.0,0.0,0.0,0.0,0.0,0.0,0.0,0.0,0.0,0.0,0.0,0.0,0.0,0.0,0.0,0.0,0.0,0.0,0.0,0.0,0.0,0.0,0.0,0.0,0.0,0.0,0.0,0.0,0.0,0.0,0.0,0.0,0.0,0.0,0.0,0.0,0.0,0.0,0.0,0.0,0.0,0.0,0.0,0.0,0.0,0.0,0.0,0.0,0.0,0.0
group:slma_family,469,469; 471; 472,SLM/A family,group:slma_family,2025-04,2025-04-01,2025,4,63.0,South Sudan; Sudan,ucdp_actor_metadata_fallback,2,1.0986122886681098,False,True,3179.0,2172.0,8.064636475774222,7.6838639802564295,0.0,0.0,0.0,0.0,0.0,0.0,0.0,0.0,0.0,0.0,0.0,0.0,0.0,0.0,0.0,0.0,0.0,0.0,0.0,0.0,0.0,0.0,0.0,0.0,0.0,0.0,0.0,0.0,0.0,0.0,0.0,0.0,0.0,0.0,0.0,0.0,0.0,0.0,0.0,0.0,0.0,0.0,0.0,0.0,0.0,0.0,0.0,0.0,0.0,0.0,0.0,0.0,0.0
group:slma_family,469,469; 471; 472,SLM/A family,group:slma_family,2025-05,2025-05-01,2025,5,64.0,South Sudan; Sudan,ucdp_actor_metadata_fallback,2,1.0986122886681098,False,True,2172.0,368.0,7.6838639802564295,5.910796644040527,0.0,0.0,0.0,0.0,0.0,0.0,0.0,0.0,0.0,0.0,0.0,0.0,0.0,0.0,0.0,0.0,0.0,0.0,0.0,0.0,0.0,0.0,0.0,0.0,0.0,0.0,0.0,0.0,0.0,0.0,0.0,0.0,0.0,0.0,0.0,0.0,0.0,0.0,0.0,0.0,0.0,0.0,0.0,0.0,0.0,0.0,0.0,0.0,0.0,0.0,0.0,0.0,0.0
group:slma_family,469,469; 471; 472,SLM/A family,group:slma_family,2025-06,2025-06-01,2025,6,65.0,South Sudan; Sudan,ucdp_actor_metadata_fallback,2,1.0986122886681098,False,True,368.0,1135.0,5.910796644040527,7.035268599281097,0.0,0.0,0.0,0.0,0.0,0.0,0.0,0.0,0.0,0.0,0.0,0.0,0.0,0.0,0.0,0.0,0.0,0.0,0.0,0.0,0.0,0.0,0.0,0.0,0.0,0.0,0.0,0.0,0.0,0.0,0.0,0.0,0.0,0.0,0.0,0.0,0.0,0.0,0.0,0.0,0.0,0.0,0.0,0.0,0.0,0.0,0.0,0.0,0.0,0.0,0.0,0.0,0.0
group:slma_family,469,469; 471; 472,SLM/A family,group:slma_family,2025-07,2025-07-01,2025,7,66.0,South Sudan; Sudan,ucdp_actor_metadata_fallback,2,1.0986122886681098,False,True,1135.0,1064.0,7.035268599281097,6.970730078143525,1.0,1.0,1.0,1.0,0.0,1.0,1.0,0.0,0.0,0.0,0.0,0.0,0.0,0.0,0.0,0.0,0.0,1.0,0.0,0.0,0.0,0.0,1.0,0.6931471805599453,1.0,0.6931471805599453,0.0,0.0,0.0,0.0,0.0,0.0,0.0,0.0,0.0,0.0,0.0,0.0,0.0,0.0,0.0,0.0,0.0,0.0,0.0,0.0,1.0,0.6931471805599453,0.0,0.0,0.0,0.0,0.6931471805599453
group:slma_family,469,469; 471; 472,SLM/A family,group:slma_family,2025-08,2025-08-01,2025,8,67.0,South Sudan; Sudan,ucdp_actor_metadata_fallback,2,1.0986122886681098,False,True,1064.0,849.0,6.970730078143525,6.745236349484363,0.0,0.0,0.0,0.0,0.0,0.0,0.0,0.0,0.0,0.0,0.0,0.0,0.0,0.0,0.0,0.0,0.0,0.0,0.0,0.0,0.0,0.0,0.0,0.0,0.0,0.0,0.0,0.0,0.0,0.0,0.0,0.0,0.0,0.0,0.0,0.0,0.0,0.0,0.0,0.0,0.0,0.0,0.0,0.0,0.0,0.0,0.0,0.0,0.0,0.0,0.0,0.0,0.0
group:slma_family,469,469; 471; 472,SLM/A family,group:slma_family,2025-09,2025-09-01,2025,9,68.0,South Sudan; Sudan,ucdp_actor_metadata_fallback,2,1.0986122886681098,False,True,849.0,61425.0,6.745236349484363,11.025588477273143,2.0,2.0,2.0,1.0,2.0,2.0,2.0,2.0,1.0,0.0,0.0,2.0,0.0,0.0,0.0,0.0,0.0,0.0,0.0,0.0,1.0,1.0986122886681098,1.0,1.0986122886681098,1.0,1.0986122886681098,1.0,1.0986122886681098,0.5,0.6931471805599453,0.0,0.0,0.0,0.0,1.0,1.0986122886681098,0.0,0.0,0.0,0.0,0.0,0.0,0.0,0.0,0.0,0.0,0.0,0.0,0.0,0.0,0.0,0.0,1.0986122886681098
group:slma_family,469,469; 471; 472,SLM/A family,group:slma_family,2025-10,2025-10-01,2025,10,69.0,South Sudan; Sudan,ucdp_actor_metadata_fallback,2,1.0986122886681098,False,True,61425.0,621.0,11.025588477273143,6.432940092739179,0.0,0.0,0.0,0.0,0.0,0.0,0.0,0.0,0.0,0.0,0.0,0.0,0.0,0.0,0.0,0.0,0.0,0.0,0.0,0.0,0.0,0.0,0.0,0.0,0.0,0.0,0.0,0.0,0.0,0.0,0.0,0.0,0.0,0.0,0.0,0.0,0.0,0.0,0.0,0.0,0.0,0.0,0.0,0.0,0.0,0.0,0.0,0.0,0.0,0.0,0.0,0.0,0.0
group:slma_family,469,469; 471; 472,SLM/A family,group:slma_family,2025-11,2025-11-01,2025,11,70.0,South Sudan; Sudan,ucdp_actor_metadata_fallback,2,1.0986122886681098,False,True,621.0,798.0,6.432940092739179,6.683360945766275,0.0,0.0,0.0,0.0,0.0,0.0,0.0,0.0,0.0,0.0,0.0,0.0,0.0,0.0,0.0,0.0,0.0,0.0,0.0,0.0,0.0,0.0,0.0,0.0,0.0,0.0,0.0,0.0,0.0,0.0,0.0,0.0,0.0,0.0,0.0,0.0,0.0,0.0,0.0,0.0,0.0,0.0,0.0,0.0,0.0,0.0,0.0,0.0,0.0,0.0,0.0,0.0,0.0
group:slma_family,469,469; 471; 472,SLM/A family,group:slma_family,2025-12,2025-12-01,2025,12,71.0,South Sudan; Sudan,ucdp_actor_metadata_fallback,2,1.0986122886681098,False,False,798.0,,6.683360945766275,,0.0,0.0,0.0,0.0,0.0,0.0,0.0,0.0,0.0,0.0,0.0,0.0,0.0,0.0,0.0,0.0,0.0,0.0,0.0,0.0,0.0,0.0,0.0,0.0,0.0,0.0,0.0,0.0,0.0,0.0,0.0,0.0,0.0,0.0,0.0,0.0,0.0,0.0,0.0,0.0,0.0,0.0,0.0,0.0,0.0,0.0,0.0,0.0,0.0,0.0,0.0,0.0,0.0
303,303,303,Taleban,303,2020-01,2020-01-01,2020,1,0.0,Afghanistan; Pakistan,ged_rolling_24m,2,1.0986122886681098,False,True,1708.0,2843.0,7.443663683115591,7.952966790923131,428.0,428.0,428.0,1.0,344.0,388.0,332.0,394.0,217.0,0.0,281.0,22.0,0.0,0.0,38.0,0.0,1.0,84.0,0.0,2.0,0.8037383177570093,5.84354441703136,0.9065420560747663,5.963579343618446,0.7757009345794392,5.808142489980444,0.9205607476635514,5.978885764901122,0.5070093457943925,5.384495062789089,0.0,0.0,0.6565420560747663,5.641907070938114,0.0514018691588785,3.1354942159291497,0.0,0.0,0.0,0.0,0.08878504672897196,3.6635616461296463,0.0,0.0,0.002336448598130841,0.6931471805599453,0.19626168224299065,4.442651256490317,0.0,0.0,0.004672897196261682,1.0986122886681098,6.061456918928017
303,303,303,Taleban,303,2020-02,2020-02-01,2020,2,1.0,Afghanistan; Pakistan,ged_rolling_24m,2,1.0986122886681098,False,True,2843.0,1207.0,7.952966790923131,7.0967213784947605,403.0,403.0,403.0,1.0,328.0,367.0,275.0,363.0,208.0,0.0,161.0,12.0,2.0,0.0,32.0,1.0,2.0,191.0,1.0,1.0,0.8138957816377171,5.796057750765372,0.9106699751861043,5.908082938168931,0.6823821339950372,5.62040086571715,0.9007444168734491,5.8971538676367405,0.5161290322580645,5.342334251964811,0.0,0.0,0.39950372208436724,5.087596335232384,0.02977667493796526,2.5649493574615367,0.004962779156327543,1.0986122886681098,0.0,0.0,0.0794044665012407,3.4965075614664802,0.0024813895781637717,0.6931471805599453,0.004962779156327543,1.0986122886681098,0.4739454094292804,5.2574953720277815,0.0024813895781637717,0.6931471805599453,0.0024813895781637717,0.6931471805599453,6.0014148779611505
303,303,303,Taleban,303,2020-03,2020-03-01,2020,3,2.0,Afghanistan; Pakistan,ged_rolling_24m,2,1.0986122886681098,False,True,1207.0,1086.0,7.0967213784947605,6.99117688712121,649.0,649.0,649.0,1.0,546.0,595.0,415.0,564.0,303.0,0.0,344.0,16.0,1.0,0.0,52.0,1.0,0.0,233.0,0.0,2.0,0.8412942989214176,6.304448802421981,0.9167950693374423,6.39024066706535,0.6394453004622496,6.030685260261263,0.8690292758089369,6.336825731146441,0.46687211093990755,5.717027701406222,0.0,0.0,0.5300462249614792,5.84354441703136,0.02465331278890601,2.833213344056216,0.0015408320493066256,0.6931471805599453,0.0,0.0,0.08012326656394453,3.970291913552122,0.0015408320493066256,0.6931471805599453,0.0,0.0,0.35901386748844377,5.455321115357702,0.0,0.0,0.0030816640986132513,1.0986122886681098,6.476972362889683
303,303,303,Taleban,303,2020-04,2020-04-01,2020,4,3.0,Afghanistan; Pakistan,ged_rolling_24m,2,1.0986122886681098,False,True,1086.0,1199.0,6.99117688712121,7.090076835776092,310.0,310.0,310.0,1.0,272.0,295.0,228.0,276.0,123.0,0.0,170.0,15.0,1.0,0.0,15.0,0.0,0.0,109.0,0.0,0.0,0.8774193548387097,5.60947179518496,0.9516129032258065,5.69035945432406,0.7354838709677419,5.43372200355424,0.8903225806451613,5.6240175061873385,0.3967741935483871,4.820281565605037,0.0,0.0,0.5483870967741935,5.14166355650266,0.04838709677419355,2.772588722239781,0.0032258064516129032,0.6931471805599453,0.0,0.0,0.04838709677419355,2.772588722239781,0.0,0.0,0.0,0.0,0.35161290322580646,4.700480365792417,0.0,0.0,0.0,0.0,5.739792912179234
303,303,303,Taleban,303,2020-05,2020-05-01,2020,5,4.0,Afghanistan; Pakistan,ged_rolling_24m,2,1.0986122886681098,False,True,1199.0,1509.0,7.090076835776092,7.31986492980897,497.0,497.0,497.0,1.0,445.0,475.0,415.0,467.0,275.0,0.0,314.0,23.0,2.0,0.0,21.0,0.0,0.0,136.0,0.0,1.0,0.8953722334004024,6.100318952020064,0.9557344064386318,6.16541785423142,0.8350100603621731,6.030685260261263,0.9396378269617707,6.148468295917647,0.5533199195171026,5.62040086571715,0.0,0.0,0.6317907444668008,5.752572638825633,0.04627766599597585,3.1780538303479458,0.004024144869215292,1.0986122886681098,0.0,0.0,0.04225352112676056,3.091042453358316,0.0,0.0,0.0,0.0,0.27364185110663986,4.919980925828125,0.0,0.0,0.002012072434607646,0.6931471805599453,6.210600077024653
303,303,303,Taleban,303,2020-06,2020-06-01,2020,6,5.0,Afghanistan; Pakistan,ged_rolling_24m,2,1.0986122886681098,False,True,1509.0,1614.0,7.31986492980897,7.387090235656757,419.0,419.0,419.0,1.0,301.0,377.0,258.0,339.0,170.0,0.0,181.0,29.0,0.0,0.0,41.0,0.0,1.0,166.0,0.0,1.0,0.7183770883054893,5.71042701737487,0.8997613365155132,5.934894195619588,0.6157517899761337,5.556828061699537,0.8090692124105012,5.8289456176102075,0.40572792362768495,5.14166355650266,0.0,0.0,0.431980906921241,5.204006687076795,0.06921241050119331,3.4011973816621555,0.0,0.0,0.0,0.0,0.09785202863961814,3.7376696182833684,0.0,0.0,0.002386634844868735,0.6931471805599453,0.39618138424821003,5.117993812416755,0.0,0.0,0.002386634844868735,0.6931471805599453,6.040254711277414
303,303,303,Taleban,303,2020-07,2020-07-01,2020,7,6.0,Afghanistan; Pakistan,ged_rolling_24m,2,1.0986122886681098,False,True,1614.0,1408.0,7.387090235656757,7.25063551189868,543.0,543.0,543.0,1.0,439.0,507.0,366.0,451.0,302.0,0.0,258.0,47.0,0.0,0.0,30.0,1.0,2.0,204.0,0.0,1.0,0.8084714548802947,6.0867747269123065,0.9337016574585635,6.230481447578482,0.6740331491712708,5.905361848054571,0.8305709023941068,6.113682179832232,0.5561694290976059,5.713732805509369,0.0,0.0,0.47513812154696133,5.556828061699537,0.0865561694290976,3.871201010907891,0.0,0.0,0.0,0.0,0.055248618784530384,3.4339872044851463,0.001841620626151013,0.6931471805599453,0.003683241252302026,1.0986122886681098,0.3756906077348066,5.3230099791384085,0.0,0.0,0.001841620626151013,0.6931471805599453,6.298949246855942
303,303,303,Taleban,303,2020-08,2020-08-01,2020,8,7.0,Afghanistan; Pakistan,ged_rolling_24m,2,1.0986122886681098,False,True,1408.0,1820.0,7.25063551189868,7.507141079727608,334.0,334.0,334.0,1.0,287.0,316.0,235.0,299.0,183.0,0.0,194.0,24.0,0.0,0.0,16.0,2.0,0.0,97.0,1.0,0.0,0.8592814371257484,5.662960480135946,0.9461077844311377,5.75890177387728,0.7035928143712575,5.4638318050256105,0.8952095808383234,5.703782474656201,0.5479041916167665,5.214935757608986,0.0,0.0,0.5808383233532934,5.272999558563747,0.0718562874251497,3.2188758248682006,0.0,0.0,0.0,0.0,0.04790419161676647,2.833213344056216,0.005988023952095809,1.0986122886681098,0.0,0.0,0.2904191616766467,4.584967478670572,0.0029940119760479044,0.6931471805599453,0.0,0.0,5.814130531825066
303,303,303,Taleban,303,2020-09,2020-09-01,2020,9,8.0,Afghanistan; Pakistan,ged_rolling_24m,2,1.0986122886681098,False,True,1820.0,2769.0,7.507141079727608,7.926602599181384,397.0,397.0,397.0,1.0,339.0,374.0,303.0,352.0,182.0,0.0,244.0,12.0,2.0,0.0,19.0,5.0,1.0,113.0,0.0,1.0,0.853904282115869,5.8289456176102075,0.9420654911838791,5.926926025970411,0.7632241813602015,5.717027701406222,0.8866498740554156,5.8664680569332965,0.45843828715365237,5.209486152841421,0.0,0.0,0.6146095717884131,5.501258210544727,0.030226700251889168,2.5649493574615367,0.005037783375314861,1.0986122886681098,0.0,0.0,0.04785894206549118,2.995732273553991,0.012594458438287154,1.791759469228055,0.0025188916876574307,0.6931471805599453,0.28463476070528965,4.736198448394496,0.0,0.0,0.0025188916876574307,0.6931471805599453,5.986452005284438
303,303,303,Taleban,303,2020-10,2020-10-01,2020,10,9.0,Afghanistan; Pakistan,ged_rolling_24m,2,1.0986122886681098,False,True,2769.0,1983.0,7.926602599181384,7.592870287844818,349.0,349.0,349.0,1.0,296.0,327.0,257.0,324.0,207.0,0.0,228.0,18.0,0.0,0.0,18.0,0.0,2.0,81.0,1.0,1.0,0.8481375358166189,5.6937321388027,0.9369627507163324,5.793013608384144,0.7363896848137536,5.552959584921617,0.9283667621776505,5.783825182329737,0.5931232091690545,5.337538079701318,0.0,0.0,0.6532951289398281,5.43372200355424,0.05157593123209169,2.9444389791664403,0.0,0.0,0.0,0.0,0.05157593123209169,2.9444389791664403,0.0,0.0,0.0057306590257879654,1.0986122886681098,0.23209169054441262,4.406719247264253,0.0028653295128939827,0.6931471805599453,0.0028653295128939827,0.6931471805599453,5.857933154483459
303,303,303,Taleban,303,2020-11,2020-11-01,2020,11,10.0,Afghanistan; Pakistan,ged_rolling_24m,2,1.0986122886681098,False,True,1983.0,2099.0,7.592870287844818,7.649692623711514,235.0,235.0,235.0,1.0,193.0,225.0,178.0,219.0,142.0,0.0,133.0,7.0,1.0,0.0,9.0,2.0,1.0,82.0,0.0,0.0,0.8212765957446808,5.267858159063328,0.9574468085106383,5.420534999272286,0.7574468085106383,5.187385805840755,0.9319148936170213,5.393627546352362,0.6042553191489362,4.962844630259907,0.0,0.0,0.5659574468085107,4.897839799950911,0.029787234042553193,2.0794415416798357,0.00425531914893617,0.6931471805599453,0.0,0.0,0.03829787234042553,2.302585092994046,0.00851063829787234,1.0986122886681098,0.00425531914893617,0.6931471805599453,0.34893617021276596,4.418840607796598,0.0,0.0,0.0,0.0,5.4638318050256105
303,303,303,Taleban,303,2020-12,2020-12-01,2020,12,11.0,Afghanistan; Pakistan,ged_rolling_24m,2,1.0986122886681098,False,True,2099.0,2740.0,7.649692623711514,7.916078096302786,295.0,295.0,295.0,1.0,257.0,285.0,249.0,277.0,195.0,0.0,181.0,23.0,1.0,0.0,8.0,2.0,1.0,78.0,0.0,1.0,0.8711864406779661,5.552959584921617,0.9661016949152542,5.655991810819852,0.8440677966101695,5.521460917862246,0.9389830508474576,5.627621113690637,0.6610169491525424,5.278114659230517,0.0,0.0,0.6135593220338983,5.204006687076795,0.07796610169491526,3.1780538303479458,0.003389830508474576,0.6931471805599453,0.0,0.0,0.02711864406779661,2.1972245773362196,0.006779661016949152,1.0986122886681098,0.003389830508474576,0.6931471805599453,0.26440677966101694,4.3694478524670215,0.0,0.0,0.003389830508474576,0.6931471805599453,5.69035945432406
303,303,303,Taleban,303,2021-01,2021-01-01,2021,1,12.0,Afghanistan; Pakistan,ged_rolling_24m,2,1.0986122886681098,False,True,2740.0,2098.0,7.916078096302786,7.649216319820633,331.0,331.0,331.0,1.0,273.0,314.0,230.0,284.0,184.0,0.0,166.0,18.0,0.0,0.0,17.0,2.0,3.0,124.0,1.0,0.0,0.824773413897281,5.6131281063880705,0.9486404833836858,5.752572638825633,0.6948640483383686,5.442417710521793,0.8580060422960725,5.652489180268651,0.5558912386706949,5.220355825078324,0.0,0.0,0.5015105740181269,5.117993812416755,0.054380664652567974,2.9444389791664403,0.0,0.0,0.0,0.0,0.0513595166163142,2.8903717578961645,0.006042296072507553,1.0986122886681098,0.00906344410876133,1.3862943611198906,0.37462235649546827,4.8283137373023015,0.0030211480362537764,0.6931471805599453,0.0,0.0,5.805134968916488
303,303,303,Taleban,303,2021-02,2021-02-01,2021,2,13.0,Afghanistan; Pakistan,ged_rolling_24m,2,1.0986122886681098,False,True,2098.0,1806.0,7.649216319820633,7.499423290592229,291.0,291.0,291.0,1.0,239.0,279.0,195.0,247.0,150.0,0.0,143.0,13.0,1.0,0.0,11.0,0.0,2.0,120.0,1.0,0.0,0.8213058419243986,5.480638923341991,0.9587628865979382,5.634789603169249,0.6701030927835051,5.278114659230517,0.8487972508591065,5.5134287461649825,0.5154639175257731,5.017279836814924,0.0,0.0,0.49140893470790376,4.969813299576001,0.044673539518900345,2.6390573296152584,0.003436426116838488,0.6931471805599453,0.0,0.0,0.037800687285223365,2.4849066497880004,0.0,0.0,0.006872852233676976,1.0986122886681098,0.41237113402061853,4.795790545596741,0.003436426116838488,0.6931471805599453,0.0,0.0,5.676753802268282
303,303,303,Taleban,303,2021-03,2021-03-01,2021,3,14.0,Afghanistan; Pakistan,ged_rolling_24m,2,1.0986122886681098,False,True,1806.0,2842.0,7.499423290592229,7.952615111651,269.0,269.0,269.0,1.0,218.0,256.0,140.0,233.0,129.0,0.0,100.0,21.0,2.0,0.0,11.0,1.0,2.0,130.0,2.0,0.0,0.8104089219330854,5.389071729816501,0.9516728624535316,5.54907608489522,0.5204460966542751,4.948759890378168,0.8661710037174721,5.455321115357702,0.4795539033457249,4.867534450455582,0.0,0.0,0.37174721189591076,4.61512051684126,0.07806691449814127,3.091042453358316,0.007434944237918215,1.0986122886681098,0.0,0.0,0.040892193308550186,2.4849066497880004,0.0037174721189591076,0.6931471805599453,0.007434944237918215,1.0986122886681098,0.483271375464684,4.875197323201151,0.007434944237918215,1.0986122886681098,0.0,0.0,5.598421958998375
303,303,303,Taleban,303,2021-04,2021-04-01,2021,4,15.0,Afghanistan; Pakistan,ged_rolling_24m,2,1.0986122886681098,False,True,2842.0,5039.0,7.952615111651,8.525161361065415,360.0,360.0,360.0,1.0,292.0,344.0,225.0,288.0,163.0,1.0,146.0,12.0,0.0,0.0,15.0,0.0,0.0,186.0,0.0,0.0,0.8111111111111111,5.680172609017068,0.9555555555555556,5.84354441703136,0.625,5.420534999272286,0.8,5.666426688112432,0.4527777777777778,5.099866427824199,0.002777777777777778,0.6931471805599453,0.40555555555555556,4.990432586778736,0.03333333333333333,2.5649493574615367,0.0,0.0,0.0,0.0,0.041666666666666664,2.772588722239781,0.0,0.0,0.0,0.0,0.5166666666666667,5.231108616854587,0.0,0.0,0.0,0.0,5.8888779583328805
303,303,303,Taleban,303,2021-05,2021-05-01,2021,5,16.0,Afghanistan; Pakistan,ged_rolling_24m,2,1.0986122886681098,False,True,5039.0,7688.0,8.525161361065415,8.94754601503218,567.0,567.0,567.0,1.0,501.0,546.0,408.0,514.0,299.0,0.0,321.0,34.0,0.0,0.0,19.0,1.0,1.0,189.0,0.0,2.0,0.8835978835978836,6.218600119691729,0.9629629629629629,6.304448802421981,0.7195767195767195,6.013715156042802,0.9065255731922398,6.244166900663736,0.527336860670194,5.703782474656201,0.0,0.0,0.5661375661375662,5.7745515455444085,0.059964726631393295,3.5553480614894135,0.0,0.0,0.0,0.0,0.03350970017636684,2.995732273553991,0.001763668430335097,0.6931471805599453,0.001763668430335097,0.6931471805599453,0.3333333333333333,5.247024072160486,0.0,0.0,0.003527336860670194,1.0986122886681098,6.342121418721152
303,303,303,Taleban,303,2021-06,2021-06-01,2021,6,17.0,Afghanistan; Pakistan,ged_rolling_24m,2,1.0986122886681098,False,True,7688.0,8467.0,8.94754601503218,9.044049632254756,675.0,675.0,675.0,1.0,574.0,630.0,352.0,601.0,285.0,0.0,348.0,43.0,0.0,0.0,41.0,1.0,2.0,239.0,0.0,1.0,0.8503703703703703,6.354370040797351,0.9333333333333333,6.447305862541213,0.5214814814814814,5.8664680569332965,0.8903703703703704,6.400257445308821,0.4222222222222222,5.655991810819852,0.0,0.0,0.5155555555555555,5.855071922202427,0.0637037037037037,3.784189633918261,0.0,0.0,0.0,0.0,0.06074074074074074,3.7376696182833684,0.0014814814814814814,0.6931471805599453,0.002962962962962963,1.0986122886681098,0.3540740740740741,5.480638923341991,0.0,0.0,0.0014814814814814814,0.6931471805599453,6.516193076042964
303,303,303,Taleban,303,2021-07,2021-07-01,2021,7,18.0,Afghanistan; Pakistan,ged_rolling_24m,2,1.0986122886681098,False,True,8467.0,5160.0,9.044049632254756,8.548885638148727,2000.0,2000.0,2000.0,1.0,1717.0,1900.0,926.0,1752.0,816.0,3.0,990.0,116.0,1.0,0.0,93.0,16.0,3.0,771.0,5.0,2.0,0.8585,7.4489161025442,0.95,7.550135342488429,0.463,6.831953565565855,0.876,7.469083884921234,0.408,6.705639094860003,0.0015,1.3862943611198906,0.495,6.898714534329988,0.058,4.762173934797756,0.0005,0.6931471805599453,0.0,0.0,0.0465,4.543294782270004,0.008,2.833213344056216,0.0015,1.3862943611198906,0.3855,6.648984550024776,0.0025,1.791759469228055,0.001,1.0986122886681098,7.601402334583733
303,303,303,Taleban,303,2021-08,2021-08-01,2021,8,19.0,Afghanistan; Pakistan,ged_rolling_24m,2,1.0986122886681098,False,True,5160.0,565.0,8.548885638148727,6.338594078203183,199.0,199.0,199.0,1.0,163.0,188.0,106.0,168.0,95.0,0.0,101.0,16.0,0.0,0.0,9.0,1.0,0.0,71.0,1.0,0.0,0.8190954773869347,5.099866427824199,0.9447236180904522,5.241747015059643,0.5326633165829145,4.672828834461906,0.8442211055276382,5.1298987149230735,0.47738693467336685,4.564348191467836,0.0,0.0,0.507537688442211,4.624972813284271,0.08040201005025126,2.833213344056216,0.0,0.0,0.0,0.0,0.04522613065326633,2.302585092994046,0.005025125628140704,0.6931471805599453,0.0,0.0,0.35678391959798994,4.276666119016055,0.005025125628140704,0.6931471805599453,0.0,0.0,5.298317366548036
303,303,303,Taleban,303,2021-09,2021-09-01,2021,9,20.0,Afghanistan; Pakistan,ged_rolling_24m,2,1.0986122886681098,False,True,565.0,284.0,6.338594078203183,5.652489180268651,2262.0,2262.0,2262.0,1.0,1673.0,2091.0,1067.0,1701.0,955.0,4.0,679.0,261.0,6.0,0.0,160.0,23.0,19.0,1049.0,53.0,8.0,0.7396109637488948,7.422971251049421,0.9244031830238727,7.645875825184813,0.47170645446507514,6.97354301952014,0.7519893899204244,7.43955930913332,0.42219274977895666,6.862757913051401,0.0017683465959328027,1.6094379124341003,0.3001768346595933,6.522092798170152,0.11538461538461539,5.568344503761097,0.002652519893899204,1.9459101490553132,0.0,0.0,0.07073386383731212,5.081404364984463,0.010167992926613616,3.1780538303479458,0.008399646330680813,2.995732273553991,0.46374889478337755,6.956545443151569,0.023430592396109638,3.9889840465642745,0.0035366931918656055,2.1972245773362196,7.724446645633537
303,303,303,Taleban,303,2021-10,2021-10-01,2021,10,21.0,Afghanistan; Pakistan,ged_rolling_24m,2,1.0986122886681098,False,True,284.0,90.0,5.652489180268651,4.51085950651685,981.0,981.0,981.0,1.0,722.0,887.0,564.0,728.0,463.0,1.0,312.0,158.0,1.0,0.0,89.0,6.0,19.0,391.0,2.0,2.0,0.7359836901121305,6.583409222158765,0.9041794087665648,6.78897174299217,0.5749235474006116,6.336825731146441,0.7420998980632009,6.591673732008658,0.47196738022426094,6.139884552226255,0.0010193679918450561,0.6931471805599453,0.3180428134556575,5.746203190540153,0.16106014271151886,5.0689042022202315,0.0010193679918450561,0.6931471805599453,0.0,0.0,0.09072375127421,4.499809670330265,0.0061162079510703364,1.9459101490553132,0.019367991845056064,2.995732273553991,0.3985728848114169,5.971261839790462,0.0020387359836901123,1.0986122886681098,0.0020387359836901123,1.0986122886681098,6.889591308354466
303,303,303,Taleban,303,2021-11,2021-11-01,2021,11,22.0,Afghanistan; Pakistan,ged_rolling_24m,2,1.0986122886681098,False,True,90.0,65.0,4.51085950651685,4.189654742026425,591.0,591.0,591.0,1.0,397.0,529.0,312.0,431.0,254.0,0.0,189.0,76.0,2.0,0.0,58.0,1.0,14.0,250.0,0.0,1.0,0.6717428087986463,5.986452005284438,0.8950930626057529,6.272877006546167,0.5279187817258884,5.746203190540153,0.7292724196277496,6.068425588244111,0.42978003384094754,5.541263545158426,0.0,0.0,0.3197969543147208,5.247024072160486,0.12859560067681894,4.343805421853684,0.00338409475465313,1.0986122886681098,0.0,0.0,0.09813874788494077,4.07753744390572,0.001692047377326565,0.6931471805599453,0.023688663282571912,2.70805020110221,0.4230118443316413,5.5254529391317835,0.0,0.0,0.001692047377326565,0.6931471805599453,6.3835066348840055
303,303,303,Taleban,303,2021-12,2021-12-01,2021,12,23.0,Afghanistan; Pakistan,ged_rolling_24m,2,1.0986122886681098,False,True,65.0,96.0,4.189654742026425,4.574710978503383,469.0,469.0,469.0,1.0,305.0,417.0,178.0,321.0,155.0,1.0,104.0,64.0,2.0,0.0,51.0,1.0,11.0,223.0,11.0,1.0,0.650319829424307,5.723585101952381,0.8891257995735607,6.035481432524756,0.3795309168443497,5.187385805840755,0.6844349680170576,5.7745515455444085,0.3304904051172708,5.049856007249537,0.0021321961620469083,0.6931471805599453,0.22174840085287847,4.653960350157523,0.13646055437100213,4.174387269895637,0.0042643923240938165,1.0986122886681098,0.0,0.0,0.10874200426439233,3.9512437185814275,0.0021321961620469083,0.6931471805599453,0.023454157782515993,2.4849066497880004,0.47547974413646055,5.4116460518550396,0.023454157782515993,2.4849066497880004,0.0021321961620469083,0.6931471805599453,6.152732694704104
303,303,303,Taleban,303,2022-01,2022-01-01,2022,1,24.0,Afghanistan; Pakistan,ged_rolling_24m,2,1.0986122886681098,False,True,96.0,108.0,4.574710978503383,4.6913478822291435,376.0,376.0,376.0,1.0,239.0,340.0,172.0,259.0,133.0,0.0,80.0,55.0,0.0,0.0,32.0,1.0,1.0,203.0,4.0,0.0,0.6356382978723404,5.480638923341991,0.9042553191489362,5.831882477283517,0.4574468085106383,5.153291594497779,0.6888297872340425,5.560681631015528,0.3537234042553192,4.897839799950911,0.0,0.0,0.2127659574468085,4.394449154672439,0.14627659574468085,4.02535169073515,0.0,0.0,0.0,0.0,0.0851063829787234,3.4965075614664802,0.0026595744680851063,0.6931471805599453,0.0026595744680851063,0.6931471805599453,0.5398936170212766,5.318119993844216,0.010638297872340425,1.6094379124341003,0.0,0.0,5.932245187448011
303,303,303,Taleban,303,2022-02,2022-02-01,2022,2,25.0,Afghanistan; Pakistan,ged_rolling_24m,2,1.0986122886681098,False,True,108.0,180.0,4.6913478822291435,5.198497031265826,213.0,213.0,213.0,1.0,144.0,194.0,100.0,144.0,85.0,0.0,51.0,22.0,1.0,0.0,19.0,0.0,5.0,115.0,0.0,0.0,0.676056338028169,4.976733742420574,0.9107981220657277,5.272999558563747,0.4694835680751174,4.61512051684126,0.676056338028169,4.976733742420574,0.39906103286384975,4.454347296253507,0.0,0.0,0.23943661971830985,3.9512437185814275,0.10328638497652583,3.1354942159291497,0.004694835680751174,0.6931471805599453,0.0,0.0,0.0892018779342723,2.995732273553991,0.0,0.0,0.023474178403755867,1.791759469228055,0.539906103286385,4.7535901911063645,0.0,0.0,0.0,0.0,5.365976015021851
303,303,303,Taleban,303,2022-03,2022-03-01,2022,3,26.0,Afghanistan; Pakistan,ged_rolling_24m,2,1.0986122886681098,False,True,180.0,466.0,5.198497031265826,6.1463292576688975,194.0,194.0,194.0,1.0,123.0,178.0,85.0,132.0,75.0,0.0,45.0,23.0,3.0,0.0,13.0,2.0,6.0,101.0,0.0,1.0,0.634020618556701,4.820281565605037,0.9175257731958762,5.187385805840755,0.4381443298969072,4.454347296253507,0.6804123711340206,4.890349128221754,0.3865979381443299,4.330733340286331,0.0,0.0,0.23195876288659795,3.828641396489095,0.11855670103092783,3.1780538303479458,0.015463917525773196,1.3862943611198906,0.0,0.0,0.06701030927835051,2.6390573296152584,0.010309278350515464,1.0986122886681098,0.030927835051546393,1.9459101490553132,0.520618556701031,4.624972813284271,0.0,0.0,0.005154639175257732,0.6931471805599453,5.272999558563747
303,303,303,Taleban,303,2022-04,2022-04-01,2022,4,27.0,Afghanistan; Pakistan,ged_rolling_24m,2,1.0986122886681098,False,True,466.0,221.0,6.1463292576688975,5.402677381872279,237.0,237.0,237.0,1.0,189.0,224.0,172.0,205.0,141.0,1.0,122.0,24.0,1.0,0.0,12.0,2.0,2.0,73.0,0.0,0.0,0.7974683544303798,5.247024072160486,0.9451476793248945,5.41610040220442,0.7257383966244726,5.153291594497779,0.8649789029535865,5.327876168789581,0.5949367088607594,4.955827057601261,0.004219409282700422,0.6931471805599453,0.5147679324894515,4.812184355372417,0.10126582278481013,3.2188758248682006,0.004219409282700422,0.6931471805599453,0.0,0.0,0.05063291139240506,2.5649493574615367,0.008438818565400843,1.0986122886681098,0.008438818565400843,1.0986122886681098,0.3080168776371308,4.30406509320417,0.0,0.0,0.0,0.0,5.472270673671475
303,303,303,Taleban,303,2022-05,2022-05-01,2022,5,28.0,Afghanistan; Pakistan,ged_rolling_24m,2,1.0986122886681098,False,True,221.0,203.0,5.402677381872279,5.318119993844216,204.0,204.0,204.0,1.0,136.0,191.0,96.0,155.0,85.0,0.0,83.0,9.0,0.0,0.0,13.0,1.0,4.0,94.0,0.0,0.0,0.6666666666666666,4.919980925828125,0.9362745098039216,5.2574953720277815,0.47058823529411764,4.574710978503383,0.7598039215686274,5.049856007249537,0.4166666666666667,4.454347296253507,0.0,0.0,0.4068627450980392,4.430816798843313,0.04411764705882353,2.302585092994046,0.0,0.0,0.0,0.0,0.06372549019607843,2.6390573296152584,0.004901960784313725,0.6931471805599453,0.0196078431372549,1.6094379124341003,0.46078431372549017,4.553876891600541,0.0,0.0,0.0,0.0,5.3230099791384085
303,303,303,Taleban,303,2022-06,2022-06-01,2022,6,29.0,Afghanistan; Pakistan,ged_rolling_24m,2,1.0986122886681098,False,True,203.0,144.0,5.318119993844216,4.976733742420574,224.0,224.0,224.0,1.0,155.0,204.0,131.0,187.0,89.0,0.0,98.0,31.0,0.0,0.0,20.0,0.0,6.0,68.0,1.0,0.0,0.6919642857142857,5.049856007249537,0.9107142857142857,5.3230099791384085,0.5848214285714286,4.882801922586371,0.8348214285714286,5.236441962829949,0.39732142857142855,4.499809670330265,0.0,0.0,0.4375,4.59511985013459,0.13839285714285715,3.4657359027997265,0.0,0.0,0.0,0.0,0.08928571428571429,3.044522437723423,0.0,0.0,0.026785714285714284,1.9459101490553132,0.30357142857142855,4.23410650459726,0.004464285714285714,0.6931471805599453,0.0,0.0,5.41610040220442
303,303,303,Taleban,303,2022-07,2022-07-01,2022,7,30.0,Afghanistan; Pakistan,ged_rolling_24m,2,1.0986122886681098,False,True,144.0,119.0,4.976733742420574,4.787491742782046,157.0,157.0,157.0,1.0,97.0,141.0,87.0,117.0,64.0,0.0,47.0,28.0,1.0,0.0,15.0,1.0,3.0,59.0,3.0,0.0,0.6178343949044586,4.584967478670572,0.8980891719745223,4.955827057601261,0.554140127388535,4.477336814478207,0.7452229299363057,4.770684624465665,0.40764331210191085,4.174387269895637,0.0,0.0,0.29936305732484075,3.871201010907891,0.17834394904458598,3.367295829986474,0.006369426751592357,0.6931471805599453,0.0,0.0,0.09554140127388536,2.772588722239781,0.006369426751592357,0.6931471805599453,0.01910828025477707,1.3862943611198906,0.37579617834394907,4.0943445622221,0.01910828025477707,1.3862943611198906,0.0,0.0,5.062595033026967
303,303,303,Taleban,303,2022-08,2022-08-01,2022,8,31.0,Afghanistan; Pakistan,ged_rolling_24m,2,1.0986122886681098,False,True,119.0,390.0,4.787491742782046,5.968707559985366,504.0,504.0,504.0,1.0,363.0,473.0,327.0,423.0,319.0,1.0,209.0,59.0,0.0,0.0,28.0,2.0,4.0,199.0,1.0,1.0,0.7202380952380952,5.8971538676367405,0.9384920634920635,6.161207321695077,0.6488095238095238,5.793013608384144,0.8392857142857143,6.049733455231958,0.6329365079365079,5.768320995793772,0.001984126984126984,0.6931471805599453,0.4146825396825397,5.3471075307174685,0.11706349206349206,4.0943445622221,0.0,0.0,0.0,0.0,0.05555555555555555,3.367295829986474,0.003968253968253968,1.0986122886681098,0.007936507936507936,1.6094379124341003,0.3948412698412698,5.298317366548036,0.001984126984126984,0.6931471805599453,0.001984126984126984,0.6931471805599453,6.22455842927536
303,303,303,Taleban,303,2022-09,2022-09-01,2022,9,32.0,Afghanistan; Pakistan,ged_rolling_24m,2,1.0986122886681098,False,True,390.0,145.0,5.968707559985366,4.983606621708336,279.0,279.0,279.0,1.0,208.0,253.0,178.0,231.0,163.0,1.0,128.0,41.0,1.0,0.0,23.0,0.0,0.0,76.0,7.0,2.0,0.7455197132616488,5.342334251964811,0.9068100358422939,5.537334267018537,0.6379928315412187,5.187385805840755,0.8279569892473119,5.44673737166631,0.5842293906810035,5.099866427824199,0.0035842293906810036,0.6931471805599453,0.45878136200716846,4.859812404361672,0.14695340501792115,3.7376696182833684,0.0035842293906810036,0.6931471805599453,0.0,0.0,0.08243727598566308,3.1780538303479458,0.0,0.0,0.0,0.0,0.2724014336917563,4.343805421853684,0.025089605734767026,2.0794415416798357,0.007168458781362007,1.0986122886681098,5.634789603169249
303,303,303,Taleban,303,2022-10,2022-10-01,2022,10,33.0,Afghanistan; Pakistan,ged_rolling_24m,2,1.0986122886681098,False,True,145.0,113.0,4.983606621708336,4.736198448394496,201.0,201.0,201.0,1.0,158.0,191.0,132.0,164.0,100.0,0.0,88.0,28.0,0.0,0.0,10.0,1.0,3.0,66.0,5.0,0.0,0.7860696517412935,5.0689042022202315,0.9502487562189055,5.2574953720277815,0.6567164179104478,4.890349128221754,0.8159203980099502,5.10594547390058,0.4975124378109453,4.61512051684126,0.0,0.0,0.43781094527363185,4.48863636973214,0.13930348258706468,3.367295829986474,0.0,0.0,0.0,0.0,0.04975124378109453,2.3978952727983707,0.004975124378109453,0.6931471805599453,0.014925373134328358,1.3862943611198906,0.3283582089552239,4.204692619390966,0.024875621890547265,1.791759469228055,0.0,0.0,5.308267697401205
303,303,303,Taleban,303,2022-11,2022-11-01,2022,11,34.0,Afghanistan; Pakistan,ged_rolling_24m,2,1.0986122886681098,False,True,113.0,196.0,4.736198448394496,5.2832037287379885,155.0,155.0,155.0,1.0,103.0,143.0,95.0,126.0,66.0,0.0,52.0,22.0,1.0,0.0,12.0,0.0,3.0,65.0,0.0,0.0,0.6645161290322581,4.6443908991413725,0.9225806451612903,4.969813299576001,0.6129032258064516,4.564348191467836,0.8129032258064516,4.844187086458591,0.4258064516129032,4.204692619390966,0.0,0.0,0.33548387096774196,3.970291913552122,0.14193548387096774,3.1354942159291497,0.0064516129032258064,0.6931471805599453,0.0,0.0,0.07741935483870968,2.5649493574615367,0.0,0.0,0.01935483870967742,1.3862943611198906,0.41935483870967744,4.189654742026425,0.0,0.0,0.0,0.0,5.049856007249537
303,303,303,Taleban,303,2022-12,2022-12-01,2022,12,35.0,Afghanistan; Pakistan,ged_rolling_24m,2,1.0986122886681098,False,True,196.0,217.0,5.2832037287379885,5.384495062789089,280.0,280.0,280.0,1.0,224.0,265.0,176.0,232.0,136.0,0.0,119.0,21.0,1.0,0.0,15.0,2.0,3.0,116.0,3.0,0.0,0.8,5.41610040220442,0.9464285714285714,5.583496308781699,0.6285714285714286,5.176149732573829,0.8285714285714286,5.4510384535657,0.4857142857142857,4.919980925828125,0.0,0.0,0.425,4.787491742782046,0.075,3.091042453358316,0.0035714285714285713,0.6931471805599453,0.0,0.0,0.05357142857142857,2.772588722239781,0.007142857142857143,1.0986122886681098,0.010714285714285714,1.3862943611198906,0.4142857142857143,4.762173934797756,0.010714285714285714,1.3862943611198906,0.0,0.0,5.638354669333745
303,303,303,Taleban,303,2023-01,2023-01-01,2023,1,36.0,Afghanistan; Pakistan,ged_rolling_24m,2,1.0986122886681098,False,True,217.0,94.0,5.384495062789089,4.553876891600541,518.0,518.0,518.0,1.0,248.0,418.0,306.0,416.0,194.0,0.0,115.0,29.0,1.0,0.0,97.0,1.0,4.0,265.0,5.0,1.0,0.47876447876447875,5.517452896464707,0.806949806949807,6.037870919922137,0.5907335907335908,5.726847747587197,0.803088803088803,6.0330862217988015,0.3745173745173745,5.272999558563747,0.0,0.0,0.222007722007722,4.7535901911063645,0.055984555984555984,3.4011973816621555,0.0019305019305019305,0.6931471805599453,0.0,0.0,0.18725868725868725,4.584967478670572,0.0019305019305019305,0.6931471805599453,0.007722007722007722,1.6094379124341003,0.5115830115830116,5.583496308781699,0.009652509652509652,1.791759469228055,0.0019305019305019305,0.6931471805599453,6.251903883165888
303,303,303,Taleban,303,2023-02,2023-02-01,2023,2,37.0,Afghanistan; Pakistan,ged_rolling_24m,2,1.0986122886681098,False,True,94.0,108.0,4.553876891600541,4.6913478822291435,197.0,197.0,197.0,1.0,137.0,183.0,123.0,144.0,92.0,0.0,80.0,7.0,1.0,0.0,14.0,1.0,3.0,91.0,0.0,0.0,0.6954314720812182,4.927253685157205,0.9289340101522843,5.214935757608986,0.6243654822335025,4.820281565605037,0.7309644670050761,4.976733742420574,0.467005076142132,4.532599493153256,0.0,0.0,0.40609137055837563,4.394449154672439,0.03553299492385787,2.0794415416798357,0.005076142131979695,0.6931471805599453,0.0,0.0,0.07106598984771574,2.70805020110221,0.005076142131979695,0.6931471805599453,0.015228426395939087,1.3862943611198906,0.4619289340101523,4.5217885770490405,0.0,0.0,0.0,0.0,5.288267030694535
303,303,303,Taleban,303,2023-03,2023-03-01,2023,3,38.0,Afghanistan; Pakistan,ged_rolling_24m,2,1.0986122886681098,False,True,108.0,122.0,4.6913478822291435,4.812184355372417,247.0,247.0,247.0,1.0,168.0,224.0,150.0,187.0,129.0,0.0,107.0,12.0,1.0,0.0,23.0,0.0,3.0,97.0,4.0,0.0,0.680161943319838,5.1298987149230735,0.9068825910931174,5.41610040220442,0.6072874493927125,5.017279836814924,0.757085020242915,5.236441962829949,0.5222672064777328,4.867534450455582,0.0,0.0,0.4331983805668016,4.68213122712422,0.048582995951417005,2.5649493574615367,0.004048582995951417,0.6931471805599453,0.0,0.0,0.0931174089068826,3.1780538303479458,0.0,0.0,0.012145748987854251,1.3862943611198906,0.39271255060728744,4.584967478670572,0.016194331983805668,1.6094379124341003,0.0,0.0,5.5134287461649825
303,303,303,Taleban,303,2023-04,2023-04-01,2023,4,39.0,Afghanistan; Pakistan,ged_rolling_24m,2,1.0986122886681098,False,True,122.0,91.0,4.812184355372417,4.5217885770490405,358.0,358.0,358.0,1.0,266.0,327.0,223.0,287.0,166.0,0.0,139.0,15.0,1.0,0.0,30.0,3.0,3.0,165.0,2.0,0.0,0.7430167597765364,5.58724865840025,0.9134078212290503,5.793013608384144,0.6229050279329609,5.4116460518550396,0.8016759776536313,5.662960480135946,0.46368715083798884,5.117993812416755,0.0,0.0,0.388268156424581,4.941642422609304,0.04189944134078212,2.772588722239781,0.002793296089385475,0.6931471805599453,0.0,0.0,0.08379888268156424,3.4339872044851463,0.008379888268156424,1.3862943611198906,0.008379888268156424,1.3862943611198906,0.46089385474860334,5.111987788356544,0.00558659217877095,1.0986122886681098,0.0,0.0,5.883322388488279
303,303,303,Taleban,303,2023-05,2023-05-01,2023,5,40.0,Afghanistan,ged_rolling_24m,1,0.6931471805599453,False,True,18.0,45.0,2.9444389791664403,3.828641396489095,289.0,289.0,289.0,1.0,197.0,257.0,174.0,218.0,128.0,0.0,129.0,20.0,2.0,0.0,28.0,2.0,5.0,102.0,1.0,0.0,0.6816608996539792,5.288267030694535,0.889273356401384,5.552959584921617,0.6020761245674741,5.1647859739235145,0.754325259515571,5.389071729816501,0.4429065743944637,4.859812404361672,0.0,0.0,0.4463667820069204,4.867534450455582,0.06920415224913495,3.044522437723423,0.006920415224913495,1.0986122886681098,0.0,0.0,0.09688581314878893,3.367295829986474,0.006920415224913495,1.0986122886681098,0.01730103806228374,1.791759469228055,0.35294117647058826,4.634728988229636,0.0034602076124567475,0.6931471805599453,0.0,0.0,5.66988092298052
303,303,303,Taleban,303,2023-06,2023-06-01,2023,6,41.0,Afghanistan,ged_rolling_24m,1,0.6931471805599453,False,True,45.0,15.0,3.828641396489095,2.772588722239781,222.0,222.0,222.0,1.0,131.0,203.0,149.0,175.0,106.0,0.0,70.0,33.0,1.0,0.0,19.0,0.0,2.0,95.0,2.0,0.0,0.5900900900900901,4.882801922586371,0.9144144144144144,5.318119993844216,0.6711711711711712,5.0106352940962555,0.7882882882882883,5.170483995038151,0.4774774774774775,4.672828834461906,0.0,0.0,0.3153153153153153,4.2626798770413155,0.14864864864864866,3.5263605246161616,0.0045045045045045045,0.6931471805599453,0.0,0.0,0.08558558558558559,2.995732273553991,0.0,0.0,0.009009009009009009,1.0986122886681098,0.42792792792792794,4.564348191467836,0.009009009009009009,1.0986122886681098,0.0,0.0,5.407171771460119
303,303,303,Taleban,303,2023-07,2023-07-01,2023,7,42.0,Afghanistan,ged_rolling_24m,1,0.6931471805599453,False,True,15.0,27.0,2.772588722239781,3.332204510175204,204.0,204.0,204.0,1.0,105.0,177.0,112.0,143.0,81.0,0.0,47.0,22.0,1.0,0.0,26.0,0.0,3.0,101.0,3.0,1.0,0.5147058823529411,4.663439094112067,0.8676470588235294,5.181783550292085,0.5490196078431373,4.727387818712341,0.7009803921568627,4.969813299576001,0.39705882352941174,4.406719247264253,0.0,0.0,0.23039215686274508,3.871201010907891,0.10784313725490197,3.1354942159291497,0.004901960784313725,0.6931471805599453,0.0,0.0,0.12745098039215685,3.295836866004329,0.0,0.0,0.014705882352941176,1.3862943611198906,0.4950980392156863,4.624972813284271,0.014705882352941176,1.3862943611198906,0.004901960784313725,0.6931471805599453,5.3230099791384085
303,303,303,Taleban,303,2023-08,2023-08-01,2023,8,43.0,Afghanistan,ged_rolling_24m,1,0.6931471805599453,False,True,27.0,13.0,3.332204510175204,2.6390573296152584,243.0,243.0,243.0,1.0,127.0,220.0,138.0,185.0,95.0,0.0,53.0,29.0,0.0,0.0,21.0,2.0,1.0,134.0,2.0,1.0,0.522633744855967,4.852030263919617,0.9053497942386831,5.3981627015177525,0.5679012345679012,4.9344739331306915,0.7613168724279835,5.225746673713202,0.39094650205761317,4.564348191467836,0.0,0.0,0.21810699588477367,3.9889840465642745,0.11934156378600823,3.4011973816621555,0.0,0.0,0.0,0.0,0.08641975308641975,3.091042453358316,0.00823045267489712,1.0986122886681098,0.00411522633744856,0.6931471805599453,0.551440329218107,4.90527477843843,0.00823045267489712,1.0986122886681098,0.00411522633744856,0.6931471805599453,5.497168225293202
303,303,303,Taleban,303,2023-09,2023-09-01,2023,9,44.0,Afghanistan; Pakistan,ucdp_actor_metadata_fallback,2,1.0986122886681098,False,True,162.0,169.0,5.093750200806762,5.135798437050262,204.0,204.0,204.0,1.0,133.0,187.0,96.0,141.0,74.0,0.0,63.0,23.0,3.0,0.0,16.0,1.0,4.0,92.0,1.0,1.0,0.6519607843137255,4.897839799950911,0.9166666666666666,5.236441962829949,0.47058823529411764,4.574710978503383,0.6911764705882353,4.955827057601261,0.3627450980392157,4.31748811353631,0.0,0.0,0.3088235294117647,4.1588830833596715,0.11274509803921569,3.1780538303479458,0.014705882352941176,1.3862943611198906,0.0,0.0,0.0784313725490196,2.833213344056216,0.004901960784313725,0.6931471805599453,0.0196078431372549,1.6094379124341003,0.45098039215686275,4.532599493153256,0.004901960784313725,0.6931471805599453,0.004901960784313725,0.6931471805599453,5.3230099791384085
303,303,303,Taleban,303,2023-10,2023-10-01,2023,10,45.0,Afghanistan; Pakistan,ucdp_actor_metadata_fallback,2,1.0986122886681098,False,True,169.0,158.0,5.135798437050262,5.0689042022202315,143.0,143.0,143.0,1.0,66.0,117.0,82.0,105.0,49.0,1.0,22.0,25.0,3.0,0.0,24.0,1.0,1.0,66.0,0.0,0.0,0.46153846153846156,4.204692619390966,0.8181818181818182,4.770684624465665,0.5734265734265734,4.418840607796598,0.7342657342657343,4.663439094112067,0.34265734265734266,3.912023005428146,0.006993006993006993,0.6931471805599453,0.15384615384615385,3.1354942159291497,0.17482517482517482,3.258096538021482,0.02097902097902098,1.3862943611198906,0.0,0.0,0.16783216783216784,3.2188758248682006,0.006993006993006993,0.6931471805599453,0.006993006993006993,0.6931471805599453,0.46153846153846156,4.204692619390966,0.0,0.0,0.0,0.0,4.969813299576001
303,303,303,Taleban,303,2023-11,2023-11-01,2023,11,46.0,Afghanistan; Pakistan,ucdp_actor_metadata_fallback,2,1.0986122886681098,False,True,158.0,94.0,5.0689042022202315,4.553876891600541,1.0,1.0,1.0,1.0,0.0,0.0,0.0,0.0,0.0,0.0,0.0,0.0,0.0,0.0,1.0,0.0,0.0,0.0,0.0,0.0,0.0,0.0,0.0,0.0,0.0,0.0,0.0,0.0,0.0,0.0,0.0,0.0,0.0,0.0,0.0,0.0,0.0,0.0,0.0,0.0,1.0,0.6931471805599453,0.0,0.0,0.0,0.0,0.0,0.0,0.0,0.0,0.0,0.0,0.6931471805599453
303,303,303,Taleban,303,2023-12,2023-12-01,2023,12,47.0,Afghanistan; Pakistan,ucdp_actor_metadata_fallback,2,1.0986122886681098,False,True,94.0,135.0,4.553876891600541,4.912654885736052,114.0,114.0,114.0,1.0,64.0,102.0,53.0,90.0,46.0,0.0,25.0,9.0,0.0,0.0,11.0,0.0,2.0,67.0,0.0,0.0,0.5614035087719298,4.174387269895637,0.8947368421052632,4.634728988229636,0.4649122807017544,3.9889840465642745,0.7894736842105263,4.51085950651685,0.40350877192982454,3.8501476017100584,0.0,0.0,0.21929824561403508,3.258096538021482,0.07894736842105263,2.302585092994046,0.0,0.0,0.0,0.0,0.09649122807017543,2.4849066497880004,0.0,0.0,0.017543859649122806,1.0986122886681098,0.5877192982456141,4.219507705176107,0.0,0.0,0.0,0.0,4.74493212836325
303,303,303,Taleban,303,2024-01,2024-01-01,2024,1,48.0,Afghanistan; Pakistan,ucdp_actor_metadata_fallback,2,1.0986122886681098,False,True,135.0,100.0,4.912654885736052,4.61512051684126,104.0,104.0,104.0,1.0,62.0,94.0,61.0,81.0,48.0,0.0,27.0,6.0,0.0,0.0,9.0,1.0,0.0,60.0,0.0,1.0,0.5961538461538461,4.143134726391533,0.9038461538461539,4.553876891600541,0.5865384615384616,4.127134385045092,0.7788461538461539,4.406719247264253,0.46153846153846156,3.8918202981106265,0.0,0.0,0.25961538461538464,3.332204510175204,0.057692307692307696,1.9459101490553132,0.0,0.0,0.0,0.0,0.08653846153846154,2.302585092994046,0.009615384615384616,0.6931471805599453,0.0,0.0,0.5769230769230769,4.110873864173311,0.0,0.0,0.009615384615384616,0.6931471805599453,4.653960350157523
303,303,303,Taleban,303,2024-02,2024-02-01,2024,2,49.0,Afghanistan; Pakistan,ucdp_actor_metadata_fallback,2,1.0986122886681098,False,True,100.0,155.0,4.61512051684126,5.049856007249537,120.0,120.0,120.0,1.0,58.0,105.0,59.0,91.0,45.0,0.0,17.0,11.0,0.0,0.0,15.0,0.0,3.0,74.0,0.0,0.0,0.48333333333333334,4.07753744390572,0.875,4.663439094112067,0.49166666666666664,4.0943445622221,0.7583333333333333,4.5217885770490405,0.375,3.828641396489095,0.0,0.0,0.14166666666666666,2.8903717578961645,0.09166666666666666,2.4849066497880004,0.0,0.0,0.0,0.0,0.125,2.772588722239781,0.0,0.0,0.025,1.3862943611198906,0.6166666666666667,4.31748811353631,0.0,0.0,0.0,0.0,4.795790545596741
303,303,303,Taleban,303,2024-03,2024-03-01,2024,3,50.0,Afghanistan; Pakistan,ucdp_actor_metadata_fallback,2,1.0986122886681098,False,True,155.0,136.0,5.049856007249537,4.919980925828125,244.0,244.0,244.0,1.0,167.0,227.0,173.0,207.0,141.0,0.0,117.0,7.0,0.0,0.0,16.0,2.0,0.0,102.0,0.0,0.0,0.6844262295081968,5.123963979403259,0.930327868852459,5.429345628954441,0.7090163934426229,5.159055299214529,0.8483606557377049,5.337538079701318,0.5778688524590164,4.955827057601261,0.0,0.0,0.47950819672131145,4.770684624465665,0.028688524590163935,2.0794415416798357,0.0,0.0,0.0,0.0,0.06557377049180328,2.833213344056216,0.00819672131147541,1.0986122886681098,0.0,0.0,0.4180327868852459,4.634728988229636,0.0,0.0,0.0,0.0,5.501258210544727
303,303,303,Taleban,303,2024-04,2024-04-01,2024,4,51.0,Afghanistan; Pakistan,ucdp_actor_metadata_fallback,2,1.0986122886681098,False,True,136.0,172.0,4.919980925828125,5.153291594497779,132.0,132.0,132.0,1.0,75.0,117.0,69.0,101.0,55.0,0.0,26.0,10.0,1.0,0.0,14.0,1.0,0.0,79.0,0.0,1.0,0.5681818181818182,4.330733340286331,0.8863636363636364,4.770684624465665,0.5227272727272727,4.248495242049359,0.7651515151515151,4.624972813284271,0.4166666666666667,4.02535169073515,0.0,0.0,0.19696969696969696,3.295836866004329,0.07575757575757576,2.3978952727983707,0.007575757575757576,0.6931471805599453,0.0,0.0,0.10606060606060606,2.70805020110221,0.007575757575757576,0.6931471805599453,0.0,0.0,0.5984848484848485,4.382026634673881,0.0,0.0,0.007575757575757576,0.6931471805599453,4.890349128221754
303,303,303,Taleban,303,2024-05,2024-05-01,2024,5,52.0,Pakistan,ged_rolling_24m,1,0.6931471805599453,False,True,125.0,82.0,4.836281906951478,4.418840607796598,179.0,179.0,179.0,1.0,128.0,161.0,134.0,161.0,85.0,1.0,91.0,21.0,1.0,0.0,17.0,0.0,4.0,40.0,4.0,0.0,0.7150837988826816,4.859812404361672,0.8994413407821229,5.087596335232384,0.7486033519553073,4.90527477843843,0.8994413407821229,5.087596335232384,0.4748603351955307,4.454347296253507,0.00558659217877095,0.6931471805599453,0.5083798882681564,4.5217885770490405,0.11731843575418995,3.091042453358316,0.00558659217877095,0.6931471805599453,0.0,0.0,0.09497206703910614,2.8903717578961645,0.0,0.0,0.0223463687150838,1.6094379124341003,0.22346368715083798,3.713572066704308,0.0223463687150838,1.6094379124341003,0.0,0.0,5.19295685089021
303,303,303,Taleban,303,2024-06,2024-06-01,2024,6,53.0,Pakistan,ged_rolling_24m,1,0.6931471805599453,False,True,82.0,182.0,4.418840607796598,5.209486152841421,93.0,93.0,93.0,1.0,50.0,85.0,45.0,64.0,26.0,0.0,14.0,12.0,0.0,0.0,8.0,3.0,0.0,56.0,0.0,0.0,0.5376344086021505,3.9318256327243257,0.9139784946236559,4.454347296253507,0.4838709677419355,3.828641396489095,0.6881720430107527,4.174387269895637,0.27956989247311825,3.295836866004329,0.0,0.0,0.15053763440860216,2.70805020110221,0.12903225806451613,2.5649493574615367,0.0,0.0,0.0,0.0,0.08602150537634409,2.1972245773362196,0.03225806451612903,1.3862943611198906,0.0,0.0,0.6021505376344086,4.04305126783455,0.0,0.0,0.0,0.0,4.543294782270004
303,303,303,Taleban,303,2024-07,2024-07-01,2024,7,54.0,Pakistan,ged_rolling_24m,1,0.6931471805599453,False,True,182.0,222.0,5.209486152841421,5.407171771460119,96.0,96.0,96.0,1.0,49.0,81.0,50.0,65.0,41.0,0.0,11.0,8.0,1.0,0.0,16.0,1.0,7.0,51.0,1.0,0.0,0.5104166666666666,3.912023005428146,0.84375,4.406719247264253,0.5208333333333334,3.9318256327243257,0.6770833333333334,4.189654742026425,0.4270833333333333,3.7376696182833684,0.0,0.0,0.11458333333333333,2.4849066497880004,0.08333333333333333,2.1972245773362196,0.010416666666666666,0.6931471805599453,0.0,0.0,0.16666666666666666,2.833213344056216,0.010416666666666666,0.6931471805599453,0.07291666666666667,2.0794415416798357,0.53125,3.9512437185814275,0.010416666666666666,0.6931471805599453,0.0,0.0,4.574710978503383
303,303,303,Taleban,303,2024-08,2024-08-01,2024,8,55.0,Pakistan,ged_rolling_24m,1,0.6931471805599453,False,True,222.0,162.0,5.407171771460119,5.093750200806762,137.0,137.0,137.0,1.0,84.0,129.0,67.0,106.0,56.0,0.0,31.0,16.0,0.0,0.0,8.0,0.0,3.0,79.0,0.0,0.0,0.6131386861313869,4.442651256490317,0.9416058394160584,4.867534450455582,0.48905109489051096,4.219507705176107,0.7737226277372263,4.672828834461906,0.40875912408759124,4.04305126783455,0.0,0.0,0.22627737226277372,3.4657359027997265,0.11678832116788321,2.833213344056216,0.0,0.0,0.0,0.0,0.058394160583941604,2.1972245773362196,0.0,0.0,0.021897810218978103,1.3862943611198906,0.5766423357664233,4.382026634673881,0.0,0.0,0.0,0.0,4.927253685157205
303,303,303,Taleban,303,2024-09,2024-09-01,2024,9,56.0,Pakistan,ged_rolling_24m,1,0.6931471805599453,False,True,162.0,185.0,5.093750200806762,5.225746673713202,170.0,170.0,170.0,1.0,120.0,162.0,121.0,142.0,104.0,0.0,78.0,7.0,1.0,0.0,6.0,1.0,1.0,76.0,0.0,0.0,0.7058823529411765,4.795790545596741,0.9529411764705882,5.093750200806762,0.711764705882353,4.804021044733257,0.8352941176470589,4.962844630259907,0.611764705882353,4.653960350157523,0.0,0.0,0.4588235294117647,4.3694478524670215,0.041176470588235294,2.0794415416798357,0.0058823529411764705,0.6931471805599453,0.0,0.0,0.03529411764705882,1.9459101490553132,0.0058823529411764705,0.6931471805599453,0.0058823529411764705,0.6931471805599453,0.4470588235294118,4.343805421853684,0.0,0.0,0.0,0.0,5.14166355650266
303,303,303,Taleban,303,2024-10,2024-10-01,2024,10,57.0,Pakistan,ged_rolling_24m,1,0.6931471805599453,False,True,185.0,337.0,5.225746673713202,5.823045895483019,115.0,115.0,115.0,1.0,83.0,111.0,66.0,89.0,56.0,0.0,46.0,9.0,1.0,0.0,4.0,0.0,1.0,52.0,2.0,0.0,0.7217391304347827,4.430816798843313,0.9652173913043478,4.718498871295094,0.5739130434782609,4.204692619390966,0.7739130434782608,4.499809670330265,0.48695652173913045,4.04305126783455,0.0,0.0,0.4,3.8501476017100584,0.0782608695652174,2.302585092994046,0.008695652173913044,0.6931471805599453,0.0,0.0,0.034782608695652174,1.6094379124341003,0.0,0.0,0.008695652173913044,0.6931471805599453,0.45217391304347826,3.970291913552122,0.017391304347826087,1.0986122886681098,0.0,0.0,4.7535901911063645
303,303,303,Taleban,303,2024-11,2024-11-01,2024,11,58.0,Pakistan,ged_rolling_24m,1,0.6931471805599453,False,True,337.0,242.0,5.823045895483019,5.493061443340548,82.0,82.0,82.0,1.0,48.0,75.0,39.0,56.0,37.0,0.0,20.0,12.0,0.0,0.0,7.0,0.0,1.0,42.0,0.0,0.0,0.5853658536585366,3.8918202981106265,0.9146341463414634,4.330733340286331,0.47560975609756095,3.6888794541139363,0.6829268292682927,4.04305126783455,0.45121951219512196,3.6375861597263857,0.0,0.0,0.24390243902439024,3.044522437723423,0.14634146341463414,2.5649493574615367,0.0,0.0,0.0,0.0,0.08536585365853659,2.0794415416798357,0.0,0.0,0.012195121951219513,0.6931471805599453,0.5121951219512195,3.7612001156935624,0.0,0.0,0.0,0.0,4.418840607796598
303,303,303,Taleban,303,2024-12,2024-12-01,2024,12,59.0,Pakistan,ged_rolling_24m,1,0.6931471805599453,False,True,242.0,295.0,5.493061443340548,5.69035945432406,296.0,296.0,296.0,1.0,250.0,284.0,236.0,272.0,204.0,0.0,202.0,11.0,0.0,0.0,10.0,2.0,3.0,67.0,1.0,0.0,0.8445945945945946,5.5254529391317835,0.9594594594594594,5.652489180268651,0.7972972972972973,5.4680601411351315,0.918918918918919,5.60947179518496,0.6891891891891891,5.3230099791384085,0.0,0.0,0.6824324324324325,5.313205979041787,0.037162162162162164,2.4849066497880004,0.0,0.0,0.0,0.0,0.033783783783783786,2.3978952727983707,0.006756756756756757,1.0986122886681098,0.010135135135135136,1.3862943611198906,0.22635135135135134,4.219507705176107,0.0033783783783783786,0.6931471805599453,0.0,0.0,5.6937321388027
303,303,303,Taleban,303,2025-01,2025-01-01,2025,1,60.0,Pakistan,ged_rolling_24m,1,0.6931471805599453,False,True,295.0,241.0,5.69035945432406,5.488937726156687,160.0,160.0,160.0,1.0,107.0,149.0,84.0,126.0,72.0,0.0,48.0,9.0,2.0,0.0,7.0,0.0,0.0,94.0,0.0,0.0,0.66875,4.68213122712422,0.93125,5.0106352940962555,0.525,4.442651256490317,0.7875,4.844187086458591,0.45,4.290459441148391,0.0,0.0,0.3,3.8918202981106265,0.05625,2.302585092994046,0.0125,1.0986122886681098,0.0,0.0,0.04375,2.0794415416798357,0.0,0.0,0.0,0.0,0.5875,4.553876891600541,0.0,0.0,0.0,0.0,5.081404364984463
303,303,303,Taleban,303,2025-02,2025-02-01,2025,2,61.0,Pakistan,ged_rolling_24m,1,0.6931471805599453,False,True,241.0,342.0,5.488937726156687,5.8377304471659395,133.0,133.0,133.0,1.0,107.0,128.0,83.0,103.0,60.0,0.0,60.0,7.0,1.0,0.0,5.0,2.0,4.0,54.0,0.0,0.0,0.8045112781954887,4.68213122712422,0.9624060150375939,4.859812404361672,0.6240601503759399,4.430816798843313,0.7744360902255639,4.6443908991413725,0.45112781954887216,4.110873864173311,0.0,0.0,0.45112781954887216,4.110873864173311,0.05263157894736842,2.0794415416798357,0.007518796992481203,0.6931471805599453,0.0,0.0,0.03759398496240601,1.791759469228055,0.015037593984962405,1.0986122886681098,0.03007518796992481,1.6094379124341003,0.40601503759398494,4.007333185232471,0.0,0.0,0.0,0.0,4.897839799950911
303,303,303,Taleban,303,2025-03,2025-03-01,2025,3,62.0,Pakistan,ged_rolling_24m,1,0.6931471805599453,False,True,342.0,225.0,5.8377304471659395,5.420534999272286,167.0,167.0,167.0,1.0,130.0,163.0,104.0,142.0,88.0,0.0,65.0,12.0,4.0,0.0,3.0,0.0,1.0,82.0,0.0,0.0,0.7784431137724551,4.875197323201151,0.9760479041916168,5.099866427824199,0.6227544910179641,4.653960350157523,0.8502994011976048,4.962844630259907,0.5269461077844312,4.48863636973214,0.0,0.0,0.38922155688622756,4.189654742026425,0.0718562874251497,2.5649493574615367,0.023952095808383235,1.6094379124341003,0.0,0.0,0.017964071856287425,1.3862943611198906,0.0,0.0,0.005988023952095809,0.6931471805599453,0.49101796407185627,4.418840607796598,0.0,0.0,0.0,0.0,5.123963979403259
303,303,303,Taleban,303,2025-04,2025-04-01,2025,4,63.0,Pakistan,ged_rolling_24m,1,0.6931471805599453,False,True,225.0,245.0,5.420534999272286,5.5053315359323625,85.0,85.0,85.0,1.0,55.0,78.0,37.0,58.0,26.0,1.0,18.0,9.0,0.0,0.0,5.0,1.0,1.0,50.0,0.0,0.0,0.6470588235294118,4.02535169073515,0.9176470588235294,4.3694478524670215,0.43529411764705883,3.6375861597263857,0.6823529411764706,4.07753744390572,0.3058823529411765,3.295836866004329,0.011764705882352941,0.6931471805599453,0.21176470588235294,2.9444389791664403,0.10588235294117647,2.302585092994046,0.0,0.0,0.0,0.0,0.058823529411764705,1.791759469228055,0.011764705882352941,0.6931471805599453,0.011764705882352941,0.6931471805599453,0.5882352941176471,3.9318256327243257,0.0,0.0,0.0,0.0,4.454347296253507
303,303,303,Taleban,303,2025-05,2025-05-01,2025,5,64.0,Pakistan,ged_rolling_24m,1,0.6931471805599453,False,True,245.0,165.0,5.5053315359323625,5.111987788356544,89.0,89.0,89.0,1.0,53.0,77.0,57.0,73.0,43.0,0.0,27.0,11.0,0.0,0.0,12.0,0.0,0.0,39.0,0.0,0.0,0.5955056179775281,3.9889840465642745,0.8651685393258427,4.356708826689592,0.6404494382022472,4.060443010546419,0.8202247191011236,4.30406509320417,0.48314606741573035,3.784189633918261,0.0,0.0,0.30337078651685395,3.332204510175204,0.12359550561797752,2.4849066497880004,0.0,0.0,0.0,0.0,0.1348314606741573,2.5649493574615367,0.0,0.0,0.0,0.0,0.43820224719101125,3.6888794541139363,0.0,0.0,0.0,0.0,4.499809670330265
303,303,303,Taleban,303,2025-06,2025-06-01,2025,6,65.0,Pakistan,ged_rolling_24m,1,0.6931471805599453,False,True,165.0,205.0,5.111987788356544,5.327876168789581,33.0,33.0,33.0,1.0,19.0,31.0,20.0,30.0,14.0,0.0,10.0,3.0,0.0,0.0,2.0,1.0,0.0,17.0,0.0,0.0,0.5757575757575758,2.995732273553991,0.9393939393939394,3.4657359027997265,0.6060606060606061,3.044522437723423,0.9090909090909091,3.4339872044851463,0.42424242424242425,2.70805020110221,0.0,0.0,0.30303030303030304,2.3978952727983707,0.09090909090909091,1.3862943611198906,0.0,0.0,0.0,0.0,0.06060606060606061,1.0986122886681098,0.030303030303030304,0.6931471805599453,0.0,0.0,0.5151515151515151,2.8903717578961645,0.0,0.0,0.0,0.0,3.5263605246161616
303,303,303,Taleban,303,2025-07,2025-07-01,2025,7,66.0,Pakistan,ged_rolling_24m,1,0.6931471805599453,False,True,205.0,228.0,5.327876168789581,5.43372200355424,120.0,120.0,120.0,1.0,80.0,111.0,63.0,85.0,39.0,0.0,29.0,11.0,0.0,0.0,6.0,0.0,3.0,69.0,0.0,2.0,0.6666666666666666,4.394449154672439,0.925,4.718498871295094,0.525,4.1588830833596715,0.7083333333333334,4.454347296253507,0.325,3.6888794541139363,0.0,0.0,0.24166666666666667,3.4011973816621555,0.09166666666666666,2.4849066497880004,0.0,0.0,0.0,0.0,0.05,1.9459101490553132,0.0,0.0,0.025,1.3862943611198906,0.575,4.248495242049359,0.0,0.0,0.016666666666666666,1.0986122886681098,4.795790545596741
303,303,303,Taleban,303,2025-08,2025-08-01,2025,8,67.0,Pakistan,ged_rolling_24m,1,0.6931471805599453,False,True,228.0,378.0,5.43372200355424,5.937536205082426,107.0,107.0,107.0,1.0,58.0,97.0,52.0,79.0,38.0,0.0,23.0,3.0,2.0,1.0,9.0,0.0,1.0,68.0,0.0,0.0,0.5420560747663551,4.07753744390572,0.9065420560747663,4.584967478670572,0.48598130841121495,3.970291913552122,0.7383177570093458,4.382026634673881,0.35514018691588783,3.6635616461296463,0.0,0.0,0.21495327102803738,3.1780538303479458,0.028037383177570093,1.3862943611198906,0.018691588785046728,1.0986122886681098,0.009345794392523364,0.6931471805599453,0.08411214953271028,2.302585092994046,0.0,0.0,0.009345794392523364,0.6931471805599453,0.6355140186915887,4.23410650459726,0.0,0.0,0.0,0.0,4.68213122712422
303,303,303,Taleban,303,2025-09,2025-09-01,2025,9,68.0,Pakistan,ged_rolling_24m,1,0.6931471805599453,False,True,378.0,450.0,5.937536205082426,6.111467339502679,178.0,178.0,178.0,1.0,128.0,155.0,111.0,132.0,54.0,0.0,57.0,16.0,0.0,0.0,20.0,0.0,4.0,80.0,0.0,1.0,0.7191011235955056,4.859812404361672,0.8707865168539326,5.049856007249537,0.6235955056179775,4.718498871295094,0.7415730337078652,4.890349128221754,0.30337078651685395,4.007333185232471,0.0,0.0,0.3202247191011236,4.060443010546419,0.0898876404494382,2.833213344056216,0.0,0.0,0.0,0.0,0.11235955056179775,3.044522437723423,0.0,0.0,0.02247191011235955,1.6094379124341003,0.449438202247191,4.394449154672439,0.0,0.0,0.0056179775280898875,0.6931471805599453,5.187385805840755
303,303,303,Taleban,303,2025-10,2025-10-01,2025,10,69.0,Pakistan,ged_rolling_24m,1,0.6931471805599453,False,True,450.0,334.0,6.111467339502679,5.814130531825066,756.0,756.0,756.0,1.0,672.0,739.0,552.0,678.0,510.0,0.0,436.0,13.0,0.0,0.0,14.0,1.0,0.0,291.0,0.0,1.0,0.8888888888888888,6.511745329644728,0.9775132275132276,6.606650186198215,0.7301587301587301,6.315358001522335,0.8968253968253969,6.520621127558696,0.6746031746031746,6.236369590203704,0.0,0.0,0.5767195767195767,6.07993319509559,0.017195767195767195,2.6390573296152584,0.0,0.0,0.0,0.0,0.018518518518518517,2.70805020110221,0.0013227513227513227,0.6931471805599453,0.0,0.0,0.38492063492063494,5.676753802268282,0.0,0.0,0.0013227513227513227,0.6931471805599453,6.6293632534374485
303,303,303,Taleban,303,2025-11,2025-11-01,2025,11,70.0,Pakistan,ged_rolling_24m,1,0.6931471805599453,False,True,334.0,223.0,5.814130531825066,5.4116460518550396,259.0,259.0,259.0,1.0,214.0,246.0,181.0,235.0,163.0,0.0,122.0,8.0,0.0,0.0,10.0,0.0,1.0,117.0,0.0,1.0,0.8262548262548263,5.3706380281276624,0.9498069498069498,5.5093883366279774,0.6988416988416989,5.204006687076795,0.9073359073359073,5.4638318050256105,0.6293436293436293,5.099866427824199,0.0,0.0,0.47104247104247104,4.812184355372417,0.03088803088803089,2.1972245773362196,0.0,0.0,0.0,0.0,0.03861003861003861,2.3978952727983707,0.0,0.0,0.003861003861003861,0.6931471805599453,0.4517374517374517,4.770684624465665,0.0,0.0,0.003861003861003861,0.6931471805599453,5.560681631015528
303,303,303,Taleban,303,2025-12,2025-12-01,2025,12,71.0,Pakistan,ged_rolling_24m,1,0.6931471805599453,False,False,223.0,,5.4116460518550396,,168.0,168.0,168.0,1.0,137.0,164.0,125.0,157.0,107.0,0.0,80.0,12.0,2.0,0.0,5.0,1.0,0.0,68.0,0.0,0.0,0.8154761904761905,4.927253685157205,0.9761904761904762,5.10594547390058,0.7440476190476191,4.836281906951478,0.9345238095238095,5.062595033026967,0.6369047619047619,4.68213122712422,0.0,0.0,0.47619047619047616,4.394449154672439,0.07142857142857142,2.5649493574615367,0.011904761904761904,1.0986122886681098,0.0,0.0,0.02976190476190476,1.791759469228055,0.005952380952380952,0.6931471805599453,0.0,0.0,0.40476190476190477,4.23410650459726,0.0,0.0,0.0,0.0,5.1298987149230735
326,326,326,ULFA,326,2020-01,2020-01-01,2020,1,0.0,India,ucdp_actor_metadata_fallback,1,0.6931471805599453,False,True,53.0,83.0,3.9889840465642745,4.430816798843313,0.0,0.0,0.0,0.0,0.0,0.0,0.0,0.0,0.0,0.0,0.0,0.0,0.0,0.0,0.0,0.0,0.0,0.0,0.0,0.0,0.0,0.0,0.0,0.0,0.0,0.0,0.0,0.0,0.0,0.0,0.0,0.0,0.0,0.0,0.0,0.0,0.0,0.0,0.0,0.0,0.0,0.0,0.0,0.0,0.0,0.0,0.0,0.0,0.0,0.0,0.0,0.0,0.0
326,326,326,ULFA,326,2020-02,2020-02-01,2020,2,1.0,India,ucdp_actor_metadata_fallback,1,0.6931471805599453,False,True,83.0,48.0,4.430816798843313,3.8918202981106265,0.0,0.0,0.0,0.0,0.0,0.0,0.0,0.0,0.0,0.0,0.0,0.0,0.0,0.0,0.0,0.0,0.0,0.0,0.0,0.0,0.0,0.0,0.0,0.0,0.0,0.0,0.0,0.0,0.0,0.0,0.0,0.0,0.0,0.0,0.0,0.0,0.0,0.0,0.0,0.0,0.0,0.0,0.0,0.0,0.0,0.0,0.0,0.0,0.0,0.0,0.0,0.0,0.0
326,326,326,ULFA,326,2020-03,2020-03-01,2020,3,2.0,India,ucdp_actor_metadata_fallback,1,0.6931471805599453,False,True,48.0,84.0,3.8918202981106265,4.442651256490317,1.0,1.0,1.0,1.0,0.0,1.0,1.0,1.0,0.0,0.0,0.0,0.0,0.0,0.0,0.0,0.0,0.0,1.0,0.0,0.0,0.0,0.0,1.0,0.6931471805599453,1.0,0.6931471805599453,1.0,0.6931471805599453,0.0,0.0,0.0,0.0,0.0,0.0,0.0,0.0,0.0,0.0,0.0,0.0,0.0,0.0,0.0,0.0,0.0,0.0,1.0,0.6931471805599453,0.0,0.0,0.0,0.0,0.6931471805599453
326,326,326,ULFA,326,2020-04,2020-04-01,2020,4,3.0,India,ucdp_actor_metadata_fallback,1,0.6931471805599453,False,True,84.0,50.0,4.442651256490317,3.9318256327243257,0.0,0.0,0.0,0.0,0.0,0.0,0.0,0.0,0.0,0.0,0.0,0.0,0.0,0.0,0.0,0.0,0.0,0.0,0.0,0.0,0.0,0.0,0.0,0.0,0.0,0.0,0.0,0.0,0.0,0.0,0.0,0.0,0.0,0.0,0.0,0.0,0.0,0.0,0.0,0.0,0.0,0.0,0.0,0.0,0.0,0.0,0.0,0.0,0.0,0.0,0.0,0.0,0.0
326,326,326,ULFA,326,2020-05,2020-05-01,2020,5,4.0,India,ucdp_actor_metadata_fallback,1,0.6931471805599453,False,True,50.0,93.0,3.9318256327243257,4.543294782270004,0.0,0.0,0.0,0.0,0.0,0.0,0.0,0.0,0.0,0.0,0.0,0.0,0.0,0.0,0.0,0.0,0.0,0.0,0.0,0.0,0.0,0.0,0.0,0.0,0.0,0.0,0.0,0.0,0.0,0.0,0.0,0.0,0.0,0.0,0.0,0.0,0.0,0.0,0.0,0.0,0.0,0.0,0.0,0.0,0.0,0.0,0.0,0.0,0.0,0.0,0.0,0.0,0.0
326,326,326,ULFA,326,2020-06,2020-06-01,2020,6,5.0,India,ucdp_actor_metadata_fallback,1,0.6931471805599453,False,True,93.0,70.0,4.543294782270004,4.2626798770413155,0.0,0.0,0.0,0.0,0.0,0.0,0.0,0.0,0.0,0.0,0.0,0.0,0.0,0.0,0.0,0.0,0.0,0.0,0.0,0.0,0.0,0.0,0.0,0.0,0.0,0.0,0.0,0.0,0.0,0.0,0.0,0.0,0.0,0.0,0.0,0.0,0.0,0.0,0.0,0.0,0.0,0.0,0.0,0.0,0.0,0.0,0.0,0.0,0.0,0.0,0.0,0.0,0.0
326,326,326,ULFA,326,2020-07,2020-07-01,2020,7,6.0,India,ucdp_actor_metadata_fallback,1,0.6931471805599453,False,True,70.0,52.0,4.2626798770413155,3.970291913552122,0.0,0.0,0.0,0.0,0.0,0.0,0.0,0.0,0.0,0.0,0.0,0.0,0.0,0.0,0.0,0.0,0.0,0.0,0.0,0.0,0.0,0.0,0.0,0.0,0.0,0.0,0.0,0.0,0.0,0.0,0.0,0.0,0.0,0.0,0.0,0.0,0.0,0.0,0.0,0.0,0.0,0.0,0.0,0.0,0.0,0.0,0.0,0.0,0.0,0.0,0.0,0.0,0.0
326,326,326,ULFA,326,2020-08,2020-08-01,2020,8,7.0,India,ucdp_actor_metadata_fallback,1,0.6931471805599453,False,True,52.0,61.0,3.970291913552122,4.127134385045092,0.0,0.0,0.0,0.0,0.0,0.0,0.0,0.0,0.0,0.0,0.0,0.0,0.0,0.0,0.0,0.0,0.0,0.0,0.0,0.0,0.0,0.0,0.0,0.0,0.0,0.0,0.0,0.0,0.0,0.0,0.0,0.0,0.0,0.0,0.0,0.0,0.0,0.0,0.0,0.0,0.0,0.0,0.0,0.0,0.0,0.0,0.0,0.0,0.0,0.0,0.0,0.0,0.0
326,326,326,ULFA,326,2020-09,2020-09-01,2020,9,8.0,India,ucdp_actor_metadata_fallback,1,0.6931471805599453,False,True,61.0,54.0,4.127134385045092,4.007333185232471,0.0,0.0,0.0,0.0,0.0,0.0,0.0,0.0,0.0,0.0,0.0,0.0,0.0,0.0,0.0,0.0,0.0,0.0,0.0,0.0,0.0,0.0,0.0,0.0,0.0,0.0,0.0,0.0,0.0,0.0,0.0,0.0,0.0,0.0,0.0,0.0,0.0,0.0,0.0,0.0,0.0,0.0,0.0,0.0,0.0,0.0,0.0,0.0,0.0,0.0,0.0,0.0,0.0
326,326,326,ULFA,326,2020-10,2020-10-01,2020,10,9.0,India,ucdp_actor_metadata_fallback,1,0.6931471805599453,False,True,54.0,65.0,4.007333185232471,4.189654742026425,0.0,0.0,0.0,0.0,0.0,0.0,0.0,0.0,0.0,0.0,0.0,0.0,0.0,0.0,0.0,0.0,0.0,0.0,0.0,0.0,0.0,0.0,0.0,0.0,0.0,0.0,0.0,0.0,0.0,0.0,0.0,0.0,0.0,0.0,0.0,0.0,0.0,0.0,0.0,0.0,0.0,0.0,0.0,0.0,0.0,0.0,0.0,0.0,0.0,0.0,0.0,0.0,0.0
326,326,326,ULFA,326,2020-11,2020-11-01,2020,11,10.0,India,ucdp_actor_metadata_fallback,1,0.6931471805599453,False,True,65.0,42.0,4.189654742026425,3.7612001156935624,0.0,0.0,0.0,0.0,0.0,0.0,0.0,0.0,0.0,0.0,0.0,0.0,0.0,0.0,0.0,0.0,0.0,0.0,0.0,0.0,0.0,0.0,0.0,0.0,0.0,0.0,0.0,0.0,0.0,0.0,0.0,0.0,0.0,0.0,0.0,0.0,0.0,0.0,0.0,0.0,0.0,0.0,0.0,0.0,0.0,0.0,0.0,0.0,0.0,0.0,0.0,0.0,0.0
326,326,326,ULFA,326,2020-12,2020-12-01,2020,12,11.0,India,ucdp_actor_metadata_fallback,1,0.6931471805599453,False,True,42.0,28.0,3.7612001156935624,3.367295829986474,0.0,0.0,0.0,0.0,0.0,0.0,0.0,0.0,0.0,0.0,0.0,0.0,0.0,0.0,0.0,0.0,0.0,0.0,0.0,0.0,0.0,0.0,0.0,0.0,0.0,0.0,0.0,0.0,0.0,0.0,0.0,0.0,0.0,0.0,0.0,0.0,0.0,0.0,0.0,0.0,0.0,0.0,0.0,0.0,0.0,0.0,0.0,0.0,0.0,0.0,0.0,0.0,0.0
326,326,326,ULFA,326,2021-01,2021-01-01,2021,1,12.0,India,ucdp_actor_metadata_fallback,1,0.6931471805599453,False,True,28.0,23.0,3.367295829986474,3.1780538303479458,0.0,0.0,0.0,0.0,0.0,0.0,0.0,0.0,0.0,0.0,0.0,0.0,0.0,0.0,0.0,0.0,0.0,0.0,0.0,0.0,0.0,0.0,0.0,0.0,0.0,0.0,0.0,0.0,0.0,0.0,0.0,0.0,0.0,0.0,0.0,0.0,0.0,0.0,0.0,0.0,0.0,0.0,0.0,0.0,0.0,0.0,0.0,0.0,0.0,0.0,0.0,0.0,0.0
326,326,326,ULFA,326,2021-02,2021-02-01,2021,2,13.0,India,ucdp_actor_metadata_fallback,1,0.6931471805599453,False,True,23.0,41.0,3.1780538303479458,3.7376696182833684,0.0,0.0,0.0,0.0,0.0,0.0,0.0,0.0,0.0,0.0,0.0,0.0,0.0,0.0,0.0,0.0,0.0,0.0,0.0,0.0,0.0,0.0,0.0,0.0,0.0,0.0,0.0,0.0,0.0,0.0,0.0,0.0,0.0,0.0,0.0,0.0,0.0,0.0,0.0,0.0,0.0,0.0,0.0,0.0,0.0,0.0,0.0,0.0,0.0,0.0,0.0,0.0,0.0
326,326,326,ULFA,326,2021-03,2021-03-01,2021,3,14.0,India,ucdp_actor_metadata_fallback,1,0.6931471805599453,False,True,41.0,59.0,3.7376696182833684,4.0943445622221,0.0,0.0,0.0,0.0,0.0,0.0,0.0,0.0,0.0,0.0,0.0,0.0,0.0,0.0,0.0,0.0,0.0,0.0,0.0,0.0,0.0,0.0,0.0,0.0,0.0,0.0,0.0,0.0,0.0,0.0,0.0,0.0,0.0,0.0,0.0,0.0,0.0,0.0,0.0,0.0,0.0,0.0,0.0,0.0,0.0,0.0,0.0,0.0,0.0,0.0,0.0,0.0,0.0
326,326,326,ULFA,326,2021-04,2021-04-01,2021,4,15.0,India,ucdp_actor_metadata_fallback,1,0.6931471805599453,False,True,59.0,38.0,4.0943445622221,3.6635616461296463,0.0,0.0,0.0,0.0,0.0,0.0,0.0,0.0,0.0,0.0,0.0,0.0,0.0,0.0,0.0,0.0,0.0,0.0,0.0,0.0,0.0,0.0,0.0,0.0,0.0,0.0,0.0,0.0,0.0,0.0,0.0,0.0,0.0,0.0,0.0,0.0,0.0,0.0,0.0,0.0,0.0,0.0,0.0,0.0,0.0,0.0,0.0,0.0,0.0,0.0,0.0,0.0,0.0
326,326,326,ULFA,326,2021-05,2021-05-01,2021,5,16.0,India,ucdp_actor_metadata_fallback,1,0.6931471805599453,False,True,38.0,42.0,3.6635616461296463,3.7612001156935624,0.0,0.0,0.0,0.0,0.0,0.0,0.0,0.0,0.0,0.0,0.0,0.0,0.0,0.0,0.0,0.0,0.0,0.0,0.0,0.0,0.0,0.0,0.0,0.0,0.0,0.0,0.0,0.0,0.0,0.0,0.0,0.0,0.0,0.0,0.0,0.0,0.0,0.0,0.0,0.0,0.0,0.0,0.0,0.0,0.0,0.0,0.0,0.0,0.0,0.0,0.0,0.0,0.0
326,326,326,ULFA,326,2021-06,2021-06-01,2021,6,17.0,India,ucdp_actor_metadata_fallback,1,0.6931471805599453,False,True,42.0,60.0,3.7612001156935624,4.110873864173311,0.0,0.0,0.0,0.0,0.0,0.0,0.0,0.0,0.0,0.0,0.0,0.0,0.0,0.0,0.0,0.0,0.0,0.0,0.0,0.0,0.0,0.0,0.0,0.0,0.0,0.0,0.0,0.0,0.0,0.0,0.0,0.0,0.0,0.0,0.0,0.0,0.0,0.0,0.0,0.0,0.0,0.0,0.0,0.0,0.0,0.0,0.0,0.0,0.0,0.0,0.0,0.0,0.0
326,326,326,ULFA,326,2021-07,2021-07-01,2021,7,18.0,India,ucdp_actor_metadata_fallback,1,0.6931471805599453,False,True,60.0,37.0,4.110873864173311,3.6375861597263857,0.0,0.0,0.0,0.0,0.0,0.0,0.0,0.0,0.0,0.0,0.0,0.0,0.0,0.0,0.0,0.0,0.0,0.0,0.0,0.0,0.0,0.0,0.0,0.0,0.0,0.0,0.0,0.0,0.0,0.0,0.0,0.0,0.0,0.0,0.0,0.0,0.0,0.0,0.0,0.0,0.0,0.0,0.0,0.0,0.0,0.0,0.0,0.0,0.0,0.0,0.0,0.0,0.0
326,326,326,ULFA,326,2021-08,2021-08-01,2021,8,19.0,India,ucdp_actor_metadata_fallback,1,0.6931471805599453,False,True,37.0,14.0,3.6375861597263857,2.70805020110221,0.0,0.0,0.0,0.0,0.0,0.0,0.0,0.0,0.0,0.0,0.0,0.0,0.0,0.0,0.0,0.0,0.0,0.0,0.0,0.0,0.0,0.0,0.0,0.0,0.0,0.0,0.0,0.0,0.0,0.0,0.0,0.0,0.0,0.0,0.0,0.0,0.0,0.0,0.0,0.0,0.0,0.0,0.0,0.0,0.0,0.0,0.0,0.0,0.0,0.0,0.0,0.0,0.0
326,326,326,ULFA,326,2021-09,2021-09-01,2021,9,20.0,India,ucdp_actor_metadata_fallback,1,0.6931471805599453,False,True,14.0,54.0,2.70805020110221,4.007333185232471,0.0,0.0,0.0,0.0,0.0,0.0,0.0,0.0,0.0,0.0,0.0,0.0,0.0,0.0,0.0,0.0,0.0,0.0,0.0,0.0,0.0,0.0,0.0,0.0,0.0,0.0,0.0,0.0,0.0,0.0,0.0,0.0,0.0,0.0,0.0,0.0,0.0,0.0,0.0,0.0,0.0,0.0,0.0,0.0,0.0,0.0,0.0,0.0,0.0,0.0,0.0,0.0,0.0
326,326,326,ULFA,326,2021-10,2021-10-01,2021,10,21.0,India,ucdp_actor_metadata_fallback,1,0.6931471805599453,False,True,54.0,70.0,4.007333185232471,4.2626798770413155,0.0,0.0,0.0,0.0,0.0,0.0,0.0,0.0,0.0,0.0,0.0,0.0,0.0,0.0,0.0,0.0,0.0,0.0,0.0,0.0,0.0,0.0,0.0,0.0,0.0,0.0,0.0,0.0,0.0,0.0,0.0,0.0,0.0,0.0,0.0,0.0,0.0,0.0,0.0,0.0,0.0,0.0,0.0,0.0,0.0,0.0,0.0,0.0,0.0,0.0,0.0,0.0,0.0
326,326,326,ULFA,326,2021-11,2021-11-01,2021,11,22.0,India,ucdp_actor_metadata_fallback,1,0.6931471805599453,False,True,70.0,55.0,4.2626798770413155,4.02535169073515,0.0,0.0,0.0,0.0,0.0,0.0,0.0,0.0,0.0,0.0,0.0,0.0,0.0,0.0,0.0,0.0,0.0,0.0,0.0,0.0,0.0,0.0,0.0,0.0,0.0,0.0,0.0,0.0,0.0,0.0,0.0,0.0,0.0,0.0,0.0,0.0,0.0,0.0,0.0,0.0,0.0,0.0,0.0,0.0,0.0,0.0,0.0,0.0,0.0,0.0,0.0,0.0,0.0
326,326,326,ULFA,326,2021-12,2021-12-01,2021,12,23.0,India,ucdp_actor_metadata_fallback,1,0.6931471805599453,False,True,55.0,43.0,4.02535169073515,3.784189633918261,0.0,0.0,0.0,0.0,0.0,0.0,0.0,0.0,0.0,0.0,0.0,0.0,0.0,0.0,0.0,0.0,0.0,0.0,0.0,0.0,0.0,0.0,0.0,0.0,0.0,0.0,0.0,0.0,0.0,0.0,0.0,0.0,0.0,0.0,0.0,0.0,0.0,0.0,0.0,0.0,0.0,0.0,0.0,0.0,0.0,0.0,0.0,0.0,0.0,0.0,0.0,0.0,0.0
326,326,326,ULFA,326,2022-01,2022-01-01,2022,1,24.0,India,ucdp_actor_metadata_fallback,1,0.6931471805599453,False,True,43.0,24.0,3.784189633918261,3.2188758248682006,0.0,0.0,0.0,0.0,0.0,0.0,0.0,0.0,0.0,0.0,0.0,0.0,0.0,0.0,0.0,0.0,0.0,0.0,0.0,0.0,0.0,0.0,0.0,0.0,0.0,0.0,0.0,0.0,0.0,0.0,0.0,0.0,0.0,0.0,0.0,0.0,0.0,0.0,0.0,0.0,0.0,0.0,0.0,0.0,0.0,0.0,0.0,0.0,0.0,0.0,0.0,0.0,0.0
326,326,326,ULFA,326,2022-02,2022-02-01,2022,2,25.0,India,ucdp_actor_metadata_fallback,1,0.6931471805599453,False,True,24.0,37.0,3.2188758248682006,3.6375861597263857,0.0,0.0,0.0,0.0,0.0,0.0,0.0,0.0,0.0,0.0,0.0,0.0,0.0,0.0,0.0,0.0,0.0,0.0,0.0,0.0,0.0,0.0,0.0,0.0,0.0,0.0,0.0,0.0,0.0,0.0,0.0,0.0,0.0,0.0,0.0,0.0,0.0,0.0,0.0,0.0,0.0,0.0,0.0,0.0,0.0,0.0,0.0,0.0,0.0,0.0,0.0,0.0,0.0
326,326,326,ULFA,326,2022-03,2022-03-01,2022,3,26.0,India,ucdp_actor_metadata_fallback,1,0.6931471805599453,False,True,37.0,39.0,3.6375861597263857,3.6888794541139363,0.0,0.0,0.0,0.0,0.0,0.0,0.0,0.0,0.0,0.0,0.0,0.0,0.0,0.0,0.0,0.0,0.0,0.0,0.0,0.0,0.0,0.0,0.0,0.0,0.0,0.0,0.0,0.0,0.0,0.0,0.0,0.0,0.0,0.0,0.0,0.0,0.0,0.0,0.0,0.0,0.0,0.0,0.0,0.0,0.0,0.0,0.0,0.0,0.0,0.0,0.0,0.0,0.0
326,326,326,ULFA,326,2022-04,2022-04-01,2022,4,27.0,India,ucdp_actor_metadata_fallback,1,0.6931471805599453,False,True,39.0,49.0,3.6888794541139363,3.912023005428146,0.0,0.0,0.0,0.0,0.0,0.0,0.0,0.0,0.0,0.0,0.0,0.0,0.0,0.0,0.0,0.0,0.0,0.0,0.0,0.0,0.0,0.0,0.0,0.0,0.0,0.0,0.0,0.0,0.0,0.0,0.0,0.0,0.0,0.0,0.0,0.0,0.0,0.0,0.0,0.0,0.0,0.0,0.0,0.0,0.0,0.0,0.0,0.0,0.0,0.0,0.0,0.0,0.0
326,326,326,ULFA,326,2022-05,2022-05-01,2022,5,28.0,India,ucdp_actor_metadata_fallback,1,0.6931471805599453,False,True,49.0,57.0,3.912023005428146,4.060443010546419,0.0,0.0,0.0,0.0,0.0,0.0,0.0,0.0,0.0,0.0,0.0,0.0,0.0,0.0,0.0,0.0,0.0,0.0,0.0,0.0,0.0,0.0,0.0,0.0,0.0,0.0,0.0,0.0,0.0,0.0,0.0,0.0,0.0,0.0,0.0,0.0,0.0,0.0,0.0,0.0,0.0,0.0,0.0,0.0,0.0,0.0,0.0,0.0,0.0,0.0,0.0,0.0,0.0
326,326,326,ULFA,326,2022-06,2022-06-01,2022,6,29.0,India,ucdp_actor_metadata_fallback,1,0.6931471805599453,False,True,57.0,16.0,4.060443010546419,2.833213344056216,0.0,0.0,0.0,0.0,0.0,0.0,0.0,0.0,0.0,0.0,0.0,0.0,0.0,0.0,0.0,0.0,0.0,0.0,0.0,0.0,0.0,0.0,0.0,0.0,0.0,0.0,0.0,0.0,0.0,0.0,0.0,0.0,0.0,0.0,0.0,0.0,0.0,0.0,0.0,0.0,0.0,0.0,0.0,0.0,0.0,0.0,0.0,0.0,0.0,0.0,0.0,0.0,0.0
326,326,326,ULFA,326,2022-07,2022-07-01,2022,7,30.0,India,ucdp_actor_metadata_fallback,1,0.6931471805599453,False,True,16.0,36.0,2.833213344056216,3.6109179126442243,0.0,0.0,0.0,0.0,0.0,0.0,0.0,0.0,0.0,0.0,0.0,0.0,0.0,0.0,0.0,0.0,0.0,0.0,0.0,0.0,0.0,0.0,0.0,0.0,0.0,0.0,0.0,0.0,0.0,0.0,0.0,0.0,0.0,0.0,0.0,0.0,0.0,0.0,0.0,0.0,0.0,0.0,0.0,0.0,0.0,0.0,0.0,0.0,0.0,0.0,0.0,0.0,0.0
326,326,326,ULFA,326,2022-08,2022-08-01,2022,8,31.0,India,ucdp_actor_metadata_fallback,1,0.6931471805599453,False,True,36.0,21.0,3.6109179126442243,3.091042453358316,0.0,0.0,0.0,0.0,0.0,0.0,0.0,0.0,0.0,0.0,0.0,0.0,0.0,0.0,0.0,0.0,0.0,0.0,0.0,0.0,0.0,0.0,0.0,0.0,0.0,0.0,0.0,0.0,0.0,0.0,0.0,0.0,0.0,0.0,0.0,0.0,0.0,0.0,0.0,0.0,0.0,0.0,0.0,0.0,0.0,0.0,0.0,0.0,0.0,0.0,0.0,0.0,0.0
326,326,326,ULFA,326,2022-09,2022-09-01,2022,9,32.0,India,ucdp_actor_metadata_fallback,1,0.6931471805599453,False,True,21.0,25.0,3.091042453358316,3.258096538021482,0.0,0.0,0.0,0.0,0.0,0.0,0.0,0.0,0.0,0.0,0.0,0.0,0.0,0.0,0.0,0.0,0.0,0.0,0.0,0.0,0.0,0.0,0.0,0.0,0.0,0.0,0.0,0.0,0.0,0.0,0.0,0.0,0.0,0.0,0.0,0.0,0.0,0.0,0.0,0.0,0.0,0.0,0.0,0.0,0.0,0.0,0.0,0.0,0.0,0.0,0.0,0.0,0.0
326,326,326,ULFA,326,2022-10,2022-10-01,2022,10,33.0,India,ucdp_actor_metadata_fallback,1,0.6931471805599453,False,True,25.0,29.0,3.258096538021482,3.4011973816621555,0.0,0.0,0.0,0.0,0.0,0.0,0.0,0.0,0.0,0.0,0.0,0.0,0.0,0.0,0.0,0.0,0.0,0.0,0.0,0.0,0.0,0.0,0.0,0.0,0.0,0.0,0.0,0.0,0.0,0.0,0.0,0.0,0.0,0.0,0.0,0.0,0.0,0.0,0.0,0.0,0.0,0.0,0.0,0.0,0.0,0.0,0.0,0.0,0.0,0.0,0.0,0.0,0.0
326,326,326,ULFA,326,2022-11,2022-11-01,2022,11,34.0,India,ucdp_actor_metadata_fallback,1,0.6931471805599453,False,True,29.0,17.0,3.4011973816621555,2.8903717578961645,0.0,0.0,0.0,0.0,0.0,0.0,0.0,0.0,0.0,0.0,0.0,0.0,0.0,0.0,0.0,0.0,0.0,0.0,0.0,0.0,0.0,0.0,0.0,0.0,0.0,0.0,0.0,0.0,0.0,0.0,0.0,0.0,0.0,0.0,0.0,0.0,0.0,0.0,0.0,0.0,0.0,0.0,0.0,0.0,0.0,0.0,0.0,0.0,0.0,0.0,0.0,0.0,0.0
326,326,326,ULFA,326,2022-12,2022-12-01,2022,12,35.0,India,ucdp_actor_metadata_fallback,1,0.6931471805599453,False,True,17.0,13.0,2.8903717578961645,2.6390573296152584,0.0,0.0,0.0,0.0,0.0,0.0,0.0,0.0,0.0,0.0,0.0,0.0,0.0,0.0,0.0,0.0,0.0,0.0,0.0,0.0,0.0,0.0,0.0,0.0,0.0,0.0,0.0,0.0,0.0,0.0,0.0,0.0,0.0,0.0,0.0,0.0,0.0,0.0,0.0,0.0,0.0,0.0,0.0,0.0,0.0,0.0,0.0,0.0,0.0,0.0,0.0,0.0,0.0
326,326,326,ULFA,326,2023-01,2023-01-01,2023,1,36.0,India,ucdp_actor_metadata_fallback,1,0.6931471805599453,False,True,13.0,23.0,2.6390573296152584,3.1780538303479458,0.0,0.0,0.0,0.0,0.0,0.0,0.0,0.0,0.0,0.0,0.0,0.0,0.0,0.0,0.0,0.0,0.0,0.0,0.0,0.0,0.0,0.0,0.0,0.0,0.0,0.0,0.0,0.0,0.0,0.0,0.0,0.0,0.0,0.0,0.0,0.0,0.0,0.0,0.0,0.0,0.0,0.0,0.0,0.0,0.0,0.0,0.0,0.0,0.0,0.0,0.0,0.0,0.0
326,326,326,ULFA,326,2023-02,2023-02-01,2023,2,37.0,India,ucdp_actor_metadata_fallback,1,0.6931471805599453,False,True,23.0,14.0,3.1780538303479458,2.70805020110221,0.0,0.0,0.0,0.0,0.0,0.0,0.0,0.0,0.0,0.0,0.0,0.0,0.0,0.0,0.0,0.0,0.0,0.0,0.0,0.0,0.0,0.0,0.0,0.0,0.0,0.0,0.0,0.0,0.0,0.0,0.0,0.0,0.0,0.0,0.0,0.0,0.0,0.0,0.0,0.0,0.0,0.0,0.0,0.0,0.0,0.0,0.0,0.0,0.0,0.0,0.0,0.0,0.0
326,326,326,ULFA,326,2023-03,2023-03-01,2023,3,38.0,India,ucdp_actor_metadata_fallback,1,0.6931471805599453,False,True,14.0,34.0,2.70805020110221,3.5553480614894135,0.0,0.0,0.0,0.0,0.0,0.0,0.0,0.0,0.0,0.0,0.0,0.0,0.0,0.0,0.0,0.0,0.0,0.0,0.0,0.0,0.0,0.0,0.0,0.0,0.0,0.0,0.0,0.0,0.0,0.0,0.0,0.0,0.0,0.0,0.0,0.0,0.0,0.0,0.0,0.0,0.0,0.0,0.0,0.0,0.0,0.0,0.0,0.0,0.0,0.0,0.0,0.0,0.0
326,326,326,ULFA,326,2023-04,2023-04-01,2023,4,39.0,India,ucdp_actor_metadata_fallback,1,0.6931471805599453,False,True,34.0,90.0,3.5553480614894135,4.51085950651685,0.0,0.0,0.0,0.0,0.0,0.0,0.0,0.0,0.0,0.0,0.0,0.0,0.0,0.0,0.0,0.0,0.0,0.0,0.0,0.0,0.0,0.0,0.0,0.0,0.0,0.0,0.0,0.0,0.0,0.0,0.0,0.0,0.0,0.0,0.0,0.0,0.0,0.0,0.0,0.0,0.0,0.0,0.0,0.0,0.0,0.0,0.0,0.0,0.0,0.0,0.0,0.0,0.0
326,326,326,ULFA,326,2023-05,2023-05-01,2023,5,40.0,India,ucdp_actor_metadata_fallback,1,0.6931471805599453,False,True,90.0,35.0,4.51085950651685,3.58351893845611,0.0,0.0,0.0,0.0,0.0,0.0,0.0,0.0,0.0,0.0,0.0,0.0,0.0,0.0,0.0,0.0,0.0,0.0,0.0,0.0,0.0,0.0,0.0,0.0,0.0,0.0,0.0,0.0,0.0,0.0,0.0,0.0,0.0,0.0,0.0,0.0,0.0,0.0,0.0,0.0,0.0,0.0,0.0,0.0,0.0,0.0,0.0,0.0,0.0,0.0,0.0,0.0,0.0
326,326,326,ULFA,326,2023-06,2023-06-01,2023,6,41.0,India,ucdp_actor_metadata_fallback,1,0.6931471805599453,False,True,35.0,46.0,3.58351893845611,3.8501476017100584,0.0,0.0,0.0,0.0,0.0,0.0,0.0,0.0,0.0,0.0,0.0,0.0,0.0,0.0,0.0,0.0,0.0,0.0,0.0,0.0,0.0,0.0,0.0,0.0,0.0,0.0,0.0,0.0,0.0,0.0,0.0,0.0,0.0,0.0,0.0,0.0,0.0,0.0,0.0,0.0,0.0,0.0,0.0,0.0,0.0,0.0,0.0,0.0,0.0,0.0,0.0,0.0,0.0
326,326,326,ULFA,326,2023-07,2023-07-01,2023,7,42.0,India,ucdp_actor_metadata_fallback,1,0.6931471805599453,False,True,46.0,35.0,3.8501476017100584,3.58351893845611,0.0,0.0,0.0,0.0,0.0,0.0,0.0,0.0,0.0,0.0,0.0,0.0,0.0,0.0,0.0,0.0,0.0,0.0,0.0,0.0,0.0,0.0,0.0,0.0,0.0,0.0,0.0,0.0,0.0,0.0,0.0,0.0,0.0,0.0,0.0,0.0,0.0,0.0,0.0,0.0,0.0,0.0,0.0,0.0,0.0,0.0,0.0,0.0,0.0,0.0,0.0,0.0,0.0
326,326,326,ULFA,326,2023-08,2023-08-01,2023,8,43.0,India,ucdp_actor_metadata_fallback,1,0.6931471805599453,False,True,35.0,29.0,3.58351893845611,3.4011973816621555,0.0,0.0,0.0,0.0,0.0,0.0,0.0,0.0,0.0,0.0,0.0,0.0,0.0,0.0,0.0,0.0,0.0,0.0,0.0,0.0,0.0,0.0,0.0,0.0,0.0,0.0,0.0,0.0,0.0,0.0,0.0,0.0,0.0,0.0,0.0,0.0,0.0,0.0,0.0,0.0,0.0,0.0,0.0,0.0,0.0,0.0,0.0,0.0,0.0,0.0,0.0,0.0,0.0
326,326,326,ULFA,326,2023-09,2023-09-01,2023,9,44.0,India,ucdp_actor_metadata_fallback,1,0.6931471805599453,False,True,29.0,22.0,3.4011973816621555,3.1354942159291497,0.0,0.0,0.0,0.0,0.0,0.0,0.0,0.0,0.0,0.0,0.0,0.0,0.0,0.0,0.0,0.0,0.0,0.0,0.0,0.0,0.0,0.0,0.0,0.0,0.0,0.0,0.0,0.0,0.0,0.0,0.0,0.0,0.0,0.0,0.0,0.0,0.0,0.0,0.0,0.0,0.0,0.0,0.0,0.0,0.0,0.0,0.0,0.0,0.0,0.0,0.0,0.0,0.0
326,326,326,ULFA,326,2023-10,2023-10-01,2023,10,45.0,India,ucdp_actor_metadata_fallback,1,0.6931471805599453,False,True,22.0,39.0,3.1354942159291497,3.6888794541139363,0.0,0.0,0.0,0.0,0.0,0.0,0.0,0.0,0.0,0.0,0.0,0.0,0.0,0.0,0.0,0.0,0.0,0.0,0.0,0.0,0.0,0.0,0.0,0.0,0.0,0.0,0.0,0.0,0.0,0.0,0.0,0.0,0.0,0.0,0.0,0.0,0.0,0.0,0.0,0.0,0.0,0.0,0.0,0.0,0.0,0.0,0.0,0.0,0.0,0.0,0.0,0.0,0.0
326,326,326,ULFA,326,2023-11,2023-11-01,2023,11,46.0,India,ucdp_actor_metadata_fallback,1,0.6931471805599453,False,True,39.0,26.0,3.6888794541139363,3.295836866004329,0.0,0.0,0.0,0.0,0.0,0.0,0.0,0.0,0.0,0.0,0.0,0.0,0.0,0.0,0.0,0.0,0.0,0.0,0.0,0.0,0.0,0.0,0.0,0.0,0.0,0.0,0.0,0.0,0.0,0.0,0.0,0.0,0.0,0.0,0.0,0.0,0.0,0.0,0.0,0.0,0.0,0.0,0.0,0.0,0.0,0.0,0.0,0.0,0.0,0.0,0.0,0.0,0.0
326,326,326,ULFA,326,2023-12,2023-12-01,2023,12,47.0,India,ucdp_actor_metadata_fallback,1,0.6931471805599453,False,True,26.0,35.0,3.295836866004329,3.58351893845611,0.0,0.0,0.0,0.0,0.0,0.0,0.0,0.0,0.0,0.0,0.0,0.0,0.0,0.0,0.0,0.0,0.0,0.0,0.0,0.0,0.0,0.0,0.0,0.0,0.0,0.0,0.0,0.0,0.0,0.0,0.0,0.0,0.0,0.0,0.0,0.0,0.0,0.0,0.0,0.0,0.0,0.0,0.0,0.0,0.0,0.0,0.0,0.0,0.0,0.0,0.0,0.0,0.0
326,326,326,ULFA,326,2024-01,2024-01-01,2024,1,48.0,India,ucdp_actor_metadata_fallback,1,0.6931471805599453,False,True,35.0,31.0,3.58351893845611,3.4657359027997265,0.0,0.0,0.0,0.0,0.0,0.0,0.0,0.0,0.0,0.0,0.0,0.0,0.0,0.0,0.0,0.0,0.0,0.0,0.0,0.0,0.0,0.0,0.0,0.0,0.0,0.0,0.0,0.0,0.0,0.0,0.0,0.0,0.0,0.0,0.0,0.0,0.0,0.0,0.0,0.0,0.0,0.0,0.0,0.0,0.0,0.0,0.0,0.0,0.0,0.0,0.0,0.0,0.0
326,326,326,ULFA,326,2024-02,2024-02-01,2024,2,49.0,India,ucdp_actor_metadata_fallback,1,0.6931471805599453,False,True,31.0,29.0,3.4657359027997265,3.4011973816621555,0.0,0.0,0.0,0.0,0.0,0.0,0.0,0.0,0.0,0.0,0.0,0.0,0.0,0.0,0.0,0.0,0.0,0.0,0.0,0.0,0.0,0.0,0.0,0.0,0.0,0.0,0.0,0.0,0.0,0.0,0.0,0.0,0.0,0.0,0.0,0.0,0.0,0.0,0.0,0.0,0.0,0.0,0.0,0.0,0.0,0.0,0.0,0.0,0.0,0.0,0.0,0.0,0.0
326,326,326,ULFA,326,2024-03,2024-03-01,2024,3,50.0,India,ucdp_actor_metadata_fallback,1,0.6931471805599453,False,True,29.0,84.0,3.4011973816621555,4.442651256490317,0.0,0.0,0.0,0.0,0.0,0.0,0.0,0.0,0.0,0.0,0.0,0.0,0.0,0.0,0.0,0.0,0.0,0.0,0.0,0.0,0.0,0.0,0.0,0.0,0.0,0.0,0.0,0.0,0.0,0.0,0.0,0.0,0.0,0.0,0.0,0.0,0.0,0.0,0.0,0.0,0.0,0.0,0.0,0.0,0.0,0.0,0.0,0.0,0.0,0.0,0.0,0.0,0.0
326,326,326,ULFA,326,2024-04,2024-04-01,2024,4,51.0,India,ucdp_actor_metadata_fallback,1,0.6931471805599453,False,True,84.0,47.0,4.442651256490317,3.871201010907891,0.0,0.0,0.0,0.0,0.0,0.0,0.0,0.0,0.0,0.0,0.0,0.0,0.0,0.0,0.0,0.0,0.0,0.0,0.0,0.0,0.0,0.0,0.0,0.0,0.0,0.0,0.0,0.0,0.0,0.0,0.0,0.0,0.0,0.0,0.0,0.0,0.0,0.0,0.0,0.0,0.0,0.0,0.0,0.0,0.0,0.0,0.0,0.0,0.0,0.0,0.0,0.0,0.0
326,326,326,ULFA,326,2024-05,2024-05-01,2024,5,52.0,India,ucdp_actor_metadata_fallback,1,0.6931471805599453,False,True,47.0,51.0,3.871201010907891,3.9512437185814275,0.0,0.0,0.0,0.0,0.0,0.0,0.0,0.0,0.0,0.0,0.0,0.0,0.0,0.0,0.0,0.0,0.0,0.0,0.0,0.0,0.0,0.0,0.0,0.0,0.0,0.0,0.0,0.0,0.0,0.0,0.0,0.0,0.0,0.0,0.0,0.0,0.0,0.0,0.0,0.0,0.0,0.0,0.0,0.0,0.0,0.0,0.0,0.0,0.0,0.0,0.0,0.0,0.0
326,326,326,ULFA,326,2024-06,2024-06-01,2024,6,53.0,India,ucdp_actor_metadata_fallback,1,0.6931471805599453,False,True,51.0,61.0,3.9512437185814275,4.127134385045092,0.0,0.0,0.0,0.0,0.0,0.0,0.0,0.0,0.0,0.0,0.0,0.0,0.0,0.0,0.0,0.0,0.0,0.0,0.0,0.0,0.0,0.0,0.0,0.0,0.0,0.0,0.0,0.0,0.0,0.0,0.0,0.0,0.0,0.0,0.0,0.0,0.0,0.0,0.0,0.0,0.0,0.0,0.0,0.0,0.0,0.0,0.0,0.0,0.0,0.0,0.0,0.0,0.0
326,326,326,ULFA,326,2024-07,2024-07-01,2024,7,54.0,India,ucdp_actor_metadata_fallback,1,0.6931471805599453,False,True,61.0,22.0,4.127134385045092,3.1354942159291497,0.0,0.0,0.0,0.0,0.0,0.0,0.0,0.0,0.0,0.0,0.0,0.0,0.0,0.0,0.0,0.0,0.0,0.0,0.0,0.0,0.0,0.0,0.0,0.0,0.0,0.0,0.0,0.0,0.0,0.0,0.0,0.0,0.0,0.0,0.0,0.0,0.0,0.0,0.0,0.0,0.0,0.0,0.0,0.0,0.0,0.0,0.0,0.0,0.0,0.0,0.0,0.0,0.0
326,326,326,ULFA,326,2024-08,2024-08-01,2024,8,55.0,India,ucdp_actor_metadata_fallback,1,0.6931471805599453,False,True,22.0,43.0,3.1354942159291497,3.784189633918261,0.0,0.0,0.0,0.0,0.0,0.0,0.0,0.0,0.0,0.0,0.0,0.0,0.0,0.0,0.0,0.0,0.0,0.0,0.0,0.0,0.0,0.0,0.0,0.0,0.0,0.0,0.0,0.0,0.0,0.0,0.0,0.0,0.0,0.0,0.0,0.0,0.0,0.0,0.0,0.0,0.0,0.0,0.0,0.0,0.0,0.0,0.0,0.0,0.0,0.0,0.0,0.0,0.0
326,326,326,ULFA,326,2024-09,2024-09-01,2024,9,56.0,India,ucdp_actor_metadata_fallback,1,0.6931471805599453,False,True,43.0,79.0,3.784189633918261,4.382026634673881,0.0,0.0,0.0,0.0,0.0,0.0,0.0,0.0,0.0,0.0,0.0,0.0,0.0,0.0,0.0,0.0,0.0,0.0,0.0,0.0,0.0,0.0,0.0,0.0,0.0,0.0,0.0,0.0,0.0,0.0,0.0,0.0,0.0,0.0,0.0,0.0,0.0,0.0,0.0,0.0,0.0,0.0,0.0,0.0,0.0,0.0,0.0,0.0,0.0,0.0,0.0,0.0,0.0
326,326,326,ULFA,326,2024-10,2024-10-01,2024,10,57.0,India,ucdp_actor_metadata_fallback,1,0.6931471805599453,False,True,79.0,37.0,4.382026634673881,3.6375861597263857,0.0,0.0,0.0,0.0,0.0,0.0,0.0,0.0,0.0,0.0,0.0,0.0,0.0,0.0,0.0,0.0,0.0,0.0,0.0,0.0,0.0,0.0,0.0,0.0,0.0,0.0,0.0,0.0,0.0,0.0,0.0,0.0,0.0,0.0,0.0,0.0,0.0,0.0,0.0,0.0,0.0,0.0,0.0,0.0,0.0,0.0,0.0,0.0,0.0,0.0,0.0,0.0,0.0
326,326,326,ULFA,326,2024-11,2024-11-01,2024,11,58.0,India,ucdp_actor_metadata_fallback,1,0.6931471805599453,False,True,37.0,33.0,3.6375861597263857,3.5263605246161616,0.0,0.0,0.0,0.0,0.0,0.0,0.0,0.0,0.0,0.0,0.0,0.0,0.0,0.0,0.0,0.0,0.0,0.0,0.0,0.0,0.0,0.0,0.0,0.0,0.0,0.0,0.0,0.0,0.0,0.0,0.0,0.0,0.0,0.0,0.0,0.0,0.0,0.0,0.0,0.0,0.0,0.0,0.0,0.0,0.0,0.0,0.0,0.0,0.0,0.0,0.0,0.0,0.0
326,326,326,ULFA,326,2024-12,2024-12-01,2024,12,59.0,India,ucdp_actor_metadata_fallback,1,0.6931471805599453,False,True,33.0,62.0,3.5263605246161616,4.143134726391533,0.0,0.0,0.0,0.0,0.0,0.0,0.0,0.0,0.0,0.0,0.0,0.0,0.0,0.0,0.0,0.0,0.0,0.0,0.0,0.0,0.0,0.0,0.0,0.0,0.0,0.0,0.0,0.0,0.0,0.0,0.0,0.0,0.0,0.0,0.0,0.0,0.0,0.0,0.0,0.0,0.0,0.0,0.0,0.0,0.0,0.0,0.0,0.0,0.0,0.0,0.0,0.0,0.0
326,326,326,ULFA,326,2025-01,2025-01-01,2025,1,60.0,India,ucdp_actor_metadata_fallback,1,0.6931471805599453,False,True,62.0,69.0,4.143134726391533,4.248495242049359,0.0,0.0,0.0,0.0,0.0,0.0,0.0,0.0,0.0,0.0,0.0,0.0,0.0,0.0,0.0,0.0,0.0,0.0,0.0,0.0,0.0,0.0,0.0,0.0,0.0,0.0,0.0,0.0,0.0,0.0,0.0,0.0,0.0,0.0,0.0,0.0,0.0,0.0,0.0,0.0,0.0,0.0,0.0,0.0,0.0,0.0,0.0,0.0,0.0,0.0,0.0,0.0,0.0
326,326,326,ULFA,326,2025-02,2025-02-01,2025,2,61.0,India,ucdp_actor_metadata_fallback,1,0.6931471805599453,False,True,69.0,67.0,4.248495242049359,4.219507705176107,0.0,0.0,0.0,0.0,0.0,0.0,0.0,0.0,0.0,0.0,0.0,0.0,0.0,0.0,0.0,0.0,0.0,0.0,0.0,0.0,0.0,0.0,0.0,0.0,0.0,0.0,0.0,0.0,0.0,0.0,0.0,0.0,0.0,0.0,0.0,0.0,0.0,0.0,0.0,0.0,0.0,0.0,0.0,0.0,0.0,0.0,0.0,0.0,0.0,0.0,0.0,0.0,0.0
326,326,326,ULFA,326,2025-03,2025-03-01,2025,3,62.0,India,ucdp_actor_metadata_fallback,1,0.6931471805599453,False,True,67.0,82.0,4.219507705176107,4.418840607796598,0.0,0.0,0.0,0.0,0.0,0.0,0.0,0.0,0.0,0.0,0.0,0.0,0.0,0.0,0.0,0.0,0.0,0.0,0.0,0.0,0.0,0.0,0.0,0.0,0.0,0.0,0.0,0.0,0.0,0.0,0.0,0.0,0.0,0.0,0.0,0.0,0.0,0.0,0.0,0.0,0.0,0.0,0.0,0.0,0.0,0.0,0.0,0.0,0.0,0.0,0.0,0.0,0.0
326,326,326,ULFA,326,2025-04,2025-04-01,2025,4,63.0,India,ucdp_actor_metadata_fallback,1,0.6931471805599453,False,True,82.0,114.0,4.418840607796598,4.74493212836325,0.0,0.0,0.0,0.0,0.0,0.0,0.0,0.0,0.0,0.0,0.0,0.0,0.0,0.0,0.0,0.0,0.0,0.0,0.0,0.0,0.0,0.0,0.0,0.0,0.0,0.0,0.0,0.0,0.0,0.0,0.0,0.0,0.0,0.0,0.0,0.0,0.0,0.0,0.0,0.0,0.0,0.0,0.0,0.0,0.0,0.0,0.0,0.0,0.0,0.0,0.0,0.0,0.0
326,326,326,ULFA,326,2025-05,2025-05-01,2025,5,64.0,India,ucdp_actor_metadata_fallback,1,0.6931471805599453,False,True,114.0,35.0,4.74493212836325,3.58351893845611,0.0,0.0,0.0,0.0,0.0,0.0,0.0,0.0,0.0,0.0,0.0,0.0,0.0,0.0,0.0,0.0,0.0,0.0,0.0,0.0,0.0,0.0,0.0,0.0,0.0,0.0,0.0,0.0,0.0,0.0,0.0,0.0,0.0,0.0,0.0,0.0,0.0,0.0,0.0,0.0,0.0,0.0,0.0,0.0,0.0,0.0,0.0,0.0,0.0,0.0,0.0,0.0,0.0
326,326,326,ULFA,326,2025-06,2025-06-01,2025,6,65.0,India,ucdp_actor_metadata_fallback,1,0.6931471805599453,False,True,35.0,27.0,3.58351893845611,3.332204510175204,0.0,0.0,0.0,0.0,0.0,0.0,0.0,0.0,0.0,0.0,0.0,0.0,0.0,0.0,0.0,0.0,0.0,0.0,0.0,0.0,0.0,0.0,0.0,0.0,0.0,0.0,0.0,0.0,0.0,0.0,0.0,0.0,0.0,0.0,0.0,0.0,0.0,0.0,0.0,0.0,0.0,0.0,0.0,0.0,0.0,0.0,0.0,0.0,0.0,0.0,0.0,0.0,0.0
326,326,326,ULFA,326,2025-07,2025-07-01,2025,7,66.0,India,ucdp_actor_metadata_fallback,1,0.6931471805599453,False,True,27.0,24.0,3.332204510175204,3.2188758248682006,3.0,3.0,3.0,1.0,3.0,3.0,2.0,3.0,3.0,0.0,0.0,0.0,0.0,0.0,0.0,0.0,0.0,3.0,0.0,0.0,1.0,1.3862943611198906,1.0,1.3862943611198906,0.6666666666666666,1.0986122886681098,1.0,1.3862943611198906,1.0,1.3862943611198906,0.0,0.0,0.0,0.0,0.0,0.0,0.0,0.0,0.0,0.0,0.0,0.0,0.0,0.0,0.0,0.0,1.0,1.3862943611198906,0.0,0.0,0.0,0.0,1.3862943611198906
326,326,326,ULFA,326,2025-08,2025-08-01,2025,8,67.0,India,ucdp_actor_metadata_fallback,1,0.6931471805599453,False,True,24.0,52.0,3.2188758248682006,3.970291913552122,0.0,0.0,0.0,0.0,0.0,0.0,0.0,0.0,0.0,0.0,0.0,0.0,0.0,0.0,0.0,0.0,0.0,0.0,0.0,0.0,0.0,0.0,0.0,0.0,0.0,0.0,0.0,0.0,0.0,0.0,0.0,0.0,0.0,0.0,0.0,0.0,0.0,0.0,0.0,0.0,0.0,0.0,0.0,0.0,0.0,0.0,0.0,0.0,0.0,0.0,0.0,0.0,0.0
326,326,326,ULFA,326,2025-09,2025-09-01,2025,9,68.0,India,ucdp_actor_metadata_fallback,1,0.6931471805599453,False,True,52.0,15.0,3.970291913552122,2.772588722239781,0.0,0.0,0.0,0.0,0.0,0.0,0.0,0.0,0.0,0.0,0.0,0.0,0.0,0.0,0.0,0.0,0.0,0.0,0.0,0.0,0.0,0.0,0.0,0.0,0.0,0.0,0.0,0.0,0.0,0.0,0.0,0.0,0.0,0.0,0.0,0.0,0.0,0.0,0.0,0.0,0.0,0.0,0.0,0.0,0.0,0.0,0.0,0.0,0.0,0.0,0.0,0.0,0.0
326,326,326,ULFA,326,2025-10,2025-10-01,2025,10,69.0,India,ucdp_actor_metadata_fallback,1,0.6931471805599453,False,True,15.0,41.0,2.772588722239781,3.7376696182833684,0.0,0.0,0.0,0.0,0.0,0.0,0.0,0.0,0.0,0.0,0.0,0.0,0.0,0.0,0.0,0.0,0.0,0.0,0.0,0.0,0.0,0.0,0.0,0.0,0.0,0.0,0.0,0.0,0.0,0.0,0.0,0.0,0.0,0.0,0.0,0.0,0.0,0.0,0.0,0.0,0.0,0.0,0.0,0.0,0.0,0.0,0.0,0.0,0.0,0.0,0.0,0.0,0.0
326,326,326,ULFA,326,2025-11,2025-11-01,2025,11,70.0,India,ucdp_actor_metadata_fallback,1,0.6931471805599453,False,True,41.0,35.0,3.7376696182833684,3.58351893845611,0.0,0.0,0.0,0.0,0.0,0.0,0.0,0.0,0.0,0.0,0.0,0.0,0.0,0.0,0.0,0.0,0.0,0.0,0.0,0.0,0.0,0.0,0.0,0.0,0.0,0.0,0.0,0.0,0.0,0.0,0.0,0.0,0.0,0.0,0.0,0.0,0.0,0.0,0.0,0.0,0.0,0.0,0.0,0.0,0.0,0.0,0.0,0.0,0.0,0.0,0.0,0.0,0.0
326,326,326,ULFA,326,2025-12,2025-12-01,2025,12,71.0,India,ucdp_actor_metadata_fallback,1,0.6931471805599453,False,False,35.0,,3.58351893845611,,0.0,0.0,0.0,0.0,0.0,0.0,0.0,0.0,0.0,0.0,0.0,0.0,0.0,0.0,0.0,0.0,0.0,0.0,0.0,0.0,0.0,0.0,0.0,0.0,0.0,0.0,0.0,0.0,0.0,0.0,0.0,0.0,0.0,0.0,0.0,0.0,0.0,0.0,0.0,0.0,0.0,0.0,0.0,0.0,0.0,0.0,0.0,0.0,0.0,0.0,0.0,0.0,0.0
315,315,315,UNLF,315,2020-01,2020-01-01,2020,1,0.0,India,ucdp_actor_metadata_fallback,1,0.6931471805599453,False,True,53.0,83.0,3.9889840465642745,4.430816798843313,0.0,0.0,0.0,0.0,0.0,0.0,0.0,0.0,0.0,0.0,0.0,0.0,0.0,0.0,0.0,0.0,0.0,0.0,0.0,0.0,0.0,0.0,0.0,0.0,0.0,0.0,0.0,0.0,0.0,0.0,0.0,0.0,0.0,0.0,0.0,0.0,0.0,0.0,0.0,0.0,0.0,0.0,0.0,0.0,0.0,0.0,0.0,0.0,0.0,0.0,0.0,0.0,0.0
315,315,315,UNLF,315,2020-02,2020-02-01,2020,2,1.0,India,ucdp_actor_metadata_fallback,1,0.6931471805599453,False,True,83.0,48.0,4.430816798843313,3.8918202981106265,0.0,0.0,0.0,0.0,0.0,0.0,0.0,0.0,0.0,0.0,0.0,0.0,0.0,0.0,0.0,0.0,0.0,0.0,0.0,0.0,0.0,0.0,0.0,0.0,0.0,0.0,0.0,0.0,0.0,0.0,0.0,0.0,0.0,0.0,0.0,0.0,0.0,0.0,0.0,0.0,0.0,0.0,0.0,0.0,0.0,0.0,0.0,0.0,0.0,0.0,0.0,0.0,0.0
315,315,315,UNLF,315,2020-03,2020-03-01,2020,3,2.0,India,ucdp_actor_metadata_fallback,1,0.6931471805599453,False,True,48.0,84.0,3.8918202981106265,4.442651256490317,0.0,0.0,0.0,0.0,0.0,0.0,0.0,0.0,0.0,0.0,0.0,0.0,0.0,0.0,0.0,0.0,0.0,0.0,0.0,0.0,0.0,0.0,0.0,0.0,0.0,0.0,0.0,0.0,0.0,0.0,0.0,0.0,0.0,0.0,0.0,0.0,0.0,0.0,0.0,0.0,0.0,0.0,0.0,0.0,0.0,0.0,0.0,0.0,0.0,0.0,0.0,0.0,0.0
315,315,315,UNLF,315,2020-04,2020-04-01,2020,4,3.0,India,ucdp_actor_metadata_fallback,1,0.6931471805599453,False,True,84.0,50.0,4.442651256490317,3.9318256327243257,0.0,0.0,0.0,0.0,0.0,0.0,0.0,0.0,0.0,0.0,0.0,0.0,0.0,0.0,0.0,0.0,0.0,0.0,0.0,0.0,0.0,0.0,0.0,0.0,0.0,0.0,0.0,0.0,0.0,0.0,0.0,0.0,0.0,0.0,0.0,0.0,0.0,0.0,0.0,0.0,0.0,0.0,0.0,0.0,0.0,0.0,0.0,0.0,0.0,0.0,0.0,0.0,0.0
315,315,315,UNLF,315,2020-05,2020-05-01,2020,5,4.0,India,ucdp_actor_metadata_fallback,1,0.6931471805599453,False,True,50.0,93.0,3.9318256327243257,4.543294782270004,0.0,0.0,0.0,0.0,0.0,0.0,0.0,0.0,0.0,0.0,0.0,0.0,0.0,0.0,0.0,0.0,0.0,0.0,0.0,0.0,0.0,0.0,0.0,0.0,0.0,0.0,0.0,0.0,0.0,0.0,0.0,0.0,0.0,0.0,0.0,0.0,0.0,0.0,0.0,0.0,0.0,0.0,0.0,0.0,0.0,0.0,0.0,0.0,0.0,0.0,0.0,0.0,0.0
315,315,315,UNLF,315,2020-06,2020-06-01,2020,6,5.0,India,ucdp_actor_metadata_fallback,1,0.6931471805599453,False,True,93.0,70.0,4.543294782270004,4.2626798770413155,0.0,0.0,0.0,0.0,0.0,0.0,0.0,0.0,0.0,0.0,0.0,0.0,0.0,0.0,0.0,0.0,0.0,0.0,0.0,0.0,0.0,0.0,0.0,0.0,0.0,0.0,0.0,0.0,0.0,0.0,0.0,0.0,0.0,0.0,0.0,0.0,0.0,0.0,0.0,0.0,0.0,0.0,0.0,0.0,0.0,0.0,0.0,0.0,0.0,0.0,0.0,0.0,0.0
315,315,315,UNLF,315,2020-07,2020-07-01,2020,7,6.0,India,ucdp_actor_metadata_fallback,1,0.6931471805599453,False,True,70.0,52.0,4.2626798770413155,3.970291913552122,0.0,0.0,0.0,0.0,0.0,0.0,0.0,0.0,0.0,0.0,0.0,0.0,0.0,0.0,0.0,0.0,0.0,0.0,0.0,0.0,0.0,0.0,0.0,0.0,0.0,0.0,0.0,0.0,0.0,0.0,0.0,0.0,0.0,0.0,0.0,0.0,0.0,0.0,0.0,0.0,0.0,0.0,0.0,0.0,0.0,0.0,0.0,0.0,0.0,0.0,0.0,0.0,0.0
315,315,315,UNLF,315,2020-08,2020-08-01,2020,8,7.0,India,ucdp_actor_metadata_fallback,1,0.6931471805599453,False,True,52.0,61.0,3.970291913552122,4.127134385045092,0.0,0.0,0.0,0.0,0.0,0.0,0.0,0.0,0.0,0.0,0.0,0.0,0.0,0.0,0.0,0.0,0.0,0.0,0.0,0.0,0.0,0.0,0.0,0.0,0.0,0.0,0.0,0.0,0.0,0.0,0.0,0.0,0.0,0.0,0.0,0.0,0.0,0.0,0.0,0.0,0.0,0.0,0.0,0.0,0.0,0.0,0.0,0.0,0.0,0.0,0.0,0.0,0.0
315,315,315,UNLF,315,2020-09,2020-09-01,2020,9,8.0,India,ucdp_actor_metadata_fallback,1,0.6931471805599453,False,True,61.0,54.0,4.127134385045092,4.007333185232471,0.0,0.0,0.0,0.0,0.0,0.0,0.0,0.0,0.0,0.0,0.0,0.0,0.0,0.0,0.0,0.0,0.0,0.0,0.0,0.0,0.0,0.0,0.0,0.0,0.0,0.0,0.0,0.0,0.0,0.0,0.0,0.0,0.0,0.0,0.0,0.0,0.0,0.0,0.0,0.0,0.0,0.0,0.0,0.0,0.0,0.0,0.0,0.0,0.0,0.0,0.0,0.0,0.0
315,315,315,UNLF,315,2020-10,2020-10-01,2020,10,9.0,India,ucdp_actor_metadata_fallback,1,0.6931471805599453,False,True,54.0,65.0,4.007333185232471,4.189654742026425,0.0,0.0,0.0,0.0,0.0,0.0,0.0,0.0,0.0,0.0,0.0,0.0,0.0,0.0,0.0,0.0,0.0,0.0,0.0,0.0,0.0,0.0,0.0,0.0,0.0,0.0,0.0,0.0,0.0,0.0,0.0,0.0,0.0,0.0,0.0,0.0,0.0,0.0,0.0,0.0,0.0,0.0,0.0,0.0,0.0,0.0,0.0,0.0,0.0,0.0,0.0,0.0,0.0
315,315,315,UNLF,315,2020-11,2020-11-01,2020,11,10.0,India,ucdp_actor_metadata_fallback,1,0.6931471805599453,False,True,65.0,42.0,4.189654742026425,3.7612001156935624,0.0,0.0,0.0,0.0,0.0,0.0,0.0,0.0,0.0,0.0,0.0,0.0,0.0,0.0,0.0,0.0,0.0,0.0,0.0,0.0,0.0,0.0,0.0,0.0,0.0,0.0,0.0,0.0,0.0,0.0,0.0,0.0,0.0,0.0,0.0,0.0,0.0,0.0,0.0,0.0,0.0,0.0,0.0,0.0,0.0,0.0,0.0,0.0,0.0,0.0,0.0,0.0,0.0
315,315,315,UNLF,315,2020-12,2020-12-01,2020,12,11.0,India,ucdp_actor_metadata_fallback,1,0.6931471805599453,False,True,42.0,28.0,3.7612001156935624,3.367295829986474,0.0,0.0,0.0,0.0,0.0,0.0,0.0,0.0,0.0,0.0,0.0,0.0,0.0,0.0,0.0,0.0,0.0,0.0,0.0,0.0,0.0,0.0,0.0,0.0,0.0,0.0,0.0,0.0,0.0,0.0,0.0,0.0,0.0,0.0,0.0,0.0,0.0,0.0,0.0,0.0,0.0,0.0,0.0,0.0,0.0,0.0,0.0,0.0,0.0,0.0,0.0,0.0,0.0
315,315,315,UNLF,315,2021-01,2021-01-01,2021,1,12.0,India,ucdp_actor_metadata_fallback,1,0.6931471805599453,False,True,28.0,23.0,3.367295829986474,3.1780538303479458,0.0,0.0,0.0,0.0,0.0,0.0,0.0,0.0,0.0,0.0,0.0,0.0,0.0,0.0,0.0,0.0,0.0,0.0,0.0,0.0,0.0,0.0,0.0,0.0,0.0,0.0,0.0,0.0,0.0,0.0,0.0,0.0,0.0,0.0,0.0,0.0,0.0,0.0,0.0,0.0,0.0,0.0,0.0,0.0,0.0,0.0,0.0,0.0,0.0,0.0,0.0,0.0,0.0
315,315,315,UNLF,315,2021-02,2021-02-01,2021,2,13.0,India,ucdp_actor_metadata_fallback,1,0.6931471805599453,False,True,23.0,41.0,3.1780538303479458,3.7376696182833684,0.0,0.0,0.0,0.0,0.0,0.0,0.0,0.0,0.0,0.0,0.0,0.0,0.0,0.0,0.0,0.0,0.0,0.0,0.0,0.0,0.0,0.0,0.0,0.0,0.0,0.0,0.0,0.0,0.0,0.0,0.0,0.0,0.0,0.0,0.0,0.0,0.0,0.0,0.0,0.0,0.0,0.0,0.0,0.0,0.0,0.0,0.0,0.0,0.0,0.0,0.0,0.0,0.0
315,315,315,UNLF,315,2021-03,2021-03-01,2021,3,14.0,India,ucdp_actor_metadata_fallback,1,0.6931471805599453,False,True,41.0,59.0,3.7376696182833684,4.0943445622221,0.0,0.0,0.0,0.0,0.0,0.0,0.0,0.0,0.0,0.0,0.0,0.0,0.0,0.0,0.0,0.0,0.0,0.0,0.0,0.0,0.0,0.0,0.0,0.0,0.0,0.0,0.0,0.0,0.0,0.0,0.0,0.0,0.0,0.0,0.0,0.0,0.0,0.0,0.0,0.0,0.0,0.0,0.0,0.0,0.0,0.0,0.0,0.0,0.0,0.0,0.0,0.0,0.0
315,315,315,UNLF,315,2021-04,2021-04-01,2021,4,15.0,India,ucdp_actor_metadata_fallback,1,0.6931471805599453,False,True,59.0,38.0,4.0943445622221,3.6635616461296463,0.0,0.0,0.0,0.0,0.0,0.0,0.0,0.0,0.0,0.0,0.0,0.0,0.0,0.0,0.0,0.0,0.0,0.0,0.0,0.0,0.0,0.0,0.0,0.0,0.0,0.0,0.0,0.0,0.0,0.0,0.0,0.0,0.0,0.0,0.0,0.0,0.0,0.0,0.0,0.0,0.0,0.0,0.0,0.0,0.0,0.0,0.0,0.0,0.0,0.0,0.0,0.0,0.0
315,315,315,UNLF,315,2021-05,2021-05-01,2021,5,16.0,India,ucdp_actor_metadata_fallback,1,0.6931471805599453,False,True,38.0,42.0,3.6635616461296463,3.7612001156935624,0.0,0.0,0.0,0.0,0.0,0.0,0.0,0.0,0.0,0.0,0.0,0.0,0.0,0.0,0.0,0.0,0.0,0.0,0.0,0.0,0.0,0.0,0.0,0.0,0.0,0.0,0.0,0.0,0.0,0.0,0.0,0.0,0.0,0.0,0.0,0.0,0.0,0.0,0.0,0.0,0.0,0.0,0.0,0.0,0.0,0.0,0.0,0.0,0.0,0.0,0.0,0.0,0.0
315,315,315,UNLF,315,2021-06,2021-06-01,2021,6,17.0,India,ucdp_actor_metadata_fallback,1,0.6931471805599453,False,True,42.0,60.0,3.7612001156935624,4.110873864173311,1.0,1.0,1.0,1.0,0.0,1.0,0.0,1.0,0.0,0.0,0.0,0.0,0.0,0.0,0.0,0.0,0.0,1.0,0.0,0.0,0.0,0.0,1.0,0.6931471805599453,0.0,0.0,1.0,0.6931471805599453,0.0,0.0,0.0,0.0,0.0,0.0,0.0,0.0,0.0,0.0,0.0,0.0,0.0,0.0,0.0,0.0,0.0,0.0,1.0,0.6931471805599453,0.0,0.0,0.0,0.0,0.6931471805599453
315,315,315,UNLF,315,2021-07,2021-07-01,2021,7,18.0,India,ucdp_actor_metadata_fallback,1,0.6931471805599453,False,True,60.0,37.0,4.110873864173311,3.6375861597263857,0.0,0.0,0.0,0.0,0.0,0.0,0.0,0.0,0.0,0.0,0.0,0.0,0.0,0.0,0.0,0.0,0.0,0.0,0.0,0.0,0.0,0.0,0.0,0.0,0.0,0.0,0.0,0.0,0.0,0.0,0.0,0.0,0.0,0.0,0.0,0.0,0.0,0.0,0.0,0.0,0.0,0.0,0.0,0.0,0.0,0.0,0.0,0.0,0.0,0.0,0.0,0.0,0.0
315,315,315,UNLF,315,2021-08,2021-08-01,2021,8,19.0,India,ucdp_actor_metadata_fallback,1,0.6931471805599453,False,True,37.0,14.0,3.6375861597263857,2.70805020110221,0.0,0.0,0.0,0.0,0.0,0.0,0.0,0.0,0.0,0.0,0.0,0.0,0.0,0.0,0.0,0.0,0.0,0.0,0.0,0.0,0.0,0.0,0.0,0.0,0.0,0.0,0.0,0.0,0.0,0.0,0.0,0.0,0.0,0.0,0.0,0.0,0.0,0.0,0.0,0.0,0.0,0.0,0.0,0.0,0.0,0.0,0.0,0.0,0.0,0.0,0.0,0.0,0.0
315,315,315,UNLF,315,2021-09,2021-09-01,2021,9,20.0,India,ucdp_actor_metadata_fallback,1,0.6931471805599453,False,True,14.0,54.0,2.70805020110221,4.007333185232471,0.0,0.0,0.0,0.0,0.0,0.0,0.0,0.0,0.0,0.0,0.0,0.0,0.0,0.0,0.0,0.0,0.0,0.0,0.0,0.0,0.0,0.0,0.0,0.0,0.0,0.0,0.0,0.0,0.0,0.0,0.0,0.0,0.0,0.0,0.0,0.0,0.0,0.0,0.0,0.0,0.0,0.0,0.0,0.0,0.0,0.0,0.0,0.0,0.0,0.0,0.0,0.0,0.0
315,315,315,UNLF,315,2021-10,2021-10-01,2021,10,21.0,India,ucdp_actor_metadata_fallback,1,0.6931471805599453,False,True,54.0,70.0,4.007333185232471,4.2626798770413155,0.0,0.0,0.0,0.0,0.0,0.0,0.0,0.0,0.0,0.0,0.0,0.0,0.0,0.0,0.0,0.0,0.0,0.0,0.0,0.0,0.0,0.0,0.0,0.0,0.0,0.0,0.0,0.0,0.0,0.0,0.0,0.0,0.0,0.0,0.0,0.0,0.0,0.0,0.0,0.0,0.0,0.0,0.0,0.0,0.0,0.0,0.0,0.0,0.0,0.0,0.0,0.0,0.0
315,315,315,UNLF,315,2021-11,2021-11-01,2021,11,22.0,India,ucdp_actor_metadata_fallback,1,0.6931471805599453,False,True,70.0,55.0,4.2626798770413155,4.02535169073515,0.0,0.0,0.0,0.0,0.0,0.0,0.0,0.0,0.0,0.0,0.0,0.0,0.0,0.0,0.0,0.0,0.0,0.0,0.0,0.0,0.0,0.0,0.0,0.0,0.0,0.0,0.0,0.0,0.0,0.0,0.0,0.0,0.0,0.0,0.0,0.0,0.0,0.0,0.0,0.0,0.0,0.0,0.0,0.0,0.0,0.0,0.0,0.0,0.0,0.0,0.0,0.0,0.0
315,315,315,UNLF,315,2021-12,2021-12-01,2021,12,23.0,India,ucdp_actor_metadata_fallback,1,0.6931471805599453,False,True,55.0,43.0,4.02535169073515,3.784189633918261,0.0,0.0,0.0,0.0,0.0,0.0,0.0,0.0,0.0,0.0,0.0,0.0,0.0,0.0,0.0,0.0,0.0,0.0,0.0,0.0,0.0,0.0,0.0,0.0,0.0,0.0,0.0,0.0,0.0,0.0,0.0,0.0,0.0,0.0,0.0,0.0,0.0,0.0,0.0,0.0,0.0,0.0,0.0,0.0,0.0,0.0,0.0,0.0,0.0,0.0,0.0,0.0,0.0
315,315,315,UNLF,315,2022-01,2022-01-01,2022,1,24.0,India,ucdp_actor_metadata_fallback,1,0.6931471805599453,False,True,43.0,24.0,3.784189633918261,3.2188758248682006,0.0,0.0,0.0,0.0,0.0,0.0,0.0,0.0,0.0,0.0,0.0,0.0,0.0,0.0,0.0,0.0,0.0,0.0,0.0,0.0,0.0,0.0,0.0,0.0,0.0,0.0,0.0,0.0,0.0,0.0,0.0,0.0,0.0,0.0,0.0,0.0,0.0,0.0,0.0,0.0,0.0,0.0,0.0,0.0,0.0,0.0,0.0,0.0,0.0,0.0,0.0,0.0,0.0
315,315,315,UNLF,315,2022-02,2022-02-01,2022,2,25.0,India,ucdp_actor_metadata_fallback,1,0.6931471805599453,False,True,24.0,37.0,3.2188758248682006,3.6375861597263857,0.0,0.0,0.0,0.0,0.0,0.0,0.0,0.0,0.0,0.0,0.0,0.0,0.0,0.0,0.0,0.0,0.0,0.0,0.0,0.0,0.0,0.0,0.0,0.0,0.0,0.0,0.0,0.0,0.0,0.0,0.0,0.0,0.0,0.0,0.0,0.0,0.0,0.0,0.0,0.0,0.0,0.0,0.0,0.0,0.0,0.0,0.0,0.0,0.0,0.0,0.0,0.0,0.0
315,315,315,UNLF,315,2022-03,2022-03-01,2022,3,26.0,India,ucdp_actor_metadata_fallback,1,0.6931471805599453,False,True,37.0,39.0,3.6375861597263857,3.6888794541139363,0.0,0.0,0.0,0.0,0.0,0.0,0.0,0.0,0.0,0.0,0.0,0.0,0.0,0.0,0.0,0.0,0.0,0.0,0.0,0.0,0.0,0.0,0.0,0.0,0.0,0.0,0.0,0.0,0.0,0.0,0.0,0.0,0.0,0.0,0.0,0.0,0.0,0.0,0.0,0.0,0.0,0.0,0.0,0.0,0.0,0.0,0.0,0.0,0.0,0.0,0.0,0.0,0.0
315,315,315,UNLF,315,2022-04,2022-04-01,2022,4,27.0,India,ucdp_actor_metadata_fallback,1,0.6931471805599453,False,True,39.0,49.0,3.6888794541139363,3.912023005428146,0.0,0.0,0.0,0.0,0.0,0.0,0.0,0.0,0.0,0.0,0.0,0.0,0.0,0.0,0.0,0.0,0.0,0.0,0.0,0.0,0.0,0.0,0.0,0.0,0.0,0.0,0.0,0.0,0.0,0.0,0.0,0.0,0.0,0.0,0.0,0.0,0.0,0.0,0.0,0.0,0.0,0.0,0.0,0.0,0.0,0.0,0.0,0.0,0.0,0.0,0.0,0.0,0.0
315,315,315,UNLF,315,2022-05,2022-05-01,2022,5,28.0,India,ucdp_actor_metadata_fallback,1,0.6931471805599453,False,True,49.0,57.0,3.912023005428146,4.060443010546419,0.0,0.0,0.0,0.0,0.0,0.0,0.0,0.0,0.0,0.0,0.0,0.0,0.0,0.0,0.0,0.0,0.0,0.0,0.0,0.0,0.0,0.0,0.0,0.0,0.0,0.0,0.0,0.0,0.0,0.0,0.0,0.0,0.0,0.0,0.0,0.0,0.0,0.0,0.0,0.0,0.0,0.0,0.0,0.0,0.0,0.0,0.0,0.0,0.0,0.0,0.0,0.0,0.0
315,315,315,UNLF,315,2022-06,2022-06-01,2022,6,29.0,India,ucdp_actor_metadata_fallback,1,0.6931471805599453,False,True,57.0,16.0,4.060443010546419,2.833213344056216,0.0,0.0,0.0,0.0,0.0,0.0,0.0,0.0,0.0,0.0,0.0,0.0,0.0,0.0,0.0,0.0,0.0,0.0,0.0,0.0,0.0,0.0,0.0,0.0,0.0,0.0,0.0,0.0,0.0,0.0,0.0,0.0,0.0,0.0,0.0,0.0,0.0,0.0,0.0,0.0,0.0,0.0,0.0,0.0,0.0,0.0,0.0,0.0,0.0,0.0,0.0,0.0,0.0
315,315,315,UNLF,315,2022-07,2022-07-01,2022,7,30.0,India,ucdp_actor_metadata_fallback,1,0.6931471805599453,False,True,16.0,36.0,2.833213344056216,3.6109179126442243,0.0,0.0,0.0,0.0,0.0,0.0,0.0,0.0,0.0,0.0,0.0,0.0,0.0,0.0,0.0,0.0,0.0,0.0,0.0,0.0,0.0,0.0,0.0,0.0,0.0,0.0,0.0,0.0,0.0,0.0,0.0,0.0,0.0,0.0,0.0,0.0,0.0,0.0,0.0,0.0,0.0,0.0,0.0,0.0,0.0,0.0,0.0,0.0,0.0,0.0,0.0,0.0,0.0
315,315,315,UNLF,315,2022-08,2022-08-01,2022,8,31.0,India,ucdp_actor_metadata_fallback,1,0.6931471805599453,False,True,36.0,21.0,3.6109179126442243,3.091042453358316,0.0,0.0,0.0,0.0,0.0,0.0,0.0,0.0,0.0,0.0,0.0,0.0,0.0,0.0,0.0,0.0,0.0,0.0,0.0,0.0,0.0,0.0,0.0,0.0,0.0,0.0,0.0,0.0,0.0,0.0,0.0,0.0,0.0,0.0,0.0,0.0,0.0,0.0,0.0,0.0,0.0,0.0,0.0,0.0,0.0,0.0,0.0,0.0,0.0,0.0,0.0,0.0,0.0
315,315,315,UNLF,315,2022-09,2022-09-01,2022,9,32.0,India,ucdp_actor_metadata_fallback,1,0.6931471805599453,False,True,21.0,25.0,3.091042453358316,3.258096538021482,0.0,0.0,0.0,0.0,0.0,0.0,0.0,0.0,0.0,0.0,0.0,0.0,0.0,0.0,0.0,0.0,0.0,0.0,0.0,0.0,0.0,0.0,0.0,0.0,0.0,0.0,0.0,0.0,0.0,0.0,0.0,0.0,0.0,0.0,0.0,0.0,0.0,0.0,0.0,0.0,0.0,0.0,0.0,0.0,0.0,0.0,0.0,0.0,0.0,0.0,0.0,0.0,0.0
315,315,315,UNLF,315,2022-10,2022-10-01,2022,10,33.0,India,ucdp_actor_metadata_fallback,1,0.6931471805599453,False,True,25.0,29.0,3.258096538021482,3.4011973816621555,0.0,0.0,0.0,0.0,0.0,0.0,0.0,0.0,0.0,0.0,0.0,0.0,0.0,0.0,0.0,0.0,0.0,0.0,0.0,0.0,0.0,0.0,0.0,0.0,0.0,0.0,0.0,0.0,0.0,0.0,0.0,0.0,0.0,0.0,0.0,0.0,0.0,0.0,0.0,0.0,0.0,0.0,0.0,0.0,0.0,0.0,0.0,0.0,0.0,0.0,0.0,0.0,0.0
315,315,315,UNLF,315,2022-11,2022-11-01,2022,11,34.0,India,ucdp_actor_metadata_fallback,1,0.6931471805599453,False,True,29.0,17.0,3.4011973816621555,2.8903717578961645,0.0,0.0,0.0,0.0,0.0,0.0,0.0,0.0,0.0,0.0,0.0,0.0,0.0,0.0,0.0,0.0,0.0,0.0,0.0,0.0,0.0,0.0,0.0,0.0,0.0,0.0,0.0,0.0,0.0,0.0,0.0,0.0,0.0,0.0,0.0,0.0,0.0,0.0,0.0,0.0,0.0,0.0,0.0,0.0,0.0,0.0,0.0,0.0,0.0,0.0,0.0,0.0,0.0
315,315,315,UNLF,315,2022-12,2022-12-01,2022,12,35.0,India,ucdp_actor_metadata_fallback,1,0.6931471805599453,False,True,17.0,13.0,2.8903717578961645,2.6390573296152584,0.0,0.0,0.0,0.0,0.0,0.0,0.0,0.0,0.0,0.0,0.0,0.0,0.0,0.0,0.0,0.0,0.0,0.0,0.0,0.0,0.0,0.0,0.0,0.0,0.0,0.0,0.0,0.0,0.0,0.0,0.0,0.0,0.0,0.0,0.0,0.0,0.0,0.0,0.0,0.0,0.0,0.0,0.0,0.0,0.0,0.0,0.0,0.0,0.0,0.0,0.0,0.0,0.0
315,315,315,UNLF,315,2023-01,2023-01-01,2023,1,36.0,India,ucdp_actor_metadata_fallback,1,0.6931471805599453,False,True,13.0,23.0,2.6390573296152584,3.1780538303479458,0.0,0.0,0.0,0.0,0.0,0.0,0.0,0.0,0.0,0.0,0.0,0.0,0.0,0.0,0.0,0.0,0.0,0.0,0.0,0.0,0.0,0.0,0.0,0.0,0.0,0.0,0.0,0.0,0.0,0.0,0.0,0.0,0.0,0.0,0.0,0.0,0.0,0.0,0.0,0.0,0.0,0.0,0.0,0.0,0.0,0.0,0.0,0.0,0.0,0.0,0.0,0.0,0.0
315,315,315,UNLF,315,2023-02,2023-02-01,2023,2,37.0,India,ucdp_actor_metadata_fallback,1,0.6931471805599453,False,True,23.0,14.0,3.1780538303479458,2.70805020110221,0.0,0.0,0.0,0.0,0.0,0.0,0.0,0.0,0.0,0.0,0.0,0.0,0.0,0.0,0.0,0.0,0.0,0.0,0.0,0.0,0.0,0.0,0.0,0.0,0.0,0.0,0.0,0.0,0.0,0.0,0.0,0.0,0.0,0.0,0.0,0.0,0.0,0.0,0.0,0.0,0.0,0.0,0.0,0.0,0.0,0.0,0.0,0.0,0.0,0.0,0.0,0.0,0.0
315,315,315,UNLF,315,2023-03,2023-03-01,2023,3,38.0,India,ucdp_actor_metadata_fallback,1,0.6931471805599453,False,True,14.0,34.0,2.70805020110221,3.5553480614894135,0.0,0.0,0.0,0.0,0.0,0.0,0.0,0.0,0.0,0.0,0.0,0.0,0.0,0.0,0.0,0.0,0.0,0.0,0.0,0.0,0.0,0.0,0.0,0.0,0.0,0.0,0.0,0.0,0.0,0.0,0.0,0.0,0.0,0.0,0.0,0.0,0.0,0.0,0.0,0.0,0.0,0.0,0.0,0.0,0.0,0.0,0.0,0.0,0.0,0.0,0.0,0.0,0.0
315,315,315,UNLF,315,2023-04,2023-04-01,2023,4,39.0,India,ucdp_actor_metadata_fallback,1,0.6931471805599453,False,True,34.0,90.0,3.5553480614894135,4.51085950651685,0.0,0.0,0.0,0.0,0.0,0.0,0.0,0.0,0.0,0.0,0.0,0.0,0.0,0.0,0.0,0.0,0.0,0.0,0.0,0.0,0.0,0.0,0.0,0.0,0.0,0.0,0.0,0.0,0.0,0.0,0.0,0.0,0.0,0.0,0.0,0.0,0.0,0.0,0.0,0.0,0.0,0.0,0.0,0.0,0.0,0.0,0.0,0.0,0.0,0.0,0.0,0.0,0.0
315,315,315,UNLF,315,2023-05,2023-05-01,2023,5,40.0,India,ucdp_actor_metadata_fallback,1,0.6931471805599453,False,True,90.0,35.0,4.51085950651685,3.58351893845611,0.0,0.0,0.0,0.0,0.0,0.0,0.0,0.0,0.0,0.0,0.0,0.0,0.0,0.0,0.0,0.0,0.0,0.0,0.0,0.0,0.0,0.0,0.0,0.0,0.0,0.0,0.0,0.0,0.0,0.0,0.0,0.0,0.0,0.0,0.0,0.0,0.0,0.0,0.0,0.0,0.0,0.0,0.0,0.0,0.0,0.0,0.0,0.0,0.0,0.0,0.0,0.0,0.0
315,315,315,UNLF,315,2023-06,2023-06-01,2023,6,41.0,India,ucdp_actor_metadata_fallback,1,0.6931471805599453,False,True,35.0,46.0,3.58351893845611,3.8501476017100584,0.0,0.0,0.0,0.0,0.0,0.0,0.0,0.0,0.0,0.0,0.0,0.0,0.0,0.0,0.0,0.0,0.0,0.0,0.0,0.0,0.0,0.0,0.0,0.0,0.0,0.0,0.0,0.0,0.0,0.0,0.0,0.0,0.0,0.0,0.0,0.0,0.0,0.0,0.0,0.0,0.0,0.0,0.0,0.0,0.0,0.0,0.0,0.0,0.0,0.0,0.0,0.0,0.0
315,315,315,UNLF,315,2023-07,2023-07-01,2023,7,42.0,India,ucdp_actor_metadata_fallback,1,0.6931471805599453,False,True,46.0,35.0,3.8501476017100584,3.58351893845611,0.0,0.0,0.0,0.0,0.0,0.0,0.0,0.0,0.0,0.0,0.0,0.0,0.0,0.0,0.0,0.0,0.0,0.0,0.0,0.0,0.0,0.0,0.0,0.0,0.0,0.0,0.0,0.0,0.0,0.0,0.0,0.0,0.0,0.0,0.0,0.0,0.0,0.0,0.0,0.0,0.0,0.0,0.0,0.0,0.0,0.0,0.0,0.0,0.0,0.0,0.0,0.0,0.0
315,315,315,UNLF,315,2023-08,2023-08-01,2023,8,43.0,India,ucdp_actor_metadata_fallback,1,0.6931471805599453,False,True,35.0,29.0,3.58351893845611,3.4011973816621555,0.0,0.0,0.0,0.0,0.0,0.0,0.0,0.0,0.0,0.0,0.0,0.0,0.0,0.0,0.0,0.0,0.0,0.0,0.0,0.0,0.0,0.0,0.0,0.0,0.0,0.0,0.0,0.0,0.0,0.0,0.0,0.0,0.0,0.0,0.0,0.0,0.0,0.0,0.0,0.0,0.0,0.0,0.0,0.0,0.0,0.0,0.0,0.0,0.0,0.0,0.0,0.0,0.0
315,315,315,UNLF,315,2023-09,2023-09-01,2023,9,44.0,India,ucdp_actor_metadata_fallback,1,0.6931471805599453,False,True,29.0,22.0,3.4011973816621555,3.1354942159291497,0.0,0.0,0.0,0.0,0.0,0.0,0.0,0.0,0.0,0.0,0.0,0.0,0.0,0.0,0.0,0.0,0.0,0.0,0.0,0.0,0.0,0.0,0.0,0.0,0.0,0.0,0.0,0.0,0.0,0.0,0.0,0.0,0.0,0.0,0.0,0.0,0.0,0.0,0.0,0.0,0.0,0.0,0.0,0.0,0.0,0.0,0.0,0.0,0.0,0.0,0.0,0.0,0.0
315,315,315,UNLF,315,2023-10,2023-10-01,2023,10,45.0,India,ucdp_actor_metadata_fallback,1,0.6931471805599453,False,True,22.0,39.0,3.1354942159291497,3.6888794541139363,0.0,0.0,0.0,0.0,0.0,0.0,0.0,0.0,0.0,0.0,0.0,0.0,0.0,0.0,0.0,0.0,0.0,0.0,0.0,0.0,0.0,0.0,0.0,0.0,0.0,0.0,0.0,0.0,0.0,0.0,0.0,0.0,0.0,0.0,0.0,0.0,0.0,0.0,0.0,0.0,0.0,0.0,0.0,0.0,0.0,0.0,0.0,0.0,0.0,0.0,0.0,0.0,0.0
315,315,315,UNLF,315,2023-11,2023-11-01,2023,11,46.0,India,ucdp_actor_metadata_fallback,1,0.6931471805599453,False,True,39.0,26.0,3.6888794541139363,3.295836866004329,0.0,0.0,0.0,0.0,0.0,0.0,0.0,0.0,0.0,0.0,0.0,0.0,0.0,0.0,0.0,0.0,0.0,0.0,0.0,0.0,0.0,0.0,0.0,0.0,0.0,0.0,0.0,0.0,0.0,0.0,0.0,0.0,0.0,0.0,0.0,0.0,0.0,0.0,0.0,0.0,0.0,0.0,0.0,0.0,0.0,0.0,0.0,0.0,0.0,0.0,0.0,0.0,0.0
315,315,315,UNLF,315,2023-12,2023-12-01,2023,12,47.0,India,ucdp_actor_metadata_fallback,1,0.6931471805599453,False,True,26.0,35.0,3.295836866004329,3.58351893845611,0.0,0.0,0.0,0.0,0.0,0.0,0.0,0.0,0.0,0.0,0.0,0.0,0.0,0.0,0.0,0.0,0.0,0.0,0.0,0.0,0.0,0.0,0.0,0.0,0.0,0.0,0.0,0.0,0.0,0.0,0.0,0.0,0.0,0.0,0.0,0.0,0.0,0.0,0.0,0.0,0.0,0.0,0.0,0.0,0.0,0.0,0.0,0.0,0.0,0.0,0.0,0.0,0.0
315,315,315,UNLF,315,2024-01,2024-01-01,2024,1,48.0,India,ucdp_actor_metadata_fallback,1,0.6931471805599453,False,True,35.0,31.0,3.58351893845611,3.4657359027997265,0.0,0.0,0.0,0.0,0.0,0.0,0.0,0.0,0.0,0.0,0.0,0.0,0.0,0.0,0.0,0.0,0.0,0.0,0.0,0.0,0.0,0.0,0.0,0.0,0.0,0.0,0.0,0.0,0.0,0.0,0.0,0.0,0.0,0.0,0.0,0.0,0.0,0.0,0.0,0.0,0.0,0.0,0.0,0.0,0.0,0.0,0.0,0.0,0.0,0.0,0.0,0.0,0.0
315,315,315,UNLF,315,2024-02,2024-02-01,2024,2,49.0,India,ucdp_actor_metadata_fallback,1,0.6931471805599453,False,True,31.0,29.0,3.4657359027997265,3.4011973816621555,0.0,0.0,0.0,0.0,0.0,0.0,0.0,0.0,0.0,0.0,0.0,0.0,0.0,0.0,0.0,0.0,0.0,0.0,0.0,0.0,0.0,0.0,0.0,0.0,0.0,0.0,0.0,0.0,0.0,0.0,0.0,0.0,0.0,0.0,0.0,0.0,0.0,0.0,0.0,0.0,0.0,0.0,0.0,0.0,0.0,0.0,0.0,0.0,0.0,0.0,0.0,0.0,0.0
315,315,315,UNLF,315,2024-03,2024-03-01,2024,3,50.0,India,ucdp_actor_metadata_fallback,1,0.6931471805599453,False,True,29.0,84.0,3.4011973816621555,4.442651256490317,0.0,0.0,0.0,0.0,0.0,0.0,0.0,0.0,0.0,0.0,0.0,0.0,0.0,0.0,0.0,0.0,0.0,0.0,0.0,0.0,0.0,0.0,0.0,0.0,0.0,0.0,0.0,0.0,0.0,0.0,0.0,0.0,0.0,0.0,0.0,0.0,0.0,0.0,0.0,0.0,0.0,0.0,0.0,0.0,0.0,0.0,0.0,0.0,0.0,0.0,0.0,0.0,0.0
315,315,315,UNLF,315,2024-04,2024-04-01,2024,4,51.0,India,ucdp_actor_metadata_fallback,1,0.6931471805599453,False,True,84.0,47.0,4.442651256490317,3.871201010907891,0.0,0.0,0.0,0.0,0.0,0.0,0.0,0.0,0.0,0.0,0.0,0.0,0.0,0.0,0.0,0.0,0.0,0.0,0.0,0.0,0.0,0.0,0.0,0.0,0.0,0.0,0.0,0.0,0.0,0.0,0.0,0.0,0.0,0.0,0.0,0.0,0.0,0.0,0.0,0.0,0.0,0.0,0.0,0.0,0.0,0.0,0.0,0.0,0.0,0.0,0.0,0.0,0.0
315,315,315,UNLF,315,2024-05,2024-05-01,2024,5,52.0,India,ucdp_actor_metadata_fallback,1,0.6931471805599453,False,True,47.0,51.0,3.871201010907891,3.9512437185814275,0.0,0.0,0.0,0.0,0.0,0.0,0.0,0.0,0.0,0.0,0.0,0.0,0.0,0.0,0.0,0.0,0.0,0.0,0.0,0.0,0.0,0.0,0.0,0.0,0.0,0.0,0.0,0.0,0.0,0.0,0.0,0.0,0.0,0.0,0.0,0.0,0.0,0.0,0.0,0.0,0.0,0.0,0.0,0.0,0.0,0.0,0.0,0.0,0.0,0.0,0.0,0.0,0.0
315,315,315,UNLF,315,2024-06,2024-06-01,2024,6,53.0,India,ucdp_actor_metadata_fallback,1,0.6931471805599453,False,True,51.0,61.0,3.9512437185814275,4.127134385045092,0.0,0.0,0.0,0.0,0.0,0.0,0.0,0.0,0.0,0.0,0.0,0.0,0.0,0.0,0.0,0.0,0.0,0.0,0.0,0.0,0.0,0.0,0.0,0.0,0.0,0.0,0.0,0.0,0.0,0.0,0.0,0.0,0.0,0.0,0.0,0.0,0.0,0.0,0.0,0.0,0.0,0.0,0.0,0.0,0.0,0.0,0.0,0.0,0.0,0.0,0.0,0.0,0.0
315,315,315,UNLF,315,2024-07,2024-07-01,2024,7,54.0,India,ucdp_actor_metadata_fallback,1,0.6931471805599453,False,True,61.0,22.0,4.127134385045092,3.1354942159291497,0.0,0.0,0.0,0.0,0.0,0.0,0.0,0.0,0.0,0.0,0.0,0.0,0.0,0.0,0.0,0.0,0.0,0.0,0.0,0.0,0.0,0.0,0.0,0.0,0.0,0.0,0.0,0.0,0.0,0.0,0.0,0.0,0.0,0.0,0.0,0.0,0.0,0.0,0.0,0.0,0.0,0.0,0.0,0.0,0.0,0.0,0.0,0.0,0.0,0.0,0.0,0.0,0.0
315,315,315,UNLF,315,2024-08,2024-08-01,2024,8,55.0,India,ucdp_actor_metadata_fallback,1,0.6931471805599453,False,True,22.0,43.0,3.1354942159291497,3.784189633918261,0.0,0.0,0.0,0.0,0.0,0.0,0.0,0.0,0.0,0.0,0.0,0.0,0.0,0.0,0.0,0.0,0.0,0.0,0.0,0.0,0.0,0.0,0.0,0.0,0.0,0.0,0.0,0.0,0.0,0.0,0.0,0.0,0.0,0.0,0.0,0.0,0.0,0.0,0.0,0.0,0.0,0.0,0.0,0.0,0.0,0.0,0.0,0.0,0.0,0.0,0.0,0.0,0.0
315,315,315,UNLF,315,2024-09,2024-09-01,2024,9,56.0,India,ucdp_actor_metadata_fallback,1,0.6931471805599453,False,True,43.0,79.0,3.784189633918261,4.382026634673881,0.0,0.0,0.0,0.0,0.0,0.0,0.0,0.0,0.0,0.0,0.0,0.0,0.0,0.0,0.0,0.0,0.0,0.0,0.0,0.0,0.0,0.0,0.0,0.0,0.0,0.0,0.0,0.0,0.0,0.0,0.0,0.0,0.0,0.0,0.0,0.0,0.0,0.0,0.0,0.0,0.0,0.0,0.0,0.0,0.0,0.0,0.0,0.0,0.0,0.0,0.0,0.0,0.0
315,315,315,UNLF,315,2024-10,2024-10-01,2024,10,57.0,India,ucdp_actor_metadata_fallback,1,0.6931471805599453,False,True,79.0,37.0,4.382026634673881,3.6375861597263857,0.0,0.0,0.0,0.0,0.0,0.0,0.0,0.0,0.0,0.0,0.0,0.0,0.0,0.0,0.0,0.0,0.0,0.0,0.0,0.0,0.0,0.0,0.0,0.0,0.0,0.0,0.0,0.0,0.0,0.0,0.0,0.0,0.0,0.0,0.0,0.0,0.0,0.0,0.0,0.0,0.0,0.0,0.0,0.0,0.0,0.0,0.0,0.0,0.0,0.0,0.0,0.0,0.0
315,315,315,UNLF,315,2024-11,2024-11-01,2024,11,58.0,India,ucdp_actor_metadata_fallback,1,0.6931471805599453,False,True,37.0,33.0,3.6375861597263857,3.5263605246161616,0.0,0.0,0.0,0.0,0.0,0.0,0.0,0.0,0.0,0.0,0.0,0.0,0.0,0.0,0.0,0.0,0.0,0.0,0.0,0.0,0.0,0.0,0.0,0.0,0.0,0.0,0.0,0.0,0.0,0.0,0.0,0.0,0.0,0.0,0.0,0.0,0.0,0.0,0.0,0.0,0.0,0.0,0.0,0.0,0.0,0.0,0.0,0.0,0.0,0.0,0.0,0.0,0.0
315,315,315,UNLF,315,2024-12,2024-12-01,2024,12,59.0,India,ucdp_actor_metadata_fallback,1,0.6931471805599453,False,True,33.0,62.0,3.5263605246161616,4.143134726391533,0.0,0.0,0.0,0.0,0.0,0.0,0.0,0.0,0.0,0.0,0.0,0.0,0.0,0.0,0.0,0.0,0.0,0.0,0.0,0.0,0.0,0.0,0.0,0.0,0.0,0.0,0.0,0.0,0.0,0.0,0.0,0.0,0.0,0.0,0.0,0.0,0.0,0.0,0.0,0.0,0.0,0.0,0.0,0.0,0.0,0.0,0.0,0.0,0.0,0.0,0.0,0.0,0.0
315,315,315,UNLF,315,2025-01,2025-01-01,2025,1,60.0,India,ucdp_actor_metadata_fallback,1,0.6931471805599453,False,True,62.0,69.0,4.143134726391533,4.248495242049359,0.0,0.0,0.0,0.0,0.0,0.0,0.0,0.0,0.0,0.0,0.0,0.0,0.0,0.0,0.0,0.0,0.0,0.0,0.0,0.0,0.0,0.0,0.0,0.0,0.0,0.0,0.0,0.0,0.0,0.0,0.0,0.0,0.0,0.0,0.0,0.0,0.0,0.0,0.0,0.0,0.0,0.0,0.0,0.0,0.0,0.0,0.0,0.0,0.0,0.0,0.0,0.0,0.0
315,315,315,UNLF,315,2025-02,2025-02-01,2025,2,61.0,India,ucdp_actor_metadata_fallback,1,0.6931471805599453,False,True,69.0,67.0,4.248495242049359,4.219507705176107,0.0,0.0,0.0,0.0,0.0,0.0,0.0,0.0,0.0,0.0,0.0,0.0,0.0,0.0,0.0,0.0,0.0,0.0,0.0,0.0,0.0,0.0,0.0,0.0,0.0,0.0,0.0,0.0,0.0,0.0,0.0,0.0,0.0,0.0,0.0,0.0,0.0,0.0,0.0,0.0,0.0,0.0,0.0,0.0,0.0,0.0,0.0,0.0,0.0,0.0,0.0,0.0,0.0
315,315,315,UNLF,315,2025-03,2025-03-01,2025,3,62.0,India,ucdp_actor_metadata_fallback,1,0.6931471805599453,False,True,67.0,82.0,4.219507705176107,4.418840607796598,0.0,0.0,0.0,0.0,0.0,0.0,0.0,0.0,0.0,0.0,0.0,0.0,0.0,0.0,0.0,0.0,0.0,0.0,0.0,0.0,0.0,0.0,0.0,0.0,0.0,0.0,0.0,0.0,0.0,0.0,0.0,0.0,0.0,0.0,0.0,0.0,0.0,0.0,0.0,0.0,0.0,0.0,0.0,0.0,0.0,0.0,0.0,0.0,0.0,0.0,0.0,0.0,0.0
315,315,315,UNLF,315,2025-04,2025-04-01,2025,4,63.0,India,ucdp_actor_metadata_fallback,1,0.6931471805599453,False,True,82.0,114.0,4.418840607796598,4.74493212836325,0.0,0.0,0.0,0.0,0.0,0.0,0.0,0.0,0.0,0.0,0.0,0.0,0.0,0.0,0.0,0.0,0.0,0.0,0.0,0.0,0.0,0.0,0.0,0.0,0.0,0.0,0.0,0.0,0.0,0.0,0.0,0.0,0.0,0.0,0.0,0.0,0.0,0.0,0.0,0.0,0.0,0.0,0.0,0.0,0.0,0.0,0.0,0.0,0.0,0.0,0.0,0.0,0.0
315,315,315,UNLF,315,2025-05,2025-05-01,2025,5,64.0,India,ucdp_actor_metadata_fallback,1,0.6931471805599453,False,True,114.0,35.0,4.74493212836325,3.58351893845611,0.0,0.0,0.0,0.0,0.0,0.0,0.0,0.0,0.0,0.0,0.0,0.0,0.0,0.0,0.0,0.0,0.0,0.0,0.0,0.0,0.0,0.0,0.0,0.0,0.0,0.0,0.0,0.0,0.0,0.0,0.0,0.0,0.0,0.0,0.0,0.0,0.0,0.0,0.0,0.0,0.0,0.0,0.0,0.0,0.0,0.0,0.0,0.0,0.0,0.0,0.0,0.0,0.0
315,315,315,UNLF,315,2025-06,2025-06-01,2025,6,65.0,India,ucdp_actor_metadata_fallback,1,0.6931471805599453,False,True,35.0,27.0,3.58351893845611,3.332204510175204,0.0,0.0,0.0,0.0,0.0,0.0,0.0,0.0,0.0,0.0,0.0,0.0,0.0,0.0,0.0,0.0,0.0,0.0,0.0,0.0,0.0,0.0,0.0,0.0,0.0,0.0,0.0,0.0,0.0,0.0,0.0,0.0,0.0,0.0,0.0,0.0,0.0,0.0,0.0,0.0,0.0,0.0,0.0,0.0,0.0,0.0,0.0,0.0,0.0,0.0,0.0,0.0,0.0
315,315,315,UNLF,315,2025-07,2025-07-01,2025,7,66.0,India,ucdp_actor_metadata_fallback,1,0.6931471805599453,False,True,27.0,24.0,3.332204510175204,3.2188758248682006,0.0,0.0,0.0,0.0,0.0,0.0,0.0,0.0,0.0,0.0,0.0,0.0,0.0,0.0,0.0,0.0,0.0,0.0,0.0,0.0,0.0,0.0,0.0,0.0,0.0,0.0,0.0,0.0,0.0,0.0,0.0,0.0,0.0,0.0,0.0,0.0,0.0,0.0,0.0,0.0,0.0,0.0,0.0,0.0,0.0,0.0,0.0,0.0,0.0,0.0,0.0,0.0,0.0
315,315,315,UNLF,315,2025-08,2025-08-01,2025,8,67.0,India,ucdp_actor_metadata_fallback,1,0.6931471805599453,False,True,24.0,52.0,3.2188758248682006,3.970291913552122,0.0,0.0,0.0,0.0,0.0,0.0,0.0,0.0,0.0,0.0,0.0,0.0,0.0,0.0,0.0,0.0,0.0,0.0,0.0,0.0,0.0,0.0,0.0,0.0,0.0,0.0,0.0,0.0,0.0,0.0,0.0,0.0,0.0,0.0,0.0,0.0,0.0,0.0,0.0,0.0,0.0,0.0,0.0,0.0,0.0,0.0,0.0,0.0,0.0,0.0,0.0,0.0,0.0
315,315,315,UNLF,315,2025-09,2025-09-01,2025,9,68.0,India,ucdp_actor_metadata_fallback,1,0.6931471805599453,False,True,52.0,15.0,3.970291913552122,2.772588722239781,0.0,0.0,0.0,0.0,0.0,0.0,0.0,0.0,0.0,0.0,0.0,0.0,0.0,0.0,0.0,0.0,0.0,0.0,0.0,0.0,0.0,0.0,0.0,0.0,0.0,0.0,0.0,0.0,0.0,0.0,0.0,0.0,0.0,0.0,0.0,0.0,0.0,0.0,0.0,0.0,0.0,0.0,0.0,0.0,0.0,0.0,0.0,0.0,0.0,0.0,0.0,0.0,0.0
315,315,315,UNLF,315,2025-10,2025-10-01,2025,10,69.0,India,ucdp_actor_metadata_fallback,1,0.6931471805599453,False,True,15.0,41.0,2.772588722239781,3.7376696182833684,0.0,0.0,0.0,0.0,0.0,0.0,0.0,0.0,0.0,0.0,0.0,0.0,0.0,0.0,0.0,0.0,0.0,0.0,0.0,0.0,0.0,0.0,0.0,0.0,0.0,0.0,0.0,0.0,0.0,0.0,0.0,0.0,0.0,0.0,0.0,0.0,0.0,0.0,0.0,0.0,0.0,0.0,0.0,0.0,0.0,0.0,0.0,0.0,0.0,0.0,0.0,0.0,0.0
315,315,315,UNLF,315,2025-11,2025-11-01,2025,11,70.0,India,ucdp_actor_metadata_fallback,1,0.6931471805599453,False,True,41.0,35.0,3.7376696182833684,3.58351893845611,0.0,0.0,0.0,0.0,0.0,0.0,0.0,0.0,0.0,0.0,0.0,0.0,0.0,0.0,0.0,0.0,0.0,0.0,0.0,0.0,0.0,0.0,0.0,0.0,0.0,0.0,0.0,0.0,0.0,0.0,0.0,0.0,0.0,0.0,0.0,0.0,0.0,0.0,0.0,0.0,0.0,0.0,0.0,0.0,0.0,0.0,0.0,0.0,0.0,0.0,0.0,0.0,0.0
315,315,315,UNLF,315,2025-12,2025-12-01,2025,12,71.0,India,ucdp_actor_metadata_fallback,1,0.6931471805599453,False,False,35.0,,3.58351893845611,,0.0,0.0,0.0,0.0,0.0,0.0,0.0,0.0,0.0,0.0,0.0,0.0,0.0,0.0,0.0,0.0,0.0,0.0,0.0,0.0,0.0,0.0,0.0,0.0,0.0,0.0,0.0,0.0,0.0,0.0,0.0,0.0,0.0,0.0,0.0,0.0,0.0,0.0,0.0,0.0,0.0,0.0,0.0,0.0,0.0,0.0,0.0,0.0,0.0,0.0,0.0,0.0,0.0
397,397,397,VHP,397,2020-01,2020-01-01,2020,1,0.0,India,ucdp_actor_metadata_fallback,1,0.6931471805599453,False,True,53.0,83.0,3.9889840465642745,4.430816798843313,0.0,0.0,0.0,0.0,0.0,0.0,0.0,0.0,0.0,0.0,0.0,0.0,0.0,0.0,0.0,0.0,0.0,0.0,0.0,0.0,0.0,0.0,0.0,0.0,0.0,0.0,0.0,0.0,0.0,0.0,0.0,0.0,0.0,0.0,0.0,0.0,0.0,0.0,0.0,0.0,0.0,0.0,0.0,0.0,0.0,0.0,0.0,0.0,0.0,0.0,0.0,0.0,0.0
397,397,397,VHP,397,2020-02,2020-02-01,2020,2,1.0,India,ucdp_actor_metadata_fallback,1,0.6931471805599453,False,True,83.0,48.0,4.430816798843313,3.8918202981106265,1.0,1.0,1.0,1.0,1.0,1.0,0.0,1.0,0.0,0.0,0.0,0.0,0.0,0.0,0.0,0.0,0.0,1.0,0.0,0.0,1.0,0.6931471805599453,1.0,0.6931471805599453,0.0,0.0,1.0,0.6931471805599453,0.0,0.0,0.0,0.0,0.0,0.0,0.0,0.0,0.0,0.0,0.0,0.0,0.0,0.0,0.0,0.0,0.0,0.0,1.0,0.6931471805599453,0.0,0.0,0.0,0.0,0.6931471805599453
397,397,397,VHP,397,2020-03,2020-03-01,2020,3,2.0,India,ucdp_actor_metadata_fallback,1,0.6931471805599453,False,True,48.0,84.0,3.8918202981106265,4.442651256490317,0.0,0.0,0.0,0.0,0.0,0.0,0.0,0.0,0.0,0.0,0.0,0.0,0.0,0.0,0.0,0.0,0.0,0.0,0.0,0.0,0.0,0.0,0.0,0.0,0.0,0.0,0.0,0.0,0.0,0.0,0.0,0.0,0.0,0.0,0.0,0.0,0.0,0.0,0.0,0.0,0.0,0.0,0.0,0.0,0.0,0.0,0.0,0.0,0.0,0.0,0.0,0.0,0.0
397,397,397,VHP,397,2020-04,2020-04-01,2020,4,3.0,India,ucdp_actor_metadata_fallback,1,0.6931471805599453,False,True,84.0,50.0,4.442651256490317,3.9318256327243257,1.0,1.0,1.0,1.0,1.0,1.0,1.0,0.0,0.0,0.0,0.0,0.0,0.0,0.0,0.0,0.0,0.0,1.0,0.0,0.0,1.0,0.6931471805599453,1.0,0.6931471805599453,1.0,0.6931471805599453,0.0,0.0,0.0,0.0,0.0,0.0,0.0,0.0,0.0,0.0,0.0,0.0,0.0,0.0,0.0,0.0,0.0,0.0,0.0,0.0,1.0,0.6931471805599453,0.0,0.0,0.0,0.0,0.6931471805599453
397,397,397,VHP,397,2020-05,2020-05-01,2020,5,4.0,India,ucdp_actor_metadata_fallback,1,0.6931471805599453,False,True,50.0,93.0,3.9318256327243257,4.543294782270004,0.0,0.0,0.0,0.0,0.0,0.0,0.0,0.0,0.0,0.0,0.0,0.0,0.0,0.0,0.0,0.0,0.0,0.0,0.0,0.0,0.0,0.0,0.0,0.0,0.0,0.0,0.0,0.0,0.0,0.0,0.0,0.0,0.0,0.0,0.0,0.0,0.0,0.0,0.0,0.0,0.0,0.0,0.0,0.0,0.0,0.0,0.0,0.0,0.0,0.0,0.0,0.0,0.0
397,397,397,VHP,397,2020-06,2020-06-01,2020,6,5.0,India,ucdp_actor_metadata_fallback,1,0.6931471805599453,False,True,93.0,70.0,4.543294782270004,4.2626798770413155,2.0,2.0,2.0,1.0,2.0,2.0,2.0,2.0,2.0,0.0,2.0,0.0,0.0,0.0,0.0,0.0,0.0,0.0,0.0,0.0,1.0,1.0986122886681098,1.0,1.0986122886681098,1.0,1.0986122886681098,1.0,1.0986122886681098,1.0,1.0986122886681098,0.0,0.0,1.0,1.0986122886681098,0.0,0.0,0.0,0.0,0.0,0.0,0.0,0.0,0.0,0.0,0.0,0.0,0.0,0.0,0.0,0.0,0.0,0.0,1.0986122886681098
397,397,397,VHP,397,2020-07,2020-07-01,2020,7,6.0,India,ucdp_actor_metadata_fallback,1,0.6931471805599453,False,True,70.0,52.0,4.2626798770413155,3.970291913552122,2.0,2.0,2.0,1.0,1.0,1.0,1.0,1.0,1.0,0.0,0.0,0.0,0.0,0.0,1.0,0.0,0.0,1.0,0.0,0.0,0.5,0.6931471805599453,0.5,0.6931471805599453,0.5,0.6931471805599453,0.5,0.6931471805599453,0.5,0.6931471805599453,0.0,0.0,0.0,0.0,0.0,0.0,0.0,0.0,0.0,0.0,0.5,0.6931471805599453,0.0,0.0,0.0,0.0,0.5,0.6931471805599453,0.0,0.0,0.0,0.0,1.0986122886681098
397,397,397,VHP,397,2020-08,2020-08-01,2020,8,7.0,India,ucdp_actor_metadata_fallback,1,0.6931471805599453,False,True,52.0,61.0,3.970291913552122,4.127134385045092,0.0,0.0,0.0,0.0,0.0,0.0,0.0,0.0,0.0,0.0,0.0,0.0,0.0,0.0,0.0,0.0,0.0,0.0,0.0,0.0,0.0,0.0,0.0,0.0,0.0,0.0,0.0,0.0,0.0,0.0,0.0,0.0,0.0,0.0,0.0,0.0,0.0,0.0,0.0,0.0,0.0,0.0,0.0,0.0,0.0,0.0,0.0,0.0,0.0,0.0,0.0,0.0,0.0
397,397,397,VHP,397,2020-09,2020-09-01,2020,9,8.0,India,ucdp_actor_metadata_fallback,1,0.6931471805599453,False,True,61.0,54.0,4.127134385045092,4.007333185232471,0.0,0.0,0.0,0.0,0.0,0.0,0.0,0.0,0.0,0.0,0.0,0.0,0.0,0.0,0.0,0.0,0.0,0.0,0.0,0.0,0.0,0.0,0.0,0.0,0.0,0.0,0.0,0.0,0.0,0.0,0.0,0.0,0.0,0.0,0.0,0.0,0.0,0.0,0.0,0.0,0.0,0.0,0.0,0.0,0.0,0.0,0.0,0.0,0.0,0.0,0.0,0.0,0.0
397,397,397,VHP,397,2020-10,2020-10-01,2020,10,9.0,India,ucdp_actor_metadata_fallback,1,0.6931471805599453,False,True,54.0,65.0,4.007333185232471,4.189654742026425,0.0,0.0,0.0,0.0,0.0,0.0,0.0,0.0,0.0,0.0,0.0,0.0,0.0,0.0,0.0,0.0,0.0,0.0,0.0,0.0,0.0,0.0,0.0,0.0,0.0,0.0,0.0,0.0,0.0,0.0,0.0,0.0,0.0,0.0,0.0,0.0,0.0,0.0,0.0,0.0,0.0,0.0,0.0,0.0,0.0,0.0,0.0,0.0,0.0,0.0,0.0,0.0,0.0
397,397,397,VHP,397,2020-11,2020-11-01,2020,11,10.0,India,ucdp_actor_metadata_fallback,1,0.6931471805599453,False,True,65.0,42.0,4.189654742026425,3.7612001156935624,0.0,0.0,0.0,0.0,0.0,0.0,0.0,0.0,0.0,0.0,0.0,0.0,0.0,0.0,0.0,0.0,0.0,0.0,0.0,0.0,0.0,0.0,0.0,0.0,0.0,0.0,0.0,0.0,0.0,0.0,0.0,0.0,0.0,0.0,0.0,0.0,0.0,0.0,0.0,0.0,0.0,0.0,0.0,0.0,0.0,0.0,0.0,0.0,0.0,0.0,0.0,0.0,0.0
397,397,397,VHP,397,2020-12,2020-12-01,2020,12,11.0,India,ucdp_actor_metadata_fallback,1,0.6931471805599453,False,True,42.0,28.0,3.7612001156935624,3.367295829986474,0.0,0.0,0.0,0.0,0.0,0.0,0.0,0.0,0.0,0.0,0.0,0.0,0.0,0.0,0.0,0.0,0.0,0.0,0.0,0.0,0.0,0.0,0.0,0.0,0.0,0.0,0.0,0.0,0.0,0.0,0.0,0.0,0.0,0.0,0.0,0.0,0.0,0.0,0.0,0.0,0.0,0.0,0.0,0.0,0.0,0.0,0.0,0.0,0.0,0.0,0.0,0.0,0.0
397,397,397,VHP,397,2021-01,2021-01-01,2021,1,12.0,India,ucdp_actor_metadata_fallback,1,0.6931471805599453,False,True,28.0,23.0,3.367295829986474,3.1780538303479458,0.0,0.0,0.0,0.0,0.0,0.0,0.0,0.0,0.0,0.0,0.0,0.0,0.0,0.0,0.0,0.0,0.0,0.0,0.0,0.0,0.0,0.0,0.0,0.0,0.0,0.0,0.0,0.0,0.0,0.0,0.0,0.0,0.0,0.0,0.0,0.0,0.0,0.0,0.0,0.0,0.0,0.0,0.0,0.0,0.0,0.0,0.0,0.0,0.0,0.0,0.0,0.0,0.0
397,397,397,VHP,397,2021-02,2021-02-01,2021,2,13.0,India,ucdp_actor_metadata_fallback,1,0.6931471805599453,False,True,23.0,41.0,3.1780538303479458,3.7376696182833684,2.0,2.0,2.0,1.0,2.0,2.0,2.0,2.0,0.0,0.0,1.0,1.0,0.0,0.0,0.0,0.0,0.0,0.0,0.0,0.0,1.0,1.0986122886681098,1.0,1.0986122886681098,1.0,1.0986122886681098,1.0,1.0986122886681098,0.0,0.0,0.0,0.0,0.5,0.6931471805599453,0.5,0.6931471805599453,0.0,0.0,0.0,0.0,0.0,0.0,0.0,0.0,0.0,0.0,0.0,0.0,0.0,0.0,0.0,0.0,1.0986122886681098
397,397,397,VHP,397,2021-03,2021-03-01,2021,3,14.0,India,ucdp_actor_metadata_fallback,1,0.6931471805599453,False,True,41.0,59.0,3.7376696182833684,4.0943445622221,0.0,0.0,0.0,0.0,0.0,0.0,0.0,0.0,0.0,0.0,0.0,0.0,0.0,0.0,0.0,0.0,0.0,0.0,0.0,0.0,0.0,0.0,0.0,0.0,0.0,0.0,0.0,0.0,0.0,0.0,0.0,0.0,0.0,0.0,0.0,0.0,0.0,0.0,0.0,0.0,0.0,0.0,0.0,0.0,0.0,0.0,0.0,0.0,0.0,0.0,0.0,0.0,0.0
397,397,397,VHP,397,2021-04,2021-04-01,2021,4,15.0,India,ucdp_actor_metadata_fallback,1,0.6931471805599453,False,True,59.0,38.0,4.0943445622221,3.6635616461296463,0.0,0.0,0.0,0.0,0.0,0.0,0.0,0.0,0.0,0.0,0.0,0.0,0.0,0.0,0.0,0.0,0.0,0.0,0.0,0.0,0.0,0.0,0.0,0.0,0.0,0.0,0.0,0.0,0.0,0.0,0.0,0.0,0.0,0.0,0.0,0.0,0.0,0.0,0.0,0.0,0.0,0.0,0.0,0.0,0.0,0.0,0.0,0.0,0.0,0.0,0.0,0.0,0.0
397,397,397,VHP,397,2021-05,2021-05-01,2021,5,16.0,India,ucdp_actor_metadata_fallback,1,0.6931471805599453,False,True,38.0,42.0,3.6635616461296463,3.7612001156935624,1.0,1.0,1.0,1.0,1.0,1.0,1.0,1.0,1.0,0.0,0.0,0.0,0.0,0.0,0.0,0.0,0.0,1.0,0.0,0.0,1.0,0.6931471805599453,1.0,0.6931471805599453,1.0,0.6931471805599453,1.0,0.6931471805599453,1.0,0.6931471805599453,0.0,0.0,0.0,0.0,0.0,0.0,0.0,0.0,0.0,0.0,0.0,0.0,0.0,0.0,0.0,0.0,1.0,0.6931471805599453,0.0,0.0,0.0,0.0,0.6931471805599453
397,397,397,VHP,397,2021-06,2021-06-01,2021,6,17.0,India,ucdp_actor_metadata_fallback,1,0.6931471805599453,False,True,42.0,60.0,3.7612001156935624,4.110873864173311,0.0,0.0,0.0,0.0,0.0,0.0,0.0,0.0,0.0,0.0,0.0,0.0,0.0,0.0,0.0,0.0,0.0,0.0,0.0,0.0,0.0,0.0,0.0,0.0,0.0,0.0,0.0,0.0,0.0,0.0,0.0,0.0,0.0,0.0,0.0,0.0,0.0,0.0,0.0,0.0,0.0,0.0,0.0,0.0,0.0,0.0,0.0,0.0,0.0,0.0,0.0,0.0,0.0
397,397,397,VHP,397,2021-07,2021-07-01,2021,7,18.0,India,ucdp_actor_metadata_fallback,1,0.6931471805599453,False,True,60.0,37.0,4.110873864173311,3.6375861597263857,1.0,1.0,1.0,1.0,1.0,1.0,0.0,0.0,0.0,0.0,0.0,0.0,0.0,0.0,0.0,0.0,0.0,1.0,0.0,0.0,1.0,0.6931471805599453,1.0,0.6931471805599453,0.0,0.0,0.0,0.0,0.0,0.0,0.0,0.0,0.0,0.0,0.0,0.0,0.0,0.0,0.0,0.0,0.0,0.0,0.0,0.0,0.0,0.0,1.0,0.6931471805599453,0.0,0.0,0.0,0.0,0.6931471805599453
397,397,397,VHP,397,2021-08,2021-08-01,2021,8,19.0,India,ucdp_actor_metadata_fallback,1,0.6931471805599453,False,True,37.0,14.0,3.6375861597263857,2.70805020110221,0.0,0.0,0.0,0.0,0.0,0.0,0.0,0.0,0.0,0.0,0.0,0.0,0.0,0.0,0.0,0.0,0.0,0.0,0.0,0.0,0.0,0.0,0.0,0.0,0.0,0.0,0.0,0.0,0.0,0.0,0.0,0.0,0.0,0.0,0.0,0.0,0.0,0.0,0.0,0.0,0.0,0.0,0.0,0.0,0.0,0.0,0.0,0.0,0.0,0.0,0.0,0.0,0.0
397,397,397,VHP,397,2021-09,2021-09-01,2021,9,20.0,India,ucdp_actor_metadata_fallback,1,0.6931471805599453,False,True,14.0,54.0,2.70805020110221,4.007333185232471,0.0,0.0,0.0,0.0,0.0,0.0,0.0,0.0,0.0,0.0,0.0,0.0,0.0,0.0,0.0,0.0,0.0,0.0,0.0,0.0,0.0,0.0,0.0,0.0,0.0,0.0,0.0,0.0,0.0,0.0,0.0,0.0,0.0,0.0,0.0,0.0,0.0,0.0,0.0,0.0,0.0,0.0,0.0,0.0,0.0,0.0,0.0,0.0,0.0,0.0,0.0,0.0,0.0
397,397,397,VHP,397,2021-10,2021-10-01,2021,10,21.0,India,ucdp_actor_metadata_fallback,1,0.6931471805599453,False,True,54.0,70.0,4.007333185232471,4.2626798770413155,1.0,1.0,1.0,1.0,1.0,1.0,0.0,1.0,0.0,0.0,0.0,0.0,0.0,0.0,0.0,0.0,0.0,1.0,0.0,0.0,1.0,0.6931471805599453,1.0,0.6931471805599453,0.0,0.0,1.0,0.6931471805599453,0.0,0.0,0.0,0.0,0.0,0.0,0.0,0.0,0.0,0.0,0.0,0.0,0.0,0.0,0.0,0.0,0.0,0.0,1.0,0.6931471805599453,0.0,0.0,0.0,0.0,0.6931471805599453
397,397,397,VHP,397,2021-11,2021-11-01,2021,11,22.0,India,ucdp_actor_metadata_fallback,1,0.6931471805599453,False,True,70.0,55.0,4.2626798770413155,4.02535169073515,3.0,3.0,3.0,1.0,2.0,3.0,1.0,3.0,0.0,0.0,0.0,0.0,0.0,0.0,0.0,0.0,0.0,3.0,0.0,0.0,0.6666666666666666,1.0986122886681098,1.0,1.3862943611198906,0.3333333333333333,0.6931471805599453,1.0,1.3862943611198906,0.0,0.0,0.0,0.0,0.0,0.0,0.0,0.0,0.0,0.0,0.0,0.0,0.0,0.0,0.0,0.0,0.0,0.0,1.0,1.3862943611198906,0.0,0.0,0.0,0.0,1.3862943611198906
397,397,397,VHP,397,2021-12,2021-12-01,2021,12,23.0,India,ucdp_actor_metadata_fallback,1,0.6931471805599453,False,True,55.0,43.0,4.02535169073515,3.784189633918261,0.0,0.0,0.0,0.0,0.0,0.0,0.0,0.0,0.0,0.0,0.0,0.0,0.0,0.0,0.0,0.0,0.0,0.0,0.0,0.0,0.0,0.0,0.0,0.0,0.0,0.0,0.0,0.0,0.0,0.0,0.0,0.0,0.0,0.0,0.0,0.0,0.0,0.0,0.0,0.0,0.0,0.0,0.0,0.0,0.0,0.0,0.0,0.0,0.0,0.0,0.0,0.0,0.0
397,397,397,VHP,397,2022-01,2022-01-01,2022,1,24.0,India,ucdp_actor_metadata_fallback,1,0.6931471805599453,False,True,43.0,24.0,3.784189633918261,3.2188758248682006,0.0,0.0,0.0,0.0,0.0,0.0,0.0,0.0,0.0,0.0,0.0,0.0,0.0,0.0,0.0,0.0,0.0,0.0,0.0,0.0,0.0,0.0,0.0,0.0,0.0,0.0,0.0,0.0,0.0,0.0,0.0,0.0,0.0,0.0,0.0,0.0,0.0,0.0,0.0,0.0,0.0,0.0,0.0,0.0,0.0,0.0,0.0,0.0,0.0,0.0,0.0,0.0,0.0
397,397,397,VHP,397,2022-02,2022-02-01,2022,2,25.0,India,ucdp_actor_metadata_fallback,1,0.6931471805599453,False,True,24.0,37.0,3.2188758248682006,3.6375861597263857,2.0,2.0,2.0,1.0,1.0,2.0,0.0,2.0,1.0,0.0,1.0,0.0,0.0,0.0,0.0,0.0,0.0,1.0,0.0,0.0,0.5,0.6931471805599453,1.0,1.0986122886681098,0.0,0.0,1.0,1.0986122886681098,0.5,0.6931471805599453,0.0,0.0,0.5,0.6931471805599453,0.0,0.0,0.0,0.0,0.0,0.0,0.0,0.0,0.0,0.0,0.0,0.0,0.5,0.6931471805599453,0.0,0.0,0.0,0.0,1.0986122886681098
397,397,397,VHP,397,2022-03,2022-03-01,2022,3,26.0,India,ucdp_actor_metadata_fallback,1,0.6931471805599453,False,True,37.0,39.0,3.6375861597263857,3.6888794541139363,0.0,0.0,0.0,0.0,0.0,0.0,0.0,0.0,0.0,0.0,0.0,0.0,0.0,0.0,0.0,0.0,0.0,0.0,0.0,0.0,0.0,0.0,0.0,0.0,0.0,0.0,0.0,0.0,0.0,0.0,0.0,0.0,0.0,0.0,0.0,0.0,0.0,0.0,0.0,0.0,0.0,0.0,0.0,0.0,0.0,0.0,0.0,0.0,0.0,0.0,0.0,0.0,0.0
397,397,397,VHP,397,2022-04,2022-04-01,2022,4,27.0,India,ucdp_actor_metadata_fallback,1,0.6931471805599453,False,True,39.0,49.0,3.6888794541139363,3.912023005428146,2.0,2.0,2.0,1.0,1.0,1.0,0.0,1.0,0.0,0.0,0.0,0.0,0.0,0.0,0.0,0.0,0.0,2.0,0.0,0.0,0.5,0.6931471805599453,0.5,0.6931471805599453,0.0,0.0,0.5,0.6931471805599453,0.0,0.0,0.0,0.0,0.0,0.0,0.0,0.0,0.0,0.0,0.0,0.0,0.0,0.0,0.0,0.0,0.0,0.0,1.0,1.0986122886681098,0.0,0.0,0.0,0.0,1.0986122886681098
397,397,397,VHP,397,2022-05,2022-05-01,2022,5,28.0,India,ucdp_actor_metadata_fallback,1,0.6931471805599453,False,True,49.0,57.0,3.912023005428146,4.060443010546419,0.0,0.0,0.0,0.0,0.0,0.0,0.0,0.0,0.0,0.0,0.0,0.0,0.0,0.0,0.0,0.0,0.0,0.0,0.0,0.0,0.0,0.0,0.0,0.0,0.0,0.0,0.0,0.0,0.0,0.0,0.0,0.0,0.0,0.0,0.0,0.0,0.0,0.0,0.0,0.0,0.0,0.0,0.0,0.0,0.0,0.0,0.0,0.0,0.0,0.0,0.0,0.0,0.0
397,397,397,VHP,397,2022-06,2022-06-01,2022,6,29.0,India,ucdp_actor_metadata_fallback,1,0.6931471805599453,False,True,57.0,16.0,4.060443010546419,2.833213344056216,1.0,1.0,1.0,1.0,1.0,1.0,1.0,1.0,0.0,0.0,0.0,0.0,0.0,0.0,0.0,0.0,0.0,0.0,1.0,0.0,1.0,0.6931471805599453,1.0,0.6931471805599453,1.0,0.6931471805599453,1.0,0.6931471805599453,0.0,0.0,0.0,0.0,0.0,0.0,0.0,0.0,0.0,0.0,0.0,0.0,0.0,0.0,0.0,0.0,0.0,0.0,0.0,0.0,1.0,0.6931471805599453,0.0,0.0,0.6931471805599453
397,397,397,VHP,397,2022-07,2022-07-01,2022,7,30.0,India,ucdp_actor_metadata_fallback,1,0.6931471805599453,False,True,16.0,36.0,2.833213344056216,3.6109179126442243,0.0,0.0,0.0,0.0,0.0,0.0,0.0,0.0,0.0,0.0,0.0,0.0,0.0,0.0,0.0,0.0,0.0,0.0,0.0,0.0,0.0,0.0,0.0,0.0,0.0,0.0,0.0,0.0,0.0,0.0,0.0,0.0,0.0,0.0,0.0,0.0,0.0,0.0,0.0,0.0,0.0,0.0,0.0,0.0,0.0,0.0,0.0,0.0,0.0,0.0,0.0,0.0,0.0
397,397,397,VHP,397,2022-08,2022-08-01,2022,8,31.0,India,ucdp_actor_metadata_fallback,1,0.6931471805599453,False,True,36.0,21.0,3.6109179126442243,3.091042453358316,0.0,0.0,0.0,0.0,0.0,0.0,0.0,0.0,0.0,0.0,0.0,0.0,0.0,0.0,0.0,0.0,0.0,0.0,0.0,0.0,0.0,0.0,0.0,0.0,0.0,0.0,0.0,0.0,0.0,0.0,0.0,0.0,0.0,0.0,0.0,0.0,0.0,0.0,0.0,0.0,0.0,0.0,0.0,0.0,0.0,0.0,0.0,0.0,0.0,0.0,0.0,0.0,0.0
397,397,397,VHP,397,2022-09,2022-09-01,2022,9,32.0,India,ucdp_actor_metadata_fallback,1,0.6931471805599453,False,True,21.0,25.0,3.091042453358316,3.258096538021482,0.0,0.0,0.0,0.0,0.0,0.0,0.0,0.0,0.0,0.0,0.0,0.0,0.0,0.0,0.0,0.0,0.0,0.0,0.0,0.0,0.0,0.0,0.0,0.0,0.0,0.0,0.0,0.0,0.0,0.0,0.0,0.0,0.0,0.0,0.0,0.0,0.0,0.0,0.0,0.0,0.0,0.0,0.0,0.0,0.0,0.0,0.0,0.0,0.0,0.0,0.0,0.0,0.0
397,397,397,VHP,397,2022-10,2022-10-01,2022,10,33.0,India,ucdp_actor_metadata_fallback,1,0.6931471805599453,False,True,25.0,29.0,3.258096538021482,3.4011973816621555,0.0,0.0,0.0,0.0,0.0,0.0,0.0,0.0,0.0,0.0,0.0,0.0,0.0,0.0,0.0,0.0,0.0,0.0,0.0,0.0,0.0,0.0,0.0,0.0,0.0,0.0,0.0,0.0,0.0,0.0,0.0,0.0,0.0,0.0,0.0,0.0,0.0,0.0,0.0,0.0,0.0,0.0,0.0,0.0,0.0,0.0,0.0,0.0,0.0,0.0,0.0,0.0,0.0
397,397,397,VHP,397,2022-11,2022-11-01,2022,11,34.0,India,ucdp_actor_metadata_fallback,1,0.6931471805599453,False,True,29.0,17.0,3.4011973816621555,2.8903717578961645,0.0,0.0,0.0,0.0,0.0,0.0,0.0,0.0,0.0,0.0,0.0,0.0,0.0,0.0,0.0,0.0,0.0,0.0,0.0,0.0,0.0,0.0,0.0,0.0,0.0,0.0,0.0,0.0,0.0,0.0,0.0,0.0,0.0,0.0,0.0,0.0,0.0,0.0,0.0,0.0,0.0,0.0,0.0,0.0,0.0,0.0,0.0,0.0,0.0,0.0,0.0,0.0,0.0
397,397,397,VHP,397,2022-12,2022-12-01,2022,12,35.0,India,ucdp_actor_metadata_fallback,1,0.6931471805599453,False,True,17.0,13.0,2.8903717578961645,2.6390573296152584,0.0,0.0,0.0,0.0,0.0,0.0,0.0,0.0,0.0,0.0,0.0,0.0,0.0,0.0,0.0,0.0,0.0,0.0,0.0,0.0,0.0,0.0,0.0,0.0,0.0,0.0,0.0,0.0,0.0,0.0,0.0,0.0,0.0,0.0,0.0,0.0,0.0,0.0,0.0,0.0,0.0,0.0,0.0,0.0,0.0,0.0,0.0,0.0,0.0,0.0,0.0,0.0,0.0
397,397,397,VHP,397,2023-01,2023-01-01,2023,1,36.0,India,ucdp_actor_metadata_fallback,1,0.6931471805599453,False,True,13.0,23.0,2.6390573296152584,3.1780538303479458,0.0,0.0,0.0,0.0,0.0,0.0,0.0,0.0,0.0,0.0,0.0,0.0,0.0,0.0,0.0,0.0,0.0,0.0,0.0,0.0,0.0,0.0,0.0,0.0,0.0,0.0,0.0,0.0,0.0,0.0,0.0,0.0,0.0,0.0,0.0,0.0,0.0,0.0,0.0,0.0,0.0,0.0,0.0,0.0,0.0,0.0,0.0,0.0,0.0,0.0,0.0,0.0,0.0
397,397,397,VHP,397,2023-02,2023-02-01,2023,2,37.0,India,ged_rolling_24m,1,0.6931471805599453,False,True,23.0,14.0,3.1780538303479458,2.70805020110221,2.0,2.0,2.0,1.0,2.0,2.0,0.0,2.0,1.0,0.0,2.0,0.0,0.0,0.0,0.0,0.0,0.0,0.0,0.0,0.0,1.0,1.0986122886681098,1.0,1.0986122886681098,0.0,0.0,1.0,1.0986122886681098,0.5,0.6931471805599453,0.0,0.0,1.0,1.0986122886681098,0.0,0.0,0.0,0.0,0.0,0.0,0.0,0.0,0.0,0.0,0.0,0.0,0.0,0.0,0.0,0.0,0.0,0.0,1.0986122886681098
397,397,397,VHP,397,2023-03,2023-03-01,2023,3,38.0,India,ged_rolling_24m,1,0.6931471805599453,False,True,14.0,34.0,2.70805020110221,3.5553480614894135,0.0,0.0,0.0,0.0,0.0,0.0,0.0,0.0,0.0,0.0,0.0,0.0,0.0,0.0,0.0,0.0,0.0,0.0,0.0,0.0,0.0,0.0,0.0,0.0,0.0,0.0,0.0,0.0,0.0,0.0,0.0,0.0,0.0,0.0,0.0,0.0,0.0,0.0,0.0,0.0,0.0,0.0,0.0,0.0,0.0,0.0,0.0,0.0,0.0,0.0,0.0,0.0,0.0
397,397,397,VHP,397,2023-04,2023-04-01,2023,4,39.0,India,ged_rolling_24m,1,0.6931471805599453,False,True,34.0,90.0,3.5553480614894135,4.51085950651685,7.0,7.0,7.0,1.0,6.0,7.0,5.0,7.0,4.0,0.0,4.0,1.0,0.0,0.0,0.0,0.0,0.0,1.0,1.0,0.0,0.8571428571428571,1.9459101490553132,1.0,2.0794415416798357,0.7142857142857143,1.791759469228055,1.0,2.0794415416798357,0.5714285714285714,1.6094379124341003,0.0,0.0,0.5714285714285714,1.6094379124341003,0.14285714285714285,0.6931471805599453,0.0,0.0,0.0,0.0,0.0,0.0,0.0,0.0,0.0,0.0,0.14285714285714285,0.6931471805599453,0.14285714285714285,0.6931471805599453,0.0,0.0,2.0794415416798357
397,397,397,VHP,397,2023-05,2023-05-01,2023,5,40.0,India,ged_rolling_24m,1,0.6931471805599453,False,True,90.0,35.0,4.51085950651685,3.58351893845611,0.0,0.0,0.0,0.0,0.0,0.0,0.0,0.0,0.0,0.0,0.0,0.0,0.0,0.0,0.0,0.0,0.0,0.0,0.0,0.0,0.0,0.0,0.0,0.0,0.0,0.0,0.0,0.0,0.0,0.0,0.0,0.0,0.0,0.0,0.0,0.0,0.0,0.0,0.0,0.0,0.0,0.0,0.0,0.0,0.0,0.0,0.0,0.0,0.0,0.0,0.0,0.0,0.0
397,397,397,VHP,397,2023-06,2023-06-01,2023,6,41.0,India,ged_rolling_24m,1,0.6931471805599453,False,True,35.0,46.0,3.58351893845611,3.8501476017100584,2.0,2.0,2.0,1.0,2.0,2.0,2.0,2.0,0.0,0.0,0.0,0.0,0.0,0.0,0.0,0.0,0.0,2.0,0.0,0.0,1.0,1.0986122886681098,1.0,1.0986122886681098,1.0,1.0986122886681098,1.0,1.0986122886681098,0.0,0.0,0.0,0.0,0.0,0.0,0.0,0.0,0.0,0.0,0.0,0.0,0.0,0.0,0.0,0.0,0.0,0.0,1.0,1.0986122886681098,0.0,0.0,0.0,0.0,1.0986122886681098
397,397,397,VHP,397,2023-07,2023-07-01,2023,7,42.0,India,ged_rolling_24m,1,0.6931471805599453,False,True,46.0,35.0,3.8501476017100584,3.58351893845611,6.0,6.0,6.0,1.0,3.0,6.0,1.0,3.0,1.0,0.0,1.0,0.0,0.0,0.0,0.0,0.0,0.0,5.0,0.0,0.0,0.5,1.3862943611198906,1.0,1.9459101490553132,0.16666666666666666,0.6931471805599453,0.5,1.3862943611198906,0.16666666666666666,0.6931471805599453,0.0,0.0,0.16666666666666666,0.6931471805599453,0.0,0.0,0.0,0.0,0.0,0.0,0.0,0.0,0.0,0.0,0.0,0.0,0.8333333333333334,1.791759469228055,0.0,0.0,0.0,0.0,1.9459101490553132
397,397,397,VHP,397,2023-08,2023-08-01,2023,8,43.0,India,ged_rolling_24m,1,0.6931471805599453,False,True,35.0,29.0,3.58351893845611,3.4011973816621555,25.0,25.0,25.0,1.0,23.0,25.0,23.0,24.0,9.0,0.0,8.0,1.0,0.0,0.0,0.0,0.0,0.0,10.0,6.0,0.0,0.92,3.1780538303479458,1.0,3.258096538021482,0.92,3.1780538303479458,0.96,3.2188758248682006,0.36,2.302585092994046,0.0,0.0,0.32,2.1972245773362196,0.04,0.6931471805599453,0.0,0.0,0.0,0.0,0.0,0.0,0.0,0.0,0.0,0.0,0.4,2.3978952727983707,0.24,1.9459101490553132,0.0,0.0,3.258096538021482
397,397,397,VHP,397,2023-09,2023-09-01,2023,9,44.0,India,ged_rolling_24m,1,0.6931471805599453,False,True,29.0,22.0,3.4011973816621555,3.1354942159291497,1.0,1.0,1.0,1.0,1.0,1.0,1.0,1.0,0.0,0.0,0.0,0.0,0.0,0.0,0.0,0.0,0.0,1.0,0.0,0.0,1.0,0.6931471805599453,1.0,0.6931471805599453,1.0,0.6931471805599453,1.0,0.6931471805599453,0.0,0.0,0.0,0.0,0.0,0.0,0.0,0.0,0.0,0.0,0.0,0.0,0.0,0.0,0.0,0.0,0.0,0.0,1.0,0.6931471805599453,0.0,0.0,0.0,0.0,0.6931471805599453
397,397,397,VHP,397,2023-10,2023-10-01,2023,10,45.0,India,ged_rolling_24m,1,0.6931471805599453,False,True,22.0,39.0,3.1354942159291497,3.6888794541139363,0.0,0.0,0.0,0.0,0.0,0.0,0.0,0.0,0.0,0.0,0.0,0.0,0.0,0.0,0.0,0.0,0.0,0.0,0.0,0.0,0.0,0.0,0.0,0.0,0.0,0.0,0.0,0.0,0.0,0.0,0.0,0.0,0.0,0.0,0.0,0.0,0.0,0.0,0.0,0.0,0.0,0.0,0.0,0.0,0.0,0.0,0.0,0.0,0.0,0.0,0.0,0.0,0.0
397,397,397,VHP,397,2023-11,2023-11-01,2023,11,46.0,India,ged_rolling_24m,1,0.6931471805599453,False,True,39.0,26.0,3.6888794541139363,3.295836866004329,0.0,0.0,0.0,0.0,0.0,0.0,0.0,0.0,0.0,0.0,0.0,0.0,0.0,0.0,0.0,0.0,0.0,0.0,0.0,0.0,0.0,0.0,0.0,0.0,0.0,0.0,0.0,0.0,0.0,0.0,0.0,0.0,0.0,0.0,0.0,0.0,0.0,0.0,0.0,0.0,0.0,0.0,0.0,0.0,0.0,0.0,0.0,0.0,0.0,0.0,0.0,0.0,0.0
397,397,397,VHP,397,2023-12,2023-12-01,2023,12,47.0,India,ged_rolling_24m,1,0.6931471805599453,False,True,26.0,35.0,3.295836866004329,3.58351893845611,0.0,0.0,0.0,0.0,0.0,0.0,0.0,0.0,0.0,0.0,0.0,0.0,0.0,0.0,0.0,0.0,0.0,0.0,0.0,0.0,0.0,0.0,0.0,0.0,0.0,0.0,0.0,0.0,0.0,0.0,0.0,0.0,0.0,0.0,0.0,0.0,0.0,0.0,0.0,0.0,0.0,0.0,0.0,0.0,0.0,0.0,0.0,0.0,0.0,0.0,0.0,0.0,0.0
397,397,397,VHP,397,2024-01,2024-01-01,2024,1,48.0,India,ged_rolling_24m,1,0.6931471805599453,False,True,35.0,31.0,3.58351893845611,3.4657359027997265,1.0,1.0,1.0,1.0,1.0,1.0,1.0,1.0,0.0,0.0,0.0,0.0,0.0,0.0,0.0,0.0,0.0,1.0,0.0,0.0,1.0,0.6931471805599453,1.0,0.6931471805599453,1.0,0.6931471805599453,1.0,0.6931471805599453,0.0,0.0,0.0,0.0,0.0,0.0,0.0,0.0,0.0,0.0,0.0,0.0,0.0,0.0,0.0,0.0,0.0,0.0,1.0,0.6931471805599453,0.0,0.0,0.0,0.0,0.6931471805599453
397,397,397,VHP,397,2024-02,2024-02-01,2024,2,49.0,India,ged_rolling_24m,1,0.6931471805599453,False,True,31.0,29.0,3.4657359027997265,3.4011973816621555,0.0,0.0,0.0,0.0,0.0,0.0,0.0,0.0,0.0,0.0,0.0,0.0,0.0,0.0,0.0,0.0,0.0,0.0,0.0,0.0,0.0,0.0,0.0,0.0,0.0,0.0,0.0,0.0,0.0,0.0,0.0,0.0,0.0,0.0,0.0,0.0,0.0,0.0,0.0,0.0,0.0,0.0,0.0,0.0,0.0,0.0,0.0,0.0,0.0,0.0,0.0,0.0,0.0
397,397,397,VHP,397,2024-03,2024-03-01,2024,3,50.0,India,ged_rolling_24m,1,0.6931471805599453,False,True,29.0,84.0,3.4011973816621555,4.442651256490317,1.0,1.0,1.0,1.0,1.0,1.0,0.0,1.0,0.0,0.0,0.0,1.0,0.0,0.0,0.0,0.0,0.0,0.0,0.0,0.0,1.0,0.6931471805599453,1.0,0.6931471805599453,0.0,0.0,1.0,0.6931471805599453,0.0,0.0,0.0,0.0,0.0,0.0,1.0,0.6931471805599453,0.0,0.0,0.0,0.0,0.0,0.0,0.0,0.0,0.0,0.0,0.0,0.0,0.0,0.0,0.0,0.0,0.6931471805599453
397,397,397,VHP,397,2024-04,2024-04-01,2024,4,51.0,India,ged_rolling_24m,1,0.6931471805599453,False,True,84.0,47.0,4.442651256490317,3.871201010907891,4.0,4.0,4.0,1.0,3.0,4.0,4.0,4.0,2.0,0.0,2.0,0.0,0.0,0.0,0.0,0.0,0.0,2.0,0.0,0.0,0.75,1.3862943611198906,1.0,1.6094379124341003,1.0,1.6094379124341003,1.0,1.6094379124341003,0.5,1.0986122886681098,0.0,0.0,0.5,1.0986122886681098,0.0,0.0,0.0,0.0,0.0,0.0,0.0,0.0,0.0,0.0,0.0,0.0,0.5,1.0986122886681098,0.0,0.0,0.0,0.0,1.6094379124341003
397,397,397,VHP,397,2024-05,2024-05-01,2024,5,52.0,India,ged_rolling_24m,1,0.6931471805599453,False,True,47.0,51.0,3.871201010907891,3.9512437185814275,1.0,1.0,1.0,1.0,1.0,1.0,1.0,1.0,1.0,0.0,0.0,0.0,0.0,0.0,0.0,0.0,0.0,1.0,0.0,0.0,1.0,0.6931471805599453,1.0,0.6931471805599453,1.0,0.6931471805599453,1.0,0.6931471805599453,1.0,0.6931471805599453,0.0,0.0,0.0,0.0,0.0,0.0,0.0,0.0,0.0,0.0,0.0,0.0,0.0,0.0,0.0,0.0,1.0,0.6931471805599453,0.0,0.0,0.0,0.0,0.6931471805599453
397,397,397,VHP,397,2024-06,2024-06-01,2024,6,53.0,India,ged_rolling_24m,1,0.6931471805599453,False,True,51.0,61.0,3.9512437185814275,4.127134385045092,1.0,1.0,1.0,1.0,1.0,1.0,1.0,1.0,1.0,0.0,0.0,0.0,0.0,0.0,0.0,0.0,0.0,0.0,1.0,0.0,1.0,0.6931471805599453,1.0,0.6931471805599453,1.0,0.6931471805599453,1.0,0.6931471805599453,1.0,0.6931471805599453,0.0,0.0,0.0,0.0,0.0,0.0,0.0,0.0,0.0,0.0,0.0,0.0,0.0,0.0,0.0,0.0,0.0,0.0,1.0,0.6931471805599453,0.0,0.0,0.6931471805599453
397,397,397,VHP,397,2024-07,2024-07-01,2024,7,54.0,India,ged_rolling_24m,1,0.6931471805599453,False,True,61.0,22.0,4.127134385045092,3.1354942159291497,0.0,0.0,0.0,0.0,0.0,0.0,0.0,0.0,0.0,0.0,0.0,0.0,0.0,0.0,0.0,0.0,0.0,0.0,0.0,0.0,0.0,0.0,0.0,0.0,0.0,0.0,0.0,0.0,0.0,0.0,0.0,0.0,0.0,0.0,0.0,0.0,0.0,0.0,0.0,0.0,0.0,0.0,0.0,0.0,0.0,0.0,0.0,0.0,0.0,0.0,0.0,0.0,0.0
397,397,397,VHP,397,2024-08,2024-08-01,2024,8,55.0,India,ged_rolling_24m,1,0.6931471805599453,False,True,22.0,43.0,3.1354942159291497,3.784189633918261,1.0,1.0,1.0,1.0,1.0,1.0,1.0,1.0,0.0,0.0,0.0,0.0,0.0,0.0,0.0,0.0,0.0,1.0,0.0,0.0,1.0,0.6931471805599453,1.0,0.6931471805599453,1.0,0.6931471805599453,1.0,0.6931471805599453,0.0,0.0,0.0,0.0,0.0,0.0,0.0,0.0,0.0,0.0,0.0,0.0,0.0,0.0,0.0,0.0,0.0,0.0,1.0,0.6931471805599453,0.0,0.0,0.0,0.0,0.6931471805599453
397,397,397,VHP,397,2024-09,2024-09-01,2024,9,56.0,India,ged_rolling_24m,1,0.6931471805599453,False,True,43.0,79.0,3.784189633918261,4.382026634673881,0.0,0.0,0.0,0.0,0.0,0.0,0.0,0.0,0.0,0.0,0.0,0.0,0.0,0.0,0.0,0.0,0.0,0.0,0.0,0.0,0.0,0.0,0.0,0.0,0.0,0.0,0.0,0.0,0.0,0.0,0.0,0.0,0.0,0.0,0.0,0.0,0.0,0.0,0.0,0.0,0.0,0.0,0.0,0.0,0.0,0.0,0.0,0.0,0.0,0.0,0.0,0.0,0.0
397,397,397,VHP,397,2024-10,2024-10-01,2024,10,57.0,India,ged_rolling_24m,1,0.6931471805599453,False,True,79.0,37.0,4.382026634673881,3.6375861597263857,1.0,1.0,1.0,1.0,1.0,1.0,1.0,1.0,1.0,0.0,0.0,0.0,0.0,0.0,0.0,0.0,0.0,1.0,0.0,0.0,1.0,0.6931471805599453,1.0,0.6931471805599453,1.0,0.6931471805599453,1.0,0.6931471805599453,1.0,0.6931471805599453,0.0,0.0,0.0,0.0,0.0,0.0,0.0,0.0,0.0,0.0,0.0,0.0,0.0,0.0,0.0,0.0,1.0,0.6931471805599453,0.0,0.0,0.0,0.0,0.6931471805599453
397,397,397,VHP,397,2024-11,2024-11-01,2024,11,58.0,India,ged_rolling_24m,1,0.6931471805599453,False,True,37.0,33.0,3.6375861597263857,3.5263605246161616,0.0,0.0,0.0,0.0,0.0,0.0,0.0,0.0,0.0,0.0,0.0,0.0,0.0,0.0,0.0,0.0,0.0,0.0,0.0,0.0,0.0,0.0,0.0,0.0,0.0,0.0,0.0,0.0,0.0,0.0,0.0,0.0,0.0,0.0,0.0,0.0,0.0,0.0,0.0,0.0,0.0,0.0,0.0,0.0,0.0,0.0,0.0,0.0,0.0,0.0,0.0,0.0,0.0
397,397,397,VHP,397,2024-12,2024-12-01,2024,12,59.0,India,ged_rolling_24m,1,0.6931471805599453,False,True,33.0,62.0,3.5263605246161616,4.143134726391533,1.0,1.0,1.0,1.0,0.0,1.0,0.0,1.0,1.0,0.0,0.0,0.0,0.0,0.0,0.0,0.0,0.0,1.0,0.0,0.0,0.0,0.0,1.0,0.6931471805599453,0.0,0.0,1.0,0.6931471805599453,1.0,0.6931471805599453,0.0,0.0,0.0,0.0,0.0,0.0,0.0,0.0,0.0,0.0,0.0,0.0,0.0,0.0,0.0,0.0,1.0,0.6931471805599453,0.0,0.0,0.0,0.0,0.6931471805599453
397,397,397,VHP,397,2025-01,2025-01-01,2025,1,60.0,India,ged_rolling_24m,1,0.6931471805599453,False,True,62.0,69.0,4.143134726391533,4.248495242049359,3.0,3.0,3.0,1.0,1.0,3.0,1.0,1.0,1.0,0.0,0.0,0.0,0.0,0.0,0.0,0.0,0.0,3.0,0.0,0.0,0.3333333333333333,0.6931471805599453,1.0,1.3862943611198906,0.3333333333333333,0.6931471805599453,0.3333333333333333,0.6931471805599453,0.3333333333333333,0.6931471805599453,0.0,0.0,0.0,0.0,0.0,0.0,0.0,0.0,0.0,0.0,0.0,0.0,0.0,0.0,0.0,0.0,1.0,1.3862943611198906,0.0,0.0,0.0,0.0,1.3862943611198906
397,397,397,VHP,397,2025-02,2025-02-01,2025,2,61.0,India,ged_rolling_24m,1,0.6931471805599453,False,True,69.0,67.0,4.248495242049359,4.219507705176107,0.0,0.0,0.0,0.0,0.0,0.0,0.0,0.0,0.0,0.0,0.0,0.0,0.0,0.0,0.0,0.0,0.0,0.0,0.0,0.0,0.0,0.0,0.0,0.0,0.0,0.0,0.0,0.0,0.0,0.0,0.0,0.0,0.0,0.0,0.0,0.0,0.0,0.0,0.0,0.0,0.0,0.0,0.0,0.0,0.0,0.0,0.0,0.0,0.0,0.0,0.0,0.0,0.0
397,397,397,VHP,397,2025-03,2025-03-01,2025,3,62.0,India,ucdp_actor_metadata_fallback,1,0.6931471805599453,False,True,67.0,82.0,4.219507705176107,4.418840607796598,2.0,2.0,2.0,1.0,2.0,2.0,0.0,1.0,1.0,0.0,1.0,0.0,0.0,0.0,0.0,0.0,0.0,1.0,0.0,0.0,1.0,1.0986122886681098,1.0,1.0986122886681098,0.0,0.0,0.5,0.6931471805599453,0.5,0.6931471805599453,0.0,0.0,0.5,0.6931471805599453,0.0,0.0,0.0,0.0,0.0,0.0,0.0,0.0,0.0,0.0,0.0,0.0,0.5,0.6931471805599453,0.0,0.0,0.0,0.0,1.0986122886681098
397,397,397,VHP,397,2025-04,2025-04-01,2025,4,63.0,India,ucdp_actor_metadata_fallback,1,0.6931471805599453,False,True,82.0,114.0,4.418840607796598,4.74493212836325,1.0,1.0,1.0,1.0,1.0,1.0,0.0,1.0,0.0,0.0,0.0,0.0,0.0,0.0,0.0,0.0,0.0,1.0,0.0,0.0,1.0,0.6931471805599453,1.0,0.6931471805599453,0.0,0.0,1.0,0.6931471805599453,0.0,0.0,0.0,0.0,0.0,0.0,0.0,0.0,0.0,0.0,0.0,0.0,0.0,0.0,0.0,0.0,0.0,0.0,1.0,0.6931471805599453,0.0,0.0,0.0,0.0,0.6931471805599453
397,397,397,VHP,397,2025-05,2025-05-01,2025,5,64.0,India,ucdp_actor_metadata_fallback,1,0.6931471805599453,False,True,114.0,35.0,4.74493212836325,3.58351893845611,1.0,1.0,1.0,1.0,1.0,1.0,1.0,1.0,0.0,0.0,0.0,0.0,0.0,0.0,0.0,0.0,0.0,1.0,0.0,0.0,1.0,0.6931471805599453,1.0,0.6931471805599453,1.0,0.6931471805599453,1.0,0.6931471805599453,0.0,0.0,0.0,0.0,0.0,0.0,0.0,0.0,0.0,0.0,0.0,0.0,0.0,0.0,0.0,0.0,0.0,0.0,1.0,0.6931471805599453,0.0,0.0,0.0,0.0,0.6931471805599453
397,397,397,VHP,397,2025-06,2025-06-01,2025,6,65.0,India,ucdp_actor_metadata_fallback,1,0.6931471805599453,False,True,35.0,27.0,3.58351893845611,3.332204510175204,2.0,2.0,2.0,1.0,2.0,2.0,1.0,1.0,0.0,0.0,0.0,0.0,0.0,0.0,0.0,0.0,0.0,2.0,0.0,0.0,1.0,1.0986122886681098,1.0,1.0986122886681098,0.5,0.6931471805599453,0.5,0.6931471805599453,0.0,0.0,0.0,0.0,0.0,0.0,0.0,0.0,0.0,0.0,0.0,0.0,0.0,0.0,0.0,0.0,0.0,0.0,1.0,1.0986122886681098,0.0,0.0,0.0,0.0,1.0986122886681098
397,397,397,VHP,397,2025-07,2025-07-01,2025,7,66.0,India,ucdp_actor_metadata_fallback,1,0.6931471805599453,False,True,27.0,24.0,3.332204510175204,3.2188758248682006,2.0,2.0,2.0,1.0,1.0,1.0,1.0,1.0,0.0,0.0,0.0,0.0,0.0,0.0,1.0,0.0,0.0,1.0,0.0,0.0,0.5,0.6931471805599453,0.5,0.6931471805599453,0.5,0.6931471805599453,0.5,0.6931471805599453,0.0,0.0,0.0,0.0,0.0,0.0,0.0,0.0,0.0,0.0,0.0,0.0,0.5,0.6931471805599453,0.0,0.0,0.0,0.0,0.5,0.6931471805599453,0.0,0.0,0.0,0.0,1.0986122886681098
397,397,397,VHP,397,2025-08,2025-08-01,2025,8,67.0,India,ucdp_actor_metadata_fallback,1,0.6931471805599453,False,True,24.0,52.0,3.2188758248682006,3.970291913552122,0.0,0.0,0.0,0.0,0.0,0.0,0.0,0.0,0.0,0.0,0.0,0.0,0.0,0.0,0.0,0.0,0.0,0.0,0.0,0.0,0.0,0.0,0.0,0.0,0.0,0.0,0.0,0.0,0.0,0.0,0.0,0.0,0.0,0.0,0.0,0.0,0.0,0.0,0.0,0.0,0.0,0.0,0.0,0.0,0.0,0.0,0.0,0.0,0.0,0.0,0.0,0.0,0.0
397,397,397,VHP,397,2025-09,2025-09-01,2025,9,68.0,India,ucdp_actor_metadata_fallback,1,0.6931471805599453,False,True,52.0,15.0,3.970291913552122,2.772588722239781,1.0,1.0,1.0,1.0,1.0,1.0,0.0,1.0,0.0,0.0,1.0,0.0,0.0,0.0,0.0,0.0,0.0,0.0,0.0,0.0,1.0,0.6931471805599453,1.0,0.6931471805599453,0.0,0.0,1.0,0.6931471805599453,0.0,0.0,0.0,0.0,1.0,0.6931471805599453,0.0,0.0,0.0,0.0,0.0,0.0,0.0,0.0,0.0,0.0,0.0,0.0,0.0,0.0,0.0,0.0,0.0,0.0,0.6931471805599453
397,397,397,VHP,397,2025-10,2025-10-01,2025,10,69.0,India,ucdp_actor_metadata_fallback,1,0.6931471805599453,False,True,15.0,41.0,2.772588722239781,3.7376696182833684,1.0,1.0,1.0,1.0,1.0,1.0,0.0,1.0,0.0,0.0,1.0,0.0,0.0,0.0,0.0,0.0,0.0,0.0,0.0,0.0,1.0,0.6931471805599453,1.0,0.6931471805599453,0.0,0.0,1.0,0.6931471805599453,0.0,0.0,0.0,0.0,1.0,0.6931471805599453,0.0,0.0,0.0,0.0,0.0,0.0,0.0,0.0,0.0,0.0,0.0,0.0,0.0,0.0,0.0,0.0,0.0,0.0,0.6931471805599453
397,397,397,VHP,397,2025-11,2025-11-01,2025,11,70.0,India,ucdp_actor_metadata_fallback,1,0.6931471805599453,False,True,41.0,35.0,3.7376696182833684,3.58351893845611,1.0,1.0,1.0,1.0,0.0,1.0,0.0,0.0,0.0,0.0,0.0,0.0,0.0,0.0,0.0,0.0,0.0,1.0,0.0,0.0,0.0,0.0,1.0,0.6931471805599453,0.0,0.0,0.0,0.0,0.0,0.0,0.0,0.0,0.0,0.0,0.0,0.0,0.0,0.0,0.0,0.0,0.0,0.0,0.0,0.0,0.0,0.0,1.0,0.6931471805599453,0.0,0.0,0.0,0.0,0.6931471805599453
397,397,397,VHP,397,2025-12,2025-12-01,2025,12,71.0,India,ucdp_actor_metadata_fallback,1,0.6931471805599453,False,False,35.0,,3.58351893845611,,3.0,3.0,3.0,1.0,2.0,3.0,2.0,3.0,1.0,0.0,0.0,0.0,0.0,0.0,0.0,0.0,0.0,2.0,1.0,0.0,0.6666666666666666,1.0986122886681098,1.0,1.3862943611198906,0.6666666666666666,1.0986122886681098,1.0,1.3862943611198906,0.3333333333333333,0.6931471805599453,0.0,0.0,0.0,0.0,0.0,0.0,0.0,0.0,0.0,0.0,0.0,0.0,0.0,0.0,0.0,0.0,0.6666666666666666,1.0986122886681098,0.3333333333333333,0.6931471805599453,0.0,0.0,1.3862943611198906
769,769,769,al-Qaida,769,2020-01,2020-01-01,2020,1,0.0,Afghanistan; Pakistan,ged_rolling_24m,2,1.0986122886681098,False,True,1708.0,2843.0,7.443663683115591,7.952966790923131,0.0,0.0,0.0,0.0,0.0,0.0,0.0,0.0,0.0,0.0,0.0,0.0,0.0,0.0,0.0,0.0,0.0,0.0,0.0,0.0,0.0,0.0,0.0,0.0,0.0,0.0,0.0,0.0,0.0,0.0,0.0,0.0,0.0,0.0,0.0,0.0,0.0,0.0,0.0,0.0,0.0,0.0,0.0,0.0,0.0,0.0,0.0,0.0,0.0,0.0,0.0,0.0,0.0
769,769,769,al-Qaida,769,2020-02,2020-02-01,2020,2,1.0,Afghanistan; Pakistan,ged_rolling_24m,2,1.0986122886681098,False,True,2843.0,1207.0,7.952966790923131,7.0967213784947605,0.0,0.0,0.0,0.0,0.0,0.0,0.0,0.0,0.0,0.0,0.0,0.0,0.0,0.0,0.0,0.0,0.0,0.0,0.0,0.0,0.0,0.0,0.0,0.0,0.0,0.0,0.0,0.0,0.0,0.0,0.0,0.0,0.0,0.0,0.0,0.0,0.0,0.0,0.0,0.0,0.0,0.0,0.0,0.0,0.0,0.0,0.0,0.0,0.0,0.0,0.0,0.0,0.0
769,769,769,al-Qaida,769,2020-03,2020-03-01,2020,3,2.0,Afghanistan; Pakistan,ged_rolling_24m,2,1.0986122886681098,False,True,1207.0,1086.0,7.0967213784947605,6.99117688712121,3.0,3.0,3.0,1.0,2.0,3.0,3.0,3.0,1.0,0.0,1.0,1.0,0.0,0.0,0.0,0.0,0.0,1.0,0.0,0.0,0.6666666666666666,1.0986122886681098,1.0,1.3862943611198906,1.0,1.3862943611198906,1.0,1.3862943611198906,0.3333333333333333,0.6931471805599453,0.0,0.0,0.3333333333333333,0.6931471805599453,0.3333333333333333,0.6931471805599453,0.0,0.0,0.0,0.0,0.0,0.0,0.0,0.0,0.0,0.0,0.3333333333333333,0.6931471805599453,0.0,0.0,0.0,0.0,1.3862943611198906
769,769,769,al-Qaida,769,2020-04,2020-04-01,2020,4,3.0,Afghanistan; Pakistan,ged_rolling_24m,2,1.0986122886681098,False,True,1086.0,1199.0,6.99117688712121,7.090076835776092,1.0,1.0,1.0,1.0,1.0,1.0,1.0,1.0,0.0,0.0,0.0,0.0,0.0,0.0,0.0,0.0,0.0,1.0,0.0,0.0,1.0,0.6931471805599453,1.0,0.6931471805599453,1.0,0.6931471805599453,1.0,0.6931471805599453,0.0,0.0,0.0,0.0,0.0,0.0,0.0,0.0,0.0,0.0,0.0,0.0,0.0,0.0,0.0,0.0,0.0,0.0,1.0,0.6931471805599453,0.0,0.0,0.0,0.0,0.6931471805599453
769,769,769,al-Qaida,769,2020-05,2020-05-01,2020,5,4.0,Afghanistan; Pakistan,ged_rolling_24m,2,1.0986122886681098,False,True,1199.0,1509.0,7.090076835776092,7.31986492980897,0.0,0.0,0.0,0.0,0.0,0.0,0.0,0.0,0.0,0.0,0.0,0.0,0.0,0.0,0.0,0.0,0.0,0.0,0.0,0.0,0.0,0.0,0.0,0.0,0.0,0.0,0.0,0.0,0.0,0.0,0.0,0.0,0.0,0.0,0.0,0.0,0.0,0.0,0.0,0.0,0.0,0.0,0.0,0.0,0.0,0.0,0.0,0.0,0.0,0.0,0.0,0.0,0.0
769,769,769,al-Qaida,769,2020-06,2020-06-01,2020,6,5.0,Afghanistan; Pakistan,ged_rolling_24m,2,1.0986122886681098,False,True,1509.0,1614.0,7.31986492980897,7.387090235656757,1.0,1.0,1.0,1.0,1.0,1.0,1.0,1.0,0.0,0.0,0.0,0.0,0.0,0.0,0.0,0.0,0.0,1.0,0.0,0.0,1.0,0.6931471805599453,1.0,0.6931471805599453,1.0,0.6931471805599453,1.0,0.6931471805599453,0.0,0.0,0.0,0.0,0.0,0.0,0.0,0.0,0.0,0.0,0.0,0.0,0.0,0.0,0.0,0.0,0.0,0.0,1.0,0.6931471805599453,0.0,0.0,0.0,0.0,0.6931471805599453
769,769,769,al-Qaida,769,2020-07,2020-07-01,2020,7,6.0,Afghanistan; Pakistan,ged_rolling_24m,2,1.0986122886681098,False,True,1614.0,1408.0,7.387090235656757,7.25063551189868,0.0,0.0,0.0,0.0,0.0,0.0,0.0,0.0,0.0,0.0,0.0,0.0,0.0,0.0,0.0,0.0,0.0,0.0,0.0,0.0,0.0,0.0,0.0,0.0,0.0,0.0,0.0,0.0,0.0,0.0,0.0,0.0,0.0,0.0,0.0,0.0,0.0,0.0,0.0,0.0,0.0,0.0,0.0,0.0,0.0,0.0,0.0,0.0,0.0,0.0,0.0,0.0,0.0
769,769,769,al-Qaida,769,2020-08,2020-08-01,2020,8,7.0,Afghanistan; Iran,ged_rolling_24m,2,1.0986122886681098,False,True,1397.0,1784.0,7.242797922793756,7.487173694213739,0.0,0.0,0.0,0.0,0.0,0.0,0.0,0.0,0.0,0.0,0.0,0.0,0.0,0.0,0.0,0.0,0.0,0.0,0.0,0.0,0.0,0.0,0.0,0.0,0.0,0.0,0.0,0.0,0.0,0.0,0.0,0.0,0.0,0.0,0.0,0.0,0.0,0.0,0.0,0.0,0.0,0.0,0.0,0.0,0.0,0.0,0.0,0.0,0.0,0.0,0.0,0.0,0.0
769,769,769,al-Qaida,769,2020-09,2020-09-01,2020,9,8.0,Afghanistan; Iran,ged_rolling_24m,2,1.0986122886681098,False,True,1784.0,2727.0,7.487173694213739,7.911324018963353,0.0,0.0,0.0,0.0,0.0,0.0,0.0,0.0,0.0,0.0,0.0,0.0,0.0,0.0,0.0,0.0,0.0,0.0,0.0,0.0,0.0,0.0,0.0,0.0,0.0,0.0,0.0,0.0,0.0,0.0,0.0,0.0,0.0,0.0,0.0,0.0,0.0,0.0,0.0,0.0,0.0,0.0,0.0,0.0,0.0,0.0,0.0,0.0,0.0,0.0,0.0,0.0,0.0
769,769,769,al-Qaida,769,2020-10,2020-10-01,2020,10,9.0,Afghanistan; Iran,ged_rolling_24m,2,1.0986122886681098,False,True,2727.0,1944.0,7.911324018963353,7.573017256052546,1.0,1.0,1.0,1.0,1.0,1.0,0.0,1.0,1.0,0.0,0.0,0.0,0.0,0.0,0.0,1.0,0.0,0.0,0.0,0.0,1.0,0.6931471805599453,1.0,0.6931471805599453,0.0,0.0,1.0,0.6931471805599453,1.0,0.6931471805599453,0.0,0.0,0.0,0.0,0.0,0.0,0.0,0.0,0.0,0.0,0.0,0.0,1.0,0.6931471805599453,0.0,0.0,0.0,0.0,0.0,0.0,0.0,0.0,0.6931471805599453
769,769,769,al-Qaida,769,2020-11,2020-11-01,2020,11,10.0,Afghanistan; Iran,ged_rolling_24m,2,1.0986122886681098,False,True,1944.0,2063.0,7.573017256052546,7.6324011266014535,5.0,5.0,5.0,1.0,4.0,5.0,4.0,4.0,2.0,0.0,4.0,0.0,0.0,0.0,0.0,0.0,0.0,1.0,0.0,0.0,0.8,1.6094379124341003,1.0,1.791759469228055,0.8,1.6094379124341003,0.8,1.6094379124341003,0.4,1.0986122886681098,0.0,0.0,0.8,1.6094379124341003,0.0,0.0,0.0,0.0,0.0,0.0,0.0,0.0,0.0,0.0,0.0,0.0,0.2,0.6931471805599453,0.0,0.0,0.0,0.0,1.791759469228055
769,769,769,al-Qaida,769,2020-12,2020-12-01,2020,12,11.0,Afghanistan; Iran,ged_rolling_24m,2,1.0986122886681098,False,True,2063.0,2707.0,7.6324011266014535,7.903965634032166,2.0,2.0,2.0,1.0,2.0,2.0,2.0,2.0,2.0,0.0,1.0,1.0,0.0,0.0,0.0,0.0,0.0,0.0,0.0,0.0,1.0,1.0986122886681098,1.0,1.0986122886681098,1.0,1.0986122886681098,1.0,1.0986122886681098,1.0,1.0986122886681098,0.0,0.0,0.5,0.6931471805599453,0.5,0.6931471805599453,0.0,0.0,0.0,0.0,0.0,0.0,0.0,0.0,0.0,0.0,0.0,0.0,0.0,0.0,0.0,0.0,1.0986122886681098
769,769,769,al-Qaida,769,2021-01,2021-01-01,2021,1,12.0,Afghanistan; Iran,ged_rolling_24m,2,1.0986122886681098,False,True,2707.0,2057.0,7.903965634032166,7.629489916393995,1.0,1.0,1.0,1.0,1.0,1.0,1.0,1.0,1.0,0.0,1.0,0.0,0.0,0.0,0.0,0.0,0.0,0.0,0.0,0.0,1.0,0.6931471805599453,1.0,0.6931471805599453,1.0,0.6931471805599453,1.0,0.6931471805599453,1.0,0.6931471805599453,0.0,0.0,1.0,0.6931471805599453,0.0,0.0,0.0,0.0,0.0,0.0,0.0,0.0,0.0,0.0,0.0,0.0,0.0,0.0,0.0,0.0,0.0,0.0,0.6931471805599453
769,769,769,al-Qaida,769,2021-02,2021-02-01,2021,2,13.0,Afghanistan; Iran,ged_rolling_24m,2,1.0986122886681098,False,True,2057.0,1785.0,7.629489916393995,7.487733761436444,0.0,0.0,0.0,0.0,0.0,0.0,0.0,0.0,0.0,0.0,0.0,0.0,0.0,0.0,0.0,0.0,0.0,0.0,0.0,0.0,0.0,0.0,0.0,0.0,0.0,0.0,0.0,0.0,0.0,0.0,0.0,0.0,0.0,0.0,0.0,0.0,0.0,0.0,0.0,0.0,0.0,0.0,0.0,0.0,0.0,0.0,0.0,0.0,0.0,0.0,0.0,0.0,0.0
769,769,769,al-Qaida,769,2021-03,2021-03-01,2021,3,14.0,Afghanistan; Iran,ged_rolling_24m,2,1.0986122886681098,False,True,1785.0,2828.0,7.487733761436444,7.947678571301568,0.0,0.0,0.0,0.0,0.0,0.0,0.0,0.0,0.0,0.0,0.0,0.0,0.0,0.0,0.0,0.0,0.0,0.0,0.0,0.0,0.0,0.0,0.0,0.0,0.0,0.0,0.0,0.0,0.0,0.0,0.0,0.0,0.0,0.0,0.0,0.0,0.0,0.0,0.0,0.0,0.0,0.0,0.0,0.0,0.0,0.0,0.0,0.0,0.0,0.0,0.0,0.0,0.0
769,769,769,al-Qaida,769,2021-04,2021-04-01,2021,4,15.0,Afghanistan; Iran,ged_rolling_24m,2,1.0986122886681098,False,True,2828.0,5015.0,7.947678571301568,8.520388082312756,0.0,0.0,0.0,0.0,0.0,0.0,0.0,0.0,0.0,0.0,0.0,0.0,0.0,0.0,0.0,0.0,0.0,0.0,0.0,0.0,0.0,0.0,0.0,0.0,0.0,0.0,0.0,0.0,0.0,0.0,0.0,0.0,0.0,0.0,0.0,0.0,0.0,0.0,0.0,0.0,0.0,0.0,0.0,0.0,0.0,0.0,0.0,0.0,0.0,0.0,0.0,0.0,0.0
769,769,769,al-Qaida,769,2021-05,2021-05-01,2021,5,16.0,Afghanistan; Iran,ged_rolling_24m,2,1.0986122886681098,False,True,5015.0,7673.0,8.520388082312756,8.945593270806897,0.0,0.0,0.0,0.0,0.0,0.0,0.0,0.0,0.0,0.0,0.0,0.0,0.0,0.0,0.0,0.0,0.0,0.0,0.0,0.0,0.0,0.0,0.0,0.0,0.0,0.0,0.0,0.0,0.0,0.0,0.0,0.0,0.0,0.0,0.0,0.0,0.0,0.0,0.0,0.0,0.0,0.0,0.0,0.0,0.0,0.0,0.0,0.0,0.0,0.0,0.0,0.0,0.0
769,769,769,al-Qaida,769,2021-06,2021-06-01,2021,6,17.0,Afghanistan; Iran,ged_rolling_24m,2,1.0986122886681098,False,True,7673.0,8456.0,8.945593270806897,9.042749779782222,0.0,0.0,0.0,0.0,0.0,0.0,0.0,0.0,0.0,0.0,0.0,0.0,0.0,0.0,0.0,0.0,0.0,0.0,0.0,0.0,0.0,0.0,0.0,0.0,0.0,0.0,0.0,0.0,0.0,0.0,0.0,0.0,0.0,0.0,0.0,0.0,0.0,0.0,0.0,0.0,0.0,0.0,0.0,0.0,0.0,0.0,0.0,0.0,0.0,0.0,0.0,0.0,0.0
769,769,769,al-Qaida,769,2021-07,2021-07-01,2021,7,18.0,Afghanistan; Iran,ged_rolling_24m,2,1.0986122886681098,False,True,8456.0,5098.0,9.042749779782222,8.536799721055155,0.0,0.0,0.0,0.0,0.0,0.0,0.0,0.0,0.0,0.0,0.0,0.0,0.0,0.0,0.0,0.0,0.0,0.0,0.0,0.0,0.0,0.0,0.0,0.0,0.0,0.0,0.0,0.0,0.0,0.0,0.0,0.0,0.0,0.0,0.0,0.0,0.0,0.0,0.0,0.0,0.0,0.0,0.0,0.0,0.0,0.0,0.0,0.0,0.0,0.0,0.0,0.0,0.0
769,769,769,al-Qaida,769,2021-08,2021-08-01,2021,8,19.0,Afghanistan; Iran,ged_rolling_24m,2,1.0986122886681098,False,True,5098.0,511.0,8.536799721055155,6.238324625039508,0.0,0.0,0.0,0.0,0.0,0.0,0.0,0.0,0.0,0.0,0.0,0.0,0.0,0.0,0.0,0.0,0.0,0.0,0.0,0.0,0.0,0.0,0.0,0.0,0.0,0.0,0.0,0.0,0.0,0.0,0.0,0.0,0.0,0.0,0.0,0.0,0.0,0.0,0.0,0.0,0.0,0.0,0.0,0.0,0.0,0.0,0.0,0.0,0.0,0.0,0.0,0.0,0.0
769,769,769,al-Qaida,769,2021-09,2021-09-01,2021,9,20.0,Afghanistan; Iran,ged_rolling_24m,2,1.0986122886681098,False,True,511.0,234.0,6.238324625039508,5.459585514144159,0.0,0.0,0.0,0.0,0.0,0.0,0.0,0.0,0.0,0.0,0.0,0.0,0.0,0.0,0.0,0.0,0.0,0.0,0.0,0.0,0.0,0.0,0.0,0.0,0.0,0.0,0.0,0.0,0.0,0.0,0.0,0.0,0.0,0.0,0.0,0.0,0.0,0.0,0.0,0.0,0.0,0.0,0.0,0.0,0.0,0.0,0.0,0.0,0.0,0.0,0.0,0.0,0.0
769,769,769,al-Qaida,769,2021-10,2021-10-01,2021,10,21.0,Afghanistan; Iran,ged_rolling_24m,2,1.0986122886681098,False,True,234.0,72.0,5.459585514144159,4.290459441148391,0.0,0.0,0.0,0.0,0.0,0.0,0.0,0.0,0.0,0.0,0.0,0.0,0.0,0.0,0.0,0.0,0.0,0.0,0.0,0.0,0.0,0.0,0.0,0.0,0.0,0.0,0.0,0.0,0.0,0.0,0.0,0.0,0.0,0.0,0.0,0.0,0.0,0.0,0.0,0.0,0.0,0.0,0.0,0.0,0.0,0.0,0.0,0.0,0.0,0.0,0.0,0.0,0.0
769,769,769,al-Qaida,769,2021-11,2021-11-01,2021,11,22.0,Afghanistan; Iran,ged_rolling_24m,2,1.0986122886681098,False,True,72.0,32.0,4.290459441148391,3.4965075614664802,0.0,0.0,0.0,0.0,0.0,0.0,0.0,0.0,0.0,0.0,0.0,0.0,0.0,0.0,0.0,0.0,0.0,0.0,0.0,0.0,0.0,0.0,0.0,0.0,0.0,0.0,0.0,0.0,0.0,0.0,0.0,0.0,0.0,0.0,0.0,0.0,0.0,0.0,0.0,0.0,0.0,0.0,0.0,0.0,0.0,0.0,0.0,0.0,0.0,0.0,0.0,0.0,0.0
769,769,769,al-Qaida,769,2021-12,2021-12-01,2021,12,23.0,Afghanistan; Iran,ged_rolling_24m,2,1.0986122886681098,False,True,32.0,42.0,3.4965075614664802,3.7612001156935624,0.0,0.0,0.0,0.0,0.0,0.0,0.0,0.0,0.0,0.0,0.0,0.0,0.0,0.0,0.0,0.0,0.0,0.0,0.0,0.0,0.0,0.0,0.0,0.0,0.0,0.0,0.0,0.0,0.0,0.0,0.0,0.0,0.0,0.0,0.0,0.0,0.0,0.0,0.0,0.0,0.0,0.0,0.0,0.0,0.0,0.0,0.0,0.0,0.0,0.0,0.0,0.0,0.0
769,769,769,al-Qaida,769,2022-01,2022-01-01,2022,1,24.0,Afghanistan; Iran,ged_rolling_24m,2,1.0986122886681098,False,True,42.0,22.0,3.7612001156935624,3.1354942159291497,0.0,0.0,0.0,0.0,0.0,0.0,0.0,0.0,0.0,0.0,0.0,0.0,0.0,0.0,0.0,0.0,0.0,0.0,0.0,0.0,0.0,0.0,0.0,0.0,0.0,0.0,0.0,0.0,0.0,0.0,0.0,0.0,0.0,0.0,0.0,0.0,0.0,0.0,0.0,0.0,0.0,0.0,0.0,0.0,0.0,0.0,0.0,0.0,0.0,0.0,0.0,0.0,0.0
769,769,769,al-Qaida,769,2022-02,2022-02-01,2022,2,25.0,Afghanistan; Iran,ged_rolling_24m,2,1.0986122886681098,False,True,22.0,46.0,3.1354942159291497,3.8501476017100584,0.0,0.0,0.0,0.0,0.0,0.0,0.0,0.0,0.0,0.0,0.0,0.0,0.0,0.0,0.0,0.0,0.0,0.0,0.0,0.0,0.0,0.0,0.0,0.0,0.0,0.0,0.0,0.0,0.0,0.0,0.0,0.0,0.0,0.0,0.0,0.0,0.0,0.0,0.0,0.0,0.0,0.0,0.0,0.0,0.0,0.0,0.0,0.0,0.0,0.0,0.0,0.0,0.0
769,769,769,al-Qaida,769,2022-03,2022-03-01,2022,3,26.0,Afghanistan; Iran,ged_rolling_24m,2,1.0986122886681098,False,True,46.0,382.0,3.8501476017100584,5.948034989180646,0.0,0.0,0.0,0.0,0.0,0.0,0.0,0.0,0.0,0.0,0.0,0.0,0.0,0.0,0.0,0.0,0.0,0.0,0.0,0.0,0.0,0.0,0.0,0.0,0.0,0.0,0.0,0.0,0.0,0.0,0.0,0.0,0.0,0.0,0.0,0.0,0.0,0.0,0.0,0.0,0.0,0.0,0.0,0.0,0.0,0.0,0.0,0.0,0.0,0.0,0.0,0.0,0.0
769,769,769,al-Qaida,769,2022-04,2022-04-01,2022,4,27.0,Afghanistan; Iran,ged_rolling_24m,2,1.0986122886681098,False,True,382.0,203.0,5.948034989180646,5.318119993844216,0.0,0.0,0.0,0.0,0.0,0.0,0.0,0.0,0.0,0.0,0.0,0.0,0.0,0.0,0.0,0.0,0.0,0.0,0.0,0.0,0.0,0.0,0.0,0.0,0.0,0.0,0.0,0.0,0.0,0.0,0.0,0.0,0.0,0.0,0.0,0.0,0.0,0.0,0.0,0.0,0.0,0.0,0.0,0.0,0.0,0.0,0.0,0.0,0.0,0.0,0.0,0.0,0.0
769,769,769,al-Qaida,769,2022-05,2022-05-01,2022,5,28.0,Afghanistan; Iran,ged_rolling_24m,2,1.0986122886681098,False,True,203.0,165.0,5.318119993844216,5.111987788356544,0.0,0.0,0.0,0.0,0.0,0.0,0.0,0.0,0.0,0.0,0.0,0.0,0.0,0.0,0.0,0.0,0.0,0.0,0.0,0.0,0.0,0.0,0.0,0.0,0.0,0.0,0.0,0.0,0.0,0.0,0.0,0.0,0.0,0.0,0.0,0.0,0.0,0.0,0.0,0.0,0.0,0.0,0.0,0.0,0.0,0.0,0.0,0.0,0.0,0.0,0.0,0.0,0.0
769,769,769,al-Qaida,769,2022-06,2022-06-01,2022,6,29.0,Afghanistan; Iran,ged_rolling_24m,2,1.0986122886681098,False,True,165.0,90.0,5.111987788356544,4.51085950651685,0.0,0.0,0.0,0.0,0.0,0.0,0.0,0.0,0.0,0.0,0.0,0.0,0.0,0.0,0.0,0.0,0.0,0.0,0.0,0.0,0.0,0.0,0.0,0.0,0.0,0.0,0.0,0.0,0.0,0.0,0.0,0.0,0.0,0.0,0.0,0.0,0.0,0.0,0.0,0.0,0.0,0.0,0.0,0.0,0.0,0.0,0.0,0.0,0.0,0.0,0.0,0.0,0.0
769,769,769,al-Qaida,769,2022-07,2022-07-01,2022,7,30.0,Afghanistan; Iran,ged_rolling_24m,2,1.0986122886681098,False,True,90.0,89.0,4.51085950651685,4.499809670330265,0.0,0.0,0.0,0.0,0.0,0.0,0.0,0.0,0.0,0.0,0.0,0.0,0.0,0.0,0.0,0.0,0.0,0.0,0.0,0.0,0.0,0.0,0.0,0.0,0.0,0.0,0.0,0.0,0.0,0.0,0.0,0.0,0.0,0.0,0.0,0.0,0.0,0.0,0.0,0.0,0.0,0.0,0.0,0.0,0.0,0.0,0.0,0.0,0.0,0.0,0.0,0.0,0.0
769,769,769,al-Qaida,769,2022-08,2022-08-01,2022,8,31.0,Afghanistan; Iran,ged_rolling_24m,2,1.0986122886681098,False,True,89.0,442.0,4.499809670330265,6.093569770045136,0.0,0.0,0.0,0.0,0.0,0.0,0.0,0.0,0.0,0.0,0.0,0.0,0.0,0.0,0.0,0.0,0.0,0.0,0.0,0.0,0.0,0.0,0.0,0.0,0.0,0.0,0.0,0.0,0.0,0.0,0.0,0.0,0.0,0.0,0.0,0.0,0.0,0.0,0.0,0.0,0.0,0.0,0.0,0.0,0.0,0.0,0.0,0.0,0.0,0.0,0.0,0.0,0.0
769,769,769,al-Qaida,769,2022-09,2022-09-01,2022,9,32.0,Afghanistan,ged_rolling_24m,1,0.6931471805599453,False,True,342.0,118.0,5.8377304471659395,4.77912349311153,2.0,2.0,2.0,1.0,2.0,2.0,2.0,2.0,1.0,0.0,2.0,0.0,0.0,0.0,0.0,0.0,0.0,0.0,0.0,0.0,1.0,1.0986122886681098,1.0,1.0986122886681098,1.0,1.0986122886681098,1.0,1.0986122886681098,0.5,0.6931471805599453,0.0,0.0,1.0,1.0986122886681098,0.0,0.0,0.0,0.0,0.0,0.0,0.0,0.0,0.0,0.0,0.0,0.0,0.0,0.0,0.0,0.0,0.0,0.0,1.0986122886681098
769,769,769,al-Qaida,769,2022-10,2022-10-01,2022,10,33.0,Afghanistan,ged_rolling_24m,1,0.6931471805599453,False,True,118.0,53.0,4.77912349311153,3.9889840465642745,0.0,0.0,0.0,0.0,0.0,0.0,0.0,0.0,0.0,0.0,0.0,0.0,0.0,0.0,0.0,0.0,0.0,0.0,0.0,0.0,0.0,0.0,0.0,0.0,0.0,0.0,0.0,0.0,0.0,0.0,0.0,0.0,0.0,0.0,0.0,0.0,0.0,0.0,0.0,0.0,0.0,0.0,0.0,0.0,0.0,0.0,0.0,0.0,0.0,0.0,0.0,0.0,0.0
769,769,769,al-Qaida,769,2022-11,2022-11-01,2022,11,34.0,Afghanistan,ged_rolling_24m,1,0.6931471805599453,False,True,53.0,103.0,3.9889840465642745,4.6443908991413725,1.0,1.0,1.0,1.0,0.0,1.0,0.0,1.0,0.0,0.0,0.0,0.0,0.0,0.0,0.0,0.0,0.0,1.0,0.0,0.0,0.0,0.0,1.0,0.6931471805599453,0.0,0.0,1.0,0.6931471805599453,0.0,0.0,0.0,0.0,0.0,0.0,0.0,0.0,0.0,0.0,0.0,0.0,0.0,0.0,0.0,0.0,0.0,0.0,1.0,0.6931471805599453,0.0,0.0,0.0,0.0,0.6931471805599453
769,769,769,al-Qaida,769,2022-12,2022-12-01,2022,12,35.0,Afghanistan,ged_rolling_24m,1,0.6931471805599453,False,True,103.0,59.0,4.6443908991413725,4.0943445622221,0.0,0.0,0.0,0.0,0.0,0.0,0.0,0.0,0.0,0.0,0.0,0.0,0.0,0.0,0.0,0.0,0.0,0.0,0.0,0.0,0.0,0.0,0.0,0.0,0.0,0.0,0.0,0.0,0.0,0.0,0.0,0.0,0.0,0.0,0.0,0.0,0.0,0.0,0.0,0.0,0.0,0.0,0.0,0.0,0.0,0.0,0.0,0.0,0.0,0.0,0.0,0.0,0.0
769,769,769,al-Qaida,769,2023-01,2023-01-01,2023,1,36.0,Afghanistan,ged_rolling_24m,1,0.6931471805599453,False,True,59.0,21.0,4.0943445622221,3.091042453358316,0.0,0.0,0.0,0.0,0.0,0.0,0.0,0.0,0.0,0.0,0.0,0.0,0.0,0.0,0.0,0.0,0.0,0.0,0.0,0.0,0.0,0.0,0.0,0.0,0.0,0.0,0.0,0.0,0.0,0.0,0.0,0.0,0.0,0.0,0.0,0.0,0.0,0.0,0.0,0.0,0.0,0.0,0.0,0.0,0.0,0.0,0.0,0.0,0.0,0.0,0.0,0.0,0.0
769,769,769,al-Qaida,769,2023-02,2023-02-01,2023,2,37.0,Afghanistan,ged_rolling_24m,1,0.6931471805599453,False,True,21.0,50.0,3.091042453358316,3.9318256327243257,0.0,0.0,0.0,0.0,0.0,0.0,0.0,0.0,0.0,0.0,0.0,0.0,0.0,0.0,0.0,0.0,0.0,0.0,0.0,0.0,0.0,0.0,0.0,0.0,0.0,0.0,0.0,0.0,0.0,0.0,0.0,0.0,0.0,0.0,0.0,0.0,0.0,0.0,0.0,0.0,0.0,0.0,0.0,0.0,0.0,0.0,0.0,0.0,0.0,0.0,0.0,0.0,0.0
769,769,769,al-Qaida,769,2023-03,2023-03-01,2023,3,38.0,Afghanistan,ged_rolling_24m,1,0.6931471805599453,False,True,50.0,52.0,3.9318256327243257,3.970291913552122,0.0,0.0,0.0,0.0,0.0,0.0,0.0,0.0,0.0,0.0,0.0,0.0,0.0,0.0,0.0,0.0,0.0,0.0,0.0,0.0,0.0,0.0,0.0,0.0,0.0,0.0,0.0,0.0,0.0,0.0,0.0,0.0,0.0,0.0,0.0,0.0,0.0,0.0,0.0,0.0,0.0,0.0,0.0,0.0,0.0,0.0,0.0,0.0,0.0,0.0,0.0,0.0,0.0
769,769,769,al-Qaida,769,2023-04,2023-04-01,2023,4,39.0,Afghanistan,ged_rolling_24m,1,0.6931471805599453,False,True,52.0,18.0,3.970291913552122,2.9444389791664403,0.0,0.0,0.0,0.0,0.0,0.0,0.0,0.0,0.0,0.0,0.0,0.0,0.0,0.0,0.0,0.0,0.0,0.0,0.0,0.0,0.0,0.0,0.0,0.0,0.0,0.0,0.0,0.0,0.0,0.0,0.0,0.0,0.0,0.0,0.0,0.0,0.0,0.0,0.0,0.0,0.0,0.0,0.0,0.0,0.0,0.0,0.0,0.0,0.0,0.0,0.0,0.0,0.0
769,769,769,al-Qaida,769,2023-05,2023-05-01,2023,5,40.0,Afghanistan,ged_rolling_24m,1,0.6931471805599453,False,True,18.0,45.0,2.9444389791664403,3.828641396489095,0.0,0.0,0.0,0.0,0.0,0.0,0.0,0.0,0.0,0.0,0.0,0.0,0.0,0.0,0.0,0.0,0.0,0.0,0.0,0.0,0.0,0.0,0.0,0.0,0.0,0.0,0.0,0.0,0.0,0.0,0.0,0.0,0.0,0.0,0.0,0.0,0.0,0.0,0.0,0.0,0.0,0.0,0.0,0.0,0.0,0.0,0.0,0.0,0.0,0.0,0.0,0.0,0.0
769,769,769,al-Qaida,769,2023-06,2023-06-01,2023,6,41.0,Afghanistan,ged_rolling_24m,1,0.6931471805599453,False,True,45.0,15.0,3.828641396489095,2.772588722239781,0.0,0.0,0.0,0.0,0.0,0.0,0.0,0.0,0.0,0.0,0.0,0.0,0.0,0.0,0.0,0.0,0.0,0.0,0.0,0.0,0.0,0.0,0.0,0.0,0.0,0.0,0.0,0.0,0.0,0.0,0.0,0.0,0.0,0.0,0.0,0.0,0.0,0.0,0.0,0.0,0.0,0.0,0.0,0.0,0.0,0.0,0.0,0.0,0.0,0.0,0.0,0.0,0.0
769,769,769,al-Qaida,769,2023-07,2023-07-01,2023,7,42.0,Afghanistan,ged_rolling_24m,1,0.6931471805599453,False,True,15.0,27.0,2.772588722239781,3.332204510175204,0.0,0.0,0.0,0.0,0.0,0.0,0.0,0.0,0.0,0.0,0.0,0.0,0.0,0.0,0.0,0.0,0.0,0.0,0.0,0.0,0.0,0.0,0.0,0.0,0.0,0.0,0.0,0.0,0.0,0.0,0.0,0.0,0.0,0.0,0.0,0.0,0.0,0.0,0.0,0.0,0.0,0.0,0.0,0.0,0.0,0.0,0.0,0.0,0.0,0.0,0.0,0.0,0.0
769,769,769,al-Qaida,769,2023-08,2023-08-01,2023,8,43.0,Afghanistan,ged_rolling_24m,1,0.6931471805599453,False,True,27.0,13.0,3.332204510175204,2.6390573296152584,1.0,1.0,1.0,1.0,0.0,1.0,1.0,1.0,1.0,0.0,0.0,0.0,0.0,0.0,0.0,0.0,0.0,1.0,0.0,0.0,0.0,0.0,1.0,0.6931471805599453,1.0,0.6931471805599453,1.0,0.6931471805599453,1.0,0.6931471805599453,0.0,0.0,0.0,0.0,0.0,0.0,0.0,0.0,0.0,0.0,0.0,0.0,0.0,0.0,0.0,0.0,1.0,0.6931471805599453,0.0,0.0,0.0,0.0,0.6931471805599453
769,769,769,al-Qaida,769,2023-09,2023-09-01,2023,9,44.0,Afghanistan,ged_rolling_24m,1,0.6931471805599453,False,True,13.0,49.0,2.6390573296152584,3.912023005428146,1.0,1.0,1.0,1.0,1.0,1.0,1.0,1.0,1.0,0.0,1.0,0.0,0.0,0.0,0.0,0.0,0.0,0.0,0.0,0.0,1.0,0.6931471805599453,1.0,0.6931471805599453,1.0,0.6931471805599453,1.0,0.6931471805599453,1.0,0.6931471805599453,0.0,0.0,1.0,0.6931471805599453,0.0,0.0,0.0,0.0,0.0,0.0,0.0,0.0,0.0,0.0,0.0,0.0,0.0,0.0,0.0,0.0,0.0,0.0,0.6931471805599453
769,769,769,al-Qaida,769,2023-10,2023-10-01,2023,10,45.0,Afghanistan,ged_rolling_24m,1,0.6931471805599453,False,True,49.0,21.0,3.912023005428146,3.091042453358316,0.0,0.0,0.0,0.0,0.0,0.0,0.0,0.0,0.0,0.0,0.0,0.0,0.0,0.0,0.0,0.0,0.0,0.0,0.0,0.0,0.0,0.0,0.0,0.0,0.0,0.0,0.0,0.0,0.0,0.0,0.0,0.0,0.0,0.0,0.0,0.0,0.0,0.0,0.0,0.0,0.0,0.0,0.0,0.0,0.0,0.0,0.0,0.0,0.0,0.0,0.0,0.0,0.0
769,769,769,al-Qaida,769,2023-11,2023-11-01,2023,11,46.0,Afghanistan,ged_rolling_24m,1,0.6931471805599453,False,True,21.0,9.0,3.091042453358316,2.302585092994046,0.0,0.0,0.0,0.0,0.0,0.0,0.0,0.0,0.0,0.0,0.0,0.0,0.0,0.0,0.0,0.0,0.0,0.0,0.0,0.0,0.0,0.0,0.0,0.0,0.0,0.0,0.0,0.0,0.0,0.0,0.0,0.0,0.0,0.0,0.0,0.0,0.0,0.0,0.0,0.0,0.0,0.0,0.0,0.0,0.0,0.0,0.0,0.0,0.0,0.0,0.0,0.0,0.0
769,769,769,al-Qaida,769,2023-12,2023-12-01,2023,12,47.0,Afghanistan,ged_rolling_24m,1,0.6931471805599453,False,True,9.0,24.0,2.302585092994046,3.2188758248682006,0.0,0.0,0.0,0.0,0.0,0.0,0.0,0.0,0.0,0.0,0.0,0.0,0.0,0.0,0.0,0.0,0.0,0.0,0.0,0.0,0.0,0.0,0.0,0.0,0.0,0.0,0.0,0.0,0.0,0.0,0.0,0.0,0.0,0.0,0.0,0.0,0.0,0.0,0.0,0.0,0.0,0.0,0.0,0.0,0.0,0.0,0.0,0.0,0.0,0.0,0.0,0.0,0.0
769,769,769,al-Qaida,769,2024-01,2024-01-01,2024,1,48.0,Afghanistan,ged_rolling_24m,1,0.6931471805599453,False,True,24.0,1.0,3.2188758248682006,0.6931471805599453,0.0,0.0,0.0,0.0,0.0,0.0,0.0,0.0,0.0,0.0,0.0,0.0,0.0,0.0,0.0,0.0,0.0,0.0,0.0,0.0,0.0,0.0,0.0,0.0,0.0,0.0,0.0,0.0,0.0,0.0,0.0,0.0,0.0,0.0,0.0,0.0,0.0,0.0,0.0,0.0,0.0,0.0,0.0,0.0,0.0,0.0,0.0,0.0,0.0,0.0,0.0,0.0,0.0
769,769,769,al-Qaida,769,2024-02,2024-02-01,2024,2,49.0,Afghanistan,ged_rolling_24m,1,0.6931471805599453,False,True,1.0,56.0,0.6931471805599453,4.04305126783455,0.0,0.0,0.0,0.0,0.0,0.0,0.0,0.0,0.0,0.0,0.0,0.0,0.0,0.0,0.0,0.0,0.0,0.0,0.0,0.0,0.0,0.0,0.0,0.0,0.0,0.0,0.0,0.0,0.0,0.0,0.0,0.0,0.0,0.0,0.0,0.0,0.0,0.0,0.0,0.0,0.0,0.0,0.0,0.0,0.0,0.0,0.0,0.0,0.0,0.0,0.0,0.0,0.0
769,769,769,al-Qaida,769,2024-03,2024-03-01,2024,3,50.0,Afghanistan,ged_rolling_24m,1,0.6931471805599453,False,True,56.0,13.0,4.04305126783455,2.6390573296152584,0.0,0.0,0.0,0.0,0.0,0.0,0.0,0.0,0.0,0.0,0.0,0.0,0.0,0.0,0.0,0.0,0.0,0.0,0.0,0.0,0.0,0.0,0.0,0.0,0.0,0.0,0.0,0.0,0.0,0.0,0.0,0.0,0.0,0.0,0.0,0.0,0.0,0.0,0.0,0.0,0.0,0.0,0.0,0.0,0.0,0.0,0.0,0.0,0.0,0.0,0.0,0.0,0.0
769,769,769,al-Qaida,769,2024-04,2024-04-01,2024,4,51.0,Afghanistan,ged_rolling_24m,1,0.6931471805599453,False,True,13.0,47.0,2.6390573296152584,3.871201010907891,1.0,1.0,1.0,1.0,1.0,1.0,1.0,1.0,1.0,0.0,1.0,0.0,0.0,0.0,0.0,0.0,0.0,0.0,0.0,0.0,1.0,0.6931471805599453,1.0,0.6931471805599453,1.0,0.6931471805599453,1.0,0.6931471805599453,1.0,0.6931471805599453,0.0,0.0,1.0,0.6931471805599453,0.0,0.0,0.0,0.0,0.0,0.0,0.0,0.0,0.0,0.0,0.0,0.0,0.0,0.0,0.0,0.0,0.0,0.0,0.6931471805599453
769,769,769,al-Qaida,769,2024-05,2024-05-01,2024,5,52.0,Afghanistan,ged_rolling_24m,1,0.6931471805599453,False,True,47.0,15.0,3.871201010907891,2.772588722239781,0.0,0.0,0.0,0.0,0.0,0.0,0.0,0.0,0.0,0.0,0.0,0.0,0.0,0.0,0.0,0.0,0.0,0.0,0.0,0.0,0.0,0.0,0.0,0.0,0.0,0.0,0.0,0.0,0.0,0.0,0.0,0.0,0.0,0.0,0.0,0.0,0.0,0.0,0.0,0.0,0.0,0.0,0.0,0.0,0.0,0.0,0.0,0.0,0.0,0.0,0.0,0.0,0.0
769,769,769,al-Qaida,769,2024-06,2024-06-01,2024,6,53.0,Afghanistan,ged_rolling_24m,1,0.6931471805599453,False,True,15.0,11.0,2.772588722239781,2.4849066497880004,0.0,0.0,0.0,0.0,0.0,0.0,0.0,0.0,0.0,0.0,0.0,0.0,0.0,0.0,0.0,0.0,0.0,0.0,0.0,0.0,0.0,0.0,0.0,0.0,0.0,0.0,0.0,0.0,0.0,0.0,0.0,0.0,0.0,0.0,0.0,0.0,0.0,0.0,0.0,0.0,0.0,0.0,0.0,0.0,0.0,0.0,0.0,0.0,0.0,0.0,0.0,0.0,0.0
769,769,769,al-Qaida,769,2024-07,2024-07-01,2024,7,54.0,Afghanistan,ged_rolling_24m,1,0.6931471805599453,False,True,11.0,17.0,2.4849066497880004,2.8903717578961645,0.0,0.0,0.0,0.0,0.0,0.0,0.0,0.0,0.0,0.0,0.0,0.0,0.0,0.0,0.0,0.0,0.0,0.0,0.0,0.0,0.0,0.0,0.0,0.0,0.0,0.0,0.0,0.0,0.0,0.0,0.0,0.0,0.0,0.0,0.0,0.0,0.0,0.0,0.0,0.0,0.0,0.0,0.0,0.0,0.0,0.0,0.0,0.0,0.0,0.0,0.0,0.0,0.0
769,769,769,al-Qaida,769,2024-08,2024-08-01,2024,8,55.0,France; Kenya; Pakistan; Saudi Arabia; Tunisia; Turkey; United Kingdom; United States of America; Yemen (North Yemen),ucdp_actor_metadata_fallback,9,2.302585092994046,False,True,271.0,205.0,5.605802066295998,5.327876168789581,0.0,0.0,0.0,0.0,0.0,0.0,0.0,0.0,0.0,0.0,0.0,0.0,0.0,0.0,0.0,0.0,0.0,0.0,0.0,0.0,0.0,0.0,0.0,0.0,0.0,0.0,0.0,0.0,0.0,0.0,0.0,0.0,0.0,0.0,0.0,0.0,0.0,0.0,0.0,0.0,0.0,0.0,0.0,0.0,0.0,0.0,0.0,0.0,0.0,0.0,0.0,0.0,0.0
769,769,769,al-Qaida,769,2024-09,2024-09-01,2024,9,56.0,France; Kenya; Pakistan; Saudi Arabia; Tunisia; Turkey; United Kingdom; United States of America; Yemen (North Yemen),ucdp_actor_metadata_fallback,9,2.302585092994046,False,True,205.0,240.0,5.327876168789581,5.484796933490655,1.0,1.0,1.0,1.0,0.0,1.0,1.0,1.0,0.0,0.0,0.0,0.0,0.0,0.0,0.0,0.0,0.0,1.0,0.0,0.0,0.0,0.0,1.0,0.6931471805599453,1.0,0.6931471805599453,1.0,0.6931471805599453,0.0,0.0,0.0,0.0,0.0,0.0,0.0,0.0,0.0,0.0,0.0,0.0,0.0,0.0,0.0,0.0,0.0,0.0,1.0,0.6931471805599453,0.0,0.0,0.0,0.0,0.6931471805599453
769,769,769,al-Qaida,769,2024-10,2024-10-01,2024,10,57.0,France; Kenya; Pakistan; Saudi Arabia; Tunisia; Turkey; United Kingdom; United States of America; Yemen (North Yemen),ucdp_actor_metadata_fallback,9,2.302585092994046,False,True,240.0,356.0,5.484796933490655,5.877735781779639,0.0,0.0,0.0,0.0,0.0,0.0,0.0,0.0,0.0,0.0,0.0,0.0,0.0,0.0,0.0,0.0,0.0,0.0,0.0,0.0,0.0,0.0,0.0,0.0,0.0,0.0,0.0,0.0,0.0,0.0,0.0,0.0,0.0,0.0,0.0,0.0,0.0,0.0,0.0,0.0,0.0,0.0,0.0,0.0,0.0,0.0,0.0,0.0,0.0,0.0,0.0,0.0,0.0
769,769,769,al-Qaida,769,2024-11,2024-11-01,2024,11,58.0,France; Kenya; Pakistan; Saudi Arabia; Tunisia; Turkey; United Kingdom; United States of America; Yemen (North Yemen),ucdp_actor_metadata_fallback,9,2.302585092994046,False,True,356.0,322.0,5.877735781779639,5.777652323222656,0.0,0.0,0.0,0.0,0.0,0.0,0.0,0.0,0.0,0.0,0.0,0.0,0.0,0.0,0.0,0.0,0.0,0.0,0.0,0.0,0.0,0.0,0.0,0.0,0.0,0.0,0.0,0.0,0.0,0.0,0.0,0.0,0.0,0.0,0.0,0.0,0.0,0.0,0.0,0.0,0.0,0.0,0.0,0.0,0.0,0.0,0.0,0.0,0.0,0.0,0.0,0.0,0.0
769,769,769,al-Qaida,769,2024-12,2024-12-01,2024,12,59.0,France; Kenya; Pakistan; Saudi Arabia; Tunisia; Turkey; United Kingdom; United States of America; Yemen (North Yemen),ucdp_actor_metadata_fallback,9,2.302585092994046,False,True,322.0,353.0,5.777652323222656,5.869296913133774,0.0,0.0,0.0,0.0,0.0,0.0,0.0,0.0,0.0,0.0,0.0,0.0,0.0,0.0,0.0,0.0,0.0,0.0,0.0,0.0,0.0,0.0,0.0,0.0,0.0,0.0,0.0,0.0,0.0,0.0,0.0,0.0,0.0,0.0,0.0,0.0,0.0,0.0,0.0,0.0,0.0,0.0,0.0,0.0,0.0,0.0,0.0,0.0,0.0,0.0,0.0,0.0,0.0
769,769,769,al-Qaida,769,2025-01,2025-01-01,2025,1,60.0,France; Kenya; Pakistan; Saudi Arabia; Tunisia; Turkey; United Kingdom; United States of America; Yemen (North Yemen),ucdp_actor_metadata_fallback,9,2.302585092994046,False,True,353.0,319.0,5.869296913133774,5.768320995793772,1.0,1.0,1.0,1.0,1.0,1.0,1.0,1.0,1.0,0.0,1.0,0.0,0.0,0.0,0.0,0.0,0.0,0.0,0.0,0.0,1.0,0.6931471805599453,1.0,0.6931471805599453,1.0,0.6931471805599453,1.0,0.6931471805599453,1.0,0.6931471805599453,0.0,0.0,1.0,0.6931471805599453,0.0,0.0,0.0,0.0,0.0,0.0,0.0,0.0,0.0,0.0,0.0,0.0,0.0,0.0,0.0,0.0,0.0,0.0,0.6931471805599453
769,769,769,al-Qaida,769,2025-02,2025-02-01,2025,2,61.0,France; Kenya; Pakistan; Saudi Arabia; Tunisia; Turkey; United Kingdom; United States of America; Yemen (North Yemen),ucdp_actor_metadata_fallback,9,2.302585092994046,False,True,319.0,857.0,5.768320995793772,6.754604099487962,0.0,0.0,0.0,0.0,0.0,0.0,0.0,0.0,0.0,0.0,0.0,0.0,0.0,0.0,0.0,0.0,0.0,0.0,0.0,0.0,0.0,0.0,0.0,0.0,0.0,0.0,0.0,0.0,0.0,0.0,0.0,0.0,0.0,0.0,0.0,0.0,0.0,0.0,0.0,0.0,0.0,0.0,0.0,0.0,0.0,0.0,0.0,0.0,0.0,0.0,0.0,0.0,0.0
769,769,769,al-Qaida,769,2025-03,2025-03-01,2025,3,62.0,France; Kenya; Pakistan; Saudi Arabia; Tunisia; Turkey; United Kingdom; United States of America; Yemen (North Yemen),ucdp_actor_metadata_fallback,9,2.302585092994046,False,True,857.0,632.0,6.754604099487962,6.450470422144176,1.0,1.0,1.0,1.0,1.0,1.0,1.0,1.0,0.0,0.0,1.0,0.0,0.0,0.0,0.0,0.0,0.0,0.0,0.0,0.0,1.0,0.6931471805599453,1.0,0.6931471805599453,1.0,0.6931471805599453,1.0,0.6931471805599453,0.0,0.0,0.0,0.0,1.0,0.6931471805599453,0.0,0.0,0.0,0.0,0.0,0.0,0.0,0.0,0.0,0.0,0.0,0.0,0.0,0.0,0.0,0.0,0.0,0.0,0.6931471805599453
769,769,769,al-Qaida,769,2025-04,2025-04-01,2025,4,63.0,France; Kenya; Pakistan; Saudi Arabia; Tunisia; Turkey; United Kingdom; United States of America; Yemen (North Yemen),ucdp_actor_metadata_fallback,9,2.302585092994046,False,True,632.0,362.0,6.450470422144176,5.8944028342648505,1.0,1.0,1.0,1.0,1.0,1.0,0.0,1.0,0.0,0.0,1.0,0.0,0.0,0.0,0.0,0.0,0.0,0.0,0.0,0.0,1.0,0.6931471805599453,1.0,0.6931471805599453,0.0,0.0,1.0,0.6931471805599453,0.0,0.0,0.0,0.0,1.0,0.6931471805599453,0.0,0.0,0.0,0.0,0.0,0.0,0.0,0.0,0.0,0.0,0.0,0.0,0.0,0.0,0.0,0.0,0.0,0.0,0.6931471805599453
769,769,769,al-Qaida,769,2025-05,2025-05-01,2025,5,64.0,France; Kenya; Pakistan; Saudi Arabia; Tunisia; Turkey; United Kingdom; United States of America; Yemen (North Yemen),ucdp_actor_metadata_fallback,9,2.302585092994046,False,True,362.0,225.0,5.8944028342648505,5.420534999272286,0.0,0.0,0.0,0.0,0.0,0.0,0.0,0.0,0.0,0.0,0.0,0.0,0.0,0.0,0.0,0.0,0.0,0.0,0.0,0.0,0.0,0.0,0.0,0.0,0.0,0.0,0.0,0.0,0.0,0.0,0.0,0.0,0.0,0.0,0.0,0.0,0.0,0.0,0.0,0.0,0.0,0.0,0.0,0.0,0.0,0.0,0.0,0.0,0.0,0.0,0.0,0.0,0.0
769,769,769,al-Qaida,769,2025-06,2025-06-01,2025,6,65.0,France; Kenya; Pakistan; Saudi Arabia; Tunisia; Turkey; United Kingdom; United States of America; Yemen (North Yemen),ucdp_actor_metadata_fallback,9,2.302585092994046,False,True,225.0,255.0,5.420534999272286,5.545177444479562,0.0,0.0,0.0,0.0,0.0,0.0,0.0,0.0,0.0,0.0,0.0,0.0,0.0,0.0,0.0,0.0,0.0,0.0,0.0,0.0,0.0,0.0,0.0,0.0,0.0,0.0,0.0,0.0,0.0,0.0,0.0,0.0,0.0,0.0,0.0,0.0,0.0,0.0,0.0,0.0,0.0,0.0,0.0,0.0,0.0,0.0,0.0,0.0,0.0,0.0,0.0,0.0,0.0
769,769,769,al-Qaida,769,2025-07,2025-07-01,2025,7,66.0,France; Kenya; Pakistan; Saudi Arabia; Tunisia; Turkey; United Kingdom; United States of America; Yemen (North Yemen),ucdp_actor_metadata_fallback,9,2.302585092994046,False,True,255.0,286.0,5.545177444479562,5.659482215759621,0.0,0.0,0.0,0.0,0.0,0.0,0.0,0.0,0.0,0.0,0.0,0.0,0.0,0.0,0.0,0.0,0.0,0.0,0.0,0.0,0.0,0.0,0.0,0.0,0.0,0.0,0.0,0.0,0.0,0.0,0.0,0.0,0.0,0.0,0.0,0.0,0.0,0.0,0.0,0.0,0.0,0.0,0.0,0.0,0.0,0.0,0.0,0.0,0.0,0.0,0.0,0.0,0.0
769,769,769,al-Qaida,769,2025-08,2025-08-01,2025,8,67.0,France; Kenya; Pakistan; Saudi Arabia; Tunisia; Turkey; United Kingdom; United States of America; Yemen (North Yemen),ucdp_actor_metadata_fallback,9,2.302585092994046,False,True,286.0,493.0,5.659482215759621,6.202535517187923,0.0,0.0,0.0,0.0,0.0,0.0,0.0,0.0,0.0,0.0,0.0,0.0,0.0,0.0,0.0,0.0,0.0,0.0,0.0,0.0,0.0,0.0,0.0,0.0,0.0,0.0,0.0,0.0,0.0,0.0,0.0,0.0,0.0,0.0,0.0,0.0,0.0,0.0,0.0,0.0,0.0,0.0,0.0,0.0,0.0,0.0,0.0,0.0,0.0,0.0,0.0,0.0,0.0
769,769,769,al-Qaida,769,2025-09,2025-09-01,2025,9,68.0,France; Kenya; Pakistan; Saudi Arabia; Tunisia; Turkey; United Kingdom; United States of America; Yemen (North Yemen),ucdp_actor_metadata_fallback,9,2.302585092994046,False,True,493.0,500.0,6.202535517187923,6.2166061010848646,0.0,0.0,0.0,0.0,0.0,0.0,0.0,0.0,0.0,0.0,0.0,0.0,0.0,0.0,0.0,0.0,0.0,0.0,0.0,0.0,0.0,0.0,0.0,0.0,0.0,0.0,0.0,0.0,0.0,0.0,0.0,0.0,0.0,0.0,0.0,0.0,0.0,0.0,0.0,0.0,0.0,0.0,0.0,0.0,0.0,0.0,0.0,0.0,0.0,0.0,0.0,0.0,0.0
769,769,769,al-Qaida,769,2025-10,2025-10-01,2025,10,69.0,France; Kenya; Pakistan; Saudi Arabia; Tunisia; Turkey; United Kingdom; United States of America; Yemen (North Yemen),ucdp_actor_metadata_fallback,9,2.302585092994046,False,True,500.0,397.0,6.2166061010848646,5.986452005284438,0.0,0.0,0.0,0.0,0.0,0.0,0.0,0.0,0.0,0.0,0.0,0.0,0.0,0.0,0.0,0.0,0.0,0.0,0.0,0.0,0.0,0.0,0.0,0.0,0.0,0.0,0.0,0.0,0.0,0.0,0.0,0.0,0.0,0.0,0.0,0.0,0.0,0.0,0.0,0.0,0.0,0.0,0.0,0.0,0.0,0.0,0.0,0.0,0.0,0.0,0.0,0.0,0.0
769,769,769,al-Qaida,769,2025-11,2025-11-01,2025,11,70.0,France; Kenya; Pakistan; Saudi Arabia; Tunisia; Turkey; United Kingdom; United States of America; Yemen (North Yemen),ucdp_actor_metadata_fallback,9,2.302585092994046,False,True,397.0,466.0,5.986452005284438,6.1463292576688975,2.0,2.0,2.0,1.0,2.0,2.0,1.0,2.0,2.0,0.0,1.0,0.0,0.0,0.0,0.0,1.0,0.0,0.0,0.0,0.0,1.0,1.0986122886681098,1.0,1.0986122886681098,0.5,0.6931471805599453,1.0,1.0986122886681098,1.0,1.0986122886681098,0.0,0.0,0.5,0.6931471805599453,0.0,0.0,0.0,0.0,0.0,0.0,0.0,0.0,0.5,0.6931471805599453,0.0,0.0,0.0,0.0,0.0,0.0,0.0,0.0,1.0986122886681098
769,769,769,al-Qaida,769,2025-12,2025-12-01,2025,12,71.0,France; Kenya; Pakistan; Saudi Arabia; Tunisia; Turkey; United Kingdom; United States of America; Yemen (North Yemen),ucdp_actor_metadata_fallback,9,2.302585092994046,False,False,466.0,,6.1463292576688975,,1.0,1.0,1.0,1.0,1.0,1.0,0.0,1.0,0.0,0.0,0.0,0.0,0.0,0.0,0.0,0.0,0.0,1.0,0.0,0.0,1.0,0.6931471805599453,1.0,0.6931471805599453,0.0,0.0,1.0,0.6931471805599453,0.0,0.0,0.0,0.0,0.0,0.0,0.0,0.0,0.0,0.0,0.0,0.0,0.0,0.0,0.0,0.0,0.0,0.0,1.0,0.6931471805599453,0.0,0.0,0.0,0.0,0.6931471805599453
