actor_key,actor_name,period_start,period_end,period_index,n_articles,n_unique_articles,n_direct_conflict_relevance,n_physical_violence,n_fatalities_present,n_context_three_violent,n_context_three_pol,n_context_three_other,y_ucdp_actor_fatalities,n_ucdp_actor_events,log1p_y_ucdp_actor_fatalities,log1p_n_articles,share_direct_conflict_relevance_raw,share_physical_violence_raw,share_fatalities_present_raw,share_context_three_violent_raw,share_context_three_pol_raw,share_context_three_other_raw,log1p_y_ucdp_actor_fatalities_next,y_ucdp_actor_fatalities_next,log1p_y_ucdp_actor_fatalities_lag1,log1p_y_ucdp_actor_fatalities_lag2,outcome_period_start,outcome_period_end,time_years,taliban_outcome_transition_aug2021,taliban_outcome_post_takeover,hamas_outcome_post_oct2023,month,share_direct_conflict_relevance_calibrated,share_physical_violence_calibrated,share_fatalities_present_calibrated
209,Hamas,2020-01-13,2020-01-27,7,106.0,106.0,80.0,69.0,13.0,66.0,30.0,10.0,3.0,1.0,1.3862943611198906,4.672828834461906,0.7547169811320755,0.6509433962264151,0.12264150943396226,0.6226415094339622,0.2830188679245283,0.09433962264150944,0.0,0.0,0.0,0.6931471805599453,2020-01-27,2020-02-10,0.2683093771389459,0.0,0.0,0.0,2020-01-13,0.8153669236338857,0.6826928345723209,0.0
209,Hamas,2020-01-27,2020-02-10,8,164.0,164.0,143.0,111.0,14.0,107.0,45.0,12.0,0.0,0.0,0.0,5.10594547390058,0.8719512195121951,0.676829268292683,0.08536585365853659,0.6524390243902439,0.27439024390243905,0.07317073170731707,0.0,0.0,1.3862943611198906,0.0,2020-02-10,2020-02-24,0.3066392881587953,0.0,0.0,0.0,2020-01-27,0.9953201563618345,0.719792576676977,0.0
209,Hamas,2020-02-10,2020-02-24,9,93.0,93.0,72.0,49.0,12.0,52.0,32.0,9.0,0.0,0.0,0.0,4.543294782270004,0.7741935483870968,0.5268817204301075,0.12903225806451613,0.5591397849462365,0.34408602150537637,0.0967741935483871,0.0,0.0,0.0,1.3862943611198906,2020-02-24,2020-03-09,0.34496919917864477,0.0,0.0,0.0,2020-02-10,0.8452632345445278,0.5048871123879711,0.0
209,Hamas,2020-02-24,2020-03-09,10,43.0,43.0,27.0,17.0,9.0,18.0,19.0,6.0,0.0,0.0,0.0,3.784189633918261,0.627906976744186,0.3953488372093023,0.20930232558139536,0.4186046511627907,0.4418604651162791,0.13953488372093023,0.0,0.0,0.0,0.0,2020-03-09,2020-03-23,0.38329911019849416,0.0,0.0,0.0,2020-02-24,0.6207149981626332,0.31637362389968254,0.09672772175344724
209,Hamas,2020-03-09,2020-03-23,11,11.0,11.0,2.0,0.0,0.0,0.0,9.0,2.0,0.0,0.0,0.0,2.4849066497880004,0.18181818181818182,0.0,0.0,0.0,0.8181818181818182,0.18181818181818182,0.0,0.0,0.0,0.0,2020-03-23,2020-04-06,0.4216290212183436,0.0,0.0,0.0,2020-03-09,0.0,0.0,0.0
209,Hamas,2020-03-23,2020-04-06,12,32.0,32.0,22.0,11.0,3.0,12.0,16.0,4.0,0.0,0.0,0.0,3.4965075614664802,0.6875,0.34375,0.09375,0.375,0.5,0.125,0.0,0.0,0.0,0.0,2020-04-06,2020-04-20,0.459958932238193,0.0,0.0,0.0,2020-03-23,0.7121896162528217,0.24242195062923524,0.0
209,Hamas,2020-04-06,2020-04-20,13,19.0,19.0,7.0,2.0,0.0,4.0,14.0,1.0,0.0,0.0,0.0,2.995732273553991,0.3684210526315789,0.10526315789473684,0.0,0.21052631578947367,0.7368421052631579,0.05263157894736842,0.0,0.0,0.0,0.0,2020-04-20,2020-05-04,0.49828884325804246,0.0,0.0,0.0,2020-04-06,0.22240703338481638,0.0,0.0
209,Hamas,2020-04-20,2020-05-04,14,17.0,17.0,11.0,4.0,2.0,4.0,9.0,4.0,0.0,0.0,0.0,2.8903717578961645,0.6470588235294118,0.23529411764705882,0.11764705882352941,0.23529411764705882,0.5294117647058824,0.23529411764705882,0.0,0.0,0.0,0.0,2020-05-04,2020-05-18,0.5366187542778919,0.0,0.0,0.0,2020-04-20,0.6501128668171559,0.08698251807983601,0.0
209,Hamas,2020-05-04,2020-05-18,15,24.0,24.0,16.0,8.0,0.0,10.0,12.0,2.0,0.0,0.0,0.0,3.2188758248682006,0.6666666666666666,0.3333333333333333,0.0,0.4166666666666667,0.5,0.08333333333333333,0.0,0.0,0.0,0.0,2020-05-18,2020-06-01,0.5749486652977412,0.0,0.0,0.0,2020-05-04,0.6802106847253574,0.22749273959341723,0.0
209,Hamas,2020-05-18,2020-06-01,16,18.0,18.0,11.0,4.0,1.0,6.0,11.0,1.0,0.0,0.0,0.0,2.9444389791664403,0.6111111111111112,0.2222222222222222,0.05555555555555555,0.3333333333333333,0.6111111111111112,0.05555555555555555,0.0,0.0,0.0,0.0,2020-06-01,2020-06-15,0.6132785763175906,0.0,0.0,0.0,2020-05-18,0.5949335339854528,0.06824782187802517,0.0
209,Hamas,2020-06-01,2020-06-15,17,11.0,11.0,4.0,1.0,0.0,3.0,6.0,2.0,0.0,0.0,0.0,2.4849066497880004,0.36363636363636365,0.09090909090909091,0.0,0.2727272727272727,0.5454545454545454,0.18181818181818182,0.0,0.0,0.0,0.0,2020-06-15,2020-06-29,0.6516084873374401,0.0,0.0,0.0,2020-06-01,0.21506258978042272,0.0,0.0
209,Hamas,2020-06-15,2020-06-29,18,72.0,72.0,59.0,38.0,3.0,36.0,29.0,7.0,0.0,0.0,0.0,4.290459441148391,0.8194444444444444,0.5277777777777778,0.041666666666666664,0.5,0.4027777777777778,0.09722222222222222,0.0,0.0,0.0,0.0,2020-06-29,2020-07-13,0.6899383983572895,0.0,0.0,0.0,2020-06-15,0.9147228492600953,0.5061713455953534,0.0
209,Hamas,2020-06-29,2020-07-13,19,78.0,78.0,62.0,44.0,3.0,46.0,26.0,6.0,0.0,0.0,0.0,4.3694478524670215,0.7948717948717948,0.5641025641025641,0.038461538461538464,0.5897435897435898,0.3333333333333333,0.07692307692307693,0.0,0.0,0.0,0.0,2020-07-13,2020-07-27,0.7282683093771389,0.0,0.0,0.0,2020-06-29,0.8770041095097528,0.5582321840792315,0.0
209,Hamas,2020-07-13,2020-07-27,20,19.0,19.0,13.0,3.0,4.0,4.0,11.0,4.0,0.0,0.0,0.0,2.995732273553991,0.6842105263157895,0.15789473684210525,0.21052631578947367,0.21052631578947367,0.5789473684210527,0.21052631578947367,0.0,0.0,0.0,0.0,2020-07-27,2020-08-10,0.7665982203969883,0.0,0.0,0.0,2020-07-13,0.707140311274801,0.0,0.0983284169124877
209,Hamas,2020-07-27,2020-08-10,21,61.0,61.0,54.0,48.0,1.0,47.0,9.0,5.0,0.0,0.0,0.0,4.127134385045092,0.8852459016393442,0.7868852459016393,0.01639344262295082,0.7704918032786885,0.14754098360655737,0.08196721311475409,0.0,0.0,0.0,0.0,2020-08-10,2020-08-24,0.8049281314168378,0.0,0.0,0.0,2020-07-27,1.0,0.8775252725628044,0.0
209,Hamas,2020-08-10,2020-08-24,22,263.0,263.0,237.0,211.0,7.0,210.0,46.0,7.0,0.0,0.0,0.0,5.575949103146316,0.9011406844106464,0.8022813688212928,0.026615969581749048,0.7984790874524715,0.17490494296577946,0.026615969581749048,0.0,0.0,0.0,0.0,2020-08-24,2020-09-07,0.8432580424366872,0.0,0.0,0.0,2020-08-10,1.0,0.899591061510091,0.0
209,Hamas,2020-08-24,2020-09-07,23,119.0,119.0,94.0,71.0,9.0,68.0,36.0,15.0,0.0,0.0,0.0,4.787491742782046,0.7899159663865546,0.5966386554621849,0.07563025210084033,0.5714285714285714,0.3025210084033613,0.12605042016806722,0.0,0.0,0.0,0.0,2020-09-07,2020-09-21,0.8815879534565366,0.0,0.0,0.0,2020-08-24,0.8693969687197678,0.6048630488013211,0.0
209,Hamas,2020-09-07,2020-09-21,24,85.0,85.0,69.0,46.0,4.0,49.0,32.0,4.0,0.0,0.0,0.0,4.454347296253507,0.8117647058823529,0.5411764705882353,0.047058823529411764,0.5764705882352941,0.3764705882352941,0.047058823529411764,0.0,0.0,0.0,0.0,2020-09-21,2020-10-05,0.919917864476386,0.0,0.0,0.0,2020-09-07,0.9029345372460497,0.5253744092022095,0.0
209,Hamas,2020-09-21,2020-10-05,25,19.0,19.0,7.0,4.0,2.0,5.0,13.0,1.0,0.0,0.0,0.0,2.995732273553991,0.3684210526315789,0.21052631578947367,0.10526315789473684,0.2631578947368421,0.6842105263157895,0.05263157894736842,0.0,0.0,0.0,0.0,2020-10-05,2020-10-19,0.9582477754962354,0.0,0.0,0.0,2020-09-21,0.22240703338481638,0.05148519896061548,0.0
209,Hamas,2020-10-05,2020-10-19,26,19.0,19.0,14.0,9.0,1.0,11.0,6.0,2.0,0.0,0.0,0.0,2.995732273553991,0.7368421052631579,0.47368421052631576,0.05263157894736842,0.5789473684210527,0.3157894736842105,0.10526315789473684,0.0,0.0,0.0,0.0,2020-10-19,2020-11-02,0.9965776865160849,0.0,0.0,0.0,2020-10-05,0.7879291909231317,0.4286442146023335,0.0
209,Hamas,2020-10-19,2020-11-02,27,30.0,30.0,22.0,17.0,3.0,15.0,10.0,5.0,0.0,0.0,0.0,3.4339872044851463,0.7333333333333333,0.5666666666666667,0.1,0.5,0.3333333333333333,0.16666666666666666,0.0,0.0,0.0,0.0,2020-11-02,2020-11-16,1.0349075975359343,0.0,0.0,0.0,2020-10-19,0.7825432656132429,0.5619070667957405,0.0
209,Hamas,2020-11-02,2020-11-16,28,26.0,26.0,19.0,11.0,0.0,12.0,10.0,4.0,0.0,0.0,0.0,3.295836866004329,0.7307692307692307,0.4230769230769231,0.0,0.46153846153846156,0.38461538461538464,0.15384615384615385,0.0,0.0,0.0,0.0,2020-11-16,2020-11-30,1.0732375085557837,0.0,0.0,0.0,2020-11-02,0.7786073971175551,0.3561136346712339,0.0
209,Hamas,2020-11-16,2020-11-30,29,59.0,59.0,42.0,30.0,0.0,32.0,22.0,5.0,0.0,0.0,0.0,4.0943445622221,0.711864406779661,0.5084745762711864,0.0,0.5423728813559322,0.3728813559322034,0.0847457627118644,0.0,0.0,0.0,0.0,2020-11-30,2020-12-14,1.111567419575633,0.0,0.0,0.0,2020-11-16,0.7495887056662968,0.4785059149753064,0.0
209,Hamas,2020-11-30,2020-12-14,30,15.0,15.0,6.0,3.0,0.0,4.0,10.0,1.0,0.0,0.0,0.0,2.772588722239781,0.4,0.2,0.0,0.26666666666666666,0.6666666666666666,0.06666666666666667,0.0,0.0,0.0,0.0,2020-12-14,2020-12-28,1.1498973305954825,0.0,0.0,0.0,2020-11-30,0.2708803611738149,0.03639883833494679,0.0
209,Hamas,2020-12-14,2020-12-28,31,57.0,57.0,47.0,34.0,1.0,36.0,18.0,3.0,0.0,0.0,0.0,4.060443010546419,0.8245614035087719,0.5964912280701754,0.017543859649122806,0.631578947368421,0.3157894736842105,0.05263157894736842,0.0,0.0,0.0,0.0,2020-12-28,2021-01-11,1.1882272416153319,0.0,0.0,0.0,2020-12-14,0.9225773236703497,0.6046517552351353,0.0
209,Hamas,2020-12-28,2021-01-11,32,40.0,40.0,29.0,14.0,2.0,15.0,20.0,5.0,0.0,0.0,0.0,3.713572066704308,0.725,0.35,0.05,0.375,0.5,0.125,0.0,0.0,0.0,0.0,2021-01-11,2021-01-25,1.2265571526351813,0.0,0.0,0.0,2020-12-28,0.7697516930022573,0.251379477250726,0.0
209,Hamas,2021-01-11,2021-01-25,33,66.0,66.0,57.0,42.0,3.0,42.0,19.0,5.0,0.0,0.0,0.0,4.204692619390966,0.8636363636363636,0.6363636363636364,0.045454545454545456,0.6363636363636364,0.2878787878787879,0.07575757575757576,0.0,0.0,0.0,0.0,2021-01-25,2021-02-08,1.264887063655031,0.0,0.0,0.0,2021-01-11,0.9825569464395649,0.6617970606353956,0.0
209,Hamas,2021-01-25,2021-02-08,34,33.0,33.0,16.0,6.0,6.0,6.0,24.0,3.0,0.0,0.0,0.0,3.5263605246161616,0.48484848484848486,0.18181818181818182,0.18181818181818182,0.18181818181818182,0.7272727272727273,0.09090909090909091,0.0,0.0,0.0,0.0,2021-02-08,2021-02-22,1.3032169746748803,0.0,0.0,0.0,2021-01-25,0.40112182775839667,0.010340579072428076,0.060784839545901505
209,Hamas,2021-02-08,2021-02-22,35,34.0,34.0,18.0,4.0,1.0,4.0,29.0,1.0,0.0,0.0,0.0,3.5553480614894135,0.5294117647058824,0.11764705882352941,0.029411764705882353,0.11764705882352941,0.8529411764705882,0.029411764705882353,0.0,0.0,0.0,0.0,2021-02-22,2021-03-08,1.3415468856947297,0.0,0.0,0.0,2021-02-08,0.46952595936794583,0.0,0.0
209,Hamas,2021-02-22,2021-03-08,36,27.0,27.0,21.0,3.0,3.0,4.0,22.0,1.0,0.0,0.0,0.0,3.332204510175204,0.7777777777777778,0.1111111111111111,0.1111111111111111,0.14814814814814814,0.8148148148148148,0.037037037037037035,0.0,0.0,0.0,0.0,2021-03-08,2021-03-22,1.379876796714579,0.0,0.0,0.0,2021-02-22,0.8507649862051668,0.0,0.0
209,Hamas,2021-03-08,2021-03-22,37,37.0,37.0,24.0,10.0,9.0,10.0,23.0,4.0,0.0,0.0,0.0,3.6375861597263857,0.6486486486486487,0.2702702702702703,0.24324324324324326,0.2702702702702703,0.6216216216216216,0.10810810810810811,0.0,0.0,0.0,0.0,2021-03-22,2021-04-05,1.4182067077344285,0.0,0.0,0.0,2021-03-08,0.6525532304313343,0.13711048899819475,0.14111456589332697
209,Hamas,2021-03-22,2021-04-05,38,36.0,36.0,27.0,17.0,7.0,17.0,17.0,2.0,0.0,0.0,0.0,3.6109179126442243,0.75,0.4722222222222222,0.19444444444444445,0.4722222222222222,0.4722222222222222,0.05555555555555555,0.0,0.0,0.0,0.0,2021-04-05,2021-04-19,1.4565366187542779,0.0,0.0,0.0,2021-03-22,0.8081264108352144,0.4265488867376573,0.07729706107287229
209,Hamas,2021-04-05,2021-04-19,39,61.0,61.0,51.0,44.0,7.0,46.0,11.0,4.0,0.0,0.0,0.0,4.127134385045092,0.8360655737704918,0.7213114754098361,0.11475409836065574,0.7540983606557377,0.18032786885245902,0.06557377049180328,0.0,0.0,0.0,0.0,2021-04-19,2021-05-03,1.4948665297741273,0.0,0.0,0.0,2021-04-05,0.9402360951781816,0.7835446653865077,0.0
209,Hamas,2021-04-19,2021-05-03,40,122.0,122.0,106.0,75.0,1.0,75.0,45.0,2.0,0.0,0.0,0.0,4.812184355372417,0.8688524590163934,0.6147540983606558,0.00819672131147541,0.6147540983606558,0.36885245901639346,0.01639344262295082,5.308267697401205,201.0,0.0,0.0,2021-05-03,2021-05-17,1.5331964407939767,0.0,0.0,0.0,2021-04-19,0.9905635939755023,0.630826178725025,0.0
209,Hamas,2021-05-03,2021-05-17,41,1533.0,1533.0,1397.0,1161.0,960.0,1152.0,276.0,105.0,201.0,56.0,5.308267697401205,7.335633981927201,0.9112850619699935,0.7573385518590998,0.6262230919765166,0.7514677103718199,0.18003913894324852,0.0684931506849315,3.091042453358316,21.0,0.0,0.0,2021-05-17,2021-05-31,1.571526351813826,0.0,0.0,0.0,2021-05-03,1.0,0.8351788248087098,0.6419633356231731
209,Hamas,2021-05-17,2021-05-31,42,1424.0,1424.0,1169.0,695.0,550.0,644.0,658.0,122.0,21.0,13.0,3.091042453358316,7.261927092702751,0.8209269662921348,0.488061797752809,0.3862359550561798,0.45224719101123595,0.46207865168539325,0.08567415730337079,0.0,0.0,5.308267697401205,0.0,2021-05-31,2021-06-14,1.6098562628336757,0.0,0.0,0.0,2021-05-17,0.9169985035635477,0.4492502338557926,0.3281158507617691
209,Hamas,2021-05-31,2021-06-14,43,275.0,275.0,177.0,65.0,41.0,69.0,184.0,22.0,0.0,0.0,0.0,5.62040086571715,0.6436363636363637,0.23636363636363636,0.14909090909090908,0.2509090909090909,0.6690909090909091,0.08,0.0,0.0,3.091042453358316,5.308267697401205,2021-06-14,2021-06-28,1.648186173853525,0.0,0.0,0.0,2021-05-31,0.6448594295095424,0.08851535685998417,0.0179851613479932
209,Hamas,2021-06-14,2021-06-28,44,292.0,292.0,217.0,142.0,50.0,138.0,123.0,31.0,0.0,0.0,0.0,5.680172609017068,0.7431506849315068,0.4863013698630137,0.17123287671232876,0.4726027397260274,0.4212328767123288,0.10616438356164383,0.0,0.0,0.0,3.091042453358316,2021-06-28,2021-07-12,1.6865160848733745,0.0,0.0,0.0,2021-06-14,0.7976127895111166,0.4467271811057036,0.04694171684109858
209,Hamas,2021-06-28,2021-07-12,45,132.0,132.0,81.0,51.0,12.0,51.0,62.0,19.0,0.0,0.0,0.0,4.890349128221754,0.6136363636363636,0.38636363636363635,0.09090909090909091,0.38636363636363635,0.4696969696969697,0.14393939393939395,0.0,0.0,0.0,0.0,2021-07-12,2021-07-26,1.7248459958932238,0.0,0.0,0.0,2021-06-28,0.5988097681099939,0.30349599577576347,0.0
209,Hamas,2021-07-12,2021-07-26,46,77.0,77.0,47.0,19.0,7.0,21.0,50.0,6.0,0.0,0.0,0.0,4.356708826689592,0.6103896103896104,0.24675324675324675,0.09090909090909091,0.2727272727272727,0.6493506493506493,0.07792207792207792,0.0,0.0,0.0,0.0,2021-07-26,2021-08-09,1.7631759069130732,0.0,0.0,0.0,2021-07-12,0.5938260385212981,0.10340579072428058,0.0
209,Hamas,2021-07-26,2021-08-09,47,68.0,68.0,45.0,25.0,11.0,24.0,40.0,4.0,0.0,0.0,0.0,4.23410650459726,0.6617647058823529,0.36764705882352944,0.16176470588235295,0.35294117647058826,0.5882352941176471,0.058823529411764705,1.791759469228055,5.0,0.0,0.0,2021-08-09,2021-08-23,1.8015058179329226,0.0,0.0,0.0,2021-07-26,0.672686230248307,0.2766713171231707,0.034559546532477316
209,Hamas,2021-08-09,2021-08-23,48,7.0,7.0,4.0,2.0,1.0,3.0,1.0,3.0,5.0,2.0,1.791759469228055,2.0794415416798357,0.5714285714285714,0.2857142857142857,0.14285714285714285,0.42857142857142855,0.14285714285714285,0.42857142857142855,0.0,0.0,0.0,0.0,2021-08-23,2021-09-06,1.839835728952772,0.0,0.0,0.0,2021-08-09,0.5340212834569493,0.15924491771539206,0.00983284169124877
209,Hamas,2021-08-23,2021-09-06,49,40.0,40.0,29.0,18.0,14.0,18.0,19.0,3.0,0.0,0.0,0.0,3.713572066704308,0.725,0.45,0.35,0.45,0.475,0.075,0.0,0.0,1.791759469228055,0.0,2021-09-06,2021-09-20,1.8781656399726214,0.0,0.0,0.0,2021-08-23,0.7697516930022573,0.3946999031945789,0.28072763028515235
209,Hamas,2021-09-06,2021-09-20,50,135.0,135.0,111.0,83.0,6.0,85.0,43.0,7.0,0.0,0.0,0.0,4.912654885736052,0.8222222222222222,0.6148148148148148,0.044444444444444446,0.6296296296296297,0.31851851851851853,0.05185185185185185,1.3862943611198906,3.0,0.0,1.791759469228055,2021-09-20,2021-10-04,1.9164955509924708,0.0,0.0,0.0,2021-09-06,0.9189867067970905,0.6309131978057438,0.0
209,Hamas,2021-09-20,2021-10-04,51,170.0,170.0,130.0,90.0,81.0,90.0,73.0,7.0,3.0,1.0,1.3862943611198906,5.14166355650266,0.7647058823529411,0.5294117647058824,0.4764705882352941,0.5294117647058824,0.4294117647058823,0.041176470588235294,0.0,0.0,0.0,0.0,2021-10-04,2021-10-18,1.9548254620123204,0.0,0.0,0.0,2021-09-20,0.8306997742663657,0.5085131826205798,0.44612181155648095
209,Hamas,2021-10-04,2021-10-18,52,53.0,53.0,29.0,11.0,8.0,10.0,39.0,4.0,0.0,0.0,0.0,3.9889840465642745,0.5471698113207547,0.20754716981132076,0.1509433962264151,0.18867924528301888,0.7358490566037735,0.07547169811320754,0.0,0.0,1.3862943611198906,0.0,2021-10-18,2021-11-01,1.9931553730321698,0.0,0.0,0.0,2021-10-04,0.49678436049235486,0.04721547425523757,0.020407784642214433
209,Hamas,2021-10-18,2021-11-01,53,57.0,57.0,34.0,17.0,7.0,16.0,34.0,7.0,0.0,0.0,0.0,4.060443010546419,0.5964912280701754,0.2982456140350877,0.12280701754385964,0.2807017543859649,0.5964912280701754,0.12280701754385964,0.0,0.0,0.0,1.3862943611198906,2021-11-01,2021-11-15,2.0314852840520192,0.0,0.0,0.0,2021-10-18,0.572492178527583,0.17720487084118816,0.0
209,Hamas,2021-11-01,2021-11-15,54,54.0,54.0,28.0,11.0,4.0,12.0,35.0,7.0,0.0,0.0,0.0,4.007333185232471,0.5185185185185185,0.2037037037037037,0.07407407407407407,0.2222222222222222,0.6481481481481481,0.12962962962962962,1.0986122886681098,2.0,0.0,0.0,2021-11-15,2021-11-29,2.0698151950718686,0.0,0.0,0.0,2021-11-01,0.4528049494189449,0.04170700225879316,0.0
209,Hamas,2021-11-15,2021-11-29,55,125.0,125.0,94.0,54.0,54.0,57.0,57.0,11.0,2.0,1.0,1.0986122886681098,4.836281906951478,0.752,0.432,0.432,0.456,0.456,0.088,0.0,0.0,0.0,0.0,2021-11-29,2021-12-13,2.108145106091718,0.0,0.0,0.0,2021-11-15,0.811196388261851,0.3689022265246854,0.3879646017699115
209,Hamas,2021-11-29,2021-12-13,56,95.0,95.0,69.0,48.0,38.0,49.0,40.0,6.0,0.0,0.0,0.0,4.564348191467836,0.7263157894736842,0.5052631578947369,0.4,0.5157894736842106,0.42105263157894735,0.06315789473684211,0.0,0.0,1.0986122886681098,0.0,2021-12-13,2021-12-27,2.1464750171115674,0.0,0.0,0.0,2021-11-29,0.7717714149934657,0.4739032964793397,0.34611602753195675
209,Hamas,2021-12-13,2021-12-27,57,92.0,92.0,72.0,48.0,42.0,54.0,30.0,8.0,0.0,0.0,0.0,4.532599493153256,0.782608695652174,0.5217391304347826,0.45652173913043476,0.5869565217391305,0.32608695652173914,0.08695652173913043,0.6931471805599453,1.0,0.0,1.0986122886681098,2021-12-27,2022-01-10,2.184804928131417,0.0,0.0,0.0,2021-12-13,0.8581803906173324,0.4975167305021255,0.42003334615877896
209,Hamas,2021-12-27,2022-01-10,58,135.0,135.0,109.0,87.0,15.0,85.0,44.0,6.0,1.0,1.0,0.6931471805599453,4.912654885736052,0.8074074074074075,0.6444444444444445,0.1111111111111111,0.6296296296296297,0.32592592592592595,0.044444444444444446,1.0986122886681098,2.0,0.0,0.0,2022-01-10,2022-01-24,2.223134839151266,0.0,0.0,0.0,2021-12-27,0.8962461332664494,0.6733785091965151,0.0
209,Hamas,2022-01-10,2022-01-24,59,57.0,57.0,31.0,8.0,4.0,18.0,35.0,4.0,2.0,1.0,1.0986122886681098,4.060443010546419,0.543859649122807,0.14035087719298245,0.07017543859649122,0.3157894736842105,0.6140350877192983,0.07017543859649122,0.0,0.0,0.6931471805599453,0.0,2022-01-24,2022-02-07,2.2614647501711156,0.0,0.0,0.0,2022-01-10,0.49170329887925235,0.0,0.0
209,Hamas,2022-01-24,2022-02-07,60,38.0,38.0,21.0,16.0,12.0,16.0,20.0,2.0,0.0,0.0,0.0,3.6635616461296463,0.5526315789473685,0.42105263157894735,0.3157894736842105,0.42105263157894735,0.5263157894736842,0.05263157894736842,0.0,0.0,1.0986122886681098,0.6931471805599453,2022-02-07,2022-02-21,2.299794661190965,0.0,0.0,0.0,2022-01-24,0.5051681121539742,0.3532124114739899,0.23598820058997047
209,Hamas,2022-02-07,2022-02-21,61,66.0,66.0,39.0,19.0,10.0,21.0,38.0,7.0,0.0,0.0,0.0,4.204692619390966,0.5909090909090909,0.2878787878787879,0.15151515151515152,0.3181818181818182,0.5757575757575758,0.10606060606060606,0.0,0.0,0.0,1.0986122886681098,2022-02-21,2022-03-07,2.3381245722108144,0.0,0.0,0.0,2022-02-07,0.5639236609891238,0.16234709143712053,0.021155507881171612
209,Hamas,2022-02-21,2022-03-07,62,26.0,26.0,15.0,6.0,1.0,6.0,18.0,2.0,0.0,0.0,0.0,3.295836866004329,0.5769230769230769,0.23076923076923078,0.038461538461538464,0.23076923076923078,0.6923076923076923,0.07692307692307693,0.0,0.0,0.0,0.0,2022-03-07,2022-03-21,2.3764544832306638,0.0,0.0,0.0,2022-02-21,0.5424552873762806,0.08049743093305536,0.0
209,Hamas,2022-03-07,2022-03-21,63,24.0,24.0,10.0,5.0,4.0,4.0,19.0,1.0,0.0,0.0,0.0,3.2188758248682006,0.4166666666666667,0.20833333333333334,0.16666666666666666,0.16666666666666666,0.7916666666666666,0.041666666666666664,0.0,0.0,0.0,0.0,2022-03-21,2022-04-04,2.414784394250513,0.0,0.0,0.0,2022-03-07,0.29646350639578634,0.048342207163601186,0.04097017371353654
209,Hamas,2022-03-21,2022-04-04,64,44.0,44.0,21.0,9.0,7.0,9.0,30.0,5.0,0.0,0.0,0.0,3.8066624897703196,0.4772727272727273,0.20454545454545456,0.1590909090909091,0.20454545454545456,0.6818181818181818,0.11363636363636363,0.0,0.0,0.0,0.0,2022-04-04,2022-04-18,2.4531143052703626,0.0,0.0,0.0,2022-03-21,0.38949312538477326,0.042913403150576464,0.031062840797354076
209,Hamas,2022-04-04,2022-04-18,65,68.0,68.0,57.0,40.0,25.0,40.0,21.0,7.0,0.0,0.0,0.0,4.23410650459726,0.8382352941176471,0.5882352941176471,0.36764705882352944,0.5882352941176471,0.3088235294117647,0.10294117647058823,0.6931471805599453,1.0,0.0,0.0,2022-04-18,2022-05-02,2.4914442162902124,0.0,0.0,0.0,2022-04-04,0.943566591422122,0.5928193155287285,0.30380588813696574
209,Hamas,2022-04-18,2022-05-02,66,125.0,125.0,104.0,79.0,15.0,81.0,34.0,10.0,1.0,1.0,0.6931471805599453,4.836281906951478,0.832,0.632,0.12,0.648,0.272,0.08,0.0,0.0,0.0,0.0,2022-05-02,2022-05-16,2.529774127310062,0.0,0.0,0.0,2022-04-18,0.9339954853273137,0.6555430784123911,0.0
209,Hamas,2022-05-02,2022-05-16,67,95.0,95.0,70.0,41.0,36.0,49.0,42.0,4.0,0.0,0.0,0.0,4.564348191467836,0.7368421052631579,0.43157894736842106,0.37894736842105264,0.5157894736842106,0.4421052631578947,0.042105263157894736,0.0,0.0,0.6931471805599453,0.0,2022-05-16,2022-05-30,2.568104038329911,0.0,0.0,0.0,2022-05-02,0.7879291909231317,0.36829877209965867,0.3185840707964602
209,Hamas,2022-05-16,2022-05-30,68,63.0,63.0,43.0,17.0,6.0,20.0,39.0,4.0,0.0,0.0,0.0,4.1588830833596715,0.6825396825396826,0.2698412698412698,0.09523809523809523,0.31746031746031744,0.6190476190476191,0.06349206349206349,0.0,0.0,0.0,0.6931471805599453,2022-05-30,2022-06-13,2.6064339493497606,0.0,0.0,0.0,2022-05-16,0.7045755849367588,0.13649564375605033,0.0
209,Hamas,2022-05-30,2022-06-13,69,40.0,40.0,23.0,7.0,4.0,8.0,27.0,5.0,0.0,0.0,0.0,3.713572066704308,0.575,0.175,0.1,0.2,0.675,0.125,0.0,0.0,0.0,0.0,2022-06-13,2022-06-27,2.64476386036961,0.0,0.0,0.0,2022-05-30,0.5395033860045146,0.0005687318489835411,0.0
209,Hamas,2022-06-13,2022-06-27,70,76.0,76.0,59.0,44.0,14.0,48.0,25.0,3.0,0.0,0.0,0.0,4.343805421853684,0.7763157894736842,0.5789473684210527,0.18421052631578946,0.631578947368421,0.32894736842105265,0.039473684210526314,0.0,0.0,0.0,0.0,2022-06-27,2022-07-11,2.6830937713894594,0.0,0.0,0.0,2022-06-13,0.8485208506593798,0.5795078208590208,0.063913470993117
209,Hamas,2022-06-27,2022-07-11,71,34.0,34.0,21.0,1.0,1.0,2.0,28.0,4.0,0.0,0.0,0.0,3.5553480614894135,0.6176470588235294,0.029411764705882353,0.029411764705882353,0.058823529411764705,0.8235294117647058,0.11764705882352941,0.0,0.0,0.0,0.0,2022-07-11,2022-07-25,2.7214236824093088,0.0,0.0,0.0,2022-06-27,0.6049661399548534,0.0,0.0
209,Hamas,2022-07-11,2022-07-25,72,69.0,69.0,54.0,40.0,3.0,42.0,19.0,8.0,0.0,0.0,0.0,4.248495242049359,0.782608695652174,0.5797101449275363,0.043478260869565216,0.6086956521739131,0.2753623188405797,0.11594202898550725,0.0,0.0,0.0,0.0,2022-07-25,2022-08-08,2.759753593429158,0.0,0.0,0.0,2022-07-11,0.8581803906173324,0.5806010353971127,0.0
209,Hamas,2022-07-25,2022-08-08,73,96.0,96.0,79.0,58.0,53.0,62.0,26.0,8.0,0.0,0.0,0.0,4.574710978503383,0.8229166666666666,0.6041666666666666,0.5520833333333334,0.6458333333333334,0.2708333333333333,0.08333333333333333,0.0,0.0,0.0,0.0,2022-08-08,2022-08-22,2.7980835044490076,0.0,0.0,0.0,2022-07-25,0.9200526711813393,0.6156522265246853,0.5450057358243199
209,Hamas,2022-08-08,2022-08-22,74,79.0,79.0,55.0,41.0,36.0,45.0,28.0,6.0,0.0,0.0,0.0,4.382026634673881,0.6962025316455697,0.5189873417721519,0.45569620253164556,0.569620253164557,0.35443037974683544,0.0759493670886076,0.0,0.0,0.0,0.0,2022-08-22,2022-09-05,2.836413415468857,0.0,0.0,0.0,2022-08-08,0.7255479041060663,0.4935728552697685,0.4189537358575109
209,Hamas,2022-08-22,2022-09-05,75,28.0,28.0,18.0,12.0,10.0,11.0,15.0,2.0,0.0,0.0,0.0,3.367295829986474,0.6428571428571429,0.42857142857142855,0.35714285714285715,0.39285714285714285,0.5357142857142857,0.07142857142857142,0.6931471805599453,1.0,0.0,0.0,2022-09-05,2022-09-19,2.8747433264887063,0.0,0.0,0.0,2022-08-22,0.6436633344082555,0.36398838334946754,0.29006882989183874
209,Hamas,2022-09-05,2022-09-19,76,22.0,22.0,11.0,5.0,3.0,5.0,15.0,2.0,1.0,1.0,0.6931471805599453,3.1354942159291497,0.5,0.22727272727272727,0.13636363636363635,0.22727272727272727,0.6818181818181818,0.09090909090909091,0.0,0.0,0.0,0.0,2022-09-19,2022-10-03,2.9130732375085557,0.0,0.0,0.0,2022-09-05,0.42437923250564336,0.0754862272287248,0.0013408420488066472
209,Hamas,2022-09-19,2022-10-03,77,40.0,40.0,31.0,18.0,15.0,18.0,16.0,6.0,0.0,0.0,0.0,3.713572066704308,0.775,0.45,0.375,0.45,0.4,0.15,1.3862943611198906,3.0,0.6931471805599453,0.0,2022-10-03,2022-10-17,2.951403148528405,0.0,0.0,0.0,2022-09-19,0.8465011286681716,0.3946999031945789,0.3134218289085546
209,Hamas,2022-10-03,2022-10-17,78,56.0,56.0,44.0,27.0,19.0,28.0,25.0,3.0,3.0,2.0,1.3862943611198906,4.04305126783455,0.7857142857142857,0.48214285714285715,0.3392857142857143,0.5,0.44642857142857145,0.05357142857142857,1.0986122886681098,2.0,0.0,0.6931471805599453,2022-10-17,2022-10-31,2.9897330595482545,0.0,0.0,0.0,2022-10-03,0.8629474363108675,0.44076718296224593,0.2667158308751229
209,Hamas,2022-10-17,2022-10-31,79,39.0,39.0,30.0,14.0,14.0,14.0,20.0,5.0,2.0,1.0,1.0986122886681098,3.6888794541139363,0.7692307692307693,0.358974358974359,0.358974358974359,0.358974358974359,0.5128205128205128,0.1282051282051282,0.0,0.0,1.3862943611198906,0.0,2022-10-31,2022-11-14,3.028062970568104,0.0,0.0,0.0,2022-10-17,0.8376454245528738,0.26424156675850774,0.29246400927816857
209,Hamas,2022-10-31,2022-11-14,80,32.0,32.0,19.0,11.0,4.0,10.0,20.0,2.0,0.0,0.0,0.0,3.4965075614664802,0.59375,0.34375,0.125,0.3125,0.625,0.0625,1.0986122886681098,2.0,1.0986122886681098,1.3862943611198906,2022-11-14,2022-11-28,3.0663928815879533,0.0,0.0,0.0,2022-10-31,0.5682844243792325,0.24242195062923524,0.0
209,Hamas,2022-11-14,2022-11-28,81,29.0,29.0,17.0,11.0,9.0,11.0,17.0,1.0,2.0,1.0,1.0986122886681098,3.4011973816621555,0.5862068965517241,0.3793103448275862,0.3103448275862069,0.3793103448275862,0.5862068965517241,0.034482758620689655,0.0,0.0,0.0,1.0986122886681098,2022-11-28,2022-12-12,3.1047227926078027,0.0,0.0,0.0,2022-11-14,0.5567058457227367,0.2933871883032346,0.22886786695148004
209,Hamas,2022-11-28,2022-12-12,82,73.0,73.0,42.0,32.0,13.0,32.0,37.0,4.0,0.0,0.0,0.0,4.30406509320417,0.5753424657534246,0.4383561643835616,0.1780821917808219,0.4383561643835616,0.5068493150684932,0.0547945205479452,0.6931471805599453,1.0,1.0986122886681098,0.0,2022-12-12,2022-12-26,3.143052703627652,0.0,0.0,0.0,2022-11-28,0.5400290670707195,0.3780119083928974,0.055899031532441634
209,Hamas,2022-12-12,2022-12-26,83,20.0,20.0,13.0,9.0,7.0,10.0,8.0,2.0,1.0,1.0,0.6931471805599453,3.044522437723423,0.65,0.45,0.35,0.5,0.4,0.1,1.3862943611198906,3.0,0.0,1.0986122886681098,2022-12-26,2023-01-09,3.1813826146475015,0.0,0.0,0.0,2022-12-12,0.654627539503386,0.3946999031945789,0.28072763028515235
209,Hamas,2022-12-26,2023-01-09,84,60.0,60.0,43.0,14.0,11.0,21.0,36.0,3.0,3.0,1.0,1.3862943611198906,4.110873864173311,0.7166666666666667,0.23333333333333334,0.18333333333333332,0.35,0.6,0.05,0.0,0.0,0.6931471805599453,0.0,2023-01-09,2023-01-23,3.2197125256673513,0.0,0.0,0.0,2022-12-26,0.7569601203912717,0.0841723136495644,0.06276630612913797
209,Hamas,2023-01-09,2023-01-23,85,56.0,56.0,45.0,9.0,6.0,6.0,46.0,4.0,0.0,0.0,0.0,4.04305126783455,0.8035714285714286,0.16071428571428573,0.10714285714285714,0.10714285714285714,0.8214285714285714,0.07142857142857142,0.6931471805599453,1.0,1.3862943611198906,0.6931471805599453,2023-01-23,2023-02-06,3.2580424366872007,0.0,0.0,0.0,2023-01-09,0.890357949048694,0.0,0.0
209,Hamas,2023-01-23,2023-02-06,86,138.0,138.0,113.0,85.0,70.0,85.0,43.0,10.0,1.0,1.0,0.6931471805599453,4.9344739331306915,0.8188405797101449,0.6159420289855072,0.5072463768115942,0.6159420289855072,0.3115942028985507,0.07246376811594203,1.791759469228055,5.0,0.0,1.3862943611198906,2023-02-06,2023-02-20,3.29637234770705,0.0,0.0,0.0,2023-01-23,0.9137959237085745,0.6325287259564796,0.4863694013366965
209,Hamas,2023-02-06,2023-02-20,87,117.0,117.0,99.0,63.0,48.0,64.0,49.0,4.0,5.0,1.0,1.791759469228055,4.770684624465665,0.8461538461538461,0.5384615384615384,0.41025641025641024,0.5470085470085471,0.4188034188034188,0.03418803418803419,1.0986122886681098,2.0,0.6931471805599453,0.0,2023-02-20,2023-03-06,3.3347022587268995,0.0,0.0,0.0,2023-02-06,0.955721479423511,0.521483356914141,0.35952903209540377
209,Hamas,2023-02-20,2023-03-06,88,91.0,91.0,71.0,56.0,41.0,55.0,30.0,6.0,2.0,1.0,1.0986122886681098,4.5217885770490405,0.7802197802197802,0.6153846153846154,0.45054945054945056,0.6043956043956044,0.32967032967032966,0.06593406593406594,2.302585092994046,9.0,1.791759469228055,0.6931471805599453,2023-03-06,2023-03-20,3.373032169746749,0.0,0.0,0.0,2023-02-20,0.8545134323915362,0.6317298384094125,0.41222297859466
209,Hamas,2023-03-06,2023-03-20,89,105.0,105.0,83.0,67.0,57.0,70.0,29.0,6.0,9.0,3.0,2.302585092994046,4.663439094112067,0.7904761904761904,0.638095238095238,0.5428571428571428,0.6666666666666666,0.2761904761904762,0.05714285714285714,0.0,0.0,1.0986122886681098,1.791759469228055,2023-03-20,2023-04-03,3.4113620807665983,0.0,0.0,0.0,2023-03-06,0.8702569063742878,0.6642787996127782,0.5329400196656833
209,Hamas,2023-03-20,2023-04-03,90,67.0,67.0,51.0,19.0,15.0,17.0,39.0,11.0,0.0,0.0,0.0,4.219507705176107,0.7611940298507462,0.2835820895522388,0.22388059701492538,0.2537313432835821,0.582089552238806,0.16417910447761194,0.0,0.0,2.302585092994046,1.0986122886681098,2023-04-03,2023-04-17,3.4496919917864477,0.0,0.0,0.0,2023-03-20,0.8253091203126579,0.15618904509398795,0.11579271782679525
209,Hamas,2023-04-03,2023-04-17,91,419.0,419.0,387.0,324.0,122.0,328.0,80.0,11.0,0.0,0.0,0.0,6.040254711277414,0.9236276849642004,0.7732696897374701,0.2911694510739857,0.7828162291169452,0.1909307875894988,0.026252983293556086,0.0,0.0,0.0,2.302585092994046,2023-04-17,2023-05-01,3.488021902806297,0.0,0.0,0.0,2023-04-03,1.0,0.8580113994736928,0.20379092421671677
209,Hamas,2023-04-17,2023-05-01,92,91.0,91.0,59.0,17.0,10.0,18.0,56.0,17.0,0.0,0.0,0.0,4.5217885770490405,0.6483516483516484,0.18681318681318682,0.10989010989010989,0.1978021978021978,0.6153846153846154,0.18681318681318682,1.9459101490553132,6.0,0.0,0.0,2023-05-01,2023-05-15,3.5263518138261465,0.0,0.0,0.0,2023-04-17,0.6520973383275867,0.017499441507185957,0.0
209,Hamas,2023-05-01,2023-05-15,93,271.0,271.0,235.0,178.0,135.0,177.0,80.0,14.0,6.0,3.0,1.9459101490553132,5.605802066295998,0.8671586715867159,0.6568265682656826,0.4981549815498155,0.6531365313653137,0.2952029520295203,0.05166051660516605,0.0,0.0,0.0,0.0,2023-05-15,2023-05-29,3.564681724845996,0.0,0.0,0.0,2023-05-01,0.9879636493881869,0.6911246217980089,0.4744799660385985
209,Hamas,2023-05-15,2023-05-29,94,127.0,127.0,96.0,35.0,23.0,37.0,67.0,23.0,0.0,0.0,0.0,4.852030263919617,0.7559055118110236,0.2755905511811024,0.18110236220472442,0.29133858267716534,0.5275590551181102,0.18110236220472442,0.0,0.0,1.9459101490553132,0.0,2023-05-29,2023-06-12,3.6030116358658453,0.0,0.0,0.0,2023-05-15,0.8171913048115035,0.1447355382610088,0.059848713601065376
209,Hamas,2023-05-29,2023-06-12,95,64.0,64.0,40.0,15.0,15.0,18.0,37.0,9.0,0.0,0.0,0.0,4.174387269895637,0.625,0.234375,0.234375,0.28125,0.578125,0.140625,1.791759469228055,5.0,0.0,1.9459101490553132,2023-06-12,2023-06-26,3.6413415468856947,0.0,0.0,0.0,2023-05-29,0.6162528216704289,0.08566523475314619,0.12951696165191742
209,Hamas,2023-06-12,2023-06-26,96,101.0,101.0,75.0,56.0,53.0,55.0,33.0,13.0,5.0,2.0,1.791759469228055,4.624972813284271,0.7425742574257426,0.5544554455445545,0.5247524752475248,0.5445544554455446,0.32673267326732675,0.12871287128712872,1.0986122886681098,2.0,0.0,0.0,2023-06-26,2023-07-10,3.679671457905544,0.0,0.0,0.0,2023-06-12,0.7967279797957222,0.5444058926705837,0.5092633157121021
209,Hamas,2023-06-26,2023-07-10,97,158.0,158.0,134.0,101.0,87.0,101.0,46.0,11.0,2.0,1.0,1.0986122886681098,5.0689042022202315,0.8481012658227848,0.6392405063291139,0.5506329113924051,0.6392405063291139,0.2911392405063291,0.06962025316455696,0.0,0.0,1.791759469228055,0.0,2023-07-10,2023-07-24,3.7180013689253935,0.0,0.0,0.0,2023-06-26,0.9587107466354259,0.6659202029237687,0.5431089205033419
209,Hamas,2023-07-10,2023-07-24,98,65.0,65.0,39.0,18.0,11.0,20.0,41.0,4.0,0.0,0.0,0.0,4.189654742026425,0.6,0.27692307692307694,0.16923076923076924,0.3076923076923077,0.6307692307692307,0.06153846153846154,1.6094379124341003,4.0,1.0986122886681098,1.791759469228055,2023-07-24,2023-08-07,3.756331279945243,0.0,0.0,0.0,2023-07-10,0.5778781038374717,0.14664531983021822,0.04432342485439832
209,Hamas,2023-07-24,2023-08-07,99,85.0,85.0,68.0,44.0,29.0,39.0,37.0,9.0,4.0,2.0,1.6094379124341003,4.454347296253507,0.8,0.5176470588235295,0.3411764705882353,0.4588235294117647,0.43529411764705883,0.10588235294117647,0.0,0.0,0.0,1.0986122886681098,2023-08-07,2023-08-21,3.7946611909650922,0.0,0.0,0.0,2023-07-24,0.8848758465011287,0.49165195603895,0.26918850135924577
209,Hamas,2023-08-07,2023-08-21,100,65.0,65.0,45.0,29.0,24.0,29.0,30.0,6.0,0.0,0.0,0.0,4.189654742026425,0.6923076923076923,0.4461538461538462,0.36923076923076925,0.4461538461538462,0.46153846153846156,0.09230769230769231,0.0,0.0,1.6094379124341003,0.0,2023-08-21,2023-09-04,3.8329911019849416,0.0,0.0,0.0,2023-08-07,0.7195693696822365,0.3891875791198154,0.30587701384161564
209,Hamas,2023-08-21,2023-09-04,101,63.0,63.0,51.0,28.0,20.0,29.0,31.0,3.0,0.0,0.0,0.0,4.1588830833596715,0.8095238095238095,0.4444444444444444,0.31746031746031744,0.4603174603174603,0.49206349206349204,0.047619047619047616,0.0,0.0,0.0,1.6094379124341003,2023-09-04,2023-09-18,3.871321013004791,0.0,0.0,0.0,2023-08-21,0.8994947866279694,0.38673765730880927,0.23817327652135908
209,Hamas,2023-09-04,2023-09-18,102,90.0,90.0,75.0,49.0,40.0,50.0,35.0,5.0,0.0,0.0,0.0,4.51085950651685,0.8333333333333334,0.5444444444444444,0.4444444444444444,0.5555555555555556,0.3888888888888889,0.05555555555555555,2.0794415416798357,7.0,0.0,0.0,2023-09-18,2023-10-02,3.909650924024641,0.0,0.0,0.0,2023-09-04,0.9360421369450715,0.5300580832526621,0.40423904730689386
209,Hamas,2023-09-18,2023-10-02,103,154.0,154.0,126.0,99.0,59.0,101.0,47.0,6.0,7.0,3.0,2.0794415416798357,5.043425116919247,0.8181818181818182,0.6428571428571429,0.38311688311688313,0.6558441558441559,0.3051948051948052,0.03896103896103896,8.670772279344538,5829.0,0.0,0.0,2023-10-02,2023-10-16,3.9479808350444903,0.0,0.0,1.0,2023-09-18,0.9127847321978249,0.6711035818005809,0.32403682846160725
209,Hamas,2023-10-02,2023-10-16,104,9122.0,9122.0,8140.0,5437.0,4601.0,5329.0,3267.0,526.0,5829.0,188.0,8.670772279344538,9.118553976345474,0.8923481692611269,0.5960315720236791,0.5043850032887525,0.5841920631440474,0.3581451436088577,0.05766279324709494,8.45638105201948,4704.0,2.0794415416798357,0.0,2023-10-16,2023-10-30,3.9863107460643397,0.0,0.0,1.0,2023-10-02,1.0,0.6039929742314201,0.4826273887650352
209,Hamas,2023-10-16,2023-10-30,105,7520.0,7520.0,6376.0,3421.0,2738.0,3407.0,3600.0,513.0,4704.0,263.0,8.45638105201948,8.925454386826402,0.847872340425532,0.45492021276595745,0.36409574468085104,0.4530585106382979,0.4787234042553192,0.06821808510638298,8.645586406184636,5684.0,8.670772279344538,2.0794415416798357,2023-10-30,2023-11-13,4.024640657084189,0.0,0.0,1.0,2023-10-16,0.9583593487344508,0.40175157308809295,0.29916159333877274
209,Hamas,2023-10-30,2023-11-13,106,1129.0,1129.0,944.0,596.0,471.0,607.0,446.0,76.0,5684.0,243.0,8.645586406184636,7.029972911706386,0.8361381753764393,0.5279007971656333,0.4171833480956599,0.537643932683791,0.3950398582816652,0.06731620903454384,7.5411524551363085,1883.0,8.45638105201948,8.670772279344538,2023-11-13,2023-11-27,4.0629705681040384,0.0,0.0,1.0,2023-10-30,0.9403475378238797,0.5063476575060214,0.36858785935813926
209,Hamas,2023-11-13,2023-11-27,107,30.0,30.0,28.0,14.0,10.0,14.0,16.0,0.0,1883.0,155.0,7.5411524551363085,3.4339872044851463,0.9333333333333333,0.4666666666666667,0.3333333333333333,0.4666666666666667,0.5333333333333333,0.0,8.763740720509464,6397.0,8.645586406184636,8.45638105201948,2023-11-27,2023-12-11,4.101300479123887,0.0,0.0,1.0,2023-11-13,1.0,0.41858664085188774,0.25893149786955094
209,Hamas,2023-11-27,2023-12-11,108,2434.0,2434.0,2111.0,1373.0,1014.0,1363.0,925.0,146.0,6397.0,156.0,8.763740720509464,7.79770203551669,0.8672966310599836,0.5640920295809367,0.41659819227608874,0.5599835661462613,0.3800328677074774,0.0599835661462613,7.596894438144544,1991.0,7.5411524551363085,8.645586406184636,2023-12-11,2023-12-25,4.139630390143737,0.0,0.0,1.0,2023-11-27,0.9881754156225482,0.558217085957964,0.36782261133451133
209,Hamas,2023-12-11,2023-12-25,109,2379.0,2379.0,1980.0,1100.0,906.0,1125.0,1095.0,159.0,1991.0,171.0,7.596894438144544,7.77485576666552,0.832282471626734,0.46237915090374104,0.38083228247162676,0.4728877679697352,0.46027742749054223,0.06683480453972257,7.839131648274333,2537.0,8.763740720509464,7.5411524551363085,2023-12-25,2024-01-08,4.177960301163586,0.0,0.0,1.0,2023-12-11,0.9344290760861831,0.4124417549980529,0.32104910097076067
209,Hamas,2023-12-25,2024-01-08,110,2580.0,2580.0,2157.0,1438.0,1246.0,1452.0,981.0,147.0,2537.0,117.0,7.839131648274333,7.855932199718614,0.836046511627907,0.5573643410852713,0.48294573643410854,0.5627906976744186,0.3802325581395349,0.056976744186046514,6.423246963533519,615.0,7.596894438144544,8.763740720509464,2024-01-08,2024-01-22,4.216290212183436,0.0,0.0,1.0,2023-12-25,0.9402068350044622,0.5485749341498009,0.45458980280960115
209,Hamas,2024-01-08,2024-01-22,111,1922.0,1922.0,1571.0,788.0,633.0,829.0,953.0,140.0,615.0,93.0,6.423246963533519,7.56164174558878,0.8173777315296566,0.4099895941727367,0.32934443288241416,0.43132154006243495,0.495837669094693,0.07284079084287201,7.348587530927593,1553.0,7.839131648274333,7.596894438144544,2024-01-22,2024-02-05,4.254620123203286,0.0,0.0,1.0,2024-01-08,0.911550468262227,0.33735681914108107,0.25371494172429776
209,Hamas,2024-01-22,2024-02-05,112,1841.0,1841.0,1468.0,748.0,618.0,750.0,973.0,118.0,1553.0,91.0,7.348587530927593,7.518607216815252,0.7973927213470939,0.40630092341118956,0.3356871265616513,0.4073872895165671,0.5285171102661597,0.06409560021727322,6.618738983517219,748.0,6.423246963533519,7.839131648274333,2024-02-05,2024-02-19,4.292950034223135,0.0,0.0,1.0,2024-01-22,0.8808737031964422,0.3320702004939653,0.2620097132025528
209,Hamas,2024-02-05,2024-02-19,113,1554.0,1554.0,1243.0,615.0,507.0,618.0,833.0,103.0,748.0,138.0,6.618738983517219,7.349230824613334,0.7998712998712999,0.39575289575289574,0.32625482625482627,0.39768339768339767,0.536036036036036,0.06628056628056628,7.405495663199472,1644.0,7.348587530927593,6.423246963533519,2024-02-19,2024-03-04,4.331279945242985,0.0,0.0,1.0,2024-02-05,0.8846782932561714,0.3169527223254232,0.24967445321427625
209,Hamas,2024-02-19,2024-03-04,114,1300.0,1300.0,1036.0,487.0,412.0,490.0,722.0,88.0,1644.0,104.0,7.405495663199472,7.170888478512505,0.796923076923077,0.37461538461538463,0.3169230769230769,0.3769230769230769,0.5553846153846154,0.06769230769230769,6.532334292222349,686.0,6.618738983517219,7.348587530927593,2024-03-04,2024-03-18,4.369609856262834,0.0,0.0,1.0,2024-02-19,0.8801528043063033,0.2866583513292129,0.23747069056803569
209,Hamas,2024-03-04,2024-03-18,115,1446.0,1446.0,1188.0,538.0,440.0,567.0,764.0,115.0,686.0,92.0,6.532334292222349,7.277247726631484,0.8215767634854771,0.37206085753803597,0.30428769017980634,0.3921161825726141,0.5283540802213001,0.07952973720608575,6.499787040655854,664.0,7.405495663199472,6.618738983517219,2024-03-18,2024-04-01,4.407939767282683,0.0,0.0,1.0,2024-03-04,0.9179959349212742,0.2829971922411058,0.22094653681331605
209,Hamas,2024-03-18,2024-04-01,116,1343.0,1343.0,1134.0,565.0,497.0,563.0,682.0,98.0,664.0,105.0,6.499787040655854,7.203405521083095,0.8443782576321668,0.4206999255398362,0.37006701414743115,0.41921072226358896,0.5078183172002978,0.07297096053611318,6.639875833826536,764.0,6.532334292222349,7.405495663199472,2024-04-01,2024-04-15,4.446269678302532,0.0,0.0,1.0,2024-03-18,0.9529959710832357,0.3527069116764061,0.30697062813774184
209,Hamas,2024-04-01,2024-04-15,117,1591.0,1591.0,1291.0,668.0,578.0,656.0,799.0,136.0,764.0,75.0,6.639875833826536,7.3727463664043285,0.8114393463230672,0.4198617221873036,0.3632935260842238,0.41231929604022627,0.5021998742928976,0.08548082966687617,5.777652323222656,322.0,6.499787040655854,6.532334292222349,2024-04-15,2024-04-29,4.484599589322382,0.0,0.0,1.0,2024-04-01,0.9024351139947759,0.35150559506128076,0.298112477573272
209,Hamas,2024-04-15,2024-04-29,118,1177.0,1177.0,889.0,342.0,251.0,375.0,654.0,148.0,322.0,73.0,5.777652323222656,7.071573364211532,0.7553101104502974,0.2905692438402719,0.21325403568394222,0.318606627017842,0.5556499575191164,0.12574341546304163,6.513230110912307,673.0,6.639875833826536,6.499787040655854,2024-04-29,2024-05-13,4.522929500342231,0.0,0.0,1.0,2024-04-15,0.8162773704428944,0.16620306438095114,0.1018956415532381
209,Hamas,2024-04-29,2024-05-13,119,1740.0,1740.0,1469.0,698.0,495.0,668.0,883.0,189.0,673.0,94.0,6.513230110912307,7.462214939768189,0.8442528735632184,0.4011494252873563,0.28448275862068967,0.3839080459770115,0.5074712643678161,0.10862068965517241,6.504288173536645,667.0,5.777652323222656,6.639875833826536,2024-05-13,2024-05-27,4.561259411362081,0.0,0.0,1.0,2024-04-29,0.9528035079525701,0.3246870514403979,0.19504628216865022
209,Hamas,2024-05-13,2024-05-27,120,1563.0,1563.0,1296.0,680.0,513.0,684.0,747.0,132.0,667.0,111.0,6.504288173536645,7.355001921105257,0.8291746641074856,0.4350607805502239,0.32821497120921306,0.43761996161228406,0.4779270633397313,0.08445297504798464,6.922643891475888,1014.0,6.513230110912307,5.777652323222656,2024-05-27,2024-06-10,4.59958932238193,0.0,0.0,1.0,2024-05-13,0.9296586266209712,0.3732889502464729,0.2522378679530515
209,Hamas,2024-05-27,2024-06-10,121,1614.0,1614.0,1384.0,903.0,786.0,900.0,618.0,96.0,1014.0,98.0,6.922643891475888,7.387090235656757,0.8574969021065675,0.5594795539033457,0.48698884758364314,0.5576208178438662,0.3828996282527881,0.05947955390334572,6.068425588244111,431.0,6.504288173536645,6.513230110912307,2024-06-10,2024-06-24,4.63791923340178,0.0,0.0,1.0,2024-05-27,0.9731329422854761,0.551606466170284,0.45987725396877616
209,Hamas,2024-06-10,2024-06-24,122,1072.0,1072.0,869.0,465.0,385.0,455.0,548.0,69.0,431.0,102.0,6.068425588244111,6.9782137426306985,0.8106343283582089,0.4337686567164179,0.3591417910447761,0.4244402985074627,0.5111940298507462,0.06436567164179105,6.78332520060396,882.0,6.922643891475888,6.504288173536645,2024-06-24,2024-07-08,4.676249144421629,0.0,0.0,1.0,2024-06-10,0.9011994205046999,0.37143707286414007,0.29268297157281437
209,Hamas,2024-06-24,2024-07-08,123,882.0,882.0,715.0,408.0,339.0,419.0,402.0,61.0,882.0,128.0,6.78332520060396,6.78332520060396,0.8106575963718821,0.46258503401360546,0.3843537414965986,0.47505668934240364,0.4557823129251701,0.0691609977324263,6.580639137284949,720.0,6.068425588244111,6.922643891475888,2024-07-08,2024-07-22,4.714579055441479,0.0,0.0,1.0,2024-06-24,0.9012351366430695,0.412736827548057,0.32565435220302474
209,Hamas,2024-07-08,2024-07-22,124,989.0,989.0,849.0,593.0,512.0,599.0,348.0,42.0,720.0,112.0,6.580639137284949,6.897704943128636,0.8584428715874621,0.5995955510616785,0.5176946410515673,0.6056622851365016,0.3518705763397371,0.042467138523761376,6.698268054115413,810.0,6.78332520060396,6.068425588244111,2024-07-22,2024-08-05,4.7529089664613275,0.0,0.0,1.0,2024-07-08,0.9745849947617928,0.6091008841692305,0.5000333063899552
209,Hamas,2024-07-22,2024-08-05,125,2400.0,2400.0,2129.0,1172.0,1141.0,912.0,1379.0,109.0,810.0,110.0,6.698268054115413,7.783640596221253,0.8870833333333333,0.48833333333333334,0.47541666666666665,0.38,0.5745833333333333,0.04541666666666667,6.184148890937483,484.0,6.580639137284949,6.78332520060396,2024-08-05,2024-08-19,4.791238877481177,0.0,0.0,1.0,2024-07-22,1.0,0.4496393998063892,0.44474352671255324
209,Hamas,2024-08-05,2024-08-19,126,1871.0,1871.0,1599.0,648.0,528.0,619.0,1177.0,75.0,484.0,109.0,6.184148890937483,7.534762657037537,0.8546231961517905,0.3463388562266168,0.2822020309994655,0.33083912346338856,0.6290753607696419,0.04008551576696953,6.434546518787453,622.0,6.698268054115413,6.580639137284949,2024-08-19,2024-09-02,4.829568788501026,0.0,0.0,1.0,2024-08-05,0.9687218360794978,0.24613231040029643,0.1920636196944829
209,Hamas,2024-08-19,2024-09-02,127,1148.0,1148.0,973.0,628.0,523.0,629.0,446.0,73.0,622.0,141.0,6.434546518787453,7.046647277848756,0.8475609756097561,0.5470383275261324,0.45557491289198604,0.5479094076655052,0.3885017421602787,0.06358885017421603,6.056784013228625,426.0,6.184148890937483,6.698268054115413,2024-09-02,2024-09-16,4.867898699520876,0.0,0.0,1.0,2024-08-19,0.9578814072565105,0.5337756475338228,0.41879511715471135
209,Hamas,2024-09-02,2024-09-16,128,1186.0,1186.0,1018.0,539.0,494.0,502.0,561.0,123.0,426.0,115.0,6.056784013228625,7.079184394609668,0.8583473861720068,0.45446880269814505,0.41652613827993257,0.42327150084317033,0.4730185497470489,0.10370994940978077,6.028278520230698,414.0,6.434546518787453,6.184148890937483,2024-09-16,2024-09-30,4.906228610540725,0.0,0.0,1.0,2024-09-02,0.9744384257267824,0.4011046102561508,0.3677283814280337
209,Hamas,2024-09-16,2024-09-30,129,1102.0,1102.0,899.0,553.0,495.0,574.0,471.0,57.0,414.0,108.0,6.028278520230698,7.005789019253503,0.8157894736842105,0.5018148820326679,0.44918330308529947,0.5208711433756806,0.42740471869328495,0.05172413793103448,6.961296045910167,1054.0,6.056784013228625,6.434546518787453,2024-09-30,2024-10-14,4.944558521560575,0.0,0.0,1.0,2024-09-16,0.9091125103956279,0.4689612128261034,0.4104363747329875
209,Hamas,2024-09-30,2024-10-14,130,2567.0,2567.0,2028.0,1347.0,1104.0,1374.0,1001.0,192.0,1054.0,127.0,6.961296045910167,7.850882664809852,0.79002726918582,0.5247370471367355,0.4300740163615115,0.5352551616673159,0.3899493572263342,0.07479548110634983,6.601230118728877,735.0,6.028278520230698,6.056784013228625,2024-10-14,2024-10-28,4.982888432580425,0.0,0.0,1.0,2024-09-30,0.8695678172604009,0.5018133574888064,0.38544586210502485
209,Hamas,2024-10-14,2024-10-28,131,1641.0,1641.0,1370.0,918.0,828.0,854.0,728.0,59.0,735.0,110.0,6.601230118728877,7.403670290012373,0.8348567946374162,0.5594149908592322,0.5045703839122486,0.5204143814747105,0.44363193174893356,0.03595368677635588,6.725033642166843,832.0,6.961296045910167,6.028278520230698,2024-10-28,2024-11-11,5.021218343600274,0.0,0.0,1.0,2024-10-14,0.9383806328520159,0.5515139341404581,0.4828698236020557
209,Hamas,2024-10-28,2024-11-11,132,724.0,724.0,595.0,321.0,267.0,332.0,338.0,54.0,832.0,144.0,6.725033642166843,6.586171654854675,0.8218232044198895,0.44337016574585636,0.3687845303867403,0.4585635359116022,0.46685082872928174,0.07458563535911603,6.419994928147142,613.0,6.601230118728877,6.961296045910167,2024-11-11,2024-11-25,5.059548254620124,0.0,0.0,1.0,2024-10-28,0.9183742189740968,0.3851979965021688,0.30529343698560923
209,Hamas,2024-11-11,2024-11-25,133,594.0,594.0,489.0,211.0,187.0,229.0,338.0,27.0,613.0,133.0,6.419994928147142,6.38856140554563,0.8232323232323232,0.3552188552188552,0.3148148148148148,0.38552188552188554,0.569023569023569,0.045454545454545456,6.42648845745769,617.0,6.725033642166843,6.601230118728877,2024-11-25,2024-12-09,5.0978781656399725,0.0,0.0,1.0,2024-11-11,0.9205372004469069,0.2588591627797823,0.23471357296332715
209,Hamas,2024-11-25,2024-12-09,134,635.0,635.0,513.0,244.0,200.0,246.0,355.0,34.0,617.0,131.0,6.42648845745769,6.455198563340122,0.8078740157480315,0.384251968503937,0.31496062992125984,0.38740157480314963,0.5590551181102362,0.05354330708661417,6.391917113392602,596.0,6.419994928147142,6.725033642166843,2024-12-09,2024-12-23,5.136208076659822,0.0,0.0,1.0,2024-11-25,0.8969623718028475,0.3004695444047229,0.23490426528542338
209,Hamas,2024-12-09,2024-12-23,135,498.0,498.0,353.0,194.0,148.0,202.0,262.0,34.0,596.0,116.0,6.391917113392602,6.212606095751519,0.7088353413654619,0.3895582329317269,0.2971887550200803,0.40562248995983935,0.5261044176706827,0.06827309236947791,6.406879986069314,605.0,6.42648845745769,6.419994928147142,2024-12-23,2025-01-06,5.174537987679671,0.0,0.0,1.0,2024-12-09,0.7449391244435984,0.30807450518433854,0.21166277696824662
209,Hamas,2024-12-23,2025-01-06,136,734.0,734.0,598.0,391.0,328.0,395.0,305.0,34.0,605.0,154.0,6.406879986069314,6.5998704992128365,0.8147138964577657,0.5326975476839237,0.44686648501362397,0.5381471389645777,0.41553133514986373,0.04632152588555858,6.366470447731438,581.0,6.391917113392602,6.42648845745769,2025-01-06,2025-01-20,5.212867898699521,0.0,0.0,1.0,2024-12-23,0.9074615114927329,0.5132223807802992,0.4074065143246016
209,Hamas,2025-01-06,2025-01-20,137,882.0,882.0,746.0,274.0,235.0,241.0,606.0,35.0,581.0,153.0,6.366470447731438,6.78332520060396,0.8458049886621315,0.31065759637188206,0.26643990929705214,0.2732426303854875,0.6870748299319728,0.03968253968253968,3.828641396489095,45.0,6.406879986069314,6.391917113392602,2025-01-20,2025-02-03,5.25119780971937,0.0,0.0,1.0,2025-01-06,0.9551859871111725,0.19499377679435762,0.17145042218788528
209,Hamas,2025-01-20,2025-02-03,138,810.0,810.0,653.0,271.0,213.0,280.0,486.0,44.0,45.0,25.0,3.828641396489095,6.698268054115413,0.8061728395061728,0.3345679012345679,0.26296296296296295,0.345679012345679,0.6,0.05432098765432099,3.1780538303479458,23.0,6.366470447731438,6.406879986069314,2025-02-03,2025-02-17,5.28952772073922,0.0,0.0,1.0,2025-01-20,0.8943510854722291,0.22926212756803274,0.16690338322590043
209,Hamas,2025-02-03,2025-02-17,139,769.0,769.0,634.0,172.0,129.0,195.0,540.0,34.0,23.0,19.0,3.1780538303479458,6.646390514847729,0.8244473342002601,0.22366710013003901,0.16775032509752927,0.2535760728218466,0.7022106631989596,0.044213263979193757,3.258096538021482,25.0,3.828641396489095,6.366470447731438,2025-02-17,2025-03-03,5.327857631759069,0.0,0.0,1.0,2025-02-03,0.9224022285692479,0.07031862704987685,0.0423873474726784
209,Hamas,2025-02-17,2025-03-03,140,815.0,815.0,687.0,366.0,326.0,317.0,456.0,42.0,25.0,22.0,3.258096538021482,6.704414354964107,0.8429447852760736,0.449079754601227,0.4,0.3889570552147239,0.5595092024539877,0.051533742331288344,4.532599493153256,92.0,3.1780538303479458,3.828641396489095,2025-03-03,2025-03-17,5.366187542778919,0.0,0.0,1.0,2025-02-17,0.9507956071957789,0.39338100356932876,0.34611602753195675
209,Hamas,2025-03-03,2025-03-17,141,559.0,559.0,422.0,149.0,126.0,143.0,365.0,51.0,92.0,29.0,4.532599493153256,6.327936783729195,0.7549194991055456,0.26654740608228983,0.22540250447227192,0.2558139534883721,0.6529516994633273,0.09123434704830054,6.79794041297493,895.0,3.258096538021482,3.1780538303479458,2025-03-17,2025-03-31,5.404517453798768,0.0,0.0,1.0,2025-03-03,0.8156777864374063,0.13177486418667,0.11778301961467223
209,Hamas,2025-03-17,2025-03-31,142,1149.0,1149.0,1029.0,739.0,629.0,715.0,354.0,80.0,895.0,182.0,6.79794041297493,7.047517221357296,0.8955613577023499,0.6431679721496953,0.5474325500435161,0.6222802436901653,0.30809399477806787,0.06962576153176675,6.421622267806518,614.0,4.532599493153256,3.258096538021482,2025-03-31,2025-04-14,5.4428473648186175,0.0,0.0,1.0,2025-03-17,1.0,0.6715490636666254,0.5389235905190525
209,Hamas,2025-03-31,2025-04-14,143,640.0,640.0,525.0,336.0,271.0,331.0,267.0,42.0,614.0,153.0,6.421622267806518,6.46302945692067,0.8203125,0.525,0.4234375,0.5171875,0.4171875,0.065625,6.3818160174060985,590.0,6.79794041297493,4.532599493153256,2025-04-14,2025-04-28,5.4811772758384665,0.0,0.0,1.0,2025-03-31,0.9160553047404063,0.5021902226524686,0.37676683874139627
209,Hamas,2025-04-14,2025-04-28,144,508.0,508.0,377.0,218.0,194.0,227.0,243.0,38.0,590.0,159.0,6.3818160174060985,6.2324480165505225,0.7421259842519685,0.42913385826771655,0.38188976377952755,0.4468503937007874,0.47834645669291337,0.07480314960629922,6.429719478039138,619.0,6.421622267806518,6.79794041297493,2025-04-28,2025-05-12,5.519507186858316,0.0,0.0,1.0,2025-04-14,0.7960398855334957,0.3647944599858222,0.3224320411276024
209,Hamas,2025-04-28,2025-05-12,145,537.0,537.0,397.0,215.0,142.0,218.0,283.0,36.0,619.0,160.0,6.429719478039138,6.2878585601617845,0.7392923649906891,0.40037243947858475,0.2644320297951583,0.4059590316573557,0.527001862197393,0.0670391061452514,7.142036574706803,1263.0,6.3818160174060985,6.421622267806518,2025-05-12,2025-05-26,5.557837097878165,0.0,0.0,1.0,2025-04-28,0.7916903119495905,0.32357347206974324,0.1688245817380143
209,Hamas,2025-05-12,2025-05-26,146,702.0,702.0,578.0,334.0,286.0,343.0,323.0,36.0,1263.0,218.0,7.142036574706803,6.555356891810665,0.8233618233618234,0.4757834757834758,0.4074074074074074,0.4886039886039886,0.4601139601139601,0.05128205128205128,6.654152520183219,775.0,6.429719478039138,6.3818160174060985,2025-05-26,2025-06-09,5.596167008898015,0.0,0.0,1.0,2025-05-12,0.920735981684063,0.4316528905105866,0.3558031974944462
209,Hamas,2025-05-26,2025-06-09,147,736.0,736.0,623.0,365.0,300.0,381.0,323.0,32.0,775.0,176.0,6.654152520183219,6.602587892189336,0.8464673913043478,0.49592391304347827,0.4076086956521739,0.5176630434782609,0.4388586956521739,0.043478260869565216,6.698268054115413,810.0,7.142036574706803,6.429719478039138,2025-06-09,2025-06-23,5.634496919917864,0.0,0.0,1.0,2025-05-26,0.9562027676906467,0.46051825097857657,0.35606643580864433
209,Hamas,2025-06-09,2025-06-23,148,309.0,309.0,242.0,158.0,125.0,170.0,105.0,34.0,810.0,130.0,6.698268054115413,5.736572297479192,0.7831715210355987,0.511326860841424,0.4045307443365696,0.5501618122977346,0.33980582524271846,0.11003236245954692,7.094234845924755,1204.0,6.654152520183219,7.142036574706803,2025-06-23,2025-07-07,5.672826830937714,0.0,0.0,1.0,2025-06-09,0.8590443212284585,0.48259382137050166,0.3520411897420232
209,Hamas,2025-06-23,2025-07-07,149,173.0,173.0,149.0,63.0,49.0,53.0,107.0,13.0,1204.0,211.0,7.094234845924755,5.159055299214529,0.861271676300578,0.36416184971098264,0.2832369942196532,0.3063583815028902,0.6184971098265896,0.07514450867052024,7.052721049232323,1155.0,6.698268054115413,6.654152520183219,2025-07-07,2025-07-21,5.711156741957564,0.0,0.0,1.0,2025-06-23,0.9789271780686073,0.27167630057803466,0.19341711141803222
209,Hamas,2025-07-07,2025-07-21,150,508.0,508.0,422.0,252.0,216.0,246.0,238.0,24.0,1155.0,227.0,7.052721049232323,6.2324480165505225,0.8307086614173228,0.49606299212598426,0.4251968503937008,0.484251968503937,0.468503937007874,0.047244094488188976,6.7650389767805414,866.0,7.094234845924755,6.698268054115413,2025-07-21,2025-08-04,5.749486652977413,0.0,0.0,1.0,2025-07-07,0.9320132951778318,0.460717579712023,0.3790676607901889
209,Hamas,2025-07-21,2025-08-04,151,524.0,524.0,414.0,150.0,130.0,158.0,336.0,30.0,866.0,174.0,6.7650389767805414,6.263398262591624,0.7900763358778626,0.2862595419847328,0.2480916030534351,0.3015267175572519,0.6412213740458015,0.05725190839694656,6.539585955617669,691.0,7.052721049232323,7.094234845924755,2025-08-04,2025-08-18,5.7878165639972625,0.0,0.0,1.0,2025-07-21,0.8696431340788862,0.16002638132468242,0.1474550954386123
209,Hamas,2025-08-04,2025-08-18,152,612.0,612.0,510.0,163.0,150.0,168.0,411.0,33.0,691.0,120.0,6.539585955617669,6.418364935936212,0.8333333333333334,0.26633986928104575,0.24509803921568626,0.27450980392156865,0.6715686274509803,0.05392156862745098,6.670766320845874,788.0,6.7650389767805414,7.052721049232323,2025-08-18,2025-09-01,5.8261464750171115,0.0,0.0,1.0,2025-08-04,0.9360421369450715,0.13147742155913675,0.1435402086104845
209,Hamas,2025-08-18,2025-09-01,153,660.0,660.0,559.0,298.0,241.0,309.0,295.0,56.0,788.0,187.0,6.670766320845874,6.493753839851686,0.8469696969696969,0.45151515151515154,0.36515151515151517,0.4681818181818182,0.44696969696969696,0.08484848484848485,6.866933284461882,959.0,6.539585955617669,6.7650389767805414,2025-09-01,2025-09-15,5.864476386036961,0.0,0.0,1.0,2025-08-18,0.9569738012175935,0.3968714247997888,0.30054229611751737
209,Hamas,2025-09-01,2025-09-15,154,1287.0,1287.0,1154.0,674.0,475.0,659.0,566.0,62.0,959.0,209.0,6.866933284461882,7.160845906664299,0.8966588966588966,0.5236985236985237,0.3690753690753691,0.5120435120435121,0.4397824397824398,0.048174048174048176,6.872128101338986,964.0,6.670766320845874,6.539585955617669,2025-09-15,2025-09-29,5.90280629705681,0.0,0.0,1.0,2025-09-01,1.0,0.5003249412736344,0.3056737864997452
209,Hamas,2025-09-15,2025-09-29,155,883.0,883.0,722.0,296.0,217.0,289.0,551.0,43.0,964.0,157.0,6.872128101338986,6.784457062637643,0.8176670441676104,0.3352208380520951,0.24575311438278596,0.3272933182332956,0.6240090600226501,0.04869762174405436,6.270988431858299,528.0,6.866933284461882,6.670766320845874,2025-09-29,2025-10-13,5.94113620807666,0.0,0.0,1.0,2025-09-15,0.9119945598961062,0.23019791939605697,0.14439689491554114
209,Hamas,2025-09-29,2025-10-13,156,1204.0,1204.0,1009.0,307.0,247.0,277.0,834.0,93.0,528.0,111.0,6.270988431858299,7.094234845924755,0.8380398671096345,0.2549833887043189,0.20514950166112958,0.23006644518272426,0.6926910299003323,0.07724252491694353,4.48863636973214,88.0,6.872128101338986,6.866933284461882,2025-10-13,2025-10-27,5.979466119096509,0.0,0.0,1.0,2025-09-29,0.943266613170545,0.11520126522434092,0.09129679174955983
209,Hamas,2025-10-13,2025-10-27,157,1341.0,1341.0,1176.0,591.0,494.0,557.0,733.0,51.0,88.0,28.0,4.48863636973214,7.201916317531627,0.8769574944071589,0.4407158836689038,0.36838180462341535,0.4153616703952274,0.546607009694258,0.03803131991051454,4.844187086458591,126.0,6.270988431858299,6.872128101338986,2025-10-27,2025-11-10,6.017796030116359,0.0,0.0,1.0,2025-10-13,1.0,0.38139386812372905,0.30476676514173295
209,Hamas,2025-10-27,2025-11-10,158,667.0,667.0,560.0,313.0,272.0,292.0,337.0,38.0,126.0,33.0,4.844187086458591,6.504288173536645,0.8395802098950524,0.46926536731634183,0.4077961019490255,0.43778110944527737,0.5052473763118441,0.05697151424287856,4.394449154672439,80.0,4.48863636973214,6.270988431858299,2025-11-10,2025-11-24,6.056125941136208,0.0,0.0,1.0,2025-10-27,0.9456310219608028,0.42231110969200786,0.356311519756346
209,Hamas,2025-11-10,2025-11-24,159,463.0,463.0,371.0,219.0,188.0,216.0,206.0,41.0,80.0,27.0,4.394449154672439,6.139884552226255,0.8012958963282938,0.47300215982721383,0.4060475161987041,0.46652267818574517,0.4449244060475162,0.08855291576673865,3.6888794541139363,39.0,4.844187086458591,4.48863636973214,2025-11-24,2025-12-08,6.094455852156058,0.0,0.0,1.0,2025-11-10,0.8868650327386902,0.4276666966352276,0.35402477536310367
209,Hamas,2025-11-24,2025-12-08,160,436.0,436.0,352.0,174.0,155.0,179.0,233.0,24.0,39.0,26.0,3.6888794541139363,6.07993319509559,0.8073394495412844,0.39908256880733944,0.3555045871559633,0.4105504587155963,0.5344036697247706,0.05504587155963303,3.4965075614664802,32.0,4.394449154672439,4.844187086458591,2025-12-08,2025-12-22,6.132785763175907,0.0,0.0,1.0,2025-11-24,0.8961418187089694,0.3217248239295896,0.2879263529178281
209,Hamas,2025-12-08,2025-12-22,161,403.0,403.0,320.0,179.0,166.0,177.0,213.0,13.0,32.0,17.0,3.4965075614664802,6.0014148779611505,0.794044665012407,0.4441687344913151,0.4119106699751861,0.4392059553349876,0.5285359801488834,0.03225806451612903,,,3.6888794541139363,4.394449154672439,,,6.1711156741957565,0.0,0.0,0.0,2025-12-08,0.875734474511144,0.3863425086296148,0.3616924199282178
303,Taliban,2020-01-13,2020-01-27,7,132.0,132.0,103.0,80.0,74.0,81.0,40.0,11.0,706.0,154.0,6.561030665896573,4.890349128221754,0.7803030303030303,0.6060606060606061,0.5606060606060606,0.6136363636363636,0.30303030303030304,0.08333333333333333,6.926577033222725,1018.0,6.652863029353347,6.8679744089702925,2020-01-27,2020-02-10,0.2683093771389459,0.0,0.0,0.0,2020-01-13,0.8546412203297079,0.6183666285311978,0.5561514853550251
303,Taliban,2020-01-27,2020-02-10,8,297.0,297.0,253.0,217.0,196.0,227.0,41.0,29.0,1018.0,239.0,6.926577033222725,5.697093486505405,0.8518518518518519,0.7306397306397306,0.6599326599326599,0.7643097643097643,0.13804713804713806,0.09764309764309764,6.111467339502679,450.0,6.561030665896573,6.652863029353347,2020-02-10,2020-02-24,0.3066392881587953,0.0,0.0,0.0,2020-01-27,0.9644678538583731,0.7969139605151223,0.686047628033862
303,Taliban,2020-02-10,2020-02-24,9,212.0,212.0,176.0,95.0,90.0,92.0,99.0,21.0,450.0,133.0,6.111467339502679,5.3612921657094255,0.8301886792452831,0.4481132075471698,0.42452830188679247,0.4339622641509434,0.4669811320754717,0.09905660377358491,7.549082710812286,1898.0,6.926577033222725,6.561030665896573,2020-02-24,2020-03-09,0.34496919917864477,0.0,0.0,0.0,2020-02-10,0.9312151284126241,0.3919957442145062,0.3781933544832193
303,Taliban,2020-02-24,2020-03-09,10,460.0,460.0,382.0,252.0,198.0,233.0,182.0,45.0,1898.0,98.0,7.549082710812286,6.133398042996649,0.8304347826086956,0.5478260869565217,0.43043478260869567,0.5065217391304347,0.39565217391304347,0.09782608695652174,6.104793232414985,447.0,6.111467339502679,6.926577033222725,2020-03-09,2020-03-23,0.38329911019849416,0.0,0.0,0.0,2020-02-24,0.931592894297772,0.5349046677048697,0.3859176606387072
303,Taliban,2020-03-09,2020-03-23,11,155.0,155.0,130.0,78.0,68.0,73.0,73.0,9.0,447.0,98.0,6.104793232414985,5.049856007249537,0.8387096774193549,0.5032258064516129,0.43870967741935485,0.47096774193548385,0.47096774193548385,0.05806451612903226,6.169610732491456,477.0,7.549082710812286,6.111467339502679,2020-03-23,2020-04-06,0.4216290212183436,0.0,0.0,0.0,2020-03-09,0.94429476443603,0.4709833557130812,0.39673930281980524
303,Taliban,2020-03-23,2020-04-06,12,156.0,156.0,125.0,85.0,76.0,79.0,64.0,13.0,477.0,104.0,6.169610732491456,5.056245805348308,0.8012820512820513,0.5448717948717948,0.48717948717948717,0.5064102564102564,0.41025641025641024,0.08333333333333333,6.0867747269123065,439.0,6.104793232414985,7.549082710812286,2020-04-06,2020-04-20,0.459958932238193,0.0,0.0,0.0,2020-03-23,0.8868437807489726,0.5306705637054137,0.4601265663212566
303,Taliban,2020-04-06,2020-04-20,13,132.0,132.0,116.0,80.0,70.0,74.0,50.0,8.0,439.0,86.0,6.0867747269123065,4.890349128221754,0.8787878787878788,0.6060606060606061,0.5303030303030303,0.5606060606060606,0.3787878787878788,0.06060606060606061,6.272877006546167,529.0,6.169610732491456,6.104793232414985,2020-04-20,2020-05-04,0.49828884325804246,0.0,0.0,0.0,2020-04-06,1.0,0.6183666285311978,0.5165221536902952
303,Taliban,2020-04-20,2020-05-04,14,192.0,192.0,170.0,134.0,131.0,125.0,57.0,10.0,529.0,98.0,6.272877006546167,5.262690188904886,0.8854166666666666,0.6979166666666666,0.6822916666666666,0.6510416666666666,0.296875,0.052083333333333336,6.473890696352274,647.0,6.0867747269123065,6.169610732491456,2020-05-04,2020-05-18,0.5366187542778919,0.0,0.0,0.0,2020-04-20,1.0,0.7500151258470474,0.7152880203212061
303,Taliban,2020-05-04,2020-05-18,15,214.0,214.0,191.0,159.0,157.0,155.0,48.0,11.0,647.0,118.0,6.473890696352274,5.3706380281276624,0.8925233644859814,0.7429906542056075,0.7336448598130841,0.7242990654205608,0.22429906542056074,0.0514018691588785,5.916202062607435,370.0,6.272877006546167,6.0867747269123065,2020-05-18,2020-06-01,0.5749486652977412,0.0,0.0,0.0,2020-05-04,1.0,0.8146153567777366,0.7824460801882024
303,Taliban,2020-05-18,2020-06-01,16,239.0,239.0,218.0,160.0,154.0,156.0,74.0,9.0,370.0,61.0,5.916202062607435,5.480638923341991,0.9121338912133892,0.6694560669456067,0.6443514644351465,0.6527196652719666,0.30962343096234307,0.03765690376569038,6.049733455231958,423.0,6.473890696352274,6.272877006546167,2020-06-01,2020-06-15,0.6132785763175906,0.0,0.0,0.0,2020-05-18,1.0,0.7092252731006493,0.6656710400184315
303,Taliban,2020-06-01,2020-06-15,17,116.0,116.0,99.0,76.0,66.0,74.0,34.0,8.0,423.0,72.0,6.049733455231958,4.762173934797756,0.853448275862069,0.6551724137931034,0.5689655172413793,0.6379310344827587,0.29310344827586204,0.06896551724137931,6.775366090936392,875.0,5.916202062607435,6.473890696352274,2020-06-15,2020-06-29,0.6516084873374401,0.0,0.0,0.0,2020-06-01,0.9669183466957266,0.688753880562139,0.5670837147797783
303,Taliban,2020-06-15,2020-06-29,18,204.0,204.0,131.0,96.0,94.0,106.0,72.0,26.0,875.0,124.0,6.775366090936392,5.3230099791384085,0.6421568627450981,0.47058823529411764,0.46078431372549017,0.5196078431372549,0.35294117647058826,0.12745098039215685,6.455198563340122,635.0,6.049733455231958,5.916202062607435,2020-06-29,2020-07-13,0.6899383983572895,0.0,0.0,0.0,2020-06-15,0.6425884123401054,0.42420704971243095,0.42560780457709135
303,Taliban,2020-06-29,2020-07-13,19,279.0,279.0,197.0,85.0,82.0,85.0,171.0,23.0,635.0,119.0,6.455198563340122,5.634789603169249,0.7060931899641577,0.3046594982078853,0.2939068100358423,0.3046594982078853,0.6129032258064516,0.08243727598566308,6.9167150203536085,1008.0,6.775366090936392,6.049733455231958,2020-07-13,2020-07-27,0.7282683093771389,0.0,0.0,0.0,2020-06-29,0.7407299529923865,0.18639727695718702,0.20737075452081638
303,Taliban,2020-07-13,2020-07-27,20,304.0,304.0,261.0,234.0,226.0,235.0,50.0,19.0,1008.0,157.0,6.9167150203536085,5.720311776607412,0.8585526315789473,0.7697368421052632,0.743421052631579,0.7730263157894737,0.16447368421052633,0.0625,5.5053315359323625,245.0,6.455198563340122,6.775366090936392,2020-07-27,2020-08-10,0.7665982203969883,0.0,0.0,0.0,2020-07-13,0.9747534751098966,0.8529481071992664,0.7952310717797444
303,Taliban,2020-07-27,2020-08-10,21,138.0,138.0,120.0,69.0,64.0,66.0,66.0,6.0,245.0,56.0,5.5053315359323625,4.9344739331306915,0.8695652173913043,0.5,0.463768115942029,0.4782608695652174,0.4782608695652174,0.043478260869565216,6.646390514847729,769.0,6.9167150203536085,6.455198563340122,2020-08-10,2020-08-24,0.8049281314168378,0.0,0.0,0.0,2020-07-27,0.9916576700363137,0.46636011616650536,0.42950992546991007
303,Taliban,2020-08-10,2020-08-24,22,184.0,184.0,158.0,112.0,87.0,110.0,63.0,11.0,769.0,148.0,6.646390514847729,5.220355825078324,0.8586956521739131,0.6086956521739131,0.47282608695652173,0.5978260869565217,0.3423913043478261,0.059782608695652176,6.674561391814426,791.0,5.5053315359323625,6.9167150203536085,2020-08-24,2020-09-07,0.8432580424366872,0.0,0.0,0.0,2020-08-10,0.9749730101089411,0.6221431878446063,0.4413556496088239
303,Taliban,2020-08-24,2020-09-07,23,111.0,111.0,92.0,81.0,68.0,82.0,22.0,7.0,791.0,129.0,6.674561391814426,4.718498871295094,0.8288288288288288,0.7297297297297297,0.6126126126126126,0.7387387387387387,0.1981981981981982,0.06306306306306306,6.823286122355687,918.0,6.646390514847729,5.5053315359323625,2020-09-07,2020-09-21,0.8815879534565366,0.0,0.0,0.0,2020-08-24,0.9291277733715656,0.795609743334816,0.6241639869958453
303,Taliban,2020-09-07,2020-09-21,24,208.0,208.0,175.0,118.0,105.0,117.0,76.0,15.0,918.0,156.0,6.823286122355687,5.342334251964811,0.8413461538461539,0.5673076923076923,0.5048076923076923,0.5625,0.36538461538461536,0.07211538461538461,6.395261598115449,598.0,6.674561391814426,6.646390514847729,2020-09-21,2020-10-05,0.919917864476386,0.0,0.0,0.0,2020-09-07,0.9483417259940962,0.5628257874748678,0.48318016791468116
303,Taliban,2020-09-21,2020-10-05,25,179.0,179.0,156.0,135.0,128.0,132.0,35.0,12.0,598.0,111.0,6.395261598115449,5.19295685089021,0.8715083798882681,0.7541899441340782,0.7150837988826816,0.7374301675977654,0.19553072625698323,0.0670391061452514,7.080026499922591,1187.0,6.823286122355687,6.674561391814426,2020-10-05,2020-10-19,0.9582477754962354,0.0,0.0,0.0,2020-09-21,0.9946404025372965,0.8306662268059078,0.7581725196794165
303,Taliban,2020-10-05,2020-10-19,26,185.0,185.0,152.0,123.0,97.0,123.0,48.0,14.0,1187.0,131.0,7.080026499922591,5.225746673713202,0.8216216216216217,0.6648648648648648,0.5243243243243243,0.6648648648648648,0.2594594594594595,0.07567567567567568,7.234898420314831,1386.0,6.395261598115449,6.823286122355687,2020-10-19,2020-11-02,0.9965776865160849,0.0,0.0,0.0,2020-10-05,0.9180647916539565,0.702645142722587,0.5087033936591459
303,Taliban,2020-10-19,2020-11-02,27,141.0,141.0,128.0,113.0,106.0,111.0,25.0,5.0,1386.0,143.0,7.234898420314831,4.955827057601261,0.9078014184397163,0.8014184397163121,0.75177304964539,0.7872340425531915,0.1773049645390071,0.03546099290780142,6.92461239604856,1016.0,7.080026499922591,6.395261598115449,2020-11-02,2020-11-16,1.0349075975359343,0.0,0.0,0.0,2020-10-19,1.0,0.8983543078412393,0.8061535457506084
303,Taliban,2020-11-02,2020-11-16,28,66.0,66.0,62.0,55.0,51.0,54.0,9.0,3.0,1016.0,156.0,6.92461239604856,4.204692619390966,0.9393939393939394,0.8333333333333334,0.7727272727272727,0.8181818181818182,0.13636363636363635,0.045454545454545456,6.612041034833092,743.0,7.234898420314831,7.080026499922591,2020-11-16,2020-11-30,1.0732375085557837,0.0,0.0,0.0,2020-11-02,1.0,0.9440948693126817,0.8335568070081344
303,Taliban,2020-11-16,2020-11-30,29,144.0,144.0,113.0,75.0,63.0,72.0,65.0,7.0,743.0,104.0,6.612041034833092,4.976733742420574,0.7847222222222222,0.5208333333333334,0.4375,0.5,0.4513888888888889,0.04861111111111111,6.9440872082295275,1036.0,6.92461239604856,7.234898420314831,2020-11-30,2020-12-14,1.111567419575633,0.0,0.0,0.0,2020-11-16,0.8614246300476549,0.4962185382381414,0.39515732546705995
303,Taliban,2020-11-30,2020-12-14,30,149.0,149.0,117.0,86.0,79.0,84.0,55.0,10.0,1036.0,126.0,6.9440872082295275,5.0106352940962555,0.785234899328859,0.5771812080536913,0.5302013422818792,0.5637583892617449,0.3691275167785235,0.06711409395973154,6.76849321164863,869.0,6.612041034833092,6.92461239604856,2020-12-14,2020-12-28,1.1498973305954825,0.0,0.0,0.0,2020-11-30,0.8622115836199191,0.576976552297667,0.5163891693558499
303,Taliban,2020-12-14,2020-12-28,31,144.0,144.0,133.0,113.0,106.0,115.0,23.0,6.0,869.0,130.0,6.76849321164863,4.976733742420574,0.9236111111111112,0.7847222222222222,0.7361111111111112,0.7986111111111112,0.1597222222222222,0.041666666666666664,7.037027614686276,1137.0,6.9440872082295275,6.612041034833092,2020-12-28,2021-01-11,1.1882272416153319,0.0,0.0,0.0,2020-12-14,1.0,0.8744252178121976,0.7856713645799192
303,Taliban,2020-12-28,2021-01-11,32,120.0,120.0,103.0,70.0,63.0,67.0,47.0,6.0,1137.0,123.0,7.037027614686276,4.795790545596741,0.8583333333333333,0.5833333333333334,0.525,0.5583333333333333,0.39166666666666666,0.05,7.020190708311925,1118.0,6.76849321164863,6.9440872082295275,2021-01-11,2021-01-25,1.2265571526351813,0.0,0.0,0.0,2020-12-28,0.9744168547780285,0.5857938044530494,0.5095870206489675
303,Taliban,2021-01-11,2021-01-25,33,146.0,146.0,122.0,92.0,89.0,95.0,38.0,13.0,1118.0,163.0,7.020190708311925,4.990432586778736,0.8356164383561644,0.6301369863013698,0.6095890410958904,0.6506849315068494,0.2602739726027397,0.08904109589041095,7.050122520269059,1152.0,7.037027614686276,6.76849321164863,2021-01-25,2021-02-08,1.264887063655031,0.0,0.0,0.0,2021-01-11,0.9395466773864375,0.652872999244122,0.6202098570870543
303,Taliban,2021-01-25,2021-02-08,34,161.0,161.0,134.0,84.0,80.0,84.0,69.0,8.0,1152.0,188.0,7.050122520269059,5.087596335232384,0.8322981366459627,0.5217391304347826,0.4968944099378882,0.5217391304347826,0.42857142857142855,0.049689440993788817,7.065613363597717,1170.0,7.020190708311925,7.037027614686276,2021-02-08,2021-02-22,1.3032169746748803,0.0,0.0,0.0,2021-01-25,0.9344531217138932,0.4975167305021255,0.4728314308922235
303,Taliban,2021-02-08,2021-02-22,35,167.0,167.0,135.0,82.0,78.0,84.0,74.0,9.0,1170.0,132.0,7.065613363597717,5.123963979403259,0.8083832335329342,0.49101796407185627,0.46706586826347307,0.5029940119760479,0.4431137724550898,0.05389221556886228,6.674561391814426,791.0,7.050122520269059,7.020190708311925,2021-02-22,2021-03-08,1.3415468856947297,0.0,0.0,0.0,2021-02-08,0.897744015355294,0.45348702401585983,0.4338226202462332
303,Taliban,2021-02-22,2021-03-08,36,113.0,113.0,90.0,56.0,51.0,59.0,47.0,7.0,791.0,115.0,6.674561391814426,4.736198448394496,0.7964601769911505,0.49557522123893805,0.45132743362831856,0.5221238938053098,0.415929203539823,0.061946902654867256,6.602587892189336,736.0,7.065613363597717,7.050122520269059,2021-03-08,2021-03-22,1.379876796714579,0.0,0.0,0.0,2021-02-22,0.8794422581354002,0.4600185043990782,0.41324039992690625
303,Taliban,2021-03-08,2021-03-22,37,115.0,115.0,91.0,48.0,36.0,47.0,62.0,6.0,736.0,121.0,6.602587892189336,4.7535901911063645,0.7913043478260869,0.41739130434782606,0.3130434782608696,0.40869565217391307,0.5391304347826087,0.05217391304347826,6.893656354602635,985.0,6.674561391814426,7.065613363597717,2021-03-22,2021-04-05,1.4182067077344285,0.0,0.0,0.0,2021-03-08,0.8715281185592305,0.3479649816911486,0.23239707579838403
303,Taliban,2021-03-22,2021-04-05,38,118.0,118.0,101.0,62.0,55.0,62.0,49.0,7.0,985.0,171.0,6.893656354602635,4.77912349311153,0.8559322033898306,0.5254237288135594,0.4661016949152542,0.5254237288135594,0.4152542372881356,0.059322033898305086,6.96979066990159,1063.0,6.602587892189336,6.674561391814426,2021-04-05,2021-04-19,1.4565366187542779,0.0,0.0,0.0,2021-03-22,0.9707311474155412,0.5027975125929087,0.4325617052480709
303,Taliban,2021-04-05,2021-04-19,39,167.0,167.0,135.0,60.0,52.0,58.0,100.0,9.0,1063.0,206.0,6.96979066990159,5.123963979403259,0.8083832335329342,0.3592814371257485,0.31137724550898205,0.3473053892215569,0.5988023952095808,0.05389221556886228,7.373374309910049,1592.0,6.893656354602635,6.602587892189336,2021-04-19,2021-05-03,1.4948665297741273,0.0,0.0,0.0,2021-04-05,0.897744015355294,0.2646816724730597,0.23021803001666286
303,Taliban,2021-04-19,2021-05-03,40,211.0,211.0,170.0,108.0,100.0,102.0,99.0,10.0,1592.0,295.0,7.373374309910049,5.356586274672012,0.8056872037914692,0.5118483412322274,0.47393364928909953,0.4834123222748815,0.46919431279620855,0.04739336492890995,7.503840746698951,1814.0,6.96979066990159,6.893656354602635,2021-05-03,2021-05-17,1.5331964407939767,0.0,0.0,0.0,2021-04-19,0.8936056401313748,0.4833412092878149,0.44280408412438776
303,Taliban,2021-05-03,2021-05-17,41,324.0,324.0,293.0,213.0,174.0,204.0,109.0,11.0,1814.0,274.0,7.503840746698951,5.783825182329737,0.904320987654321,0.6574074074074074,0.5370370370370371,0.6296296296296297,0.33641975308641975,0.033950617283950615,7.899524472032198,2695.0,7.373374309910049,6.96979066990159,2021-05-17,2021-05-31,1.571526351813826,0.0,0.0,0.0,2021-05-03,1.0,0.6919570829299775,0.5253286718380131
303,Taliban,2021-05-17,2021-05-31,42,179.0,179.0,151.0,119.0,105.0,114.0,56.0,9.0,2695.0,363.0,7.899524472032198,5.19295685089021,0.8435754189944135,0.664804469273743,0.5865921787709497,0.6368715083798883,0.3128491620111732,0.05027932960893855,8.013012110368916,3019.0,7.503840746698951,7.373374309910049,2021-05-31,2021-06-14,1.6098562628336757,0.0,0.0,0.0,2021-05-17,0.9517636228356685,0.70255858350414,0.5901352977043886
303,Taliban,2021-05-31,2021-06-14,43,252.0,252.0,206.0,149.0,137.0,150.0,89.0,13.0,3019.0,403.0,8.013012110368916,5.53338948872752,0.8174603174603174,0.5912698412698413,0.5436507936507936,0.5952380952380952,0.3531746031746032,0.051587301587301584,8.24800570160062,3819.0,7.899524472032198,7.503840746698951,2021-06-14,2021-06-28,1.648186173853525,0.0,0.0,0.0,2021-05-31,0.9116772367336701,0.5971684414327203,0.5339779307330929
303,Taliban,2021-06-14,2021-06-28,44,346.0,346.0,302.0,208.0,124.0,207.0,111.0,28.0,3819.0,415.0,8.24800570160062,5.849324779946859,0.8728323699421965,0.6011560693641619,0.3583815028901734,0.5982658959537572,0.3208092485549133,0.08092485549132948,8.3707791729607,4318.0,8.013012110368916,7.899524472032198,2021-06-28,2021-07-12,1.6865160848733745,0.0,0.0,0.0,2021-06-14,0.9966727123266221,0.6113374256472814,0.2916886910953103
303,Taliban,2021-06-28,2021-07-12,45,862.0,862.0,745.0,498.0,195.0,500.0,310.0,52.0,4318.0,420.0,8.3707791729607,6.760414691083428,0.8642691415313225,0.5777262180974478,0.22621809744779584,0.580046403712297,0.35962877030162416,0.060324825986078884,8.0774471493312,3220.0,8.24800570160062,8.013012110368916,2021-07-12,2021-07-26,1.7248459958932238,0.0,0.0,0.0,2021-06-28,0.9835282533663641,0.5777576630138156,0.11884962596417745
303,Taliban,2021-07-12,2021-07-26,46,858.0,858.0,733.0,435.0,305.0,431.0,379.0,48.0,3220.0,354.0,8.0774471493312,6.755768921984255,0.8543123543123543,0.506993006993007,0.3554778554778555,0.5023310023310024,0.4417249417249417,0.055944055944055944,8.520388082312756,5015.0,8.3707791729607,8.24800570160062,2021-07-26,2021-08-09,1.7631759069130732,0.0,0.0,0.0,2021-07-12,0.9682446973643362,0.47638252357516636,0.2878913940860844
303,Taliban,2021-07-26,2021-08-09,47,408.0,408.0,351.0,246.0,201.0,246.0,132.0,30.0,5015.0,452.0,8.520388082312756,6.013715156042802,0.8602941176470589,0.6029411764705882,0.49264705882352944,0.6029411764705882,0.3235294117647059,0.07352941176470588,7.3537223303996315,1561.0,8.0774471493312,8.3707791729607,2021-08-09,2021-08-23,1.8015058179329226,1.0,0.0,0.0,2021-07-26,0.9774266365688489,0.6138958487557656,0.46727688125397654
303,Taliban,2021-08-09,2021-08-23,48,103.0,103.0,86.0,61.0,35.0,62.0,36.0,5.0,1561.0,126.0,7.3537223303996315,4.6443908991413725,0.8349514563106796,0.5922330097087378,0.33980582524271846,0.6019417475728155,0.34951456310679613,0.04854368932038835,6.133398042996649,460.0,8.520388082312756,8.0774471493312,2021-08-23,2021-09-06,1.839835728952772,0.0,1.0,0.0,2021-08-09,0.9385259374520589,0.5985488585419035,0.267396015312503
303,Taliban,2021-08-23,2021-09-06,49,756.0,756.0,597.0,356.0,246.0,349.0,335.0,72.0,460.0,22.0,6.133398042996649,6.6293632534374485,0.7896825396825397,0.4708994708994709,0.3253968253968254,0.46164021164021163,0.44312169312169314,0.09523809523809523,4.584967478670572,97.0,7.3537223303996315,8.520388082312756,2021-09-06,2021-09-20,1.8781656399726214,0.0,1.0,0.0,2021-08-23,0.8690386613637178,0.42465311390771215,0.24855238719545505
303,Taliban,2021-09-06,2021-09-20,50,1120.0,1120.0,820.0,500.0,318.0,455.0,517.0,148.0,97.0,26.0,4.584967478670572,7.02197642307216,0.7321428571428571,0.44642857142857145,0.2839285714285714,0.40625,0.4616071428571429,0.13214285714285715,4.007333185232471,54.0,6.133398042996649,7.3537223303996315,2021-09-20,2021-10-04,1.9164955509924708,0.0,1.0,0.0,2021-09-06,0.7807158980973878,0.3895813165537271,0.1943215339233038
303,Taliban,2021-09-20,2021-10-04,51,580.0,580.0,406.0,244.0,195.0,243.0,266.0,71.0,54.0,15.0,4.007333185232471,6.364750756851911,0.7,0.4206896551724138,0.33620689655172414,0.4189655172413793,0.4586206896551724,0.12241379310344827,3.1354942159291497,22.0,4.584967478670572,6.133398042996649,2021-10-04,2021-10-18,1.9548254620123204,0.0,1.0,0.0,2021-09-20,0.7313769751693001,0.3526921921420703,0.26268945173430985
303,Taliban,2021-10-04,2021-10-18,52,520.0,520.0,386.0,254.0,211.0,260.0,202.0,58.0,22.0,12.0,3.1354942159291497,6.255750041753367,0.7423076923076923,0.48846153846153845,0.40576923076923077,0.5,0.38846153846153847,0.11153846153846154,3.4339872044851463,30.0,4.007333185232471,4.584967478670572,2021-10-18,2021-11-01,1.9931553730321698,0.0,1.0,0.0,2021-10-04,0.7963188053481508,0.4498231439422146,0.3536608425988957
303,Taliban,2021-10-18,2021-11-01,53,329.0,329.0,233.0,122.0,105.0,132.0,150.0,47.0,30.0,12.0,3.4339872044851463,5.799092654460526,0.7082066869300911,0.3708206686930091,0.3191489361702128,0.4012158054711246,0.45592705167173253,0.14285714285714285,3.8066624897703196,44.0,3.1354942159291497,4.007333185232471,2021-11-01,2021-11-15,2.0314852840520192,0.0,1.0,0.0,2021-10-18,0.7439741469807268,0.2812197483059051,0.24038159794137956
303,Taliban,2021-11-01,2021-11-15,54,393.0,393.0,273.0,181.0,160.0,197.0,150.0,46.0,44.0,11.0,3.8066624897703196,5.976350909297934,0.6946564885496184,0.46055979643765904,0.4071246819338422,0.5012722646310432,0.3816793893129771,0.11704834605597965,2.6390573296152584,13.0,3.4339872044851463,3.1354942159291497,2021-11-15,2021-11-29,2.0698151950718686,0.0,1.0,0.0,2021-11-01,0.7231747454034774,0.40983424842783567,0.35543345818290084
303,Taliban,2021-11-15,2021-11-29,55,174.0,174.0,107.0,53.0,44.0,57.0,93.0,24.0,13.0,15.0,2.6390573296152584,5.1647859739235145,0.6149425287356322,0.3045977011494253,0.25287356321839083,0.3275862068965517,0.5344827586206896,0.13793103448275862,2.4849066497880004,11.0,3.8066624897703196,3.4339872044851463,2021-11-29,2021-12-13,2.108145106091718,0.0,1.0,0.0,2021-11-15,0.6008147167951012,0.1863087091497814,0.15370878965630266
303,Taliban,2021-11-29,2021-12-13,56,188.0,188.0,123.0,78.0,44.0,79.0,80.0,29.0,11.0,10.0,2.4849066497880004,5.241747015059643,0.6542553191489362,0.4148936170212766,0.23404255319148937,0.42021276595744683,0.425531914893617,0.15425531914893617,2.4849066497880004,11.0,2.6390573296152584,3.8066624897703196,2021-12-13,2021-12-27,2.1464750171115674,0.0,1.0,0.0,2021-11-29,0.6611594063685703,0.34438528557599224,0.1290821983723509
303,Taliban,2021-12-13,2021-12-27,57,189.0,189.0,120.0,59.0,36.0,58.0,104.0,27.0,11.0,5.0,2.4849066497880004,5.247024072160486,0.6349206349206349,0.31216931216931215,0.19047619047619047,0.30687830687830686,0.5502645502645502,0.14285714285714285,1.0986122886681098,2.0,2.4849066497880004,2.6390573296152584,2021-12-27,2022-01-10,2.184804928131417,0.0,1.0,0.0,2021-12-13,0.6314808843025547,0.19716037431429492,0.0721075057358243
303,Taliban,2021-12-27,2022-01-10,58,233.0,233.0,152.0,81.0,40.0,83.0,109.0,41.0,2.0,1.0,1.0986122886681098,5.455321115357702,0.6523605150214592,0.34763948497854075,0.17167381974248927,0.3562231759656652,0.4678111587982833,0.1759656652360515,3.044522437723423,20.0,2.4849066497880004,2.4849066497880004,2022-01-10,2022-01-24,2.223134839151266,0.0,1.0,0.0,2021-12-27,0.6582509034189441,0.24799637706750202,0.047518368001485484
303,Taliban,2022-01-10,2022-01-24,59,170.0,170.0,110.0,75.0,58.0,84.0,66.0,20.0,20.0,7.0,3.044522437723423,5.14166355650266,0.6470588235294118,0.4411764705882353,0.3411764705882353,0.49411764705882355,0.38823529411764707,0.11764705882352941,2.833213344056216,16.0,1.0986122886681098,2.4849066497880004,2022-01-24,2022-02-07,2.2614647501711156,0.0,1.0,0.0,2022-01-10,0.6501128668171559,0.3820539832583566,0.26918850135924577
303,Taliban,2022-01-24,2022-02-07,60,145.0,145.0,97.0,31.0,25.0,33.0,102.0,10.0,16.0,6.0,2.833213344056216,4.983606621708336,0.6689655172413793,0.21379310344827587,0.1724137931034483,0.22758620689655173,0.7034482758620689,0.06896551724137931,2.772588722239781,15.0,3.044522437723423,1.0986122886681098,2022-02-07,2022-02-21,2.299794661190965,0.0,1.0,0.0,2022-01-24,0.6837393944111466,0.05616717294789201,0.04848608144305431
303,Taliban,2022-02-07,2022-02-21,61,114.0,114.0,72.0,24.0,18.0,26.0,73.0,15.0,15.0,4.0,2.772588722239781,4.74493212836325,0.631578947368421,0.21052631578947367,0.15789473684210525,0.22807017543859648,0.6403508771929824,0.13157894736842105,1.791759469228055,5.0,2.833213344056216,3.044522437723423,2022-02-21,2022-03-07,2.3381245722108144,0.0,1.0,0.0,2022-02-07,0.6263514316264702,0.05148519896061548,0.02949852507374631
303,Taliban,2022-02-21,2022-03-07,62,88.0,88.0,60.0,42.0,28.0,49.0,28.0,11.0,5.0,6.0,1.791759469228055,4.48863636973214,0.6818181818181818,0.4772727272727273,0.3181818181818182,0.5568181818181818,0.3181818181818182,0.125,2.302585092994046,9.0,2.772588722239781,2.833213344056216,2022-03-07,2022-03-21,2.3764544832306638,0.0,1.0,0.0,2022-02-21,0.7034680894726041,0.433787292088357,0.239116832037186
303,Taliban,2022-03-07,2022-03-21,63,77.0,77.0,47.0,22.0,16.0,27.0,39.0,11.0,9.0,8.0,2.302585092994046,4.356708826689592,0.6103896103896104,0.2857142857142857,0.2077922077922078,0.35064935064935066,0.5064935064935064,0.14285714285714285,4.23410650459726,68.0,1.791759469228055,2.772588722239781,2022-03-21,2022-04-04,2.414784394250513,0.0,1.0,0.0,2022-03-07,0.5938260385212981,0.15924491771539206,0.09475283811567
303,Taliban,2022-03-21,2022-04-04,64,87.0,87.0,56.0,23.0,22.0,24.0,53.0,10.0,68.0,14.0,4.23410650459726,4.477336814478207,0.6436781609195402,0.26436781609195403,0.25287356321839083,0.27586206896551724,0.6091954022988506,0.11494252873563218,3.258096538021482,25.0,2.302585092994046,1.791759469228055,2022-04-04,2022-04-18,2.4531143052703626,0.0,1.0,0.0,2022-03-21,0.6449235878674658,0.12865106652869115,0.15370878965630266
303,Taliban,2022-04-04,2022-04-18,65,83.0,83.0,56.0,37.0,23.0,33.0,43.0,7.0,25.0,12.0,3.258096538021482,4.430816798843313,0.6746987951807228,0.4457831325301205,0.27710843373493976,0.39759036144578314,0.5180722891566265,0.08433734939759036,4.204692619390966,66.0,4.23410650459726,2.302585092994046,2022-04-18,2022-05-02,2.4914442162902124,0.0,1.0,0.0,2022-04-04,0.6925399113383556,0.3886562707752598,0.185402376467522
303,Taliban,2022-04-18,2022-05-02,66,146.0,146.0,130.0,111.0,100.0,109.0,28.0,9.0,66.0,23.0,4.204692619390966,4.990432586778736,0.8904109589041096,0.7602739726027398,0.684931506849315,0.7465753424657534,0.1917808219178082,0.06164383561643835,4.564348191467836,95.0,3.258096538021482,4.23410650459726,2022-05-02,2022-05-16,2.529774127310062,0.0,1.0,0.0,2022-04-18,1.0,0.8393858823217389,0.7187403186918279
303,Taliban,2022-05-02,2022-05-16,67,95.0,95.0,69.0,37.0,22.0,44.0,45.0,6.0,95.0,30.0,4.564348191467836,4.564348191467836,0.7263157894736842,0.3894736842105263,0.23157894736842105,0.4631578947368421,0.47368421052631576,0.06315789473684211,3.8501476017100584,46.0,4.204692619390966,3.258096538021482,2022-05-16,2022-05-30,2.568104038329911,0.0,1.0,0.0,2022-05-02,0.7717714149934657,0.30795332959698374,0.12586037364798427
303,Taliban,2022-05-16,2022-05-30,68,90.0,90.0,56.0,35.0,26.0,40.0,41.0,9.0,46.0,21.0,3.8501476017100584,4.51085950651685,0.6222222222222222,0.3888888888888889,0.28888888888888886,0.4444444444444444,0.45555555555555555,0.1,4.02535169073515,55.0,4.564348191467836,4.204692619390966,2022-05-30,2022-06-13,2.6064339493497606,0.0,1.0,0.0,2022-05-16,0.6119889641334337,0.3071151984511133,0.20080847809461375
303,Taliban,2022-05-30,2022-06-13,69,81.0,81.0,53.0,33.0,21.0,39.0,34.0,8.0,55.0,25.0,4.02535169073515,4.406719247264253,0.654320987654321,0.4074074074074074,0.25925925925925924,0.48148148148148145,0.41975308641975306,0.09876543209876543,4.382026634673881,79.0,3.8501476017100584,4.564348191467836,2022-06-13,2022-06-27,2.64476386036961,0.0,1.0,0.0,2022-05-30,0.6612602067831564,0.3336560180703453,0.16205979824465566
303,Taliban,2022-06-13,2022-06-27,70,128.0,128.0,90.0,67.0,55.0,79.0,29.0,20.0,79.0,26.0,4.382026634673881,4.859812404361672,0.703125,0.5234375,0.4296875,0.6171875,0.2265625,0.15625,3.9318256327243257,50.0,4.02535169073515,3.8501476017100584,2022-06-27,2022-07-11,2.6830937713894594,0.0,1.0,0.0,2022-06-13,0.7361738148984198,0.49995084099709586,0.3849403883972468
303,Taliban,2022-06-27,2022-07-11,71,68.0,68.0,45.0,31.0,21.0,35.0,27.0,6.0,50.0,16.0,3.9318256327243257,4.23410650459726,0.6617647058823529,0.45588235294117646,0.3088235294117647,0.5147058823529411,0.39705882352941174,0.08823529411764706,3.9512437185814275,51.0,4.382026634673881,4.02535169073515,2022-07-11,2022-07-25,2.7214236824093088,0.0,1.0,0.0,2022-06-27,0.672686230248307,0.4031305164853938,0.22687836196425476
303,Taliban,2022-07-11,2022-07-25,72,73.0,73.0,44.0,30.0,20.0,32.0,31.0,10.0,51.0,24.0,3.9512437185814275,4.30406509320417,0.6027397260273972,0.410958904109589,0.273972602739726,0.4383561643835616,0.4246575342465753,0.136986301369863,3.4011973816621555,29.0,3.9318256327243257,4.382026634673881,2022-07-25,2022-08-08,2.759753593429158,0.0,1.0,0.0,2022-07-11,0.5820835523671108,0.33874603827129385,0.18130143721124445
303,Taliban,2022-07-25,2022-08-08,73,207.0,207.0,158.0,123.0,112.0,122.0,67.0,18.0,29.0,11.0,3.4011973816621555,5.337538079701318,0.7632850241545893,0.5942028985507246,0.5410628019323671,0.5893719806763285,0.32367149758454106,0.08695652173913043,3.295836866004329,26.0,3.9512437185814275,3.9318256327243257,2022-08-08,2022-08-22,2.7980835044490076,0.0,1.0,0.0,2022-07-25,0.8285187729686698,0.6013721116208595,0.5305934381219747
303,Taliban,2022-08-08,2022-08-22,74,266.0,266.0,188.0,142.0,107.0,145.0,99.0,22.0,26.0,17.0,3.295836866004329,5.58724865840025,0.706766917293233,0.5338345864661654,0.40225563909774437,0.5451127819548872,0.37218045112781956,0.08270676691729323,2.833213344056216,16.0,3.4011973816621555,3.9512437185814275,2022-08-22,2022-09-05,2.836413415468857,0.0,1.0,0.0,2022-08-08,0.7417641168383713,0.5148519896061549,0.34906588003933137
303,Taliban,2022-08-22,2022-09-05,75,109.0,109.0,70.0,42.0,39.0,48.0,52.0,9.0,16.0,17.0,2.833213344056216,4.700480365792417,0.6422018348623854,0.3853211009174312,0.3577981651376147,0.44036697247706424,0.47706422018348627,0.08256880733944955,5.25227342804663,190.0,3.295836866004329,3.4011973816621555,2022-09-05,2022-09-19,2.8747433264887063,0.0,1.0,0.0,2022-08-22,0.6426574440325554,0.30200182953364657,0.290925820681443
303,Taliban,2022-09-05,2022-09-19,76,135.0,135.0,102.0,85.0,78.0,94.0,28.0,13.0,190.0,34.0,5.25227342804663,4.912654885736052,0.7555555555555555,0.6296296296296297,0.5777777777777777,0.6962962962962963,0.2074074074074074,0.0962962962962963,3.6635616461296463,38.0,2.833213344056216,3.295836866004329,2022-09-19,2022-10-03,2.9130732375085557,0.0,1.0,0.0,2022-09-05,0.8166541259092049,0.6521458535011294,0.5786081066317054
303,Taliban,2022-09-19,2022-10-03,77,120.0,120.0,88.0,62.0,42.0,59.0,42.0,19.0,38.0,17.0,3.6635616461296463,4.795790545596741,0.7333333333333333,0.5166666666666667,0.35,0.49166666666666664,0.35,0.15833333333333333,4.127134385045092,61.0,5.25227342804663,2.833213344056216,2022-10-03,2022-10-17,2.951403148528405,0.0,1.0,0.0,2022-09-19,0.7825432656132429,0.4902468538238142,0.28072763028515235
303,Taliban,2022-10-03,2022-10-17,78,83.0,83.0,63.0,40.0,37.0,42.0,36.0,5.0,61.0,17.0,4.127134385045092,4.430816798843313,0.7590361445783133,0.4819277108433735,0.4457831325301205,0.5060240963855421,0.43373493975903615,0.060240963855421686,3.9512437185814275,51.0,3.6635616461296463,5.25227342804663,2022-10-17,2022-10-31,2.9897330595482545,0.0,1.0,0.0,2022-10-03,0.8219967907748376,0.4404588343694235,0.4059897406736089
303,Taliban,2022-10-17,2022-10-31,79,105.0,105.0,84.0,65.0,56.0,66.0,26.0,13.0,51.0,22.0,3.9512437185814275,4.663439094112067,0.8,0.6190476190476191,0.5333333333333333,0.6285714285714286,0.24761904761904763,0.12380952380952381,2.833213344056216,16.0,4.127134385045092,3.6635616461296463,2022-10-31,2022-11-14,3.028062970568104,0.0,1.0,0.0,2022-10-17,0.8848758465011287,0.6369796708615683,0.5204850868567682
303,Taliban,2022-10-31,2022-11-14,80,53.0,53.0,27.0,15.0,12.0,19.0,30.0,4.0,16.0,10.0,2.833213344056216,3.9889840465642745,0.5094339622641509,0.2830188679245283,0.22641509433962265,0.3584905660377358,0.5660377358490566,0.07547169811320754,2.4849066497880004,11.0,3.9512437185814275,4.127134385045092,2022-11-14,2022-11-28,3.0663928815879533,0.0,1.0,0.0,2022-10-31,0.4388602581029857,0.15538183345814535,0.1191072521845606
303,Taliban,2022-11-14,2022-11-28,81,76.0,76.0,51.0,37.0,33.0,37.0,27.0,12.0,11.0,7.0,2.4849066497880004,4.343805421853684,0.6710526315789473,0.4868421052631579,0.4342105263157895,0.4868421052631579,0.35526315789473684,0.15789473684210525,3.1780538303479458,23.0,2.833213344056216,3.9512437185814275,2022-11-28,2022-12-12,3.1047227926078027,0.0,1.0,0.0,2022-11-14,0.6869430913627183,0.44750216538441945,0.39085545722713866
303,Taliban,2022-11-28,2022-12-12,82,107.0,107.0,88.0,63.0,57.0,60.0,41.0,6.0,23.0,10.0,3.1780538303479458,4.68213122712422,0.822429906542056,0.5887850467289719,0.5327102803738317,0.5607476635514018,0.38317757009345793,0.056074766355140186,3.044522437723423,20.0,2.4849066497880004,2.833213344056216,2022-12-12,2022-12-26,3.143052703627652,0.0,1.0,0.0,2022-11-28,0.9193054998839687,0.5936072233129167,0.5196702781683344
303,Taliban,2022-12-12,2022-12-26,83,156.0,156.0,129.0,87.0,71.0,81.0,64.0,11.0,20.0,11.0,3.044522437723423,5.056245805348308,0.8269230769230769,0.5576923076923077,0.4551282051282051,0.5192307692307693,0.41025641025641024,0.07051282051282051,4.584967478670572,97.0,3.1780538303479458,2.4849066497880004,2022-12-26,2023-01-09,3.1813826146475015,0.0,1.0,0.0,2022-12-12,0.9262024657058516,0.549044977287959,0.41821092706048457
303,Taliban,2022-12-26,2023-01-09,84,260.0,260.0,150.0,68.0,57.0,79.0,133.0,48.0,97.0,11.0,4.584967478670572,5.564520407322694,0.5769230769230769,0.26153846153846155,0.21923076923076923,0.3038461538461538,0.5115384615384615,0.18461538461538463,3.4011973816621555,29.0,3.044522437723423,3.1780538303479458,2023-01-09,2023-01-23,3.2197125256673513,0.0,1.0,0.0,2022-12-26,0.5424552873762806,0.12459602353116393,0.10971182210120263
303,Taliban,2023-01-09,2023-01-23,85,237.0,237.0,93.0,46.0,42.0,52.0,129.0,56.0,29.0,9.0,3.4011973816621555,5.472270673671475,0.3924050632911392,0.1940928270042194,0.17721518987341772,0.21940928270042195,0.5443037974683544,0.23628691983122363,2.302585092994046,9.0,4.584967478670572,3.044522437723423,2023-01-23,2023-02-06,3.2580424366872007,0.0,1.0,0.0,2023-01-09,0.2592222190473469,0.02793265283615376,0.05476519422974
303,Taliban,2023-01-23,2023-02-06,86,95.0,95.0,52.0,40.0,36.0,38.0,42.0,15.0,9.0,10.0,2.302585092994046,4.564348191467836,0.5473684210526316,0.42105263157894735,0.37894736842105264,0.4,0.4421052631578947,0.15789473684210525,1.6094379124341003,4.0,3.4011973816621555,4.584967478670572,2023-02-06,2023-02-20,3.29637234770705,0.0,1.0,0.0,2023-01-23,0.4970892241891411,0.3532124114739899,0.3185840707964602
303,Taliban,2023-02-06,2023-02-20,87,100.0,100.0,71.0,43.0,35.0,47.0,43.0,10.0,4.0,7.0,1.6094379124341003,4.61512051684126,0.71,0.43,0.35,0.47,0.43,0.1,2.4849066497880004,11.0,2.302585092994046,3.4011973816621555,2023-02-20,2023-03-06,3.3347022587268995,0.0,1.0,0.0,2023-02-06,0.746726862302483,0.3660358180058083,0.28072763028515235
303,Taliban,2023-02-20,2023-03-06,88,80.0,80.0,61.0,37.0,33.0,37.0,37.0,6.0,11.0,7.0,2.4849066497880004,4.394449154672439,0.7625,0.4625,0.4125,0.4625,0.4625,0.075,3.258096538021482,25.0,1.6094379124341003,2.302585092994046,2023-03-06,2023-03-20,3.373032169746749,0.0,1.0,0.0,2023-02-20,0.8273137697516929,0.4126149564375606,0.3624631268436578
303,Taliban,2023-03-06,2023-03-20,89,129.0,129.0,94.0,72.0,68.0,72.0,46.0,11.0,25.0,13.0,3.258096538021482,4.867534450455582,0.7286821705426356,0.5581395348837209,0.5271317829457365,0.5581395348837209,0.35658914728682173,0.08527131782945736,2.4849066497880004,11.0,2.4849066497880004,1.6094379124341003,2023-03-20,2023-04-03,3.4113620807665983,0.0,1.0,0.0,2023-03-06,0.7754037832257161,0.5496859452036291,0.5123748980509631
303,Taliban,2023-03-20,2023-04-03,90,121.0,121.0,78.0,48.0,37.0,50.0,50.0,21.0,11.0,6.0,2.4849066497880004,4.804021044733257,0.6446280991735537,0.39669421487603307,0.30578512396694213,0.4132231404958678,0.4132231404958678,0.17355371900826447,3.871201010907891,47.0,3.258096538021482,2.4849066497880004,2023-04-03,2023-04-17,3.4496919917864477,0.0,1.0,0.0,2023-03-20,0.6463817323657257,0.31830182490219455,0.2229048327197965
303,Taliban,2023-04-03,2023-04-17,91,131.0,131.0,83.0,33.0,31.0,28.0,84.0,19.0,47.0,10.0,3.871201010907891,4.882801922586371,0.6335877862595419,0.25190839694656486,0.2366412213740458,0.21374045801526717,0.6412213740458015,0.1450381679389313,1.791759469228055,5.0,2.4849066497880004,3.258096538021482,2023-04-17,2023-05-01,3.488021902806297,0.0,1.0,0.0,2023-04-03,0.6294349766512156,0.11079417393938944,0.13248065332102352
303,Taliban,2023-04-17,2023-05-01,92,212.0,212.0,170.0,127.0,104.0,118.0,75.0,19.0,5.0,4.0,1.791759469228055,5.3612921657094255,0.8018867924528302,0.5990566037735849,0.49056603773584906,0.5566037735849056,0.35377358490566035,0.08962264150943396,2.4849066497880004,11.0,3.871201010907891,2.4849066497880004,2023-05-01,2023-05-15,3.5263518138261465,0.0,1.0,0.0,2023-04-17,0.8877720516205972,0.6083284626203219,0.4645553885827721
303,Taliban,2023-05-01,2023-05-15,93,85.0,85.0,38.0,23.0,19.0,22.0,40.0,23.0,11.0,8.0,2.4849066497880004,4.454347296253507,0.4470588235294118,0.27058823529411763,0.2235294117647059,0.25882352941176473,0.47058823529411764,0.27058823529411763,1.3862943611198906,3.0,1.791759469228055,3.871201010907891,2023-05-15,2023-05-29,3.564681724845996,0.0,1.0,0.0,2023-05-01,0.3431151241534989,0.13756619782472523,0.11533344901382384
303,Taliban,2023-05-15,2023-05-29,94,151.0,151.0,114.0,93.0,78.0,99.0,39.0,13.0,3.0,5.0,1.3862943611198906,5.0238805208462765,0.7549668874172185,0.6158940397350994,0.5165562913907285,0.6556291390728477,0.2582781456953642,0.08609271523178808,3.6635616461296463,38.0,2.4849066497880004,1.791759469228055,2023-05-29,2023-06-12,3.6030116358658453,0.0,1.0,0.0,2023-05-15,0.8157505269609675,0.6324599475583879,0.49854460919338134
303,Taliban,2023-05-29,2023-06-12,95,187.0,187.0,140.0,100.0,92.0,105.0,65.0,17.0,38.0,8.0,3.6635616461296463,5.236441962829949,0.7486631016042781,0.5347593582887701,0.4919786096256685,0.5614973262032086,0.34759358288770054,0.09090909090909091,2.1972245773362196,8.0,1.3862943611198906,2.4849066497880004,2023-06-12,2023-06-26,3.6413415468856947,0.0,1.0,0.0,2023-05-29,0.806074286886928,0.5161773765213206,0.46640270482019575
303,Taliban,2023-06-12,2023-06-26,96,59.0,59.0,28.0,20.0,19.0,22.0,30.0,7.0,8.0,5.0,2.1972245773362196,4.0943445622221,0.4745762711864407,0.3389830508474576,0.3220338983050847,0.3728813559322034,0.5084745762711864,0.11864406779661017,2.1972245773362196,8.0,3.6635616461296463,1.3862943611198906,2023-06-26,2023-07-10,3.679671457905544,0.0,1.0,0.0,2023-06-12,0.38535409572636486,0.2355899387992846,0.24415445894371945
303,Taliban,2023-06-26,2023-07-10,97,86.0,86.0,40.0,26.0,25.0,32.0,43.0,11.0,8.0,7.0,2.1972245773362196,4.465908118654584,0.46511627906976744,0.3023255813953488,0.29069767441860467,0.37209302325581395,0.5,0.12790697674418605,1.3862943611198906,3.0,2.1972245773362196,3.6635616461296463,2023-07-10,2023-07-24,3.7180013689253935,0.0,1.0,0.0,2023-06-26,0.37083311459919155,0.18305229744028456,0.20317394982964032
303,Taliban,2023-07-10,2023-07-24,98,87.0,87.0,40.0,15.0,10.0,17.0,55.0,15.0,3.0,5.0,1.3862943611198906,4.477336814478207,0.45977011494252873,0.1724137931034483,0.11494252873563218,0.19540229885057472,0.632183908045977,0.1724137931034483,2.1972245773362196,8.0,2.1972245773362196,2.1972245773362196,2023-07-24,2023-08-07,3.756331279945243,0.0,1.0,0.0,2023-07-10,0.362626813004333,0.0,0.0
303,Taliban,2023-07-24,2023-08-07,99,97.0,97.0,58.0,30.0,28.0,36.0,47.0,14.0,8.0,6.0,2.1972245773362196,4.584967478670572,0.5979381443298969,0.30927835051546393,0.28865979381443296,0.3711340206185567,0.4845360824742268,0.14432989690721648,2.6390573296152584,13.0,1.3862943611198906,2.1972245773362196,2023-08-07,2023-08-21,3.7946611909650922,0.0,1.0,0.0,2023-07-24,0.5747131786553722,0.1930170357581262,0.20050887489989758
303,Taliban,2023-08-07,2023-08-21,100,117.0,117.0,61.0,35.0,27.0,38.0,63.0,16.0,13.0,9.0,2.6390573296152584,4.770684624465665,0.5213675213675214,0.29914529914529914,0.23076923076923078,0.3247863247863248,0.5384615384615384,0.13675213675213677,1.791759469228055,5.0,2.1972245773362196,1.3862943611198906,2023-08-21,2023-09-04,3.8329911019849416,0.0,1.0,0.0,2023-08-07,0.45717813663637596,0.1784943033732966,0.12480145223508057
303,Taliban,2023-08-21,2023-09-04,101,111.0,111.0,55.0,29.0,31.0,40.0,60.0,11.0,5.0,7.0,1.791759469228055,4.718498871295094,0.4954954954954955,0.26126126126126126,0.27927927927927926,0.36036036036036034,0.5405405405405406,0.0990990990990991,2.6390573296152584,13.0,2.6390573296152584,2.1972245773362196,2023-09-04,2023-09-18,3.871321013004791,0.0,1.0,0.0,2023-08-21,0.41746486893213747,0.12419873891316294,0.18824133868381654
303,Taliban,2023-09-04,2023-09-18,102,110.0,110.0,70.0,47.0,29.0,50.0,47.0,13.0,13.0,10.0,2.6390573296152584,4.709530201312334,0.6363636363636364,0.42727272727272725,0.2636363636363636,0.45454545454545453,0.42727272727272725,0.11818181818181818,0.0,0.0,1.791759469228055,2.6390573296152584,2023-09-18,2023-10-02,3.909650924024641,0.0,1.0,0.0,2023-09-04,0.6336958752308639,0.3621270791164305,0.16778403504067219
303,Taliban,2023-09-18,2023-10-02,103,81.0,81.0,55.0,29.0,26.0,32.0,40.0,9.0,0.0,2.0,0.0,4.406719247264253,0.6790123456790124,0.35802469135802467,0.32098765432098764,0.3950617283950617,0.49382716049382713,0.1111111111111111,1.3862943611198906,3.0,2.6390573296152584,1.791759469228055,2023-10-02,2023-10-16,3.9479808350444903,0.0,1.0,0.0,2023-09-18,0.6991611626675585,0.2628804990857266,0.24278621459873506
303,Taliban,2023-10-02,2023-10-16,104,83.0,83.0,39.0,20.0,18.0,32.0,32.0,19.0,3.0,8.0,1.3862943611198906,4.430816798843313,0.46987951807228917,0.24096385542168675,0.21686746987951808,0.3855421686746988,0.3855421686746988,0.2289156626506024,1.791759469228055,5.0,0.0,2.6390573296152584,2023-10-16,2023-10-30,3.9863107460643397,0.0,1.0,0.0,2023-10-02,0.37814463270689985,0.09510841040833228,0.10662117496534813
303,Taliban,2023-10-16,2023-10-30,105,45.0,45.0,19.0,7.0,5.0,11.0,23.0,11.0,5.0,6.0,1.791759469228055,3.828641396489095,0.4222222222222222,0.15555555555555556,0.1111111111111111,0.24444444444444444,0.5111111111111111,0.24444444444444444,2.0794415416798357,7.0,1.3862943611198906,0.0,2023-10-30,2023-11-13,4.024640657084189,0.0,1.0,0.0,2023-10-16,0.30499122146977675,0.0,0.0
303,Taliban,2023-10-30,2023-11-13,106,7.0,7.0,2.0,0.0,0.0,0.0,6.0,1.0,7.0,3.0,2.0794415416798357,2.0794415416798357,0.2857142857142857,0.0,0.0,0.0,0.8571428571428571,0.14285714285714285,0.0,0.0,1.791759469228055,1.3862943611198906,2023-11-13,2023-11-27,4.0629705681040384,0.0,1.0,0.0,2023-10-30,0.09545307965172521,0.0,0.0
303,Taliban,2023-11-13,2023-11-27,107,0.0,0.0,0.0,0.0,0.0,0.0,0.0,0.0,0.0,8.0,0.0,0.0,,,,,,,2.0794415416798357,7.0,2.0794415416798357,1.791759469228055,2023-11-27,2023-12-11,4.101300479123887,0.0,1.0,0.0,2023-11-13,,,
303,Taliban,2023-11-27,2023-12-11,108,42.0,42.0,24.0,8.0,5.0,8.0,30.0,4.0,7.0,8.0,2.0794415416798357,3.7612001156935624,0.5714285714285714,0.19047619047619047,0.11904761904761904,0.19047619047619047,0.7142857142857143,0.09523809523809523,0.0,0.0,0.0,2.0794415416798357,2023-12-11,2023-12-25,4.139630390143737,0.0,1.0,0.0,2023-11-27,0.5340212834569493,0.02274927395934172,0.0
303,Taliban,2023-12-11,2023-12-25,109,64.0,64.0,37.0,23.0,20.0,23.0,33.0,8.0,0.0,5.0,0.0,4.174387269895637,0.578125,0.359375,0.3125,0.359375,0.515625,0.125,0.0,0.0,2.0794415416798357,0.0,2023-12-25,2024-01-08,4.177960301163586,0.0,1.0,0.0,2023-12-11,0.5443002257336343,0.26481576718296224,0.23168633235004915
303,Taliban,2023-12-25,2024-01-08,110,33.0,33.0,20.0,13.0,10.0,14.0,15.0,4.0,0.0,6.0,0.0,3.5263605246161616,0.6060606060606061,0.3939393939393939,0.30303030303030304,0.42424242424242425,0.45454545454545453,0.12121212121212122,2.4849066497880004,11.0,0.0,2.0794415416798357,2024-01-08,2024-01-22,4.216290212183436,0.0,1.0,0.0,2023-12-25,0.5871810657363705,0.3143536038018129,0.2193021662048211
303,Taliban,2024-01-08,2024-01-22,111,53.0,53.0,33.0,19.0,16.0,20.0,28.0,5.0,11.0,11.0,2.4849066497880004,3.9889840465642745,0.6226415094339622,0.3584905660377358,0.3018867924528302,0.37735849056603776,0.5283018867924528,0.09433962264150944,0.0,0.0,0.0,0.0,2024-01-22,2024-02-05,4.254620123203286,0.0,1.0,0.0,2024-01-08,0.6126325652710933,0.26354819266105317,0.2178067197269067
303,Taliban,2024-01-22,2024-02-05,112,39.0,39.0,15.0,2.0,2.0,3.0,30.0,6.0,0.0,9.0,0.0,3.6888794541139363,0.38461538461538464,0.05128205128205128,0.05128205128205128,0.07692307692307693,0.7692307692307693,0.15384615384615385,0.6931471805599453,1.0,2.4849066497880004,0.0,2024-02-05,2024-02-19,4.292950034223135,0.0,1.0,0.0,2024-01-22,0.24726515019968745,0.0,0.0
303,Taliban,2024-02-05,2024-02-19,113,43.0,43.0,16.0,5.0,5.0,8.0,26.0,9.0,1.0,6.0,0.6931471805599453,3.784189633918261,0.37209302325581395,0.11627906976744186,0.11627906976744186,0.18604651162790697,0.6046511627906976,0.20930232558139536,0.0,0.0,0.0,2.4849066497880004,2024-02-19,2024-03-04,4.331279945242985,0.0,1.0,0.0,2024-02-05,0.22804346684865345,0.0,0.0
303,Taliban,2024-02-19,2024-03-04,114,71.0,71.0,41.0,20.0,17.0,19.0,44.0,8.0,0.0,4.0,0.0,4.276666119016055,0.5774647887323944,0.28169014084507044,0.23943661971830985,0.2676056338028169,0.6197183098591549,0.11267605633802817,2.0794415416798357,7.0,0.6931471805599453,0.0,2024-03-04,2024-03-18,4.369609856262834,0.0,1.0,0.0,2024-02-19,0.5432868088894541,0.15347749614823503,0.13613638566897945
303,Taliban,2024-03-04,2024-03-18,115,50.0,50.0,23.0,8.0,6.0,11.0,29.0,10.0,7.0,15.0,2.0794415416798357,3.9318256327243257,0.46,0.16,0.12,0.22,0.58,0.2,3.6888794541139363,39.0,0.0,0.6931471805599453,2024-03-18,2024-04-01,4.407939767282683,0.0,1.0,0.0,2024-03-04,0.36297968397291197,0.0,0.0
303,Taliban,2024-03-18,2024-04-01,116,187.0,187.0,142.0,104.0,101.0,113.0,68.0,6.0,39.0,12.0,3.6888794541139363,5.236441962829949,0.7593582887700535,0.5561497326203209,0.5401069518716578,0.6042780748663101,0.36363636363636365,0.03208556149732621,1.6094379124341003,4.0,2.0794415416798357,0.0,2024-04-01,2024-04-15,4.446269678302532,0.0,1.0,0.0,2024-03-18,0.8224912784732198,0.5468341521242837,0.5293434080524139
303,Taliban,2024-04-01,2024-04-15,117,54.0,54.0,32.0,11.0,8.0,12.0,35.0,7.0,4.0,4.0,1.6094379124341003,4.007333185232471,0.5925925925925926,0.2037037037037037,0.14814814814814814,0.2222222222222222,0.6481481481481481,0.12962962962962962,1.3862943611198906,3.0,3.6888794541139363,2.0794415416798357,2024-04-15,2024-04-29,4.484599589322382,0.0,1.0,0.0,2024-04-01,0.5665078170721511,0.04170700225879316,0.016752248807312718
303,Taliban,2024-04-15,2024-04-29,118,66.0,66.0,35.0,18.0,13.0,17.0,40.0,9.0,3.0,9.0,1.3862943611198906,4.204692619390966,0.5303030303030303,0.2727272727272727,0.19696969696969696,0.25757575757575757,0.6060606060606061,0.13636363636363635,2.6390573296152584,13.0,1.6094379124341003,3.6888794541139363,2024-04-29,2024-05-13,4.522929500342231,0.0,1.0,0.0,2024-04-15,0.4708940420001368,0.14063187538502156,0.08059950537826643
303,Taliban,2024-04-29,2024-05-13,119,71.0,71.0,45.0,39.0,32.0,37.0,19.0,15.0,13.0,7.0,2.6390573296152584,4.276666119016055,0.6338028169014085,0.5492957746478874,0.4507042253521127,0.5211267605633803,0.2676056338028169,0.2112676056338028,3.1780538303479458,23.0,1.3862943611198906,1.6094379124341003,2024-05-13,2024-05-27,4.561259411362081,0.0,1.0,0.0,2024-04-29,0.6297650462594984,0.5370110303641793,0.41242538812026536
303,Taliban,2024-05-13,2024-05-27,120,102.0,102.0,86.0,78.0,70.0,79.0,16.0,7.0,23.0,10.0,3.1780538303479458,4.634728988229636,0.8431372549019608,0.7647058823529411,0.6862745098039216,0.7745098039215687,0.1568627450980392,0.06862745098039216,1.0986122886681098,2.0,2.6390573296152584,1.3862943611198906,2024-05-27,2024-06-10,4.59958932238193,0.0,1.0,0.0,2024-05-13,0.9510910458991723,0.8457377142531746,0.7204966549058168
303,Taliban,2024-05-27,2024-06-10,121,46.0,46.0,18.0,11.0,8.0,10.0,28.0,8.0,2.0,5.0,1.0986122886681098,3.8501476017100584,0.391304347826087,0.2391304347826087,0.17391304347826086,0.21739130434782608,0.6086956521739131,0.17391304347826086,1.0986122886681098,2.0,3.1780538303479458,2.6390573296152584,2024-06-10,2024-06-24,4.63791923340178,0.0,1.0,0.0,2024-05-27,0.2575326332319168,0.09248074413906311,0.05044675302466761
303,Taliban,2024-06-10,2024-06-24,122,41.0,41.0,23.0,11.0,9.0,13.0,22.0,6.0,2.0,5.0,1.0986122886681098,3.7376696182833684,0.5609756097560976,0.2682926829268293,0.21951219512195122,0.3170731707317073,0.5365853658536586,0.14634146341463414,2.302585092994046,9.0,1.0986122886681098,3.1780538303479458,2024-06-24,2024-07-08,4.676249144421629,0.0,1.0,0.0,2024-06-10,0.5179761052689534,0.13427620239416338,0.11007986186056551
303,Taliban,2024-06-24,2024-07-08,123,51.0,51.0,33.0,10.0,9.0,10.0,33.0,8.0,9.0,8.0,2.302585092994046,3.9512437185814275,0.6470588235294118,0.19607843137254902,0.17647058823529413,0.19607843137254902,0.6470588235294118,0.1568627450980392,1.3862943611198906,3.0,1.0986122886681098,1.0986122886681098,2024-07-08,2024-07-22,4.714579055441479,0.0,1.0,0.0,2024-06-24,0.6501128668171559,0.03077842947440352,0.05379142807565506
303,Taliban,2024-07-08,2024-07-22,124,35.0,35.0,17.0,12.0,10.0,11.0,15.0,9.0,3.0,10.0,1.3862943611198906,3.58351893845611,0.4857142857142857,0.34285714285714286,0.2857142857142857,0.3142857142857143,0.42857142857142855,0.2571428571428571,1.6094379124341003,4.0,2.302585092994046,1.0986122886681098,2024-07-22,2024-08-05,4.7529089664613275,0.0,1.0,0.0,2024-07-08,0.40245082231538204,0.24114230396902228,0.1966568338249754
303,Taliban,2024-07-22,2024-08-05,125,49.0,49.0,23.0,5.0,6.0,7.0,28.0,14.0,4.0,7.0,1.6094379124341003,3.912023005428146,0.46938775510204084,0.10204081632653061,0.12244897959183673,0.14285714285714285,0.5714285714285714,0.2857142857142857,2.302585092994046,9.0,1.3862943611198906,2.302585092994046,2024-08-05,2024-08-19,4.791238877481177,0.0,1.0,0.0,2024-07-22,0.3773897820979408,0.0,0.0
303,Taliban,2024-08-05,2024-08-19,126,67.0,67.0,38.0,21.0,18.0,25.0,37.0,5.0,9.0,11.0,2.302585092994046,4.219507705176107,0.5671641791044776,0.31343283582089554,0.26865671641791045,0.373134328358209,0.5522388059701493,0.07462686567164178,2.1972245773362196,8.0,1.6094379124341003,1.3862943611198906,2024-08-19,2024-09-02,4.829568788501026,0.0,1.0,0.0,2024-08-05,0.5274754893703042,0.19897126179364555,0.17434949148064985
303,Taliban,2024-08-19,2024-09-02,127,58.0,58.0,38.0,18.0,14.0,21.0,33.0,4.0,8.0,7.0,2.1972245773362196,4.07753744390572,0.6551724137931034,0.3103448275862069,0.2413793103448276,0.3620689655172414,0.5689655172413793,0.06896551724137931,2.772588722239781,15.0,2.302585092994046,1.6094379124341003,2024-09-02,2024-09-16,4.867898699520876,0.0,1.0,0.0,2024-08-19,0.6625671362964116,0.19454551523850855,0.13867697419726716
303,Taliban,2024-09-02,2024-09-16,128,92.0,92.0,66.0,39.0,39.0,42.0,45.0,5.0,15.0,9.0,2.772588722239781,4.532599493153256,0.717391304347826,0.42391304347826086,0.42391304347826086,0.45652173913043476,0.4891304347826087,0.05434782608695652,2.995732273553991,19.0,2.1972245773362196,2.302585092994046,2024-09-16,2024-09-30,4.906228610540725,0.0,1.0,0.0,2024-09-02,0.7580724310530964,0.3573119659918347,0.3773887392586892
303,Taliban,2024-09-16,2024-09-30,129,70.0,70.0,48.0,36.0,31.0,39.0,27.0,4.0,19.0,16.0,2.995732273553991,4.2626798770413155,0.6857142857142857,0.5142857142857142,0.44285714285714284,0.5571428571428572,0.38571428571428573,0.05714285714285714,2.1972245773362196,8.0,2.772588722239781,2.1972245773362196,2024-09-30,2024-10-14,4.944558521560575,0.0,1.0,0.0,2024-09-16,0.7094485649790391,0.4868344627299128,0.4021632251720747
303,Taliban,2024-09-30,2024-10-14,130,57.0,57.0,43.0,27.0,18.0,27.0,26.0,4.0,8.0,9.0,2.1972245773362196,4.060443010546419,0.7543859649122807,0.47368421052631576,0.3157894736842105,0.47368421052631576,0.45614035087719296,0.07017543859649122,1.9459101490553132,6.0,2.995732273553991,2.772588722239781,2024-10-14,2024-10-28,4.982888432580425,0.0,1.0,0.0,2024-09-30,0.8148588174725754,0.4286442146023335,0.23598820058997047
303,Taliban,2024-10-14,2024-10-28,131,52.0,52.0,36.0,23.0,23.0,25.0,24.0,3.0,6.0,10.0,1.9459101490553132,3.970291913552122,0.6923076923076923,0.4423076923076923,0.4423076923076923,0.4807692307692308,0.46153846153846156,0.057692307692307696,1.9459101490553132,6.0,2.1972245773362196,2.995732273553991,2024-10-28,2024-11-11,5.021218343600274,0.0,1.0,0.0,2024-10-14,0.7195693696822365,0.38367525504505173,0.40144467135617573
303,Taliban,2024-10-28,2024-11-11,132,31.0,31.0,17.0,9.0,9.0,11.0,16.0,4.0,6.0,7.0,1.9459101490553132,3.4657359027997265,0.5483870967741935,0.2903225806451613,0.2903225806451613,0.3548387096774194,0.5161290322580645,0.12903225806451613,1.0986122886681098,2.0,1.9459101490553132,2.1972245773362196,2024-11-11,2024-11-25,5.059548254620124,0.0,1.0,0.0,2024-10-28,0.49865287992426993,0.16584954563907195,0.20268341421638597
303,Taliban,2024-11-11,2024-11-25,133,47.0,47.0,33.0,21.0,15.0,22.0,25.0,0.0,2.0,8.0,1.0986122886681098,3.871201010907891,0.7021276595744681,0.44680851063829785,0.3191489361702128,0.46808510638297873,0.5319148936170213,0.0,1.9459101490553132,6.0,1.9459101490553132,1.9459101490553132,2024-11-25,2024-12-09,5.0978781656399725,0.0,1.0,0.0,2024-11-11,0.7346429086018923,0.39012584704743464,0.24038159794137956
303,Taliban,2024-11-25,2024-12-09,134,41.0,41.0,19.0,13.0,11.0,15.0,14.0,12.0,6.0,5.0,1.9459101490553132,3.7376696182833684,0.4634146341463415,0.3170731707317073,0.2682926829268293,0.36585365853658536,0.34146341463414637,0.2926829268292683,2.5649493574615367,12.0,1.0986122886681098,1.9459101490553132,2024-12-09,2024-12-23,5.136208076659822,0.0,1.0,0.0,2024-11-25,0.36822110884765735,0.20418860529360378,0.17387342015013074
303,Taliban,2024-12-09,2024-12-23,135,107.0,107.0,84.0,68.0,65.0,74.0,28.0,5.0,12.0,13.0,2.5649493574615367,4.68213122712422,0.7850467289719626,0.6355140186915887,0.6074766355140186,0.6915887850467289,0.2616822429906542,0.04672897196261682,3.295836866004329,26.0,1.9459101490553132,1.0986122886681098,2024-12-23,2025-01-06,5.174537987679671,0.0,1.0,0.0,2024-12-09,0.861922744245902,0.6605793849689227,0.6174473207803783
303,Taliban,2024-12-23,2025-01-06,136,177.0,177.0,164.0,141.0,130.0,135.0,37.0,5.0,26.0,10.0,3.295836866004329,5.181783550292085,0.9265536723163842,0.7966101694915254,0.7344632768361582,0.7627118644067796,0.20903954802259886,0.02824858757062147,2.0794415416798357,7.0,2.5649493574615367,1.9459101490553132,2025-01-06,2025-01-20,5.212867898699521,0.0,1.0,0.0,2024-12-23,1.0,0.8914630744745435,0.7835163797365687
303,Taliban,2025-01-06,2025-01-20,137,98.0,98.0,57.0,26.0,20.0,27.0,64.0,7.0,7.0,9.0,2.0794415416798357,4.59511985013459,0.5816326530612245,0.2653061224489796,0.20408163265306123,0.2755102040816326,0.6530612244897959,0.07142857142857142,2.1972245773362196,8.0,3.295836866004329,2.5649493574615367,2025-01-20,2025-02-03,5.25119780971937,0.0,1.0,0.0,2025-01-06,0.5496844335928502,0.12999585119623847,0.08990026689141735
303,Taliban,2025-01-20,2025-02-03,138,59.0,59.0,49.0,26.0,23.0,27.0,28.0,4.0,8.0,12.0,2.1972245773362196,4.0943445622221,0.8305084745762712,0.4406779661016949,0.3898305084745763,0.4576271186440678,0.4745762711864407,0.06779661016949153,3.367295829986474,28.0,2.0794415416798357,3.295836866004329,2025-02-03,2025-02-17,5.28952772073922,0.0,1.0,0.0,2025-01-20,0.9317060106362628,0.3813395245048977,0.33281669249870843
303,Taliban,2025-02-03,2025-02-17,139,80.0,80.0,65.0,41.0,38.0,44.0,29.0,7.0,28.0,7.0,3.367295829986474,4.394449154672439,0.8125,0.5125,0.475,0.55,0.3625,0.0875,1.6094379124341003,4.0,2.1972245773362196,2.0794415416798357,2025-02-17,2025-03-03,5.327857631759069,0.0,1.0,0.0,2025-02-03,0.9040632054176072,0.4842751694094869,0.4441986234021632
303,Taliban,2025-02-17,2025-03-03,140,48.0,48.0,38.0,22.0,18.0,23.0,23.0,2.0,4.0,13.0,1.6094379124341003,3.8918202981106265,0.7916666666666666,0.4583333333333333,0.375,0.4791666666666667,0.4791666666666667,0.041666666666666664,0.6931471805599453,1.0,3.367295829986474,2.1972245773362196,2025-03-03,2025-03-17,5.366187542778919,0.0,1.0,0.0,2025-02-17,0.8720842738901429,0.4066432720232333,0.3134218289085546
303,Taliban,2025-03-03,2025-03-17,141,106.0,106.0,81.0,52.0,46.0,54.0,44.0,8.0,1.0,6.0,0.6931471805599453,4.672828834461906,0.7641509433962265,0.49056603773584906,0.4339622641509434,0.5094339622641509,0.41509433962264153,0.07547169811320754,0.0,0.0,1.6094379124341003,3.367295829986474,2025-03-17,2025-03-31,5.404517453798768,0.0,1.0,0.0,2025-03-03,0.829847949231228,0.45283932126614185,0.39053078792601253
303,Taliban,2025-03-17,2025-03-31,142,49.0,49.0,39.0,13.0,13.0,19.0,30.0,0.0,0.0,4.0,0.0,3.912023005428146,0.7959183673469388,0.2653061224489796,0.2653061224489796,0.3877551020408163,0.6122448979591837,0.0,0.0,0.0,0.6931471805599453,1.6094379124341003,2025-03-31,2025-04-14,5.4428473648186175,0.0,1.0,0.0,2025-03-17,0.8786105864467684,0.12999585119623847,0.1699676920915859
303,Taliban,2025-03-31,2025-04-14,143,38.0,38.0,23.0,8.0,6.0,12.0,25.0,1.0,0.0,8.0,0.0,3.6635616461296463,0.6052631578947368,0.21052631578947367,0.15789473684210525,0.3157894736842105,0.6578947368421053,0.02631578947368421,0.0,0.0,0.0,0.6931471805599453,2025-04-14,2025-04-28,5.4811772758384665,0.0,1.0,0.0,2025-03-31,0.5859569918023049,0.05148519896061548,0.02949852507374631
303,Taliban,2025-04-14,2025-04-28,144,42.0,42.0,26.0,6.0,5.0,8.0,28.0,6.0,0.0,5.0,0.0,3.7612001156935624,0.6190476190476191,0.14285714285714285,0.11904761904761904,0.19047619047619047,0.6666666666666666,0.14285714285714285,0.6931471805599453,1.0,0.0,0.0,2025-04-28,2025-05-12,5.519507186858316,0.0,1.0,0.0,2025-04-14,0.6071159840911534,0.0,0.0
303,Taliban,2025-04-28,2025-05-12,145,44.0,44.0,29.0,19.0,18.0,22.0,13.0,9.0,1.0,1.0,0.6931471805599453,3.8066624897703196,0.6590909090909091,0.4318181818181818,0.4090909090909091,0.5,0.29545454545454547,0.20454545454545456,2.8903717578961645,17.0,0.0,0.0,2025-05-12,2025-05-26,5.557837097878165,0.0,1.0,0.0,2025-04-28,0.668581982351734,0.3686416439320602,0.3580048270313757
303,Taliban,2025-05-12,2025-05-26,146,44.0,44.0,25.0,14.0,13.0,17.0,23.0,4.0,17.0,6.0,2.8903717578961645,3.8066624897703196,0.5681818181818182,0.3181818181818182,0.29545454545454547,0.38636363636363635,0.5227272727272727,0.09090909090909091,1.9459101490553132,6.0,0.6931471805599453,0.0,2025-05-26,2025-06-09,5.596167008898015,0.0,1.0,0.0,2025-05-12,0.5290375538682537,0.2057775235413183,0.20939483328863862
303,Taliban,2025-05-26,2025-06-09,147,25.0,25.0,17.0,9.0,9.0,11.0,12.0,2.0,6.0,5.0,1.9459101490553132,3.258096538021482,0.68,0.36,0.36,0.44,0.48,0.08,2.0794415416798357,7.0,2.8903717578961645,0.6931471805599453,2025-06-09,2025-06-23,5.634496919917864,0.0,1.0,0.0,2025-05-26,0.7006772009029346,0.2657115198451113,0.29380530973451324
303,Taliban,2025-06-09,2025-06-23,148,20.0,20.0,11.0,7.0,4.0,8.0,11.0,1.0,7.0,7.0,2.0794415416798357,3.044522437723423,0.55,0.35,0.2,0.4,0.55,0.05,2.8903717578961645,17.0,1.9459101490553132,2.8903717578961645,2025-06-23,2025-07-07,5.672826830937714,0.0,1.0,0.0,2025-06-09,0.5011286681715577,0.251379477250726,0.08456243854473945
303,Taliban,2025-06-23,2025-07-07,149,31.0,31.0,25.0,12.0,12.0,13.0,16.0,2.0,17.0,4.0,2.8903717578961645,3.4657359027997265,0.8064516129032258,0.3870967741935484,0.3870967741935484,0.41935483870967744,0.5161290322580645,0.06451612903225806,1.6094379124341003,4.0,2.0794415416798357,1.9459101490553132,2025-07-07,2025-07-21,5.711156741957564,0.0,1.0,0.0,2025-06-23,0.8947789994902788,0.30454673203634886,0.3292416024360072
303,Taliban,2025-07-07,2025-07-21,150,62.0,62.0,39.0,15.0,13.0,18.0,39.0,5.0,4.0,5.0,1.6094379124341003,4.143134726391533,0.6290322580645161,0.24193548387096775,0.20967741935483872,0.2903225806451613,0.6290322580645161,0.08064516129032258,0.6931471805599453,1.0,2.8903717578961645,2.0794415416798357,2025-07-21,2025-08-04,5.749486652977413,0.0,1.0,0.0,2025-07-07,0.6224422922886478,0.09650095244043347,0.09721825736670157
303,Taliban,2025-07-21,2025-08-04,151,43.0,43.0,22.0,14.0,10.0,12.0,24.0,7.0,1.0,3.0,0.6931471805599453,3.784189633918261,0.5116279069767442,0.32558139534883723,0.23255813953488372,0.27906976744186046,0.5581395348837209,0.16279069767441862,2.3978952727983707,10.0,1.6094379124341003,2.8903717578961645,2025-08-04,2025-08-18,5.7878165639972625,0.0,1.0,0.0,2025-07-21,0.4422279384744606,0.2163826290551341,0.12714092977521665
303,Taliban,2025-08-04,2025-08-18,152,48.0,48.0,21.0,9.0,8.0,11.0,30.0,7.0,10.0,6.0,2.3978952727983707,3.8918202981106265,0.4375,0.1875,0.16666666666666666,0.22916666666666666,0.625,0.14583333333333334,1.3862943611198906,3.0,0.6931471805599453,1.6094379124341003,2025-08-18,2025-09-01,5.8261464750171115,0.0,1.0,0.0,2025-08-04,0.32844243792325056,0.018483785091965164,0.04097017371353654
303,Taliban,2025-08-18,2025-09-01,153,43.0,43.0,31.0,11.0,8.0,12.0,28.0,3.0,3.0,10.0,1.3862943611198906,3.784189633918261,0.7209302325581395,0.2558139534883721,0.18604651162790697,0.27906976744186046,0.6511627906976745,0.06976744186046512,1.791759469228055,5.0,2.3978952727983707,0.6931471805599453,2025-09-01,2025-09-15,5.864476386036961,0.0,1.0,0.0,2025-08-18,0.7635046459131712,0.11639163421058558,0.06631451373167777
303,Taliban,2025-09-01,2025-09-15,154,84.0,84.0,51.0,41.0,41.0,47.0,16.0,21.0,5.0,2.0,1.791759469228055,4.442651256490317,0.6071428571428571,0.4880952380952381,0.4880952380952381,0.5595238095238095,0.19047619047619047,0.25,1.9459101490553132,6.0,1.3862943611198906,2.3978952727983707,2025-09-15,2025-09-29,5.90280629705681,0.0,1.0,0.0,2025-09-01,0.5888423089326024,0.449298160696999,0.46132415601442145
303,Taliban,2025-09-15,2025-09-29,155,82.0,82.0,68.0,22.0,20.0,24.0,54.0,4.0,6.0,4.0,1.9459101490553132,4.418840607796598,0.8292682926829268,0.2682926829268293,0.24390243902439024,0.2926829268292683,0.6585365853658537,0.04878048780487805,4.48863636973214,88.0,1.791759469228055,1.3862943611198906,2025-09-29,2025-10-13,5.94113620807666,0.0,1.0,0.0,2025-09-15,0.9298023454275174,0.13427620239416338,0.1419766410053481
303,Taliban,2025-09-29,2025-10-13,156,270.0,270.0,240.0,179.0,134.0,182.0,82.0,6.0,88.0,8.0,4.48863636973214,5.602118820879701,0.8888888888888888,0.662962962962963,0.4962962962962963,0.674074074074074,0.3037037037037037,0.022222222222222223,3.784189633918261,43.0,1.9459101490553132,1.791759469228055,2025-10-13,2025-10-27,5.979466119096509,0.0,1.0,0.0,2025-09-29,1.0,0.699919328815747,0.4720492370443206
303,Taliban,2025-10-13,2025-10-27,157,407.0,407.0,364.0,267.0,246.0,252.0,147.0,8.0,43.0,6.0,3.784189633918261,6.0112671744041615,0.8943488943488943,0.6560196560196561,0.6044226044226044,0.6191646191646192,0.36117936117936117,0.019656019656019656,2.4849066497880004,11.0,4.48863636973214,1.9459101490553132,2025-10-27,2025-11-10,6.017796030116359,0.0,1.0,0.0,2025-10-13,1.0,0.6899681517300105,0.6134533568161886
303,Taliban,2025-10-27,2025-11-10,158,172.0,172.0,142.0,44.0,37.0,39.0,129.0,4.0,11.0,2.0,2.4849066497880004,5.153291594497779,0.8255813953488372,0.2558139534883721,0.21511627906976744,0.22674418604651161,0.75,0.023255813953488372,0.0,0.0,3.784189633918261,4.48863636973214,2025-11-10,2025-11-24,6.056125941136208,0.0,1.0,0.0,2025-10-27,0.9241429996325267,0.11639163421058558,0.10433102375888957
303,Taliban,2025-11-10,2025-11-24,159,76.0,76.0,56.0,42.0,38.0,43.0,25.0,8.0,0.0,1.0,0.0,4.343805421853684,0.7368421052631579,0.5526315789473685,0.5,0.5657894736842105,0.32894736842105265,0.10526315789473684,2.833213344056216,16.0,2.4849066497880004,3.784189633918261,2025-11-24,2025-12-08,6.094455852156058,0.0,1.0,0.0,2025-11-10,0.7879291909231317,0.541791919294849,0.4768928220255654
303,Taliban,2025-11-24,2025-12-08,160,181.0,181.0,166.0,119.0,100.0,115.0,60.0,6.0,16.0,5.0,2.833213344056216,5.204006687076795,0.9171270718232044,0.6574585635359116,0.5524861878453039,0.6353591160220995,0.3314917127071823,0.03314917127071823,1.3862943611198906,3.0,0.0,2.4849066497880004,2025-12-08,2025-12-22,6.132785763175907,0.0,1.0,0.0,2025-11-24,1.0,0.6920304001112461,0.5455325760415478
303,Taliban,2025-12-08,2025-12-22,161,61.0,61.0,43.0,23.0,19.0,27.0,30.0,4.0,3.0,3.0,1.3862943611198906,4.127134385045092,0.7049180327868853,0.3770491803278688,0.3114754098360656,0.4426229508196721,0.4918032786885246,0.06557377049180328,,,2.833213344056216,0.0,,,6.1711156741957565,0.0,0.0,0.0,2025-12-08,0.7389260999888984,0.29014647771094854,0.23034640617695892
group:farc_bloc,FARC family,2020-01-13,2020-01-27,7,30.0,30.0,22.0,16.0,15.0,15.0,12.0,3.0,3.0,3.0,1.3862943611198906,3.4339872044851463,0.7333333333333333,0.5333333333333333,0.5,0.5,0.4,0.1,1.6094379124341003,4.0,1.6094379124341003,0.0,2020-01-27,2020-02-10,0.2683093771389459,0.0,0.0,0.0,2020-01-13,0.7825432656132429,0.5141335914811229,0.4768928220255654
group:farc_bloc,FARC family,2020-01-27,2020-02-10,8,22.0,22.0,18.0,6.0,6.0,5.0,16.0,1.0,4.0,3.0,1.6094379124341003,3.1354942159291497,0.8181818181818182,0.2727272727272727,0.2727272727272727,0.22727272727272727,0.7272727272727273,0.045454545454545456,2.0794415416798357,7.0,1.3862943611198906,1.6094379124341003,2020-02-10,2020-02-24,0.3066392881587953,0.0,0.0,0.0,2020-01-27,0.9127847321978249,0.14063187538502156,0.17967283454009114
group:farc_bloc,FARC family,2020-02-10,2020-02-24,9,16.0,16.0,14.0,8.0,8.0,7.0,7.0,2.0,7.0,2.0,2.0794415416798357,2.833213344056216,0.875,0.5,0.5,0.4375,0.4375,0.125,0.0,0.0,1.6094379124341003,1.3862943611198906,2020-02-24,2020-03-09,0.34496919917864477,0.0,0.0,0.0,2020-02-10,1.0,0.46636011616650536,0.4768928220255654
group:farc_bloc,FARC family,2020-02-24,2020-03-09,10,27.0,27.0,19.0,7.0,7.0,6.0,16.0,5.0,0.0,0.0,0.0,3.332204510175204,0.7037037037037037,0.25925925925925924,0.25925925925925924,0.2222222222222222,0.5925925925925926,0.18518518518518517,0.0,0.0,2.0794415416798357,1.6094379124341003,2020-03-09,2020-03-23,0.38329911019849416,0.0,0.0,0.0,2020-02-24,0.7370621185519606,0.12132946111648918,0.16205979824465566
group:farc_bloc,FARC family,2020-03-09,2020-03-23,11,10.0,10.0,5.0,3.0,4.0,3.0,5.0,2.0,0.0,0.0,0.0,2.3978952727983707,0.5,0.3,0.4,0.3,0.5,0.2,0.0,0.0,0.0,2.0794415416798357,2020-03-23,2020-04-06,0.4216290212183436,0.0,0.0,0.0,2020-03-09,0.42437923250564336,0.1797192642787996,0.34611602753195675
group:farc_bloc,FARC family,2020-03-23,2020-04-06,12,10.0,10.0,8.0,6.0,6.0,7.0,1.0,2.0,0.0,0.0,0.0,2.3978952727983707,0.8,0.6,0.6,0.7,0.1,0.2,2.3978952727983707,10.0,0.0,0.0,2020-04-06,2020-04-20,0.459958932238193,0.0,0.0,0.0,2020-03-23,0.8848758465011287,0.6096805421103582,0.607669616519174
group:farc_bloc,FARC family,2020-04-06,2020-04-20,13,18.0,18.0,13.0,12.0,12.0,11.0,3.0,4.0,10.0,3.0,2.3978952727983707,2.9444389791664403,0.7222222222222222,0.6666666666666666,0.6666666666666666,0.6111111111111112,0.16666666666666666,0.2222222222222222,1.6094379124341003,4.0,0.0,0.0,2020-04-20,2020-05-04,0.49828884325804246,0.0,0.0,0.0,2020-04-06,0.7654878354652621,0.7052274927395934,0.6948541461815797
group:farc_bloc,FARC family,2020-04-20,2020-05-04,14,8.0,8.0,5.0,3.0,3.0,5.0,2.0,1.0,4.0,3.0,1.6094379124341003,2.1972245773362196,0.625,0.375,0.375,0.625,0.25,0.125,0.6931471805599453,1.0,2.3978952727983707,0.0,2020-05-04,2020-05-18,0.5366187542778919,0.0,0.0,0.0,2020-04-20,0.6162528216704289,0.28720958373668926,0.3134218289085546
group:farc_bloc,FARC family,2020-05-04,2020-05-18,15,11.0,11.0,6.0,4.0,2.0,3.0,6.0,2.0,1.0,1.0,0.6931471805599453,2.4849066497880004,0.5454545454545454,0.36363636363636365,0.18181818181818182,0.2727272727272727,0.5454545454545454,0.18181818181818182,1.791759469228055,5.0,1.6094379124341003,2.3978952727983707,2020-05-18,2020-06-01,0.5749486652977412,0.0,0.0,0.0,2020-05-04,0.4941514467473835,0.2709231716976151,0.060784839545901505
group:farc_bloc,FARC family,2020-05-18,2020-06-01,16,15.0,15.0,12.0,10.0,9.0,9.0,4.0,2.0,5.0,3.0,1.791759469228055,2.772588722239781,0.8,0.6666666666666666,0.6,0.6,0.26666666666666666,0.13333333333333333,0.6931471805599453,1.0,0.6931471805599453,1.6094379124341003,2020-06-01,2020-06-15,0.6132785763175906,0.0,0.0,0.0,2020-05-18,0.8848758465011287,0.7052274927395934,0.607669616519174
group:farc_bloc,FARC family,2020-06-01,2020-06-15,17,12.0,12.0,9.0,3.0,3.0,3.0,7.0,2.0,1.0,1.0,0.6931471805599453,2.5649493574615367,0.75,0.25,0.25,0.25,0.5833333333333334,0.16666666666666666,1.9459101490553132,6.0,1.791759469228055,0.6931471805599453,2020-06-15,2020-06-29,0.6516084873374401,0.0,0.0,0.0,2020-06-01,0.8081264108352144,0.1080590513068732,0.14995083579154375
group:farc_bloc,FARC family,2020-06-15,2020-06-29,18,21.0,21.0,17.0,12.0,10.0,10.0,9.0,2.0,6.0,1.0,1.9459101490553132,3.091042453358316,0.8095238095238095,0.5714285714285714,0.47619047619047616,0.47619047619047616,0.42857142857142855,0.09523809523809523,1.0986122886681098,2.0,0.6931471805599453,1.791759469228055,2020-06-29,2020-07-13,0.6899383983572895,0.0,0.0,0.0,2020-06-15,0.8994947866279694,0.568731848983543,0.4457554900032776
group:farc_bloc,FARC family,2020-06-29,2020-07-13,19,12.0,12.0,9.0,2.0,2.0,3.0,8.0,1.0,2.0,1.0,1.0986122886681098,2.5649493574615367,0.75,0.16666666666666666,0.16666666666666666,0.25,0.6666666666666666,0.08333333333333333,1.3862943611198906,3.0,1.9459101490553132,0.6931471805599453,2020-07-13,2020-07-27,0.7282683093771389,0.0,0.0,0.0,2020-06-29,0.8081264108352144,0.0,0.04097017371353654
group:farc_bloc,FARC family,2020-07-13,2020-07-27,20,21.0,21.0,15.0,9.0,9.0,11.0,9.0,1.0,3.0,4.0,1.3862943611198906,3.091042453358316,0.7142857142857143,0.42857142857142855,0.42857142857142855,0.5238095238095238,0.42857142857142855,0.047619047619047616,1.6094379124341003,4.0,1.0986122886681098,1.9459101490553132,2020-07-27,2020-08-10,0.7665982203969883,0.0,0.0,0.0,2020-07-13,0.7533053853595615,0.36398838334946754,0.38348082595870203
group:farc_bloc,FARC family,2020-07-27,2020-08-10,21,20.0,20.0,11.0,6.0,5.0,6.0,11.0,3.0,4.0,2.0,1.6094379124341003,3.044522437723423,0.55,0.3,0.25,0.3,0.55,0.15,2.4849066497880004,11.0,1.3862943611198906,1.0986122886681098,2020-08-10,2020-08-24,0.8049281314168378,0.0,0.0,0.0,2020-07-27,0.5011286681715577,0.1797192642787996,0.14995083579154375
group:farc_bloc,FARC family,2020-08-10,2020-08-24,22,27.0,27.0,16.0,9.0,8.0,8.0,14.0,5.0,11.0,2.0,2.4849066497880004,3.332204510175204,0.5925925925925926,0.3333333333333333,0.2962962962962963,0.2962962962962963,0.5185185185185185,0.18518518518518517,1.9459101490553132,6.0,1.6094379124341003,1.3862943611198906,2020-08-24,2020-09-07,0.8432580424366872,0.0,0.0,0.0,2020-08-10,0.5665078170721511,0.22749273959341723,0.2104956480571033
group:farc_bloc,FARC family,2020-08-24,2020-09-07,23,28.0,28.0,18.0,17.0,17.0,19.0,8.0,1.0,6.0,3.0,1.9459101490553132,3.367295829986474,0.6428571428571429,0.6071428571428571,0.6071428571428571,0.6785714285714286,0.2857142857142857,0.03571428571428571,2.3978952727983707,10.0,2.4849066497880004,1.6094379124341003,2020-09-07,2020-09-21,0.8815879534565366,0.0,0.0,0.0,2020-08-24,0.6436633344082555,0.6199177153920619,0.6170108161258603
group:farc_bloc,FARC family,2020-09-07,2020-09-21,24,19.0,19.0,12.0,7.0,7.0,10.0,7.0,2.0,10.0,7.0,2.3978952727983707,2.995732273553991,0.631578947368421,0.3684210526315789,0.3684210526315789,0.5263157894736842,0.3684210526315789,0.10526315789473684,0.6931471805599453,1.0,1.9459101490553132,2.4849066497880004,2020-09-21,2020-10-05,0.919917864476386,0.0,0.0,0.0,2020-09-07,0.6263514316264702,0.2777806083456463,0.3048180924287119
group:farc_bloc,FARC family,2020-09-21,2020-10-05,25,31.0,31.0,19.0,10.0,10.0,10.0,17.0,4.0,1.0,1.0,0.6931471805599453,3.4657359027997265,0.6129032258064516,0.3225806451612903,0.3225806451612903,0.3225806451612903,0.5483870967741935,0.12903225806451613,1.6094379124341003,4.0,2.3978952727983707,1.9459101490553132,2020-10-05,2020-10-19,0.9582477754962354,0.0,0.0,0.0,2020-09-21,0.5976844098157722,0.21208194110483092,0.2448694769562597
group:farc_bloc,FARC family,2020-10-05,2020-10-19,26,36.0,36.0,19.0,6.0,7.0,3.0,31.0,2.0,4.0,2.0,1.6094379124341003,3.6109179126442243,0.5277777777777778,0.16666666666666666,0.19444444444444445,0.08333333333333333,0.8611111111111112,0.05555555555555555,1.0986122886681098,2.0,0.6931471805599453,2.3978952727983707,2020-10-19,2020-11-02,0.9965776865160849,0.0,0.0,0.0,2020-10-05,0.4670178078755957,0.0,0.07729706107287229
group:farc_bloc,FARC family,2020-10-19,2020-11-02,27,8.0,8.0,6.0,3.0,3.0,4.0,1.0,3.0,2.0,2.0,1.0986122886681098,2.1972245773362196,0.75,0.375,0.375,0.5,0.125,0.375,1.0986122886681098,2.0,1.6094379124341003,0.6931471805599453,2020-11-02,2020-11-16,1.0349075975359343,0.0,0.0,0.0,2020-10-19,0.8081264108352144,0.28720958373668926,0.3134218289085546
group:farc_bloc,FARC family,2020-11-02,2020-11-16,28,6.0,6.0,3.0,2.0,2.0,0.0,6.0,0.0,2.0,3.0,1.0986122886681098,1.9459101490553132,0.5,0.3333333333333333,0.3333333333333333,0.0,1.0,0.0,0.0,0.0,1.0986122886681098,1.6094379124341003,2020-11-16,2020-11-30,1.0732375085557837,0.0,0.0,0.0,2020-11-02,0.42437923250564336,0.22749273959341723,0.25893149786955094
group:farc_bloc,FARC family,2020-11-16,2020-11-30,29,31.0,31.0,24.0,15.0,14.0,14.0,17.0,0.0,0.0,0.0,0.0,3.4657359027997265,0.7741935483870968,0.4838709677419355,0.45161290322580644,0.45161290322580644,0.5483870967741935,0.0,0.0,0.0,1.0986122886681098,1.0986122886681098,2020-11-30,2020-12-14,1.111567419575633,0.0,0.0,0.0,2020-11-16,0.8452632345445278,0.44324391843362587,0.41361372791575474
group:farc_bloc,FARC family,2020-11-30,2020-12-14,30,18.0,18.0,14.0,6.0,7.0,4.0,14.0,0.0,0.0,1.0,0.0,2.9444389791664403,0.7777777777777778,0.3333333333333333,0.3888888888888889,0.2222222222222222,0.7777777777777778,0.0,1.0986122886681098,2.0,0.0,1.0986122886681098,2020-12-14,2020-12-28,1.1498973305954825,0.0,0.0,0.0,2020-11-30,0.8507649862051668,0.22749273959341723,0.33158527258822246
group:farc_bloc,FARC family,2020-12-14,2020-12-28,31,11.0,11.0,7.0,3.0,3.0,3.0,8.0,0.0,2.0,1.0,1.0986122886681098,2.4849066497880004,0.6363636363636364,0.2727272727272727,0.2727272727272727,0.2727272727272727,0.7272727272727273,0.0,0.0,0.0,0.0,0.0,2020-12-28,2021-01-11,1.1882272416153319,0.0,0.0,0.0,2020-12-14,0.6336958752308639,0.14063187538502156,0.17967283454009114
group:farc_bloc,FARC family,2020-12-28,2021-01-11,32,27.0,27.0,22.0,18.0,17.0,18.0,5.0,4.0,0.0,1.0,0.0,3.332204510175204,0.8148148148148148,0.6666666666666666,0.6296296296296297,0.6666666666666666,0.18518518518518517,0.14814814814814814,1.9459101490553132,6.0,1.0986122886681098,0.0,2021-01-11,2021-01-25,1.2265571526351813,0.0,0.0,0.0,2020-12-28,0.9076164200317699,0.7052274927395934,0.6464182963691322
group:farc_bloc,FARC family,2021-01-11,2021-01-25,33,10.0,10.0,8.0,8.0,9.0,8.0,1.0,1.0,6.0,2.0,1.9459101490553132,2.3978952727983707,0.8,0.8,0.9,0.8,0.1,0.1,1.9459101490553132,6.0,0.0,1.0986122886681098,2021-01-25,2021-02-08,1.264887063655031,0.0,0.0,0.0,2021-01-11,0.8848758465011287,0.8963213939980639,1.0
group:farc_bloc,FARC family,2021-01-25,2021-02-08,34,20.0,20.0,17.0,11.0,11.0,9.0,11.0,0.0,6.0,3.0,1.9459101490553132,3.044522437723423,0.85,0.55,0.55,0.45,0.55,0.0,0.6931471805599453,1.0,1.9459101490553132,0.0,2021-02-08,2021-02-22,1.3032169746748803,0.0,0.0,0.0,2021-01-25,0.9616252821670429,0.5380203291384318,0.5422812192723697
group:farc_bloc,FARC family,2021-02-08,2021-02-22,35,23.0,23.0,17.0,5.0,5.0,5.0,17.0,1.0,1.0,1.0,0.6931471805599453,3.1780538303479458,0.7391304347826086,0.21739130434782608,0.21739130434782608,0.21739130434782608,0.7391304347826086,0.043478260869565216,3.367295829986474,28.0,1.9459101490553132,1.9459101490553132,2021-02-22,2021-03-08,1.3415468856947297,0.0,0.0,0.0,2021-02-08,0.7914417509078417,0.061324129803442914,0.10730622889145397
group:farc_bloc,FARC family,2021-02-22,2021-03-08,36,24.0,24.0,14.0,9.0,9.0,10.0,11.0,3.0,28.0,7.0,3.367295829986474,3.2188758248682006,0.5833333333333334,0.375,0.375,0.4166666666666667,0.4583333333333333,0.125,0.0,0.0,0.6931471805599453,1.9459101490553132,2021-03-08,2021-03-22,1.379876796714579,0.0,0.0,0.0,2021-02-22,0.5522949586155005,0.28720958373668926,0.3134218289085546
group:farc_bloc,FARC family,2021-03-08,2021-03-22,37,28.0,28.0,21.0,15.0,9.0,16.0,11.0,1.0,0.0,0.0,0.0,3.367295829986474,0.75,0.5357142857142857,0.32142857142857145,0.5714285714285714,0.39285714285714285,0.03571428571428571,1.3862943611198906,3.0,3.367295829986474,0.6931471805599453,2021-03-22,2021-04-05,1.4182067077344285,0.0,0.0,0.0,2021-03-08,0.8081264108352144,0.5175459825750242,0.24336283185840712
group:farc_bloc,FARC family,2021-03-22,2021-04-05,38,46.0,46.0,41.0,32.0,15.0,36.0,9.0,1.0,3.0,3.0,1.3862943611198906,3.8501476017100584,0.8913043478260869,0.6956521739130435,0.32608695652173914,0.782608695652174,0.1956521739130435,0.021739130434782608,3.044522437723423,20.0,0.0,3.367295829986474,2021-04-05,2021-04-19,1.4565366187542779,0.0,0.0,0.0,2021-03-22,1.0,0.7467696451870869,0.24945491855841992
group:farc_bloc,FARC family,2021-04-05,2021-04-19,39,35.0,35.0,28.0,19.0,14.0,20.0,11.0,4.0,20.0,3.0,3.044522437723423,3.58351893845611,0.8,0.5428571428571428,0.4,0.5714285714285714,0.3142857142857143,0.11428571428571428,1.791759469228055,5.0,1.3862943611198906,0.0,2021-04-19,2021-05-03,1.4948665297741273,0.0,0.0,0.0,2021-04-05,0.8848758465011287,0.527783155856728,0.34611602753195675
group:farc_bloc,FARC family,2021-04-19,2021-05-03,40,21.0,21.0,17.0,9.0,8.0,9.0,11.0,1.0,5.0,4.0,1.791759469228055,3.091042453358316,0.8095238095238095,0.42857142857142855,0.38095238095238093,0.42857142857142855,0.5238095238095238,0.047619047619047616,0.0,0.0,3.044522437723423,1.3862943611198906,2021-05-03,2021-05-17,1.5331964407939767,0.0,0.0,0.0,2021-04-19,0.8994947866279694,0.36398838334946754,0.3212061619141265
group:farc_bloc,FARC family,2021-05-03,2021-05-17,41,15.0,15.0,14.0,11.0,7.0,6.0,4.0,5.0,0.0,0.0,0.0,2.772588722239781,0.9333333333333333,0.7333333333333333,0.4666666666666667,0.4,0.26666666666666666,0.3333333333333333,0.6931471805599453,1.0,1.791759469228055,3.044522437723423,2021-05-17,2021-05-31,1.571526351813826,0.0,0.0,0.0,2021-05-03,1.0,0.8007744433688286,0.4333005571943625
group:farc_bloc,FARC family,2021-05-17,2021-05-31,42,40.0,40.0,33.0,28.0,24.0,28.0,10.0,2.0,1.0,1.0,0.6931471805599453,3.713572066704308,0.825,0.7,0.6,0.7,0.25,0.05,0.0,0.0,0.0,1.791759469228055,2021-05-31,2021-06-14,1.6098562628336757,0.0,0.0,0.0,2021-05-17,0.9232505643340857,0.7530009680542109,0.607669616519174
group:farc_bloc,FARC family,2021-05-31,2021-06-14,43,6.0,6.0,4.0,4.0,3.0,4.0,1.0,1.0,0.0,0.0,0.0,1.9459101490553132,0.6666666666666666,0.6666666666666666,0.5,0.6666666666666666,0.16666666666666666,0.16666666666666666,2.5649493574615367,12.0,0.6931471805599453,0.0,2021-06-14,2021-06-28,1.648186173853525,0.0,0.0,0.0,2021-05-31,0.6802106847253574,0.7052274927395934,0.4768928220255654
group:farc_bloc,FARC family,2021-06-14,2021-06-28,44,18.0,18.0,12.0,12.0,8.0,15.0,2.0,1.0,12.0,3.0,2.5649493574615367,2.9444389791664403,0.6666666666666666,0.6666666666666666,0.4444444444444444,0.8333333333333334,0.1111111111111111,0.05555555555555555,3.091042453358316,21.0,0.0,0.6931471805599453,2021-06-28,2021-07-12,1.6865160848733745,0.0,0.0,0.0,2021-06-14,0.6802106847253574,0.7052274927395934,0.40423904730689386
group:farc_bloc,FARC family,2021-06-28,2021-07-12,45,14.0,14.0,10.0,8.0,7.0,8.0,5.0,1.0,21.0,4.0,3.091042453358316,2.70805020110221,0.7142857142857143,0.5714285714285714,0.5,0.5714285714285714,0.35714285714285715,0.07142857142857142,1.3862943611198906,3.0,2.5649493574615367,0.0,2021-07-12,2021-07-26,1.7248459958932238,0.0,0.0,0.0,2021-06-28,0.7533053853595615,0.568731848983543,0.4768928220255654
group:farc_bloc,FARC family,2021-07-12,2021-07-26,46,19.0,19.0,15.0,14.0,6.0,14.0,1.0,4.0,3.0,1.0,1.3862943611198906,2.995732273553991,0.7894736842105263,0.7368421052631579,0.3157894736842105,0.7368421052631579,0.05263157894736842,0.21052631578947367,0.0,0.0,3.091042453358316,2.5649493574615367,2021-07-26,2021-08-09,1.7631759069130732,0.0,0.0,0.0,2021-07-12,0.8687180705714626,0.8058032302440516,0.23598820058997047
group:farc_bloc,FARC family,2021-07-26,2021-08-09,47,10.0,10.0,10.0,6.0,3.0,4.0,5.0,1.0,0.0,0.0,0.0,2.3978952727983707,1.0,0.6,0.3,0.4,0.5,0.1,1.6094379124341003,4.0,1.3862943611198906,3.091042453358316,2021-08-09,2021-08-23,1.8015058179329226,0.0,0.0,0.0,2021-07-26,1.0,0.6096805421103582,0.21533923303834807
group:farc_bloc,FARC family,2021-08-09,2021-08-23,48,0.0,0.0,0.0,0.0,0.0,0.0,0.0,0.0,4.0,3.0,1.6094379124341003,0.0,,,,,,,1.9459101490553132,6.0,0.0,1.3862943611198906,2021-08-23,2021-09-06,1.839835728952772,0.0,0.0,0.0,2021-08-09,,,
group:farc_bloc,FARC family,2021-08-23,2021-09-06,49,9.0,9.0,7.0,5.0,3.0,6.0,2.0,1.0,6.0,3.0,1.9459101490553132,2.302585092994046,0.7777777777777778,0.5555555555555556,0.3333333333333333,0.6666666666666666,0.2222222222222222,0.1111111111111111,0.0,0.0,1.6094379124341003,0.0,2021-09-06,2021-09-20,1.8781656399726214,0.0,0.0,0.0,2021-08-23,0.8507649862051668,0.5459825750242014,0.25893149786955094
group:farc_bloc,FARC family,2021-09-06,2021-09-20,50,18.0,18.0,15.0,10.0,5.0,11.0,6.0,1.0,0.0,2.0,0.0,2.9444389791664403,0.8333333333333334,0.5555555555555556,0.2777777777777778,0.6111111111111112,0.3333333333333333,0.05555555555555555,3.4339872044851463,30.0,1.9459101490553132,1.6094379124341003,2021-09-20,2021-10-04,1.9164955509924708,0.0,0.0,0.0,2021-09-06,0.9360421369450715,0.5459825750242014,0.1862777231508795
group:farc_bloc,FARC family,2021-09-20,2021-10-04,51,18.0,18.0,14.0,13.0,12.0,13.0,5.0,0.0,30.0,5.0,3.4339872044851463,2.9444389791664403,0.7777777777777778,0.7222222222222222,0.6666666666666666,0.7222222222222222,0.2777777777777778,0.0,2.3978952727983707,10.0,0.0,1.9459101490553132,2021-10-04,2021-10-18,1.9548254620123204,0.0,0.0,0.0,2021-09-20,0.8507649862051668,0.7848499515972895,0.6948541461815797
group:farc_bloc,FARC family,2021-10-04,2021-10-18,52,20.0,20.0,17.0,13.0,12.0,12.0,7.0,1.0,10.0,7.0,2.3978952727983707,3.044522437723423,0.85,0.65,0.6,0.6,0.35,0.05,2.6390573296152584,13.0,3.4339872044851463,0.0,2021-10-18,2021-11-01,1.9931553730321698,0.0,0.0,0.0,2021-10-04,0.9616252821670429,0.6813407550822846,0.607669616519174
group:farc_bloc,FARC family,2021-10-18,2021-11-01,53,16.0,16.0,12.0,10.0,9.0,10.0,5.0,1.0,13.0,3.0,2.6390573296152584,2.833213344056216,0.75,0.625,0.5625,0.625,0.3125,0.0625,0.0,0.0,2.3978952727983707,3.4339872044851463,2021-11-01,2021-11-15,2.0314852840520192,0.0,0.0,0.0,2021-10-18,0.8081264108352144,0.6455106485963215,0.5586283185840708
group:farc_bloc,FARC family,2021-11-01,2021-11-15,54,11.0,11.0,10.0,9.0,9.0,8.0,3.0,0.0,0.0,1.0,0.0,2.4849066497880004,0.9090909090909091,0.8181818181818182,0.8181818181818182,0.7272727272727273,0.2727272727272727,0.0,0.0,0.0,2.6390573296152584,2.3978952727983707,2021-11-15,2021-11-29,2.0698151950718686,0.0,0.0,0.0,2021-11-01,1.0,0.9223796532605828,0.8930008045052293
group:farc_bloc,FARC family,2021-11-15,2021-11-29,55,8.0,8.0,5.0,1.0,1.0,1.0,7.0,0.0,0.0,3.0,0.0,2.1972245773362196,0.625,0.125,0.125,0.125,0.875,0.0,0.0,0.0,0.0,2.6390573296152584,2021-11-29,2021-12-13,2.108145106091718,0.0,0.0,0.0,2021-11-15,0.6162528216704289,0.0,0.0
group:farc_bloc,FARC family,2021-11-29,2021-12-13,56,30.0,30.0,25.0,17.0,19.0,18.0,10.0,2.0,0.0,0.0,0.0,3.4339872044851463,0.8333333333333334,0.5666666666666667,0.6333333333333333,0.6,0.3333333333333333,0.06666666666666667,0.6931471805599453,1.0,0.0,0.0,2021-12-13,2021-12-27,2.1464750171115674,0.0,0.0,0.0,2021-11-29,0.9360421369450715,0.5619070667957405,0.6512618813503769
group:farc_bloc,FARC family,2021-12-13,2021-12-27,57,16.0,16.0,13.0,12.0,4.0,12.0,4.0,0.0,1.0,1.0,0.6931471805599453,2.833213344056216,0.8125,0.75,0.25,0.75,0.25,0.0,3.58351893845611,35.0,0.0,0.0,2021-12-27,2022-01-10,2.184804928131417,0.0,0.0,0.0,2021-12-13,0.9040632054176072,0.8246611810261374,0.14995083579154375
group:farc_bloc,FARC family,2021-12-27,2022-01-10,58,25.0,25.0,24.0,22.0,19.0,21.0,3.0,1.0,35.0,7.0,3.58351893845611,3.258096538021482,0.96,0.88,0.76,0.84,0.12,0.04,2.1972245773362196,8.0,0.6931471805599453,0.0,2022-01-10,2022-01-24,2.223134839151266,0.0,0.0,0.0,2021-12-27,1.0,1.0,0.8169124877089479
group:farc_bloc,FARC family,2022-01-10,2022-01-24,59,26.0,26.0,22.0,18.0,12.0,18.0,7.0,1.0,8.0,6.0,2.1972245773362196,3.295836866004329,0.8461538461538461,0.6923076923076923,0.46153846153846156,0.6923076923076923,0.2692307692307692,0.038461538461538464,2.995732273553991,19.0,3.58351893845611,0.6931471805599453,2022-01-24,2022-02-07,2.2614647501711156,0.0,0.0,0.0,2022-01-10,0.955721479423511,0.7419763199046838,0.426594054912639
group:farc_bloc,FARC family,2022-01-24,2022-02-07,60,36.0,36.0,33.0,24.0,22.0,25.0,10.0,1.0,19.0,11.0,2.995732273553991,3.6109179126442243,0.9166666666666666,0.6666666666666666,0.6111111111111112,0.6944444444444444,0.2777777777777778,0.027777777777777776,2.3978952727983707,10.0,2.1972245773362196,3.58351893845611,2022-02-07,2022-02-21,2.299794661190965,0.0,0.0,0.0,2022-01-24,1.0,0.7052274927395934,0.6222003714629084
group:farc_bloc,FARC family,2022-02-07,2022-02-21,61,16.0,16.0,14.0,5.0,4.0,5.0,9.0,2.0,10.0,5.0,2.3978952727983707,2.833213344056216,0.875,0.3125,0.25,0.3125,0.5625,0.125,3.1780538303479458,23.0,2.995732273553991,2.1972245773362196,2022-02-21,2022-03-07,2.3381245722108144,0.0,0.0,0.0,2022-02-07,1.0,0.19763431752178123,0.14995083579154375
group:farc_bloc,FARC family,2022-02-21,2022-03-07,62,25.0,25.0,23.0,16.0,16.0,15.0,8.0,2.0,23.0,1.0,3.1780538303479458,3.258096538021482,0.92,0.64,0.64,0.6,0.32,0.08,2.5649493574615367,12.0,2.3978952727983707,2.995732273553991,2022-03-07,2022-03-21,2.3764544832306638,0.0,0.0,0.0,2022-02-21,1.0,0.6670087124878994,0.6599803343166175
group:farc_bloc,FARC family,2022-03-07,2022-03-21,63,7.0,7.0,4.0,1.0,1.0,1.0,5.0,1.0,12.0,7.0,2.5649493574615367,2.0794415416798357,0.5714285714285714,0.14285714285714285,0.14285714285714285,0.14285714285714285,0.7142857142857143,0.14285714285714285,2.70805020110221,14.0,3.1780538303479458,2.3978952727983707,2022-03-21,2022-04-04,2.414784394250513,0.0,0.0,0.0,2022-03-07,0.5340212834569493,0.0,0.00983284169124877
group:farc_bloc,FARC family,2022-03-21,2022-04-04,64,24.0,24.0,22.0,19.0,18.0,18.0,5.0,1.0,14.0,3.0,2.70805020110221,3.2188758248682006,0.9166666666666666,0.7916666666666666,0.75,0.75,0.20833333333333334,0.041666666666666664,1.791759469228055,5.0,2.5649493574615367,3.1780538303479458,2022-04-04,2022-04-18,2.4531143052703626,0.0,0.0,0.0,2022-03-21,1.0,0.8843780251694096,0.803834808259587
group:farc_bloc,FARC family,2022-04-04,2022-04-18,65,13.0,13.0,6.0,5.0,5.0,6.0,4.0,3.0,5.0,2.0,1.791759469228055,2.6390573296152584,0.46153846153846156,0.38461538461538464,0.38461538461538464,0.46153846153846156,0.3076923076923077,0.23076923076923078,2.70805020110221,14.0,2.70805020110221,2.5649493574615367,2022-04-18,2022-05-02,2.4914442162902124,0.0,0.0,0.0,2022-04-04,0.36534120507032475,0.3009903939235982,0.3259965206867862
group:farc_bloc,FARC family,2022-04-18,2022-05-02,66,12.0,12.0,9.0,6.0,5.0,6.0,6.0,0.0,14.0,4.0,2.70805020110221,2.5649493574615367,0.75,0.5,0.4166666666666667,0.5,0.5,0.0,0.6931471805599453,1.0,1.791759469228055,2.70805020110221,2022-05-02,2022-05-16,2.529774127310062,0.0,0.0,0.0,2022-04-18,0.8081264108352144,0.46636011616650536,0.3679121599475582
group:farc_bloc,FARC family,2022-05-02,2022-05-16,67,12.0,12.0,8.0,3.0,3.0,5.0,7.0,0.0,1.0,1.0,0.6931471805599453,2.5649493574615367,0.6666666666666666,0.25,0.25,0.4166666666666667,0.5833333333333334,0.0,1.0986122886681098,2.0,2.70805020110221,1.791759469228055,2022-05-16,2022-05-30,2.568104038329911,0.0,0.0,0.0,2022-05-02,0.6802106847253574,0.1080590513068732,0.14995083579154375
group:farc_bloc,FARC family,2022-05-16,2022-05-30,68,11.0,11.0,10.0,9.0,7.0,9.0,1.0,1.0,2.0,2.0,1.0986122886681098,2.4849066497880004,0.9090909090909091,0.8181818181818182,0.6363636363636364,0.8181818181818182,0.09090909090909091,0.09090909090909091,1.9459101490553132,6.0,0.6931471805599453,2.70805020110221,2022-05-30,2022-06-13,2.6064339493497606,0.0,0.0,0.0,2022-05-16,1.0,0.9223796532605828,0.6552248145168499
group:farc_bloc,FARC family,2022-05-30,2022-06-13,69,12.0,12.0,9.0,8.0,8.0,9.0,3.0,0.0,6.0,4.0,1.9459101490553132,2.5649493574615367,0.75,0.6666666666666666,0.6666666666666666,0.75,0.25,0.0,1.3862943611198906,3.0,1.0986122886681098,0.6931471805599453,2022-06-13,2022-06-27,2.64476386036961,0.0,0.0,0.0,2022-05-30,0.8081264108352144,0.7052274927395934,0.6948541461815797
group:farc_bloc,FARC family,2022-06-13,2022-06-27,70,17.0,17.0,12.0,10.0,9.0,10.0,6.0,1.0,3.0,5.0,1.3862943611198906,2.8903717578961645,0.7058823529411765,0.5882352941176471,0.5294117647058824,0.5882352941176471,0.35294117647058826,0.058823529411764705,2.6390573296152584,13.0,1.9459101490553132,1.0986122886681098,2022-06-27,2022-07-11,2.6830937713894594,0.0,0.0,0.0,2022-06-13,0.7404063205417608,0.5928193155287285,0.5153565851119208
group:farc_bloc,FARC family,2022-06-27,2022-07-11,71,24.0,24.0,17.0,8.0,6.0,7.0,17.0,0.0,13.0,5.0,2.6390573296152584,3.2188758248682006,0.7083333333333334,0.3333333333333333,0.25,0.2916666666666667,0.7083333333333334,0.0,2.1972245773362196,8.0,1.3862943611198906,1.9459101490553132,2022-07-11,2022-07-25,2.7214236824093088,0.0,0.0,0.0,2022-06-27,0.744168547780286,0.22749273959341723,0.14995083579154375
group:farc_bloc,FARC family,2022-07-11,2022-07-25,72,22.0,22.0,20.0,19.0,15.0,17.0,5.0,0.0,8.0,3.0,2.1972245773362196,3.1354942159291497,0.9090909090909091,0.8636363636363636,0.6818181818181818,0.7727272727272727,0.22727272727272727,0.0,1.791759469228055,5.0,2.6390573296152584,1.3862943611198906,2022-07-25,2022-08-08,2.759753593429158,0.0,0.0,0.0,2022-07-11,1.0,0.9875253014168794,0.7146688120139447
group:farc_bloc,FARC family,2022-07-25,2022-08-08,73,20.0,20.0,15.0,7.0,7.0,8.0,10.0,2.0,5.0,3.0,1.791759469228055,3.044522437723423,0.75,0.35,0.35,0.4,0.5,0.1,0.0,0.0,2.1972245773362196,2.6390573296152584,2022-08-08,2022-08-22,2.7980835044490076,0.0,0.0,0.0,2022-07-25,0.8081264108352144,0.251379477250726,0.28072763028515235
group:farc_bloc,FARC family,2022-08-08,2022-08-22,74,8.0,8.0,6.0,5.0,4.0,4.0,2.0,2.0,0.0,1.0,0.0,2.1972245773362196,0.75,0.625,0.5,0.5,0.25,0.25,2.70805020110221,14.0,1.791759469228055,2.1972245773362196,2022-08-22,2022-09-05,2.836413415468857,0.0,0.0,0.0,2022-08-08,0.8081264108352144,0.6455106485963215,0.4768928220255654
group:farc_bloc,FARC family,2022-08-22,2022-09-05,75,14.0,14.0,12.0,6.0,6.0,4.0,10.0,0.0,14.0,4.0,2.70805020110221,2.70805020110221,0.8571428571428571,0.42857142857142855,0.42857142857142855,0.2857142857142857,0.7142857142857143,0.0,1.0986122886681098,2.0,0.0,1.791759469228055,2022-09-05,2022-09-19,2.8747433264887063,0.0,0.0,0.0,2022-08-22,0.9725894872621734,0.36398838334946754,0.38348082595870203
group:farc_bloc,FARC family,2022-09-05,2022-09-19,76,3.0,3.0,3.0,3.0,3.0,3.0,0.0,0.0,2.0,3.0,1.0986122886681098,1.3862943611198906,1.0,1.0,1.0,1.0,0.0,0.0,1.6094379124341003,4.0,2.70805020110221,0.0,2022-09-19,2022-10-03,2.9130732375085557,0.0,0.0,0.0,2022-09-05,1.0,1.0,1.0
group:farc_bloc,FARC family,2022-09-19,2022-10-03,77,3.0,3.0,2.0,0.0,0.0,0.0,3.0,0.0,4.0,3.0,1.6094379124341003,1.3862943611198906,0.6666666666666666,0.0,0.0,0.0,1.0,0.0,2.302585092994046,9.0,1.0986122886681098,2.70805020110221,2022-10-03,2022-10-17,2.951403148528405,0.0,0.0,0.0,2022-09-19,0.6802106847253574,0.0,0.0
group:farc_bloc,FARC family,2022-10-03,2022-10-17,78,3.0,3.0,2.0,1.0,1.0,1.0,2.0,0.0,9.0,5.0,2.302585092994046,1.3862943611198906,0.6666666666666666,0.3333333333333333,0.3333333333333333,0.3333333333333333,0.6666666666666666,0.0,2.0794415416798357,7.0,1.6094379124341003,1.0986122886681098,2022-10-17,2022-10-31,2.9897330595482545,0.0,0.0,0.0,2022-10-03,0.6802106847253574,0.22749273959341723,0.25893149786955094
group:farc_bloc,FARC family,2022-10-17,2022-10-31,79,4.0,4.0,4.0,3.0,2.0,3.0,0.0,1.0,7.0,2.0,2.0794415416798357,1.6094379124341003,1.0,0.75,0.5,0.75,0.0,0.25,0.0,0.0,2.302585092994046,1.6094379124341003,2022-10-31,2022-11-14,3.028062970568104,0.0,0.0,0.0,2022-10-17,1.0,0.8246611810261374,0.4768928220255654
group:farc_bloc,FARC family,2022-10-31,2022-11-14,80,3.0,3.0,2.0,1.0,1.0,1.0,2.0,0.0,0.0,0.0,0.0,1.3862943611198906,0.6666666666666666,0.3333333333333333,0.3333333333333333,0.3333333333333333,0.6666666666666666,0.0,1.3862943611198906,3.0,2.0794415416798357,2.302585092994046,2022-11-14,2022-11-28,3.0663928815879533,0.0,0.0,0.0,2022-10-31,0.6802106847253574,0.22749273959341723,0.25893149786955094
group:farc_bloc,FARC family,2022-11-14,2022-11-28,81,13.0,13.0,12.0,10.0,9.0,10.0,2.0,1.0,3.0,1.0,1.3862943611198906,2.6390573296152584,0.9230769230769231,0.7692307692307693,0.6923076923076923,0.7692307692307693,0.15384615384615385,0.07692307692307693,2.3978952727983707,10.0,0.0,2.0794415416798357,2022-11-28,2022-12-12,3.1047227926078027,0.0,0.0,0.0,2022-11-14,1.0,0.8522228013999554,0.7283866575901974
group:farc_bloc,FARC family,2022-11-28,2022-12-12,82,30.0,30.0,22.0,20.0,19.0,20.0,6.0,4.0,10.0,2.0,2.3978952727983707,3.4339872044851463,0.7333333333333333,0.6666666666666666,0.6333333333333333,0.6666666666666666,0.2,0.13333333333333333,2.302585092994046,9.0,1.3862943611198906,0.0,2022-12-12,2022-12-26,3.143052703627652,0.0,0.0,0.0,2022-11-28,0.7825432656132429,0.7052274927395934,0.6512618813503769
group:farc_bloc,FARC family,2022-12-12,2022-12-26,83,8.0,8.0,6.0,4.0,3.0,5.0,2.0,1.0,9.0,3.0,2.302585092994046,2.1972245773362196,0.75,0.5,0.375,0.625,0.25,0.125,1.3862943611198906,3.0,2.3978952727983707,1.3862943611198906,2022-12-26,2023-01-09,3.1813826146475015,0.0,0.0,0.0,2022-12-12,0.8081264108352144,0.46636011616650536,0.3134218289085546
group:farc_bloc,FARC family,2022-12-26,2023-01-09,84,10.0,10.0,9.0,6.0,3.0,5.0,4.0,1.0,3.0,3.0,1.3862943611198906,2.3978952727983707,0.9,0.6,0.3,0.5,0.4,0.1,2.9444389791664403,18.0,2.302585092994046,2.3978952727983707,2023-01-09,2023-01-23,3.2197125256673513,0.0,0.0,0.0,2022-12-26,1.0,0.6096805421103582,0.21533923303834807
group:farc_bloc,FARC family,2023-01-09,2023-01-23,85,4.0,4.0,4.0,3.0,3.0,2.0,2.0,0.0,18.0,9.0,2.9444389791664403,1.6094379124341003,1.0,0.75,0.75,0.5,0.5,0.0,1.6094379124341003,4.0,1.3862943611198906,2.302585092994046,2023-01-23,2023-02-06,3.2580424366872007,0.0,0.0,0.0,2023-01-09,1.0,0.8246611810261374,0.803834808259587
group:farc_bloc,FARC family,2023-01-23,2023-02-06,86,4.0,4.0,3.0,3.0,2.0,2.0,2.0,0.0,4.0,5.0,1.6094379124341003,1.6094379124341003,0.75,0.75,0.5,0.5,0.5,0.0,1.3862943611198906,3.0,2.9444389791664403,1.3862943611198906,2023-02-06,2023-02-20,3.29637234770705,0.0,0.0,0.0,2023-01-23,0.8081264108352144,0.8246611810261374,0.4768928220255654
group:farc_bloc,FARC family,2023-02-06,2023-02-20,87,6.0,6.0,3.0,3.0,2.0,2.0,3.0,1.0,3.0,4.0,1.3862943611198906,1.9459101490553132,0.5,0.5,0.3333333333333333,0.3333333333333333,0.5,0.16666666666666666,0.6931471805599453,1.0,1.6094379124341003,2.9444389791664403,2023-02-20,2023-03-06,3.3347022587268995,0.0,0.0,0.0,2023-02-06,0.42437923250564336,0.46636011616650536,0.25893149786955094
group:farc_bloc,FARC family,2023-02-20,2023-03-06,88,15.0,15.0,10.0,4.0,4.0,5.0,6.0,4.0,1.0,3.0,0.6931471805599453,2.772588722239781,0.6666666666666666,0.26666666666666666,0.26666666666666666,0.3333333333333333,0.4,0.26666666666666666,1.3862943611198906,3.0,1.3862943611198906,1.6094379124341003,2023-03-06,2023-03-20,3.373032169746749,0.0,0.0,0.0,2023-02-20,0.6802106847253574,0.131945788964182,0.1717469682071452
group:farc_bloc,FARC family,2023-03-06,2023-03-20,89,7.0,7.0,4.0,1.0,1.0,1.0,4.0,2.0,3.0,3.0,1.3862943611198906,2.0794415416798357,0.5714285714285714,0.14285714285714285,0.14285714285714285,0.14285714285714285,0.5714285714285714,0.2857142857142857,1.6094379124341003,4.0,0.6931471805599453,1.3862943611198906,2023-03-20,2023-04-03,3.4113620807665983,0.0,0.0,0.0,2023-03-06,0.5340212834569493,0.0,0.00983284169124877
group:farc_bloc,FARC family,2023-03-20,2023-04-03,90,9.0,9.0,6.0,4.0,4.0,4.0,3.0,2.0,4.0,9.0,1.6094379124341003,2.302585092994046,0.6666666666666666,0.4444444444444444,0.4444444444444444,0.4444444444444444,0.3333333333333333,0.2222222222222222,1.9459101490553132,6.0,1.3862943611198906,0.6931471805599453,2023-04-03,2023-04-17,3.4496919917864477,0.0,0.0,0.0,2023-03-20,0.6802106847253574,0.38673765730880927,0.40423904730689386
group:farc_bloc,FARC family,2023-04-03,2023-04-17,91,8.0,8.0,7.0,3.0,2.0,2.0,4.0,2.0,6.0,5.0,1.9459101490553132,2.1972245773362196,0.875,0.375,0.25,0.25,0.5,0.25,1.0986122886681098,2.0,1.6094379124341003,1.3862943611198906,2023-04-17,2023-05-01,3.488021902806297,0.0,0.0,0.0,2023-04-03,1.0,0.28720958373668926,0.14995083579154375
group:farc_bloc,FARC family,2023-04-17,2023-05-01,92,12.0,12.0,7.0,4.0,2.0,4.0,8.0,0.0,2.0,2.0,1.0986122886681098,2.5649493574615367,0.5833333333333334,0.3333333333333333,0.16666666666666666,0.3333333333333333,0.6666666666666666,0.0,2.1972245773362196,8.0,1.9459101490553132,1.6094379124341003,2023-05-01,2023-05-15,3.5263518138261465,0.0,0.0,0.0,2023-04-17,0.5522949586155005,0.22749273959341723,0.04097017371353654
group:farc_bloc,FARC family,2023-05-01,2023-05-15,93,6.0,6.0,5.0,5.0,5.0,4.0,1.0,1.0,8.0,7.0,2.1972245773362196,1.9459101490553132,0.8333333333333334,0.8333333333333334,0.8333333333333334,0.6666666666666666,0.16666666666666666,0.16666666666666666,2.70805020110221,14.0,1.0986122886681098,1.9459101490553132,2023-05-15,2023-05-29,3.564681724845996,0.0,0.0,0.0,2023-05-01,0.9360421369450715,0.9440948693126817,0.9128154703375942
group:farc_bloc,FARC family,2023-05-15,2023-05-29,94,47.0,47.0,42.0,25.0,24.0,20.0,25.0,2.0,14.0,14.0,2.70805020110221,3.871201010907891,0.8936170212765957,0.5319148936170213,0.5106382978723404,0.425531914893617,0.5319148936170213,0.0425531914893617,2.6390573296152584,13.0,2.1972245773362196,1.0986122886681098,2023-05-29,2023-06-12,3.6030116358658453,0.0,0.0,0.0,2023-05-15,1.0,0.5121006776379478,0.4908052469716939
group:farc_bloc,FARC family,2023-05-29,2023-06-12,95,17.0,17.0,14.0,2.0,1.0,2.0,13.0,2.0,13.0,14.0,2.6390573296152584,2.8903717578961645,0.8235294117647058,0.11764705882352941,0.058823529411764705,0.11764705882352941,0.7647058823529411,0.11764705882352941,2.1972245773362196,8.0,2.70805020110221,2.1972245773362196,2023-06-12,2023-06-26,3.6413415468856947,0.0,0.0,0.0,2023-05-29,0.9209932279909706,0.0,0.0
group:farc_bloc,FARC family,2023-06-12,2023-06-26,96,4.0,4.0,0.0,0.0,0.0,1.0,3.0,0.0,8.0,9.0,2.1972245773362196,1.6094379124341003,0.0,0.0,0.0,0.25,0.75,0.0,1.3862943611198906,3.0,2.6390573296152584,2.70805020110221,2023-06-26,2023-07-10,3.679671457905544,0.0,0.0,0.0,2023-06-12,0.0,0.0,0.0
group:farc_bloc,FARC family,2023-06-26,2023-07-10,97,13.0,13.0,10.0,6.0,3.0,4.0,7.0,2.0,3.0,3.0,1.3862943611198906,2.6390573296152584,0.7692307692307693,0.46153846153846156,0.23076923076923078,0.3076923076923077,0.5384615384615384,0.15384615384615385,1.3862943611198906,3.0,2.1972245773362196,2.6390573296152584,2023-07-10,2023-07-24,3.7180013689253935,0.0,0.0,0.0,2023-06-26,0.8376454245528738,0.41123687541886966,0.12480145223508057
group:farc_bloc,FARC family,2023-07-10,2023-07-24,98,24.0,24.0,18.0,14.0,14.0,14.0,8.0,2.0,3.0,4.0,1.3862943611198906,3.2188758248682006,0.75,0.5833333333333334,0.5833333333333334,0.5833333333333334,0.3333333333333333,0.08333333333333333,2.833213344056216,16.0,1.3862943611198906,2.1972245773362196,2023-07-24,2023-08-07,3.756331279945243,0.0,0.0,0.0,2023-07-10,0.8081264108352144,0.5857938044530494,0.5858734841035727
group:farc_bloc,FARC family,2023-07-24,2023-08-07,99,42.0,42.0,37.0,24.0,20.0,25.0,17.0,0.0,16.0,4.0,2.833213344056216,3.7612001156935624,0.8809523809523809,0.5714285714285714,0.47619047619047616,0.5952380952380952,0.40476190476190477,0.0,2.3978952727983707,10.0,1.3862943611198906,1.3862943611198906,2023-08-07,2023-08-21,3.7946611909650922,0.0,0.0,0.0,2023-07-24,1.0,0.568731848983543,0.4457554900032776
group:farc_bloc,FARC family,2023-08-07,2023-08-21,100,35.0,35.0,28.0,26.0,24.0,24.0,6.0,5.0,10.0,9.0,2.3978952727983707,3.58351893845611,0.8,0.7428571428571429,0.6857142857142857,0.6857142857142857,0.17142857142857143,0.14285714285714285,2.772588722239781,15.0,2.833213344056216,1.3862943611198906,2023-08-21,2023-09-04,3.8329911019849416,0.0,0.0,0.0,2023-08-07,0.8848758465011287,0.8144240077444337,0.7197640117994101
group:farc_bloc,FARC family,2023-08-21,2023-09-04,101,18.0,18.0,16.0,12.0,6.0,8.0,7.0,3.0,15.0,4.0,2.772588722239781,2.9444389791664403,0.8888888888888888,0.6666666666666666,0.3333333333333333,0.4444444444444444,0.3888888888888889,0.16666666666666666,3.1354942159291497,22.0,2.3978952727983707,2.833213344056216,2023-09-04,2023-09-18,3.871321013004791,0.0,0.0,0.0,2023-08-21,1.0,0.7052274927395934,0.25893149786955094
group:farc_bloc,FARC family,2023-09-04,2023-09-18,102,32.0,32.0,31.0,28.0,15.0,27.0,5.0,0.0,22.0,9.0,3.1354942159291497,3.4965075614664802,0.96875,0.875,0.46875,0.84375,0.15625,0.0,2.772588722239781,15.0,2.772588722239781,2.3978952727983707,2023-09-18,2023-10-02,3.909650924024641,0.0,0.0,0.0,2023-09-04,1.0,1.0,0.43602507374631266
group:farc_bloc,FARC family,2023-09-18,2023-10-02,103,20.0,20.0,18.0,14.0,10.0,13.0,6.0,1.0,15.0,11.0,2.772588722239781,3.044522437723423,0.9,0.7,0.5,0.65,0.3,0.05,2.3978952727983707,10.0,3.1354942159291497,2.772588722239781,2023-10-02,2023-10-16,3.9479808350444903,0.0,0.0,0.0,2023-09-18,1.0,0.7530009680542109,0.4768928220255654
group:farc_bloc,FARC family,2023-10-02,2023-10-16,104,19.0,19.0,14.0,13.0,8.0,13.0,4.0,2.0,10.0,7.0,2.3978952727983707,2.995732273553991,0.7368421052631579,0.6842105263157895,0.42105263157894735,0.6842105263157895,0.21052631578947367,0.10526315789473684,1.9459101490553132,6.0,2.772588722239781,3.1354942159291497,2023-10-16,2023-10-30,3.9863107460643397,0.0,0.0,0.0,2023-10-02,0.7879291909231317,0.7303714271157081,0.37364798426745327
group:farc_bloc,FARC family,2023-10-16,2023-10-30,105,17.0,17.0,14.0,7.0,7.0,5.0,11.0,1.0,6.0,3.0,1.9459101490553132,2.8903717578961645,0.8235294117647058,0.4117647058823529,0.4117647058823529,0.29411764705882354,0.6470588235294118,0.058823529411764705,1.9459101490553132,6.0,2.3978952727983707,2.772588722239781,2023-10-30,2023-11-13,4.024640657084189,0.0,0.0,0.0,2023-10-16,0.9209932279909706,0.3399009168042822,0.3615015327664989
group:farc_bloc,FARC family,2023-10-30,2023-11-13,106,2.0,2.0,2.0,1.0,1.0,1.0,1.0,0.0,6.0,4.0,1.9459101490553132,1.0986122886681098,1.0,0.5,0.5,0.5,0.5,0.0,2.0794415416798357,7.0,1.9459101490553132,2.3978952727983707,2023-11-13,2023-11-27,4.0629705681040384,0.0,0.0,0.0,2023-10-30,1.0,0.46636011616650536,0.4768928220255654
group:farc_bloc,FARC family,2023-11-13,2023-11-27,107,0.0,0.0,0.0,0.0,0.0,0.0,0.0,0.0,7.0,7.0,2.0794415416798357,0.0,,,,,,,2.4849066497880004,11.0,1.9459101490553132,1.9459101490553132,2023-11-27,2023-12-11,4.101300479123887,0.0,0.0,0.0,2023-11-13,,,
group:farc_bloc,FARC family,2023-11-27,2023-12-11,108,3.0,3.0,2.0,1.0,1.0,1.0,2.0,0.0,11.0,7.0,2.4849066497880004,1.3862943611198906,0.6666666666666666,0.3333333333333333,0.3333333333333333,0.3333333333333333,0.6666666666666666,0.0,1.0986122886681098,2.0,2.0794415416798357,1.9459101490553132,2023-12-11,2023-12-25,4.139630390143737,0.0,0.0,0.0,2023-11-27,0.6802106847253574,0.22749273959341723,0.25893149786955094
group:farc_bloc,FARC family,2023-12-11,2023-12-25,109,17.0,17.0,16.0,10.0,9.0,7.0,10.0,0.0,2.0,4.0,1.0986122886681098,2.8903717578961645,0.9411764705882353,0.5882352941176471,0.5294117647058824,0.4117647058823529,0.5882352941176471,0.0,1.3862943611198906,3.0,2.4849066497880004,2.0794415416798357,2023-12-25,2024-01-08,4.177960301163586,0.0,0.0,0.0,2023-12-11,1.0,0.5928193155287285,0.5153565851119208
group:farc_bloc,FARC family,2023-12-25,2024-01-08,110,22.0,22.0,17.0,11.0,8.0,12.0,8.0,2.0,3.0,2.0,1.3862943611198906,3.1354942159291497,0.7727272727272727,0.5,0.36363636363636365,0.5454545454545454,0.36363636363636365,0.09090909090909091,1.6094379124341003,4.0,1.0986122886681098,2.4849066497880004,2024-01-08,2024-01-22,4.216290212183436,0.0,0.0,0.0,2023-12-25,0.8430125179560846,0.46636011616650536,0.29856082953428087
group:farc_bloc,FARC family,2024-01-08,2024-01-22,111,24.0,24.0,17.0,9.0,8.0,10.0,10.0,4.0,4.0,6.0,1.6094379124341003,3.2188758248682006,0.7083333333333334,0.375,0.3333333333333333,0.4166666666666667,0.4166666666666667,0.16666666666666666,2.1972245773362196,8.0,1.3862943611198906,1.0986122886681098,2024-01-22,2024-02-05,4.254620123203286,0.0,0.0,0.0,2024-01-08,0.744168547780286,0.28720958373668926,0.25893149786955094
group:farc_bloc,FARC family,2024-01-22,2024-02-05,112,10.0,10.0,5.0,3.0,3.0,4.0,6.0,0.0,8.0,6.0,2.1972245773362196,2.3978952727983707,0.5,0.3,0.3,0.4,0.6,0.0,2.1972245773362196,8.0,1.6094379124341003,1.3862943611198906,2024-02-05,2024-02-19,4.292950034223135,0.0,0.0,0.0,2024-01-22,0.42437923250564336,0.1797192642787996,0.21533923303834807
group:farc_bloc,FARC family,2024-02-05,2024-02-19,113,15.0,15.0,11.0,11.0,7.0,11.0,3.0,1.0,8.0,4.0,2.1972245773362196,2.772588722239781,0.7333333333333333,0.7333333333333333,0.4666666666666667,0.7333333333333333,0.2,0.06666666666666667,2.4849066497880004,11.0,2.1972245773362196,1.6094379124341003,2024-02-19,2024-03-04,4.331279945242985,0.0,0.0,0.0,2024-02-05,0.7825432656132429,0.8007744433688286,0.4333005571943625
group:farc_bloc,FARC family,2024-02-19,2024-03-04,114,9.0,9.0,8.0,6.0,3.0,4.0,2.0,3.0,11.0,7.0,2.4849066497880004,2.302585092994046,0.8888888888888888,0.6666666666666666,0.3333333333333333,0.4444444444444444,0.2222222222222222,0.3333333333333333,2.6390573296152584,13.0,2.1972245773362196,2.1972245773362196,2024-03-04,2024-03-18,4.369609856262834,0.0,0.0,0.0,2024-02-19,1.0,0.7052274927395934,0.25893149786955094
group:farc_bloc,FARC family,2024-03-04,2024-03-18,115,21.0,21.0,16.0,13.0,5.0,12.0,7.0,2.0,13.0,13.0,2.6390573296152584,3.091042453358316,0.7619047619047619,0.6190476190476191,0.23809523809523808,0.5714285714285714,0.3333333333333333,0.09523809523809523,2.6390573296152584,13.0,2.4849066497880004,2.1972245773362196,2024-03-18,2024-04-01,4.407939767282683,0.0,0.0,0.0,2024-03-04,0.8264000859937654,0.6369796708615683,0.13438216978039985
group:farc_bloc,FARC family,2024-03-18,2024-04-01,116,31.0,31.0,28.0,24.0,22.0,23.0,6.0,2.0,13.0,7.0,2.6390573296152584,3.4657359027997265,0.9032258064516129,0.7741935483870968,0.7096774193548387,0.7419354838709677,0.1935483870967742,0.06451612903225806,2.9444389791664403,18.0,2.6390573296152584,2.4849066497880004,2024-04-01,2024-04-15,4.446269678302532,0.0,0.0,0.0,2024-03-18,1.0,0.8593354776254566,0.7511022298347448
group:farc_bloc,FARC family,2024-04-01,2024-04-15,117,30.0,30.0,27.0,21.0,12.0,18.0,11.0,1.0,18.0,7.0,2.9444389791664403,3.4339872044851463,0.9,0.7,0.4,0.6,0.36666666666666664,0.03333333333333333,2.995732273553991,19.0,2.6390573296152584,2.6390573296152584,2024-04-15,2024-04-29,4.484599589322382,0.0,0.0,0.0,2024-04-01,1.0,0.7530009680542109,0.34611602753195675
group:farc_bloc,FARC family,2024-04-15,2024-04-29,118,22.0,22.0,18.0,15.0,13.0,14.0,5.0,3.0,19.0,6.0,2.995732273553991,3.1354942159291497,0.8181818181818182,0.6818181818181818,0.5909090909090909,0.6363636363636364,0.22727272727272727,0.13636363636363635,2.6390573296152584,13.0,2.9444389791664403,2.6390573296152584,2024-04-29,2024-05-13,4.522929500342231,0.0,0.0,0.0,2024-04-15,0.9127847321978249,0.7269427087916923,0.595780817019755
group:farc_bloc,FARC family,2024-04-29,2024-05-13,119,26.0,26.0,25.0,22.0,18.0,22.0,1.0,3.0,13.0,5.0,2.6390573296152584,3.295836866004329,0.9615384615384616,0.8461538461538461,0.6923076923076923,0.8461538461538461,0.038461538461538464,0.11538461538461539,2.3978952727983707,10.0,2.995732273553991,2.9444389791664403,2024-05-13,2024-05-27,4.561259411362081,0.0,0.0,0.0,2024-04-29,1.0,0.9624692828952268,0.7283866575901974
group:farc_bloc,FARC family,2024-05-13,2024-05-27,120,48.0,48.0,47.0,37.0,30.0,38.0,7.0,3.0,10.0,6.0,2.3978952727983707,3.8918202981106265,0.9791666666666666,0.7708333333333334,0.625,0.7916666666666666,0.14583333333333334,0.0625,2.70805020110221,14.0,2.6390573296152584,2.995732273553991,2024-05-27,2024-06-10,4.59958932238193,0.0,0.0,0.0,2024-05-13,1.0,0.8545196030977736,0.6403638151425762
group:farc_bloc,FARC family,2024-05-27,2024-06-10,121,20.0,20.0,15.0,12.0,7.0,14.0,4.0,2.0,14.0,10.0,2.70805020110221,3.044522437723423,0.75,0.6,0.35,0.7,0.2,0.1,2.4849066497880004,11.0,2.3978952727983707,2.6390573296152584,2024-06-10,2024-06-24,4.63791923340178,0.0,0.0,0.0,2024-05-27,0.8081264108352144,0.6096805421103582,0.28072763028515235
group:farc_bloc,FARC family,2024-06-10,2024-06-24,122,34.0,34.0,31.0,23.0,8.0,23.0,8.0,3.0,11.0,9.0,2.4849066497880004,3.5553480614894135,0.9117647058823529,0.6764705882352942,0.23529411764705882,0.6764705882352942,0.23529411764705882,0.08823529411764706,1.6094379124341003,4.0,2.70805020110221,2.3978952727983707,2024-06-24,2024-07-08,4.676249144421629,0.0,0.0,0.0,2024-06-10,1.0,0.7192785148909515,0.13071895424836602
group:farc_bloc,FARC family,2024-06-24,2024-07-08,123,11.0,11.0,8.0,5.0,3.0,5.0,5.0,1.0,4.0,4.0,1.6094379124341003,2.4849066497880004,0.7272727272727273,0.45454545454545453,0.2727272727272727,0.45454545454545453,0.45454545454545453,0.09090909090909091,2.1972245773362196,8.0,2.4849066497880004,2.70805020110221,2024-07-08,2024-07-22,4.714579055441479,0.0,0.0,0.0,2024-06-24,0.7732403037143444,0.40121446801020855,0.17967283454009114
group:farc_bloc,FARC family,2024-07-08,2024-07-22,124,27.0,27.0,26.0,20.0,2.0,19.0,7.0,1.0,8.0,5.0,2.1972245773362196,3.332204510175204,0.9629629629629629,0.7407407407407407,0.07407407407407407,0.7037037037037037,0.25925925925925924,0.037037037037037035,2.1972245773362196,8.0,1.6094379124341003,2.4849066497880004,2024-07-22,2024-08-05,4.7529089664613275,0.0,0.0,0.0,2024-07-08,1.0,0.8113907712165214,0.0
group:farc_bloc,FARC family,2024-07-22,2024-08-05,125,16.0,16.0,14.0,11.0,6.0,11.0,3.0,2.0,8.0,7.0,2.1972245773362196,2.833213344056216,0.875,0.6875,0.375,0.6875,0.1875,0.125,2.3978952727983707,10.0,2.1972245773362196,1.6094379124341003,2024-08-05,2024-08-19,4.791238877481177,0.0,0.0,0.0,2024-07-22,1.0,0.7350859148112294,0.3134218289085546
group:farc_bloc,FARC family,2024-08-05,2024-08-19,126,15.0,15.0,15.0,9.0,3.0,11.0,4.0,0.0,10.0,6.0,2.3978952727983707,2.772588722239781,1.0,0.6,0.2,0.7333333333333333,0.26666666666666666,0.0,2.70805020110221,14.0,2.1972245773362196,2.1972245773362196,2024-08-19,2024-09-02,4.829568788501026,0.0,0.0,0.0,2024-08-05,1.0,0.6096805421103582,0.08456243854473945
group:farc_bloc,FARC family,2024-08-19,2024-09-02,127,8.0,8.0,8.0,6.0,4.0,7.0,0.0,1.0,14.0,10.0,2.70805020110221,2.1972245773362196,1.0,0.75,0.5,0.875,0.0,0.125,2.9444389791664403,18.0,2.3978952727983707,2.1972245773362196,2024-09-02,2024-09-16,4.867898699520876,0.0,0.0,0.0,2024-08-19,1.0,0.8246611810261374,0.4768928220255654
group:farc_bloc,FARC family,2024-09-02,2024-09-16,128,5.0,5.0,4.0,3.0,3.0,4.0,1.0,0.0,18.0,4.0,2.9444389791664403,1.791759469228055,0.8,0.6,0.6,0.8,0.2,0.0,1.0986122886681098,2.0,2.70805020110221,2.3978952727983707,2024-09-16,2024-09-30,4.906228610540725,0.0,0.0,0.0,2024-09-02,0.8848758465011287,0.6096805421103582,0.607669616519174
group:farc_bloc,FARC family,2024-09-16,2024-09-30,129,12.0,12.0,11.0,7.0,4.0,6.0,6.0,0.0,2.0,2.0,1.0986122886681098,2.5649493574615367,0.9166666666666666,0.5833333333333334,0.3333333333333333,0.5,0.5,0.0,2.5649493574615367,12.0,2.9444389791664403,2.70805020110221,2024-09-30,2024-10-14,4.944558521560575,0.0,0.0,0.0,2024-09-16,1.0,0.5857938044530494,0.25893149786955094
group:farc_bloc,FARC family,2024-09-30,2024-10-14,130,26.0,26.0,25.0,22.0,11.0,21.0,3.0,2.0,12.0,6.0,2.5649493574615367,3.295836866004329,0.9615384615384616,0.8461538461538461,0.4230769230769231,0.8076923076923077,0.11538461538461539,0.07692307692307693,2.833213344056216,16.0,1.0986122886681098,2.9444389791664403,2024-10-14,2024-10-28,4.982888432580425,0.0,0.0,0.0,2024-09-30,1.0,0.9624692828952268,0.37629528779971255
group:farc_bloc,FARC family,2024-10-14,2024-10-28,131,16.0,16.0,15.0,13.0,4.0,11.0,3.0,2.0,16.0,7.0,2.833213344056216,2.833213344056216,0.9375,0.8125,0.25,0.6875,0.1875,0.125,3.258096538021482,25.0,2.5649493574615367,1.0986122886681098,2024-10-28,2024-11-11,5.021218343600274,0.0,0.0,0.0,2024-10-14,1.0,0.9142364472410455,0.14995083579154375
group:farc_bloc,FARC family,2024-10-28,2024-11-11,132,4.0,4.0,3.0,3.0,2.0,3.0,1.0,0.0,25.0,16.0,3.258096538021482,1.6094379124341003,0.75,0.75,0.5,0.75,0.25,0.0,2.6390573296152584,13.0,2.833213344056216,2.5649493574615367,2024-11-11,2024-11-25,5.059548254620124,0.0,0.0,0.0,2024-10-28,0.8081264108352144,0.8246611810261374,0.4768928220255654
group:farc_bloc,FARC family,2024-11-11,2024-11-25,133,6.0,6.0,3.0,1.0,1.0,1.0,4.0,1.0,13.0,7.0,2.6390573296152584,1.9459101490553132,0.5,0.16666666666666666,0.16666666666666666,0.16666666666666666,0.6666666666666666,0.16666666666666666,2.70805020110221,14.0,3.258096538021482,2.833213344056216,2024-11-25,2024-12-09,5.0978781656399725,0.0,0.0,0.0,2024-11-11,0.42437923250564336,0.0,0.04097017371353654
group:farc_bloc,FARC family,2024-11-25,2024-12-09,134,9.0,9.0,8.0,7.0,6.0,6.0,3.0,0.0,14.0,5.0,2.70805020110221,2.302585092994046,0.8888888888888888,0.7777777777777778,0.6666666666666666,0.6666666666666666,0.3333333333333333,0.0,2.302585092994046,9.0,2.6390573296152584,3.258096538021482,2024-12-09,2024-12-23,5.136208076659822,0.0,0.0,0.0,2024-11-25,1.0,0.8644724104549856,0.6948541461815797
group:farc_bloc,FARC family,2024-12-09,2024-12-23,135,11.0,11.0,6.0,4.0,4.0,4.0,6.0,1.0,9.0,5.0,2.302585092994046,2.4849066497880004,0.5454545454545454,0.36363636363636365,0.36363636363636365,0.36363636363636365,0.5454545454545454,0.09090909090909091,2.9444389791664403,18.0,2.70805020110221,2.6390573296152584,2024-12-23,2025-01-06,5.174537987679671,0.0,0.0,0.0,2024-12-09,0.4941514467473835,0.2709231716976151,0.29856082953428087
group:farc_bloc,FARC family,2024-12-23,2025-01-06,136,6.0,6.0,6.0,5.0,4.0,5.0,1.0,0.0,18.0,12.0,2.9444389791664403,1.9459101490553132,1.0,0.8333333333333334,0.6666666666666666,0.8333333333333334,0.16666666666666666,0.0,2.3978952727983707,10.0,2.302585092994046,2.70805020110221,2025-01-06,2025-01-20,5.212867898699521,0.0,0.0,0.0,2024-12-23,1.0,0.9440948693126817,0.6948541461815797
group:farc_bloc,FARC family,2025-01-06,2025-01-20,137,44.0,44.0,43.0,36.0,31.0,35.0,8.0,1.0,10.0,4.0,2.3978952727983707,3.8066624897703196,0.9772727272727273,0.8181818181818182,0.7045454545454546,0.7954545454545454,0.18181818181818182,0.022727272727272728,3.828641396489095,45.0,2.9444389791664403,2.302585092994046,2025-01-20,2025-02-03,5.25119780971937,0.0,0.0,0.0,2025-01-06,1.0,0.9223796532605828,0.7443908107624922
group:farc_bloc,FARC family,2025-01-20,2025-02-03,138,79.0,79.0,74.0,45.0,39.0,47.0,28.0,4.0,45.0,15.0,3.828641396489095,4.382026634673881,0.9367088607594937,0.569620253164557,0.4936708860759494,0.5949367088607594,0.35443037974683544,0.05063291139240506,1.3862943611198906,3.0,2.3978952727983707,2.9444389791664403,2025-02-03,2025-02-17,5.28952772073922,0.0,0.0,0.0,2025-01-20,1.0,0.5661401595451372,0.4686158097158433
group:farc_bloc,FARC family,2025-02-03,2025-02-17,139,34.0,34.0,28.0,25.0,20.0,23.0,8.0,3.0,3.0,2.0,1.3862943611198906,3.5553480614894135,0.8235294117647058,0.7352941176470589,0.5882352941176471,0.6764705882352942,0.23529411764705882,0.08823529411764706,2.1972245773362196,8.0,3.828641396489095,2.3978952727983707,2025-02-17,2025-03-03,5.327857631759069,0.0,0.0,0.0,2025-02-03,0.9209932279909706,0.8035846477991003,0.5922841112846319
group:farc_bloc,FARC family,2025-02-17,2025-03-03,140,27.0,27.0,24.0,20.0,11.0,20.0,4.0,3.0,8.0,6.0,2.1972245773362196,3.332204510175204,0.8888888888888888,0.7407407407407407,0.4074074074074074,0.7407407407407407,0.14814814814814814,0.1111111111111111,3.1780538303479458,23.0,1.3862943611198906,3.828641396489095,2025-03-03,2025-03-17,5.366187542778919,0.0,0.0,0.0,2025-02-17,1.0,0.8113907712165214,0.3558031974944462
group:farc_bloc,FARC family,2025-03-03,2025-03-17,141,29.0,29.0,26.0,24.0,19.0,24.0,3.0,2.0,23.0,14.0,3.1780538303479458,3.4011973816621555,0.896551724137931,0.8275862068965517,0.6551724137931034,0.8275862068965517,0.10344827586206896,0.06896551724137931,2.3978952727983707,10.0,2.1972245773362196,1.3862943611198906,2025-03-17,2025-03-31,5.404517453798768,0.0,0.0,0.0,2025-03-03,1.0,0.9358580632239544,0.6798223307225443
group:farc_bloc,FARC family,2025-03-17,2025-03-31,142,23.0,23.0,19.0,16.0,12.0,17.0,2.0,4.0,10.0,8.0,2.3978952727983707,3.1780538303479458,0.8260869565217391,0.6956521739130435,0.5217391304347826,0.7391304347826086,0.08695652173913043,0.17391304347826086,3.4339872044851463,30.0,3.1780538303479458,2.1972245773362196,2025-03-31,2025-04-14,5.4428473648186175,0.0,0.0,0.0,2025-03-17,0.9249190303268231,0.7467696451870869,0.5053225599589586
group:farc_bloc,FARC family,2025-03-31,2025-04-14,143,19.0,19.0,14.0,10.0,5.0,10.0,5.0,4.0,30.0,8.0,3.4339872044851463,2.995732273553991,0.7368421052631579,0.5263157894736842,0.2631578947368421,0.5263157894736842,0.2631578947368421,0.21052631578947367,2.70805020110221,14.0,2.3978952727983707,3.1780538303479458,2025-04-14,2025-04-28,5.4811772758384665,0.0,0.0,0.0,2025-03-31,0.7879291909231317,0.5040760177306771,0.16715830875122908
group:farc_bloc,FARC family,2025-04-14,2025-04-28,144,32.0,32.0,30.0,22.0,18.0,23.0,7.0,2.0,14.0,10.0,2.70805020110221,3.4965075614664802,0.9375,0.6875,0.5625,0.71875,0.21875,0.0625,2.833213344056216,16.0,3.4339872044851463,2.3978952727983707,2025-04-28,2025-05-12,5.519507186858316,0.0,0.0,0.0,2025-04-14,1.0,0.7350859148112294,0.5586283185840708
group:farc_bloc,FARC family,2025-04-28,2025-05-12,145,39.0,39.0,33.0,30.0,26.0,28.0,9.0,2.0,16.0,7.0,2.833213344056216,3.6888794541139363,0.8461538461538461,0.7692307692307693,0.6666666666666666,0.717948717948718,0.23076923076923078,0.05128205128205128,2.772588722239781,15.0,2.70805020110221,3.4339872044851463,2025-05-12,2025-05-26,5.557837097878165,0.0,0.0,0.0,2025-04-28,0.955721479423511,0.8522228013999554,0.6948541461815797
group:farc_bloc,FARC family,2025-05-12,2025-05-26,146,26.0,26.0,24.0,23.0,18.0,20.0,3.0,3.0,15.0,7.0,2.772588722239781,3.295836866004329,0.9230769230769231,0.8846153846153846,0.6923076923076923,0.7692307692307693,0.11538461538461539,0.11538461538461539,1.9459101490553132,6.0,2.833213344056216,2.70805020110221,2025-05-26,2025-06-09,5.596167008898015,0.0,0.0,0.0,2025-05-12,1.0,1.0,0.7283866575901974
group:farc_bloc,FARC family,2025-05-26,2025-06-09,147,7.0,7.0,6.0,3.0,1.0,5.0,1.0,1.0,6.0,6.0,1.9459101490553132,2.0794415416798357,0.8571428571428571,0.42857142857142855,0.14285714285714285,0.7142857142857143,0.14285714285714285,0.14285714285714285,2.772588722239781,15.0,2.772588722239781,2.833213344056216,2025-06-09,2025-06-23,5.634496919917864,0.0,0.0,0.0,2025-05-26,0.9725894872621734,0.36398838334946754,0.00983284169124877
group:farc_bloc,FARC family,2025-06-09,2025-06-23,148,18.0,18.0,12.0,8.0,7.0,8.0,9.0,1.0,15.0,7.0,2.772588722239781,2.9444389791664403,0.6666666666666666,0.4444444444444444,0.3888888888888889,0.4444444444444444,0.5,0.05555555555555555,1.9459101490553132,6.0,1.9459101490553132,2.772588722239781,2025-06-23,2025-07-07,5.672826830937714,0.0,0.0,0.0,2025-06-09,0.6802106847253574,0.38673765730880927,0.33158527258822246
group:farc_bloc,FARC family,2025-06-23,2025-07-07,149,6.0,6.0,5.0,4.0,4.0,4.0,2.0,0.0,6.0,3.0,1.9459101490553132,1.9459101490553132,0.8333333333333334,0.6666666666666666,0.6666666666666666,0.6666666666666666,0.3333333333333333,0.0,2.4849066497880004,11.0,2.772588722239781,1.9459101490553132,2025-07-07,2025-07-21,5.711156741957564,0.0,0.0,0.0,2025-06-23,0.9360421369450715,0.7052274927395934,0.6948541461815797
group:farc_bloc,FARC family,2025-07-07,2025-07-21,150,23.0,23.0,18.0,8.0,6.0,5.0,15.0,3.0,11.0,11.0,2.4849066497880004,3.1780538303479458,0.782608695652174,0.34782608695652173,0.2608695652173913,0.21739130434782608,0.6521739130434783,0.13043478260869565,1.9459101490553132,6.0,1.9459101490553132,2.772588722239781,2025-07-21,2025-08-04,5.749486652977413,0.0,0.0,0.0,2025-07-07,0.8581803906173324,0.24826381581716403,0.16416570475824036
group:farc_bloc,FARC family,2025-07-21,2025-08-04,151,26.0,26.0,16.0,8.0,6.0,12.0,13.0,1.0,6.0,3.0,1.9459101490553132,3.295836866004329,0.6153846153846154,0.3076923076923077,0.23076923076923078,0.46153846153846156,0.5,0.038461538461538464,2.3978952727983707,10.0,2.4849066497880004,1.9459101490553132,2025-08-04,2025-08-18,5.7878165639972625,0.0,0.0,0.0,2025-07-21,0.6014933148115993,0.1907439124283268,0.12480145223508057
group:farc_bloc,FARC family,2025-08-04,2025-08-18,152,43.0,43.0,39.0,30.0,16.0,28.0,13.0,2.0,10.0,7.0,2.3978952727983707,3.784189633918261,0.9069767441860465,0.6976744186046512,0.37209302325581395,0.6511627906976745,0.3023255813953488,0.046511627906976744,3.295836866004329,26.0,1.9459101490553132,2.4849066497880004,2025-08-18,2025-09-01,5.8261464750171115,0.0,0.0,0.0,2025-08-04,1.0,0.7496679348927262,0.3096201779058334
group:farc_bloc,FARC family,2025-08-18,2025-09-01,153,33.0,33.0,31.0,25.0,25.0,25.0,5.0,3.0,26.0,9.0,3.295836866004329,3.5263605246161616,0.9393939393939394,0.7575757575757576,0.7575757575757576,0.7575757575757576,0.15151515151515152,0.09090909090909091,2.3978952727983707,10.0,2.3978952727983707,1.9459101490553132,2025-09-01,2025-09-15,5.864476386036961,0.0,0.0,0.0,2025-08-18,1.0,0.8355187890521869,0.8137421411757695
group:farc_bloc,FARC family,2025-09-01,2025-09-15,154,29.0,29.0,28.0,18.0,12.0,18.0,9.0,2.0,10.0,5.0,2.3978952727983707,3.4011973816621555,0.9655172413793104,0.6206896551724138,0.41379310344827586,0.6206896551724138,0.3103448275862069,0.06896551724137931,1.9459101490553132,6.0,3.295836866004329,2.3978952727983707,2025-09-15,2025-09-29,5.90280629705681,0.0,0.0,0.0,2025-09-01,1.0,0.6393330440297761,0.3641542060827993
group:farc_bloc,FARC family,2025-09-15,2025-09-29,155,17.0,17.0,13.0,6.0,6.0,7.0,8.0,2.0,6.0,4.0,1.9459101490553132,2.8903717578961645,0.7647058823529411,0.35294117647058826,0.35294117647058826,0.4117647058823529,0.47058823529411764,0.11764705882352941,1.0986122886681098,2.0,2.3978952727983707,3.295836866004329,2025-09-29,2025-10-13,5.94113620807666,0.0,0.0,0.0,2025-09-15,0.8306997742663657,0.25559478389613355,0.284574006593788
group:farc_bloc,FARC family,2025-09-29,2025-10-13,156,14.0,14.0,11.0,10.0,3.0,9.0,4.0,1.0,2.0,2.0,1.0986122886681098,2.70805020110221,0.7857142857142857,0.7142857142857143,0.21428571428571427,0.6428571428571429,0.2857142857142857,0.07142857142857142,1.0986122886681098,2.0,1.9459101490553132,2.3978952727983707,2025-10-13,2025-10-27,5.979466119096509,0.0,0.0,0.0,2025-09-29,0.8629474363108675,0.7734753146176188,0.10324483775811208
group:farc_bloc,FARC family,2025-10-13,2025-10-27,157,16.0,16.0,14.0,8.0,3.0,8.0,8.0,0.0,2.0,2.0,1.0986122886681098,2.833213344056216,0.875,0.5,0.1875,0.5,0.5,0.0,2.1972245773362196,8.0,1.0986122886681098,1.9459101490553132,2025-10-27,2025-11-10,6.017796030116359,0.0,0.0,0.0,2025-10-13,1.0,0.46636011616650536,0.06821533923303835
group:farc_bloc,FARC family,2025-10-27,2025-11-10,158,16.0,16.0,11.0,10.0,9.0,10.0,5.0,1.0,8.0,4.0,2.1972245773362196,2.833213344056216,0.6875,0.625,0.5625,0.625,0.3125,0.0625,3.4011973816621555,29.0,1.0986122886681098,1.0986122886681098,2025-11-10,2025-11-24,6.056125941136208,0.0,0.0,0.0,2025-10-27,0.7121896162528217,0.6455106485963215,0.5586283185840708
group:farc_bloc,FARC family,2025-11-10,2025-11-24,159,56.0,56.0,52.0,40.0,28.0,38.0,15.0,3.0,29.0,4.0,3.4011973816621555,4.04305126783455,0.9285714285714286,0.7142857142857143,0.5,0.6785714285714286,0.26785714285714285,0.05357142857142857,0.0,0.0,2.1972245773362196,1.0986122886681098,2025-11-24,2025-12-08,6.094455852156058,0.0,0.0,0.0,2025-11-10,1.0,0.7734753146176188,0.4768928220255654
group:farc_bloc,FARC family,2025-11-24,2025-12-08,160,9.0,9.0,7.0,7.0,5.0,7.0,2.0,0.0,0.0,0.0,0.0,2.302585092994046,0.7777777777777778,0.7777777777777778,0.5555555555555556,0.7777777777777778,0.2222222222222222,0.0,2.0794415416798357,7.0,3.4011973816621555,2.1972245773362196,2025-12-08,2025-12-22,6.132785763175907,0.0,0.0,0.0,2025-11-24,0.8507649862051668,0.8644724104549856,0.5495465967442369
group:farc_bloc,FARC family,2025-12-08,2025-12-22,161,13.0,13.0,13.0,12.0,7.0,12.0,1.0,0.0,7.0,4.0,2.0794415416798357,2.6390573296152584,1.0,0.9230769230769231,0.5384615384615384,0.9230769230769231,0.07692307692307693,0.0,,,0.0,3.4011973816621555,,,6.1711156741957565,0.0,0.0,0.0,2025-12-08,1.0,1.0,0.5271915891384917
