actor_key,predictor_month,outcome_month,lookback_months,risk_event_count,risk_region_count,system:index,fire_all_pixel_days_daily_mean_t,fire_all_pixel_days_daily_mean_t1,fire_all_pixel_days_daily_rate_per_1000km2_t,fire_all_pixel_days_daily_rate_per_1000km2_t1,fire_all_pixel_days_log_rate_change,fire_all_pixel_days_log_rate_t,fire_all_pixel_days_log_rate_t1,fire_all_pixel_days_t,fire_all_pixel_days_t1,fire_days_in_period_t,fire_days_in_period_t1,fire_high_pixel_days_daily_mean_t,fire_high_pixel_days_daily_mean_t1,fire_high_pixel_days_daily_rate_per_1000km2_t,fire_high_pixel_days_daily_rate_per_1000km2_t1,fire_high_pixel_days_log_rate_change,fire_high_pixel_days_log_rate_t,fire_high_pixel_days_log_rate_t1,fire_high_pixel_days_t,fire_high_pixel_days_t1,fire_night_nominal_high_pixel_days_daily_mean_t,fire_night_nominal_high_pixel_days_daily_mean_t1,fire_night_nominal_high_pixel_days_daily_rate_per_1000km2_t,fire_night_nominal_high_pixel_days_daily_rate_per_1000km2_t1,fire_night_nominal_high_pixel_days_log_rate_change,fire_night_nominal_high_pixel_days_log_rate_t,fire_night_nominal_high_pixel_days_log_rate_t1,fire_night_nominal_high_pixel_days_t,fire_night_nominal_high_pixel_days_t1,fire_nominal_high_frp_sum_mw_daily_mean_t,fire_nominal_high_frp_sum_mw_daily_mean_t1,fire_nominal_high_frp_sum_mw_daily_rate_per_1000km2_t,fire_nominal_high_frp_sum_mw_daily_rate_per_1000km2_t1,fire_nominal_high_frp_sum_mw_log_rate_change,fire_nominal_high_frp_sum_mw_log_rate_t,fire_nominal_high_frp_sum_mw_log_rate_t1,fire_nominal_high_frp_sum_mw_t,fire_nominal_high_frp_sum_mw_t1,fire_nominal_high_pixel_days_daily_mean_t,fire_nominal_high_pixel_days_daily_mean_t1,fire_nominal_high_pixel_days_daily_rate_per_1000km2_t,fire_nominal_high_pixel_days_daily_rate_per_1000km2_t1,fire_nominal_high_pixel_days_log_rate_change,fire_nominal_high_pixel_days_log_rate_t,fire_nominal_high_pixel_days_log_rate_t1,fire_nominal_high_pixel_days_t,fire_nominal_high_pixel_days_t1,fire_risk_area_km2,fire_unique_high_pixels_t,fire_unique_high_pixels_t1,fire_unique_nominal_high_pixels_t,fire_unique_nominal_high_pixels_t1,fire_valid_land_observations_mean_t,fire_valid_land_observations_mean_t1,.geo,ucdp_actor_id_norm,constituent_ucdp_actor_ids,actor_name,unit_id,month,period_start,year,month_of_year,period_index,rolling_risk_countries_24m,risk_set_source,area_size,log1p_area_size,risk_set_empty_no_metadata,next_month_outcome_available,y_ucdp_best_fatalities_current_24m,y_ucdp_best_fatalities_next_24m,log1p_y_ucdp_best_fatalities_current_24m,log1p_y_ucdp_best_fatalities_next_24m,n_articles,n_unique_articles_raw,n_article_actor_rows_raw,mean_article_actor_weight,n_conflict_relevance_direct,n_event_modality_realized,n_any_fatalities_mentioned_yes,n_any_physical_violence_mentioned_yes,n_any_weapon_mentioned_yes,n_event_context_background_or_context,n_event_context_cbt,n_event_context_civ,n_event_context_crm,n_event_context_historical_background,n_event_context_not_applicable,n_event_context_opr,n_event_context_org,n_event_context_pol,n_event_context_pro,n_event_context_unclear,share_conflict_relevance_direct,log1p_n_conflict_relevance_direct,share_event_modality_realized,log1p_n_event_modality_realized,share_any_fatalities_mentioned_yes,log1p_n_any_fatalities_mentioned_yes,share_any_physical_violence_mentioned_yes,log1p_n_any_physical_violence_mentioned_yes,share_any_weapon_mentioned_yes,log1p_n_any_weapon_mentioned_yes,share_event_context_background_or_context,log1p_n_event_context_background_or_context,share_event_context_cbt,log1p_n_event_context_cbt,share_event_context_civ,log1p_n_event_context_civ,share_event_context_crm,log1p_n_event_context_crm,share_event_context_historical_background,log1p_n_event_context_historical_background,share_event_context_not_applicable,log1p_n_event_context_not_applicable,share_event_context_opr,log1p_n_event_context_opr,share_event_context_org,log1p_n_event_context_org,share_event_context_pol,log1p_n_event_context_pol,share_event_context_pro,log1p_n_event_context_pro,share_event_context_unclear,log1p_n_event_context_unclear,log1p_n_articles
209,2020-01,2020-02,12,16,3,0.0,0.0,0.0344827586206896,0.0,0.0022539327519942,0.0022513964559477,0.0,0.0022513964559477,0.0,1.0,31.0,29.0,0.0,0.0344827586206896,0.0,0.0022539327519942,0.0022513964559477,0.0,0.0022513964559477,0.0,1.0,0.0,0.0344827586206896,0.0,0.0022539327519942,0.0022513964559477,0.0,0.0022513964559477,0.0,1.0,0.0,0.6241379310344828,0.0,0.040796182811095,0.0399859806566802,0.0,0.0399859806566802,0.0,18.1,0.0,0.0344827586206896,0.0,0.0022539327519942,0.0022513964559477,0.0,0.0022513964559477,0.0,1.0,15298.92965536815,0.0,1.0,0.0,1.0,28.466814349697028,27.41949591639592,,209,209,Hamas,209,2020-01,2020-01-01,2020,1,0.0,Israel,ged_rolling_24m,1,0.6931471805599453,False,True,3.0,3.0,1.3862943611198906,1.3862943611198906,182.0,182.0,182.0,1.0,131.0,169.0,60.0,159.0,136.0,0.0,100.0,0.0,0.0,0.0,11.0,0.0,0.0,64.0,7.0,0.0,0.7197802197802198,4.882801922586371,0.9285714285714286,5.135798437050262,0.3296703296703296,4.110873864173311,0.8736263736263736,5.075173815233827,0.7472527472527473,4.919980925828125,0.0,0.0,0.5494505494505495,4.61512051684126,0.0,0.0,0.0,0.0,0.0,0.0,0.0604395604395604,2.4849066497880004,0.0,0.0,0.0,0.0,0.3516483516483517,4.174387269895637,0.0384615384615384,2.0794415416798357,0.0,0.0,5.209486152841421
209,2020-02,2020-03,12,16,3,1.0,0.0344827586206896,0.032258064516129,0.0022539327519942,0.0021085177357365,-0.0001450985239494,0.0022513964559477,0.0021062979319982,1.0,1.0,29.0,31.0,0.0344827586206896,0.0,0.0022539327519942,0.0,-0.0022513964559477,0.0022513964559477,0.0,1.0,0.0,0.0344827586206896,0.032258064516129,0.0022539327519942,0.0021085177357365,-0.0001450985239494,0.0022513964559477,0.0021062979319982,1.0,1.0,0.6241379310344828,0.3741935483870968,0.040796182811095,0.0244588057345435,-0.0158215019097619,0.0399859806566802,0.0241644787469183,18.1,11.6,0.0344827586206896,0.032258064516129,0.0022539327519942,0.0021085177357365,-0.0001450985239494,0.0022513964559477,0.0021062979319982,1.0,1.0,15298.92965536815,1.0,0.0,1.0,1.0,27.41949591639592,28.117916264160904,,209,209,Hamas,209,2020-02,2020-02-01,2020,2,1.0,Israel,ged_rolling_24m,1,0.6931471805599453,False,True,3.0,0.0,1.3862943611198906,0.0,237.0,237.0,237.0,1.0,190.0,222.0,61.0,204.0,187.0,0.0,143.0,1.0,1.0,0.0,8.0,6.0,2.0,72.0,1.0,3.0,0.8016877637130801,5.25227342804663,0.9367088607594936,5.407171771460119,0.2573839662447257,4.127134385045092,0.8607594936708861,5.3230099791384085,0.7890295358649789,5.236441962829949,0.0,0.0,0.6033755274261603,4.969813299576001,0.0042194092827004,0.6931471805599453,0.0042194092827004,0.6931471805599453,0.0,0.0,0.0337552742616033,2.1972245773362196,0.0253164556962025,1.9459101490553132,0.0084388185654008,1.0986122886681098,0.3037974683544304,4.290459441148391,0.0042194092827004,0.6931471805599453,0.0126582278481012,1.3862943611198906,5.472270673671475
209,2020-03,2020-04,12,16,3,0.0,0.032258064516129,0.0,0.0021085177357365,0.0,-0.0021062979319982,0.0021062979319982,0.0,1.0,0.0,31.0,30.0,0.0,0.0,0.0,0.0,0.0,0.0,0.0,0.0,0.0,0.032258064516129,0.0,0.0021085177357365,0.0,-0.0021062979319982,0.0021062979319982,0.0,1.0,0.0,0.3741935483870968,0.0,0.0244588057345435,0.0,-0.0241644787469183,0.0241644787469183,0.0,11.6,0.0,0.032258064516129,0.0,0.0021085177357365,0.0,-0.0021062979319982,0.0021062979319982,0.0,1.0,0.0,15298.92965536815,0.0,0.0,1.0,0.0,28.117916264160904,28.86905396504788,,209,209,Hamas,209,2020-03,2020-03-01,2020,3,2.0,Israel,ged_rolling_24m,1,0.6931471805599453,False,True,0.0,0.0,0.0,0.0,46.0,46.0,46.0,1.0,22.0,39.0,9.0,31.0,24.0,0.0,10.0,0.0,0.0,0.0,6.0,0.0,0.0,30.0,0.0,0.0,0.4782608695652174,3.1354942159291497,0.8478260869565217,3.688879454113936,0.1956521739130435,2.302585092994046,0.6739130434782609,3.4657359027997265,0.5217391304347826,3.218875824868201,0.0,0.0,0.217391304347826,2.3978952727983707,0.0,0.0,0.0,0.0,0.0,0.0,0.1304347826086956,1.9459101490553132,0.0,0.0,0.0,0.0,0.6521739130434783,3.4339872044851463,0.0,0.0,0.0,0.0,3.8501476017100584
209,2020-04,2020-05,12,16,3,1.0,0.0,0.1290322580645161,0.0,0.008434070942946,0.0083987028919006,0.0,0.0083987028919006,0.0,4.0,30.0,31.0,0.0,0.0,0.0,0.0,0.0,0.0,0.0,0.0,0.0,0.0,0.0967741935483871,0.0,0.0063255532072095,0.0063056308646092,0.0,0.0063056308646092,0.0,3.0,0.0,1.4483870967741936,0.0,0.0946724463345694,0.0904551827509194,0.0,0.0904551827509194,0.0,44.900000000000006,0.0,0.0967741935483871,0.0,0.0063255532072095,0.0063056308646092,0.0,0.0063056308646092,0.0,3.0,15298.92965536815,0.0,0.0,0.0,3.0,28.86905396504788,29.695646790199348,,209,209,Hamas,209,2020-04,2020-04-01,2020,4,3.0,Israel,ged_rolling_24m,1,0.6931471805599453,False,True,0.0,2.0,0.0,1.0986122886681098,44.0,44.0,44.0,1.0,26.0,39.0,20.0,26.0,17.0,0.0,12.0,0.0,1.0,0.0,4.0,1.0,0.0,26.0,0.0,0.0,0.5909090909090909,3.295836866004329,0.8863636363636364,3.688879454113936,0.4545454545454545,3.044522437723423,0.5909090909090909,3.295836866004329,0.3863636363636363,2.8903717578961645,0.0,0.0,0.2727272727272727,2.5649493574615367,0.0,0.0,0.0227272727272727,0.6931471805599453,0.0,0.0,0.0909090909090909,1.6094379124341005,0.0227272727272727,0.6931471805599453,0.0,0.0,0.5909090909090909,3.295836866004329,0.0,0.0,0.0,0.0,3.80666248977032
209,2020-05,2020-06,12,9,3,0.0,0.1290322580645161,0.0985620915032679,0.0084415683435327,0.0064481443941743,-0.0019786935107651,0.0084061375600981,0.0064274440493329,4.0,2.9568627450980394,31.0,30.0,0.0,0.0,0.0,0.0,0.0,0.0,0.0,0.0,0.0,0.0967741935483871,0.0985620915032679,0.0063311762576495,0.0064481443941743,0.0001162254952209,0.006311218554112,0.0064274440493329,3.0,2.9568627450980394,1.4483870967741936,1.322888888888889,0.0947566046561549,0.0865462414900312,-0.0075279798532896,0.090532059708032,0.0830040798547423,44.900000000000006,39.68666666666667,0.0967741935483871,0.0985620915032679,0.0063311762576495,0.0064481443941743,0.0001162254952209,0.006311218554112,0.0064274440493329,3.0,2.9568627450980394,15285.341871735298,0.0,0.0,3.0,2.9568627450980394,29.6997884854791,29.00197845738341,,209,209,Hamas,209,2020-05,2020-05-01,2020,5,4.0,Israel,ged_rolling_24m,1,0.6931471805599453,False,True,2.0,1.0,1.0986122886681098,0.6931471805599453,44.0,44.0,44.0,1.0,28.0,44.0,14.0,37.0,23.0,1.0,13.0,3.0,1.0,0.0,0.0,0.0,0.0,25.0,1.0,0.0,0.6363636363636364,3.367295829986474,1.0,3.80666248977032,0.3181818181818182,2.70805020110221,0.8409090909090909,3.6375861597263857,0.5227272727272727,3.1780538303479458,0.0227272727272727,0.6931471805599453,0.2954545454545454,2.6390573296152584,0.0681818181818181,1.3862943611198906,0.0227272727272727,0.6931471805599453,0.0,0.0,0.0,0.0,0.0,0.0,0.0,0.0,0.5681818181818182,3.258096538021482,0.0227272727272727,0.6931471805599453,0.0,0.0,3.80666248977032
209,2020-06,2020-07,12,9,3,1.0,0.0985620915032679,0.1132194813409234,0.0064481443941743,0.0074070624190801,0.0009523207965826,0.0064274440493329,0.0073797648459156,2.9568627450980394,3.5098039215686274,30.0,31.0,0.0,0.0,0.0,0.0,0.0,0.0,0.0,0.0,0.0,0.0985620915032679,0.1132194813409234,0.0064481443941743,0.0074070624190801,0.0009523207965826,0.0064274440493329,0.0073797648459156,2.9568627450980394,3.5098039215686274,1.322888888888889,1.4165717900063253,0.0865462414900312,0.0926751787361564,0.0056249019479633,0.0830040798547423,0.0886289818027057,39.68666666666667,43.913725490196086,0.0985620915032679,0.1132194813409234,0.0064481443941743,0.0074070624190801,0.0009523207965826,0.0064274440493329,0.0073797648459156,2.9568627450980394,3.5098039215686274,15285.341871735298,0.0,0.0,2.9568627450980394,3.5098039215686274,29.00197845738341,29.974298513464955,,209,209,Hamas,209,2020-06,2020-06-01,2020,6,5.0,Israel,ged_rolling_24m,1,0.6931471805599453,False,True,1.0,0.0,0.6931471805599453,0.0,88.0,88.0,88.0,1.0,67.0,81.0,23.0,73.0,53.0,0.0,36.0,4.0,0.0,0.0,4.0,2.0,2.0,39.0,0.0,1.0,0.7613636363636364,4.219507705176107,0.9204545454545454,4.406719247264253,0.2613636363636363,3.1780538303479458,0.8295454545454546,4.30406509320417,0.6022727272727273,3.9889840465642745,0.0,0.0,0.4090909090909091,3.610917912644224,0.0454545454545454,1.6094379124341005,0.0,0.0,0.0,0.0,0.0454545454545454,1.6094379124341005,0.0227272727272727,1.0986122886681098,0.0227272727272727,1.0986122886681098,0.4431818181818182,3.688879454113936,0.0,0.0,0.0113636363636363,0.6931471805599453,4.48863636973214
209,2020-07,2020-08,12,8,3,0.0,0.1132194813409234,1.064516129032258,0.0074089188458901,0.069660393394598,0.0599596011228502,0.0073816076214615,0.0673412087443118,3.5098039215686274,33.0,31.0,31.0,0.0,0.2903225806451613,0.0,0.0189982891076176,0.0188200752476352,0.0,0.0188200752476352,0.0,9.0,0.1132194813409234,1.064516129032258,0.0074089188458901,0.069660393394598,0.0599596011228502,0.0073816076214615,0.0673412087443118,3.5098039215686274,33.0,1.4165717900063253,30.835483870967753,0.0926984058505893,2.0178293953301916,1.015887591013941,0.0886502386849135,1.1045378296988546,43.913725490196086,955.9000000000004,0.1132194813409234,1.064516129032258,0.0074089188458901,0.069660393394598,0.0599596011228502,0.0073816076214615,0.0673412087443118,3.5098039215686274,33.0,15281.51187723278,0.0,9.0,3.5098039215686274,32.0,29.972079477767753,29.968601226454496,,209,209,Hamas,209,2020-07,2020-07-01,2020,7,6.0,Israel,ged_rolling_24m,1,0.6931471805599453,False,True,0.0,0.0,0.0,0.0,101.0,101.0,101.0,1.0,77.0,94.0,24.0,78.0,64.0,0.0,49.0,3.0,0.0,0.0,5.0,1.0,2.0,37.0,4.0,0.0,0.7623762376237624,4.356708826689592,0.9306930693069309,4.553876891600541,0.2376237623762376,3.218875824868201,0.7722772277227723,4.3694478524670215,0.6336633663366337,4.174387269895637,0.0,0.0,0.4851485148514851,3.912023005428146,0.0297029702970297,1.3862943611198906,0.0,0.0,0.0,0.0,0.0495049504950495,1.791759469228055,0.0099009900990099,0.6931471805599453,0.0198019801980198,1.0986122886681098,0.3663366336633663,3.6375861597263857,0.0396039603960396,1.6094379124341005,0.0,0.0,4.624972813284271
209,2020-08,2020-09,12,3,2,1.0,1.064516129032258,0.1333333333333333,0.0730625735377104,0.0091512718370465,-0.061407125717528,0.0705167783859784,0.0091096526684503,33.0,4.0,31.0,30.0,0.2903225806451613,0.1,0.0199261564193755,0.0068634538777849,-0.0128902214094892,0.019730229008208,0.0068400075987187,9.0,3.0,1.064516129032258,0.1333333333333333,0.0730625735377104,0.0091512718370465,-0.061407125717528,0.0705167783859784,0.0091096526684503,33.0,4.0,30.835483870967753,2.3800000000000003,2.1163792134756796,0.1633502022912811,-0.985367871430566,1.1366718194085783,0.1513039479780122,955.9000000000004,71.4,1.064516129032258,0.1333333333333333,0.0730625735377104,0.0091512718370465,-0.061407125717528,0.0705167783859784,0.0091096526684503,33.0,4.0,14569.923799396687,9.0,3.0,32.0,4.0,30.29120772429927,29.313163391861785,,209,209,Hamas,209,2020-08,2020-08-01,2020,8,7.0,Israel,ged_rolling_24m,1,0.6931471805599453,False,True,0.0,0.0,0.0,0.0,416.0,416.0,416.0,1.0,366.0,397.0,46.0,382.0,365.0,0.0,319.0,1.0,0.0,0.0,10.0,0.0,2.0,76.0,1.0,7.0,0.8798076923076923,5.905361848054571,0.9543269230769232,5.986452005284438,0.110576923076923,3.8501476017100584,0.9182692307692308,5.948034989180646,0.8774038461538461,5.902633333401366,0.0,0.0,0.7668269230769231,5.768320995793772,0.0024038461538461,0.6931471805599453,0.0,0.0,0.0,0.0,0.0240384615384615,2.3978952727983707,0.0,0.0,0.0048076923076923,1.0986122886681098,0.1826923076923076,4.343805421853684,0.0024038461538461,0.6931471805599453,0.016826923076923,2.0794415416798357,6.0330862217988015
209,2020-09,2020-10,12,3,2,0.0,0.1333333333333333,0.2903225806451613,0.0091512718370465,0.0199261564193755,0.0106205763397577,0.0091096526684503,0.019730229008208,4.0,9.0,30.0,31.0,0.1,0.0,0.0068634538777849,0.0,-0.0068400075987187,0.0068400075987187,0.0,3.0,0.0,0.1333333333333333,0.2903225806451613,0.0091512718370465,0.0199261564193755,0.0106205763397577,0.0091096526684503,0.019730229008208,4.0,9.0,2.3800000000000003,3.729032258064517,0.1633502022912811,0.2559404091199796,0.0765806739742774,0.1513039479780122,0.2278846219522896,71.4,115.6,0.1333333333333333,0.2903225806451613,0.0091512718370465,0.0199261564193755,0.0106205763397577,0.0091096526684503,0.019730229008208,4.0,9.0,14569.923799396687,3.0,0.0,4.0,9.0,29.313163391861785,30.282585273225315,,209,209,Hamas,209,2020-09,2020-09-01,2020,9,8.0,Israel,ged_rolling_24m,1,0.6931471805599453,False,True,0.0,1.0,0.0,0.6931471805599453,116.0,116.0,116.0,1.0,86.0,109.0,19.0,94.0,85.0,0.0,51.0,2.0,2.0,0.0,5.0,1.0,0.0,54.0,0.0,1.0,0.7413793103448276,4.465908118654584,0.9396551724137931,4.700480365792417,0.1637931034482758,2.995732273553991,0.8103448275862069,4.553876891600541,0.7327586206896551,4.454347296253507,0.0,0.0,0.4396551724137931,3.951243718581427,0.0172413793103448,1.0986122886681098,0.0172413793103448,1.0986122886681098,0.0,0.0,0.043103448275862,1.791759469228055,0.0086206896551724,0.6931471805599453,0.0,0.0,0.4655172413793103,4.007333185232471,0.0,0.0,0.0086206896551724,0.6931471805599453,4.762173934797756
209,2020-10,2020-11,12,3,2,1.0,0.2903225806451613,0.0,0.0199261564193755,0.0,-0.019730229008208,0.019730229008208,0.0,9.0,0.0,31.0,30.0,0.0,0.0,0.0,0.0,0.0,0.0,0.0,0.0,0.0,0.2903225806451613,0.0,0.0199261564193755,0.0,-0.019730229008208,0.019730229008208,0.0,9.0,0.0,3.729032258064517,0.0,0.2559404091199796,0.0,-0.2278846219522896,0.2278846219522896,0.0,115.6,0.0,0.2903225806451613,0.0,0.0199261564193755,0.0,-0.019730229008208,0.019730229008208,0.0,9.0,0.0,14569.923799396687,0.0,0.0,9.0,0.0,30.282585273225315,29.17400451727973,,209,209,Hamas,209,2020-10,2020-10-01,2020,10,9.0,Israel,ged_rolling_24m,1,0.6931471805599453,False,True,1.0,0.0,0.6931471805599453,0.0,54.0,54.0,54.0,1.0,39.0,49.0,12.0,47.0,39.0,0.0,28.0,1.0,0.0,0.0,4.0,2.0,1.0,17.0,0.0,1.0,0.7222222222222222,3.688879454113936,0.9074074074074074,3.912023005428146,0.2222222222222222,2.5649493574615367,0.8703703703703703,3.871201010907891,0.7222222222222222,3.688879454113936,0.0,0.0,0.5185185185185185,3.367295829986474,0.0185185185185185,0.6931471805599453,0.0,0.0,0.0,0.0,0.074074074074074,1.6094379124341005,0.037037037037037,1.0986122886681098,0.0185185185185185,0.6931471805599453,0.3148148148148148,2.8903717578961645,0.0,0.0,0.0185185185185185,0.6931471805599453,4.007333185232471
209,2020-11,2020-12,12,2,2,0.0,0.0,0.0,0.0,0.0,0.0,0.0,0.0,0.0,0.0,30.0,31.0,0.0,0.0,0.0,0.0,0.0,0.0,0.0,0.0,0.0,0.0,0.0,0.0,0.0,0.0,0.0,0.0,0.0,0.0,0.0,0.0,0.0,0.0,0.0,0.0,0.0,0.0,0.0,0.0,0.0,0.0,0.0,0.0,0.0,0.0,0.0,0.0,14569.923799396616,0.0,0.0,0.0,0.0,29.17400451727973,29.906462698772497,,209,209,Hamas,209,2020-11,2020-11-01,2020,11,10.0,Israel,ged_rolling_24m,1,0.6931471805599453,False,True,0.0,0.0,0.0,0.0,87.0,87.0,87.0,1.0,62.0,81.0,16.0,70.0,64.0,0.0,44.0,0.0,1.0,0.0,2.0,2.0,1.0,34.0,0.0,3.0,0.7126436781609196,4.143134726391533,0.9310344827586208,4.406719247264253,0.1839080459770115,2.833213344056216,0.8045977011494253,4.2626798770413155,0.735632183908046,4.174387269895637,0.0,0.0,0.5057471264367817,3.80666248977032,0.0,0.0,0.0114942528735632,0.6931471805599453,0.0,0.0,0.0229885057471264,1.0986122886681098,0.0229885057471264,1.0986122886681098,0.0114942528735632,0.6931471805599453,0.3908045977011494,3.5553480614894135,0.0,0.0,0.0344827586206896,1.3862943611198906,4.477336814478207
209,2020-12,2021-01,12,1,1,1.0,0.0,0.0,0.0,0.0,0.0,0.0,0.0,0.0,0.0,31.0,31.0,0.0,0.0,0.0,0.0,0.0,0.0,0.0,0.0,0.0,0.0,0.0,0.0,0.0,0.0,0.0,0.0,0.0,0.0,0.0,0.0,0.0,0.0,0.0,0.0,0.0,0.0,0.0,0.0,0.0,0.0,0.0,0.0,0.0,0.0,0.0,0.0,14462.932024622414,0.0,0.0,0.0,0.0,29.90695004659812,29.27704318714616,,209,209,Hamas,209,2020-12,2020-12-01,2020,12,11.0,Israel,ged_rolling_24m,1,0.6931471805599453,False,True,0.0,0.0,0.0,0.0,88.0,88.0,88.0,1.0,66.0,83.0,18.0,73.0,64.0,0.0,48.0,2.0,1.0,0.0,5.0,0.0,0.0,32.0,0.0,0.0,0.75,4.204692619390966,0.9431818181818182,4.430816798843313,0.2045454545454545,2.9444389791664403,0.8295454545454546,4.30406509320417,0.7272727272727273,4.174387269895637,0.0,0.0,0.5454545454545454,3.8918202981106265,0.0227272727272727,1.0986122886681098,0.0113636363636363,0.6931471805599453,0.0,0.0,0.0568181818181818,1.791759469228055,0.0,0.0,0.0,0.0,0.3636363636363636,3.49650756146648,0.0,0.0,0.0,0.0,4.48863636973214
209,2021-01,2021-02,12,0,0,,,,,,,,,,,,,,,,,,,,,,,,,,,,,,,,,,,,,,,,,,,,,,,,,,,,,,,,,209,209,Hamas,209,2021-01,2021-01-01,2021,1,12.0,Israel,ged_rolling_24m,1,0.6931471805599453,False,True,0.0,0.0,0.0,0.0,105.0,105.0,105.0,1.0,77.0,97.0,21.0,77.0,65.0,0.0,46.0,2.0,0.0,0.0,7.0,1.0,1.0,48.0,0.0,0.0,0.7333333333333333,4.356708826689592,0.923809523809524,4.584967478670572,0.2,3.091042453358316,0.7333333333333333,4.356708826689592,0.6190476190476191,4.189654742026425,0.0,0.0,0.4380952380952381,3.8501476017100584,0.019047619047619,1.0986122886681098,0.0,0.0,0.0,0.0,0.0666666666666666,2.0794415416798357,0.0095238095238095,0.6931471805599453,0.0095238095238095,0.6931471805599453,0.4571428571428571,3.8918202981106265,0.0,0.0,0.0,0.0,4.663439094112067
209,2021-02,2021-03,12,0,0,,,,,,,,,,,,,,,,,,,,,,,,,,,,,,,,,,,,,,,,,,,,,,,,,,,,,,,,,209,209,Hamas,209,2021-02,2021-02-01,2021,2,13.0,Israel,ged_rolling_24m,1,0.6931471805599453,False,True,0.0,0.0,0.0,0.0,60.0,60.0,60.0,1.0,34.0,56.0,15.0,35.0,26.0,0.0,9.0,1.0,0.0,0.0,4.0,0.0,0.0,46.0,0.0,0.0,0.5666666666666667,3.5553480614894135,0.9333333333333332,4.04305126783455,0.25,2.772588722239781,0.5833333333333334,3.58351893845611,0.4333333333333333,3.295836866004329,0.0,0.0,0.15,2.302585092994046,0.0166666666666666,0.6931471805599453,0.0,0.0,0.0,0.0,0.0666666666666666,1.6094379124341005,0.0,0.0,0.0,0.0,0.7666666666666667,3.8501476017100584,0.0,0.0,0.0,0.0,4.110873864173311
209,2021-03,2021-04,12,0,0,,,,,,,,,,,,,,,,,,,,,,,,,,,,,,,,,,,,,,,,,,,,,,,,,,,,,,,,,209,209,Hamas,209,2021-03,2021-03-01,2021,3,14.0,Israel,ged_rolling_24m,1,0.6931471805599453,False,True,0.0,1.0,0.0,0.6931471805599453,80.0,80.0,80.0,1.0,60.0,76.0,37.0,64.0,52.0,0.0,26.0,1.0,0.0,0.0,4.0,2.0,0.0,47.0,0.0,0.0,0.75,4.110873864173311,0.95,4.343805421853684,0.4625,3.6375861597263857,0.8,4.174387269895637,0.65,3.970291913552122,0.0,0.0,0.325,3.295836866004329,0.0125,0.6931471805599453,0.0,0.0,0.0,0.0,0.05,1.6094379124341005,0.025,1.0986122886681098,0.0,0.0,0.5875,3.871201010907891,0.0,0.0,0.0,0.0,4.394449154672439
209,2021-04,2021-05,12,0,0,,,,,,,,,,,,,,,,,,,,,,,,,,,,,,,,,,,,,,,,,,,,,,,,,,,,,,,,,209,209,Hamas,209,2021-04,2021-04-01,2021,4,15.0,Israel,ged_rolling_24m,1,0.6931471805599453,False,True,1.0,254.0,0.6931471805599453,5.541263545158426,187.0,187.0,187.0,1.0,161.0,184.0,33.0,168.0,141.0,0.0,121.0,1.0,2.0,0.0,2.0,0.0,1.0,60.0,0.0,0.0,0.8609625668449198,5.087596335232384,0.983957219251337,5.220355825078324,0.1764705882352941,3.5263605246161616,0.8983957219251337,5.1298987149230735,0.7540106951871658,4.955827057601261,0.0,0.0,0.6470588235294118,4.804021044733257,0.0053475935828877,0.6931471805599453,0.0106951871657754,1.0986122886681098,0.0,0.0,0.0106951871657754,1.0986122886681098,0.0,0.0,0.0053475935828877,0.6931471805599453,0.320855614973262,4.110873864173311,0.0,0.0,0.0,0.0,5.236441962829949
209,2021-05,2021-06,12,69,5,0.0,1.8206198608475648,0.490718954248366,0.109687494349315,0.0295645091425958,-0.0749425328871959,0.104078439063129,0.0291359061759331,56.43921568627451,14.72156862745098,31.0,30.0,0.8932321315623024,0.1,0.0538148553085404,0.0060247334827079,-0.0464101182470234,0.0524167755892474,0.006006657342224,27.690196078431377,3.0,1.8206198608475648,0.4573856209150327,0.109687494349315,0.0275562646483598,-0.0768950143922251,0.104078439063129,0.0271834246709039,56.43921568627451,13.72156862745098,47.239734345351046,9.236209150326795,2.846068092246675,0.5564569852126786,-0.9046392767690592,1.347051351702185,0.4424120749331257,1464.4317647058824,277.0862745098039,1.8206198608475648,0.4573856209150327,0.109687494349315,0.0275562646483598,-0.0768950143922251,0.104078439063129,0.0271834246709039,56.43921568627451,13.72156862745098,16598.244600697584,25.80392156862745,3.0,54.55294117647059,13.72156862745098,30.20518634567981,29.350542407628108,,209,209,Hamas,209,2021-05,2021-05-01,2021,5,16.0,Israel,ged_rolling_24m,1,0.6931471805599453,False,True,254.0,3.0,5.541263545158426,1.3862943611198906,2992.0,2992.0,2992.0,1.0,2590.0,2840.0,2082.0,2791.0,2605.0,3.0,1766.0,37.0,1.0,0.0,122.0,5.0,4.0,960.0,74.0,20.0,0.8656417112299465,7.85979918056211,0.9491978609625668,7.951911381854188,0.695855614973262,7.641564441260972,0.9328208556149732,7.934513463882263,0.8706550802139037,7.8655717576847906,0.0010026737967914,1.3862943611198906,0.5902406417112299,7.477038472319696,0.0123663101604278,3.6375861597263857,0.0003342245989304,0.6931471805599453,0.0,0.0,0.0407754010695187,4.812184355372417,0.0016711229946524,1.791759469228055,0.0013368983957219,1.6094379124341005,0.320855614973262,6.8679744089702925,0.0247326203208556,4.31748811353631,0.0066844919786096,3.044522437723423,8.0040315078527
209,2021-06,2021-07,12,69,5,1.0,0.490718954248366,0.1482605945604048,0.0295645091425958,0.0089323056821426,-0.0202432575584571,0.0291359061759331,0.008892648617476,14.72156862745098,4.596078431372549,30.0,31.0,0.1,0.064516129032258,0.0060247334827079,0.0038869248275535,-0.0021272670890728,0.006006657342224,0.0038793902531511,3.0,2.0,0.4573856209150327,0.1482605945604048,0.0275562646483598,0.0089323056821426,-0.0182907760534279,0.0271834246709039,0.008892648617476,13.72156862745098,4.596078431372549,9.236209150326795,4.9247691334598365,0.5564569852126786,0.2967042149296233,-0.1825862488608692,0.4424120749331257,0.2598258260722565,277.0862745098039,152.66784313725492,0.4573856209150327,0.1482605945604048,0.0275562646483598,0.0089323056821426,-0.0182907760534279,0.0271834246709039,0.008892648617476,13.72156862745098,4.596078431372549,16598.244600697584,3.0,2.0,13.72156862745098,4.596078431372549,29.350542407628108,30.32860804829529,,209,209,Hamas,209,2021-06,2021-06-01,2021,6,17.0,Israel,ged_rolling_24m,1,0.6931471805599453,False,True,3.0,1.0,1.3862943611198906,0.6931471805599453,572.0,572.0,572.0,1.0,385.0,539.0,231.0,492.0,398.0,0.0,184.0,22.0,0.0,0.0,25.0,2.0,8.0,311.0,13.0,7.0,0.6730769230769231,5.955837369464831,0.9423076923076924,6.29156913955832,0.4038461538461538,5.44673737166631,0.8601398601398601,6.20050917404269,0.6958041958041958,5.988961416889864,0.0,0.0,0.3216783216783216,5.220355825078324,0.0384615384615384,3.1354942159291497,0.0,0.0,0.0,0.0,0.0437062937062937,3.258096538021482,0.0034965034965034,1.0986122886681098,0.0139860139860139,2.1972245773362196,0.5437062937062938,5.7430031878094825,0.0227272727272727,2.6390573296152584,0.0122377622377622,2.0794415416798357,6.35088571671474
209,2021-07,2021-08,12,69,5,0.0,0.1482605945604048,0.2247944339025933,0.0089323056821434,0.0135432655265945,0.0045597266033783,0.0088926486174766,0.013452375220855,4.596078431372549,6.968627450980392,31.0,31.0,0.064516129032258,0.1602783048703352,0.0038869248275538,0.0096563406990407,0.0057306259659365,0.0038793902531515,0.0096100162190881,2.0,4.968627450980392,0.1482605945604048,0.2247944339025933,0.0089323056821434,0.0135432655265945,0.0045597266033783,0.0088926486174766,0.013452375220855,4.596078431372549,6.968627450980392,4.9247691334598365,7.199696394686907,0.2967042149296481,0.4337625193440589,0.1004762952387932,0.2598258260722757,0.360302121311069,152.66784313725492,223.19058823529411,0.1482605945604048,0.2247944339025933,0.0089323056821434,0.0135432655265945,0.0045597266033783,0.0088926486174766,0.013452375220855,4.596078431372549,6.968627450980392,16598.244600696198,2.0,4.968627450980392,4.596078431372549,6.968627450980392,30.32860804829529,30.32384312126489,,209,209,Hamas,209,2021-07,2021-07-01,2021,7,18.0,Israel,ged_rolling_24m,1,0.6931471805599453,False,True,1.0,9.0,0.6931471805599453,2.302585092994046,239.0,239.0,239.0,1.0,157.0,222.0,93.0,202.0,165.0,1.0,82.0,9.0,1.0,0.0,16.0,0.0,2.0,123.0,5.0,0.0,0.6569037656903766,5.062595033026967,0.9288702928870292,5.407171771460119,0.3891213389121339,4.543294782270004,0.8451882845188284,5.313205979041787,0.6903765690376569,5.111987788356544,0.00418410041841,0.6931471805599453,0.3430962343096234,4.418840607796598,0.0376569037656903,2.302585092994046,0.00418410041841,0.6931471805599453,0.0,0.0,0.0669456066945606,2.833213344056216,0.0,0.0,0.00836820083682,1.0986122886681098,0.5146443514644351,4.820281565605037,0.0209205020920502,1.791759469228055,0.0,0.0,5.480638923341991
209,2021-08,2021-09,12,71,5,1.0,0.2012650221378874,0.2,0.0121539599541589,0.0120775679997016,-7.547748707459855e-05,0.0120806936360726,0.012005216148998,6.23921568627451,6.0,31.0,30.0,0.1602783048703352,0.1,0.0096788606297419,0.0060387839998508,-0.0036116969025491,0.0096323205207092,0.0060206236181601,4.968627450980392,3.0,0.2012650221378874,0.2,0.0121539599541589,0.0120775679997016,-7.547748707459855e-05,0.0120806936360726,0.012005216148998,6.23921568627451,6.0,6.979582542694497,4.446666666666667,0.4214819138446177,0.2685245951933673,-0.1138454396750822,0.3516999287389273,0.237854489063845,216.36705882352945,133.4,0.2012650221378874,0.2,0.0121539599541589,0.0120775679997016,-7.547748707459855e-05,0.0120806936360726,0.012005216148998,6.23921568627451,6.0,16559.625249465793,4.968627450980392,3.0,6.23921568627451,6.0,30.322308799126244,29.351898355948812,,209,209,Hamas,209,2021-08,2021-08-01,2021,8,19.0,Israel,ged_rolling_24m,1,0.6931471805599453,False,True,9.0,7.0,2.302585092994046,2.0794415416798357,24.0,24.0,24.0,1.0,18.0,20.0,10.0,20.0,16.0,0.0,9.0,3.0,0.0,0.0,4.0,1.0,0.0,7.0,0.0,0.0,0.75,2.9444389791664403,0.8333333333333334,3.044522437723423,0.4166666666666667,2.3978952727983707,0.8333333333333334,3.044522437723423,0.6666666666666666,2.833213344056216,0.0,0.0,0.375,2.302585092994046,0.125,1.3862943611198906,0.0,0.0,0.0,0.0,0.1666666666666666,1.6094379124341005,0.0416666666666666,0.6931471805599453,0.0,0.0,0.2916666666666667,2.0794415416798357,0.0,0.0,0.0,0.0,3.218875824868201
209,2021-09,2021-10,12,72,6,0.0,0.2,0.0967741935483871,0.0116855914637719,0.0056543184502122,-0.0059794494264392,0.011617842222362,0.0056383927959227,6.0,3.0,30.0,31.0,0.1,0.0,0.0058427957318859,0.0,-0.0058257927985342,0.0058257927985342,0.0,3.0,0.0,0.2,0.0967741935483871,0.0116855914637719,0.0056543184502122,-0.0059794494264392,0.011617842222362,0.0056383927959227,6.0,3.0,4.446666666666667,0.8,0.2598096502111972,0.0467423658550879,-0.1852778055878558,0.2309606382900195,0.0456828327021637,133.4,24.8,0.2,0.0967741935483871,0.0116855914637719,0.0056543184502122,-0.0059794494264392,0.011617842222362,0.0056383927959227,6.0,3.0,17115.094312516903,3.0,0.0,6.0,3.0,29.36987309495328,29.053256968009,,209,209,Hamas,209,2021-09,2021-09-01,2021,9,20.0,Israel,ged_rolling_24m,1,0.6931471805599453,False,True,7.0,0.0,2.0794415416798357,0.0,326.0,326.0,326.0,1.0,255.0,310.0,149.0,283.0,226.0,0.0,176.0,4.0,0.0,0.0,13.0,0.0,0.0,130.0,0.0,3.0,0.7822085889570553,5.545177444479562,0.950920245398773,5.739792912179234,0.4570552147239264,5.0106352940962555,0.8680981595092024,5.648974238161206,0.6932515337423313,5.424950017481403,0.0,0.0,0.5398773006134969,5.176149732573829,0.0122699386503067,1.6094379124341005,0.0,0.0,0.0,0.0,0.0398773006134969,2.6390573296152584,0.0,0.0,0.0,0.0,0.3987730061349693,4.875197323201151,0.0,0.0,0.00920245398773,1.3862943611198906,5.7899601708972535
209,2021-10,2021-11,12,72,6,1.0,0.0967741935483871,0.1705882352941176,0.0056543184502122,0.0099671221308643,0.0042793851817274,0.0056383927959227,0.0099177779776501,3.0,5.117647058823529,31.0,30.0,0.0,0.0705882352941176,0.0,0.0041243263989783,0.0041158446777824,0.0,0.0041158446777824,0.0,2.1176470588235294,0.0967741935483871,0.1705882352941176,0.0056543184502122,0.0099671221308643,0.0042793851817274,0.0056383927959227,0.0099177779776501,3.0,5.117647058823529,0.8,4.029411764705882,0.0467423658550879,0.2354302986083473,0.1657364966194371,0.0456828327021637,0.2114193293216008,24.8,120.88235294117648,0.0967741935483871,0.1705882352941176,0.0056543184502122,0.0099671221308643,0.0042793851817274,0.0056383927959227,0.0099177779776501,3.0,5.117647058823529,17115.094312516903,0.0,2.1176470588235294,3.0,5.117647058823529,29.053256968009,28.619891924759266,,209,209,Hamas,209,2021-10,2021-10-01,2021,10,21.0,Israel,ged_rolling_24m,1,0.6931471805599453,False,True,0.0,3.0,0.0,1.3862943611198906,117.0,117.0,117.0,1.0,68.0,107.0,50.0,84.0,62.0,0.0,28.0,3.0,0.0,0.0,8.0,1.0,1.0,75.0,0.0,1.0,0.5811965811965812,4.23410650459726,0.9145299145299144,4.68213122712422,0.4273504273504273,3.9318256327243257,0.717948717948718,4.442651256490317,0.5299145299145299,4.143134726391533,0.0,0.0,0.2393162393162393,3.367295829986474,0.0256410256410256,1.3862943611198906,0.0,0.0,0.0,0.0,0.0683760683760683,2.1972245773362196,0.0085470085470085,0.6931471805599453,0.0085470085470085,0.6931471805599453,0.6410256410256411,4.330733340286331,0.0,0.0,0.0085470085470085,0.6931471805599453,4.770684624465665
209,2021-11,2021-12,12,73,6,0.0,0.1705882352941176,0.0101201771030993,0.0099671221308641,0.0005913012758391,-0.009326651451527,0.0099177779776499,0.0005911265261228,5.117647058823529,0.3137254901960784,30.0,31.0,0.0705882352941176,0.0,0.0041243263989782,0.0,-0.0041158446777824,0.0041158446777824,0.0,2.1176470588235294,0.0,0.1705882352941176,0.0101201771030993,0.0099671221308641,0.0005913012758391,-0.009326651451527,0.0099177779776499,0.0005911265261228,5.117647058823529,0.3137254901960784,4.029411764705882,0.0556609740670461,0.2354302986083432,0.0032521570171154,-0.2081724491295,0.2114193293215974,0.0032468801920973,120.88235294117648,1.7254901960784317,0.1705882352941176,0.0101201771030993,0.0099671221308641,0.0005913012758391,-0.009326651451527,0.0099177779776499,0.0005911265261228,5.117647058823529,0.3137254901960784,17115.094312517205,2.1176470588235294,0.0,5.117647058823529,0.3137254901960784,28.619891924759266,28.745461232175465,,209,209,Hamas,209,2021-11,2021-11-01,2021,11,22.0,Israel,ged_rolling_24m,1,0.6931471805599453,False,True,3.0,3.0,1.3862943611198906,1.3862943611198906,184.0,184.0,184.0,1.0,126.0,170.0,103.0,149.0,124.0,0.0,62.0,8.0,0.0,0.0,13.0,2.0,0.0,96.0,2.0,1.0,0.6847826086956522,4.844187086458591,0.9239130434782608,5.14166355650266,0.5597826086956522,4.6443908991413725,0.8097826086956522,5.0106352940962555,0.6739130434782609,4.8283137373023015,0.0,0.0,0.3369565217391304,4.143134726391533,0.0434782608695652,2.1972245773362196,0.0,0.0,0.0,0.0,0.0706521739130434,2.6390573296152584,0.0108695652173913,1.0986122886681098,0.0,0.0,0.5217391304347826,4.574710978503383,0.0108695652173913,1.0986122886681098,0.0054347826086956,0.6931471805599453,5.220355825078324
209,2021-12,2022-01,12,74,6,1.0,0.0101201771030993,0.064516129032258,0.0005913012758391,0.0037695456334747,0.0031713321743055,0.0005911265261228,0.0037624587004283,0.3137254901960784,2.0,31.0,31.0,0.0,0.0,0.0,0.0,0.0,0.0,0.0,0.0,0.0,0.0101201771030993,0.064516129032258,0.0005913012758391,0.0037695456334747,0.0031713321743055,0.0005911265261228,0.0037624587004283,0.3137254901960784,2.0,0.0556609740670461,0.267741935483871,0.0032521570171154,0.0156436143789202,0.012275634179772,0.0032468801920973,0.0155225143718693,1.7254901960784317,8.3,0.0101201771030993,0.064516129032258,0.0005913012758391,0.0037695456334747,0.0031713321743055,0.0005911265261228,0.0037624587004283,0.3137254901960784,2.0,17115.094312517205,0.0,0.0,0.3137254901960784,2.0,28.745461232175465,29.26289331738032,,209,209,Hamas,209,2021-12,2021-12-01,2021,12,23.0,Israel,ged_rolling_24m,1,0.6931471805599453,False,True,3.0,3.0,1.3862943611198906,1.3862943611198906,219.0,219.0,219.0,1.0,165.0,207.0,138.0,192.0,147.0,0.0,114.0,6.0,0.0,0.0,9.0,2.0,4.0,83.0,0.0,1.0,0.7534246575342466,5.111987788356544,0.9452054794520548,5.337538079701318,0.6301369863013698,4.9344739331306915,0.8767123287671232,5.262690188904886,0.6712328767123288,4.997212273764115,0.0,0.0,0.5205479452054794,4.74493212836325,0.0273972602739726,1.9459101490553132,0.0,0.0,0.0,0.0,0.0410958904109589,2.302585092994046,0.0091324200913242,1.0986122886681098,0.0182648401826484,1.6094379124341005,0.3789954337899543,4.430816798843313,0.0,0.0,0.0045662100456621,0.6931471805599453,5.393627546352362
209,2022-01,2022-02,12,74,6,0.0,0.064516129032258,0.1428571428571428,0.0037695456334748,0.0083468510455514,0.0045497500199952,0.0037624587004283,0.0083122087204236,2.0,4.0,31.0,28.0,0.0,0.0357142857142857,0.0,0.0020867127613878,0.0020845386003546,0.0,0.0020845386003546,0.0,1.0,0.064516129032258,0.1428571428571428,0.0037695456334748,0.0083468510455514,0.0045497500199952,0.0037624587004283,0.0083122087204236,2.0,4.0,0.267741935483871,3.3464285714285715,0.0156436143789205,0.1955249857420419,0.1630628931520238,0.0155225143718696,0.1785854075238934,8.3,93.7,0.064516129032258,0.1428571428571428,0.0037695456334748,0.0083468510455514,0.0045497500199952,0.0037624587004283,0.0083122087204236,2.0,4.0,17115.094312516903,0.0,1.0,2.0,4.0,29.26289331738032,26.005342957456435,,209,209,Hamas,209,2022-01,2022-01-01,2022,1,24.0,Israel,ged_rolling_24m,1,0.6931471805599453,False,True,3.0,3.0,1.3862943611198906,1.3862943611198906,173.0,173.0,173.0,1.0,122.0,163.0,61.0,149.0,126.0,1.0,88.0,4.0,0.0,0.0,8.0,0.0,1.0,71.0,0.0,0.0,0.7052023121387283,4.812184355372417,0.9421965317919077,5.099866427824199,0.3526011560693641,4.127134385045092,0.861271676300578,5.0106352940962555,0.7283236994219653,4.844187086458591,0.0057803468208092,0.6931471805599453,0.5086705202312138,4.48863636973214,0.0231213872832369,1.6094379124341005,0.0,0.0,0.0,0.0,0.0462427745664739,2.1972245773362196,0.0,0.0,0.0057803468208092,0.6931471805599453,0.4104046242774566,4.276666119016055,0.0,0.0,0.0,0.0,5.159055299214529
209,2022-02,2022-03,12,74,6,1.0,0.1428571428571428,0.032258064516129,0.0083468510455514,0.0018847728167374,-0.006429209859319,0.0083122087204236,0.0018829988611046,4.0,1.0,28.0,31.0,0.0357142857142857,0.0,0.0020867127613878,0.0,-0.0020845386003546,0.0020845386003546,0.0,1.0,0.0,0.1428571428571428,0.032258064516129,0.0083468510455514,0.0018847728167374,-0.006429209859319,0.0083122087204236,0.0018829988611046,4.0,1.0,3.3464285714285715,0.1451612903225806,0.1955249857420419,0.0084814776753183,-0.1701396954923056,0.1785854075238934,0.0084457120315878,93.7,4.5,0.1428571428571428,0.032258064516129,0.0083468510455514,0.0018847728167374,-0.006429209859319,0.0083122087204236,0.0018829988611046,4.0,1.0,17115.094312516903,1.0,0.0,4.0,1.0,26.005342957456435,29.287831826295054,,209,209,Hamas,209,2022-02,2022-02-01,2022,2,25.0,Israel,ged_rolling_24m,1,0.6931471805599453,False,True,3.0,5.0,1.3862943611198906,1.791759469228055,105.0,105.0,105.0,1.0,61.0,99.0,47.0,88.0,62.0,0.0,31.0,3.0,0.0,0.0,4.0,2.0,3.0,62.0,0.0,0.0,0.580952380952381,4.127134385045092,0.9428571428571428,4.605170185988092,0.4476190476190476,3.871201010907891,0.8380952380952381,4.48863636973214,0.5904761904761905,4.143134726391533,0.0,0.0,0.2952380952380952,3.4657359027997265,0.0285714285714285,1.3862943611198906,0.0,0.0,0.0,0.0,0.0380952380952381,1.6094379124341005,0.019047619047619,1.0986122886681098,0.0285714285714285,1.3862943611198906,0.5904761904761905,4.143134726391533,0.0,0.0,0.0,0.0,4.663439094112067
209,2022-03,2022-04,12,74,6,0.0,0.032258064516129,0.0666666666666666,0.0018847728167373,0.0038951971545905,0.0020046316557152,0.0018829988611046,0.0038876305168198,1.0,2.0,31.0,30.0,0.0,0.0,0.0,0.0,0.0,0.0,0.0,0.0,0.0,0.032258064516129,0.0666666666666666,0.0018847728167373,0.0038951971545905,0.0020046316557152,0.0018829988611046,0.0038876305168198,1.0,2.0,0.1451612903225806,0.4733333333333334,0.0084814776753182,0.0276558997975932,0.0188346711441706,0.0084457120315876,0.0272803831757582,4.5,14.2,0.032258064516129,0.0666666666666666,0.0018847728167373,0.0038951971545905,0.0020046316557152,0.0018829988611046,0.0038876305168198,1.0,2.0,17115.094312517205,0.0,0.0,1.0,2.0,29.287831826295054,27.29635074436583,,209,209,Hamas,209,2022-03,2022-03-01,2022,3,26.0,Israel,ged_rolling_24m,1,0.6931471805599453,False,True,5.0,11.0,1.791759469228055,2.4849066497880004,67.0,67.0,67.0,1.0,31.0,64.0,32.0,57.0,41.0,0.0,12.0,1.0,1.0,0.0,3.0,0.0,0.0,49.0,1.0,0.0,0.4626865671641791,3.4657359027997265,0.9552238805970148,4.174387269895637,0.4776119402985074,3.49650756146648,0.8507462686567164,4.060443010546419,0.6119402985074627,3.737669618283368,0.0,0.0,0.1791044776119403,2.5649493574615367,0.0149253731343283,0.6931471805599453,0.0149253731343283,0.6931471805599453,0.0,0.0,0.044776119402985,1.3862943611198906,0.0,0.0,0.0,0.0,0.7313432835820896,3.912023005428146,0.0149253731343283,0.6931471805599453,0.0,0.0,4.219507705176107
209,2022-04,2022-05,12,75,6,1.0,0.0666666666666666,0.2174573055028463,0.0038951971545905,0.0127055861645943,0.0087379169340661,0.0038876305168198,0.012625547450886,2.0,6.741176470588235,30.0,31.0,0.0,0.064516129032258,0.0,0.0037695456334747,0.0037624587004283,0.0,0.0037624587004283,0.0,2.0,0.0666666666666666,0.2174573055028463,0.0038951971545905,0.0127055861645943,0.0087379169340661,0.0038876305168198,0.012625547450886,2.0,6.741176470588235,0.4733333333333334,4.062960151802658,0.0276558997975932,0.2373904623377501,0.1857243130846151,0.0272803831757582,0.2130046962603734,14.2,125.95176470588238,0.0666666666666666,0.2174573055028463,0.0038951971545905,0.0127055861645943,0.0087379169340661,0.0038876305168198,0.012625547450886,2.0,6.741176470588235,17115.094312517205,0.0,2.0,2.0,6.741176470588235,27.29635074436583,29.86980817135128,,209,209,Hamas,209,2022-04,2022-04-01,2022,4,27.0,Israel,ged_rolling_24m,1,0.6931471805599453,False,True,11.0,5.0,2.4849066497880004,1.791759469228055,195.0,195.0,195.0,1.0,161.0,178.0,73.0,168.0,145.0,0.0,119.0,1.0,0.0,0.0,9.0,2.0,1.0,57.0,2.0,4.0,0.8256410256410256,5.087596335232384,0.9128205128205128,5.187385805840755,0.3743589743589743,4.30406509320417,0.8615384615384616,5.1298987149230735,0.7435897435897436,4.983606621708336,0.0,0.0,0.6102564102564103,4.787491742782046,0.0051282051282051,0.6931471805599453,0.0,0.0,0.0,0.0,0.0461538461538461,2.302585092994046,0.0102564102564102,1.0986122886681098,0.0051282051282051,0.6931471805599453,0.2923076923076923,4.060443010546419,0.0102564102564102,1.0986122886681098,0.0205128205128205,1.6094379124341005,5.278114659230517
209,2022-05,2022-06,12,6,3,0.0,0.0884250474383301,0.0333333333333333,0.0733888721633462,0.0276651900072127,-0.0435313904712932,0.0708208138010844,0.0272894233297911,2.7411764705882353,1.0,31.0,30.0,0.0,0.0,0.0,0.0,0.0,0.0,0.0,0.0,0.0,0.0884250474383301,0.0333333333333333,0.0733888721633462,0.0276651900072127,-0.0435313904712932,0.0708208138010844,0.0272894233297911,2.7411764705882353,1.0,0.9145730550284632,0.5166666666666667,0.7590551202851847,0.4288104451117979,-0.2079345598909692,0.5647768014129391,0.3568422415219698,28.351764705882356,15.5,0.0884250474383301,0.0333333333333333,0.0733888721633462,0.0276651900072127,-0.0435313904712932,0.0708208138010844,0.0272894233297911,2.7411764705882353,1.0,1204.8835856411174,0.0,0.0,2.7411764705882353,1.0,30.175849644507707,29.82169507760826,,209,209,Hamas,209,2022-05,2022-05-01,2022,5,28.0,Israel,ged_rolling_24m,1,0.6931471805599453,False,True,5.0,4.0,1.791759469228055,1.6094379124341005,176.0,176.0,176.0,1.0,126.0,163.0,103.0,153.0,103.0,0.0,69.0,6.0,0.0,0.0,5.0,1.0,1.0,92.0,1.0,1.0,0.7159090909090909,4.844187086458591,0.9261363636363636,5.099866427824199,0.5852272727272727,4.6443908991413725,0.8693181818181818,5.0369526024136295,0.5852272727272727,4.6443908991413725,0.0,0.0,0.3920454545454545,4.248495242049359,0.034090909090909,1.9459101490553132,0.0,0.0,0.0,0.0,0.0284090909090909,1.791759469228055,0.0056818181818181,0.6931471805599453,0.0056818181818181,0.6931471805599453,0.5227272727272727,4.532599493153256,0.0056818181818181,0.6931471805599453,0.0056818181818181,0.6931471805599453,5.176149732573829
209,2022-06,2022-07,12,6,3,1.0,0.0333333333333333,0.1526881720430107,0.0276651900072127,0.1267244187427165,0.0920252554224142,0.0272894233297911,0.1193146787522053,1.0,4.733333333333333,30.0,31.0,0.0,0.0236559139784946,0.0,0.01963336065028,0.0194431123355575,0.0,0.0194431123355575,0.0,0.7333333333333333,0.0333333333333333,0.1526881720430107,0.0276651900072127,0.1267244187427165,0.0920252554224142,0.0272894233297911,0.1193146787522053,1.0,4.733333333333333,0.5166666666666667,4.413548387096774,0.4288104451117979,3.6630496420517913,1.1828274221947457,0.3568422415219698,1.5396696637167155,15.5,136.82,0.0333333333333333,0.1526881720430107,0.0276651900072127,0.1267244187427165,0.0920252554224142,0.0272894233297911,0.1193146787522053,1.0,4.733333333333333,1204.8835856411174,0.0,0.7333333333333333,1.0,4.733333333333333,29.82169507760826,25.83644326023467,,209,209,Hamas,209,2022-06,2022-06-01,2022,6,29.0,Israel,ged_rolling_24m,1,0.6931471805599453,False,True,4.0,2.0,1.6094379124341005,1.0986122886681098,119.0,119.0,119.0,1.0,84.0,116.0,48.0,99.0,86.0,0.0,48.0,6.0,1.0,0.0,2.0,1.0,5.0,56.0,0.0,0.0,0.7058823529411765,4.442651256490317,0.9747899159663864,4.762173934797756,0.4033613445378151,3.8918202981106265,0.8319327731092437,4.605170185988092,0.7226890756302521,4.465908118654584,0.0,0.0,0.4033613445378151,3.8918202981106265,0.0504201680672268,1.9459101490553132,0.0084033613445378,0.6931471805599453,0.0,0.0,0.0168067226890756,1.0986122886681098,0.0084033613445378,0.6931471805599453,0.042016806722689,1.791759469228055,0.4705882352941176,4.04305126783455,0.0,0.0,0.0,0.0,4.787491742782046
209,2022-07,2022-08,12,6,3,0.0,0.1526881720430107,0.0967741935483871,0.1267244187427403,0.0803182935693424,-0.0420589647684967,0.1193146787522264,0.0772557139837296,4.733333333333333,3.0,31.0,31.0,0.0236559139784946,0.0,0.0196333606502837,0.0,-0.019443112335561,0.019443112335561,0.0,0.7333333333333333,0.0,0.1526881720430107,0.0967741935483871,0.1267244187427403,0.0803182935693424,-0.0420589647684967,0.1193146787522264,0.0772557139837296,4.733333333333333,3.0,4.413548387096774,1.1516129032258065,3.663049642052479,0.9557876934751756,-0.8688766391633672,1.5396696637168632,0.670793024553496,136.82,35.7,0.1526881720430107,0.0967741935483871,0.1267244187427403,0.0803182935693424,-0.0420589647684967,0.1193146787522264,0.0772557139837296,4.733333333333333,3.0,1204.8835856408912,0.7333333333333333,0.0,4.733333333333333,3.0,25.83644326023467,20.87721959047508,,209,209,Hamas,209,2022-07,2022-07-01,2022,7,30.0,Israel,ged_rolling_24m,1,0.6931471805599453,False,True,2.0,30.0,1.0986122886681098,3.4339872044851463,100.0,100.0,100.0,1.0,73.0,89.0,27.0,78.0,68.0,0.0,44.0,0.0,1.0,0.0,7.0,1.0,2.0,42.0,0.0,3.0,0.73,4.30406509320417,0.89,4.499809670330265,0.27,3.332204510175204,0.78,4.3694478524670215,0.68,4.23410650459726,0.0,0.0,0.44,3.80666248977032,0.0,0.0,0.01,0.6931471805599453,0.0,0.0,0.07,2.0794415416798357,0.01,0.6931471805599453,0.02,1.0986122886681098,0.42,3.7612001156935624,0.0,0.0,0.03,1.3862943611198906,4.61512051684126
209,2022-08,2022-09,12,4,2,1.0,0.0,0.0666666666666666,0.0,0.0879053826269296,0.0842541801548123,0.0,0.0842541801548123,0.0,2.0,31.0,30.0,0.0,0.0333333333333333,0.0,0.0439526913134648,0.043014173599853,0.0,0.043014173599853,0.0,1.0,0.0,0.0666666666666666,0.0,0.0879053826269296,0.0842541801548123,0.0,0.0842541801548123,0.0,2.0,0.0,2.37,0.0,3.1250363523873497,1.4170748324477762,0.0,1.4170748324477762,0.0,71.10000000000001,0.0,0.0666666666666666,0.0,0.0879053826269296,0.0842541801548123,0.0,0.0842541801548123,0.0,2.0,758.3911778144453,0.0,1.0,0.0,2.0,20.942071994669668,29.91891394304949,,209,209,Hamas,209,2022-08,2022-08-01,2022,8,31.0,Israel,ged_rolling_24m,1,0.6931471805599453,False,True,30.0,11.0,3.4339872044851463,2.4849066497880004,182.0,182.0,182.0,1.0,137.0,173.0,121.0,171.0,148.0,0.0,107.0,4.0,0.0,0.0,8.0,0.0,3.0,59.0,0.0,1.0,0.7527472527472527,4.927253685157205,0.9505494505494504,5.159055299214529,0.6648351648351648,4.804021044733257,0.9395604395604396,5.147494476813453,0.8131868131868132,5.003946305945459,0.0,0.0,0.5879120879120879,4.68213122712422,0.0219780219780219,1.6094379124341005,0.0,0.0,0.0,0.0,0.0439560439560439,2.1972245773362196,0.0,0.0,0.0164835164835164,1.3862943611198906,0.3241758241758242,4.0943445622221,0.0,0.0,0.0054945054945054,0.6931471805599453,5.209486152841421
209,2022-09,2022-10,12,4,2,0.0,0.0666666666666666,0.0,0.0879053826269253,0.0,-0.0842541801548085,0.0842541801548085,0.0,2.0,0.0,30.0,31.0,0.0333333333333333,0.0,0.0439526913134626,0.0,-0.0430141735998508,0.0430141735998508,0.0,1.0,0.0,0.0666666666666666,0.0,0.0879053826269253,0.0,-0.0842541801548085,0.0842541801548085,0.0,2.0,0.0,2.37,0.0,3.125036352387197,0.0,-1.4170748324477391,1.4170748324477391,0.0,71.10000000000001,0.0,0.0666666666666666,0.0,0.0879053826269253,0.0,-0.0842541801548085,0.0842541801548085,0.0,2.0,0.0,758.3911778144824,1.0,0.0,2.0,0.0,29.91891394304949,30.88410453780328,,209,209,Hamas,209,2022-09,2022-09-01,2022,9,32.0,Israel,ged_rolling_24m,1,0.6931471805599453,False,True,11.0,11.0,2.4849066497880004,2.4849066497880004,67.0,67.0,67.0,1.0,45.0,64.0,37.0,54.0,30.0,1.0,26.0,3.0,0.0,0.0,2.0,0.0,2.0,33.0,0.0,0.0,0.6716417910447762,3.828641396489095,0.9552238805970148,4.174387269895637,0.5522388059701493,3.6375861597263857,0.8059701492537313,4.007333185232471,0.4477611940298507,3.4339872044851463,0.0149253731343283,0.6931471805599453,0.3880597014925373,3.295836866004329,0.044776119402985,1.3862943611198906,0.0,0.0,0.0,0.0,0.0298507462686567,1.0986122886681098,0.0,0.0,0.0298507462686567,1.0986122886681098,0.4925373134328358,3.5263605246161616,0.0,0.0,0.0,0.0,4.219507705176107
209,2022-10,2022-11,12,7,2,1.0,0.0,0.0,0.0,0.0,0.0,0.0,0.0,0.0,0.0,31.0,30.0,0.0,0.0,0.0,0.0,0.0,0.0,0.0,0.0,0.0,0.0,0.0,0.0,0.0,0.0,0.0,0.0,0.0,0.0,0.0,0.0,0.0,0.0,0.0,0.0,0.0,0.0,0.0,0.0,0.0,0.0,0.0,0.0,0.0,0.0,0.0,0.0,758.3911778144824,0.0,0.0,0.0,0.0,30.88410453780328,28.790095911067432,,209,209,Hamas,209,2022-10,2022-10-01,2022,10,33.0,Israel,ged_rolling_24m,1,0.6931471805599453,False,True,11.0,9.0,2.4849066497880004,2.302585092994046,100.0,100.0,100.0,1.0,78.0,97.0,54.0,82.0,62.0,0.0,40.0,3.0,2.0,0.0,1.0,1.0,3.0,46.0,2.0,2.0,0.78,4.3694478524670215,0.97,4.584967478670572,0.54,4.007333185232471,0.82,4.418840607796598,0.62,4.143134726391533,0.0,0.0,0.4,3.713572066704308,0.03,1.3862943611198906,0.02,1.0986122886681098,0.0,0.0,0.01,0.6931471805599453,0.01,0.6931471805599453,0.03,1.3862943611198906,0.46,3.8501476017100584,0.02,1.0986122886681098,0.02,1.0986122886681098,4.61512051684126
209,2022-11,2022-12,12,7,2,0.0,0.0,0.0,0.0,0.0,0.0,0.0,0.0,0.0,0.0,30.0,31.0,0.0,0.0,0.0,0.0,0.0,0.0,0.0,0.0,0.0,0.0,0.0,0.0,0.0,0.0,0.0,0.0,0.0,0.0,0.0,0.0,0.0,0.0,0.0,0.0,0.0,0.0,0.0,0.0,0.0,0.0,0.0,0.0,0.0,0.0,0.0,0.0,758.3911778144453,0.0,0.0,0.0,0.0,28.790095911067432,30.111354152054943,,209,209,Hamas,209,2022-11,2022-11-01,2022,11,34.0,Israel,ged_rolling_24m,1,0.6931471805599453,False,True,9.0,6.0,2.302585092994046,1.9459101490553132,67.0,67.0,67.0,1.0,39.0,65.0,32.0,53.0,46.0,0.0,19.0,4.0,0.0,0.0,2.0,1.0,0.0,41.0,0.0,0.0,0.582089552238806,3.688879454113936,0.9701492537313432,4.189654742026425,0.4776119402985074,3.49650756146648,0.7910447761194029,3.9889840465642745,0.6865671641791045,3.8501476017100584,0.0,0.0,0.2835820895522388,2.995732273553991,0.0597014925373134,1.6094379124341005,0.0,0.0,0.0,0.0,0.0298507462686567,1.0986122886681098,0.0149253731343283,0.6931471805599453,0.0,0.0,0.6119402985074627,3.737669618283368,0.0,0.0,0.0,0.0,4.219507705176107
209,2022-12,2023-01,12,7,2,1.0,0.0,0.0,0.0,0.0,0.0,0.0,0.0,0.0,0.0,31.0,31.0,0.0,0.0,0.0,0.0,0.0,0.0,0.0,0.0,0.0,0.0,0.0,0.0,0.0,0.0,0.0,0.0,0.0,0.0,0.0,0.0,0.0,0.0,0.0,0.0,0.0,0.0,0.0,0.0,0.0,0.0,0.0,0.0,0.0,0.0,0.0,0.0,758.3911778144453,0.0,0.0,0.0,0.0,30.111354152054943,30.707247685509845,,209,209,Hamas,209,2022-12,2022-12-01,2022,12,35.0,Israel,ged_rolling_24m,1,0.6931471805599453,False,True,6.0,22.0,1.9459101490553132,3.1354942159291497,99.0,99.0,99.0,1.0,57.0,90.0,43.0,86.0,70.0,0.0,35.0,6.0,0.0,0.0,6.0,0.0,0.0,50.0,0.0,2.0,0.5757575757575758,4.060443010546419,0.9090909090909092,4.51085950651685,0.4343434343434343,3.784189633918261,0.8686868686868687,4.465908118654584,0.7070707070707071,4.2626798770413155,0.0,0.0,0.3535353535353535,3.58351893845611,0.0606060606060606,1.9459101490553132,0.0,0.0,0.0,0.0,0.0606060606060606,1.9459101490553132,0.0,0.0,0.0,0.0,0.5050505050505051,3.9318256327243257,0.0,0.0,0.0202020202020202,1.0986122886681098,4.605170185988092
209,2023-01,2023-02,12,9,2,0.0,0.0,0.0,0.0,0.0,0.0,0.0,0.0,0.0,0.0,31.0,28.0,0.0,0.0,0.0,0.0,0.0,0.0,0.0,0.0,0.0,0.0,0.0,0.0,0.0,0.0,0.0,0.0,0.0,0.0,0.0,0.0,0.0,0.0,0.0,0.0,0.0,0.0,0.0,0.0,0.0,0.0,0.0,0.0,0.0,0.0,0.0,0.0,758.3911778144824,0.0,0.0,0.0,0.0,30.707247685509845,26.315647355870365,,209,209,Hamas,209,2023-01,2023-01-01,2023,1,36.0,Israel,ged_rolling_24m,1,0.6931471805599453,False,True,22.0,21.0,3.1354942159291497,3.091042453358316,217.0,217.0,217.0,1.0,177.0,206.0,152.0,180.0,134.0,0.0,93.0,7.0,0.0,0.0,10.0,1.0,0.0,103.0,3.0,0.0,0.815668202764977,5.181783550292085,0.9493087557603688,5.332718793265369,0.7004608294930875,5.030437921392435,0.8294930875576036,5.198497031265826,0.6175115207373272,4.90527477843843,0.0,0.0,0.4285714285714285,4.543294782270004,0.032258064516129,2.0794415416798357,0.0,0.0,0.0,0.0,0.0460829493087557,2.3978952727983707,0.0046082949308755,0.6931471805599453,0.0,0.0,0.4746543778801843,4.6443908991413725,0.0138248847926267,1.3862943611198906,0.0,0.0,5.384495062789089
209,2023-02,2023-03,12,11,2,1.0,0.0,0.0,0.0,0.0,0.0,0.0,0.0,0.0,0.0,28.0,31.0,0.0,0.0,0.0,0.0,0.0,0.0,0.0,0.0,0.0,0.0,0.0,0.0,0.0,0.0,0.0,0.0,0.0,0.0,0.0,0.0,0.0,0.0,0.0,0.0,0.0,0.0,0.0,0.0,0.0,0.0,0.0,0.0,0.0,0.0,0.0,0.0,758.3911778144824,0.0,0.0,0.0,0.0,26.315647355870365,29.796373088792233,,209,209,Hamas,209,2023-02,2023-02-01,2023,2,37.0,Israel,ged_rolling_24m,1,0.6931471805599453,False,True,21.0,17.0,3.091042453358316,2.8903717578961645,215.0,215.0,215.0,1.0,175.0,207.0,170.0,201.0,144.0,0.0,117.0,4.0,1.0,0.0,5.0,1.0,0.0,85.0,0.0,2.0,0.813953488372093,5.170483995038151,0.9627906976744186,5.337538079701318,0.7906976744186046,5.14166355650266,0.9348837209302324,5.308267697401205,0.6697674418604651,4.976733742420574,0.0,0.0,0.5441860465116279,4.770684624465665,0.0186046511627906,1.6094379124341005,0.0046511627906976,0.6931471805599453,0.0,0.0,0.0232558139534883,1.791759469228055,0.0046511627906976,0.6931471805599453,0.0,0.0,0.3953488372093023,4.454347296253507,0.0,0.0,0.0093023255813953,1.0986122886681098,5.375278407684165
209,2023-03,2023-04,12,14,3,0.0,0.0,0.0,0.0,0.0,0.0,0.0,0.0,0.0,0.0,31.0,30.0,0.0,0.0,0.0,0.0,0.0,0.0,0.0,0.0,0.0,0.0,0.0,0.0,0.0,0.0,0.0,0.0,0.0,0.0,0.0,0.0,0.0,0.0,0.0,0.0,0.0,0.0,0.0,0.0,0.0,0.0,0.0,0.0,0.0,0.0,0.0,0.0,933.6911635329274,0.0,0.0,0.0,0.0,29.413963915874852,28.78629941994945,,209,209,Hamas,209,2023-03,2023-03-01,2023,3,38.0,Israel,ged_rolling_24m,1,0.6931471805599453,False,True,17.0,1.0,2.8903717578961645,0.6931471805599453,178.0,178.0,178.0,1.0,136.0,168.0,137.0,159.0,116.0,0.0,82.0,8.0,0.0,0.0,7.0,2.0,0.0,74.0,2.0,3.0,0.7640449438202247,4.919980925828125,0.9438202247191012,5.1298987149230735,0.7696629213483146,4.927253685157205,0.8932584269662921,5.075173815233827,0.651685393258427,4.762173934797756,0.0,0.0,0.4606741573033708,4.418840607796598,0.0449438202247191,2.1972245773362196,0.0,0.0,0.0,0.0,0.0393258426966292,2.0794415416798357,0.0112359550561797,1.0986122886681098,0.0,0.0,0.4157303370786517,4.31748811353631,0.0112359550561797,1.0986122886681098,0.0168539325842696,1.3862943611198906,5.187385805840755
209,2023-04,2023-05,12,13,3,1.0,0.0,0.032258064516129,0.0,0.0239918016251573,0.0237085203598338,0.0,0.0237085203598338,0.0,1.0,30.0,31.0,0.0,0.0,0.0,0.0,0.0,0.0,0.0,0.0,0.0,0.0,0.032258064516129,0.0,0.0239918016251573,0.0237085203598338,0.0,0.0237085203598338,0.0,1.0,0.0,0.1741935483870967,0.0,0.1295557287758499,0.1218243950410912,0.0,0.1218243950410912,0.0,5.4,0.0,0.032258064516129,0.0,0.0239918016251573,0.0237085203598338,0.0,0.0237085203598338,0.0,1.0,1344.5453167762016,0.0,0.0,0.0,1.0,28.869815489046548,29.545557543967888,,209,209,Hamas,209,2023-04,2023-04-01,2023,4,39.0,Israel,ged_rolling_24m,1,0.6931471805599453,False,True,1.0,52.0,0.6931471805599453,3.970291913552122,521.0,521.0,521.0,1.0,457.0,497.0,242.0,484.0,429.0,0.0,330.0,21.0,0.0,0.0,16.0,6.0,3.0,137.0,7.0,1.0,0.8771593090211133,6.126869184114185,0.9539347408829176,6.210600077024653,0.4644913627639155,5.493061443340548,0.9289827255278312,6.184148890937483,0.8234165067178503,6.063785208687608,0.0,0.0,0.6333973128598849,5.802118375377063,0.0403071017274472,3.091042453358316,0.0,0.0,0.0,0.0,0.0307101727447216,2.833213344056216,0.0115163147792706,1.9459101490553132,0.0057581573896353,1.3862943611198906,0.2629558541266795,4.927253685157205,0.0134357005758157,2.0794415416798357,0.0019193857965451,0.6931471805599453,6.257667587882639
209,2023-05,2023-06,12,16,4,0.0,0.032258064516129,0.1700653594771241,0.0227361136649041,0.1198653856495748,0.0907269864120857,0.0224815002870459,0.1132084866991317,1.0,5.101960784313725,31.0,30.0,0.0,0.1,0.0,0.0704819523612027,0.0681089698314097,0.0,0.0681089698314097,0.0,3.0,0.032258064516129,0.1700653594771241,0.0227361136649041,0.1198653856495748,0.0907269864120857,0.0224815002870459,0.1132084866991317,1.0,5.101960784313725,0.1741935483870967,5.237098039215686,0.1227750137904821,3.6912089451094814,1.4298870082772146,0.1158033117760418,1.5456903200532566,5.4,157.1129411764706,0.032258064516129,0.1700653594771241,0.0227361136649041,0.1198653856495748,0.0907269864120857,0.0224815002870459,0.1132084866991317,1.0,5.101960784313725,1418.8029225910846,0.0,3.0,1.0,5.101960784313725,29.45805674173733,29.187778882714227,,209,209,Hamas,209,2023-05,2023-05-01,2023,5,40.0,Israel,ged_rolling_24m,1,0.6931471805599453,False,True,52.0,17.0,3.970291913552122,2.8903717578961645,415.0,415.0,415.0,1.0,344.0,391.0,278.0,389.0,306.0,1.0,212.0,9.0,0.0,0.0,17.0,5.0,0.0,154.0,13.0,4.0,0.8289156626506025,5.84354441703136,0.9421686746987952,5.971261839790462,0.6698795180722892,5.631211781821365,0.9373493975903614,5.966146739123692,0.7373493975903614,5.726847747587197,0.0024096385542168,0.6931471805599453,0.5108433734939759,5.3612921657094255,0.0216867469879518,2.302585092994046,0.0,0.0,0.0,0.0,0.0409638554216867,2.8903717578961645,0.0120481927710843,1.791759469228055,0.0,0.0,0.3710843373493976,5.043425116919247,0.0313253012048192,2.6390573296152584,0.0096385542168674,1.6094379124341005,6.030685260261263
209,2023-06,2023-07,12,18,4,1.0,0.1700653594771241,0.0965211891208096,0.1198653856495748,0.0680300185345954,-0.0473926393139992,0.1132084866991317,0.0658158473851325,5.101960784313725,2.992156862745098,30.0,31.0,0.1,0.0,0.0704819523612027,0.0,-0.0681089698314097,0.0681089698314097,0.0,3.0,0.0,0.1700653594771241,0.0965211891208096,0.1198653856495748,0.0680300185345954,-0.0473926393139992,0.1132084866991317,0.0658158473851325,5.101960784313725,2.992156862745098,5.237098039215686,0.8877166350411132,3.6912089451094814,0.625680015812149,-1.0597641205372228,1.5456903200532566,0.4859261995160337,157.1129411764706,27.51921568627451,0.1700653594771241,0.0965211891208096,0.1198653856495748,0.0680300185345954,-0.0473926393139992,0.1132084866991317,0.0658158473851325,5.101960784313725,2.992156862745098,1418.8029225910846,3.0,0.0,5.101960784313725,2.992156862745098,29.187778882714227,30.648339280491328,,209,209,Hamas,209,2023-06,2023-06-01,2023,6,41.0,Israel,ged_rolling_24m,1,0.6931471805599453,False,True,17.0,21.0,2.8903717578961645,3.091042453358316,177.0,177.0,177.0,1.0,123.0,160.0,134.0,152.0,99.0,0.0,64.0,8.0,2.0,0.0,11.0,1.0,2.0,82.0,2.0,5.0,0.6949152542372882,4.820281565605037,0.903954802259887,5.081404364984463,0.7570621468926554,4.90527477843843,0.8587570621468926,5.030437921392435,0.559322033898305,4.605170185988092,0.0,0.0,0.3615819209039548,4.174387269895637,0.0451977401129943,2.1972245773362196,0.0112994350282485,1.0986122886681098,0.0,0.0,0.0621468926553672,2.4849066497880004,0.0056497175141242,0.6931471805599453,0.0112994350282485,1.0986122886681098,0.4632768361581921,4.418840607796598,0.0112994350282485,1.0986122886681098,0.0282485875706214,1.791759469228055,5.181783550292085
209,2023-07,2023-08,12,20,4,0.0,0.0965211891208096,0.0,0.0680300185345954,0.0,-0.0658158473851325,0.0658158473851325,0.0,2.992156862745098,0.0,31.0,31.0,0.0,0.0,0.0,0.0,0.0,0.0,0.0,0.0,0.0,0.0965211891208096,0.0,0.0680300185345954,0.0,-0.0658158473851325,0.0658158473851325,0.0,2.992156862745098,0.0,0.8877166350411132,0.0,0.625680015812149,0.0,-0.4859261995160337,0.4859261995160337,0.0,27.51921568627451,0.0,0.0965211891208096,0.0,0.0680300185345954,0.0,-0.0658158473851325,0.0658158473851325,0.0,2.992156862745098,0.0,1418.8029225910846,0.0,0.0,2.992156862745098,0.0,30.648339280491328,30.64767709856679,,209,209,Hamas,209,2023-07,2023-07-01,2023,7,42.0,Israel,ged_rolling_24m,1,0.6931471805599453,False,True,21.0,13.0,3.091042453358316,2.6390573296152584,237.0,237.0,237.0,1.0,186.0,228.0,164.0,217.0,163.0,0.0,125.0,5.0,0.0,0.0,6.0,1.0,4.0,89.0,6.0,1.0,0.7848101265822784,5.231108616854587,0.9620253164556962,5.43372200355424,0.6919831223628692,5.10594547390058,0.9156118143459916,5.384495062789089,0.6877637130801688,5.099866427824199,0.0,0.0,0.5274261603375527,4.836281906951478,0.0210970464135021,1.791759469228055,0.0,0.0,0.0,0.0,0.0253164556962025,1.9459101490553132,0.0042194092827004,0.6931471805599453,0.0168776371308016,1.6094379124341005,0.3755274261603376,4.499809670330265,0.0253164556962025,1.9459101490553132,0.0042194092827004,0.6931471805599453,5.472270673671475
209,2023-08,2023-09,12,21,4,1.0,0.0,0.0232679738562091,0.0,0.0163997222487504,0.0162666991942069,0.0,0.0162666991942069,0.0,0.6980392156862745,31.0,30.0,0.0,0.0,0.0,0.0,0.0,0.0,0.0,0.0,0.0,0.0,0.0232679738562091,0.0,0.0163997222487504,0.0162666991942069,0.0,0.0162666991942069,0.0,0.6980392156862745,0.0,0.2396601307189542,0.0,0.1689171391621294,0.1560777981660027,0.0,0.1560777981660027,0.0,7.189803921568628,0.0,0.0232679738562091,0.0,0.0163997222487504,0.0162666991942069,0.0,0.0162666991942069,0.0,0.6980392156862745,1418.8029225910846,0.0,0.0,0.0,0.6980392156862745,30.64767709856679,29.67395612752264,,209,209,Hamas,209,2023-08,2023-08-01,2023,8,43.0,Israel,ged_rolling_24m,1,0.6931471805599453,False,True,13.0,9.0,2.6390573296152584,2.302585092994046,160.0,160.0,160.0,1.0,123.0,153.0,109.0,150.0,102.0,0.0,68.0,10.0,0.0,0.0,5.0,0.0,0.0,72.0,4.0,1.0,0.76875,4.820281565605037,0.95625,5.0369526024136295,0.68125,4.700480365792417,0.9375,5.017279836814924,0.6375,4.634728988229636,0.0,0.0,0.425,4.23410650459726,0.0625,2.3978952727983707,0.0,0.0,0.0,0.0,0.03125,1.791759469228055,0.0,0.0,0.0,0.0,0.45,4.290459441148391,0.025,1.6094379124341005,0.00625,0.6931471805599453,5.081404364984463
209,2023-09,2023-10,12,23,4,0.0,0.0232679738562091,0.1820366856419987,0.0163997222487659,0.1283030100542274,0.1044480437427574,0.0162666991942222,0.1207147429369796,0.6980392156862745,5.64313725490196,30.0,31.0,0.0,0.1295382669196711,0.0,0.0913010995799366,0.0873706537236226,0.0,0.0873706537236226,0.0,4.015686274509804,0.0232679738562091,0.1820366856419987,0.0163997222487659,0.1283030100542274,0.1044480437427574,0.0162666991942222,0.1207147429369796,0.6980392156862745,5.64313725490196,0.2396601307189542,2.655888678051866,0.1689171391622895,1.8719221928328655,0.8989037610208426,0.1560777981661396,1.0549815591869822,7.189803921568628,82.33254901960784,0.0232679738562091,0.1820366856419987,0.0163997222487659,0.1283030100542274,0.1044480437427574,0.0162666991942222,0.1207147429369796,0.6980392156862745,5.64313725490196,1418.8029225897403,0.0,4.015686274509804,0.6980392156862745,5.64313725490196,29.67395612752264,28.45807078093008,,209,209,Hamas,209,2023-09,2023-09-01,2023,9,44.0,Israel,ged_rolling_24m,1,0.6931471805599453,False,True,9.0,11225.0,2.302585092994046,9.325987795502144,247.0,247.0,247.0,1.0,201.0,242.0,162.0,228.0,180.0,0.0,140.0,8.0,0.0,0.0,2.0,1.0,3.0,87.0,3.0,3.0,0.8137651821862348,5.308267697401205,0.979757085020243,5.493061443340548,0.6558704453441295,5.093750200806762,0.9230769230769232,5.43372200355424,0.728744939271255,5.198497031265826,0.0,0.0,0.5668016194331984,4.948759890378168,0.0323886639676113,2.1972245773362196,0.0,0.0,0.0,0.0,0.0080971659919028,1.0986122886681098,0.0040485829959514,0.6931471805599453,0.0121457489878542,1.3862943611198906,0.3522267206477733,4.477336814478207,0.0121457489878542,1.3862943611198906,0.0121457489878542,1.3862943611198906,5.5134287461649825
209,2023-10,2023-11,12,496,6,1.0,1.324731182795699,0.1756862745098039,0.0684275397090397,0.0090748822715731,-0.0571540255515091,0.0661879785117236,0.0090339529602145,41.06666666666666,5.270588235294118,31.0,30.0,0.7746995572422517,0.0333333333333333,0.0400162579429105,0.0017217968595618,-0.0375160294018812,0.0392363456685069,0.0017203162666257,24.015686274509804,1.0,1.2924731182795697,0.1756862745098039,0.0667612846836573,0.0090748822715731,-0.0555932686342835,0.0646272215944981,0.0090339529602145,40.06666666666666,5.270588235294118,33.5498798228969,1.9200522875816997,1.7329823315322683,0.0991781999685831,-0.91083063240791,1.0053934420630757,0.0945628096551655,1040.046274509804,57.60156862745099,1.2924731182795697,0.1756862745098039,0.0667612846836573,0.0090748822715731,-0.0555932686342835,0.0646272215944981,0.0090339529602145,40.06666666666666,5.270588235294118,19359.62024104006,22.266666666666666,1.0,36.803921568627445,5.270588235294118,27.014288917813335,28.294651658822676,,209,209,Hamas,209,2023-10,2023-10-01,2023,10,45.0,Israel,ged_rolling_24m,1,0.6931471805599453,False,True,11225.0,7172.0,9.325987795502144,8.878079256126435,17739.0,17739.0,17739.0,1.0,15430.0,17117.0,13294.0,16515.0,11595.0,6.0,8260.0,1072.0,15.0,0.0,493.0,73.0,46.0,7295.0,437.0,42.0,0.8698348272168668,9.644133752071204,0.9649360166863972,9.747885820441557,0.7494221771238514,9.49514330367712,0.9309994926433284,9.71208488700598,0.6536445120920007,9.358415490041546,0.0003382377811601,1.9459101490553132,0.4656406787304809,9.019300924562506,0.0604318169006144,6.9782137426306985,0.0008455944529003,2.772588722239781,0.0,0.0,0.0277918710186594,6.202535517187923,0.0041152263374485,4.30406509320417,0.0025931563222278,3.8501476017100584,0.4112407689272225,8.895081531754167,0.0246349850611646,6.082218910376446,0.002367664468121,3.7612001156935624,9.78357725586357
209,2023-11,2023-12,12,872,7,0.0,0.2295424836601307,0.1220746363061353,0.0113373191554423,0.0060293810998246,-0.005262256290441,0.0112735334061423,0.0060112771157013,6.886274509803922,3.784313725490196,30.0,31.0,0.0333333333333333,0.0575585072738772,0.0016463646837345,0.0028428688087256,0.0011938245884343,0.0016450109110639,0.0028388354994983,1.0,1.784313725490196,0.1756862745098039,0.1220746363061353,0.0086773103330947,0.0060293810998246,-0.0026286017405865,0.0086398788562878,0.0060112771157013,5.270588235294118,3.784313725490196,1.9200522875816997,1.6171410499683745,0.0948331883159446,0.0798721173985579,-0.0137593879171573,0.0906020122261398,0.0768426243089825,57.60156862745099,50.13137254901961,0.1756862745098039,0.1220746363061353,0.0086773103330947,0.0060293810998246,-0.0026286017405865,0.0086398788562878,0.0060112771157013,5.270588235294118,3.784313725490196,20246.628017871615,1.0,1.784313725490196,5.270588235294118,3.784313725490196,28.29858125218085,29.71234160072446,,209,209,Hamas,209,2023-11,2023-11-01,2023,11,46.0,Israel; Lebanon,ged_rolling_24m,2,1.0986122886681098,False,True,7224.0,8980.0,8.885302512980633,9.10286651367095,72.0,72.0,72.0,1.0,68.0,71.0,55.0,68.0,47.0,1.0,28.0,7.0,0.0,0.0,1.0,0.0,0.0,34.0,1.0,0.0,0.9444444444444444,4.23410650459726,0.9861111111111112,4.276666119016055,0.7638888888888888,4.02535169073515,0.9444444444444444,4.23410650459726,0.6527777777777778,3.871201010907891,0.0138888888888888,0.6931471805599453,0.3888888888888889,3.367295829986474,0.0972222222222222,2.0794415416798357,0.0,0.0,0.0,0.0,0.0138888888888888,0.6931471805599453,0.0,0.0,0.0,0.0,0.4722222222222222,3.5553480614894135,0.0138888888888888,0.6931471805599453,0.0,0.0,4.290459441148391
209,2023-12,2024-01,12,1250,7,1.0,0.1220746363061353,0.0743833017077798,0.0060409037980896,0.0036808823142764,-0.0023486062448395,0.006022730690014,0.0036741244451744,3.784313725490196,2.3058823529411763,31.0,31.0,0.0575585072738772,0.0011385199240986,0.0028483017908091,5.634003542259808e-05,-0.0027879146170535,0.0028442530654358,5.6338448382355125e-05,1.784313725490196,0.0352941176470588,0.1220746363061353,0.0743833017077798,0.0060409037980896,0.0036808823142764,-0.0023486062448395,0.006022730690014,0.0036741244451744,3.784313725490196,2.3058823529411763,1.6171410499683745,0.6574193548387097,0.0800247603138647,0.0325326144541888,-0.0449693338866094,0.0769839670898679,0.0320146332032585,50.13137254901961,20.380000000000003,0.1220746363061353,0.0743833017077798,0.0060409037980896,0.0036808823142764,-0.0023486062448395,0.006022730690014,0.0036741244451744,3.784313725490196,2.3058823529411763,20208.00866664009,1.784313725490196,0.0352941176470588,3.784313725490196,2.3058823529411763,29.7010452185972,29.051177570390276,,209,209,Hamas,209,2023-12,2023-12-01,2023,12,47.0,Israel; Lebanon,ged_rolling_24m,2,1.0986122886681098,False,True,8980.0,3128.0,9.10286651367095,8.048468743668883,5886.0,5886.0,5886.0,1.0,4970.0,5661.0,4242.0,5394.0,3537.0,0.0,2672.0,384.0,7.0,0.0,168.0,47.0,20.0,2453.0,95.0,40.0,0.8443764865783214,8.511376306094673,0.9617737003058104,8.641532465671846,0.7206931702344547,8.353025845202325,0.9164118246687054,8.593227877692234,0.6009174311926605,8.17131687471973,0.0,0.0,0.453958545701665,7.890956716138919,0.0652395514780836,5.953243334287785,0.0011892626571525,2.0794415416798357,0.0,0.0,0.0285423037716615,5.1298987149230735,0.0079850492694529,3.871201010907891,0.0033978933061501,3.044522437723423,0.4167516139993204,7.805474625270857,0.0161399932042133,4.564348191467836,0.0067957866123003,3.713572066704308,8.68050180902826
209,2024-01,2024-02,12,1462,9,0.0,0.0743833017077798,0.3103448275862069,0.0033914487602019,0.014149930919808,0.0106650443387107,0.0033857107676008,0.0140507551063116,2.3058823529411763,9.0,31.0,29.0,0.0011385199240986,0.1379310344827586,5.190993000309103e-05,0.0062888581865813,0.0062172572536813,5.190858272935462e-05,0.0062691658364107,0.0352941176470588,4.0,0.0743833017077798,0.3103448275862069,0.0033914487602019,0.014149930919808,0.0106650443387107,0.0033857107676008,0.0140507551063116,2.3058823529411763,9.0,0.6574193548387097,4.63448275862069,0.0299745239147848,0.2113056350691341,0.1621647472412843,0.0295340678723367,0.191698815113621,20.380000000000003,134.4,0.0743833017077798,0.3103448275862069,0.0033914487602019,0.014149930919808,0.0106650443387107,0.0033857107676008,0.0140507551063116,2.3058823529411763,9.0,21932.60372400574,0.0352941176470588,4.0,2.3058823529411763,7.0,28.89811273706104,25.13874150197341,,209,209,Hamas,209,2024-01,2024-01-01,2024,1,48.0,Israel; Lebanon; Syria,ged_rolling_24m,3,1.3862943611198906,False,True,3290.0,2870.0,8.098946748943339,7.962415680121064,4839.0,4839.0,4839.0,1.0,3962.0,4669.0,3711.0,4466.0,3077.0,14.0,2104.0,178.0,5.0,0.0,135.0,22.0,10.0,2252.0,103.0,16.0,0.8187642074808845,8.284756593190435,0.9648687745401944,8.448914350662942,0.7668939863608184,8.21932609390609,0.922917958255838,8.404472321352118,0.635875180822484,8.032035314398824,0.0028931597437487,2.70805020110221,0.4348005786319487,7.652070746116482,0.0367844595990907,5.187385805840755,0.0010332713370531,1.791759469228055,0.0,0.0,0.0278983261004339,4.912654885736052,0.0045463938830336,3.1354942159291497,0.0020665426741062,2.3978952727983707,0.4653854102087208,7.720017940432244,0.021285389543294,4.6443908991413725,0.0033064682785699,2.833213344056216,8.484669999710677
209,2024-02,2024-03,12,1704,10,1.0,0.3103448275862069,0.1612903225806451,0.0141790146266744,0.0073690219385942,-0.006737429262482,0.0140794326114393,0.0073420033489573,9.0,5.0,29.0,31.0,0.1379310344827586,0.032258064516129,0.0063017842785219,0.0014738043877188,-0.0048092916595831,0.0062820110635205,0.0014727194039373,4.0,1.0,0.3103448275862069,0.1612903225806451,0.0141790146266744,0.0073690219385942,-0.006737429262482,0.0140794326114393,0.0073420033489573,9.0,5.0,4.63448275862069,2.0580645161290323,0.2117399517583379,0.0940287199364623,-0.1021903474877472,0.1920573033700667,0.0898669558823195,134.4,63.8,0.3103448275862069,0.1612903225806451,0.0141790146266744,0.0073690219385942,-0.006737429262482,0.0140794326114393,0.0073420033489573,9.0,5.0,21887.61601263655,4.0,1.0,7.0,5.0,25.112323604753836,28.95268498206891,,209,209,Hamas,209,2024-02,2024-02-01,2024,2,49.0,Israel; Lebanon; Syria,ged_rolling_24m,3,1.3862943611198906,False,True,2870.0,2852.0,7.962415680121064,7.9561263512135,3006.0,3006.0,3006.0,1.0,2408.0,2897.0,2147.0,2673.0,1516.0,6.0,1016.0,137.0,5.0,0.0,72.0,15.0,20.0,1657.0,62.0,16.0,0.8010645375914837,7.786967002614872,0.9637391882900864,7.971776122880628,0.7142381902860945,7.672292455628756,0.8892215568862275,7.891330757661889,0.5043246839654025,7.324489979348532,0.0019960079840319,1.9459101490553132,0.3379906852960745,6.92461239604856,0.0455755156353958,4.927253685157205,0.0016633399866932,1.791759469228055,0.0,0.0,0.0239520958083832,4.290459441148391,0.0049900199600798,2.772588722239781,0.0066533599467731,3.044522437723423,0.551230871590153,7.41336733569524,0.0206254158349966,4.143134726391533,0.0053226879574184,2.833213344056216,8.008698182988528
209,2024-03,2024-04,12,1926,9,0.0,0.1935483870967742,0.0,0.0088983937348835,0.0,-0.0088590363354624,0.0088590363354624,0.0,6.0,0.0,31.0,30.0,0.032258064516129,0.0,0.0014830656224805,0.0,-0.0014819669667785,0.0014819669667785,0.0,1.0,0.0,0.1935483870967742,0.0,0.0088983937348835,0.0,-0.0088590363354624,0.0088590363354624,0.0,6.0,0.0,2.1870967741935483,0.0,0.1005518492041843,0.0,-0.09581173509915,0.09581173509915,0.0,67.8,0.0,0.1935483870967742,0.0,0.0088983937348835,0.0,-0.0088590363354624,0.0088590363354624,0.0,6.0,0.0,21750.935378148515,1.0,0.0,6.0,0.0,28.945603985446024,27.971152826240154,,209,209,Hamas,209,2024-03,2024-03-01,2024,3,50.0,Israel; Lebanon; Syria,ged_rolling_24m,3,1.3862943611198906,False,True,2852.0,1383.0,7.9561263512135,7.232733136177615,3065.0,3065.0,3065.0,1.0,2545.0,2959.0,2327.0,2782.0,1470.0,3.0,1035.0,228.0,1.0,0.0,86.0,52.0,12.0,1566.0,73.0,9.0,0.8303425774877651,7.842278779117352,0.965415986949429,7.992944547318106,0.7592169657422512,7.752764808851328,0.9076672104404568,7.931284761525891,0.4796084828711256,7.293697720601438,0.0009787928221859,1.3862943611198906,0.3376835236541599,6.943122422819428,0.0743882544861337,5.43372200355424,0.0003262642740619,0.6931471805599453,0.0,0.0,0.0280587275693311,4.465908118654584,0.0169657422512234,3.970291913552122,0.0039151712887438,2.5649493574615367,0.5109298531810766,7.356918242356021,0.0238172920065252,4.30406509320417,0.0029363784665579,2.302585092994046,8.028129059431759
209,2024-04,2024-05,12,2087,9,1.0,0.0,0.9550917141049968,0.0,0.0439103743126607,0.0429736374157453,0.0,0.0429736374157453,0.0,29.607843137254903,30.0,31.0,0.0,0.4516129032258064,0.0,0.0207629187147283,0.0205503072381002,0.0,0.0205503072381002,0.0,14.0,0.0,0.9228336495888678,0.0,0.0424273086901801,0.0415519443845911,0.0,0.0415519443845911,0.0,28.607843137254903,0.0,25.766982922201144,0.0,1.1846379235757944,0.7814501047821675,0.0,0.7814501047821675,0.0,798.7764705882355,0.0,0.9228336495888678,0.0,0.0424273086901801,0.0415519443845911,0.0,0.0415519443845911,0.0,28.607843137254903,21750.935378148515,0.0,14.0,0.0,28.607843137254903,27.971152826240154,28.182096930494975,,209,209,Hamas,209,2024-04,2024-04-01,2024,4,51.0,Israel; Lebanon; Syria,ged_rolling_24m,3,1.3862943611198906,False,True,1383.0,1763.0,7.232733136177615,7.475339236566737,2974.0,2974.0,2974.0,1.0,2347.0,2851.0,2212.0,2709.0,1646.0,3.0,919.0,164.0,4.0,0.0,101.0,23.0,16.0,1570.0,166.0,8.0,0.789172831203766,7.761319180947987,0.9586415601882986,7.955775781534187,0.7437794216543376,7.70210434005105,0.9108944182918628,7.904703913873747,0.5534633490248824,7.40671073017764,0.0010087424344317,1.3862943611198906,0.3090114324142569,6.824373670043086,0.0551445864156018,5.10594547390058,0.0013449899125756,1.6094379124341005,0.0,0.0,0.0339609952925353,4.624972813284271,0.00773369199731,3.1780538303479458,0.0053799596503026,2.833213344056216,0.5279085406859448,7.359467638255621,0.0558170813718897,5.117993812416755,0.0026899798251513,2.1972245773362196,7.99799931797973
209,2024-05,2024-06,12,2315,10,0.0,0.987349778621126,1.5132026143790849,0.0378614084058172,0.0580260242360792,0.0192426727943106,0.037162257915916,0.0564049307102266,30.607843137254903,45.396078431372544,31.0,30.0,0.4516129032258064,0.7256209150326799,0.0173177742484007,0.0278250225064336,0.0102754103276975,0.0171695306480254,0.027444940975723,14.0,21.768627450980397,0.9550917141049968,1.5132026143790849,0.0366244245309315,0.0580260242360792,0.0204352420583196,0.035969688651907,0.0564049307102266,29.607843137254903,45.396078431372544,26.01859582542695,35.25605228758171,0.9977220879799206,1.351946213327908,0.1632355858452647,0.6920075754465957,0.8552431612918605,806.5764705882355,1057.6815686274513,0.9550917141049968,1.5132026143790849,0.0366244245309315,0.0580260242360792,0.0204352420583196,0.035969688651907,0.0564049307102266,29.607843137254903,45.396078431372544,26077.999213294537,14.0,19.921568627450984,29.607843137254903,43.549019607843135,28.28527466360075,26.39984827320611,,209,209,Hamas,209,2024-05,2024-05-01,2024,5,52.0,Israel; Lebanon; Syria,ged_rolling_24m,3,1.3862943611198906,False,True,1763.0,1743.0,7.475339236566737,7.463936604468925,3890.0,3890.0,3890.0,1.0,3289.0,3765.0,2833.0,3563.0,2261.0,2.0,1603.0,187.0,2.0,0.0,108.0,47.0,13.0,1775.0,145.0,8.0,0.8455012853470437,8.098642843759418,0.967866323907455,8.233768709217097,0.7282776349614396,7.949444420250626,0.9159383033419024,8.1786387885907,0.5812339331619537,7.724004656676065,0.0005141388174807,1.0986122886681098,0.4120822622107969,7.38025578842646,0.0480719794344473,5.236441962829949,0.0005141388174807,1.0986122886681098,0.0,0.0,0.0277634961439588,4.6913478822291435,0.0120822622107969,3.871201010907891,0.0033419023136246,2.6390573296152584,0.4562982005141388,7.4821189235521155,0.0372750642673521,4.983606621708336,0.0020565552699228,2.1972245773362196,8.266421472984554
209,2024-06,2024-07,12,2527,10,1.0,1.5132026143790849,2.226438962681846,0.0580260242360792,0.0853761419528999,0.0255216708154055,0.0564049307102266,0.0819266015256322,45.396078431372544,69.01960784313724,30.0,31.0,0.7256209150326799,1.3719165085388991,0.0278250225064336,0.0526081965613181,0.0238261398983614,0.027444940975723,0.0512710808740844,21.768627450980397,42.52941176470588,1.5132026143790849,2.199240986717267,0.0580260242360792,0.0843331947642707,0.0245603003209276,0.0564049307102266,0.0809652310311543,45.396078431372544,68.17647058823528,35.25605228758171,109.00294750158127,1.351946213327908,4.179881539608748,0.7895390259166362,0.8552431612918605,1.644782187208497,1057.6815686274513,3379.09137254902,1.5132026143790849,2.199240986717267,0.0580260242360792,0.0843331947642707,0.0245603003209276,0.0564049307102266,0.0809652310311543,45.396078431372544,68.17647058823528,26077.999213294537,19.921568627450984,42.52941176470588,43.549019607843135,67.33333333333333,26.39984827320611,20.497321714963917,,209,209,Hamas,209,2024-06,2024-06-01,2024,6,53.0,Israel; Lebanon; Syria,ged_rolling_24m,3,1.3862943611198906,False,True,1743.0,1942.0,7.463936604468925,7.57198844937744,2350.0,2350.0,2350.0,1.0,1914.0,2285.0,1751.0,2159.0,1361.0,0.0,955.0,125.0,4.0,0.0,55.0,12.0,13.0,1111.0,71.0,4.0,0.814468085106383,7.557472901614746,0.9723404255319148,7.734558844354756,0.7451063829787234,7.468513271496337,0.9187234042553192,7.67786350067821,0.5791489361702128,7.216709486709457,0.0,0.0,0.4063829787234042,6.862757913051401,0.0531914893617021,4.836281906951478,0.0017021276595744,1.6094379124341005,0.0,0.0,0.0234042553191489,4.02535169073515,0.0051063829787234,2.5649493574615367,0.005531914893617,2.6390573296152584,0.4727659574468085,7.013915474810528,0.0302127659574468,4.276666119016055,0.0017021276595744,1.6094379124341005,7.762596048540069
209,2024-07,2024-08,12,2789,13,0.0,2.549019607843137,1.9717900063251108,0.0438572700313341,0.0339257204952062,-0.0095598291242124,0.0429227655847904,0.033362936460578,79.01960784313725,61.12549019607844,31.0,31.0,1.4041745730550284,0.6564199873497786,0.0241595879577076,0.0112940632353644,-0.0126416006093206,0.023872362089287,0.0112307614799663,43.52941176470588,20.349019607843136,2.5218216318785576,1.875015812776724,0.0433893140483695,0.0322606678116344,-0.0107231498280339,0.0424743700819549,0.031751220253921,78.17647058823529,58.12549019607844,113.3771410499684,52.326552814674265,1.9507154339297337,0.9003068275900302,-0.4400322995848366,1.0820476609246938,0.6420153613398573,3514.69137254902,1622.1231372549023,2.5218216318785576,1.875015812776724,0.0433893140483695,0.0322606678116344,-0.0107231498280339,0.0424743700819549,0.031751220253921,78.17647058823529,58.12549019607844,58120.79972196105,43.52941176470588,20.349019607843136,77.33333333333333,55.12549019607843,19.276676367508067,29.460951235599964,,209,209,Hamas,209,2024-07,2024-07-01,2024,7,54.0,Iran; Israel; Lebanon; Syria; Yemen (North Yemen),ged_rolling_24m,5,1.791759469228055,False,True,2055.0,1756.0,7.628517626575055,7.471363088187097,2704.0,2704.0,2704.0,1.0,2340.0,2638.0,2212.0,2533.0,1649.0,0.0,1212.0,104.0,0.0,0.0,58.0,8.0,7.0,1256.0,57.0,2.0,0.8653846153846154,7.75833346749091,0.9755917159763312,7.878155336503324,0.8180473372781065,7.70210434005105,0.9367603550295858,7.837554360881084,0.6098372781065089,7.408530566894626,0.0,0.0,0.4482248520710059,7.10085190894405,0.0384615384615384,4.653960350157523,0.0,0.0,0.0,0.0,0.0214497041420118,4.07753744390572,0.0029585798816568,2.1972245773362196,0.0025887573964497,2.0794415416798357,0.4644970414201183,7.136483208590247,0.0210798816568047,4.060443010546419,0.0007396449704142,1.0986122886681098,7.902857191280582
209,2024-08,2024-09,12,3061,13,1.0,1.9717900063251108,2.611764705882353,0.033793511268457,0.0447617138415708,0.0105537772060565,0.0332350571770677,0.0437888343831242,61.12549019607844,78.3529411764706,31.0,30.0,0.6564199873497786,0.755686274509804,0.0112500500399065,0.0129513247106166,0.0016809346071162,0.0111872388737835,0.0128681734808998,20.349019607843136,22.67058823529412,1.875015812776724,2.4437908496732024,0.0321349473292532,0.0418828949083166,0.0094001306640868,0.0316294214265893,0.0410295520906761,58.12549019607844,73.31372549019608,52.326552814674265,41.72328104575165,0.8967983134663731,0.7150742034667413,-0.1007110196124303,0.6401673666218757,0.5394563470094453,1622.1231372549023,1251.6984313725495,1.875015812776724,2.4437908496732024,0.0321349473292532,0.0418828949083166,0.0094001306640868,0.0316294214265893,0.0410295520906761,58.12549019607844,73.31372549019608,58348.183787743415,20.349019607843136,22.67058823529412,55.12549019607843,71.31372549019608,29.47276260089003,27.978668475900665,,209,209,Hamas,209,2024-08,2024-08-01,2024,8,55.0,Iran; Israel; Lebanon; Syria; Yemen (North Yemen),ged_rolling_24m,5,1.791759469228055,False,True,1756.0,2813.0,7.471363088187097,7.942362237674335,3971.0,3971.0,3971.0,1.0,3423.0,3814.0,3062.0,3625.0,2437.0,2.0,1453.0,96.0,1.0,0.0,87.0,6.0,8.0,2248.0,56.0,14.0,0.8619994963485268,8.138564737261632,0.960463359355326,8.246695943718557,0.7710904054394359,8.027150106832774,0.9128682951397632,8.195885391314796,0.6136993200705112,7.798933310041217,0.0005036514731805,1.0986122886681098,0.3659027952656761,7.282073658093465,0.0241752707126668,4.574710978503383,0.0002518257365902,0.6931471805599453,0.0,0.0,0.0219088390833543,4.477336814478207,0.0015109544195416,1.9459101490553132,0.0020146058927222,2.1972245773362196,0.5661042558549484,7.718240951959316,0.0141022412490556,4.04305126783455,0.0035255603122639,2.70805020110221,8.287025025165063
209,2024-09,2024-10,12,3300,13,0.0,2.611764705882353,3.589500316255535,0.0447617138415708,0.0615186297711213,0.0159117180443171,0.0437888343831242,0.0597005524274414,78.3529411764706,111.27450980392156,30.0,31.0,0.755686274509804,1.4519924098671726,0.0129513247106166,0.0248849632603676,0.0117122018456105,0.0128681734808998,0.0245803753265104,22.67058823529412,45.01176470588235,2.4437908496732024,3.557242251739406,0.0418828949083166,0.0609657751247201,0.0181500498340155,0.0410295520906761,0.0591796019246916,73.31372549019608,110.27450980392156,41.72328104575165,97.60494623655909,0.7150742034667413,1.6728017891974545,0.443670934460144,0.5394563470094453,0.9831272814695894,1251.6984313725495,3025.7533333333317,2.4437908496732024,3.557242251739406,0.0418828949083166,0.0609657751247201,0.0181500498340155,0.0410295520906761,0.0591796019246916,73.31372549019608,110.27450980392156,58348.183787743415,22.67058823529412,43.01176470588235,71.31372549019608,106.27450980392156,27.978668475900665,30.364391279087556,,209,209,Hamas,209,2024-09,2024-09-01,2024,9,56.0,Iran; Israel; Lebanon; Syria; Yemen (North Yemen),ged_rolling_24m,5,1.791759469228055,False,True,2813.0,3561.0,7.942362237674335,8.178077463849608,2630.0,2630.0,2630.0,1.0,2230.0,2551.0,2230.0,2466.0,1737.0,2.0,1171.0,139.0,6.0,0.0,55.0,20.0,13.0,1116.0,93.0,15.0,0.8479087452471483,7.7102051944325325,0.9699619771863118,7.844632644464681,0.8479087452471483,7.7102051944325325,0.9376425855513308,7.810758116529357,0.6604562737642585,7.460490305825338,0.0007604562737642,1.0986122886681098,0.4452471482889734,7.066466970136958,0.0528517110266159,4.941642422609304,0.0022813688212927,1.9459101490553132,0.0,0.0,0.0209125475285171,4.02535169073515,0.0076045627376425,3.044522437723423,0.0049429657794676,2.6390573296152584,0.4243346007604562,7.018401799069201,0.035361216730038,4.543294782270004,0.0057034220532319,2.772588722239781,7.875119281040293
209,2024-10,2024-11,12,3086,13,1.0,2.911321948134092,0.5411764705882353,0.0514443390697508,0.0095628262162333,-0.0406473881527624,0.0501647799708877,0.0095173918181252,90.25098039215686,16.235294117647058,31.0,30.0,0.9658444022770398,0.0666666666666666,0.0170668953157881,0.0011780293164925,-0.015745556023793,0.0169228920082071,0.0011773359844141,29.941176470588236,2.0,2.879063883617963,0.5411764705882353,0.0508743248843512,0.0095628262162333,-0.0401051162230677,0.0496225080411929,0.0095173918181252,89.25098039215686,16.235294117647058,61.36633776091082,5.157568627450981,1.0843701739220175,0.0911365056743896,-0.647246915960436,0.7344667347594195,0.0872198187989834,1902.3564705882352,154.72705882352943,2.879063883617963,0.5411764705882353,0.0508743248843512,0.0095628262162333,-0.0401051162230677,0.0496225080411929,0.0095173918181252,89.25098039215686,16.235294117647058,56591.68726391396,27.941176470588236,2.0,83.25098039215685,16.235294117647058,30.441413327311697,25.445173112126824,,209,209,Hamas,209,2024-10,2024-10-01,2024,10,57.0,Iran; Israel; Lebanon; Syria; Yemen (North Yemen),ged_rolling_24m,5,1.791759469228055,False,True,3561.0,3397.0,8.178077463849608,8.130942302231878,4318.0,4318.0,4318.0,1.0,3473.0,4184.0,3418.0,4093.0,2971.0,5.0,2039.0,158.0,4.0,0.0,106.0,15.0,19.0,1853.0,111.0,8.0,0.8043075497915702,8.153061946801051,0.9689671144048172,8.339261982923576,0.7915701713756369,8.137103389639302,0.9478925428439092,8.317277766221235,0.6880500231588699,7.99699040583765,0.0011579434923575,1.791759469228055,0.4722093561834182,7.620705086838262,0.0365910143584993,5.0689042022202315,0.000926354793886,1.6094379124341005,0.0,0.0,0.0245484020379805,4.672828834461906,0.0034738304770727,2.772588722239781,0.0044001852709587,2.995732273553991,0.4291338582677165,7.5251007461258,0.0257063455303381,4.718498871295094,0.0018527095877721,2.1972245773362196,8.3707791729607
209,2024-11,2024-12,12,2996,12,0.0,0.5113725490196078,0.6638836179633143,0.0091497570066411,0.0118785683680122,0.0027004203606439,0.0091081515738329,0.0118085719344769,15.341176470588234,20.580392156862743,30.0,31.0,0.0666666666666666,0.2970271979759645,0.0011928364195774,0.0053145728902615,0.0041083748298521,0.0011921255554557,0.0053005003853079,2.0,9.2078431372549,0.5113725490196078,0.6638836179633143,0.0091497570066411,0.0118785683680122,0.0027004203606439,0.0091081515738329,0.0118085719344769,15.341176470588234,20.580392156862743,4.978745098039216,14.05392789373814,0.0890824271510079,0.2514605554464931,0.1389757818046985,0.0853355317668765,0.224311313571575,149.36235294117648,435.6717647058824,0.5113725490196078,0.6638836179633143,0.0091497570066411,0.0118785683680122,0.0027004203606439,0.0091081515738329,0.0118085719344769,15.341176470588234,20.580392156862743,55889.19450521374,2.0,8.207843137254901,15.341176470588234,16.580392156862743,25.43160742814569,27.938848095740067,,209,209,Hamas,209,2024-11,2024-11-01,2024,11,58.0,Iran; Israel; Lebanon; Syria; Yemen (North Yemen),ged_rolling_24m,5,1.791759469228055,False,True,3397.0,2469.0,8.130942302231878,7.8119734296220225,1284.0,1284.0,1284.0,1.0,1064.0,1233.0,895.0,1129.0,768.0,0.0,493.0,46.0,3.0,0.0,42.0,4.0,7.0,668.0,15.0,6.0,0.8286604361370716,6.970730078143525,0.9602803738317756,7.1180162044653335,0.6970404984423676,6.79794041297493,0.8792834890965732,7.029972911706386,0.5981308411214953,6.645090969505644,0.0,0.0,0.3839563862928349,6.202535517187923,0.0358255451713395,3.8501476017100584,0.0023364485981308,1.3862943611198906,0.0,0.0,0.0327102803738317,3.7612001156935624,0.0031152647975077,1.6094379124341005,0.0054517133956386,2.0794415416798357,0.5202492211838006,6.505784060128229,0.0116822429906542,2.772588722239781,0.0046728971962616,1.9459101490553132,7.158513997329321
209,2024-12,2025-01,12,2897,12,1.0,0.6638836179633143,0.6423782416192283,0.0118687313536133,0.0114842640651006,-0.0003800298751727,0.0117988503507589,0.0114188204755862,20.580392156862743,19.91372549019608,31.0,31.0,0.2970271979759645,0.064516129032258,0.0053101717260449,0.0011534018655378,-0.0041433852695294,0.0052961224781642,0.0011527372086347,9.2078431372549,2.0,0.6638836179633143,0.6423782416192283,0.0118687313536133,0.0114842640651006,-0.0003800298751727,0.0117988503507589,0.0114188204755862,20.580392156862743,19.91372549019608,14.05392789373814,10.10428842504744,0.2512523130869722,0.1806417293504289,-0.0580867711829281,0.2241449002665415,0.1660581290836133,435.6717647058824,313.2329411764706,0.6638836179633143,0.6423782416192283,0.0118687313536133,0.0114842640651006,-0.0003800298751727,0.0117988503507589,0.0114188204755862,20.580392156862743,19.91372549019608,55935.516457805905,8.207843137254901,2.0,16.580392156862743,19.91372549019608,27.940445519266255,27.69234812547843,,209,209,Hamas,209,2024-12,2024-12-01,2024,12,59.0,Iran; Israel; Lebanon; Syria; Yemen (North Yemen),ged_rolling_24m,5,1.791759469228055,False,True,2469.0,1446.0,7.8119734296220225,7.277247726631484,1322.0,1322.0,1322.0,1.0,1013.0,1273.0,989.0,1207.0,744.0,1.0,514.0,74.0,1.0,0.0,41.0,6.0,6.0,661.0,14.0,4.0,0.7662632375189108,6.921658184151129,0.9629349470499244,7.149916836132109,0.7481089258698941,6.897704943128636,0.9130105900151286,7.0967213784947605,0.5627836611195158,6.61338421837956,0.0007564296520423,0.6931471805599453,0.3888048411497731,6.244166900663736,0.0559757942511346,4.31748811353631,0.0007564296520423,0.6931471805599453,0.0,0.0,0.0310136157337367,3.737669618283368,0.0045385779122541,1.9459101490553132,0.0045385779122541,1.9459101490553132,0.5,6.495265555937008,0.010590015128593,2.70805020110221,0.0030257186081694,1.6094379124341005,7.187657164114956
209,2025-01,2025-02,12,2934,11,0.0,0.7715370018975333,0.7598039215686274,0.0105809653799413,0.0104200562900922,-0.0001592370201338,0.0105253787289077,0.0103661417087738,23.91764705882353,21.274509803921568,31.0,28.0,0.1614168247944339,0.3928571428571428,0.002213692707789,0.005387697307596,0.0031619894866721,0.002211246100113,0.0053732355867852,5.003921568627451,11.0,0.7715370018975333,0.7240896358543417,0.0105809653799413,0.0099302656257653,-0.0006440941942675,0.0105253787289077,0.0098812845346401,23.91764705882353,20.274509803921568,14.273851992409869,26.343837535014,0.1957535845962626,0.361283039241457,0.1296510648677821,0.178776601354468,0.3084276662222501,442.4894117647059,737.627450980392,0.7715370018975333,0.7240896358543417,0.0105809653799413,0.0099302656257653,-0.0006440941942675,0.0105253787289077,0.0098812845346401,23.91764705882353,20.274509803921568,72917.4488520829,5.003921568627451,11.0,23.91764705882353,20.274509803921568,28.368635605646087,24.481952115051055,,209,209,Hamas,209,2025-01,2025-01-01,2025,1,60.0,Iran; Israel; Lebanon; Syria; Yemen (North Yemen),ged_rolling_24m,5,1.791759469228055,False,True,1446.0,267.0,7.277247726631484,5.5909869805108565,1894.0,1894.0,1894.0,1.0,1562.0,1842.0,1372.0,1691.0,904.0,1.0,595.0,67.0,8.0,0.0,37.0,8.0,6.0,1147.0,16.0,9.0,0.8247096092925026,7.354362330421477,0.972544878563886,7.519149957669823,0.7243928194297783,7.224753405767971,0.8928194297782471,7.433666540166168,0.4772967265047518,6.807934943699926,0.0005279831045406,0.6931471805599453,0.3141499472016895,6.39024066706535,0.0353748680042238,4.219507705176107,0.0042238648363252,2.1972245773362196,0.0,0.0,0.0195353748680042,3.6375861597263857,0.0042238648363252,2.1972245773362196,0.0031678986272439,1.9459101490553132,0.6055966209081309,7.045776576879511,0.0084477296726504,2.833213344056216,0.0047518479408658,2.302585092994046,7.546974117516527
209,2025-02,2025-03,12,2728,11,1.0,0.7598039215686274,0.4838709677419355,0.0103032301178888,0.0065614743310592,-0.0037104720723131,0.0102505136333027,0.0065400415609896,21.274509803921568,15.0,28.0,31.0,0.3928571428571428,0.0,0.0053272922545028,0.0,-0.0053131524288787,0.0053131524288787,0.0,11.0,0.0,0.7240896358543417,0.4838709677419355,0.0098189308220249,0.0065614743310592,-0.0032309968064045,0.0097710383673941,0.0065400415609896,20.274509803921568,15.0,26.343837535014,4.193548387096774,0.3572324551196865,0.0568661108691804,-0.2501396370668925,0.3054476669338608,0.0553080298669683,737.627450980392,130.0,0.7240896358543417,0.4838709677419355,0.0098189308220249,0.0065614743310592,-0.0032309968064045,0.0097710383673941,0.0065400415609896,20.274509803921568,15.0,73744.24455971619,11.0,0.0,20.274509803921568,14.0,24.50246961749962,27.07967924513335,,209,209,Hamas,209,2025-02,2025-02-01,2025,2,61.0,Iran; Israel; Lebanon; Syria; Yemen (North Yemen),ged_rolling_24m,5,1.791759469228055,False,True,267.0,3874.0,5.5909869805108565,8.262300941787448,1590.0,1590.0,1590.0,1.0,1333.0,1545.0,1109.0,1403.0,629.0,1.0,413.0,115.0,10.0,0.0,28.0,8.0,6.0,985.0,19.0,5.0,0.8383647798742139,7.195937226475569,0.9716981132075472,7.343426229147367,0.6974842767295597,7.01211529430638,0.8823899371069183,7.247080584585756,0.3955974842767296,6.4457198193855785,0.00062893081761,0.6931471805599453,0.259748427672956,6.025865973825314,0.0723270440251572,4.7535901911063645,0.0062893081761006,2.3978952727983707,0.0,0.0,0.0176100628930817,3.367295829986474,0.0050314465408805,2.1972245773362196,0.0037735849056603,1.9459101490553132,0.6194968553459119,6.893656354602635,0.0119496855345911,2.995732273553991,0.0031446540880503,1.791759469228055,7.372118028337787
209,2025-03,2025-04,12,2730,11,0.0,0.4838709677419355,0.2747712418300653,0.0066413576620242,0.0037713651239461,-0.0028551296509168,0.0066194010072783,0.0037642713563614,15.0,8.24313725490196,31.0,30.0,0.0,0.0405228758169934,0.0,0.0005561956177085,0.0005560409982556,0.0,0.0005560409982556,0.0,1.215686274509804,0.4838709677419355,0.2747712418300653,0.0066413576620242,0.0037713651239461,-0.0028551296509168,0.0066194010072783,0.0037642713563614,15.0,8.24313725490196,4.193548387096774,2.940666666666667,0.0575584330708768,0.0403620394694603,-0.0163941188208947,0.0559628862707325,0.0395687674498378,130.0,88.22000000000001,0.4838709677419355,0.2747712418300653,0.0066413576620242,0.0037713651239461,-0.0028551296509168,0.0066194010072783,0.0037642713563614,15.0,8.24313725490196,72857.23678288607,0.0,1.215686274509804,14.0,8.24313725490196,27.07869295100876,27.558663721564876,,209,209,Hamas,209,2025-03,2025-03-01,2025,3,62.0,Iran; Israel; Lebanon; Syria; Yemen (North Yemen),ged_rolling_24m,5,1.791759469228055,False,True,3874.0,1747.0,8.262300941787448,7.466227556215481,1828.0,1828.0,1828.0,1.0,1545.0,1761.0,1331.0,1643.0,1075.0,0.0,825.0,69.0,4.0,0.0,52.0,7.0,9.0,796.0,60.0,6.0,0.8451859956236324,7.343426229147367,0.9633479212253828,7.474204806496124,0.7281181619256017,7.194436851100335,0.8987964989059081,7.404887575616125,0.588074398249453,6.98100574072173,0.0,0.0,0.4513129102844639,6.716594773520978,0.0377461706783369,4.248495242049359,0.0021881838074398,1.6094379124341005,0.0,0.0,0.0284463894967177,3.970291913552122,0.0038293216630196,2.0794415416798357,0.0049234135667396,2.302585092994046,0.4354485776805251,6.680854678790215,0.0328227571115973,4.110873864173311,0.0032822757111597,1.9459101490553132,7.511524648390866
209,2025-04,2025-05,12,2904,11,1.0,0.2747712418300653,1.003795066413662,0.0037709952024894,0.0137762101831223,0.0099182779698101,0.0037639028247039,0.0136821807945141,8.24313725490196,31.11764705882353,30.0,31.0,0.0405228758169934,0.261100569259962,0.000556141062213,0.0035833771667251,0.0030209856941393,0.0005559864730854,0.0035769721672247,1.215686274509804,8.094117647058823,0.2747712418300653,0.8690702087286527,0.0037709952024894,0.0119272292322684,0.0080927575818223,0.0037639028247039,0.0118566604065262,8.24313725490196,26.941176470588236,2.940666666666667,20.819456040480713,0.0403580804827417,0.2857288423788111,0.2117607880176883,0.0395649620493125,0.2513257500670008,88.22000000000001,645.403137254902,0.2747712418300653,0.8690702087286527,0.0037709952024894,0.0119272292322684,0.0080927575818223,0.0037639028247039,0.0118566604065262,8.24313725490196,26.941176470588236,72864.38382331342,1.215686274509804,8.094117647058823,8.24313725490196,26.941176470588236,27.560077520625264,30.187447207308526,,209,209,Hamas,209,2025-04,2025-04-01,2025,4,63.0,Iran; Israel; Lebanon; Syria; Yemen (North Yemen),ged_rolling_24m,5,1.791759469228055,False,True,1747.0,2277.0,7.466227556215481,7.731053144007127,1200.0,1200.0,1200.0,1.0,926.0,1150.0,854.0,1065.0,675.0,0.0,501.0,68.0,2.0,0.0,37.0,4.0,2.0,548.0,30.0,8.0,0.7716666666666666,6.831953565565855,0.9583333333333334,7.048386408721883,0.7116666666666667,6.75110146893676,0.8875,6.97166860472579,0.5625,6.516193076042964,0.0,0.0,0.4175,6.218600119691729,0.0566666666666666,4.23410650459726,0.0016666666666666,1.0986122886681098,0.0,0.0,0.0308333333333333,3.6375861597263857,0.0033333333333333,1.6094379124341005,0.0016666666666666,1.0986122886681098,0.4566666666666666,6.3080984415095305,0.025,3.4339872044851463,0.0066666666666666,2.1972245773362196,7.0909098220799835
209,2025-05,2025-06,12,3096,11,0.0,1.023529411764706,1.7920261437908496,0.0140450670803213,0.0245905267693646,0.0103456976621456,0.0139473490337361,0.0242930466958817,31.729411764705883,53.76078431372549,31.0,30.0,0.2808349146110057,0.8666666666666667,0.0038536706115824,0.0118925663783563,0.0079761412800601,0.0038462642446919,0.011822405524752,8.705882352941178,26.0,0.8888045540796965,1.7586928104575164,0.0121963467193594,0.024133120370197,0.0117239479860117,0.0121225705435101,0.0238465185295219,27.55294117647059,52.76078431372549,21.290917141049967,71.05232679738563,0.2921580523338717,0.9749936685860512,0.4242514631624486,0.2563137294062835,0.6805651925687322,660.018431372549,2131.569803921569,0.8888045540796965,1.7586928104575164,0.0121963467193594,0.024133120370197,0.0117239479860117,0.0121225705435101,0.0238465185295219,27.55294117647059,52.76078431372549,72874.65456101541,8.705882352941178,26.0,27.55294117647059,52.76078431372549,30.18539403194717,29.65667155331681,,209,209,Hamas,209,2025-05,2025-05-01,2025,5,64.0,Iran; Israel; Lebanon; Syria; Yemen (North Yemen),ged_rolling_24m,5,1.791759469228055,False,True,2277.0,3279.0,7.731053144007127,8.09559870137819,1501.0,1501.0,1501.0,1.0,1218.0,1460.0,1050.0,1356.0,838.0,0.0,611.0,90.0,0.0,0.0,33.0,10.0,5.0,725.0,23.0,4.0,0.8114590273151232,7.105786129481271,0.972684876748834,7.2868764117507,0.6995336442371752,6.957497370876951,0.9033977348434375,7.213031659834869,0.558294470353098,6.732210706467206,0.0,0.0,0.4070619586942038,6.416732282512326,0.0599600266489007,4.51085950651685,0.0,0.0,0.0,0.0,0.0219853431045969,3.5263605246161616,0.0066622251832111,2.3978952727983707,0.0033311125916055,1.791759469228055,0.4830113257828115,6.587550014824796,0.0153231179213857,3.1780538303479458,0.0026648900732844,1.6094379124341005,7.31455283232408
209,2025-06,2025-07,12,3222,12,1.0,1.6675816993464054,0.5220746363061355,0.0227715801078764,0.0071291645906135,-0.0154123054512992,0.0225161776858003,0.0071038722345011,50.02745098039216,16.1843137254902,30.0,31.0,0.8666666666666667,0.1935483870967742,0.0118347241604782,0.0026429905073028,-0.0091257375309646,0.0117652414807976,0.002639503949833,26.0,6.0,1.634248366013072,0.5220746363061355,0.0223163984093964,0.0071291645906135,-0.0149671591194271,0.0220710313539282,0.0071038722345011,49.02745098039216,16.1843137254902,69.55033986928106,11.467033523086654,0.9497412549466756,0.1565875138669469,-0.5222228028668786,0.6676966740006535,0.1454738711337748,2086.510196078432,355.4780392156863,1.634248366013072,0.5220746363061355,0.0223163984093964,0.0071291645906135,-0.0149671591194271,0.0220710313539282,0.0071038722345011,49.02745098039216,16.1843137254902,73230.8294570041,26.0,6.0,49.02745098039216,16.1843137254902,29.658742771985796,28.0257536130594,,209,209,Hamas,209,2025-06,2025-06-01,2025,6,65.0,Iran; Israel; Lebanon; Syria; Yemen (North Yemen),ged_rolling_24m,5,1.791759469228055,False,True,3279.0,3008.0,8.09559870137819,8.009363076630045,690.0,690.0,690.0,1.0,564.0,660.0,496.0,634.0,398.0,0.0,307.0,72.0,3.0,0.0,25.0,13.0,3.0,254.0,10.0,3.0,0.8173913043478261,6.336825731146441,0.9565217391304348,6.493753839851686,0.7188405797101449,6.208590026096629,0.9188405797101448,6.453624998892692,0.5768115942028985,5.988961416889864,0.0,0.0,0.4449275362318841,5.730099782973574,0.1043478260869565,4.290459441148391,0.0043478260869565,1.3862943611198906,0.0,0.0,0.036231884057971,3.258096538021482,0.0188405797101449,2.6390573296152584,0.0043478260869565,1.3862943611198906,0.3681159420289855,5.541263545158426,0.0144927536231884,2.3978952727983707,0.0043478260869565,1.3862943611198906,6.53813982376767
209,2025-07,2025-08,12,3417,11,0.0,0.3476280834914611,0.6603415559772295,0.006418293305895,0.012191954533032,0.0057204474988202,0.0063977837721058,0.012118231270926,10.776470588235297,20.470588235294116,31.0,31.0,0.0967741935483871,0.5291587602783048,0.0017867519574271,0.0097699129907419,0.0079373383657216,0.0017851576149955,0.0097224959807171,3.0,16.40392156862745,0.3476280834914611,0.6603415559772295,0.006418293305895,0.012191954533032,0.0057204474988202,0.0063977837721058,0.012118231270926,10.776470588235297,20.470588235294116,8.172536369386465,34.670271979759654,0.1508903853365033,0.6401208220184458,0.3542340201665251,0.1405358909184031,0.4947699110849282,253.3486274509804,1074.7784313725492,0.3476280834914611,0.6603415559772295,0.006418293305895,0.012191954533032,0.0057204474988202,0.0063977837721058,0.012118231270926,10.776470588235297,20.470588235294116,54162.07501333333,3.0,16.40392156862745,10.776470588235297,19.92549019607843,28.22095001133672,29.22057541319165,,209,209,Hamas,209,2025-07,2025-07-01,2025,7,66.0,Iran; Israel; Lebanon; Syria; Yemen (North Yemen),ged_rolling_24m,5,1.791759469228055,False,True,3008.0,1861.0,8.009363076630045,7.529406457837013,1098.0,1098.0,1098.0,1.0,903.0,1056.0,795.0,969.0,583.0,3.0,361.0,79.0,0.0,0.0,32.0,3.0,2.0,599.0,11.0,8.0,0.8224043715846995,6.806829360392176,0.9617486338797814,6.963189985870238,0.7240437158469946,6.679599185844383,0.8825136612021858,6.877296071497429,0.5309653916211293,6.369900982828227,0.0027322404371584,1.3862943611198906,0.3287795992714025,5.8916442118257715,0.0719489981785063,4.382026634673881,0.0,0.0,0.0,0.0,0.029143897996357,3.49650756146648,0.0027322404371584,1.3862943611198906,0.0018214936247723,1.0986122886681098,0.5455373406193078,6.396929655216146,0.0100182149362477,2.4849066497880004,0.0072859744990892,2.1972245773362196,7.002155954403621
209,2025-08,2025-09,12,3492,11,1.0,0.6752688172043011,0.2,0.0124199093286949,0.0036785081769701,-0.0086716559603102,0.0123434149722518,0.0036717590119415,20.933333333333337,6.0,31.0,30.0,0.5440860215053763,0.0,0.0100071243954134,0.0,-0.0099573846851347,0.0099573846851347,0.0,16.866666666666667,0.0,0.6752688172043011,0.1666666666666666,0.0124199093286949,0.0030654234808084,-0.0092826803222773,0.0123434149722518,0.0030607346499744,20.933333333333337,5.0,35.140480708412404,2.0633333333333335,0.6463227281427852,0.0379499426924087,-0.4612965923521435,0.4985441511665235,0.0372475588143799,1089.3549019607844,61.900000000000006,0.6752688172043011,0.1666666666666666,0.0124199093286949,0.0030654234808084,-0.0092826803222773,0.0123434149722518,0.0030607346499744,20.933333333333337,5.0,54369.86690749515,16.866666666666667,0.0,20.38823529411765,5.0,29.22751210082443,28.711941896245783,,209,209,Hamas,209,2025-08,2025-08-01,2025,8,67.0,Iran; Israel; Lebanon; Syria; Yemen (North Yemen),ged_rolling_24m,5,1.791759469228055,False,True,1861.0,2218.0,7.529406457837013,7.704811922932594,1377.0,1377.0,1377.0,1.0,1149.0,1341.0,990.0,1248.0,638.0,1.0,430.0,64.0,2.0,0.0,26.0,6.0,4.0,786.0,54.0,4.0,0.8344226579520697,7.047517221357296,0.9738562091503268,7.201916317531627,0.7189542483660131,6.898714534329988,0.906318082788671,7.130098510125578,0.4633260711692084,6.459904454377535,0.0007262164124909,0.6931471805599453,0.3122730573710965,6.066108090103747,0.046477850399419,4.174387269895637,0.0014524328249818,1.0986122886681098,0.0,0.0,0.0188816267247639,3.295836866004329,0.0043572984749455,1.9459101490553132,0.0029048656499636,1.6094379124341005,0.5708061002178649,6.668228248417403,0.0392156862745098,4.007333185232471,0.0029048656499636,1.6094379124341005,7.228388451573604
209,2025-09,2025-10,12,3637,11,0.0,0.2,0.3141049968374447,0.0088127173337323,0.0138405927512065,0.0049715744644716,0.0087741119865478,0.0137456864510194,6.0,9.737254901960783,30.0,31.0,0.0,0.0882985452245414,0.0,0.0038907506002183,0.0038832012056402,0.0,0.0038832012056402,0.0,2.7372549019607844,0.1666666666666666,0.3141049968374447,0.0073439311114436,0.0138405927512065,0.0064285906970759,0.0073170957539434,0.0137456864510194,5.0,9.737254901960783,2.0633333333333335,4.116647691334599,0.0909178671596723,0.1813942623314689,0.079675897356759,0.0870194218536361,0.1666953192103951,61.900000000000006,127.61607843137256,0.1666666666666666,0.3141049968374447,0.0073439311114436,0.0138405927512065,0.0064285906970759,0.0073170957539434,0.0137456864510194,5.0,9.737254901960783,22694.47577019875,0.0,2.7372549019607844,5.0,9.737254901960783,29.114296087975955,30.451713549006456,,209,209,Hamas,209,2025-09,2025-09-01,2025,9,68.0,Iran; Israel; Lebanon; Qatar; Syria; Yemen (North Yemen),ged_rolling_24m,6,1.9459101490553132,False,True,2224.0,768.0,7.707512194600341,6.645090969505644,2317.0,2317.0,2317.0,1.0,2007.0,2254.0,1507.0,2137.0,1351.0,2.0,926.0,44.0,3.0,0.0,46.0,17.0,6.0,1236.0,26.0,11.0,0.8662063012516185,7.60489448081162,0.972809667673716,7.720905251936779,0.6504100129477773,7.318539548567902,0.9223133362106172,7.6676260915849905,0.5830815709969789,7.20934025660291,0.0008631851532153,1.0986122886681098,0.3996547259387139,6.831953565565855,0.018990073370738,3.80666248977032,0.001294777729823,1.3862943611198906,0.0,0.0,0.0198532585239533,3.8501476017100584,0.0073370738023306,2.8903717578961645,0.002589555459646,1.9459101490553132,0.5334484246870954,7.1204443723924875,0.0112214069917997,3.295836866004329,0.0047475183426845,2.4849066497880004,7.748460023899697
209,2025-10,2025-11,12,3518,10,1.0,0.1760910815939279,0.2903267973856209,0.0095079318534704,0.015676020499121,0.0060914048927035,0.0094630159498631,0.0155544208425667,5.458823529411765,8.709803921568628,31.0,30.0,0.0,0.0832679738562091,0.0,0.0044960040783161,0.0044859272443485,0.0,0.0044859272443485,0.0,2.4980392156862745,0.1760910815939279,0.2903267973856209,0.0095079318534704,0.015676020499121,0.0060914048927035,0.0094630159498631,0.0155544208425667,5.458823529411765,8.709803921568628,1.51719165085389,5.216222222222223,0.0819198490599231,0.2816467760463657,0.1694086938033707,0.078737101026064,0.2481457948294347,47.03294117647059,156.48666666666668,0.1760910815939279,0.2903267973856209,0.0095079318534704,0.015676020499121,0.0060914048927035,0.0094630159498631,0.0155544208425667,5.458823529411765,8.709803921568628,18520.440018683228,0.0,2.4980392156862745,5.458823529411765,8.709803921568628,30.33664979532798,27.980664428062383,,209,209,Hamas,209,2025-10,2025-10-01,2025,10,69.0,Iran; Israel; Lebanon; Qatar; Syria; Yemen (North Yemen),ged_rolling_24m,6,1.9459101490553132,False,True,768.0,240.0,6.645090969505644,5.484796933490655,2776.0,2776.0,2776.0,1.0,2382.0,2664.0,2029.0,2504.0,1498.0,3.0,900.0,108.0,1.0,0.0,65.0,21.0,7.0,1614.0,39.0,18.0,0.8580691642651297,7.776115477098742,0.9596541786743517,7.887959336599945,0.7309077809798271,7.615791072035833,0.9020172910662824,7.826044013518965,0.5396253602305475,7.312553498102598,0.0010806916426512,1.3862943611198906,0.3242074927953891,6.803505257608338,0.0389048991354466,4.6913478822291435,0.0003602305475504,0.6931471805599453,0.0,0.0,0.0234149855907781,4.189654742026425,0.007564841498559,3.091042453358316,0.002521613832853,2.0794415416798357,0.5814121037463977,7.387090235656757,0.0140489913544668,3.688879454113936,0.0064841498559077,2.9444389791664403,7.9291264873068
209,2025-11,2025-12,12,3276,9,0.0,0.2569934640522875,0.032258064516129,0.0632780292543927,0.0079427185343764,-0.0534452754868313,0.0613566166704844,0.007911341183653,7.709803921568628,1.0,30.0,31.0,0.0499346405228758,0.0,0.0122951206384425,0.0,-0.0122201495363129,0.0122201495363129,0.0,1.4980392156862743,0.0,0.2569934640522875,0.032258064516129,0.0632780292543927,0.0079427185343764,-0.0534452754868313,0.0613566166704844,0.007911341183653,7.709803921568628,1.0,4.539555555555555,0.1387096774193548,1.117748773517218,0.0341536896978185,-0.7167702240727013,0.7503536251850835,0.0335834011123822,136.18666666666667,4.3,0.2569934640522875,0.032258064516129,0.0632780292543927,0.0079427185343764,-0.0534452754868313,0.0613566166704844,0.007911341183653,7.709803921568628,1.0,4061.337988563337,1.4980392156862743,0.0,7.709803921568628,1.0,27.63215637921184,25.83806013989174,,209,209,Hamas,209,2025-11,2025-11-01,2025,11,70.0,Iran; Israel; Lebanon; Qatar; Syria; Yemen (North Yemen),ged_rolling_24m,6,1.9459101490553132,False,True,240.0,360.0,5.484796933490655,5.8888779583328805,939.0,939.0,939.0,1.0,755.0,894.0,684.0,820.0,482.0,2.0,349.0,46.0,2.0,0.0,32.0,17.0,4.0,468.0,8.0,11.0,0.8040468583599574,6.628041376179533,0.952076677316294,6.796823718274855,0.7284345047923323,6.529418838262226,0.873269435569755,6.710523109452428,0.5133120340788072,6.180016653652572,0.0021299254526091,1.0986122886681098,0.3716719914802981,5.857933154483459,0.0489882854100106,3.8501476017100584,0.0021299254526091,1.0986122886681098,0.0,0.0,0.0340788072417465,3.49650756146648,0.0181043663471778,2.8903717578961645,0.0042598509052183,1.6094379124341005,0.4984025559105431,6.150602768446279,0.0085197018104366,2.1972245773362196,0.0117145899893503,2.4849066497880004,6.84587987526405
303,2020-01,2020-02,12,4549,33,1.0,1.41707779886148,4.762677484787019,0.0014648736792695,0.0049233153577871,0.0034474336747538,0.0014638017984736,0.0049112354732275,43.92941176470588,138.11764705882354,31.0,29.0,0.4193548387096774,1.4639621365787694,0.0004334990400623,0.0015133393544407,0.0010787903039124,0.0004334051064991,0.0015121954104116,13.0,42.45490196078431,1.384819734345351,4.689655172413793,0.0014315275992647,0.0048478301138006,0.0034056132844265,0.001430503940445,0.0048361172248715,42.92941176470588,136.0,29.114231499051233,98.5618390804598,0.0300962102782108,0.1018861801133018,0.0673712146464291,0.0296522059163833,0.0970234205628125,902.5411764705882,2858.293333333334,1.384819734345351,4.689655172413793,0.0014315275992647,0.0048478301138006,0.0034056132844265,0.001430503940445,0.0048361172248715,42.92941176470588,136.0,967372.0122871893,11.0,42.45490196078431,38.92941176470588,129.25882352941176,19.70811863725982,23.023979745906814,,303,303,Taliban,303,2020-01,2020-01-01,2020,1,0.0,Afghanistan; Pakistan,ged_rolling_24m,2,1.0986122886681098,False,True,1708.0,2843.0,7.443663683115591,7.952966790923131,428.0,428.0,428.0,1.0,344.0,388.0,332.0,394.0,217.0,0.0,281.0,22.0,0.0,0.0,38.0,0.0,1.0,84.0,0.0,2.0,0.8037383177570093,5.84354441703136,0.9065420560747663,5.963579343618446,0.7757009345794392,5.808142489980444,0.9205607476635514,5.978885764901122,0.5070093457943925,5.384495062789089,0.0,0.0,0.6565420560747663,5.641907070938114,0.0514018691588785,3.1354942159291497,0.0,0.0,0.0,0.0,0.0887850467289719,3.6635616461296463,0.0,0.0,0.0023364485981308,0.6931471805599453,0.1962616822429906,4.442651256490317,0.0,0.0,0.0046728971962616,1.0986122886681098,6.061456918928017
303,2020-02,2020-03,12,4590,33,0.0,4.762677484787019,0.5596457938013916,0.0049233153577875,0.0005785217958479,-0.0043328809566007,0.0049112354732279,0.0005783545166272,138.11764705882354,17.34901960784314,29.0,31.0,1.4639621365787694,0.0967741935483871,0.0015133393544408,0.0001000382400143,-0.0014121621738881,0.0015121954104116,0.0001000332365234,42.45490196078431,3.0,4.689655172413793,0.5273877292852626,0.004847830113801,0.0005451757158431,-0.0042910900633196,0.004836117224872,0.0005450271615523,136.0,16.34901960784314,98.5618390804598,16.63553447185326,0.1018861801133098,0.017196625766051,-0.0799729831809731,0.0970234205628197,0.0170504373818466,2858.293333333334,515.701568627451,4.689655172413793,0.5273877292852626,0.004847830113801,0.0005451757158431,-0.0042910900633196,0.004836117224872,0.0005450271615523,136.0,16.34901960784314,967372.0122871136,42.45490196078431,3.0,129.25882352941176,16.34901960784314,23.023979745906814,23.67523232560447,,303,303,Taliban,303,2020-02,2020-02-01,2020,2,1.0,Afghanistan; Pakistan,ged_rolling_24m,2,1.0986122886681098,False,True,2843.0,1207.0,7.952966790923131,7.0967213784947605,403.0,403.0,403.0,1.0,328.0,367.0,275.0,363.0,208.0,0.0,161.0,12.0,2.0,0.0,32.0,1.0,2.0,191.0,1.0,1.0,0.8138957816377171,5.796057750765372,0.9106699751861044,5.908082938168931,0.6823821339950372,5.62040086571715,0.9007444168734492,5.8971538676367405,0.5161290322580645,5.342334251964811,0.0,0.0,0.3995037220843672,5.087596335232384,0.0297766749379652,2.5649493574615367,0.0049627791563275,1.0986122886681098,0.0,0.0,0.0794044665012407,3.49650756146648,0.0024813895781637,0.6931471805599453,0.0049627791563275,1.0986122886681098,0.4739454094292804,5.2574953720277815,0.0024813895781637,0.6931471805599453,0.0024813895781637,0.6931471805599453,6.0014148779611505
303,2020-03,2020-04,12,4526,33,1.0,0.5596457938013916,0.6247058823529412,0.0005785217958479,0.0006457762623046,6.72133219121818e-05,0.0005783545166272,0.0006455678385394,17.34901960784314,18.741176470588236,31.0,30.0,0.0967741935483871,0.1543790849673202,0.0001000382400143,0.00015958605687,5.9540087846335026e-05,0.0001000332365234,0.0001595733243697,3.0,4.631372549019607,0.5273877292852626,0.621045751633987,0.0005451757158431,0.0006419926809394,9.675953024345404e-05,0.0005450271615523,0.0006417866917957,16.34901960784314,18.63137254901961,16.63553447185326,10.23648366013072,0.017196625766051,0.0105817446960544,-0.0065242874967037,0.0170504373818466,0.0105261498851429,515.701568627451,307.0945098039216,0.5273877292852626,0.621045751633987,0.0005451757158431,0.0006419926809394,9.675953024345404e-05,0.0005450271615523,0.0006417866917957,16.34901960784314,18.63137254901961,967372.0122871136,3.0,4.631372549019607,16.34901960784314,18.63137254901961,23.67523232560447,24.962201706511923,,303,303,Taliban,303,2020-03,2020-03-01,2020,3,2.0,Afghanistan; Pakistan,ged_rolling_24m,2,1.0986122886681098,False,True,1207.0,1086.0,7.0967213784947605,6.99117688712121,649.0,649.0,649.0,1.0,546.0,595.0,415.0,564.0,303.0,0.0,344.0,16.0,1.0,0.0,52.0,1.0,0.0,233.0,0.0,2.0,0.8412942989214176,6.304448802421981,0.9167950693374424,6.39024066706535,0.6394453004622496,6.030685260261263,0.8690292758089369,6.336825731146441,0.4668721109399075,5.717027701406222,0.0,0.0,0.5300462249614792,5.84354441703136,0.024653312788906,2.833213344056216,0.0015408320493066,0.6931471805599453,0.0,0.0,0.0801232665639445,3.970291913552122,0.0015408320493066,0.6931471805599453,0.0,0.0,0.3590138674884437,5.455321115357702,0.0,0.0,0.0030816640986132,1.0986122886681098,6.476972362889683
303,2020-04,2020-05,12,4455,33,0.0,0.6247058823529412,2.5327008222643896,0.0006457762623046,0.0026181249716708,0.0019691358142735,0.0006455678385394,0.0026147036528129,18.741176470588236,78.51372549019608,30.0,31.0,0.1543790849673202,1.1612903225806452,0.00015958605687,0.0012004588801727,0.0010401655811839,0.0001595733243697,0.0011997389055536,4.631372549019607,36.0,0.621045751633987,2.5327008222643896,0.0006419926809394,0.0026181249716708,0.0019729169610172,0.0006417866917957,0.0026147036528129,18.63137254901961,78.51372549019608,10.23648366013072,52.99619228336496,0.0105817446960544,0.054783673302754,0.042809547015337,0.0105261498851429,0.05333569690048,307.0945098039216,1642.8819607843138,0.621045751633987,2.5327008222643896,0.0006419926809394,0.0026181249716708,0.0019729169610172,0.0006417866917957,0.0026147036528129,18.63137254901961,78.51372549019608,967372.0122871136,4.631372549019607,36.0,18.63137254901961,78.51372549019608,24.962201706511923,29.339341374456264,,303,303,Taliban,303,2020-04,2020-04-01,2020,4,3.0,Afghanistan; Pakistan,ged_rolling_24m,2,1.0986122886681098,False,True,1086.0,1199.0,6.99117688712121,7.090076835776092,310.0,310.0,310.0,1.0,272.0,295.0,228.0,276.0,123.0,0.0,170.0,15.0,1.0,0.0,15.0,0.0,0.0,109.0,0.0,0.0,0.8774193548387097,5.60947179518496,0.9516129032258064,5.69035945432406,0.7354838709677419,5.43372200355424,0.8903225806451613,5.6240175061873385,0.3967741935483871,4.820281565605037,0.0,0.0,0.5483870967741935,5.14166355650266,0.0483870967741935,2.772588722239781,0.0032258064516129,0.6931471805599453,0.0,0.0,0.0483870967741935,2.772588722239781,0.0,0.0,0.0,0.0,0.3516129032258064,4.700480365792417,0.0,0.0,0.0,0.0,5.739792912179234
303,2020-05,2020-06,12,4268,33,1.0,2.5327008222643896,2.933333333333333,0.0026181249716708,0.0030322702084363,0.0004129784967978,0.0026147036528129,0.0030276821496108,78.51372549019608,88.0,31.0,30.0,1.1612903225806452,0.7333333333333333,0.0012004588801727,0.000758067552109,-0.0004419585415219,0.0011997389055536,0.0007577803640317,36.0,22.0,2.5327008222643896,2.8333333333333335,0.0026181249716708,0.0029288973604214,0.0003099128445034,0.0026147036528129,0.0029246164973163,78.51372549019608,85.0,52.99619228336496,67.10666666666667,0.054783673302754,0.0693700725411824,0.0137340609600581,0.05333569690048,0.0670697578605382,1642.8819607843138,2013.2,2.5327008222643896,2.8333333333333335,0.0026181249716708,0.0029288973604214,0.0003099128445034,0.0026147036528129,0.0029246164973163,78.51372549019608,85.0,967372.0122871136,36.0,22.0,78.51372549019608,85.0,29.339341374456264,29.49086293693884,,303,303,Taliban,303,2020-05,2020-05-01,2020,5,4.0,Afghanistan; Pakistan,ged_rolling_24m,2,1.0986122886681098,False,True,1199.0,1509.0,7.090076835776092,7.31986492980897,497.0,497.0,497.0,1.0,445.0,475.0,415.0,467.0,275.0,0.0,314.0,23.0,2.0,0.0,21.0,0.0,0.0,136.0,0.0,1.0,0.8953722334004024,6.100318952020064,0.9557344064386318,6.16541785423142,0.8350100603621731,6.030685260261263,0.9396378269617708,6.148468295917647,0.5533199195171026,5.62040086571715,0.0,0.0,0.6317907444668008,5.752572638825633,0.0462776659959758,3.1780538303479458,0.0040241448692152,1.0986122886681098,0.0,0.0,0.0422535211267605,3.091042453358316,0.0,0.0,0.0,0.0,0.2736418511066398,4.919980925828125,0.0,0.0,0.0020120724346076,0.6931471805599453,6.210600077024653
303,2020-06,2020-07,12,4061,33,0.0,2.933333333333333,1.5420619860847564,0.0030322702084361,0.0015940733931704,-0.0014348779428263,0.0030276821496105,0.0015928042067842,88.0,47.80392156862745,30.0,31.0,0.7333333333333333,0.6774193548387096,0.000758067552109,0.0007002676801007,-5.775775693850924e-05,0.0007577803640317,0.0007000226070932,22.0,21.0,2.8333333333333335,1.5420619860847564,0.0029288973604212,0.0015940733931704,-0.0013318122905319,0.0029246164973161,0.0015928042067842,85.0,47.80392156862745,67.10666666666665,52.37224541429477,0.0693700725411769,0.0541386816540922,-0.0143457398748847,0.0670697578605332,0.0527240179856484,2013.2,1623.5396078431377,2.8333333333333335,1.5420619860847564,0.0029288973604212,0.0015940733931704,-0.0013318122905319,0.0029246164973161,0.0015928042067842,85.0,47.80392156862745,967372.0122871893,22.0,20.0,85.0,46.80392156862745,29.49086293693884,30.35422148165048,,303,303,Taliban,303,2020-06,2020-06-01,2020,6,5.0,Afghanistan; Pakistan,ged_rolling_24m,2,1.0986122886681098,False,True,1509.0,1614.0,7.31986492980897,7.387090235656757,419.0,419.0,419.0,1.0,301.0,377.0,258.0,339.0,170.0,0.0,181.0,29.0,0.0,0.0,41.0,0.0,1.0,166.0,0.0,1.0,0.7183770883054893,5.71042701737487,0.8997613365155132,5.934894195619588,0.6157517899761337,5.556828061699537,0.8090692124105012,5.8289456176102075,0.4057279236276849,5.14166355650266,0.0,0.0,0.431980906921241,5.204006687076795,0.0692124105011933,3.4011973816621555,0.0,0.0,0.0,0.0,0.0978520286396181,3.737669618283368,0.0,0.0,0.0023866348448687,0.6931471805599453,0.39618138424821,5.117993812416755,0.0,0.0,0.0023866348448687,0.6931471805599453,6.040254711277414
303,2020-07,2020-08,12,3787,33,1.0,1.5420619860847564,0.6861480075901328,0.0015940733931704,0.0007092907370431,-0.0008837648975326,0.0015928042067842,0.0007090393092515,47.80392156862745,21.270588235294117,31.0,31.0,0.6774193548387096,0.355977229601518,0.0007002676801007,0.0003679838005235,-0.0003321064960032,0.0007000226070932,0.00036791611109,21.0,11.03529411764706,1.5420619860847564,0.6538899430740037,0.0015940733931704,0.0006759446570383,-0.0009170878974411,0.0015928042067842,0.0006757163093431,47.80392156862745,20.270588235294117,52.37224541429477,12.422808349146113,0.0541386816540922,0.012841810793941,-0.0399639640504841,0.0527240179856484,0.0127600539351642,1623.5396078431377,385.1070588235295,1.5420619860847564,0.6538899430740037,0.0015940733931704,0.0006759446570383,-0.0009170878974411,0.0015928042067842,0.0006757163093431,47.80392156862745,20.270588235294117,967372.0122871893,20.0,11.03529411764706,46.80392156862745,20.270588235294117,30.35422148165048,29.759321932064065,,303,303,Taliban,303,2020-07,2020-07-01,2020,7,6.0,Afghanistan; Pakistan,ged_rolling_24m,2,1.0986122886681098,False,True,1614.0,1408.0,7.387090235656757,7.25063551189868,543.0,543.0,543.0,1.0,439.0,507.0,366.0,451.0,302.0,0.0,258.0,47.0,0.0,0.0,30.0,1.0,2.0,204.0,0.0,1.0,0.8084714548802947,6.0867747269123065,0.9337016574585636,6.230481447578482,0.6740331491712708,5.905361848054571,0.8305709023941068,6.113682179832232,0.5561694290976059,5.713732805509369,0.0,0.0,0.4751381215469613,5.556828061699537,0.0865561694290976,3.871201010907891,0.0,0.0,0.0,0.0,0.0552486187845303,3.4339872044851463,0.001841620626151,0.6931471805599453,0.003683241252302,1.0986122886681098,0.3756906077348066,5.3230099791384085,0.0,0.0,0.001841620626151,0.6931471805599453,6.298949246855942
303,2020-08,2020-09,12,3629,32,0.0,0.6538899430740037,0.9665359477124184,0.0010539453197217,0.0015578707842567,0.000503268253107,0.0010533903092861,0.0015566585623932,20.270588235294117,28.99607843137255,31.0,30.0,0.355977229601518,0.3666666666666666,0.000573767098026,0.0005909964227536,1.721929652356727e-05,0.0005736025566207,0.0005908218531442,11.03529411764706,11.0,0.6538899430740037,0.9665359477124184,0.0010539453197217,0.0015578707842567,0.000503268253107,0.0010533903092861,0.0015566585623932,20.270588235294117,28.99607843137255,12.422808349146113,24.51273202614379,0.0200231871679061,0.0395098280164598,0.0189239232771703,0.019825359555355,0.0387492828325254,385.1070588235295,735.3819607843138,0.6538899430740037,0.9665359477124184,0.0010539453197217,0.0015578707842567,0.000503268253107,0.0010533903092861,0.0015566585623932,20.270588235294117,28.99607843137255,620421.1270150748,11.03529411764706,11.0,20.270588235294117,28.99607843137255,30.441301100063047,29.610067789289378,,303,303,Taliban,303,2020-08,2020-08-01,2020,8,7.0,Afghanistan; Pakistan,ged_rolling_24m,2,1.0986122886681098,False,True,1408.0,1820.0,7.25063551189868,7.507141079727608,334.0,334.0,334.0,1.0,287.0,316.0,235.0,299.0,183.0,0.0,194.0,24.0,0.0,0.0,16.0,2.0,0.0,97.0,1.0,0.0,0.8592814371257484,5.662960480135946,0.9461077844311376,5.75890177387728,0.7035928143712575,5.4638318050256105,0.8952095808383234,5.703782474656201,0.5479041916167665,5.214935757608986,0.0,0.0,0.5808383233532934,5.272999558563747,0.0718562874251497,3.218875824868201,0.0,0.0,0.0,0.0,0.0479041916167664,2.833213344056216,0.0059880239520958,1.0986122886681098,0.0,0.0,0.2904191616766467,4.584967478670572,0.0029940119760479,0.6931471805599453,0.0,0.0,5.814130531825066
303,2020-09,2020-10,12,3466,33,1.0,0.9665359477124184,3.2506008855154964,0.0015141936030065,0.0050924531864793,0.0035664821325007,0.0015130483677989,0.0050795305002997,28.99607843137255,100.7686274509804,30.0,31.0,0.3666666666666666,1.6480708412397218,0.000574426975444,0.0025818991326841,0.0020043097017643,0.0005742620554222,0.0025785717571865,11.0,51.090196078431376,0.9665359477124184,3.2183428209993674,0.0015141936030065,0.0050419170889329,0.0035162008196647,0.0015130483677989,0.0050292491874637,28.99607843137255,99.7686274509804,24.51273202614379,148.5092473118279,0.0384021123208591,0.2326574120694712,0.1714892353100032,0.0376831011729183,0.2091723364829216,735.3819607843138,4603.786666666665,0.9665359477124184,3.2183428209993674,0.0015141936030065,0.0050419170889329,0.0035162008196647,0.0015130483677989,0.0050292491874637,28.99607843137255,99.7686274509804,638317.2837299643,11.0,48.090196078431376,28.99607843137255,86.76862745098039,29.61507708754592,30.011400230610143,,303,303,Taliban,303,2020-09,2020-09-01,2020,9,8.0,Afghanistan; Pakistan,ged_rolling_24m,2,1.0986122886681098,False,True,1820.0,2769.0,7.507141079727608,7.926602599181384,397.0,397.0,397.0,1.0,339.0,374.0,303.0,352.0,182.0,0.0,244.0,12.0,2.0,0.0,19.0,5.0,1.0,113.0,0.0,1.0,0.853904282115869,5.8289456176102075,0.9420654911838792,5.926926025970411,0.7632241813602015,5.717027701406222,0.8866498740554156,5.8664680569332965,0.4584382871536523,5.209486152841421,0.0,0.0,0.6146095717884131,5.501258210544727,0.0302267002518891,2.5649493574615367,0.0050377833753148,1.0986122886681098,0.0,0.0,0.0478589420654911,2.995732273553991,0.0125944584382871,1.791759469228055,0.0025188916876574,0.6931471805599453,0.2846347607052896,4.736198448394496,0.0,0.0,0.0025188916876574,0.6931471805599453,5.986452005284438
303,2020-10,2020-11,12,3342,33,0.0,3.2506008855154964,2.0211764705882356,0.0050924531864793,0.00316641350956,-0.0019181195207257,0.0050795305002997,0.0031614109795739,100.7686274509804,60.635294117647064,31.0,30.0,1.6480708412397218,0.5333333333333333,0.0025818991326841,0.0008355301461004,-0.0017433904720895,0.0025785717571865,0.000835181285097,51.090196078431376,16.0,3.2183428209993674,2.0211764705882356,0.0050419170889329,0.00316641350956,-0.0018678382078897,0.0050292491874637,0.0031614109795739,99.7686274509804,60.635294117647064,148.5092473118279,53.46377777777778,0.2326574120694712,0.0837573713582777,-0.1287382856787647,0.2091723364829216,0.0804340508041568,4603.786666666665,1603.9133333333334,3.2183428209993674,2.0211764705882356,0.0050419170889329,0.00316641350956,-0.0018678382078897,0.0050292491874637,0.0031614109795739,99.7686274509804,60.635294117647064,638317.2837299643,48.090196078431376,16.0,86.76862745098039,56.635294117647064,30.011400230610143,23.548227146791064,,303,303,Taliban,303,2020-10,2020-10-01,2020,10,9.0,Afghanistan; Pakistan,ged_rolling_24m,2,1.0986122886681098,False,True,2769.0,1983.0,7.926602599181384,7.592870287844818,349.0,349.0,349.0,1.0,296.0,327.0,257.0,324.0,207.0,0.0,228.0,18.0,0.0,0.0,18.0,0.0,2.0,81.0,1.0,1.0,0.8481375358166189,5.6937321388027,0.9369627507163324,5.793013608384144,0.7363896848137536,5.552959584921617,0.9283667621776504,5.783825182329737,0.5931232091690545,5.337538079701318,0.0,0.0,0.6532951289398281,5.43372200355424,0.0515759312320916,2.9444389791664403,0.0,0.0,0.0,0.0,0.0515759312320916,2.9444389791664403,0.0,0.0,0.0057306590257879,1.0986122886681098,0.2320916905444126,4.406719247264253,0.0028653295128939,0.6931471805599453,0.0028653295128939,0.6931471805599453,5.857933154483459
303,2020-11,2020-12,12,3314,33,1.0,2.0211764705882356,1.4666666666666668,0.00316641350956,0.0022977079017762,-0.0008663387720004,0.0031614109795739,0.0022950722075735,60.635294117647064,45.46666666666667,30.0,31.0,0.5333333333333333,0.4193548387096774,0.0008355301461004,0.0006569692681031,-0.0001784277268322,0.000835181285097,0.0006567535582648,16.0,13.0,2.0211764705882356,1.4666666666666668,0.00316641350956,0.0022977079017762,-0.0008663387720004,0.0031614109795739,0.0022950722075735,60.635294117647064,45.46666666666667,53.46377777777778,25.243390259329537,0.0837573713582777,0.039546775408965,-0.0416492255121829,0.0804340508041568,0.0387848252919738,1603.9133333333334,782.5450980392156,2.0211764705882356,1.4666666666666668,0.00316641350956,0.0022977079017762,-0.0008663387720004,0.0031614109795739,0.0022950722075735,60.635294117647064,45.46666666666667,638317.2837299643,16.0,13.0,56.635294117647064,44.46666666666667,23.548227146791064,22.53327957521525,,303,303,Taliban,303,2020-11,2020-11-01,2020,11,10.0,Afghanistan; Pakistan,ged_rolling_24m,2,1.0986122886681098,False,True,1983.0,2099.0,7.592870287844818,7.649692623711514,235.0,235.0,235.0,1.0,193.0,225.0,178.0,219.0,142.0,0.0,133.0,7.0,1.0,0.0,9.0,2.0,1.0,82.0,0.0,0.0,0.8212765957446808,5.267858159063328,0.9574468085106383,5.420534999272286,0.7574468085106383,5.187385805840755,0.9319148936170212,5.393627546352362,0.6042553191489362,4.962844630259907,0.0,0.0,0.5659574468085107,4.897839799950911,0.0297872340425531,2.0794415416798357,0.0042553191489361,0.6931471805599453,0.0,0.0,0.0382978723404255,2.302585092994046,0.0085106382978723,1.0986122886681098,0.0042553191489361,0.6931471805599453,0.3489361702127659,4.418840607796598,0.0,0.0,0.0,0.0,5.4638318050256105
303,2020-12,2021-01,12,3216,33,0.0,1.4666666666666668,1.974573055028463,0.002297707901776,0.0030934037121634,0.0007935567755691,0.0022950722075732,0.0030886289831424,45.46666666666667,61.21176470588235,31.0,31.0,0.4193548387096774,0.4193548387096774,0.0006569692681031,0.0006569692681031,0.0,0.0006567535582648,0.0006567535582648,13.0,13.0,1.4666666666666668,1.877798861480076,0.002297707901776,0.0029417954195242,0.0006424045993825,0.0022950722075732,0.0029374768069558,45.46666666666667,58.21176470588235,25.243390259329537,28.2676027830487,0.0395467754089627,0.0442845642810534,0.0045471981781425,0.0387848252919715,0.0433320234701141,782.5450980392156,876.2956862745098,1.4666666666666668,1.877798861480076,0.002297707901776,0.0029417954195242,0.0006424045993825,0.0022950722075732,0.0029374768069558,45.46666666666667,58.21176470588235,638317.2837300019,13.0,13.0,44.46666666666667,56.21176470588235,22.53327957521525,25.642853083453502,,303,303,Taliban,303,2020-12,2020-12-01,2020,12,11.0,Afghanistan; Pakistan,ged_rolling_24m,2,1.0986122886681098,False,True,2099.0,2740.0,7.649692623711514,7.916078096302786,295.0,295.0,295.0,1.0,257.0,285.0,249.0,277.0,195.0,0.0,181.0,23.0,1.0,0.0,8.0,2.0,1.0,78.0,0.0,1.0,0.8711864406779661,5.552959584921617,0.9661016949152542,5.655991810819852,0.8440677966101695,5.521460917862246,0.9389830508474576,5.627621113690637,0.6610169491525424,5.278114659230517,0.0,0.0,0.6135593220338983,5.204006687076795,0.0779661016949152,3.1780538303479458,0.0033898305084745,0.6931471805599453,0.0,0.0,0.0271186440677966,2.1972245773362196,0.0067796610169491,1.0986122886681098,0.0033898305084745,0.6931471805599453,0.2644067796610169,4.3694478524670215,0.0,0.0,0.0033898305084745,0.6931471805599453,5.69035945432406
303,2021-01,2021-02,12,3171,33,1.0,1.974573055028463,1.7057422969187677,0.0030934037121634,0.002672248332289,-0.0004199447583865,0.0030886289831424,0.0026686842247559,61.21176470588235,47.760784313725495,31.0,28.0,0.4193548387096774,0.5788515406162464,0.0006569692681031,0.0009068398355653,0.0002496753464704,0.0006567535582648,0.0009064289047352,13.0,16.2078431372549,1.877798861480076,1.649719887955182,0.0029417954195242,0.0025844825606398,-0.0003563282781066,0.0029374768069558,0.0025811485288491,58.21176470588235,46.192156862745094,28.2676027830487,49.17326330532212,0.0442845642810534,0.0770357697632414,0.0308805865604556,0.0433320234701141,0.0742126100305697,876.2956862745098,1376.8513725490195,1.877798861480076,1.649719887955182,0.0029417954195242,0.0025844825606398,-0.0003563282781066,0.0029374768069558,0.0025811485288491,58.21176470588235,46.192156862745094,638317.2837300019,13.0,16.2078431372549,56.21176470588235,42.66274509803921,25.642853083453502,22.525492378676496,,303,303,Taliban,303,2021-01,2021-01-01,2021,1,12.0,Afghanistan; Pakistan,ged_rolling_24m,2,1.0986122886681098,False,True,2740.0,2098.0,7.916078096302786,7.649216319820633,331.0,331.0,331.0,1.0,273.0,314.0,230.0,284.0,184.0,0.0,166.0,18.0,0.0,0.0,17.0,2.0,3.0,124.0,1.0,0.0,0.824773413897281,5.6131281063880705,0.9486404833836858,5.752572638825633,0.6948640483383686,5.442417710521793,0.8580060422960725,5.652489180268651,0.5558912386706949,5.220355825078324,0.0,0.0,0.5015105740181269,5.117993812416755,0.0543806646525679,2.9444389791664403,0.0,0.0,0.0,0.0,0.0513595166163142,2.8903717578961645,0.0060422960725075,1.0986122886681098,0.0090634441087613,1.3862943611198906,0.3746223564954682,4.8283137373023015,0.0030211480362537,0.6931471805599453,0.0,0.0,5.805134968916488
303,2021-02,2021-03,12,3149,33,0.0,1.7057422969187677,1.1004427577482605,0.0026722483322891,0.0017239745590435,-0.000946194004123,0.0026686842247561,0.001722490220633,47.760784313725495,34.113725490196074,28.0,31.0,0.5788515406162464,0.4559139784946236,0.0009068398355654,0.000714243511989,-0.0001924403432527,0.0009064289047352,0.0007139885614825,16.2078431372549,14.133333333333333,1.649719887955182,1.0681846932321315,0.0025844825606399,0.0016734384614971,-0.0009091087053554,0.0025811485288494,0.0016720398234939,46.192156862745094,33.113725490196074,49.17326330532212,62.93931688804555,0.077035769763246,0.0986019311904949,0.0198257897592694,0.0742126100305738,0.0940383997898432,1376.8513725490195,1951.118823529412,1.649719887955182,1.0681846932321315,0.0025844825606399,0.0016734384614971,-0.0009091087053554,0.0025811485288494,0.0016720398234939,46.192156862745094,33.113725490196074,638317.2837299643,16.2078431372549,14.133333333333333,42.66274509803921,33.113725490196074,22.525492378676496,23.27538782935167,,303,303,Taliban,303,2021-02,2021-02-01,2021,2,13.0,Afghanistan; Pakistan,ged_rolling_24m,2,1.0986122886681098,False,True,2098.0,1806.0,7.649216319820633,7.499423290592229,291.0,291.0,291.0,1.0,239.0,279.0,195.0,247.0,150.0,0.0,143.0,13.0,1.0,0.0,11.0,0.0,2.0,120.0,1.0,0.0,0.8213058419243986,5.480638923341991,0.9587628865979382,5.634789603169249,0.6701030927835051,5.278114659230517,0.8487972508591065,5.5134287461649825,0.5154639175257731,5.017279836814924,0.0,0.0,0.4914089347079037,4.969813299576001,0.0446735395189003,2.6390573296152584,0.0034364261168384,0.6931471805599453,0.0,0.0,0.0378006872852233,2.4849066497880004,0.0,0.0,0.0068728522336769,1.0986122886681098,0.4123711340206185,4.795790545596741,0.0034364261168384,0.6931471805599453,0.0,0.0,5.676753802268282
303,2021-03,2021-04,12,3203,33,1.0,1.1004427577482605,0.2312418300653594,0.0017239745590435,0.0003622678501107,-0.0013602879736764,0.001722490220633,0.0003622022469565,34.113725490196074,6.9372549019607845,31.0,30.0,0.4559139784946236,0.0152941176470588,0.000714243511989,2.3960055660233215e-05,-0.0006900287928598,0.0007139885614825,2.3959768622639547e-05,14.133333333333333,0.4588235294117647,1.0681846932321315,0.1925490196078431,0.0016734384614971,0.0003016509571583,-0.0013704343538383,0.0016720398234939,0.0003016054696556,33.113725490196074,5.776470588235294,62.93931688804555,4.065490196078431,0.0986019311904949,0.0063690742828112,-0.0876895223492118,0.0940383997898432,0.0063488774406314,1951.118823529412,121.96470588235294,1.0681846932321315,0.1925490196078431,0.0016734384614971,0.0003016509571583,-0.0013704343538383,0.0016720398234939,0.0003016054696556,33.113725490196074,5.776470588235294,638317.2837299643,14.133333333333333,0.4588235294117647,33.113725490196074,5.776470588235294,23.27538782935167,26.45173855015405,,303,303,Taliban,303,2021-03,2021-03-01,2021,3,14.0,Afghanistan; Pakistan,ged_rolling_24m,2,1.0986122886681098,False,True,1806.0,2842.0,7.499423290592229,7.952615111651,269.0,269.0,269.0,1.0,218.0,256.0,140.0,233.0,129.0,0.0,100.0,21.0,2.0,0.0,11.0,1.0,2.0,130.0,2.0,0.0,0.8104089219330854,5.389071729816501,0.9516728624535316,5.54907608489522,0.5204460966542751,4.948759890378168,0.8661710037174721,5.455321115357702,0.4795539033457249,4.867534450455582,0.0,0.0,0.3717472118959107,4.61512051684126,0.0780669144981412,3.091042453358316,0.0074349442379182,1.0986122886681098,0.0,0.0,0.0408921933085501,2.4849066497880004,0.0037174721189591,0.6931471805599453,0.0074349442379182,1.0986122886681098,0.483271375464684,4.875197323201151,0.0074349442379182,1.0986122886681098,0.0,0.0,5.598421958998375
303,2021-04,2021-05,12,3497,34,0.0,0.7312418300653594,2.591397849462366,0.0010265466026622,0.003637908211944,0.0026052869646744,0.0010260200640119,0.0036313070286864,21.93725490196078,80.33333333333334,30.0,31.0,0.2486274509803921,0.5471220746363061,0.0003490331852455,0.000768071907086,0.0004188048034761,0.0003489722873332,0.0007677770908093,7.458823529411765,16.96078431372549,0.6258823529411763,2.559139784946237,0.0008786387439303,0.0035926230474799,0.0027079320254966,0.000878252966865,0.0035861849923617,18.77647058823529,79.33333333333334,12.412156862745096,35.52330170777989,0.0174246835113665,0.0498690353644109,0.0313908136899849,0.0172746144758646,0.0486654281658495,372.3647058823529,1101.2223529411767,0.6258823529411763,2.559139784946237,0.0008786387439303,0.0035926230474799,0.0027079320254966,0.000878252966865,0.0035861849923617,18.77647058823529,79.33333333333334,712331.8397518295,7.458823529411765,16.674509803921566,18.77647058823529,74.15294117647059,25.759515528271855,27.757545174131035,,303,303,Taliban,303,2021-04,2021-04-01,2021,4,15.0,Afghanistan; Pakistan,ged_rolling_24m,2,1.0986122886681098,False,True,2842.0,5039.0,7.952615111651,8.525161361065415,360.0,360.0,360.0,1.0,292.0,344.0,225.0,288.0,163.0,1.0,146.0,12.0,0.0,0.0,15.0,0.0,0.0,186.0,0.0,0.0,0.8111111111111111,5.680172609017068,0.9555555555555556,5.84354441703136,0.625,5.420534999272286,0.8,5.666426688112432,0.4527777777777778,5.099866427824199,0.0027777777777777,0.6931471805599453,0.4055555555555555,4.990432586778736,0.0333333333333333,2.5649493574615367,0.0,0.0,0.0,0.0,0.0416666666666666,2.772588722239781,0.0,0.0,0.0,0.0,0.5166666666666667,5.231108616854587,0.0,0.0,0.0,0.0,5.8888779583328805
303,2021-05,2021-06,12,4020,34,1.0,2.591397849462366,6.473725490196078,0.003637908211944,0.0090880754290745,0.005415720353939,0.0036313070286864,0.0090470273826255,80.33333333333334,194.21176470588236,31.0,30.0,0.5471220746363061,2.035294117647059,0.000768071907086,0.0028572274943601,0.0020853762876791,0.0007677770908093,0.0028531533784884,16.96078431372549,61.05882352941177,2.559139784946237,6.073725490196079,0.0035926230474799,0.0085265393897205,0.0049042087797331,0.0035861849923617,0.0084903937720949,79.33333333333334,182.21176470588236,35.52330170777989,145.25155555555554,0.0498690353644109,0.2039099580416902,0.1369091302445321,0.0486654281658495,0.1855745584103817,1101.2223529411767,4357.546666666666,2.559139784946237,6.073725490196079,0.0035926230474799,0.0085265393897205,0.0049042087797331,0.0035861849923617,0.0084903937720949,79.33333333333334,182.21176470588236,712331.8397518295,16.674509803921566,54.05882352941177,74.15294117647059,165.21176470588236,27.757545174131035,29.441349005411,,303,303,Taliban,303,2021-05,2021-05-01,2021,5,16.0,Afghanistan; Pakistan,ged_rolling_24m,2,1.0986122886681098,False,True,5039.0,7688.0,8.525161361065415,8.94754601503218,567.0,567.0,567.0,1.0,501.0,546.0,408.0,514.0,299.0,0.0,321.0,34.0,0.0,0.0,19.0,1.0,1.0,189.0,0.0,2.0,0.8835978835978836,6.218600119691729,0.9629629629629628,6.304448802421981,0.7195767195767195,6.013715156042802,0.9065255731922398,6.244166900663736,0.527336860670194,5.703782474656201,0.0,0.0,0.5661375661375662,5.7745515455444085,0.0599647266313932,3.5553480614894135,0.0,0.0,0.0,0.0,0.0335097001763668,2.995732273553991,0.001763668430335,0.6931471805599453,0.001763668430335,0.6931471805599453,0.3333333333333333,5.247024072160486,0.0,0.0,0.0035273368606701,1.0986122886681098,6.342121418721152
303,2021-06,2021-07,12,4697,34,0.0,6.473725490196078,1.3225806451612905,0.0090880754290736,0.0018566917430251,-0.0071920571611532,0.0090470273826246,0.0018549702214713,194.21176470588236,41.0,30.0,31.0,2.035294117647059,0.3225806451612903,0.0028572274943598,0.0004528516446402,-0.0024004042402084,0.0028531533784882,0.0004527491382798,61.05882352941177,10.0,6.073725490196079,1.3225806451612905,0.0085265393897196,0.0018566917430251,-0.0066354235506226,0.008490393772094,0.0018549702214713,182.21176470588236,41.0,145.25155555555554,25.68064516129032,0.2039099580416692,0.0360515194298132,-0.1501576866301711,0.1855745584103642,0.035416871780193,4357.546666666666,796.0999999999999,6.073725490196079,1.3225806451612905,0.0085265393897196,0.0018566917430251,-0.0066354235506226,0.008490393772094,0.0018549702214713,182.21176470588236,41.0,712331.8397519029,54.05882352941177,10.0,165.21176470588236,40.0,29.441349005411,30.256632708743023,,303,303,Taliban,303,2021-06,2021-06-01,2021,6,17.0,Afghanistan; Pakistan,ged_rolling_24m,2,1.0986122886681098,False,True,7688.0,8467.0,8.94754601503218,9.044049632254756,675.0,675.0,675.0,1.0,574.0,630.0,352.0,601.0,285.0,0.0,348.0,43.0,0.0,0.0,41.0,1.0,2.0,239.0,0.0,1.0,0.8503703703703703,6.354370040797351,0.9333333333333332,6.447305862541213,0.5214814814814814,5.8664680569332965,0.8903703703703704,6.400257445308821,0.4222222222222222,5.655991810819852,0.0,0.0,0.5155555555555555,5.855071922202427,0.0637037037037037,3.784189633918261,0.0,0.0,0.0,0.0,0.0607407407407407,3.737669618283368,0.0014814814814814,0.6931471805599453,0.0029629629629629,1.0986122886681098,0.3540740740740741,5.480638923341991,0.0,0.0,0.0014814814814814,0.6931471805599453,6.516193076042964
303,2021-07,2021-08,12,5248,34,1.0,1.3225806451612905,0.6007590132827325,0.0018566917430251,0.0008433695923124,-0.0010119560654647,0.0018549702214713,0.0008430141560065,41.0,18.623529411764707,31.0,31.0,0.3225806451612903,0.2834914611005693,0.0004528516446402,0.0003979766806426,-5.4851629351263995e-05,0.0004527491382798,0.0003978975089285,10.0,8.788235294117648,1.3225806451612905,0.5685009487666035,0.0018566917430251,0.0007980844278484,-0.0010572040936577,0.0018549702214713,0.0007977661278136,41.0,17.623529411764707,25.68064516129032,9.280872865275144,0.0360515194298132,0.0130288614762855,-0.0224721558274218,0.035416871780193,0.0129447159527711,796.0999999999999,287.70705882352945,1.3225806451612905,0.5685009487666035,0.0018566917430251,0.0007980844278484,-0.0010572040936577,0.0018549702214713,0.0007977661278136,41.0,17.623529411764707,712331.8397519029,10.0,7.788235294117647,40.0,14.623529411764704,30.256632708743023,30.610904491538232,,303,303,Taliban,303,2021-07,2021-07-01,2021,7,18.0,Afghanistan; Pakistan,ged_rolling_24m,2,1.0986122886681098,False,True,8467.0,5160.0,9.044049632254756,8.548885638148727,2000.0,2000.0,2000.0,1.0,1717.0,1900.0,926.0,1752.0,816.0,3.0,990.0,116.0,1.0,0.0,93.0,16.0,3.0,771.0,5.0,2.0,0.8585,7.4489161025442,0.95,7.550135342488429,0.463,6.831953565565855,0.876,7.469083884921234,0.408,6.705639094860003,0.0015,1.3862943611198906,0.495,6.898714534329988,0.058,4.762173934797756,0.0005,0.6931471805599453,0.0,0.0,0.0465,4.543294782270004,0.008,2.833213344056216,0.0015,1.3862943611198906,0.3855,6.648984550024776,0.0025,1.791759469228055,0.001,1.0986122886681098,7.601402334583733
303,2021-08,2021-09,12,5425,35,0.0,0.6007590132827325,0.3027450980392157,0.0008389738400485,0.0004227905230583,-0.0004159209258887,0.0008386220982174,0.0004227011723286,18.623529411764707,9.08235294117647,31.0,30.0,0.2834914611005693,0.0984313725490196,0.0003959023742995,0.0001374616856057,-0.0002583717870189,0.0003958240256329,0.000137452238614,8.788235294117648,2.9529411764705884,0.5685009487666035,0.3027450980392157,0.0007939247077654,0.0004227905230583,-0.0003709085439247,0.0007936097162533,0.0004227011723286,17.623529411764707,9.08235294117647,9.280872865275144,5.815921568627451,0.0129609533517187,0.0081220688228876,-0.0047884166277277,0.0128776789675947,0.0080892623398669,287.70705882352945,174.47764705882355,0.5685009487666035,0.3027450980392157,0.0007939247077654,0.0004227905230583,-0.0003709085439247,0.0007936097162533,0.0004227011723286,17.623529411764707,9.08235294117647,716064.0589794586,7.788235294117647,2.9529411764705884,14.623529411764707,9.08235294117647,30.611744032495253,29.807398157493036,,303,303,Taliban,303,2021-08,2021-08-01,2021,8,19.0,Afghanistan; Pakistan,ged_rolling_24m,2,1.0986122886681098,False,True,5160.0,565.0,8.548885638148727,6.338594078203183,199.0,199.0,199.0,1.0,163.0,188.0,106.0,168.0,95.0,0.0,101.0,16.0,0.0,0.0,9.0,1.0,0.0,71.0,1.0,0.0,0.8190954773869347,5.099866427824199,0.9447236180904522,5.241747015059643,0.5326633165829145,4.672828834461906,0.8442211055276382,5.1298987149230735,0.4773869346733668,4.564348191467836,0.0,0.0,0.507537688442211,4.624972813284271,0.0804020100502512,2.833213344056216,0.0,0.0,0.0,0.0,0.0452261306532663,2.302585092994046,0.0050251256281407,0.6931471805599453,0.0,0.0,0.3567839195979899,4.276666119016055,0.0050251256281407,0.6931471805599453,0.0,0.0,5.298317366548036
303,2021-09,2021-10,12,5181,35,1.0,0.3027450980392157,1.4666666666666668,0.0004227905230583,0.0020482338811376,0.0016234379376928,0.0004227011723286,0.0020461391100214,9.08235294117647,45.46666666666667,30.0,31.0,0.0984313725490196,0.1935483870967742,0.0001374616856057,0.0002702947936985,0.0001328060320279,0.000137452238614,0.0002702582706419,2.9529411764705884,6.0,0.3027450980392157,1.3053763440860215,0.0004227905230583,0.0018229882197222,0.001398627421049,0.0004227011723286,0.0018213285933777,9.08235294117647,40.46666666666667,5.815921568627451,18.85058823529412,0.0081220688228876,0.0263252819337981,0.0178954730843222,0.0080892623398669,0.0259847354241891,174.47764705882355,584.3682352941178,0.3027450980392157,1.3053763440860215,0.0004227905230583,0.0018229882197222,0.001398627421049,0.0004227011723286,0.0018213285933777,9.08235294117647,40.46666666666667,716064.0589794586,2.9529411764705884,6.0,9.08235294117647,40.46666666666667,29.807398157493036,29.61847515661632,,303,303,Taliban,303,2021-09,2021-09-01,2021,9,20.0,Afghanistan; Pakistan,ged_rolling_24m,2,1.0986122886681098,False,True,565.0,284.0,6.338594078203183,5.652489180268651,2262.0,2262.0,2262.0,1.0,1673.0,2091.0,1067.0,1701.0,955.0,4.0,679.0,261.0,6.0,0.0,160.0,23.0,19.0,1049.0,53.0,8.0,0.7396109637488948,7.422971251049421,0.9244031830238728,7.645875825184813,0.4717064544650751,6.97354301952014,0.7519893899204244,7.43955930913332,0.4221927497789566,6.862757913051401,0.0017683465959328,1.6094379124341005,0.3001768346595933,6.522092798170152,0.1153846153846153,5.568344503761097,0.0026525198938992,1.9459101490553132,0.0,0.0,0.0707338638373121,5.081404364984463,0.0101679929266136,3.1780538303479458,0.0083996463306808,2.995732273553991,0.4637488947833775,6.956545443151569,0.0234305923961096,3.9889840465642745,0.0035366931918656,2.1972245773362196,7.724446645633537
303,2021-10,2021-11,12,4914,36,0.0,1.7490196078431373,2.4866666666666664,0.0023529507133203,0.0033453050388261,0.0009895350944581,0.0023501868594164,0.0033397219538745,54.219607843137254,74.6,31.0,30.0,0.2903225806451613,0.5,0.0003905700771785,0.0006726484662519,0.0002819285151291,0.0003904938245398,0.000672422339669,9.0,15.0,1.587729285262492,2.42,0.00213596733711,0.0032556185766592,0.0011166411226152,0.0021336894020308,0.003250330524646,49.219607843137254,72.6,22.61544592030361,31.1956339869281,0.0304244900237901,0.0419673907101258,0.0111398043600273,0.0299708435775421,0.0411106479375695,701.0788235294119,935.869019607843,1.587729285262492,2.42,0.00213596733711,0.0032556185766592,0.0011166411226152,0.0021336894020308,0.003250330524646,49.219607843137254,72.6,743330.3204957483,9.0,15.0,49.219607843137254,71.6,29.66412893500676,26.915678713092984,,303,303,Taliban,303,2021-10,2021-10-01,2021,10,21.0,Afghanistan; Pakistan,ged_rolling_24m,2,1.0986122886681098,False,True,284.0,90.0,5.652489180268651,4.51085950651685,981.0,981.0,981.0,1.0,722.0,887.0,564.0,728.0,463.0,1.0,312.0,158.0,1.0,0.0,89.0,6.0,19.0,391.0,2.0,2.0,0.7359836901121305,6.583409222158765,0.9041794087665648,6.78897174299217,0.5749235474006116,6.336825731146441,0.7420998980632009,6.591673732008658,0.4719673802242609,6.139884552226255,0.001019367991845,0.6931471805599453,0.3180428134556575,5.746203190540153,0.1610601427115188,5.0689042022202315,0.001019367991845,0.6931471805599453,0.0,0.0,0.09072375127421,4.499809670330265,0.0061162079510703,1.9459101490553132,0.019367991845056,2.995732273553991,0.3985728848114169,5.971261839790462,0.0020387359836901,1.0986122886681098,0.0020387359836901,1.0986122886681098,6.889591308354466
303,2021-11,2021-12,12,4666,36,1.0,2.4866666666666664,3.033270082226439,0.0033453050388261,0.0040806489370747,0.0007326237161403,0.0033397219538745,0.0040723456700149,74.6,94.0313725490196,30.0,31.0,0.5,0.3400379506641366,0.0006726484662519,0.0004574520119633,-0.000215074926979,0.000672422339669,0.0004573474126899,15.0,10.541176470588235,2.42,3.00101201771031,0.0032556185766592,0.0040372522618327,0.0007787939030077,0.003250330524646,0.0040291244276538,72.6,93.0313725490196,31.1956339869281,30.60182163187856,0.0419673907101258,0.0411685367703947,-0.000766972494068,0.0411106479375695,0.0403436754435014,935.869019607843,948.6564705882352,2.42,3.00101201771031,0.0032556185766592,0.0040372522618327,0.0007787939030077,0.003250330524646,0.0040291244276538,72.6,93.0313725490196,743330.3204957483,15.0,10.541176470588235,71.6,92.0313725490196,26.915678713092984,24.89419198159155,,303,303,Taliban,303,2021-11,2021-11-01,2021,11,22.0,Afghanistan; Pakistan,ged_rolling_24m,2,1.0986122886681098,False,True,90.0,65.0,4.51085950651685,4.189654742026425,591.0,591.0,591.0,1.0,397.0,529.0,312.0,431.0,254.0,0.0,189.0,76.0,2.0,0.0,58.0,1.0,14.0,250.0,0.0,1.0,0.6717428087986463,5.986452005284438,0.8950930626057529,6.272877006546167,0.5279187817258884,5.746203190540153,0.7292724196277496,6.068425588244111,0.4297800338409475,5.541263545158426,0.0,0.0,0.3197969543147208,5.247024072160486,0.1285956006768189,4.343805421853684,0.0033840947546531,1.0986122886681098,0.0,0.0,0.0981387478849407,4.07753744390572,0.0016920473773265,0.6931471805599453,0.0236886632825719,2.70805020110221,0.4230118443316413,5.5254529391317835,0.0,0.0,0.0016920473773265,0.6931471805599453,6.3835066348840055
303,2021-12,2022-01,12,4406,36,0.0,3.033270082226439,1.5426944971537,0.0040806489370747,0.0020753821748113,-0.0019991141257165,0.0040723456700149,0.0020732315442984,94.0313725490196,47.8235294117647,31.0,31.0,0.3400379506641366,0.2260594560404807,0.0004574520119633,0.0003041170927747,-0.0001532765541448,0.0004573474126899,0.0003040708585451,10.541176470588235,7.007843137254902,3.00101201771031,1.4755218216318784,0.0040372522618327,0.0019850149804837,-0.002046076986107,0.0040291244276538,0.0019830474415467,93.0313725490196,45.74117647058823,30.60182163187856,22.00198608475648,0.0411685367703947,0.0295992043888142,-0.011174070882157,0.0403436754435014,0.0291696045613443,948.6564705882352,682.0615686274509,3.00101201771031,1.4755218216318784,0.0040372522618327,0.0019850149804837,-0.002046076986107,0.0040291244276538,0.0019830474415467,93.0313725490196,45.74117647058823,743330.3204957483,10.541176470588235,7.007843137254902,92.0313725490196,44.74117647058823,24.89419198159155,18.814419754201115,,303,303,Taliban,303,2021-12,2021-12-01,2021,12,23.0,Afghanistan; Pakistan,ged_rolling_24m,2,1.0986122886681098,False,True,65.0,96.0,4.189654742026425,4.574710978503383,469.0,469.0,469.0,1.0,305.0,417.0,178.0,321.0,155.0,1.0,104.0,64.0,2.0,0.0,51.0,1.0,11.0,223.0,11.0,1.0,0.650319829424307,5.723585101952381,0.8891257995735607,6.035481432524756,0.3795309168443497,5.187385805840755,0.6844349680170576,5.7745515455444085,0.3304904051172708,5.049856007249537,0.0021321961620469,0.6931471805599453,0.2217484008528784,4.653960350157523,0.1364605543710021,4.174387269895637,0.0042643923240938,1.0986122886681098,0.0,0.0,0.1087420042643923,3.951243718581427,0.0021321961620469,0.6931471805599453,0.0234541577825159,2.4849066497880004,0.4754797441364605,5.41164605185504,0.0234541577825159,2.4849066497880004,0.0021321961620469,0.6931471805599453,6.152732694704104
303,2022-01,2022-02,12,4069,36,1.0,1.5426944971537,10.9296918767507,0.0020753821748113,0.0147036809550044,0.0125233983808821,0.0020732315442984,0.0145966299251805,47.8235294117647,306.0313725490196,31.0,28.0,0.2260594560404807,2.107422969187675,0.0003041170927747,0.0028351096559362,0.0025270274539543,0.0003040708585451,0.0028310983124994,7.007843137254902,59.0078431372549,1.4755218216318784,10.578291316526608,0.0019850149804837,0.0142309428592548,0.0121475860944395,0.0019830474415467,0.0141306335359863,45.74117647058823,296.19215686274504,22.00198608475648,152.8095378151261,0.0295992043888142,0.2055742024800133,0.1577863654642262,0.0291696045613443,0.1869559700255706,682.0615686274509,4278.667058823532,1.4755218216318784,10.578291316526608,0.0019850149804837,0.0142309428592548,0.0121475860944395,0.0019830474415467,0.0141306335359863,45.74117647058823,296.19215686274504,743330.3204957483,7.007843137254902,59.0078431372549,44.74117647058823,283.19215686274504,18.814419754201115,19.88015923689883,,303,303,Taliban,303,2022-01,2022-01-01,2022,1,24.0,Afghanistan; Pakistan,ged_rolling_24m,2,1.0986122886681098,False,True,96.0,108.0,4.574710978503383,4.6913478822291435,376.0,376.0,376.0,1.0,239.0,340.0,172.0,259.0,133.0,0.0,80.0,55.0,0.0,0.0,32.0,1.0,1.0,203.0,4.0,0.0,0.6356382978723404,5.480638923341991,0.9042553191489362,5.831882477283517,0.4574468085106383,5.153291594497779,0.6888297872340425,5.560681631015528,0.3537234042553192,4.897839799950911,0.0,0.0,0.2127659574468085,4.394449154672439,0.1462765957446808,4.02535169073515,0.0,0.0,0.0,0.0,0.0851063829787234,3.49650756146648,0.0026595744680851,0.6931471805599453,0.0026595744680851,0.6931471805599453,0.5398936170212766,5.318119993844216,0.0106382978723404,1.6094379124341005,0.0,0.0,5.932245187448011
303,2022-02,2022-03,12,3795,36,0.0,10.9296918767507,5.99797596457938,0.0147036809550062,0.0080690586663811,-0.0065599520410208,0.0145966299251823,0.0080366778841615,306.0313725490196,185.9372549019608,28.0,31.0,2.107422969187675,1.827324478178368,0.0028351096559365,0.0024582940151827,-0.0003758209591664,0.0028310983124996,0.0024552773533332,59.0078431372549,56.64705882352941,10.578291316526608,5.868943706514864,0.0142309428592565,0.0078954719654129,-0.0062661677108778,0.014130633535988,0.0078644658251102,296.19215686274504,181.9372549019608,152.8095378151261,100.36151802656546,0.205574202480038,0.13501604234258,-0.0603091849695747,0.1869559700255911,0.1266467850560163,4278.667058823532,3111.207058823529,10.578291316526608,5.868943706514864,0.0142309428592565,0.0078954719654129,-0.0062661677108778,0.014130633535988,0.0078644658251102,296.19215686274504,181.9372549019608,743330.3204956587,59.0078431372549,56.64705882352941,283.19215686274504,172.93725490196078,19.88015923689883,24.33377146234528,,303,303,Taliban,303,2022-02,2022-02-01,2022,2,25.0,Afghanistan; Pakistan,ged_rolling_24m,2,1.0986122886681098,False,True,108.0,180.0,4.6913478822291435,5.198497031265826,213.0,213.0,213.0,1.0,144.0,194.0,100.0,144.0,85.0,0.0,51.0,22.0,1.0,0.0,19.0,0.0,5.0,115.0,0.0,0.0,0.676056338028169,4.976733742420574,0.9107981220657276,5.272999558563747,0.4694835680751174,4.61512051684126,0.676056338028169,4.976733742420574,0.3990610328638497,4.454347296253507,0.0,0.0,0.2394366197183098,3.951243718581427,0.1032863849765258,3.1354942159291497,0.0046948356807511,0.6931471805599453,0.0,0.0,0.0892018779342723,2.995732273553991,0.0,0.0,0.0234741784037558,1.791759469228055,0.539906103286385,4.7535901911063645,0.0,0.0,0.0,0.0,5.365976015021851
303,2022-03,2022-04,12,3518,36,1.0,5.99797596457938,1.856078431372549,0.0080690586663811,0.0024969766202122,-0.0055428135303092,0.0080366778841615,0.0024938643538523,185.9372549019608,55.68235294117647,31.0,30.0,1.827324478178368,0.4243137254901961,0.0024582940151827,0.0005708279533212,-0.0018846122603143,0.0024552773533332,0.0005706650930189,56.64705882352941,12.729411764705883,5.868943706514864,1.756078431372549,0.0078954719654129,0.0023624469269618,-0.0055048050886011,0.0078644658251102,0.002359660736509,181.9372549019608,52.68235294117647,100.36151802656546,25.182,0.13501604234258,0.0338772673543148,-0.0933307129642247,0.1266467850560163,0.0333160720917916,3111.207058823529,755.46,5.868943706514864,1.756078431372549,0.0078954719654129,0.0023624469269618,-0.0055048050886011,0.0078644658251102,0.002359660736509,181.9372549019608,52.68235294117647,743330.3204956587,56.64705882352941,12.729411764705883,172.93725490196078,50.72941176470588,24.33377146234528,27.22259047030858,,303,303,Taliban,303,2022-03,2022-03-01,2022,3,26.0,Afghanistan; Pakistan,ged_rolling_24m,2,1.0986122886681098,False,True,180.0,466.0,5.198497031265826,6.1463292576688975,194.0,194.0,194.0,1.0,123.0,178.0,85.0,132.0,75.0,0.0,45.0,23.0,3.0,0.0,13.0,2.0,6.0,101.0,0.0,1.0,0.634020618556701,4.820281565605037,0.9175257731958762,5.187385805840755,0.4381443298969072,4.454347296253507,0.6804123711340206,4.890349128221754,0.3865979381443299,4.330733340286331,0.0,0.0,0.2319587628865979,3.828641396489095,0.1185567010309278,3.1780538303479458,0.0154639175257731,1.3862943611198906,0.0,0.0,0.0670103092783505,2.6390573296152584,0.0103092783505154,1.0986122886681098,0.0309278350515463,1.9459101490553132,0.520618556701031,4.624972813284271,0.0,0.0,0.0051546391752577,0.6931471805599453,5.272999558563747
303,2022-04,2022-05,12,3056,35,0.0,0.6894117647058823,1.487160025300443,0.0010300246928262,0.0022219109488174,0.0011899515736651,0.0010294945813797,0.0022194461550449,20.682352941176468,46.10196078431373,30.0,31.0,0.1909803921568627,0.5281467425679949,0.0002853367607544,0.0007890845705437,0.0005034773470298,0.000285296059963,0.0007887734069929,5.729411764705882,16.372549019607842,0.6894117647058823,1.454901960784314,0.0010300246928262,0.0021737153642692,0.0011418616817049,0.0010294945813797,0.0021713562630847,20.682352941176468,45.10196078431373,12.442000000000002,29.019645793801388,0.0185891333514036,0.0433571825648185,0.0240251071192693,0.0184184671917515,0.0424435743110209,373.2600000000001,899.609019607843,0.6894117647058823,1.454901960784314,0.0010300246928262,0.0021737153642692,0.0011418616817049,0.0010294945813797,0.0021713562630847,20.682352941176468,45.10196078431373,669315.7644737936,5.729411764705882,16.372549019607842,19.72941176470588,43.10196078431373,27.58254242908253,29.484791392956193,,303,303,Taliban,303,2022-04,2022-04-01,2022,4,27.0,Afghanistan; Pakistan,ged_rolling_24m,2,1.0986122886681098,False,True,466.0,221.0,6.1463292576688975,5.402677381872279,237.0,237.0,237.0,1.0,189.0,224.0,172.0,205.0,141.0,1.0,122.0,24.0,1.0,0.0,12.0,2.0,2.0,73.0,0.0,0.0,0.7974683544303798,5.247024072160486,0.9451476793248944,5.41610040220442,0.7257383966244726,5.153291594497779,0.8649789029535865,5.327876168789581,0.5949367088607594,4.955827057601261,0.0042194092827004,0.6931471805599453,0.5147679324894515,4.812184355372417,0.1012658227848101,3.218875824868201,0.0042194092827004,0.6931471805599453,0.0,0.0,0.050632911392405,2.5649493574615367,0.0084388185654008,1.0986122886681098,0.0084388185654008,1.0986122886681098,0.3080168776371308,4.30406509320417,0.0,0.0,0.0,0.0,5.472270673671475
303,2022-05,2022-06,12,2400,35,1.0,1.487160025300443,1.2852287581699346,0.0022219109488174,0.0019202128896222,-0.0003010745175061,0.0022194461550449,0.0019183716375387,46.10196078431373,38.55686274509804,31.0,30.0,0.5281467425679949,0.3613071895424837,0.0007890845705437,0.0005398157472453,-0.0002491033078549,0.0007887734069929,0.0005396700991379,16.372549019607842,10.83921568627451,1.454901960784314,1.2852287581699346,0.0021737153642692,0.0019202128896222,-0.0002529846255459,0.0021713562630847,0.0019183716375387,45.10196078431373,38.55686274509804,29.019645793801388,28.255202614379083,0.0433571825648185,0.0422150562023485,-0.001095264364777,0.0424435743110209,0.0413483099462439,899.609019607843,847.6560784313725,1.454901960784314,1.2852287581699346,0.0021737153642692,0.0019202128896222,-0.0002529846255459,0.0021713562630847,0.0019183716375387,45.10196078431373,38.55686274509804,669315.7644737936,16.372549019607842,9.83921568627451,43.10196078431373,36.58039215686274,29.484791392956193,28.98055724415852,,303,303,Taliban,303,2022-05,2022-05-01,2022,5,28.0,Afghanistan; Pakistan,ged_rolling_24m,2,1.0986122886681098,False,True,221.0,203.0,5.402677381872279,5.318119993844216,204.0,204.0,204.0,1.0,136.0,191.0,96.0,155.0,85.0,0.0,83.0,9.0,0.0,0.0,13.0,1.0,4.0,94.0,0.0,0.0,0.6666666666666666,4.919980925828125,0.9362745098039216,5.2574953720277815,0.4705882352941176,4.574710978503383,0.7598039215686274,5.049856007249537,0.4166666666666667,4.454347296253507,0.0,0.0,0.4068627450980392,4.430816798843313,0.0441176470588235,2.302585092994046,0.0,0.0,0.0,0.0,0.0637254901960784,2.6390573296152584,0.0049019607843137,0.6931471805599453,0.0196078431372549,1.6094379124341005,0.4607843137254901,4.553876891600541,0.0,0.0,0.0,0.0,5.3230099791384085
303,2022-06,2022-07,12,1562,34,0.0,1.2852287581699346,0.0,0.0019729660312061,0.0,-0.0019710222899298,0.0019710222899298,0.0,38.55686274509804,0.0,30.0,31.0,0.3613071895424837,0.0,0.0005546458614985,0.0,-0.0005544921023345,0.0005544921023345,0.0,10.83921568627451,0.0,1.2852287581699346,0.0,0.0019729660312061,0.0,-0.0019710222899298,0.0019710222899298,0.0,38.55686274509804,0.0,28.255202614379083,0.0,0.0433748113778555,0.0,-0.0424604704079691,0.0424604704079691,0.0,847.6560784313725,0.0,1.2852287581699346,0.0,0.0019729660312061,0.0,-0.0019710222899298,0.0019710222899298,0.0,38.55686274509804,0.0,651419.6077589041,9.83921568627451,0.0,36.58039215686274,0.0,28.978680706407765,25.00278046862589,,303,303,Taliban,303,2022-06,2022-06-01,2022,6,29.0,Afghanistan; Pakistan,ged_rolling_24m,2,1.0986122886681098,False,True,203.0,144.0,5.318119993844216,4.976733742420574,224.0,224.0,224.0,1.0,155.0,204.0,131.0,187.0,89.0,0.0,98.0,31.0,0.0,0.0,20.0,0.0,6.0,68.0,1.0,0.0,0.6919642857142857,5.049856007249537,0.9107142857142856,5.3230099791384085,0.5848214285714286,4.882801922586371,0.8348214285714286,5.236441962829949,0.3973214285714285,4.499809670330265,0.0,0.0,0.4375,4.59511985013459,0.1383928571428571,3.4657359027997265,0.0,0.0,0.0,0.0,0.0892857142857142,3.044522437723423,0.0,0.0,0.0267857142857142,1.9459101490553132,0.3035714285714285,4.23410650459726,0.0044642857142857,0.6931471805599453,0.0,0.0,5.41610040220442
303,2022-07,2022-08,12,777,33,1.0,0.0,0.2580645161290322,0.0,0.0004059856462107,0.0004059032563368,0.0,0.0004059032563368,0.0,8.0,31.0,31.0,0.0,0.0,0.0,0.0,0.0,0.0,0.0,0.0,0.0,0.0,0.2580645161290322,0.0,0.0004059856462107,0.0004059032563368,0.0,0.0004059032563368,0.0,8.0,0.0,5.348387096774194,0.0,0.0084140525177168,0.0083788516943843,0.0,0.0083788516943843,0.0,165.8,0.0,0.2580645161290322,0.0,0.0004059856462107,0.0004059032563368,0.0,0.0004059032563368,0.0,8.0,635649.3598670166,0.0,0.0,0.0,8.0,24.99410512947566,18.598477420336938,,303,303,Taliban,303,2022-07,2022-07-01,2022,7,30.0,Afghanistan; Pakistan,ged_rolling_24m,2,1.0986122886681098,False,True,144.0,119.0,4.976733742420574,4.787491742782046,157.0,157.0,157.0,1.0,97.0,141.0,87.0,117.0,64.0,0.0,47.0,28.0,1.0,0.0,15.0,1.0,3.0,59.0,3.0,0.0,0.6178343949044586,4.584967478670572,0.8980891719745223,4.955827057601261,0.554140127388535,4.477336814478207,0.7452229299363057,4.770684624465665,0.4076433121019108,4.174387269895637,0.0,0.0,0.2993630573248407,3.871201010907891,0.1783439490445859,3.367295829986474,0.0063694267515923,0.6931471805599453,0.0,0.0,0.0955414012738853,2.772588722239781,0.0063694267515923,0.6931471805599453,0.019108280254777,1.3862943611198906,0.375796178343949,4.0943445622221,0.019108280254777,1.3862943611198906,0.0,0.0,5.062595033026967
303,2022-08,2022-09,12,375,27,0.0,0.2580645161290322,0.0333333333333333,0.0004707375121528,6.08035953197397e-05,-0.0004098250031526,0.0004706267500087,6.0801746856118165e-05,8.0,1.0,31.0,30.0,0.0,0.0,0.0,0.0,0.0,0.0,0.0,0.0,0.0,0.2580645161290322,0.0333333333333333,0.0004707375121528,6.08035953197397e-05,-0.0004098250031526,0.0004706267500087,6.0801746856118165e-05,8.0,1.0,5.348387096774194,0.4833333333333333,0.0097560349393672,0.0008816521321362,-0.0088274884052069,0.0097087521103903,0.0008812637051833,165.8,14.5,0.2580645161290322,0.0333333333333333,0.0004707375121528,6.08035953197397e-05,-0.0004098250031526,0.0004706267500087,6.0801746856118165e-05,8.0,1.0,548213.1962435414,0.0,0.0,8.0,1.0,18.711174199459663,29.83900783889973,,303,303,Taliban,303,2022-08,2022-08-01,2022,8,31.0,Afghanistan; Pakistan,ged_rolling_24m,2,1.0986122886681098,False,True,119.0,390.0,4.787491742782046,5.968707559985366,504.0,504.0,504.0,1.0,363.0,473.0,327.0,423.0,319.0,1.0,209.0,59.0,0.0,0.0,28.0,2.0,4.0,199.0,1.0,1.0,0.7202380952380952,5.8971538676367405,0.9384920634920636,6.161207321695077,0.6488095238095238,5.793013608384144,0.8392857142857143,6.049733455231958,0.6329365079365079,5.768320995793772,0.0019841269841269,0.6931471805599453,0.4146825396825397,5.3471075307174685,0.117063492063492,4.0943445622221,0.0,0.0,0.0,0.0,0.0555555555555555,3.367295829986474,0.0039682539682539,1.0986122886681098,0.0079365079365079,1.6094379124341005,0.3948412698412698,5.298317366548036,0.0019841269841269,0.6931471805599453,0.0019841269841269,0.6931471805599453,6.22455842927536
303,2022-09,2022-10,12,387,27,1.0,0.0333333333333333,0.0294750158127767,6.08035953197397e-05,5.376560800569013e-05,-7.0375841688746305e-06,6.0801746856118165e-05,5.3764162687243535e-05,1.0,0.9137254901960784,30.0,31.0,0.0,0.0123972169512966,0.0,2.2613860877929752e-05,2.261360518837649e-05,0.0,2.261360518837649e-05,0.0,0.3843137254901961,0.0333333333333333,0.0294750158127767,6.08035953197397e-05,5.376560800569013e-05,-7.0375841688746305e-06,6.0801746856118165e-05,5.3764162687243535e-05,1.0,0.9137254901960784,0.4833333333333333,0.6883870967741935,0.0008816521321362,0.0012556923136676,0.0003736408862466,0.0008812637051833,0.0012549045914299,14.5,21.34,0.0333333333333333,0.0294750158127767,6.08035953197397e-05,5.376560800569013e-05,-7.0375841688746305e-06,6.0801746856118165e-05,5.3764162687243535e-05,1.0,0.9137254901960784,548213.1962435414,0.0,0.3843137254901961,1.0,0.9137254901960784,29.83900783889973,30.012831178689655,,303,303,Taliban,303,2022-09,2022-09-01,2022,9,32.0,Afghanistan; Pakistan,ged_rolling_24m,2,1.0986122886681098,False,True,390.0,145.0,5.968707559985366,4.983606621708336,279.0,279.0,279.0,1.0,208.0,253.0,178.0,231.0,163.0,1.0,128.0,41.0,1.0,0.0,23.0,0.0,0.0,76.0,7.0,2.0,0.7455197132616488,5.342334251964811,0.906810035842294,5.537334267018537,0.6379928315412187,5.187385805840755,0.8279569892473119,5.44673737166631,0.5842293906810035,5.099866427824199,0.003584229390681,0.6931471805599453,0.4587813620071684,4.859812404361672,0.1469534050179211,3.737669618283368,0.003584229390681,0.6931471805599453,0.0,0.0,0.082437275985663,3.1780538303479458,0.0,0.0,0.0,0.0,0.2724014336917563,4.343805421853684,0.025089605734767,2.0794415416798357,0.007168458781362,1.0986122886681098,5.634789603169249
303,2022-10,2022-11,12,398,27,0.0,0.0294750158127767,0.0980392156862745,5.545254315100358e-05,0.0001844451542576,0.0001289771406258,5.5451005715656296e-05,0.0001844281463414,0.9137254901960784,2.9411764705882355,31.0,30.0,0.0123972169512966,0.0,2.3323387248061593e-05,0.0,-2.332311526200817e-05,2.332311526200817e-05,0.0,0.3843137254901961,0.0,0.0294750158127767,0.0980392156862745,5.545254315100358e-05,0.0001844451542576,0.0001289771406258,5.5451005715656296e-05,0.0001844281463414,0.9137254901960784,2.9411764705882355,0.6883870967741935,0.6618039215686273,0.0012950905753854,0.0012450785693007,-4.9948567190475105e-05,0.0012942526689513,0.0012443041017608,21.34,19.85411764705882,0.0294750158127767,0.0980392156862745,5.545254315100358e-05,0.0001844451542576,0.0001289771406258,5.5451005715656296e-05,0.0001844281463414,0.9137254901960784,2.9411764705882355,531535.8708168335,0.3843137254901961,0.0,0.9137254901960784,2.9411764705882355,29.978311465733192,25.87298803946229,,303,303,Taliban,303,2022-10,2022-10-01,2022,10,33.0,Afghanistan; Pakistan,ged_rolling_24m,2,1.0986122886681098,False,True,145.0,113.0,4.983606621708336,4.736198448394496,201.0,201.0,201.0,1.0,158.0,191.0,132.0,164.0,100.0,0.0,88.0,28.0,0.0,0.0,10.0,1.0,3.0,66.0,5.0,0.0,0.7860696517412935,5.0689042022202315,0.9502487562189056,5.2574953720277815,0.6567164179104478,4.890349128221754,0.8159203980099502,5.10594547390058,0.4975124378109453,4.61512051684126,0.0,0.0,0.4378109452736318,4.48863636973214,0.1393034825870646,3.367295829986474,0.0,0.0,0.0,0.0,0.0497512437810945,2.3978952727983707,0.0049751243781094,0.6931471805599453,0.0149253731343283,1.3862943611198906,0.3283582089552239,4.204692619390966,0.0248756218905472,1.791759469228055,0.0,0.0,5.308267697401205
303,2022-11,2022-12,12,387,27,1.0,0.0980392156862745,0.0173308032890575,0.0001841392318342,3.2551064208111396e-05,-0.0001515717458531,0.0001841222802868,3.255053443368098e-05,2.9411764705882355,0.5372549019607843,30.0,31.0,0.0,0.0,0.0,0.0,0.0,0.0,0.0,0.0,0.0,0.0980392156862745,0.0173308032890575,0.0001841392318342,3.2551064208111396e-05,-0.0001515717458531,0.0001841222802868,3.255053443368098e-05,2.9411764705882355,0.5372549019607843,0.6618039215686274,0.1490449082858949,0.0012430134705736,0.0002799391521897,-0.0009623415923832,0.0012422415689195,0.0002798999765362,19.854117647058825,4.620392156862744,0.0980392156862745,0.0173308032890575,0.0001841392318342,3.2551064208111396e-05,-0.0001515717458531,0.0001841222802868,3.255053443368098e-05,2.9411764705882355,0.5372549019607843,532418.9457602709,0.0,0.0,2.9411764705882355,0.5372549019607843,25.880711950599895,24.992952270274458,,303,303,Taliban,303,2022-11,2022-11-01,2022,11,34.0,Afghanistan; Pakistan,ged_rolling_24m,2,1.0986122886681098,False,True,113.0,196.0,4.736198448394496,5.2832037287379885,155.0,155.0,155.0,1.0,103.0,143.0,95.0,126.0,66.0,0.0,52.0,22.0,1.0,0.0,12.0,0.0,3.0,65.0,0.0,0.0,0.6645161290322581,4.6443908991413725,0.9225806451612903,4.969813299576001,0.6129032258064516,4.564348191467836,0.8129032258064516,4.844187086458591,0.4258064516129032,4.204692619390966,0.0,0.0,0.3354838709677419,3.970291913552122,0.1419354838709677,3.1354942159291497,0.0064516129032258,0.6931471805599453,0.0,0.0,0.0774193548387096,2.5649493574615367,0.0,0.0,0.0193548387096774,1.3862943611198906,0.4193548387096774,4.189654742026425,0.0,0.0,0.0,0.0,5.049856007249537
303,2022-12,2023-01,12,399,29,0.0,0.2753953194180898,1.0025300442757747,0.0003076561153971,0.0011199700112642,0.0008117345137709,0.000307608798959,0.0011193433127299,8.537254901960784,31.07843137254902,31.0,31.0,0.032258064516129,0.064516129032258,3.603688995235169e-05,7.207377990470339e-05,3.603494207538764e-05,3.603624063923182e-05,7.207118271461946e-05,1.0,2.0,0.2753953194180898,1.0025300442757747,0.0003076561153971,0.0011199700112642,0.0008117345137709,0.000307608798959,0.0011193433127299,8.537254901960784,31.07843137254902,2.674851359898798,11.751043643263758,0.0029881930469627,0.0131276030645249,0.0100584455740258,0.0029837372723892,0.013042182846415,82.92039215686276,364.2823529411765,0.2753953194180898,1.0025300442757747,0.0003076561153971,0.0011199700112642,0.0008117345137709,0.000307608798959,0.0011193433127299,8.537254901960784,31.07843137254902,895140.0789241508,1.0,2.0,8.537254901960784,31.07843137254902,27.107149530871965,22.505199744128948,,303,303,Taliban,303,2022-12,2022-12-01,2022,12,35.0,Afghanistan; Pakistan,ged_rolling_24m,2,1.0986122886681098,False,True,196.0,217.0,5.2832037287379885,5.384495062789089,280.0,280.0,280.0,1.0,224.0,265.0,176.0,232.0,136.0,0.0,119.0,21.0,1.0,0.0,15.0,2.0,3.0,116.0,3.0,0.0,0.8,5.41610040220442,0.9464285714285714,5.583496308781699,0.6285714285714286,5.176149732573829,0.8285714285714286,5.4510384535657,0.4857142857142857,4.919980925828125,0.0,0.0,0.425,4.787491742782046,0.075,3.091042453358316,0.0035714285714285,0.6931471805599453,0.0,0.0,0.0535714285714285,2.772588722239781,0.0071428571428571,1.0986122886681098,0.0107142857142857,1.3862943611198906,0.4142857142857143,4.762173934797756,0.0107142857142857,1.3862943611198906,0.0,0.0,5.638354669333745
303,2023-01,2023-02,12,410,32,1.0,1.0025300442757747,2.8523809523809525,0.0010394204336429,0.0029573408431667,0.0019140959028988,0.0010388806102604,0.0029529765131592,31.07843137254902,79.86666666666667,31.0,28.0,0.064516129032258,0.7974789915966386,6.689014778017418e-05,0.0008268240577919,0.0007595945163459,6.688791073409611e-05,0.00082648242708,2.0,22.32941176470588,1.0025300442757747,2.730952380952381,0.0010394204336429,0.0028314440293091,0.0017885624320043,0.0010388806102604,0.0028274430422648,31.07843137254902,76.46666666666667,11.751043643263756,50.65456582633053,0.0121834502109724,0.052518516604889,0.039076050044421,0.0121098293489902,0.0511858793934113,364.2823529411765,1418.3278431372548,1.0025300442757747,2.730952380952381,0.0010394204336429,0.0028314440293091,0.0017885624320043,0.0010388806102604,0.0028274430422648,31.07843137254902,76.46666666666667,964508.6933322672,2.0,22.32941176470588,31.07843137254902,76.46666666666667,22.34771760333889,21.12495167310434,,303,303,Taliban,303,2023-01,2023-01-01,2023,1,36.0,Afghanistan; Pakistan,ged_rolling_24m,2,1.0986122886681098,False,True,217.0,94.0,5.384495062789089,4.553876891600541,518.0,518.0,518.0,1.0,248.0,418.0,306.0,416.0,194.0,0.0,115.0,29.0,1.0,0.0,97.0,1.0,4.0,265.0,5.0,1.0,0.4787644787644787,5.517452896464707,0.806949806949807,6.037870919922137,0.5907335907335908,5.726847747587197,0.803088803088803,6.0330862217988015,0.3745173745173745,5.272999558563747,0.0,0.0,0.222007722007722,4.7535901911063645,0.0559845559845559,3.4011973816621555,0.0019305019305019,0.6931471805599453,0.0,0.0,0.1872586872586872,4.584967478670572,0.0019305019305019,0.6931471805599453,0.0077220077220077,1.6094379124341005,0.5115830115830116,5.583496308781699,0.0096525096525096,1.791759469228055,0.0019305019305019,0.6931471805599453,6.251903883165888
303,2023-02,2023-03,12,416,32,0.0,2.8523809523809525,1.464389626818469,0.0029573408431667,0.0015182751974574,-0.0014358527301941,0.0029529765131592,0.0015171237829651,79.86666666666667,45.396078431372544,28.0,31.0,0.7974789915966386,0.2537634408602151,0.0008268240577919,0.0002631012479353,-0.0005634157842085,0.00082648242708,0.0002630666428715,22.32941176470588,7.866666666666667,2.730952380952381,1.2750158127767235,0.0028314440293091,0.0013219329401497,-0.001506383086198,0.0028274430422648,0.0013210599560668,76.46666666666667,39.52549019607843,50.65456582633053,19.505629348513597,0.052518516604889,0.0202233836598443,-0.0311642724869338,0.0511858793934113,0.0200216069064774,1418.3278431372548,604.6745098039215,2.730952380952381,1.2750158127767235,0.0028314440293091,0.0013219329401497,-0.001506383086198,0.0028274430422648,0.0013210599560668,76.46666666666667,39.52549019607843,964508.6933322672,22.32941176470588,7.866666666666667,76.46666666666667,38.58039215686275,21.12495167310434,26.4409564032552,,303,303,Taliban,303,2023-02,2023-02-01,2023,2,37.0,Afghanistan; Pakistan,ged_rolling_24m,2,1.0986122886681098,False,True,94.0,108.0,4.553876891600541,4.6913478822291435,197.0,197.0,197.0,1.0,137.0,183.0,123.0,144.0,92.0,0.0,80.0,7.0,1.0,0.0,14.0,1.0,3.0,91.0,0.0,0.0,0.6954314720812182,4.927253685157205,0.9289340101522844,5.214935757608986,0.6243654822335025,4.820281565605037,0.7309644670050761,4.976733742420574,0.467005076142132,4.532599493153256,0.0,0.0,0.4060913705583756,4.394449154672439,0.0355329949238578,2.0794415416798357,0.0050761421319796,0.6931471805599453,0.0,0.0,0.0710659898477157,2.70805020110221,0.0050761421319796,0.6931471805599453,0.015228426395939,1.3862943611198906,0.4619289340101523,4.5217885770490405,0.0,0.0,0.0,0.0,5.288267030694535
303,2023-03,2023-04,12,417,33,1.0,1.464389626818469,0.5394771241830065,0.0015009959228782,0.0005529627833024,-0.0009470605987541,0.0014998705544728,0.0005528099557187,45.396078431372544,16.184313725490195,31.0,30.0,0.2537634408602151,0.2333333333333333,0.0002601069299666,0.0002391661178083,-2.0935585872192095e-05,0.0002600731080238,0.0002391375221516,7.866666666666667,7.0,1.2750158127767235,0.5394771241830065,0.00130688820894,0.0005529627833024,-0.0007532250181336,0.0013060349738523,0.0005528099557187,39.52549019607843,16.184313725490195,19.505629348513597,22.5659477124183,0.0199932242001074,0.0231300433244755,0.003070614131704,0.0197959843330442,0.0228665984647482,604.6745098039215,676.978431372549,1.2750158127767235,0.5394771241830065,0.00130688820894,0.0005529627833024,-0.0007532250181336,0.0013060349738523,0.0005528099557187,39.52549019607843,16.184313725490195,975611.9950082283,7.866666666666667,7.0,38.58039215686275,16.184313725490195,26.46223543466023,27.21243575691473,,303,303,Taliban,303,2023-03,2023-03-01,2023,3,38.0,Afghanistan; Pakistan,ged_rolling_24m,2,1.0986122886681098,False,True,108.0,122.0,4.6913478822291435,4.812184355372417,247.0,247.0,247.0,1.0,168.0,224.0,150.0,187.0,129.0,0.0,107.0,12.0,1.0,0.0,23.0,0.0,3.0,97.0,4.0,0.0,0.680161943319838,5.1298987149230735,0.9068825910931174,5.41610040220442,0.6072874493927125,5.017279836814924,0.757085020242915,5.236441962829949,0.5222672064777328,4.867534450455582,0.0,0.0,0.4331983805668016,4.68213122712422,0.048582995951417,2.5649493574615367,0.0040485829959514,0.6931471805599453,0.0,0.0,0.0931174089068826,3.1780538303479458,0.0,0.0,0.0121457489878542,1.3862943611198906,0.3927125506072874,4.584967478670572,0.0161943319838056,1.6094379124341005,0.0,0.0,5.5134287461649825
303,2023-04,2023-05,12,393,33,0.0,0.5394771241830065,1.07235926628716,0.0005529627833024,0.001099165725487,0.0005457521294159,0.0005528099557184,0.0010985620851343,16.184313725490195,33.24313725490196,30.0,31.0,0.2333333333333333,0.2704617330803289,0.0002391661178082,0.0002772226402136,3.804669896618302e-05,0.0002391375221516,0.0002771842211178,7.0,8.384313725490196,0.5394771241830065,1.07235926628716,0.0005529627833024,0.001099165725487,0.0005457521294159,0.0005528099557184,0.0010985620851343,16.184313725490195,33.24313725490196,22.5659477124183,24.40094876660342,0.0231300433244737,0.0250109150886318,0.0018366629358841,0.0228665984647465,0.0247032614006307,676.978431372549,756.4294117647061,0.5394771241830065,1.07235926628716,0.0005529627833024,0.001099165725487,0.0005457521294159,0.0005528099557184,0.0010985620851343,16.184313725490195,33.24313725490196,975611.9950083034,7.0,8.384313725490196,16.184313725490195,33.24313725490196,27.21243575691473,29.20896851436155,,303,303,Taliban,303,2023-04,2023-04-01,2023,4,39.0,Afghanistan; Pakistan,ged_rolling_24m,2,1.0986122886681098,False,True,122.0,91.0,4.812184355372417,4.5217885770490405,358.0,358.0,358.0,1.0,266.0,327.0,223.0,287.0,166.0,0.0,139.0,15.0,1.0,0.0,30.0,3.0,3.0,165.0,2.0,0.0,0.7430167597765364,5.58724865840025,0.9134078212290504,5.793013608384144,0.6229050279329609,5.41164605185504,0.8016759776536313,5.662960480135946,0.4636871508379888,5.117993812416755,0.0,0.0,0.388268156424581,4.941642422609304,0.0418994413407821,2.772588722239781,0.0027932960893854,0.6931471805599453,0.0,0.0,0.0837988826815642,3.4339872044851463,0.0083798882681564,1.3862943611198906,0.0083798882681564,1.3862943611198906,0.4608938547486033,5.111987788356544,0.0055865921787709,1.0986122886681098,0.0,0.0,5.883322388488279
303,2023-05,2023-06,12,350,34,1.0,1.07235926628716,1.7054901960784314,0.0010891310987938,0.0017321642751951,0.0006421273829885,0.0010885384258121,0.0017306658088006,33.24313725490196,51.16470588235294,31.0,30.0,0.2704617330803289,0.5333333333333333,0.0002746917882766,0.000541674733103,0.0002668740129061,0.000274654067395,0.0005415280803011,8.384313725490196,16.0,1.07235926628716,1.6388235294117648,0.0010891310987938,0.0016644549335572,0.0005745328377902,0.0010885384258121,0.0016630712636023,33.24313725490196,49.16470588235294,24.40094876660342,31.678549019607846,0.0247825826448979,0.0321740054724177,0.0071867872020752,0.0244804755981283,0.0316672628002035,756.4294117647061,950.3564705882354,1.07235926628716,1.6388235294117648,0.0010891310987938,0.0016644549335572,0.0005745328377902,0.0010885384258121,0.0016630712636023,33.24313725490196,49.16470588235294,984600.7220569836,8.384313725490196,16.0,33.24313725490196,48.16470588235294,29.112976400984376,29.615494942416408,,303,303,Taliban,303,2023-05,2023-05-01,2023,5,40.0,Afghanistan,ged_rolling_24m,1,0.6931471805599453,False,True,18.0,45.0,2.9444389791664403,3.828641396489095,289.0,289.0,289.0,1.0,197.0,257.0,174.0,218.0,128.0,0.0,129.0,20.0,2.0,0.0,28.0,2.0,5.0,102.0,1.0,0.0,0.6816608996539792,5.288267030694535,0.889273356401384,5.552959584921617,0.6020761245674741,5.1647859739235145,0.754325259515571,5.389071729816501,0.4429065743944637,4.859812404361672,0.0,0.0,0.4463667820069204,4.867534450455582,0.0692041522491349,3.044522437723423,0.0069204152249134,1.0986122886681098,0.0,0.0,0.0968858131487889,3.367295829986474,0.0069204152249134,1.0986122886681098,0.0173010380622837,1.791759469228055,0.3529411764705882,4.634728988229636,0.0034602076124567,0.6931471805599453,0.0,0.0,5.66988092298052
303,2023-06,2023-07,12,313,33,0.0,1.7054901960784314,0.1290322580645161,0.001759420417762,0.0001331124564132,-0.0016247708529941,0.0017578744507304,0.0001331035977363,51.16470588235294,4.0,30.0,31.0,0.5333333333333333,0.0,0.0005501981531746,0.0,-0.0005500468496661,0.0005500468496661,0.0,16.0,0.0,1.6388235294117648,0.1290322580645161,0.0016906456486152,0.0001331124564132,-0.0015561145182656,0.001689218116002,0.0001331035977363,49.16470588235294,4.0,31.678549019607846,1.1451612903225807,0.0326802734359501,0.0011813730506672,-0.030976953803238,0.0321576295818679,0.0011806757786298,950.3564705882354,35.5,1.6388235294117648,0.1290322580645161,0.0016906456486152,0.0001331124564132,-0.0015561145182656,0.001689218116002,0.0001331035977363,49.16470588235294,4.0,969347.7345498482,16.0,0.0,48.16470588235294,4.0,29.61042668465886,28.488523011832697,,303,303,Taliban,303,2023-06,2023-06-01,2023,6,41.0,Afghanistan,ged_rolling_24m,1,0.6931471805599453,False,True,45.0,15.0,3.828641396489095,2.772588722239781,222.0,222.0,222.0,1.0,131.0,203.0,149.0,175.0,106.0,0.0,70.0,33.0,1.0,0.0,19.0,0.0,2.0,95.0,2.0,0.0,0.5900900900900901,4.882801922586371,0.9144144144144144,5.318119993844216,0.6711711711711712,5.0106352940962555,0.7882882882882883,5.170483995038151,0.4774774774774775,4.672828834461906,0.0,0.0,0.3153153153153153,4.2626798770413155,0.1486486486486486,3.5263605246161616,0.0045045045045045,0.6931471805599453,0.0,0.0,0.0855855855855855,2.995732273553991,0.0,0.0,0.009009009009009,1.0986122886681098,0.4279279279279279,4.564348191467836,0.009009009009009,1.0986122886681098,0.0,0.0,5.407171771460119
303,2023-07,2023-08,12,286,33,1.0,0.1290322580645161,0.3548387096774194,0.0001331124564132,0.0003660592551363,0.000232888674057,0.0001331035977363,0.0003659922717933,4.0,11.0,31.0,31.0,0.0,0.1612903225806451,0.0,0.0001663905705165,0.0001663767291408,0.0,0.0001663767291408,0.0,5.0,0.1290322580645161,0.3548387096774194,0.0001331124564132,0.0003660592551363,0.000232888674057,0.0001331035977363,0.0003659922717933,4.0,11.0,1.1451612903225807,6.796774193548388,0.0011813730506672,0.0070116986415661,0.0058065552106386,0.0011806757786298,0.0069872309892684,35.5,210.7,0.1290322580645161,0.3548387096774194,0.0001331124564132,0.0003660592551363,0.000232888674057,0.0001331035977363,0.0003659922717933,4.0,11.0,969347.7345498482,0.0,5.0,4.0,11.0,28.488523011832697,30.786093900018734,,303,303,Taliban,303,2023-07,2023-07-01,2023,7,42.0,Afghanistan,ged_rolling_24m,1,0.6931471805599453,False,True,15.0,27.0,2.772588722239781,3.332204510175204,204.0,204.0,204.0,1.0,105.0,177.0,112.0,143.0,81.0,0.0,47.0,22.0,1.0,0.0,26.0,0.0,3.0,101.0,3.0,1.0,0.5147058823529411,4.663439094112067,0.8676470588235294,5.181783550292085,0.5490196078431373,4.727387818712341,0.7009803921568627,4.969813299576001,0.3970588235294117,4.406719247264253,0.0,0.0,0.230392156862745,3.871201010907891,0.1078431372549019,3.1354942159291497,0.0049019607843137,0.6931471805599453,0.0,0.0,0.1274509803921568,3.295836866004329,0.0,0.0,0.0147058823529411,1.3862943611198906,0.4950980392156863,4.624972813284271,0.0147058823529411,1.3862943611198906,0.0049019607843137,0.6931471805599453,5.3230099791384085
303,2023-08,2023-09,12,269,33,0.0,0.3548387096774194,1.5205228758169935,0.0003660592551363,0.0015686041465017,0.0012013829002392,0.0003659922717933,0.0015673751720326,11.0,45.615686274509805,31.0,30.0,0.1612903225806451,0.6,0.0001663905705165,0.0006189729223214,0.000452404708453,0.0001663767291408,0.0006187814375939,5.0,18.0,0.3548387096774194,1.5205228758169935,0.0003660592551363,0.0015686041465017,0.0012013829002392,0.0003659922717933,0.0015673751720326,11.0,45.615686274509805,6.796774193548388,51.57317647058824,0.0070116986415661,0.053203999589,0.0448497152024064,0.0069872309892684,0.0518369461916749,210.7,1547.195294117647,0.3548387096774194,1.5205228758169935,0.0003660592551363,0.0015686041465017,0.0012013829002392,0.0003659922717933,0.0015673751720326,11.0,45.615686274509805,969347.7345498482,5.0,18.0,11.0,45.615686274509805,30.786093900018734,29.713275836583144,,303,303,Taliban,303,2023-08,2023-08-01,2023,8,43.0,Afghanistan,ged_rolling_24m,1,0.6931471805599453,False,True,27.0,13.0,3.332204510175204,2.6390573296152584,243.0,243.0,243.0,1.0,127.0,220.0,138.0,185.0,95.0,0.0,53.0,29.0,0.0,0.0,21.0,2.0,1.0,134.0,2.0,1.0,0.522633744855967,4.852030263919617,0.9053497942386832,5.3981627015177525,0.5679012345679012,4.9344739331306915,0.7613168724279835,5.225746673713202,0.3909465020576131,4.564348191467836,0.0,0.0,0.2181069958847736,3.9889840465642745,0.1193415637860082,3.4011973816621555,0.0,0.0,0.0,0.0,0.0864197530864197,3.091042453358316,0.0082304526748971,1.0986122886681098,0.0041152263374485,0.6931471805599453,0.551440329218107,4.90527477843843,0.0082304526748971,1.0986122886681098,0.0041152263374485,0.6931471805599453,5.497168225293202
303,2023-09,2023-10,12,225,32,1.0,1.5205228758169935,1.6475648323845669,0.0016026764413245,0.0017365824509537,0.0001336828090742,0.001601393525986,0.0017350763350602,45.615686274509805,51.07450980392157,30.0,31.0,0.6,0.5806451612903226,0.0006324178873521,0.0006120173103407,-2.038789130718005e-05,0.0006322179954322,0.000611830104125,18.0,18.0,1.5205228758169935,1.6475648323845669,0.0016026764413245,0.0017365824509537,0.0001336828090742,0.001601393525986,0.0017350763350602,45.615686274509805,51.07450980392157,51.57317647058824,26.149981024667927,0.0543596655126112,0.0275628595898635,-0.0257437878038626,0.0529336305372779,0.0271898427334152,1547.195294117647,810.6494117647057,1.5205228758169935,1.6475648323845669,0.0016026764413245,0.0017365824509537,0.0001336828090742,0.001601393525986,0.0017350763350602,45.615686274509805,51.07450980392157,948739.7684340696,18.0,18.0,45.615686274509805,49.07450980392157,29.706832766012138,30.178709965320955,,303,303,Taliban,303,2023-09,2023-09-01,2023,9,44.0,Afghanistan; Pakistan,ucdp_actor_metadata_fallback,2,1.0986122886681098,False,True,162.0,169.0,5.093750200806762,5.135798437050262,204.0,204.0,204.0,1.0,133.0,187.0,96.0,141.0,74.0,0.0,63.0,23.0,3.0,0.0,16.0,1.0,4.0,92.0,1.0,1.0,0.6519607843137255,4.897839799950911,0.9166666666666666,5.236441962829949,0.4705882352941176,4.574710978503383,0.6911764705882353,4.955827057601261,0.3627450980392157,4.31748811353631,0.0,0.0,0.3088235294117647,4.1588830833596715,0.1127450980392156,3.1780538303479458,0.0147058823529411,1.3862943611198906,0.0,0.0,0.0784313725490196,2.833213344056216,0.0049019607843137,0.6931471805599453,0.0196078431372549,1.6094379124341005,0.4509803921568627,4.532599493153256,0.0049019607843137,0.6931471805599453,0.0049019607843137,0.6931471805599453,5.3230099791384085
303,2023-10,2023-11,12,198,30,0.0,1.6475648323845666,0.7087581699346405,0.0017892952438809,0.0007697285093724,-0.0010182639417972,0.0017876963621096,0.0007694324203123,51.074509803921565,21.262745098039215,31.0,30.0,0.5806451612903226,0.3,0.0006305946843837,0.0003258072535982,-0.0003046417531609,0.0006303959431014,0.0003257541899404,18.0,9.0,1.6475648323845666,0.7087581699346405,0.0017892952438809,0.0007697285093724,-0.0010182639417972,0.0017876963621096,0.0007694324203123,51.074509803921565,21.262745098039215,26.149981024667927,12.454091503267971,0.0283995116643116,0.0135254444958035,-0.0145689293941563,0.0280037215595348,0.0134347921653785,810.6494117647057,373.6227450980392,1.6475648323845666,0.7087581699346405,0.0017892952438809,0.0007697285093724,-0.0010182639417972,0.0017876963621096,0.0007694324203123,51.074509803921565,21.262745098039215,920789.8126477088,18.0,9.0,49.074509803921565,21.262745098039215,30.164501675554813,26.989812187688575,,303,303,Taliban,303,2023-10,2023-10-01,2023,10,45.0,Afghanistan; Pakistan,ucdp_actor_metadata_fallback,2,1.0986122886681098,False,True,169.0,158.0,5.135798437050262,5.0689042022202315,143.0,143.0,143.0,1.0,66.0,117.0,82.0,105.0,49.0,1.0,22.0,25.0,3.0,0.0,24.0,1.0,1.0,66.0,0.0,0.0,0.4615384615384615,4.204692619390966,0.8181818181818182,4.770684624465665,0.5734265734265734,4.418840607796598,0.7342657342657343,4.663439094112067,0.3426573426573426,3.912023005428146,0.0069930069930069,0.6931471805599453,0.1538461538461538,3.1354942159291497,0.1748251748251748,3.258096538021482,0.0209790209790209,1.3862943611198906,0.0,0.0,0.1678321678321678,3.218875824868201,0.0069930069930069,0.6931471805599453,0.0069930069930069,0.6931471805599453,0.4615384615384615,4.204692619390966,0.0,0.0,0.0,0.0,4.969813299576001
303,2023-11,2023-12,12,194,29,1.0,0.7087581699346405,3.270588235294117,0.0007741700659383,0.003572433613017,0.002792197078056,0.0007738705508667,0.0035660676289228,21.262745098039215,101.38823529411764,30.0,31.0,0.3,0.6451612903225806,0.0003276872558702,0.000704703776065,0.0003768220108237,0.0003276335781273,0.0007044555889511,9.0,20.0,0.7087581699346405,3.270588235294117,0.0007741700659383,0.003572433613017,0.002792197078056,0.0007738705508667,0.0035660676289228,21.262745098039215,101.38823529411764,12.454091503267971,55.681935483870966,0.0136034902302104,0.0608208688008504,0.0455312195377722,0.0135117934188346,0.0590430129566068,373.6227450980392,1726.14,0.7087581699346405,3.270588235294117,0.0007741700659383,0.003572433613017,0.002792197078056,0.0007738705508667,0.0035660676289228,21.262745098039215,101.38823529411764,915507.0715315464,9.0,20.0,21.262745098039215,99.38823529411764,26.988737679874284,28.499543234648907,,303,303,Taliban,303,2023-11,2023-11-01,2023,11,46.0,Afghanistan; Pakistan,ucdp_actor_metadata_fallback,2,1.0986122886681098,False,True,158.0,94.0,5.0689042022202315,4.553876891600541,1.0,1.0,1.0,1.0,0.0,0.0,0.0,0.0,0.0,0.0,0.0,0.0,0.0,0.0,1.0,0.0,0.0,0.0,0.0,0.0,0.0,0.0,0.0,0.0,0.0,0.0,0.0,0.0,0.0,0.0,0.0,0.0,0.0,0.0,0.0,0.0,0.0,0.0,0.0,0.0,1.0,0.6931471805599453,0.0,0.0,0.0,0.0,0.0,0.0,0.0,0.0,0.0,0.0,0.6931471805599453
303,2023-12,2024-01,12,181,29,0.0,3.270588235294117,3.006704617330803,0.003572433613017,0.0032841959508853,-0.0002872528708504,0.0035660676289228,0.0032788147580723,101.38823529411764,93.2078431372549,31.0,31.0,0.6451612903225806,0.4710942441492726,0.000704703776065,0.0005145719337385,-0.0001900160019507,0.0007044555889511,0.0005144395870003,20.0,14.60392156862745,3.270588235294117,2.974446552814674,0.003572433613017,0.003248960762082,-0.0003223733359064,0.0035660676289228,0.0032436942930164,101.38823529411764,92.2078431372549,55.681935483870966,35.00831119544592,0.0608208688008504,0.0382392580942938,-0.0215167556463017,0.0590430129566068,0.0375262573103051,1726.14,1085.2576470588235,3.270588235294117,2.974446552814674,0.003572433613017,0.003248960762082,-0.0003223733359064,0.0035660676289228,0.0032436942930164,101.38823529411764,92.2078431372549,915507.0715315464,20.0,14.60392156862745,99.38823529411764,85.2078431372549,28.499543234648907,26.896422602262575,,303,303,Taliban,303,2023-12,2023-12-01,2023,12,47.0,Afghanistan; Pakistan,ucdp_actor_metadata_fallback,2,1.0986122886681098,False,True,94.0,135.0,4.553876891600541,4.912654885736052,114.0,114.0,114.0,1.0,64.0,102.0,53.0,90.0,46.0,0.0,25.0,9.0,0.0,0.0,11.0,0.0,2.0,67.0,0.0,0.0,0.5614035087719298,4.174387269895637,0.8947368421052632,4.634728988229636,0.4649122807017544,3.9889840465642745,0.7894736842105263,4.51085950651685,0.4035087719298245,3.8501476017100584,0.0,0.0,0.219298245614035,3.258096538021482,0.0789473684210526,2.302585092994046,0.0,0.0,0.0,0.0,0.0964912280701754,2.4849066497880004,0.0,0.0,0.0175438596491228,1.0986122886681098,0.5877192982456141,4.219507705176107,0.0,0.0,0.0,0.0,4.74493212836325
303,2024-01,2024-02,12,178,27,1.0,3.006704617330803,7.627315753887762,0.0035436786620658,0.0089894949873345,0.005411915379447,0.0035374146269591,0.0089493300064062,93.2078431372549,221.1921568627451,31.0,29.0,0.4710942441492726,1.878025693035835,0.0005552280098255,0.0022134264659262,0.0016559065185056,0.0005550739277852,0.0022109804462908,14.60392156862745,54.462745098039214,2.974446552814674,7.57025016903313,0.0035056595582781,0.0089222379331423,0.0053831408934819,0.0034995290572639,0.0088826699507458,92.2078431372549,219.5372549019608,35.00831119544592,139.2462474645031,0.0412605231199584,0.1641145435665566,0.1115287289081844,0.0404320206855027,0.1519607495936871,1085.2576470588235,4038.14117647059,2.974446552814674,7.57025016903313,0.0035056595582781,0.0089222379331423,0.0053831408934819,0.0034995290572639,0.0088826699507458,92.2078431372549,219.5372549019608,848469.8823052926,14.60392156862745,53.462745098039214,85.2078431372549,212.5372549019608,26.884738512213367,21.51723995904715,,303,303,Taliban,303,2024-01,2024-01-01,2024,1,48.0,Afghanistan; Pakistan,ucdp_actor_metadata_fallback,2,1.0986122886681098,False,True,135.0,100.0,4.912654885736052,4.61512051684126,104.0,104.0,104.0,1.0,62.0,94.0,61.0,81.0,48.0,0.0,27.0,6.0,0.0,0.0,9.0,1.0,0.0,60.0,0.0,1.0,0.5961538461538461,4.143134726391533,0.903846153846154,4.553876891600541,0.5865384615384616,4.127134385045092,0.7788461538461539,4.406719247264253,0.4615384615384615,3.8918202981106265,0.0,0.0,0.2596153846153846,3.332204510175204,0.0576923076923076,1.9459101490553132,0.0,0.0,0.0,0.0,0.0865384615384615,2.302585092994046,0.0096153846153846,0.6931471805599453,0.0,0.0,0.5769230769230769,4.110873864173311,0.0,0.0,0.0096153846153846,0.6931471805599453,4.653960350157523
303,2024-02,2024-03,12,177,28,0.0,7.627315753887762,3.5440860215053767,0.0089338709418196,0.0041511860980315,-0.0047516063224315,0.0088942000183519,0.0041425936959204,221.1921568627451,109.86666666666667,29.0,31.0,1.878025693035835,0.7930423782416193,0.0021997305091836,0.0009288901216647,-0.001268855674003,0.002197314644213,0.00092845897021,54.462745098039214,24.5843137254902,7.57025016903313,3.415306767868438,0.0088670300522117,0.0040003470257944,-0.0048355818817591,0.0088279487944583,0.0039923669126991,219.5372549019608,105.87450980392155,139.24624746450309,64.6054901960784,0.1630990566171941,0.0756723767795459,-0.0781421104405849,0.1510880432690649,0.07294593282848,4038.1411764705895,2002.770196078431,7.57025016903313,3.415306767868438,0.0088670300522117,0.0040003470257944,-0.0048355818817591,0.0088279487944583,0.0039923669126991,219.5372549019608,105.87450980392155,853752.6234215111,53.462745098039214,24.5843137254902,212.5372549019608,105.87450980392155,21.48845746709816,23.50453759964591,,303,303,Taliban,303,2024-02,2024-02-01,2024,2,49.0,Afghanistan; Pakistan,ucdp_actor_metadata_fallback,2,1.0986122886681098,False,True,100.0,155.0,4.61512051684126,5.049856007249537,120.0,120.0,120.0,1.0,58.0,105.0,59.0,91.0,45.0,0.0,17.0,11.0,0.0,0.0,15.0,0.0,3.0,74.0,0.0,0.0,0.4833333333333333,4.07753744390572,0.875,4.663439094112067,0.4916666666666666,4.0943445622221,0.7583333333333333,4.5217885770490405,0.375,3.828641396489095,0.0,0.0,0.1416666666666666,2.8903717578961645,0.0916666666666666,2.4849066497880004,0.0,0.0,0.0,0.0,0.125,2.772588722239781,0.0,0.0,0.025,1.3862943611198906,0.6166666666666667,4.31748811353631,0.0,0.0,0.0,0.0,4.795790545596741
303,2024-03,2024-04,12,183,30,1.0,4.399240986717268,1.1816993464052288,0.0049685439515582,0.0013346223036813,-0.0036225089835499,0.0049562414705094,0.0013337324869595,136.3764705882353,35.450980392156865,31.0,30.0,1.099810246679317,0.2666666666666666,0.0012421359878895,0.0003011758295918,-0.0009402346899642,0.0012413651752201,0.0003011304852559,34.09411764705882,8.0,4.205945604048071,1.156470588235294,0.0047502343369394,0.0013061287080385,-0.003433711112297,0.0047389875762474,0.0013052764639504,130.3843137254902,34.694117647058825,77.60435167615431,22.436261437908502,0.0876470812350006,0.0253397236931279,-0.0589927265218731,0.0840167219482801,0.0250239954264069,2405.7349019607836,673.087843137255,4.205945604048071,1.156470588235294,0.0047502343369394,0.0013061287080385,-0.003433711112297,0.0047389875762474,0.0013052764639504,130.3843137254902,34.694117647058825,885418.5511104516,34.09411764705882,8.0,130.3843137254902,34.694117647058825,23.54642300957092,24.305446530235688,,303,303,Taliban,303,2024-03,2024-03-01,2024,3,50.0,Afghanistan; Pakistan,ucdp_actor_metadata_fallback,2,1.0986122886681098,False,True,155.0,136.0,5.049856007249537,4.919980925828125,244.0,244.0,244.0,1.0,167.0,227.0,173.0,207.0,141.0,0.0,117.0,7.0,0.0,0.0,16.0,2.0,0.0,102.0,0.0,0.0,0.6844262295081968,5.123963979403259,0.930327868852459,5.429345628954441,0.7090163934426229,5.159055299214529,0.8483606557377049,5.337538079701318,0.5778688524590164,4.955827057601261,0.0,0.0,0.4795081967213114,4.770684624465665,0.0286885245901639,2.0794415416798357,0.0,0.0,0.0,0.0,0.0655737704918032,2.833213344056216,0.0081967213114754,1.0986122886681098,0.0,0.0,0.4180327868852459,4.634728988229636,0.0,0.0,0.0,0.0,5.501258210544727
303,2024-04,2024-05,12,182,31,0.0,18.885490196078432,79.68247944339025,0.0173132848163795,0.0730489623067972,0.0533389762049469,0.0171651176297524,0.0705040938346994,566.564705882353,2470.156862745098,30.0,31.0,2.8666666666666667,16.547501581277672,0.0026280184394645,0.0151699323079069,0.0124314482362069,0.0026245712372252,0.0150560194734321,86.0,512.9725490196079,18.426928104575165,78.57090449082858,0.0168928977354109,0.0720299252816184,0.0528021780741466,0.0167517995594809,0.0695539776336276,552.807843137255,2435.698039215686,236.5063660130719,1193.1647564832388,0.2168173573022467,1.0938345283804165,0.5427583609663336,0.196238726573769,0.7389970875401026,7095.190980392157,36988.1074509804,18.426928104575165,78.57090449082858,0.0168928977354109,0.0720299252816184,0.0528021780741466,0.0167517995594809,0.0695539776336276,552.807843137255,2435.698039215686,1090809.1905362464,86.0,512.4156862745099,545.807843137255,2371.321568627451,24.875099295335783,27.291818845364077,,303,303,Taliban,303,2024-04,2024-04-01,2024,4,51.0,Afghanistan; Pakistan,ucdp_actor_metadata_fallback,2,1.0986122886681098,False,True,136.0,172.0,4.919980925828125,5.153291594497779,132.0,132.0,132.0,1.0,75.0,117.0,69.0,101.0,55.0,0.0,26.0,10.0,1.0,0.0,14.0,1.0,0.0,79.0,0.0,1.0,0.5681818181818182,4.330733340286331,0.8863636363636364,4.770684624465665,0.5227272727272727,4.248495242049359,0.7651515151515151,4.624972813284271,0.4166666666666667,4.02535169073515,0.0,0.0,0.1969696969696969,3.295836866004329,0.0757575757575757,2.3978952727983707,0.0075757575757575,0.6931471805599453,0.0,0.0,0.106060606060606,2.70805020110221,0.0075757575757575,0.6931471805599453,0.0,0.0,0.5984848484848485,4.382026634673881,0.0,0.0,0.0075757575757575,0.6931471805599453,4.890349128221754
303,2024-05,2024-06,12,188,31,1.0,79.68247944339025,21.690457516339865,0.0730489623067972,0.0198847403418711,-0.050814472588295,0.0705040938346994,0.0196896212464043,2470.156862745098,650.7137254901959,31.0,30.0,16.547501581277672,3.8687581699346407,0.0151699323079069,0.0035466864447967,-0.0115156076892117,0.0150560194734321,0.0035404117842203,512.9725490196079,116.06274509803922,78.57090449082858,21.191241830065355,0.0720299252816184,0.019427084052755,-0.0503131904412648,0.0695539776336276,0.0192407871923627,2435.698039215686,635.7372549019607,1193.1647564832388,305.3106013071894,1.0938345283804165,0.2798936825578976,-0.4922200735599337,0.7389970875401026,0.2467770139801688,36988.1074509804,9159.318039215685,78.57090449082858,21.191241830065355,0.0720299252816184,0.019427084052755,-0.0503131904412648,0.0695539776336276,0.0192407871923627,2435.698039215686,635.7372549019607,1090809.1905362464,512.4156862745099,115.06274509803922,2371.321568627451,613.7607843137255,27.291818845364077,26.37916753635968,,303,303,Taliban,303,2024-05,2024-05-01,2024,5,52.0,Pakistan,ged_rolling_24m,1,0.6931471805599453,False,True,125.0,82.0,4.836281906951478,4.418840607796598,179.0,179.0,179.0,1.0,128.0,161.0,134.0,161.0,85.0,1.0,91.0,21.0,1.0,0.0,17.0,0.0,4.0,40.0,4.0,0.0,0.7150837988826816,4.859812404361672,0.8994413407821229,5.087596335232384,0.7486033519553073,4.90527477843843,0.8994413407821229,5.087596335232384,0.4748603351955307,4.454347296253507,0.0055865921787709,0.6931471805599453,0.5083798882681564,4.5217885770490405,0.1173184357541899,3.091042453358316,0.0055865921787709,0.6931471805599453,0.0,0.0,0.0949720670391061,2.8903717578961645,0.0,0.0,0.0223463687150838,1.6094379124341005,0.2234636871508379,3.713572066704308,0.0223463687150838,1.6094379124341005,0.0,0.0,5.19295685089021
303,2024-06,2024-07,12,182,29,0.0,21.690457516339865,9.458570524984188,0.0213045287560741,0.0092902783442478,-0.0118333707585985,0.0210807598974545,0.009247389138856,650.713725490196,293.21568627450984,30.0,31.0,3.8687581699346407,1.0,0.0037999230592337,0.0009822074403006,-0.0028109961989993,0.0037927215891952,0.0009817253901958,116.06274509803922,31.0,21.191241830065355,9.135989879822896,0.0208141953947005,0.0089734372344734,-0.0116671244666331,0.0206005396585449,0.0089334151919117,635.7372549019607,283.2156862745098,305.31060130718936,87.37615433270085,0.2998783442065867,0.0858215088904366,-0.1799338271596687,0.262270678708932,0.0823368515492632,9159.31803921568,2708.6607843137263,21.191241830065355,9.135989879822896,0.0208141953947005,0.0089734372344734,-0.0116671244666331,0.0206005396585449,0.0089334151919117,635.7372549019607,283.2156862745098,1018114.8695981206,115.06274509803922,31.0,613.7607843137255,280.21568627450984,26.34145930275126,18.895449783427345,,303,303,Taliban,303,2024-06,2024-06-01,2024,6,53.0,Pakistan,ged_rolling_24m,1,0.6931471805599453,False,True,82.0,182.0,4.418840607796598,5.209486152841421,93.0,93.0,93.0,1.0,50.0,85.0,45.0,64.0,26.0,0.0,14.0,12.0,0.0,0.0,8.0,3.0,0.0,56.0,0.0,0.0,0.5376344086021505,3.9318256327243257,0.913978494623656,4.454347296253507,0.4838709677419355,3.828641396489095,0.6881720430107527,4.174387269895637,0.2795698924731182,3.295836866004329,0.0,0.0,0.1505376344086021,2.70805020110221,0.1290322580645161,2.5649493574615367,0.0,0.0,0.0,0.0,0.086021505376344,2.1972245773362196,0.032258064516129,1.3862943611198906,0.0,0.0,0.6021505376344086,4.04305126783455,0.0,0.0,0.0,0.0,4.543294782270004
303,2024-07,2024-08,12,192,30,1.0,9.458570524984188,12.042757748260597,0.0091059618598675,0.0115938124533324,0.0024623666337059,0.0090647525670854,0.0115271192007913,293.21568627450984,373.3254901960784,31.0,31.0,1.0,0.8709677419354839,0.0009627207235823,0.000838498694733,-0.0001241102541089,0.0009622576051984,0.0008381473510894,31.0,27.0,9.135989879822896,10.559266287160025,0.0087954067877441,0.0101656244804734,0.0013573495296661,0.0087569525136237,0.0101143020432899,283.2156862745098,327.33725490196076,87.37615433270085,91.03305502846302,0.0841188345230212,0.0876394086069141,0.0032421446345659,0.0807675229527163,0.0840096675872823,2708.6607843137263,2822.024705882354,9.135989879822896,10.559266287160025,0.0087954067877441,0.0101656244804734,0.0013573495296661,0.0087569525136237,0.0101143020432899,283.2156862745098,327.33725490196076,1038722.8357138996,31.0,27.0,280.21568627450984,312.33725490196076,18.91815403446843,29.06837743440442,,303,303,Taliban,303,2024-07,2024-07-01,2024,7,54.0,Pakistan,ged_rolling_24m,1,0.6931471805599453,False,True,182.0,222.0,5.209486152841421,5.407171771460119,96.0,96.0,96.0,1.0,49.0,81.0,50.0,65.0,41.0,0.0,11.0,8.0,1.0,0.0,16.0,1.0,7.0,51.0,1.0,0.0,0.5104166666666666,3.912023005428146,0.84375,4.406719247264253,0.5208333333333334,3.9318256327243257,0.6770833333333334,4.189654742026425,0.4270833333333333,3.737669618283368,0.0,0.0,0.1145833333333333,2.4849066497880004,0.0833333333333333,2.1972245773362196,0.0104166666666666,0.6931471805599453,0.0,0.0,0.1666666666666666,2.833213344056216,0.0104166666666666,0.6931471805599453,0.0729166666666666,2.0794415416798357,0.53125,3.951243718581427,0.0104166666666666,0.6931471805599453,0.0,0.0,4.574710978503383
303,2024-08,2024-09,12,193,30,0.0,12.042757748260597,25.836601307189543,0.0114389955931225,0.0245412865285688,0.0128709221084531,0.0113740649745859,0.0242449870830391,373.3254901960784,775.0980392156863,31.0,30.0,0.8709677419354839,3.2401307189542483,0.0008273018830085,0.0030776871701676,0.0022460009286486,0.0008269598574316,0.0030729607860802,27.0,97.20392156862744,10.559266287160025,25.436601307189544,0.0100298787910831,0.0241613404785945,0.0138941598902489,0.0099799133770693,0.0238740732673182,327.33725490196076,763.0980392156863,91.03305502846302,259.46636601307216,0.0864691241878943,0.2464580521696326,0.1373728682959549,0.0829331026279933,0.2203059709239483,2822.024705882354,7783.990980392165,10.559266287160025,25.436601307189544,0.0100298787910831,0.0241613404785945,0.0138941598902489,0.0099799133770693,0.0238740732673182,327.33725490196076,763.0980392156863,1052781.0462223652,27.0,97.20392156862744,312.33725490196076,741.0980392156863,29.09353192753435,28.610976956265407,,303,303,Taliban,303,2024-08,2024-08-01,2024,8,55.0,Pakistan,ged_rolling_24m,1,0.6931471805599453,False,True,222.0,162.0,5.407171771460119,5.093750200806762,137.0,137.0,137.0,1.0,84.0,129.0,67.0,106.0,56.0,0.0,31.0,16.0,0.0,0.0,8.0,0.0,3.0,79.0,0.0,0.0,0.6131386861313869,4.442651256490317,0.9416058394160584,4.867534450455582,0.4890510948905109,4.219507705176107,0.7737226277372263,4.672828834461906,0.4087591240875912,4.04305126783455,0.0,0.0,0.2262773722627737,3.4657359027997265,0.1167883211678832,2.833213344056216,0.0,0.0,0.0,0.0,0.0583941605839416,2.1972245773362196,0.0,0.0,0.0218978102189781,1.3862943611198906,0.5766423357664233,4.382026634673881,0.0,0.0,0.0,0.0,4.927253685157205
303,2024-09,2024-10,12,206,31,1.0,25.836601307189543,45.51030993042378,0.024190803374469,0.0426112918625899,0.0178255830970389,0.023902840680153,0.041728423777192,775.0980392156863,1410.8196078431372,30.0,31.0,3.2401307189542483,7.706388361796331,0.0030337335858485,0.0072154895054108,0.0041604413059383,0.0030291411020175,0.0071895824079559,97.20392156862744,238.89803921568625,25.436601307189544,45.28450347881088,0.0238162834740092,0.0423998693381368,0.0179885216299625,0.0235370998513837,0.0415256214813462,763.0980392156863,1403.8196078431372,259.46636601307216,554.2136495888678,0.2429382939296907,0.5189101021936837,0.200514871192908,0.2174781684400842,0.4179930396329923,7783.990980392165,17180.623137254905,25.436601307189544,45.28450347881088,0.0238162834740092,0.0423998693381368,0.0179885216299625,0.0235370998513837,0.0415256214813462,763.0980392156863,1403.8196078431372,1068034.0337294245,97.20392156862744,235.89803921568625,741.0980392156863,1318.419607843137,28.61145756986565,29.86870144949495,,303,303,Taliban,303,2024-09,2024-09-01,2024,9,56.0,Pakistan,ged_rolling_24m,1,0.6931471805599453,False,True,162.0,185.0,5.093750200806762,5.225746673713202,170.0,170.0,170.0,1.0,120.0,162.0,121.0,142.0,104.0,0.0,78.0,7.0,1.0,0.0,6.0,1.0,1.0,76.0,0.0,0.0,0.7058823529411765,4.795790545596741,0.9529411764705882,5.093750200806762,0.711764705882353,4.804021044733257,0.8352941176470589,4.962844630259907,0.611764705882353,4.653960350157523,0.0,0.0,0.4588235294117647,4.3694478524670215,0.0411764705882352,2.0794415416798357,0.0058823529411764,0.6931471805599453,0.0,0.0,0.0352941176470588,1.9459101490553132,0.0058823529411764,0.6931471805599453,0.0058823529411764,0.6931471805599453,0.4470588235294118,4.343805421853684,0.0,0.0,0.0,0.0,5.14166355650266
303,2024-10,2024-11,12,211,31,0.0,45.51030993042379,37.99084967320262,0.0410673803862279,0.034282005047002,-0.006539043078598,0.0402465141339561,0.0337074710553581,1410.8196078431374,1139.7254901960785,31.0,30.0,7.706388361796331,6.816078431372549,0.0069540546469959,0.0061506609405974,-0.0007981638936404,0.0069299867243233,0.0061318228306828,238.89803921568625,204.4823529411765,45.28450347881088,37.34078431372549,0.0408636182176945,0.033695402111659,-0.0069106201012161,0.0400507706925831,0.0331401505913669,1403.8196078431374,1120.2235294117647,554.2136495888682,406.2438431372548,0.5001087181718021,0.3665844170515714,-0.0932230836769929,0.4055375842629057,0.3123145005859128,17180.623137254912,12187.315294117643,45.28450347881088,37.34078431372549,0.0408636182176945,0.033695402111659,-0.0069106201012161,0.0400507706925831,0.0331401505913669,1403.8196078431374,1120.2235294117647,1108186.33919211,235.89803921568625,203.4823529411765,1318.419607843137,1074.713725490196,29.93153830446462,25.271880746656777,,303,303,Taliban,303,2024-10,2024-10-01,2024,10,57.0,Pakistan,ged_rolling_24m,1,0.6931471805599453,False,True,185.0,337.0,5.225746673713202,5.823045895483019,115.0,115.0,115.0,1.0,83.0,111.0,66.0,89.0,56.0,0.0,46.0,9.0,1.0,0.0,4.0,0.0,1.0,52.0,2.0,0.0,0.7217391304347827,4.430816798843313,0.9652173913043478,4.718498871295094,0.5739130434782609,4.204692619390966,0.7739130434782608,4.499809670330265,0.4869565217391304,4.04305126783455,0.0,0.0,0.4,3.8501476017100584,0.0782608695652174,2.302585092994046,0.008695652173913,0.6931471805599453,0.0,0.0,0.0347826086956521,1.6094379124341005,0.0,0.0,0.008695652173913,0.6931471805599453,0.4521739130434782,3.970291913552122,0.017391304347826,1.0986122886681098,0.0,0.0,4.7535901911063645
303,2024-11,2024-12,12,213,31,1.0,37.99084967320262,22.582163187855784,0.034282005047002,0.020377586683047,-0.0135347292374135,0.0337074710553581,0.0201727418179445,1139.7254901960785,700.0470588235293,30.0,31.0,6.816078431372549,2.7502846299810244,0.0061506609405974,0.0024817889669945,-0.0036531084160505,0.0061318228306828,0.0024787144146323,204.4823529411765,85.25882352941176,37.34078431372549,22.312460468058184,0.033695402111659,0.0201342136055606,-0.0132059499850988,0.0331401505913669,0.019934200606268,1120.2235294117647,691.6862745098038,406.2438431372548,283.820670461733,0.3665844170515714,0.2561127677035289,-0.0842926533667299,0.3123145005859128,0.2280218472191829,12187.315294117643,8798.440784313723,37.34078431372549,22.312460468058184,0.033695402111659,0.0201342136055606,-0.0132059499850988,0.0331401505913669,0.019934200606268,1120.2235294117647,691.6862745098038,1108186.33919211,203.4823529411765,85.25882352941176,1074.713725490196,680.6862745098038,25.271880746656777,27.998337433060488,,303,303,Taliban,303,2024-11,2024-11-01,2024,11,58.0,Pakistan,ged_rolling_24m,1,0.6931471805599453,False,True,337.0,242.0,5.823045895483019,5.493061443340548,82.0,82.0,82.0,1.0,48.0,75.0,39.0,56.0,37.0,0.0,20.0,12.0,0.0,0.0,7.0,0.0,1.0,42.0,0.0,0.0,0.5853658536585366,3.8918202981106265,0.9146341463414634,4.330733340286331,0.4756097560975609,3.688879454113936,0.6829268292682927,4.04305126783455,0.4512195121951219,3.6375861597263857,0.0,0.0,0.2439024390243902,3.044522437723423,0.1463414634146341,2.5649493574615367,0.0,0.0,0.0,0.0,0.0853658536585365,2.0794415416798357,0.0,0.0,0.0121951219512195,0.6931471805599453,0.5121951219512195,3.7612001156935624,0.0,0.0,0.0,0.0,4.418840607796598
303,2024-12,2025-01,12,225,31,0.0,22.582163187855787,37.69981024667931,0.0203775866830454,0.0340193782520006,0.0132807751487766,0.0201727418179427,0.0334535169667194,700.0470588235294,1168.6941176470586,31.0,31.0,2.7502846299810244,6.08956356736243,0.0024817889669943,0.005495071859306,0.0030013146197458,0.002478714414632,0.0054800290343779,85.25882352941176,188.77647058823533,22.312460468058188,37.08690702087286,0.020134213605559,0.0334663095088385,0.012984300558768,0.0199342006062665,0.0329185011650345,691.6862745098039,1149.6941176470586,283.8206704617331,503.6141429475016,0.2561127677035087,0.454448972286201,0.1466052684689723,0.2280218472191668,0.3746271156881391,8798.440784313725,15612.03843137255,22.312460468058188,37.08690702087286,0.020134213605559,0.0334663095088385,0.012984300558768,0.0199342006062665,0.0329185011650345,691.6862745098039,1149.6941176470586,1108186.3391921977,85.25882352941176,188.77647058823533,680.6862745098039,1120.6941176470586,27.99833743306047,24.691718561333474,,303,303,Taliban,303,2024-12,2024-12-01,2024,12,59.0,Pakistan,ged_rolling_24m,1,0.6931471805599453,False,True,242.0,295.0,5.493061443340548,5.69035945432406,296.0,296.0,296.0,1.0,250.0,284.0,236.0,272.0,204.0,0.0,202.0,11.0,0.0,0.0,10.0,2.0,3.0,67.0,1.0,0.0,0.8445945945945946,5.5254529391317835,0.9594594594594594,5.652489180268651,0.7972972972972973,5.4680601411351315,0.918918918918919,5.60947179518496,0.6891891891891891,5.3230099791384085,0.0,0.0,0.6824324324324325,5.313205979041787,0.0371621621621621,2.4849066497880004,0.0,0.0,0.0,0.0,0.0337837837837837,2.3978952727983707,0.0067567567567567,1.0986122886681098,0.0101351351351351,1.3862943611198906,0.2263513513513513,4.219507705176107,0.0033783783783783,0.6931471805599453,0.0,0.0,5.6937321388027
303,2025-01,2025-02,12,226,31,1.0,37.69981024667932,45.574229691876745,0.0327200176386416,0.0395542998659273,0.0065959481788017,0.0321961152961076,0.0387920634749094,1168.6941176470589,1276.078431372549,31.0,28.0,6.089563567362429,8.21358543417367,0.0052851891304487,0.0071286475588116,0.0018320873275581,0.005271271534922,0.0071033588624802,188.7764705882353,229.98039215686276,37.086907020872864,45.14565826330532,0.032188073201045,0.0391823387178334,0.0067532992253249,0.0316808919292917,0.0384341911546167,1149.6941176470589,1264.078431372549,503.61414294750153,632.0547619047619,0.4370914212164528,0.548566234757982,0.0747082684422487,0.3626212245697411,0.4373294930119899,15612.038431372548,17697.533333333333,37.086907020872864,45.14565826330532,0.032188073201045,0.0391823387178334,0.0067532992253249,0.0316808919292917,0.0384341911546167,1149.6941176470589,1264.078431372549,1152194.0685678795,188.7764705882353,229.98039215686276,1120.6941176470589,1236.5019607843135,24.97421384617728,22.00748700241578,,303,303,Taliban,303,2025-01,2025-01-01,2025,1,60.0,Pakistan,ged_rolling_24m,1,0.6931471805599453,False,True,295.0,241.0,5.69035945432406,5.488937726156687,160.0,160.0,160.0,1.0,107.0,149.0,84.0,126.0,72.0,0.0,48.0,9.0,2.0,0.0,7.0,0.0,0.0,94.0,0.0,0.0,0.66875,4.68213122712422,0.93125,5.0106352940962555,0.525,4.442651256490317,0.7875,4.844187086458591,0.45,4.290459441148391,0.0,0.0,0.3,3.8918202981106265,0.05625,2.302585092994046,0.0125,1.0986122886681098,0.0,0.0,0.04375,2.0794415416798357,0.0,0.0,0.0,0.0,0.5875,4.553876891600541,0.0,0.0,0.0,0.0,5.081404364984463
303,2025-02,2025-03,12,235,31,0.0,45.574229691876745,18.85566097406705,0.0395542998659303,0.0163650043759599,-0.0225595225601552,0.0387920634749124,0.0162325409147572,1276.078431372549,584.5254901960785,28.0,31.0,8.21358543417367,4.105629348513599,0.0071286475588121,0.003563314080949,-0.0035463783439624,0.0071033588624806,0.0035569805185181,229.98039215686276,127.27450980392156,45.14565826330532,18.382795698924735,0.0391823387178364,0.0159546001844767,-0.022605527854526,0.0384341911546197,0.0158286633000937,1264.078431372549,569.8666666666668,632.0547619047619,278.62827324478184,0.5485662347580238,0.2418240822842667,-0.2207481602056103,0.4373294930120168,0.2165813328064065,17697.533333333333,8637.476470588237,45.14565826330532,18.382795698924735,0.0391823387178364,0.0159546001844767,-0.022605527854526,0.0384341911546197,0.0158286633000937,1264.078431372549,569.8666666666668,1152194.068567792,229.98039215686276,126.27450980392156,1236.5019607843135,566.8666666666668,22.00748700241578,26.405742863955737,,303,303,Taliban,303,2025-02,2025-02-01,2025,2,61.0,Pakistan,ged_rolling_24m,1,0.6931471805599453,False,True,241.0,342.0,5.488937726156687,5.8377304471659395,133.0,133.0,133.0,1.0,107.0,128.0,83.0,103.0,60.0,0.0,60.0,7.0,1.0,0.0,5.0,2.0,4.0,54.0,0.0,0.0,0.8045112781954887,4.68213122712422,0.962406015037594,4.859812404361672,0.6240601503759399,4.430816798843313,0.7744360902255639,4.6443908991413725,0.4511278195488721,4.110873864173311,0.0,0.0,0.4511278195488721,4.110873864173311,0.0526315789473684,2.0794415416798357,0.0075187969924812,0.6931471805599453,0.0,0.0,0.037593984962406,1.791759469228055,0.0150375939849624,1.0986122886681098,0.0300751879699248,1.6094379124341005,0.4060150375939849,4.007333185232471,0.0,0.0,0.0,0.0,4.897839799950911
303,2025-03,2025-04,12,219,31,1.0,18.85566097406705,27.104575163398692,0.0163650043759599,0.0235243140915405,0.0070193407518307,0.0162325409147572,0.023251881666588,584.5254901960785,813.1372549019608,31.0,30.0,4.105629348513599,10.618300653594767,0.003563314080949,0.0092157223711397,0.0056165361888309,0.0035569805185181,0.0091735167073491,127.27450980392156,318.5490196078431,18.382795698924735,26.691372549019608,0.0159546001844767,0.0231656916809142,0.0070727770067525,0.0158286633000937,0.0229014403068462,569.8666666666668,800.7411764705882,278.62827324478184,635.800797385621,0.2418240822842667,0.5518174539606321,0.2228454621661342,0.2165813328064065,0.4394267949725407,8637.476470588237,19074.02392156863,18.382795698924735,26.691372549019608,0.0159546001844767,0.0231656916809142,0.0070727770067525,0.0158286633000937,0.0229014403068462,569.8666666666668,800.7411764705882,1152194.068567792,126.27450980392156,318.5490196078431,566.8666666666668,789.2862745098039,26.405742863955737,28.49472078809112,,303,303,Taliban,303,2025-03,2025-03-01,2025,3,62.0,Pakistan,ged_rolling_24m,1,0.6931471805599453,False,True,342.0,225.0,5.8377304471659395,5.420534999272286,167.0,167.0,167.0,1.0,130.0,163.0,104.0,142.0,88.0,0.0,65.0,12.0,4.0,0.0,3.0,0.0,1.0,82.0,0.0,0.0,0.7784431137724551,4.875197323201151,0.9760479041916168,5.099866427824199,0.6227544910179641,4.653960350157523,0.8502994011976048,4.962844630259907,0.5269461077844312,4.48863636973214,0.0,0.0,0.3892215568862275,4.189654742026425,0.0718562874251497,2.5649493574615367,0.0239520958083832,1.6094379124341005,0.0,0.0,0.0179640718562874,1.3862943611198906,0.0,0.0,0.0059880239520958,0.6931471805599453,0.4910179640718562,4.418840607796598,0.0,0.0,0.0,0.0,5.123963979403259
303,2025-04,2025-05,12,218,30,0.0,6.579477124183005,3.9048703352308665,0.0069491479663786,0.0041242672079981,-0.0028093281875953,0.0069251139175161,0.0041157857299207,197.38431372549016,121.05098039215686,30.0,31.0,2.975686274509804,1.5806451612903225,0.0031428765284533,0.001669454411168,-0.001469885594608,0.0031379480157879,0.0016680624211798,89.27058823529411,49.0,6.379215686274509,3.808096141682479,0.0067376347507051,0.0040220557134368,-0.002701049460205,0.0067150383305214,0.0040139888703163,191.3764705882353,118.05098039215686,168.1073725490196,77.53635673624288,0.1775525598817746,0.0818927713501206,-0.084726109505391,0.163438182754513,0.078712073249122,5043.221176470588,2403.6270588235293,6.379215686274509,3.808096141682479,0.0067376347507051,0.0040220557134368,-0.002701049460205,0.0067150383305214,0.0040139888703163,191.3764705882353,118.05098039215686,946803.4291420848,89.27058823529411,48.0,184.3764705882353,116.05098039215686,28.254939595953005,30.408690326522983,,303,303,Taliban,303,2025-04,2025-04-01,2025,4,63.0,Pakistan,ged_rolling_24m,1,0.6931471805599453,False,True,225.0,245.0,5.420534999272286,5.5053315359323625,85.0,85.0,85.0,1.0,55.0,78.0,37.0,58.0,26.0,1.0,18.0,9.0,0.0,0.0,5.0,1.0,1.0,50.0,0.0,0.0,0.6470588235294118,4.02535169073515,0.9176470588235294,4.3694478524670215,0.4352941176470588,3.6375861597263857,0.6823529411764706,4.07753744390572,0.3058823529411765,3.295836866004329,0.0117647058823529,0.6931471805599453,0.2117647058823529,2.9444389791664403,0.1058823529411764,2.302585092994046,0.0,0.0,0.0,0.0,0.0588235294117647,1.791759469228055,0.0117647058823529,0.6931471805599453,0.0117647058823529,0.6931471805599453,0.5882352941176471,3.9318256327243257,0.0,0.0,0.0,0.0,4.454347296253507
303,2025-05,2025-06,12,205,29,1.0,3.904870335230867,5.9938562091503265,0.0042209515285216,0.0064790311472036,0.0022460641442632,0.0042120683009609,0.0064581324452242,121.05098039215687,179.8156862745098,31.0,30.0,1.5806451612903225,2.9419607843137254,0.001708591076483,0.0031800989029935,0.0014679199878751,0.0017071330952427,0.0031750530831178,49.0,88.25882352941176,3.80809614168248,5.92718954248366,0.0041163439115941,0.006406968122209,0.0022786358039379,0.0041078949459576,0.0063865307498956,118.05098039215687,177.8156862745098,77.53635673624288,139.2167450980392,0.0838125662020212,0.150485696724841,0.0596992195315752,0.0804849786591699,0.1401841981907451,2403.6270588235293,4176.5023529411765,3.80809614168248,5.92718954248366,0.0041163439115941,0.006406968122209,0.0022786358039379,0.0041078949459576,0.0063865307498956,118.05098039215687,177.8156862745098,925116.1281632846,48.0,87.23137254901961,116.05098039215687,171.43529411764706,30.398415188494543,29.36170521368258,,303,303,Taliban,303,2025-05,2025-05-01,2025,5,64.0,Pakistan,ged_rolling_24m,1,0.6931471805599453,False,True,245.0,165.0,5.5053315359323625,5.111987788356544,89.0,89.0,89.0,1.0,53.0,77.0,57.0,73.0,43.0,0.0,27.0,11.0,0.0,0.0,12.0,0.0,0.0,39.0,0.0,0.0,0.5955056179775281,3.9889840465642745,0.8651685393258427,4.356708826689592,0.6404494382022472,4.060443010546419,0.8202247191011236,4.30406509320417,0.4831460674157303,3.784189633918261,0.0,0.0,0.3033707865168539,3.332204510175204,0.1235955056179775,2.4849066497880004,0.0,0.0,0.0,0.0,0.1348314606741573,2.5649493574615367,0.0,0.0,0.0,0.0,0.4382022471910112,3.688879454113936,0.0,0.0,0.0,0.0,4.499809670330265
303,2025-06,2025-07,12,210,29,0.0,5.9938562091503265,0.0769133459835547,0.0064790311472042,8.31391256103873e-05,-0.00637499677548,0.0064581324452248,8.313566974486094e-05,179.8156862745098,2.384313725490196,30.0,31.0,2.9419607843137254,0.0123972169512966,0.0031800989029938,1.340071432535848e-05,-0.0031616524585817,0.0031750530831182,1.3400624536547803e-05,88.25882352941176,0.3843137254901961,5.92718954248366,0.0769133459835547,0.0064069681222097,8.31391256103873e-05,-0.0063033950801514,0.0063865307498963,8.313566974486094e-05,177.8156862745098,2.384313725490196,139.2167450980392,0.7536369386464263,0.1504856967248562,0.0008146403631971,-0.1393698894669227,0.1401841981907582,0.0008143087238355,4176.5023529411765,23.362745098039216,5.92718954248366,0.0769133459835547,0.0064069681222097,8.31391256103873e-05,-0.0063033950801514,0.0063865307498963,8.313566974486094e-05,177.8156862745098,2.384313725490196,925116.1281631913,87.23137254901961,0.3843137254901961,171.43529411764706,2.384313725490196,29.36170521368258,27.834588725649073,,303,303,Taliban,303,2025-06,2025-06-01,2025,6,65.0,Pakistan,ged_rolling_24m,1,0.6931471805599453,False,True,165.0,205.0,5.111987788356544,5.327876168789581,33.0,33.0,33.0,1.0,19.0,31.0,20.0,30.0,14.0,0.0,10.0,3.0,0.0,0.0,2.0,1.0,0.0,17.0,0.0,0.0,0.5757575757575758,2.995732273553991,0.9393939393939394,3.4657359027997265,0.6060606060606061,3.044522437723423,0.9090909090909092,3.4339872044851463,0.4242424242424242,2.70805020110221,0.0,0.0,0.303030303030303,2.3978952727983707,0.0909090909090909,1.3862943611198906,0.0,0.0,0.0,0.0,0.0606060606060606,1.0986122886681098,0.0303030303030303,0.6931471805599453,0.0,0.0,0.5151515151515151,2.8903717578961645,0.0,0.0,0.0,0.0,3.5263605246161616
303,2025-07,2025-08,12,199,28,1.0,0.064516129032258,0.2580645161290322,7.060984433941677e-05,0.0002824393773576,0.0002117921472836,7.060735158176912e-05,0.0002823994988654,2.0,8.0,31.0,31.0,0.0,0.032258064516129,0.0,3.5304922169708386e-05,3.5304298965646604e-05,0.0,3.5304298965646604e-05,0.0,1.0,0.064516129032258,0.2580645161290322,7.060984433941677e-05,0.0002824393773576,0.0002117921472836,7.060735158176912e-05,0.0002823994988654,2.0,8.0,0.4870967741935483,2.638709677419355,0.0005331043247625,0.0028879426334821,0.002350818263356,0.0005329622751345,0.0028837805384906,15.1,81.8,0.064516129032258,0.2580645161290322,7.060984433941677e-05,0.0002824393773576,0.0002117921472836,7.060735158176912e-05,0.0002823994988654,2.0,8.0,913698.785712278,0.0,1.0,2.0,8.0,27.824439303585866,30.48375725768066,,303,303,Taliban,303,2025-07,2025-07-01,2025,7,66.0,Pakistan,ged_rolling_24m,1,0.6931471805599453,False,True,205.0,228.0,5.327876168789581,5.43372200355424,120.0,120.0,120.0,1.0,80.0,111.0,63.0,85.0,39.0,0.0,29.0,11.0,0.0,0.0,6.0,0.0,3.0,69.0,0.0,2.0,0.6666666666666666,4.394449154672439,0.925,4.718498871295094,0.525,4.1588830833596715,0.7083333333333334,4.454347296253507,0.325,3.688879454113936,0.0,0.0,0.2416666666666666,3.4011973816621555,0.0916666666666666,2.4849066497880004,0.0,0.0,0.0,0.0,0.05,1.9459101490553132,0.0,0.0,0.025,1.3862943611198906,0.575,4.248495242049359,0.0,0.0,0.0166666666666666,1.0986122886681098,4.795790545596741
303,2025-08,2025-09,12,195,27,0.0,0.2580645161290322,0.571764705882353,0.0002880818918982,0.000638270850491,0.0003500268380075,0.0002880404042776,0.0006380672422852,8.0,17.152941176470588,31.0,30.0,0.032258064516129,0.1666666666666666,3.6010236487282904e-05,0.0001860528885176,0.000150025994691,3.600958813435937e-05,0.0001860355828254,1.0,5.0,0.2580645161290322,0.5384313725490196,0.0002880818918982,0.0006010602727875,0.0003128393041338,0.0002880404042776,0.0006008797084114,8.0,16.152941176470588,2.638709677419355,6.948666666666668,0.0029456373446597,0.0077569170280769,0.0047856793692027,0.0029413074557476,0.0077269868249504,81.8,208.46000000000004,0.2580645161290322,0.5384313725490196,0.0002880818918982,0.0006010602727875,0.0003128393041338,0.0002880404042776,0.0006008797084114,8.0,16.152941176470588,895802.6289974807,1.0,5.0,8.0,16.152941176470588,30.473381904042007,29.7576363760818,,303,303,Taliban,303,2025-08,2025-08-01,2025,8,67.0,Pakistan,ged_rolling_24m,1,0.6931471805599453,False,True,228.0,378.0,5.43372200355424,5.937536205082426,107.0,107.0,107.0,1.0,58.0,97.0,52.0,79.0,38.0,0.0,23.0,3.0,2.0,1.0,9.0,0.0,1.0,68.0,0.0,0.0,0.5420560747663551,4.07753744390572,0.9065420560747663,4.584967478670572,0.4859813084112149,3.970291913552122,0.7383177570093458,4.382026634673881,0.3551401869158878,3.6635616461296463,0.0,0.0,0.2149532710280373,3.1780538303479458,0.02803738317757,1.3862943611198906,0.0186915887850467,1.0986122886681098,0.0093457943925233,0.6931471805599453,0.0841121495327102,2.302585092994046,0.0,0.0,0.0093457943925233,0.6931471805599453,0.6355140186915887,4.23410650459726,0.0,0.0,0.0,0.0,4.68213122712422
303,2025-09,2025-10,12,176,27,1.0,0.571764705882353,0.7005692599620493,0.0006460988227587,0.000791649028815,0.000145445649228,0.0006458901907741,0.0007913358400022,17.152941176470588,21.71764705882353,30.0,31.0,0.1666666666666666,0.0967741935483871,0.0001883347048508,0.0001093556350746,-7.896731591364692e-05,0.0001883169720967,0.000109349656183,5.0,3.0,0.5384313725490196,0.7005692599620493,0.0006084318817886,0.000791649028815,0.0001830889778468,0.0006082468621554,0.0007913358400022,16.152941176470588,21.71764705882353,6.948666666666668,9.33313092979127,0.0078520505146399,0.0105465147539771,0.0026699046326144,0.0078213835935356,0.01049128822615,208.46000000000004,289.3270588235294,0.5384313725490196,0.7005692599620493,0.0006084318817886,0.000791649028815,0.0001830889778468,0.0006082468621554,0.0007913358400022,16.152941176470588,21.71764705882353,884949.307663148,5.0,3.0,16.152941176470588,20.71764705882353,29.75309888163849,30.53540399872598,,303,303,Taliban,303,2025-09,2025-09-01,2025,9,68.0,Pakistan,ged_rolling_24m,1,0.6931471805599453,False,True,378.0,450.0,5.937536205082426,6.111467339502679,178.0,178.0,178.0,1.0,128.0,155.0,111.0,132.0,54.0,0.0,57.0,16.0,0.0,0.0,20.0,0.0,4.0,80.0,0.0,1.0,0.7191011235955056,4.859812404361672,0.8707865168539326,5.049856007249537,0.6235955056179775,4.718498871295094,0.7415730337078652,4.890349128221754,0.3033707865168539,4.007333185232471,0.0,0.0,0.3202247191011236,4.060443010546419,0.0898876404494382,2.833213344056216,0.0,0.0,0.0,0.0,0.1123595505617977,3.044522437723423,0.0,0.0,0.0224719101123595,1.6094379124341005,0.449438202247191,4.394449154672439,0.0,0.0,0.0056179775280898,0.6931471805599453,5.187385805840755
303,2025-10,2025-11,12,170,25,0.0,0.2166982922201138,2.5345098039215683,0.000443275066934,0.0051845586389632,0.0047279882384119,0.0004431768495654,0.0051711650879774,6.7176470588235295,76.03529411764706,31.0,30.0,0.0,0.5631372549019608,0.0,0.0011519458773868,0.0011512828968308,0.0,0.0011512828968308,0.0,16.894117647058824,0.2166982922201138,2.5345098039215683,0.000443275066934,0.0051845586389632,0.0047279882384119,0.0004431768495654,0.0051711650879774,6.7176470588235295,76.03529411764706,2.158937381404175,37.65277124183008,0.0044162928209711,0.0770219945966238,0.0697932504446774,0.0044065696163325,0.07419982006101,66.92705882352942,1129.5831372549023,0.2166982922201138,2.5345098039215683,0.000443275066934,0.0051845586389632,0.0047279882384119,0.0004431768495654,0.0051711650879774,6.7176470588235295,76.03529411764706,488857.3898796506,0.0,16.894117647058824,5.7176470588235295,75.03529411764706,30.23212510465825,28.200513558813448,,303,303,Taliban,303,2025-10,2025-10-01,2025,10,69.0,Pakistan,ged_rolling_24m,1,0.6931471805599453,False,True,450.0,334.0,6.111467339502679,5.814130531825066,756.0,756.0,756.0,1.0,672.0,739.0,552.0,678.0,510.0,0.0,436.0,13.0,0.0,0.0,14.0,1.0,0.0,291.0,0.0,1.0,0.8888888888888888,6.511745329644728,0.9775132275132276,6.606650186198215,0.7301587301587301,6.315358001522335,0.8968253968253969,6.520621127558696,0.6746031746031746,6.236369590203704,0.0,0.0,0.5767195767195767,6.07993319509559,0.0171957671957671,2.6390573296152584,0.0,0.0,0.0,0.0,0.0185185185185185,2.70805020110221,0.0013227513227513,0.6931471805599453,0.0,0.0,0.3849206349206349,5.676753802268282,0.0,0.0,0.0013227513227513,0.6931471805599453,6.6293632534374485
303,2025-11,2025-12,12,161,25,1.0,2.5345098039215683,1.4034155597722962,0.0051845586389632,0.0028708077014398,-0.0023044702852861,0.0051711650879774,0.0028666948026912,76.03529411764706,43.50588235294118,30.0,31.0,0.5631372549019608,0.1808981657179,0.0011519458773868,0.0003700428171136,-0.0007813085286749,0.0011512828968308,0.0003699743681558,16.894117647058824,5.607843137254902,2.5345098039215683,1.3739405439595194,0.0051845586389632,0.0028105140116584,-0.0023645931863143,0.0051711650879774,0.002806571901663,76.03529411764706,42.5921568627451,37.65277124183008,21.400063251106896,0.0770219945966238,0.0437756771077456,-0.0313552223588849,0.07419982006101,0.042844597702125,1129.5831372549023,663.4019607843138,2.5345098039215683,1.3739405439595194,0.0051845586389632,0.0028105140116584,-0.0023645931863143,0.0051711650879774,0.002806571901663,76.03529411764706,42.5921568627451,488857.3898796506,16.894117647058824,5.607843137254902,75.03529411764706,42.5921568627451,28.200513558813448,20.951714016447617,,303,303,Taliban,303,2025-11,2025-11-01,2025,11,70.0,Pakistan,ged_rolling_24m,1,0.6931471805599453,False,True,334.0,223.0,5.814130531825066,5.41164605185504,259.0,259.0,259.0,1.0,214.0,246.0,181.0,235.0,163.0,0.0,122.0,8.0,0.0,0.0,10.0,0.0,1.0,117.0,0.0,1.0,0.8262548262548263,5.3706380281276624,0.9498069498069498,5.5093883366279774,0.6988416988416989,5.204006687076795,0.9073359073359072,5.4638318050256105,0.6293436293436293,5.099866427824199,0.0,0.0,0.471042471042471,4.812184355372417,0.0308880308880308,2.1972245773362196,0.0,0.0,0.0,0.0,0.0386100386100386,2.3978952727983707,0.0,0.0,0.0038610038610038,0.6931471805599453,0.4517374517374517,4.770684624465665,0.0,0.0,0.0038610038610038,0.6931471805599453,5.560681631015528
group:farc_bloc,2020-01,2020-02,12,40,11,0.0,80.33662239089183,266.86531440162275,0.1984254188928151,0.6591372679380698,0.3252892049111113,0.1810085442474759,0.5062977491585873,2490.4352941176467,7739.09411764706,31.0,29.0,23.681087919038585,96.01798512508452,0.0584905071974441,0.2371572061741179,0.1559723285882219,0.0568438433876599,0.2128161719758818,734.1137254901961,2784.521568627451,78.43504111321948,257.71981068289386,0.1937286560672018,0.636548561164404,0.315507755394482,0.1770817329186773,0.4925894883131594,2431.486274509804,7473.874509803922,1689.433535736876,9673.517687626783,4.172773848881226,23.8928615892622,1.571172006736261,1.6434090724707673,3.214581079207028,52372.43960784315,280532.0129411767,78.43504111321948,257.71981068289386,0.1937286560672018,0.636548561164404,0.315507755394482,0.1770817329186773,0.4925894883131594,2431.486274509804,7473.874509803922,404870.6201007837,725.1137254901961,2639.521568627451,2364.5137254901956,6778.435294117648,27.923131602630363,24.73563365425378,,743,743; 7974; 8468; 8469; 8478,FARC family,group:farc_bloc,2020-01,2020-01-01,2020,1,0.0,Colombia; Ecuador,ged_rolling_24m,2,1.0986122886681098,False,True,14.0,12.0,2.70805020110221,2.5649493574615367,64.0,64.0,64.0,1.0,49.0,62.0,54.0,59.0,27.0,0.0,22.0,6.0,2.0,0.0,2.0,4.0,0.0,28.0,0.0,0.0,0.765625,3.912023005428146,0.96875,4.143134726391533,0.84375,4.007333185232471,0.921875,4.0943445622221,0.421875,3.332204510175204,0.0,0.0,0.34375,3.1354942159291497,0.09375,1.9459101490553132,0.03125,1.0986122886681098,0.0,0.0,0.03125,1.0986122886681098,0.0625,1.6094379124341005,0.0,0.0,0.4375,3.367295829986474,0.0,0.0,0.0,0.0,4.174387269895637
group:farc_bloc,2020-02,2020-03,12,43,12,1.0,269.17025016903307,266.33168880455406,0.3441732848923552,0.3405437716435183,-0.0027038346191436,0.2957791660014884,0.2930753313823448,7805.937254901959,8256.282352941176,29.0,31.0,96.19039891818797,78.79177735610372,0.1229934049174782,0.1007467386092177,-0.0200090002342956,0.1159978030030672,0.0959888027687715,2789.521568627451,2442.545098039215,259.95578093306284,255.84161922833653,0.3323912467826761,0.3271306931085432,-0.0039560196559425,0.2869752578041571,0.2830192381482146,7538.717647058822,7931.090196078432,9692.083542934422,6222.323213156229,12.392737415550547,7.956144553824514,-0.4023727370652037,2.5947125761163554,2.1923398390511517,281070.42274509824,192892.0196078431,259.95578093306284,255.84161922833653,0.3323912467826761,0.3271306931085432,-0.0039560196559425,0.2869752578041571,0.2830192381482146,7538.717647058822,7931.090196078432,782077.6974401706,2644.5215686274505,2363.282352941176,6841.278431372548,7253.439215686274,22.90489959424561,22.71226541387749,,743,743; 7974; 8468; 8469; 8478,FARC family,group:farc_bloc,2020-02,2020-02-01,2020,2,1.0,Colombia; Ecuador; Peru,ged_rolling_24m,3,1.3862943611198906,False,True,17.0,3.0,2.8903717578961645,1.3862943611198906,32.0,32.0,32.0,1.0,26.0,29.0,25.0,29.0,9.0,0.0,6.0,2.0,1.0,0.0,3.0,0.0,0.0,17.0,3.0,0.0,0.8125,3.295836866004329,0.90625,3.4011973816621555,0.78125,3.258096538021482,0.90625,3.4011973816621555,0.28125,2.302585092994046,0.0,0.0,0.1875,1.9459101490553132,0.0625,1.0986122886681098,0.03125,0.6931471805599453,0.0,0.0,0.09375,1.3862943611198906,0.0,0.0,0.0,0.0,0.53125,2.8903717578961645,0.09375,1.3862943611198906,0.0,0.0,3.49650756146648
group:farc_bloc,2020-03,2020-04,12,36,11,0.0,265.6151802656547,51.028627450980395,0.3365371193054617,0.0646537869834433,-0.227432366062236,0.2900820297281531,0.0626496636659171,8234.070588235296,1530.858823529412,31.0,30.0,78.63048703352308,10.051111111111112,0.0996256221853784,0.0127348594149226,-0.0823153253905162,0.0949697784065045,0.0126544530159882,2437.5450980392156,301.53333333333336,255.15736875395316,48.7162091503268,0.323286966370424,0.0617239296132702,-0.2202248316670452,0.2801187674099078,0.0598939357428625,7909.878431372548,1461.486274509804,6212.2084882985455,802.5365882352941,7.870930972717672,1.016821972568796,-1.4812567566786212,2.18277974827919,0.7015229916005693,192578.4631372549,24076.09764705882,255.15736875395316,48.7162091503268,0.323286966370424,0.0617239296132702,-0.2202248316670452,0.2801187674099078,0.0598939357428625,7909.878431372548,1461.486274509804,789259.6834899692,2358.282352941176,298.53333333333336,7231.227450980393,1424.2470588235294,22.678557772375974,20.40056157534055,,743,743; 7974; 8468; 8469; 8478,FARC family,group:farc_bloc,2020-03,2020-03-01,2020,3,2.0,Colombia; Ecuador; Peru,ged_rolling_24m,3,1.3862943611198906,False,True,3.0,18.0,1.3862943611198906,2.9444389791664403,35.0,35.0,35.0,1.0,23.0,32.0,25.0,30.0,12.0,0.0,4.0,8.0,2.0,0.0,3.0,0.0,0.0,18.0,0.0,0.0,0.6571428571428571,3.1780538303479458,0.9142857142857144,3.49650756146648,0.7142857142857143,3.258096538021482,0.8571428571428571,3.4339872044851463,0.3428571428571428,2.5649493574615367,0.0,0.0,0.1142857142857142,1.6094379124341005,0.2285714285714285,2.1972245773362196,0.0571428571428571,1.0986122886681098,0.0,0.0,0.0857142857142857,1.3862943611198906,0.0,0.0,0.0,0.0,0.5142857142857142,2.9444389791664403,0.0,0.0,0.0,0.0,3.58351893845611
group:farc_bloc,2020-04,2020-05,12,39,12,1.0,61.43764705882352,15.475648323845666,0.076340958971034,0.0192296725265161,-0.0545201689536163,0.073567287912012,0.0190471189583956,1843.1294117647055,479.7450980392156,30.0,31.0,12.159084967320265,2.0497153700189754,0.0151085897825281,0.0025469275673122,-0.012451902134712,0.0149955917786799,0.0025436896439678,364.7725490196079,63.54117647058824,58.58169934640523,14.937887413029726,0.0727922262708967,0.0185614636091153,-0.0518735047036477,0.0702648067537242,0.0183913020500764,1757.450980392157,463.0745098039215,948.7493856209152,202.07777356103745,1.1788934210343924,0.2510970351063518,-0.5547963483869152,0.7788171428958557,0.2240207945089405,28462.48156862746,6264.41098039216,58.58169934640523,14.937887413029726,0.0727922262708967,0.0185614636091153,-0.0518735047036477,0.0702648067537242,0.0183913020500764,1757.450980392157,463.0745098039215,804779.6083113751,360.7725490196079,63.54117647058824,1713.956862745098,459.0745098039215,20.545043513985544,22.01767343598293,,743,743; 7974; 8468; 8469; 8478,FARC family,group:farc_bloc,2020-04,2020-04-01,2020,4,3.0,Colombia; Ecuador; Peru,ged_rolling_24m,3,1.3862943611198906,False,True,18.0,21.0,2.9444389791664403,3.091042453358316,27.0,27.0,27.0,1.0,20.0,23.0,24.0,22.0,10.0,0.0,12.0,6.0,0.0,0.0,4.0,1.0,0.0,4.0,0.0,0.0,0.7407407407407407,3.044522437723423,0.8518518518518519,3.1780538303479458,0.8888888888888888,3.218875824868201,0.8148148148148148,3.1354942159291497,0.3703703703703703,2.3978952727983707,0.0,0.0,0.4444444444444444,2.5649493574615367,0.2222222222222222,1.9459101490553132,0.0,0.0,0.0,0.0,0.1481481481481481,1.6094379124341005,0.037037037037037,0.6931471805599453,0.0,0.0,0.1481481481481481,1.6094379124341005,0.0,0.0,0.0,0.0,3.332204510175204
group:farc_bloc,2020-05,2020-06,12,41,12,0.0,15.707653383934218,15.006666666666666,0.0190592225010927,0.0182086650379151,-0.0008349982030336,0.0188798708060493,0.0180448726030156,486.9372549019608,450.2,31.0,30.0,2.1142314990512334,1.1666666666666667,0.0025653487236006,0.001415600347239,-0.0011474645036405,0.0025620638332905,0.0014145993296499,65.54117647058824,35.0,15.28855154965212,14.44,0.0185506961849742,0.017521087726399,-0.0010113676290526,0.0183807307871349,0.0173693631580822,473.9450980392157,433.2,209.05200506008865,141.5253594771242,0.253657792246359,0.1717228697305297,-0.0675903081035594,0.2260655120231863,0.1584752039196268,6480.612156862748,4245.760784313726,15.28855154965212,14.44,0.0185506961849742,0.017521087726399,-0.0010113676290526,0.0183807307871349,0.0173693631580822,473.9450980392157,433.2,824149.7460367861,65.54117647058824,35.0,468.9450980392157,429.2,22.067050291278925,22.870268810368895,,743,743; 7974; 8468; 8469; 8478,FARC family,group:farc_bloc,2020-05,2020-05-01,2020,5,4.0,Colombia; Ecuador; Peru,ged_rolling_24m,3,1.3862943611198906,False,True,21.0,13.0,3.091042453358316,2.6390573296152584,28.0,28.0,28.0,1.0,19.0,25.0,21.0,25.0,17.0,0.0,8.0,5.0,0.0,0.0,3.0,0.0,1.0,11.0,0.0,0.0,0.6785714285714286,2.995732273553991,0.8928571428571429,3.258096538021482,0.75,3.091042453358316,0.8928571428571429,3.258096538021482,0.6071428571428571,2.8903717578961645,0.0,0.0,0.2857142857142857,2.1972245773362196,0.1785714285714285,1.791759469228055,0.0,0.0,0.0,0.0,0.1071428571428571,1.3862943611198906,0.0,0.0,0.0357142857142857,0.6931471805599453,0.3928571428571428,2.4849066497880004,0.0,0.0,0.0,0.0,3.367295829986474
group:farc_bloc,2020-06,2020-07,12,41,11,1.0,14.121307189542485,22.598102466793172,0.0181197456004045,0.0289967396257339,0.0106267488569525,0.0179575395018296,0.0285842883587821,423.6392156862745,700.5411764705883,30.0,31.0,1.0,3.3142314990512336,0.0012831493116885,0.0042526538667842,0.0029613101101891,0.0012823267791566,0.0042436368893457,30.0,102.74117647058824,13.554640522875816,21.114231499051236,0.0173926276571143,0.0270927116148411,0.0094890939608133,0.0172431071222768,0.0267322010830901,406.6392156862745,654.5411764705883,132.4607450980392,221.37989879822905,0.169966913898307,0.2840634647646376,0.0930541617426472,0.1569754696904186,0.2500296314330658,3973.8223529411766,6862.7768627451,13.554640522875816,21.114231499051236,0.0173926276571143,0.0270927116148411,0.0094890939608133,0.0172431071222768,0.0267322010830901,406.6392156862745,654.5411764705883,779332.5304317279,30.0,101.74117647058824,402.6392156862745,643.3176470588236,22.84771401337976,23.897848845015407,,743,743; 7974; 8468; 8469; 8478,FARC family,group:farc_bloc,2020-06,2020-06-01,2020,6,5.0,Colombia; Ecuador; Peru,ged_rolling_24m,3,1.3862943611198906,False,True,13.0,24.0,2.6390573296152584,3.218875824868201,34.0,34.0,34.0,1.0,26.0,32.0,27.0,31.0,12.0,1.0,9.0,4.0,0.0,0.0,1.0,1.0,1.0,17.0,0.0,0.0,0.7647058823529411,3.295836866004329,0.9411764705882352,3.49650756146648,0.7941176470588235,3.332204510175204,0.9117647058823528,3.4657359027997265,0.3529411764705882,2.5649493574615367,0.0294117647058823,0.6931471805599453,0.2647058823529412,2.302585092994046,0.1176470588235294,1.6094379124341005,0.0,0.0,0.0,0.0,0.0294117647058823,0.6931471805599453,0.0294117647058823,0.6931471805599453,0.0294117647058823,0.6931471805599453,0.5,2.8903717578961645,0.0,0.0,0.0,0.0,3.5553480614894135
group:farc_bloc,2020-07,2020-08,12,44,11,0.0,22.598102466793172,59.4785578747628,0.028996739625735,0.0763198705972349,0.0449634067093306,0.0285842883587831,0.0735476950681138,700.5411764705883,1843.8352941176468,31.0,31.0,3.3142314990512336,12.877419354838713,0.0042526538667844,0.0165236517814872,0.0121449847879939,0.0042436368893459,0.0163886216773398,102.74117647058824,399.2000000000001,21.114231499051236,55.9662239089184,0.0270927116148422,0.071813021686541,0.0426194262840447,0.0267322010830912,0.069351627367136,654.5411764705883,1734.9529411764704,221.37989879822905,933.6631372549016,0.2840634647646487,1.198029211917685,0.5375315146864673,0.2500296314330744,0.7875611461195418,6862.7768627451,28943.55725490195,21.114231499051236,55.9662239089184,0.0270927116148422,0.071813021686541,0.0426194262840447,0.0267322010830912,0.069351627367136,654.5411764705883,1734.9529411764704,779332.5304316974,101.74117647058824,383.2000000000001,643.3176470588236,1630.76862745098,23.897848845015407,24.38348613200557,,743,743; 7974; 8468; 8469; 8478,FARC family,group:farc_bloc,2020-07,2020-07-01,2020,7,6.0,Colombia; Ecuador; Peru,ged_rolling_24m,3,1.3862943611198906,False,True,24.0,47.0,3.218875824868201,3.871201010907891,38.0,38.0,38.0,1.0,28.0,35.0,30.0,32.0,14.0,0.0,12.0,3.0,0.0,0.0,2.0,0.0,1.0,20.0,0.0,0.0,0.7368421052631579,3.367295829986474,0.9210526315789472,3.58351893845611,0.7894736842105263,3.4339872044851463,0.8421052631578947,3.49650756146648,0.3684210526315789,2.70805020110221,0.0,0.0,0.3157894736842105,2.5649493574615367,0.0789473684210526,1.3862943611198906,0.0,0.0,0.0,0.0,0.0526315789473684,1.0986122886681098,0.0,0.0,0.0263157894736842,0.6931471805599453,0.5263157894736842,3.044522437723423,0.0,0.0,0.0,0.0,3.6635616461296463
group:farc_bloc,2020-08,2020-09,12,44,11,1.0,59.37685009487664,48.26339869281048,0.0756983216997033,0.0615300116919582,-0.0132587775913553,0.0729700522609673,0.059711274669612,1840.682352941176,1447.9019607843145,31.0,30.0,12.748387096774197,8.070196078431373,0.0162526558088204,0.0102885265545181,-0.0058860353052188,0.0161219952184813,0.0102359599132625,395.2000000000001,242.10588235294117,55.83225806451612,45.34026143790852,0.0711793944177796,0.0578033642874498,-0.0125658191276789,0.068760279229397,0.0561944601017181,1730.7999999999995,1360.2078431372554,931.512700822264,741.9399215686273,1.1875663323590078,0.9458839055122044,-0.1170733381799752,0.7827896621540064,0.6657163239740311,28876.893725490183,22258.197647058816,55.83225806451612,45.34026143790852,0.0711793944177796,0.0578033642874498,-0.0125658191276789,0.068760279229397,0.0561944601017181,1730.7999999999995,1360.2078431372554,784387.9330697146,379.2000000000001,240.10588235294117,1626.6156862745097,1320.8078431372553,24.421620472173828,22.076871495128177,,743,743; 7974; 8468; 8469; 8478,FARC family,group:farc_bloc,2020-08,2020-08-01,2020,8,7.0,Colombia; Ecuador; Peru,ged_rolling_24m,3,1.3862943611198906,False,True,47.0,48.0,3.871201010907891,3.8918202981106265,59.0,59.0,59.0,1.0,35.0,54.0,43.0,52.0,16.0,0.0,19.0,7.0,0.0,0.0,5.0,1.0,0.0,26.0,1.0,0.0,0.5932203389830508,3.58351893845611,0.9152542372881356,4.007333185232471,0.7288135593220338,3.784189633918261,0.8813559322033898,3.970291913552122,0.2711864406779661,2.833213344056216,0.0,0.0,0.3220338983050847,2.995732273553991,0.1186440677966101,2.0794415416798357,0.0,0.0,0.0,0.0,0.0847457627118644,1.791759469228055,0.0169491525423728,0.6931471805599453,0.0,0.0,0.4406779661016949,3.295836866004329,0.0169491525423728,0.6931471805599453,0.0,0.0,4.0943445622221
group:farc_bloc,2020-09,2020-10,12,48,10,0.0,44.91477124183007,40.65439595192915,0.0647334313200933,0.0585931637955918,-0.0057836459590334,0.0627244686013488,0.0569408226423154,1347.443137254902,1260.2862745098037,30.0,31.0,7.734640522875817,8.136242884250475,0.0111475536272327,0.0117263631849629,0.0005722646070184,0.0110858775859974,0.0116581421930158,232.0392156862745,252.2235294117647,42.15830065359477,39.046805819101834,0.0607606670250543,0.0562762238986049,-0.004236534425063,0.0589862611657418,0.0547497267406787,1264.7490196078431,1210.450980392157,709.8769934640519,506.2348134092347,1.0231104897473642,0.7296111194516628,-0.1567395766775678,0.7046361734748705,0.5478965967973026,21296.30980392156,15693.279215686274,42.15830065359477,39.046805819101834,0.0607606670250543,0.0562762238986049,-0.004236534425063,0.0589862611657418,0.0547497267406787,1264.7490196078431,1210.450980392157,693841.965826527,230.0392156862745,249.2235294117647,1226.3490196078433,1177.6078431372548,21.941135905959435,23.14334270380711,,743,743; 7974; 8468; 8469; 8478,FARC family,group:farc_bloc,2020-09,2020-09-01,2020,9,8.0,Colombia; Ecuador; Peru,ged_rolling_24m,3,1.3862943611198906,False,True,48.0,13.0,3.8918202981106265,2.6390573296152584,44.0,44.0,44.0,1.0,26.0,40.0,37.0,40.0,15.0,0.0,20.0,4.0,0.0,0.0,4.0,1.0,0.0,15.0,0.0,0.0,0.5909090909090909,3.295836866004329,0.9090909090909092,3.713572066704308,0.8409090909090909,3.6375861597263857,0.9090909090909092,3.713572066704308,0.3409090909090909,2.772588722239781,0.0,0.0,0.4545454545454545,3.044522437723423,0.0909090909090909,1.6094379124341005,0.0,0.0,0.0,0.0,0.0909090909090909,1.6094379124341005,0.0227272727272727,0.6931471805599453,0.0,0.0,0.3409090909090909,2.772588722239781,0.0,0.0,0.0,0.0,3.80666248977032
group:farc_bloc,2020-10,2020-11,12,48,9,1.0,40.62213788741302,15.413202614379085,0.0594765856674285,0.0225671201314986,-0.0354587491239839,0.0577749990647755,0.0223162499407915,1259.2862745098037,462.3960784313726,31.0,30.0,8.136242884250475,1.9047058823529412,0.0119126164225362,0.0027887602296313,-0.0090573408762591,0.0118422197285607,0.0027848788523015,252.2235294117647,57.141176470588235,39.014547754585706,14.07986928104575,0.0571228451400781,0.0206149305534161,-0.0351456019699439,0.0555509207027319,0.020405318732788,1209.450980392157,422.3960784313726,506.1154585705249,187.92409150326796,0.7410249926458683,0.2751475896774765,-0.311412087501504,0.5544740160223995,0.2430619285208955,15689.579215686272,5637.722745098039,39.014547754585706,14.07986928104575,0.0571228451400781,0.0206149305534161,-0.0351456019699439,0.0555509207027319,0.020405318732788,1209.450980392157,422.3960784313726,682993.7769891043,249.2235294117647,57.141176470588235,1176.6078431372548,417.3960784313726,23.220973218495786,20.29986105948196,,743,743; 7974; 8468; 8469; 8478,FARC family,group:farc_bloc,2020-10,2020-10-01,2020,10,9.0,Colombia; Ecuador; Peru,ged_rolling_24m,3,1.3862943611198906,False,True,13.0,4.0,2.6390573296152584,1.6094379124341005,59.0,59.0,59.0,1.0,35.0,54.0,46.0,53.0,11.0,0.0,7.0,2.0,0.0,0.0,5.0,0.0,0.0,43.0,2.0,0.0,0.5932203389830508,3.58351893845611,0.9152542372881356,4.007333185232471,0.7796610169491526,3.8501476017100584,0.8983050847457628,3.9889840465642745,0.1864406779661017,2.4849066497880004,0.0,0.0,0.1186440677966101,2.0794415416798357,0.0338983050847457,1.0986122886681098,0.0,0.0,0.0,0.0,0.0847457627118644,1.791759469228055,0.0,0.0,0.0,0.0,0.7288135593220338,3.784189633918261,0.0338983050847457,1.0986122886681098,0.0,0.0,4.0943445622221
group:farc_bloc,2020-11,2020-12,12,52,9,0.0,15.413202614379085,25.113092979127135,0.0225671201314996,0.0367691387904533,0.0137930304049605,0.0223162499407926,0.0361092803457531,462.3960784313726,778.5058823529412,30.0,31.0,1.9047058823529412,3.3081593927893738,0.0027887602296315,0.0048436157169295,0.0020470442990172,0.0027848788523015,0.0048319231513188,57.141176470588235,102.55294117647058,14.07986928104575,24.15015812776724,0.020614930553417,0.0353592652545553,0.0143431639416331,0.0204053187327891,0.0347484826744222,422.3960784313726,748.6549019607844,187.92409150326796,305.1096268184694,0.2751475896774895,0.4467238752357639,0.1262396752352573,0.2430619285209058,0.3693016037561631,5637.722745098039,9458.39843137255,14.07986928104575,24.15015812776724,0.020614930553417,0.0353592652545553,0.0143431639416331,0.0204053187327891,0.0347484826744222,422.3960784313726,748.6549019607844,682993.776989072,57.141176470588235,102.55294117647058,417.3960784313726,733.6549019607844,20.29986105948196,21.94874765984626,,743,743; 7974; 8468; 8469; 8478,FARC family,group:farc_bloc,2020-11,2020-11-01,2020,11,10.0,Colombia; Ecuador; Peru,ged_rolling_24m,3,1.3862943611198906,False,True,4.0,17.0,1.6094379124341005,2.8903717578961645,39.0,39.0,39.0,1.0,29.0,39.0,34.0,36.0,16.0,0.0,14.0,0.0,0.0,0.0,0.0,0.0,0.0,25.0,0.0,0.0,0.7435897435897436,3.4011973816621555,1.0,3.688879454113936,0.8717948717948718,3.5553480614894135,0.9230769230769232,3.610917912644224,0.4102564102564102,2.833213344056216,0.0,0.0,0.358974358974359,2.70805020110221,0.0,0.0,0.0,0.0,0.0,0.0,0.0,0.0,0.0,0.0,0.0,0.0,0.6410256410256411,3.258096538021482,0.0,0.0,0.0,0.0,3.688879454113936
group:farc_bloc,2020-12,2021-01,12,51,9,1.0,25.113092979127135,51.16141682479444,0.0367691387904533,0.0749075885439773,0.0361254133936067,0.0361092803457531,0.0722346937393599,778.5058823529412,1586.0039215686277,31.0,31.0,3.3081593927893738,9.625300442757748,0.0048436157169295,0.014092808407699,0.0091625048586185,0.0048319231513188,0.0139944280099373,102.55294117647058,298.3843137254902,24.15015812776724,49.782289690069575,0.0353592652545553,0.0728883503295317,0.035605921813231,0.0347484826744222,0.0703544044876533,748.6549019607844,1543.2509803921569,305.1096268184694,842.674041745731,0.4467238752357639,1.2337946115125642,0.4344001551140007,0.3693016037561631,0.8037017588701639,9458.39843137255,26122.89529411766,24.15015812776724,49.782289690069575,0.0353592652545553,0.0728883503295317,0.035605921813231,0.0347484826744222,0.0703544044876533,748.6549019607844,1543.2509803921569,682993.776989072,102.55294117647058,296.3843137254902,733.6549019607844,1495.2509803921569,21.94874765984626,22.815783291158095,,743,743; 7974; 8468; 8469; 8478,FARC family,group:farc_bloc,2020-12,2020-12-01,2020,12,11.0,Colombia; Ecuador; Peru,ged_rolling_24m,3,1.3862943611198906,False,True,17.0,43.0,2.8903717578961645,3.784189633918261,36.0,36.0,36.0,1.0,27.0,36.0,32.0,34.0,8.0,0.0,7.0,5.0,0.0,0.0,0.0,0.0,0.0,24.0,0.0,0.0,0.75,3.332204510175204,1.0,3.610917912644224,0.8888888888888888,3.49650756146648,0.9444444444444444,3.5553480614894135,0.2222222222222222,2.1972245773362196,0.0,0.0,0.1944444444444444,2.0794415416798357,0.1388888888888889,1.791759469228055,0.0,0.0,0.0,0.0,0.0,0.0,0.0,0.0,0.0,0.0,0.6666666666666666,3.218875824868201,0.0,0.0,0.0,0.0,3.610917912644224
group:farc_bloc,2021-01,2021-02,12,49,11,0.0,85.78317520556611,129.17226890756305,0.1063891357096122,0.1602007155108611,0.0474913389388269,0.1011016818241878,0.1485930207630147,2659.278431372549,3616.823529411766,31.0,28.0,16.75572422517394,35.57885154061625,0.0207806136137194,0.0441252408281241,0.0226118026823906,0.0205676420621796,0.0431794447445702,519.4274509803921,996.2078431372548,82.85629348513599,122.87983193277311,0.1027591882774423,0.1523967734248881,0.0440285322327238,0.0978153921173201,0.1418439243500439,2568.5450980392156,3440.6352941176474,1390.7142567994947,3201.131288515405,1.7247774688378947,3.9700744378141577,0.601048055454936,1.0023867619688367,1.6034348174237727,43112.141960784335,89631.67607843134,82.85629348513599,122.87983193277311,0.1027591882774423,0.1523967734248881,0.0440285322327238,0.0978153921173201,0.1418439243500439,2568.5450980392156,3440.6352941176474,806315.1809007094,516.4274509803921,981.2078431372548,2510.5450980392156,3338.325490196078,23.491633998549545,20.036672919445408,,743,743; 7974; 8468; 8469; 8478,FARC family,group:farc_bloc,2021-01,2021-01-01,2021,1,12.0,Colombia; Ecuador; Peru,ged_rolling_24m,3,1.3862943611198906,False,True,43.0,97.0,3.784189633918261,4.584967478670572,37.0,37.0,37.0,1.0,29.0,33.0,33.0,33.0,16.0,0.0,15.0,9.0,1.0,0.0,4.0,0.0,0.0,8.0,0.0,0.0,0.7837837837837838,3.4011973816621555,0.8918918918918919,3.5263605246161616,0.8918918918918919,3.5263605246161616,0.8918918918918919,3.5263605246161616,0.4324324324324324,2.833213344056216,0.0,0.0,0.4054054054054054,2.772588722239781,0.2432432432432432,2.302585092994046,0.027027027027027,0.6931471805599453,0.0,0.0,0.1081081081081081,1.6094379124341005,0.0,0.0,0.0,0.0,0.2162162162162162,2.1972245773362196,0.0,0.0,0.0,0.0,3.6375861597263857
group:farc_bloc,2021-02,2021-03,12,49,10,1.0,199.30238095238096,162.73143580012652,0.4538755018610603,0.3705917196744406,-0.0589901921016505,0.3742327508655956,0.3152425587639451,5580.466666666667,5044.674509803922,28.0,31.0,53.97212885154061,50.03693864642631,0.1229118636312516,0.1139501722519011,-0.0080127778861892,0.1159251897122,0.1079124118260108,1511.219607843137,1551.1450980392156,187.9966386554622,153.49614168247942,0.4281286972599057,0.3495599902367322,-0.056586377823438,0.3563649839880438,0.2997786061646058,5263.905882352941,4758.380392156862,4608.132577030812,4057.3650347881057,10.494197189454974,9.239922687315843,-0.1155482462823536,2.4418423157984015,2.326294069516048,129027.71215686272,125778.31607843126,187.9966386554622,153.49614168247942,0.4281286972599057,0.3495599902367322,-0.056586377823438,0.3563649839880438,0.2997786061646058,5263.905882352941,4758.380392156862,439112.44412876706,1495.219607843137,1530.1450980392156,5072.596078431373,4591.64705882353,23.87312419695908,20.63512539297495,,743,743; 7974; 8468; 8469; 8478,FARC family,group:farc_bloc,2021-02,2021-02-01,2021,2,13.0,Colombia; Peru; Venezuela,ged_rolling_24m,3,1.3862943611198906,False,True,19.0,32.0,2.995732273553991,3.49650756146648,45.0,45.0,45.0,1.0,32.0,43.0,31.0,38.0,14.0,0.0,12.0,2.0,0.0,0.0,2.0,0.0,0.0,29.0,0.0,0.0,0.7111111111111111,3.49650756146648,0.9555555555555556,3.784189633918261,0.6888888888888889,3.4657359027997265,0.8444444444444444,3.6635616461296463,0.3111111111111111,2.70805020110221,0.0,0.0,0.2666666666666666,2.5649493574615367,0.0444444444444444,1.0986122886681098,0.0,0.0,0.0,0.0,0.0444444444444444,1.0986122886681098,0.0,0.0,0.0,0.0,0.6444444444444445,3.4011973816621555,0.0,0.0,0.0,0.0,3.828641396489095
group:farc_bloc,2021-03,2021-04,12,57,12,0.0,192.80341555977233,67.06601307189543,0.3711259585890912,0.1290949038314075,-0.1942159281594459,0.3156322698750835,0.1214163417156376,5976.905882352942,2011.9803921568628,31.0,30.0,60.3033523086654,13.145490196078432,0.1160775049897957,0.0253036629873947,-0.084831485175116,0.1098203104632424,0.0249888252881264,1869.4039215686275,394.36470588235295,181.8504743833017,63.27241830065359,0.3500427180163774,0.121792639543775,-0.1852082581452133,0.3001362349248041,0.1149279767795908,5637.364705882353,1898.1725490196077,4910.2142947501525,1021.1195816993462,9.451637470872823,1.9655460070144684,-1.2596974956528717,2.346758661912623,1.0870611662597511,152216.64313725472,30633.587450980387,181.8504743833017,63.27241830065359,0.3500427180163774,0.121792639543775,-0.1852082581452133,0.3001362349248041,0.1149279767795908,5637.364705882353,1898.1725490196077,519509.37706635415,1845.4039215686275,391.36470588235295,5430.603921568627,1853.1725490196077,20.443315726215168,18.368530409190925,,743,743; 7974; 8468; 8469; 8478,FARC family,group:farc_bloc,2021-03,2021-03-01,2021,3,14.0,Colombia; Peru; Venezuela,ged_rolling_24m,3,1.3862943611198906,False,True,32.0,34.0,3.49650756146648,3.5553480614894135,81.0,81.0,81.0,1.0,65.0,79.0,47.0,74.0,42.0,0.0,47.0,6.0,2.0,0.0,2.0,0.0,0.0,24.0,0.0,0.0,0.8024691358024691,4.189654742026425,0.9753086419753086,4.382026634673881,0.5802469135802469,3.871201010907891,0.9135802469135802,4.31748811353631,0.5185185185185185,3.7612001156935624,0.0,0.0,0.5802469135802469,3.871201010907891,0.074074074074074,1.9459101490553132,0.0246913580246913,1.0986122886681098,0.0,0.0,0.0246913580246913,1.0986122886681098,0.0,0.0,0.0,0.0,0.2962962962962963,3.218875824868201,0.0,0.0,0.0,0.0,4.406719247264253
group:farc_bloc,2021-04,2021-05,12,59,13,1.0,70.84091503267973,14.669070208728654,0.1089109605723466,0.0225522570734557,-0.0810767023216271,0.1033784171128242,0.0223017147911971,2125.227450980392,454.74117647058824,30.0,31.0,13.7278431372549,2.4274509803921567,0.0211052127428791,0.003731967859179,-0.0171605612485945,0.0208855825931378,0.0037250213445433,411.83529411764704,75.25098039215686,66.7473202614379,14.05629348513599,0.1026174600081005,0.0216101729466193,-0.0763068788102778,0.0976868623538013,0.0213799835435234,2002.419607843137,435.7450980392157,1065.5201960784316,179.22311195445923,1.6381328221212756,0.2755379609470159,-0.7267033828033874,0.9700714025808016,0.2433680197774142,31965.60588235295,5555.916470588236,66.7473202614379,14.05629348513599,0.1026174600081005,0.0216101729466193,-0.0763068788102778,0.0976868623538013,0.0213799835435234,2002.419607843137,435.7450980392157,650447.9866892919,408.83529411764704,75.25098039215686,1955.3372549019605,430.58039215686273,17.91030695829608,20.202533007608928,,743,743; 7974; 8468; 8469; 8478,FARC family,group:farc_bloc,2021-04,2021-04-01,2021,4,15.0,Colombia; Peru; Venezuela,ged_rolling_24m,3,1.3862943611198906,False,True,34.0,35.0,3.5553480614894135,3.58351893845611,62.0,62.0,62.0,1.0,51.0,58.0,42.0,56.0,21.0,0.0,28.0,6.0,1.0,0.0,4.0,0.0,0.0,23.0,0.0,0.0,0.8225806451612904,3.951243718581427,0.935483870967742,4.07753744390572,0.6774193548387096,3.7612001156935624,0.9032258064516128,4.04305126783455,0.3387096774193548,3.091042453358316,0.0,0.0,0.4516129032258064,3.367295829986474,0.0967741935483871,1.9459101490553132,0.0161290322580645,0.6931471805599453,0.0,0.0,0.064516129032258,1.6094379124341005,0.0,0.0,0.0,0.0,0.3709677419354839,3.1780538303479458,0.0,0.0,0.0,0.0,4.143134726391533
group:farc_bloc,2021-05,2021-06,12,55,13,0.0,14.669070208728654,13.101045751633986,0.0225522570734557,0.0201415732229672,-0.0023602998490494,0.0223017147911971,0.0199414149421477,454.74117647058824,393.0313725490196,31.0,30.0,2.4274509803921567,2.3,0.003731967859179,0.003536024474004,-0.0001952339065292,0.0037250213445433,0.003529787438014,75.25098039215686,69.0,14.05629348513599,12.411372549019609,0.0216101729466193,0.0190812682997023,-0.0024784794901981,0.0213799835435234,0.0189015040533253,435.7450980392157,372.3411764705882,179.22311195445923,151.42550326797388,0.2755379609470159,0.2328018632799724,-0.0340785033336547,0.2433680197774142,0.2092895164437594,5555.916470588236,4542.765098039216,14.05629348513599,12.411372549019609,0.0216101729466193,0.0190812682997023,-0.0024784794901981,0.0213799835435234,0.0189015040533253,435.7450980392157,372.3411764705882,650447.9866892919,75.25098039215686,69.0,430.58039215686273,371.3411764705882,20.202533007608928,20.665367563451188,,743,743; 7974; 8468; 8469; 8478,FARC family,group:farc_bloc,2021-05,2021-05-01,2021,5,16.0,Colombia; Peru; Venezuela,ged_rolling_24m,3,1.3862943611198906,False,True,35.0,27.0,3.58351893845611,3.332204510175204,57.0,57.0,57.0,1.0,49.0,55.0,42.0,51.0,21.0,0.0,36.0,0.0,0.0,0.0,2.0,1.0,0.0,14.0,4.0,0.0,0.8596491228070176,3.912023005428146,0.9649122807017544,4.02535169073515,0.7368421052631579,3.7612001156935624,0.8947368421052632,3.951243718581427,0.3684210526315789,3.091042453358316,0.0,0.0,0.631578947368421,3.610917912644224,0.0,0.0,0.0,0.0,0.0,0.0,0.0350877192982456,1.0986122886681098,0.0175438596491228,0.6931471805599453,0.0,0.0,0.2456140350877192,2.70805020110221,0.0701754385964912,1.6094379124341005,0.0,0.0,4.060443010546419
group:farc_bloc,2021-06,2021-07,12,56,13,1.0,13.101045751633986,20.11056293485136,0.0201415732229672,0.0309180185754927,0.0105082705154544,0.0199414149421477,0.0304496854576021,393.0313725490196,623.4274509803921,30.0,31.0,2.3,3.311827956989247,0.003536024474004,0.0050916107433064,0.0015489048871275,0.003529787438014,0.0050786923251416,69.0,102.66666666666666,12.411372549019609,19.572043010752687,0.0190812682997023,0.0300900969966441,0.0107447671749716,0.0189015040533253,0.0296462712282969,372.3411764705882,606.7333333333332,151.42550326797388,250.35752055660973,0.2328018632799724,0.3849001391039762,0.1163385188661066,0.2092895164437594,0.3256280353098661,4542.765098039216,7761.083137254902,12.411372549019609,19.572043010752687,0.0190812682997023,0.0300900969966441,0.0107447671749716,0.0189015040533253,0.0296462712282969,372.3411764705882,606.7333333333332,650447.9866892919,69.0,102.66666666666666,371.3411764705882,599.7333333333332,20.665367563451188,22.151872321296587,,743,743; 7974; 8468; 8469; 8478,FARC family,group:farc_bloc,2021-06,2021-06-01,2021,6,17.0,Colombia; Peru; Venezuela,ged_rolling_24m,3,1.3862943611198906,False,True,27.0,33.0,3.332204510175204,3.5263605246161616,27.0,27.0,27.0,1.0,19.0,26.0,20.0,27.0,14.0,0.0,13.0,8.0,0.0,0.0,1.0,0.0,1.0,4.0,0.0,0.0,0.7037037037037037,2.995732273553991,0.9629629629629628,3.295836866004329,0.7407407407407407,3.044522437723423,1.0,3.332204510175204,0.5185185185185185,2.70805020110221,0.0,0.0,0.4814814814814814,2.6390573296152584,0.2962962962962963,2.1972245773362196,0.0,0.0,0.0,0.0,0.037037037037037,0.6931471805599453,0.0,0.0,0.037037037037037,0.6931471805599453,0.1481481481481481,1.6094379124341005,0.0,0.0,0.0,0.0,3.332204510175204
group:farc_bloc,2021-07,2021-08,12,53,14,0.0,24.880075901328272,33.11132194813409,0.0367728439932066,0.0489386560248624,0.011665995040253,0.0361128541366713,0.0477788491769244,771.2823529411764,1026.450980392157,31.0,31.0,4.344592030360531,5.354838709677419,0.0064213230530396,0.0079144713730249,0.0014825220279519,0.0064007941929264,0.0078833162208783,134.68235294117648,166.0,24.3415559772296,31.88753953194181,0.0359769095581731,0.0471299010977978,0.0107081384911553,0.0353448555176472,0.0460529940088025,754.5882352941176,988.513725490196,339.8169512966477,373.6921568627451,0.5022507079896649,0.5523183868207171,0.032785091350833,0.4069644555179698,0.4397495468688028,10534.32549019608,11584.4568627451,24.3415559772296,31.88753953194181,0.0359769095581731,0.0471299010977978,0.0107081384911553,0.0353448555176472,0.0460529940088025,754.5882352941176,988.513725490196,676588.2972207584,132.68235294117648,166.0,741.5882352941176,984.513725490196,22.063789357195382,20.335071249392335,,743,743; 7974; 8468; 8469; 8478,FARC family,group:farc_bloc,2021-07,2021-07-01,2021,7,18.0,Colombia; Peru; Venezuela,ged_rolling_24m,3,1.3862943611198906,False,True,33.0,18.0,3.5263605246161616,2.9444389791664403,39.0,39.0,39.0,1.0,31.0,34.0,20.0,34.0,20.0,0.0,21.0,2.0,1.0,0.0,5.0,0.0,0.0,10.0,0.0,0.0,0.7948717948717948,3.4657359027997265,0.8717948717948718,3.5553480614894135,0.5128205128205128,3.044522437723423,0.8717948717948718,3.5553480614894135,0.5128205128205128,3.044522437723423,0.0,0.0,0.5384615384615384,3.091042453358316,0.0512820512820512,1.0986122886681098,0.0256410256410256,0.6931471805599453,0.0,0.0,0.1282051282051282,1.791759469228055,0.0,0.0,0.0,0.0,0.2564102564102564,2.3978952727983707,0.0,0.0,0.0,0.0,3.688879454113936
group:farc_bloc,2021-08,2021-09,12,54,13,1.0,32.398608475648324,42.5002614379085,0.049756654183917,0.0652704208787709,0.0146703038588545,0.0485583793893362,0.0632286832481907,1004.356862745098,1275.007843137255,31.0,30.0,5.258064516129032,6.390457516339869,0.0080751523017539,0.0098142420208117,0.0017236724218158,0.0080427227249418,0.0097663951467577,163.0,191.71372549019608,31.17482605945604,41.03359477124183,0.0478772117836483,0.063017965308302,0.0143455850832536,0.0467664147059944,0.0611119997892481,966.4196078431372,1231.007843137255,366.7117141049968,532.1478300653594,0.5631830749036103,0.8172540982797292,0.1506024495530429,0.4467241750366678,0.5973266245897108,11368.0631372549,15964.434901960782,31.17482605945604,41.03359477124183,0.0478772117836483,0.063017965308302,0.0143455850832536,0.0467664147059944,0.0611119997892481,966.4196078431372,1231.007843137255,651141.219341082,163.0,191.71372549019608,962.4196078431372,1221.007843137255,20.2977937488876,21.43853941550872,,743,743; 7974; 8468; 8469; 8478,FARC family,group:farc_bloc,2021-08,2021-08-01,2021,8,19.0,Colombia; Peru; Venezuela,ged_rolling_24m,3,1.3862943611198906,False,True,18.0,51.0,2.9444389791664403,3.951243718581427,2.0,2.0,2.0,1.0,2.0,2.0,1.0,2.0,1.0,0.0,2.0,0.0,0.0,0.0,0.0,0.0,0.0,0.0,0.0,0.0,1.0,1.0986122886681098,1.0,1.0986122886681098,0.5,0.6931471805599453,1.0,1.0986122886681098,0.5,0.6931471805599453,0.0,0.0,1.0,1.0986122886681098,0.0,0.0,0.0,0.0,0.0,0.0,0.0,0.0,0.0,0.0,0.0,0.0,0.0,0.0,0.0,0.0,0.0,0.0,1.0986122886681098
group:farc_bloc,2021-09,2021-10,12,52,14,0.0,42.500261437908506,41.59354838709677,0.0652704208787688,0.0638779225636886,-0.0013080333438581,0.0632286832481889,0.0619206499043307,1275.0078431372551,1289.4,30.0,31.0,6.39045751633987,5.9014547754585704,0.0098142420208114,0.0090632486473983,-0.0007439712528606,0.0097663951467572,0.0090224238938966,191.7137254901961,182.94509803921568,41.03359477124184,39.223908918406075,0.0630179653083001,0.0602387128219239,-0.0026179162437587,0.0611119997892462,0.0584940835454875,1231.0078431372551,1215.9411764705883,532.1478300653594,481.6821758380773,0.8172540982797032,0.7397507046558917,-0.0435847948141112,0.5973266245896964,0.5537418297755852,15964.434901960782,14932.147450980396,41.03359477124184,39.223908918406075,0.0630179653083001,0.0602387128219239,-0.0026179162437587,0.0611119997892462,0.0584940835454875,1231.0078431372551,1215.9411764705883,651141.2193411028,191.7137254901961,182.94509803921568,1221.0078431372551,1203.9411764705883,21.43853941550873,21.491719630497418,,743,743; 7974; 8468; 8469; 8478,FARC family,group:farc_bloc,2021-09,2021-09-01,2021,9,20.0,Colombia; Peru; Venezuela,ged_rolling_24m,3,1.3862943611198906,False,True,51.0,31.0,3.951243718581427,3.4657359027997265,39.0,39.0,39.0,1.0,31.0,37.0,27.0,37.0,20.0,0.0,21.0,5.0,0.0,0.0,2.0,0.0,0.0,11.0,0.0,0.0,0.7948717948717948,3.4657359027997265,0.9487179487179488,3.6375861597263857,0.6923076923076923,3.332204510175204,0.9487179487179488,3.6375861597263857,0.5128205128205128,3.044522437723423,0.0,0.0,0.5384615384615384,3.091042453358316,0.1282051282051282,1.791759469228055,0.0,0.0,0.0,0.0,0.0512820512820512,1.0986122886681098,0.0,0.0,0.0,0.0,0.282051282051282,2.4849066497880004,0.0,0.0,0.0,0.0,3.688879454113936
group:farc_bloc,2021-10,2021-11,12,59,15,1.0,43.47741935483871,81.7559477124183,0.0642597862443538,0.1208355924101066,0.0517949506696554,0.0622795211213417,0.1140744717909971,1347.8,2452.6784313725493,31.0,30.0,6.1272612270714735,12.82562091503268,0.0090561147040828,0.0189563150407957,0.0097635288988683,0.0090153540015553,0.0187788829004236,189.94509803921568,384.7686274509804,40.8910815939279,78.9683660130719,0.060437169489771,0.116715536371897,0.0517105729788762,0.0586812471475085,0.1103918201263848,1267.6235294117648,2369.050980392157,498.8349652118912,1044.3890457516345,0.737279919355617,1.543610863566024,0.3812640460281533,0.5523206253150371,0.9335846713431905,15463.883921568628,31331.671372549037,40.8910815939279,78.9683660130719,0.060437169489771,0.116715536371897,0.0517105729788762,0.0586812471475085,0.1103918201263848,1267.6235294117648,2369.050980392157,676588.2972207804,189.94509803921568,383.7686274509804,1254.6235294117646,2343.050980392157,21.65053685446826,23.440194229570466,,743,743; 7974; 8468; 8469; 8478,FARC family,group:farc_bloc,2021-10,2021-10-01,2021,10,21.0,Colombia; Peru; Venezuela,ged_rolling_24m,3,1.3862943611198906,False,True,31.0,13.0,3.4657359027997265,2.6390573296152584,40.0,40.0,40.0,1.0,32.0,38.0,33.0,38.0,9.0,0.0,16.0,8.0,0.0,0.0,2.0,0.0,0.0,14.0,0.0,0.0,0.8,3.49650756146648,0.95,3.6635616461296463,0.825,3.5263605246161616,0.95,3.6635616461296463,0.225,2.302585092994046,0.0,0.0,0.4,2.833213344056216,0.2,2.1972245773362196,0.0,0.0,0.0,0.0,0.05,1.0986122886681098,0.0,0.0,0.0,0.0,0.35,2.70805020110221,0.0,0.0,0.0,0.0,3.713572066704308
group:farc_bloc,2021-11,2021-12,12,59,15,0.0,81.7559477124183,99.22175838077165,0.1208355924101066,0.1466501250292749,0.0227702849755839,0.1140744717909971,0.1368447567665811,2452.6784313725493,3075.8745098039212,30.0,31.0,12.82562091503268,18.630740037950662,0.0189563150407957,0.0275363025261892,0.008385114789438,0.0187788829004236,0.0271639976898617,384.7686274509804,577.5529411764705,78.9683660130719,95.35079063883616,0.116715536371897,0.140928820422269,0.0214508653039138,0.1103918201263848,0.1318426854302987,2369.050980392157,2955.8745098039212,1044.3890457516345,1483.4953447185333,1.543610863566024,2.192611593804212,0.2272545919600285,0.9335846713431905,1.160839263303219,31331.671372549037,45988.35568627453,78.9683660130719,95.35079063883616,0.116715536371897,0.140928820422269,0.0214508653039138,0.1103918201263848,0.1318426854302987,2369.050980392157,2955.8745098039212,676588.2972207804,383.7686274509804,576.5529411764705,2343.050980392157,2902.1372549019607,23.440194229570466,25.47132452634134,,743,743; 7974; 8468; 8469; 8478,FARC family,group:farc_bloc,2021-11,2021-11-01,2021,11,22.0,Colombia; Peru; Venezuela,ged_rolling_24m,3,1.3862943611198906,False,True,13.0,12.0,2.6390573296152584,2.5649493574615367,21.0,21.0,21.0,1.0,16.0,21.0,17.0,20.0,8.0,0.0,6.0,3.0,0.0,0.0,0.0,0.0,0.0,12.0,0.0,0.0,0.7619047619047619,2.833213344056216,1.0,3.091042453358316,0.8095238095238095,2.8903717578961645,0.9523809523809524,3.044522437723423,0.3809523809523809,2.1972245773362196,0.0,0.0,0.2857142857142857,1.9459101490553132,0.1428571428571428,1.3862943611198906,0.0,0.0,0.0,0.0,0.0,0.0,0.0,0.0,0.0,0.0,0.5714285714285714,2.5649493574615367,0.0,0.0,0.0,0.0,3.091042453358316
group:farc_bloc,2021-12,2022-01,12,60,16,1.0,99.31853257432005,459.3106894370651,0.1444785625973526,0.6681587662988133,0.3767713536059908,0.1349491294332717,0.5117204830392625,3078.8745098039212,14238.63137254902,31.0,31.0,18.630740037950662,151.2693232131562,0.0271021175105847,0.2200513219076905,0.1721515661701857,0.0267413588276334,0.1988929249978192,577.5529411764705,4689.349019607843,95.44756483238456,441.0536369386464,0.1388474699833225,0.6416002516503804,0.3656547695227478,0.1300167597673508,0.4956715292900986,2958.8745098039212,13672.66274509804,1483.9727640733718,13496.104503478811,2.1587335850587985,19.632768716827016,1.876709343309071,1.1501711830494783,3.0268805263585494,46003.15568627453,418379.2396078432,95.44756483238456,441.0536369386464,0.1388474699833225,0.6416002516503804,0.3656547695227478,0.1300167597673508,0.4956715292900986,2958.8745098039212,13672.66274509804,687427.4687457331,576.5529411764705,4346.043137254901,2905.1372549019607,11861.019607843138,25.519996422590445,27.216074183508965,,743,743; 7974; 8468; 8469; 8478,FARC family,group:farc_bloc,2021-12,2021-12-01,2021,12,23.0,Colombia; Peru; Venezuela,ged_rolling_24m,3,1.3862943611198906,False,True,12.0,70.0,2.5649493574615367,4.2626798770413155,52.0,52.0,52.0,1.0,45.0,49.0,34.0,48.0,22.0,0.0,33.0,3.0,0.0,0.0,2.0,1.0,0.0,13.0,0.0,0.0,0.8653846153846154,3.828641396489095,0.9423076923076924,3.912023005428146,0.6538461538461539,3.5553480614894135,0.9230769230769232,3.8918202981106265,0.4230769230769231,3.1354942159291497,0.0,0.0,0.6346153846153846,3.5263605246161616,0.0576923076923076,1.3862943611198906,0.0,0.0,0.0,0.0,0.0384615384615384,1.0986122886681098,0.0192307692307692,0.6931471805599453,0.0,0.0,0.25,2.6390573296152584,0.0,0.0,0.0,0.0,3.970291913552122
group:farc_bloc,2022-01,2022-02,12,76,15,0.0,389.1282732447818,408.74607843137255,0.6637812421880386,0.6972456085451105,0.0199138380765173,0.5090928687255054,0.5290067068020228,12062.976470588235,11444.890196078431,31.0,28.0,131.0034155597723,140.28319327731094,0.2234677248868027,0.2392973183758933,0.0128553160445084,0.2016892242202437,0.2145445402647521,4061.105882352941,3927.9294117647064,375.28779253636935,388.8266106442576,0.6401719284763863,0.6632666612915442,0.0139824661219175,0.4948010707781823,0.5087835369000999,11633.92156862745,10887.145098039216,11864.169297912718,14393.490280112035,20.238090047863928,24.552646298060655,0.1849446146824607,3.0557962699135226,3.2407408845959833,367789.24823529425,403017.72784313705,375.28779253636935,388.8266106442576,0.6401719284763863,0.6632666612915442,0.0139824661219175,0.4948010707781823,0.5087835369000999,11633.92156862745,10887.145098039216,586229.6921227972,3720.8,3772.419607843138,9865.27843137255,9903.8,26.968391028668215,21.130191571231673,,743,743; 7974; 8468; 8469; 8478,FARC family,group:farc_bloc,2022-01,2022-01-01,2022,1,24.0,Colombia; Peru; Venezuela,ged_rolling_24m,3,1.3862943611198906,False,True,70.0,72.0,4.2626798770413155,4.290459441148391,69.0,69.0,69.0,1.0,62.0,68.0,52.0,66.0,35.0,0.0,48.0,6.0,0.0,0.0,1.0,1.0,0.0,13.0,0.0,0.0,0.8985507246376812,4.143134726391533,0.9855072463768116,4.23410650459726,0.7536231884057971,3.970291913552122,0.9565217391304348,4.204692619390966,0.5072463768115942,3.58351893845611,0.0,0.0,0.6956521739130435,3.8918202981106265,0.0869565217391304,1.9459101490553132,0.0,0.0,0.0,0.0,0.0144927536231884,0.6931471805599453,0.0144927536231884,0.6931471805599453,0.0,0.0,0.1884057971014492,2.6390573296152584,0.0,0.0,0.0,0.0,4.248495242049359
group:farc_bloc,2022-02,2022-03,12,80,16,1.0,419.5012605042017,222.0444022770399,0.7071952893611362,0.3743224874475889,-0.2168909690015516,0.5348518422838601,0.3179608732823084,11746.035294117648,6883.376470588237,28.0,31.0,143.73767507002802,67.5280202403542,0.2423129947001132,0.1138387468883031,-0.109162580796853,0.2169749603776778,0.1078123795808248,4024.6549019607846,2093.36862745098,399.2023809523809,207.9039848197344,0.6729754350963287,0.3504845695271819,-0.2141402703134893,0.5146037387506415,0.3004634684371521,11177.666666666666,6445.0235294117665,14589.869481792712,5375.900278304871,24.595604212288805,9.062693514491473,-0.9335857524705452,3.24242062628412,2.3088348738135744,408516.3454901959,166652.908627451,399.2023809523809,207.9039848197344,0.6729754350963287,0.3504845695271819,-0.2141402703134893,0.5146037387506415,0.3004634684371521,11177.666666666666,6445.0235294117665,593190.1227497845,3866.145098039215,2049.556862745098,10180.529411764704,6104.55294117647,21.19732747467808,20.4293210202636,,743,743; 7974; 8468; 8469; 8478,FARC family,group:farc_bloc,2022-02,2022-02-01,2022,2,25.0,Colombia; Peru; Venezuela,ged_rolling_24m,3,1.3862943611198906,False,True,72.0,42.0,4.290459441148391,3.7612001156935624,48.0,48.0,48.0,1.0,43.0,46.0,39.0,45.0,20.0,0.0,23.0,0.0,1.0,0.0,2.0,0.0,1.0,21.0,0.0,0.0,0.8958333333333334,3.784189633918261,0.9583333333333334,3.8501476017100584,0.8125,3.688879454113936,0.9375,3.828641396489095,0.4166666666666667,3.044522437723423,0.0,0.0,0.4791666666666667,3.1780538303479458,0.0,0.0,0.0208333333333333,0.6931471805599453,0.0,0.0,0.0416666666666666,1.0986122886681098,0.0,0.0,0.0208333333333333,0.6931471805599453,0.4375,3.091042453358316,0.0,0.0,0.0,0.0,3.8918202981106265
group:farc_bloc,2022-03,2022-04,12,81,15,0.0,222.0444022770399,90.16470588235296,0.3743224874476032,0.1519996750188456,-0.1764615931103556,0.3179608732823189,0.1414992801719632,6883.376470588237,2704.9411764705887,31.0,30.0,67.5280202403542,22.800261437908496,0.1138387468883075,0.0384366842323954,-0.070095985586535,0.1078123795808288,0.0377163939942937,2093.36862745098,684.0078431372549,207.9039848197344,83.17150326797386,0.3504845695271954,0.1402105329779065,-0.1692505450308549,0.3004634684371621,0.1312129234063072,6445.0235294117665,2495.145098039216,5375.900278304871,2052.924431372549,9.06269351449182,3.4608203215793916,-0.8135021960891837,2.308834873813609,1.4953326777244254,166652.908627451,61587.732941176466,207.9039848197344,83.17150326797386,0.3504845695271954,0.1402105329779065,-0.1692505450308549,0.3004634684371621,0.1312129234063072,6445.0235294117665,2495.145098039216,593190.1227497617,2049.556862745098,672.0078431372549,6104.55294117647,2362.443137254902,20.4293210202636,18.206483944177695,,743,743; 7974; 8468; 8469; 8478,FARC family,group:farc_bloc,2022-03,2022-03-01,2022,3,26.0,Colombia; Venezuela,ged_rolling_24m,2,1.0986122886681098,False,True,42.0,38.0,3.7612001156935624,3.6635616461296463,32.0,32.0,32.0,1.0,27.0,30.0,24.0,29.0,8.0,0.0,17.0,1.0,0.0,0.0,2.0,0.0,0.0,12.0,0.0,0.0,0.84375,3.332204510175204,0.9375,3.4339872044851463,0.75,3.218875824868201,0.90625,3.4011973816621555,0.25,2.1972245773362196,0.0,0.0,0.53125,2.8903717578961645,0.03125,0.6931471805599453,0.0,0.0,0.0,0.0,0.0625,1.0986122886681098,0.0,0.0,0.0,0.0,0.375,2.5649493574615367,0.0,0.0,0.0,0.0,3.49650756146648
group:farc_bloc,2022-04,2022-05,12,78,15,1.0,90.16470588235296,14.02909550917141,0.1519996750188456,0.0236502513631529,-0.1181243632997836,0.1414992801719632,0.0233749168721796,2704.9411764705887,434.90196078431376,30.0,31.0,22.800261437908496,1.3359898798228969,0.0384366842323954,0.0022522119445108,-0.0354667144774412,0.0377163939942937,0.0022496795168525,684.0078431372549,41.4156862745098,83.17150326797386,13.303858317520556,0.1402105329779065,0.0224276463941271,-0.1090330784479349,0.1312129234063072,0.0221798449583722,2495.145098039216,412.41960784313727,2052.924431372549,160.1535357368754,3.4608203215793916,0.2699868551325095,-1.2563261275968527,1.4953326777244254,0.2390065501275727,61587.732941176466,4964.759607843137,83.17150326797386,13.303858317520556,0.1402105329779065,0.0224276463941271,-0.1090330784479349,0.1312129234063072,0.0221798449583722,2495.145098039216,412.41960784313727,593190.1227497617,672.0078431372549,41.4156862745098,2362.443137254902,403.7176470588235,18.206483944177695,19.2577961288667,,743,743; 7974; 8468; 8469; 8478,FARC family,group:farc_bloc,2022-04,2022-04-01,2022,4,27.0,Colombia; Venezuela,ged_rolling_24m,2,1.0986122886681098,False,True,38.0,29.0,3.6635616461296463,3.4011973816621555,26.0,26.0,26.0,1.0,16.0,23.0,20.0,22.0,7.0,0.0,9.0,4.0,0.0,0.0,3.0,0.0,0.0,10.0,0.0,0.0,0.6153846153846154,2.833213344056216,0.8846153846153846,3.1780538303479458,0.7692307692307693,3.044522437723423,0.8461538461538461,3.1354942159291497,0.2692307692307692,2.0794415416798357,0.0,0.0,0.3461538461538461,2.302585092994046,0.1538461538461538,1.6094379124341005,0.0,0.0,0.0,0.0,0.1153846153846153,1.3862943611198906,0.0,0.0,0.0,0.0,0.3846153846153846,2.3978952727983707,0.0,0.0,0.0,0.0,3.295836866004329
group:farc_bloc,2022-05,2022-06,12,83,15,0.0,14.02909550917141,7.892549019607843,0.0236502513631529,0.0133052603489443,-0.0101573941089264,0.0233749168721796,0.0132175227632532,434.90196078431376,236.7764705882353,31.0,30.0,1.3359898798228969,1.1,0.0022522119445108,0.0018543801688755,-0.0003970165882659,0.0022496795168525,0.0018526629285866,41.4156862745098,33.0,13.303858317520556,7.569542483660131,0.0224276463941271,0.0127607358810547,-0.0094998411920456,0.0221798449583722,0.0126800037663266,412.41960784313727,227.08627450980393,160.1535357368754,81.7005751633987,0.2699868551325095,0.137730842153392,-0.1099707607169383,0.2390065501275727,0.1290357894106343,4964.759607843137,2451.0172549019608,13.303858317520556,7.569542483660131,0.0224276463941271,0.0127607358810547,-0.0094998411920456,0.0221798449583722,0.0126800037663266,412.41960784313727,227.08627450980393,593190.1227497617,41.4156862745098,33.0,403.7176470588235,226.08627450980393,19.2577961288667,18.797366255675648,,743,743; 7974; 8468; 8469; 8478,FARC family,group:farc_bloc,2022-05,2022-05-01,2022,5,28.0,Colombia; Venezuela,ged_rolling_24m,2,1.0986122886681098,False,True,29.0,17.0,3.4011973816621555,2.8903717578961645,31.0,31.0,31.0,1.0,24.0,31.0,25.0,28.0,14.0,0.0,18.0,2.0,0.0,0.0,0.0,0.0,1.0,10.0,0.0,0.0,0.7741935483870968,3.218875824868201,1.0,3.4657359027997265,0.8064516129032258,3.258096538021482,0.9032258064516128,3.367295829986474,0.4516129032258064,2.70805020110221,0.0,0.0,0.5806451612903226,2.9444389791664403,0.064516129032258,1.0986122886681098,0.0,0.0,0.0,0.0,0.0,0.0,0.0,0.0,0.032258064516129,0.6931471805599453,0.3225806451612903,2.3978952727983707,0.0,0.0,0.0,0.0,3.4657359027997265
group:farc_bloc,2022-06,2022-07,12,90,15,1.0,7.892549019607843,10.668311195445922,0.0133052603489443,0.0179846406511161,0.0046073074822151,0.0132175227632532,0.0178248302454683,236.7764705882353,330.71764705882356,30.0,31.0,1.1,1.0341555977229602,0.0018543801688755,0.0017433796654082,-0.0001108011855533,0.0018526629285866,0.0017418617430333,33.0,32.05882352941177,7.569542483660131,10.41024667931689,0.0127607358810547,0.0175495954502069,0.0047173758376172,0.0126800037663266,0.0173973796039438,227.08627450980393,322.71764705882356,81.7005751633987,115.2687413029728,0.137730842153392,0.1943200617849787,0.0485412480849107,0.1290357894106343,0.177577037495545,2451.0172549019608,3573.330980392157,7.569542483660131,10.41024667931689,0.0127607358810547,0.0175495954502069,0.0047173758376172,0.0126800037663266,0.0173973796039438,227.08627450980393,322.71764705882356,593190.1227497617,33.0,32.05882352941177,226.08627450980393,320.6078431372549,18.797366255675648,18.034028529828475,,743,743; 7974; 8468; 8469; 8478,FARC family,group:farc_bloc,2022-06,2022-06-01,2022,6,29.0,Colombia; Venezuela,ged_rolling_24m,2,1.0986122886681098,False,True,17.0,32.0,2.8903717578961645,3.49650756146648,28.0,28.0,28.0,1.0,19.0,27.0,18.0,22.0,14.0,0.0,13.0,2.0,0.0,0.0,1.0,0.0,0.0,12.0,0.0,0.0,0.6785714285714286,2.995732273553991,0.9642857142857144,3.332204510175204,0.6428571428571429,2.9444389791664403,0.7857142857142857,3.1354942159291497,0.5,2.70805020110221,0.0,0.0,0.4642857142857143,2.6390573296152584,0.0714285714285714,1.0986122886681098,0.0,0.0,0.0,0.0,0.0357142857142857,0.6931471805599453,0.0,0.0,0.0,0.0,0.4285714285714285,2.5649493574615367,0.0,0.0,0.0,0.0,3.367295829986474
group:farc_bloc,2022-07,2022-08,12,94,15,0.0,9.24705882352941,23.51777356103732,0.0163073130865787,0.0414739112055005,0.0244611552237398,0.0161757769308124,0.0406369321545522,286.65882352941173,729.0509803921569,31.0,31.0,0.9032258064516128,3.2580645161290325,0.0015928509047877,0.0057456407636985,0.0041376138610799,0.0015915836632913,0.0057291975243712,28.0,101.0,9.021252371916509,22.775838077166352,0.0159091003603817,0.040165497962282,0.0235959561445177,0.0157838770045459,0.0393798331490637,279.65882352941173,706.0509803921569,101.03003162555346,324.8605186590766,0.1781678248517967,0.5728959108340486,0.2889579084984655,0.163960541000423,0.4529184494988886,3131.9309803921574,10070.676078431376,9.021252371916509,22.775838077166352,0.0159091003603817,0.040165497962282,0.0235959561445177,0.0157838770045459,0.0393798331490637,279.65882352941173,706.0509803921569,567049.8122182954,28.0,101.0,278.54901960784315,699.0509803921569,18.17735618499704,15.993908425732794,,743,743; 7974; 8468; 8469; 8478,FARC family,group:farc_bloc,2022-07,2022-07-01,2022,7,30.0,Colombia; Venezuela,ged_rolling_24m,2,1.0986122886681098,False,True,32.0,23.0,3.49650756146648,3.1780538303479458,44.0,44.0,44.0,1.0,37.0,44.0,30.0,39.0,13.0,0.0,23.0,1.0,0.0,0.0,0.0,1.0,0.0,19.0,0.0,0.0,0.8409090909090909,3.6375861597263857,1.0,3.80666248977032,0.6818181818181818,3.4339872044851463,0.8863636363636364,3.688879454113936,0.2954545454545454,2.6390573296152584,0.0,0.0,0.5227272727272727,3.1780538303479458,0.0227272727272727,0.6931471805599453,0.0,0.0,0.0,0.0,0.0,0.0,0.0227272727272727,0.6931471805599453,0.0,0.0,0.4318181818181818,2.995732273553991,0.0,0.0,0.0,0.0,3.80666248977032
group:farc_bloc,2022-08,2022-09,12,95,15,1.0,23.51777356103732,27.184313725490195,0.0414739112055005,0.0479399042901457,0.0061893088655183,0.0406369321545522,0.0468262410200706,729.0509803921569,815.5294117647059,31.0,30.0,3.2580645161290325,3.3,0.0057456407636985,0.0058195945557065,7.35286042360013e-05,0.0057291975243712,0.0058027261286072,101.0,99.0,22.775838077166352,25.93738562091503,0.040165497962282,0.0457409297420417,0.0053458247057675,0.0393798331490637,0.0447256578548313,706.0509803921569,778.121568627451,324.8605186590766,309.5674640522875,0.5728959108340486,0.5459264025522933,-0.0172951055429522,0.4529184494988886,0.4356233439559364,10070.676078431376,9287.023921568623,22.775838077166352,25.93738562091503,0.040165497962282,0.0457409297420417,0.0053458247057675,0.0393798331490637,0.0447256578548313,706.0509803921569,778.121568627451,567049.8122182954,101.0,99.0,699.0509803921569,765.1215686274509,15.993908425732794,21.66458606693017,,743,743; 7974; 8468; 8469; 8478,FARC family,group:farc_bloc,2022-08,2022-08-01,2022,8,31.0,Colombia; Venezuela,ged_rolling_24m,2,1.0986122886681098,False,True,23.0,21.0,3.1780538303479458,3.091042453358316,33.0,33.0,33.0,1.0,25.0,31.0,21.0,26.0,18.0,0.0,5.0,6.0,0.0,0.0,2.0,0.0,1.0,19.0,0.0,0.0,0.7575757575757576,3.258096538021482,0.9393939393939394,3.4657359027997265,0.6363636363636364,3.091042453358316,0.7878787878787878,3.295836866004329,0.5454545454545454,2.9444389791664403,0.0,0.0,0.1515151515151515,1.791759469228055,0.1818181818181818,1.9459101490553132,0.0,0.0,0.0,0.0,0.0606060606060606,1.0986122886681098,0.0,0.0,0.0303030303030303,0.6931471805599453,0.5757575757575758,2.995732273553991,0.0,0.0,0.0,0.0,3.5263605246161616
group:farc_bloc,2022-09,2022-10,12,95,14,0.0,28.35294117647059,18.632005060088552,0.0501539809265562,0.0329584581927843,-0.016509827311615,0.0489368019190738,0.0324269746074588,850.5882352941178,577.5921568627451,30.0,31.0,3.4,1.935483870967742,0.0060143155550932,0.0034237090446451,-0.0025784402544452,0.0059963017503485,0.0034178614959032,102.0,60.0,27.03934640522876,17.535230866540164,0.0478303416719183,0.0310183564008188,-0.016174675737177,0.0467216850759842,0.0305470093388072,811.1803921568628,543.5921568627451,322.5451111111111,194.5980392156863,0.5705553173455411,0.3442276512486912,-0.1556096510100927,0.4514292621368693,0.2958196111267765,9676.353333333333,6032.539215686275,27.03934640522876,17.535230866540164,0.0478303416719183,0.0310183564008188,-0.016174675737177,0.0467216850759842,0.0305470093388072,811.1803921568628,543.5921568627451,565317.8601712524,102.0,60.0,798.1803921568628,538.5921568627451,21.793107614275826,20.83393424550611,,743,743; 7974; 8468; 8469; 8478,FARC family,group:farc_bloc,2022-09,2022-09-01,2022,9,32.0,Colombia; Venezuela,ged_rolling_24m,2,1.0986122886681098,False,True,21.0,24.0,3.091042453358316,3.218875824868201,11.0,11.0,11.0,1.0,10.0,11.0,9.0,11.0,7.0,0.0,7.0,0.0,0.0,0.0,0.0,0.0,0.0,4.0,0.0,0.0,0.9090909090909092,2.3978952727983707,1.0,2.4849066497880004,0.8181818181818182,2.302585092994046,1.0,2.4849066497880004,0.6363636363636364,2.0794415416798357,0.0,0.0,0.6363636363636364,2.0794415416798357,0.0,0.0,0.0,0.0,0.0,0.0,0.0,0.0,0.0,0.0,0.0,0.0,0.3636363636363636,1.6094379124341005,0.0,0.0,0.0,0.0,2.4849066497880004
group:farc_bloc,2022-10,2022-11,12,91,14,1.0,19.114104996837444,30.123529411764704,0.0338579624469785,0.0533596172963754,0.0186872921708949,0.0332973995779624,0.0519846917488573,592.5372549019608,903.7058823529412,31.0,30.0,2.193548387096774,4.1815686274509805,0.0038855640339027,0.0074070637145251,0.0035017314044307,0.0038780347274048,0.0073797661318356,68.0,125.44705882352942,17.920556609740668,28.46222222222222,0.031743758487355,0.0504168440697069,0.0179367395507047,0.0312503401894212,0.0491870797401259,555.5372549019608,853.8666666666666,206.8517141049969,349.2300392156863,0.3664088676618091,0.6186121482056295,0.1693830495993495,0.3121860338304431,0.4815690834297926,6412.4031372549025,10476.901176470588,17.920556609740668,28.46222222222222,0.031743758487355,0.0504168440697069,0.0179367395507047,0.0312503401894212,0.0491870797401259,555.5372549019608,853.8666666666666,564537.9584424208,68.0,124.44705882352942,550.5372549019608,845.7921568627451,20.80823190135868,20.92044285777913,,743,743; 7974; 8468; 8469; 8478,FARC family,group:farc_bloc,2022-10,2022-10-01,2022,10,33.0,Colombia; Venezuela,ged_rolling_24m,2,1.0986122886681098,False,True,24.0,8.0,3.218875824868201,2.1972245773362196,7.0,7.0,7.0,1.0,6.0,7.0,3.0,5.0,1.0,0.0,3.0,1.0,1.0,0.0,0.0,0.0,0.0,2.0,0.0,0.0,0.8571428571428571,1.9459101490553132,1.0,2.0794415416798357,0.4285714285714285,1.3862943611198906,0.7142857142857143,1.791759469228055,0.1428571428571428,0.6931471805599453,0.0,0.0,0.4285714285714285,1.3862943611198906,0.1428571428571428,0.6931471805599453,0.1428571428571428,0.6931471805599453,0.0,0.0,0.0,0.0,0.0,0.0,0.0,0.0,0.2857142857142857,1.0986122886681098,0.0,0.0,0.0,0.0,2.0794415416798357
group:farc_bloc,2022-11,2022-12,12,89,15,0.0,30.487581699346403,93.34256799493993,0.0453305909869336,0.1387867956591445,0.0856302909956669,0.0443331903984986,0.1299634813941656,914.6274509803922,2893.619607843137,30.0,31.0,4.28156862745098,18.954332700822263,0.0063660685897441,0.0281823304834195,0.0214466248238385,0.006345890765432,0.0277925155892706,128.4470588235294,587.5843137254901,28.826274509803923,89.98772928526249,0.0428604693008172,0.1337986394034196,0.0836062340406281,0.0419673888344545,0.1255736228750827,864.7882352941177,2789.619607843137,352.7889934640524,1480.219114484503,0.5245458208236244,2.2008701087359976,0.7417261385343978,0.4216965432907353,1.1634226818251332,10583.669803921572,45886.79254901959,28.826274509803923,89.98772928526249,0.0428604693008172,0.1337986394034196,0.0836062340406281,0.0419673888344545,0.1255736228750827,864.7882352941177,2789.619607843137,672560.8697255749,127.44705882352942,581.5843137254901,856.7137254901962,2707.619607843137,20.88639669005125,26.923319893620288,,743,743; 7974; 8468; 8469; 8478,FARC family,group:farc_bloc,2022-11,2022-11-01,2022,11,34.0,Colombia; Venezuela,ged_rolling_24m,2,1.0986122886681098,False,True,8.0,24.0,2.1972245773362196,3.218875824868201,21.0,21.0,21.0,1.0,18.0,20.0,17.0,19.0,3.0,0.0,14.0,0.0,0.0,0.0,1.0,0.0,0.0,6.0,0.0,0.0,0.8571428571428571,2.9444389791664403,0.9523809523809524,3.044522437723423,0.8095238095238095,2.8903717578961645,0.9047619047619048,2.995732273553991,0.1428571428571428,1.3862943611198906,0.0,0.0,0.6666666666666666,2.70805020110221,0.0,0.0,0.0,0.0,0.0,0.0,0.0476190476190476,0.6931471805599453,0.0,0.0,0.0,0.0,0.2857142857142857,1.9459101490553132,0.0,0.0,0.0,0.0,3.091042453358316
group:farc_bloc,2022-12,2023-01,12,91,15,1.0,93.34256799493993,142.66097406704617,0.1387867956591445,0.2121160782447188,0.0624041757962137,0.1299634813941656,0.1923676571903794,2893.619607843137,4422.490196078431,31.0,31.0,18.954332700822263,43.645034788108795,0.0281823304834195,0.0648938062749878,0.0350825661826523,0.0277925155892706,0.0628750817719229,587.5843137254901,1352.9960784313726,89.98772928526249,137.21492726122705,0.1337986394034196,0.204018600304854,0.0600911726504001,0.1255736228750827,0.1856647955254829,2789.619607843137,4253.662745098039,1480.219114484503,3374.6858191018364,2.2008701087359976,5.017666015090664,0.631276797184088,1.1634226818251332,1.7946994790092212,45886.79254901959,104615.26039215692,89.98772928526249,137.21492726122705,0.1337986394034196,0.204018600304854,0.0600911726504001,0.1255736228750827,0.1856647955254829,2789.619607843137,4253.662745098039,672560.8697255749,581.5843137254901,1319.9960784313726,2707.619607843137,4027.5372549019608,26.923319893620288,22.80096555273474,,743,743; 7974; 8468; 8469; 8478,FARC family,group:farc_bloc,2022-12,2022-12-01,2022,12,35.0,Colombia; Venezuela,ged_rolling_24m,2,1.0986122886681098,False,True,24.0,53.0,3.218875824868201,3.9889840465642745,38.0,38.0,38.0,1.0,29.0,33.0,26.0,31.0,20.0,0.0,26.0,0.0,1.0,0.0,4.0,0.0,1.0,6.0,0.0,0.0,0.7631578947368421,3.4011973816621555,0.868421052631579,3.5263605246161616,0.6842105263157895,3.295836866004329,0.8157894736842105,3.4657359027997265,0.5263157894736842,3.044522437723423,0.0,0.0,0.6842105263157895,3.295836866004329,0.0,0.0,0.0263157894736842,0.6931471805599453,0.0,0.0,0.1052631578947368,1.6094379124341005,0.0,0.0,0.0263157894736842,0.6931471805599453,0.1578947368421052,1.9459101490553132,0.0,0.0,0.0,0.0,3.6635616461296463
group:farc_bloc,2023-01,2023-02,12,86,15,0.0,142.66097406704617,281.44089635854345,0.2121160782447188,0.4184615980905637,0.1572052455143468,0.1923676571903794,0.3495729027047262,4422.490196078431,7880.345098039216,31.0,28.0,43.645034788108795,88.54369747899159,0.0648938062749878,0.1316515745483678,0.0608030542946897,0.0628750817719229,0.1236781360666126,1352.9960784313726,2479.2235294117645,137.21492726122705,270.6745098039216,0.204018600304854,0.4024535502851436,0.1525584431144987,0.1856647955254829,0.3382232386399816,4253.662745098039,7578.886274509805,3374.6858191018364,7434.488795518215,5.017666015090664,11.054001399979915,0.6946971921939769,1.7946994790092212,2.489396671203198,104615.26039215692,208165.68627451,137.21492726122705,270.6745098039216,0.204018600304854,0.4024535502851436,0.1525584431144987,0.1856647955254829,0.3382232386399816,4253.662745098039,7578.886274509805,672560.8697255749,1319.9960784313726,2411.2235294117645,4027.5372549019608,7092.9960784313735,22.80096555273474,23.596260367496413,,743,743; 7974; 8468; 8469; 8478,FARC family,group:farc_bloc,2023-01,2023-01-01,2023,1,36.0,Colombia; Venezuela,ged_rolling_24m,2,1.0986122886681098,False,True,53.0,22.0,3.9889840465642745,3.1354942159291497,13.0,13.0,13.0,1.0,11.0,13.0,8.0,11.0,5.0,0.0,4.0,1.0,0.0,0.0,0.0,0.0,0.0,8.0,0.0,0.0,0.8461538461538461,2.4849066497880004,1.0,2.6390573296152584,0.6153846153846154,2.1972245773362196,0.8461538461538461,2.4849066497880004,0.3846153846153846,1.791759469228055,0.0,0.0,0.3076923076923077,1.6094379124341005,0.0769230769230769,0.6931471805599453,0.0,0.0,0.0,0.0,0.0,0.0,0.0,0.0,0.0,0.0,0.6153846153846154,2.1972245773362196,0.0,0.0,0.0,0.0,2.6390573296152584
group:farc_bloc,2023-02,2023-03,12,86,14,1.0,174.72268907563026,110.21518026565464,0.2840667649851435,0.1791894909353576,-0.0852048711837353,0.2500322015679194,0.164827330384184,4892.235294117647,3416.6705882352944,28.0,31.0,52.44845938375351,27.913598987982287,0.0852714908660114,0.0453823473388532,-0.0374474765694815,0.0818301776884443,0.0443827011189628,1468.5568627450982,865.3215686274509,168.7140056022409,106.59987349778622,0.2742977573929666,0.1733116710402394,-0.0825650097710118,0.2423952483608654,0.1598302385898536,4723.992156862745,3304.596078431373,4586.311932773114,2123.0592283364954,7.456494636433183,3.4517014936986827,-0.6416483609455703,2.134934742178011,1.4932863812324406,128416.7341176472,65814.83607843136,168.7140056022409,106.59987349778622,0.2742977573929666,0.1733116710402394,-0.0825650097710118,0.2423952483608654,0.1598302385898536,4723.992156862745,3304.596078431373,615076.1391772392,1416.5568627450982,854.3215686274509,4390.996078431373,3138.1098039215685,23.281252807500632,19.541204698996452,,743,743; 7974; 8468; 8469; 8478,FARC family,group:farc_bloc,2023-02,2023-02-01,2023,2,37.0,Colombia; Venezuela,ged_rolling_24m,2,1.0986122886681098,False,True,22.0,48.0,3.1354942159291497,3.8918202981106265,15.0,15.0,15.0,1.0,11.0,14.0,13.0,15.0,7.0,0.0,3.0,2.0,0.0,0.0,1.0,0.0,0.0,7.0,2.0,0.0,0.7333333333333333,2.4849066497880004,0.9333333333333332,2.70805020110221,0.8666666666666667,2.6390573296152584,1.0,2.772588722239781,0.4666666666666667,2.0794415416798357,0.0,0.0,0.2,1.3862943611198906,0.1333333333333333,1.0986122886681098,0.0,0.0,0.0,0.0,0.0666666666666666,0.6931471805599453,0.0,0.0,0.0,0.0,0.4666666666666667,2.0794415416798357,0.1333333333333333,1.0986122886681098,0.0,0.0,2.772588722239781
group:farc_bloc,2023-03,2023-04,12,89,13,0.0,109.77722960151804,18.815032679738565,0.185899244471388,0.0318618020564394,-0.1391365975391382,0.1705013428953899,0.0313647453562516,3403.0941176470587,564.4509803921569,31.0,30.0,27.88134092346616,3.5721568627450977,0.0472148935743399,0.0060491712564443,-0.0401032093234478,0.0461341577950185,0.0060309484715707,864.3215686274509,107.16470588235292,106.25869702719798,18.028496732026145,0.1799408817982876,0.0305298642861015,-0.1353912357387438,0.1654643370515753,0.0300731013128315,3294.0196078431372,540.8549019607843,2118.6322833649583,335.6181045751634,3.5877398456846397,0.5683432921191102,-1.0733676601864637,1.5233874944520782,0.4500198342656147,65677.6007843137,10068.5431372549,106.25869702719798,18.028496732026145,0.1799408817982876,0.0305298642861015,-0.1353912357387438,0.1654643370515753,0.0300731013128315,3294.0196078431372,540.8549019607843,590520.0417229987,853.3215686274509,107.16470588235292,3127.533333333333,535.8549019607843,19.586855130671623,17.890641635929807,,743,743; 7974; 8468; 8469; 8478,FARC family,group:farc_bloc,2023-03,2023-03-01,2023,3,38.0,Colombia; Venezuela,ged_rolling_24m,2,1.0986122886681098,False,True,48.0,30.0,3.8918202981106265,3.4339872044851463,22.0,22.0,22.0,1.0,12.0,18.0,16.0,22.0,12.0,0.0,5.0,2.0,2.0,0.0,4.0,0.0,0.0,9.0,0.0,0.0,0.5454545454545454,2.5649493574615367,0.8181818181818182,2.9444389791664403,0.7272727272727273,2.833213344056216,1.0,3.1354942159291497,0.5454545454545454,2.5649493574615367,0.0,0.0,0.2272727272727272,1.791759469228055,0.0909090909090909,1.0986122886681098,0.0909090909090909,1.0986122886681098,0.0,0.0,0.1818181818181818,1.6094379124341005,0.0,0.0,0.0,0.0,0.4090909090909091,2.302585092994046,0.0,0.0,0.0,0.0,3.1354942159291497
group:farc_bloc,2023-04,2023-05,12,91,15,1.0,25.446405228758177,18.67919038583175,0.0397492628583327,0.0291783472735139,-0.0102188278810614,0.0389795906801447,0.0287607627990832,763.3921568627452,579.0549019607843,30.0,31.0,4.405490196078431,3.5383934218848827,0.0068817181149745,0.0055272455562306,-0.0013461207813374,0.0068581471701442,0.0055120263888068,132.16470588235293,109.69019607843136,23.89058823529412,18.003921568627447,0.0373189557844371,0.0281235248939365,-0.0089041372300536,0.0366394574470062,0.0277353202169525,716.7176470588236,558.1215686274509,440.14935947712416,247.61715370018985,0.6875475113086064,0.3867972407960177,-0.1962793530102546,0.5232762982177521,0.3269969452074975,13204.480784313724,7676.131764705884,23.89058823529412,18.003921568627447,0.0373189557844371,0.0281235248939365,-0.0089041372300536,0.0366394574470062,0.0277353202169525,716.7176470588236,558.1215686274509,640173.0094832133,132.16470588235293,109.69019607843136,707.8196078431374,552.0666666666666,17.875090175500326,19.803157408522548,,743,743; 7974; 8468; 8469; 8478,FARC family,group:farc_bloc,2023-04,2023-04-01,2023,4,39.0,Colombia; Venezuela,ged_rolling_24m,2,1.0986122886681098,False,True,30.0,49.0,3.4339872044851463,3.912023005428146,20.0,20.0,20.0,1.0,14.0,18.0,13.0,16.0,9.0,0.0,4.0,2.0,1.0,0.0,1.0,0.0,0.0,12.0,0.0,0.0,0.7,2.70805020110221,0.9,2.9444389791664403,0.65,2.6390573296152584,0.8,2.833213344056216,0.45,2.302585092994046,0.0,0.0,0.2,1.6094379124341005,0.1,1.0986122886681098,0.05,0.6931471805599453,0.0,0.0,0.05,0.6931471805599453,0.0,0.0,0.0,0.0,0.6,2.5649493574615367,0.0,0.0,0.0,0.0,3.044522437723423
group:farc_bloc,2023-05,2023-06,12,109,15,0.0,18.67919038583175,13.53281045751634,0.0291783472735139,0.0211393018091169,-0.0078417962835029,0.0287607627990832,0.0209189665155803,579.0549019607843,405.9843137254902,31.0,30.0,3.5383934218848827,2.433333333333333,0.0055272455562306,0.003801055804114,-0.0017181763434171,0.0055120263888068,0.0037938500453897,109.69019607843136,73.0,18.003921568627447,13.150065359477123,0.0281235248939365,0.0205414242160766,-0.0074020256945582,0.0277353202169525,0.0203332945223943,558.1215686274509,394.5019607843137,247.61715370018985,164.4109411764706,0.3867972407960177,0.2568226694049366,-0.0984101000104046,0.3269969452074975,0.2285868451970929,7676.131764705884,4932.328235294118,18.003921568627447,13.150065359477123,0.0281235248939365,0.0205414242160766,-0.0074020256945582,0.0277353202169525,0.0203332945223943,558.1215686274509,394.5019607843137,640173.0094832133,109.69019607843136,72.0,552.0666666666666,391.44705882352946,19.803157408522548,22.56371305767368,,743,743; 7974; 8468; 8469; 8478,FARC family,group:farc_bloc,2023-05,2023-05-01,2023,5,40.0,Colombia; Venezuela,ged_rolling_24m,2,1.0986122886681098,False,True,49.0,39.0,3.912023005428146,3.688879454113936,57.0,57.0,57.0,1.0,49.0,54.0,47.0,49.0,21.0,0.0,7.0,17.0,1.0,0.0,3.0,0.0,0.0,29.0,0.0,0.0,0.8596491228070176,3.912023005428146,0.9473684210526316,4.007333185232471,0.8245614035087719,3.871201010907891,0.8596491228070176,3.912023005428146,0.3684210526315789,3.091042453358316,0.0,0.0,0.1228070175438596,2.0794415416798357,0.2982456140350877,2.8903717578961645,0.0175438596491228,0.6931471805599453,0.0,0.0,0.0526315789473684,1.3862943611198906,0.0,0.0,0.0,0.0,0.5087719298245614,3.4011973816621555,0.0,0.0,0.0,0.0,4.060443010546419
group:farc_bloc,2023-06,2023-07,12,120,14,1.0,13.33281045751634,17.995319418089817,0.0211855928496897,0.0285942346219167,0.0072287510437525,0.0209642982262222,0.0281930492699747,399.9843137254902,557.8549019607843,30.0,31.0,2.4,2.4838709677419355,0.0038135562641702,0.0039468257035094,0.0001327543273909,0.0038063030928829,0.0039390574202739,72.0,77.0,12.950065359477124,17.414674256799493,0.0205774178637698,0.0276716000418755,0.0069270977149158,0.0203685630691883,0.0272956607841041,388.5019607843137,539.8549019607843,161.98760784313723,267.6237950664137,0.2573953569200594,0.4252493333818855,0.1253043648530475,0.2290424043562677,0.3543467692093153,4859.628235294118,8296.337647058825,12.950065359477124,17.414674256799493,0.0205774178637698,0.0276716000418755,0.0069270977149158,0.0203685630691883,0.0272956607841041,388.5019607843137,539.8549019607843,629333.8379582603,71.0,77.0,385.44705882352946,528.8549019607843,22.616449798862515,21.58778283879851,,743,743; 7974; 8468; 8469; 8478,FARC family,group:farc_bloc,2023-06,2023-06-01,2023,6,41.0,Colombia; Venezuela,ged_rolling_24m,2,1.0986122886681098,False,True,39.0,38.0,3.688879454113936,3.6635616461296463,17.0,17.0,17.0,1.0,12.0,16.0,11.0,13.0,8.0,0.0,1.0,2.0,0.0,0.0,1.0,0.0,0.0,13.0,0.0,0.0,0.7058823529411765,2.5649493574615367,0.9411764705882352,2.833213344056216,0.6470588235294118,2.4849066497880004,0.7647058823529411,2.6390573296152584,0.4705882352941176,2.1972245773362196,0.0,0.0,0.0588235294117647,0.6931471805599453,0.1176470588235294,1.0986122886681098,0.0,0.0,0.0,0.0,0.0588235294117647,0.6931471805599453,0.0,0.0,0.0,0.0,0.7647058823529411,2.6390573296152584,0.0,0.0,0.0,0.0,2.8903717578961645
group:farc_bloc,2023-07,2023-08,12,122,13,0.0,17.995319418089814,37.41707779886149,0.0313784463636527,0.0652441749722954,0.032307840196828,0.0308962049601448,0.0632040451569729,557.8549019607842,1159.929411764706,31.0,31.0,2.4838709677419355,6.36483238456673,0.0043311268960958,0.0110983610211441,0.0067154515676116,0.0043217745603786,0.0110372261279903,77.0,197.30980392156863,17.414674256799493,36.345098039215685,0.0303659751411887,0.0633749633951364,0.0315337230876856,0.0299140548029373,0.0614477778906229,539.8549019607843,1126.6980392156863,267.6237950664137,518.0425300442757,0.4666557288606359,0.9033109868972118,0.2606101996131328,0.3829847946332768,0.6435949942464096,8296.337647058825,16059.318431372549,17.414674256799493,36.345098039215685,0.0303659751411887,0.0633749633951364,0.0315337230876856,0.0299140548029373,0.0614477778906229,539.8549019607843,1126.6980392156863,573493.0024749318,77.0,197.30980392156863,528.8549019607843,1104.6784313725493,21.430083802032055,24.08465085020287,,743,743; 7974; 8468; 8469; 8478,FARC family,group:farc_bloc,2023-07,2023-07-01,2023,7,42.0,Colombia; Venezuela,ged_rolling_24m,2,1.0986122886681098,False,True,38.0,55.0,3.6635616461296463,4.02535169073515,62.0,62.0,62.0,1.0,50.0,61.0,47.0,58.0,27.0,0.0,34.0,3.0,1.0,0.0,1.0,1.0,1.0,21.0,0.0,0.0,0.8064516129032258,3.9318256327243257,0.9838709677419356,4.127134385045092,0.7580645161290323,3.871201010907891,0.935483870967742,4.07753744390572,0.4354838709677419,3.332204510175204,0.0,0.0,0.5483870967741935,3.5553480614894135,0.0483870967741935,1.3862943611198906,0.0161290322580645,0.6931471805599453,0.0,0.0,0.0161290322580645,0.6931471805599453,0.0161290322580645,0.6931471805599453,0.0161290322580645,0.6931471805599453,0.3387096774193548,3.091042453358316,0.0,0.0,0.0,0.0,4.143134726391533
group:farc_bloc,2023-08,2023-09,12,129,13,1.0,37.41707779886149,38.72222222222222,0.0652441749722954,0.0675199558758606,0.0021341148178476,0.0632040451569729,0.0653381599748205,1159.929411764706,1161.6666666666667,31.0,30.0,6.36483238456673,7.010196078431374,0.0110983610211441,0.0122236819772492,0.0011123499356232,0.0110372261279903,0.0121495760636135,197.30980392156863,210.3058823529412,36.345098039215685,36.82941176470589,0.0633749633951364,0.0642194614507362,0.0007938525219734,0.0614477778906229,0.0622416304125964,1126.6980392156863,1104.8823529411766,518.0425300442757,486.6423398692811,0.9033109868972118,0.8485584615141891,-0.0291888688904085,0.6435949942464096,0.6144061253560011,16059.318431372549,14599.270196078432,36.345098039215685,36.82941176470589,0.0633749633951364,0.0642194614507362,0.0007938525219734,0.0614477778906229,0.0622416304125964,1126.6980392156863,1104.8823529411766,573493.0024749318,197.30980392156863,210.3058823529412,1104.6784313725493,1087.8823529411766,24.08465085020287,23.233436497648228,,743,743; 7974; 8468; 8469; 8478,FARC family,group:farc_bloc,2023-08,2023-08-01,2023,8,43.0,Colombia; Venezuela,ged_rolling_24m,2,1.0986122886681098,False,True,55.0,89.0,4.02535169073515,4.499809670330265,63.0,63.0,63.0,1.0,53.0,61.0,51.0,60.0,42.0,0.0,32.0,5.0,1.0,0.0,2.0,2.0,1.0,20.0,0.0,0.0,0.8412698412698413,3.9889840465642745,0.9682539682539684,4.127134385045092,0.8095238095238095,3.951243718581427,0.9523809523809524,4.110873864173311,0.6666666666666666,3.7612001156935624,0.0,0.0,0.5079365079365079,3.49650756146648,0.0793650793650793,1.791759469228055,0.0158730158730158,0.6931471805599453,0.0,0.0,0.0317460317460317,1.0986122886681098,0.0317460317460317,1.0986122886681098,0.0158730158730158,0.6931471805599453,0.3174603174603174,3.044522437723423,0.0,0.0,0.0,0.0,4.1588830833596715
group:farc_bloc,2023-09,2023-10,12,141,13,0.0,38.72222222222222,24.01808981657179,0.0675199558758572,0.0418803537496004,-0.0243110468931964,0.0653381599748174,0.041027113081621,1161.6666666666667,744.5607843137255,30.0,31.0,7.010196078431374,3.2671726755218216,0.0122236819772486,0.0056969704275763,-0.0064687720015861,0.0121495760636128,0.0056808040620267,210.3058823529412,101.28235294117648,36.82941176470589,22.92586970271979,0.0642194614507331,0.0399758490579329,-0.0230441395886283,0.0622416304125935,0.0391974908239652,1104.8823529411766,710.7019607843137,486.6423398692811,281.92499683744467,0.848558461514147,0.4915927406625228,-0.2145616228577605,0.6144061253559784,0.3998445024982178,14599.270196078432,8739.674901960785,36.82941176470589,22.92586970271979,0.0642194614507331,0.0399758490579329,-0.0230441395886283,0.0622416304125935,0.0391974908239652,1104.8823529411766,710.7019607843137,573493.0024749602,210.3058823529412,101.28235294117648,1087.8823529411766,699.9960784313726,23.233436497648228,21.369647052288386,,743,743; 7974; 8468; 8469; 8478,FARC family,group:farc_bloc,2023-09,2023-09-01,2023,9,44.0,Colombia; Venezuela,ged_rolling_24m,2,1.0986122886681098,False,True,89.0,59.0,4.499809670330265,4.0943445622221,59.0,59.0,59.0,1.0,55.0,58.0,34.0,56.0,27.0,0.0,39.0,2.0,0.0,0.0,1.0,0.0,0.0,15.0,2.0,0.0,0.9322033898305084,4.02535169073515,0.9830508474576272,4.07753744390572,0.576271186440678,3.5553480614894135,0.9491525423728814,4.04305126783455,0.4576271186440678,3.332204510175204,0.0,0.0,0.6610169491525424,3.688879454113936,0.0338983050847457,1.0986122886681098,0.0,0.0,0.0,0.0,0.0169491525423728,0.6931471805599453,0.0,0.0,0.0,0.0,0.2542372881355932,2.772588722239781,0.0338983050847457,1.0986122886681098,0.0,0.0,4.0943445622221
group:farc_bloc,2023-10,2023-11,12,147,13,1.0,24.01808981657179,23.469673202614377,0.0418803537496004,0.0409240794592591,-0.0009182565029034,0.041027113081621,0.0401088565787175,744.5607843137255,704.0901960784313,31.0,30.0,3.2671726755218216,2.272418300653595,0.0056969704275763,0.0039624167877319,-0.001726216971494,0.0056808040620267,0.0039545870905326,101.28235294117648,68.17254901960784,22.92586970271979,22.443398692810455,0.0399758490579329,0.0391345641462998,-0.0008092739589056,0.0391974908239652,0.0383882168650595,710.7019607843137,673.3019607843137,281.92499683744467,239.43243137254905,0.4915927406625228,0.4174984356204121,-0.0509508494978136,0.3998445024982178,0.3488936530004042,8739.674901960785,7182.972941176471,22.92586970271979,22.443398692810455,0.0399758490579329,0.0391345641462998,-0.0008092739589056,0.0391974908239652,0.0383882168650595,710.7019607843137,673.3019607843137,573493.0024749602,101.28235294117648,68.17254901960784,699.9960784313726,666.3019607843137,21.369647052288386,21.15661527121641,,743,743; 7974; 8468; 8469; 8478,FARC family,group:farc_bloc,2023-10,2023-10-01,2023,10,45.0,Colombia; Venezuela,ged_rolling_24m,2,1.0986122886681098,False,True,59.0,46.0,4.0943445622221,3.8501476017100584,38.0,38.0,38.0,1.0,30.0,36.0,25.0,35.0,19.0,0.0,18.0,1.0,1.0,0.0,2.0,0.0,0.0,16.0,0.0,0.0,0.7894736842105263,3.4339872044851463,0.9473684210526316,3.610917912644224,0.6578947368421053,3.258096538021482,0.9210526315789472,3.58351893845611,0.5,2.995732273553991,0.0,0.0,0.4736842105263157,2.9444389791664403,0.0263157894736842,0.6931471805599453,0.0263157894736842,0.6931471805599453,0.0,0.0,0.0526315789473684,1.0986122886681098,0.0,0.0,0.0,0.0,0.4210526315789473,2.833213344056216,0.0,0.0,0.0,0.0,3.6635616461296463
group:farc_bloc,2023-11,2023-12,12,159,12,0.0,23.404052287581695,22.269955724225177,0.0502804642671178,0.0478440100570251,-0.0023225078732017,0.0490572373280474,0.0467347294548457,702.1215686274509,690.3686274509804,30.0,31.0,2.272418300653595,3.3938013915243515,0.0048819856391529,0.0072911266604364,0.0023945675028813,0.0048701073911992,0.0072646748940805,68.17254901960784,105.2078431372549,22.443398692810455,21.421378874130298,0.0482166289897286,0.046020956618893,-0.0020968711386242,0.0470902715891592,0.0449934004505349,673.3019607843137,664.0627450980392,239.43243137254908,288.57048703352314,0.5143884341945533,0.6199549498328819,0.0673866564483313,0.4150116836641565,0.4823983401124878,7182.972941176472,8945.685098039217,22.443398692810455,21.421378874130298,0.0482166289897286,0.046020956618893,-0.0020968711386242,0.0470902715891592,0.0449934004505349,673.3019607843137,664.0627450980392,465470.09119180613,68.17254901960784,103.2078431372549,666.3019607843137,653.0627450980392,21.16725091645068,23.73845723433,,743,743; 7974; 8468; 8469; 8478,FARC family,group:farc_bloc,2023-11,2023-11-01,2023,11,46.0,Colombia; Venezuela,ged_rolling_24m,2,1.0986122886681098,False,True,46.0,31.0,3.8501476017100584,3.4657359027997265,0.0,0.0,0.0,0.0,0.0,0.0,0.0,0.0,0.0,0.0,0.0,0.0,0.0,0.0,0.0,0.0,0.0,0.0,0.0,0.0,0.0,0.0,0.0,0.0,0.0,0.0,0.0,0.0,0.0,0.0,0.0,0.0,0.0,0.0,0.0,0.0,0.0,0.0,0.0,0.0,0.0,0.0,0.0,0.0,0.0,0.0,0.0,0.0,0.0,0.0,0.0,0.0,0.0
group:farc_bloc,2023-12,2024-01,12,164,12,1.0,22.269955724225177,118.32776723592664,0.0478440100570251,0.2542113220055794,0.1797722169040188,0.0467347294548457,0.2265069463588645,690.3686274509804,3668.160784313726,31.0,31.0,3.3938013915243515,31.120936116382037,0.0072911266604364,0.0668591531556815,0.0574542860467015,0.0072646748940805,0.064718960940782,105.2078431372549,964.7490196078433,21.421378874130298,114.23263757115748,0.046020956618893,0.2454134857057564,0.1744741913602183,0.0449934004505349,0.2194675918107532,664.0627450980392,3541.211764705882,288.57048703352314,2459.908842504744,0.6199549498328819,5.284783897084142,1.3557331174219782,0.4823983401124878,1.838131457534466,8945.685098039217,76257.17411764707,21.421378874130298,114.23263757115748,0.046020956618893,0.2454134857057564,0.1744741913602183,0.0449934004505349,0.2194675918107532,664.0627450980392,3541.211764705882,465470.09119180613,103.2078431372549,947.7490196078433,653.0627450980392,3348.3450980392163,23.73845723433,28.48779684886087,,743,743; 7974; 8468; 8469; 8478,FARC family,group:farc_bloc,2023-12,2023-12-01,2023,12,47.0,Colombia; Venezuela,ged_rolling_24m,2,1.0986122886681098,False,True,31.0,122.0,3.4657359027997265,4.812184355372417,37.0,37.0,37.0,1.0,31.0,34.0,27.0,34.0,13.0,0.0,12.0,5.0,0.0,0.0,2.0,0.0,0.0,18.0,0.0,0.0,0.8378378378378378,3.4657359027997265,0.918918918918919,3.5553480614894135,0.7297297297297297,3.332204510175204,0.918918918918919,3.5553480614894135,0.3513513513513513,2.6390573296152584,0.0,0.0,0.3243243243243243,2.5649493574615367,0.1351351351351351,1.791759469228055,0.0,0.0,0.0,0.0,0.054054054054054,1.0986122886681098,0.0,0.0,0.0,0.0,0.4864864864864865,2.9444389791664403,0.0,0.0,0.0,0.0,3.6375861597263857
group:farc_bloc,2024-01,2024-02,12,158,12,0.0,118.32776723592664,203.60878972278567,0.2542113220055945,0.4374261495544658,0.1363471717878108,0.2265069463588767,0.3628541181466875,3668.160784313726,5904.654901960785,31.0,29.0,31.120936116382037,68.63881000676132,0.0668591531556855,0.1474612683083894,0.0728329483339709,0.0647189609407858,0.1375519092747567,964.7490196078433,1990.5254901960784,114.23263757115748,197.916430020284,0.2454134857057711,0.4251968789520794,0.1348423730346686,0.219467591810765,0.3543099648454337,3541.211764705882,5739.576470588236,2459.908842504744,6626.7140094658525,5.2847838970844565,14.236605390690032,0.8855693245199479,1.838131457534516,2.723700782054464,76257.17411764707,192174.70627450972,114.23263757115748,197.916430020284,0.2454134857057711,0.4251968789520794,0.1348423730346686,0.219467591810765,0.3543099648454337,3541.211764705882,5739.576470588236,465470.0911917784,947.7490196078433,1895.4745098039216,3348.3450980392163,5301.192156862745,28.48779684886087,23.9922873375269,,743,743; 7974; 8468; 8469; 8478,FARC family,group:farc_bloc,2024-01,2024-01-01,2024,1,48.0,Colombia; Venezuela,ged_rolling_24m,2,1.0986122886681098,False,True,122.0,46.0,4.812184355372417,3.8501476017100584,37.0,37.0,37.0,1.0,25.0,34.0,22.0,30.0,9.0,0.0,9.0,7.0,1.0,0.0,3.0,0.0,0.0,17.0,0.0,0.0,0.6756756756756757,3.258096538021482,0.918918918918919,3.5553480614894135,0.5945945945945946,3.1354942159291497,0.8108108108108109,3.4339872044851463,0.2432432432432432,2.302585092994046,0.0,0.0,0.2432432432432432,2.302585092994046,0.1891891891891892,2.0794415416798357,0.027027027027027,0.6931471805599453,0.0,0.0,0.081081081081081,1.3862943611198906,0.0,0.0,0.0,0.0,0.4594594594594595,2.8903717578961645,0.0,0.0,0.0,0.0,3.6375861597263857
group:farc_bloc,2024-02,2024-03,12,163,12,1.0,203.60878972278567,132.1345983554712,0.4374261495544658,0.2838734450524135,-0.1129724807798658,0.3628541181466875,0.2498816373668217,5904.654901960785,4096.172549019608,29.0,31.0,68.63881000676132,31.811258697027203,0.1474612683083894,0.068342218542073,-0.0714437907167623,0.1375519092747567,0.0661081185579944,1990.5254901960784,986.1490196078432,197.916430020284,126.73725490196075,0.4251968789520794,0.272277977254061,-0.1135009882258321,0.3543099648454337,0.2408089766196016,5739.576470588236,3928.854901960783,6626.7140094658525,2541.66815939279,14.236605390690032,5.460432812955102,-0.8580044675948215,2.723700782054464,1.8656963144596423,192174.70627450972,78791.71294117649,197.916430020284,126.73725490196075,0.4251968789520794,0.272277977254061,-0.1135009882258321,0.3543099648454337,0.2408089766196016,5739.576470588236,3928.854901960783,465470.0911917784,1895.4745098039216,972.1490196078432,5301.192156862745,3771.6117647058823,23.9922873375269,22.727971873006663,,743,743; 7974; 8468; 8469; 8478,FARC family,group:farc_bloc,2024-02,2024-02-01,2024,2,49.0,Colombia; Venezuela,ged_rolling_24m,2,1.0986122886681098,False,True,46.0,61.0,3.8501476017100584,4.127134385045092,22.0,22.0,22.0,1.0,16.0,21.0,12.0,20.0,9.0,0.0,13.0,2.0,1.0,0.0,1.0,0.0,0.0,5.0,0.0,0.0,0.7272727272727273,2.833213344056216,0.9545454545454546,3.091042453358316,0.5454545454545454,2.5649493574615367,0.9090909090909092,3.044522437723423,0.4090909090909091,2.302585092994046,0.0,0.0,0.5909090909090909,2.6390573296152584,0.0909090909090909,1.0986122886681098,0.0454545454545454,0.6931471805599453,0.0,0.0,0.0454545454545454,0.6931471805599453,0.0,0.0,0.0,0.0,0.2272727272727272,1.791759469228055,0.0,0.0,0.0,0.0,3.1354942159291497
group:farc_bloc,2024-03,2024-04,12,172,12,0.0,132.1345983554712,61.69777777777779,0.2838734450524135,0.1325493924213439,-0.1254104463257351,0.2498816373668217,0.1244711910410865,4096.172549019608,1850.9333333333336,31.0,30.0,31.811258697027203,11.54483660130719,0.068342218542073,0.0248025315047591,-0.0416081767179188,0.0661081185579944,0.0244999418400755,986.1490196078432,346.3450980392157,126.73725490196075,59.54196078431372,0.272277977254061,0.1279179090365697,-0.1204356018688124,0.2408089766196016,0.1203733747507891,3928.854901960783,1786.2588235294118,2541.66815939279,988.0267581699352,5.460432812955102,2.1226428440122014,-0.7270166058071448,1.8656963144596423,1.1386797086524976,78791.71294117649,29640.802745098055,126.73725490196075,59.54196078431372,0.272277977254061,0.1279179090365697,-0.1204356018688124,0.2408089766196016,0.1203733747507891,3928.854901960783,1786.2588235294118,465470.0911917784,972.1490196078432,345.3450980392157,3771.6117647058823,1736.6470588235293,22.727971873006663,18.673890150058476,,743,743; 7974; 8468; 8469; 8478,FARC family,group:farc_bloc,2024-03,2024-03-01,2024,3,50.0,Colombia; Venezuela,ged_rolling_24m,2,1.0986122886681098,False,True,61.0,55.0,4.127134385045092,4.02535169073515,56.0,56.0,56.0,1.0,48.0,55.0,34.0,50.0,31.0,0.0,28.0,8.0,2.0,0.0,1.0,1.0,1.0,14.0,0.0,1.0,0.8571428571428571,3.8918202981106265,0.9821428571428572,4.02535169073515,0.6071428571428571,3.5553480614894135,0.8928571428571429,3.9318256327243257,0.5535714285714286,3.4657359027997265,0.0,0.0,0.5,3.367295829986474,0.1428571428571428,2.1972245773362196,0.0357142857142857,1.0986122886681098,0.0,0.0,0.0178571428571428,0.6931471805599453,0.0178571428571428,0.6931471805599453,0.0178571428571428,0.6931471805599453,0.25,2.70805020110221,0.0,0.0,0.0178571428571428,0.6931471805599453,4.04305126783455
group:farc_bloc,2024-04,2024-05,12,179,14,1.0,68.47071895424837,7.916255534471853,0.1313433412780179,0.0151852860345001,-0.1083345806039122,0.123405724255079,0.0150711436511667,2054.121568627451,245.40392156862745,30.0,31.0,12.417777777777776,1.1688804554079697,0.023820290621909,0.0022421944286934,-0.0213013293143424,0.0235410137762965,0.0022396844619541,372.5333333333333,36.23529411764706,66.18156862745097,7.428462998102467,0.1269521992365543,0.0142495823854696,-0.105367808636384,0.119516819993585,0.014149011357201,1985.4470588235292,230.28235294117647,1079.8380130718958,97.53965844402278,2.071389563919261,0.1871045732076353,-0.9506128753885392,1.1221300858783465,0.1715172104898071,32395.14039215687,3023.729411764706,66.18156862745097,7.428462998102467,0.1269521992365543,0.0142495823854696,-0.105367808636384,0.119516819993585,0.014149011357201,1985.4470588235292,230.28235294117647,521310.92667510704,371.5333333333333,36.23529411764706,1931.8352941176472,229.28235294117647,18.702815634023057,18.673119392320103,,743,743; 7974; 8468; 8469; 8478,FARC family,group:farc_bloc,2024-04,2024-04-01,2024,4,51.0,Colombia; Venezuela,ged_rolling_24m,2,1.0986122886681098,False,True,55.0,66.0,4.02535169073515,4.204692619390966,56.0,56.0,56.0,1.0,48.0,55.0,34.0,50.0,36.0,0.0,33.0,0.0,1.0,0.0,1.0,2.0,2.0,16.0,1.0,0.0,0.8571428571428571,3.8918202981106265,0.9821428571428572,4.02535169073515,0.6071428571428571,3.5553480614894135,0.8928571428571429,3.9318256327243257,0.6428571428571429,3.610917912644224,0.0,0.0,0.5892857142857143,3.5263605246161616,0.0,0.0,0.0178571428571428,0.6931471805599453,0.0,0.0,0.0178571428571428,0.6931471805599453,0.0357142857142857,1.0986122886681098,0.0357142857142857,1.0986122886681098,0.2857142857142857,2.833213344056216,0.0178571428571428,0.6931471805599453,0.0,0.0,4.04305126783455
group:farc_bloc,2024-05,2024-06,12,167,14,0.0,7.883997469955724,5.093464052287582,0.0158505697495134,0.0102402756387334,-0.0055380620889542,0.0157262613212095,0.0101881992322552,244.40392156862745,152.80392156862746,31.0,30.0,1.1688804554079697,0.7666666666666667,0.0023500034415144,0.0015413631880192,-0.0008070699947657,0.002347246501794,0.0015401765070283,36.23529411764706,23.0,7.396204933586338,4.893464052287582,0.0148698756726217,0.0098381808940327,-0.0049703018870362,0.0147604029674987,0.0097901010804625,229.28235294117647,146.80392156862746,97.35901328273243,61.99392156862746,0.1957377379511544,0.1246371503306576,-0.0613028982409476,0.1787633488329481,0.1174604505920004,3018.1294117647053,1859.8176470588237,7.396204933586338,4.893464052287582,0.0148698756726217,0.0098381808940327,-0.0049703018870362,0.0147604029674987,0.0097901010804625,229.28235294117647,146.80392156862746,497395.2100490096,36.23529411764706,23.0,228.28235294117647,145.80392156862746,18.59397813179278,18.331464414069195,,743,743; 7974; 8468; 8469; 8478,FARC family,group:farc_bloc,2024-05,2024-05-01,2024,5,52.0,Colombia; Venezuela,ged_rolling_24m,2,1.0986122886681098,False,True,66.0,35.0,4.204692619390966,3.58351893845611,79.0,79.0,79.0,1.0,77.0,77.0,58.0,76.0,46.0,0.0,62.0,4.0,0.0,0.0,2.0,1.0,0.0,9.0,1.0,0.0,0.9746835443037974,4.356708826689592,0.9746835443037974,4.356708826689592,0.7341772151898734,4.07753744390572,0.9620253164556962,4.343805421853684,0.5822784810126582,3.8501476017100584,0.0,0.0,0.7848101265822784,4.143134726391533,0.050632911392405,1.6094379124341005,0.0,0.0,0.0,0.0,0.0253164556962025,1.0986122886681098,0.0126582278481012,0.6931471805599453,0.0,0.0,0.1139240506329113,2.302585092994046,0.0126582278481012,0.6931471805599453,0.0,0.0,4.382026634673881
group:farc_bloc,2024-06,2024-07,12,167,14,1.0,5.093464052287582,10.689690069576216,0.0109456932176789,0.0229718060032445,0.0118257037873288,0.0108862226882431,0.0227119264755719,152.80392156862746,331.38039215686274,30.0,31.0,0.7666666666666667,1.8064516129032255,0.0016475424283764,0.00388200740487,0.0022283051389127,0.0016461867192044,0.0038744918581171,23.0,56.0,4.893464052287582,10.431625553447184,0.0105158995407111,0.0224172335168345,0.0117086683747702,0.0104609920679988,0.0221696604427691,146.80392156862746,323.38039215686274,61.99392156862745,131.73669829222013,0.1332229775031563,0.283097999753028,0.1242117005785414,0.1250657654216354,0.2492774660001768,1859.8176470588237,4083.837647058824,4.893464052287582,10.431625553447184,0.0105158995407111,0.0224172335168345,0.0117086683747702,0.0104609920679988,0.0221696604427691,146.80392156862746,323.38039215686274,465339.5587646185,23.0,55.0,145.80392156862746,316.38039215686274,18.35631028160687,14.08720873069177,,743,743; 7974; 8468; 8469; 8478,FARC family,group:farc_bloc,2024-06,2024-06-01,2024,6,53.0,Colombia; Venezuela,ged_rolling_24m,2,1.0986122886681098,False,True,35.0,34.0,3.58351893845611,3.5553480614894135,51.0,51.0,51.0,1.0,44.0,49.0,22.0,48.0,37.0,0.0,26.0,8.0,1.0,0.0,2.0,1.0,0.0,13.0,0.0,0.0,0.8627450980392157,3.80666248977032,0.9607843137254902,3.912023005428146,0.4313725490196078,3.1354942159291497,0.9411764705882352,3.8918202981106265,0.7254901960784313,3.6375861597263857,0.0,0.0,0.5098039215686274,3.295836866004329,0.1568627450980392,2.1972245773362196,0.0196078431372549,0.6931471805599453,0.0,0.0,0.0392156862745098,1.0986122886681098,0.0196078431372549,0.6931471805599453,0.0,0.0,0.2549019607843137,2.6390573296152584,0.0,0.0,0.0,0.0,3.951243718581427
group:farc_bloc,2024-07,2024-08,12,168,14,0.0,10.689690069576216,39.15585072738772,0.0229718060032445,0.0841446852946233,0.0580794411541102,0.0227119264755719,0.0807913676296822,331.38039215686274,1213.8313725490193,31.0,31.0,1.8064516129032255,6.930929791271347,0.00388200740487,0.0148943489989794,0.0109100255617513,0.0038744918581171,0.0147845174198685,56.0,214.85882352941175,10.431625553447184,38.40025300442758,0.0224172335168345,0.0825209296763258,0.0571228548388013,0.0221696604427691,0.0792925152815704,323.38039215686274,1190.407843137255,131.73669829222013,532.2985705249843,0.283097999753028,1.1438927993530752,0.5133457756565847,0.2492774660001768,0.7626232416567615,4083.837647058824,16501.25568627451,10.431625553447184,38.40025300442758,0.0224172335168345,0.0825209296763258,0.0571228548388013,0.0221696604427691,0.0792925152815704,323.38039215686274,1190.407843137255,465339.5587646185,55.0,213.85882352941175,316.38039215686274,1172.407843137255,14.08720873069177,24.50034017227055,,743,743; 7974; 8468; 8469; 8478,FARC family,group:farc_bloc,2024-07,2024-07-01,2024,7,54.0,Colombia,ged_rolling_24m,1,0.6931471805599453,False,True,34.0,68.0,3.5553480614894135,4.23410650459726,44.0,44.0,44.0,1.0,39.0,42.0,15.0,40.0,31.0,0.0,22.0,6.0,0.0,0.0,1.0,2.0,0.0,13.0,0.0,0.0,0.8863636363636364,3.688879454113936,0.9545454545454546,3.7612001156935624,0.3409090909090909,2.772588722239781,0.9090909090909092,3.713572066704308,0.7045454545454546,3.4657359027997265,0.0,0.0,0.5,3.1354942159291497,0.1363636363636363,1.9459101490553132,0.0,0.0,0.0,0.0,0.0227272727272727,0.6931471805599453,0.0454545454545454,1.0986122886681098,0.0,0.0,0.2954545454545454,2.6390573296152584,0.0,0.0,0.0,0.0,3.80666248977032
group:farc_bloc,2024-08,2024-09,12,174,15,1.0,39.63972169512967,45.22209150326798,0.0763723608715,0.0871277028182545,0.0099426209680941,0.0735964621640396,0.0835390831321337,1228.8313725490198,1356.6627450980395,31.0,30.0,6.930929791271348,11.268235294117648,0.0133535617445831,0.0217100851233539,0.008212588692099,0.0132651887987213,0.0214777774908204,214.85882352941175,338.0470588235294,38.88412397216952,44.10758169934641,0.0749165791580101,0.0849804186976806,0.0093188817610417,0.0722430577852832,0.081561939546325,1205.407843137255,1323.2274509803924,535.940506008855,734.3872026143794,1.0325764152776975,1.4149162017040062,0.1723604289894559,0.7093041584256848,0.8816645874151408,16614.155686274506,22031.61607843138,38.88412397216952,44.10758169934641,0.0749165791580101,0.0849804186976806,0.0093188817610417,0.0722430577852832,0.081561939546325,1205.407843137255,1323.2274509803924,519032.2944425579,213.85882352941175,335.0470588235294,1187.407843137255,1296.650980392157,24.600723367030152,22.291631849710697,,743,743; 7974; 8468; 8469; 8478,FARC family,group:farc_bloc,2024-08,2024-08-01,2024,8,55.0,Colombia,ged_rolling_24m,1,0.6931471805599453,False,True,68.0,53.0,4.23410650459726,3.9889840465642745,27.0,27.0,27.0,1.0,26.0,26.0,10.0,24.0,16.0,0.0,19.0,2.0,0.0,0.0,1.0,1.0,0.0,4.0,0.0,0.0,0.9629629629629628,3.295836866004329,0.9629629629629628,3.295836866004329,0.3703703703703703,2.3978952727983707,0.8888888888888888,3.218875824868201,0.5925925925925926,2.833213344056216,0.0,0.0,0.7037037037037037,2.995732273553991,0.074074074074074,1.0986122886681098,0.0,0.0,0.0,0.0,0.037037037037037,0.6931471805599453,0.037037037037037,0.6931471805599453,0.0,0.0,0.1481481481481481,1.6094379124341005,0.0,0.0,0.0,0.0,3.332204510175204
group:farc_bloc,2024-09,2024-10,12,161,15,0.0,45.22209150326798,31.3235926628716,0.0871277028182593,0.0603499878490507,-0.0249400522885782,0.083539083132138,0.0585990308435597,1356.6627450980395,971.0313725490196,30.0,31.0,11.268235294117648,4.233902593295382,0.0217100851233551,0.0081573008821018,-0.0133535675541609,0.0214777774908215,0.0081242099366606,338.0470588235294,131.25098039215686,44.10758169934641,30.27096774193549,0.0849804186976852,0.0583219350049272,-0.024877366001866,0.0815619395463292,0.0566845735444632,1323.2274509803924,938.4,734.3872026143794,391.0164452877926,1.4149162017040833,0.7533566783310981,-0.3201325347847945,0.8816645874151727,0.5615320526303782,22031.61607843138,12121.50980392157,44.10758169934641,30.27096774193549,0.0849804186976852,0.0583219350049272,-0.024877366001866,0.0815619395463292,0.0566845735444632,1323.2274509803924,938.4,519032.2944425296,335.0470588235294,131.25098039215686,1296.650980392157,921.3333333333331,22.291631849710697,22.770519629600216,,743,743; 7974; 8468; 8469; 8478,FARC family,group:farc_bloc,2024-09,2024-09-01,2024,9,56.0,Colombia,ged_rolling_24m,1,0.6931471805599453,False,True,53.0,82.0,3.9889840465642745,4.418840607796598,17.0,17.0,17.0,1.0,15.0,17.0,10.0,16.0,9.0,0.0,9.0,1.0,0.0,0.0,0.0,0.0,0.0,7.0,0.0,0.0,0.8823529411764706,2.772588722239781,1.0,2.8903717578961645,0.5882352941176471,2.3978952727983707,0.9411764705882352,2.833213344056216,0.5294117647058824,2.302585092994046,0.0,0.0,0.5294117647058824,2.302585092994046,0.0588235294117647,0.6931471805599453,0.0,0.0,0.0,0.0,0.0,0.0,0.0,0.0,0.0,0.0,0.4117647058823529,2.0794415416798357,0.0,0.0,0.0,0.0,2.8903717578961645
group:farc_bloc,2024-10,2024-11,12,163,15,1.0,31.3235926628716,18.157908496732027,0.0603499878490507,0.0349841593503052,-0.0242129092189001,0.0585990308435597,0.0343861216246596,971.0313725490196,544.7372549019608,31.0,30.0,4.233902593295382,2.254248366013072,0.0081573008821018,0.0043431755406169,-0.0037904387628872,0.0081242099366606,0.0043337711737733,131.25098039215686,67.62745098039215,30.27096774193549,17.709803921568625,0.0583219350049272,0.0341208131193261,-0.0231329637426156,0.0566845735444632,0.0335516098018475,938.4,531.2941176470588,391.0164452877926,201.341320261438,0.7533566783310981,0.3879167489523751,-0.2337281714855261,0.5615320526303782,0.3278038811448521,12121.50980392157,6040.23960784314,30.27096774193549,17.709803921568625,0.0583219350049272,0.0341208131193261,-0.0231329637426156,0.0566845735444632,0.0335516098018475,938.4,531.2941176470588,519032.2944425296,131.25098039215686,67.62745098039215,921.3333333333331,525.3019607843137,22.770519629600216,18.93438806839726,,743,743; 7974; 8468; 8469; 8478,FARC family,group:farc_bloc,2024-10,2024-10-01,2024,10,57.0,Colombia,ged_rolling_24m,1,0.6931471805599453,False,True,82.0,103.0,4.418840607796598,4.6443908991413725,44.0,44.0,44.0,1.0,41.0,43.0,18.0,42.0,30.0,0.0,30.0,3.0,1.0,0.0,1.0,2.0,0.0,7.0,0.0,0.0,0.9318181818181818,3.737669618283368,0.9772727272727272,3.784189633918261,0.4090909090909091,2.9444389791664403,0.9545454545454546,3.7612001156935624,0.6818181818181818,3.4339872044851463,0.0,0.0,0.6818181818181818,3.4339872044851463,0.0681818181818181,1.3862943611198906,0.0227272727272727,0.6931471805599453,0.0,0.0,0.0227272727272727,0.6931471805599453,0.0454545454545454,1.0986122886681098,0.0,0.0,0.1590909090909091,2.0794415416798357,0.0,0.0,0.0,0.0,3.80666248977032
group:farc_bloc,2024-11,2024-12,12,172,14,0.0,17.89124183006536,29.971283997469957,0.0392688674838146,0.0657829339514394,0.0251922244320687,0.0385174538896504,0.0637096783217191,536.7372549019608,929.1098039215686,30.0,31.0,2.254248366013072,5.991271347248578,0.0049477717198934,0.0131500341244797,0.0081287512880514,0.0049355717227161,0.0130643230107676,67.62745098039215,185.7294117647059,17.44313725490196,28.800632511068944,0.0382853382605153,0.0632135115197354,0.0237252973691556,0.037570639318888,0.0612959366880437,523.2941176470588,892.8196078431373,200.12465359477136,427.3529411764706,0.4392466759379032,0.9379821800673706,0.2975274834228706,0.3641198349917528,0.6616473184146234,6003.739607843141,13247.94117647059,17.44313725490196,28.800632511068944,0.0382853382605153,0.0632135115197354,0.0237252973691556,0.037570639318888,0.0612959366880437,523.2941176470588,892.8196078431373,455608.8060711089,67.62745098039215,185.7294117647059,517.3019607843137,879.4470588235295,18.790151031523923,25.108402109540016,,743,743; 7974; 8468; 8469; 8478,FARC family,group:farc_bloc,2024-11,2024-11-01,2024,11,58.0,Colombia,ged_rolling_24m,1,0.6931471805599453,False,True,103.0,71.0,4.6443908991413725,4.276666119016055,12.0,12.0,12.0,1.0,9.0,11.0,10.0,12.0,3.0,0.0,4.0,1.0,0.0,0.0,1.0,0.0,0.0,6.0,0.0,0.0,0.75,2.302585092994046,0.9166666666666666,2.4849066497880004,0.8333333333333334,2.3978952727983707,1.0,2.5649493574615367,0.25,1.3862943611198906,0.0,0.0,0.3333333333333333,1.6094379124341005,0.0833333333333333,0.6931471805599453,0.0,0.0,0.0,0.0,0.0833333333333333,0.6931471805599453,0.0,0.0,0.0,0.0,0.5,1.9459101490553132,0.0,0.0,0.0,0.0,2.5649493574615367
group:farc_bloc,2024-12,2025-01,12,176,14,1.0,29.971283997469957,78.63023402909549,0.0657829339514394,0.1725827793083159,0.095499141213862,0.0637096783217191,0.1592088195355812,929.1098039215686,2437.5372549019603,31.0,31.0,5.991271347248578,24.065654648956357,0.0131500341244797,0.0528208724859464,0.0384087840711604,0.0130643230107676,0.0514731070819281,185.7294117647059,746.035294117647,28.800632511068944,75.81100569259962,0.0632135115197354,0.1663949526049491,0.0926218182471314,0.0612959366880437,0.1539177549351751,892.8196078431373,2350.141176470588,427.3529411764706,2338.5335483870986,0.9379821800673706,5.132766349608513,1.1519986102604776,0.6616473184146234,1.813645928675101,13247.94117647059,72494.54000000005,28.800632511068944,75.81100569259962,0.0632135115197354,0.1663949526049491,0.0926218182471314,0.0612959366880437,0.1539177549351751,892.8196078431373,2350.141176470588,455608.8060711089,185.7294117647059,721.035294117647,879.4470588235295,2248.141176470588,25.108402109540016,25.815536906261805,,743,743; 7974; 8468; 8469; 8478,FARC family,group:farc_bloc,2024-12,2024-12-01,2024,12,59.0,Colombia,ged_rolling_24m,1,0.6931471805599453,False,True,71.0,221.0,4.276666119016055,5.402677381872279,22.0,22.0,22.0,1.0,16.0,21.0,17.0,21.0,11.0,0.0,11.0,2.0,0.0,0.0,1.0,0.0,0.0,8.0,0.0,0.0,0.7272727272727273,2.833213344056216,0.9545454545454546,3.091042453358316,0.7727272727272727,2.8903717578961645,0.9545454545454546,3.091042453358316,0.5,2.4849066497880004,0.0,0.0,0.5,2.4849066497880004,0.0909090909090909,1.0986122886681098,0.0,0.0,0.0,0.0,0.0454545454545454,0.6931471805599453,0.0,0.0,0.0,0.0,0.3636363636363636,2.1972245773362196,0.0,0.0,0.0,0.0,3.1354942159291497
group:farc_bloc,2025-01,2025-02,12,191,13,0.0,76.16584440227703,124.21806722689077,0.1773490842595416,0.2892367391717732,0.0907849957436686,0.1632653724605073,0.254050368204176,2361.141176470588,3478.1058823529415,31.0,28.0,23.96888045540797,43.2812324929972,0.0558105674906158,0.1007785971322848,0.0417089626495111,0.0543087823463174,0.0960177449958285,743.035294117647,1211.8745098039217,73.48842504743833,120.53795518207284,0.1711148217172462,0.2806677473061562,0.0894254852667771,0.1579561342212388,0.247381619488016,2278.141176470588,3375.0627450980396,2314.52108791904,3882.695644257702,5.389268623792325,9.040699573036292,0.4520269849571301,1.854619805468285,2.306646790425415,71750.15372549024,108715.47803921564,73.48842504743833,120.53795518207284,0.1711148217172462,0.2806677473061562,0.0894254852667771,0.1579561342212388,0.247381619488016,2278.141176470588,3375.0627450980396,429468.4955396333,718.035294117647,1175.1176470588234,2184.141176470588,3199.5019607843137,25.897862569344504,19.8797253270558,,743,743; 7974; 8468; 8469; 8478,FARC family,group:farc_bloc,2025-01,2025-01-01,2025,1,60.0,Colombia,ged_rolling_24m,1,0.6931471805599453,False,True,221.0,33.0,5.402677381872279,3.5263605246161616,120.0,120.0,120.0,1.0,114.0,118.0,95.0,115.0,30.0,0.0,77.0,4.0,0.0,0.0,2.0,1.0,1.0,35.0,0.0,0.0,0.95,4.74493212836325,0.9833333333333332,4.77912349311153,0.7916666666666666,4.564348191467836,0.9583333333333334,4.7535901911063645,0.25,3.4339872044851463,0.0,0.0,0.6416666666666667,4.356708826689592,0.0333333333333333,1.6094379124341005,0.0,0.0,0.0,0.0,0.0166666666666666,1.0986122886681098,0.0083333333333333,0.6931471805599453,0.0083333333333333,0.6931471805599453,0.2916666666666667,3.58351893845611,0.0,0.0,0.0,0.0,4.795790545596741
group:farc_bloc,2025-02,2025-03,12,185,13,1.0,130.50574229691878,86.312586970272,0.287848007925793,0.190374046237666,-0.078705032146793,0.25297261445008,0.174267582303287,3654.160784313726,2675.6901960784317,28.0,31.0,45.72226890756302,22.32713472485769,0.1008466278284229,0.0492455055243405,-0.0480082057191518,0.0960795454288799,0.048071339709728,1280.2235294117645,692.1411764705882,126.75420168067228,83.32966476913347,0.279573479356909,0.1837948091996371,-0.0778015847469801,0.2465268031492398,0.1687252184022596,3549.117647058824,2583.2196078431375,4107.724215686273,1773.3679822896902,9.060139514043057,3.911402150106939,-0.7170215614450239,2.3085810327705656,1.5915594713255417,115016.27803921564,54974.4074509804,126.75420168067228,83.32966476913347,0.279573479356909,0.1837948091996371,-0.0778015847469801,0.2465268031492398,0.1687252184022596,3549.117647058824,2583.2196078431375,453384.2121657589,1243.4666666666667,682.1411764705882,3365.556862745098,2485.317647058824,19.773910983892716,17.613205654779666,,743,743; 7974; 8468; 8469; 8478,FARC family,group:farc_bloc,2025-02,2025-02-01,2025,2,61.0,Colombia,ged_rolling_24m,1,0.6931471805599453,False,True,33.0,92.0,3.5263605246161616,4.532599493153256,63.0,63.0,63.0,1.0,54.0,61.0,40.0,60.0,34.0,0.0,37.0,6.0,2.0,0.0,2.0,3.0,0.0,13.0,0.0,0.0,0.8571428571428571,4.007333185232471,0.9682539682539684,4.127134385045092,0.6349206349206349,3.713572066704308,0.9523809523809524,4.110873864173311,0.5396825396825397,3.5553480614894135,0.0,0.0,0.5873015873015873,3.6375861597263857,0.0952380952380952,1.9459101490553132,0.0317460317460317,1.0986122886681098,0.0,0.0,0.0317460317460317,1.0986122886681098,0.0476190476190476,1.3862943611198906,0.0,0.0,0.2063492063492063,2.6390573296152584,0.0,0.0,0.0,0.0,4.1588830833596715
group:farc_bloc,2025-03,2025-04,12,188,14,0.0,113.53965844402276,20.641568627450976,0.1935430846712738,0.0351862328930668,-0.1423449198831671,0.1769262655764933,0.0345813456933262,3519.7294117647057,619.2470588235293,31.0,30.0,28.950537634408605,2.2347712418300656,0.0493499490261168,0.0038094576433104,-0.0443686562500371,0.0481708762846654,0.0038022200346283,897.4666666666667,67.04313725490196,108.1696394686907,19.343660130718952,0.1843891903274622,0.0329737793986571,-0.1367853836442001,0.1692271904960028,0.0324418068518027,3353.258823529412,580.3098039215686,2316.7566350411134,237.72126797385624,3.949212387313669,0.4052267562378665,-1.259029768143184,1.599228450246669,0.3401986821034849,71819.45568627452,7131.638039215687,108.1696394686907,19.343660130718952,0.1843891903274622,0.0329737793986571,-0.1367853836442001,0.1692271904960028,0.0324418068518027,3353.258823529412,580.3098039215686,586637.6400730923,886.4666666666667,67.04313725490196,3251.356862745098,574.2666666666667,18.232618254664008,17.74702736685549,,743,743; 7974; 8468; 8469; 8478,FARC family,group:farc_bloc,2025-03,2025-03-01,2025,3,62.0,Colombia,ged_rolling_24m,1,0.6931471805599453,False,True,92.0,85.0,4.532599493153256,4.454347296253507,55.0,55.0,55.0,1.0,48.0,51.0,37.0,49.0,30.0,0.0,34.0,8.0,1.0,0.0,4.0,0.0,0.0,7.0,1.0,0.0,0.8727272727272727,3.8918202981106265,0.9272727272727272,3.951243718581427,0.6727272727272727,3.6375861597263857,0.8909090909090909,3.912023005428146,0.5454545454545454,3.4339872044851463,0.0,0.0,0.6181818181818182,3.5553480614894135,0.1454545454545454,2.1972245773362196,0.0181818181818181,0.6931471805599453,0.0,0.0,0.0727272727272727,1.6094379124341005,0.0,0.0,0.0,0.0,0.1272727272727272,2.0794415416798357,0.0181818181818181,0.6931471805599453,0.0,0.0,4.02535169073515
group:farc_bloc,2025-04,2025-05,12,192,14,1.0,27.7518954248366,14.507400379506642,0.0439491361500933,0.0229745646090985,-0.0202961449801668,0.0430107681108355,0.0227146231306686,832.556862745098,449.7294117647059,30.0,31.0,3.3318954248366013,2.935483870967742,0.0052765378156104,0.0046487628443607,-0.0006246749483254,0.0052626656665001,0.0046379907181747,99.95686274509804,91.0,26.153986928104572,13.733206831119546,0.0414186171710034,0.0217485172655308,-0.0190684463578521,0.0405838386475596,0.0215153922897075,784.6196078431371,425.7294117647059,343.47401307189546,182.4012523719165,0.5439407266937899,0.28885873745642,-0.1805809342689702,0.4343380614186635,0.2537571271496932,10304.220392156863,5654.438823529412,26.153986928104572,13.733206831119546,0.0414186171710034,0.0217485172655308,-0.0190684463578521,0.0405838386475596,0.0215153922897075,784.6196078431371,425.7294117647059,631454.8556781505,99.95686274509804,91.0,775.6627450980392,423.6745098039215,17.848536334400215,20.000082830683077,,743,743; 7974; 8468; 8469; 8478,FARC family,group:farc_bloc,2025-04,2025-04-01,2025,4,63.0,Colombia,ged_rolling_24m,1,0.6931471805599453,False,True,85.0,76.0,4.454347296253507,4.343805421853684,62.0,62.0,62.0,1.0,54.0,57.0,41.0,58.0,30.0,0.0,40.0,3.0,2.0,0.0,5.0,0.0,0.0,12.0,0.0,0.0,0.8709677419354839,4.007333185232471,0.9193548387096774,4.060443010546419,0.6612903225806451,3.737669618283368,0.935483870967742,4.07753744390572,0.4838709677419355,3.4339872044851463,0.0,0.0,0.6451612903225806,3.713572066704308,0.0483870967741935,1.3862943611198906,0.032258064516129,1.0986122886681098,0.0,0.0,0.0806451612903225,1.791759469228055,0.0,0.0,0.0,0.0,0.1935483870967742,2.5649493574615367,0.0,0.0,0.0,0.0,4.143134726391533
group:farc_bloc,2025-05,2025-06,12,198,15,0.0,18.30853889943074,12.998039215686276,0.026347833482237,0.0187054889924142,-0.0074740154513263,0.0260067082831606,0.0185326928318343,567.564705882353,389.94117647058823,31.0,30.0,3.971663504111322,1.7333333333333334,0.0057156242356978,0.002494441434499,-0.0032080165504554,0.0056993520299289,0.0024913354794735,123.12156862745098,52.0,17.469829222011388,12.458562091503268,0.0251408456913504,0.0179291270165335,-0.0070597177028382,0.0248300135810088,0.0177702958781705,541.564705882353,373.756862745098,254.3731182795699,132.87256209150328,0.3660685650342031,0.1912170140706304,-0.1369614684901887,0.3119369539110312,0.1749754854208425,7885.566666666667,3986.1768627450983,17.469829222011388,12.458562091503268,0.0251408456913504,0.0179291270165335,-0.0070597177028382,0.0248300135810088,0.0177702958781705,541.564705882353,373.756862745098,694878.3440495713,123.12156862745098,52.0,538.5098039215686,372.756862745098,19.555892685208583,20.724858521998335,,743,743; 7974; 8468; 8469; 8478,FARC family,group:farc_bloc,2025-05,2025-05-01,2025,5,64.0,Colombia,ged_rolling_24m,1,0.6931471805599453,False,True,76.0,88.0,4.343805421853684,4.48863636973214,54.0,54.0,54.0,1.0,47.0,53.0,39.0,50.0,39.0,0.0,40.0,0.0,0.0,0.0,1.0,3.0,0.0,10.0,0.0,0.0,0.8703703703703703,3.871201010907891,0.9814814814814816,3.9889840465642745,0.7222222222222222,3.688879454113936,0.925925925925926,3.9318256327243257,0.7222222222222222,3.688879454113936,0.0,0.0,0.7407407407407407,3.713572066704308,0.0,0.0,0.0,0.0,0.0,0.0,0.0185185185185185,0.6931471805599453,0.0555555555555555,1.3862943611198906,0.0,0.0,0.1851851851851851,2.3978952727983707,0.0,0.0,0.0,0.0,4.007333185232471
group:farc_bloc,2025-06,2025-07,12,189,15,1.0,12.998039215686276,17.427703984819733,0.0187054889924142,0.0250802232276452,0.0062381832594258,0.0185326928318343,0.0247708760912601,389.94117647058823,540.2588235294118,30.0,31.0,1.7333333333333334,3.032258064516129,0.002494441434499,0.0043637250901286,0.001862896170147,0.0024913354794735,0.0043542316496206,52.0,94.0,12.458562091503268,16.689816571790008,0.0179291270165335,0.0240183288408818,0.0059641298376292,0.0177702958781705,0.0237344257157997,373.756862745098,517.3843137254902,132.87256209150328,237.23496521189128,0.1912170140706304,0.3414050347710467,0.1187421126260075,0.1749754854208425,0.29371759804685,3986.1768627450983,7354.28392156863,12.458562091503268,16.689816571790008,0.0179291270165335,0.0240183288408818,0.0059641298376292,0.0177702958781705,0.0237344257157997,373.756862745098,517.3843137254902,694878.3440495713,52.0,94.0,372.756862745098,515.3843137254902,20.724858521998335,21.539156037279092,,743,743; 7974; 8468; 8469; 8478,FARC family,group:farc_bloc,2025-06,2025-06-01,2025,6,65.0,Colombia,ged_rolling_24m,1,0.6931471805599453,False,True,88.0,57.0,4.48863636973214,4.060443010546419,23.0,23.0,23.0,1.0,16.0,21.0,16.0,19.0,12.0,0.0,7.0,4.0,1.0,0.0,1.0,0.0,0.0,10.0,0.0,0.0,0.6956521739130435,2.833213344056216,0.9130434782608696,3.091042453358316,0.6956521739130435,2.833213344056216,0.8260869565217391,2.995732273553991,0.5217391304347826,2.5649493574615367,0.0,0.0,0.3043478260869565,2.0794415416798357,0.1739130434782608,1.6094379124341005,0.0434782608695652,0.6931471805599453,0.0,0.0,0.0434782608695652,0.6931471805599453,0.0,0.0,0.0,0.0,0.4347826086956521,2.3978952727983707,0.0,0.0,0.0,0.0,3.1780538303479458
group:farc_bloc,2025-07,2025-08,12,194,15,0.0,17.427703984819733,34.75762175838077,0.0250802232276452,0.0500197222377406,0.0240380709853345,0.0247708760912601,0.0488089470765947,540.2588235294118,1077.486274509804,31.0,31.0,3.032258064516129,4.747375079063884,0.0043637250901286,0.0068319514051875,0.002454487728926,0.0043542316496206,0.0068087193785467,94.0,147.1686274509804,16.689816571790008,33.85844402277039,0.0240183288408818,0.0487257148142682,0.0238413965000095,0.0237344257157997,0.0475758222158093,517.3843137254902,1049.6117647058825,237.23496521189128,429.91052498418713,0.3414050347710467,0.6186845922968037,0.1878962412993712,0.29371759804685,0.4816138393462212,7354.28392156863,13327.2262745098,16.689816571790008,33.85844402277039,0.0240183288408818,0.0487257148142682,0.0238413965000095,0.0237344257157997,0.0475758222158093,517.3843137254902,1049.6117647058825,694878.3440495713,94.0,147.1686274509804,515.3843137254902,1040.2039215686275,21.539156037279092,22.84708775174115,,743,743; 7974; 8468; 8469; 8478,FARC family,group:farc_bloc,2025-07,2025-07-01,2025,7,66.0,Colombia,ged_rolling_24m,1,0.6931471805599453,False,True,57.0,89.0,4.060443010546419,4.499809670330265,49.0,49.0,49.0,1.0,36.0,48.0,30.0,48.0,26.0,0.0,12.0,7.0,1.0,0.0,1.0,1.0,0.0,27.0,0.0,0.0,0.7346938775510204,3.610917912644224,0.979591836734694,3.8918202981106265,0.6122448979591837,3.4339872044851463,0.979591836734694,3.8918202981106265,0.5306122448979592,3.295836866004329,0.0,0.0,0.2448979591836734,2.5649493574615367,0.1428571428571428,2.0794415416798357,0.0204081632653061,0.6931471805599453,0.0,0.0,0.0204081632653061,0.6931471805599453,0.0204081632653061,0.6931471805599453,0.0,0.0,0.5510204081632653,3.332204510175204,0.0,0.0,0.0,0.0,3.912023005428146
group:farc_bloc,2025-08,2025-09,12,191,14,1.0,34.725363693864644,50.594901960784306,0.0541580522714065,0.0789083555528887,0.0232073544623513,0.0527423935937903,0.0759497480561417,1076.486274509804,1517.847058823529,31.0,30.0,4.747375079063884,8.515555555555556,0.0074040574477652,0.0132809524174782,0.0058167517561732,0.0073767819645076,0.0131935337206809,147.1686274509804,255.46666666666667,33.826185958254264,48.46849673202614,0.0527556849632975,0.075591990991684,0.0214600111475703,0.0514111881529401,0.0728711993005104,1048.6117647058825,1454.0549019607845,429.7040733712841,656.3029150326796,0.6701711138878597,1.0235771147444122,0.1919407096066671,0.5129260845855516,0.7048667941922186,13320.826274509807,19689.087450980387,33.826185958254264,48.46849673202614,0.0527556849632975,0.075591990991684,0.0214600111475703,0.0514111881529401,0.0728711993005104,1048.6117647058825,1454.0549019607845,641185.6083716358,147.1686274509804,254.46666666666667,1039.2039215686275,1441.6,22.70213573420482,21.989489565413976,,743,743; 7974; 8468; 8469; 8478,FARC family,group:farc_bloc,2025-08,2025-08-01,2025,8,67.0,Colombia,ged_rolling_24m,1,0.6931471805599453,False,True,89.0,87.0,4.499809670330265,4.477336814478207,82.0,82.0,82.0,1.0,73.0,81.0,61.0,74.0,54.0,0.0,50.0,5.0,1.0,0.0,1.0,2.0,1.0,21.0,1.0,0.0,0.8902439024390244,4.30406509320417,0.9878048780487804,4.406719247264253,0.7439024390243902,4.127134385045092,0.902439024390244,4.31748811353631,0.6585365853658537,4.007333185232471,0.0,0.0,0.6097560975609756,3.9318256327243257,0.0609756097560975,1.791759469228055,0.0121951219512195,0.6931471805599453,0.0,0.0,0.0121951219512195,0.6931471805599453,0.024390243902439,1.0986122886681098,0.0121951219512195,0.6931471805599453,0.2560975609756097,3.091042453358316,0.0121951219512195,0.6931471805599453,0.0,0.0,4.418840607796598
group:farc_bloc,2025-09,2025-10,12,194,13,0.0,47.06039215686274,28.597216951296645,0.0789116135725226,0.0479522679239133,-0.029114728801247,0.075952767788724,0.046838038987477,1411.8117647058823,886.513725490196,30.0,31.0,7.881045751633987,3.2898165717900065,0.0132150627820388,0.0055164167177411,-0.0076272485615696,0.0131285055785396,0.00550125701697,236.4313725490196,101.9843137254902,45.36732026143791,27.220366856419982,0.0760726437076533,0.0456435438004074,-0.028685444941775,0.073317972200165,0.0446325272583899,1361.0196078431372,843.8313725490195,615.9527581699344,285.9712207463631,1.0328393751930778,0.4795210883322129,-0.3177150763208178,0.7094335227659144,0.3917184464450966,18478.582745098032,8865.107843137255,45.36732026143791,27.220366856419982,0.0760726437076533,0.0456435438004074,-0.028685444941775,0.073317972200165,0.0446325272583899,1361.0196078431372,843.8313725490195,596368.39276658,235.4313725490196,100.9843137254902,1349.5647058823529,837.8313725490195,21.86724027668626,22.015527286299395,,743,743; 7974; 8468; 8469; 8478,FARC family,group:farc_bloc,2025-09,2025-09-01,2025,9,68.0,Colombia,ged_rolling_24m,1,0.6931471805599453,False,True,87.0,29.0,4.477336814478207,3.4011973816621555,47.0,47.0,47.0,1.0,42.0,45.0,35.0,42.0,28.0,0.0,24.0,2.0,1.0,0.0,2.0,1.0,0.0,17.0,0.0,0.0,0.8936170212765957,3.7612001156935624,0.9574468085106383,3.828641396489095,0.7446808510638298,3.58351893845611,0.8936170212765957,3.7612001156935624,0.5957446808510638,3.367295829986474,0.0,0.0,0.5106382978723404,3.218875824868201,0.0425531914893617,1.0986122886681098,0.0212765957446808,0.6931471805599453,0.0,0.0,0.0425531914893617,1.0986122886681098,0.0212765957446808,0.6931471805599453,0.0,0.0,0.3617021276595745,2.8903717578961645,0.0,0.0,0.0,0.0,3.871201010907891
group:farc_bloc,2025-10,2025-11,12,184,13,1.0,28.597216951296645,33.5797385620915,0.0479522679239133,0.0563070393558477,0.0079408610007427,0.046838038987477,0.0547788999882198,886.513725490196,1007.3921568627452,31.0,30.0,3.2898165717900065,4.758039215686275,0.0055164167177411,0.007978355783769,0.0024454399649336,0.00550125701697,0.0079466969819036,101.9843137254902,142.74117647058824,27.220366856419982,31.98392156862745,0.0456435438004074,0.0536311480564095,0.0076099072067642,0.0446325272583899,0.0522424344651542,843.8313725490195,959.5176470588236,285.9712207463631,396.56047058823543,0.4795210883322129,0.6649589002337523,0.1180819921383493,0.3917184464450966,0.5098004385834459,8865.107843137255,11896.814117647064,27.220366856419982,31.98392156862745,0.0456435438004074,0.0536311480564095,0.0076099072067642,0.0446325272583899,0.0522424344651542,843.8313725490195,959.5176470588236,596368.39276658,100.9843137254902,142.74117647058824,837.8313725490195,946.5176470588236,22.015527286299395,19.884117290136523,,743,743; 7974; 8468; 8469; 8478,FARC family,group:farc_bloc,2025-10,2025-10-01,2025,10,69.0,Colombia,ged_rolling_24m,1,0.6931471805599453,False,True,29.0,65.0,3.4011973816621555,4.189654742026425,35.0,35.0,35.0,1.0,29.0,34.0,20.0,32.0,20.0,0.0,15.0,5.0,0.0,0.0,1.0,0.0,0.0,14.0,0.0,0.0,0.8285714285714286,3.4011973816621555,0.9714285714285714,3.5553480614894135,0.5714285714285714,3.044522437723423,0.9142857142857144,3.49650756146648,0.5714285714285714,3.044522437723423,0.0,0.0,0.4285714285714285,2.772588722239781,0.1428571428571428,1.791759469228055,0.0,0.0,0.0,0.0,0.0285714285714285,0.6931471805599453,0.0,0.0,0.0,0.0,0.4,2.70805020110221,0.0,0.0,0.0,0.0,3.58351893845611
group:farc_bloc,2025-11,2025-12,12,168,14,0.0,33.7797385620915,85.01113219481338,0.047955927859817,0.1206873675271992,0.0671006866180146,0.0468415314456973,0.113942218063712,1013.3921568627452,2635.345098039215,30.0,31.0,4.791372549019608,17.792156862745095,0.0068021460819756,0.0252589104386343,0.0181660603794392,0.0067791158639346,0.0249451762433739,143.74117647058824,551.556862745098,32.18392156862745,82.34750158127765,0.0456904016043262,0.1169059031646754,0.0658849372012031,0.0446773386612073,0.1105622758624104,965.5176470588236,2552.772549019607,398.9138039215685,1562.3990891840606,0.5663241462921339,2.2180840112610847,0.7200545887799162,0.4487315661185774,1.1687861548984937,11967.414117647057,48434.37176470588,32.18392156862745,82.34750158127765,0.0456904016043262,0.1169059031646754,0.0658849372012031,0.0446773386612073,0.1105622758624104,965.5176470588236,2552.772549019607,704391.304049734,143.74117647058824,543.5568627450981,952.5176470588236,2480.235294117646,19.79698664185131,26.63877371106199,,743,743; 7974; 8468; 8469; 8478,FARC family,group:farc_bloc,2025-11,2025-11-01,2025,11,70.0,Colombia,ged_rolling_24m,1,0.6931471805599453,False,True,65.0,64.0,4.189654742026425,4.174387269895637,71.0,71.0,71.0,1.0,62.0,68.0,54.0,68.0,51.0,0.0,46.0,2.0,0.0,0.0,2.0,2.0,0.0,19.0,0.0,0.0,0.8732394366197183,4.143134726391533,0.9577464788732394,4.23410650459726,0.7605633802816901,4.007333185232471,0.9577464788732394,4.23410650459726,0.7183098591549296,3.951243718581427,0.0,0.0,0.647887323943662,3.8501476017100584,0.028169014084507,1.0986122886681098,0.0,0.0,0.0,0.0,0.028169014084507,1.0986122886681098,0.028169014084507,1.0986122886681098,0.0,0.0,0.2676056338028169,2.995732273553991,0.0,0.0,0.0,0.0,4.276666119016055
