actor_key,actor_name,predictor_month,outcome_month,lookback_months,risk_event_count,risk_region_count,risk_regions,system:index,ntl_cloudfree_observations_mean_t,ntl_cloudfree_observations_mean_t1,ntl_common_valid_area_fraction,ntl_lit_fraction_change,ntl_lit_fraction_t,ntl_lit_fraction_t1,ntl_log_mean_change,ntl_log_median_change,ntl_mean_change,ntl_mean_t,ntl_mean_t1,ntl_median_change,ntl_median_t,ntl_median_t1,ntl_sd_t,ntl_sd_t1,ntl_valid_area_fraction_t,ntl_valid_area_fraction_t1,ntl_valid_pixel_count_t,ntl_valid_pixel_count_t1,risk_area_km2,.geo,ucdp_actor_id_norm,constituent_ucdp_actor_ids,unit_id,month,period_start,year,month_of_year,period_index,rolling_risk_countries_24m,risk_set_source,area_size,log1p_area_size,risk_set_empty_no_metadata,next_month_outcome_available,y_ucdp_best_fatalities_current_24m,y_ucdp_best_fatalities_next_24m,log1p_y_ucdp_best_fatalities_current_24m,log1p_y_ucdp_best_fatalities_next_24m,n_articles,n_unique_articles_raw,n_article_actor_rows_raw,mean_article_actor_weight,n_conflict_relevance_direct,n_event_modality_realized,n_any_fatalities_mentioned_yes,n_any_physical_violence_mentioned_yes,n_any_weapon_mentioned_yes,n_event_context_background_or_context,n_event_context_cbt,n_event_context_civ,n_event_context_crm,n_event_context_historical_background,n_event_context_not_applicable,n_event_context_opr,n_event_context_org,n_event_context_pol,n_event_context_pro,n_event_context_unclear,share_conflict_relevance_direct,log1p_n_conflict_relevance_direct,share_event_modality_realized,log1p_n_event_modality_realized,share_any_fatalities_mentioned_yes,log1p_n_any_fatalities_mentioned_yes,share_any_physical_violence_mentioned_yes,log1p_n_any_physical_violence_mentioned_yes,share_any_weapon_mentioned_yes,log1p_n_any_weapon_mentioned_yes,share_event_context_background_or_context,log1p_n_event_context_background_or_context,share_event_context_cbt,log1p_n_event_context_cbt,share_event_context_civ,log1p_n_event_context_civ,share_event_context_crm,log1p_n_event_context_crm,share_event_context_historical_background,log1p_n_event_context_historical_background,share_event_context_not_applicable,log1p_n_event_context_not_applicable,share_event_context_opr,log1p_n_event_context_opr,share_event_context_org,log1p_n_event_context_org,share_event_context_pol,log1p_n_event_context_pol,share_event_context_pro,log1p_n_event_context_pro,share_event_context_unclear,log1p_n_event_context_unclear,log1p_n_articles
209,Hamas,2020-01,2020-02,12,16,3,Israel::Gaza Strip; Israel::Southern district; Israel::West Bank,0.0,13.65659974910306,13.294326004378394,1.0,0.03808872053103,0.2932129566833815,0.3313016772144115,0.0976171932038796,0.138466218382057,0.3993405351150265,2.8944609523944194,3.293801487509446,0.1907132225719802,0.2841700186721798,0.4748832412441601,9.975018070390073,10.491141555101413,1.0,1.0,4723.0,4723.0,15298.92965536815,,209,209,209,2020-01,2020-01-01,2020,1,0.0,Israel,ged_rolling_24m,1,0.6931471805599453,False,True,3.0,3.0,1.3862943611198906,1.3862943611198906,182.0,182.0,182.0,1.0,131.0,169.0,60.0,159.0,136.0,0.0,100.0,0.0,0.0,0.0,11.0,0.0,0.0,64.0,7.0,0.0,0.7197802197802198,4.882801922586371,0.9285714285714286,5.135798437050262,0.3296703296703296,4.110873864173311,0.8736263736263736,5.075173815233827,0.7472527472527473,4.919980925828125,0.0,0.0,0.5494505494505495,4.61512051684126,0.0,0.0,0.0,0.0,0.0,0.0,0.0604395604395604,2.4849066497880004,0.0,0.0,0.0,0.0,0.3516483516483517,4.174387269895637,0.0384615384615384,2.0794415416798357,0.0,0.0,5.209486152841421
209,Hamas,2020-02,2020-03,12,16,3,Israel::Gaza Strip; Israel::Southern district; Israel::West Bank,1.0,13.294326004378394,18.100847216414405,1.0,0.0165446150278129,0.3313016772144115,0.3478462922422244,-0.0300094754344821,-0.0096079740075352,-0.1269404950173518,3.293801487509446,3.166860992492094,-0.014102781776451,0.4748832412441601,0.460780459467709,10.491141555101413,9.609177382369634,1.0,1.0,4723.0,4723.0,15298.92965536815,,209,209,209,2020-02,2020-02-01,2020,2,1.0,Israel,ged_rolling_24m,1,0.6931471805599453,False,True,3.0,0.0,1.3862943611198906,0.0,237.0,237.0,237.0,1.0,190.0,222.0,61.0,204.0,187.0,0.0,143.0,1.0,1.0,0.0,8.0,6.0,2.0,72.0,1.0,3.0,0.8016877637130801,5.25227342804663,0.9367088607594936,5.407171771460119,0.2573839662447257,4.127134385045092,0.8607594936708861,5.3230099791384085,0.7890295358649789,5.236441962829949,0.0,0.0,0.6033755274261603,4.969813299576001,0.0042194092827004,0.6931471805599453,0.0042194092827004,0.6931471805599453,0.0,0.0,0.0337552742616033,2.1972245773362196,0.0253164556962025,1.9459101490553132,0.0084388185654008,1.0986122886681098,0.3037974683544304,4.290459441148391,0.0042194092827004,0.6931471805599453,0.0126582278481012,1.3862943611198906,5.472270673671475
209,Hamas,2020-03,2020-04,12,16,3,Israel::Gaza Strip; Israel::Southern district; Israel::West Bank,0.0,18.100847216414405,17.400401118845732,1.0,0.0263775612395855,0.3478462922422244,0.37422385348181,0.0766870456893422,0.0202506194242541,0.3321160112927233,3.166860992492094,3.498977003784818,0.0298832652401355,0.460780459467709,0.4906637247078446,9.609177382369634,10.482075905833868,1.0,1.0,4723.0,4723.0,15298.929655368058,,209,209,209,2020-03,2020-03-01,2020,3,2.0,Israel,ged_rolling_24m,1,0.6931471805599453,False,True,0.0,0.0,0.0,0.0,46.0,46.0,46.0,1.0,22.0,39.0,9.0,31.0,24.0,0.0,10.0,0.0,0.0,0.0,6.0,0.0,0.0,30.0,0.0,0.0,0.4782608695652174,3.1354942159291497,0.8478260869565217,3.688879454113936,0.1956521739130435,2.302585092994046,0.6739130434782609,3.4657359027997265,0.5217391304347826,3.218875824868201,0.0,0.0,0.217391304347826,2.3978952727983707,0.0,0.0,0.0,0.0,0.0,0.0,0.1304347826086956,1.9459101490553132,0.0,0.0,0.0,0.0,0.6521739130434783,3.4339872044851463,0.0,0.0,0.0,0.0,3.8501476017100584
209,Hamas,2020-04,2020-05,12,16,3,Israel::Gaza Strip; Israel::Southern district; Israel::West Bank,1.0,17.400401118845732,17.015133758991364,1.0,0.0156169288668524,0.37422385348181,0.3898407823486625,0.048665424851352,0.009678144990612,0.2243596276499291,3.498977003784818,3.7233366314347465,0.0144968980446094,0.4906637247078446,0.505160622752454,10.482075905833868,11.138363983883751,1.0,1.0,4723.0,4723.0,15298.929655368058,,209,209,209,2020-04,2020-04-01,2020,4,3.0,Israel,ged_rolling_24m,1,0.6931471805599453,False,True,0.0,2.0,0.0,1.0986122886681098,44.0,44.0,44.0,1.0,26.0,39.0,20.0,26.0,17.0,0.0,12.0,0.0,1.0,0.0,4.0,1.0,0.0,26.0,0.0,0.0,0.5909090909090909,3.295836866004329,0.8863636363636364,3.688879454113936,0.4545454545454545,3.044522437723423,0.5909090909090909,3.295836866004329,0.3863636363636363,2.8903717578961645,0.0,0.0,0.2727272727272727,2.5649493574615367,0.0,0.0,0.0227272727272727,0.6931471805599453,0.0,0.0,0.0909090909090909,1.6094379124341005,0.0227272727272727,0.6931471805599453,0.0,0.0,0.5909090909090909,3.295836866004329,0.0,0.0,0.0,0.0,3.80666248977032
209,Hamas,2020-05,2020-06,12,9,3,Israel::Gaza Strip; Israel::Southern district; Israel::West Bank,0.0,17.016070228878768,18.25288428731721,1.0,-0.0363789531444008,0.3892398495949689,0.352860896450568,-0.03195744838581,-0.0143736806367837,-0.1475072970935307,3.689887231394768,3.5423799343012377,-0.0214799552731314,0.505160622752454,0.4836806674793225,11.093486243228105,11.009507102712892,1.0,1.0,4715.0,4715.0,15285.3418717352,,209,209,209,2020-05,2020-05-01,2020,5,4.0,Israel,ged_rolling_24m,1,0.6931471805599453,False,True,2.0,1.0,1.0986122886681098,0.6931471805599453,44.0,44.0,44.0,1.0,28.0,44.0,14.0,37.0,23.0,1.0,13.0,3.0,1.0,0.0,0.0,0.0,0.0,25.0,1.0,0.0,0.6363636363636364,3.367295829986474,1.0,3.80666248977032,0.3181818181818182,2.70805020110221,0.8409090909090909,3.6375861597263857,0.5227272727272727,3.1780538303479458,0.0227272727272727,0.6931471805599453,0.2954545454545454,2.6390573296152584,0.0681818181818181,1.3862943611198906,0.0227272727272727,0.6931471805599453,0.0,0.0,0.0,0.0,0.0,0.0,0.0,0.0,0.5681818181818182,3.258096538021482,0.0227272727272727,0.6931471805599453,0.0,0.0,3.80666248977032
209,Hamas,2020-06,2020-07,12,9,3,Israel::Gaza Strip; Israel::Southern district; Israel::West Bank,1.0,18.25288428731721,17.45139008578996,1.0,0.0191910629302248,0.352860896450568,0.3720519593807929,-0.0141665774367394,-0.007859271712164,-0.0638963124381239,3.5423799343012377,3.4784836218631137,-0.0116149472007279,0.4836806674793225,0.4720657202785945,11.009507102712892,10.669296619471986,1.0,1.0,4715.0,4715.0,15285.3418717352,,209,209,209,2020-06,2020-06-01,2020,6,5.0,Israel,ged_rolling_24m,1,0.6931471805599453,False,True,1.0,0.0,0.6931471805599453,0.0,88.0,88.0,88.0,1.0,67.0,81.0,23.0,73.0,53.0,0.0,36.0,4.0,0.0,0.0,4.0,2.0,2.0,39.0,0.0,1.0,0.7613636363636364,4.219507705176107,0.9204545454545454,4.406719247264253,0.2613636363636363,3.1780538303479458,0.8295454545454546,4.30406509320417,0.6022727272727273,3.9889840465642745,0.0,0.0,0.4090909090909091,3.610917912644224,0.0454545454545454,1.6094379124341005,0.0,0.0,0.0,0.0,0.0454545454545454,1.6094379124341005,0.0227272727272727,1.0986122886681098,0.0227272727272727,1.0986122886681098,0.4431818181818182,3.688879454113936,0.0,0.0,0.0113636363636363,0.6931471805599453,4.48863636973214
209,Hamas,2020-07,2020-08,12,8,3,Israel::Gaza Strip; Israel::Southern district; Israel::West Bank,0.0,17.45124299966229,16.22956270754769,1.0,-0.0601958687454269,0.3719923172173131,0.3117964484718861,0.0151053564581333,0.058128308466081,0.0679479796665245,3.464382062492232,3.5323300421587565,0.0881045683862202,0.4720657202785945,0.5601702886648148,10.648201055267238,11.59116348299472,1.0,1.0,4719.0,4719.0,15281.51187723278,,209,209,209,2020-07,2020-07-01,2020,7,6.0,Israel,ged_rolling_24m,1,0.6931471805599453,False,True,0.0,0.0,0.0,0.0,101.0,101.0,101.0,1.0,77.0,94.0,24.0,78.0,64.0,0.0,49.0,3.0,0.0,0.0,5.0,1.0,2.0,37.0,4.0,0.0,0.7623762376237624,4.356708826689592,0.9306930693069309,4.553876891600541,0.2376237623762376,3.218875824868201,0.7722772277227723,4.3694478524670215,0.6336633663366337,4.174387269895637,0.0,0.0,0.4851485148514851,3.912023005428146,0.0297029702970297,1.3862943611198906,0.0,0.0,0.0,0.0,0.0495049504950495,1.791759469228055,0.0099009900990099,0.6931471805599453,0.0198019801980198,1.0986122886681098,0.3663366336633663,3.6375861597263857,0.0396039603960396,1.6094379124341005,0.0,0.0,4.624972813284271
209,Hamas,2020-08,2020-09,12,3,2,Israel::Gaza Strip; Israel::Southern district,1.0,16.234913180669086,14.536359861974786,1.0,0.0758806487922794,0.3106259110955288,0.3865065598878082,-0.00413445651733,-0.0368856299660321,-0.0183635776389321,3.4507822072678436,3.4324186296289114,-0.0562510163700216,0.5533100846490313,0.4970590682790096,11.533719973267496,10.485088763337924,1.0,1.0,4480.0,4480.0,14569.923799396687,,209,209,209,2020-08,2020-08-01,2020,8,7.0,Israel,ged_rolling_24m,1,0.6931471805599453,False,True,0.0,0.0,0.0,0.0,416.0,416.0,416.0,1.0,366.0,397.0,46.0,382.0,365.0,0.0,319.0,1.0,0.0,0.0,10.0,0.0,2.0,76.0,1.0,7.0,0.8798076923076923,5.905361848054571,0.9543269230769232,5.986452005284438,0.110576923076923,3.8501476017100584,0.9182692307692308,5.948034989180646,0.8774038461538461,5.902633333401366,0.0,0.0,0.7668269230769231,5.768320995793772,0.0024038461538461,0.6931471805599453,0.0,0.0,0.0,0.0,0.0240384615384615,2.3978952727983707,0.0,0.0,0.0048076923076923,1.0986122886681098,0.1826923076923076,4.343805421853684,0.0024038461538461,0.6931471805599453,0.016826923076923,2.0794415416798357,6.0330862217988015
209,Hamas,2020-09,2020-10,12,3,2,Israel::Gaza Strip; Israel::Southern district,0.0,14.536359861974786,14.805530234532132,1.0,-0.0421936412451792,0.3865065598878082,0.344312918642629,0.0095725065557912,0.0736717171692034,0.0426330835772912,3.4324186296289114,3.4750517132062027,0.1144552053603975,0.4970590682790096,0.6115142736394071,10.485088763337924,11.221929327245071,1.0,1.0,4480.0,4480.0,14569.923799396616,,209,209,209,2020-09,2020-09-01,2020,9,8.0,Israel,ged_rolling_24m,1,0.6931471805599453,False,True,0.0,1.0,0.0,0.6931471805599453,116.0,116.0,116.0,1.0,86.0,109.0,19.0,94.0,85.0,0.0,51.0,2.0,2.0,0.0,5.0,1.0,0.0,54.0,0.0,1.0,0.7413793103448276,4.465908118654584,0.9396551724137931,4.700480365792417,0.1637931034482758,2.995732273553991,0.8103448275862069,4.553876891600541,0.7327586206896551,4.454347296253507,0.0,0.0,0.4396551724137931,3.951243718581427,0.0172413793103448,1.0986122886681098,0.0172413793103448,1.0986122886681098,0.0,0.0,0.043103448275862,1.791759469228055,0.0086206896551724,0.6931471805599453,0.0,0.0,0.4655172413793103,4.007333185232471,0.0,0.0,0.0086206896551724,0.6931471805599453,4.762173934797756
209,Hamas,2020-10,2020-11,12,3,2,Israel::Gaza Strip; Israel::Southern district,1.0,14.805530234532132,14.852366541804296,1.0,0.0432279076633512,0.344312918642629,0.3875408263059803,0.0006789876051396,0.0374946728784347,0.0030395364326318,3.4750517132062027,3.4780912496388345,0.0615702659731576,0.6115142736394071,0.6730845396125648,11.221929327245071,10.76363952122747,1.0,1.0,4480.0,4480.0,14569.923799396616,,209,209,209,2020-10,2020-10-01,2020,10,9.0,Israel,ged_rolling_24m,1,0.6931471805599453,False,True,1.0,0.0,0.6931471805599453,0.0,54.0,54.0,54.0,1.0,39.0,49.0,12.0,47.0,39.0,0.0,28.0,1.0,0.0,0.0,4.0,2.0,1.0,17.0,0.0,1.0,0.7222222222222222,3.688879454113936,0.9074074074074074,3.912023005428146,0.2222222222222222,2.5649493574615367,0.8703703703703703,3.871201010907891,0.7222222222222222,3.688879454113936,0.0,0.0,0.5185185185185185,3.367295829986474,0.0185185185185185,0.6931471805599453,0.0,0.0,0.0,0.0,0.074074074074074,1.6094379124341005,0.037037037037037,1.0986122886681098,0.0185185185185185,0.6931471805599453,0.3148148148148148,2.8903717578961645,0.0,0.0,0.0185185185185185,0.6931471805599453,4.007333185232471
209,Hamas,2020-11,2020-12,12,2,2,Israel::Gaza Strip; Israel::Southern district,0.0,14.852366541804296,14.431123945897056,1.0,-0.0285405864226006,0.3875408263059803,0.3590002398833796,-0.0169484149831147,-0.1228567275718275,-0.0752570039165561,3.4780912496388345,3.4028342457222784,-0.1934246975681899,0.6730845396125648,0.4796598420443748,10.76363952122747,10.657279725193536,1.0,1.0,4480.0,4480.0,14569.923799396616,,209,209,209,2020-11,2020-11-01,2020,11,10.0,Israel,ged_rolling_24m,1,0.6931471805599453,False,True,0.0,0.0,0.0,0.0,87.0,87.0,87.0,1.0,62.0,81.0,16.0,70.0,64.0,0.0,44.0,0.0,1.0,0.0,2.0,2.0,1.0,34.0,0.0,3.0,0.7126436781609196,4.143134726391533,0.9310344827586208,4.406719247264253,0.1839080459770115,2.833213344056216,0.8045977011494253,4.2626798770413155,0.735632183908046,4.174387269895637,0.0,0.0,0.5057471264367817,3.80666248977032,0.0,0.0,0.0114942528735632,0.6931471805599453,0.0,0.0,0.0229885057471264,1.0986122886681098,0.0229885057471264,1.0986122886681098,0.0114942528735632,0.6931471805599453,0.3908045977011494,3.5553480614894135,0.0,0.0,0.0344827586206896,1.3862943611198906,4.477336814478207
209,Hamas,2020-12,2021-01,12,1,1,Israel::Southern district,1.0,14.431282813734128,14.180778701853823,1.0,-0.0053775031361799,0.3544078427728475,0.3490303396366676,-0.0173800679548263,-0.0290137613538612,-0.0751368254358024,3.3608378604002778,3.2857010349644753,-0.0423136896375369,0.4796598420443748,0.4373461524068379,10.682823054313328,10.661949977481656,1.0,1.0,4443.0,4443.0,14462.932024622414,,209,209,209,2020-12,2020-12-01,2020,12,11.0,Israel,ged_rolling_24m,1,0.6931471805599453,False,True,0.0,0.0,0.0,0.0,88.0,88.0,88.0,1.0,66.0,83.0,18.0,73.0,64.0,0.0,48.0,2.0,1.0,0.0,5.0,0.0,0.0,32.0,0.0,0.0,0.75,4.204692619390966,0.9431818181818182,4.430816798843313,0.2045454545454545,2.9444389791664403,0.8295454545454546,4.30406509320417,0.7272727272727273,4.174387269895637,0.0,0.0,0.5454545454545454,3.8918202981106265,0.0227272727272727,1.0986122886681098,0.0113636363636363,0.6931471805599453,0.0,0.0,0.0568181818181818,1.791759469228055,0.0,0.0,0.0,0.0,0.3636363636363636,3.49650756146648,0.0,0.0,0.0,0.0,4.48863636973214
209,Hamas,2021-01,2021-02,12,0,0,,,,,,,,,,,,,,,,,,,,,,,,,209,209,209,2021-01,2021-01-01,2021,1,12.0,Israel,ged_rolling_24m,1,0.6931471805599453,False,True,0.0,0.0,0.0,0.0,105.0,105.0,105.0,1.0,77.0,97.0,21.0,77.0,65.0,0.0,46.0,2.0,0.0,0.0,7.0,1.0,1.0,48.0,0.0,0.0,0.7333333333333333,4.356708826689592,0.923809523809524,4.584967478670572,0.2,3.091042453358316,0.7333333333333333,4.356708826689592,0.6190476190476191,4.189654742026425,0.0,0.0,0.4380952380952381,3.8501476017100584,0.019047619047619,1.0986122886681098,0.0,0.0,0.0,0.0,0.0666666666666666,2.0794415416798357,0.0095238095238095,0.6931471805599453,0.0095238095238095,0.6931471805599453,0.4571428571428571,3.8918202981106265,0.0,0.0,0.0,0.0,4.663439094112067
209,Hamas,2021-02,2021-03,12,0,0,,,,,,,,,,,,,,,,,,,,,,,,,209,209,209,2021-02,2021-02-01,2021,2,13.0,Israel,ged_rolling_24m,1,0.6931471805599453,False,True,0.0,0.0,0.0,0.0,60.0,60.0,60.0,1.0,34.0,56.0,15.0,35.0,26.0,0.0,9.0,1.0,0.0,0.0,4.0,0.0,0.0,46.0,0.0,0.0,0.5666666666666667,3.5553480614894135,0.9333333333333332,4.04305126783455,0.25,2.772588722239781,0.5833333333333334,3.58351893845611,0.4333333333333333,3.295836866004329,0.0,0.0,0.15,2.302585092994046,0.0166666666666666,0.6931471805599453,0.0,0.0,0.0,0.0,0.0666666666666666,1.6094379124341005,0.0,0.0,0.0,0.0,0.7666666666666667,3.8501476017100584,0.0,0.0,0.0,0.0,4.110873864173311
209,Hamas,2021-03,2021-04,12,0,0,,,,,,,,,,,,,,,,,,,,,,,,,209,209,209,2021-03,2021-03-01,2021,3,14.0,Israel,ged_rolling_24m,1,0.6931471805599453,False,True,0.0,1.0,0.0,0.6931471805599453,80.0,80.0,80.0,1.0,60.0,76.0,37.0,64.0,52.0,0.0,26.0,1.0,0.0,0.0,4.0,2.0,0.0,47.0,0.0,0.0,0.75,4.110873864173311,0.95,4.343805421853684,0.4625,3.6375861597263857,0.8,4.174387269895637,0.65,3.970291913552122,0.0,0.0,0.325,3.295836866004329,0.0125,0.6931471805599453,0.0,0.0,0.0,0.0,0.05,1.6094379124341005,0.025,1.0986122886681098,0.0,0.0,0.5875,3.871201010907891,0.0,0.0,0.0,0.0,4.394449154672439
209,Hamas,2021-04,2021-05,12,0,0,,,,,,,,,,,,,,,,,,,,,,,,,209,209,209,2021-04,2021-04-01,2021,4,15.0,Israel,ged_rolling_24m,1,0.6931471805599453,False,True,1.0,254.0,0.6931471805599453,5.541263545158426,187.0,187.0,187.0,1.0,161.0,184.0,33.0,168.0,141.0,0.0,121.0,1.0,2.0,0.0,2.0,0.0,1.0,60.0,0.0,0.0,0.8609625668449198,5.087596335232384,0.983957219251337,5.220355825078324,0.1764705882352941,3.5263605246161616,0.8983957219251337,5.1298987149230735,0.7540106951871658,4.955827057601261,0.0,0.0,0.6470588235294118,4.804021044733257,0.0053475935828877,0.6931471805599453,0.0106951871657754,1.0986122886681098,0.0,0.0,0.0106951871657754,1.0986122886681098,0.0,0.0,0.0053475935828877,0.6931471805599453,0.320855614973262,4.110873864173311,0.0,0.0,0.0,0.0,5.236441962829949
209,Hamas,2021-05,2021-06,12,69,5,Israel::Central district; Israel::Gaza Strip; Israel::Southern district; Israel::Tel Aviv district; Israel::West Bank,0.0,16.756173179470924,19.91161144119689,1.0,0.0029683420048334,0.4562451000084234,0.4592134420132569,-0.0208762146882852,-0.4228716494756385,-0.1720465701517826,7.327594904625691,7.155548334473909,-0.7986218369454791,1.3159382093569891,0.5173163724115101,22.817444071149357,17.678032399858512,1.0,1.0,5169.0,5169.0,16598.244600697584,,209,209,209,2021-05,2021-05-01,2021,5,16.0,Israel,ged_rolling_24m,1,0.6931471805599453,False,True,254.0,3.0,5.541263545158426,1.3862943611198906,2992.0,2992.0,2992.0,1.0,2590.0,2840.0,2082.0,2791.0,2605.0,3.0,1766.0,37.0,1.0,0.0,122.0,5.0,4.0,960.0,74.0,20.0,0.8656417112299465,7.85979918056211,0.9491978609625668,7.951911381854188,0.695855614973262,7.641564441260972,0.9328208556149732,7.934513463882263,0.8706550802139037,7.8655717576847906,0.0010026737967914,1.3862943611198906,0.5902406417112299,7.477038472319696,0.0123663101604278,3.6375861597263857,0.0003342245989304,0.6931471805599453,0.0,0.0,0.0407754010695187,4.812184355372417,0.0016711229946524,1.791759469228055,0.0013368983957219,1.6094379124341005,0.320855614973262,6.8679744089702925,0.0247326203208556,4.31748811353631,0.0066844919786096,3.044522437723423,8.0040315078527
209,Hamas,2021-06,2021-07,12,69,5,Israel::Central district; Israel::Gaza Strip; Israel::Southern district; Israel::Tel Aviv district; Israel::West Bank,1.0,19.91161144119689,19.175061715596392,1.0,-0.0181890926997414,0.4592134420132569,0.4410243493135155,-0.0372689197731967,-0.016621995950105,-0.298354272833838,7.155548334473909,6.857194061640071,-0.0250123729285385,0.5173163724115101,0.4923039994829715,17.678032399858512,17.02654757481868,1.0,1.0,5169.0,5169.0,16598.244600697584,,209,209,209,2021-06,2021-06-01,2021,6,17.0,Israel,ged_rolling_24m,1,0.6931471805599453,False,True,3.0,1.0,1.3862943611198906,0.6931471805599453,572.0,572.0,572.0,1.0,385.0,539.0,231.0,492.0,398.0,0.0,184.0,22.0,0.0,0.0,25.0,2.0,8.0,311.0,13.0,7.0,0.6730769230769231,5.955837369464831,0.9423076923076924,6.29156913955832,0.4038461538461538,5.44673737166631,0.8601398601398601,6.20050917404269,0.6958041958041958,5.988961416889864,0.0,0.0,0.3216783216783216,5.220355825078324,0.0384615384615384,3.1354942159291497,0.0,0.0,0.0,0.0,0.0437062937062937,3.258096538021482,0.0034965034965034,1.0986122886681098,0.0139860139860139,2.1972245773362196,0.5437062937062938,5.7430031878094825,0.0227272727272727,2.6390573296152584,0.0122377622377622,2.0794415416798357,6.35088571671474
209,Hamas,2021-07,2021-08,12,69,5,Israel::Central district; Israel::Gaza Strip; Israel::Southern district; Israel::Tel Aviv district; Israel::West Bank,0.0,19.175061715596392,16.278066017869996,1.0,0.0302082455924374,0.4410243493135155,0.4712325949059529,0.0105012368495573,0.1499097687435466,0.0829450061563967,6.857194061640071,6.940139067796467,0.2413494508899953,0.4923039994829715,0.7336534503729668,17.02654757481868,17.037724992111524,1.0,1.0,5169.0,5169.0,16598.244600696198,,209,209,209,2021-07,2021-07-01,2021,7,18.0,Israel,ged_rolling_24m,1,0.6931471805599453,False,True,1.0,9.0,0.6931471805599453,2.302585092994046,239.0,239.0,239.0,1.0,157.0,222.0,93.0,202.0,165.0,1.0,82.0,9.0,1.0,0.0,16.0,0.0,2.0,123.0,5.0,0.0,0.6569037656903766,5.062595033026967,0.9288702928870292,5.407171771460119,0.3891213389121339,4.543294782270004,0.8451882845188284,5.313205979041787,0.6903765690376569,5.111987788356544,0.00418410041841,0.6931471805599453,0.3430962343096234,4.418840607796598,0.0376569037656903,2.302585092994046,0.00418410041841,0.6931471805599453,0.0,0.0,0.0669456066945606,2.833213344056216,0.0,0.0,0.00836820083682,1.0986122886681098,0.5146443514644351,4.820281565605037,0.0209205020920502,1.791759469228055,0.0,0.0,5.480638923341991
209,Hamas,2021-08,2021-09,12,71,5,Israel::Central district; Israel::Gaza Strip; Israel::Southern district; Israel::Tel Aviv district; Israel::West Bank,1.0,16.283982527249428,16.303272853024826,1.0,-0.0322065557721205,0.4700156917054767,0.4378091359333562,-0.017108172290198,-0.1672895475229064,-0.1340497197935963,6.9026362322408366,6.76858651244724,-0.2666303056041461,0.7308557130077249,0.4642254074035787,17.053284384430306,16.911756152072076,1.0,1.0,5150.0,5150.0,16559.625249465793,,209,209,209,2021-08,2021-08-01,2021,8,19.0,Israel,ged_rolling_24m,1,0.6931471805599453,False,True,9.0,7.0,2.302585092994046,2.0794415416798357,24.0,24.0,24.0,1.0,18.0,20.0,10.0,20.0,16.0,0.0,9.0,3.0,0.0,0.0,4.0,1.0,0.0,7.0,0.0,0.0,0.75,2.9444389791664403,0.8333333333333334,3.044522437723423,0.4166666666666667,2.3978952727983707,0.8333333333333334,3.044522437723423,0.6666666666666666,2.833213344056216,0.0,0.0,0.375,2.302585092994046,0.125,1.3862943611198906,0.0,0.0,0.0,0.0,0.1666666666666666,1.6094379124341005,0.0416666666666666,0.6931471805599453,0.0,0.0,0.2916666666666667,2.0794415416798357,0.0,0.0,0.0,0.0,3.218875824868201
209,Hamas,2021-09,2021-10,12,72,6,Israel::Central district; Israel::Gaza Strip; Israel::Jerusalem district; Israel::Southern district; Israel::Tel Aviv district; Israel::West Bank,0.0,16.294650721154433,13.20264607924097,1.0,0.03374187095512,0.4558707869803285,0.4896126579354485,-0.0091567245575285,0.065923740794899,-0.0734612643981789,7.059444127576608,6.985982863178429,0.0997800183798155,0.4642254074035787,0.5640054257833943,17.398473591962084,16.565513967289725,1.0,1.0,5320.0,5320.0,17115.094312516903,,209,209,209,2021-09,2021-09-01,2021,9,20.0,Israel,ged_rolling_24m,1,0.6931471805599453,False,True,7.0,0.0,2.0794415416798357,0.0,326.0,326.0,326.0,1.0,255.0,310.0,149.0,283.0,226.0,0.0,176.0,4.0,0.0,0.0,13.0,0.0,0.0,130.0,0.0,3.0,0.7822085889570553,5.545177444479562,0.950920245398773,5.739792912179234,0.4570552147239264,5.0106352940962555,0.8680981595092024,5.648974238161206,0.6932515337423313,5.424950017481403,0.0,0.0,0.5398773006134969,5.176149732573829,0.0122699386503067,1.6094379124341005,0.0,0.0,0.0,0.0,0.0398773006134969,2.6390573296152584,0.0,0.0,0.0,0.0,0.3987730061349693,4.875197323201151,0.0,0.0,0.00920245398773,1.3862943611198906,5.7899601708972535
209,Hamas,2021-10,2021-11,12,72,6,Israel::Central district; Israel::Gaza Strip; Israel::Jerusalem district; Israel::Southern district; Israel::Tel Aviv district; Israel::West Bank,1.0,13.20264607924097,14.122513358858091,1.0,-0.0355057666424932,0.4896126579354485,0.4541068912929553,0.0709873472641069,0.0516320451627708,0.5875099300100919,6.985982863178429,7.573492793188521,0.0828738621959789,0.5640054257833943,0.6468792879793732,16.565513967289725,19.38670013593771,1.0,1.0,5320.0,5320.0,17115.094312516903,,209,209,209,2021-10,2021-10-01,2021,10,21.0,Israel,ged_rolling_24m,1,0.6931471805599453,False,True,0.0,3.0,0.0,1.3862943611198906,117.0,117.0,117.0,1.0,68.0,107.0,50.0,84.0,62.0,0.0,28.0,3.0,0.0,0.0,8.0,1.0,1.0,75.0,0.0,1.0,0.5811965811965812,4.23410650459726,0.9145299145299144,4.68213122712422,0.4273504273504273,3.9318256327243257,0.717948717948718,4.442651256490317,0.5299145299145299,4.143134726391533,0.0,0.0,0.2393162393162393,3.367295829986474,0.0256410256410256,1.3862943611198906,0.0,0.0,0.0,0.0,0.0683760683760683,2.1972245773362196,0.0085470085470085,0.6931471805599453,0.0085470085470085,0.6931471805599453,0.6410256410256411,4.330733340286331,0.0,0.0,0.0085470085470085,0.6931471805599453,4.770684624465665
209,Hamas,2021-11,2021-12,12,73,6,Israel::Central district; Israel::Gaza Strip; Israel::Jerusalem district; Israel::Southern district; Israel::Tel Aviv district; Israel::West Bank,0.0,14.122513358858091,8.912270349817046,1.0,0.0109314390638859,0.4541068912929553,0.4650383303568413,-0.1220043040581311,0.01185782936811,-0.984712297551356,7.573492793188521,6.588780495637165,0.019644654886934,0.6468792879793732,0.6665239428663072,19.38670013593771,16.49983622974635,1.0,1.0,5320.0,5320.0,17115.094312517205,,209,209,209,2021-11,2021-11-01,2021,11,22.0,Israel,ged_rolling_24m,1,0.6931471805599453,False,True,3.0,3.0,1.3862943611198906,1.3862943611198906,184.0,184.0,184.0,1.0,126.0,170.0,103.0,149.0,124.0,0.0,62.0,8.0,0.0,0.0,13.0,2.0,0.0,96.0,2.0,1.0,0.6847826086956522,4.844187086458591,0.9239130434782608,5.14166355650266,0.5597826086956522,4.6443908991413725,0.8097826086956522,5.0106352940962555,0.6739130434782609,4.8283137373023015,0.0,0.0,0.3369565217391304,4.143134726391533,0.0434782608695652,2.1972245773362196,0.0,0.0,0.0,0.0,0.0706521739130434,2.6390573296152584,0.0108695652173913,1.0986122886681098,0.0,0.0,0.5217391304347826,4.574710978503383,0.0108695652173913,1.0986122886681098,0.0054347826086956,0.6931471805599453,5.220355825078324
209,Hamas,2021-12,2022-01,12,74,6,Israel::Central district; Israel::Gaza Strip; Israel::Jerusalem district; Israel::Southern district; Israel::Tel Aviv district; Israel::West Bank,1.0,8.912270349817046,15.096743982130066,1.0,-0.0230319991891579,0.4650383303568413,0.4420063311676833,-0.0160083402933057,-0.1331478330490003,-0.1205165717493033,6.588780495637165,6.468263923887862,-0.2077560757661473,0.6665239428663072,0.4587678671001599,16.49983622974635,16.594576112119878,1.0,1.0,5320.0,5320.0,17115.094312517205,,209,209,209,2021-12,2021-12-01,2021,12,23.0,Israel,ged_rolling_24m,1,0.6931471805599453,False,True,3.0,3.0,1.3862943611198906,1.3862943611198906,219.0,219.0,219.0,1.0,165.0,207.0,138.0,192.0,147.0,0.0,114.0,6.0,0.0,0.0,9.0,2.0,4.0,83.0,0.0,1.0,0.7534246575342466,5.111987788356544,0.9452054794520548,5.337538079701318,0.6301369863013698,4.9344739331306915,0.8767123287671232,5.262690188904886,0.6712328767123288,4.997212273764115,0.0,0.0,0.5205479452054794,4.74493212836325,0.0273972602739726,1.9459101490553132,0.0,0.0,0.0,0.0,0.0410958904109589,2.302585092994046,0.0091324200913242,1.0986122886681098,0.0182648401826484,1.6094379124341005,0.3789954337899543,4.430816798843313,0.0,0.0,0.0045662100456621,0.6931471805599453,5.393627546352362
209,Hamas,2022-01,2022-02,12,74,6,Israel::Central district; Israel::Gaza Strip; Israel::Jerusalem district; Israel::Southern district; Israel::Tel Aviv district; Israel::West Bank,0.0,15.096743982130066,14.919701496993529,1.0,0.0361610401406088,0.4420063311676833,0.4781673713082922,0.0795354449100029,0.1426473849234819,0.618252297855685,6.468263923887862,7.086516221743547,0.2236627398820271,0.4587678671001599,0.682430606982187,16.594576112119878,18.01438058459515,1.0,1.0,5320.0,5320.0,17115.094312516903,,209,209,209,2022-01,2022-01-01,2022,1,24.0,Israel,ged_rolling_24m,1,0.6931471805599453,False,True,3.0,3.0,1.3862943611198906,1.3862943611198906,173.0,173.0,173.0,1.0,122.0,163.0,61.0,149.0,126.0,1.0,88.0,4.0,0.0,0.0,8.0,0.0,1.0,71.0,0.0,0.0,0.7052023121387283,4.812184355372417,0.9421965317919077,5.099866427824199,0.3526011560693641,4.127134385045092,0.861271676300578,5.0106352940962555,0.7283236994219653,4.844187086458591,0.0057803468208092,0.6931471805599453,0.5086705202312138,4.48863636973214,0.0231213872832369,1.6094379124341005,0.0,0.0,0.0,0.0,0.0462427745664739,2.1972245773362196,0.0,0.0,0.0057803468208092,0.6931471805599453,0.4104046242774566,4.276666119016055,0.0,0.0,0.0,0.0,5.159055299214529
209,Hamas,2022-02,2022-03,12,74,6,Israel::Central district; Israel::Gaza Strip; Israel::Jerusalem district; Israel::Southern district; Israel::Tel Aviv district; Israel::West Bank,1.0,14.919701496993529,14.399880259375172,1.0,0.0162349116205762,0.4781673713082922,0.4944022829288684,0.0237823604633695,0.0213840623721054,0.1946215505258681,7.086516221743547,7.281137772269415,0.0363646270444002,0.682430606982187,0.7187952340265873,18.01438058459515,18.128058657629214,1.0,1.0,5320.0,5320.0,17115.094312516903,,209,209,209,2022-02,2022-02-01,2022,2,25.0,Israel,ged_rolling_24m,1,0.6931471805599453,False,True,3.0,5.0,1.3862943611198906,1.791759469228055,105.0,105.0,105.0,1.0,61.0,99.0,47.0,88.0,62.0,0.0,31.0,3.0,0.0,0.0,4.0,2.0,3.0,62.0,0.0,0.0,0.580952380952381,4.127134385045092,0.9428571428571428,4.605170185988092,0.4476190476190476,3.871201010907891,0.8380952380952381,4.48863636973214,0.5904761904761905,4.143134726391533,0.0,0.0,0.2952380952380952,3.4657359027997265,0.0285714285714285,1.3862943611198906,0.0,0.0,0.0,0.0,0.0380952380952381,1.6094379124341005,0.019047619047619,1.0986122886681098,0.0285714285714285,1.3862943611198906,0.5904761904761905,4.143134726391533,0.0,0.0,0.0,0.0,4.663439094112067
209,Hamas,2022-03,2022-04,12,74,6,Israel::Central district; Israel::Gaza Strip; Israel::Jerusalem district; Israel::Southern district; Israel::Tel Aviv district; Israel::West Bank,0.0,14.399880259375172,12.03964404663599,1.0,0.0140200243409749,0.4944022829288684,0.5084223072698434,-0.0017422388006931,0.3459443689326463,-0.0144151585701362,7.281137772269415,7.266722613699279,0.7104193022450085,0.7187952340265873,1.4292145362715958,18.128058657629214,17.34905966133299,1.0,1.0,5320.0,5320.0,17115.094312516903,,209,209,209,2022-03,2022-03-01,2022,3,26.0,Israel,ged_rolling_24m,1,0.6931471805599453,False,True,5.0,11.0,1.791759469228055,2.4849066497880004,67.0,67.0,67.0,1.0,31.0,64.0,32.0,57.0,41.0,0.0,12.0,1.0,1.0,0.0,3.0,0.0,0.0,49.0,1.0,0.0,0.4626865671641791,3.4657359027997265,0.9552238805970148,4.174387269895637,0.4776119402985074,3.49650756146648,0.8507462686567164,4.060443010546419,0.6119402985074627,3.737669618283368,0.0,0.0,0.1791044776119403,2.5649493574615367,0.0149253731343283,0.6931471805599453,0.0149253731343283,0.6931471805599453,0.0,0.0,0.044776119402985,1.3862943611198906,0.0,0.0,0.0,0.0,0.7313432835820896,3.912023005428146,0.0149253731343283,0.6931471805599453,0.0,0.0,4.219507705176107
209,Hamas,2022-04,2022-05,12,75,6,Israel::Central district; Israel::Gaza Strip; Israel::Jerusalem district; Israel::Southern district; Israel::Tel Aviv district; Israel::West Bank,1.0,12.03964404663599,19.091691147757903,1.0,-0.0083009166757678,0.5084223072698434,0.5001213905940756,0.0130668717755644,-0.347749201599187,0.1087290314968614,7.266722613699279,7.37545164519614,-0.7135186422940701,1.4292145362715958,0.7156958939775256,17.34905966133299,17.68370350429257,1.0,1.0,5320.0,5320.0,17115.094312516903,,209,209,209,2022-04,2022-04-01,2022,4,27.0,Israel,ged_rolling_24m,1,0.6931471805599453,False,True,11.0,5.0,2.4849066497880004,1.791759469228055,195.0,195.0,195.0,1.0,161.0,178.0,73.0,168.0,145.0,0.0,119.0,1.0,0.0,0.0,9.0,2.0,1.0,57.0,2.0,4.0,0.8256410256410256,5.087596335232384,0.9128205128205128,5.187385805840755,0.3743589743589743,4.30406509320417,0.8615384615384616,5.1298987149230735,0.7435897435897436,4.983606621708336,0.0,0.0,0.6102564102564103,4.787491742782046,0.0051282051282051,0.6931471805599453,0.0,0.0,0.0,0.0,0.0461538461538461,2.302585092994046,0.0102564102564102,1.0986122886681098,0.0051282051282051,0.6931471805599453,0.2923076923076923,4.060443010546419,0.0102564102564102,1.0986122886681098,0.0205128205128205,1.6094379124341005,5.278114659230517
209,Hamas,2022-05,2022-06,12,6,3,Israel::Gaza Strip; Israel::Jerusalem district; Israel::West Bank,0.0,19.912911292010453,17.844306628038915,1.0,0.0,1.0,1.0,0.0166584013197197,-0.1556316943617088,0.2238776990730553,12.327698722373228,12.551576421446285,-1.0788633757889414,6.485575387206048,5.406712011417107,19.235260523543896,20.38866782581637,1.0,1.0,444.0,444.0,1204.8835856408912,,209,209,209,2022-05,2022-05-01,2022,5,28.0,Israel,ged_rolling_24m,1,0.6931471805599453,False,True,5.0,4.0,1.791759469228055,1.6094379124341005,176.0,176.0,176.0,1.0,126.0,163.0,103.0,153.0,103.0,0.0,69.0,6.0,0.0,0.0,5.0,1.0,1.0,92.0,1.0,1.0,0.7159090909090909,4.844187086458591,0.9261363636363636,5.099866427824199,0.5852272727272727,4.6443908991413725,0.8693181818181818,5.0369526024136295,0.5852272727272727,4.6443908991413725,0.0,0.0,0.3920454545454545,4.248495242049359,0.034090909090909,1.9459101490553132,0.0,0.0,0.0,0.0,0.0284090909090909,1.791759469228055,0.0056818181818181,0.6931471805599453,0.0056818181818181,0.6931471805599453,0.5227272727272727,4.532599493153256,0.0056818181818181,0.6931471805599453,0.0056818181818181,0.6931471805599453,5.176149732573829
209,Hamas,2022-06,2022-07,12,6,3,Israel::Gaza Strip; Israel::Jerusalem district; Israel::West Bank,1.0,17.844306628038915,2.8516760115002056,1.0,-0.0030072371972109,1.0,0.996992762802789,-0.0064590422222727,0.0238709764340887,-0.0872481312757837,12.551576421446285,12.4643282901705,0.1547744303954372,5.406712011417107,5.561486441812544,20.38866782581637,20.602590947393075,1.0,1.0,444.0,444.0,1204.8835856408912,,209,209,209,2022-06,2022-06-01,2022,6,29.0,Israel,ged_rolling_24m,1,0.6931471805599453,False,True,4.0,2.0,1.6094379124341005,1.0986122886681098,119.0,119.0,119.0,1.0,84.0,116.0,48.0,99.0,86.0,0.0,48.0,6.0,1.0,0.0,2.0,1.0,5.0,56.0,0.0,0.0,0.7058823529411765,4.442651256490317,0.9747899159663864,4.762173934797756,0.4033613445378151,3.8918202981106265,0.8319327731092437,4.605170185988092,0.7226890756302521,4.465908118654584,0.0,0.0,0.4033613445378151,3.8918202981106265,0.0504201680672268,1.9459101490553132,0.0084033613445378,0.6931471805599453,0.0,0.0,0.0168067226890756,1.0986122886681098,0.0084033613445378,0.6931471805599453,0.042016806722689,1.791759469228055,0.4705882352941176,4.04305126783455,0.0,0.0,0.0,0.0,4.787491742782046
209,Hamas,2022-07,2022-08,12,6,3,Israel::Gaza Strip; Israel::Jerusalem district; Israel::West Bank,0.0,2.8516760115002056,42.30273956004011,1.0,-0.0028970819885217,0.996992762802789,0.9940956808142672,-0.192656513794077,-0.0009127546958864,-2.35941859275362,12.4643282901705,10.10490969741688,-0.005986295136652,5.561486441812544,5.555500146675892,20.602590947393075,16.96438502925327,1.0,1.0,444.0,444.0,1204.8835856411174,,209,209,209,2022-07,2022-07-01,2022,7,30.0,Israel,ged_rolling_24m,1,0.6931471805599453,False,True,2.0,30.0,1.0986122886681098,3.4339872044851463,100.0,100.0,100.0,1.0,73.0,89.0,27.0,78.0,68.0,0.0,44.0,0.0,1.0,0.0,7.0,1.0,2.0,42.0,0.0,3.0,0.73,4.30406509320417,0.89,4.499809670330265,0.27,3.332204510175204,0.78,4.3694478524670215,0.68,4.23410650459726,0.0,0.0,0.44,3.80666248977032,0.0,0.0,0.01,0.6931471805599453,0.0,0.0,0.07,2.0794415416798357,0.01,0.6931471805599453,0.02,1.0986122886681098,0.42,3.7612001156935624,0.0,0.0,0.03,1.3862943611198906,4.61512051684126
209,Hamas,2022-08,2022-09,12,4,2,Israel::Jerusalem district; Israel::West Bank,1.0,41.98224561403509,17.17898245614035,1.0,0.0,1.0,1.0,0.1522048440337959,0.2281914472639559,2.3537627841757107,13.31740229121634,15.671165075392052,1.953982384642717,6.623041507058763,8.57702389170148,20.31195872970404,22.356628812103345,1.0,1.0,282.0,282.0,758.3911778144824,,209,209,209,2022-08,2022-08-01,2022,8,31.0,Israel,ged_rolling_24m,1,0.6931471805599453,False,True,30.0,11.0,3.4339872044851463,2.4849066497880004,182.0,182.0,182.0,1.0,137.0,173.0,121.0,171.0,148.0,0.0,107.0,4.0,0.0,0.0,8.0,0.0,3.0,59.0,0.0,1.0,0.7527472527472527,4.927253685157205,0.9505494505494504,5.159055299214529,0.6648351648351648,4.804021044733257,0.9395604395604396,5.147494476813453,0.8131868131868132,5.003946305945459,0.0,0.0,0.5879120879120879,4.68213122712422,0.0219780219780219,1.6094379124341005,0.0,0.0,0.0,0.0,0.0439560439560439,2.1972245773362196,0.0,0.0,0.0164835164835164,1.3862943611198906,0.3241758241758242,4.0943445622221,0.0,0.0,0.0054945054945054,0.6931471805599453,5.209486152841421
209,Hamas,2022-09,2022-10,12,4,2,Israel::Jerusalem district; Israel::West Bank,0.0,17.17898245614035,16.62224561403508,1.0,0.0,1.0,1.0,-0.0144218472790709,0.0061099245261155,-0.2387035860408808,15.671165075392052,15.432461489351171,0.0586940185819813,8.57702389170148,8.63571791028346,22.356628812103345,22.2620524134713,1.0,1.0,282.0,282.0,758.3911778144824,,209,209,209,2022-09,2022-09-01,2022,9,32.0,Israel,ged_rolling_24m,1,0.6931471805599453,False,True,11.0,11.0,2.4849066497880004,2.4849066497880004,67.0,67.0,67.0,1.0,45.0,64.0,37.0,54.0,30.0,1.0,26.0,3.0,0.0,0.0,2.0,0.0,2.0,33.0,0.0,0.0,0.6716417910447762,3.828641396489095,0.9552238805970148,4.174387269895637,0.5522388059701493,3.6375861597263857,0.8059701492537313,4.007333185232471,0.4477611940298507,3.4339872044851463,0.0149253731343283,0.6931471805599453,0.3880597014925373,3.295836866004329,0.044776119402985,1.3862943611198906,0.0,0.0,0.0,0.0,0.0298507462686567,1.0986122886681098,0.0,0.0,0.0298507462686567,1.0986122886681098,0.4925373134328358,3.5263605246161616,0.0,0.0,0.0,0.0,4.219507705176107
209,Hamas,2022-10,2022-11,12,7,2,Israel::Jerusalem district; Israel::West Bank,1.0,16.62224561403508,13.433017543859648,1.0,0.0,1.0,1.0,-0.0191003461488077,-0.0046627960819143,-0.3108872242099405,15.432461489351171,15.12157426514123,-0.0448248020490211,8.63571791028346,8.59089310823444,22.2620524134713,21.199446598149,1.0,1.0,282.0,282.0,758.3911778144824,,209,209,209,2022-10,2022-10-01,2022,10,33.0,Israel,ged_rolling_24m,1,0.6931471805599453,False,True,11.0,9.0,2.4849066497880004,2.302585092994046,100.0,100.0,100.0,1.0,78.0,97.0,54.0,82.0,62.0,0.0,40.0,3.0,2.0,0.0,1.0,1.0,3.0,46.0,2.0,2.0,0.78,4.3694478524670215,0.97,4.584967478670572,0.54,4.007333185232471,0.82,4.418840607796598,0.62,4.143134726391533,0.0,0.0,0.4,3.713572066704308,0.03,1.3862943611198906,0.02,1.0986122886681098,0.0,0.0,0.01,0.6931471805599453,0.01,0.6931471805599453,0.03,1.3862943611198906,0.46,3.8501476017100584,0.02,1.0986122886681098,0.02,1.0986122886681098,4.61512051684126
209,Hamas,2022-11,2022-12,12,7,2,Israel::Jerusalem district; Israel::West Bank,0.0,13.433017543859648,16.269894736842105,1.0,0.0,1.0,1.0,0.0406255305013139,-0.0015768868638823,0.6684333046298327,15.12157426514123,15.790007569771063,-0.0151118353965227,8.59089310823444,8.575781272837917,21.199446598149,23.27412158875189,1.0,1.0,282.0,282.0,758.3911778144453,,209,209,209,2022-11,2022-11-01,2022,11,34.0,Israel,ged_rolling_24m,1,0.6931471805599453,False,True,9.0,6.0,2.302585092994046,1.9459101490553132,67.0,67.0,67.0,1.0,39.0,65.0,32.0,53.0,46.0,0.0,19.0,4.0,0.0,0.0,2.0,1.0,0.0,41.0,0.0,0.0,0.582089552238806,3.688879454113936,0.9701492537313432,4.189654742026425,0.4776119402985074,3.49650756146648,0.7910447761194029,3.9889840465642745,0.6865671641791045,3.8501476017100584,0.0,0.0,0.2835820895522388,2.995732273553991,0.0597014925373134,1.6094379124341005,0.0,0.0,0.0,0.0,0.0298507462686567,1.0986122886681098,0.0149253731343283,0.6931471805599453,0.0,0.0,0.6119402985074627,3.737669618283368,0.0,0.0,0.0,0.0,4.219507705176107
209,Hamas,2022-12,2023-01,12,7,2,Israel::Jerusalem district; Israel::West Bank,1.0,16.269894736842105,13.98945614035088,1.0,0.0,1.0,1.0,0.0812751082960345,-0.0065585510495362,1.4215974665482811,15.790007569771063,17.211605036319344,-0.0625977506608901,8.575781272837917,8.513183522177027,23.27412158875189,26.09053428544989,1.0,1.0,282.0,282.0,758.3911778144453,,209,209,209,2022-12,2022-12-01,2022,12,35.0,Israel,ged_rolling_24m,1,0.6931471805599453,False,True,6.0,22.0,1.9459101490553132,3.1354942159291497,99.0,99.0,99.0,1.0,57.0,90.0,43.0,86.0,70.0,0.0,35.0,6.0,0.0,0.0,6.0,0.0,0.0,50.0,0.0,2.0,0.5757575757575758,4.060443010546419,0.9090909090909092,4.51085950651685,0.4343434343434343,3.784189633918261,0.8686868686868687,4.465908118654584,0.7070707070707071,4.2626798770413155,0.0,0.0,0.3535353535353535,3.58351893845611,0.0606060606060606,1.9459101490553132,0.0,0.0,0.0,0.0,0.0606060606060606,1.9459101490553132,0.0,0.0,0.0,0.0,0.5050505050505051,3.9318256327243257,0.0,0.0,0.0202020202020202,1.0986122886681098,4.605170185988092
209,Hamas,2023-01,2023-02,12,9,2,Israel::Jerusalem district; Israel::West Bank,0.0,13.98945614035088,16.487947368421057,1.0,0.0,1.0,1.0,-0.0370293796014316,-0.0132175646617764,-0.6620314834661656,17.211605036319344,16.54957355285318,-0.1249137718426514,8.513183522177027,8.388269750334375,26.09053428544989,25.815045449046575,1.0,1.0,282.0,282.0,758.3911778144824,,209,209,209,2023-01,2023-01-01,2023,1,36.0,Israel,ged_rolling_24m,1,0.6931471805599453,False,True,22.0,21.0,3.1354942159291497,3.091042453358316,217.0,217.0,217.0,1.0,177.0,206.0,152.0,180.0,134.0,0.0,93.0,7.0,0.0,0.0,10.0,1.0,0.0,103.0,3.0,0.0,0.815668202764977,5.181783550292085,0.9493087557603688,5.332718793265369,0.7004608294930875,5.030437921392435,0.8294930875576036,5.198497031265826,0.6175115207373272,4.90527477843843,0.0,0.0,0.4285714285714285,4.543294782270004,0.032258064516129,2.0794415416798357,0.0,0.0,0.0,0.0,0.0460829493087557,2.3978952727983707,0.0046082949308755,0.6931471805599453,0.0,0.0,0.4746543778801843,4.6443908991413725,0.0138248847926267,1.3862943611198906,0.0,0.0,5.384495062789089
209,Hamas,2023-02,2023-03,12,11,2,Israel::Jerusalem district; Israel::West Bank,1.0,16.487947368421057,11.136596491228063,1.0,0.0,1.0,1.0,-0.1058983923244665,-0.1106489982808529,-1.7634506264255752,16.54957355285318,14.786122926427604,-0.983393757128094,8.388269750334375,7.404875993206281,25.815045449046575,21.45149191766816,1.0,1.0,282.0,282.0,758.3911778144824,,209,209,209,2023-02,2023-02-01,2023,2,37.0,Israel,ged_rolling_24m,1,0.6931471805599453,False,True,21.0,17.0,3.091042453358316,2.8903717578961645,215.0,215.0,215.0,1.0,175.0,207.0,170.0,201.0,144.0,0.0,117.0,4.0,1.0,0.0,5.0,1.0,0.0,85.0,0.0,2.0,0.813953488372093,5.170483995038151,0.9627906976744186,5.337538079701318,0.7906976744186046,5.14166355650266,0.9348837209302324,5.308267697401205,0.6697674418604651,4.976733742420574,0.0,0.0,0.5441860465116279,4.770684624465665,0.0186046511627906,1.6094379124341005,0.0046511627906976,0.6931471805599453,0.0,0.0,0.0232558139534883,1.791759469228055,0.0046511627906976,0.6931471805599453,0.0,0.0,0.3953488372093023,4.454347296253507,0.0,0.0,0.0093023255813953,1.0986122886681098,5.375278407684165
209,Hamas,2023-03,2023-04,12,14,3,Israel::Jerusalem district; Israel::Tel Aviv district; Israel::West Bank,0.0,10.885785500640928,16.72154963680387,1.0,0.0,1.0,1.0,0.065982143033592,0.1542370087607469,2.022782707217736,28.65624740117976,30.679030108397495,1.9160256746433717,10.489210788964224,12.405236463607595,37.97722994161911,38.64382177444536,1.0,1.0,355.0,355.0,933.6911635328912,,209,209,209,2023-03,2023-03-01,2023,3,38.0,Israel,ged_rolling_24m,1,0.6931471805599453,False,True,17.0,1.0,2.8903717578961645,0.6931471805599453,178.0,178.0,178.0,1.0,136.0,168.0,137.0,159.0,116.0,0.0,82.0,8.0,0.0,0.0,7.0,2.0,0.0,74.0,2.0,3.0,0.7640449438202247,4.919980925828125,0.9438202247191012,5.1298987149230735,0.7696629213483146,4.927253685157205,0.8932584269662921,5.075173815233827,0.651685393258427,4.762173934797756,0.0,0.0,0.4606741573033708,4.418840607796598,0.0449438202247191,2.1972245773362196,0.0,0.0,0.0,0.0,0.0393258426966292,2.0794415416798357,0.0112359550561797,1.0986122886681098,0.0,0.0,0.4157303370786517,4.31748811353631,0.0112359550561797,1.0986122886681098,0.0168539325842696,1.3862943611198906,5.187385805840755
209,Hamas,2023-04,2023-05,12,13,3,Israel::Jerusalem district; Israel::Tel Aviv district; Israel::West Bank,1.0,16.523814226321566,16.097222085065624,1.0,0.0,1.0,1.0,-0.0928431317370837,-0.1234878820109659,-2.1577811865902987,23.3367331737792,21.1789519871889,-1.1071524581578691,8.53064361701914,7.42349115886127,34.66969714476845,30.6067088256923,1.0,1.0,499.0,499.0,1344.5453167748558,,209,209,209,2023-04,2023-04-01,2023,4,39.0,Israel,ged_rolling_24m,1,0.6931471805599453,False,True,1.0,52.0,0.6931471805599453,3.970291913552122,521.0,521.0,521.0,1.0,457.0,497.0,242.0,484.0,429.0,0.0,330.0,21.0,0.0,0.0,16.0,6.0,3.0,137.0,7.0,1.0,0.8771593090211133,6.126869184114185,0.9539347408829176,6.210600077024653,0.4644913627639155,5.493061443340548,0.9289827255278312,6.184148890937483,0.8234165067178503,6.063785208687608,0.0,0.0,0.6333973128598849,5.802118375377063,0.0403071017274472,3.091042453358316,0.0,0.0,0.0,0.0,0.0307101727447216,2.833213344056216,0.0115163147792706,1.9459101490553132,0.0057581573896353,1.3862943611198906,0.2629558541266795,4.927253685157205,0.0134357005758157,2.0794415416798357,0.0019193857965451,0.6931471805599453,6.257667587882639
209,Hamas,2023-05,2023-06,12,16,4,Israel::Gaza Strip; Israel::Jerusalem district; Israel::Tel Aviv district; Israel::West Bank,0.0,16.179319641285833,20.40482654035533,1.0,0.0,1.0,1.0,0.023880152315046,0.0049237899440899,0.5332467582949469,21.06456160945182,21.59780836774677,0.0467804562386255,8.477533101421406,8.524313557660031,29.687309005945565,30.69011321306645,1.0,1.0,536.0,536.0,1418.8029225897403,,209,209,209,2023-05,2023-05-01,2023,5,40.0,Israel,ged_rolling_24m,1,0.6931471805599453,False,True,52.0,17.0,3.970291913552122,2.8903717578961645,415.0,415.0,415.0,1.0,344.0,391.0,278.0,389.0,306.0,1.0,212.0,9.0,0.0,0.0,17.0,5.0,0.0,154.0,13.0,4.0,0.8289156626506025,5.84354441703136,0.9421686746987952,5.971261839790462,0.6698795180722892,5.631211781821365,0.9373493975903614,5.966146739123692,0.7373493975903614,5.726847747587197,0.0024096385542168,0.6931471805599453,0.5108433734939759,5.3612921657094255,0.0216867469879518,2.302585092994046,0.0,0.0,0.0,0.0,0.0409638554216867,2.8903717578961645,0.0120481927710843,1.791759469228055,0.0,0.0,0.3710843373493976,5.043425116919247,0.0313253012048192,2.6390573296152584,0.0096385542168674,1.6094379124341005,6.030685260261263
209,Hamas,2023-06,2023-07,12,18,4,Israel::Gaza Strip; Israel::Jerusalem district; Israel::Tel Aviv district; Israel::West Bank,1.0,20.40482654035533,15.42339879804542,1.0,0.0,1.0,1.0,0.0220155346291579,-0.0060784576659491,0.5030196388453696,21.59780836774677,22.10082800659214,-0.0577175422284454,8.524313557660031,8.466596015431586,30.69011321306645,32.846557416885936,1.0,1.0,536.0,536.0,1418.8029225897403,,209,209,209,2023-06,2023-06-01,2023,6,41.0,Israel,ged_rolling_24m,1,0.6931471805599453,False,True,17.0,21.0,2.8903717578961645,3.091042453358316,177.0,177.0,177.0,1.0,123.0,160.0,134.0,152.0,99.0,0.0,64.0,8.0,2.0,0.0,11.0,1.0,2.0,82.0,2.0,5.0,0.6949152542372882,4.820281565605037,0.903954802259887,5.081404364984463,0.7570621468926554,4.90527477843843,0.8587570621468926,5.030437921392435,0.559322033898305,4.605170185988092,0.0,0.0,0.3615819209039548,4.174387269895637,0.0451977401129943,2.1972245773362196,0.0112994350282485,1.0986122886681098,0.0,0.0,0.0621468926553672,2.4849066497880004,0.0056497175141242,0.6931471805599453,0.0112994350282485,1.0986122886681098,0.4632768361581921,4.418840607796598,0.0112994350282485,1.0986122886681098,0.0282485875706214,1.791759469228055,5.181783550292085
209,Hamas,2023-07,2023-08,12,20,4,Israel::Gaza Strip; Israel::Jerusalem district; Israel::Tel Aviv district; Israel::West Bank,0.0,15.42339879804542,19.836977889277883,1.0,0.0,1.0,1.0,-0.3016378535049906,-0.2252920868094272,-6.0153201943304,22.10082800659214,16.08550781226174,-1.909573189746464,8.466596015431586,6.557022825685122,32.846557416885936,22.38331995274156,1.0,1.0,536.0,536.0,1418.8029225910846,,209,209,209,2023-07,2023-07-01,2023,7,42.0,Israel,ged_rolling_24m,1,0.6931471805599453,False,True,21.0,13.0,3.091042453358316,2.6390573296152584,237.0,237.0,237.0,1.0,186.0,228.0,164.0,217.0,163.0,0.0,125.0,5.0,0.0,0.0,6.0,1.0,4.0,89.0,6.0,1.0,0.7848101265822784,5.231108616854587,0.9620253164556962,5.43372200355424,0.6919831223628692,5.10594547390058,0.9156118143459916,5.384495062789089,0.6877637130801688,5.099866427824199,0.0,0.0,0.5274261603375527,4.836281906951478,0.0210970464135021,1.791759469228055,0.0,0.0,0.0,0.0,0.0253164556962025,1.9459101490553132,0.0042194092827004,0.6931471805599453,0.0168776371308016,1.6094379124341005,0.3755274261603376,4.499809670330265,0.0253164556962025,1.9459101490553132,0.0042194092827004,0.6931471805599453,5.472270673671475
209,Hamas,2023-08,2023-09,12,21,4,Israel::Gaza Strip; Israel::Jerusalem district; Israel::Tel Aviv district; Israel::West Bank,1.0,19.836977889277883,17.50468986950742,1.0,0.0,1.0,1.0,0.2508073373873576,0.2314965723703439,4.870437177516699,16.08550781226174,20.95594498977844,1.96849113680425,6.557022825685122,8.525513962489372,22.38331995274156,30.629275917967785,1.0,1.0,536.0,536.0,1418.8029225910846,,209,209,209,2023-08,2023-08-01,2023,8,43.0,Israel,ged_rolling_24m,1,0.6931471805599453,False,True,13.0,9.0,2.6390573296152584,2.302585092994046,160.0,160.0,160.0,1.0,123.0,153.0,109.0,150.0,102.0,0.0,68.0,10.0,0.0,0.0,5.0,0.0,0.0,72.0,4.0,1.0,0.76875,4.820281565605037,0.95625,5.0369526024136295,0.68125,4.700480365792417,0.9375,5.017279836814924,0.6375,4.634728988229636,0.0,0.0,0.425,4.23410650459726,0.0625,2.3978952727983707,0.0,0.0,0.0,0.0,0.03125,1.791759469228055,0.0,0.0,0.0,0.0,0.45,4.290459441148391,0.025,1.6094379124341005,0.00625,0.6931471805599453,5.081404364984463
209,Hamas,2023-09,2023-10,12,23,4,Israel::Gaza Strip; Israel::Jerusalem district; Israel::Tel Aviv district; Israel::West Bank,0.0,17.50468986950742,15.285501656900006,1.0,-0.0039690711998952,1.0,0.9960309288001048,-0.0610679209813542,-0.2465635993159436,-1.300684665347724,20.95594498977844,19.655260324430714,-2.0814995153273834,8.525513962489372,6.4440144471619885,30.629275917967785,29.6031990598056,1.0,1.0,536.0,536.0,1418.8029225910846,,209,209,209,2023-09,2023-09-01,2023,9,44.0,Israel,ged_rolling_24m,1,0.6931471805599453,False,True,9.0,11225.0,2.302585092994046,9.325987795502144,247.0,247.0,247.0,1.0,201.0,242.0,162.0,228.0,180.0,0.0,140.0,8.0,0.0,0.0,2.0,1.0,3.0,87.0,3.0,3.0,0.8137651821862348,5.308267697401205,0.979757085020243,5.493061443340548,0.6558704453441295,5.093750200806762,0.9230769230769232,5.43372200355424,0.728744939271255,5.198497031265826,0.0,0.0,0.5668016194331984,4.948759890378168,0.0323886639676113,2.1972245773362196,0.0,0.0,0.0,0.0,0.0080971659919028,1.0986122886681098,0.0040485829959514,0.6931471805599453,0.0121457489878542,1.3862943611198906,0.3522267206477733,4.477336814478207,0.0121457489878542,1.3862943611198906,0.0121457489878542,1.3862943611198906,5.5134287461649825
209,Hamas,2023-10,2023-11,12,496,6,Israel::Gaza Strip; Israel::Jerusalem district; Israel::Northern district; Israel::Southern district; Israel::Tel Aviv district; Israel::West Bank,1.0,15.274889982344636,13.09776881568051,1.0,0.0157716167583539,0.5790004880456473,0.5947721048040012,0.0451599957740154,-0.2247692395061732,0.3354422855840155,6.261404724415513,6.596847009999529,-0.4836740097828689,1.4027581998176923,0.9190841900348234,15.14266213461229,16.37891063242521,1.0,1.0,6092.0,6092.0,19359.6202410415,,209,209,209,2023-10,2023-10-01,2023,10,45.0,Israel,ged_rolling_24m,1,0.6931471805599453,False,True,11225.0,7172.0,9.325987795502144,8.878079256126435,17739.0,17739.0,17739.0,1.0,15430.0,17117.0,13294.0,16515.0,11595.0,6.0,8260.0,1072.0,15.0,0.0,493.0,73.0,46.0,7295.0,437.0,42.0,0.8698348272168668,9.644133752071204,0.9649360166863972,9.747885820441557,0.7494221771238514,9.49514330367712,0.9309994926433284,9.71208488700598,0.6536445120920007,9.358415490041546,0.0003382377811601,1.9459101490553132,0.4656406787304809,9.019300924562506,0.0604318169006144,6.9782137426306985,0.0008455944529003,2.772588722239781,0.0,0.0,0.0277918710186594,6.202535517187923,0.0041152263374485,4.30406509320417,0.0025931563222278,3.8501476017100584,0.4112407689272225,8.895081531754167,0.0246349850611646,6.082218910376446,0.002367664468121,3.7612001156935624,9.78357725586357
209,Hamas,2023-11,2023-12,12,872,7,Israel::Gaza Strip; Israel::Jerusalem district; Israel::Northern district; Israel::Southern district; Israel::Tel Aviv district; Israel::West Bank; Lebanon::South Lebanon province,0.0,13.038804150241498,11.783341567939454,1.0,-0.0834942824531559,0.6117570359645328,0.5282627535113769,-0.0339650532776114,-0.1097448941785872,-0.2484714028702859,6.440440604120842,6.191969201250556,-0.2010455680275183,0.934296562751221,0.7332509947237026,15.97471808694756,16.69306061018694,1.0,1.0,6429.0,6429.0,20246.628017871615,,209,209,209,2023-11,2023-11-01,2023,11,46.0,Israel; Lebanon,ged_rolling_24m,2,1.0986122886681098,False,True,7224.0,8980.0,8.885302512980633,9.10286651367095,72.0,72.0,72.0,1.0,68.0,71.0,55.0,68.0,47.0,1.0,28.0,7.0,0.0,0.0,1.0,0.0,0.0,34.0,1.0,0.0,0.9444444444444444,4.23410650459726,0.9861111111111112,4.276666119016055,0.7638888888888888,4.02535169073515,0.9444444444444444,4.23410650459726,0.6527777777777778,3.871201010907891,0.0138888888888888,0.6931471805599453,0.3888888888888889,3.367295829986474,0.0972222222222222,2.0794415416798357,0.0,0.0,0.0,0.0,0.0138888888888888,0.6931471805599453,0.0,0.0,0.0,0.0,0.4722222222222222,3.5553480614894135,0.0138888888888888,0.6931471805599453,0.0,0.0,4.290459441148391
209,Hamas,2023-12,2024-01,12,1250,7,Israel::Gaza Strip; Israel::Jerusalem district; Israel::Northern district; Israel::Southern district; Israel::Tel Aviv district; Israel::West Bank; Lebanon::South Lebanon province,1.0,11.76092999914594,13.07393477321043,1.0,0.0311429749882983,0.527411313029932,0.5585542880182304,0.0230524981987163,0.032337916312753,0.1667060222661245,6.14854885509904,6.315254877365165,0.0569378929382435,0.7324006827819723,0.7893385757202159,16.709163312947087,16.88932215458266,1.0,1.0,6387.0,6387.0,20208.00866664009,,209,209,209,2023-12,2023-12-01,2023,12,47.0,Israel; Lebanon,ged_rolling_24m,2,1.0986122886681098,False,True,8980.0,3128.0,9.10286651367095,8.048468743668883,5886.0,5886.0,5886.0,1.0,4970.0,5661.0,4242.0,5394.0,3537.0,0.0,2672.0,384.0,7.0,0.0,168.0,47.0,20.0,2453.0,95.0,40.0,0.8443764865783214,8.511376306094673,0.9617737003058104,8.641532465671846,0.7206931702344547,8.353025845202325,0.9164118246687054,8.593227877692234,0.6009174311926605,8.17131687471973,0.0,0.0,0.453958545701665,7.890956716138919,0.0652395514780836,5.953243334287785,0.0011892626571525,2.0794415416798357,0.0,0.0,0.0285423037716615,5.1298987149230735,0.0079850492694529,3.871201010907891,0.0033978933061501,3.044522437723423,0.4167516139993204,7.805474625270857,0.0161399932042133,4.564348191467836,0.0067957866123003,3.713572066704308,8.68050180902826
209,Hamas,2024-01,2024-02,12,1462,9,Israel::Gaza Strip; Israel::Jerusalem district; Israel::Northern district; Israel::Southern district; Israel::Tel Aviv district; Israel::West Bank; Lebanon::Beirut province; Lebanon::South Lebanon province; Syria::Rif Dimashq governorate,0.0,12.69586244511548,9.600057284064976,1.0,-0.0123739674394937,0.5510556417186444,0.5386816742791507,-0.0339567060804226,-0.0145521242382293,-0.2319859512453952,5.948464928883391,5.716478977637996,-0.0261926752305852,0.8130491845667104,0.7868565093361252,16.267789749412984,15.68982314776786,1.0,1.0,6975.0,6975.0,21932.60372400574,,209,209,209,2024-01,2024-01-01,2024,1,48.0,Israel; Lebanon; Syria,ged_rolling_24m,3,1.3862943611198906,False,True,3290.0,2870.0,8.098946748943339,7.962415680121064,4839.0,4839.0,4839.0,1.0,3962.0,4669.0,3711.0,4466.0,3077.0,14.0,2104.0,178.0,5.0,0.0,135.0,22.0,10.0,2252.0,103.0,16.0,0.8187642074808845,8.284756593190435,0.9648687745401944,8.448914350662942,0.7668939863608184,8.21932609390609,0.922917958255838,8.404472321352118,0.635875180822484,8.032035314398824,0.0028931597437487,2.70805020110221,0.4348005786319487,7.652070746116482,0.0367844595990907,5.187385805840755,0.0010332713370531,1.791759469228055,0.0,0.0,0.0278983261004339,4.912654885736052,0.0045463938830336,3.1354942159291497,0.0020665426741062,2.3978952727983707,0.4653854102087208,7.720017940432244,0.021285389543294,4.6443908991413725,0.0033064682785699,2.833213344056216,8.484669999710677
209,Hamas,2024-02,2024-03,12,1704,10,Israel::Gaza Strip; Israel::Jerusalem district; Israel::Northern district; Israel::Southern district; Israel::Tel Aviv district; Israel::West Bank; Lebanon::Beirut province; Lebanon::Mount Lebanon province; Lebanon::South Lebanon province; Syria::Rif Dimashq governorate,1.0,9.561345415563355,14.047585539195488,1.0,0.0136911579210989,0.5376024286626174,0.5512935865837164,0.0544055051824692,0.3072614493914783,0.3772425894394082,5.746993685173711,6.12423627461312,0.6392101467686087,0.7770823476353106,1.4162924944039192,15.751057948598351,16.357777698351494,1.0,1.0,6916.0,6916.0,21887.61601263655,,209,209,209,2024-02,2024-02-01,2024,2,49.0,Israel; Lebanon; Syria,ged_rolling_24m,3,1.3862943611198906,False,True,2870.0,2852.0,7.962415680121064,7.9561263512135,3006.0,3006.0,3006.0,1.0,2408.0,2897.0,2147.0,2673.0,1516.0,6.0,1016.0,137.0,5.0,0.0,72.0,15.0,20.0,1657.0,62.0,16.0,0.8010645375914837,7.786967002614872,0.9637391882900864,7.971776122880628,0.7142381902860945,7.672292455628756,0.8892215568862275,7.891330757661889,0.5043246839654025,7.324489979348532,0.0019960079840319,1.9459101490553132,0.3379906852960745,6.92461239604856,0.0455755156353958,4.927253685157205,0.0016633399866932,1.791759469228055,0.0,0.0,0.0239520958083832,4.290459441148391,0.0049900199600798,2.772588722239781,0.0066533599467731,3.044522437723423,0.551230871590153,7.41336733569524,0.0206254158349966,4.143134726391533,0.0053226879574184,2.833213344056216,8.008698182988528
209,Hamas,2024-03,2024-04,12,1926,9,Israel::Gaza Strip; Israel::Jerusalem district; Israel::Northern district; Israel::Southern district; Israel::West Bank; Lebanon::Beirut province; Lebanon::Mount Lebanon province; Lebanon::South Lebanon province; Syria::Rif Dimashq governorate,0.0,14.049857808955226,16.54247235447232,1.0,0.0228470407794576,0.5486116402480544,0.5714586810275121,-0.0144600068606934,0.0005949295653007,-0.0927453172547574,5.46040372834998,5.367658411095222,0.0014382662779401,1.4168213695498408,1.418259635827781,13.77235825558927,12.667235842075646,1.0,1.0,6885.0,6885.0,21750.935378148515,,209,209,209,2024-03,2024-03-01,2024,3,50.0,Israel; Lebanon; Syria,ged_rolling_24m,3,1.3862943611198906,False,True,2852.0,1383.0,7.9561263512135,7.232733136177615,3065.0,3065.0,3065.0,1.0,2545.0,2959.0,2327.0,2782.0,1470.0,3.0,1035.0,228.0,1.0,0.0,86.0,52.0,12.0,1566.0,73.0,9.0,0.8303425774877651,7.842278779117352,0.965415986949429,7.992944547318106,0.7592169657422512,7.752764808851328,0.9076672104404568,7.931284761525891,0.4796084828711256,7.293697720601438,0.0009787928221859,1.3862943611198906,0.3376835236541599,6.943122422819428,0.0743882544861337,5.43372200355424,0.0003262642740619,0.6931471805599453,0.0,0.0,0.0280587275693311,4.465908118654584,0.0169657422512234,3.970291913552122,0.0039151712887438,2.5649493574615367,0.5109298531810766,7.356918242356021,0.0238172920065252,4.30406509320417,0.0029363784665579,2.302585092994046,8.028129059431759
209,Hamas,2024-04,2024-05,12,2087,9,Israel::Gaza Strip; Israel::Jerusalem district; Israel::Northern district; Israel::Southern district; Israel::West Bank; Lebanon::Beirut province; Lebanon::Mount Lebanon province; Lebanon::South Lebanon province; Syria::Rif Dimashq governorate,1.0,16.54247235447232,15.905998446590491,1.0,-0.0184455089996976,0.5714586810275121,0.5530131720278144,-0.0155031231421334,0.0043145663202915,-0.0979573083973752,5.367658411095222,5.269701102697847,0.010456282519937,1.418259635827781,1.428715918347718,12.667235842075646,12.362495442201146,1.0,1.0,6885.0,6885.0,21750.935378148515,,209,209,209,2024-04,2024-04-01,2024,4,51.0,Israel; Lebanon; Syria,ged_rolling_24m,3,1.3862943611198906,False,True,1383.0,1763.0,7.232733136177615,7.475339236566737,2974.0,2974.0,2974.0,1.0,2347.0,2851.0,2212.0,2709.0,1646.0,3.0,919.0,164.0,4.0,0.0,101.0,23.0,16.0,1570.0,166.0,8.0,0.789172831203766,7.761319180947987,0.9586415601882986,7.955775781534187,0.7437794216543376,7.70210434005105,0.9108944182918628,7.904703913873747,0.5534633490248824,7.40671073017764,0.0010087424344317,1.3862943611198906,0.3090114324142569,6.824373670043086,0.0551445864156018,5.10594547390058,0.0013449899125756,1.6094379124341005,0.0,0.0,0.0339609952925353,4.624972813284271,0.00773369199731,3.1780538303479458,0.0053799596503026,2.833213344056216,0.5279085406859448,7.359467638255621,0.0558170813718897,5.117993812416755,0.0026899798251513,2.1972245773362196,7.99799931797973
209,Hamas,2024-05,2024-06,12,2315,10,Israel::Gaza Strip; Israel::Jerusalem district; Israel::Northern district; Israel::Southern district; Israel::West Bank; Lebanon::Beirut province; Lebanon::Beqaa province; Lebanon::Mount Lebanon province; Lebanon::South Lebanon province; Syria::Rif Dimashq governorate,0.0,15.839260118484706,17.596013001282383,1.0,0.0216708443386169,0.5015828224739368,0.5232536668125538,0.053441531025038,-0.3145488370749929,0.3064382824579024,4.58223052400732,4.888668806465223,-0.6548507841871415,1.426435534426015,0.7715847502388732,11.386861192420607,12.213080507776851,1.0,1.0,8337.0,8337.0,26077.999213294537,,209,209,209,2024-05,2024-05-01,2024,5,52.0,Israel; Lebanon; Syria,ged_rolling_24m,3,1.3862943611198906,False,True,1763.0,1743.0,7.475339236566737,7.463936604468925,3890.0,3890.0,3890.0,1.0,3289.0,3765.0,2833.0,3563.0,2261.0,2.0,1603.0,187.0,2.0,0.0,108.0,47.0,13.0,1775.0,145.0,8.0,0.8455012853470437,8.098642843759418,0.967866323907455,8.233768709217097,0.7282776349614396,7.949444420250626,0.9159383033419024,8.1786387885907,0.5812339331619537,7.724004656676065,0.0005141388174807,1.0986122886681098,0.4120822622107969,7.38025578842646,0.0480719794344473,5.236441962829949,0.0005141388174807,1.0986122886681098,0.0,0.0,0.0277634961439588,4.6913478822291435,0.0120822622107969,3.871201010907891,0.0033419023136246,2.6390573296152584,0.4562982005141388,7.4821189235521155,0.0372750642673521,4.983606621708336,0.0020565552699228,2.1972245773362196,8.266421472984554
209,Hamas,2024-06,2024-07,12,2527,10,Israel::Gaza Strip; Israel::Jerusalem district; Israel::Northern district; Israel::Southern district; Israel::West Bank; Lebanon::Beirut province; Lebanon::Beqaa province; Lebanon::Mount Lebanon province; Lebanon::South Lebanon province; Syria::Rif Dimashq governorate,1.0,17.596013001282383,11.64266469158172,1.0,0.0108099174565476,0.5232536668125538,0.5340635842691015,-0.0201888118308561,0.3112539600856527,-0.117693186171679,4.888668806465223,4.770975620293544,0.6468691340771601,0.7715847502388732,1.4184538843160333,12.213080507776851,11.49233045414519,1.0,1.0,8337.0,8337.0,26077.999213294537,,209,209,209,2024-06,2024-06-01,2024,6,53.0,Israel; Lebanon; Syria,ged_rolling_24m,3,1.3862943611198906,False,True,1743.0,1942.0,7.463936604468925,7.57198844937744,2350.0,2350.0,2350.0,1.0,1914.0,2285.0,1751.0,2159.0,1361.0,0.0,955.0,125.0,4.0,0.0,55.0,12.0,13.0,1111.0,71.0,4.0,0.814468085106383,7.557472901614746,0.9723404255319148,7.734558844354756,0.7451063829787234,7.468513271496337,0.9187234042553192,7.67786350067821,0.5791489361702128,7.216709486709457,0.0,0.0,0.4063829787234042,6.862757913051401,0.0531914893617021,4.836281906951478,0.0017021276595744,1.6094379124341005,0.0,0.0,0.0234042553191489,4.02535169073515,0.0051063829787234,2.5649493574615367,0.005531914893617,2.6390573296152584,0.4727659574468085,7.013915474810528,0.0302127659574468,4.276666119016055,0.0017021276595744,1.6094379124341005,7.762596048540069
209,Hamas,2024-07,2024-08,12,2789,13,Iran::Tehran province; Israel::Gaza Strip; Israel::Jerusalem district; Israel::Northern district; Israel::Southern district; Israel::Tel Aviv district; Israel::West Bank; Lebanon::Beirut province; Lebanon::Beqaa province; Lebanon::Mount Lebanon province; Lebanon::South Lebanon province; Syria::Rif Dimashq governorate; Yemen (North Yemen)::Hudaydah governorate,0.0,8.805946009376498,16.22642176305912,0.9918632457705988,-0.0233526604468331,0.4732452252585831,0.4498925648117499,-0.0477618107505963,0.0152112603854669,-0.2875616546995463,5.165669724478663,4.878108069779117,0.0233671495659218,0.524520496041767,0.5478876456076889,12.294653378519175,11.935745496818669,0.9931159637024805,0.9982151725634602,18070.0,18070.0,58120.79972195487,,209,209,209,2024-07,2024-07-01,2024,7,54.0,Iran; Israel; Lebanon; Syria; Yemen (North Yemen),ged_rolling_24m,5,1.791759469228055,False,True,2055.0,1756.0,7.628517626575055,7.471363088187097,2704.0,2704.0,2704.0,1.0,2340.0,2638.0,2212.0,2533.0,1649.0,0.0,1212.0,104.0,0.0,0.0,58.0,8.0,7.0,1256.0,57.0,2.0,0.8653846153846154,7.75833346749091,0.9755917159763312,7.878155336503324,0.8180473372781065,7.70210434005105,0.9367603550295858,7.837554360881084,0.6098372781065089,7.408530566894626,0.0,0.0,0.4482248520710059,7.10085190894405,0.0384615384615384,4.653960350157523,0.0,0.0,0.0,0.0,0.0214497041420118,4.07753744390572,0.0029585798816568,2.1972245773362196,0.0025887573964497,2.0794415416798357,0.4644970414201183,7.136483208590247,0.0210798816568047,4.060443010546419,0.0007396449704142,1.0986122886681098,7.902857191280582
209,Hamas,2024-08,2024-09,12,3061,13,Iran::Tehran province; Israel::Gaza Strip; Israel::Jerusalem district; Israel::Northern district; Israel::Southern district; Israel::Tel Aviv district; Israel::West Bank; Lebanon::Beirut province; Lebanon::Beqaa province; Lebanon::Mount Lebanon province; Lebanon::South Lebanon province; Syria::Rif Dimashq governorate; Yemen (North Yemen)::Hudaydah governorate,1.0,16.159837149368972,15.206793556030972,0.9982221466759016,-0.0005978377430422,0.4491943187830948,0.4485964810400525,0.0495706799423649,0.0081482979350826,0.2930688107066883,4.7668164018357375,5.059885212542426,0.012647656049386,0.5458685596673061,0.5585162157166921,11.673785312325176,12.357673650634323,0.9982221466759016,1.0,18230.0,18230.0,58348.18378773706,,209,209,209,2024-08,2024-08-01,2024,8,55.0,Iran; Israel; Lebanon; Syria; Yemen (North Yemen),ged_rolling_24m,5,1.791759469228055,False,True,1756.0,2813.0,7.471363088187097,7.942362237674335,3971.0,3971.0,3971.0,1.0,3423.0,3814.0,3062.0,3625.0,2437.0,2.0,1453.0,96.0,1.0,0.0,87.0,6.0,8.0,2248.0,56.0,14.0,0.8619994963485268,8.138564737261632,0.960463359355326,8.246695943718557,0.7710904054394359,8.027150106832774,0.9128682951397632,8.195885391314796,0.6136993200705112,7.798933310041217,0.0005036514731805,1.0986122886681098,0.3659027952656761,7.282073658093465,0.0241752707126668,4.574710978503383,0.0002518257365902,0.6931471805599453,0.0,0.0,0.0219088390833543,4.477336814478207,0.0015109544195416,1.9459101490553132,0.0020146058927222,2.1972245773362196,0.5661042558549484,7.718240951959316,0.0141022412490556,4.04305126783455,0.0035255603122639,2.70805020110221,8.287025025165063
209,Hamas,2024-09,2024-10,12,3300,13,Iran::Tehran province; Israel::Gaza Strip; Israel::Jerusalem district; Israel::Northern district; Israel::Southern district; Israel::Tel Aviv district; Israel::West Bank; Lebanon::Beirut province; Lebanon::Beqaa province; Lebanon::Mount Lebanon province; Lebanon::South Lebanon province; Syria::Rif Dimashq governorate; Yemen (North Yemen)::Hudaydah governorate,0.0,15.191389212924609,18.73072242785755,1.0,0.0040372374588936,0.4477989422950567,0.4518361797539503,-0.0065931114941237,0.007842123493338,-0.0397673018385944,5.05154956891043,5.011782267071836,0.0122653792145028,0.5579133348914594,0.5701787141059623,12.348342211563114,12.008638578321047,1.0,1.0,18262.0,18262.0,58348.18378773706,,209,209,209,2024-09,2024-09-01,2024,9,56.0,Iran; Israel; Lebanon; Syria; Yemen (North Yemen),ged_rolling_24m,5,1.791759469228055,False,True,2813.0,3561.0,7.942362237674335,8.178077463849608,2630.0,2630.0,2630.0,1.0,2230.0,2551.0,2230.0,2466.0,1737.0,2.0,1171.0,139.0,6.0,0.0,55.0,20.0,13.0,1116.0,93.0,15.0,0.8479087452471483,7.7102051944325325,0.9699619771863118,7.844632644464681,0.8479087452471483,7.7102051944325325,0.9376425855513308,7.810758116529357,0.6604562737642585,7.460490305825338,0.0007604562737642,1.0986122886681098,0.4452471482889734,7.066466970136958,0.0528517110266159,4.941642422609304,0.0022813688212927,1.9459101490553132,0.0,0.0,0.0209125475285171,4.02535169073515,0.0076045627376425,3.044522437723423,0.0049429657794676,2.6390573296152584,0.4243346007604562,7.018401799069201,0.035361216730038,4.543294782270004,0.0057034220532319,2.772588722239781,7.875119281040293
209,Hamas,2024-10,2024-11,12,3086,13,Iran::Tehran province; Israel::Gaza Strip; Israel::Jerusalem district; Israel::Southern district; Israel::Tel Aviv district; Israel::West Bank; Lebanon::Beirut province; Lebanon::Beqaa province; Lebanon::Mount Lebanon province; Lebanon::North Lebanon province; Lebanon::South Lebanon province; Syria::Rif Dimashq governorate; Yemen (North Yemen)::Hudaydah governorate,1.0,18.734732470446648,10.14162745230166,1.0,0.004189744269877,0.4221514989241101,0.4263412431939871,-0.0192663572552074,-0.0107334549191573,-0.1088494105759005,4.7043135825908,4.595464172014899,-0.0167927108725194,0.5729319330845893,0.5561392222120699,12.023405678194033,11.597774877158464,1.0,1.0,17757.0,17757.0,56591.68726390784,,209,209,209,2024-10,2024-10-01,2024,10,57.0,Iran; Israel; Lebanon; Syria; Yemen (North Yemen),ged_rolling_24m,5,1.791759469228055,False,True,3561.0,3397.0,8.178077463849608,8.130942302231878,4318.0,4318.0,4318.0,1.0,3473.0,4184.0,3418.0,4093.0,2971.0,5.0,2039.0,158.0,4.0,0.0,106.0,15.0,19.0,1853.0,111.0,8.0,0.8043075497915702,8.153061946801051,0.9689671144048172,8.339261982923576,0.7915701713756369,8.137103389639302,0.9478925428439092,8.317277766221235,0.6880500231588699,7.99699040583765,0.0011579434923575,1.791759469228055,0.4722093561834182,7.620705086838262,0.0365910143584993,5.0689042022202315,0.000926354793886,1.6094379124341005,0.0,0.0,0.0245484020379805,4.672828834461906,0.0034738304770727,2.772588722239781,0.0044001852709587,2.995732273553991,0.4291338582677165,7.5251007461258,0.0257063455303381,4.718498871295094,0.0018527095877721,2.1972245773362196,8.3707791729607
209,Hamas,2024-11,2024-12,12,2996,12,Iran::Tehran province; Israel::Gaza Strip; Israel::Southern district; Israel::Tel Aviv district; Israel::West Bank; Lebanon::Beirut province; Lebanon::Beqaa province; Lebanon::Mount Lebanon province; Lebanon::North Lebanon province; Lebanon::South Lebanon province; Syria::Rif Dimashq governorate; Yemen (North Yemen)::Hudaydah governorate,0.0,10.167146899010868,14.096948818541623,0.9998155611425662,-0.0045807148432667,0.4198877681458016,0.4153070533025348,0.0506617976800782,0.0973339810066158,0.2813195487426156,4.413420993242844,4.6947405419854595,0.1590426433258104,0.5557573831706466,0.714800026496457,11.12965511999559,12.670660277641476,1.0,0.9998155611425662,17524.0,17524.0,55889.19450521374,,209,209,209,2024-11,2024-11-01,2024,11,58.0,Iran; Israel; Lebanon; Syria; Yemen (North Yemen),ged_rolling_24m,5,1.791759469228055,False,True,3397.0,2469.0,8.130942302231878,7.8119734296220225,1284.0,1284.0,1284.0,1.0,1064.0,1233.0,895.0,1129.0,768.0,0.0,493.0,46.0,3.0,0.0,42.0,4.0,7.0,668.0,15.0,6.0,0.8286604361370716,6.970730078143525,0.9602803738317756,7.1180162044653335,0.6970404984423676,6.79794041297493,0.8792834890965732,7.029972911706386,0.5981308411214953,6.645090969505644,0.0,0.0,0.3839563862928349,6.202535517187923,0.0358255451713395,3.8501476017100584,0.0023364485981308,1.3862943611198906,0.0,0.0,0.0327102803738317,3.7612001156935624,0.0031152647975077,1.6094379124341005,0.0054517133956386,2.0794415416798357,0.5202492211838006,6.505784060128229,0.0116822429906542,2.772588722239781,0.0046728971962616,1.9459101490553132,7.158513997329321
209,Hamas,2024-12,2025-01,12,2897,12,Iran::Tehran province; Israel::Gaza Strip; Israel::Southern district; Israel::Tel Aviv district; Israel::West Bank; Lebanon::Beirut province; Lebanon::Beqaa province; Lebanon::Mount Lebanon province; Lebanon::North Lebanon province; Lebanon::South Lebanon province; Syria::Rif Dimashq governorate; Yemen (North Yemen)::Hudaydah governorate,1.0,14.106786532545735,13.774222615088076,0.9990465545400674,-0.0106563254858219,0.4147657923151002,0.4041094668292783,0.0421206922100549,-0.0217651071734723,0.2448539715319571,4.691584093043517,4.936438064575474,-0.0369152560285137,0.7145996692040442,0.6776844131755304,12.66827031802702,13.385987814976664,0.9998157186010994,0.999230835938968,17530.0,17530.0,55935.516457805905,,209,209,209,2024-12,2024-12-01,2024,12,59.0,Iran; Israel; Lebanon; Syria; Yemen (North Yemen),ged_rolling_24m,5,1.791759469228055,False,True,2469.0,1446.0,7.8119734296220225,7.277247726631484,1322.0,1322.0,1322.0,1.0,1013.0,1273.0,989.0,1207.0,744.0,1.0,514.0,74.0,1.0,0.0,41.0,6.0,6.0,661.0,14.0,4.0,0.7662632375189108,6.921658184151129,0.9629349470499244,7.149916836132109,0.7481089258698941,6.897704943128636,0.9130105900151286,7.0967213784947605,0.5627836611195158,6.61338421837956,0.0007564296520423,0.6931471805599453,0.3888048411497731,6.244166900663736,0.0559757942511346,4.31748811353631,0.0007564296520423,0.6931471805599453,0.0,0.0,0.0310136157337367,3.737669618283368,0.0045385779122541,1.9459101490553132,0.0045385779122541,1.9459101490553132,0.5,6.495265555937008,0.010590015128593,2.70805020110221,0.0030257186081694,1.6094379124341005,7.187657164114956
209,Hamas,2025-01,2025-02,12,2934,11,Iran::Tehran province; Israel::Gaza Strip; Israel::Southern district; Israel::Tel Aviv district; Israel::West Bank; Lebanon::Beqaa province; Lebanon::Mount Lebanon province; Lebanon::North Lebanon province; Lebanon::South Lebanon province; Syria::Rif Dimashq governorate; Yemen (North Yemen)::Hudaydah governorate,0.0,13.31795773450563,7.53384913459818,0.993344145860812,0.035802701396086,0.319025903656317,0.3548286050524031,-0.0559047299633124,-0.0641212202225151,-0.2621921287415967,3.8222986148606584,3.5601064861190617,-0.0989686073109516,0.5934741718729438,0.4945055645619922,11.80394594203721,10.411474468691,0.9994138471945712,0.9935666379372854,22580.0,22580.0,72917.44885207666,,209,209,209,2025-01,2025-01-01,2025,1,60.0,Iran; Israel; Lebanon; Syria; Yemen (North Yemen),ged_rolling_24m,5,1.791759469228055,False,True,1446.0,267.0,7.277247726631484,5.5909869805108565,1894.0,1894.0,1894.0,1.0,1562.0,1842.0,1372.0,1691.0,904.0,1.0,595.0,67.0,8.0,0.0,37.0,8.0,6.0,1147.0,16.0,9.0,0.8247096092925026,7.354362330421477,0.972544878563886,7.519149957669823,0.7243928194297783,7.224753405767971,0.8928194297782471,7.433666540166168,0.4772967265047518,6.807934943699926,0.0005279831045406,0.6931471805599453,0.3141499472016895,6.39024066706535,0.0353748680042238,4.219507705176107,0.0042238648363252,2.1972245773362196,0.0,0.0,0.0195353748680042,3.6375861597263857,0.0042238648363252,2.1972245773362196,0.0031678986272439,1.9459101490553132,0.6055966209081309,7.045776576879511,0.0084477296726504,2.833213344056216,0.0047518479408658,2.302585092994046,7.546974117516527
209,Hamas,2025-02,2025-03,12,2728,11,Iran::Tehran province; Israel::Gaza Strip; Israel::Haifa district; Israel::Southern district; Israel::Tel Aviv district; Israel::West Bank; Lebanon::Beqaa province; Lebanon::North Lebanon province; Lebanon::South Lebanon province; Syria::Rif Dimashq governorate; Yemen (North Yemen)::Hudaydah governorate,1.0,7.521271927178017,9.841281552517527,0.9925287632723028,-0.0320223562406905,0.3624007981132579,0.3303784418725674,-0.0225116496503789,0.0012344912517121,-0.1074010397835021,3.8248113486314086,3.7174103088479065,0.0018457913011651,0.4942610783272487,0.4961068696284139,11.169322315569406,10.87650062908851,0.993639820945851,0.998750105488774,22858.0,22858.0,73744.24455970994,,209,209,209,2025-02,2025-02-01,2025,2,61.0,Iran; Israel; Lebanon; Syria; Yemen (North Yemen),ged_rolling_24m,5,1.791759469228055,False,True,267.0,3874.0,5.5909869805108565,8.262300941787448,1590.0,1590.0,1590.0,1.0,1333.0,1545.0,1109.0,1403.0,629.0,1.0,413.0,115.0,10.0,0.0,28.0,8.0,6.0,985.0,19.0,5.0,0.8383647798742139,7.195937226475569,0.9716981132075472,7.343426229147367,0.6974842767295597,7.01211529430638,0.8823899371069183,7.247080584585756,0.3955974842767296,6.4457198193855785,0.00062893081761,0.6931471805599453,0.259748427672956,6.025865973825314,0.0723270440251572,4.7535901911063645,0.0062893081761006,2.3978952727983707,0.0,0.0,0.0176100628930817,3.367295829986474,0.0050314465408805,2.1972245773362196,0.0037735849056603,1.9459101490553132,0.6194968553459119,6.893656354602635,0.0119496855345911,2.995732273553991,0.0031446540880503,1.791759469228055,7.372118028337787
209,Hamas,2025-03,2025-04,12,2730,11,Iran::Tehran province; Israel::Gaza Strip; Israel::Haifa district; Israel::Southern district; Israel::Tel Aviv district; Israel::West Bank; Lebanon::Beqaa province; Lebanon::North Lebanon province; Lebanon::South Lebanon province; Syria::Rif Dimashq governorate; Yemen (North Yemen)::Hudaydah governorate,0.0,9.813421151435035,12.088542676537084,0.997848957772544,0.0403102984824806,0.3273949499988123,0.3677052484812929,0.0907854758860164,0.0324281196599125,0.4570009092796101,3.808811353949208,4.265812263228818,0.0492793095919858,0.4951409699606642,0.54442027955265,11.043000658318476,12.01210932880278,0.9987345837686435,0.9991143740039004,22636.0,22636.0,72857.23678288607,,209,209,209,2025-03,2025-03-01,2025,3,62.0,Iran; Israel; Lebanon; Syria; Yemen (North Yemen),ged_rolling_24m,5,1.791759469228055,False,True,3874.0,1747.0,8.262300941787448,7.466227556215481,1828.0,1828.0,1828.0,1.0,1545.0,1761.0,1331.0,1643.0,1075.0,0.0,825.0,69.0,4.0,0.0,52.0,7.0,9.0,796.0,60.0,6.0,0.8451859956236324,7.343426229147367,0.9633479212253828,7.474204806496124,0.7281181619256017,7.194436851100335,0.8987964989059081,7.404887575616125,0.588074398249453,6.98100574072173,0.0,0.0,0.4513129102844639,6.716594773520978,0.0377461706783369,4.248495242049359,0.0021881838074398,1.6094379124341005,0.0,0.0,0.0284463894967177,3.970291913552122,0.0038293216630196,2.0794415416798357,0.0049234135667396,2.302585092994046,0.4354485776805251,6.680854678790215,0.0328227571115973,4.110873864173311,0.0032822757111597,1.9459101490553132,7.511524648390866
209,Hamas,2025-04,2025-05,12,2904,11,Iran::Tehran province; Israel::Gaza Strip; Israel::Haifa district; Israel::Southern district; Israel::Tel Aviv district; Israel::West Bank; Lebanon::Beqaa province; Lebanon::North Lebanon province; Lebanon::South Lebanon province; Syria::Rif Dimashq governorate; Yemen (North Yemen)::Hudaydah governorate,1.0,12.083175729014592,12.90495121820706,0.9991144617038676,-0.0003490127334482,0.3674350156862651,0.3670860029528169,-0.0247129920231576,0.0107188524476429,-0.1285138480000505,4.26477608571828,4.136262237718229,0.0166432336445814,0.5443999152570055,0.5610431489015869,12.011371218834128,11.402796069023164,0.9991144617038676,1.0,22669.0,22669.0,72864.38382331342,,209,209,209,2025-04,2025-04-01,2025,4,63.0,Iran; Israel; Lebanon; Syria; Yemen (North Yemen),ged_rolling_24m,5,1.791759469228055,False,True,1747.0,2277.0,7.466227556215481,7.731053144007127,1200.0,1200.0,1200.0,1.0,926.0,1150.0,854.0,1065.0,675.0,0.0,501.0,68.0,2.0,0.0,37.0,4.0,2.0,548.0,30.0,8.0,0.7716666666666666,6.831953565565855,0.9583333333333334,7.048386408721883,0.7116666666666667,6.75110146893676,0.8875,6.97166860472579,0.5625,6.516193076042964,0.0,0.0,0.4175,6.218600119691729,0.0566666666666666,4.23410650459726,0.0016666666666666,1.0986122886681098,0.0,0.0,0.0308333333333333,3.6375861597263857,0.0033333333333333,1.6094379124341005,0.0016666666666666,1.0986122886681098,0.4566666666666666,6.3080984415095305,0.025,3.4339872044851463,0.0066666666666666,2.1972245773362196,7.0909098220799835
209,Hamas,2025-05,2025-06,12,3096,11,Iran::Tehran province; Israel::Gaza Strip; Israel::Haifa district; Israel::Southern district; Israel::Tel Aviv district; Israel::West Bank; Lebanon::Beqaa province; Lebanon::North Lebanon province; Lebanon::South Lebanon province; Syria::Rif Dimashq governorate; Yemen (North Yemen)::Hudaydah governorate,0.0,12.897922114089184,16.799921230132554,1.0,-0.0156804941339593,0.3667214945112759,0.3510410003773165,-0.0609601552464071,-0.0358712447275558,-0.303322242959914,4.1289478140125935,3.8256255710526794,-0.0550098759040755,0.5612062310393108,0.5061963551352352,11.389417860093817,10.691427375160409,1.0,1.0,22691.0,22691.0,72874.65456101541,,209,209,209,2025-05,2025-05-01,2025,5,64.0,Iran; Israel; Lebanon; Syria; Yemen (North Yemen),ged_rolling_24m,5,1.791759469228055,False,True,2277.0,3279.0,7.731053144007127,8.09559870137819,1501.0,1501.0,1501.0,1.0,1218.0,1460.0,1050.0,1356.0,838.0,0.0,611.0,90.0,0.0,0.0,33.0,10.0,5.0,725.0,23.0,4.0,0.8114590273151232,7.105786129481271,0.972684876748834,7.2868764117507,0.6995336442371752,6.957497370876951,0.9033977348434375,7.213031659834869,0.558294470353098,6.732210706467206,0.0,0.0,0.4070619586942038,6.416732282512326,0.0599600266489007,4.51085950651685,0.0,0.0,0.0,0.0,0.0219853431045969,3.5263605246161616,0.0066622251832111,2.3978952727983707,0.0033311125916055,1.791759469228055,0.4830113257828115,6.587550014824796,0.0153231179213857,3.1780538303479458,0.0026648900732844,1.6094379124341005,7.31455283232408
209,Hamas,2025-06,2025-07,12,3222,12,Iran::Tehran province; Israel::Gaza Strip; Israel::Haifa district; Israel::Jerusalem district; Israel::Southern district; Israel::Tel Aviv district; Israel::West Bank; Lebanon::Beqaa province; Lebanon::North Lebanon province; Lebanon::South Lebanon province; Syria::Rif Dimashq governorate; Yemen (North Yemen)::Hudaydah governorate,1.0,16.814569044856654,16.342469121898798,1.0,-0.0118179421522143,0.3539203186114717,0.3421023764592574,-0.0069928323296868,-0.0360712088296013,-0.0340242201798841,3.882616949946431,3.848592729766547,-0.0533665335520271,0.5063209492241462,0.4529544156721189,10.944972020593063,11.133696393781648,1.0,1.0,22789.0,22789.0,73230.8294570041,,209,209,209,2025-06,2025-06-01,2025,6,65.0,Iran; Israel; Lebanon; Syria; Yemen (North Yemen),ged_rolling_24m,5,1.791759469228055,False,True,3279.0,3008.0,8.09559870137819,8.009363076630045,690.0,690.0,690.0,1.0,564.0,660.0,496.0,634.0,398.0,0.0,307.0,72.0,3.0,0.0,25.0,13.0,3.0,254.0,10.0,3.0,0.8173913043478261,6.336825731146441,0.9565217391304348,6.493753839851686,0.7188405797101449,6.208590026096629,0.9188405797101448,6.453624998892692,0.5768115942028985,5.988961416889864,0.0,0.0,0.4449275362318841,5.730099782973574,0.1043478260869565,4.290459441148391,0.0043478260869565,1.3862943611198906,0.0,0.0,0.036231884057971,3.258096538021482,0.0188405797101449,2.6390573296152584,0.0043478260869565,1.3862943611198906,0.3681159420289855,5.541263545158426,0.0144927536231884,2.3978952727983707,0.0043478260869565,1.3862943611198906,6.53813982376767
209,Hamas,2025-07,2025-08,12,3417,11,Israel::Gaza Strip; Israel::Haifa district; Israel::Jerusalem district; Israel::Southern district; Israel::Tel Aviv district; Israel::West Bank; Lebanon::Beqaa province; Lebanon::North Lebanon province; Lebanon::South Lebanon province; Syria::Rif Dimashq governorate; Yemen (North Yemen)::Hudaydah governorate,0.0,16.306561097410675,15.44975273478063,0.9961496885077608,-0.0021741240562618,0.248297302680737,0.2461231786244752,0.0097422972527798,0.0180764354114609,0.0365037262278997,2.7287098648551145,2.7652135910830142,0.0258989140851857,0.4198340931365603,0.4457330072217461,10.851091480530178,11.099897012552717,1.0,0.9961496885077608,16570.0,16570.0,54162.07501333333,,209,209,209,2025-07,2025-07-01,2025,7,66.0,Iran; Israel; Lebanon; Syria; Yemen (North Yemen),ged_rolling_24m,5,1.791759469228055,False,True,3008.0,1861.0,8.009363076630045,7.529406457837013,1098.0,1098.0,1098.0,1.0,903.0,1056.0,795.0,969.0,583.0,3.0,361.0,79.0,0.0,0.0,32.0,3.0,2.0,599.0,11.0,8.0,0.8224043715846995,6.806829360392176,0.9617486338797814,6.963189985870238,0.7240437158469946,6.679599185844383,0.8825136612021858,6.877296071497429,0.5309653916211293,6.369900982828227,0.0027322404371584,1.3862943611198906,0.3287795992714025,5.8916442118257715,0.0719489981785063,4.382026634673881,0.0,0.0,0.0,0.0,0.029143897996357,3.49650756146648,0.0027322404371584,1.3862943611198906,0.0018214936247723,1.0986122886681098,0.5455373406193078,6.396929655216146,0.0100182149362477,2.4849066497880004,0.0072859744990892,2.1972245773362196,7.002155954403621
209,Hamas,2025-08,2025-09,12,3492,11,Israel::Gaza Strip; Israel::Haifa district; Israel::Jerusalem district; Israel::Southern district; Israel::Tel Aviv district; Israel::West Bank; Lebanon::Beqaa province; Lebanon::North Lebanon province; Lebanon::South Lebanon province; Syria::Rif Dimashq governorate; Yemen (North Yemen)::Hudaydah governorate,1.0,15.463467708511166,15.358590055239704,0.9961645056110192,0.0262727318051134,0.2490354830440913,0.2753082148492047,0.0149165978907837,0.0563931750428249,0.0573614775401267,2.816870475854302,2.8742319533944287,0.0838721568806908,0.4457330072217462,0.5296051641024371,11.105694101720738,10.5675948324196,0.9961645056110192,1.0,16625.0,16625.0,54369.86690749515,,209,209,209,2025-08,2025-08-01,2025,8,67.0,Iran; Israel; Lebanon; Syria; Yemen (North Yemen),ged_rolling_24m,5,1.791759469228055,False,True,1861.0,2218.0,7.529406457837013,7.704811922932594,1377.0,1377.0,1377.0,1.0,1149.0,1341.0,990.0,1248.0,638.0,1.0,430.0,64.0,2.0,0.0,26.0,6.0,4.0,786.0,54.0,4.0,0.8344226579520697,7.047517221357296,0.9738562091503268,7.201916317531627,0.7189542483660131,6.898714534329988,0.906318082788671,7.130098510125578,0.4633260711692084,6.459904454377535,0.0007262164124909,0.6931471805599453,0.3122730573710965,6.066108090103747,0.046477850399419,4.174387269895637,0.0014524328249818,1.0986122886681098,0.0,0.0,0.0188816267247639,3.295836866004329,0.0043572984749455,1.9459101490553132,0.0029048656499636,1.6094379124341005,0.5708061002178649,6.668228248417403,0.0392156862745098,4.007333185232471,0.0029048656499636,1.6094379124341005,7.228388451573604
209,Hamas,2025-09,2025-10,12,3637,11,Israel::Gaza Strip; Israel::Haifa district; Israel::Jerusalem district; Israel::Southern district; Israel::Tel Aviv district; Israel::West Bank; Lebanon::Beqaa province; Lebanon::North Lebanon province; Lebanon::South Lebanon province; Qatar::Ad Dawhah (Doha) municipality; Yemen (North Yemen)::Hudaydah governorate,0.0,17.566614428336326,19.653834649262237,1.0,0.0036891365778184,0.5091759207885488,0.5128650573663672,0.0301299325989026,0.0101453787286418,0.2340015428111224,6.650001170672314,6.8840027134834365,0.0186041093244944,0.8244657519988428,0.8430698613233372,23.545730171208604,24.05935043925984,1.0,1.0,7256.0,7256.0,22694.475770197885,,209,209,209,2025-09,2025-09-01,2025,9,68.0,Iran; Israel; Lebanon; Qatar; Syria; Yemen (North Yemen),ged_rolling_24m,6,1.9459101490553132,False,True,2224.0,768.0,7.707512194600341,6.645090969505644,2317.0,2317.0,2317.0,1.0,2007.0,2254.0,1507.0,2137.0,1351.0,2.0,926.0,44.0,3.0,0.0,46.0,17.0,6.0,1236.0,26.0,11.0,0.8662063012516185,7.60489448081162,0.972809667673716,7.720905251936779,0.6504100129477773,7.318539548567902,0.9223133362106172,7.6676260915849905,0.5830815709969789,7.20934025660291,0.0008631851532153,1.0986122886681098,0.3996547259387139,6.831953565565855,0.018990073370738,3.80666248977032,0.001294777729823,1.3862943611198906,0.0,0.0,0.0198532585239533,3.8501476017100584,0.0073370738023306,2.8903717578961645,0.002589555459646,1.9459101490553132,0.5334484246870954,7.1204443723924875,0.0112214069917997,3.295836866004329,0.0047475183426845,2.4849066497880004,7.748460023899697
209,Hamas,2025-10,2025-11,12,3518,10,Israel::Gaza Strip; Israel::Haifa district; Israel::Jerusalem district; Israel::Southern district; Israel::Tel Aviv district; Israel::West Bank; Lebanon::North Lebanon province; Lebanon::South Lebanon province; Qatar::Ad Dawhah (Doha) municipality; Yemen (North Yemen)::Hudaydah governorate,1.0,19.293072100811457,13.312671038513356,1.0,-0.0527856442456688,0.5485153676524744,0.4957297234068056,-0.0909941205275304,-0.0495387602793414,-0.7809106297548185,7.978365991516108,7.197455361761289,-0.0896622849917426,0.8551433169761087,0.765481031984366,26.43785052977658,24.62053327773504,1.0,1.0,5898.0,5898.0,18520.440018683217,,209,209,209,2025-10,2025-10-01,2025,10,69.0,Iran; Israel; Lebanon; Qatar; Syria; Yemen (North Yemen),ged_rolling_24m,6,1.9459101490553132,False,True,768.0,240.0,6.645090969505644,5.484796933490655,2776.0,2776.0,2776.0,1.0,2382.0,2664.0,2029.0,2504.0,1498.0,3.0,900.0,108.0,1.0,0.0,65.0,21.0,7.0,1614.0,39.0,18.0,0.8580691642651297,7.776115477098742,0.9596541786743517,7.887959336599945,0.7309077809798271,7.615791072035833,0.9020172910662824,7.826044013518965,0.5396253602305475,7.312553498102598,0.0010806916426512,1.3862943611198906,0.3242074927953891,6.803505257608338,0.0389048991354466,4.6913478822291435,0.0003602305475504,0.6931471805599453,0.0,0.0,0.0234149855907781,4.189654742026425,0.007564841498559,3.091042453358316,0.002521613832853,2.0794415416798357,0.5814121037463977,7.387090235656757,0.0140489913544668,3.688879454113936,0.0064841498559077,2.9444389791664403,7.9291264873068
209,Hamas,2025-11,2025-12,12,3276,9,Israel::Gaza Strip; Israel::Haifa district; Israel::Jerusalem district; Israel::Tel Aviv district; Israel::West Bank; Lebanon::North Lebanon province; Lebanon::South Lebanon province; Qatar::Ad Dawhah (Doha) municipality; Yemen (North Yemen)::Hudaydah governorate,0.0,13.543494697659984,9.426907840742375,0.9991767315273083,-0.0147664191595096,0.8427457138610461,0.8279792947015365,0.0350768232999936,0.0089046564785848,0.669438938758006,17.752173619877535,18.42161255863554,0.0338808196581457,2.7879277077737794,2.821808527431925,42.131281936777214,44.33423714796843,1.0,0.9991767315273083,1482.0,1482.0,4061.337988563249,,209,209,209,2025-11,2025-11-01,2025,11,70.0,Iran; Israel; Lebanon; Qatar; Syria; Yemen (North Yemen),ged_rolling_24m,6,1.9459101490553132,False,True,240.0,360.0,5.484796933490655,5.8888779583328805,939.0,939.0,939.0,1.0,755.0,894.0,684.0,820.0,482.0,2.0,349.0,46.0,2.0,0.0,32.0,17.0,4.0,468.0,8.0,11.0,0.8040468583599574,6.628041376179533,0.952076677316294,6.796823718274855,0.7284345047923323,6.529418838262226,0.873269435569755,6.710523109452428,0.5133120340788072,6.180016653652572,0.0021299254526091,1.0986122886681098,0.3716719914802981,5.857933154483459,0.0489882854100106,3.8501476017100584,0.0021299254526091,1.0986122886681098,0.0,0.0,0.0340788072417465,3.49650756146648,0.0181043663471778,2.8903717578961645,0.0042598509052183,1.6094379124341005,0.4984025559105431,6.150602768446279,0.0085197018104366,2.1972245773362196,0.0117145899893503,2.4849066497880004,6.84587987526405
303,Taliban,2020-01,2020-02,12,4549,33,Afghanistan::Badakhshan province; Afghanistan::Badghis province; Afghanistan::Baghlan province; Afghanistan::Balkh province; Afghanistan::Daykundi province; Afghanistan::Farah province; Afghanistan::Faryab province; Afghanistan::Ghazni province; Afghanistan::Ghor province; Afghanistan::Hilmand province; Afghanistan::Hirat province; Afghanistan::Jawzjan province; Afghanistan::Kabul province; Afghanistan::Kandahar province; Afghanistan::Kapisa province; Afghanistan::Khost province; Afghanistan::Kunar province; Afghanistan::Kunduz province; Afghanistan::Laghman province; Afghanistan::Logar province; Afghanistan::Nangarhar province; Afghanistan::Nimroz province; Afghanistan::Nuristan province; Afghanistan::Paktika province; Afghanistan::Paktya province; Afghanistan::Parwan province; Afghanistan::Samangan province; Afghanistan::Sari Pul province; Afghanistan::Takhar province; Afghanistan::Uruzgan province; Afghanistan::Wardak province; Afghanistan::Zabul province; Pakistan::Balochistan province,1.0,14.033191305292224,13.782548031595985,0.9995441881505676,0.0007905461200793,0.0045936469742587,0.005384193094338,0.1432029235335184,0.143187010455972,0.1754978240914423,0.1398631337522704,0.3153609578437127,0.172245667636882,0.1188737350878179,0.2911194027247,0.6732578081336228,0.6008700093680034,0.9999171426298816,0.9995607403618352,288623.0,288623.0,967372.0122871136,,303,303,303,2020-01,2020-01-01,2020,1,0.0,Afghanistan; Pakistan,ged_rolling_24m,2,1.0986122886681098,False,True,1708.0,2843.0,7.443663683115591,7.952966790923131,428.0,428.0,428.0,1.0,344.0,388.0,332.0,394.0,217.0,0.0,281.0,22.0,0.0,0.0,38.0,0.0,1.0,84.0,0.0,2.0,0.8037383177570093,5.84354441703136,0.9065420560747663,5.963579343618446,0.7757009345794392,5.808142489980444,0.9205607476635514,5.978885764901122,0.5070093457943925,5.384495062789089,0.0,0.0,0.6565420560747663,5.641907070938114,0.0514018691588785,3.1354942159291497,0.0,0.0,0.0,0.0,0.0887850467289719,3.6635616461296463,0.0,0.0,0.0023364485981308,0.6931471805599453,0.1962616822429906,4.442651256490317,0.0,0.0,0.0046728971962616,1.0986122886681098,6.061456918928017
303,Taliban,2020-02,2020-03,12,4590,33,Afghanistan::Badakhshan province; Afghanistan::Badghis province; Afghanistan::Baghlan province; Afghanistan::Balkh province; Afghanistan::Daykundi province; Afghanistan::Farah province; Afghanistan::Faryab province; Afghanistan::Ghazni province; Afghanistan::Ghor province; Afghanistan::Hilmand province; Afghanistan::Hirat province; Afghanistan::Jawzjan province; Afghanistan::Kabul province; Afghanistan::Kandahar province; Afghanistan::Kapisa province; Afghanistan::Khost province; Afghanistan::Kunar province; Afghanistan::Kunduz province; Afghanistan::Laghman province; Afghanistan::Logar province; Afghanistan::Nangarhar province; Afghanistan::Nimroz province; Afghanistan::Nuristan province; Afghanistan::Paktika province; Afghanistan::Paktya province; Afghanistan::Parwan province; Afghanistan::Samangan province; Afghanistan::Sari Pul province; Afghanistan::Takhar province; Afghanistan::Uruzgan province; Afghanistan::Wardak province; Afghanistan::Zabul province; Pakistan::Balochistan province,0.0,13.787828400733474,13.016484462725163,0.999080946380866,0.0003397082161614,0.0053866895718722,0.0057263977880336,-0.0134834362051865,-0.0148684522375544,-0.0176155552584399,0.3152864726518952,0.2976709173934552,-0.0190545362269225,0.2910922188403995,0.272037682613477,0.6010008865524948,0.5937653188530505,0.9995607403618352,0.9991845249730698,288479.0,288479.0,967372.0122871893,,303,303,303,2020-02,2020-02-01,2020,2,1.0,Afghanistan; Pakistan,ged_rolling_24m,2,1.0986122886681098,False,True,2843.0,1207.0,7.952966790923131,7.0967213784947605,403.0,403.0,403.0,1.0,328.0,367.0,275.0,363.0,208.0,0.0,161.0,12.0,2.0,0.0,32.0,1.0,2.0,191.0,1.0,1.0,0.8138957816377171,5.796057750765372,0.9106699751861044,5.908082938168931,0.6823821339950372,5.62040086571715,0.9007444168734492,5.8971538676367405,0.5161290322580645,5.342334251964811,0.0,0.0,0.3995037220843672,5.087596335232384,0.0297766749379652,2.5649493574615367,0.0049627791563275,1.0986122886681098,0.0,0.0,0.0794044665012407,3.49650756146648,0.0024813895781637,0.6931471805599453,0.0049627791563275,1.0986122886681098,0.4739454094292804,5.2574953720277815,0.0024813895781637,0.6931471805599453,0.0024813895781637,0.6931471805599453,6.0014148779611505
303,Taliban,2020-03,2020-04,12,4526,33,Afghanistan::Badakhshan province; Afghanistan::Badghis province; Afghanistan::Baghlan province; Afghanistan::Balkh province; Afghanistan::Daykundi province; Afghanistan::Farah province; Afghanistan::Faryab province; Afghanistan::Ghazni province; Afghanistan::Ghor province; Afghanistan::Hilmand province; Afghanistan::Hirat province; Afghanistan::Jawzjan province; Afghanistan::Kabul province; Afghanistan::Kandahar province; Afghanistan::Kapisa province; Afghanistan::Khost province; Afghanistan::Kunar province; Afghanistan::Kunduz province; Afghanistan::Laghman province; Afghanistan::Logar province; Afghanistan::Nangarhar province; Afghanistan::Nimroz province; Afghanistan::Nuristan province; Afghanistan::Paktika province; Afghanistan::Paktya province; Afghanistan::Parwan province; Afghanistan::Samangan province; Afghanistan::Sari Pul province; Afghanistan::Takhar province; Afghanistan::Uruzgan province; Afghanistan::Wardak province; Afghanistan::Zabul province; Pakistan::Balochistan province,1.0,13.017728916611764,13.48162268519884,0.9989601276218144,0.000400269771992,0.0057270903644993,0.0061273601364914,0.0273924255976996,0.0261207812529286,0.0360379677818227,0.2976812644904275,0.3337192322722503,0.0336645686205778,0.2720450417793625,0.3057096103999404,0.5938035902346928,0.6553988399591428,0.9991845249730698,0.9994059641153288,288440.0,288440.0,967372.0122871893,,303,303,303,2020-03,2020-03-01,2020,3,2.0,Afghanistan; Pakistan,ged_rolling_24m,2,1.0986122886681098,False,True,1207.0,1086.0,7.0967213784947605,6.99117688712121,649.0,649.0,649.0,1.0,546.0,595.0,415.0,564.0,303.0,0.0,344.0,16.0,1.0,0.0,52.0,1.0,0.0,233.0,0.0,2.0,0.8412942989214176,6.304448802421981,0.9167950693374424,6.39024066706535,0.6394453004622496,6.030685260261263,0.8690292758089369,6.336825731146441,0.4668721109399075,5.717027701406222,0.0,0.0,0.5300462249614792,5.84354441703136,0.024653312788906,2.833213344056216,0.0015408320493066,0.6931471805599453,0.0,0.0,0.0801232665639445,3.970291913552122,0.0015408320493066,0.6931471805599453,0.0,0.0,0.3590138674884437,5.455321115357702,0.0,0.0,0.0030816640986132,1.0986122886681098,6.476972362889683
303,Taliban,2020-04,2020-05,12,4455,33,Afghanistan::Badakhshan province; Afghanistan::Badghis province; Afghanistan::Baghlan province; Afghanistan::Balkh province; Afghanistan::Daykundi province; Afghanistan::Farah province; Afghanistan::Faryab province; Afghanistan::Ghazni province; Afghanistan::Ghor province; Afghanistan::Hilmand province; Afghanistan::Hirat province; Afghanistan::Jawzjan province; Afghanistan::Kabul province; Afghanistan::Kandahar province; Afghanistan::Kapisa province; Afghanistan::Khost province; Afghanistan::Kunar province; Afghanistan::Kunduz province; Afghanistan::Laghman province; Afghanistan::Logar province; Afghanistan::Nangarhar province; Afghanistan::Nimroz province; Afghanistan::Nuristan province; Afghanistan::Paktika province; Afghanistan::Paktya province; Afghanistan::Parwan province; Afghanistan::Samangan province; Afghanistan::Sari Pul province; Afghanistan::Takhar province; Afghanistan::Uruzgan province; Afghanistan::Wardak province; Afghanistan::Zabul province; Pakistan::Balochistan province,0.0,13.481997518312632,17.391314454828763,0.9989308619914188,0.0011240553506077,0.0061275396494726,0.0072515950000804,0.0415202598457709,0.0392586553921078,0.0565422880728167,0.3337244448890428,0.3902667329618596,0.0522800878517861,0.3057140872487585,0.3579941751005447,0.6554064844966679,0.6693718120785553,0.9994059641153288,0.9991586303250184,288433.0,288433.0,967372.0122871893,,303,303,303,2020-04,2020-04-01,2020,4,3.0,Afghanistan; Pakistan,ged_rolling_24m,2,1.0986122886681098,False,True,1086.0,1199.0,6.99117688712121,7.090076835776092,310.0,310.0,310.0,1.0,272.0,295.0,228.0,276.0,123.0,0.0,170.0,15.0,1.0,0.0,15.0,0.0,0.0,109.0,0.0,0.0,0.8774193548387097,5.60947179518496,0.9516129032258064,5.69035945432406,0.7354838709677419,5.43372200355424,0.8903225806451613,5.6240175061873385,0.3967741935483871,4.820281565605037,0.0,0.0,0.5483870967741935,5.14166355650266,0.0483870967741935,2.772588722239781,0.0032258064516129,0.6931471805599453,0.0,0.0,0.0483870967741935,2.772588722239781,0.0,0.0,0.0,0.0,0.3516129032258064,4.700480365792417,0.0,0.0,0.0,0.0,5.739792912179234
303,Taliban,2020-05,2020-06,12,4268,33,Afghanistan::Badakhshan province; Afghanistan::Badghis province; Afghanistan::Baghlan province; Afghanistan::Balkh province; Afghanistan::Daykundi province; Afghanistan::Farah province; Afghanistan::Faryab province; Afghanistan::Ghazni province; Afghanistan::Ghor province; Afghanistan::Hilmand province; Afghanistan::Hirat province; Afghanistan::Jawzjan province; Afghanistan::Kabul province; Afghanistan::Kandahar province; Afghanistan::Kapisa province; Afghanistan::Khost province; Afghanistan::Kunar province; Afghanistan::Kunduz province; Afghanistan::Laghman province; Afghanistan::Logar province; Afghanistan::Nangarhar province; Afghanistan::Nimroz province; Afghanistan::Nuristan province; Afghanistan::Paktika province; Afghanistan::Paktya province; Afghanistan::Parwan province; Afghanistan::Samangan province; Afghanistan::Sari Pul province; Afghanistan::Takhar province; Afghanistan::Uruzgan province; Afghanistan::Wardak province; Afghanistan::Zabul province; Pakistan::Balochistan province,1.0,17.38765866753001,17.939708180459746,0.9991586303250188,-0.0010894274489475,0.0072499419255245,0.0061605144765769,-0.0195116597028878,-0.0157294172484923,-0.0268629486545854,0.3902390497042535,0.3633761010496681,-0.0211929665717712,0.3579702091659736,0.3367772425942024,0.6692976394376221,0.6064799221689712,0.9991586303250188,0.9999907813952212,288502.0,288502.0,967372.0122871893,,303,303,303,2020-05,2020-05-01,2020,5,4.0,Afghanistan; Pakistan,ged_rolling_24m,2,1.0986122886681098,False,True,1199.0,1509.0,7.090076835776092,7.31986492980897,497.0,497.0,497.0,1.0,445.0,475.0,415.0,467.0,275.0,0.0,314.0,23.0,2.0,0.0,21.0,0.0,0.0,136.0,0.0,1.0,0.8953722334004024,6.100318952020064,0.9557344064386318,6.16541785423142,0.8350100603621731,6.030685260261263,0.9396378269617708,6.148468295917647,0.5533199195171026,5.62040086571715,0.0,0.0,0.6317907444668008,5.752572638825633,0.0462776659959758,3.1780538303479458,0.0040241448692152,1.0986122886681098,0.0,0.0,0.0422535211267605,3.091042453358316,0.0,0.0,0.0,0.0,0.2736418511066398,4.919980925828125,0.0,0.0,0.0020120724346076,0.6931471805599453,6.210600077024653
303,Taliban,2020-06,2020-07,12,4061,33,Afghanistan::Badakhshan province; Afghanistan::Badghis province; Afghanistan::Baghlan province; Afghanistan::Balkh province; Afghanistan::Daykundi province; Afghanistan::Farah province; Afghanistan::Faryab province; Afghanistan::Ghazni province; Afghanistan::Ghor province; Afghanistan::Hilmand province; Afghanistan::Hirat province; Afghanistan::Jawzjan province; Afghanistan::Kabul province; Afghanistan::Kandahar province; Afghanistan::Kapisa province; Afghanistan::Khost province; Afghanistan::Kunar province; Afghanistan::Kunduz province; Afghanistan::Laghman province; Afghanistan::Logar province; Afghanistan::Nangarhar province; Afghanistan::Nimroz province; Afghanistan::Nuristan province; Afghanistan::Paktika province; Afghanistan::Paktya province; Afghanistan::Parwan province; Afghanistan::Samangan province; Afghanistan::Sari Pul province; Afghanistan::Takhar province; Afghanistan::Uruzgan province; Afghanistan::Wardak province; Afghanistan::Zabul province; Pakistan::Balochistan province,0.0,17.930532012925354,14.916499061943355,0.9999907813952212,-0.0006305583797539,0.0061553879506028,0.0055248295708489,-0.031325508286707,-0.0273587462903587,-0.0420450917778237,0.3633321272760889,0.3212870354982651,-0.0360761823980008,0.336754681568582,0.3006784991705812,0.6062223570971824,0.6129288491718005,0.9999907813952212,1.0,288752.0,288752.0,967372.0122871893,,303,303,303,2020-06,2020-06-01,2020,6,5.0,Afghanistan; Pakistan,ged_rolling_24m,2,1.0986122886681098,False,True,1509.0,1614.0,7.31986492980897,7.387090235656757,419.0,419.0,419.0,1.0,301.0,377.0,258.0,339.0,170.0,0.0,181.0,29.0,0.0,0.0,41.0,0.0,1.0,166.0,0.0,1.0,0.7183770883054893,5.71042701737487,0.8997613365155132,5.934894195619588,0.6157517899761337,5.556828061699537,0.8090692124105012,5.8289456176102075,0.4057279236276849,5.14166355650266,0.0,0.0,0.431980906921241,5.204006687076795,0.0692124105011933,3.4011973816621555,0.0,0.0,0.0,0.0,0.0978520286396181,3.737669618283368,0.0,0.0,0.0023866348448687,0.6931471805599453,0.39618138424821,5.117993812416755,0.0,0.0,0.0023866348448687,0.6931471805599453,6.040254711277414
303,Taliban,2020-07,2020-08,12,3787,33,Afghanistan::Badakhshan province; Afghanistan::Badghis province; Afghanistan::Baghlan province; Afghanistan::Balkh province; Afghanistan::Daykundi province; Afghanistan::Farah province; Afghanistan::Faryab province; Afghanistan::Ghazni province; Afghanistan::Ghor province; Afghanistan::Hilmand province; Afghanistan::Hirat province; Afghanistan::Jawzjan province; Afghanistan::Kabul province; Afghanistan::Kandahar province; Afghanistan::Kapisa province; Afghanistan::Khost province; Afghanistan::Kunar province; Afghanistan::Kunduz province; Afghanistan::Laghman province; Afghanistan::Logar province; Afghanistan::Nangarhar province; Afghanistan::Nimroz province; Afghanistan::Nuristan province; Afghanistan::Paktika province; Afghanistan::Paktya province; Afghanistan::Parwan province; Afghanistan::Samangan province; Afghanistan::Sari Pul province; Afghanistan::Takhar province; Afghanistan::Uruzgan province; Afghanistan::Wardak province; Afghanistan::Zabul province; Pakistan::Balochistan province,1.0,14.939239709709785,13.138323309557386,0.9976585431816852,-0.0002257790681137,0.0055377450304884,0.0053119659623746,0.0027254317207286,0.0008008560460494,0.0036059301831889,0.3212653722391466,0.3248713024223356,0.0010420171937094,0.3006082699329766,0.301650287126686,0.6136834071070181,0.5142166382464889,1.0,0.9976585431816852,288040.0,288040.0,967372.0122871893,,303,303,303,2020-07,2020-07-01,2020,7,6.0,Afghanistan; Pakistan,ged_rolling_24m,2,1.0986122886681098,False,True,1614.0,1408.0,7.387090235656757,7.25063551189868,543.0,543.0,543.0,1.0,439.0,507.0,366.0,451.0,302.0,0.0,258.0,47.0,0.0,0.0,30.0,1.0,2.0,204.0,0.0,1.0,0.8084714548802947,6.0867747269123065,0.9337016574585636,6.230481447578482,0.6740331491712708,5.905361848054571,0.8305709023941068,6.113682179832232,0.5561694290976059,5.713732805509369,0.0,0.0,0.4751381215469613,5.556828061699537,0.0865561694290976,3.871201010907891,0.0,0.0,0.0,0.0,0.0552486187845303,3.4339872044851463,0.001841620626151,0.6931471805599453,0.003683241252302,1.0986122886681098,0.3756906077348066,5.3230099791384085,0.0,0.0,0.001841620626151,0.6931471805599453,6.298949246855942
303,Taliban,2020-08,2020-09,12,3629,32,Afghanistan::Badakhshan province; Afghanistan::Badghis province; Afghanistan::Baghlan province; Afghanistan::Balkh province; Afghanistan::Daykundi province; Afghanistan::Farah province; Afghanistan::Faryab province; Afghanistan::Ghazni province; Afghanistan::Ghor province; Afghanistan::Hilmand province; Afghanistan::Hirat province; Afghanistan::Jawzjan province; Afghanistan::Kabul province; Afghanistan::Kandahar province; Afghanistan::Kapisa province; Afghanistan::Khost province; Afghanistan::Kunar province; Afghanistan::Kunduz province; Afghanistan::Laghman province; Afghanistan::Logar province; Afghanistan::Nangarhar province; Afghanistan::Nimroz province; Afghanistan::Nuristan province; Afghanistan::Paktika province; Afghanistan::Paktya province; Afghanistan::Parwan province; Afghanistan::Samangan province; Afghanistan::Sari Pul province; Afghanistan::Takhar province; Afghanistan::Uruzgan province; Afghanistan::Wardak province; Afghanistan::Zabul province,0.0,16.253678641799716,17.227715788326197,0.999989266314728,0.0006882049844402,0.0055516689376021,0.0062398739220423,0.027402513517659,0.0245883161561737,0.036629971426037,0.3185063057838347,0.3551362772098717,0.0322433878829703,0.2952740174050753,0.3275174052880457,0.5672352333837335,0.6826339949499359,1.0,0.999989266314728,189350.0,189350.0,620421.1270151123,,303,303,303,2020-08,2020-08-01,2020,8,7.0,Afghanistan; Pakistan,ged_rolling_24m,2,1.0986122886681098,False,True,1408.0,1820.0,7.25063551189868,7.507141079727608,334.0,334.0,334.0,1.0,287.0,316.0,235.0,299.0,183.0,0.0,194.0,24.0,0.0,0.0,16.0,2.0,0.0,97.0,1.0,0.0,0.8592814371257484,5.662960480135946,0.9461077844311376,5.75890177387728,0.7035928143712575,5.4638318050256105,0.8952095808383234,5.703782474656201,0.5479041916167665,5.214935757608986,0.0,0.0,0.5808383233532934,5.272999558563747,0.0718562874251497,3.218875824868201,0.0,0.0,0.0,0.0,0.0479041916167664,2.833213344056216,0.0059880239520958,1.0986122886681098,0.0,0.0,0.2904191616766467,4.584967478670572,0.0029940119760479,0.6931471805599453,0.0,0.0,5.814130531825066
303,Taliban,2020-09,2020-10,12,3466,33,Afghanistan::Badakhshan province; Afghanistan::Badghis province; Afghanistan::Baghlan province; Afghanistan::Balkh province; Afghanistan::Bamyan province; Afghanistan::Daykundi province; Afghanistan::Farah province; Afghanistan::Faryab province; Afghanistan::Ghazni province; Afghanistan::Ghor province; Afghanistan::Hilmand province; Afghanistan::Hirat province; Afghanistan::Jawzjan province; Afghanistan::Kabul province; Afghanistan::Kandahar province; Afghanistan::Kapisa province; Afghanistan::Khost province; Afghanistan::Kunar province; Afghanistan::Kunduz province; Afghanistan::Laghman province; Afghanistan::Logar province; Afghanistan::Nangarhar province; Afghanistan::Nimroz province; Afghanistan::Nuristan province; Afghanistan::Paktika province; Afghanistan::Paktya province; Afghanistan::Parwan province; Afghanistan::Samangan province; Afghanistan::Sari Pul province; Afghanistan::Takhar province; Afghanistan::Uruzgan province; Afghanistan::Wardak province; Afghanistan::Zabul province,1.0,17.223702688308705,16.771953169980222,0.9999374073319128,-8.450539133554851e-05,0.0060700891520628,0.0059855837607272,0.0040645952994199,0.0049088000852708,0.0055169871973945,0.3545709294958462,0.3600879166932407,0.0065334575715625,0.327704298231084,0.3342377558026466,0.6734905382972405,0.6314383089478369,0.999989567888652,0.9999426233875868,194541.0,194541.0,638317.2837300019,,303,303,303,2020-09,2020-09-01,2020,9,8.0,Afghanistan; Pakistan,ged_rolling_24m,2,1.0986122886681098,False,True,1820.0,2769.0,7.507141079727608,7.926602599181384,397.0,397.0,397.0,1.0,339.0,374.0,303.0,352.0,182.0,0.0,244.0,12.0,2.0,0.0,19.0,5.0,1.0,113.0,0.0,1.0,0.853904282115869,5.8289456176102075,0.9420654911838792,5.926926025970411,0.7632241813602015,5.717027701406222,0.8866498740554156,5.8664680569332965,0.4584382871536523,5.209486152841421,0.0,0.0,0.6146095717884131,5.501258210544727,0.0302267002518891,2.5649493574615367,0.0050377833753148,1.0986122886681098,0.0,0.0,0.0478589420654911,2.995732273553991,0.0125944584382871,1.791759469228055,0.0025188916876574,0.6931471805599453,0.2846347607052896,4.736198448394496,0.0,0.0,0.0025188916876574,0.6931471805599453,5.986452005284438
303,Taliban,2020-10,2020-11,12,3342,33,Afghanistan::Badakhshan province; Afghanistan::Badghis province; Afghanistan::Baghlan province; Afghanistan::Balkh province; Afghanistan::Bamyan province; Afghanistan::Daykundi province; Afghanistan::Farah province; Afghanistan::Faryab province; Afghanistan::Ghazni province; Afghanistan::Ghor province; Afghanistan::Hilmand province; Afghanistan::Hirat province; Afghanistan::Jawzjan province; Afghanistan::Kabul province; Afghanistan::Kandahar province; Afghanistan::Kapisa province; Afghanistan::Khost province; Afghanistan::Kunar province; Afghanistan::Kunduz province; Afghanistan::Laghman province; Afghanistan::Logar province; Afghanistan::Nangarhar province; Afghanistan::Nimroz province; Afghanistan::Nuristan province; Afghanistan::Paktika province; Afghanistan::Paktya province; Afghanistan::Parwan province; Afghanistan::Samangan province; Afghanistan::Sari Pul province; Afghanistan::Takhar province; Afghanistan::Uruzgan province; Afghanistan::Wardak province; Afghanistan::Zabul province,0.0,16.771949951072827,10.401813751457226,0.9999232932989128,-0.0012361159170125,0.0059856682479347,0.0047495523309221,0.0545129796678577,0.0531874413508847,0.0762005464915646,0.3600881257228403,0.4362886722144049,0.0728858073087576,0.3342375970907369,0.4071234043994946,0.6314431425035948,0.4640991776748784,0.9999426233875868,0.999975453855652,194538.0,194538.0,638317.2837300019,,303,303,303,2020-10,2020-10-01,2020,10,9.0,Afghanistan; Pakistan,ged_rolling_24m,2,1.0986122886681098,False,True,2769.0,1983.0,7.926602599181384,7.592870287844818,349.0,349.0,349.0,1.0,296.0,327.0,257.0,324.0,207.0,0.0,228.0,18.0,0.0,0.0,18.0,0.0,2.0,81.0,1.0,1.0,0.8481375358166189,5.6937321388027,0.9369627507163324,5.793013608384144,0.7363896848137536,5.552959584921617,0.9283667621776504,5.783825182329737,0.5931232091690545,5.337538079701318,0.0,0.0,0.6532951289398281,5.43372200355424,0.0515759312320916,2.9444389791664403,0.0,0.0,0.0,0.0,0.0515759312320916,2.9444389791664403,0.0,0.0,0.0057306590257879,1.0986122886681098,0.2320916905444126,4.406719247264253,0.0028653295128939,0.6931471805599453,0.0028653295128939,0.6931471805599453,5.857933154483459
303,Taliban,2020-11,2020-12,12,3314,33,Afghanistan::Badakhshan province; Afghanistan::Badghis province; Afghanistan::Baghlan province; Afghanistan::Balkh province; Afghanistan::Bamyan province; Afghanistan::Daykundi province; Afghanistan::Farah province; Afghanistan::Faryab province; Afghanistan::Ghazni province; Afghanistan::Ghor province; Afghanistan::Hilmand province; Afghanistan::Hirat province; Afghanistan::Jawzjan province; Afghanistan::Kabul province; Afghanistan::Kandahar province; Afghanistan::Kapisa province; Afghanistan::Khost province; Afghanistan::Kunar province; Afghanistan::Kunduz province; Afghanistan::Laghman province; Afghanistan::Logar province; Afghanistan::Nangarhar province; Afghanistan::Nimroz province; Afghanistan::Nuristan province; Afghanistan::Paktika province; Afghanistan::Paktya province; Afghanistan::Parwan province; Afghanistan::Samangan province; Afghanistan::Sari Pul province; Afghanistan::Takhar province; Afghanistan::Uruzgan province; Afghanistan::Wardak province; Afghanistan::Zabul province,1.0,10.402545470355276,13.262276722257418,0.9997772437400428,-0.0002271024237045,0.0047502461554987,0.0045231437317941,-0.0555068892792879,-0.0497995920089915,-0.0775526924329609,0.4363074305005375,0.3587547380675766,-0.0683587347958391,0.4071396452216759,0.3387809104258368,0.4641292347776292,0.5720661957279388,0.999975453855652,0.9997913577730428,194510.0,194510.0,638317.2837300019,,303,303,303,2020-11,2020-11-01,2020,11,10.0,Afghanistan; Pakistan,ged_rolling_24m,2,1.0986122886681098,False,True,1983.0,2099.0,7.592870287844818,7.649692623711514,235.0,235.0,235.0,1.0,193.0,225.0,178.0,219.0,142.0,0.0,133.0,7.0,1.0,0.0,9.0,2.0,1.0,82.0,0.0,0.0,0.8212765957446808,5.267858159063328,0.9574468085106383,5.420534999272286,0.7574468085106383,5.187385805840755,0.9319148936170212,5.393627546352362,0.6042553191489362,4.962844630259907,0.0,0.0,0.5659574468085107,4.897839799950911,0.0297872340425531,2.0794415416798357,0.0042553191489361,0.6931471805599453,0.0,0.0,0.0382978723404255,2.302585092994046,0.0085106382978723,1.0986122886681098,0.0042553191489361,0.6931471805599453,0.3489361702127659,4.418840607796598,0.0,0.0,0.0,0.0,5.4638318050256105
303,Taliban,2020-12,2021-01,12,3216,33,Afghanistan::Badakhshan province; Afghanistan::Badghis province; Afghanistan::Baghlan province; Afghanistan::Balkh province; Afghanistan::Bamyan province; Afghanistan::Daykundi province; Afghanistan::Farah province; Afghanistan::Faryab province; Afghanistan::Ghazni province; Afghanistan::Ghor province; Afghanistan::Hilmand province; Afghanistan::Hirat province; Afghanistan::Jawzjan province; Afghanistan::Kabul province; Afghanistan::Kandahar province; Afghanistan::Kapisa province; Afghanistan::Khost province; Afghanistan::Kunar province; Afghanistan::Kunduz province; Afghanistan::Laghman province; Afghanistan::Logar province; Afghanistan::Nangarhar province; Afghanistan::Nimroz province; Afghanistan::Nuristan province; Afghanistan::Paktika province; Afghanistan::Paktya province; Afghanistan::Parwan province; Afghanistan::Samangan province; Afghanistan::Sari Pul province; Afghanistan::Takhar province; Afghanistan::Uruzgan province; Afghanistan::Wardak province; Afghanistan::Zabul province,0.0,13.263022777190928,15.777715205469915,0.99970790088226,0.0002245810002141,0.0045234574711496,0.0047480384713637,-0.0435000582078846,-0.0438109141872337,-0.0578393330870694,0.3587673896714373,0.3009280565843679,-0.0573874398540885,0.3387923500996389,0.2814049102455504,0.5720829618678788,0.7181271628704102,0.9997913577730428,0.9998122219957386,194497.0,194497.0,638317.2837299643,,303,303,303,2020-12,2020-12-01,2020,12,11.0,Afghanistan; Pakistan,ged_rolling_24m,2,1.0986122886681098,False,True,2099.0,2740.0,7.649692623711514,7.916078096302786,295.0,295.0,295.0,1.0,257.0,285.0,249.0,277.0,195.0,0.0,181.0,23.0,1.0,0.0,8.0,2.0,1.0,78.0,0.0,1.0,0.8711864406779661,5.552959584921617,0.9661016949152542,5.655991810819852,0.8440677966101695,5.521460917862246,0.9389830508474576,5.627621113690637,0.6610169491525424,5.278114659230517,0.0,0.0,0.6135593220338983,5.204006687076795,0.0779661016949152,3.1780538303479458,0.0033898305084745,0.6931471805599453,0.0,0.0,0.0271186440677966,2.1972245773362196,0.0067796610169491,1.0986122886681098,0.0033898305084745,0.6931471805599453,0.2644067796610169,4.3694478524670215,0.0,0.0,0.0033898305084745,0.6931471805599453,5.69035945432406
303,Taliban,2021-01,2021-02,12,3171,33,Afghanistan::Badakhshan province; Afghanistan::Badghis province; Afghanistan::Baghlan province; Afghanistan::Balkh province; Afghanistan::Bamyan province; Afghanistan::Daykundi province; Afghanistan::Farah province; Afghanistan::Faryab province; Afghanistan::Ghazni province; Afghanistan::Ghor province; Afghanistan::Hilmand province; Afghanistan::Hirat province; Afghanistan::Jawzjan province; Afghanistan::Kabul province; Afghanistan::Kandahar province; Afghanistan::Kapisa province; Afghanistan::Khost province; Afghanistan::Kunar province; Afghanistan::Kunduz province; Afghanistan::Laghman province; Afghanistan::Logar province; Afghanistan::Nangarhar province; Afghanistan::Nimroz province; Afghanistan::Nuristan province; Afghanistan::Paktika province; Afghanistan::Paktya province; Afghanistan::Parwan province; Afghanistan::Samangan province; Afghanistan::Sari Pul province; Afghanistan::Takhar province; Afghanistan::Uruzgan province; Afghanistan::Wardak province; Afghanistan::Zabul province,1.0,15.781264305730447,13.382258468920828,0.9993792893748026,0.0010078152295763,0.0047495997005148,0.0057574149300911,0.0294988521341665,0.0273768774606488,0.038948304219583,0.300954464744066,0.339902768963649,0.0355660372195353,0.2814249943864934,0.3169910316060287,0.7182413667441672,0.6887306552767702,0.9998122219957386,0.999426233875868,194434.0,194434.0,638317.2837299643,,303,303,303,2021-01,2021-01-01,2021,1,12.0,Afghanistan; Pakistan,ged_rolling_24m,2,1.0986122886681098,False,True,2740.0,2098.0,7.916078096302786,7.649216319820633,331.0,331.0,331.0,1.0,273.0,314.0,230.0,284.0,184.0,0.0,166.0,18.0,0.0,0.0,17.0,2.0,3.0,124.0,1.0,0.0,0.824773413897281,5.6131281063880705,0.9486404833836858,5.752572638825633,0.6948640483383686,5.442417710521793,0.8580060422960725,5.652489180268651,0.5558912386706949,5.220355825078324,0.0,0.0,0.5015105740181269,5.117993812416755,0.0543806646525679,2.9444389791664403,0.0,0.0,0.0,0.0,0.0513595166163142,2.8903717578961645,0.0060422960725075,1.0986122886681098,0.0090634441087613,1.3862943611198906,0.3746223564954682,4.8283137373023015,0.0030211480362537,0.6931471805599453,0.0,0.0,5.805134968916488
303,Taliban,2021-02,2021-03,12,3149,33,Afghanistan::Badakhshan province; Afghanistan::Badghis province; Afghanistan::Baghlan province; Afghanistan::Balkh province; Afghanistan::Bamyan province; Afghanistan::Daykundi province; Afghanistan::Farah province; Afghanistan::Faryab province; Afghanistan::Ghazni province; Afghanistan::Ghor province; Afghanistan::Hilmand province; Afghanistan::Hirat province; Afghanistan::Jawzjan province; Afghanistan::Kabul province; Afghanistan::Kandahar province; Afghanistan::Kapisa province; Afghanistan::Khost province; Afghanistan::Kunar province; Afghanistan::Kunduz province; Afghanistan::Laghman province; Afghanistan::Logar province; Afghanistan::Nangarhar province; Afghanistan::Nimroz province; Afghanistan::Nuristan province; Afghanistan::Paktika province; Afghanistan::Paktya province; Afghanistan::Parwan province; Afghanistan::Samangan province; Afghanistan::Sari Pul province; Afghanistan::Takhar province; Afghanistan::Uruzgan province; Afghanistan::Wardak province; Afghanistan::Zabul province,0.0,13.381945283489454,8.838604168299467,0.9993718641661372,-0.0004033419539676,0.005757457706968,0.0053541157530004,-0.009738719639702,-0.0092160812498779,-0.0129855477576468,0.3398970477360177,0.3269114999783709,-0.0120816833396504,0.3169851059685754,0.3049034226289249,0.6887380511323361,0.5862752577472353,0.999426233875868,0.9999143339562258,194430.0,194430.0,638317.2837299643,,303,303,303,2021-02,2021-02-01,2021,2,13.0,Afghanistan; Pakistan,ged_rolling_24m,2,1.0986122886681098,False,True,2098.0,1806.0,7.649216319820633,7.499423290592229,291.0,291.0,291.0,1.0,239.0,279.0,195.0,247.0,150.0,0.0,143.0,13.0,1.0,0.0,11.0,0.0,2.0,120.0,1.0,0.0,0.8213058419243986,5.480638923341991,0.9587628865979382,5.634789603169249,0.6701030927835051,5.278114659230517,0.8487972508591065,5.5134287461649825,0.5154639175257731,5.017279836814924,0.0,0.0,0.4914089347079037,4.969813299576001,0.0446735395189003,2.6390573296152584,0.0034364261168384,0.6931471805599453,0.0,0.0,0.0378006872852233,2.4849066497880004,0.0,0.0,0.0068728522336769,1.0986122886681098,0.4123711340206185,4.795790545596741,0.0034364261168384,0.6931471805599453,0.0,0.0,5.676753802268282
303,Taliban,2021-03,2021-04,12,3203,33,Afghanistan::Badakhshan province; Afghanistan::Badghis province; Afghanistan::Baghlan province; Afghanistan::Balkh province; Afghanistan::Bamyan province; Afghanistan::Daykundi province; Afghanistan::Farah province; Afghanistan::Faryab province; Afghanistan::Ghazni province; Afghanistan::Ghor province; Afghanistan::Hilmand province; Afghanistan::Hirat province; Afghanistan::Jawzjan province; Afghanistan::Kabul province; Afghanistan::Kandahar province; Afghanistan::Kapisa province; Afghanistan::Khost province; Afghanistan::Kunar province; Afghanistan::Kunduz province; Afghanistan::Laghman province; Afghanistan::Logar province; Afghanistan::Nangarhar province; Afghanistan::Nimroz province; Afghanistan::Nuristan province; Afghanistan::Paktika province; Afghanistan::Paktya province; Afghanistan::Parwan province; Afghanistan::Samangan province; Afghanistan::Sari Pul province; Afghanistan::Takhar province; Afghanistan::Uruzgan province; Afghanistan::Wardak province; Afghanistan::Zabul province,1.0,8.837133081352988,13.361711030827475,0.9998569573438127,0.0010544486411172,0.0053515181364061,0.0064059667775234,0.0247899278151354,0.0210457148228052,0.0333052050711425,0.3269136602852626,0.3602188653564052,0.0277539256399398,0.3049164480164922,0.3326703736564321,0.5861362217361042,0.6877621588316917,0.999914333956226,0.9999321912762388,194523.0,194523.0,638317.2837299643,,303,303,303,2021-03,2021-03-01,2021,3,14.0,Afghanistan; Pakistan,ged_rolling_24m,2,1.0986122886681098,False,True,1806.0,2842.0,7.499423290592229,7.952615111651,269.0,269.0,269.0,1.0,218.0,256.0,140.0,233.0,129.0,0.0,100.0,21.0,2.0,0.0,11.0,1.0,2.0,130.0,2.0,0.0,0.8104089219330854,5.389071729816501,0.9516728624535316,5.54907608489522,0.5204460966542751,4.948759890378168,0.8661710037174721,5.455321115357702,0.4795539033457249,4.867534450455582,0.0,0.0,0.3717472118959107,4.61512051684126,0.0780669144981412,3.091042453358316,0.0074349442379182,1.0986122886681098,0.0,0.0,0.0408921933085501,2.4849066497880004,0.0037174721189591,0.6931471805599453,0.0074349442379182,1.0986122886681098,0.483271375464684,4.875197323201151,0.0074349442379182,1.0986122886681098,0.0,0.0,5.598421958998375
303,Taliban,2021-04,2021-05,12,3497,34,Afghanistan::Badakhshan province; Afghanistan::Badghis province; Afghanistan::Baghlan province; Afghanistan::Balkh province; Afghanistan::Bamyan province; Afghanistan::Daykundi province; Afghanistan::Farah province; Afghanistan::Faryab province; Afghanistan::Ghazni province; Afghanistan::Ghor province; Afghanistan::Hilmand province; Afghanistan::Hirat province; Afghanistan::Jawzjan province; Afghanistan::Kabul province; Afghanistan::Kandahar province; Afghanistan::Kapisa province; Afghanistan::Khost province; Afghanistan::Kunar province; Afghanistan::Kunduz province; Afghanistan::Laghman province; Afghanistan::Logar province; Afghanistan::Nangarhar province; Afghanistan::Nimroz province; Afghanistan::Nuristan province; Afghanistan::Paktika province; Afghanistan::Paktya province; Afghanistan::Parwan province; Afghanistan::Samangan province; Afghanistan::Sari Pul province; Afghanistan::Takhar province; Afghanistan::Uruzgan province; Afghanistan::Wardak province; Afghanistan::Zabul province; Pakistan::Khyber Pakhtunkwa province,0.0,12.84645473284,16.35824910131655,0.9999206250548964,-0.0010210241092655,0.0177464603655208,0.0167254362562553,0.0145696032730612,0.025759076155624,0.020472588523049,0.3949461452870993,0.4154187338101484,0.0348969144042093,0.3373689193156844,0.3722658337198938,0.7702666349518523,0.7909629264446005,0.9999393015125678,0.999967316199075,217588.0,217588.0,712331.8397519029,,303,303,303,2021-04,2021-04-01,2021,4,15.0,Afghanistan; Pakistan,ged_rolling_24m,2,1.0986122886681098,False,True,2842.0,5039.0,7.952615111651,8.525161361065415,360.0,360.0,360.0,1.0,292.0,344.0,225.0,288.0,163.0,1.0,146.0,12.0,0.0,0.0,15.0,0.0,0.0,186.0,0.0,0.0,0.8111111111111111,5.680172609017068,0.9555555555555556,5.84354441703136,0.625,5.420534999272286,0.8,5.666426688112432,0.4527777777777778,5.099866427824199,0.0027777777777777,0.6931471805599453,0.4055555555555555,4.990432586778736,0.0333333333333333,2.5649493574615367,0.0,0.0,0.0,0.0,0.0416666666666666,2.772588722239781,0.0,0.0,0.0,0.0,0.5166666666666667,5.231108616854587,0.0,0.0,0.0,0.0,5.8888779583328805
303,Taliban,2021-05,2021-06,12,4020,34,Afghanistan::Badakhshan province; Afghanistan::Badghis province; Afghanistan::Baghlan province; Afghanistan::Balkh province; Afghanistan::Bamyan province; Afghanistan::Daykundi province; Afghanistan::Farah province; Afghanistan::Faryab province; Afghanistan::Ghazni province; Afghanistan::Ghor province; Afghanistan::Hilmand province; Afghanistan::Hirat province; Afghanistan::Jawzjan province; Afghanistan::Kabul province; Afghanistan::Kandahar province; Afghanistan::Kapisa province; Afghanistan::Khost province; Afghanistan::Kunar province; Afghanistan::Kunduz province; Afghanistan::Laghman province; Afghanistan::Logar province; Afghanistan::Nangarhar province; Afghanistan::Nimroz province; Afghanistan::Nuristan province; Afghanistan::Paktika province; Afghanistan::Paktya province; Afghanistan::Parwan province; Afghanistan::Samangan province; Afghanistan::Sari Pul province; Afghanistan::Takhar province; Afghanistan::Uruzgan province; Afghanistan::Wardak province; Afghanistan::Zabul province; Pakistan::Khyber Pakhtunkwa province,1.0,16.357636377429642,20.227596628597833,0.9999626470846572,-0.0011239619095164,0.0167247333932212,0.0156007714837047,0.0429121341892899,0.0537972236450344,0.0620602539461359,0.4154087005889242,0.4774689545350601,0.0758454891876184,0.3722574740474991,0.4481029632351176,0.7909483055133187,0.9788166644382746,0.999967316199075,0.9999766544279108,217597.0,217597.0,712331.8397519029,,303,303,303,2021-05,2021-05-01,2021,5,16.0,Afghanistan; Pakistan,ged_rolling_24m,2,1.0986122886681098,False,True,5039.0,7688.0,8.525161361065415,8.94754601503218,567.0,567.0,567.0,1.0,501.0,546.0,408.0,514.0,299.0,0.0,321.0,34.0,0.0,0.0,19.0,1.0,1.0,189.0,0.0,2.0,0.8835978835978836,6.218600119691729,0.9629629629629628,6.304448802421981,0.7195767195767195,6.013715156042802,0.9065255731922398,6.244166900663736,0.527336860670194,5.703782474656201,0.0,0.0,0.5661375661375662,5.7745515455444085,0.0599647266313932,3.5553480614894135,0.0,0.0,0.0,0.0,0.0335097001763668,2.995732273553991,0.001763668430335,0.6931471805599453,0.001763668430335,0.6931471805599453,0.3333333333333333,5.247024072160486,0.0,0.0,0.0035273368606701,1.0986122886681098,6.342121418721152
303,Taliban,2021-06,2021-07,12,4697,34,Afghanistan::Badakhshan province; Afghanistan::Badghis province; Afghanistan::Baghlan province; Afghanistan::Balkh province; Afghanistan::Bamyan province; Afghanistan::Daykundi province; Afghanistan::Farah province; Afghanistan::Faryab province; Afghanistan::Ghazni province; Afghanistan::Ghor province; Afghanistan::Hilmand province; Afghanistan::Hirat province; Afghanistan::Jawzjan province; Afghanistan::Kabul province; Afghanistan::Kandahar province; Afghanistan::Kapisa province; Afghanistan::Khost province; Afghanistan::Kunar province; Afghanistan::Kunduz province; Afghanistan::Laghman province; Afghanistan::Logar province; Afghanistan::Nangarhar province; Afghanistan::Nimroz province; Afghanistan::Nuristan province; Afghanistan::Paktika province; Afghanistan::Paktya province; Afghanistan::Parwan province; Afghanistan::Samangan province; Afghanistan::Sari Pul province; Afghanistan::Takhar province; Afghanistan::Uruzgan province; Afghanistan::Wardak province; Afghanistan::Zabul province; Pakistan::Khyber Pakhtunkwa province,0.0,20.227331963987584,17.216860525499058,0.9999766544279108,-0.0037547697490572,0.0156005529532418,0.0118457832041845,-0.037872702613543,-0.0329876772356441,-0.0549092631338892,0.4774653888505242,0.422556125716635,-0.0469901396669653,0.448099791923736,0.4011096522567707,0.978810615564797,0.7771683736151069,0.9999766544279108,1.0,217600.0,217600.0,712331.8397518295,,303,303,303,2021-06,2021-06-01,2021,6,17.0,Afghanistan; Pakistan,ged_rolling_24m,2,1.0986122886681098,False,True,7688.0,8467.0,8.94754601503218,9.044049632254756,675.0,675.0,675.0,1.0,574.0,630.0,352.0,601.0,285.0,0.0,348.0,43.0,0.0,0.0,41.0,1.0,2.0,239.0,0.0,1.0,0.8503703703703703,6.354370040797351,0.9333333333333332,6.447305862541213,0.5214814814814814,5.8664680569332965,0.8903703703703704,6.400257445308821,0.4222222222222222,5.655991810819852,0.0,0.0,0.5155555555555555,5.855071922202427,0.0637037037037037,3.784189633918261,0.0,0.0,0.0,0.0,0.0607407407407407,3.737669618283368,0.0014814814814814,0.6931471805599453,0.0029629629629629,1.0986122886681098,0.3540740740740741,5.480638923341991,0.0,0.0,0.0014814814814814,0.6931471805599453,6.516193076042964
303,Taliban,2021-07,2021-08,12,5248,34,Afghanistan::Badakhshan province; Afghanistan::Badghis province; Afghanistan::Baghlan province; Afghanistan::Balkh province; Afghanistan::Bamyan province; Afghanistan::Daykundi province; Afghanistan::Farah province; Afghanistan::Faryab province; Afghanistan::Ghazni province; Afghanistan::Ghor province; Afghanistan::Hilmand province; Afghanistan::Hirat province; Afghanistan::Jawzjan province; Afghanistan::Kabul province; Afghanistan::Kandahar province; Afghanistan::Kapisa province; Afghanistan::Khost province; Afghanistan::Kunar province; Afghanistan::Kunduz province; Afghanistan::Laghman province; Afghanistan::Logar province; Afghanistan::Nangarhar province; Afghanistan::Nimroz province; Afghanistan::Nuristan province; Afghanistan::Paktika province; Afghanistan::Paktya province; Afghanistan::Parwan province; Afghanistan::Samangan province; Afghanistan::Sari Pul province; Afghanistan::Takhar province; Afghanistan::Uruzgan province; Afghanistan::Wardak province; Afghanistan::Zabul province; Pakistan::Khyber Pakhtunkwa province,1.0,17.216637025891448,15.438795589171434,0.999995330885582,0.0012369732015018,0.0118455619658829,0.0130825351673847,0.0396732814017017,0.0394658726016816,0.0575718922883938,0.4225546392995245,0.4801265315879183,0.0564016210668342,0.4011085617817609,0.4575101828485952,0.7771613104934649,0.9719262804928164,1.0,0.999995330885582,217604.0,217604.0,712331.8397518295,,303,303,303,2021-07,2021-07-01,2021,7,18.0,Afghanistan; Pakistan,ged_rolling_24m,2,1.0986122886681098,False,True,8467.0,5160.0,9.044049632254756,8.548885638148727,2000.0,2000.0,2000.0,1.0,1717.0,1900.0,926.0,1752.0,816.0,3.0,990.0,116.0,1.0,0.0,93.0,16.0,3.0,771.0,5.0,2.0,0.8585,7.4489161025442,0.95,7.550135342488429,0.463,6.831953565565855,0.876,7.469083884921234,0.408,6.705639094860003,0.0015,1.3862943611198906,0.495,6.898714534329988,0.058,4.762173934797756,0.0005,0.6931471805599453,0.0,0.0,0.0465,4.543294782270004,0.008,2.833213344056216,0.0015,1.3862943611198906,0.3855,6.648984550024776,0.0025,1.791759469228055,0.001,1.0986122886681098,7.601402334583733
303,Taliban,2021-08,2021-09,12,5425,35,Afghanistan::Badakhshan province; Afghanistan::Badghis province; Afghanistan::Baghlan province; Afghanistan::Balkh province; Afghanistan::Bamyan province; Afghanistan::Daykundi province; Afghanistan::Farah province; Afghanistan::Faryab province; Afghanistan::Ghazni province; Afghanistan::Ghor province; Afghanistan::Hilmand province; Afghanistan::Hirat province; Afghanistan::Jawzjan province; Afghanistan::Kabul province; Afghanistan::Kandahar province; Afghanistan::Kapisa province; Afghanistan::Khost province; Afghanistan::Kunar province; Afghanistan::Kunduz province; Afghanistan::Laghman province; Afghanistan::Logar province; Afghanistan::Nangarhar province; Afghanistan::Nimroz province; Afghanistan::Nuristan province; Afghanistan::Paktika province; Afghanistan::Paktya province; Afghanistan::Panjsher province; Afghanistan::Parwan province; Afghanistan::Samangan province; Afghanistan::Sari Pul province; Afghanistan::Takhar province; Afghanistan::Uruzgan province; Afghanistan::Wardak province; Afghanistan::Zabul province; Pakistan::Khyber Pakhtunkwa province,0.0,15.441005339604136,17.35512799903615,0.9999953550660382,-0.0026166218549894,0.0130240728008436,0.0104074509458542,-0.1027252411747783,-0.1075211941042784,-0.1444846230422592,0.4799942419586323,0.3355096189163731,-0.1485806957185386,0.4574949533838975,0.3089142576653589,0.9696315712455787,0.6554208950209108,0.9999953550660382,1.0,218639.0,218639.0,716064.0589795324,,303,303,303,2021-08,2021-08-01,2021,8,19.0,Afghanistan; Pakistan,ged_rolling_24m,2,1.0986122886681098,False,True,5160.0,565.0,8.548885638148727,6.338594078203183,199.0,199.0,199.0,1.0,163.0,188.0,106.0,168.0,95.0,0.0,101.0,16.0,0.0,0.0,9.0,1.0,0.0,71.0,1.0,0.0,0.8190954773869347,5.099866427824199,0.9447236180904522,5.241747015059643,0.5326633165829145,4.672828834461906,0.8442211055276382,5.1298987149230735,0.4773869346733668,4.564348191467836,0.0,0.0,0.507537688442211,4.624972813284271,0.0804020100502512,2.833213344056216,0.0,0.0,0.0,0.0,0.0452261306532663,2.302585092994046,0.0050251256281407,0.6931471805599453,0.0,0.0,0.3567839195979899,4.276666119016055,0.0050251256281407,0.6931471805599453,0.0,0.0,5.298317366548036
303,Taliban,2021-09,2021-10,12,5181,35,Afghanistan::Badakhshan province; Afghanistan::Badghis province; Afghanistan::Baghlan province; Afghanistan::Balkh province; Afghanistan::Bamyan province; Afghanistan::Daykundi province; Afghanistan::Farah province; Afghanistan::Faryab province; Afghanistan::Ghazni province; Afghanistan::Ghor province; Afghanistan::Hilmand province; Afghanistan::Hirat province; Afghanistan::Jawzjan province; Afghanistan::Kabul province; Afghanistan::Kandahar province; Afghanistan::Kapisa province; Afghanistan::Khost province; Afghanistan::Kunar province; Afghanistan::Kunduz province; Afghanistan::Laghman province; Afghanistan::Logar province; Afghanistan::Nangarhar province; Afghanistan::Nimroz province; Afghanistan::Nuristan province; Afghanistan::Paktika province; Afghanistan::Paktya province; Afghanistan::Panjsher province; Afghanistan::Parwan province; Afghanistan::Samangan province; Afghanistan::Sari Pul province; Afghanistan::Takhar province; Afghanistan::Uruzgan province; Afghanistan::Wardak province; Afghanistan::Zabul province; Pakistan::Khyber Pakhtunkwa province,1.0,17.3555559542841,19.0892204973576,0.9999674854622674,0.0050921789793145,0.0104077410068195,0.015499919986134,0.105143307663971,0.0931172551437449,0.1480678123184032,0.3355108321322155,0.4835786444506187,0.1277375463483612,0.3089147346234073,0.4366522809717686,0.6554298394186227,0.5217746362929546,1.0,0.9999674854622674,218633.0,218633.0,716064.0589795324,,303,303,303,2021-09,2021-09-01,2021,9,20.0,Afghanistan; Pakistan,ged_rolling_24m,2,1.0986122886681098,False,True,565.0,284.0,6.338594078203183,5.652489180268651,2262.0,2262.0,2262.0,1.0,1673.0,2091.0,1067.0,1701.0,955.0,4.0,679.0,261.0,6.0,0.0,160.0,23.0,19.0,1049.0,53.0,8.0,0.7396109637488948,7.422971251049421,0.9244031830238728,7.645875825184813,0.4717064544650751,6.97354301952014,0.7519893899204244,7.43955930913332,0.4221927497789566,6.862757913051401,0.0017683465959328,1.6094379124341005,0.3001768346595933,6.522092798170152,0.1153846153846153,5.568344503761097,0.0026525198938992,1.9459101490553132,0.0,0.0,0.0707338638373121,5.081404364984463,0.0101679929266136,3.1780538303479458,0.0083996463306808,2.995732273553991,0.4637488947833775,6.956545443151569,0.0234305923961096,3.9889840465642745,0.0035366931918656,2.1972245773362196,7.724446645633537
303,Taliban,2021-10,2021-11,12,4914,36,Afghanistan::Badakhshan province; Afghanistan::Badghis province; Afghanistan::Baghlan province; Afghanistan::Balkh province; Afghanistan::Bamyan province; Afghanistan::Daykundi province; Afghanistan::Farah province; Afghanistan::Faryab province; Afghanistan::Ghazni province; Afghanistan::Ghor province; Afghanistan::Hilmand province; Afghanistan::Hirat province; Afghanistan::Jawzjan province; Afghanistan::Kabul province; Afghanistan::Kandahar province; Afghanistan::Kapisa province; Afghanistan::Khost province; Afghanistan::Kunar province; Afghanistan::Kunduz province; Afghanistan::Laghman province; Afghanistan::Logar province; Afghanistan::Nangarhar province; Afghanistan::Nimroz province; Afghanistan::Nuristan province; Afghanistan::Paktika province; Afghanistan::Paktya province; Afghanistan::Panjsher province; Afghanistan::Parwan province; Afghanistan::Samangan province; Afghanistan::Sari Pul province; Afghanistan::Takhar province; Afghanistan::Uruzgan province; Afghanistan::Wardak province; Afghanistan::Zabul province; Pakistan::Federally Administered Tribal Areas; Pakistan::Khyber Pakhtunkwa province,0.0,19.056411736423055,15.105480951333163,0.9999641762241076,-0.0006685237042739,0.0154042662131355,0.0147357425088616,-0.047480431776546,-0.0484560778056645,-0.0688403456083304,0.4845602684841454,0.415719922875815,-0.0679991780291684,0.4375899271656345,0.369590749136466,0.5144235764138021,0.527002217331294,0.9999686541960942,0.9999641762241076,226398.0,226398.0,743330.3204957483,,303,303,303,2021-10,2021-10-01,2021,10,21.0,Afghanistan; Pakistan,ged_rolling_24m,2,1.0986122886681098,False,True,284.0,90.0,5.652489180268651,4.51085950651685,981.0,981.0,981.0,1.0,722.0,887.0,564.0,728.0,463.0,1.0,312.0,158.0,1.0,0.0,89.0,6.0,19.0,391.0,2.0,2.0,0.7359836901121305,6.583409222158765,0.9041794087665648,6.78897174299217,0.5749235474006116,6.336825731146441,0.7420998980632009,6.591673732008658,0.4719673802242609,6.139884552226255,0.001019367991845,0.6931471805599453,0.3180428134556575,5.746203190540153,0.1610601427115188,5.0689042022202315,0.001019367991845,0.6931471805599453,0.0,0.0,0.09072375127421,4.499809670330265,0.0061162079510703,1.9459101490553132,0.019367991845056,2.995732273553991,0.3985728848114169,5.971261839790462,0.0020387359836901,1.0986122886681098,0.0020387359836901,1.0986122886681098,6.889591308354466
303,Taliban,2021-11,2021-12,12,4666,36,Afghanistan::Badakhshan province; Afghanistan::Badghis province; Afghanistan::Baghlan province; Afghanistan::Balkh province; Afghanistan::Bamyan province; Afghanistan::Daykundi province; Afghanistan::Farah province; Afghanistan::Faryab province; Afghanistan::Ghazni province; Afghanistan::Ghor province; Afghanistan::Hilmand province; Afghanistan::Hirat province; Afghanistan::Jawzjan province; Afghanistan::Kabul province; Afghanistan::Kandahar province; Afghanistan::Kapisa province; Afghanistan::Khost province; Afghanistan::Kunar province; Afghanistan::Kunduz province; Afghanistan::Laghman province; Afghanistan::Logar province; Afghanistan::Nangarhar province; Afghanistan::Nimroz province; Afghanistan::Nuristan province; Afghanistan::Paktika province; Afghanistan::Paktya province; Afghanistan::Panjsher province; Afghanistan::Parwan province; Afghanistan::Samangan province; Afghanistan::Sari Pul province; Afghanistan::Takhar province; Afghanistan::Uruzgan province; Afghanistan::Wardak province; Afghanistan::Zabul province; Pakistan::Federally Administered Tribal Areas; Pakistan::Khyber Pakhtunkwa province,1.0,15.10756767149087,14.596976995060322,0.9997984912606056,0.0011671420069847,0.0147381844919023,0.0159053264988871,0.0091804340533546,0.0059856577236618,0.0130569986561826,0.4157452498459377,0.4288022485021204,0.0082225983274729,0.3696095611117883,0.3778321594392612,0.5270410043398019,0.5474358650956006,0.9999641762241076,0.9997984912606056,226361.0,226361.0,743330.3204957483,,303,303,303,2021-11,2021-11-01,2021,11,22.0,Afghanistan; Pakistan,ged_rolling_24m,2,1.0986122886681098,False,True,90.0,65.0,4.51085950651685,4.189654742026425,591.0,591.0,591.0,1.0,397.0,529.0,312.0,431.0,254.0,0.0,189.0,76.0,2.0,0.0,58.0,1.0,14.0,250.0,0.0,1.0,0.6717428087986463,5.986452005284438,0.8950930626057529,6.272877006546167,0.5279187817258884,5.746203190540153,0.7292724196277496,6.068425588244111,0.4297800338409475,5.541263545158426,0.0,0.0,0.3197969543147208,5.247024072160486,0.1285956006768189,4.343805421853684,0.0033840947546531,1.0986122886681098,0.0,0.0,0.0981387478849407,4.07753744390572,0.0016920473773265,0.6931471805599453,0.0236886632825719,2.70805020110221,0.4230118443316413,5.5254529391317835,0.0,0.0,0.0016920473773265,0.6931471805599453,6.3835066348840055
303,Taliban,2021-12,2022-01,12,4406,36,Afghanistan::Badakhshan province; Afghanistan::Badghis province; Afghanistan::Baghlan province; Afghanistan::Balkh province; Afghanistan::Bamyan province; Afghanistan::Daykundi province; Afghanistan::Farah province; Afghanistan::Faryab province; Afghanistan::Ghazni province; Afghanistan::Ghor province; Afghanistan::Hilmand province; Afghanistan::Hirat province; Afghanistan::Jawzjan province; Afghanistan::Kabul province; Afghanistan::Kandahar province; Afghanistan::Kapisa province; Afghanistan::Khost province; Afghanistan::Kunar province; Afghanistan::Kunduz province; Afghanistan::Laghman province; Afghanistan::Logar province; Afghanistan::Nangarhar province; Afghanistan::Nimroz province; Afghanistan::Nuristan province; Afghanistan::Paktika province; Afghanistan::Paktya province; Afghanistan::Panjsher province; Afghanistan::Parwan province; Afghanistan::Samangan province; Afghanistan::Sari Pul province; Afghanistan::Takhar province; Afghanistan::Uruzgan province; Afghanistan::Wardak province; Afghanistan::Zabul province; Pakistan::Federally Administered Tribal Areas; Pakistan::Khyber Pakhtunkwa province,0.0,14.596976995060322,11.43977796655805,0.9997984912606056,-0.0039136581188312,0.0159053264988871,0.0119916683800558,-0.0310225101376821,-0.0233971591230216,-0.0436445502646483,0.4288022485021204,0.385157698237472,-0.0318631511214225,0.3778321594392613,0.3459690083178388,0.5474358650956006,0.5437129457509084,0.9997984912606056,0.9999373083921884,226361.0,226361.0,743330.3204957483,,303,303,303,2021-12,2021-12-01,2021,12,23.0,Afghanistan; Pakistan,ged_rolling_24m,2,1.0986122886681098,False,True,65.0,96.0,4.189654742026425,4.574710978503383,469.0,469.0,469.0,1.0,305.0,417.0,178.0,321.0,155.0,1.0,104.0,64.0,2.0,0.0,51.0,1.0,11.0,223.0,11.0,1.0,0.650319829424307,5.723585101952381,0.8891257995735607,6.035481432524756,0.3795309168443497,5.187385805840755,0.6844349680170576,5.7745515455444085,0.3304904051172708,5.049856007249537,0.0021321961620469,0.6931471805599453,0.2217484008528784,4.653960350157523,0.1364605543710021,4.174387269895637,0.0042643923240938,1.0986122886681098,0.0,0.0,0.1087420042643923,3.951243718581427,0.0021321961620469,0.6931471805599453,0.0234541577825159,2.4849066497880004,0.4754797441364605,5.41164605185504,0.0234541577825159,2.4849066497880004,0.0021321961620469,0.6931471805599453,6.152732694704104
303,Taliban,2022-01,2022-02,12,4069,36,Afghanistan::Badakhshan province; Afghanistan::Badghis province; Afghanistan::Baghlan province; Afghanistan::Balkh province; Afghanistan::Bamyan province; Afghanistan::Daykundi province; Afghanistan::Farah province; Afghanistan::Faryab province; Afghanistan::Ghazni province; Afghanistan::Ghor province; Afghanistan::Hilmand province; Afghanistan::Hirat province; Afghanistan::Jawzjan province; Afghanistan::Kabul province; Afghanistan::Kandahar province; Afghanistan::Kapisa province; Afghanistan::Khost province; Afghanistan::Kunar province; Afghanistan::Kunduz province; Afghanistan::Laghman province; Afghanistan::Logar province; Afghanistan::Nangarhar province; Afghanistan::Nimroz province; Afghanistan::Nuristan province; Afghanistan::Paktika province; Afghanistan::Paktya province; Afghanistan::Panjsher province; Afghanistan::Parwan province; Afghanistan::Samangan province; Afghanistan::Sari Pul province; Afghanistan::Takhar province; Afghanistan::Uruzgan province; Afghanistan::Wardak province; Afghanistan::Zabul province; Pakistan::Federally Administered Tribal Areas; Pakistan::Khyber Pakhtunkwa province,1.0,11.43961923695049,11.93883864287488,0.999802969232592,0.0023995594493369,0.0119916146711184,0.0143911741204554,0.0456295362535988,0.040622085075364,0.0646682314496448,0.3851567597712632,0.449824991220908,0.0558017537485981,0.3459682115868269,0.4017699653354251,0.5437116145953848,0.548320817445133,0.9999373083921884,0.999802969232592,226362.0,226362.0,743330.3204957483,,303,303,303,2022-01,2022-01-01,2022,1,24.0,Afghanistan; Pakistan,ged_rolling_24m,2,1.0986122886681098,False,True,96.0,108.0,4.574710978503383,4.6913478822291435,376.0,376.0,376.0,1.0,239.0,340.0,172.0,259.0,133.0,0.0,80.0,55.0,0.0,0.0,32.0,1.0,1.0,203.0,4.0,0.0,0.6356382978723404,5.480638923341991,0.9042553191489362,5.831882477283517,0.4574468085106383,5.153291594497779,0.6888297872340425,5.560681631015528,0.3537234042553192,4.897839799950911,0.0,0.0,0.2127659574468085,4.394449154672439,0.1462765957446808,4.02535169073515,0.0,0.0,0.0,0.0,0.0851063829787234,3.49650756146648,0.0026595744680851,0.6931471805599453,0.0026595744680851,0.6931471805599453,0.5398936170212766,5.318119993844216,0.0106382978723404,1.6094379124341005,0.0,0.0,5.932245187448011
303,Taliban,2022-02,2022-03,12,3795,36,Afghanistan::Badakhshan province; Afghanistan::Badghis province; Afghanistan::Baghlan province; Afghanistan::Balkh province; Afghanistan::Bamyan province; Afghanistan::Daykundi province; Afghanistan::Farah province; Afghanistan::Faryab province; Afghanistan::Ghazni province; Afghanistan::Ghor province; Afghanistan::Hilmand province; Afghanistan::Hirat province; Afghanistan::Jawzjan province; Afghanistan::Kabul province; Afghanistan::Kandahar province; Afghanistan::Kapisa province; Afghanistan::Khost province; Afghanistan::Kunar province; Afghanistan::Kunduz province; Afghanistan::Laghman province; Afghanistan::Logar province; Afghanistan::Nangarhar province; Afghanistan::Nimroz province; Afghanistan::Nuristan province; Afghanistan::Paktika province; Afghanistan::Paktya province; Afghanistan::Panjsher province; Afghanistan::Parwan province; Afghanistan::Samangan province; Afghanistan::Sari Pul province; Afghanistan::Takhar province; Afghanistan::Uruzgan province; Afghanistan::Wardak province; Afghanistan::Zabul province; Pakistan::Federally Administered Tribal Areas; Pakistan::Khyber Pakhtunkwa province,0.0,11.938838642874876,13.19732000805643,0.999802969232592,0.0023280558552143,0.0143911741204554,0.0167192299756697,-0.0184538865264599,-0.0197865761690637,-0.0265095514384471,0.449824991220908,0.4233154397824609,-0.027463626606109,0.4017699653354251,0.374306338729316,0.548320817445133,0.5223952388845073,0.999802969232592,0.9999910440560268,226362.0,226362.0,743330.3204956587,,303,303,303,2022-02,2022-02-01,2022,2,25.0,Afghanistan; Pakistan,ged_rolling_24m,2,1.0986122886681098,False,True,108.0,180.0,4.6913478822291435,5.198497031265826,213.0,213.0,213.0,1.0,144.0,194.0,100.0,144.0,85.0,0.0,51.0,22.0,1.0,0.0,19.0,0.0,5.0,115.0,0.0,0.0,0.676056338028169,4.976733742420574,0.9107981220657276,5.272999558563747,0.4694835680751174,4.61512051684126,0.676056338028169,4.976733742420574,0.3990610328638497,4.454347296253507,0.0,0.0,0.2394366197183098,3.951243718581427,0.1032863849765258,3.1354942159291497,0.0046948356807511,0.6931471805599453,0.0,0.0,0.0892018779342723,2.995732273553991,0.0,0.0,0.0234741784037558,1.791759469228055,0.539906103286385,4.7535901911063645,0.0,0.0,0.0,0.0,5.365976015021851
303,Taliban,2022-03,2022-04,12,3518,36,Afghanistan::Badakhshan province; Afghanistan::Badghis province; Afghanistan::Baghlan province; Afghanistan::Balkh province; Afghanistan::Bamyan province; Afghanistan::Daykundi province; Afghanistan::Farah province; Afghanistan::Faryab province; Afghanistan::Ghazni province; Afghanistan::Ghor province; Afghanistan::Hilmand province; Afghanistan::Hirat province; Afghanistan::Jawzjan province; Afghanistan::Kabul province; Afghanistan::Kandahar province; Afghanistan::Kapisa province; Afghanistan::Khost province; Afghanistan::Kunar province; Afghanistan::Kunduz province; Afghanistan::Laghman province; Afghanistan::Logar province; Afghanistan::Nangarhar province; Afghanistan::Nimroz province; Afghanistan::Nuristan province; Afghanistan::Paktika province; Afghanistan::Paktya province; Afghanistan::Panjsher province; Afghanistan::Parwan province; Afghanistan::Samangan province; Afghanistan::Sari Pul province; Afghanistan::Takhar province; Afghanistan::Uruzgan province; Afghanistan::Wardak province; Afghanistan::Zabul province; Pakistan::Federally Administered Tribal Areas; Pakistan::Khyber Pakhtunkwa province,1.0,13.19662153373576,17.267413696428623,0.9998701388123902,0.0033307617654325,0.0167181068061616,0.0200488685715941,0.020434693942886,0.0162423015520633,0.0293839876070325,0.4233041018464245,0.452688089453457,0.0225041107709234,0.3743031527331991,0.3968072635041225,0.5223795009348281,0.5517671116547636,0.9999910440560268,0.9998701388123902,226377.0,226377.0,743330.3204956587,,303,303,303,2022-03,2022-03-01,2022,3,26.0,Afghanistan; Pakistan,ged_rolling_24m,2,1.0986122886681098,False,True,180.0,466.0,5.198497031265826,6.1463292576688975,194.0,194.0,194.0,1.0,123.0,178.0,85.0,132.0,75.0,0.0,45.0,23.0,3.0,0.0,13.0,2.0,6.0,101.0,0.0,1.0,0.634020618556701,4.820281565605037,0.9175257731958762,5.187385805840755,0.4381443298969072,4.454347296253507,0.6804123711340206,4.890349128221754,0.3865979381443299,4.330733340286331,0.0,0.0,0.2319587628865979,3.828641396489095,0.1185567010309278,3.1780538303479458,0.0154639175257731,1.3862943611198906,0.0,0.0,0.0670103092783505,2.6390573296152584,0.0103092783505154,1.0986122886681098,0.0309278350515463,1.9459101490553132,0.520618556701031,4.624972813284271,0.0,0.0,0.0051546391752577,0.6931471805599453,5.272999558563747
303,Taliban,2022-04,2022-05,12,3056,35,Afghanistan::Badakhshan province; Afghanistan::Badghis province; Afghanistan::Baghlan province; Afghanistan::Balkh province; Afghanistan::Bamyan province; Afghanistan::Daykundi province; Afghanistan::Farah province; Afghanistan::Faryab province; Afghanistan::Ghazni province; Afghanistan::Ghor province; Afghanistan::Hilmand province; Afghanistan::Hirat province; Afghanistan::Jawzjan province; Afghanistan::Kabul province; Afghanistan::Kandahar province; Afghanistan::Kapisa province; Afghanistan::Khost province; Afghanistan::Kunar province; Afghanistan::Kunduz province; Afghanistan::Laghman province; Afghanistan::Logar province; Afghanistan::Nangarhar province; Afghanistan::Nimroz province; Afghanistan::Nuristan province; Afghanistan::Paktika province; Afghanistan::Paktya province; Afghanistan::Panjsher province; Afghanistan::Parwan province; Afghanistan::Samangan province; Afghanistan::Sari Pul province; Afghanistan::Takhar province; Afghanistan::Uruzgan province; Afghanistan::Wardak province; Afghanistan::Zabul province; Pakistan::Federally Administered Tribal Areas,0.0,17.43570315019419,17.99739823094163,0.9998506972642685,-0.0011010622631307,0.0064442632026799,0.0053432009395492,0.0107237786567738,0.0069374295056579,0.0152720173243054,0.4165041353050776,0.431776152629383,0.0097114624126039,0.3950145455341751,0.404726007946779,0.313635061225119,0.3294582619050742,0.9998556740221262,0.9999353021478496,203855.0,203855.0,669315.7644737936,,303,303,303,2022-04,2022-04-01,2022,4,27.0,Afghanistan; Pakistan,ged_rolling_24m,2,1.0986122886681098,False,True,466.0,221.0,6.1463292576688975,5.402677381872279,237.0,237.0,237.0,1.0,189.0,224.0,172.0,205.0,141.0,1.0,122.0,24.0,1.0,0.0,12.0,2.0,2.0,73.0,0.0,0.0,0.7974683544303798,5.247024072160486,0.9451476793248944,5.41610040220442,0.7257383966244726,5.153291594497779,0.8649789029535865,5.327876168789581,0.5949367088607594,4.955827057601261,0.0042194092827004,0.6931471805599453,0.5147679324894515,4.812184355372417,0.1012658227848101,3.218875824868201,0.0042194092827004,0.6931471805599453,0.0,0.0,0.050632911392405,2.5649493574615367,0.0084388185654008,1.0986122886681098,0.0084388185654008,1.0986122886681098,0.3080168776371308,4.30406509320417,0.0,0.0,0.0,0.0,5.472270673671475
303,Taliban,2022-05,2022-06,12,2400,35,Afghanistan::Badakhshan province; Afghanistan::Badghis province; Afghanistan::Baghlan province; Afghanistan::Balkh province; Afghanistan::Bamyan province; Afghanistan::Daykundi province; Afghanistan::Farah province; Afghanistan::Faryab province; Afghanistan::Ghazni province; Afghanistan::Ghor province; Afghanistan::Hilmand province; Afghanistan::Hirat province; Afghanistan::Jawzjan province; Afghanistan::Kabul province; Afghanistan::Kandahar province; Afghanistan::Kapisa province; Afghanistan::Khost province; Afghanistan::Kunar province; Afghanistan::Kunduz province; Afghanistan::Laghman province; Afghanistan::Logar province; Afghanistan::Nangarhar province; Afghanistan::Nimroz province; Afghanistan::Nuristan province; Afghanistan::Paktika province; Afghanistan::Paktya province; Afghanistan::Panjsher province; Afghanistan::Parwan province; Afghanistan::Samangan province; Afghanistan::Sari Pul province; Afghanistan::Takhar province; Afghanistan::Uruzgan province; Afghanistan::Wardak province; Afghanistan::Zabul province; Pakistan::Federally Administered Tribal Areas,1.0,17.996308452214876,16.117378298617673,0.999930325389992,0.0007609309855738,0.0053427754408265,0.0061037064264004,0.0172979584225876,0.0280590025211842,0.024982017803081,0.4317627067650137,0.4567447245680947,0.0399730387926463,0.404713496860394,0.4446865356530403,0.329450405594843,0.6667056309757784,0.9999353021478496,0.9999452556635652,203871.0,203871.0,669315.7644737936,,303,303,303,2022-05,2022-05-01,2022,5,28.0,Afghanistan; Pakistan,ged_rolling_24m,2,1.0986122886681098,False,True,221.0,203.0,5.402677381872279,5.318119993844216,204.0,204.0,204.0,1.0,136.0,191.0,96.0,155.0,85.0,0.0,83.0,9.0,0.0,0.0,13.0,1.0,4.0,94.0,0.0,0.0,0.6666666666666666,4.919980925828125,0.9362745098039216,5.2574953720277815,0.4705882352941176,4.574710978503383,0.7598039215686274,5.049856007249537,0.4166666666666667,4.454347296253507,0.0,0.0,0.4068627450980392,4.430816798843313,0.0441176470588235,2.302585092994046,0.0,0.0,0.0,0.0,0.0637254901960784,2.6390573296152584,0.0049019607843137,0.6931471805599453,0.0196078431372549,1.6094379124341005,0.4607843137254901,4.553876891600541,0.0,0.0,0.0,0.0,5.3230099791384085
303,Taliban,2022-06,2022-07,12,1562,34,Afghanistan::Badakhshan province; Afghanistan::Badghis province; Afghanistan::Baghlan province; Afghanistan::Balkh province; Afghanistan::Daykundi province; Afghanistan::Farah province; Afghanistan::Faryab province; Afghanistan::Ghazni province; Afghanistan::Ghor province; Afghanistan::Hilmand province; Afghanistan::Hirat province; Afghanistan::Jawzjan province; Afghanistan::Kabul province; Afghanistan::Kandahar province; Afghanistan::Kapisa province; Afghanistan::Khost province; Afghanistan::Kunar province; Afghanistan::Kunduz province; Afghanistan::Laghman province; Afghanistan::Logar province; Afghanistan::Nangarhar province; Afghanistan::Nimroz province; Afghanistan::Nuristan province; Afghanistan::Paktika province; Afghanistan::Paktya province; Afghanistan::Panjsher province; Afghanistan::Parwan province; Afghanistan::Samangan province; Afghanistan::Sari Pul province; Afghanistan::Takhar province; Afghanistan::Uruzgan province; Afghanistan::Wardak province; Afghanistan::Zabul province; Pakistan::Federally Administered Tribal Areas,0.0,16.08510940884963,2.4656698239989168,0.9932955486365568,-0.0019846632518019,0.0061352524757716,0.0041505892239696,-0.1314976076623312,-0.1976895580901142,-0.1793996431905367,0.4559458022745006,0.2765461590839639,-0.2590024091076012,0.4439124070748135,0.1849099979672123,0.6729466491382102,0.2777609645849763,0.999943747704786,0.9932955486365568,197287.0,197287.0,651419.6077589041,,303,303,303,2022-06,2022-06-01,2022,6,29.0,Afghanistan; Pakistan,ged_rolling_24m,2,1.0986122886681098,False,True,203.0,144.0,5.318119993844216,4.976733742420574,224.0,224.0,224.0,1.0,155.0,204.0,131.0,187.0,89.0,0.0,98.0,31.0,0.0,0.0,20.0,0.0,6.0,68.0,1.0,0.0,0.6919642857142857,5.049856007249537,0.9107142857142856,5.3230099791384085,0.5848214285714286,4.882801922586371,0.8348214285714286,5.236441962829949,0.3973214285714285,4.499809670330265,0.0,0.0,0.4375,4.59511985013459,0.1383928571428571,3.4657359027997265,0.0,0.0,0.0,0.0,0.0892857142857142,3.044522437723423,0.0,0.0,0.0267857142857142,1.9459101490553132,0.3035714285714285,4.23410650459726,0.0044642857142857,0.6931471805599453,0.0,0.0,5.41610040220442
303,Taliban,2022-07,2022-08,12,777,33,Afghanistan::Badakhshan province; Afghanistan::Badghis province; Afghanistan::Baghlan province; Afghanistan::Balkh province; Afghanistan::Farah province; Afghanistan::Faryab province; Afghanistan::Ghazni province; Afghanistan::Ghor province; Afghanistan::Hilmand province; Afghanistan::Hirat province; Afghanistan::Jawzjan province; Afghanistan::Kabul province; Afghanistan::Kandahar province; Afghanistan::Kapisa province; Afghanistan::Khost province; Afghanistan::Kunar province; Afghanistan::Kunduz province; Afghanistan::Laghman province; Afghanistan::Logar province; Afghanistan::Nangarhar province; Afghanistan::Nimroz province; Afghanistan::Nuristan province; Afghanistan::Paktika province; Afghanistan::Paktya province; Afghanistan::Panjsher province; Afghanistan::Parwan province; Afghanistan::Samangan province; Afghanistan::Sari Pul province; Afghanistan::Takhar province; Afghanistan::Uruzgan province; Afghanistan::Wardak province; Afghanistan::Zabul province; Pakistan::Federally Administered Tribal Areas,1.0,2.466579956187267,39.9414040559934,0.9931256552633128,-0.000644939103498,0.0042532505981819,0.0036083114946839,-0.0143013192400735,0.0361830278883748,-0.0181597755925306,0.2788987626451729,0.2607389870526423,0.0436364447464196,0.1843054208758156,0.2279418656222352,0.2803974921319767,0.2474253507408323,0.9931308946987312,0.9999476056458184,192724.0,192724.0,635649.3598670166,,303,303,303,2022-07,2022-07-01,2022,7,30.0,Afghanistan; Pakistan,ged_rolling_24m,2,1.0986122886681098,False,True,144.0,119.0,4.976733742420574,4.787491742782046,157.0,157.0,157.0,1.0,97.0,141.0,87.0,117.0,64.0,0.0,47.0,28.0,1.0,0.0,15.0,1.0,3.0,59.0,3.0,0.0,0.6178343949044586,4.584967478670572,0.8980891719745223,4.955827057601261,0.554140127388535,4.477336814478207,0.7452229299363057,4.770684624465665,0.4076433121019108,4.174387269895637,0.0,0.0,0.2993630573248407,3.871201010907891,0.1783439490445859,3.367295829986474,0.0063694267515923,0.6931471805599453,0.0,0.0,0.0955414012738853,2.772588722239781,0.0063694267515923,0.6931471805599453,0.019108280254777,1.3862943611198906,0.375796178343949,4.0943445622221,0.019108280254777,1.3862943611198906,0.0,0.0,5.062595033026967
303,Taliban,2022-08,2022-09,12,375,27,Afghanistan::Badakhshan province; Afghanistan::Badghis province; Afghanistan::Baghlan province; Afghanistan::Balkh province; Afghanistan::Farah province; Afghanistan::Faryab province; Afghanistan::Ghazni province; Afghanistan::Ghor province; Afghanistan::Hilmand province; Afghanistan::Hirat province; Afghanistan::Kabul province; Afghanistan::Kandahar province; Afghanistan::Kapisa province; Afghanistan::Khost province; Afghanistan::Kunar province; Afghanistan::Kunduz province; Afghanistan::Laghman province; Afghanistan::Logar province; Afghanistan::Nangarhar province; Afghanistan::Paktika province; Afghanistan::Panjsher province; Afghanistan::Parwan province; Afghanistan::Samangan province; Afghanistan::Sari Pul province; Afghanistan::Takhar province; Afghanistan::Zabul province; Pakistan::Federally Administered Tribal Areas,0.0,39.818134792421965,19.62143204901382,1.0,0.0015252550855799,0.003938626165269,0.0054638812508489,0.1124240479541864,0.1270964032240241,0.1501446106018545,0.2618544637405183,0.4119990743423729,0.1662751617680595,0.2268831939025175,0.3931583556705771,0.2593442439046183,0.3006625755713556,1.0,1.0,168603.0,168603.0,548213.1962434791,,303,303,303,2022-08,2022-08-01,2022,8,31.0,Afghanistan; Pakistan,ged_rolling_24m,2,1.0986122886681098,False,True,119.0,390.0,4.787491742782046,5.968707559985366,504.0,504.0,504.0,1.0,363.0,473.0,327.0,423.0,319.0,1.0,209.0,59.0,0.0,0.0,28.0,2.0,4.0,199.0,1.0,1.0,0.7202380952380952,5.8971538676367405,0.9384920634920636,6.161207321695077,0.6488095238095238,5.793013608384144,0.8392857142857143,6.049733455231958,0.6329365079365079,5.768320995793772,0.0019841269841269,0.6931471805599453,0.4146825396825397,5.3471075307174685,0.117063492063492,4.0943445622221,0.0,0.0,0.0,0.0,0.0555555555555555,3.367295829986474,0.0039682539682539,1.0986122886681098,0.0079365079365079,1.6094379124341005,0.3948412698412698,5.298317366548036,0.0019841269841269,0.6931471805599453,0.0019841269841269,0.6931471805599453,6.22455842927536
303,Taliban,2022-09,2022-10,12,387,27,Afghanistan::Badakhshan province; Afghanistan::Badghis province; Afghanistan::Baghlan province; Afghanistan::Balkh province; Afghanistan::Farah province; Afghanistan::Faryab province; Afghanistan::Ghazni province; Afghanistan::Ghor province; Afghanistan::Hilmand province; Afghanistan::Hirat province; Afghanistan::Kabul province; Afghanistan::Kandahar province; Afghanistan::Kapisa province; Afghanistan::Khost province; Afghanistan::Kunar province; Afghanistan::Kunduz province; Afghanistan::Laghman province; Afghanistan::Logar province; Afghanistan::Nangarhar province; Afghanistan::Paktika province; Afghanistan::Panjsher province; Afghanistan::Parwan province; Afghanistan::Samangan province; Afghanistan::Sari Pul province; Afghanistan::Takhar province; Afghanistan::Zabul province; Pakistan::Federally Administered Tribal Areas,1.0,19.62143204901382,17.803687886930245,1.0,-0.0001260113198663,0.0054638812508489,0.0053378699309825,-0.0215317821143913,-0.0222214467853749,-0.0300778791997947,0.4119990743423729,0.3819211951425781,-0.0306165622670134,0.3931583556705771,0.3625417934035636,0.3006625755713556,0.3189025746273223,1.0,1.0,168603.0,168603.0,548213.1962434791,,303,303,303,2022-09,2022-09-01,2022,9,32.0,Afghanistan; Pakistan,ged_rolling_24m,2,1.0986122886681098,False,True,390.0,145.0,5.968707559985366,4.983606621708336,279.0,279.0,279.0,1.0,208.0,253.0,178.0,231.0,163.0,1.0,128.0,41.0,1.0,0.0,23.0,0.0,0.0,76.0,7.0,2.0,0.7455197132616488,5.342334251964811,0.906810035842294,5.537334267018537,0.6379928315412187,5.187385805840755,0.8279569892473119,5.44673737166631,0.5842293906810035,5.099866427824199,0.003584229390681,0.6931471805599453,0.4587813620071684,4.859812404361672,0.1469534050179211,3.737669618283368,0.003584229390681,0.6931471805599453,0.0,0.0,0.082437275985663,3.1780538303479458,0.0,0.0,0.0,0.0,0.2724014336917563,4.343805421853684,0.025089605734767,2.0794415416798357,0.007168458781362,1.0986122886681098,5.634789603169249
303,Taliban,2022-10,2022-11,12,398,27,Afghanistan::Badakhshan province; Afghanistan::Badghis province; Afghanistan::Baghlan province; Afghanistan::Balkh province; Afghanistan::Farah province; Afghanistan::Faryab province; Afghanistan::Ghazni province; Afghanistan::Ghor province; Afghanistan::Hilmand province; Afghanistan::Hirat province; Afghanistan::Kabul province; Afghanistan::Kandahar province; Afghanistan::Kapisa province; Afghanistan::Khost province; Afghanistan::Kunar province; Afghanistan::Kunduz province; Afghanistan::Laghman province; Afghanistan::Logar province; Afghanistan::Nangarhar province; Afghanistan::Paktika province; Afghanistan::Panjsher province; Afghanistan::Parwan province; Afghanistan::Samangan province; Afghanistan::Sari Pul province; Afghanistan::Takhar province; Afghanistan::Wardak province; Afghanistan::Zabul province,0.0,17.754318796168448,15.21527625456199,1.0,-5.041975425392181e-05,0.0051088342734772,0.0050584145192232,-0.0068253302431527,-0.0073594301521596,-0.0093901171242199,0.380475166335355,0.371085049211135,-0.0099853264388237,0.3618057996234692,0.3518204731846455,0.3175378177076567,0.333037757088553,1.0,1.0,163423.0,163423.0,531535.8708167868,,303,303,303,2022-10,2022-10-01,2022,10,33.0,Afghanistan; Pakistan,ged_rolling_24m,2,1.0986122886681098,False,True,145.0,113.0,4.983606621708336,4.736198448394496,201.0,201.0,201.0,1.0,158.0,191.0,132.0,164.0,100.0,0.0,88.0,28.0,0.0,0.0,10.0,1.0,3.0,66.0,5.0,0.0,0.7860696517412935,5.0689042022202315,0.9502487562189056,5.2574953720277815,0.6567164179104478,4.890349128221754,0.8159203980099502,5.10594547390058,0.4975124378109453,4.61512051684126,0.0,0.0,0.4378109452736318,4.48863636973214,0.1393034825870646,3.367295829986474,0.0,0.0,0.0,0.0,0.0497512437810945,2.3978952727983707,0.0049751243781094,0.6931471805599453,0.0149253731343283,1.3862943611198906,0.3283582089552239,4.204692619390966,0.0248756218905472,1.791759469228055,0.0,0.0,5.308267697401205
303,Taliban,2022-11,2022-12,12,387,27,Afghanistan::Badakhshan province; Afghanistan::Badghis province; Afghanistan::Baghlan province; Afghanistan::Balkh province; Afghanistan::Farah province; Afghanistan::Faryab province; Afghanistan::Ghazni province; Afghanistan::Ghor province; Afghanistan::Hilmand province; Afghanistan::Hirat province; Afghanistan::Kabul province; Afghanistan::Kandahar province; Afghanistan::Kapisa province; Afghanistan::Khost province; Afghanistan::Kunar province; Afghanistan::Kunduz province; Afghanistan::Laghman province; Afghanistan::Nangarhar province; Afghanistan::Paktika province; Afghanistan::Paktya province; Afghanistan::Panjsher province; Afghanistan::Parwan province; Afghanistan::Samangan province; Afghanistan::Sari Pul province; Afghanistan::Takhar province; Afghanistan::Wardak province; Afghanistan::Zabul province,1.0,15.217131846745186,13.45232882574568,1.0,-0.0005872230747164,0.0050314607550659,0.0044442376803495,0.0340976492188235,0.0293946021754386,0.0475539171939481,0.3709973315118476,0.4185512487057957,0.0403233743870504,0.3517322928911565,0.3920556672782069,0.3330710872644088,0.2590937495749073,1.0,1.0,163708.0,163708.0,532418.9457602246,,303,303,303,2022-11,2022-11-01,2022,11,34.0,Afghanistan; Pakistan,ged_rolling_24m,2,1.0986122886681098,False,True,113.0,196.0,4.736198448394496,5.2832037287379885,155.0,155.0,155.0,1.0,103.0,143.0,95.0,126.0,66.0,0.0,52.0,22.0,1.0,0.0,12.0,0.0,3.0,65.0,0.0,0.0,0.6645161290322581,4.6443908991413725,0.9225806451612903,4.969813299576001,0.6129032258064516,4.564348191467836,0.8129032258064516,4.844187086458591,0.4258064516129032,4.204692619390966,0.0,0.0,0.3354838709677419,3.970291913552122,0.1419354838709677,3.1354942159291497,0.0064516129032258,0.6931471805599453,0.0,0.0,0.0774193548387096,2.5649493574615367,0.0,0.0,0.0193548387096774,1.3862943611198906,0.4193548387096774,4.189654742026425,0.0,0.0,0.0,0.0,5.049856007249537
303,Taliban,2022-12,2023-01,12,399,29,Afghanistan::Badakhshan province; Afghanistan::Badghis province; Afghanistan::Baghlan province; Afghanistan::Balkh province; Afghanistan::Daykundi province; Afghanistan::Farah province; Afghanistan::Faryab province; Afghanistan::Ghazni province; Afghanistan::Ghor province; Afghanistan::Hilmand province; Afghanistan::Hirat province; Afghanistan::Kabul province; Afghanistan::Kandahar province; Afghanistan::Kapisa province; Afghanistan::Khost province; Afghanistan::Kunar province; Afghanistan::Kunduz province; Afghanistan::Laghman province; Afghanistan::Nangarhar province; Afghanistan::Paktika province; Afghanistan::Paktya province; Afghanistan::Panjsher province; Afghanistan::Parwan province; Afghanistan::Samangan province; Afghanistan::Sari Pul province; Afghanistan::Takhar province; Afghanistan::Wardak province; Afghanistan::Zabul province; Pakistan::Balochistan province,0.0,13.680481592858069,12.1388609042764,0.999651172433094,-1.5885671004273183e-05,0.005198957691743,0.0051830720207387,-0.0149763259996061,-0.0136705960809133,-0.0206022577351756,0.385981840427157,0.3653795826919813,-0.0184778868685103,0.3609118718523042,0.3424339849837939,0.3742534533190568,0.3853982489635628,1.0,0.999651172433094,267835.0,267835.0,895140.0789242352,,303,303,303,2022-12,2022-12-01,2022,12,35.0,Afghanistan; Pakistan,ged_rolling_24m,2,1.0986122886681098,False,True,196.0,217.0,5.2832037287379885,5.384495062789089,280.0,280.0,280.0,1.0,224.0,265.0,176.0,232.0,136.0,0.0,119.0,21.0,1.0,0.0,15.0,2.0,3.0,116.0,3.0,0.0,0.8,5.41610040220442,0.9464285714285714,5.583496308781699,0.6285714285714286,5.176149732573829,0.8285714285714286,5.4510384535657,0.4857142857142857,4.919980925828125,0.0,0.0,0.425,4.787491742782046,0.075,3.091042453358316,0.0035714285714285,0.6931471805599453,0.0,0.0,0.0535714285714285,2.772588722239781,0.0071428571428571,1.0986122886681098,0.0107142857142857,1.3862943611198906,0.4142857142857143,4.762173934797756,0.0107142857142857,1.3862943611198906,0.0,0.0,5.638354669333745
303,Taliban,2023-01,2023-02,12,410,32,Afghanistan::Badakhshan province; Afghanistan::Badghis province; Afghanistan::Baghlan province; Afghanistan::Balkh province; Afghanistan::Bamyan province; Afghanistan::Daykundi province; Afghanistan::Farah province; Afghanistan::Faryab province; Afghanistan::Ghazni province; Afghanistan::Ghor province; Afghanistan::Hilmand province; Afghanistan::Hirat province; Afghanistan::Kabul province; Afghanistan::Kandahar province; Afghanistan::Kapisa province; Afghanistan::Khost province; Afghanistan::Kunar province; Afghanistan::Kunduz province; Afghanistan::Laghman province; Afghanistan::Nangarhar province; Afghanistan::Nimroz province; Afghanistan::Paktika province; Afghanistan::Paktya province; Afghanistan::Panjsher province; Afghanistan::Parwan province; Afghanistan::Samangan province; Afghanistan::Sari Pul province; Afghanistan::Takhar province; Afghanistan::Uruzgan province; Afghanistan::Wardak province; Afghanistan::Zabul province; Pakistan::Balochistan province,1.0,12.086191553102056,8.652134744630493,0.9994157496355424,0.0005636243411237,0.0048828473553069,0.0054464716964307,0.0002937356002875,-0.0006003254838178,0.0004006965080343,0.3639397509475523,0.3643404474555866,-0.0008051806723879,0.3416428312949131,0.3408376506225251,0.3752211276648955,0.4071959702658523,0.999588140972436,0.9997431247600164,287646.0,287646.0,964508.6933323424,,303,303,303,2023-01,2023-01-01,2023,1,36.0,Afghanistan; Pakistan,ged_rolling_24m,2,1.0986122886681098,False,True,217.0,94.0,5.384495062789089,4.553876891600541,518.0,518.0,518.0,1.0,248.0,418.0,306.0,416.0,194.0,0.0,115.0,29.0,1.0,0.0,97.0,1.0,4.0,265.0,5.0,1.0,0.4787644787644787,5.517452896464707,0.806949806949807,6.037870919922137,0.5907335907335908,5.726847747587197,0.803088803088803,6.0330862217988015,0.3745173745173745,5.272999558563747,0.0,0.0,0.222007722007722,4.7535901911063645,0.0559845559845559,3.4011973816621555,0.0019305019305019,0.6931471805599453,0.0,0.0,0.1872586872586872,4.584967478670572,0.0019305019305019,0.6931471805599453,0.0077220077220077,1.6094379124341005,0.5115830115830116,5.583496308781699,0.0096525096525096,1.791759469228055,0.0019305019305019,0.6931471805599453,6.251903883165888
303,Taliban,2023-02,2023-03,12,416,32,Afghanistan::Badakhshan province; Afghanistan::Badghis province; Afghanistan::Baghlan province; Afghanistan::Balkh province; Afghanistan::Bamyan province; Afghanistan::Daykundi province; Afghanistan::Farah province; Afghanistan::Faryab province; Afghanistan::Ghazni province; Afghanistan::Ghor province; Afghanistan::Hilmand province; Afghanistan::Hirat province; Afghanistan::Kabul province; Afghanistan::Kandahar province; Afghanistan::Kapisa province; Afghanistan::Khost province; Afghanistan::Kunar province; Afghanistan::Kunduz province; Afghanistan::Laghman province; Afghanistan::Nangarhar province; Afghanistan::Nimroz province; Afghanistan::Paktika province; Afghanistan::Paktya province; Afghanistan::Panjsher province; Afghanistan::Parwan province; Afghanistan::Samangan province; Afghanistan::Sari Pul province; Afghanistan::Takhar province; Afghanistan::Uruzgan province; Afghanistan::Wardak province; Afghanistan::Zabul province; Pakistan::Balochistan province,0.0,8.657084290100277,9.910003592785644,0.9972689059824612,0.0007136707672594,0.0054581964410036,0.006171867208263,0.0134212245239477,0.0134245125455547,0.0184320645659524,0.3641565099732979,0.3825885745392504,0.0181191198520854,0.3406648270894614,0.3587839469415468,0.4076188519398846,0.4237785054908984,0.9997431247600164,0.9975223576917314,287019.0,287019.0,964508.6933322672,,303,303,303,2023-02,2023-02-01,2023,2,37.0,Afghanistan; Pakistan,ged_rolling_24m,2,1.0986122886681098,False,True,94.0,108.0,4.553876891600541,4.6913478822291435,197.0,197.0,197.0,1.0,137.0,183.0,123.0,144.0,92.0,0.0,80.0,7.0,1.0,0.0,14.0,1.0,3.0,91.0,0.0,0.0,0.6954314720812182,4.927253685157205,0.9289340101522844,5.214935757608986,0.6243654822335025,4.820281565605037,0.7309644670050761,4.976733742420574,0.467005076142132,4.532599493153256,0.0,0.0,0.4060913705583756,4.394449154672439,0.0355329949238578,2.0794415416798357,0.0050761421319796,0.6931471805599453,0.0,0.0,0.0710659898477157,2.70805020110221,0.0050761421319796,0.6931471805599453,0.015228426395939,1.3862943611198906,0.4619289340101523,4.5217885770490405,0.0,0.0,0.0,0.0,5.288267030694535
303,Taliban,2023-03,2023-04,12,417,33,Afghanistan::Badakhshan province; Afghanistan::Badghis province; Afghanistan::Baghlan province; Afghanistan::Balkh province; Afghanistan::Bamyan province; Afghanistan::Daykundi province; Afghanistan::Farah province; Afghanistan::Faryab province; Afghanistan::Ghazni province; Afghanistan::Ghor province; Afghanistan::Hilmand province; Afghanistan::Hirat province; Afghanistan::Jawzjan province; Afghanistan::Kabul province; Afghanistan::Kandahar province; Afghanistan::Kapisa province; Afghanistan::Khost province; Afghanistan::Kunar province; Afghanistan::Kunduz province; Afghanistan::Laghman province; Afghanistan::Nangarhar province; Afghanistan::Nimroz province; Afghanistan::Paktika province; Afghanistan::Paktya province; Afghanistan::Panjsher province; Afghanistan::Parwan province; Afghanistan::Samangan province; Afghanistan::Sari Pul province; Afghanistan::Takhar province; Afghanistan::Uruzgan province; Afghanistan::Wardak province; Afghanistan::Zabul province; Pakistan::Balochistan province,1.0,9.940060411591205,12.59511686768272,0.99686336682108,0.0006204477324335,0.0062194052871998,0.0068398530196334,0.034254698167811,0.0320937116978383,0.0482096843136771,0.3834217407964038,0.4316314251100809,0.0443390795187272,0.359499419732319,0.4038384992510462,0.4229130705811418,0.4689284276868743,0.997551909362704,0.9990430922740168,290233.0,290233.0,975611.9950082283,,303,303,303,2023-03,2023-03-01,2023,3,38.0,Afghanistan; Pakistan,ged_rolling_24m,2,1.0986122886681098,False,True,108.0,122.0,4.6913478822291435,4.812184355372417,247.0,247.0,247.0,1.0,168.0,224.0,150.0,187.0,129.0,0.0,107.0,12.0,1.0,0.0,23.0,0.0,3.0,97.0,4.0,0.0,0.680161943319838,5.1298987149230735,0.9068825910931174,5.41610040220442,0.6072874493927125,5.017279836814924,0.757085020242915,5.236441962829949,0.5222672064777328,4.867534450455582,0.0,0.0,0.4331983805668016,4.68213122712422,0.048582995951417,2.5649493574615367,0.0040485829959514,0.6931471805599453,0.0,0.0,0.0931174089068826,3.1780538303479458,0.0,0.0,0.0121457489878542,1.3862943611198906,0.3927125506072874,4.584967478670572,0.0161943319838056,1.6094379124341005,0.0,0.0,5.5134287461649825
303,Taliban,2023-04,2023-05,12,393,33,Afghanistan::Badakhshan province; Afghanistan::Badghis province; Afghanistan::Baghlan province; Afghanistan::Balkh province; Afghanistan::Bamyan province; Afghanistan::Daykundi province; Afghanistan::Farah province; Afghanistan::Faryab province; Afghanistan::Ghazni province; Afghanistan::Ghor province; Afghanistan::Hilmand province; Afghanistan::Hirat province; Afghanistan::Jawzjan province; Afghanistan::Kabul province; Afghanistan::Kandahar province; Afghanistan::Kapisa province; Afghanistan::Khost province; Afghanistan::Kunar province; Afghanistan::Kunduz province; Afghanistan::Laghman province; Afghanistan::Nangarhar province; Afghanistan::Nimroz province; Afghanistan::Paktika province; Afghanistan::Paktya province; Afghanistan::Panjsher province; Afghanistan::Parwan province; Afghanistan::Samangan province; Afghanistan::Sari Pul province; Afghanistan::Takhar province; Afghanistan::Uruzgan province; Afghanistan::Wardak province; Afghanistan::Zabul province; Pakistan::Balochistan province,0.0,12.578033364224098,16.313275984426237,0.9986917691709144,0.0003070267874179,0.006827330634129,0.007134357421547,0.0279545670730328,0.0143738629163812,0.0405794045996217,0.431424683055206,0.4720040876548278,0.0203234785313875,0.4037816498155507,0.4241051283469383,0.4685478847151642,0.4026830918753629,0.9990430922740168,0.9996212879621992,290764.0,290764.0,975611.9950082283,,303,303,303,2023-04,2023-04-01,2023,4,39.0,Afghanistan; Pakistan,ged_rolling_24m,2,1.0986122886681098,False,True,122.0,91.0,4.812184355372417,4.5217885770490405,358.0,358.0,358.0,1.0,266.0,327.0,223.0,287.0,166.0,0.0,139.0,15.0,1.0,0.0,30.0,3.0,3.0,165.0,2.0,0.0,0.7430167597765364,5.58724865840025,0.9134078212290504,5.793013608384144,0.6229050279329609,5.41164605185504,0.8016759776536313,5.662960480135946,0.4636871508379888,5.117993812416755,0.0,0.0,0.388268156424581,4.941642422609304,0.0418994413407821,2.772588722239781,0.0027932960893854,0.6931471805599453,0.0,0.0,0.0837988826815642,3.4339872044851463,0.0083798882681564,1.3862943611198906,0.0083798882681564,1.3862943611198906,0.4608938547486033,5.111987788356544,0.0055865921787709,1.0986122886681098,0.0,0.0,5.883322388488279
303,Taliban,2023-05,2023-06,12,350,34,Afghanistan::Badakhshan province; Afghanistan::Badghis province; Afghanistan::Baghlan province; Afghanistan::Balkh province; Afghanistan::Bamyan province; Afghanistan::Daykundi province; Afghanistan::Farah province; Afghanistan::Faryab province; Afghanistan::Ghazni province; Afghanistan::Ghor province; Afghanistan::Hilmand province; Afghanistan::Hirat province; Afghanistan::Jawzjan province; Afghanistan::Kabul province; Afghanistan::Kandahar province; Afghanistan::Kapisa province; Afghanistan::Khost province; Afghanistan::Kunar province; Afghanistan::Kunduz province; Afghanistan::Laghman province; Afghanistan::Nangarhar province; Afghanistan::Nimroz province; Afghanistan::Nuristan province; Afghanistan::Paktika province; Afghanistan::Paktya province; Afghanistan::Panjsher province; Afghanistan::Parwan province; Afghanistan::Samangan province; Afghanistan::Sari Pul province; Afghanistan::Takhar province; Afghanistan::Uruzgan province; Afghanistan::Wardak province; Afghanistan::Zabul province; Pakistan::Balochistan province,1.0,16.25696500857183,16.702174548731655,0.9994926181686208,-0.0003902942591594,0.0070687738500954,0.0066784795909359,0.0103890612294216,-0.0051606449838135,0.0153766512180464,0.4724058986638599,0.4877825498819063,-0.0073312914298968,0.4242841388724305,0.4169528474425336,0.4007968250424668,0.3600636638177926,0.9995910407853918,0.9999015773832286,293638.0,293638.0,984600.7220569076,,303,303,303,2023-05,2023-05-01,2023,5,40.0,Afghanistan,ged_rolling_24m,1,0.6931471805599453,False,True,18.0,45.0,2.9444389791664403,3.828641396489095,289.0,289.0,289.0,1.0,197.0,257.0,174.0,218.0,128.0,0.0,129.0,20.0,2.0,0.0,28.0,2.0,5.0,102.0,1.0,0.0,0.6816608996539792,5.288267030694535,0.889273356401384,5.552959584921617,0.6020761245674741,5.1647859739235145,0.754325259515571,5.389071729816501,0.4429065743944637,4.859812404361672,0.0,0.0,0.4463667820069204,4.867534450455582,0.0692041522491349,3.044522437723423,0.0069204152249134,1.0986122886681098,0.0,0.0,0.0968858131487889,3.367295829986474,0.0069204152249134,1.0986122886681098,0.0173010380622837,1.791759469228055,0.3529411764705882,4.634728988229636,0.0034602076124567,0.6931471805599453,0.0,0.0,5.66988092298052
303,Taliban,2023-06,2023-07,12,313,33,Afghanistan::Badakhshan province; Afghanistan::Badghis province; Afghanistan::Baghlan province; Afghanistan::Balkh province; Afghanistan::Bamyan province; Afghanistan::Daykundi province; Afghanistan::Farah province; Afghanistan::Faryab province; Afghanistan::Ghazni province; Afghanistan::Ghor province; Afghanistan::Hilmand province; Afghanistan::Hirat province; Afghanistan::Jawzjan province; Afghanistan::Kabul province; Afghanistan::Kandahar province; Afghanistan::Kapisa province; Afghanistan::Khost province; Afghanistan::Kunar province; Afghanistan::Kunduz province; Afghanistan::Laghman province; Afghanistan::Nangarhar province; Afghanistan::Nimroz province; Afghanistan::Nuristan province; Afghanistan::Paktika province; Afghanistan::Paktya province; Afghanistan::Panjsher province; Afghanistan::Parwan province; Afghanistan::Samangan province; Afghanistan::Takhar province; Afghanistan::Uruzgan province; Afghanistan::Wardak province; Afghanistan::Zabul province; Pakistan::Balochistan province,0.0,16.628495059089623,10.931964981550744,0.9998964772665232,-0.0008189978047035,0.0067351813026744,0.0059161834979708,-0.0602924029929078,-0.0286358598383314,-0.0869615137751274,0.4862471953267846,0.3992856815516571,-0.04000025768387,0.4169545511942479,0.3769542935103779,0.3623751068916413,0.3359426267868292,0.9998999788313244,0.999996072754772,289290.0,289290.0,969347.7345498482,,303,303,303,2023-06,2023-06-01,2023,6,41.0,Afghanistan,ged_rolling_24m,1,0.6931471805599453,False,True,45.0,15.0,3.828641396489095,2.772588722239781,222.0,222.0,222.0,1.0,131.0,203.0,149.0,175.0,106.0,0.0,70.0,33.0,1.0,0.0,19.0,0.0,2.0,95.0,2.0,0.0,0.5900900900900901,4.882801922586371,0.9144144144144144,5.318119993844216,0.6711711711711712,5.0106352940962555,0.7882882882882883,5.170483995038151,0.4774774774774775,4.672828834461906,0.0,0.0,0.3153153153153153,4.2626798770413155,0.1486486486486486,3.5263605246161616,0.0045045045045045,0.6931471805599453,0.0,0.0,0.0855855855855855,2.995732273553991,0.0,0.0,0.009009009009009,1.0986122886681098,0.4279279279279279,4.564348191467836,0.009009009009009,1.0986122886681098,0.0,0.0,5.407171771460119
303,Taliban,2023-07,2023-08,12,286,33,Afghanistan::Badakhshan province; Afghanistan::Badghis province; Afghanistan::Baghlan province; Afghanistan::Balkh province; Afghanistan::Bamyan province; Afghanistan::Daykundi province; Afghanistan::Farah province; Afghanistan::Faryab province; Afghanistan::Ghazni province; Afghanistan::Ghor province; Afghanistan::Hilmand province; Afghanistan::Hirat province; Afghanistan::Jawzjan province; Afghanistan::Kabul province; Afghanistan::Kandahar province; Afghanistan::Kapisa province; Afghanistan::Khost province; Afghanistan::Kunar province; Afghanistan::Kunduz province; Afghanistan::Laghman province; Afghanistan::Nangarhar province; Afghanistan::Nimroz province; Afghanistan::Nuristan province; Afghanistan::Paktika province; Afghanistan::Paktya province; Afghanistan::Panjsher province; Afghanistan::Parwan province; Afghanistan::Samangan province; Afghanistan::Takhar province; Afghanistan::Uruzgan province; Afghanistan::Wardak province; Afghanistan::Zabul province; Pakistan::Balochistan province,1.0,10.931622768648133,18.047213858197104,0.9999890696251696,7.980908655836477e-05,0.0059156356985989,0.0059954447851573,0.0241162798340124,0.0243566651847235,0.0341558798285537,0.3992903994350868,0.4334462792636405,0.0339499062030341,0.3769590817649327,0.4109089879679668,0.3359276974003478,0.363207164720988,0.999996072754772,0.9999929968703976,289317.0,289317.0,969347.7345498482,,303,303,303,2023-07,2023-07-01,2023,7,42.0,Afghanistan,ged_rolling_24m,1,0.6931471805599453,False,True,15.0,27.0,2.772588722239781,3.332204510175204,204.0,204.0,204.0,1.0,105.0,177.0,112.0,143.0,81.0,0.0,47.0,22.0,1.0,0.0,26.0,0.0,3.0,101.0,3.0,1.0,0.5147058823529411,4.663439094112067,0.8676470588235294,5.181783550292085,0.5490196078431373,4.727387818712341,0.7009803921568627,4.969813299576001,0.3970588235294117,4.406719247264253,0.0,0.0,0.230392156862745,3.871201010907891,0.1078431372549019,3.1354942159291497,0.0049019607843137,0.6931471805599453,0.0,0.0,0.1274509803921568,3.295836866004329,0.0,0.0,0.0147058823529411,1.3862943611198906,0.4950980392156863,4.624972813284271,0.0147058823529411,1.3862943611198906,0.0049019607843137,0.6931471805599453,5.3230099791384085
303,Taliban,2023-08,2023-09,12,269,33,Afghanistan::Badakhshan province; Afghanistan::Badghis province; Afghanistan::Baghlan province; Afghanistan::Balkh province; Afghanistan::Bamyan province; Afghanistan::Daykundi province; Afghanistan::Farah province; Afghanistan::Faryab province; Afghanistan::Ghazni province; Afghanistan::Ghor province; Afghanistan::Hilmand province; Afghanistan::Hirat province; Afghanistan::Jawzjan province; Afghanistan::Kabul province; Afghanistan::Kandahar province; Afghanistan::Kapisa province; Afghanistan::Khost province; Afghanistan::Kunar province; Afghanistan::Kunduz province; Afghanistan::Laghman province; Afghanistan::Nangarhar province; Afghanistan::Nimroz province; Afghanistan::Nuristan province; Afghanistan::Paktika province; Afghanistan::Paktya province; Afghanistan::Panjsher province; Afghanistan::Parwan province; Afghanistan::Samangan province; Afghanistan::Takhar province; Afghanistan::Uruzgan province; Afghanistan::Wardak province; Afghanistan::Zabul province; Pakistan::Balochistan province,0.0,18.047221459231736,18.56037816418291,0.9999894953055962,0.0007755429579984,0.005995442232987,0.0067709851909854,0.0459127768946295,0.0299063703613476,0.0673477214572801,0.4334461057032143,0.5007938271604945,0.042832459718496,0.410909109764821,0.4537415694833171,0.3632066254685185,0.3613693340639621,0.9999929968703976,0.9999964984351988,289318.0,289318.0,969347.7345499268,,303,303,303,2023-08,2023-08-01,2023,8,43.0,Afghanistan,ged_rolling_24m,1,0.6931471805599453,False,True,27.0,13.0,3.332204510175204,2.6390573296152584,243.0,243.0,243.0,1.0,127.0,220.0,138.0,185.0,95.0,0.0,53.0,29.0,0.0,0.0,21.0,2.0,1.0,134.0,2.0,1.0,0.522633744855967,4.852030263919617,0.9053497942386832,5.3981627015177525,0.5679012345679012,4.9344739331306915,0.7613168724279835,5.225746673713202,0.3909465020576131,4.564348191467836,0.0,0.0,0.2181069958847736,3.9889840465642745,0.1193415637860082,3.4011973816621555,0.0,0.0,0.0,0.0,0.0864197530864197,3.091042453358316,0.0082304526748971,1.0986122886681098,0.0041152263374485,0.6931471805599453,0.551440329218107,4.90527477843843,0.0082304526748971,1.0986122886681098,0.0041152263374485,0.6931471805599453,5.497168225293202
303,Taliban,2023-09,2023-10,12,225,32,Afghanistan::Badakhshan province; Afghanistan::Baghlan province; Afghanistan::Balkh province; Afghanistan::Bamyan province; Afghanistan::Daykundi province; Afghanistan::Farah province; Afghanistan::Faryab province; Afghanistan::Ghazni province; Afghanistan::Ghor province; Afghanistan::Hilmand province; Afghanistan::Hirat province; Afghanistan::Jawzjan province; Afghanistan::Kabul province; Afghanistan::Kandahar province; Afghanistan::Kapisa province; Afghanistan::Khost province; Afghanistan::Kunar province; Afghanistan::Kunduz province; Afghanistan::Laghman province; Afghanistan::Nangarhar province; Afghanistan::Nimroz province; Afghanistan::Nuristan province; Afghanistan::Paktika province; Afghanistan::Paktya province; Afghanistan::Panjsher province; Afghanistan::Parwan province; Afghanistan::Samangan province; Afghanistan::Takhar province; Afghanistan::Uruzgan province; Afghanistan::Wardak province; Afghanistan::Zabul province; Pakistan::Balochistan province,1.0,18.536869218011343,15.65336686424262,0.9999310667723044,-0.0002460004774551,0.0069034015613877,0.0066574010839325,-0.028829762214439,-0.0142159611697129,-0.0426810599976372,0.5018944053507413,0.459213345353104,-0.0205225648586538,0.4539139651886642,0.4333914003300103,0.3650567258646627,0.3964995651564514,0.9999964199647532,0.9999346468075512,283104.0,283104.0,948739.7684341476,,303,303,303,2023-09,2023-09-01,2023,9,44.0,Afghanistan; Pakistan,ucdp_actor_metadata_fallback,2,1.0986122886681098,False,True,162.0,169.0,5.093750200806762,5.135798437050262,204.0,204.0,204.0,1.0,133.0,187.0,96.0,141.0,74.0,0.0,63.0,23.0,3.0,0.0,16.0,1.0,4.0,92.0,1.0,1.0,0.6519607843137255,4.897839799950911,0.9166666666666666,5.236441962829949,0.4705882352941176,4.574710978503383,0.6911764705882353,4.955827057601261,0.3627450980392157,4.31748811353631,0.0,0.0,0.3088235294117647,4.1588830833596715,0.1127450980392156,3.1780538303479458,0.0147058823529411,1.3862943611198906,0.0,0.0,0.0784313725490196,2.833213344056216,0.0049019607843137,0.6931471805599453,0.0196078431372549,1.6094379124341005,0.4509803921568627,4.532599493153256,0.0049019607843137,0.6931471805599453,0.0049019607843137,0.6931471805599453,5.3230099791384085
303,Taliban,2023-10,2023-11,12,198,30,Afghanistan::Badakhshan province; Afghanistan::Baghlan province; Afghanistan::Balkh province; Afghanistan::Bamyan province; Afghanistan::Daykundi province; Afghanistan::Farah province; Afghanistan::Faryab province; Afghanistan::Ghazni province; Afghanistan::Ghor province; Afghanistan::Hilmand province; Afghanistan::Hirat province; Afghanistan::Jawzjan province; Afghanistan::Kabul province; Afghanistan::Kandahar province; Afghanistan::Kapisa province; Afghanistan::Khost province; Afghanistan::Kunar province; Afghanistan::Kunduz province; Afghanistan::Laghman province; Afghanistan::Nangarhar province; Afghanistan::Nimroz province; Afghanistan::Nuristan province; Afghanistan::Paktika province; Afghanistan::Paktya province; Afghanistan::Panjsher province; Afghanistan::Parwan province; Afghanistan::Samangan province; Afghanistan::Takhar province; Afghanistan::Uruzgan province; Pakistan::Balochistan province,0.0,15.63482396816389,13.705434713356636,0.9994535078599815,0.0003250583155399,0.0068120262111139,0.0071370845266539,0.0357891010353801,0.0161146161000683,0.0531848534123396,0.4596290377583749,0.5128138911707146,0.0232824682784861,0.4331944334305012,0.4564769017089873,0.4020741543620206,0.4784679831947773,0.999932663095588,0.999498249652752,275005.0,275005.0,920789.8126477088,,303,303,303,2023-10,2023-10-01,2023,10,45.0,Afghanistan; Pakistan,ucdp_actor_metadata_fallback,2,1.0986122886681098,False,True,169.0,158.0,5.135798437050262,5.0689042022202315,143.0,143.0,143.0,1.0,66.0,117.0,82.0,105.0,49.0,1.0,22.0,25.0,3.0,0.0,24.0,1.0,1.0,66.0,0.0,0.0,0.4615384615384615,4.204692619390966,0.8181818181818182,4.770684624465665,0.5734265734265734,4.418840607796598,0.7342657342657343,4.663439094112067,0.3426573426573426,3.912023005428146,0.0069930069930069,0.6931471805599453,0.1538461538461538,3.1354942159291497,0.1748251748251748,3.258096538021482,0.0209790209790209,1.3862943611198906,0.0,0.0,0.1678321678321678,3.218875824868201,0.0069930069930069,0.6931471805599453,0.0069930069930069,0.6931471805599453,0.4615384615384615,4.204692619390966,0.0,0.0,0.0,0.0,4.969813299576001
303,Taliban,2023-11,2023-12,12,194,29,Afghanistan::Badakhshan province; Afghanistan::Baghlan province; Afghanistan::Balkh province; Afghanistan::Bamyan province; Afghanistan::Daykundi province; Afghanistan::Farah province; Afghanistan::Faryab province; Afghanistan::Ghazni province; Afghanistan::Ghor province; Afghanistan::Hilmand province; Afghanistan::Hirat province; Afghanistan::Jawzjan province; Afghanistan::Kabul province; Afghanistan::Kandahar province; Afghanistan::Kapisa province; Afghanistan::Khost province; Afghanistan::Kunar province; Afghanistan::Kunduz province; Afghanistan::Laghman province; Afghanistan::Nangarhar province; Afghanistan::Nimroz province; Afghanistan::Nuristan province; Afghanistan::Paktika province; Afghanistan::Panjsher province; Afghanistan::Parwan province; Afghanistan::Samangan province; Afghanistan::Takhar province; Afghanistan::Uruzgan province; Pakistan::Balochistan province,1.0,13.714828557599368,11.334921237404672,0.9986729729369528,-0.0014826676747604,0.0071173264073312,0.0056346587325708,-0.1169574207634701,-0.0952857099447373,-0.1669873933803307,0.5128831373200453,0.3458957439397145,-0.1323686546160606,0.4564115870073655,0.3240429323913049,0.4797530420648213,0.4371047358805692,0.9994953319294696,0.9991472032053856,273214.0,273214.0,915507.0715315464,,303,303,303,2023-11,2023-11-01,2023,11,46.0,Afghanistan; Pakistan,ucdp_actor_metadata_fallback,2,1.0986122886681098,False,True,158.0,94.0,5.0689042022202315,4.553876891600541,1.0,1.0,1.0,1.0,0.0,0.0,0.0,0.0,0.0,0.0,0.0,0.0,0.0,0.0,1.0,0.0,0.0,0.0,0.0,0.0,0.0,0.0,0.0,0.0,0.0,0.0,0.0,0.0,0.0,0.0,0.0,0.0,0.0,0.0,0.0,0.0,0.0,0.0,0.0,0.0,1.0,0.6931471805599453,0.0,0.0,0.0,0.0,0.0,0.0,0.0,0.0,0.0,0.0,0.6931471805599453
303,Taliban,2023-12,2024-01,12,181,29,Afghanistan::Badakhshan province; Afghanistan::Baghlan province; Afghanistan::Balkh province; Afghanistan::Bamyan province; Afghanistan::Daykundi province; Afghanistan::Farah province; Afghanistan::Faryab province; Afghanistan::Ghazni province; Afghanistan::Ghor province; Afghanistan::Hilmand province; Afghanistan::Hirat province; Afghanistan::Jawzjan province; Afghanistan::Kabul province; Afghanistan::Kandahar province; Afghanistan::Kapisa province; Afghanistan::Khost province; Afghanistan::Kunar province; Afghanistan::Kunduz province; Afghanistan::Laghman province; Afghanistan::Nangarhar province; Afghanistan::Nimroz province; Afghanistan::Nuristan province; Afghanistan::Paktika province; Afghanistan::Panjsher province; Afghanistan::Parwan province; Afghanistan::Samangan province; Afghanistan::Takhar province; Afghanistan::Uruzgan province; Pakistan::Balochistan province,0.0,11.344083349480147,11.682380062317158,0.9975776485500052,0.0002984663853764,0.0056408454982134,0.0059393118835899,0.0195880606279799,0.0179935100153467,0.0266225549008802,0.3458537077812422,0.3724762626821225,0.0240386971133583,0.3239815576716996,0.3480202547850579,0.4373347158789231,0.4330739814210628,0.999147203205386,0.9983454610224156,272911.0,272911.0,915507.0715316244,,303,303,303,2023-12,2023-12-01,2023,12,47.0,Afghanistan; Pakistan,ucdp_actor_metadata_fallback,2,1.0986122886681098,False,True,94.0,135.0,4.553876891600541,4.912654885736052,114.0,114.0,114.0,1.0,64.0,102.0,53.0,90.0,46.0,0.0,25.0,9.0,0.0,0.0,11.0,0.0,2.0,67.0,0.0,0.0,0.5614035087719298,4.174387269895637,0.8947368421052632,4.634728988229636,0.4649122807017544,3.9889840465642745,0.7894736842105263,4.51085950651685,0.4035087719298245,3.8501476017100584,0.0,0.0,0.219298245614035,3.258096538021482,0.0789473684210526,2.302585092994046,0.0,0.0,0.0,0.0,0.0964912280701754,2.4849066497880004,0.0,0.0,0.0175438596491228,1.0986122886681098,0.5877192982456141,4.219507705176107,0.0,0.0,0.0,0.0,4.74493212836325
303,Taliban,2024-01,2024-02,12,178,27,Afghanistan::Badakhshan province; Afghanistan::Baghlan province; Afghanistan::Balkh province; Afghanistan::Daykundi province; Afghanistan::Faryab province; Afghanistan::Ghazni province; Afghanistan::Ghor province; Afghanistan::Hilmand province; Afghanistan::Hirat province; Afghanistan::Jawzjan province; Afghanistan::Kabul province; Afghanistan::Kandahar province; Afghanistan::Kapisa province; Afghanistan::Khost province; Afghanistan::Kunar province; Afghanistan::Kunduz province; Afghanistan::Laghman province; Afghanistan::Nangarhar province; Afghanistan::Nimroz province; Afghanistan::Nuristan province; Afghanistan::Paktika province; Afghanistan::Panjsher province; Afghanistan::Parwan province; Afghanistan::Samangan province; Afghanistan::Takhar province; Afghanistan::Uruzgan province; Pakistan::Balochistan province,1.0,11.52407719133853,12.555197040985304,0.9976576475176956,0.0011483671743805,0.0063620977667674,0.0075104649411479,-0.0111844837725481,-0.0191491034347099,-0.0152605510682286,0.3720839651434824,0.3568234140752538,-0.025525422329075,0.3457860770116814,0.3202606546826063,0.4486921021418866,0.5526200662747581,0.9982654745539512,0.9993597768887658,253220.0,253220.0,848469.8823053492,,303,303,303,2024-01,2024-01-01,2024,1,48.0,Afghanistan; Pakistan,ucdp_actor_metadata_fallback,2,1.0986122886681098,False,True,135.0,100.0,4.912654885736052,4.61512051684126,104.0,104.0,104.0,1.0,62.0,94.0,61.0,81.0,48.0,0.0,27.0,6.0,0.0,0.0,9.0,1.0,0.0,60.0,0.0,1.0,0.5961538461538461,4.143134726391533,0.903846153846154,4.553876891600541,0.5865384615384616,4.127134385045092,0.7788461538461539,4.406719247264253,0.4615384615384615,3.8918202981106265,0.0,0.0,0.2596153846153846,3.332204510175204,0.0576923076923076,1.9459101490553132,0.0,0.0,0.0,0.0,0.0865384615384615,2.302585092994046,0.0096153846153846,0.6931471805599453,0.0,0.0,0.5769230769230769,4.110873864173311,0.0,0.0,0.0096153846153846,0.6931471805599453,4.653960350157523
303,Taliban,2024-02,2024-03,12,177,28,Afghanistan::Badakhshan province; Afghanistan::Baghlan province; Afghanistan::Balkh province; Afghanistan::Daykundi province; Afghanistan::Faryab province; Afghanistan::Ghazni province; Afghanistan::Ghor province; Afghanistan::Hilmand province; Afghanistan::Hirat province; Afghanistan::Jawzjan province; Afghanistan::Kabul province; Afghanistan::Kandahar province; Afghanistan::Kapisa province; Afghanistan::Khost province; Afghanistan::Kunar province; Afghanistan::Kunduz province; Afghanistan::Laghman province; Afghanistan::Nangarhar province; Afghanistan::Nimroz province; Afghanistan::Nuristan province; Afghanistan::Paktika province; Afghanistan::Paktya province; Afghanistan::Panjsher province; Afghanistan::Parwan province; Afghanistan::Samangan province; Afghanistan::Takhar province; Afghanistan::Uruzgan province; Pakistan::Balochistan province,0.0,12.5464096665671,9.67365382763776,0.9990402401997498,-0.0002570330225156,0.0075210172200248,0.0072639841975091,0.0738022663988177,0.0659822390019282,0.1039473807705747,0.3571233883074796,0.4610707690780543,0.0900791132407321,0.3206581425529183,0.4107372557936504,0.5509177070515131,0.4639116680168748,0.9993637719309572,0.9996096916442208,255153.0,255153.0,853752.6234214548,,303,303,303,2024-02,2024-02-01,2024,2,49.0,Afghanistan; Pakistan,ucdp_actor_metadata_fallback,2,1.0986122886681098,False,True,100.0,155.0,4.61512051684126,5.049856007249537,120.0,120.0,120.0,1.0,58.0,105.0,59.0,91.0,45.0,0.0,17.0,11.0,0.0,0.0,15.0,0.0,3.0,74.0,0.0,0.0,0.4833333333333333,4.07753744390572,0.875,4.663439094112067,0.4916666666666666,4.0943445622221,0.7583333333333333,4.5217885770490405,0.375,3.828641396489095,0.0,0.0,0.1416666666666666,2.8903717578961645,0.0916666666666666,2.4849066497880004,0.0,0.0,0.0,0.0,0.125,2.772588722239781,0.0,0.0,0.025,1.3862943611198906,0.6166666666666667,4.31748811353631,0.0,0.0,0.0,0.0,4.795790545596741
303,Taliban,2024-03,2024-04,12,183,30,Afghanistan::Badakhshan province; Afghanistan::Baghlan province; Afghanistan::Balkh province; Afghanistan::Daykundi province; Afghanistan::Faryab province; Afghanistan::Ghazni province; Afghanistan::Ghor province; Afghanistan::Hilmand province; Afghanistan::Hirat province; Afghanistan::Jawzjan province; Afghanistan::Kabul province; Afghanistan::Kandahar province; Afghanistan::Kapisa province; Afghanistan::Khost province; Afghanistan::Kunar province; Afghanistan::Kunduz province; Afghanistan::Laghman province; Afghanistan::Logar province; Afghanistan::Nangarhar province; Afghanistan::Nimroz province; Afghanistan::Nuristan province; Afghanistan::Paktika province; Afghanistan::Paktya province; Afghanistan::Panjsher province; Afghanistan::Parwan province; Afghanistan::Samangan province; Afghanistan::Takhar province; Afghanistan::Uruzgan province; Pakistan::Balochistan province; Pakistan::Khyber Pakhtunkwa province,1.0,9.68696534325064,10.746538410917273,0.9989927488876802,0.0006308521772919,0.0075399739083649,0.0081708260856569,-0.0209188933874893,-0.0096775464418556,-0.0302863593415723,0.4629952823281503,0.4327089229865779,-0.0136008634796798,0.4122155036484045,0.3986146401687246,0.4616851909893804,0.5112793946389174,0.9995685123103956,0.9994050469716396,264537.0,264537.0,885418.5511103796,,303,303,303,2024-03,2024-03-01,2024,3,50.0,Afghanistan; Pakistan,ucdp_actor_metadata_fallback,2,1.0986122886681098,False,True,155.0,136.0,5.049856007249537,4.919980925828125,244.0,244.0,244.0,1.0,167.0,227.0,173.0,207.0,141.0,0.0,117.0,7.0,0.0,0.0,16.0,2.0,0.0,102.0,0.0,0.0,0.6844262295081968,5.123963979403259,0.930327868852459,5.429345628954441,0.7090163934426229,5.159055299214529,0.8483606557377049,5.337538079701318,0.5778688524590164,4.955827057601261,0.0,0.0,0.4795081967213114,4.770684624465665,0.0286885245901639,2.0794415416798357,0.0,0.0,0.0,0.0,0.0655737704918032,2.833213344056216,0.0081967213114754,1.0986122886681098,0.0,0.0,0.4180327868852459,4.634728988229636,0.0,0.0,0.0,0.0,5.501258210544727
303,Taliban,2024-04,2024-05,12,182,31,Afghanistan::Badakhshan province; Afghanistan::Baghlan province; Afghanistan::Balkh province; Afghanistan::Daykundi province; Afghanistan::Faryab province; Afghanistan::Ghazni province; Afghanistan::Ghor province; Afghanistan::Hilmand province; Afghanistan::Hirat province; Afghanistan::Jawzjan province; Afghanistan::Kabul province; Afghanistan::Kandahar province; Afghanistan::Kapisa province; Afghanistan::Khost province; Afghanistan::Kunar province; Afghanistan::Kunduz province; Afghanistan::Laghman province; Afghanistan::Logar province; Afghanistan::Nangarhar province; Afghanistan::Nimroz province; Afghanistan::Nuristan province; Afghanistan::Paktika province; Afghanistan::Paktya province; Afghanistan::Panjsher province; Afghanistan::Parwan province; Afghanistan::Samangan province; Afghanistan::Takhar province; Afghanistan::Uruzgan province; Pakistan::Balochistan province; Pakistan::Khyber Pakhtunkwa province; Pakistan::Punjab province,0.0,10.681693692131418,13.170096338930565,0.9989286216934076,-0.0208595613035892,0.0667232948060998,0.0458637335025106,-0.0593969717592567,-0.0449870527626815,-0.0918027185128651,0.5919348388649659,0.5001321203521008,-0.0616189947488348,0.4007455753429818,0.3391265805941469,1.2846556600644357,1.1621956574733774,0.99951625831571,0.9992496558281322,325021.0,325021.0,1090809.1905361773,,303,303,303,2024-04,2024-04-01,2024,4,51.0,Afghanistan; Pakistan,ucdp_actor_metadata_fallback,2,1.0986122886681098,False,True,136.0,172.0,4.919980925828125,5.153291594497779,132.0,132.0,132.0,1.0,75.0,117.0,69.0,101.0,55.0,0.0,26.0,10.0,1.0,0.0,14.0,1.0,0.0,79.0,0.0,1.0,0.5681818181818182,4.330733340286331,0.8863636363636364,4.770684624465665,0.5227272727272727,4.248495242049359,0.7651515151515151,4.624972813284271,0.4166666666666667,4.02535169073515,0.0,0.0,0.1969696969696969,3.295836866004329,0.0757575757575757,2.3978952727983707,0.0075757575757575,0.6931471805599453,0.0,0.0,0.106060606060606,2.70805020110221,0.0075757575757575,0.6931471805599453,0.0,0.0,0.5984848484848485,4.382026634673881,0.0,0.0,0.0075757575757575,0.6931471805599453,4.890349128221754
303,Taliban,2024-05,2024-06,12,188,31,Afghanistan::Badakhshan province; Afghanistan::Baghlan province; Afghanistan::Balkh province; Afghanistan::Daykundi province; Afghanistan::Faryab province; Afghanistan::Ghazni province; Afghanistan::Ghor province; Afghanistan::Hilmand province; Afghanistan::Hirat province; Afghanistan::Jawzjan province; Afghanistan::Kabul province; Afghanistan::Kandahar province; Afghanistan::Kapisa province; Afghanistan::Khost province; Afghanistan::Kunar province; Afghanistan::Kunduz province; Afghanistan::Laghman province; Afghanistan::Logar province; Afghanistan::Nangarhar province; Afghanistan::Nimroz province; Afghanistan::Nuristan province; Afghanistan::Paktika province; Afghanistan::Paktya province; Afghanistan::Panjsher province; Afghanistan::Parwan province; Afghanistan::Samangan province; Afghanistan::Takhar province; Afghanistan::Uruzgan province; Pakistan::Balochistan province; Pakistan::Khyber Pakhtunkwa province; Pakistan::Punjab province,1.0,13.16957788795103,13.531014330474894,0.9989438449328524,-0.0014386225817218,0.0458630345697323,0.0444244119880104,0.0510392534538342,0.0518652254974382,0.0785511945733469,0.500093431583751,0.5786446261570979,0.0712854155260606,0.339101042975671,0.4103864585017316,1.1622060832219654,1.1054478088469142,0.9992496558281322,0.999641813329138,325018.0,325018.0,1090809.1905361773,,303,303,303,2024-05,2024-05-01,2024,5,52.0,Pakistan,ged_rolling_24m,1,0.6931471805599453,False,True,125.0,82.0,4.836281906951478,4.418840607796598,179.0,179.0,179.0,1.0,128.0,161.0,134.0,161.0,85.0,1.0,91.0,21.0,1.0,0.0,17.0,0.0,4.0,40.0,4.0,0.0,0.7150837988826816,4.859812404361672,0.8994413407821229,5.087596335232384,0.7486033519553073,4.90527477843843,0.8994413407821229,5.087596335232384,0.4748603351955307,4.454347296253507,0.0055865921787709,0.6931471805599453,0.5083798882681564,4.5217885770490405,0.1173184357541899,3.091042453358316,0.0055865921787709,0.6931471805599453,0.0,0.0,0.0949720670391061,2.8903717578961645,0.0,0.0,0.0223463687150838,1.6094379124341005,0.2234636871508379,3.713572066704308,0.0223463687150838,1.6094379124341005,0.0,0.0,5.19295685089021
303,Taliban,2024-06,2024-07,12,182,29,Afghanistan::Badakhshan province; Afghanistan::Baghlan province; Afghanistan::Balkh province; Afghanistan::Daykundi province; Afghanistan::Faryab province; Afghanistan::Ghazni province; Afghanistan::Ghor province; Afghanistan::Hirat province; Afghanistan::Jawzjan province; Afghanistan::Kabul province; Afghanistan::Kandahar province; Afghanistan::Kapisa province; Afghanistan::Khost province; Afghanistan::Kunar province; Afghanistan::Kunduz province; Afghanistan::Laghman province; Afghanistan::Logar province; Afghanistan::Nangarhar province; Afghanistan::Nimroz province; Afghanistan::Nuristan province; Afghanistan::Paktika province; Afghanistan::Paktya province; Afghanistan::Panjsher province; Afghanistan::Parwan province; Afghanistan::Takhar province; Afghanistan::Uruzgan province; Pakistan::Balochistan province; Pakistan::Khyber Pakhtunkwa province; Pakistan::Punjab province,0.0,13.445958260102431,8.497397250585848,0.9995864017235768,-0.0045213876524366,0.0473579198004548,0.0428365321480182,-0.0442525205063958,-0.0246765310136573,-0.0687915687730365,0.5891726365831187,0.5203810678100822,-0.0344075574898075,0.4116179060494127,0.3772103485596051,1.1413168332523094,0.8930269508417347,0.9996162422636498,0.999962581326288,304115.0,304115.0,1018114.8695981206,,303,303,303,2024-06,2024-06-01,2024,6,53.0,Pakistan,ged_rolling_24m,1,0.6931471805599453,False,True,82.0,182.0,4.418840607796598,5.209486152841421,93.0,93.0,93.0,1.0,50.0,85.0,45.0,64.0,26.0,0.0,14.0,12.0,0.0,0.0,8.0,3.0,0.0,56.0,0.0,0.0,0.5376344086021505,3.9318256327243257,0.913978494623656,4.454347296253507,0.4838709677419355,3.828641396489095,0.6881720430107527,4.174387269895637,0.2795698924731182,3.295836866004329,0.0,0.0,0.1505376344086021,2.70805020110221,0.1290322580645161,2.5649493574615367,0.0,0.0,0.0,0.0,0.086021505376344,2.1972245773362196,0.032258064516129,1.3862943611198906,0.0,0.0,0.6021505376344086,4.04305126783455,0.0,0.0,0.0,0.0,4.543294782270004
303,Taliban,2024-07,2024-08,12,192,30,Afghanistan::Badakhshan province; Afghanistan::Badghis province; Afghanistan::Baghlan province; Afghanistan::Balkh province; Afghanistan::Daykundi province; Afghanistan::Faryab province; Afghanistan::Ghazni province; Afghanistan::Ghor province; Afghanistan::Hirat province; Afghanistan::Jawzjan province; Afghanistan::Kabul province; Afghanistan::Kandahar province; Afghanistan::Kapisa province; Afghanistan::Khost province; Afghanistan::Kunar province; Afghanistan::Kunduz province; Afghanistan::Laghman province; Afghanistan::Logar province; Afghanistan::Nangarhar province; Afghanistan::Nimroz province; Afghanistan::Nuristan province; Afghanistan::Paktika province; Afghanistan::Paktya province; Afghanistan::Panjsher province; Afghanistan::Parwan province; Afghanistan::Takhar province; Afghanistan::Uruzgan province; Pakistan::Balochistan province; Pakistan::Khyber Pakhtunkwa province; Pakistan::Punjab province,1.0,8.572763322438034,14.936217187135629,0.9999633483776644,-0.0024526921494163,0.0419671962634935,0.0395145041140772,0.0257659857715908,0.0323862160491563,0.0396299150121886,0.5183411145397138,0.5579710295519024,0.0453683046426426,0.3782905693797752,0.4236588740224179,0.8840794428993202,0.966992551193162,0.9999633483776644,1.0,310434.0,310434.0,1038722.8357138996,,303,303,303,2024-07,2024-07-01,2024,7,54.0,Pakistan,ged_rolling_24m,1,0.6931471805599453,False,True,182.0,222.0,5.209486152841421,5.407171771460119,96.0,96.0,96.0,1.0,49.0,81.0,50.0,65.0,41.0,0.0,11.0,8.0,1.0,0.0,16.0,1.0,7.0,51.0,1.0,0.0,0.5104166666666666,3.912023005428146,0.84375,4.406719247264253,0.5208333333333334,3.9318256327243257,0.6770833333333334,4.189654742026425,0.4270833333333333,3.737669618283368,0.0,0.0,0.1145833333333333,2.4849066497880004,0.0833333333333333,2.1972245773362196,0.0104166666666666,0.6931471805599453,0.0,0.0,0.1666666666666666,2.833213344056216,0.0104166666666666,0.6931471805599453,0.0729166666666666,2.0794415416798357,0.53125,3.951243718581427,0.0104166666666666,0.6931471805599453,0.0,0.0,4.574710978503383
303,Taliban,2024-08,2024-09,12,193,30,Afghanistan::Badakhshan province; Afghanistan::Badghis province; Afghanistan::Baghlan province; Afghanistan::Balkh province; Afghanistan::Bamyan province; Afghanistan::Daykundi province; Afghanistan::Faryab province; Afghanistan::Ghazni province; Afghanistan::Ghor province; Afghanistan::Hirat province; Afghanistan::Jawzjan province; Afghanistan::Kabul province; Afghanistan::Kandahar province; Afghanistan::Kapisa province; Afghanistan::Khost province; Afghanistan::Kunar province; Afghanistan::Kunduz province; Afghanistan::Logar province; Afghanistan::Nangarhar province; Afghanistan::Nimroz province; Afghanistan::Nuristan province; Afghanistan::Paktika province; Afghanistan::Paktya province; Afghanistan::Panjsher province; Afghanistan::Parwan province; Afghanistan::Takhar province; Afghanistan::Uruzgan province; Pakistan::Balochistan province; Pakistan::Khyber Pakhtunkwa province; Pakistan::Punjab province,0.0,15.049073496577275,15.259006524231795,0.9999639949314284,0.0056647270174209,0.0389189417568488,0.0445836687742697,0.0028509306381274,0.0199061785385652,0.0044426448324529,0.5560936299425568,0.5605362747750098,0.0286273515300288,0.4238476861210183,0.4524750376510471,0.9602629780800837,1.019901078520232,1.0,0.9999639949314284,314850.0,314850.0,1052781.0462224353,,303,303,303,2024-08,2024-08-01,2024,8,55.0,Pakistan,ged_rolling_24m,1,0.6931471805599453,False,True,222.0,162.0,5.407171771460119,5.093750200806762,137.0,137.0,137.0,1.0,84.0,129.0,67.0,106.0,56.0,0.0,31.0,16.0,0.0,0.0,8.0,0.0,3.0,79.0,0.0,0.0,0.6131386861313869,4.442651256490317,0.9416058394160584,4.867534450455582,0.4890510948905109,4.219507705176107,0.7737226277372263,4.672828834461906,0.4087591240875912,4.04305126783455,0.0,0.0,0.2262773722627737,3.4657359027997265,0.1167883211678832,2.833213344056216,0.0,0.0,0.0,0.0,0.0583941605839416,2.1972245773362196,0.0,0.0,0.0218978102189781,1.3862943611198906,0.5766423357664233,4.382026634673881,0.0,0.0,0.0,0.0,4.927253685157205
303,Taliban,2024-09,2024-10,12,206,31,Afghanistan::Badakhshan province; Afghanistan::Badghis province; Afghanistan::Baghlan province; Afghanistan::Balkh province; Afghanistan::Bamyan province; Afghanistan::Daykundi province; Afghanistan::Faryab province; Afghanistan::Ghazni province; Afghanistan::Ghor province; Afghanistan::Hirat province; Afghanistan::Jawzjan province; Afghanistan::Kabul province; Afghanistan::Kandahar province; Afghanistan::Kapisa province; Afghanistan::Khost province; Afghanistan::Kunar province; Afghanistan::Kunduz province; Afghanistan::Logar province; Afghanistan::Nangarhar province; Afghanistan::Nimroz province; Afghanistan::Nuristan province; Afghanistan::Paktika province; Afghanistan::Paktya province; Afghanistan::Panjsher province; Afghanistan::Parwan province; Afghanistan::Sari Pul province; Afghanistan::Takhar province; Afghanistan::Uruzgan province; Pakistan::Balochistan province; Pakistan::Khyber Pakhtunkwa province; Pakistan::Punjab province,1.0,15.279415046461216,19.061339125860258,0.9999358913395888,0.0171943138535993,0.0439739486029706,0.06116826245657,0.0656882636645203,0.0788444039231637,0.1057977769221373,0.5582841591796729,0.6640819361018102,0.1190903660646551,0.4516851252901074,0.5707754913547626,1.0130012745318138,1.084036975454771,0.9999645268739684,0.9999713644656202,319347.0,319347.0,1068034.0337294925,,303,303,303,2024-09,2024-09-01,2024,9,56.0,Pakistan,ged_rolling_24m,1,0.6931471805599453,False,True,162.0,185.0,5.093750200806762,5.225746673713202,170.0,170.0,170.0,1.0,120.0,162.0,121.0,142.0,104.0,0.0,78.0,7.0,1.0,0.0,6.0,1.0,1.0,76.0,0.0,0.0,0.7058823529411765,4.795790545596741,0.9529411764705882,5.093750200806762,0.711764705882353,4.804021044733257,0.8352941176470589,4.962844630259907,0.611764705882353,4.653960350157523,0.0,0.0,0.4588235294117647,4.3694478524670215,0.0411764705882352,2.0794415416798357,0.0058823529411764,0.6931471805599453,0.0,0.0,0.0352941176470588,1.9459101490553132,0.0058823529411764,0.6931471805599453,0.0058823529411764,0.6931471805599453,0.4470588235294118,4.343805421853684,0.0,0.0,0.0,0.0,5.14166355650266
303,Taliban,2024-10,2024-11,12,211,31,Afghanistan::Badakhshan province; Afghanistan::Badghis province; Afghanistan::Baghlan province; Afghanistan::Balkh province; Afghanistan::Bamyan province; Afghanistan::Daykundi province; Afghanistan::Farah province; Afghanistan::Faryab province; Afghanistan::Ghazni province; Afghanistan::Ghor province; Afghanistan::Hirat province; Afghanistan::Jawzjan province; Afghanistan::Kabul province; Afghanistan::Kandahar province; Afghanistan::Kapisa province; Afghanistan::Khost province; Afghanistan::Kunar province; Afghanistan::Kunduz province; Afghanistan::Logar province; Afghanistan::Nangarhar province; Afghanistan::Nimroz province; Afghanistan::Paktika province; Afghanistan::Paktya province; Afghanistan::Panjsher province; Afghanistan::Parwan province; Afghanistan::Sari Pul province; Afghanistan::Takhar province; Afghanistan::Uruzgan province; Pakistan::Balochistan province; Pakistan::Khyber Pakhtunkwa province; Pakistan::Punjab province,0.0,18.98418592961851,11.017395550785665,0.9998785280237328,-0.0097542024264849,0.0590044262616722,0.0492502238351873,-0.0651526239289966,-0.1169866876052127,-0.1045778178153686,0.6579772467069516,0.5533994288915829,-0.1733098258652555,0.5697932301455487,0.3964834042802932,1.065225732044836,1.021712741021337,0.9999724009320332,0.9999061270916998,331130.0,331130.0,1108186.33919211,,303,303,303,2024-10,2024-10-01,2024,10,57.0,Pakistan,ged_rolling_24m,1,0.6931471805599453,False,True,185.0,337.0,5.225746673713202,5.823045895483019,115.0,115.0,115.0,1.0,83.0,111.0,66.0,89.0,56.0,0.0,46.0,9.0,1.0,0.0,4.0,0.0,1.0,52.0,2.0,0.0,0.7217391304347827,4.430816798843313,0.9652173913043478,4.718498871295094,0.5739130434782609,4.204692619390966,0.7739130434782608,4.499809670330265,0.4869565217391304,4.04305126783455,0.0,0.0,0.4,3.8501476017100584,0.0782608695652174,2.302585092994046,0.008695652173913,0.6931471805599453,0.0,0.0,0.0347826086956521,1.6094379124341005,0.0,0.0,0.008695652173913,0.6931471805599453,0.4521739130434782,3.970291913552122,0.017391304347826,1.0986122886681098,0.0,0.0,4.7535901911063645
303,Taliban,2024-11,2024-12,12,213,31,Afghanistan::Badakhshan province; Afghanistan::Badghis province; Afghanistan::Baghlan province; Afghanistan::Balkh province; Afghanistan::Bamyan province; Afghanistan::Daykundi province; Afghanistan::Farah province; Afghanistan::Faryab province; Afghanistan::Ghazni province; Afghanistan::Ghor province; Afghanistan::Hirat province; Afghanistan::Jawzjan province; Afghanistan::Kabul province; Afghanistan::Kandahar province; Afghanistan::Kapisa province; Afghanistan::Khost province; Afghanistan::Kunar province; Afghanistan::Kunduz province; Afghanistan::Logar province; Afghanistan::Nangarhar province; Afghanistan::Nimroz province; Afghanistan::Paktika province; Afghanistan::Paktya province; Afghanistan::Panjsher province; Afghanistan::Parwan province; Afghanistan::Sari Pul province; Afghanistan::Takhar province; Afghanistan::Uruzgan province; Pakistan::Balochistan province; Pakistan::Khyber Pakhtunkwa province; Pakistan::Punjab province,1.0,11.01848263529658,16.145459762669578,0.9997461126261804,0.0088841046374961,0.0492567469792999,0.058140851616796,0.0260507140732336,0.0161605756893247,0.0409993456277354,0.5534174234658864,0.5944167690936218,0.0227513177806666,0.3964834030878044,0.4192347208684711,1.021780549544312,1.1017019499868024,0.9999061270916996,0.9998342612833468,331085.0,331085.0,1108186.33919211,,303,303,303,2024-11,2024-11-01,2024,11,58.0,Pakistan,ged_rolling_24m,1,0.6931471805599453,False,True,337.0,242.0,5.823045895483019,5.493061443340548,82.0,82.0,82.0,1.0,48.0,75.0,39.0,56.0,37.0,0.0,20.0,12.0,0.0,0.0,7.0,0.0,1.0,42.0,0.0,0.0,0.5853658536585366,3.8918202981106265,0.9146341463414634,4.330733340286331,0.4756097560975609,3.688879454113936,0.6829268292682927,4.04305126783455,0.4512195121951219,3.6375861597263857,0.0,0.0,0.2439024390243902,3.044522437723423,0.1463414634146341,2.5649493574615367,0.0,0.0,0.0,0.0,0.0853658536585365,2.0794415416798357,0.0,0.0,0.0121951219512195,0.6931471805599453,0.5121951219512195,3.7612001156935624,0.0,0.0,0.0,0.0,4.418840607796598
303,Taliban,2024-12,2025-01,12,225,31,Afghanistan::Badakhshan province; Afghanistan::Badghis province; Afghanistan::Baghlan province; Afghanistan::Balkh province; Afghanistan::Bamyan province; Afghanistan::Daykundi province; Afghanistan::Farah province; Afghanistan::Faryab province; Afghanistan::Ghazni province; Afghanistan::Ghor province; Afghanistan::Hirat province; Afghanistan::Jawzjan province; Afghanistan::Kabul province; Afghanistan::Kandahar province; Afghanistan::Kapisa province; Afghanistan::Khost province; Afghanistan::Kunar province; Afghanistan::Kunduz province; Afghanistan::Logar province; Afghanistan::Nangarhar province; Afghanistan::Nimroz province; Afghanistan::Paktika province; Afghanistan::Paktya province; Afghanistan::Panjsher province; Afghanistan::Parwan province; Afghanistan::Sari Pul province; Afghanistan::Takhar province; Afghanistan::Uruzgan province; Pakistan::Balochistan province; Pakistan::Khyber Pakhtunkwa province; Pakistan::Punjab province,0.0,16.144732927974957,13.606688048220214,0.9997397630366874,-0.0086665588398936,0.0581412208834334,0.0494746620435398,-0.0533403789490532,-0.0606936453074944,-0.0828191700297938,0.5944320255868268,0.511612855557033,-0.0835766944154878,0.4192364886413734,0.3356597942258856,1.1017039771272643,1.2558072155547482,0.9998342612833468,0.9998993686271256,331083.0,331083.0,1108186.3391921977,,303,303,303,2024-12,2024-12-01,2024,12,59.0,Pakistan,ged_rolling_24m,1,0.6931471805599453,False,True,242.0,295.0,5.493061443340548,5.69035945432406,296.0,296.0,296.0,1.0,250.0,284.0,236.0,272.0,204.0,0.0,202.0,11.0,0.0,0.0,10.0,2.0,3.0,67.0,1.0,0.0,0.8445945945945946,5.5254529391317835,0.9594594594594594,5.652489180268651,0.7972972972972973,5.4680601411351315,0.918918918918919,5.60947179518496,0.6891891891891891,5.3230099791384085,0.0,0.0,0.6824324324324325,5.313205979041787,0.0371621621621621,2.4849066497880004,0.0,0.0,0.0,0.0,0.0337837837837837,2.3978952727983707,0.0067567567567567,1.0986122886681098,0.0101351351351351,1.3862943611198906,0.2263513513513513,4.219507705176107,0.0033783783783783,0.6931471805599453,0.0,0.0,5.6937321388027
303,Taliban,2025-01,2025-02,12,226,31,Afghanistan::Badakhshan province; Afghanistan::Badghis province; Afghanistan::Baghlan province; Afghanistan::Balkh province; Afghanistan::Bamyan province; Afghanistan::Farah province; Afghanistan::Faryab province; Afghanistan::Ghazni province; Afghanistan::Ghor province; Afghanistan::Hilmand province; Afghanistan::Hirat province; Afghanistan::Jawzjan province; Afghanistan::Kabul province; Afghanistan::Kandahar province; Afghanistan::Kapisa province; Afghanistan::Khost province; Afghanistan::Kunar province; Afghanistan::Kunduz province; Afghanistan::Logar province; Afghanistan::Nangarhar province; Afghanistan::Nimroz province; Afghanistan::Paktika province; Afghanistan::Paktya province; Afghanistan::Panjsher province; Afghanistan::Parwan province; Afghanistan::Sari Pul province; Afghanistan::Takhar province; Afghanistan::Uruzgan province; Pakistan::Balochistan province; Pakistan::Khyber Pakhtunkwa province; Pakistan::Punjab province,1.0,13.72782039980999,4.968521750565298,0.9969494278768,0.0209471345888093,0.0477819996344313,0.0687291342232406,0.11209849432307,0.1947771587924906,0.1781696361513031,0.5019817929818479,0.680151429133151,0.2863418496995327,0.3315736125840575,0.6179154622835903,1.2353622365445027,1.283707204319101,0.9999079547801004,0.9970208115376552,342688.0,342688.0,1152194.0685678795,,303,303,303,2025-01,2025-01-01,2025,1,60.0,Pakistan,ged_rolling_24m,1,0.6931471805599453,False,True,295.0,241.0,5.69035945432406,5.488937726156687,160.0,160.0,160.0,1.0,107.0,149.0,84.0,126.0,72.0,0.0,48.0,9.0,2.0,0.0,7.0,0.0,0.0,94.0,0.0,0.0,0.66875,4.68213122712422,0.93125,5.0106352940962555,0.525,4.442651256490317,0.7875,4.844187086458591,0.45,4.290459441148391,0.0,0.0,0.3,3.8918202981106265,0.05625,2.302585092994046,0.0125,1.0986122886681098,0.0,0.0,0.04375,2.0794415416798357,0.0,0.0,0.0,0.0,0.5875,4.553876891600541,0.0,0.0,0.0,0.0,5.081404364984463
303,Taliban,2025-02,2025-03,12,235,31,Afghanistan::Badakhshan province; Afghanistan::Badghis province; Afghanistan::Baghlan province; Afghanistan::Balkh province; Afghanistan::Bamyan province; Afghanistan::Farah province; Afghanistan::Faryab province; Afghanistan::Ghazni province; Afghanistan::Ghor province; Afghanistan::Hilmand province; Afghanistan::Hirat province; Afghanistan::Jawzjan province; Afghanistan::Kabul province; Afghanistan::Kandahar province; Afghanistan::Kapisa province; Afghanistan::Khost province; Afghanistan::Kunar province; Afghanistan::Kunduz province; Afghanistan::Logar province; Afghanistan::Nangarhar province; Afghanistan::Nimroz province; Afghanistan::Paktika province; Afghanistan::Paktya province; Afghanistan::Panjsher province; Afghanistan::Parwan province; Afghanistan::Sari Pul province; Afghanistan::Takhar province; Afghanistan::Uruzgan province; Pakistan::Balochistan province; Pakistan::Khyber Pakhtunkwa province; Pakistan::Punjab province,0.0,4.970705631031335,11.798561614995556,0.9962385660697451,-0.0107872833557344,0.0687781756057119,0.0579908922499774,-0.0431311989398095,-0.0965926909762078,-0.0709292869363509,0.6802202763697742,0.6092909894334233,-0.1489642625404546,0.617870813974691,0.4689065514342364,1.284183045108405,1.296965834505898,0.9970208115376552,0.9990455864484896,342429.0,342429.0,1152194.0685678795,,303,303,303,2025-02,2025-02-01,2025,2,61.0,Pakistan,ged_rolling_24m,1,0.6931471805599453,False,True,241.0,342.0,5.488937726156687,5.8377304471659395,133.0,133.0,133.0,1.0,107.0,128.0,83.0,103.0,60.0,0.0,60.0,7.0,1.0,0.0,5.0,2.0,4.0,54.0,0.0,0.0,0.8045112781954887,4.68213122712422,0.962406015037594,4.859812404361672,0.6240601503759399,4.430816798843313,0.7744360902255639,4.6443908991413725,0.4511278195488721,4.110873864173311,0.0,0.0,0.4511278195488721,4.110873864173311,0.0526315789473684,2.0794415416798357,0.0075187969924812,0.6931471805599453,0.0,0.0,0.037593984962406,1.791759469228055,0.0150375939849624,1.0986122886681098,0.0300751879699248,1.6094379124341005,0.4060150375939849,4.007333185232471,0.0,0.0,0.0,0.0,4.897839799950911
303,Taliban,2025-03,2025-04,12,219,31,Afghanistan::Badakhshan province; Afghanistan::Badghis province; Afghanistan::Baghlan province; Afghanistan::Balkh province; Afghanistan::Bamyan province; Afghanistan::Farah province; Afghanistan::Faryab province; Afghanistan::Ghazni province; Afghanistan::Ghor province; Afghanistan::Hilmand province; Afghanistan::Hirat province; Afghanistan::Jawzjan province; Afghanistan::Kabul province; Afghanistan::Kandahar province; Afghanistan::Kapisa province; Afghanistan::Khost province; Afghanistan::Kunar province; Afghanistan::Kunduz province; Afghanistan::Logar province; Afghanistan::Nangarhar province; Afghanistan::Nimroz province; Afghanistan::Paktika province; Afghanistan::Paktya province; Afghanistan::Panjsher province; Afghanistan::Parwan province; Afghanistan::Sari Pul province; Afghanistan::Takhar province; Afghanistan::Uruzgan province; Pakistan::Balochistan province; Pakistan::Khyber Pakhtunkwa province; Pakistan::Punjab province,1.0,11.775365380628442,14.943065440146492,0.998929870142738,0.0097214517176318,0.057845129033106,0.0675665807507379,0.0146872331202385,-0.0175406124831091,0.0238027014543777,0.6087666907562456,0.6325693922106234,-0.0255378677074799,0.4687341976054605,0.4431963298979806,1.2952536644929662,1.2746434249081438,0.9990455864484896,0.999863622135204,343371.0,343371.0,1152194.0685678795,,303,303,303,2025-03,2025-03-01,2025,3,62.0,Pakistan,ged_rolling_24m,1,0.6931471805599453,False,True,342.0,225.0,5.8377304471659395,5.420534999272286,167.0,167.0,167.0,1.0,130.0,163.0,104.0,142.0,88.0,0.0,65.0,12.0,4.0,0.0,3.0,0.0,1.0,82.0,0.0,0.0,0.7784431137724551,4.875197323201151,0.9760479041916168,5.099866427824199,0.6227544910179641,4.653960350157523,0.8502994011976048,4.962844630259907,0.5269461077844312,4.48863636973214,0.0,0.0,0.3892215568862275,4.189654742026425,0.0718562874251497,2.5649493574615367,0.0239520958083832,1.6094379124341005,0.0,0.0,0.0179640718562874,1.3862943611198906,0.0,0.0,0.0059880239520958,0.6931471805599453,0.4910179640718562,4.418840607796598,0.0,0.0,0.0,0.0,5.123963979403259
303,Taliban,2025-04,2025-05,12,218,30,Afghanistan::Badakhshan province; Afghanistan::Badghis province; Afghanistan::Baghlan province; Afghanistan::Balkh province; Afghanistan::Bamyan province; Afghanistan::Farah province; Afghanistan::Faryab province; Afghanistan::Ghazni province; Afghanistan::Ghor province; Afghanistan::Hilmand province; Afghanistan::Hirat province; Afghanistan::Jawzjan province; Afghanistan::Kabul province; Afghanistan::Kandahar province; Afghanistan::Kapisa province; Afghanistan::Khost province; Afghanistan::Kunar province; Afghanistan::Kunduz province; Afghanistan::Logar province; Afghanistan::Nangarhar province; Afghanistan::Nimroz province; Afghanistan::Paktika province; Afghanistan::Paktya province; Afghanistan::Panjsher province; Afghanistan::Parwan province; Afghanistan::Sari Pul province; Afghanistan::Takhar province; Afghanistan::Uruzgan province; Pakistan::Balochistan province; Pakistan::Khyber Pakhtunkwa province,0.0,14.82235049663034,15.555765438276618,0.9997411884117428,-0.0007802504469614,0.0099106645235881,0.0091304140766267,-0.0075964109004501,-0.0043813898519187,-0.0112486204470073,0.4864123674522472,0.4751637470052399,-0.00630535502827,0.4422770942274802,0.4359717391992102,0.6047670950697085,0.4905002739202969,0.9998343302111894,0.9998996869569364,283113.0,283113.0,946803.4291420848,,303,303,303,2025-04,2025-04-01,2025,4,63.0,Pakistan,ged_rolling_24m,1,0.6931471805599453,False,True,225.0,245.0,5.420534999272286,5.5053315359323625,85.0,85.0,85.0,1.0,55.0,78.0,37.0,58.0,26.0,1.0,18.0,9.0,0.0,0.0,5.0,1.0,1.0,50.0,0.0,0.0,0.6470588235294118,4.02535169073515,0.9176470588235294,4.3694478524670215,0.4352941176470588,3.6375861597263857,0.6823529411764706,4.07753744390572,0.3058823529411765,3.295836866004329,0.0117647058823529,0.6931471805599453,0.2117647058823529,2.9444389791664403,0.1058823529411764,2.302585092994046,0.0,0.0,0.0,0.0,0.0588235294117647,1.791759469228055,0.0117647058823529,0.6931471805599453,0.0117647058823529,0.6931471805599453,0.5882352941176471,3.9318256327243257,0.0,0.0,0.0,0.0,4.454347296253507
303,Taliban,2025-05,2025-06,12,205,29,Afghanistan::Badakhshan province; Afghanistan::Badghis province; Afghanistan::Baghlan province; Afghanistan::Balkh province; Afghanistan::Bamyan province; Afghanistan::Farah province; Afghanistan::Faryab province; Afghanistan::Ghor province; Afghanistan::Hilmand province; Afghanistan::Hirat province; Afghanistan::Jawzjan province; Afghanistan::Kabul province; Afghanistan::Kandahar province; Afghanistan::Kapisa province; Afghanistan::Khost province; Afghanistan::Kunar province; Afghanistan::Kunduz province; Afghanistan::Logar province; Afghanistan::Nangarhar province; Afghanistan::Nimroz province; Afghanistan::Paktika province; Afghanistan::Paktya province; Afghanistan::Panjsher province; Afghanistan::Parwan province; Afghanistan::Sari Pul province; Afghanistan::Takhar province; Afghanistan::Uruzgan province; Pakistan::Balochistan province; Pakistan::Khyber Pakhtunkwa province,1.0,15.537449272496374,15.410130044327552,0.9998782754323516,-0.0002999430433585,0.0092724496656731,0.0089725066223145,-0.0238389796044614,-0.0136673025863411,-0.0347715410875519,0.4760550744446362,0.4412835333570843,-0.0194948537448181,0.436155972577941,0.4166611188331228,0.4958424774116602,0.5757937711195983,0.9998973056923364,0.9999809697400152,276590.0,276590.0,925116.1281632846,,303,303,303,2025-05,2025-05-01,2025,5,64.0,Pakistan,ged_rolling_24m,1,0.6931471805599453,False,True,245.0,165.0,5.5053315359323625,5.111987788356544,89.0,89.0,89.0,1.0,53.0,77.0,57.0,73.0,43.0,0.0,27.0,11.0,0.0,0.0,12.0,0.0,0.0,39.0,0.0,0.0,0.5955056179775281,3.9889840465642745,0.8651685393258427,4.356708826689592,0.6404494382022472,4.060443010546419,0.8202247191011236,4.30406509320417,0.4831460674157303,3.784189633918261,0.0,0.0,0.3033707865168539,3.332204510175204,0.1235955056179775,2.4849066497880004,0.0,0.0,0.0,0.0,0.1348314606741573,2.5649493574615367,0.0,0.0,0.0,0.0,0.4382022471910112,3.688879454113936,0.0,0.0,0.0,0.0,4.499809670330265
303,Taliban,2025-06,2025-07,12,210,29,Afghanistan::Badakhshan province; Afghanistan::Badghis province; Afghanistan::Baghlan province; Afghanistan::Balkh province; Afghanistan::Bamyan province; Afghanistan::Farah province; Afghanistan::Faryab province; Afghanistan::Ghor province; Afghanistan::Hilmand province; Afghanistan::Hirat province; Afghanistan::Jawzjan province; Afghanistan::Kabul province; Afghanistan::Kandahar province; Afghanistan::Kapisa province; Afghanistan::Khost province; Afghanistan::Kunar province; Afghanistan::Kunduz province; Afghanistan::Logar province; Afghanistan::Nangarhar province; Afghanistan::Nimroz province; Afghanistan::Paktika province; Afghanistan::Paktya province; Afghanistan::Panjsher province; Afghanistan::Parwan province; Afghanistan::Sari Pul province; Afghanistan::Takhar province; Afghanistan::Uruzgan province; Pakistan::Balochistan province; Pakistan::Khyber Pakhtunkwa province,0.0,15.40953890740536,14.428789816795376,0.9999677406863648,-0.0020726953759251,0.0089717038688341,0.0068990084929089,-0.0377992344781205,-0.0388890246617165,-0.0534627047386273,0.441285664690528,0.3878229599519007,-0.054035240496241,0.4166654923434803,0.3626302518472393,0.5757692082072648,0.3887513499767663,0.9999809697400154,0.9999867709463496,276614.0,276614.0,925116.1281632846,,303,303,303,2025-06,2025-06-01,2025,6,65.0,Pakistan,ged_rolling_24m,1,0.6931471805599453,False,True,165.0,205.0,5.111987788356544,5.327876168789581,33.0,33.0,33.0,1.0,19.0,31.0,20.0,30.0,14.0,0.0,10.0,3.0,0.0,0.0,2.0,1.0,0.0,17.0,0.0,0.0,0.5757575757575758,2.995732273553991,0.9393939393939394,3.4657359027997265,0.6060606060606061,3.044522437723423,0.9090909090909092,3.4339872044851463,0.4242424242424242,2.70805020110221,0.0,0.0,0.303030303030303,2.3978952727983707,0.0909090909090909,1.3862943611198906,0.0,0.0,0.0,0.0,0.0606060606060606,1.0986122886681098,0.0303030303030303,0.6931471805599453,0.0,0.0,0.5151515151515151,2.8903717578961645,0.0,0.0,0.0,0.0,3.5263605246161616
303,Taliban,2025-07,2025-08,12,199,28,Afghanistan::Badakhshan province; Afghanistan::Badghis province; Afghanistan::Baghlan province; Afghanistan::Balkh province; Afghanistan::Bamyan province; Afghanistan::Farah province; Afghanistan::Faryab province; Afghanistan::Ghor province; Afghanistan::Hilmand province; Afghanistan::Hirat province; Afghanistan::Jawzjan province; Afghanistan::Kabul province; Afghanistan::Kandahar province; Afghanistan::Kapisa province; Afghanistan::Khost province; Afghanistan::Kunar province; Afghanistan::Kunduz province; Afghanistan::Laghman province; Afghanistan::Nangarhar province; Afghanistan::Nimroz province; Afghanistan::Paktika province; Afghanistan::Paktya province; Afghanistan::Panjsher province; Afghanistan::Parwan province; Afghanistan::Sari Pul province; Afghanistan::Takhar province; Pakistan::Balochistan province; Pakistan::Khyber Pakhtunkwa province,1.0,14.389703840481303,17.023171345233983,0.9999682261764536,-9.825419738258238e-05,0.0070041643688215,0.0069059101714389,-0.0215990486172036,-0.0225864511727408,-0.0296626394417793,0.3882155432748708,0.3585529038330915,-0.0304325460991157,0.3626541513304557,0.33222160523134,0.3912647911754495,0.4570842180369271,0.999986605438606,0.9999816207378476,273187.0,273187.0,913698.7857123702,,303,303,303,2025-07,2025-07-01,2025,7,66.0,Pakistan,ged_rolling_24m,1,0.6931471805599453,False,True,205.0,228.0,5.327876168789581,5.43372200355424,120.0,120.0,120.0,1.0,80.0,111.0,63.0,85.0,39.0,0.0,29.0,11.0,0.0,0.0,6.0,0.0,3.0,69.0,0.0,2.0,0.6666666666666666,4.394449154672439,0.925,4.718498871295094,0.525,4.1588830833596715,0.7083333333333334,4.454347296253507,0.325,3.688879454113936,0.0,0.0,0.2416666666666666,3.4011973816621555,0.0916666666666666,2.4849066497880004,0.0,0.0,0.0,0.0,0.05,1.9459101490553132,0.0,0.0,0.025,1.3862943611198906,0.575,4.248495242049359,0.0,0.0,0.0166666666666666,1.0986122886681098,4.795790545596741
303,Taliban,2025-08,2025-09,12,195,27,Afghanistan::Badakhshan province; Afghanistan::Badghis province; Afghanistan::Baghlan province; Afghanistan::Balkh province; Afghanistan::Farah province; Afghanistan::Faryab province; Afghanistan::Ghor province; Afghanistan::Hilmand province; Afghanistan::Hirat province; Afghanistan::Jawzjan province; Afghanistan::Kabul province; Afghanistan::Kandahar province; Afghanistan::Kapisa province; Afghanistan::Khost province; Afghanistan::Kunar province; Afghanistan::Kunduz province; Afghanistan::Laghman province; Afghanistan::Nangarhar province; Afghanistan::Nimroz province; Afghanistan::Paktika province; Afghanistan::Paktya province; Afghanistan::Panjsher province; Afghanistan::Parwan province; Afghanistan::Sari Pul province; Afghanistan::Takhar province; Pakistan::Balochistan province; Pakistan::Khyber Pakhtunkwa province,0.0,16.945291353680794,17.20934932613553,0.9999107615753536,0.0028246578771891,0.0070372689289895,0.0098619268061787,0.1101696386434666,0.0950723450401758,0.1583080768954785,0.3592473804982976,0.5175554573937762,0.1328923019835198,0.3324084288316892,0.465300730815209,0.4617287216646233,0.4751655550037454,0.9999812419314088,0.999921933113428,267649.0,267649.0,895802.6289974807,,303,303,303,2025-08,2025-08-01,2025,8,67.0,Pakistan,ged_rolling_24m,1,0.6931471805599453,False,True,228.0,378.0,5.43372200355424,5.937536205082426,107.0,107.0,107.0,1.0,58.0,97.0,52.0,79.0,38.0,0.0,23.0,3.0,2.0,1.0,9.0,0.0,1.0,68.0,0.0,0.0,0.5420560747663551,4.07753744390572,0.9065420560747663,4.584967478670572,0.4859813084112149,3.970291913552122,0.7383177570093458,4.382026634673881,0.3551401869158878,3.6635616461296463,0.0,0.0,0.2149532710280373,3.1780538303479458,0.02803738317757,1.3862943611198906,0.0186915887850467,1.0986122886681098,0.0093457943925233,0.6931471805599453,0.0841121495327102,2.302585092994046,0.0,0.0,0.0093457943925233,0.6931471805599453,0.6355140186915887,4.23410650459726,0.0,0.0,0.0,0.0,4.68213122712422
303,Taliban,2025-09,2025-10,12,176,27,Afghanistan::Badakhshan province; Afghanistan::Badghis province; Afghanistan::Baghlan province; Afghanistan::Balkh province; Afghanistan::Farah province; Afghanistan::Faryab province; Afghanistan::Ghor province; Afghanistan::Hilmand province; Afghanistan::Hirat province; Afghanistan::Jawzjan province; Afghanistan::Kabul province; Afghanistan::Kandahar province; Afghanistan::Kapisa province; Afghanistan::Khost province; Afghanistan::Kunar province; Afghanistan::Kunduz province; Afghanistan::Laghman province; Afghanistan::Logar province; Afghanistan::Nangarhar province; Afghanistan::Nimroz province; Afghanistan::Paktika province; Afghanistan::Paktya province; Afghanistan::Panjsher province; Afghanistan::Parwan province; Afghanistan::Takhar province; Pakistan::Balochistan province; Pakistan::Khyber Pakhtunkwa province,1.0,17.19153292361833,20.009529175246858,0.999917086436358,-2.1547560891448103e-05,0.009965716775846,0.0099441692149545,-0.024809918944455,-0.016528112478105,-0.0372035316153908,0.5182213336790757,0.4810178020636849,-0.0240210300439426,0.4653874150778557,0.441366385033913,0.4776590105265996,0.5213605568872417,0.999920928514993,0.999996157921365,264341.0,264341.0,884949.307663148,,303,303,303,2025-09,2025-09-01,2025,9,68.0,Pakistan,ged_rolling_24m,1,0.6931471805599453,False,True,378.0,450.0,5.937536205082426,6.111467339502679,178.0,178.0,178.0,1.0,128.0,155.0,111.0,132.0,54.0,0.0,57.0,16.0,0.0,0.0,20.0,0.0,4.0,80.0,0.0,1.0,0.7191011235955056,4.859812404361672,0.8707865168539326,5.049856007249537,0.6235955056179775,4.718498871295094,0.7415730337078652,4.890349128221754,0.3033707865168539,4.007333185232471,0.0,0.0,0.3202247191011236,4.060443010546419,0.0898876404494382,2.833213344056216,0.0,0.0,0.0,0.0,0.1123595505617977,3.044522437723423,0.0,0.0,0.0224719101123595,1.6094379124341005,0.449438202247191,4.394449154672439,0.0,0.0,0.0056179775280898,0.6931471805599453,5.187385805840755
303,Taliban,2025-10,2025-11,12,170,25,Afghanistan::Badakhshan province; Afghanistan::Badghis province; Afghanistan::Baghlan province; Afghanistan::Balkh province; Afghanistan::Faryab province; Afghanistan::Ghor province; Afghanistan::Hilmand province; Afghanistan::Hirat province; Afghanistan::Jawzjan province; Afghanistan::Kabul province; Afghanistan::Kandahar province; Afghanistan::Kapisa province; Afghanistan::Khost province; Afghanistan::Kunar province; Afghanistan::Kunduz province; Afghanistan::Laghman province; Afghanistan::Logar province; Afghanistan::Nangarhar province; Afghanistan::Nimroz province; Afghanistan::Paktika province; Afghanistan::Paktya province; Afghanistan::Panjsher province; Afghanistan::Parwan province; Afghanistan::Takhar province; Pakistan::Khyber Pakhtunkwa province,0.0,20.158883410097413,18.56590713231596,0.998589460748669,-0.0007167314121517,0.0113237209023426,0.0106069894901908,-0.0592034546555015,-0.058462907942218,-0.0859558057202684,0.4952734042559338,0.4093175985356653,-0.0825625195882314,0.4539040167712533,0.3713414971830219,0.465138501003578,0.4986547504070518,0.999993201642302,0.998589460748669,150516.0,150516.0,488857.3898796506,,303,303,303,2025-10,2025-10-01,2025,10,69.0,Pakistan,ged_rolling_24m,1,0.6931471805599453,False,True,450.0,334.0,6.111467339502679,5.814130531825066,756.0,756.0,756.0,1.0,672.0,739.0,552.0,678.0,510.0,0.0,436.0,13.0,0.0,0.0,14.0,1.0,0.0,291.0,0.0,1.0,0.8888888888888888,6.511745329644728,0.9775132275132276,6.606650186198215,0.7301587301587301,6.315358001522335,0.8968253968253969,6.520621127558696,0.6746031746031746,6.236369590203704,0.0,0.0,0.5767195767195767,6.07993319509559,0.0171957671957671,2.6390573296152584,0.0,0.0,0.0,0.0,0.0185185185185185,2.70805020110221,0.0013227513227513,0.6931471805599453,0.0,0.0,0.3849206349206349,5.676753802268282,0.0,0.0,0.0013227513227513,0.6931471805599453,6.6293632534374485
303,Taliban,2025-11,2025-12,12,161,25,Afghanistan::Badakhshan province; Afghanistan::Badghis province; Afghanistan::Baghlan province; Afghanistan::Balkh province; Afghanistan::Faryab province; Afghanistan::Ghor province; Afghanistan::Hilmand province; Afghanistan::Hirat province; Afghanistan::Jawzjan province; Afghanistan::Kabul province; Afghanistan::Kandahar province; Afghanistan::Kapisa province; Afghanistan::Khost province; Afghanistan::Kunar province; Afghanistan::Kunduz province; Afghanistan::Laghman province; Afghanistan::Logar province; Afghanistan::Nangarhar province; Afghanistan::Nimroz province; Afghanistan::Paktika province; Afghanistan::Paktya province; Afghanistan::Panjsher province; Afghanistan::Parwan province; Afghanistan::Takhar province; Pakistan::Khyber Pakhtunkwa province,1.0,18.57297178044511,7.931250231480234,0.9976844793680376,-0.0009696114654491,0.0106097967607789,0.0096401852953297,-0.0140154304714165,-0.0144101123480223,-0.0196149775256765,0.4093576951736042,0.3897427176479277,-0.0196194475618087,0.3713388074666633,0.3517193599048546,0.4988762019465005,0.4845111362229376,0.9985894607486688,0.9990560147083402,150369.0,150369.0,488857.3898796506,,303,303,303,2025-11,2025-11-01,2025,11,70.0,Pakistan,ged_rolling_24m,1,0.6931471805599453,False,True,334.0,223.0,5.814130531825066,5.41164605185504,259.0,259.0,259.0,1.0,214.0,246.0,181.0,235.0,163.0,0.0,122.0,8.0,0.0,0.0,10.0,0.0,1.0,117.0,0.0,1.0,0.8262548262548263,5.3706380281276624,0.9498069498069498,5.5093883366279774,0.6988416988416989,5.204006687076795,0.9073359073359072,5.4638318050256105,0.6293436293436293,5.099866427824199,0.0,0.0,0.471042471042471,4.812184355372417,0.0308880308880308,2.1972245773362196,0.0,0.0,0.0,0.0,0.0386100386100386,2.3978952727983707,0.0,0.0,0.0038610038610038,0.6931471805599453,0.4517374517374517,4.770684624465665,0.0,0.0,0.0038610038610038,0.6931471805599453,5.560681631015528
group:farc_bloc,FARC family,2020-01,2020-02,12,40,11,Colombia::Antioquia department; Colombia::Arauca department; Colombia::Caquetá department; Colombia::Cauca department; Colombia::Chocó department; Colombia::Huila department; Colombia::Meta department; Colombia::Nariño department; Colombia::Norte de Santander department; Colombia::Putumayo department; Colombia::Sucre department,0.0,8.241251940881595,5.5597637868238525,0.9918211540499022,0.0083078718041343,0.0292597065085947,0.037567578312729,0.1621689737181733,0.1801098937470546,0.2183999432923439,0.2404932909537528,0.4588932342460968,0.2098066122903227,0.0631251195116915,0.2729317318020143,1.9231724317684051,2.055780067385126,0.9999728374962314,0.9918482779705688,103671.0,103671.0,404870.620100778,,743,743; 7974; 8468; 8469; 8478,group:farc_bloc,2020-01,2020-01-01,2020,1,0.0,Colombia; Ecuador,ged_rolling_24m,2,1.0986122886681098,False,True,14.0,12.0,2.70805020110221,2.5649493574615367,64.0,64.0,64.0,1.0,49.0,62.0,54.0,59.0,27.0,0.0,22.0,6.0,2.0,0.0,2.0,4.0,0.0,28.0,0.0,0.0,0.765625,3.912023005428146,0.96875,4.143134726391533,0.84375,4.007333185232471,0.921875,4.0943445622221,0.421875,3.332204510175204,0.0,0.0,0.34375,3.1354942159291497,0.09375,1.9459101490553132,0.03125,1.0986122886681098,0.0,0.0,0.03125,1.0986122886681098,0.0625,1.6094379124341005,0.0,0.0,0.4375,3.367295829986474,0.0,0.0,0.0,0.0,4.174387269895637
group:farc_bloc,FARC family,2020-02,2020-03,12,43,12,Colombia::Antioquia department; Colombia::Arauca department; Colombia::Caquetá department; Colombia::Cauca department; Colombia::Chocó department; Colombia::Huila department; Colombia::Meta department; Colombia::Nariño department; Colombia::Norte de Santander department; Colombia::Putumayo department; Colombia::Sucre department; Peru::Loreto region,1.0,4.171376897166676,4.569574396311729,0.9631624593365516,0.0034388092480914,0.020631052112953,0.0240698613610444,0.0460742742643435,0.0509619254190074,0.0642350978581618,0.3622931472387177,0.4265282450968795,0.0658738804059836,0.259952527761417,0.3258264081674006,1.5270349975940145,1.4868665169574844,0.9724593804741178,0.990243447629551,193128.0,193128.0,782077.6974401948,,743,743; 7974; 8468; 8469; 8478,group:farc_bloc,2020-02,2020-02-01,2020,2,1.0,Colombia; Ecuador; Peru,ged_rolling_24m,3,1.3862943611198906,False,True,17.0,3.0,2.8903717578961645,1.3862943611198906,32.0,32.0,32.0,1.0,26.0,29.0,25.0,29.0,9.0,0.0,6.0,2.0,1.0,0.0,3.0,0.0,0.0,17.0,3.0,0.0,0.8125,3.295836866004329,0.90625,3.4011973816621555,0.78125,3.258096538021482,0.90625,3.4011973816621555,0.28125,2.302585092994046,0.0,0.0,0.1875,1.9459101490553132,0.0625,1.0986122886681098,0.03125,0.6931471805599453,0.0,0.0,0.09375,1.3862943611198906,0.0,0.0,0.0,0.0,0.53125,2.8903717578961645,0.09375,1.3862943611198906,0.0,0.0,3.49650756146648
group:farc_bloc,FARC family,2020-03,2020-04,12,36,11,Colombia::Antioquia department; Colombia::Arauca department; Colombia::Caquetá department; Colombia::Cauca department; Colombia::Huila department; Colombia::Meta department; Colombia::Nariño department; Colombia::Norte de Santander department; Colombia::Putumayo department; Colombia::Sucre department; Peru::Loreto region,0.0,4.496775924792606,4.665593843436791,0.9867994730666236,-0.0027973238315629,0.0204262860877768,0.0176289622562138,0.0254807296847623,0.0336502326732969,0.0360962052371997,0.3986365320311701,0.4347327372683699,0.0452775995503252,0.3230241670202907,0.368301766570616,1.1841906545109917,1.1197838912472688,0.9903083381172588,0.996467603716383,199221.0,199221.0,789259.6834899692,,743,743; 7974; 8468; 8469; 8478,group:farc_bloc,2020-03,2020-03-01,2020,3,2.0,Colombia; Ecuador; Peru,ged_rolling_24m,3,1.3862943611198906,False,True,3.0,18.0,1.3862943611198906,2.9444389791664403,35.0,35.0,35.0,1.0,23.0,32.0,25.0,30.0,12.0,0.0,4.0,8.0,2.0,0.0,3.0,0.0,0.0,18.0,0.0,0.0,0.6571428571428571,3.1780538303479458,0.9142857142857144,3.49650756146648,0.7142857142857143,3.258096538021482,0.8571428571428571,3.4339872044851463,0.3428571428571428,2.5649493574615367,0.0,0.0,0.1142857142857142,1.6094379124341005,0.2285714285714285,2.1972245773362196,0.0571428571428571,1.0986122886681098,0.0,0.0,0.0857142857142857,1.3862943611198906,0.0,0.0,0.0,0.0,0.5142857142857142,2.9444389791664403,0.0,0.0,0.0,0.0,3.58351893845611
group:farc_bloc,FARC family,2020-04,2020-05,12,39,12,Colombia::Antioquia department; Colombia::Arauca department; Colombia::Caquetá department; Colombia::Cauca department; Colombia::Cesar department; Colombia::Huila department; Colombia::Meta department; Colombia::Nariño department; Colombia::Norte de Santander department; Colombia::Putumayo department; Colombia::Sucre department; Peru::Loreto region,1.0,4.7138262650812335,3.934267363414283,0.9738159215605122,-0.0029270460811214,0.0169618245927339,0.0140347785116125,-0.1109977639970741,-0.1128460418735984,-0.1503098271680863,0.4307148317954608,0.2804050046273744,-0.1460416138967447,0.3685607822018836,0.2225191683051389,1.0753800895247383,1.0831908310978444,0.9964579591785896,0.9773425180851072,200685.0,200685.0,804779.6083113751,,743,743; 7974; 8468; 8469; 8478,group:farc_bloc,2020-04,2020-04-01,2020,4,3.0,Colombia; Ecuador; Peru,ged_rolling_24m,3,1.3862943611198906,False,True,18.0,21.0,2.9444389791664403,3.091042453358316,27.0,27.0,27.0,1.0,20.0,23.0,24.0,22.0,10.0,0.0,12.0,6.0,0.0,0.0,4.0,1.0,0.0,4.0,0.0,0.0,0.7407407407407407,3.044522437723423,0.8518518518518519,3.1780538303479458,0.8888888888888888,3.218875824868201,0.8148148148148148,3.1354942159291497,0.3703703703703703,2.3978952727983707,0.0,0.0,0.4444444444444444,2.5649493574615367,0.2222222222222222,1.9459101490553132,0.0,0.0,0.0,0.0,0.1481481481481481,1.6094379124341005,0.037037037037037,0.6931471805599453,0.0,0.0,0.1481481481481481,1.6094379124341005,0.0,0.0,0.0,0.0,3.332204510175204
group:farc_bloc,FARC family,2020-05,2020-06,12,41,12,Colombia::Antioquia department; Colombia::Arauca department; Colombia::Caquetá department; Colombia::Cauca department; Colombia::Cesar department; Colombia::Huila department; Colombia::Meta department; Colombia::Nariño department; Colombia::Norte de Santander department; Colombia::Putumayo department; Colombia::Sucre department; Peru::Loreto region,0.0,3.986965173705363,3.734828581311768,0.8982694013227307,-0.0005886279294755,0.0133403626668642,0.0127517347373887,0.0103995536895758,0.0073279512005586,0.0133168634528757,0.2738757016792489,0.2871925651321247,0.008971261517671,0.2197722030680087,0.2287434645856797,1.0621390567557207,1.216659276564477,0.9774506613840532,0.9178684355115404,189403.0,189403.0,824149.7460367588,,743,743; 7974; 8468; 8469; 8478,group:farc_bloc,2020-05,2020-05-01,2020,5,4.0,Colombia; Ecuador; Peru,ged_rolling_24m,3,1.3862943611198906,False,True,21.0,13.0,3.091042453358316,2.6390573296152584,28.0,28.0,28.0,1.0,19.0,25.0,21.0,25.0,17.0,0.0,8.0,5.0,0.0,0.0,3.0,0.0,1.0,11.0,0.0,0.0,0.6785714285714286,2.995732273553991,0.8928571428571429,3.258096538021482,0.75,3.091042453358316,0.8928571428571429,3.258096538021482,0.6071428571428571,2.8903717578961645,0.0,0.0,0.2857142857142857,2.1972245773362196,0.1785714285714285,1.791759469228055,0.0,0.0,0.0,0.0,0.1071428571428571,1.3862943611198906,0.0,0.0,0.0357142857142857,0.6931471805599453,0.3928571428571428,2.4849066497880004,0.0,0.0,0.0,0.0,3.367295829986474
group:farc_bloc,FARC family,2020-06,2020-07,12,41,11,Colombia::Antioquia department; Colombia::Caquetá department; Colombia::Cauca department; Colombia::Cesar department; Colombia::Huila department; Colombia::Meta department; Colombia::Nariño department; Colombia::Norte de Santander department; Colombia::Putumayo department; Colombia::Sucre department; Peru::Loreto region,1.0,4.001702893798289,3.7569623690586864,0.8257304073129488,-0.0008022197245292,0.010835438663632,0.0100332189391028,-0.0334312428469622,-0.0315933800095432,-0.0419985337206513,0.277382269774466,0.2353837360538146,-0.0378109877413633,0.2158060071363114,0.1779950193949481,1.1629812840273153,1.0661036454264268,0.920570911185275,0.8865234836593135,164465.0,164465.0,779332.5304316974,,743,743; 7974; 8468; 8469; 8478,group:farc_bloc,2020-06,2020-06-01,2020,6,5.0,Colombia; Ecuador; Peru,ged_rolling_24m,3,1.3862943611198906,False,True,13.0,24.0,2.6390573296152584,3.218875824868201,34.0,34.0,34.0,1.0,26.0,32.0,27.0,31.0,12.0,1.0,9.0,4.0,0.0,0.0,1.0,1.0,1.0,17.0,0.0,0.0,0.7647058823529411,3.295836866004329,0.9411764705882352,3.49650756146648,0.7941176470588235,3.332204510175204,0.9117647058823528,3.4657359027997265,0.3529411764705882,2.5649493574615367,0.0294117647058823,0.6931471805599453,0.2647058823529412,2.302585092994046,0.1176470588235294,1.6094379124341005,0.0,0.0,0.0,0.0,0.0294117647058823,0.6931471805599453,0.0294117647058823,0.6931471805599453,0.0294117647058823,0.6931471805599453,0.5,2.8903717578961645,0.0,0.0,0.0,0.0,3.5553480614894135
group:farc_bloc,FARC family,2020-07,2020-08,12,44,11,Colombia::Antioquia department; Colombia::Caquetá department; Colombia::Cauca department; Colombia::Cesar department; Colombia::Huila department; Colombia::Meta department; Colombia::Nariño department; Colombia::Norte de Santander department; Colombia::Putumayo department; Colombia::Sucre department; Peru::Loreto region,0.0,3.748226452937853,4.21810840483212,0.8397078975915043,0.0003855199885491,0.0088132900087298,0.009198809997279,0.0770864594335689,0.1133332613266285,0.0982580847762907,0.2261498775051482,0.324407962281439,0.1412507525782882,0.1770393339231911,0.3182900865014794,0.9539632884642903,0.6518047773233988,0.8865234836593134,0.9259916029294404,167068.0,167068.0,779332.5304316974,,743,743; 7974; 8468; 8469; 8478,group:farc_bloc,2020-07,2020-07-01,2020,7,6.0,Colombia; Ecuador; Peru,ged_rolling_24m,3,1.3862943611198906,False,True,24.0,47.0,3.218875824868201,3.871201010907891,38.0,38.0,38.0,1.0,28.0,35.0,30.0,32.0,14.0,0.0,12.0,3.0,0.0,0.0,2.0,0.0,1.0,20.0,0.0,0.0,0.7368421052631579,3.367295829986474,0.9210526315789472,3.58351893845611,0.7894736842105263,3.4339872044851463,0.8421052631578947,3.49650756146648,0.3684210526315789,2.70805020110221,0.0,0.0,0.3157894736842105,2.5649493574615367,0.0789473684210526,1.3862943611198906,0.0,0.0,0.0,0.0,0.0526315789473684,1.0986122886681098,0.0,0.0,0.0263157894736842,0.6931471805599453,0.5263157894736842,3.044522437723423,0.0,0.0,0.0,0.0,3.6635616461296463
group:farc_bloc,FARC family,2020-08,2020-09,12,44,11,Colombia::Antioquia department; Colombia::Arauca department; Colombia::Caquetá department; Colombia::Cauca department; Colombia::Cesar department; Colombia::Meta department; Colombia::Nariño department; Colombia::Norte de Santander department; Colombia::Putumayo department; Colombia::Sucre department; Peru::Loreto region,1.0,4.030457262548973,3.8094820854758704,0.9069931867388852,0.0008004635412794,0.0094721592189168,0.0102726227601962,-0.0374971875781601,-0.046787684325649,-0.0487853988801321,0.3255866843466303,0.2768012854664982,-0.0587250610004738,0.2847307820777736,0.2260057210772998,0.6881139250310189,1.0501919962320518,0.9220681369096846,0.9724113114255996,182028.0,182028.0,784387.9330697146,,743,743; 7974; 8468; 8469; 8478,group:farc_bloc,2020-08,2020-08-01,2020,8,7.0,Colombia; Ecuador; Peru,ged_rolling_24m,3,1.3862943611198906,False,True,47.0,48.0,3.871201010907891,3.8918202981106265,59.0,59.0,59.0,1.0,35.0,54.0,43.0,52.0,16.0,0.0,19.0,7.0,0.0,0.0,5.0,1.0,0.0,26.0,1.0,0.0,0.5932203389830508,3.58351893845611,0.9152542372881356,4.007333185232471,0.7288135593220338,3.784189633918261,0.8813559322033898,3.970291913552122,0.2711864406779661,2.833213344056216,0.0,0.0,0.3220338983050847,2.995732273553991,0.1186440677966101,2.0794415416798357,0.0,0.0,0.0,0.0,0.0847457627118644,1.791759469228055,0.0169491525423728,0.6931471805599453,0.0,0.0,0.4406779661016949,3.295836866004329,0.0169491525423728,0.6931471805599453,0.0,0.0,4.0943445622221
group:farc_bloc,FARC family,2020-09,2020-10,12,48,10,Colombia::Antioquia department; Colombia::Arauca department; Colombia::Cauca department; Colombia::Cesar department; Colombia::Meta department; Colombia::Nariño department; Colombia::Norte de Santander department; Colombia::Putumayo department; Colombia::Sucre department; Peru::Loreto region,0.0,3.826925725367952,3.1839342824589285,0.917295344577457,0.0002787960744826,0.012460432096906,0.0127392281713886,0.0565252169059421,0.0732517072332663,0.0749113570731446,0.2881704028238986,0.3630817598970433,0.0933719060036955,0.2285560467344549,0.3219279527381505,1.1229969199351495,0.910043672514408,0.9689971837531808,0.9396322844621524,163274.0,163274.0,693841.965826527,,743,743; 7974; 8468; 8469; 8478,group:farc_bloc,2020-09,2020-09-01,2020,9,8.0,Colombia; Ecuador; Peru,ged_rolling_24m,3,1.3862943611198906,False,True,48.0,13.0,3.8918202981106265,2.6390573296152584,44.0,44.0,44.0,1.0,26.0,40.0,37.0,40.0,15.0,0.0,20.0,4.0,0.0,0.0,4.0,1.0,0.0,15.0,0.0,0.0,0.5909090909090909,3.295836866004329,0.9090909090909092,3.713572066704308,0.8409090909090909,3.6375861597263857,0.9090909090909092,3.713572066704308,0.3409090909090909,2.772588722239781,0.0,0.0,0.4545454545454545,3.044522437723423,0.0909090909090909,1.6094379124341005,0.0,0.0,0.0,0.0,0.0909090909090909,1.6094379124341005,0.0227272727272727,0.6931471805599453,0.0,0.0,0.3409090909090909,2.772588722239781,0.0,0.0,0.0,0.0,3.80666248977032
group:farc_bloc,FARC family,2020-10,2020-11,12,48,9,Colombia::Antioquia department; Colombia::Arauca department; Colombia::Cauca department; Colombia::Cesar department; Colombia::Meta department; Colombia::Nariño department; Colombia::Norte de Santander department; Colombia::Putumayo department; Peru::Loreto region,1.0,3.217892896136191,2.24677382700554,0.8701669266838024,-0.0006159054551787,0.0133043401173675,0.0126884346621887,-0.0753119453394524,-0.1137492023359156,-0.0991236946143915,0.3663588214046682,0.2672351267902766,-0.1421276423553565,0.3218933137582985,0.179765671402942,0.9275176114534472,0.9156698929175175,0.940739232938904,0.9210490025605312,152265.0,152265.0,682993.7769891043,,743,743; 7974; 8468; 8469; 8478,group:farc_bloc,2020-10,2020-10-01,2020,10,9.0,Colombia; Ecuador; Peru,ged_rolling_24m,3,1.3862943611198906,False,True,13.0,4.0,2.6390573296152584,1.6094379124341005,59.0,59.0,59.0,1.0,35.0,54.0,46.0,53.0,11.0,0.0,7.0,2.0,0.0,0.0,5.0,0.0,0.0,43.0,2.0,0.0,0.5932203389830508,3.58351893845611,0.9152542372881356,4.007333185232471,0.7796610169491526,3.8501476017100584,0.8983050847457628,3.9889840465642745,0.1864406779661017,2.4849066497880004,0.0,0.0,0.1186440677966101,2.0794415416798357,0.0338983050847457,1.0986122886681098,0.0,0.0,0.0,0.0,0.0847457627118644,1.791759469228055,0.0,0.0,0.0,0.0,0.7288135593220338,3.784189633918261,0.0338983050847457,1.0986122886681098,0.0,0.0,4.0943445622221
group:farc_bloc,FARC family,2020-11,2020-12,12,52,9,Colombia::Antioquia department; Colombia::Arauca department; Colombia::Cauca department; Colombia::Cesar department; Colombia::Meta department; Colombia::Nariño department; Colombia::Norte de Santander department; Colombia::Putumayo department; Peru::Loreto region,0.0,2.2770765481430293,4.142745923307974,0.8415830800491478,0.000300307905174,0.0149008255128828,0.0152011334180568,0.0106504941383225,0.004021580357698,0.0138007530654455,0.2888971086410792,0.3026978617065247,0.0048654347275071,0.2074004457671311,0.2122658804946383,1.0961640087408675,1.375531331892842,0.9210490025605312,0.9043244911517156,147446.0,147446.0,682993.776989072,,743,743; 7974; 8468; 8469; 8478,group:farc_bloc,2020-11,2020-11-01,2020,11,10.0,Colombia; Ecuador; Peru,ged_rolling_24m,3,1.3862943611198906,False,True,4.0,17.0,1.6094379124341005,2.8903717578961645,39.0,39.0,39.0,1.0,29.0,39.0,34.0,36.0,16.0,0.0,14.0,0.0,0.0,0.0,0.0,0.0,0.0,25.0,0.0,0.0,0.7435897435897436,3.4011973816621555,1.0,3.688879454113936,0.8717948717948718,3.5553480614894135,0.9230769230769232,3.610917912644224,0.4102564102564102,2.833213344056216,0.0,0.0,0.358974358974359,2.70805020110221,0.0,0.0,0.0,0.0,0.0,0.0,0.0,0.0,0.0,0.0,0.0,0.0,0.6410256410256411,3.258096538021482,0.0,0.0,0.0,0.0,3.688879454113936
group:farc_bloc,FARC family,2020-12,2021-01,12,51,9,Colombia::Antioquia department; Colombia::Arauca department; Colombia::Cauca department; Colombia::Cesar department; Colombia::Meta department; Colombia::Nariño department; Colombia::Norte de Santander department; Colombia::Putumayo department; Peru::Loreto region,1.0,4.119300318412124,4.192633092324534,0.8781849510258107,0.0004476321148118,0.015383806626672,0.0158314387414839,-0.0680459257142529,-0.0772865536674904,-0.0856189797010922,0.3015478004651357,0.2159288207640434,-0.0901387202378217,0.2119422458662505,0.1218035256284287,1.346561536589033,1.3495339706917169,0.904324491151716,0.9682655666552596,154055.0,154055.0,682993.776989072,,743,743; 7974; 8468; 8469; 8478,group:farc_bloc,2020-12,2020-12-01,2020,12,11.0,Colombia; Ecuador; Peru,ged_rolling_24m,3,1.3862943611198906,False,True,17.0,43.0,2.8903717578961645,3.784189633918261,36.0,36.0,36.0,1.0,27.0,36.0,32.0,34.0,8.0,0.0,7.0,5.0,0.0,0.0,0.0,0.0,0.0,24.0,0.0,0.0,0.75,3.332204510175204,1.0,3.610917912644224,0.8888888888888888,3.49650756146648,0.9444444444444444,3.5553480614894135,0.2222222222222222,2.1972245773362196,0.0,0.0,0.1944444444444444,2.0794415416798357,0.1388888888888889,1.791759469228055,0.0,0.0,0.0,0.0,0.0,0.0,0.0,0.0,0.0,0.0,0.6666666666666666,3.218875824868201,0.0,0.0,0.0,0.0,3.610917912644224
group:farc_bloc,FARC family,2021-01,2021-02,12,49,11,Colombia::Antioquia department; Colombia::Arauca department; Colombia::Cauca department; Colombia::Cesar department; Colombia::Meta department; Colombia::Nariño department; Colombia::Norte de Santander department; Colombia::Putumayo department; Colombia::Valle del Cauca department; Colombia::Vichada department; Peru::Loreto region,0.0,5.157891816929369,4.092963756798945,0.7646580403906993,0.0029504759115418,0.0201034579964411,0.023053933907983,0.0594728460905358,0.0607990858821009,0.0763784573581897,0.2464469326506007,0.3228253900087904,0.0705778316785897,0.1259057040718564,0.1964835357504461,1.5448346972954348,1.5389322828259706,0.9730519722621536,0.7803317935310033,158612.0,158612.0,806315.1809007094,,743,743; 7974; 8468; 8469; 8478,group:farc_bloc,2021-01,2021-01-01,2021,1,12.0,Colombia; Ecuador; Peru,ged_rolling_24m,3,1.3862943611198906,False,True,43.0,97.0,3.784189633918261,4.584967478670572,37.0,37.0,37.0,1.0,29.0,33.0,33.0,33.0,16.0,0.0,15.0,9.0,1.0,0.0,4.0,0.0,0.0,8.0,0.0,0.0,0.7837837837837838,3.4011973816621555,0.8918918918918919,3.5263605246161616,0.8918918918918919,3.5263605246161616,0.8918918918918919,3.5263605246161616,0.4324324324324324,2.833213344056216,0.0,0.0,0.4054054054054054,2.772588722239781,0.2432432432432432,2.302585092994046,0.027027027027027,0.6931471805599453,0.0,0.0,0.1081081081081081,1.6094379124341005,0.0,0.0,0.0,0.0,0.2162162162162162,2.1972245773362196,0.0,0.0,0.0,0.0,3.6375861597263857
group:farc_bloc,FARC family,2021-02,2021-03,12,49,10,Colombia::Arauca department; Colombia::Cauca department; Colombia::Cesar department; Colombia::Meta department; Colombia::Nariño department; Colombia::Norte de Santander department; Colombia::Putumayo department; Colombia::Valle del Cauca department; Colombia::Vichada department; Venezuela::Apure state,1.0,6.544698258020347,3.02115181103261,0.8483402664403137,-0.0013801372444442,0.0261104419016019,0.0247303046571577,0.0526044184439848,0.0687292340480364,0.0723264701594202,0.3390662639596617,0.411392734119082,0.0862298720551094,0.2120105473735486,0.2982404194286581,1.427273041973074,1.7143370436688448,0.970564953135325,0.8656618015841103,95641.0,95641.0,439112.44412876706,,743,743; 7974; 8468; 8469; 8478,group:farc_bloc,2021-02,2021-02-01,2021,2,13.0,Colombia; Peru; Venezuela,ged_rolling_24m,3,1.3862943611198906,False,True,19.0,32.0,2.995732273553991,3.49650756146648,45.0,45.0,45.0,1.0,32.0,43.0,31.0,38.0,14.0,0.0,12.0,2.0,0.0,0.0,2.0,0.0,0.0,29.0,0.0,0.0,0.7111111111111111,3.49650756146648,0.9555555555555556,3.784189633918261,0.6888888888888889,3.4657359027997265,0.8444444444444444,3.6635616461296463,0.3111111111111111,2.70805020110221,0.0,0.0,0.2666666666666666,2.5649493574615367,0.0444444444444444,1.0986122886681098,0.0,0.0,0.0,0.0,0.0444444444444444,1.0986122886681098,0.0,0.0,0.0,0.0,0.6444444444444445,3.4011973816621555,0.0,0.0,0.0,0.0,3.828641396489095
group:farc_bloc,FARC family,2021-03,2021-04,12,57,12,Colombia::Arauca department; Colombia::Bogotá district; Colombia::Cauca department; Colombia::Cesar department; Colombia::Guaviare department; Colombia::Meta department; Colombia::Nariño department; Colombia::Norte de Santander department; Colombia::Putumayo department; Colombia::Valle del Cauca department; Colombia::Vichada department; Venezuela::Apure state,0.0,2.8706199488288893,2.3732885709123335,0.7698258821220179,-0.0001063168039215,0.0309362760824765,0.0308299592785549,0.0674857170129588,0.0474816544018473,0.1028374406800084,0.4729996579405003,0.5758370986205088,0.0633670049385621,0.3031248652119078,0.3664918701504699,2.1113133580794297,2.2834438985888816,0.8645572736680769,0.8824552930628572,102337.0,102337.0,519509.37706635415,,743,743; 7974; 8468; 8469; 8478,group:farc_bloc,2021-03,2021-03-01,2021,3,14.0,Colombia; Peru; Venezuela,ged_rolling_24m,3,1.3862943611198906,False,True,32.0,34.0,3.49650756146648,3.5553480614894135,81.0,81.0,81.0,1.0,65.0,79.0,47.0,74.0,42.0,0.0,47.0,6.0,2.0,0.0,2.0,0.0,0.0,24.0,0.0,0.0,0.8024691358024691,4.189654742026425,0.9753086419753086,4.382026634673881,0.5802469135802469,3.871201010907891,0.9135802469135802,4.31748811353631,0.5185185185185185,3.7612001156935624,0.0,0.0,0.5802469135802469,3.871201010907891,0.074074074074074,1.9459101490553132,0.0246913580246913,1.0986122886681098,0.0,0.0,0.0246913580246913,1.0986122886681098,0.0,0.0,0.0,0.0,0.2962962962962963,3.218875824868201,0.0,0.0,0.0,0.0,4.406719247264253
group:farc_bloc,FARC family,2021-04,2021-05,12,59,13,Colombia::Antioquia department; Colombia::Arauca department; Colombia::Bogotá district; Colombia::Caquetá department; Colombia::Cauca department; Colombia::Guaviare department; Colombia::Meta department; Colombia::Nariño department; Colombia::Norte de Santander department; Colombia::Putumayo department; Colombia::Valle del Cauca department; Colombia::Vichada department; Venezuela::Apure state,1.0,2.21374320463042,2.306327538635879,0.7583078826951243,-0.0051470244803464,0.0271208926676203,0.0219738681872739,-0.1088461517359207,-0.0907898850387979,-0.1597186735080249,0.5486878487637135,0.3889691752556885,-0.1186720343007405,0.3673400850682385,0.2486680507674979,2.0271573769967364,1.96523765709836,0.8345288657597549,0.8933517859771409,126037.0,126037.0,650447.9866892919,,743,743; 7974; 8468; 8469; 8478,group:farc_bloc,2021-04,2021-04-01,2021,4,15.0,Colombia; Peru; Venezuela,ged_rolling_24m,3,1.3862943611198906,False,True,34.0,35.0,3.5553480614894135,3.58351893845611,62.0,62.0,62.0,1.0,51.0,58.0,42.0,56.0,21.0,0.0,28.0,6.0,1.0,0.0,4.0,0.0,0.0,23.0,0.0,0.0,0.8225806451612904,3.951243718581427,0.935483870967742,4.07753744390572,0.6774193548387096,3.7612001156935624,0.9032258064516128,4.04305126783455,0.3387096774193548,3.091042453358316,0.0,0.0,0.4516129032258064,3.367295829986474,0.0967741935483871,1.9459101490553132,0.0161290322580645,0.6931471805599453,0.0,0.0,0.064516129032258,1.6094379124341005,0.0,0.0,0.0,0.0,0.3709677419354839,3.1780538303479458,0.0,0.0,0.0,0.0,4.143134726391533
group:farc_bloc,FARC family,2021-05,2021-06,12,55,13,Colombia::Antioquia department; Colombia::Arauca department; Colombia::Bogotá district; Colombia::Caquetá department; Colombia::Cauca department; Colombia::Guaviare department; Colombia::Meta department; Colombia::Nariño department; Colombia::Norte de Santander department; Colombia::Putumayo department; Colombia::Valle del Cauca department; Colombia::Vichada department; Venezuela::Apure state,0.0,2.249921767932979,2.5941131042605803,0.8300579938632048,0.0010168576571231,0.022050674231599,0.0230675318887222,0.0186025285131634,0.0314498167217007,0.0261655228043657,0.3935151286980879,0.4196806515024537,0.0398113737454902,0.2460684670069567,0.285879840752447,2.0614879614724497,1.6103371896808574,0.8933517859771409,0.9242666763293472,138067.0,138067.0,650447.9866892919,,743,743; 7974; 8468; 8469; 8478,group:farc_bloc,2021-05,2021-05-01,2021,5,16.0,Colombia; Peru; Venezuela,ged_rolling_24m,3,1.3862943611198906,False,True,35.0,27.0,3.58351893845611,3.332204510175204,57.0,57.0,57.0,1.0,49.0,55.0,42.0,51.0,21.0,0.0,36.0,0.0,0.0,0.0,2.0,1.0,0.0,14.0,4.0,0.0,0.8596491228070176,3.912023005428146,0.9649122807017544,4.02535169073515,0.7368421052631579,3.7612001156935624,0.8947368421052632,3.951243718581427,0.3684210526315789,3.091042453358316,0.0,0.0,0.631578947368421,3.610917912644224,0.0,0.0,0.0,0.0,0.0,0.0,0.0350877192982456,1.0986122886681098,0.0175438596491228,0.6931471805599453,0.0,0.0,0.2456140350877192,2.70805020110221,0.0701754385964912,1.6094379124341005,0.0,0.0,4.060443010546419
group:farc_bloc,FARC family,2021-06,2021-07,12,56,13,Colombia::Antioquia department; Colombia::Arauca department; Colombia::Bogotá district; Colombia::Caquetá department; Colombia::Cauca department; Colombia::Guaviare department; Colombia::Meta department; Colombia::Nariño department; Colombia::Norte de Santander department; Colombia::Putumayo department; Colombia::Valle del Cauca department; Colombia::Vichada department; Venezuela::Apure state,1.0,2.563306741064452,3.1001388314985547,0.8933718978723246,0.001662497579654,0.0229981476671497,0.0246606452468038,0.0043386331885914,-0.0094557211197561,0.0061664741698055,0.418213188486469,0.4243796626562746,-0.0121033059767317,0.2860593862634805,0.2739560802867487,1.5949381960268454,1.8267242956920584,0.9242666763293472,0.9639129645601496,148503.0,148503.0,650447.9866892919,,743,743; 7974; 8468; 8469; 8478,group:farc_bloc,2021-06,2021-06-01,2021,6,17.0,Colombia; Peru; Venezuela,ged_rolling_24m,3,1.3862943611198906,False,True,27.0,33.0,3.332204510175204,3.5263605246161616,27.0,27.0,27.0,1.0,19.0,26.0,20.0,27.0,14.0,0.0,13.0,8.0,0.0,0.0,1.0,0.0,1.0,4.0,0.0,0.0,0.7037037037037037,2.995732273553991,0.9629629629629628,3.295836866004329,0.7407407407407407,3.044522437723423,1.0,3.332204510175204,0.5185185185185185,2.70805020110221,0.0,0.0,0.4814814814814814,2.6390573296152584,0.2962962962962963,2.1972245773362196,0.0,0.0,0.0,0.0,0.037037037037037,0.6931471805599453,0.0,0.0,0.037037037037037,0.6931471805599453,0.1481481481481481,1.6094379124341005,0.0,0.0,0.0,0.0,3.332204510175204
group:farc_bloc,FARC family,2021-07,2021-08,12,53,14,Colombia::Antioquia department; Colombia::Arauca department; Colombia::Bogotá district; Colombia::Bolívar department; Colombia::Caquetá department; Colombia::Cauca department; Colombia::Guaviare department; Colombia::Meta department; Colombia::Nariño department; Colombia::Norte de Santander department; Colombia::Putumayo department; Colombia::Valle del Cauca department; Colombia::Vichada department; Venezuela::Apure state,0.0,3.155464896137505,1.9823084788120304,0.7736859690685415,0.0026610591498974,0.0284881082743926,0.03114916742429,0.0355745895800636,0.0493072361869611,0.052358283389999,0.4457648985126392,0.4981231819026383,0.0641883747895219,0.269973902628369,0.334162277417891,2.0485589962824617,2.2651225934753376,0.961402278392005,0.796646419137888,133997.0,133997.0,676588.2972207584,,743,743; 7974; 8468; 8469; 8478,group:farc_bloc,2021-07,2021-07-01,2021,7,18.0,Colombia; Peru; Venezuela,ged_rolling_24m,3,1.3862943611198906,False,True,33.0,18.0,3.5263605246161616,2.9444389791664403,39.0,39.0,39.0,1.0,31.0,34.0,20.0,34.0,20.0,0.0,21.0,2.0,1.0,0.0,5.0,0.0,0.0,10.0,0.0,0.0,0.7948717948717948,3.4657359027997265,0.8717948717948718,3.5553480614894135,0.5128205128205128,3.044522437723423,0.8717948717948718,3.5553480614894135,0.5128205128205128,3.044522437723423,0.0,0.0,0.5384615384615384,3.091042453358316,0.0512820512820512,1.0986122886681098,0.0256410256410256,0.6931471805599453,0.0,0.0,0.1282051282051282,1.791759469228055,0.0,0.0,0.0,0.0,0.2564102564102564,2.3978952727983707,0.0,0.0,0.0,0.0,3.688879454113936
group:farc_bloc,FARC family,2021-08,2021-09,12,54,13,Colombia::Antioquia department; Colombia::Bogotá district; Colombia::Bolívar department; Colombia::Caquetá department; Colombia::Cauca department; Colombia::Guaviare department; Colombia::Meta department; Colombia::Nariño department; Colombia::Norte de Santander department; Colombia::Putumayo department; Colombia::Valle del Cauca department; Colombia::Vichada department; Venezuela::Apure state,1.0,1.9427387662779076,2.884315397646699,0.7638569746560683,-0.0032174996394441,0.0316366835922943,0.0284191839528502,-0.0340853967771355,-0.0606462193722703,-0.0502449470730715,0.4993553221516948,0.4491103750786233,-0.0782639171029785,0.3300269903987706,0.2517630732957921,2.3170892671005174,2.461288781082864,0.7922340630594884,0.9555581028551758,127281.0,127281.0,651141.219341082,,743,743; 7974; 8468; 8469; 8478,group:farc_bloc,2021-08,2021-08-01,2021,8,19.0,Colombia; Peru; Venezuela,ged_rolling_24m,3,1.3862943611198906,False,True,18.0,51.0,2.9444389791664403,3.951243718581427,2.0,2.0,2.0,1.0,2.0,2.0,1.0,2.0,1.0,0.0,2.0,0.0,0.0,0.0,0.0,0.0,0.0,0.0,0.0,0.0,1.0,1.0986122886681098,1.0,1.0986122886681098,0.5,0.6931471805599453,1.0,1.0986122886681098,0.5,0.6931471805599453,0.0,0.0,1.0,1.0986122886681098,0.0,0.0,0.0,0.0,0.0,0.0,0.0,0.0,0.0,0.0,0.0,0.0,0.0,0.0,0.0,0.0,0.0,0.0,1.0986122886681098
group:farc_bloc,FARC family,2021-09,2021-10,12,52,14,Colombia::Antioquia department; Colombia::Bogotá district; Colombia::Bolívar department; Colombia::Caquetá department; Colombia::Cauca department; Colombia::Guainía department; Colombia::Guaviare department; Colombia::Meta department; Colombia::Nariño department; Colombia::Norte de Santander department; Colombia::Putumayo department; Colombia::Valle del Cauca department; Colombia::Vichada department; Venezuela::Apure state,0.0,2.815618722002473,2.434291479003301,0.8999904760215915,0.0053349081218711,0.0254760653152238,0.0308109734370949,0.0638204917564128,0.0715092291403018,0.0941406927200005,0.4285159631819641,0.5226566559019648,0.092547950752433,0.248487358777072,0.341035309529505,2.359444071868026,2.0098728307285514,0.9555581028551756,0.9377647964147036,149978.0,149978.0,651141.2193411028,,743,743; 7974; 8468; 8469; 8478,group:farc_bloc,2021-09,2021-09-01,2021,9,20.0,Colombia; Peru; Venezuela,ged_rolling_24m,3,1.3862943611198906,False,True,51.0,31.0,3.951243718581427,3.4657359027997265,39.0,39.0,39.0,1.0,31.0,37.0,27.0,37.0,20.0,0.0,21.0,5.0,0.0,0.0,2.0,0.0,0.0,11.0,0.0,0.0,0.7948717948717948,3.4657359027997265,0.9487179487179488,3.6375861597263857,0.6923076923076923,3.332204510175204,0.9487179487179488,3.6375861597263857,0.5128205128205128,3.044522437723423,0.0,0.0,0.5384615384615384,3.091042453358316,0.1282051282051282,1.791759469228055,0.0,0.0,0.0,0.0,0.0512820512820512,1.0986122886681098,0.0,0.0,0.0,0.0,0.282051282051282,2.4849066497880004,0.0,0.0,0.0,0.0,3.688879454113936
group:farc_bloc,FARC family,2021-10,2021-11,12,59,15,Colombia::Antioquia department; Colombia::Arauca department; Colombia::Bogotá district; Colombia::Bolívar department; Colombia::Caquetá department; Colombia::Cauca department; Colombia::Guainía department; Colombia::Guaviare department; Colombia::Meta department; Colombia::Nariño department; Colombia::Norte de Santander department; Colombia::Putumayo department; Colombia::Valle del Cauca department; Colombia::Vichada department; Venezuela::Apure state,1.0,2.395948090621359,3.8574847440163698,0.9205794101513914,-0.0041953578701448,0.0300512573354856,0.0258558994653407,-0.0343636613787938,-0.0149060371176852,-0.0511017580094608,0.512784326594782,0.4616825685853212,-0.0197869551586982,0.3373637752169439,0.3175768200582456,1.9594146155405536,2.456453056174488,0.934615833348268,0.9846534348899816,159466.0,159466.0,676588.2972207804,,743,743; 7974; 8468; 8469; 8478,group:farc_bloc,2021-10,2021-10-01,2021,10,21.0,Colombia; Peru; Venezuela,ged_rolling_24m,3,1.3862943611198906,False,True,31.0,13.0,3.4657359027997265,2.6390573296152584,40.0,40.0,40.0,1.0,32.0,38.0,33.0,38.0,9.0,0.0,16.0,8.0,0.0,0.0,2.0,0.0,0.0,14.0,0.0,0.0,0.8,3.49650756146648,0.95,3.6635616461296463,0.825,3.5263605246161616,0.95,3.6635616461296463,0.225,2.302585092994046,0.0,0.0,0.4,2.833213344056216,0.2,2.1972245773362196,0.0,0.0,0.0,0.0,0.05,1.0986122886681098,0.0,0.0,0.0,0.0,0.35,2.70805020110221,0.0,0.0,0.0,0.0,3.713572066704308
group:farc_bloc,FARC family,2021-11,2021-12,12,59,15,Colombia::Antioquia department; Colombia::Arauca department; Colombia::Bogotá district; Colombia::Bolívar department; Colombia::Caquetá department; Colombia::Cauca department; Colombia::Guainía department; Colombia::Guaviare department; Colombia::Meta department; Colombia::Nariño department; Colombia::Norte de Santander department; Colombia::Putumayo department; Colombia::Valle del Cauca department; Colombia::Vichada department; Venezuela::Apure state,0.0,3.906209018571395,5.119641683431275,0.9673558019442136,0.0003259415683908,0.0268062768329433,0.0271322184013341,-0.0650661699525049,-0.0895324996497828,-0.0923449580607984,0.4659200249620162,0.3735750669012177,-0.1129410193836719,0.3187658213797068,0.2058248019960349,2.4461471683199907,2.228006410670506,0.9846534348899816,0.9824363480399808,167573.0,167573.0,676588.2972207804,,743,743; 7974; 8468; 8469; 8478,group:farc_bloc,2021-11,2021-11-01,2021,11,22.0,Colombia; Peru; Venezuela,ged_rolling_24m,3,1.3862943611198906,False,True,13.0,12.0,2.6390573296152584,2.5649493574615367,21.0,21.0,21.0,1.0,16.0,21.0,17.0,20.0,8.0,0.0,6.0,3.0,0.0,0.0,0.0,0.0,0.0,12.0,0.0,0.0,0.7619047619047619,2.833213344056216,1.0,3.091042453358316,0.8095238095238095,2.8903717578961645,0.9523809523809524,3.044522437723423,0.3809523809523809,2.1972245773362196,0.0,0.0,0.2857142857142857,1.9459101490553132,0.1428571428571428,1.3862943611198906,0.0,0.0,0.0,0.0,0.0,0.0,0.0,0.0,0.0,0.0,0.5714285714285714,2.5649493574615367,0.0,0.0,0.0,0.0,3.091042453358316
group:farc_bloc,FARC family,2021-12,2022-01,12,60,16,Colombia::Antioquia department; Colombia::Arauca department; Colombia::Bogotá district; Colombia::Bolívar department; Colombia::Caquetá department; Colombia::Cauca department; Colombia::Guainía department; Colombia::Guaviare department; Colombia::Meta department; Colombia::Nariño department; Colombia::Norte de Santander department; Colombia::Putumayo department; Colombia::Valle del Cauca department; Colombia::Vichada department; Venezuela::Apure state; Venezuela::Táchira state,1.0,5.138473827851125,9.221749137302426,0.9716960579339032,0.0110527045226348,0.028329229148039,0.0393819336706739,0.0189843877035881,-0.004748426828163,0.0264070691832051,0.3778269636484588,0.404234032831664,-0.0057191238847385,0.2072868044213282,0.2015676805365897,2.2155533918579944,2.129345851829778,0.9827137686096424,0.9866869622919812,171007.0,171007.0,687427.4687457331,,743,743; 7974; 8468; 8469; 8478,group:farc_bloc,2021-12,2021-12-01,2021,12,23.0,Colombia; Peru; Venezuela,ged_rolling_24m,3,1.3862943611198906,False,True,12.0,70.0,2.5649493574615367,4.2626798770413155,52.0,52.0,52.0,1.0,45.0,49.0,34.0,48.0,22.0,0.0,33.0,3.0,0.0,0.0,2.0,1.0,0.0,13.0,0.0,0.0,0.8653846153846154,3.828641396489095,0.9423076923076924,3.912023005428146,0.6538461538461539,3.5553480614894135,0.9230769230769232,3.8918202981106265,0.4230769230769231,3.1354942159291497,0.0,0.0,0.6346153846153846,3.5263605246161616,0.0576923076923076,1.3862943611198906,0.0,0.0,0.0,0.0,0.0384615384615384,1.0986122886681098,0.0192307692307692,0.6931471805599453,0.0,0.0,0.25,2.6390573296152584,0.0,0.0,0.0,0.0,3.970291913552122
group:farc_bloc,FARC family,2022-01,2022-02,12,76,15,Colombia::Antioquia department; Colombia::Arauca department; Colombia::Bogotá district; Colombia::Bolívar department; Colombia::Caquetá department; Colombia::Cauca department; Colombia::Guainía department; Colombia::Guaviare department; Colombia::Meta department; Colombia::Nariño department; Colombia::Norte de Santander department; Colombia::Putumayo department; Colombia::Valle del Cauca department; Venezuela::Apure state; Venezuela::Táchira state,0.0,9.006618581842353,3.2643660458525745,0.837194095209841,-0.0035151586381546,0.0431866348908185,0.0396714762526639,-0.0011616004613793,0.0382786895877773,-0.0016687025107702,0.4373891339752898,0.4357204314645195,0.0471307690725208,0.2078384157139889,0.2549691847865097,2.344914960272454,2.4730829505818273,0.984389913665542,0.8481383321357325,126175.0,126175.0,586229.6921227972,,743,743; 7974; 8468; 8469; 8478,group:farc_bloc,2022-01,2022-01-01,2022,1,24.0,Colombia; Peru; Venezuela,ged_rolling_24m,3,1.3862943611198906,False,True,70.0,72.0,4.2626798770413155,4.290459441148391,69.0,69.0,69.0,1.0,62.0,68.0,52.0,66.0,35.0,0.0,48.0,6.0,0.0,0.0,1.0,1.0,0.0,13.0,0.0,0.0,0.8985507246376812,4.143134726391533,0.9855072463768116,4.23410650459726,0.7536231884057971,3.970291913552122,0.9565217391304348,4.204692619390966,0.5072463768115942,3.58351893845611,0.0,0.0,0.6956521739130435,3.8918202981106265,0.0869565217391304,1.9459101490553132,0.0,0.0,0.0,0.0,0.0144927536231884,0.6931471805599453,0.0144927536231884,0.6931471805599453,0.0,0.0,0.1884057971014492,2.6390573296152584,0.0,0.0,0.0,0.0,4.248495242049359
group:farc_bloc,FARC family,2022-02,2022-03,12,80,16,Colombia::Antioquia department; Colombia::Arauca department; Colombia::Bogotá district; Colombia::Bolívar department; Colombia::Caquetá department; Colombia::Cauca department; Colombia::Guainía department; Colombia::Guaviare department; Colombia::Meta department; Colombia::Nariño department; Colombia::Norte de Santander department; Colombia::Putumayo department; Colombia::Valle del Cauca department; Venezuela::Apure state; Venezuela::Aragua state; Venezuela::Táchira state,1.0,3.548402895027837,3.464497015201776,0.7518244438436191,6.084169387058497e-05,0.0458312738986227,0.0458921155924933,0.0306731628014995,0.0060644028951165,0.0460412516678538,0.4781242579858272,0.524165509653681,0.0076814849375428,0.2628146252894846,0.2704961102270274,2.6726103218030404,2.6090167487281617,0.849943593747314,0.8662969960704578,114866.0,114866.0,593190.1227497845,,743,743; 7974; 8468; 8469; 8478,group:farc_bloc,2022-02,2022-02-01,2022,2,25.0,Colombia; Peru; Venezuela,ged_rolling_24m,3,1.3862943611198906,False,True,72.0,42.0,4.290459441148391,3.7612001156935624,48.0,48.0,48.0,1.0,43.0,46.0,39.0,45.0,20.0,0.0,23.0,0.0,1.0,0.0,2.0,0.0,1.0,21.0,0.0,0.0,0.8958333333333334,3.784189633918261,0.9583333333333334,3.8501476017100584,0.8125,3.688879454113936,0.9375,3.828641396489095,0.4166666666666667,3.044522437723423,0.0,0.0,0.4791666666666667,3.1780538303479458,0.0,0.0,0.0208333333333333,0.6931471805599453,0.0,0.0,0.0416666666666666,1.0986122886681098,0.0,0.0,0.0208333333333333,0.6931471805599453,0.4375,3.091042453358316,0.0,0.0,0.0,0.0,3.8918202981106265
group:farc_bloc,FARC family,2022-03,2022-04,12,81,15,Colombia::Antioquia department; Colombia::Arauca department; Colombia::Bogotá district; Colombia::Bolívar department; Colombia::Caquetá department; Colombia::Cauca department; Colombia::Guainía department; Colombia::Meta department; Colombia::Nariño department; Colombia::Norte de Santander department; Colombia::Putumayo department; Colombia::Valle del Cauca department; Venezuela::Apure state; Venezuela::Aragua state; Venezuela::Táchira state,0.0,3.3123371784773936,2.705378410168732,0.7635748357669406,-0.0003529833003548,0.0424835318719262,0.0421305485715713,0.0326425113307369,0.0616356720559101,0.0495394089237304,0.4929997823525184,0.5425391912762488,0.0802026185513829,0.2615476350213967,0.3417502535727796,2.459178363340984,2.541123197434332,0.8662969960704578,0.8805024866336849,116316.0,116316.0,593190.1227497617,,743,743; 7974; 8468; 8469; 8478,group:farc_bloc,2022-03,2022-03-01,2022,3,26.0,Colombia; Venezuela,ged_rolling_24m,2,1.0986122886681098,False,True,42.0,38.0,3.7612001156935624,3.6635616461296463,32.0,32.0,32.0,1.0,27.0,30.0,24.0,29.0,8.0,0.0,17.0,1.0,0.0,0.0,2.0,0.0,0.0,12.0,0.0,0.0,0.84375,3.332204510175204,0.9375,3.4339872044851463,0.75,3.218875824868201,0.90625,3.4011973816621555,0.25,2.1972245773362196,0.0,0.0,0.53125,2.8903717578961645,0.03125,0.6931471805599453,0.0,0.0,0.0,0.0,0.0625,1.0986122886681098,0.0,0.0,0.0,0.0,0.375,2.5649493574615367,0.0,0.0,0.0,0.0,3.49650756146648
group:farc_bloc,FARC family,2022-04,2022-05,12,78,15,Colombia::Antioquia department; Colombia::Arauca department; Colombia::Bogotá district; Colombia::Bolívar department; Colombia::Caquetá department; Colombia::Cauca department; Colombia::Guainía department; Colombia::Meta department; Colombia::Nariño department; Colombia::Norte de Santander department; Colombia::Putumayo department; Colombia::Valle del Cauca department; Venezuela::Apure state; Venezuela::Aragua state; Venezuela::Táchira state,1.0,2.637751768441954,2.786033836599713,0.8396539261314188,-0.0005509851823938,0.0384566832278988,0.0379056980455049,-0.0141938260296463,-0.049450321757807,-0.0213571566114519,0.5153831678267853,0.4940260112153333,-0.0644552664897244,0.3359279575112582,0.2714726910215337,2.4090713252557023,2.41309816589143,0.8805024866336849,0.9479329693737186,127795.0,127795.0,593190.1227497617,,743,743; 7974; 8468; 8469; 8478,group:farc_bloc,2022-04,2022-04-01,2022,4,27.0,Colombia; Venezuela,ged_rolling_24m,2,1.0986122886681098,False,True,38.0,29.0,3.6635616461296463,3.4011973816621555,26.0,26.0,26.0,1.0,16.0,23.0,20.0,22.0,7.0,0.0,9.0,4.0,0.0,0.0,3.0,0.0,0.0,10.0,0.0,0.0,0.6153846153846154,2.833213344056216,0.8846153846153846,3.1780538303479458,0.7692307692307693,3.044522437723423,0.8461538461538461,3.1354942159291497,0.2692307692307692,2.0794415416798357,0.0,0.0,0.3461538461538461,2.302585092994046,0.1538461538461538,1.6094379124341005,0.0,0.0,0.0,0.0,0.1153846153846153,1.3862943611198906,0.0,0.0,0.0,0.0,0.3846153846153846,2.3978952727983707,0.0,0.0,0.0,0.0,3.295836866004329
group:farc_bloc,FARC family,2022-05,2022-06,12,83,15,Colombia::Antioquia department; Colombia::Arauca department; Colombia::Bogotá district; Colombia::Bolívar department; Colombia::Caquetá department; Colombia::Cauca department; Colombia::Guainía department; Colombia::Meta department; Colombia::Nariño department; Colombia::Norte de Santander department; Colombia::Putumayo department; Colombia::Valle del Cauca department; Venezuela::Apure state; Venezuela::Aragua state; Venezuela::Táchira state,0.0,2.775715840804443,1.8410584384073816,0.7449314493977637,-0.0038659845292038,0.0418729676935412,0.0380069831643373,-0.0129373904750655,0.0109682749733953,-0.0195372742494085,0.5199299631140927,0.5003926888646841,0.0140159301971895,0.2708657884473841,0.2848817186445737,2.551680856316966,2.133378998967072,0.9479329693737186,0.7833170637084533,113319.0,113319.0,593190.1227497617,,743,743; 7974; 8468; 8469; 8478,group:farc_bloc,2022-05,2022-05-01,2022,5,28.0,Colombia; Venezuela,ged_rolling_24m,2,1.0986122886681098,False,True,29.0,17.0,3.4011973816621555,2.8903717578961645,31.0,31.0,31.0,1.0,24.0,31.0,25.0,28.0,14.0,0.0,18.0,2.0,0.0,0.0,0.0,0.0,1.0,10.0,0.0,0.0,0.7741935483870968,3.218875824868201,1.0,3.4657359027997265,0.8064516129032258,3.258096538021482,0.9032258064516128,3.367295829986474,0.4516129032258064,2.70805020110221,0.0,0.0,0.5806451612903226,2.9444389791664403,0.064516129032258,1.0986122886681098,0.0,0.0,0.0,0.0,0.0,0.0,0.0,0.0,0.032258064516129,0.6931471805599453,0.3225806451612903,2.3978952727983707,0.0,0.0,0.0,0.0,3.4657359027997265
group:farc_bloc,FARC family,2022-06,2022-07,12,90,15,Colombia::Antioquia department; Colombia::Arauca department; Colombia::Bogotá district; Colombia::Bolívar department; Colombia::Caquetá department; Colombia::Cauca department; Colombia::Guainía department; Colombia::Meta department; Colombia::Nariño department; Colombia::Norte de Santander department; Colombia::Putumayo department; Colombia::Valle del Cauca department; Venezuela::Apure state; Venezuela::Aragua state; Venezuela::Táchira state,1.0,2.093662519596012,1.103295938864454,0.2627223362150798,-0.0126331626659396,0.0626168243034645,0.0499836616375249,-0.0962513562794704,-0.130312692019266,-0.1534669746584706,0.6724038544589975,0.5189368798005269,-0.1570357609796138,0.2852915229204916,0.1282557619408778,3.1452729417353664,3.481983288536665,0.7833170637084534,0.3054906237952998,40042.0,40042.0,593190.1227497617,,743,743; 7974; 8468; 8469; 8478,group:farc_bloc,2022-06,2022-06-01,2022,6,29.0,Colombia; Venezuela,ged_rolling_24m,2,1.0986122886681098,False,True,17.0,32.0,2.8903717578961645,3.49650756146648,28.0,28.0,28.0,1.0,19.0,27.0,18.0,22.0,14.0,0.0,13.0,2.0,0.0,0.0,1.0,0.0,0.0,12.0,0.0,0.0,0.6785714285714286,2.995732273553991,0.9642857142857144,3.332204510175204,0.6428571428571429,2.9444389791664403,0.7857142857142857,3.1354942159291497,0.5,2.70805020110221,0.0,0.0,0.4642857142857143,2.6390573296152584,0.0714285714285714,1.0986122886681098,0.0,0.0,0.0,0.0,0.0357142857142857,0.6931471805599453,0.0,0.0,0.0,0.0,0.4285714285714285,2.5649493574615367,0.0,0.0,0.0,0.0,3.367295829986474
group:farc_bloc,FARC family,2022-07,2022-08,12,94,15,Colombia::Antioquia department; Colombia::Arauca department; Colombia::Bogotá district; Colombia::Caquetá department; Colombia::Cauca department; Colombia::Guainía department; Colombia::Guaviare department; Colombia::Meta department; Colombia::Nariño department; Colombia::Norte de Santander department; Colombia::Putumayo department; Colombia::Valle del Cauca department; Venezuela::Apure state; Venezuela::Aragua state; Venezuela::Táchira state,0.0,1.0964833641446454,8.150654518807222,0.3057206306650715,0.0114415277603766,0.0405193245968014,0.0519608523571781,0.1142105038177415,0.131401089685415,0.173448683903689,0.4336015160856056,0.6070501999892947,0.1569105431463577,0.1173966800369686,0.2743072231833264,3.0443888232294003,2.783674620734906,0.3102423676485129,0.9406600384084896,44378.0,44378.0,567049.8122182934,,743,743; 7974; 8468; 8469; 8478,group:farc_bloc,2022-07,2022-07-01,2022,7,30.0,Colombia; Venezuela,ged_rolling_24m,2,1.0986122886681098,False,True,32.0,23.0,3.49650756146648,3.1780538303479458,44.0,44.0,44.0,1.0,37.0,44.0,30.0,39.0,13.0,0.0,23.0,1.0,0.0,0.0,0.0,1.0,0.0,19.0,0.0,0.0,0.8409090909090909,3.6375861597263857,1.0,3.80666248977032,0.6818181818181818,3.4339872044851463,0.8863636363636364,3.688879454113936,0.2954545454545454,2.6390573296152584,0.0,0.0,0.5227272727272727,3.1780538303479458,0.0227272727272727,0.6931471805599453,0.0,0.0,0.0,0.0,0.0,0.0,0.0227272727272727,0.6931471805599453,0.0,0.0,0.4318181818181818,2.995732273553991,0.0,0.0,0.0,0.0,3.80666248977032
group:farc_bloc,FARC family,2022-08,2022-09,12,95,15,Colombia::Antioquia department; Colombia::Arauca department; Colombia::Bogotá district; Colombia::Caquetá department; Colombia::Cauca department; Colombia::Guainía department; Colombia::Guaviare department; Colombia::Meta department; Colombia::Nariño department; Colombia::Norte de Santander department; Colombia::Putumayo department; Colombia::Valle del Cauca department; Venezuela::Apure state; Venezuela::Aragua state; Venezuela::Táchira state,1.0,6.91899404362352,3.5271696322314883,0.844072753750802,0.0040131082136058,0.0328887807336592,0.0369018889472651,0.0245541464263263,0.0346985564842041,0.0366059557440353,0.47259775444422,0.5092037101882554,0.0458215142218532,0.2977814030041558,0.343602917226009,2.0766777779337984,2.213191552800887,0.9406600384084896,0.8791652862120268,122531.0,122531.0,567049.8122182934,,743,743; 7974; 8468; 8469; 8478,group:farc_bloc,2022-08,2022-08-01,2022,8,31.0,Colombia; Venezuela,ged_rolling_24m,2,1.0986122886681098,False,True,23.0,21.0,3.1780538303479458,3.091042453358316,33.0,33.0,33.0,1.0,25.0,31.0,21.0,26.0,18.0,0.0,5.0,6.0,0.0,0.0,2.0,0.0,1.0,19.0,0.0,0.0,0.7575757575757576,3.258096538021482,0.9393939393939394,3.4657359027997265,0.6363636363636364,3.091042453358316,0.7878787878787878,3.295836866004329,0.5454545454545454,2.9444389791664403,0.0,0.0,0.1515151515151515,1.791759469228055,0.1818181818181818,1.9459101490553132,0.0,0.0,0.0,0.0,0.0606060606060606,1.0986122886681098,0.0,0.0,0.0303030303030303,0.6931471805599453,0.5757575757575758,2.995732273553991,0.0,0.0,0.0,0.0,3.5263605246161616
group:farc_bloc,FARC family,2022-09,2022-10,12,95,14,Colombia::Antioquia department; Colombia::Arauca department; Colombia::Bogotá district; Colombia::Caquetá department; Colombia::Cauca department; Colombia::Guaviare department; Colombia::Huila department; Colombia::Meta department; Colombia::Nariño department; Colombia::Norte de Santander department; Colombia::Putumayo department; Venezuela::Apure state; Venezuela::Aragua state; Venezuela::Táchira state,0.0,3.5282841437782935,3.063257716058094,0.862348375155004,0.0002205302575978,0.0323665506579613,0.0325870809155591,0.0640137904630814,0.061014583060915,0.0975122428613488,0.4750645804225239,0.5725768232838727,0.0842647796788033,0.3393556975454289,0.4236204772242323,1.9599139490387023,1.889028601404106,0.8800090834447062,0.9795756041657544,124549.0,124549.0,565317.8601712557,,743,743; 7974; 8468; 8469; 8478,group:farc_bloc,2022-09,2022-09-01,2022,9,32.0,Colombia; Venezuela,ged_rolling_24m,2,1.0986122886681098,False,True,21.0,24.0,3.091042453358316,3.218875824868201,11.0,11.0,11.0,1.0,10.0,11.0,9.0,11.0,7.0,0.0,7.0,0.0,0.0,0.0,0.0,0.0,0.0,4.0,0.0,0.0,0.9090909090909092,2.3978952727983707,1.0,2.4849066497880004,0.8181818181818182,2.302585092994046,1.0,2.4849066497880004,0.6363636363636364,2.0794415416798357,0.0,0.0,0.6363636363636364,2.0794415416798357,0.0,0.0,0.0,0.0,0.0,0.0,0.0,0.0,0.0,0.0,0.0,0.0,0.3636363636363636,1.6094379124341005,0.0,0.0,0.0,0.0,2.4849066497880004
group:farc_bloc,FARC family,2022-10,2022-11,12,91,14,Colombia::Antioquia department; Colombia::Arauca department; Colombia::Bogotá district; Colombia::Caquetá department; Colombia::Cauca department; Colombia::Guaviare department; Colombia::Huila department; Colombia::Meta department; Colombia::Nariño department; Colombia::Putumayo department; Colombia::Valle del Cauca department; Venezuela::Apure state; Venezuela::Aragua state; Venezuela::Táchira state,1.0,3.0474503952164365,4.001270414625279,0.9684504537710352,0.0040335993238335,0.0386590184781525,0.042692617801986,-0.0064438624345945,-0.0120299429060949,-0.0103030527243079,0.6040510187566626,0.5937479660323546,-0.0170529583074328,0.4260863211294489,0.4090333628220161,2.0595301315646872,2.0111467011124184,0.9794713038572848,0.988462942673743,140034.0,140034.0,564537.9584424215,,743,743; 7974; 8468; 8469; 8478,group:farc_bloc,2022-10,2022-10-01,2022,10,33.0,Colombia; Venezuela,ged_rolling_24m,2,1.0986122886681098,False,True,24.0,8.0,3.218875824868201,2.1972245773362196,7.0,7.0,7.0,1.0,6.0,7.0,3.0,5.0,1.0,0.0,3.0,1.0,1.0,0.0,0.0,0.0,0.0,2.0,0.0,0.0,0.8571428571428571,1.9459101490553132,1.0,2.0794415416798357,0.4285714285714285,1.3862943611198906,0.7142857142857143,1.791759469228055,0.1428571428571428,0.6931471805599453,0.0,0.0,0.4285714285714285,1.3862943611198906,0.1428571428571428,0.6931471805599453,0.1428571428571428,0.6931471805599453,0.0,0.0,0.0,0.0,0.0,0.0,0.0,0.0,0.2857142857142857,1.0986122886681098,0.0,0.0,0.0,0.0,2.0794415416798357
group:farc_bloc,FARC family,2022-11,2022-12,12,89,15,Colombia::Amazonas department; Colombia::Antioquia department; Colombia::Arauca department; Colombia::Bogotá district; Colombia::Caquetá department; Colombia::Cauca department; Colombia::Guaviare department; Colombia::Huila department; Colombia::Meta department; Colombia::Nariño department; Colombia::Putumayo department; Colombia::Valle del Cauca department; Venezuela::Apure state; Venezuela::Aragua state; Venezuela::Táchira state,0.0,3.7438378015331497,8.02341084627366,0.95293830322736,-0.0031671037439031,0.037243387847312,0.0340762841034088,-0.0878194695012334,-0.1334995484601562,-0.1322941391356908,0.5735480235020595,0.4412538843663686,-0.1765933574931391,0.4130618493769136,0.2364684918837744,1.8683431778363764,2.1731434790227406,0.9773328016894034,0.9697743868242596,163905.0,163905.0,672560.8697255745,,743,743; 7974; 8468; 8469; 8478,group:farc_bloc,2022-11,2022-11-01,2022,11,34.0,Colombia; Venezuela,ged_rolling_24m,2,1.0986122886681098,False,True,8.0,24.0,2.1972245773362196,3.218875824868201,21.0,21.0,21.0,1.0,18.0,20.0,17.0,19.0,3.0,0.0,14.0,0.0,0.0,0.0,1.0,0.0,0.0,6.0,0.0,0.0,0.8571428571428571,2.9444389791664403,0.9523809523809524,3.044522437723423,0.8095238095238095,2.8903717578961645,0.9047619047619048,2.995732273553991,0.1428571428571428,1.3862943611198906,0.0,0.0,0.6666666666666666,2.70805020110221,0.0,0.0,0.0,0.0,0.0,0.0,0.0476190476190476,0.6931471805599453,0.0,0.0,0.0,0.0,0.2857142857142857,1.9459101490553132,0.0,0.0,0.0,0.0,3.091042453358316
group:farc_bloc,FARC family,2022-12,2023-01,12,91,15,Colombia::Amazonas department; Colombia::Antioquia department; Colombia::Arauca department; Colombia::Bogotá district; Colombia::Caquetá department; Colombia::Cauca department; Colombia::Guaviare department; Colombia::Huila department; Colombia::Meta department; Colombia::Nariño department; Colombia::Putumayo department; Colombia::Valle del Cauca department; Venezuela::Apure state; Venezuela::Aragua state; Venezuela::Táchira state,1.0,8.056714185071602,6.557123087878552,0.9478018666078526,-0.0009399452540591,0.0343857437277259,0.0334457984736668,-0.0272663441293422,-0.0376211208464329,-0.0388189993214842,0.4431942255365972,0.4043752262151129,-0.0456654996812324,0.2368020462686973,0.1911365465874649,2.180073310056919,2.26921291186155,0.9697743868242596,0.9728934151902509,162992.0,162992.0,672560.8697255745,,743,743; 7974; 8468; 8469; 8478,group:farc_bloc,2022-12,2022-12-01,2022,12,35.0,Colombia; Venezuela,ged_rolling_24m,2,1.0986122886681098,False,True,24.0,53.0,3.218875824868201,3.9889840465642745,38.0,38.0,38.0,1.0,29.0,33.0,26.0,31.0,20.0,0.0,26.0,0.0,1.0,0.0,4.0,0.0,1.0,6.0,0.0,0.0,0.7631578947368421,3.4011973816621555,0.868421052631579,3.5263605246161616,0.6842105263157895,3.295836866004329,0.8157894736842105,3.4657359027997265,0.5263157894736842,3.044522437723423,0.0,0.0,0.6842105263157895,3.295836866004329,0.0,0.0,0.0263157894736842,0.6931471805599453,0.0,0.0,0.1052631578947368,1.6094379124341005,0.0,0.0,0.0263157894736842,0.6931471805599453,0.1578947368421052,1.9459101490553132,0.0,0.0,0.0,0.0,3.6635616461296463
group:farc_bloc,FARC family,2023-01,2023-02,12,86,15,Colombia::Amazonas department; Colombia::Antioquia department; Colombia::Arauca department; Colombia::Bogotá district; Colombia::Caquetá department; Colombia::Cauca department; Colombia::Guaviare department; Colombia::Huila department; Colombia::Meta department; Colombia::Nariño department; Colombia::Putumayo department; Colombia::Valle del Cauca department; Venezuela::Apure state; Venezuela::Aragua state; Venezuela::Táchira state,0.0,6.659692209656566,5.371838365594207,0.9317647604909366,0.0117069866998324,0.0339860115355739,0.0456929982354064,0.1240604070456968,0.1584454384725929,0.1860664280934565,0.4086949907583978,0.5947614188518544,0.2045638981554617,0.191486335828604,0.3960502339840657,2.291225019153568,3.113080514433934,0.9728934151902509,0.941566786536156,160226.0,160226.0,672560.8697255745,,743,743; 7974; 8468; 8469; 8478,group:farc_bloc,2023-01,2023-01-01,2023,1,36.0,Colombia; Venezuela,ged_rolling_24m,2,1.0986122886681098,False,True,53.0,22.0,3.9889840465642745,3.1354942159291497,13.0,13.0,13.0,1.0,11.0,13.0,8.0,11.0,5.0,0.0,4.0,1.0,0.0,0.0,0.0,0.0,0.0,8.0,0.0,0.0,0.8461538461538461,2.4849066497880004,1.0,2.6390573296152584,0.6153846153846154,2.1972245773362196,0.8461538461538461,2.4849066497880004,0.3846153846153846,1.791759469228055,0.0,0.0,0.3076923076923077,1.6094379124341005,0.0769230769230769,0.6931471805599453,0.0,0.0,0.0,0.0,0.0,0.0,0.0,0.0,0.0,0.0,0.6153846153846154,2.1972245773362196,0.0,0.0,0.0,0.0,2.6390573296152584
group:farc_bloc,FARC family,2023-02,2023-03,12,86,14,Colombia::Amazonas department; Colombia::Antioquia department; Colombia::Arauca department; Colombia::Bogotá district; Colombia::Caquetá department; Colombia::Cauca department; Colombia::Guaviare department; Colombia::Huila department; Colombia::Meta department; Colombia::Nariño department; Colombia::Norte de Santander department; Colombia::Putumayo department; Colombia::Valle del Cauca department; Venezuela::Táchira state,1.0,4.377258195199731,3.892506780745238,0.8890447295007536,-0.0006327321972064,0.0413141702651981,0.0406814380679917,0.0699590979972808,0.0199913252772135,0.1140251217602488,0.5735348174448551,0.6875599392051039,0.0280700388378679,0.3901226989344354,0.4181927377723034,2.99544897965919,2.2467987786742167,0.9355938255774318,0.9509171272303736,139796.0,139796.0,615076.1391772425,,743,743; 7974; 8468; 8469; 8478,group:farc_bloc,2023-02,2023-02-01,2023,2,37.0,Colombia; Venezuela,ged_rolling_24m,2,1.0986122886681098,False,True,22.0,48.0,3.1354942159291497,3.8918202981106265,15.0,15.0,15.0,1.0,11.0,14.0,13.0,15.0,7.0,0.0,3.0,2.0,0.0,0.0,1.0,0.0,0.0,7.0,2.0,0.0,0.7333333333333333,2.4849066497880004,0.9333333333333332,2.70805020110221,0.8666666666666667,2.6390573296152584,1.0,2.772588722239781,0.4666666666666667,2.0794415416798357,0.0,0.0,0.2,1.3862943611198906,0.1333333333333333,1.0986122886681098,0.0,0.0,0.0,0.0,0.0666666666666666,0.6931471805599453,0.0,0.0,0.0,0.0,0.4666666666666667,2.0794415416798357,0.1333333333333333,1.0986122886681098,0.0,0.0,2.772588722239781
group:farc_bloc,FARC family,2023-03,2023-04,12,89,13,Colombia::Amazonas department; Colombia::Antioquia department; Colombia::Arauca department; Colombia::Caquetá department; Colombia::Cauca department; Colombia::Guaviare department; Colombia::Huila department; Colombia::Meta department; Colombia::Nariño department; Colombia::Norte de Santander department; Colombia::Putumayo department; Colombia::Valle del Cauca department; Venezuela::Táchira state,0.0,4.02985436655113,1.6411087291190507,0.713138700579501,-0.0046010767713861,0.0350222687523168,0.0304211919809306,-0.0285369219657814,0.0264995336085213,-0.0460950827886634,0.6384358776613294,0.5923407948726659,0.0381799281181141,0.4217717091536166,0.4599516372717307,1.638396877024043,2.342999647393771,0.9508961437079636,0.7431744973597382,108052.0,108052.0,590520.0417229987,,743,743; 7974; 8468; 8469; 8478,group:farc_bloc,2023-03,2023-03-01,2023,3,38.0,Colombia; Venezuela,ged_rolling_24m,2,1.0986122886681098,False,True,48.0,30.0,3.8918202981106265,3.4339872044851463,22.0,22.0,22.0,1.0,12.0,18.0,16.0,22.0,12.0,0.0,5.0,2.0,2.0,0.0,4.0,0.0,0.0,9.0,0.0,0.0,0.5454545454545454,2.5649493574615367,0.8181818181818182,2.9444389791664403,0.7272727272727273,2.833213344056216,1.0,3.1354942159291497,0.5454545454545454,2.5649493574615367,0.0,0.0,0.2272727272727272,1.791759469228055,0.0909090909090909,1.0986122886681098,0.0909090909090909,1.0986122886681098,0.0,0.0,0.1818181818181818,1.6094379124341005,0.0,0.0,0.0,0.0,0.4090909090909091,2.302585092994046,0.0,0.0,0.0,0.0,3.1354942159291497
group:farc_bloc,FARC family,2023-04,2023-05,12,91,15,Colombia::Amazonas department; Colombia::Antioquia department; Colombia::Arauca department; Colombia::Bolívar department; Colombia::Caquetá department; Colombia::Cauca department; Colombia::Guaviare department; Colombia::Huila department; Colombia::Meta department; Colombia::Nariño department; Colombia::Norte de Santander department; Colombia::Putumayo department; Colombia::Tolima department; Colombia::Valle del Cauca department; Venezuela::Táchira state,1.0,1.7412076911502374,1.7288432687881468,0.5205168291130398,-0.0045547748328467,0.0344945426222877,0.029939767789441,-0.1428923477447793,-0.1712905750398636,-0.2134362867232096,0.602944724979912,0.3895084382567024,-0.2278201267288602,0.44718180606369,0.2193616793348298,2.2035394076003665,2.0437721375148667,0.7511359206541246,0.6907183726142329,85452.0,85452.0,640173.0094832133,,743,743; 7974; 8468; 8469; 8478,group:farc_bloc,2023-04,2023-04-01,2023,4,39.0,Colombia; Venezuela,ged_rolling_24m,2,1.0986122886681098,False,True,30.0,49.0,3.4339872044851463,3.912023005428146,20.0,20.0,20.0,1.0,14.0,18.0,13.0,16.0,9.0,0.0,4.0,2.0,1.0,0.0,1.0,0.0,0.0,12.0,0.0,0.0,0.7,2.70805020110221,0.9,2.9444389791664403,0.65,2.6390573296152584,0.8,2.833213344056216,0.45,2.302585092994046,0.0,0.0,0.2,1.6094379124341005,0.1,1.0986122886681098,0.05,0.6931471805599453,0.0,0.0,0.05,0.6931471805599453,0.0,0.0,0.0,0.0,0.6,2.5649493574615367,0.0,0.0,0.0,0.0,3.044522437723423
group:farc_bloc,FARC family,2023-05,2023-06,12,109,15,Colombia::Amazonas department; Colombia::Antioquia department; Colombia::Arauca department; Colombia::Bolívar department; Colombia::Caquetá department; Colombia::Cauca department; Colombia::Guaviare department; Colombia::Huila department; Colombia::Meta department; Colombia::Nariño department; Colombia::Norte de Santander department; Colombia::Putumayo department; Colombia::Tolima department; Colombia::Valle del Cauca department; Venezuela::Táchira state,0.0,1.7170087071417452,2.8297434453164008,0.6504289289956623,0.0027710194660792,0.0273126547718293,0.0300836742379086,0.0506204883170803,0.042660681912958,0.0712619847335356,0.3724392073379707,0.4437011920715064,0.0530881781372622,0.2180733649011424,0.2711615430384047,1.9288279611300752,2.1720979582772193,0.6907183726142329,0.9196861112262388,106499.0,106499.0,640173.0094832133,,743,743; 7974; 8468; 8469; 8478,group:farc_bloc,2023-05,2023-05-01,2023,5,40.0,Colombia; Venezuela,ged_rolling_24m,2,1.0986122886681098,False,True,49.0,39.0,3.912023005428146,3.688879454113936,57.0,57.0,57.0,1.0,49.0,54.0,47.0,49.0,21.0,0.0,7.0,17.0,1.0,0.0,3.0,0.0,0.0,29.0,0.0,0.0,0.8596491228070176,3.912023005428146,0.9473684210526316,4.007333185232471,0.8245614035087719,3.871201010907891,0.8596491228070176,3.912023005428146,0.3684210526315789,3.091042453358316,0.0,0.0,0.1228070175438596,2.0794415416798357,0.2982456140350877,2.8903717578961645,0.0175438596491228,0.6931471805599453,0.0,0.0,0.0526315789473684,1.3862943611198906,0.0,0.0,0.0,0.0,0.5087719298245614,3.4011973816621555,0.0,0.0,0.0,0.0,4.060443010546419
group:farc_bloc,FARC family,2023-06,2023-07,12,120,14,Colombia::Amazonas department; Colombia::Antioquia department; Colombia::Arauca department; Colombia::Bolívar department; Colombia::Caquetá department; Colombia::Cauca department; Colombia::Guaviare department; Colombia::Huila department; Colombia::Meta department; Colombia::Nariño department; Colombia::Norte de Santander department; Colombia::Putumayo department; Colombia::Tolima department; Colombia::Valle del Cauca department,1.0,2.77651619617489,2.8852728623773185,0.8216502610024814,-0.005294384600482,0.0327939474662538,0.0274995628657718,-0.0413833800912588,-0.0250348271911048,-0.0598196204321773,0.4756147582987055,0.4157951378665281,-0.0315900335083434,0.2777044020886229,0.2461143685802794,2.2756063377753497,2.336328814289699,0.9258527422650296,0.866617631901258,132602.0,132602.0,629333.8379582603,,743,743; 7974; 8468; 8469; 8478,group:farc_bloc,2023-06,2023-06-01,2023,6,41.0,Colombia; Venezuela,ged_rolling_24m,2,1.0986122886681098,False,True,39.0,38.0,3.688879454113936,3.6635616461296463,17.0,17.0,17.0,1.0,12.0,16.0,11.0,13.0,8.0,0.0,1.0,2.0,0.0,0.0,1.0,0.0,0.0,13.0,0.0,0.0,0.7058823529411765,2.5649493574615367,0.9411764705882352,2.833213344056216,0.6470588235294118,2.4849066497880004,0.7647058823529411,2.6390573296152584,0.4705882352941176,2.1972245773362196,0.0,0.0,0.0588235294117647,0.6931471805599453,0.1176470588235294,1.0986122886681098,0.0,0.0,0.0,0.0,0.0588235294117647,0.6931471805599453,0.0,0.0,0.0,0.0,0.7647058823529411,2.6390573296152584,0.0,0.0,0.0,0.0,2.8903717578961645
group:farc_bloc,FARC family,2023-07,2023-08,12,122,13,Colombia::Amazonas department; Colombia::Antioquia department; Colombia::Arauca department; Colombia::Bolívar department; Colombia::Caquetá department; Colombia::Cauca department; Colombia::Huila department; Colombia::Meta department; Colombia::Nariño department; Colombia::Norte de Santander department; Colombia::Putumayo department; Colombia::Tolima department; Colombia::Valle del Cauca department,0.0,2.9076694439055792,3.9310721118149785,0.7882965200381251,0.002728383322619,0.0285890280475578,0.0313174113701768,0.030210090255722,0.052016044898978,0.0432655915508596,0.410633101527324,0.4538986930781836,0.0664990337033157,0.24547182487733,0.3119708585806457,2.296488697640861,2.3963821451380345,0.8645070055826956,0.9127550972548572,116094.0,116094.0,573493.0024749602,,743,743; 7974; 8468; 8469; 8478,group:farc_bloc,2023-07,2023-07-01,2023,7,42.0,Colombia; Venezuela,ged_rolling_24m,2,1.0986122886681098,False,True,38.0,55.0,3.6635616461296463,4.02535169073515,62.0,62.0,62.0,1.0,50.0,61.0,47.0,58.0,27.0,0.0,34.0,3.0,1.0,0.0,1.0,1.0,1.0,21.0,0.0,0.0,0.8064516129032258,3.9318256327243257,0.9838709677419356,4.127134385045092,0.7580645161290323,3.871201010907891,0.935483870967742,4.07753744390572,0.4354838709677419,3.332204510175204,0.0,0.0,0.5483870967741935,3.5553480614894135,0.0483870967741935,1.3862943611198906,0.0161290322580645,0.6931471805599453,0.0,0.0,0.0161290322580645,0.6931471805599453,0.0161290322580645,0.6931471805599453,0.0161290322580645,0.6931471805599453,0.3387096774193548,3.091042453358316,0.0,0.0,0.0,0.0,4.143134726391533
group:farc_bloc,FARC family,2023-08,2023-09,12,129,13,Colombia::Amazonas department; Colombia::Antioquia department; Colombia::Arauca department; Colombia::Bolívar department; Colombia::Caquetá department; Colombia::Cauca department; Colombia::Huila department; Colombia::Meta department; Colombia::Nariño department; Colombia::Norte de Santander department; Colombia::Putumayo department; Colombia::Tolima department; Colombia::Valle del Cauca department,1.0,3.8624053579216424,2.9893000323637824,0.8814997184765139,0.0073937398151708,0.0307781603974923,0.0381719002126631,0.065460238368974,0.0478462736196324,0.0981631374202037,0.4510380479352331,0.5492011853554368,0.0645001823463339,0.3160782494773689,0.3805784318237029,2.2926372360110223,2.0709372098850394,0.9127550972548572,0.9522051164193964,129486.0,129486.0,573493.0024749602,,743,743; 7974; 8468; 8469; 8478,group:farc_bloc,2023-08,2023-08-01,2023,8,43.0,Colombia; Venezuela,ged_rolling_24m,2,1.0986122886681098,False,True,55.0,89.0,4.02535169073515,4.499809670330265,63.0,63.0,63.0,1.0,53.0,61.0,51.0,60.0,42.0,0.0,32.0,5.0,1.0,0.0,2.0,2.0,1.0,20.0,0.0,0.0,0.8412698412698413,3.9889840465642745,0.9682539682539684,4.127134385045092,0.8095238095238095,3.951243718581427,0.9523809523809524,4.110873864173311,0.6666666666666666,3.7612001156935624,0.0,0.0,0.5079365079365079,3.49650756146648,0.0793650793650793,1.791759469228055,0.0158730158730158,0.6931471805599453,0.0,0.0,0.0317460317460317,1.0986122886681098,0.0317460317460317,1.0986122886681098,0.0158730158730158,0.6931471805599453,0.3174603174603174,3.044522437723423,0.0,0.0,0.0,0.0,4.1588830833596715
group:farc_bloc,FARC family,2023-09,2023-10,12,141,13,Colombia::Amazonas department; Colombia::Antioquia department; Colombia::Arauca department; Colombia::Bolívar department; Colombia::Caquetá department; Colombia::Cauca department; Colombia::Huila department; Colombia::Meta department; Colombia::Nariño department; Colombia::Norte de Santander department; Colombia::Putumayo department; Colombia::Tolima department; Colombia::Valle del Cauca department,0.0,3.0155120853587154,3.1169823976951583,0.9180153652268208,-0.0075283903064289,0.0402616766597267,0.0327332863532978,-0.0536228093725759,-0.0632198465702829,-0.081839588176625,0.5674939956790915,0.4856544075024665,-0.0847018746795225,0.3825959459602601,0.2978940712807376,2.179508154671968,2.1149681497865704,0.9522051164193966,0.9505732400637258,134893.0,134893.0,573493.0024749318,,743,743; 7974; 8468; 8469; 8478,group:farc_bloc,2023-09,2023-09-01,2023,9,44.0,Colombia; Venezuela,ged_rolling_24m,2,1.0986122886681098,False,True,89.0,59.0,4.499809670330265,4.0943445622221,59.0,59.0,59.0,1.0,55.0,58.0,34.0,56.0,27.0,0.0,39.0,2.0,0.0,0.0,1.0,0.0,0.0,15.0,2.0,0.0,0.9322033898305084,4.02535169073515,0.9830508474576272,4.07753744390572,0.576271186440678,3.5553480614894135,0.9491525423728814,4.04305126783455,0.4576271186440678,3.332204510175204,0.0,0.0,0.6610169491525424,3.688879454113936,0.0338983050847457,1.0986122886681098,0.0,0.0,0.0,0.0,0.0169491525423728,0.6931471805599453,0.0,0.0,0.0,0.0,0.2542372881355932,2.772588722239781,0.0338983050847457,1.0986122886681098,0.0,0.0,4.0943445622221
group:farc_bloc,FARC family,2023-10,2023-11,12,147,13,Colombia::Amazonas department; Colombia::Antioquia department; Colombia::Arauca department; Colombia::Bolívar department; Colombia::Caquetá department; Colombia::Cauca department; Colombia::Huila department; Colombia::Meta department; Colombia::Nariño department; Colombia::Norte de Santander department; Colombia::Putumayo department; Colombia::Tolima department; Colombia::Valle del Cauca department,1.0,3.1352482373037027,2.945027202335717,0.905959430076918,-0.0003631192011618,0.0308906262933338,0.0305275070921719,0.0104801600996965,0.0353942879480825,0.0155459529342615,0.4756103950952031,0.4911563480294647,0.0467723404354585,0.2982175659976956,0.3449899064331542,2.08932211210444,1.981187967197684,0.9505732400637258,0.9399111515804908,133154.0,133154.0,573493.0024749318,,743,743; 7974; 8468; 8469; 8478,group:farc_bloc,2023-10,2023-10-01,2023,10,45.0,Colombia; Venezuela,ged_rolling_24m,2,1.0986122886681098,False,True,59.0,46.0,4.0943445622221,3.8501476017100584,38.0,38.0,38.0,1.0,30.0,36.0,25.0,35.0,19.0,0.0,18.0,1.0,1.0,0.0,2.0,0.0,0.0,16.0,0.0,0.0,0.7894736842105263,3.4339872044851463,0.9473684210526316,3.610917912644224,0.6578947368421053,3.258096538021482,0.9210526315789472,3.58351893845611,0.5,2.995732273553991,0.0,0.0,0.4736842105263157,2.9444389791664403,0.0263157894736842,0.6931471805599453,0.0263157894736842,0.6931471805599453,0.0,0.0,0.0526315789473684,1.0986122886681098,0.0,0.0,0.0,0.0,0.4210526315789473,2.833213344056216,0.0,0.0,0.0,0.0,3.6635616461296463
group:farc_bloc,FARC family,2023-11,2023-12,12,159,12,Colombia::Antioquia department; Colombia::Arauca department; Colombia::Bolívar department; Colombia::Caquetá department; Colombia::Cauca department; Colombia::Huila department; Colombia::Meta department; Colombia::Nariño department; Colombia::Norte de Santander department; Colombia::Putumayo department; Colombia::Tolima department; Colombia::Valle del Cauca department,0.0,2.986817884795951,4.096030468465313,0.9053664020068554,-0.0014816108435722,0.0380613592093566,0.0365797483657843,-0.0682623204588979,-0.1042353516314109,-0.1016227940953679,0.5400993629617334,0.4384765688663655,-0.1342301879240111,0.3560415297997612,0.22181134187575,2.2251722420632523,2.272764794702849,0.9298492984597369,0.9653563510731238,108184.0,108184.0,465470.0911917784,,743,743; 7974; 8468; 8469; 8478,group:farc_bloc,2023-11,2023-11-01,2023,11,46.0,Colombia; Venezuela,ged_rolling_24m,2,1.0986122886681098,False,True,46.0,31.0,3.8501476017100584,3.4657359027997265,0.0,0.0,0.0,0.0,0.0,0.0,0.0,0.0,0.0,0.0,0.0,0.0,0.0,0.0,0.0,0.0,0.0,0.0,0.0,0.0,0.0,0.0,0.0,0.0,0.0,0.0,0.0,0.0,0.0,0.0,0.0,0.0,0.0,0.0,0.0,0.0,0.0,0.0,0.0,0.0,0.0,0.0,0.0,0.0,0.0,0.0,0.0,0.0,0.0,0.0,0.0,0.0,0.0
group:farc_bloc,FARC family,2023-12,2024-01,12,164,12,Colombia::Antioquia department; Colombia::Arauca department; Colombia::Bolívar department; Colombia::Caquetá department; Colombia::Cauca department; Colombia::Huila department; Colombia::Meta department; Colombia::Nariño department; Colombia::Norte de Santander department; Colombia::Putumayo department; Colombia::Tolima department; Colombia::Valle del Cauca department,1.0,4.025808748030885,7.468992490030605,0.952189352498618,0.0026487413267556,0.0384094826625405,0.0410582239892961,-0.0090610249961388,-0.0205489783854612,-0.0130675403278059,0.4487138479558275,0.4356463076280216,-0.0248558072757182,0.2220589343777237,0.1972031271020055,2.2800237135867674,2.2811254141082684,0.965356351073124,0.9821349421812716,113966.0,113966.0,465470.0911917784,,743,743; 7974; 8468; 8469; 8478,group:farc_bloc,2023-12,2023-12-01,2023,12,47.0,Colombia; Venezuela,ged_rolling_24m,2,1.0986122886681098,False,True,31.0,122.0,3.4657359027997265,4.812184355372417,37.0,37.0,37.0,1.0,31.0,34.0,27.0,34.0,13.0,0.0,12.0,5.0,0.0,0.0,2.0,0.0,0.0,18.0,0.0,0.0,0.8378378378378378,3.4657359027997265,0.918918918918919,3.5553480614894135,0.7297297297297297,3.332204510175204,0.918918918918919,3.5553480614894135,0.3513513513513513,2.6390573296152584,0.0,0.0,0.3243243243243243,2.5649493574615367,0.1351351351351351,1.791759469228055,0.0,0.0,0.0,0.0,0.054054054054054,1.0986122886681098,0.0,0.0,0.0,0.0,0.4864864864864865,2.9444389791664403,0.0,0.0,0.0,0.0,3.6375861597263857
group:farc_bloc,FARC family,2024-01,2024-02,12,158,12,Colombia::Antioquia department; Colombia::Arauca department; Colombia::Bolívar department; Colombia::Caquetá department; Colombia::Cauca department; Colombia::Huila department; Colombia::Meta department; Colombia::Nariño department; Colombia::Norte de Santander department; Colombia::Putumayo department; Colombia::Tolima department; Colombia::Valle del Cauca department,0.0,7.519817220106906,3.918994707737157,0.9424611918362832,-0.0020333504103599,0.0415947408126767,0.0395613904023168,0.0324175118957712,0.0637664102808825,0.0474050481243423,0.4387539310077027,0.4861589791320451,0.0788359910101229,0.1973256463751177,0.2761616373852407,2.2959733526312833,2.349112696459686,0.9821349421812716,0.9544188744767744,112772.0,112772.0,465470.09119180613,,743,743; 7974; 8468; 8469; 8478,group:farc_bloc,2024-01,2024-01-01,2024,1,48.0,Colombia; Venezuela,ged_rolling_24m,2,1.0986122886681098,False,True,122.0,46.0,4.812184355372417,3.8501476017100584,37.0,37.0,37.0,1.0,25.0,34.0,22.0,30.0,9.0,0.0,9.0,7.0,1.0,0.0,3.0,0.0,0.0,17.0,0.0,0.0,0.6756756756756757,3.258096538021482,0.918918918918919,3.5553480614894135,0.5945945945945946,3.1354942159291497,0.8108108108108109,3.4339872044851463,0.2432432432432432,2.302585092994046,0.0,0.0,0.2432432432432432,2.302585092994046,0.1891891891891892,2.0794415416798357,0.027027027027027,0.6931471805599453,0.0,0.0,0.081081081081081,1.3862943611198906,0.0,0.0,0.0,0.0,0.4594594594594595,2.8903717578961645,0.0,0.0,0.0,0.0,3.6375861597263857
group:farc_bloc,FARC family,2024-02,2024-03,12,163,12,Colombia::Antioquia department; Colombia::Arauca department; Colombia::Bolívar department; Colombia::Caquetá department; Colombia::Cauca department; Colombia::Huila department; Colombia::Meta department; Colombia::Nariño department; Colombia::Norte de Santander department; Colombia::Putumayo department; Colombia::Tolima department; Colombia::Valle del Cauca department,1.0,4.079677896188146,3.7157071003990767,0.8685243967878125,0.0087865054569971,0.0420163953519127,0.0508029008089099,0.0516390352600102,0.0850559158426184,0.079710122652113,0.5040900242974071,0.5838001469495202,0.1136989377595065,0.2807115308409754,0.3944104686004819,2.4276280396293397,2.3435674370214623,0.9544188744767744,0.8985395719245266,103990.0,103990.0,465470.09119180613,,743,743; 7974; 8468; 8469; 8478,group:farc_bloc,2024-02,2024-02-01,2024,2,49.0,Colombia; Venezuela,ged_rolling_24m,2,1.0986122886681098,False,True,46.0,61.0,3.8501476017100584,4.127134385045092,22.0,22.0,22.0,1.0,16.0,21.0,12.0,20.0,9.0,0.0,13.0,2.0,1.0,0.0,1.0,0.0,0.0,5.0,0.0,0.0,0.7272727272727273,2.833213344056216,0.9545454545454546,3.091042453358316,0.5454545454545454,2.5649493574615367,0.9090909090909092,3.044522437723423,0.4090909090909091,2.302585092994046,0.0,0.0,0.5909090909090909,2.6390573296152584,0.0909090909090909,1.0986122886681098,0.0454545454545454,0.6931471805599453,0.0,0.0,0.0454545454545454,0.6931471805599453,0.0,0.0,0.0,0.0,0.2272727272727272,1.791759469228055,0.0,0.0,0.0,0.0,3.1354942159291497
group:farc_bloc,FARC family,2024-03,2024-04,12,172,12,Colombia::Antioquia department; Colombia::Arauca department; Colombia::Bolívar department; Colombia::Caquetá department; Colombia::Cauca department; Colombia::Huila department; Colombia::Meta department; Colombia::Nariño department; Colombia::Norte de Santander department; Colombia::Putumayo department; Colombia::Tolima department; Colombia::Valle del Cauca department,0.0,3.738356596761575,3.3426242552501924,0.8506692461645221,0.0056622600678291,0.0514874269709433,0.0571496870387725,0.0635625492059981,0.0580777209743088,0.1041099471386253,0.5864097850543794,0.6905197321930047,0.0834169234221958,0.3949933916317862,0.478410315053982,2.359858304857558,2.7962434073131615,0.8985395719245267,0.9392751049507831,101769.0,101769.0,465470.0911917784,,743,743; 7974; 8468; 8469; 8478,group:farc_bloc,2024-03,2024-03-01,2024,3,50.0,Colombia; Venezuela,ged_rolling_24m,2,1.0986122886681098,False,True,61.0,55.0,4.127134385045092,4.02535169073515,56.0,56.0,56.0,1.0,48.0,55.0,34.0,50.0,31.0,0.0,28.0,8.0,2.0,0.0,1.0,1.0,1.0,14.0,0.0,1.0,0.8571428571428571,3.8918202981106265,0.9821428571428572,4.02535169073515,0.6071428571428571,3.5553480614894135,0.8928571428571429,3.9318256327243257,0.5535714285714286,3.4657359027997265,0.0,0.0,0.5,3.367295829986474,0.1428571428571428,2.1972245773362196,0.0357142857142857,1.0986122886681098,0.0,0.0,0.0178571428571428,0.6931471805599453,0.0178571428571428,0.6931471805599453,0.0178571428571428,0.6931471805599453,0.25,2.70805020110221,0.0,0.0,0.0178571428571428,0.6931471805599453,4.04305126783455
group:farc_bloc,FARC family,2024-04,2024-05,12,179,14,Colombia::Antioquia department; Colombia::Arauca department; Colombia::Bolívar department; Colombia::Caquetá department; Colombia::Casanare department; Colombia::Cauca department; Colombia::Guaviare department; Colombia::Huila department; Colombia::Meta department; Colombia::Nariño department; Colombia::Norte de Santander department; Colombia::Putumayo department; Colombia::Tolima department; Colombia::Valle del Cauca department,1.0,3.3879682682444847,1.8390700359606056,0.6587905342632319,-0.0185176751117626,0.0504271887268122,0.0319095136150495,-0.1542522729551613,-0.1518041507193219,-0.2386711913521533,0.669680622700109,0.4310094313479556,-0.2069484988151352,0.4693510321185392,0.2624025333034039,3.156779805963611,2.8453675692419766,0.934637962344104,0.6865442622218925,87794.0,87794.0,521310.92667510704,,743,743; 7974; 8468; 8469; 8478,group:farc_bloc,2024-04,2024-04-01,2024,4,51.0,Colombia; Venezuela,ged_rolling_24m,2,1.0986122886681098,False,True,55.0,66.0,4.02535169073515,4.204692619390966,56.0,56.0,56.0,1.0,48.0,55.0,34.0,50.0,36.0,0.0,33.0,0.0,1.0,0.0,1.0,2.0,2.0,16.0,1.0,0.0,0.8571428571428571,3.8918202981106265,0.9821428571428572,4.02535169073515,0.6071428571428571,3.5553480614894135,0.8928571428571429,3.9318256327243257,0.6428571428571429,3.610917912644224,0.0,0.0,0.5892857142857143,3.5263605246161616,0.0,0.0,0.0178571428571428,0.6931471805599453,0.0,0.0,0.0178571428571428,0.6931471805599453,0.0357142857142857,1.0986122886681098,0.0357142857142857,1.0986122886681098,0.2857142857142857,2.833213344056216,0.0178571428571428,0.6931471805599453,0.0,0.0,4.04305126783455
group:farc_bloc,FARC family,2024-05,2024-06,12,167,14,Colombia::Antioquia department; Colombia::Arauca department; Colombia::Bolívar department; Colombia::Caquetá department; Colombia::Casanare department; Colombia::Cauca department; Colombia::Guaviare department; Colombia::Huila department; Colombia::Meta department; Colombia::Nariño department; Colombia::Norte de Santander department; Colombia::Putumayo department; Colombia::Tolima department; Colombia::Valle del Cauca department,0.0,1.8647313704322637,1.6530732599601423,0.5781153093008717,-0.0001720227879087,0.0315168147381992,0.0313447919502904,0.0162485764312986,0.0007142509504992,0.0235386209608459,0.4369199909856444,0.4604586119464903,0.0009031768019158,0.2640575308115598,0.2649607076134757,2.9875418224683776,2.2876026429545835,0.6778128133319508,0.8293480809547619,73564.0,73564.0,497395.21004898247,,743,743; 7974; 8468; 8469; 8478,group:farc_bloc,2024-05,2024-05-01,2024,5,52.0,Colombia; Venezuela,ged_rolling_24m,2,1.0986122886681098,False,True,66.0,35.0,4.204692619390966,3.58351893845611,79.0,79.0,79.0,1.0,77.0,77.0,58.0,76.0,46.0,0.0,62.0,4.0,0.0,0.0,2.0,1.0,0.0,9.0,1.0,0.0,0.9746835443037974,4.356708826689592,0.9746835443037974,4.356708826689592,0.7341772151898734,4.07753744390572,0.9620253164556962,4.343805421853684,0.5822784810126582,3.8501476017100584,0.0,0.0,0.7848101265822784,4.143134726391533,0.050632911392405,1.6094379124341005,0.0,0.0,0.0,0.0,0.0253164556962025,1.0986122886681098,0.0126582278481012,0.6931471805599453,0.0,0.0,0.1139240506329113,2.302585092994046,0.0126582278481012,0.6931471805599453,0.0,0.0,4.382026634673881
group:farc_bloc,FARC family,2024-06,2024-07,12,167,14,Colombia::Antioquia department; Colombia::Arauca department; Colombia::Bolívar department; Colombia::Caquetá department; Colombia::Casanare department; Colombia::Cauca department; Colombia::Guaviare department; Colombia::Huila department; Colombia::Meta department; Colombia::Nariño department; Colombia::Norte de Santander department; Colombia::Putumayo department; Colombia::Tolima department; Colombia::Valle del Cauca department,1.0,1.7350304819318816,1.8472184149165864,0.7023310200176242,0.0081675872109984,0.0287855739706932,0.0369531611816916,0.0417863184201117,0.050967678089044,0.0616271323947371,0.4442170588263572,0.5058441912210944,0.0661883708906649,0.2658211448844706,0.3320095157751356,2.121900733905752,3.191696634034205,0.8369355769805333,0.8053843260357412,83622.0,83622.0,465339.5587645939,,743,743; 7974; 8468; 8469; 8478,group:farc_bloc,2024-06,2024-06-01,2024,6,53.0,Colombia; Venezuela,ged_rolling_24m,2,1.0986122886681098,False,True,35.0,34.0,3.58351893845611,3.5553480614894135,51.0,51.0,51.0,1.0,44.0,49.0,22.0,48.0,37.0,0.0,26.0,8.0,1.0,0.0,2.0,1.0,0.0,13.0,0.0,0.0,0.8627450980392157,3.80666248977032,0.9607843137254902,3.912023005428146,0.4313725490196078,3.1354942159291497,0.9411764705882352,3.8918202981106265,0.7254901960784313,3.6375861597263857,0.0,0.0,0.5098039215686274,3.295836866004329,0.1568627450980392,2.1972245773362196,0.0196078431372549,0.6931471805599453,0.0,0.0,0.0392156862745098,1.0986122886681098,0.0196078431372549,0.6931471805599453,0.0,0.0,0.2549019607843137,2.6390573296152584,0.0,0.0,0.0,0.0,3.951243718581427
group:farc_bloc,FARC family,2024-07,2024-08,12,168,14,Colombia::Antioquia department; Colombia::Arauca department; Colombia::Bolívar department; Colombia::Caquetá department; Colombia::Casanare department; Colombia::Cauca department; Colombia::Guaviare department; Colombia::Huila department; Colombia::Meta department; Colombia::Nariño department; Colombia::Norte de Santander department; Colombia::Putumayo department; Colombia::Tolima department; Colombia::Valle del Cauca department,0.0,1.8350313313512725,4.176471402426771,0.7741072214593809,0.0052125125119088,0.0378478922437035,0.0430604047556123,0.0495269097227835,0.0154814626881896,0.0757985955972417,0.4928662869351234,0.5686648825323652,0.0208027060694921,0.3333425798694897,0.3541452859389819,2.9624626798112725,2.0589806562417423,0.805384326035741,0.954336827943798,92310.0,92310.0,465339.5587646185,,743,743; 7974; 8468; 8469; 8478,group:farc_bloc,2024-07,2024-07-01,2024,7,54.0,Colombia,ged_rolling_24m,1,0.6931471805599453,False,True,34.0,68.0,3.5553480614894135,4.23410650459726,44.0,44.0,44.0,1.0,39.0,42.0,15.0,40.0,31.0,0.0,22.0,6.0,0.0,0.0,1.0,2.0,0.0,13.0,0.0,0.0,0.8863636363636364,3.688879454113936,0.9545454545454546,3.7612001156935624,0.3409090909090909,2.772588722239781,0.9090909090909092,3.713572066704308,0.7045454545454546,3.4657359027997265,0.0,0.0,0.5,3.1354942159291497,0.1363636363636363,1.9459101490553132,0.0,0.0,0.0,0.0,0.0227272727272727,0.6931471805599453,0.0454545454545454,1.0986122886681098,0.0,0.0,0.2954545454545454,2.6390573296152584,0.0,0.0,0.0,0.0,3.80666248977032
group:farc_bloc,FARC family,2024-08,2024-09,12,174,15,Colombia::Antioquia department; Colombia::Arauca department; Colombia::Bolívar department; Colombia::Caquetá department; Colombia::Casanare department; Colombia::Cauca department; Colombia::Guaviare department; Colombia::Huila department; Colombia::Meta department; Colombia::Nariño department; Colombia::Norte de Santander department; Colombia::Putumayo department; Colombia::Tolima department; Colombia::Valle del Cauca department; Colombia::Vaupés department,1.0,4.249478214253461,3.4937066518100437,0.9164736818336794,-0.0008949218902549,0.0368022492177324,0.0359073273274775,0.0003445168577981,-0.0150563742539577,0.0005290827257518,0.5354592382116878,0.5359883209374396,-0.0206418999321329,0.3813210016885659,0.360679101756433,1.8781030385194744,1.8098714382341028,0.9590425072160498,0.9491655821767128,121865.0,121865.0,519032.2944425579,,743,743; 7974; 8468; 8469; 8478,group:farc_bloc,2024-08,2024-08-01,2024,8,55.0,Colombia,ged_rolling_24m,1,0.6931471805599453,False,True,68.0,53.0,4.23410650459726,3.9889840465642745,27.0,27.0,27.0,1.0,26.0,26.0,10.0,24.0,16.0,0.0,19.0,2.0,0.0,0.0,1.0,1.0,0.0,4.0,0.0,0.0,0.9629629629629628,3.295836866004329,0.9629629629629628,3.295836866004329,0.3703703703703703,2.3978952727983707,0.8888888888888888,3.218875824868201,0.5925925925925926,2.833213344056216,0.0,0.0,0.7037037037037037,2.995732273553991,0.074074074074074,1.0986122886681098,0.0,0.0,0.0,0.0,0.037037037037037,0.6931471805599453,0.037037037037037,0.6931471805599453,0.0,0.0,0.1481481481481481,1.6094379124341005,0.0,0.0,0.0,0.0,3.332204510175204
group:farc_bloc,FARC family,2024-09,2024-10,12,161,15,Colombia::Antioquia department; Colombia::Arauca department; Colombia::Bolívar department; Colombia::Caquetá department; Colombia::Casanare department; Colombia::Cauca department; Colombia::Guaviare department; Colombia::Huila department; Colombia::Meta department; Colombia::Nariño department; Colombia::Norte de Santander department; Colombia::Putumayo department; Colombia::Tolima department; Colombia::Valle del Cauca department; Colombia::Vaupés department,0.0,3.4983074720713185,2.6454055207771088,0.8692042903112509,0.0005207698256985,0.0358189472040952,0.0363397170297938,0.0157431738861902,0.0503913594118877,0.0246712281643737,0.5548031280286777,0.5794743561930514,0.070383533583858,0.3618419202034205,0.4322254537872785,2.0564120421896286,2.412368683594683,0.9491655821767128,0.9080516107255436,115599.0,115599.0,519032.2944425579,,743,743; 7974; 8468; 8469; 8478,group:farc_bloc,2024-09,2024-09-01,2024,9,56.0,Colombia,ged_rolling_24m,1,0.6931471805599453,False,True,53.0,82.0,3.9889840465642745,4.418840607796598,17.0,17.0,17.0,1.0,15.0,17.0,10.0,16.0,9.0,0.0,9.0,1.0,0.0,0.0,0.0,0.0,0.0,7.0,0.0,0.0,0.8823529411764706,2.772588722239781,1.0,2.8903717578961645,0.5882352941176471,2.3978952727983707,0.9411764705882352,2.833213344056216,0.5294117647058824,2.302585092994046,0.0,0.0,0.5294117647058824,2.302585092994046,0.0588235294117647,0.6931471805599453,0.0,0.0,0.0,0.0,0.0,0.0,0.0,0.0,0.0,0.0,0.4117647058823529,2.0794415416798357,0.0,0.0,0.0,0.0,2.8903717578961645
group:farc_bloc,FARC family,2024-10,2024-11,12,163,15,Colombia::Antioquia department; Colombia::Arauca department; Colombia::Bolívar department; Colombia::Caquetá department; Colombia::Casanare department; Colombia::Cauca department; Colombia::Guaviare department; Colombia::Huila department; Colombia::Meta department; Colombia::Nariño department; Colombia::Norte de Santander department; Colombia::Putumayo department; Colombia::Tolima department; Colombia::Valle del Cauca department; Colombia::Vaupés department,1.0,2.678773067016676,2.5823769222622976,0.8633927376846644,-0.0064551270185248,0.0361563529849576,0.0297012259664328,-0.0450317107299899,-0.044475332103155,-0.0695506210129576,0.5795172868267581,0.5099666658138005,-0.0622977752598917,0.4321062500886106,0.3698084748287189,2.42168122069366,2.3971448286024333,0.9080516107255436,0.9361419416363498,114813.0,114813.0,519032.2944425579,,743,743; 7974; 8468; 8469; 8478,group:farc_bloc,2024-10,2024-10-01,2024,10,57.0,Colombia,ged_rolling_24m,1,0.6931471805599453,False,True,82.0,103.0,4.418840607796598,4.6443908991413725,44.0,44.0,44.0,1.0,41.0,43.0,18.0,42.0,30.0,0.0,30.0,3.0,1.0,0.0,1.0,2.0,0.0,7.0,0.0,0.0,0.9318181818181818,3.737669618283368,0.9772727272727272,3.784189633918261,0.4090909090909091,2.9444389791664403,0.9545454545454546,3.7612001156935624,0.6818181818181818,3.4339872044851463,0.0,0.0,0.6818181818181818,3.4339872044851463,0.0681818181818181,1.3862943611198906,0.0227272727272727,0.6931471805599453,0.0,0.0,0.0227272727272727,0.6931471805599453,0.0454545454545454,1.0986122886681098,0.0,0.0,0.1590909090909091,2.0794415416798357,0.0,0.0,0.0,0.0,3.80666248977032
group:farc_bloc,FARC family,2024-11,2024-12,12,172,14,Colombia::Arauca department; Colombia::Bolívar department; Colombia::Caquetá department; Colombia::Casanare department; Colombia::Cauca department; Colombia::Guaviare department; Colombia::Huila department; Colombia::Meta department; Colombia::Nariño department; Colombia::Norte de Santander department; Colombia::Putumayo department; Colombia::Tolima department; Colombia::Valle del Cauca department; Colombia::Vaupés department,0.0,2.6251988831423274,5.0934592494743915,0.9325378374622731,0.0022769014620555,0.028254968621202,0.0305318700832576,-0.0308702422441058,-0.0611682801069023,-0.0451792275784824,0.4862261813909162,0.4410469538124337,-0.0809376301720921,0.3640774653562618,0.2831398351841696,2.247738298992597,1.8296191226560028,0.9532732524230066,0.9681559749906874,108774.0,108774.0,455608.8060711244,,743,743; 7974; 8468; 8469; 8478,group:farc_bloc,2024-11,2024-11-01,2024,11,58.0,Colombia,ged_rolling_24m,1,0.6931471805599453,False,True,103.0,71.0,4.6443908991413725,4.276666119016055,12.0,12.0,12.0,1.0,9.0,11.0,10.0,12.0,3.0,0.0,4.0,1.0,0.0,0.0,1.0,0.0,0.0,6.0,0.0,0.0,0.75,2.302585092994046,0.9166666666666666,2.4849066497880004,0.8333333333333334,2.3978952727983707,1.0,2.5649493574615367,0.25,1.3862943611198906,0.0,0.0,0.3333333333333333,1.6094379124341005,0.0833333333333333,0.6931471805599453,0.0,0.0,0.0,0.0,0.0833333333333333,0.6931471805599453,0.0,0.0,0.0,0.0,0.5,1.9459101490553132,0.0,0.0,0.0,0.0,2.5649493574615367
group:farc_bloc,FARC family,2024-12,2025-01,12,176,14,Colombia::Arauca department; Colombia::Bolívar department; Colombia::Caquetá department; Colombia::Casanare department; Colombia::Cauca department; Colombia::Guaviare department; Colombia::Huila department; Colombia::Meta department; Colombia::Nariño department; Colombia::Norte de Santander department; Colombia::Putumayo department; Colombia::Tolima department; Colombia::Valle del Cauca department; Colombia::Vaupés department,1.0,5.1822292693517005,3.1791193245346916,0.9053817706336692,-0.0035185321536915,0.0321631181097356,0.0286445859560441,-0.041831813025138,-0.0485469324424757,-0.0593338776467065,0.4482650216817347,0.3889311440350281,-0.060817955894235,0.2834212082719697,0.2226032523777346,1.860344845093416,1.9708720814421232,0.9681559749906876,0.9294059721572442,105607.0,105607.0,455608.8060711244,,743,743; 7974; 8468; 8469; 8478,group:farc_bloc,2024-12,2024-12-01,2024,12,59.0,Colombia,ged_rolling_24m,1,0.6931471805599453,False,True,71.0,221.0,4.276666119016055,5.402677381872279,22.0,22.0,22.0,1.0,16.0,21.0,17.0,21.0,11.0,0.0,11.0,2.0,0.0,0.0,1.0,0.0,0.0,8.0,0.0,0.0,0.7272727272727273,2.833213344056216,0.9545454545454546,3.091042453358316,0.7727272727272727,2.8903717578961645,0.9545454545454546,3.091042453358316,0.5,2.4849066497880004,0.0,0.0,0.5,2.4849066497880004,0.0909090909090909,1.0986122886681098,0.0,0.0,0.0,0.0,0.0454545454545454,0.6931471805599453,0.0,0.0,0.0,0.0,0.3636363636363636,2.1972245773362196,0.0,0.0,0.0,0.0,3.1354942159291497
group:farc_bloc,FARC family,2025-01,2025-02,12,191,13,Colombia::Arauca department; Colombia::Caquetá department; Colombia::Casanare department; Colombia::Cauca department; Colombia::Guaviare department; Colombia::Huila department; Colombia::Meta department; Colombia::Nariño department; Colombia::Norte de Santander department; Colombia::Putumayo department; Colombia::Tolima department; Colombia::Valle del Cauca department; Colombia::Vaupés department,0.0,3.365346355057703,1.5531553713891522,0.4295471349646229,0.0003501361032084,0.0324528209638241,0.0328029570670325,0.0325211239809414,0.0489292357261485,0.0466631445353253,0.4116513379187943,0.4583144824541196,0.0614908060502599,0.2262346503743483,0.2877254564246082,1.9319178434692457,2.2637987915878504,0.9250569942927134,0.4452880494671132,47216.0,47216.0,429468.4955396425,,743,743; 7974; 8468; 8469; 8478,group:farc_bloc,2025-01,2025-01-01,2025,1,60.0,Colombia,ged_rolling_24m,1,0.6931471805599453,False,True,221.0,33.0,5.402677381872279,3.5263605246161616,120.0,120.0,120.0,1.0,114.0,118.0,95.0,115.0,30.0,0.0,77.0,4.0,0.0,0.0,2.0,1.0,1.0,35.0,0.0,0.0,0.95,4.74493212836325,0.9833333333333332,4.77912349311153,0.7916666666666666,4.564348191467836,0.9583333333333334,4.7535901911063645,0.25,3.4339872044851463,0.0,0.0,0.6416666666666667,4.356708826689592,0.0333333333333333,1.6094379124341005,0.0,0.0,0.0,0.0,0.0166666666666666,1.0986122886681098,0.0083333333333333,0.6931471805599453,0.0083333333333333,0.6931471805599453,0.2916666666666667,3.58351893845611,0.0,0.0,0.0,0.0,4.795790545596741
group:farc_bloc,FARC family,2025-02,2025-03,12,185,13,Colombia::Arauca department; Colombia::Caquetá department; Colombia::Casanare department; Colombia::Cauca department; Colombia::Guaviare department; Colombia::Huila department; Colombia::Meta department; Colombia::Nariño department; Colombia::Norte de Santander department; Colombia::Putumayo department; Colombia::Tolima department; Colombia::Valle del Cauca department; Colombia::Vaupés department,1.0,1.6653651229554085,2.9007424381872267,0.3273855535106889,0.0135899610697754,0.037064077045309,0.0506540381150844,0.0680619224455065,0.030024773355133,0.1049285182425132,0.4897934008252471,0.5947219190677603,0.0393157144327786,0.2898830167094751,0.3291987311422538,2.503329137006044,2.2631946295842953,0.4330399187574713,0.6730413132002432,37984.0,37984.0,453384.2121657671,,743,743; 7974; 8468; 8469; 8478,group:farc_bloc,2025-02,2025-02-01,2025,2,61.0,Colombia,ged_rolling_24m,1,0.6931471805599453,False,True,33.0,92.0,3.5263605246161616,4.532599493153256,63.0,63.0,63.0,1.0,54.0,61.0,40.0,60.0,34.0,0.0,37.0,6.0,2.0,0.0,2.0,3.0,0.0,13.0,0.0,0.0,0.8571428571428571,4.007333185232471,0.9682539682539684,4.127134385045092,0.6349206349206349,3.713572066704308,0.9523809523809524,4.110873864173311,0.5396825396825397,3.5553480614894135,0.0,0.0,0.5873015873015873,3.6375861597263857,0.0952380952380952,1.9459101490553132,0.0317460317460317,1.0986122886681098,0.0,0.0,0.0317460317460317,1.0986122886681098,0.0476190476190476,1.3862943611198906,0.0,0.0,0.2063492063492063,2.6390573296152584,0.0,0.0,0.0,0.0,4.1588830833596715
group:farc_bloc,FARC family,2025-03,2025-04,12,188,14,Colombia::Arauca department; Colombia::Caquetá department; Colombia::Casanare department; Colombia::Cauca department; Colombia::Guaviare department; Colombia::Huila department; Colombia::Meta department; Colombia::Nariño department; Colombia::Norte de Santander department; Colombia::Putumayo department; Colombia::Tolima department; Colombia::Valle del Cauca department; Colombia::Vaupés department; Colombia::Vichada department,0.0,2.375346774369895,1.3161215985147252,0.3344805959067136,-0.0131256722606521,0.0483927912749088,0.0352671190142566,-0.0035966603366197,0.026588031651706,-0.0057958663664481,0.61435747395855,0.6085616075921019,0.0370393140960533,0.374644626496831,0.4116839405928844,2.7424419080778164,2.7926297310924943,0.7039108807130596,0.4548280109810055,49926.0,49926.0,586637.6400730923,,743,743; 7974; 8468; 8469; 8478,group:farc_bloc,2025-03,2025-03-01,2025,3,62.0,Colombia,ged_rolling_24m,1,0.6931471805599453,False,True,92.0,85.0,4.532599493153256,4.454347296253507,55.0,55.0,55.0,1.0,48.0,51.0,37.0,49.0,30.0,0.0,34.0,8.0,1.0,0.0,4.0,0.0,0.0,7.0,1.0,0.0,0.8727272727272727,3.8918202981106265,0.9272727272727272,3.951243718581427,0.6727272727272727,3.6375861597263857,0.8909090909090909,3.912023005428146,0.5454545454545454,3.4339872044851463,0.0,0.0,0.6181818181818182,3.5553480614894135,0.1454545454545454,2.1972245773362196,0.0181818181818181,0.6931471805599453,0.0,0.0,0.0727272727272727,1.6094379124341005,0.0,0.0,0.0,0.0,0.1272727272727272,2.0794415416798357,0.0181818181818181,0.6931471805599453,0.0,0.0,4.02535169073515
group:farc_bloc,FARC family,2025-04,2025-05,12,192,14,Colombia::Arauca department; Colombia::Caquetá department; Colombia::Casanare department; Colombia::Cauca department; Colombia::Guaviare department; Colombia::Huila department; Colombia::Meta department; Colombia::Nariño department; Colombia::Norte de Santander department; Colombia::Putumayo department; Colombia::Tolima department; Colombia::Valle del Cauca department; Colombia::Vaupés department; Colombia::Vichada department,1.0,1.2612888327682832,1.5561943022209928,0.2867504616009362,0.0036175880440047,0.0383324396319103,0.041950027675915,-0.0613659047720823,-0.0987421895860978,-0.0967099383171874,0.6248050476666897,0.5280951093495022,-0.1334661540042505,0.4194940236561845,0.286027869651934,2.860917785998676,2.3091364719010685,0.4551174791771487,0.6602396394023181,46098.0,46098.0,631454.8556781505,,743,743; 7974; 8468; 8469; 8478,group:farc_bloc,2025-04,2025-04-01,2025,4,63.0,Colombia,ged_rolling_24m,1,0.6931471805599453,False,True,85.0,76.0,4.454347296253507,4.343805421853684,62.0,62.0,62.0,1.0,54.0,57.0,41.0,58.0,30.0,0.0,40.0,3.0,2.0,0.0,5.0,0.0,0.0,12.0,0.0,0.0,0.8709677419354839,4.007333185232471,0.9193548387096774,4.060443010546419,0.6612903225806451,3.737669618283368,0.935483870967742,4.07753744390572,0.4838709677419355,3.4339872044851463,0.0,0.0,0.6451612903225806,3.713572066704308,0.0483870967741935,1.3862943611198906,0.032258064516129,1.0986122886681098,0.0,0.0,0.0806451612903225,1.791759469228055,0.0,0.0,0.0,0.0,0.1935483870967742,2.5649493574615367,0.0,0.0,0.0,0.0,4.143134726391533
group:farc_bloc,FARC family,2025-05,2025-06,12,198,15,Colombia::Antioquia department; Colombia::Arauca department; Colombia::Caquetá department; Colombia::Casanare department; Colombia::Cauca department; Colombia::Guaviare department; Colombia::Huila department; Colombia::Meta department; Colombia::Nariño department; Colombia::Norte de Santander department; Colombia::Putumayo department; Colombia::Tolima department; Colombia::Valle del Cauca department; Colombia::Vaupés department; Colombia::Vichada department,0.0,1.6089887499143587,2.13525268315663,0.5157266112583797,-0.0004676345903572,0.0322109360818318,0.0317433014914745,-0.0171140303250751,-0.0149322200647714,-0.0248288442282118,0.4632386735448024,0.4384098293165905,-0.0190349377267483,0.2842971955059726,0.2652622577792243,1.9041690617793572,1.8178120676311136,0.6644410296921689,0.7737219656028359,91477.0,91477.0,694878.3440495713,,743,743; 7974; 8468; 8469; 8478,group:farc_bloc,2025-05,2025-05-01,2025,5,64.0,Colombia,ged_rolling_24m,1,0.6931471805599453,False,True,76.0,88.0,4.343805421853684,4.48863636973214,54.0,54.0,54.0,1.0,47.0,53.0,39.0,50.0,39.0,0.0,40.0,0.0,0.0,0.0,1.0,3.0,0.0,10.0,0.0,0.0,0.8703703703703703,3.871201010907891,0.9814814814814816,3.9889840465642745,0.7222222222222222,3.688879454113936,0.925925925925926,3.9318256327243257,0.7222222222222222,3.688879454113936,0.0,0.0,0.7407407407407407,3.713572066704308,0.0,0.0,0.0,0.0,0.0,0.0,0.0185185185185185,0.6931471805599453,0.0555555555555555,1.3862943611198906,0.0,0.0,0.1851851851851851,2.3978952727983707,0.0,0.0,0.0,0.0,4.007333185232471
group:farc_bloc,FARC family,2025-06,2025-07,12,189,15,Colombia::Antioquia department; Colombia::Arauca department; Colombia::Caquetá department; Colombia::Casanare department; Colombia::Cauca department; Colombia::Guaviare department; Colombia::Huila department; Colombia::Meta department; Colombia::Nariño department; Colombia::Norte de Santander department; Colombia::Putumayo department; Colombia::Tolima department; Colombia::Valle del Cauca department; Colombia::Vaupés department; Colombia::Vichada department,1.0,2.0591991914123193,2.4478307219627395,0.6741869387774785,-0.0020436159807101,0.0239040170236862,0.021860401042976,-0.0174951935797562,-0.0136543160516598,-0.023846518675979,0.3749905962577106,0.3511440775817315,-0.0171299749049964,0.2631310149681931,0.2460010400631967,1.1485185090202608,1.1793815642566594,0.7737219656028362,0.8472744624946191,119340.0,119340.0,694878.3440495713,,743,743; 7974; 8468; 8469; 8478,group:farc_bloc,2025-06,2025-06-01,2025,6,65.0,Colombia,ged_rolling_24m,1,0.6931471805599453,False,True,88.0,57.0,4.48863636973214,4.060443010546419,23.0,23.0,23.0,1.0,16.0,21.0,16.0,19.0,12.0,0.0,7.0,4.0,1.0,0.0,1.0,0.0,0.0,10.0,0.0,0.0,0.6956521739130435,2.833213344056216,0.9130434782608696,3.091042453358316,0.6956521739130435,2.833213344056216,0.8260869565217391,2.995732273553991,0.5217391304347826,2.5649493574615367,0.0,0.0,0.3043478260869565,2.0794415416798357,0.1739130434782608,1.6094379124341005,0.0434782608695652,0.6931471805599453,0.0,0.0,0.0434782608695652,0.6931471805599453,0.0,0.0,0.0,0.0,0.4347826086956521,2.3978952727983707,0.0,0.0,0.0,0.0,3.1780538303479458
group:farc_bloc,FARC family,2025-07,2025-08,12,194,15,Colombia::Antioquia department; Colombia::Arauca department; Colombia::Caquetá department; Colombia::Casanare department; Colombia::Cauca department; Colombia::Guaviare department; Colombia::Huila department; Colombia::Meta department; Colombia::Nariño department; Colombia::Norte de Santander department; Colombia::Putumayo department; Colombia::Tolima department; Colombia::Valle del Cauca department; Colombia::Vaupés department; Colombia::Vichada department,0.0,2.382223477506703,3.844466429741539,0.8285332062038382,0.0003700165728718,0.0211435944811891,0.021513611054061,0.0127068391520378,0.0027151402137866,0.017341129531365,0.3560561507912084,0.3733972803225735,0.0034289445039846,0.2611840672357438,0.2646130117397284,1.421027191846794,1.3180208632933883,0.8472744624946191,0.9609158323268008,146626.0,146626.0,694878.3440495713,,743,743; 7974; 8468; 8469; 8478,group:farc_bloc,2025-07,2025-07-01,2025,7,66.0,Colombia,ged_rolling_24m,1,0.6931471805599453,False,True,57.0,89.0,4.060443010546419,4.499809670330265,49.0,49.0,49.0,1.0,36.0,48.0,30.0,48.0,26.0,0.0,12.0,7.0,1.0,0.0,1.0,1.0,0.0,27.0,0.0,0.0,0.7346938775510204,3.610917912644224,0.979591836734694,3.8918202981106265,0.6122448979591837,3.4339872044851463,0.979591836734694,3.8918202981106265,0.5306122448979592,3.295836866004329,0.0,0.0,0.2448979591836734,2.5649493574615367,0.1428571428571428,2.0794415416798357,0.0204081632653061,0.6931471805599453,0.0,0.0,0.0204081632653061,0.6931471805599453,0.0204081632653061,0.6931471805599453,0.0,0.0,0.5510204081632653,3.332204510175204,0.0,0.0,0.0,0.0,3.912023005428146
group:farc_bloc,FARC family,2025-08,2025-09,12,191,14,Colombia::Antioquia department; Colombia::Arauca department; Colombia::Caquetá department; Colombia::Casanare department; Colombia::Cauca department; Colombia::Guaviare department; Colombia::Huila department; Colombia::Meta department; Colombia::Nariño department; Colombia::Norte de Santander department; Colombia::Putumayo department; Colombia::Tolima department; Colombia::Valle del Cauca department; Colombia::Vichada department,1.0,3.641404909713442,2.814152502346354,0.9020498049200872,0.00147725982031,0.0275159624424957,0.0289932222628057,0.0221452224211664,0.0235664114119524,0.0320339740281184,0.4305832122944384,0.4626171863225569,0.0301744102496731,0.2653710802102248,0.295545490459898,1.9564762246194547,1.8706777087594595,0.957653747203049,0.9258028744814888,147144.0,147144.0,641185.6083716358,,743,743; 7974; 8468; 8469; 8478,group:farc_bloc,2025-08,2025-08-01,2025,8,67.0,Colombia,ged_rolling_24m,1,0.6931471805599453,False,True,89.0,87.0,4.499809670330265,4.477336814478207,82.0,82.0,82.0,1.0,73.0,81.0,61.0,74.0,54.0,0.0,50.0,5.0,1.0,0.0,1.0,2.0,1.0,21.0,1.0,0.0,0.8902439024390244,4.30406509320417,0.9878048780487804,4.406719247264253,0.7439024390243902,4.127134385045092,0.902439024390244,4.31748811353631,0.6585365853658537,4.007333185232471,0.0,0.0,0.6097560975609756,3.9318256327243257,0.0609756097560975,1.791759469228055,0.0121951219512195,0.6931471805599453,0.0,0.0,0.0121951219512195,0.6931471805599453,0.024390243902439,1.0986122886681098,0.0121951219512195,0.6931471805599453,0.2560975609756097,3.091042453358316,0.0121951219512195,0.6931471805599453,0.0,0.0,4.418840607796598
group:farc_bloc,FARC family,2025-09,2025-10,12,194,13,Colombia::Antioquia department; Colombia::Arauca department; Colombia::Caquetá department; Colombia::Cauca department; Colombia::Guaviare department; Colombia::Huila department; Colombia::Meta department; Colombia::Nariño department; Colombia::Norte de Santander department; Colombia::Putumayo department; Colombia::Tolima department; Colombia::Valle del Cauca department; Colombia::Vichada department,0.0,2.7843597484239777,2.3490135328334305,0.8205913460572484,0.0027528074838874,0.0296838051273521,0.0324366126112396,0.056999883234157,0.0606576034442072,0.0859340402195756,0.4650589727285651,0.5509930129481407,0.0809762785723319,0.2948944138497736,0.3758706924221056,1.914531191083989,1.7877591200901832,0.9202373624750227,0.86535820850187,124747.0,124747.0,596368.39276658,,743,743; 7974; 8468; 8469; 8478,group:farc_bloc,2025-09,2025-09-01,2025,9,68.0,Colombia,ged_rolling_24m,1,0.6931471805599453,False,True,87.0,29.0,4.477336814478207,3.4011973816621555,47.0,47.0,47.0,1.0,42.0,45.0,35.0,42.0,28.0,0.0,24.0,2.0,1.0,0.0,2.0,1.0,0.0,17.0,0.0,0.0,0.8936170212765957,3.7612001156935624,0.9574468085106383,3.828641396489095,0.7446808510638298,3.58351893845611,0.8936170212765957,3.7612001156935624,0.5957446808510638,3.367295829986474,0.0,0.0,0.5106382978723404,3.218875824868201,0.0425531914893617,1.0986122886681098,0.0212765957446808,0.6931471805599453,0.0,0.0,0.0425531914893617,1.0986122886681098,0.0212765957446808,0.6931471805599453,0.0,0.0,0.3617021276595745,2.8903717578961645,0.0,0.0,0.0,0.0,3.871201010907891
group:farc_bloc,FARC family,2025-10,2025-11,12,184,13,Colombia::Antioquia department; Colombia::Arauca department; Colombia::Caquetá department; Colombia::Cauca department; Colombia::Guaviare department; Colombia::Huila department; Colombia::Meta department; Colombia::Nariño department; Colombia::Norte de Santander department; Colombia::Putumayo department; Colombia::Tolima department; Colombia::Valle del Cauca department; Colombia::Vichada department,1.0,2.3701123650615896,2.6867142416009133,0.8011119405142227,-0.0095463104170652,0.0320939754202104,0.0225476650031451,-0.151186148081968,-0.1312821762927542,-0.2173984613002823,0.5493894041321424,0.3319909428318601,-0.1693144463422852,0.3762076782147197,0.2068932318724344,1.7888182756600863,1.80454389723418,0.8653582085018698,0.8924232425716618,121918.0,121918.0,596368.39276658,,743,743; 7974; 8468; 8469; 8478,group:farc_bloc,2025-10,2025-10-01,2025,10,69.0,Colombia,ged_rolling_24m,1,0.6931471805599453,False,True,29.0,65.0,3.4011973816621555,4.189654742026425,35.0,35.0,35.0,1.0,29.0,34.0,20.0,32.0,20.0,0.0,15.0,5.0,0.0,0.0,1.0,0.0,0.0,14.0,0.0,0.0,0.8285714285714286,3.4011973816621555,0.9714285714285714,3.5553480614894135,0.5714285714285714,3.044522437723423,0.9142857142857144,3.49650756146648,0.5714285714285714,3.044522437723423,0.0,0.0,0.4285714285714285,2.772588722239781,0.1428571428571428,1.791759469228055,0.0,0.0,0.0,0.0,0.0285714285714285,0.6931471805599453,0.0,0.0,0.0,0.0,0.4,2.70805020110221,0.0,0.0,0.0,0.0,3.58351893845611
group:farc_bloc,FARC family,2025-11,2025-12,12,168,14,Colombia::Amazonas department; Colombia::Antioquia department; Colombia::Arauca department; Colombia::Caquetá department; Colombia::Cauca department; Colombia::Guaviare department; Colombia::Huila department; Colombia::Meta department; Colombia::Nariño department; Colombia::Norte de Santander department; Colombia::Putumayo department; Colombia::Tolima department; Colombia::Valle del Cauca department; Colombia::Vichada department,0.0,2.4906824229929025,6.016503936573399,0.8856123232316055,0.0077671264142946,0.0193693456434335,0.0271364720577281,0.0303027399267835,-0.0080377017151538,0.0402350569424767,0.3077536750219836,0.3479887319644603,-0.0096186462850215,0.2015068879372609,0.1918882416522393,1.6279522003179248,1.7638013527963277,0.8958062264767872,0.9758315977837092,159258.0,159258.0,704391.3040497309,,743,743; 7974; 8468; 8469; 8478,group:farc_bloc,2025-11,2025-11-01,2025,11,70.0,Colombia,ged_rolling_24m,1,0.6931471805599453,False,True,65.0,64.0,4.189654742026425,4.174387269895637,71.0,71.0,71.0,1.0,62.0,68.0,54.0,68.0,51.0,0.0,46.0,2.0,0.0,0.0,2.0,2.0,0.0,19.0,0.0,0.0,0.8732394366197183,4.143134726391533,0.9577464788732394,4.23410650459726,0.7605633802816901,4.007333185232471,0.9577464788732394,4.23410650459726,0.7183098591549296,3.951243718581427,0.0,0.0,0.647887323943662,3.8501476017100584,0.028169014084507,1.0986122886681098,0.0,0.0,0.0,0.0,0.028169014084507,1.0986122886681098,0.028169014084507,1.0986122886681098,0.0,0.0,0.2676056338028169,2.995732273553991,0.0,0.0,0.0,0.0,4.276666119016055
