actor_key,actor_name,period_start,period_end,period_index,n_articles,n_unique_articles,n_direct_conflict_relevance,n_physical_violence,n_fatalities_present,n_context_three_violent,n_context_three_pol,n_context_three_other,y_ucdp_actor_fatalities,n_ucdp_actor_events,log1p_y_ucdp_actor_fatalities,log1p_n_articles,share_direct_conflict_relevance_raw,share_physical_violence_raw,share_fatalities_present_raw,share_context_three_violent_raw,share_context_three_pol_raw,share_context_three_other_raw,log1p_y_ucdp_actor_fatalities_next,y_ucdp_actor_fatalities_next,log1p_y_ucdp_actor_fatalities_lag1,log1p_y_ucdp_actor_fatalities_lag2,outcome_period_start,outcome_period_end,time_years,taliban_outcome_transition_aug2021,taliban_outcome_post_takeover,hamas_outcome_post_oct2023,month,share_direct_conflict_relevance_calibrated,share_physical_violence_calibrated,share_fatalities_present_calibrated
209,Hamas,2020-01-06,2020-01-13,13,23.0,23.0,6.0,3.0,2.0,3.0,18.0,2.0,0.0,0.0,0.6931471805599453,3.1780538303479458,0.2608695652173913,0.13043478260869565,0.08695652173913043,0.13043478260869565,0.782608695652174,0.08695652173913043,0.0,0.0,0.0,0.6931471805599453,2020-01-13,2020-01-20,0.24914442162902123,0.0,0.0,0.0,2020-01-06,0.05731671410344486,0.0,0.0
209,Hamas,2020-01-13,2020-01-20,14,63.0,63.0,46.0,40.0,1.0,38.0,18.0,7.0,0.0,0.0,0.0,4.1588830833596715,0.7301587301587301,0.6349206349206349,0.015873015873015872,0.6031746031746031,0.2857142857142857,0.1111111111111111,1.3862943611198906,3.0,0.6931471805599453,0.6931471805599453,2020-01-20,2020-01-27,0.2683093771389459,0.0,0.0,0.0,2020-01-13,0.7776702855709627,0.6597289448209099,0.0
209,Hamas,2020-01-20,2020-01-27,15,43.0,43.0,34.0,29.0,12.0,28.0,12.0,3.0,3.0,1.0,1.3862943611198906,3.784189633918261,0.7906976744186046,0.6744186046511628,0.27906976744186046,0.6511627906976745,0.27906976744186046,0.06976744186046512,0.0,0.0,0.6931471805599453,0.0,2020-01-27,2020-02-03,0.2874743326488706,0.0,0.0,0.0,2020-01-20,0.8705968817260749,0.7163376032778765,0.18796734581875557
209,Hamas,2020-01-27,2020-02-03,16,92.0,92.0,81.0,66.0,3.0,62.0,23.0,7.0,0.0,0.0,1.3862943611198906,4.532599493153256,0.8804347826086957,0.717391304347826,0.03260869565217391,0.6739130434782609,0.25,0.07608695652173914,0.0,0.0,0.6931471805599453,0.0,2020-02-03,2020-02-10,0.3066392881587953,0.0,0.0,0.0,2020-01-27,1.0,0.7779262595227072,0.0
209,Hamas,2020-02-03,2020-02-10,17,72.0,72.0,62.0,45.0,11.0,45.0,22.0,5.0,0.0,0.0,1.3862943611198906,4.290459441148391,0.8611111111111112,0.625,0.1527777777777778,0.625,0.3055555555555556,0.06944444444444445,0.0,0.0,0.6931471805599453,0.0,2020-02-10,2020-02-17,0.3258042436687201,0.0,0.0,0.0,2020-02-03,0.9786807123150238,0.6455106485963215,0.022806730033868704
209,Hamas,2020-02-10,2020-02-17,18,48.0,48.0,38.0,31.0,0.0,33.0,12.0,3.0,0.0,0.0,1.3862943611198906,3.8918202981106265,0.7916666666666666,0.6458333333333334,0.0,0.6875,0.25,0.0625,0.0,0.0,0.0,0.6931471805599453,2020-02-17,2020-02-24,0.34496919917864477,0.0,0.0,0.0,2020-02-10,0.8720842738901429,0.6753690706679575,0.0
209,Hamas,2020-02-17,2020-02-24,19,45.0,45.0,34.0,18.0,12.0,19.0,20.0,6.0,0.0,0.0,0.0,3.828641396489095,0.7555555555555555,0.4,0.26666666666666666,0.4222222222222222,0.4444444444444444,0.13333333333333333,0.0,0.0,1.3862943611198906,0.6931471805599453,2020-02-24,2020-03-02,0.36413415468856947,0.0,0.0,0.0,2020-02-17,0.8166541259092049,0.3230396902226525,0.1717469682071452
209,Hamas,2020-02-24,2020-03-02,20,31.0,31.0,21.0,16.0,8.0,17.0,9.0,5.0,0.0,0.0,0.0,3.4657359027997265,0.6774193548387096,0.5161290322580645,0.25806451612903225,0.5483870967741935,0.2903225806451613,0.16129032258064516,0.0,0.0,1.3862943611198906,0.6931471805599453,2020-03-02,2020-03-09,0.38329911019849416,0.0,0.0,0.0,2020-02-24,0.6967159397072744,0.48947631389938484,0.1604973514765122
209,Hamas,2020-03-02,2020-03-09,21,12.0,12.0,6.0,1.0,1.0,1.0,10.0,1.0,0.0,0.0,0.0,2.5649493574615367,0.5,0.08333333333333333,0.08333333333333333,0.08333333333333333,0.8333333333333334,0.08333333333333333,0.0,0.0,1.3862943611198906,0.6931471805599453,2020-03-09,2020-03-16,0.4024640657084189,0.0,0.0,0.0,2020-03-02,0.42437923250564336,0.0,0.0
209,Hamas,2020-03-09,2020-03-16,22,5.0,5.0,2.0,0.0,0.0,0.0,4.0,1.0,0.0,0.0,0.0,1.791759469228055,0.4,0.0,0.0,0.0,0.8,0.2,0.0,0.0,1.3862943611198906,0.0,2020-03-16,2020-03-23,0.4216290212183436,0.0,0.0,0.0,2020-03-09,0.2708803611738149,0.0,0.0
209,Hamas,2020-03-16,2020-03-23,23,6.0,6.0,0.0,0.0,0.0,0.0,5.0,1.0,0.0,0.0,0.0,1.9459101490553132,0.0,0.0,0.0,0.0,0.8333333333333334,0.16666666666666666,0.0,0.0,0.0,1.3862943611198906,2020-03-23,2020-03-30,0.4407939767282683,0.0,0.0,0.0,2020-03-16,0.0,0.0,0.0
209,Hamas,2020-03-23,2020-03-30,24,18.0,18.0,11.0,7.0,0.0,6.0,11.0,1.0,0.0,0.0,0.0,2.9444389791664403,0.6111111111111112,0.3888888888888889,0.0,0.3333333333333333,0.6111111111111112,0.05555555555555555,0.0,0.0,0.0,1.3862943611198906,2020-03-30,2020-04-06,0.459958932238193,0.0,0.0,0.0,2020-03-23,0.5949335339854528,0.3071151984511133,0.0
209,Hamas,2020-03-30,2020-04-06,25,14.0,14.0,11.0,4.0,3.0,6.0,5.0,3.0,0.0,0.0,0.0,2.70805020110221,0.7857142857142857,0.2857142857142857,0.21428571428571427,0.42857142857142855,0.35714285714285715,0.21428571428571427,0.0,0.0,0.0,1.3862943611198906,2020-04-06,2020-04-13,0.4791238877481177,0.0,0.0,0.0,2020-03-30,0.8629474363108675,0.15924491771539206,0.10324483775811208
209,Hamas,2020-04-06,2020-04-13,26,10.0,10.0,4.0,2.0,0.0,3.0,7.0,0.0,0.0,0.0,0.0,2.3978952727983707,0.4,0.2,0.0,0.3,0.7,0.0,0.0,0.0,0.0,1.3862943611198906,2020-04-13,2020-04-20,0.49828884325804246,0.0,0.0,0.0,2020-04-06,0.2708803611738149,0.03639883833494679,0.0
209,Hamas,2020-04-13,2020-04-20,27,9.0,9.0,3.0,0.0,0.0,1.0,7.0,1.0,0.0,0.0,0.0,2.302585092994046,0.3333333333333333,0.0,0.0,0.1111111111111111,0.7777777777777778,0.1111111111111111,0.0,0.0,0.0,0.0,2020-04-20,2020-04-27,0.5174537987679672,0.0,0.0,0.0,2020-04-13,0.16854778028592923,0.0,0.0
209,Hamas,2020-04-20,2020-04-27,28,5.0,5.0,3.0,0.0,0.0,0.0,2.0,3.0,0.0,0.0,0.0,1.791759469228055,0.6,0.0,0.0,0.0,0.4,0.6,0.0,0.0,0.0,0.0,2020-04-27,2020-05-04,0.5366187542778919,0.0,0.0,0.0,2020-04-20,0.5778781038374717,0.0,0.0
209,Hamas,2020-04-27,2020-05-04,29,12.0,12.0,8.0,4.0,2.0,4.0,7.0,1.0,0.0,0.0,0.0,2.5649493574615367,0.6666666666666666,0.3333333333333333,0.16666666666666666,0.3333333333333333,0.5833333333333334,0.08333333333333333,0.0,0.0,0.0,0.0,2020-05-04,2020-05-11,0.5557837097878165,0.0,0.0,0.0,2020-04-27,0.6802106847253574,0.22749273959341723,0.04097017371353654
209,Hamas,2020-05-04,2020-05-11,30,16.0,16.0,10.0,7.0,0.0,9.0,6.0,1.0,0.0,0.0,0.0,2.833213344056216,0.625,0.4375,0.0,0.5625,0.375,0.0625,0.0,0.0,0.0,0.0,2020-05-11,2020-05-18,0.5749486652977412,0.0,0.0,0.0,2020-05-04,0.6162528216704289,0.37678484995159733,0.0
209,Hamas,2020-05-11,2020-05-18,31,8.0,8.0,6.0,1.0,0.0,1.0,6.0,1.0,0.0,0.0,0.0,2.1972245773362196,0.75,0.125,0.0,0.125,0.75,0.125,0.0,0.0,0.0,0.0,2020-05-18,2020-05-25,0.5941136208076659,0.0,0.0,0.0,2020-05-11,0.8081264108352144,0.0,0.0
209,Hamas,2020-05-18,2020-05-25,32,11.0,11.0,7.0,3.0,0.0,4.0,7.0,0.0,0.0,0.0,0.0,2.4849066497880004,0.6363636363636364,0.2727272727272727,0.0,0.36363636363636365,0.6363636363636364,0.0,0.0,0.0,0.0,0.0,2020-05-25,2020-06-01,0.6132785763175906,0.0,0.0,0.0,2020-05-18,0.6336958752308639,0.14063187538502156,0.0
209,Hamas,2020-05-25,2020-06-01,33,7.0,7.0,4.0,1.0,1.0,2.0,4.0,1.0,0.0,0.0,0.0,2.0794415416798357,0.5714285714285714,0.14285714285714285,0.14285714285714285,0.2857142857142857,0.5714285714285714,0.14285714285714285,0.0,0.0,0.0,0.0,2020-06-01,2020-06-08,0.6324435318275154,0.0,0.0,0.0,2020-05-25,0.5340212834569493,0.0,0.00983284169124877
209,Hamas,2020-06-01,2020-06-08,34,3.0,3.0,1.0,0.0,0.0,0.0,2.0,1.0,0.0,0.0,0.0,1.3862943611198906,0.3333333333333333,0.0,0.0,0.0,0.6666666666666666,0.3333333333333333,0.0,0.0,0.0,0.0,2020-06-08,2020-06-15,0.6516084873374401,0.0,0.0,0.0,2020-06-01,0.16854778028592923,0.0,0.0
209,Hamas,2020-06-08,2020-06-15,35,8.0,8.0,3.0,1.0,0.0,3.0,4.0,1.0,0.0,0.0,0.0,2.1972245773362196,0.375,0.125,0.0,0.375,0.5,0.125,0.0,0.0,0.0,0.0,2020-06-15,2020-06-22,0.6707734428473648,0.0,0.0,0.0,2020-06-08,0.23250564334085777,0.0,0.0
209,Hamas,2020-06-15,2020-06-22,36,28.0,28.0,24.0,18.0,1.0,18.0,7.0,3.0,0.0,0.0,0.0,3.367295829986474,0.8571428571428571,0.6428571428571429,0.03571428571428571,0.6428571428571429,0.25,0.10714285714285714,0.0,0.0,0.0,0.0,2020-06-22,2020-06-29,0.6899383983572895,0.0,0.0,0.0,2020-06-15,0.9725894872621734,0.6711035818005809,0.0
209,Hamas,2020-06-22,2020-06-29,37,44.0,44.0,35.0,20.0,2.0,18.0,22.0,4.0,0.0,0.0,0.0,3.8066624897703196,0.7954545454545454,0.45454545454545453,0.045454545454545456,0.4090909090909091,0.5,0.09090909090909091,0.0,0.0,0.0,0.0,2020-06-29,2020-07-06,0.7091033538672142,0.0,0.0,0.0,2020-06-22,0.8778986250769546,0.40121446801020855,0.0
209,Hamas,2020-06-29,2020-07-06,38,44.0,44.0,40.0,27.0,0.0,25.0,15.0,4.0,0.0,0.0,0.0,3.8066624897703196,0.9090909090909091,0.6136363636363636,0.0,0.5681818181818182,0.3409090909090909,0.09090909090909091,0.0,0.0,0.0,0.0,2020-07-06,2020-07-13,0.7282683093771389,0.0,0.0,0.0,2020-06-29,1.0,0.6292242365572472,0.0
209,Hamas,2020-07-06,2020-07-13,39,34.0,34.0,22.0,17.0,3.0,21.0,11.0,2.0,0.0,0.0,0.0,3.5553480614894135,0.6470588235294118,0.5,0.08823529411764706,0.6176470588235294,0.3235294117647059,0.058823529411764705,0.0,0.0,0.0,0.0,2020-07-13,2020-07-20,0.7474332648870636,0.0,0.0,0.0,2020-07-06,0.6501128668171559,0.46636011616650536,0.0
209,Hamas,2020-07-13,2020-07-20,40,7.0,7.0,6.0,1.0,1.0,0.0,5.0,2.0,0.0,0.0,0.0,2.0794415416798357,0.8571428571428571,0.14285714285714285,0.14285714285714285,0.0,0.7142857142857143,0.2857142857142857,0.0,0.0,0.0,0.0,2020-07-20,2020-07-27,0.7665982203969883,0.0,0.0,0.0,2020-07-13,0.9725894872621734,0.0,0.00983284169124877
209,Hamas,2020-07-20,2020-07-27,41,12.0,12.0,7.0,2.0,3.0,4.0,6.0,2.0,0.0,0.0,0.0,2.5649493574615367,0.5833333333333334,0.16666666666666666,0.25,0.3333333333333333,0.5,0.16666666666666666,0.0,0.0,0.0,0.0,2020-07-27,2020-08-03,0.785763175906913,0.0,0.0,0.0,2020-07-20,0.5522949586155005,0.0,0.14995083579154375
209,Hamas,2020-07-27,2020-08-03,42,17.0,17.0,14.0,11.0,0.0,11.0,4.0,2.0,0.0,0.0,0.0,2.8903717578961645,0.8235294117647058,0.6470588235294118,0.0,0.6470588235294118,0.23529411764705882,0.11764705882352941,0.0,0.0,0.0,0.0,2020-08-03,2020-08-10,0.8049281314168378,0.0,0.0,0.0,2020-07-27,0.9209932279909706,0.6771254484368773,0.0
209,Hamas,2020-08-03,2020-08-10,43,44.0,44.0,40.0,37.0,1.0,36.0,5.0,3.0,0.0,0.0,0.0,3.8066624897703196,0.9090909090909091,0.8409090909090909,0.022727272727272728,0.8181818181818182,0.11363636363636363,0.06818181818181818,0.0,0.0,0.0,0.0,2020-08-10,2020-08-17,0.8240930869267625,0.0,0.0,0.0,2020-08-03,1.0,0.9549524773387311,0.0
209,Hamas,2020-08-10,2020-08-17,44,143.0,143.0,127.0,112.0,3.0,113.0,24.0,6.0,0.0,0.0,0.0,4.969813299576001,0.8881118881118881,0.7832167832167832,0.02097902097902098,0.7902097902097902,0.16783216783216784,0.04195804195804196,0.0,0.0,0.0,0.0,2020-08-17,2020-08-24,0.8432580424366872,0.0,0.0,0.0,2020-08-10,1.0,0.8722676162172776,0.0
209,Hamas,2020-08-17,2020-08-24,45,120.0,120.0,110.0,99.0,4.0,97.0,22.0,1.0,0.0,0.0,0.0,4.795790545596741,0.9166666666666666,0.825,0.03333333333333333,0.8083333333333333,0.18333333333333332,0.008333333333333333,0.0,0.0,0.0,0.0,2020-08-24,2020-08-31,0.8624229979466119,0.0,0.0,0.0,2020-08-17,1.0,0.932151500484027,0.0
209,Hamas,2020-08-24,2020-08-31,46,93.0,93.0,75.0,65.0,8.0,64.0,21.0,8.0,0.0,0.0,0.0,4.543294782270004,0.8064516129032258,0.6989247311827957,0.08602150537634409,0.6881720430107527,0.22580645161290322,0.08602150537634409,0.0,0.0,0.0,0.0,2020-08-31,2020-09-07,0.8815879534565366,0.0,0.0,0.0,2020-08-24,0.8947789994902788,0.7514598882053524,0.0
209,Hamas,2020-08-31,2020-09-07,47,26.0,26.0,19.0,6.0,1.0,4.0,15.0,7.0,0.0,0.0,0.0,3.295836866004329,0.7307692307692307,0.23076923076923078,0.038461538461538464,0.15384615384615385,0.5769230769230769,0.2692307692307692,0.0,0.0,0.0,0.0,2020-09-07,2020-09-14,0.9007529089664613,0.0,0.0,0.0,2020-08-31,0.7786073971175551,0.08049743093305536,0.0
209,Hamas,2020-09-07,2020-09-14,48,25.0,25.0,18.0,3.0,0.0,7.0,17.0,1.0,0.0,0.0,0.0,3.258096538021482,0.72,0.12,0.0,0.28,0.68,0.04,0.0,0.0,0.0,0.0,2020-09-14,2020-09-21,0.919917864476386,0.0,0.0,0.0,2020-09-07,0.7620767494356658,0.0,0.0
209,Hamas,2020-09-14,2020-09-21,49,60.0,60.0,51.0,43.0,4.0,42.0,15.0,3.0,0.0,0.0,0.0,4.110873864173311,0.85,0.7166666666666667,0.06666666666666667,0.7,0.25,0.05,0.0,0.0,0.0,0.0,2020-09-21,2020-09-28,0.9390828199863107,0.0,0.0,0.0,2020-09-14,0.9616252821670429,0.77688770571152,0.0
209,Hamas,2020-09-21,2020-09-28,50,8.0,8.0,2.0,1.0,1.0,1.0,7.0,0.0,0.0,0.0,0.0,2.1972245773362196,0.25,0.125,0.125,0.125,0.875,0.0,0.0,0.0,0.0,0.0,2020-09-28,2020-10-05,0.9582477754962354,0.0,0.0,0.0,2020-09-21,0.04063205417607222,0.0,0.0
209,Hamas,2020-09-28,2020-10-05,51,11.0,11.0,5.0,3.0,1.0,4.0,6.0,1.0,0.0,0.0,0.0,2.4849066497880004,0.45454545454545453,0.2727272727272727,0.09090909090909091,0.36363636363636365,0.5454545454545454,0.09090909090909091,0.0,0.0,0.0,0.0,2020-10-05,2020-10-12,0.9774127310061602,0.0,0.0,0.0,2020-09-28,0.3546070182639031,0.14063187538502156,0.0
209,Hamas,2020-10-05,2020-10-12,52,11.0,11.0,9.0,8.0,1.0,9.0,2.0,0.0,0.0,0.0,0.0,2.4849066497880004,0.8181818181818182,0.7272727272727273,0.09090909090909091,0.8181818181818182,0.18181818181818182,0.0,0.0,0.0,0.0,0.0,2020-10-12,2020-10-19,0.9965776865160849,0.0,0.0,0.0,2020-10-05,0.9127847321978249,0.7920883569479891,0.0
209,Hamas,2020-10-12,2020-10-19,53,8.0,8.0,5.0,1.0,0.0,2.0,4.0,2.0,0.0,0.0,0.0,2.1972245773362196,0.625,0.125,0.0,0.25,0.5,0.25,0.0,0.0,0.0,0.0,2020-10-19,2020-10-26,1.0157426420260096,0.0,0.0,0.0,2020-10-12,0.6162528216704289,0.0,0.0
209,Hamas,2020-10-19,2020-10-26,54,23.0,23.0,19.0,16.0,3.0,15.0,6.0,2.0,0.0,0.0,0.0,3.1780538303479458,0.8260869565217391,0.6956521739130435,0.13043478260869565,0.6521739130434783,0.2608695652173913,0.08695652173913043,0.0,0.0,0.0,0.0,2020-10-26,2020-11-02,1.0349075975359343,0.0,0.0,0.0,2020-10-19,0.9249190303268231,0.7467696451870869,0.0
209,Hamas,2020-10-26,2020-11-02,55,7.0,7.0,3.0,1.0,0.0,0.0,4.0,3.0,0.0,0.0,0.0,2.0794415416798357,0.42857142857142855,0.14285714285714285,0.0,0.0,0.5714285714285714,0.42857142857142855,0.0,0.0,0.0,0.0,2020-11-02,2020-11-09,1.054072553045859,0.0,0.0,0.0,2020-10-26,0.3147371815543373,0.0,0.0
209,Hamas,2020-11-02,2020-11-09,56,5.0,5.0,1.0,0.0,0.0,0.0,4.0,1.0,0.0,0.0,0.0,1.791759469228055,0.2,0.0,0.0,0.0,0.8,0.2,0.0,0.0,0.0,0.0,2020-11-09,2020-11-16,1.0732375085557837,0.0,0.0,0.0,2020-11-02,0.0,0.0,0.0
209,Hamas,2020-11-09,2020-11-16,57,21.0,21.0,18.0,11.0,0.0,12.0,6.0,3.0,0.0,0.0,0.0,3.091042453358316,0.8571428571428571,0.5238095238095238,0.0,0.5714285714285714,0.2857142857142857,0.14285714285714285,0.0,0.0,0.0,0.0,2020-11-16,2020-11-23,1.0924024640657084,0.0,0.0,0.0,2020-11-09,0.9725894872621734,0.500484027105518,0.0
209,Hamas,2020-11-16,2020-11-23,58,41.0,41.0,34.0,27.0,0.0,29.0,10.0,2.0,0.0,0.0,0.0,3.7376696182833684,0.8292682926829268,0.6585365853658537,0.0,0.7073170731707317,0.24390243902439024,0.04878048780487805,0.0,0.0,0.0,0.0,2020-11-23,2020-11-30,1.111567419575633,0.0,0.0,0.0,2020-11-16,0.9298023454275174,0.6935754255896868,0.0
209,Hamas,2020-11-23,2020-11-30,59,18.0,18.0,8.0,3.0,0.0,3.0,12.0,3.0,0.0,0.0,0.0,2.9444389791664403,0.4444444444444444,0.16666666666666666,0.0,0.16666666666666666,0.6666666666666666,0.16666666666666666,0.0,0.0,0.0,0.0,2020-11-30,2020-12-07,1.1307323750855578,0.0,0.0,0.0,2020-11-23,0.3391020817657386,0.0,0.0
209,Hamas,2020-11-30,2020-12-07,60,8.0,8.0,5.0,3.0,0.0,3.0,5.0,0.0,0.0,0.0,0.0,2.1972245773362196,0.625,0.375,0.0,0.375,0.625,0.0,0.0,0.0,0.0,0.0,2020-12-07,2020-12-14,1.1498973305954825,0.0,0.0,0.0,2020-11-30,0.6162528216704289,0.28720958373668926,0.0
209,Hamas,2020-12-07,2020-12-14,61,7.0,7.0,1.0,0.0,0.0,1.0,5.0,1.0,0.0,0.0,0.0,2.0794415416798357,0.14285714285714285,0.0,0.0,0.14285714285714285,0.7142857142857143,0.14285714285714285,0.0,0.0,0.0,0.0,2020-12-14,2020-12-21,1.1690622861054072,0.0,0.0,0.0,2020-12-07,0.0,0.0,0.0
209,Hamas,2020-12-14,2020-12-21,62,14.0,14.0,9.0,1.0,0.0,3.0,10.0,1.0,0.0,0.0,0.0,2.70805020110221,0.6428571428571429,0.07142857142857142,0.0,0.21428571428571427,0.7142857142857143,0.07142857142857142,0.0,0.0,0.0,0.0,2020-12-21,2020-12-28,1.1882272416153319,0.0,0.0,0.0,2020-12-14,0.6436633344082555,0.0,0.0
209,Hamas,2020-12-21,2020-12-28,63,43.0,43.0,38.0,33.0,1.0,33.0,8.0,2.0,0.0,0.0,0.0,3.784189633918261,0.8837209302325582,0.7674418604651163,0.023255813953488372,0.7674418604651163,0.18604651162790697,0.046511627906976744,0.0,0.0,0.0,0.0,2020-12-28,2021-01-04,1.2073921971252566,0.0,0.0,0.0,2020-12-21,1.0,0.8496589297372745,0.0
209,Hamas,2020-12-28,2021-01-04,64,29.0,29.0,24.0,12.0,1.0,13.0,13.0,3.0,0.0,0.0,0.0,3.4011973816621555,0.8275862068965517,0.41379310344827586,0.034482758620689655,0.4482758620689655,0.4482758620689655,0.10344827586206896,0.0,0.0,0.0,0.0,2021-01-04,2021-01-11,1.2265571526351813,0.0,0.0,0.0,2020-12-28,0.9272203627305986,0.3428080248355977,0.0
209,Hamas,2021-01-04,2021-01-11,65,11.0,11.0,5.0,2.0,1.0,2.0,7.0,2.0,0.0,0.0,0.0,2.4849066497880004,0.45454545454545453,0.18181818181818182,0.09090909090909091,0.18181818181818182,0.6363636363636364,0.18181818181818182,0.0,0.0,0.0,0.0,2021-01-11,2021-01-18,1.2457221081451062,0.0,0.0,0.0,2021-01-04,0.3546070182639031,0.010340579072428076,0.0
209,Hamas,2021-01-11,2021-01-18,66,28.0,28.0,22.0,12.0,2.0,12.0,13.0,3.0,0.0,0.0,0.0,3.367295829986474,0.7857142857142857,0.42857142857142855,0.07142857142857142,0.42857142857142855,0.4642857142857143,0.10714285714285714,0.0,0.0,0.0,0.0,2021-01-18,2021-01-25,1.264887063655031,0.0,0.0,0.0,2021-01-11,0.8629474363108675,0.36398838334946754,0.0
209,Hamas,2021-01-18,2021-01-25,67,38.0,38.0,35.0,30.0,1.0,30.0,6.0,2.0,0.0,0.0,0.0,3.6635616461296463,0.9210526315789473,0.7894736842105263,0.02631578947368421,0.7894736842105263,0.15789473684210525,0.05263157894736842,0.0,0.0,0.0,0.0,2021-01-25,2021-02-01,1.2840520191649556,0.0,0.0,0.0,2021-01-18,1.0,0.8812350333723952,0.0
209,Hamas,2021-01-25,2021-02-01,68,16.0,16.0,5.0,1.0,1.0,1.0,14.0,1.0,0.0,0.0,0.0,2.833213344056216,0.3125,0.0625,0.0625,0.0625,0.875,0.0625,0.0,0.0,0.0,0.0,2021-02-01,2021-02-08,1.3032169746748803,0.0,0.0,0.0,2021-01-25,0.13656884875846498,0.0,0.0
209,Hamas,2021-02-01,2021-02-08,69,17.0,17.0,11.0,5.0,5.0,5.0,10.0,2.0,0.0,0.0,0.0,2.8903717578961645,0.6470588235294118,0.29411764705882354,0.29411764705882354,0.29411764705882354,0.5882352941176471,0.11764705882352941,0.0,0.0,0.0,0.0,2021-02-08,2021-02-15,1.322381930184805,0.0,0.0,0.0,2021-02-01,0.6501128668171559,0.17128865098798476,0.207646480421077
209,Hamas,2021-02-08,2021-02-15,70,16.0,16.0,7.0,3.0,0.0,3.0,13.0,0.0,0.0,0.0,0.0,2.833213344056216,0.4375,0.1875,0.0,0.1875,0.8125,0.0,0.0,0.0,0.0,0.0,2021-02-15,2021-02-22,1.3415468856947297,0.0,0.0,0.0,2021-02-08,0.32844243792325056,0.018483785091965164,0.0
209,Hamas,2021-02-15,2021-02-22,71,18.0,18.0,11.0,1.0,1.0,1.0,16.0,1.0,0.0,0.0,0.0,2.9444389791664403,0.6111111111111112,0.05555555555555555,0.05555555555555555,0.05555555555555555,0.8888888888888888,0.05555555555555555,0.0,0.0,0.0,0.0,2021-02-22,2021-03-01,1.3607118412046544,0.0,0.0,0.0,2021-02-15,0.5949335339854528,0.0,0.0
209,Hamas,2021-02-22,2021-03-01,72,9.0,9.0,5.0,0.0,0.0,1.0,7.0,1.0,0.0,0.0,0.0,2.302585092994046,0.5555555555555556,0.0,0.0,0.1111111111111111,0.7777777777777778,0.1111111111111111,0.0,0.0,0.0,0.0,2021-03-01,2021-03-08,1.379876796714579,0.0,0.0,0.0,2021-02-22,0.5096563832455481,0.0,0.0
209,Hamas,2021-03-01,2021-03-08,73,18.0,18.0,16.0,3.0,3.0,3.0,15.0,0.0,0.0,0.0,0.0,2.9444389791664403,0.8888888888888888,0.16666666666666666,0.16666666666666666,0.16666666666666666,0.8333333333333334,0.0,0.0,0.0,0.0,0.0,2021-03-08,2021-03-15,1.3990417522245038,0.0,0.0,0.0,2021-03-01,1.0,0.0,0.04097017371353654
209,Hamas,2021-03-08,2021-03-15,74,25.0,25.0,16.0,8.0,7.0,7.0,16.0,2.0,0.0,0.0,0.0,3.258096538021482,0.64,0.32,0.28,0.28,0.64,0.08,0.0,0.0,0.0,0.0,2021-03-15,2021-03-22,1.4182067077344285,0.0,0.0,0.0,2021-03-08,0.6392776523702032,0.2083833494675702,0.1891838741396264
209,Hamas,2021-03-15,2021-03-22,75,12.0,12.0,8.0,2.0,2.0,3.0,7.0,2.0,0.0,0.0,0.0,2.5649493574615367,0.6666666666666666,0.16666666666666666,0.16666666666666666,0.25,0.5833333333333334,0.16666666666666666,0.0,0.0,0.0,0.0,2021-03-22,2021-03-29,1.4373716632443532,0.0,0.0,0.0,2021-03-15,0.6802106847253574,0.0,0.04097017371353654
209,Hamas,2021-03-22,2021-03-29,76,13.0,13.0,9.0,9.0,1.0,9.0,3.0,1.0,0.0,0.0,0.0,2.6390573296152584,0.6923076923076923,0.6923076923076923,0.07692307692307693,0.6923076923076923,0.23076923076923078,0.07692307692307693,0.0,0.0,0.0,0.0,2021-03-29,2021-04-05,1.4565366187542779,0.0,0.0,0.0,2021-03-22,0.7195693696822365,0.7419763199046838,0.0
209,Hamas,2021-03-29,2021-04-05,77,23.0,23.0,18.0,8.0,6.0,8.0,14.0,1.0,0.0,0.0,0.0,3.1780538303479458,0.782608695652174,0.34782608695652173,0.2608695652173913,0.34782608695652173,0.6086956521739131,0.043478260869565216,0.0,0.0,0.0,0.0,2021-04-05,2021-04-12,1.4757015742642026,0.0,0.0,0.0,2021-03-29,0.8581803906173324,0.24826381581716403,0.16416570475824036
209,Hamas,2021-04-05,2021-04-12,78,11.0,11.0,8.0,5.0,5.0,6.0,5.0,0.0,0.0,0.0,0.0,2.4849066497880004,0.7272727272727273,0.45454545454545453,0.45454545454545453,0.5454545454545454,0.45454545454545453,0.0,0.0,0.0,0.0,0.0,2021-04-12,2021-04-19,1.4948665297741273,0.0,0.0,0.0,2021-04-05,0.7732403037143444,0.40121446801020855,0.41744882452847054
209,Hamas,2021-04-12,2021-04-19,79,50.0,50.0,43.0,39.0,2.0,40.0,6.0,4.0,0.0,0.0,0.0,3.9318256327243257,0.86,0.78,0.04,0.8,0.12,0.08,0.0,0.0,0.0,0.0,2021-04-19,2021-04-26,1.514031485284052,0.0,0.0,0.0,2021-04-12,0.9769751693002258,0.8676573088092933,0.0
209,Hamas,2021-04-19,2021-04-26,80,74.0,74.0,69.0,58.0,0.0,58.0,15.0,1.0,0.0,0.0,0.0,4.31748811353631,0.9324324324324325,0.7837837837837838,0.0,0.7837837837837838,0.20270270270270271,0.013513513513513514,0.0,0.0,0.0,0.0,2021-04-26,2021-05-03,1.5331964407939767,0.0,0.0,0.0,2021-04-19,1.0,0.8730802438450066,0.0
209,Hamas,2021-04-26,2021-05-03,81,48.0,48.0,37.0,17.0,1.0,17.0,30.0,1.0,0.0,0.0,0.0,3.8918202981106265,0.7708333333333334,0.3541666666666667,0.020833333333333332,0.3541666666666667,0.625,0.020833333333333332,0.0,0.0,0.0,0.0,2021-05-03,2021-05-10,1.5523613963039014,0.0,0.0,0.0,2021-04-26,0.8401053423626788,0.2573511616650533,0.0
209,Hamas,2021-05-03,2021-05-10,82,50.0,50.0,40.0,22.0,4.0,25.0,24.0,1.0,0.0,0.0,0.0,3.9318256327243257,0.8,0.44,0.08,0.5,0.48,0.02,5.308267697401205,201.0,0.0,0.0,2021-05-10,2021-05-17,1.571526351813826,0.0,0.0,0.0,2021-05-03,0.8848758465011287,0.3803678606001936,0.0
209,Hamas,2021-05-10,2021-05-17,83,1483.0,1483.0,1357.0,1139.0,956.0,1127.0,252.0,104.0,201.0,56.0,5.308267697401205,7.302496423727326,0.9150370869858395,0.7680377612946729,0.6446392447741065,0.7599460552933244,0.16992582602832096,0.07012811867835468,3.091042453358316,21.0,0.0,0.0,2021-05-17,2021-05-24,1.5906913073237507,0.0,0.0,0.0,2021-05-10,1.0,0.8505129773443981,0.6660473899209062
209,Hamas,2021-05-17,2021-05-24,84,1065.0,1065.0,918.0,603.0,482.0,555.0,424.0,86.0,21.0,13.0,5.407171771460119,6.97166860472579,0.8619718309859155,0.5661971830985916,0.45258215962441317,0.5211267605633803,0.39812206572769954,0.08075117370892018,0.0,0.0,0.0,0.0,2021-05-24,2021-05-31,1.6098562628336757,0.0,0.0,0.0,2021-05-17,0.9800019076081772,0.561234200946239,0.4148812903642768
209,Hamas,2021-05-24,2021-05-31,85,359.0,359.0,251.0,92.0,68.0,89.0,234.0,36.0,0.0,0.0,5.407171771460119,5.886104031450156,0.6991643454038997,0.2562674094707521,0.1894150417827298,0.2479108635097493,0.6518105849582173,0.10027855153203342,0.0,0.0,0.0,0.0,2021-05-31,2021-06-07,1.6290212183436004,0.0,0.0,0.0,2021-05-24,0.7300942547960537,0.11704152925600049,0.07071976948970565
209,Hamas,2021-05-31,2021-06-07,86,159.0,159.0,99.0,35.0,22.0,37.0,108.0,14.0,0.0,0.0,5.407171771460119,5.075173815233827,0.6226415094339622,0.22012578616352202,0.13836477987421383,0.23270440251572327,0.6792452830188679,0.0880503144654088,0.0,0.0,0.0,0.0,2021-06-07,2021-06-14,1.648186173853525,0.0,0.0,0.0,2021-05-31,0.6126325652710933,0.06524320078905553,0.003957873385156744
209,Hamas,2021-06-07,2021-06-14,87,116.0,116.0,78.0,30.0,19.0,32.0,76.0,8.0,0.0,0.0,3.091042453358316,4.762173934797756,0.6724137931034483,0.25862068965517243,0.16379310344827586,0.27586206896551724,0.6551724137931034,0.06896551724137931,0.0,0.0,5.308267697401205,0.0,2021-06-14,2021-06-21,1.6673511293634498,0.0,0.0,0.0,2021-06-07,0.6890324589398303,0.12041426043996399,0.03721221984877768
209,Hamas,2021-06-14,2021-06-21,88,215.0,215.0,168.0,122.0,38.0,120.0,73.0,22.0,0.0,0.0,0.0,5.375278407684165,0.7813953488372093,0.5674418604651162,0.17674418604651163,0.5581395348837209,0.3395348837209302,0.10232558139534884,0.0,0.0,5.407171771460119,0.0,2021-06-21,2021-06-28,1.6865160848733745,0.0,0.0,0.0,2021-06-14,0.856317916951021,0.5630180778495688,0.05414923052296998
209,Hamas,2021-06-21,2021-06-28,89,77.0,77.0,49.0,20.0,12.0,18.0,50.0,9.0,0.0,0.0,0.0,4.356708826689592,0.6363636363636364,0.2597402597402597,0.15584415584415584,0.23376623376623376,0.6493506493506493,0.11688311688311688,0.0,0.0,5.407171771460119,0.0,2021-06-28,2021-07-05,1.7056810403832992,0.0,0.0,0.0,2021-06-21,0.6336958752308639,0.12201883305465104,0.026816840976133016
209,Hamas,2021-06-28,2021-07-05,90,99.0,99.0,64.0,46.0,11.0,47.0,43.0,9.0,0.0,0.0,0.0,4.605170185988092,0.6464646464646465,0.46464646464646464,0.1111111111111111,0.47474747474747475,0.43434343434343436,0.09090909090909091,0.0,0.0,5.407171771460119,0.0,2021-07-05,2021-07-12,1.7248459958932238,0.0,0.0,0.0,2021-06-28,0.6492008117290285,0.4156912787116079,0.0
209,Hamas,2021-07-05,2021-07-12,91,33.0,33.0,17.0,5.0,1.0,4.0,19.0,10.0,0.0,0.0,0.0,3.5263605246161616,0.5151515151515151,0.15151515151515152,0.030303030303030304,0.12121212121212122,0.5757575757575758,0.30303030303030304,0.0,0.0,3.091042453358316,5.308267697401205,2021-07-12,2021-07-19,1.7440109514031485,0.0,0.0,0.0,2021-07-05,0.44763663725289005,0.0,0.0
209,Hamas,2021-07-12,2021-07-19,92,41.0,41.0,23.0,6.0,3.0,5.0,31.0,5.0,0.0,0.0,0.0,3.7376696182833684,0.5609756097560976,0.14634146341463414,0.07317073170731707,0.12195121951219512,0.7560975609756098,0.12195121951219512,0.0,0.0,0.0,5.407171771460119,2021-07-19,2021-07-26,1.7631759069130732,0.0,0.0,0.0,2021-07-12,0.5179761052689534,0.0,0.0
209,Hamas,2021-07-19,2021-07-26,93,36.0,36.0,24.0,13.0,4.0,16.0,19.0,1.0,0.0,0.0,0.0,3.6109179126442243,0.6666666666666666,0.3611111111111111,0.1111111111111111,0.4444444444444444,0.5277777777777778,0.027777777777777776,0.0,0.0,0.0,5.407171771460119,2021-07-26,2021-08-02,1.782340862422998,0.0,0.0,0.0,2021-07-19,0.6802106847253574,0.2673039690222653,0.0
209,Hamas,2021-07-26,2021-08-02,94,64.0,64.0,42.0,23.0,9.0,23.0,38.0,3.0,0.0,0.0,0.0,4.174387269895637,0.65625,0.359375,0.140625,0.359375,0.59375,0.046875,0.0,0.0,0.0,5.407171771460119,2021-08-02,2021-08-09,1.8015058179329226,0.0,0.0,0.0,2021-07-26,0.6642212189616253,0.26481576718296224,0.006913716814159302
209,Hamas,2021-08-02,2021-08-09,95,4.0,4.0,3.0,2.0,2.0,1.0,2.0,1.0,0.0,0.0,0.0,1.6094379124341003,0.75,0.5,0.5,0.25,0.5,0.25,0.0,0.0,0.0,3.091042453358316,2021-08-09,2021-08-16,1.8206707734428473,0.0,0.0,0.0,2021-08-02,0.8081264108352144,0.46636011616650536,0.4768928220255654
209,Hamas,2021-08-09,2021-08-16,96,6.0,6.0,3.0,1.0,1.0,2.0,1.0,3.0,0.0,0.0,0.0,1.9459101490553132,0.5,0.16666666666666666,0.16666666666666666,0.3333333333333333,0.16666666666666666,0.5,1.791759469228055,5.0,0.0,0.0,2021-08-16,2021-08-23,1.839835728952772,0.0,0.0,0.0,2021-08-09,0.42437923250564336,0.0,0.04097017371353654
209,Hamas,2021-08-16,2021-08-23,97,1.0,1.0,1.0,1.0,0.0,1.0,0.0,0.0,5.0,2.0,1.791759469228055,0.6931471805599453,1.0,1.0,0.0,1.0,0.0,0.0,0.0,0.0,0.0,0.0,2021-08-23,2021-08-30,1.8590006844626967,0.0,0.0,0.0,2021-08-16,1.0,1.0,0.0
209,Hamas,2021-08-23,2021-08-30,98,10.0,10.0,9.0,7.0,4.0,8.0,2.0,0.0,0.0,0.0,1.791759469228055,2.3978952727983707,0.9,0.7,0.4,0.8,0.2,0.0,0.0,0.0,0.0,0.0,2021-08-30,2021-09-06,1.8781656399726214,0.0,0.0,0.0,2021-08-23,1.0,0.7530009680542109,0.34611602753195675
209,Hamas,2021-08-30,2021-09-06,99,30.0,30.0,20.0,11.0,10.0,10.0,17.0,3.0,0.0,0.0,1.791759469228055,3.4339872044851463,0.6666666666666666,0.36666666666666664,0.3333333333333333,0.3333333333333333,0.5666666666666667,0.1,0.0,0.0,0.0,0.0,2021-09-06,2021-09-13,1.8973305954825461,0.0,0.0,0.0,2021-08-30,0.6802106847253574,0.2752662149080348,0.25893149786955094
209,Hamas,2021-09-06,2021-09-13,100,63.0,63.0,53.0,44.0,3.0,45.0,16.0,2.0,0.0,0.0,1.791759469228055,4.1588830833596715,0.8412698412698413,0.6984126984126984,0.047619047619047616,0.7142857142857143,0.25396825396825395,0.031746031746031744,0.0,0.0,0.0,0.0,2021-09-13,2021-09-20,1.9164955509924708,0.0,0.0,0.0,2021-09-06,0.9482245870507722,0.7507260406582767,0.0
209,Hamas,2021-09-13,2021-09-20,101,72.0,72.0,58.0,39.0,3.0,40.0,27.0,5.0,0.0,0.0,0.0,4.290459441148391,0.8055555555555556,0.5416666666666666,0.041666666666666664,0.5555555555555556,0.375,0.06944444444444445,1.3862943611198906,3.0,1.791759469228055,0.0,2021-09-20,2021-09-27,1.9356605065023955,0.0,0.0,0.0,2021-09-13,0.8934035615751191,0.5260769603097774,0.0
209,Hamas,2021-09-20,2021-09-27,102,113.0,113.0,84.0,52.0,49.0,52.0,56.0,5.0,3.0,1.0,1.3862943611198906,4.736198448394496,0.7433628318584071,0.46017699115044247,0.4336283185840708,0.46017699115044247,0.49557522123893805,0.04424778761061947,0.0,0.0,1.791759469228055,0.0,2021-09-27,2021-10-04,1.9548254620123204,0.0,0.0,0.0,2021-09-20,0.7979384326494737,0.40928561025966126,0.39009406461830304
209,Hamas,2021-09-27,2021-10-04,103,57.0,57.0,46.0,38.0,32.0,38.0,17.0,2.0,0.0,0.0,1.3862943611198906,4.060443010546419,0.8070175438596491,0.6666666666666666,0.5614035087719298,0.6666666666666666,0.2982456140350877,0.03508771929824561,0.0,0.0,1.791759469228055,0.0,2021-10-04,2021-10-11,1.9739904175222451,0.0,0.0,0.0,2021-09-27,0.8956476971209061,0.7052274927395934,0.5571943625040969
209,Hamas,2021-10-04,2021-10-11,104,22.0,22.0,11.0,3.0,2.0,3.0,17.0,2.0,0.0,0.0,1.3862943611198906,3.1354942159291497,0.5,0.13636363636363635,0.09090909090909091,0.13636363636363635,0.7727272727272727,0.09090909090909091,0.0,0.0,1.791759469228055,0.0,2021-10-11,2021-10-18,1.9931553730321698,0.0,0.0,0.0,2021-10-04,0.42437923250564336,0.0,0.0
209,Hamas,2021-10-11,2021-10-18,105,31.0,31.0,18.0,8.0,6.0,7.0,22.0,2.0,0.0,0.0,1.3862943611198906,3.4657359027997265,0.5806451612903226,0.25806451612903225,0.1935483870967742,0.22580645161290322,0.7096774193548387,0.06451612903225806,0.0,0.0,0.0,1.791759469228055,2021-10-18,2021-10-25,2.0123203285420943,0.0,0.0,0.0,2021-10-11,0.5481686448700211,0.11961715017331294,0.07612522599676468
209,Hamas,2021-10-18,2021-10-25,106,34.0,34.0,21.0,11.0,2.0,11.0,19.0,4.0,0.0,0.0,0.0,3.5553480614894135,0.6176470588235294,0.3235294117647059,0.058823529411764705,0.3235294117647059,0.5588235294117647,0.11764705882352941,0.0,0.0,1.3862943611198906,1.791759469228055,2021-10-25,2021-11-01,2.0314852840520192,0.0,0.0,0.0,2021-10-18,0.6049661399548534,0.21344171744205914,0.0
209,Hamas,2021-10-25,2021-11-01,107,23.0,23.0,13.0,6.0,5.0,5.0,15.0,3.0,0.0,0.0,0.0,3.1780538303479458,0.5652173913043478,0.2608695652173913,0.21739130434782608,0.21739130434782608,0.6521739130434783,0.13043478260869565,0.0,0.0,1.3862943611198906,1.791759469228055,2021-11-01,2021-11-08,2.0506502395619437,0.0,0.0,0.0,2021-10-25,0.5244871920698793,0.12363735847468328,0.10730622889145397
209,Hamas,2021-11-01,2021-11-08,108,27.0,27.0,11.0,3.0,3.0,3.0,19.0,5.0,0.0,0.0,0.0,3.332204510175204,0.4074074074074074,0.1111111111111111,0.1111111111111111,0.1111111111111111,0.7037037037037037,0.18518518518518517,0.0,0.0,1.3862943611198906,1.791759469228055,2021-11-08,2021-11-15,2.0698151950718686,0.0,0.0,0.0,2021-11-01,0.28225064793913546,0.0,0.0
209,Hamas,2021-11-08,2021-11-15,109,27.0,27.0,17.0,8.0,1.0,9.0,16.0,2.0,0.0,0.0,0.0,3.332204510175204,0.6296296296296297,0.2962962962962963,0.037037037037037035,0.3333333333333333,0.5925925925925926,0.07407407407407407,1.0986122886681098,2.0,1.3862943611198906,0.0,2021-11-15,2021-11-22,2.088980150581793,0.0,0.0,0.0,2021-11-08,0.6233592508987543,0.1744111003549532,0.0
209,Hamas,2021-11-15,2021-11-22,110,56.0,56.0,43.0,22.0,23.0,26.0,27.0,3.0,2.0,1.0,1.0986122886681098,4.04305126783455,0.7678571428571429,0.39285714285714285,0.4107142857142857,0.4642857142857143,0.48214285714285715,0.05357142857142857,0.0,0.0,0.0,1.3862943611198906,2021-11-22,2021-11-29,2.108145106091718,0.0,0.0,0.0,2021-11-15,0.835536923573041,0.3128025169409487,0.3601278269419862
209,Hamas,2021-11-22,2021-11-29,111,69.0,69.0,51.0,32.0,31.0,31.0,30.0,8.0,0.0,0.0,1.0986122886681098,4.248495242049359,0.7391304347826086,0.463768115942029,0.4492753623188406,0.4492753623188406,0.43478260869565216,0.11594202898550725,0.0,0.0,0.0,1.3862943611198906,2021-11-29,2021-12-06,2.127310061601643,0.0,0.0,0.0,2021-11-22,0.7914417509078417,0.4144324256071384,0.41055676684764797
209,Hamas,2021-11-29,2021-12-06,112,31.0,31.0,24.0,17.0,14.0,17.0,13.0,1.0,0.0,0.0,1.0986122886681098,3.4657359027997265,0.7741935483870968,0.5483870967741935,0.45161290322580644,0.5483870967741935,0.41935483870967744,0.03225806451612903,0.0,0.0,0.0,1.3862943611198906,2021-12-06,2021-12-13,2.1464750171115674,0.0,0.0,0.0,2021-11-29,0.8452632345445278,0.5357087093651438,0.41361372791575474
209,Hamas,2021-12-06,2021-12-13,113,64.0,64.0,45.0,31.0,24.0,32.0,27.0,5.0,0.0,0.0,1.0986122886681098,4.174387269895637,0.703125,0.484375,0.375,0.5,0.421875,0.078125,0.0,0.0,0.0,1.3862943611198906,2021-12-13,2021-12-20,2.1656399726214923,0.0,0.0,0.0,2021-12-06,0.7361738148984198,0.44396629961277834,0.3134218289085546
209,Hamas,2021-12-13,2021-12-20,114,58.0,58.0,48.0,33.0,34.0,37.0,16.0,5.0,0.0,0.0,0.0,4.07753744390572,0.8275862068965517,0.5689655172413793,0.5862068965517241,0.6379310344827587,0.27586206896551724,0.08620689655172414,0.0,0.0,1.0986122886681098,0.0,2021-12-20,2021-12-27,2.184804928131417,0.0,0.0,0.0,2021-12-13,0.9272203627305986,0.5652017892312315,0.5896314379683314
209,Hamas,2021-12-20,2021-12-27,115,34.0,34.0,24.0,15.0,8.0,17.0,14.0,3.0,0.0,0.0,0.0,3.5553480614894135,0.7058823529411765,0.4411764705882353,0.23529411764705882,0.5,0.4117647058823529,0.08823529411764706,0.6931471805599453,1.0,1.0986122886681098,0.0,2021-12-27,2022-01-03,2.2039698836413417,0.0,0.0,0.0,2021-12-20,0.7404063205417608,0.3820539832583566,0.13071895424836602
209,Hamas,2021-12-27,2022-01-03,116,90.0,90.0,78.0,64.0,10.0,64.0,22.0,4.0,1.0,1.0,0.6931471805599453,4.51085950651685,0.8666666666666667,0.7111111111111111,0.1111111111111111,0.7111111111111111,0.24444444444444444,0.044444444444444446,0.0,0.0,1.0986122886681098,0.0,2022-01-03,2022-01-10,2.223134839151266,0.0,0.0,0.0,2021-12-27,0.9872084273890144,0.7689254598257503,0.0
209,Hamas,2022-01-03,2022-01-10,117,45.0,45.0,31.0,23.0,5.0,21.0,22.0,2.0,0.0,0.0,0.6931471805599453,3.828641396489095,0.6888888888888889,0.5111111111111111,0.1111111111111111,0.4666666666666667,0.4888888888888889,0.044444444444444446,1.0986122886681098,2.0,1.0986122886681098,0.0,2022-01-10,2022-01-17,2.242299794661191,0.0,0.0,0.0,2022-01-03,0.7143215450213193,0.4822846079380445,0.0
209,Hamas,2022-01-10,2022-01-17,118,33.0,33.0,19.0,5.0,2.0,12.0,19.0,2.0,2.0,1.0,1.3862943611198906,3.5263605246161616,0.5757575757575758,0.15151515151515152,0.06060606060606061,0.36363636363636365,0.5757575757575758,0.06060606060606061,0.0,0.0,0.0,1.0986122886681098,2022-01-17,2022-01-24,2.2614647501711156,0.0,0.0,0.0,2022-01-10,0.5406662562418771,0.0,0.0
209,Hamas,2022-01-17,2022-01-24,119,24.0,24.0,12.0,3.0,2.0,6.0,16.0,2.0,0.0,0.0,1.3862943611198906,3.2188758248682006,0.5,0.125,0.08333333333333333,0.25,0.6666666666666666,0.08333333333333333,0.0,0.0,0.0,1.0986122886681098,2022-01-24,2022-01-31,2.2806297056810405,0.0,0.0,0.0,2022-01-17,0.42437923250564336,0.0,0.0
209,Hamas,2022-01-24,2022-01-31,120,12.0,12.0,6.0,3.0,1.0,3.0,8.0,1.0,0.0,0.0,1.0986122886681098,2.5649493574615367,0.5,0.25,0.08333333333333333,0.25,0.6666666666666666,0.08333333333333333,0.0,0.0,0.6931471805599453,1.0986122886681098,2022-01-31,2022-02-07,2.299794661190965,0.0,0.0,0.0,2022-01-24,0.42437923250564336,0.1080590513068732,0.0
209,Hamas,2022-01-31,2022-02-07,121,26.0,26.0,15.0,13.0,11.0,13.0,12.0,1.0,0.0,0.0,1.0986122886681098,3.295836866004329,0.5769230769230769,0.5,0.4230769230769231,0.5,0.46153846153846156,0.038461538461538464,0.0,0.0,0.6931471805599453,1.0986122886681098,2022-02-07,2022-02-14,2.31895961670089,0.0,0.0,0.0,2022-01-31,0.5424552873762806,0.46636011616650536,0.37629528779971255
209,Hamas,2022-02-07,2022-02-14,122,39.0,39.0,19.0,12.0,6.0,14.0,21.0,4.0,0.0,0.0,0.0,3.6888794541139363,0.48717948717948717,0.3076923076923077,0.15384615384615385,0.358974358974359,0.5384615384615384,0.10256410256410256,0.0,0.0,1.3862943611198906,0.0,2022-02-14,2022-02-21,2.3381245722108144,0.0,0.0,0.0,2022-02-07,0.4046998900272037,0.1907439124283268,0.024203918009227762
209,Hamas,2022-02-14,2022-02-21,123,27.0,27.0,20.0,7.0,4.0,7.0,17.0,3.0,0.0,0.0,0.0,3.332204510175204,0.7407407407407407,0.25925925925925924,0.14814814814814814,0.25925925925925924,0.6296296296296297,0.1111111111111111,0.0,0.0,1.3862943611198906,0.0,2022-02-21,2022-02-28,2.3572895277207393,0.0,0.0,0.0,2022-02-14,0.7939135523785636,0.12132946111648918,0.016752248807312718
209,Hamas,2022-02-21,2022-02-28,124,16.0,16.0,10.0,4.0,0.0,4.0,10.0,2.0,0.0,0.0,0.0,2.833213344056216,0.625,0.25,0.0,0.25,0.625,0.125,0.0,0.0,1.0986122886681098,0.6931471805599453,2022-02-28,2022-03-07,2.3764544832306638,0.0,0.0,0.0,2022-02-21,0.6162528216704289,0.1080590513068732,0.0
209,Hamas,2022-02-28,2022-03-07,125,10.0,10.0,5.0,2.0,1.0,2.0,8.0,0.0,0.0,0.0,0.0,2.3978952727983707,0.5,0.2,0.1,0.2,0.8,0.0,0.0,0.0,1.0986122886681098,0.6931471805599453,2022-03-07,2022-03-14,2.3956194387405887,0.0,0.0,0.0,2022-02-28,0.42437923250564336,0.03639883833494679,0.0
209,Hamas,2022-03-07,2022-03-14,126,16.0,16.0,6.0,4.0,3.0,3.0,13.0,0.0,0.0,0.0,0.0,2.833213344056216,0.375,0.25,0.1875,0.1875,0.8125,0.0,0.0,0.0,0.0,1.3862943611198906,2022-03-14,2022-03-21,2.414784394250513,0.0,0.0,0.0,2022-03-07,0.23250564334085777,0.1080590513068732,0.06821533923303835
209,Hamas,2022-03-14,2022-03-21,127,8.0,8.0,4.0,1.0,1.0,1.0,6.0,1.0,0.0,0.0,0.0,2.1972245773362196,0.5,0.125,0.125,0.125,0.75,0.125,0.0,0.0,0.0,1.3862943611198906,2022-03-21,2022-03-28,2.433949349760438,0.0,0.0,0.0,2022-03-14,0.42437923250564336,0.0,0.0
209,Hamas,2022-03-21,2022-03-28,128,17.0,17.0,5.0,2.0,2.0,2.0,13.0,2.0,0.0,0.0,0.0,2.8903717578961645,0.29411764705882354,0.11764705882352941,0.11764705882352941,0.11764705882352941,0.7647058823529411,0.11764705882352941,0.0,0.0,0.0,1.0986122886681098,2022-03-28,2022-04-04,2.4531143052703626,0.0,0.0,0.0,2022-03-21,0.10835214446952596,0.0,0.0
209,Hamas,2022-03-28,2022-04-04,129,27.0,27.0,16.0,7.0,5.0,7.0,17.0,3.0,0.0,0.0,0.0,3.332204510175204,0.5925925925925926,0.25925925925925924,0.18518518518518517,0.25925925925925924,0.6296296296296297,0.1111111111111111,0.0,0.0,0.0,1.0986122886681098,2022-04-04,2022-04-11,2.4722792607802875,0.0,0.0,0.0,2022-03-28,0.5665078170721511,0.12132946111648918,0.06518809861976037
209,Hamas,2022-04-04,2022-04-11,130,23.0,23.0,17.0,11.0,9.0,11.0,9.0,3.0,0.0,0.0,0.0,3.1780538303479458,0.7391304347826086,0.4782608695652174,0.391304347826087,0.4782608695652174,0.391304347826087,0.13043478260869565,0.0,0.0,0.0,0.0,2022-04-11,2022-04-18,2.4914442162902124,0.0,0.0,0.0,2022-04-04,0.7914417509078417,0.4352035018308852,0.33474413235859946
209,Hamas,2022-04-11,2022-04-18,131,45.0,45.0,40.0,29.0,16.0,29.0,12.0,4.0,0.0,0.0,0.0,3.828641396489095,0.8888888888888888,0.6444444444444445,0.35555555555555557,0.6444444444444445,0.26666666666666666,0.08888888888888889,0.0,0.0,0.0,0.0,2022-04-18,2022-04-25,2.510609171800137,0.0,0.0,0.0,2022-04-11,1.0,0.6733785091965151,0.2879930077570196
209,Hamas,2022-04-18,2022-04-25,132,90.0,90.0,81.0,68.0,9.0,68.0,16.0,6.0,0.0,0.0,0.0,4.51085950651685,0.9,0.7555555555555555,0.1,0.7555555555555555,0.17777777777777778,0.06666666666666667,0.6931471805599453,1.0,0.0,0.0,2022-04-25,2022-05-02,2.529774127310062,0.0,0.0,0.0,2022-04-18,1.0,0.8326234269119069,0.0
209,Hamas,2022-04-25,2022-05-02,133,35.0,35.0,23.0,11.0,6.0,13.0,18.0,4.0,1.0,1.0,0.6931471805599453,3.58351893845611,0.6571428571428571,0.3142857142857143,0.17142857142857143,0.37142857142857144,0.5142857142857142,0.11428571428571428,0.0,0.0,0.0,0.0,2022-05-02,2022-05-09,2.5489390828199863,0.0,0.0,0.0,2022-04-25,0.6655917445985167,0.20019361084220716,0.047197640117994114
209,Hamas,2022-05-02,2022-05-09,134,47.0,47.0,39.0,27.0,23.0,29.0,15.0,3.0,0.0,0.0,0.6931471805599453,3.871201010907891,0.8297872340425532,0.574468085106383,0.48936170212765956,0.6170212765957447,0.3191489361702128,0.06382978723404255,0.0,0.0,0.0,0.0,2022-05-09,2022-05-16,2.568104038329911,0.0,0.0,0.0,2022-05-02,0.9305989145574179,0.5730880929332044,0.4629803970794368
209,Hamas,2022-05-09,2022-05-16,135,48.0,48.0,31.0,14.0,13.0,20.0,27.0,1.0,0.0,0.0,0.6931471805599453,3.8918202981106265,0.6458333333333334,0.2916666666666667,0.2708333333333333,0.4166666666666667,0.5625,0.020833333333333332,0.0,0.0,0.0,0.0,2022-05-16,2022-05-23,2.5872689938398357,0.0,0.0,0.0,2022-05-09,0.6482317531978932,0.16777589545014526,0.17719600131104554
209,Hamas,2022-05-16,2022-05-23,136,27.0,27.0,15.0,5.0,3.0,6.0,20.0,1.0,0.0,0.0,0.6931471805599453,3.332204510175204,0.5555555555555556,0.18518518518518517,0.1111111111111111,0.2222222222222222,0.7407407407407407,0.037037037037037035,0.0,0.0,0.0,0.0,2022-05-23,2022-05-30,2.6064339493497606,0.0,0.0,0.0,2022-05-16,0.5096563832455481,0.015166182639561147,0.0
209,Hamas,2022-05-23,2022-05-30,137,36.0,36.0,28.0,12.0,3.0,14.0,19.0,3.0,0.0,0.0,0.0,3.6109179126442243,0.7777777777777778,0.3333333333333333,0.08333333333333333,0.3888888888888889,0.5277777777777778,0.08333333333333333,0.0,0.0,0.6931471805599453,0.0,2022-05-30,2022-06-06,2.625598904859685,0.0,0.0,0.0,2022-05-23,0.8507649862051668,0.22749273959341723,0.0
209,Hamas,2022-05-30,2022-06-06,138,24.0,24.0,18.0,5.0,3.0,5.0,16.0,3.0,0.0,0.0,0.0,3.2188758248682006,0.75,0.20833333333333334,0.125,0.20833333333333334,0.6666666666666666,0.125,0.0,0.0,0.6931471805599453,0.0,2022-06-06,2022-06-13,2.64476386036961,0.0,0.0,0.0,2022-05-30,0.8081264108352144,0.048342207163601186,0.0
209,Hamas,2022-06-06,2022-06-13,139,16.0,16.0,5.0,2.0,1.0,3.0,11.0,2.0,0.0,0.0,0.0,2.833213344056216,0.3125,0.125,0.0625,0.1875,0.6875,0.125,0.0,0.0,0.6931471805599453,0.0,2022-06-13,2022-06-20,2.6639288158795345,0.0,0.0,0.0,2022-06-06,0.13656884875846498,0.0,0.0
209,Hamas,2022-06-13,2022-06-20,140,53.0,53.0,46.0,38.0,12.0,42.0,10.0,1.0,0.0,0.0,0.0,3.9889840465642745,0.8679245283018868,0.7169811320754716,0.22641509433962265,0.7924528301886793,0.18867924528301888,0.018867924528301886,0.0,0.0,0.6931471805599453,0.0,2022-06-20,2022-06-27,2.6830937713894594,0.0,0.0,0.0,2022-06-13,0.9891392308019933,0.7773383988748653,0.1191072521845606
209,Hamas,2022-06-20,2022-06-27,141,23.0,23.0,13.0,6.0,2.0,6.0,15.0,2.0,0.0,0.0,0.0,3.1780538303479458,0.5652173913043478,0.2608695652173913,0.08695652173913043,0.2608695652173913,0.6521739130434783,0.08695652173913043,0.0,0.0,0.0,0.6931471805599453,2022-06-27,2022-07-04,2.702258726899384,0.0,0.0,0.0,2022-06-20,0.5244871920698793,0.12363735847468328,0.0
209,Hamas,2022-06-27,2022-07-04,142,23.0,23.0,15.0,0.0,0.0,1.0,19.0,3.0,0.0,0.0,0.0,3.1780538303479458,0.6521739130434783,0.0,0.0,0.043478260869565216,0.8260869565217391,0.13043478260869565,0.0,0.0,0.0,0.6931471805599453,2022-07-04,2022-07-11,2.7214236824093088,0.0,0.0,0.0,2022-06-27,0.6579644714888606,0.0,0.0
209,Hamas,2022-07-04,2022-07-11,143,11.0,11.0,6.0,1.0,1.0,1.0,9.0,1.0,0.0,0.0,0.0,2.4849066497880004,0.5454545454545454,0.09090909090909091,0.09090909090909091,0.09090909090909091,0.8181818181818182,0.09090909090909091,0.0,0.0,0.0,0.6931471805599453,2022-07-11,2022-07-18,2.7405886379192332,0.0,0.0,0.0,2022-07-04,0.4941514467473835,0.0,0.0
209,Hamas,2022-07-11,2022-07-18,144,45.0,45.0,36.0,24.0,1.0,26.0,14.0,5.0,0.0,0.0,0.0,3.828641396489095,0.8,0.5333333333333333,0.022222222222222223,0.5777777777777777,0.3111111111111111,0.1111111111111111,0.0,0.0,0.0,0.6931471805599453,2022-07-18,2022-07-25,2.759753593429158,0.0,0.0,0.0,2022-07-11,0.8848758465011287,0.5141335914811229,0.0
209,Hamas,2022-07-18,2022-07-25,145,24.0,24.0,18.0,16.0,2.0,16.0,5.0,3.0,0.0,0.0,0.0,3.2188758248682006,0.75,0.6666666666666666,0.08333333333333333,0.6666666666666666,0.20833333333333334,0.125,0.0,0.0,0.0,0.0,2022-07-25,2022-08-01,2.7789185489390826,0.0,0.0,0.0,2022-07-18,0.8081264108352144,0.7052274927395934,0.0
209,Hamas,2022-07-25,2022-08-01,146,12.0,12.0,9.0,1.0,0.0,1.0,7.0,4.0,0.0,0.0,0.0,2.5649493574615367,0.75,0.08333333333333333,0.0,0.08333333333333333,0.5833333333333334,0.3333333333333333,0.0,0.0,0.0,0.0,2022-08-01,2022-08-08,2.7980835044490076,0.0,0.0,0.0,2022-07-25,0.8081264108352144,0.0,0.0
209,Hamas,2022-08-01,2022-08-08,147,84.0,84.0,70.0,57.0,53.0,61.0,19.0,4.0,0.0,0.0,0.0,4.442651256490317,0.8333333333333334,0.6785714285714286,0.6309523809523809,0.7261904761904762,0.2261904761904762,0.047619047619047616,0.0,0.0,0.0,0.0,2022-08-08,2022-08-15,2.817248459958932,0.0,0.0,0.0,2022-08-01,0.9360421369450715,0.7222894482090997,0.6481481481481481
209,Hamas,2022-08-08,2022-08-15,148,54.0,54.0,42.0,29.0,25.0,31.0,18.0,5.0,0.0,0.0,0.0,4.007333185232471,0.7777777777777778,0.5370370370370371,0.46296296296296297,0.5740740740740741,0.3333333333333333,0.09259259259259259,0.0,0.0,0.0,0.0,2022-08-15,2022-08-22,2.836413415468857,0.0,0.0,0.0,2022-08-08,0.8507649862051668,0.5194417554049694,0.42845697221311774
209,Hamas,2022-08-15,2022-08-22,149,25.0,25.0,13.0,12.0,11.0,14.0,10.0,1.0,0.0,0.0,0.0,3.258096538021482,0.52,0.48,0.44,0.56,0.4,0.04,0.0,0.0,0.0,0.0,2022-08-22,2022-08-29,2.855578370978782,0.0,0.0,0.0,2022-08-15,0.4550790067720091,0.43769603097773474,0.3984267453294002
209,Hamas,2022-08-22,2022-08-29,150,11.0,11.0,8.0,2.0,2.0,1.0,8.0,2.0,0.0,0.0,0.0,2.4849066497880004,0.7272727272727273,0.18181818181818182,0.18181818181818182,0.09090909090909091,0.7272727272727273,0.18181818181818182,0.0,0.0,0.0,0.0,2022-08-29,2022-09-05,2.8747433264887063,0.0,0.0,0.0,2022-08-22,0.7732403037143444,0.010340579072428076,0.060784839545901505
209,Hamas,2022-08-29,2022-09-05,151,17.0,17.0,10.0,10.0,8.0,10.0,7.0,0.0,0.0,0.0,0.0,2.8903717578961645,0.5882352941176471,0.5882352941176471,0.47058823529411764,0.5882352941176471,0.4117647058823529,0.0,0.6931471805599453,1.0,0.0,0.0,2022-09-05,2022-09-12,2.8939082819986313,0.0,0.0,0.0,2022-08-29,0.5598194130925508,0.5928193155287285,0.43842905893920986
209,Hamas,2022-09-05,2022-09-12,152,13.0,13.0,6.0,3.0,3.0,3.0,9.0,1.0,1.0,1.0,0.6931471805599453,2.6390573296152584,0.46153846153846156,0.23076923076923078,0.23076923076923078,0.23076923076923078,0.6923076923076923,0.07692307692307693,0.0,0.0,0.0,0.0,2022-09-12,2022-09-19,2.9130732375085557,0.0,0.0,0.0,2022-09-05,0.36534120507032475,0.08049743093305536,0.12480145223508057
209,Hamas,2022-09-12,2022-09-19,153,9.0,9.0,5.0,2.0,0.0,2.0,6.0,1.0,0.0,0.0,0.6931471805599453,2.302585092994046,0.5555555555555556,0.2222222222222222,0.0,0.2222222222222222,0.6666666666666666,0.1111111111111111,0.0,0.0,0.0,0.0,2022-09-19,2022-09-26,2.9322381930184807,0.0,0.0,0.0,2022-09-12,0.5096563832455481,0.06824782187802517,0.0
209,Hamas,2022-09-19,2022-09-26,154,30.0,30.0,24.0,16.0,13.0,16.0,12.0,2.0,0.0,0.0,0.6931471805599453,3.4339872044851463,0.8,0.5333333333333333,0.43333333333333335,0.5333333333333333,0.4,0.06666666666666667,0.0,0.0,0.0,0.0,2022-09-26,2022-10-03,2.951403148528405,0.0,0.0,0.0,2022-09-19,0.8848758465011287,0.5141335914811229,0.3897082923631596
209,Hamas,2022-09-26,2022-10-03,155,10.0,10.0,7.0,2.0,2.0,2.0,4.0,4.0,0.0,0.0,0.6931471805599453,2.3978952727983707,0.7,0.2,0.2,0.2,0.4,0.4,0.6931471805599453,1.0,0.0,0.0,2022-10-03,2022-10-10,2.97056810403833,0.0,0.0,0.0,2022-09-26,0.7313769751693001,0.03639883833494679,0.08456243854473945
209,Hamas,2022-10-03,2022-10-10,156,26.0,26.0,21.0,14.0,8.0,14.0,11.0,1.0,1.0,1.0,0.6931471805599453,3.295836866004329,0.8076923076923077,0.5384615384615384,0.3076923076923077,0.5384615384615384,0.4230769230769231,0.038461538461538464,1.0986122886681098,2.0,0.6931471805599453,0.0,2022-10-10,2022-10-17,2.9897330595482545,0.0,0.0,0.0,2022-10-03,0.8966834519881924,0.521483356914141,0.2253989864609334
209,Hamas,2022-10-10,2022-10-17,157,30.0,30.0,23.0,13.0,11.0,14.0,14.0,2.0,2.0,1.0,1.3862943611198906,3.4339872044851463,0.7666666666666667,0.43333333333333335,0.36666666666666664,0.4666666666666667,0.4666666666666667,0.06666666666666667,0.0,0.0,0.6931471805599453,0.0,2022-10-17,2022-10-24,3.0088980150581794,0.0,0.0,0.0,2022-10-10,0.8337095560571859,0.3708131655372701,0.3025237627007538
209,Hamas,2022-10-17,2022-10-24,158,19.0,19.0,16.0,7.0,8.0,6.0,8.0,5.0,0.0,0.0,1.3862943611198906,2.995732273553991,0.8421052631578947,0.3684210526315789,0.42105263157894735,0.3157894736842105,0.42105263157894735,0.2631578947368421,1.0986122886681098,2.0,0.6931471805599453,0.0,2022-10-24,2022-10-31,3.028062970568104,0.0,0.0,0.0,2022-10-17,0.9495069502197933,0.2777806083456463,0.37364798426745327
209,Hamas,2022-10-24,2022-10-31,159,20.0,20.0,14.0,7.0,6.0,8.0,12.0,0.0,2.0,1.0,1.791759469228055,3.044522437723423,0.7,0.35,0.3,0.4,0.6,0.0,0.0,0.0,0.6931471805599453,0.0,2022-10-31,2022-11-07,3.047227926078029,0.0,0.0,0.0,2022-10-24,0.7313769751693001,0.251379477250726,0.21533923303834807
209,Hamas,2022-10-31,2022-11-07,160,19.0,19.0,13.0,9.0,4.0,8.0,10.0,1.0,0.0,0.0,1.6094379124341003,2.995732273553991,0.6842105263157895,0.47368421052631576,0.21052631578947367,0.42105263157894735,0.5263157894736842,0.05263157894736842,0.0,0.0,0.6931471805599453,0.6931471805599453,2022-11-07,2022-11-14,3.0663928815879533,0.0,0.0,0.0,2022-10-31,0.707140311274801,0.4286442146023335,0.0983284169124877
209,Hamas,2022-11-07,2022-11-14,161,13.0,13.0,6.0,2.0,0.0,2.0,10.0,1.0,0.0,0.0,1.0986122886681098,2.6390573296152584,0.46153846153846156,0.15384615384615385,0.0,0.15384615384615385,0.7692307692307693,0.07692307692307693,0.0,0.0,1.3862943611198906,0.6931471805599453,2022-11-14,2022-11-21,3.0855578370978782,0.0,0.0,0.0,2022-11-07,0.36534120507032475,0.0,0.0
209,Hamas,2022-11-14,2022-11-21,162,16.0,16.0,11.0,8.0,6.0,8.0,8.0,0.0,0.0,0.0,1.0986122886681098,2.833213344056216,0.6875,0.5,0.375,0.5,0.5,0.0,1.0986122886681098,2.0,1.3862943611198906,0.6931471805599453,2022-11-21,2022-11-28,3.1047227926078027,0.0,0.0,0.0,2022-11-14,0.7121896162528217,0.46636011616650536,0.3134218289085546
209,Hamas,2022-11-21,2022-11-28,163,13.0,13.0,6.0,3.0,3.0,3.0,9.0,1.0,2.0,1.0,1.0986122886681098,2.6390573296152584,0.46153846153846156,0.23076923076923078,0.23076923076923078,0.23076923076923078,0.6923076923076923,0.07692307692307693,0.0,0.0,1.791759469228055,0.6931471805599453,2022-11-28,2022-12-05,3.1238877481177276,0.0,0.0,0.0,2022-11-21,0.36534120507032475,0.08049743093305536,0.12480145223508057
209,Hamas,2022-11-28,2022-12-05,164,36.0,36.0,28.0,25.0,7.0,25.0,10.0,1.0,0.0,0.0,1.0986122886681098,3.6109179126442243,0.7777777777777778,0.6944444444444444,0.19444444444444445,0.6944444444444444,0.2777777777777778,0.027777777777777776,0.0,0.0,1.6094379124341003,0.6931471805599453,2022-12-05,2022-12-12,3.143052703627652,0.0,0.0,0.0,2022-11-28,0.8507649862051668,0.7450387221684414,0.07729706107287229
209,Hamas,2022-12-05,2022-12-12,165,37.0,37.0,14.0,7.0,6.0,7.0,27.0,3.0,0.0,0.0,1.0986122886681098,3.6375861597263857,0.3783783783783784,0.1891891891891892,0.16216216216216217,0.1891891891891892,0.7297297297297297,0.08108108108108109,0.0,0.0,1.0986122886681098,1.3862943611198906,2022-12-12,2022-12-19,3.162217659137577,0.0,0.0,0.0,2022-12-05,0.23769141602098715,0.02090473823290864,0.03507932711472536
209,Hamas,2022-12-12,2022-12-19,166,13.0,13.0,9.0,5.0,3.0,5.0,6.0,2.0,0.0,0.0,1.0986122886681098,2.6390573296152584,0.6923076923076923,0.38461538461538464,0.23076923076923078,0.38461538461538464,0.46153846153846156,0.15384615384615385,0.6931471805599453,1.0,1.0986122886681098,1.3862943611198906,2022-12-19,2022-12-26,3.1813826146475015,0.0,0.0,0.0,2022-12-12,0.7195693696822365,0.3009903939235982,0.12480145223508057
209,Hamas,2022-12-19,2022-12-26,167,7.0,7.0,4.0,4.0,4.0,5.0,2.0,0.0,1.0,1.0,0.6931471805599453,2.0794415416798357,0.5714285714285714,0.5714285714285714,0.5714285714285714,0.7142857142857143,0.2857142857142857,0.0,1.3862943611198906,3.0,1.0986122886681098,1.791759469228055,2022-12-26,2023-01-02,3.2005475701574264,0.0,0.0,0.0,2022-12-19,0.5340212834569493,0.568731848983543,0.5703048180924286
209,Hamas,2022-12-26,2023-01-02,168,19.0,19.0,10.0,0.0,0.0,2.0,15.0,2.0,3.0,1.0,1.6094379124341003,2.995732273553991,0.5263157894736842,0.0,0.0,0.10526315789473684,0.7894736842105263,0.10526315789473684,0.0,0.0,1.0986122886681098,1.6094379124341003,2023-01-02,2023-01-09,3.2197125256673513,0.0,0.0,0.0,2022-12-26,0.4647736723298087,0.0,0.0
209,Hamas,2023-01-02,2023-01-09,169,41.0,41.0,33.0,14.0,11.0,19.0,21.0,1.0,0.0,0.0,1.6094379124341003,3.7376696182833684,0.8048780487804879,0.34146341463414637,0.2682926829268293,0.4634146341463415,0.5121951219512195,0.024390243902439025,0.0,0.0,1.0986122886681098,1.0986122886681098,2023-01-09,2023-01-16,3.238877481177276,0.0,0.0,0.0,2023-01-02,0.8923635963221935,0.23914480674332403,0.17387342015013074
209,Hamas,2023-01-09,2023-01-16,170,26.0,26.0,19.0,6.0,4.0,4.0,21.0,1.0,0.0,0.0,1.6094379124341003,3.295836866004329,0.7307692307692307,0.23076923076923078,0.15384615384615385,0.15384615384615385,0.8076923076923077,0.038461538461538464,0.0,0.0,1.0986122886681098,1.0986122886681098,2023-01-16,2023-01-23,3.2580424366872007,0.0,0.0,0.0,2023-01-09,0.7786073971175551,0.08049743093305536,0.024203918009227762
209,Hamas,2023-01-16,2023-01-23,171,30.0,30.0,26.0,3.0,2.0,2.0,25.0,3.0,0.0,0.0,1.3862943611198906,3.4339872044851463,0.8666666666666667,0.1,0.06666666666666667,0.06666666666666667,0.8333333333333334,0.1,0.6931471805599453,1.0,0.6931471805599453,1.0986122886681098,2023-01-23,2023-01-30,3.277207392197125,0.0,0.0,0.0,2023-01-16,0.9872084273890144,0.0,0.0
209,Hamas,2023-01-23,2023-01-30,172,96.0,96.0,80.0,66.0,57.0,66.0,23.0,7.0,1.0,1.0,0.6931471805599453,4.574710978503383,0.8333333333333334,0.6875,0.59375,0.6875,0.23958333333333334,0.07291666666666667,0.0,0.0,1.6094379124341003,1.0986122886681098,2023-01-30,2023-02-06,3.29637234770705,0.0,0.0,0.0,2023-01-23,0.9360421369450715,0.7350859148112294,0.5994960668633235
209,Hamas,2023-01-30,2023-02-06,173,42.0,42.0,33.0,19.0,13.0,19.0,20.0,3.0,0.0,0.0,0.6931471805599453,3.7612001156935624,0.7857142857142857,0.4523809523809524,0.30952380952380953,0.4523809523809524,0.47619047619047616,0.07142857142857142,1.791759469228055,5.0,1.6094379124341003,1.0986122886681098,2023-02-06,2023-02-13,3.3155373032169746,0.0,0.0,0.0,2023-01-30,0.8629474363108675,0.39811229428848016,0.2277941658472632
209,Hamas,2023-02-06,2023-02-13,174,61.0,61.0,49.0,27.0,27.0,28.0,31.0,2.0,5.0,1.0,1.9459101490553132,4.127134385045092,0.8032786885245902,0.4426229508196721,0.4426229508196721,0.45901639344262296,0.5081967213114754,0.03278688524590164,0.0,0.0,1.6094379124341003,1.0986122886681098,2023-02-13,2023-02-20,3.3347022587268995,0.0,0.0,0.0,2023-02-06,0.8899085963808607,0.3841270848872455,0.40185695633251123
209,Hamas,2023-02-13,2023-02-20,175,56.0,56.0,50.0,36.0,21.0,36.0,18.0,2.0,0.0,0.0,1.9459101490553132,4.04305126783455,0.8928571428571429,0.6428571428571429,0.375,0.6428571428571429,0.32142857142857145,0.03571428571428571,1.0986122886681098,2.0,1.3862943611198906,0.6931471805599453,2023-02-20,2023-02-27,3.353867214236824,0.0,0.0,0.0,2023-02-13,1.0,0.6711035818005809,0.3134218289085546
209,Hamas,2023-02-20,2023-02-27,176,65.0,65.0,51.0,42.0,28.0,43.0,19.0,3.0,2.0,1.0,2.0794415416798357,4.189654742026425,0.7846153846153846,0.6461538461538462,0.4307692307692308,0.6615384615384615,0.2923076923076923,0.046153846153846156,0.0,0.0,0.6931471805599453,1.6094379124341003,2023-02-27,2023-03-06,3.373032169746749,0.0,0.0,0.0,2023-02-20,0.8612606355270012,0.6758284310075211,0.3863550412222979
209,Hamas,2023-02-27,2023-03-06,177,26.0,26.0,20.0,14.0,13.0,12.0,11.0,3.0,0.0,0.0,2.0794415416798357,3.295836866004329,0.7692307692307693,0.5384615384615384,0.5,0.46153846153846156,0.4230769230769231,0.11538461538461539,2.302585092994046,9.0,0.6931471805599453,1.6094379124341003,2023-03-06,2023-03-13,3.3921971252566734,0.0,0.0,0.0,2023-02-27,0.8376454245528738,0.521483356914141,0.4768928220255654
209,Hamas,2023-03-06,2023-03-13,178,69.0,69.0,56.0,45.0,41.0,45.0,20.0,4.0,9.0,3.0,2.4849066497880004,4.248495242049359,0.8115942028985508,0.6521739130434783,0.5942028985507246,0.6521739130434783,0.2898550724637681,0.057971014492753624,0.0,0.0,1.9459101490553132,1.6094379124341003,2023-03-13,2023-03-20,3.4113620807665983,0.0,0.0,0.0,2023-03-06,0.9026728170903262,0.6844564165158467,0.6000883530702692
209,Hamas,2023-03-13,2023-03-20,179,36.0,36.0,27.0,22.0,16.0,25.0,9.0,2.0,0.0,0.0,2.4849066497880004,3.6109179126442243,0.75,0.6111111111111112,0.4444444444444444,0.6944444444444444,0.25,0.05555555555555555,0.0,0.0,1.9459101490553132,1.3862943611198906,2023-03-20,2023-03-27,3.430527036276523,0.0,0.0,0.0,2023-03-13,0.8081264108352144,0.6256050338818975,0.40423904730689386
209,Hamas,2023-03-20,2023-03-27,180,28.0,28.0,19.0,8.0,5.0,8.0,16.0,4.0,0.0,0.0,2.302585092994046,3.367295829986474,0.6785714285714286,0.2857142857142857,0.17857142857142858,0.2857142857142857,0.5714285714285714,0.14285714285714285,0.0,0.0,2.0794415416798357,0.6931471805599453,2023-03-27,2023-04-03,3.4496919917864477,0.0,0.0,0.0,2023-03-20,0.6984843598839084,0.15924491771539206,0.05653883972468045
209,Hamas,2023-03-27,2023-04-03,181,39.0,39.0,32.0,11.0,10.0,9.0,23.0,7.0,0.0,0.0,2.302585092994046,3.6888794541139363,0.8205128205128205,0.28205128205128205,0.2564102564102564,0.23076923076923078,0.5897435897435898,0.1794871794871795,0.0,0.0,2.0794415416798357,0.6931471805599453,2023-04-03,2023-04-10,3.468856947296372,0.0,0.0,0.0,2023-03-27,0.9163627944666319,0.1539950852632363,0.15833396364369814
209,Hamas,2023-04-03,2023-04-10,182,346.0,346.0,327.0,290.0,104.0,292.0,44.0,10.0,0.0,0.0,0.0,5.849324779946859,0.9450867052023122,0.838150289017341,0.30057803468208094,0.8439306358381503,0.12716763005780346,0.028901734104046242,0.0,0.0,2.4849066497880004,1.9459101490553132,2023-04-10,2023-04-17,3.488021902806297,0.0,0.0,0.0,2023-04-03,1.0,0.9509985507165281,0.21609516826663486
209,Hamas,2023-04-10,2023-04-17,183,73.0,73.0,60.0,34.0,18.0,36.0,36.0,1.0,0.0,0.0,0.0,4.30406509320417,0.821917808219178,0.4657534246575342,0.2465753424657534,0.4931506849315068,0.4931506849315068,0.0136986301369863,0.0,0.0,2.4849066497880004,1.9459101490553132,2023-04-17,2023-04-24,3.5071868583162216,0.0,0.0,0.0,2023-04-10,0.9185194347382417,0.41727777851450093,0.1454721784458722
209,Hamas,2023-04-17,2023-04-24,184,44.0,44.0,26.0,11.0,6.0,11.0,29.0,4.0,0.0,0.0,0.0,3.8066624897703196,0.5909090909090909,0.25,0.13636363636363635,0.25,0.6590909090909091,0.09090909090909091,0.0,0.0,2.302585092994046,2.0794415416798357,2023-04-24,2023-05-01,3.5263518138261465,0.0,0.0,0.0,2023-04-17,0.5639236609891238,0.1080590513068732,0.0013408420488066472
209,Hamas,2023-04-24,2023-05-01,185,47.0,47.0,33.0,6.0,4.0,7.0,27.0,13.0,0.0,0.0,0.0,3.871201010907891,0.7021276595744681,0.1276595744680851,0.0851063829787234,0.14893617021276595,0.574468085106383,0.2765957446808511,1.9459101490553132,6.0,2.302585092994046,2.0794415416798357,2023-05-01,2023-05-08,3.5455167693360714,0.0,0.0,0.0,2023-04-24,0.7346429086018923,0.0,0.0
209,Hamas,2023-05-01,2023-05-08,186,143.0,143.0,124.0,97.0,70.0,94.0,42.0,7.0,6.0,3.0,1.9459101490553132,4.969813299576001,0.8671328671328671,0.6783216783216783,0.48951048951048953,0.6573426573426573,0.2937062937062937,0.04895104895104895,0.0,0.0,0.0,2.4849066497880004,2023-05-08,2023-05-15,3.564681724845996,0.0,0.0,0.0,2023-05-01,0.9879240398427757,0.7219315050873618,0.46317497644931277
209,Hamas,2023-05-08,2023-05-15,187,128.0,128.0,111.0,81.0,65.0,83.0,38.0,7.0,0.0,0.0,1.9459101490553132,4.859812404361672,0.8671875,0.6328125,0.5078125,0.6484375,0.296875,0.0546875,0.0,0.0,0.0,2.4849066497880004,2023-05-15,2023-05-22,3.583846680355921,0.0,0.0,0.0,2023-05-08,0.9880079006772009,0.6567075568731849,0.48710975909537857
209,Hamas,2023-05-15,2023-05-22,188,73.0,73.0,56.0,23.0,14.0,24.0,38.0,11.0,0.0,0.0,1.9459101490553132,4.30406509320417,0.7671232876712328,0.3150684931506849,0.1917808219178082,0.3287671232876712,0.5205479452054794,0.1506849315068493,0.0,0.0,0.0,2.302585092994046,2023-05-22,2023-05-29,3.6030116358658453,0.0,0.0,0.0,2023-05-15,0.8344104641454589,0.20131549284568154,0.07381366091512775
209,Hamas,2023-05-22,2023-05-29,189,54.0,54.0,40.0,12.0,9.0,13.0,29.0,12.0,0.0,0.0,1.9459101490553132,4.007333185232471,0.7407407407407407,0.2222222222222222,0.16666666666666666,0.24074074074074073,0.5370370370370371,0.2222222222222222,0.0,0.0,0.0,2.302585092994046,2023-05-29,2023-06-05,3.62217659137577,0.0,0.0,0.0,2023-05-22,0.7939135523785636,0.06824782187802517,0.04097017371353654
209,Hamas,2023-05-29,2023-06-05,190,38.0,38.0,22.0,11.0,11.0,13.0,18.0,7.0,0.0,0.0,0.0,3.6635616461296463,0.5789473684210527,0.2894736842105263,0.2894736842105263,0.34210526315789475,0.47368421052631576,0.18421052631578946,0.0,0.0,1.9459101490553132,0.0,2023-06-05,2023-06-12,3.6413415468856947,0.0,0.0,0.0,2023-05-29,0.5455625519781395,0.16463290365313094,0.20157325467059983
209,Hamas,2023-06-05,2023-06-12,191,26.0,26.0,18.0,4.0,4.0,5.0,19.0,2.0,0.0,0.0,0.0,3.295836866004329,0.6923076923076923,0.15384615384615385,0.15384615384615385,0.19230769230769232,0.7307692307692307,0.07692307692307693,0.0,0.0,1.9459101490553132,0.0,2023-06-12,2023-06-19,3.6605065023956196,0.0,0.0,0.0,2023-06-05,0.7195693696822365,0.0,0.024203918009227762
209,Hamas,2023-06-12,2023-06-19,192,23.0,23.0,13.0,7.0,6.0,5.0,12.0,6.0,0.0,0.0,0.0,3.1780538303479458,0.5652173913043478,0.30434782608695654,0.2608695652173913,0.21739130434782608,0.5217391304347826,0.2608695652173913,1.791759469228055,5.0,1.9459101490553132,0.0,2023-06-19,2023-06-26,3.679671457905544,0.0,0.0,0.0,2023-06-12,0.5244871920698793,0.1859505871459237,0.16416570475824036
209,Hamas,2023-06-19,2023-06-26,193,78.0,78.0,62.0,49.0,47.0,50.0,21.0,7.0,5.0,2.0,1.791759469228055,4.3694478524670215,0.7948717948717948,0.6282051282051282,0.6025641025641025,0.6410256410256411,0.2692307692307692,0.08974358974358974,0.0,0.0,1.9459101490553132,0.0,2023-06-26,2023-07-03,3.698836413415469,0.0,0.0,0.0,2023-06-19,0.8770041095097528,0.6501042519919578,0.6110228676600358
209,Hamas,2023-06-26,2023-07-03,194,38.0,38.0,28.0,9.0,7.0,10.0,21.0,7.0,0.0,0.0,1.791759469228055,3.6635616461296463,0.7368421052631579,0.23684210526315788,0.18421052631578946,0.2631578947368421,0.5526315789473685,0.18421052631578946,1.0986122886681098,2.0,0.0,1.9459101490553132,2023-07-03,2023-07-10,3.7180013689253935,0.0,0.0,0.0,2023-06-26,0.7879291909231317,0.08920110052478727,0.063913470993117
209,Hamas,2023-07-03,2023-07-10,195,120.0,120.0,106.0,92.0,80.0,91.0,25.0,4.0,2.0,1.0,2.0794415416798357,4.795790545596741,0.8833333333333333,0.7666666666666667,0.6666666666666666,0.7583333333333333,0.20833333333333334,0.03333333333333333,0.0,0.0,0.0,1.9459101490553132,2023-07-10,2023-07-17,3.7371663244353184,0.0,0.0,0.0,2023-07-03,1.0,0.8485479186834465,0.6948541461815797
209,Hamas,2023-07-10,2023-07-17,196,34.0,34.0,24.0,11.0,7.0,14.0,18.0,2.0,0.0,0.0,2.0794415416798357,3.5553480614894135,0.7058823529411765,0.3235294117647059,0.20588235294117646,0.4117647058823529,0.5294117647058824,0.058823529411764705,0.0,0.0,0.0,1.9459101490553132,2023-07-17,2023-07-24,3.756331279945243,0.0,0.0,0.0,2023-07-10,0.7404063205417608,0.21344171744205914,0.09225519116201052
209,Hamas,2023-07-17,2023-07-24,197,31.0,31.0,15.0,7.0,4.0,6.0,23.0,2.0,0.0,0.0,1.0986122886681098,3.4657359027997265,0.4838709677419355,0.22580645161290322,0.12903225806451613,0.1935483870967742,0.7419354838709677,0.06451612903225806,1.3862943611198906,3.0,1.791759469228055,1.9459101490553132,2023-07-24,2023-07-31,3.7754962354551678,0.0,0.0,0.0,2023-07-17,0.39962135003276783,0.07338475470755396,0.0
209,Hamas,2023-07-24,2023-07-31,198,31.0,31.0,25.0,10.0,5.0,9.0,17.0,5.0,3.0,1.0,1.791759469228055,3.4657359027997265,0.8064516129032258,0.3225806451612903,0.16129032258064516,0.2903225806451613,0.5483870967741935,0.16129032258064516,0.6931471805599453,1.0,1.791759469228055,0.0,2023-07-31,2023-08-07,3.7946611909650922,0.0,0.0,0.0,2023-07-24,0.8947789994902788,0.21208194110483092,0.03393916325689092
209,Hamas,2023-07-31,2023-08-07,199,54.0,54.0,43.0,34.0,24.0,30.0,20.0,4.0,1.0,1.0,1.6094379124341003,4.007333185232471,0.7962962962962963,0.6296296296296297,0.4444444444444444,0.5555555555555556,0.37037037037037035,0.07407407407407407,0.0,0.0,2.0794415416798357,0.0,2023-08-07,2023-08-14,3.813826146475017,0.0,0.0,0.0,2023-07-31,0.8791907031184684,0.6521458535011294,0.40423904730689386
209,Hamas,2023-08-07,2023-08-14,200,28.0,28.0,20.0,10.0,9.0,9.0,16.0,3.0,0.0,0.0,1.6094379124341003,3.367295829986474,0.7142857142857143,0.35714285714285715,0.32142857142857145,0.32142857142857145,0.5714285714285714,0.10714285714285714,0.0,0.0,2.0794415416798357,0.0,2023-08-14,2023-08-21,3.8329911019849416,0.0,0.0,0.0,2023-08-07,0.7533053853595615,0.26161665053242983,0.24336283185840712
209,Hamas,2023-08-14,2023-08-21,201,37.0,37.0,25.0,19.0,15.0,20.0,14.0,3.0,0.0,0.0,1.6094379124341003,3.6375861597263857,0.6756756756756757,0.5135135135135135,0.40540540540540543,0.5405405405405406,0.3783783783783784,0.08108108108108109,0.0,0.0,1.0986122886681098,1.791759469228055,2023-08-21,2023-08-28,3.8521560574948666,0.0,0.0,0.0,2023-08-14,0.694039411872369,0.485727741294053,0.3531850434505302
209,Hamas,2023-08-21,2023-08-28,202,38.0,38.0,33.0,19.0,12.0,19.0,18.0,1.0,0.0,0.0,0.6931471805599453,3.6635616461296463,0.868421052631579,0.5,0.3157894736842105,0.5,0.47368421052631576,0.02631578947368421,0.0,0.0,1.791759469228055,1.791759469228055,2023-08-28,2023-09-04,3.871321013004791,0.0,0.0,0.0,2023-08-21,0.9899013900439587,0.46636011616650536,0.23598820058997047
209,Hamas,2023-08-28,2023-09-04,203,25.0,25.0,18.0,9.0,8.0,10.0,13.0,2.0,0.0,0.0,0.0,3.258096538021482,0.72,0.36,0.32,0.4,0.52,0.08,0.0,0.0,1.6094379124341003,2.0794415416798357,2023-09-04,2023-09-11,3.890485968514716,0.0,0.0,0.0,2023-08-28,0.7620767494356658,0.2657115198451113,0.24149459193706982
209,Hamas,2023-09-04,2023-09-11,204,34.0,34.0,26.0,14.0,12.0,15.0,17.0,2.0,0.0,0.0,0.0,3.5553480614894135,0.7647058823529411,0.4117647058823529,0.35294117647058826,0.4411764705882353,0.5,0.058823529411764705,0.0,0.0,1.6094379124341003,2.0794415416798357,2023-09-11,2023-09-18,3.909650924024641,0.0,0.0,0.0,2023-09-04,0.8306997742663657,0.3399009168042822,0.284574006593788
209,Hamas,2023-09-11,2023-09-18,205,56.0,56.0,49.0,35.0,28.0,35.0,18.0,3.0,0.0,0.0,0.0,4.04305126783455,0.875,0.625,0.5,0.625,0.32142857142857145,0.05357142857142857,1.9459101490553132,6.0,1.6094379124341003,1.0986122886681098,2023-09-18,2023-09-25,3.9288158795345653,0.0,0.0,0.0,2023-09-11,1.0,0.6455106485963215,0.4768928220255654
209,Hamas,2023-09-18,2023-09-25,206,78.0,78.0,66.0,50.0,32.0,51.0,26.0,1.0,6.0,2.0,1.9459101490553132,4.3694478524670215,0.8461538461538461,0.6410256410256411,0.41025641025641024,0.6538461538461539,0.3333333333333333,0.01282051282051282,0.6931471805599453,1.0,0.6931471805599453,1.791759469228055,2023-09-25,2023-10-02,3.9479808350444903,0.0,0.0,0.0,2023-09-18,0.955721479423511,0.6684786655745031,0.35952903209540377
209,Hamas,2023-09-25,2023-10-02,207,76.0,76.0,60.0,49.0,27.0,50.0,21.0,5.0,1.0,1.0,2.0794415416798357,4.343805421853684,0.7894736842105263,0.6447368421052632,0.35526315789473684,0.6578947368421053,0.27631578947368424,0.06578947368421052,8.443761913330354,4645.0,0.0,1.6094379124341003,2023-10-02,2023-10-09,3.9671457905544147,0.0,0.0,1.0,2023-09-25,0.8687180705714626,0.6737975747694502,0.28761061946902655
209,Hamas,2023-10-02,2023-10-09,208,2033.0,2033.0,1893.0,1482.0,1244.0,1451.0,503.0,79.0,4645.0,71.0,8.445267451844648,7.617759576608505,0.9311362518445647,0.7289719626168224,0.6119035907525824,0.7137235612395475,0.24741760944417118,0.03885882931628136,7.077498053569231,1184.0,0.0,1.6094379124341003,2023-10-09,2023-10-16,3.9863107460643397,0.0,0.0,1.0,2023-10-02,1.0,0.7945237082809348,0.6232367509350389
209,Hamas,2023-10-09,2023-10-16,209,7089.0,7089.0,6247.0,3955.0,3357.0,3878.0,2764.0,447.0,1184.0,117.0,8.671972245203792,8.866440619526173,0.8812244322189308,0.5579066158837636,0.47355057130765976,0.5470447171674425,0.3898998448300183,0.06305543800253914,7.945909598613133,2823.0,0.0,1.6094379124341003,2023-10-16,2023-10-23,4.005475701574264,0.0,0.0,1.0,2023-10-09,1.0,0.549352124700786,0.44230310701985004
209,Hamas,2023-10-16,2023-10-23,210,4033.0,4033.0,3396.0,1768.0,1485.0,1772.0,1973.0,288.0,2823.0,174.0,9.06577692078483,8.302513718514158,0.8420530622365485,0.4383833374659063,0.3682122489461939,0.43937515497148527,0.4892139846268287,0.0714108604016861,7.540090320145325,1881.0,1.9459101490553132,0.6931471805599453,2023-10-23,2023-10-30,4.024640657084189,0.0,0.0,1.0,2023-10-16,0.949426822394702,0.37805085297025587,0.30454502566218083
209,Hamas,2023-10-23,2023-10-30,211,3487.0,3487.0,2980.0,1653.0,1253.0,1635.0,1627.0,225.0,1881.0,89.0,9.262363400043334,8.15708378502887,0.8546028104387726,0.4740464582735876,0.35933467163751076,0.46888442787496415,0.4665901921422426,0.06452537998279323,8.429454277108231,4579.0,2.0794415416798357,0.0,2023-10-30,2023-11-06,4.043805612594114,0.0,0.0,1.0,2023-10-23,0.9686905442401025,0.42916338961669553,0.29293521462919303
209,Hamas,2023-10-30,2023-11-06,212,1106.0,1106.0,922.0,583.0,458.0,595.0,438.0,73.0,4579.0,136.0,9.256078263650036,7.009408932708637,0.833634719710669,0.527124773960217,0.4141048824593128,0.5379746835443038,0.3960216998191682,0.06600361663652803,7.00850518208228,1105.0,8.445267451844648,0.0,2023-11-06,2023-11-13,4.0629705681040384,0.0,0.0,1.0,2023-10-30,0.9365047616326297,0.5052354577425956,0.3645619406793373
209,Hamas,2023-11-06,2023-11-13,213,23.0,23.0,22.0,13.0,13.0,12.0,8.0,3.0,1105.0,107.0,9.248502833070532,3.1780538303479458,0.9565217391304348,0.5652173913043478,0.5652173913043478,0.5217391304347826,0.34782608695652173,0.13043478260869565,7.05617528410041,1159.0,8.671972245203792,0.0,2023-11-13,2023-11-20,4.082135523613963,0.0,0.0,1.0,2023-11-06,1.0,0.5598299591733659,0.5621820358257449
209,Hamas,2023-11-13,2023-11-20,214,19.0,19.0,18.0,10.0,7.0,10.0,9.0,0.0,1159.0,79.0,9.073947747070628,2.995732273553991,0.9473684210526315,0.5263157894736842,0.3684210526315789,0.5263157894736842,0.47368421052631576,0.0,6.586171654854675,724.0,9.06577692078483,1.9459101490553132,2023-11-20,2023-11-27,4.101300479123887,0.0,0.0,1.0,2023-11-13,1.0,0.5040760177306771,0.3048180924287119
209,Hamas,2023-11-20,2023-11-27,215,11.0,11.0,10.0,4.0,3.0,4.0,7.0,0.0,724.0,76.0,8.931684110731714,2.4849066497880004,0.9090909090909091,0.36363636363636365,0.2727272727272727,0.36363636363636365,0.6363636363636364,0.0,8.50086053679534,4918.0,9.262363400043334,2.0794415416798357,2023-11-27,2023-12-04,4.120465434633813,0.0,0.0,1.0,2023-11-20,1.0,0.2709231716976151,0.17967283454009114
209,Hamas,2023-11-27,2023-12-04,216,845.0,845.0,763.0,545.0,404.0,524.0,283.0,38.0,4918.0,57.0,8.975503722070927,6.740519359606223,0.9029585798816568,0.6449704142011834,0.47810650887573963,0.6201183431952663,0.3349112426035503,0.04497041420118343,7.299797366758161,1479.0,9.256078263650036,8.445267451844648,2023-12-04,2023-12-11,4.139630390143737,0.0,0.0,1.0,2023-11-27,1.0,0.6741323312922092,0.44826121613051495
209,Hamas,2023-12-04,2023-12-11,217,1589.0,1589.0,1348.0,828.0,610.0,839.0,642.0,108.0,1479.0,99.0,9.0217190130337,7.371489295214277,0.8483322844556325,0.5210824417872876,0.3838892385147892,0.5280050346129641,0.4040276903713027,0.06796727501573317,6.8690144506657065,961.0,9.248502833070532,8.671972245203792,2023-12-11,2023-12-18,4.158795345653662,0.0,0.0,1.0,2023-12-04,0.9590653576294133,0.4965755615354107,0.3250468900930871
209,Hamas,2023-12-11,2023-12-18,218,1225.0,1225.0,1006.0,575.0,468.0,590.0,558.0,77.0,961.0,79.0,8.997518369733845,7.111512116496157,0.8212244897959183,0.46938775510204084,0.3820408163265306,0.4816326530612245,0.4555102040816327,0.06285714285714286,6.93828448401696,1030.0,9.073947747070628,9.06577692078483,2023-12-18,2023-12-25,4.177960301163586,0.0,0.0,1.0,2023-12-11,0.9174551987838024,0.4224865163877749,0.32262958280657394
209,Hamas,2023-12-18,2023-12-25,219,1154.0,1154.0,974.0,525.0,438.0,535.0,537.0,82.0,1030.0,92.0,9.034676602846295,7.051855622955894,0.8440207972270364,0.45493934142114384,0.37954939341421146,0.46360485268630847,0.46533795493934144,0.07105719237435008,6.208590026096629,496.0,8.931684110731714,9.262363400043334,2023-12-25,2024-01-01,4.1971252566735116,0.0,0.0,1.0,2023-12-18,0.9524472733959023,0.40177898835818343,0.31937137978456365
209,Hamas,2023-12-25,2024-01-01,220,1076.0,1076.0,882.0,565.0,464.0,571.0,433.0,72.0,496.0,57.0,8.28576542051433,6.981934677156389,0.8197026022304833,0.525092936802974,0.4312267657992565,0.5306691449814126,0.4024163568773234,0.06691449814126393,7.621684998724611,2041.0,8.975503722070927,9.256078263650036,2024-01-01,2024-01-08,4.216290212183436,0.0,0.0,1.0,2023-12-25,0.9151191185479202,0.5023234200743495,0.38695339086825087
209,Hamas,2024-01-01,2024-01-08,221,1504.0,1504.0,1275.0,873.0,782.0,881.0,548.0,75.0,2041.0,60.0,8.418256443556213,7.316548177182976,0.8477393617021277,0.5804521276595744,0.5199468085106383,0.5857712765957447,0.36436170212765956,0.049867021276595744,5.831882477283517,340.0,9.0217190130337,9.248502833070532,2024-01-08,2024-01-15,4.2354551676933605,0.0,0.0,1.0,2024-01-01,0.9581552278949139,0.5816644482090997,0.5029786187995565
209,Hamas,2024-01-08,2024-01-15,222,999.0,999.0,826.0,395.0,316.0,422.0,502.0,75.0,340.0,44.0,8.270781013162674,6.907755278982137,0.8268268268268268,0.3953953953953954,0.3163163163163163,0.42242242242242245,0.5025025025025025,0.07507507507507508,5.62040086571715,275.0,8.997518369733845,9.073947747070628,2024-01-15,2024-01-22,4.254620123203286,0.0,0.0,1.0,2024-01-08,0.926054722894452,0.31644035129030296,0.23667718849626418
209,Hamas,2024-01-15,2024-01-22,223,923.0,923.0,745.0,393.0,317.0,407.0,451.0,65.0,275.0,49.0,8.056109659545061,6.828712071641684,0.8071505958829902,0.4257854821235103,0.3434452871072589,0.4409534127843987,0.4886240520043337,0.07042253521126761,5.4680601411351315,236.0,9.034676602846295,8.931684110731714,2024-01-22,2024-01-29,4.27378507871321,0.0,0.0,1.0,2024-01-15,0.8958519304750189,0.3599955530337435,0.2721555868757663
209,Hamas,2024-01-22,2024-01-29,224,953.0,953.0,748.0,362.0,300.0,373.0,517.0,63.0,236.0,39.0,7.970049304976135,6.860663671448287,0.7848898216159497,0.37985309548793283,0.3147953830010493,0.391395592864638,0.5424973767051416,0.06610703043022036,7.183870715062453,1317.0,8.28576542051433,8.975503722070927,2024-01-29,2024-02-05,4.292950034223135,0.0,0.0,1.0,2024-01-22,0.8616818932253855,0.2941650608614565,0.23468816066017265
209,Hamas,2024-01-29,2024-02-05,225,888.0,888.0,720.0,386.0,318.0,377.0,456.0,55.0,1317.0,52.0,7.682021510826875,6.790097235513905,0.8108108108108109,0.4346846846846847,0.3581081081081081,0.42454954954954954,0.5135135135135135,0.061936936936936936,5.662960480135946,287.0,8.418256443556213,9.0217190130337,2024-02-05,2024-02-12,4.312114989733059,0.0,0.0,1.0,2024-01-29,0.9014703190775426,0.3727499280500249,0.2913311541630126
209,Hamas,2024-02-05,2024-02-12,226,800.0,800.0,628.0,291.0,235.0,288.0,451.0,61.0,287.0,70.0,7.65728279297819,6.68586094706836,0.785,0.36375,0.29375,0.36,0.56375,0.07625,6.135564891081739,461.0,8.270781013162674,8.997518369733845,2024-02-12,2024-02-19,4.331279945242985,0.0,0.0,1.0,2024-02-05,0.8618510158013545,0.27108603581800583,0.20716568338249755
209,Hamas,2024-02-12,2024-02-19,227,754.0,754.0,615.0,324.0,272.0,330.0,382.0,42.0,461.0,68.0,7.741533589281828,6.626717749249025,0.8156498673740054,0.4297082228116711,0.36074270557029176,0.4376657824933687,0.506631299734748,0.05570291777188329,5.8971538676367405,363.0,8.056109659545061,9.034676602846295,2024-02-19,2024-02-26,4.350444900752909,0.0,0.0,1.0,2024-02-12,0.908898216285155,0.36561764169668837,0.2947765962718663
209,Hamas,2024-02-19,2024-02-26,228,607.0,607.0,481.0,204.0,167.0,204.0,367.0,36.0,363.0,51.0,7.795234929002173,6.410174881966167,0.7924217462932455,0.33607907742998355,0.2751235584843493,0.33607907742998355,0.6046128500823723,0.05930807248764415,7.156176637480615,1281.0,7.970049304976135,8.28576542051433,2024-02-26,2024-03-04,4.369609856262834,0.0,0.0,1.0,2024-02-19,0.873243312594598,0.23142795172806455,0.1828066202401028
209,Hamas,2024-02-26,2024-03-04,229,693.0,693.0,555.0,283.0,245.0,286.0,355.0,52.0,1281.0,53.0,7.780303087908373,6.542471960506805,0.8008658008658008,0.4083694083694084,0.35353535353535354,0.4126984126984127,0.5122655122655123,0.07503607503607504,5.886104031450156,359.0,7.682021510826875,8.418256443556213,2024-03-04,2024-03-11,4.388774811772758,0.0,0.0,1.0,2024-02-26,0.8862048410581141,0.33503476194666904,0.28535105231270425
209,Hamas,2024-03-04,2024-03-11,230,684.0,684.0,558.0,227.0,178.0,233.0,393.0,58.0,359.0,48.0,7.80994708647679,6.529418838262226,0.8157894736842105,0.33187134502923976,0.260233918128655,0.3406432748538012,0.5745614035087719,0.0847953216374269,5.793013608384144,327.0,7.65728279297819,8.270781013162674,2024-03-11,2024-03-18,4.407939767282683,0.0,0.0,1.0,2024-03-04,0.9091125103956279,0.22539741172874103,0.16333442587129904
209,Hamas,2024-03-11,2024-03-18,231,762.0,762.0,630.0,311.0,262.0,334.0,371.0,57.0,327.0,44.0,7.754052639035757,6.637258031284457,0.8267716535433071,0.40813648293963256,0.3438320209973753,0.43832020997375326,0.4868766404199475,0.07480314960629922,5.8377304471659395,342.0,7.741533589281828,8.056109659545061,2024-03-18,2024-03-25,4.427104722792608,0.0,0.0,1.0,2024-03-11,0.9259700325269725,0.33470093222858277,0.272661345060481
209,Hamas,2024-03-18,2024-03-25,232,687.0,687.0,570.0,300.0,268.0,300.0,340.0,47.0,342.0,51.0,7.745002803515839,6.5337888379333435,0.8296943231441049,0.4366812227074236,0.3901018922852984,0.4366812227074236,0.4949053857350801,0.06841339155749636,5.777652323222656,322.0,7.795234929002173,7.970049304976135,2024-03-25,2024-04-01,4.446269678302532,0.0,0.0,1.0,2024-03-18,0.9304562973769556,0.3756113748483453,0.3331715995471454
209,Hamas,2024-03-25,2024-04-01,233,656.0,656.0,564.0,265.0,229.0,263.0,342.0,51.0,322.0,54.0,7.208600337960199,6.48768401848461,0.8597560975609756,0.40396341463414637,0.3490853658536585,0.4009146341463415,0.5213414634146342,0.07774390243902439,6.408528791059498,606.0,7.780303087908373,7.682021510826875,2024-04-01,2024-04-08,4.465434633812457,0.0,0.0,1.0,2024-03-25,0.9766007818091724,0.3287200729582321,0.279531501067223
209,Hamas,2024-04-01,2024-04-08,234,705.0,705.0,572.0,293.0,263.0,292.0,337.0,76.0,606.0,40.0,7.37650812632622,6.559615237493242,0.8113475177304964,0.4156028368794326,0.3730496453900709,0.41418439716312055,0.47801418439716314,0.10780141843971631,5.0689042022202315,158.0,7.80994708647679,7.65728279297819,2024-04-08,2024-04-15,4.484599589322382,0.0,0.0,1.0,2024-04-01,0.9022941581416197,0.3454017424975799,0.31087121766843095
209,Hamas,2024-04-08,2024-04-15,235,886.0,886.0,719.0,375.0,315.0,364.0,462.0,60.0,158.0,35.0,7.264730177929867,6.787844982309579,0.8115124153498872,0.42325056433408575,0.35553047404063204,0.4108352144469526,0.5214446952595937,0.06772009029345373,5.220355825078324,184.0,7.754052639035757,7.741533589281828,2024-04-15,2024-04-22,4.503764544832307,0.0,0.0,1.0,2024-04-08,0.9025472741262376,0.3563624980606137,0.28796020695579216
209,Hamas,2024-04-15,2024-04-22,236,547.0,547.0,398.0,167.0,117.0,183.0,308.0,56.0,184.0,32.0,7.147559271189454,6.306275286948016,0.7276051188299817,0.3053016453382084,0.21389396709323583,0.33455210237659966,0.5630712979890311,0.10237659963436929,4.9344739331306915,138.0,7.745002803515839,7.795234929002173,2024-04-22,2024-04-29,4.522929500342231,0.0,0.0,1.0,2024-04-15,0.7737505210031321,0.18731760495955235,0.10273252333727007
209,Hamas,2024-04-22,2024-04-29,237,630.0,630.0,491.0,175.0,134.0,192.0,346.0,92.0,138.0,41.0,6.99117688712121,6.447305862541213,0.7793650793650794,0.2777777777777778,0.2126984126984127,0.3047619047619048,0.5492063492063493,0.14603174603174604,5.855071922202427,348.0,7.208600337960199,7.780303087908373,2024-04-29,2024-05-06,4.542094455852156,0.0,0.0,1.0,2024-04-22,0.8532014762263069,0.14787028073572123,0.1011690156232929
209,Hamas,2024-04-29,2024-05-06,238,684.0,684.0,558.0,177.0,111.0,176.0,397.0,111.0,348.0,40.0,6.720220155135295,6.529418838262226,0.8157894736842105,0.25877192982456143,0.16228070175438597,0.2573099415204678,0.5804093567251462,0.16228070175438597,5.786897381366708,325.0,7.37650812632622,7.80994708647679,2024-05-06,2024-05-13,4.561259411362081,0.0,0.0,1.0,2024-04-29,0.9091125103956279,0.1206310184949305,0.035234349393641444
209,Hamas,2024-05-06,2024-05-13,239,1056.0,1056.0,911.0,521.0,384.0,492.0,486.0,78.0,325.0,54.0,6.903747257584598,6.963189985870238,0.8626893939393939,0.4933712121212121,0.36363636363636365,0.4659090909090909,0.4602272727272727,0.07386363636363637,5.780743515792329,323.0,7.264730177929867,7.754052639035757,2024-05-13,2024-05-20,4.5804243668720055,0.0,0.0,1.0,2024-05-06,0.981103358642862,0.45685970914371204,0.29856082953428087
209,Hamas,2024-05-13,2024-05-20,240,744.0,744.0,616.0,368.0,305.0,371.0,307.0,66.0,323.0,59.0,7.034387929915503,6.61338421837956,0.8279569892473119,0.4946236559139785,0.4099462365591398,0.4986559139784946,0.41263440860215056,0.08870967741935484,5.84354441703136,344.0,7.147559271189454,7.745002803515839,2024-05-20,2024-05-27,4.59958932238193,0.0,0.0,1.0,2024-05-13,0.927789509454113,0.4586547169222122,0.35912339687675116
209,Hamas,2024-05-20,2024-05-27,241,819.0,819.0,680.0,312.0,208.0,313.0,440.0,66.0,344.0,52.0,7.201170883281678,6.709304340258298,0.8302808302808303,0.38095238095238093,0.25396825396825395,0.38217338217338215,0.5372405372405372,0.08058608058608059,6.246106765481563,515.0,6.99117688712121,7.208600337960199,2024-05-27,2024-06-03,4.618754277891855,0.0,0.0,1.0,2024-05-20,0.9313565792121098,0.2957405614714424,0.1551403911285917
209,Hamas,2024-05-27,2024-06-03,242,936.0,936.0,816.0,538.0,471.0,528.0,351.0,57.0,515.0,49.0,7.318539548567902,6.842683282238422,0.8717948717948718,0.5747863247863247,0.5032051282051282,0.5641025641025641,0.375,0.060897435897435896,6.214608098422191,499.0,6.720220155135295,7.37650812632622,2024-06-03,2024-06-10,4.63791923340178,0.0,0.0,1.0,2024-05-27,0.9950801643803902,0.5735441953980192,0.48108438595164255
209,Hamas,2024-06-03,2024-06-10,243,678.0,678.0,568.0,365.0,315.0,372.0,267.0,39.0,499.0,49.0,7.427738840532894,6.520621127558696,0.8377581120943953,0.5383480825958702,0.4646017699115044,0.5486725663716814,0.3938053097345133,0.05752212389380531,5.049856007249537,155.0,6.903747257584598,7.264730177929867,2024-06-10,2024-06-17,4.657084188911704,0.0,0.0,1.0,2024-06-03,0.9428341224022321,0.521320751484207,0.4306001514083588
209,Hamas,2024-06-10,2024-06-17,244,536.0,536.0,440.0,226.0,185.0,215.0,287.0,34.0,155.0,40.0,7.322510433997394,6.285998094508865,0.8208955223880597,0.4216417910447761,0.3451492537313433,0.40111940298507465,0.5354477611940298,0.06343283582089553,5.6240175061873385,276.0,7.034387929915503,7.147559271189454,2024-06-17,2024-06-24,4.676249144421629,0.0,0.0,1.0,2024-06-10,0.9169502375256899,0.3540567973299042,0.27438397980598483
209,Hamas,2024-06-17,2024-06-24,245,536.0,536.0,429.0,239.0,200.0,240.0,261.0,35.0,276.0,62.0,7.27655640271871,6.285998094508865,0.8003731343283582,0.4458955223880597,0.373134328358209,0.44776119402985076,0.4869402985074627,0.06529850746268656,5.3706380281276624,214.0,7.201170883281678,6.99117688712121,2024-06-24,2024-07-01,4.695414099931554,0.0,0.0,1.0,2024-06-17,0.8854486034837101,0.38881734839837595,0.310981963339644
209,Hamas,2024-06-24,2024-07-01,246,457.0,457.0,352.0,207.0,173.0,215.0,207.0,35.0,214.0,53.0,7.0431599159883405,6.126869184114185,0.7702407002188184,0.45295404814004375,0.3785557986870897,0.47045951859956237,0.45295404814004375,0.07658643326039387,6.505784060128229,668.0,7.318539548567902,6.720220155135295,2024-07-01,2024-07-08,4.714579055441479,0.0,0.0,1.0,2024-06-24,0.8391956572207596,0.3989336575714761,0.3180719884501763
209,Hamas,2024-07-01,2024-07-08,247,425.0,425.0,363.0,201.0,166.0,204.0,195.0,26.0,668.0,75.0,7.1808311990445555,6.054439346269371,0.8541176470588235,0.47294117647058825,0.3905882352941176,0.48,0.4588235294117647,0.0611764705882353,6.049733455231958,423.0,7.427738840532894,6.903747257584598,2024-07-08,2024-07-15,4.733744010951403,0.0,0.0,1.0,2024-07-01,0.9679458239277653,0.42757929502875697,0.33380762334432296
209,Hamas,2024-07-08,2024-07-15,248,544.0,544.0,469.0,337.0,298.0,333.0,188.0,23.0,423.0,45.0,7.366445148327599,6.300785794663244,0.8621323529411765,0.6194852941176471,0.5477941176470589,0.6121323529411765,0.34558823529411764,0.042279411764705885,5.697093486505405,297.0,7.322510433997394,7.034387929915503,2024-07-15,2024-07-22,4.7529089664613275,0.0,0.0,1.0,2024-07-08,0.9802483069977427,0.6376069486361825,0.5393964370408931
209,Hamas,2024-07-15,2024-07-22,249,445.0,445.0,380.0,256.0,214.0,266.0,160.0,19.0,297.0,67.0,7.3796321526095525,6.100318952020064,0.8539325842696629,0.5752808988764045,0.48089887640449436,0.597752808988764,0.3595505617977528,0.04269662921348315,5.37989735354046,216.0,7.27655640271871,7.201170883281678,2024-07-22,2024-07-29,4.772073921971253,0.0,0.0,1.0,2024-07-15,0.9676617546351485,0.5742530210905294,0.4519129848751008
209,Hamas,2024-07-22,2024-07-29,250,452.0,452.0,362.0,178.0,156.0,173.0,246.0,33.0,216.0,56.0,7.380879035564116,6.115892125483034,0.8008849557522124,0.3938053097345133,0.34513274336283184,0.3827433628318584,0.5442477876106194,0.07300884955752213,6.38856140554563,594.0,7.0431599159883405,7.318539548567902,2024-07-29,2024-08-05,4.791238877481177,0.0,0.0,1.0,2024-07-22,0.8862342435925609,0.3141614337482545,0.27436238807528646
209,Hamas,2024-07-29,2024-08-05,251,1948.0,1948.0,1767.0,994.0,985.0,739.0,1133.0,76.0,594.0,54.0,7.333676395657684,7.575071699507561,0.9070841889117043,0.5102669404517454,0.50564681724846,0.37936344969199176,0.5816221765913757,0.039014373716632446,5.564520407322694,260.0,7.1808311990445555,7.427738840532894,2024-08-05,2024-08-12,4.810403832991102,0.0,0.0,1.0,2024-07-29,1.0,0.4810747389533485,0.4842775486140135
209,Hamas,2024-08-05,2024-08-12,252,1112.0,1112.0,945.0,392.0,333.0,371.0,701.0,40.0,260.0,51.0,7.221105098182496,7.014814351275545,0.8498201438848921,0.35251798561151076,0.2994604316546763,0.33363309352517984,0.6303956834532374,0.03597122302158273,5.41610040220442,224.0,7.366445148327599,7.322510433997394,2024-08-12,2024-08-19,4.829568788501026,0.0,0.0,1.0,2024-08-05,0.9613492050603311,0.25498826495434823,0.21463360285223151
209,Hamas,2024-08-12,2024-08-19,253,759.0,759.0,654.0,256.0,195.0,248.0,476.0,35.0,224.0,58.0,7.166265974133638,6.633318433280377,0.8616600790513834,0.3372859025032938,0.25691699604743085,0.32674571805006586,0.6271409749670619,0.0461133069828722,5.631211781821365,278.0,7.3796321526095525,7.27655640271871,2024-08-19,2024-08-26,4.848733744010952,0.0,0.0,1.0,2024-08-12,0.9795233719073154,0.23315757856353003,0.15899666149762343
209,Hamas,2024-08-19,2024-08-26,254,506.0,506.0,419.0,221.0,179.0,219.0,260.0,27.0,278.0,69.0,7.213031659834869,6.2285110035911835,0.8280632411067194,0.4367588932806324,0.35375494071146246,0.43280632411067194,0.5138339920948617,0.0533596837944664,5.84354441703136,344.0,7.380879035564116,7.0431599159883405,2024-08-26,2024-09-02,4.867898699520876,0.0,0.0,1.0,2024-08-19,0.9279526048590726,0.37572269264470115,0.28563822138273853
209,Hamas,2024-08-26,2024-09-02,255,642.0,642.0,554.0,407.0,344.0,410.0,186.0,46.0,344.0,72.0,7.009408932708637,6.466144724237619,0.8629283489096573,0.6339563862928349,0.5358255451713395,0.6386292834890965,0.2897196261682243,0.07165109034267912,5.318119993844216,203.0,7.333676395657684,7.1808311990445555,2024-09-02,2024-09-09,4.887063655030801,0.0,0.0,1.0,2024-08-26,0.9814701518252076,0.6583469795803892,0.523744321610503
209,Hamas,2024-09-02,2024-09-09,256,717.0,717.0,625.0,275.0,256.0,237.0,383.0,97.0,203.0,58.0,6.956545443151569,6.576469569048224,0.8716875871687587,0.38354253835425384,0.35704323570432356,0.3305439330543933,0.5341701534170153,0.13528591352859135,5.4116460518550396,223.0,7.221105098182496,7.366445148327599,2024-09-09,2024-09-16,4.906228610540725,0.0,0.0,1.0,2024-09-02,0.994915483690194,0.2994527860924229,0.2899385481678961
209,Hamas,2024-09-09,2024-09-16,257,469.0,469.0,393.0,264.0,238.0,265.0,178.0,26.0,223.0,57.0,6.955592608396297,6.152732694704104,0.837953091684435,0.5628997867803838,0.5074626865671642,0.5650319829424307,0.3795309168443497,0.05543710021321962,5.429345628954441,227.0,7.166265974133638,7.3796321526095525,2024-09-16,2024-09-23,4.9253935660506505,0.0,0.0,1.0,2024-09-09,0.9431334138722705,0.5565083584979266,0.4866522843012078
209,Hamas,2024-09-16,2024-09-23,258,524.0,524.0,441.0,275.0,250.0,280.0,215.0,29.0,227.0,47.0,6.905753276311464,6.263398262591624,0.8416030534351145,0.5248091603053435,0.4770992366412214,0.5343511450381679,0.41030534351145037,0.05534351145038168,5.236441962829949,187.0,7.213031659834869,7.380879035564116,2024-09-23,2024-09-30,4.944558521560575,0.0,0.0,1.0,2024-09-16,0.948736063963607,0.5019167103892169,0.4469439377903878
209,Hamas,2024-09-23,2024-09-30,259,578.0,578.0,458.0,278.0,245.0,294.0,256.0,28.0,187.0,61.0,6.734591659972948,6.361302477572996,0.7923875432525952,0.4809688581314879,0.42387543252595156,0.5086505190311419,0.4429065743944637,0.04844290657439446,6.56244409369372,707.0,7.009408932708637,7.333676395657684,2024-09-30,2024-10-07,4.963723477070499,0.0,0.0,1.0,2024-09-23,0.8731908113132387,0.43908460257857485,0.3773395528608806
209,Hamas,2024-09-30,2024-10-07,260,1364.0,1364.0,1145.0,826.0,696.0,840.0,448.0,76.0,707.0,60.0,7.20414929203594,7.21890970761906,0.8394428152492669,0.6055718475073314,0.5102639296187683,0.6158357771260997,0.3284457478005865,0.05571847507331378,5.8522024797744745,347.0,6.956545443151569,7.221105098182496,2024-10-07,2024-10-14,4.982888432580425,0.0,0.0,1.0,2024-09-30,0.9454201227302517,0.6176661376908075,0.49031566017007067
209,Hamas,2024-10-07,2024-10-14,261,1203.0,1203.0,883.0,521.0,408.0,534.0,553.0,116.0,347.0,67.0,7.292337176173877,7.093404625868766,0.7339983374896093,0.43308395677472983,0.33915211970074816,0.44389027431421446,0.4596841230257689,0.09642560266001662,5.958424693029782,386.0,6.955592608396297,7.166265974133638,2024-10-14,2024-10-21,5.002053388090349,0.0,0.0,1.0,2024-10-07,0.7835640394874364,0.37045575799127545,0.26654112015928716
209,Hamas,2024-10-14,2024-10-21,262,1085.0,1085.0,928.0,657.0,610.0,599.0,451.0,35.0,386.0,56.0,7.395107546562485,6.990256500493881,0.8552995391705069,0.6055299539170507,0.5622119815668203,0.552073732718894,0.41566820276497696,0.03225806451612903,5.857933154483459,349.0,6.905753276311464,7.213031659834869,2024-10-21,2024-10-28,5.021218343600274,0.0,0.0,1.0,2024-10-14,0.9697600149795592,0.617606095618774,0.5582516573096077
209,Hamas,2024-10-21,2024-10-28,263,556.0,556.0,442.0,261.0,218.0,255.0,277.0,24.0,349.0,54.0,7.489970898834801,6.322565239927284,0.7949640287769785,0.4694244604316547,0.3920863309352518,0.45863309352517984,0.4982014388489209,0.04316546762589928,6.042632833682381,420.0,6.734591659972948,7.009408932708637,2024-10-28,2024-11-04,5.040383299110198,0.0,0.0,1.0,2024-10-21,0.877145687513195,0.4225391226225216,0.3357667848022467
209,Hamas,2024-10-28,2024-11-04,264,436.0,436.0,362.0,194.0,166.0,199.0,208.0,29.0,420.0,65.0,7.315218389752975,6.07993319509559,0.8302752293577982,0.44495412844036697,0.38073394495412843,0.45642201834862384,0.47706422018348627,0.06651376146788991,6.023447592961033,412.0,7.20414929203594,6.956545443151569,2024-11-04,2024-11-11,5.059548254620124,0.0,0.0,1.0,2024-10-28,0.9313479818584712,0.3874681385827331,0.32092049831759173
209,Hamas,2024-11-04,2024-11-11,265,288.0,288.0,233.0,127.0,101.0,133.0,130.0,25.0,412.0,79.0,7.357556200910353,5.666426688112432,0.8090277777777778,0.4409722222222222,0.3506944444444444,0.4618055555555556,0.4513888888888889,0.08680555555555555,5.723585101952381,305.0,7.292337176173877,6.955592608396297,2024-11-11,2024-11-18,5.078713210130048,0.0,0.0,1.0,2024-11-04,0.8987333834963632,0.3817612536302033,0.2816358024691358
209,Hamas,2024-11-11,2024-11-18,266,243.0,243.0,183.0,99.0,85.0,111.0,121.0,11.0,305.0,67.0,7.304515946460155,5.497168225293202,0.7530864197530864,0.4074074074074074,0.3497942386831276,0.4567901234567901,0.49794238683127573,0.04526748971193416,5.733341276897746,308.0,7.395107546562485,6.905753276311464,2024-11-18,2024-11-25,5.0978781656399725,0.0,0.0,1.0,2024-11-11,0.8128640303207647,0.3336560180703453,0.2804585422306388
209,Hamas,2024-11-18,2024-11-25,267,351.0,351.0,306.0,112.0,102.0,118.0,217.0,16.0,308.0,66.0,7.27655640271871,5.863631175598097,0.8717948717948718,0.3190883190883191,0.2905982905982906,0.33618233618233617,0.6182336182336182,0.045584045584045586,5.645446897643238,282.0,7.489970898834801,6.734591659972948,2024-11-25,2024-12-02,5.117043121149897,0.0,0.0,1.0,2024-11-18,0.9950801643803902,0.2070767245017003,0.20304397885518832
209,Hamas,2024-11-25,2024-12-02,268,301.0,301.0,251.0,106.0,79.0,96.0,185.0,20.0,282.0,54.0,7.176254532017144,5.71042701737487,0.8338870431893688,0.3521594684385382,0.26245847176079734,0.31893687707641194,0.6146179401993356,0.0664451827242525,5.817111159963204,335.0,7.315218389752975,7.20414929203594,2024-12-02,2024-12-09,5.136208076659822,0.0,0.0,1.0,2024-11-25,0.936892075324539,0.25447443661496205,0.16624362580320595
209,Hamas,2024-12-02,2024-12-09,269,334.0,334.0,262.0,138.0,121.0,150.0,170.0,14.0,335.0,77.0,7.115582126184454,5.814130531825066,0.7844311377245509,0.41317365269461076,0.36227544910179643,0.4491017964071856,0.5089820359281437,0.041916167664670656,5.940171252720432,379.0,7.357556200910353,7.292337176173877,2024-12-09,2024-12-16,5.155373032169747,0.0,0.0,1.0,2024-12-02,0.8609778186291074,0.34192022537693245,0.29678106913017627
209,Hamas,2024-12-09,2024-12-16,270,242.0,242.0,169.0,102.0,73.0,110.0,117.0,15.0,379.0,65.0,7.173958319756794,5.493061443340548,0.6983471074380165,0.4214876033057851,0.30165289256198347,0.45454545454545453,0.4834710743801653,0.06198347107438017,5.384495062789089,217.0,7.304515946460155,7.395107546562485,2024-12-16,2024-12-23,5.174537987679671,0.0,0.0,1.0,2024-12-09,0.7288398037423278,0.3538358148056291,0.21750083294733336
209,Hamas,2024-12-16,2024-12-23,271,256.0,256.0,184.0,92.0,75.0,92.0,145.0,19.0,217.0,51.0,7.101675971619444,5.54907608489522,0.71875,0.359375,0.29296875,0.359375,0.56640625,0.07421875,5.802118375377063,330.0,7.27655640271871,7.489970898834801,2024-12-23,2024-12-30,5.193702943189596,0.0,0.0,1.0,2024-12-16,0.760158013544018,0.26481576718296224,0.20614398967551623
209,Hamas,2024-12-23,2024-12-30,272,355.0,355.0,295.0,169.0,139.0,166.0,171.0,18.0,330.0,74.0,7.140453043101158,5.87493073085203,0.8309859154929577,0.476056338028169,0.39154929577464787,0.4676056338028169,0.48169014084507045,0.05070422535211268,5.62040086571715,275.0,7.176254532017144,7.315218389752975,2024-12-30,2025-01-06,5.212867898699521,0.0,0.0,1.0,2024-12-23,0.932438877054653,0.43204395784192084,0.3350644674339053
209,Hamas,2024-12-30,2025-01-06,273,379.0,379.0,303.0,222.0,189.0,229.0,134.0,16.0,275.0,80.0,7.091742115095153,5.940171252720432,0.7994722955145118,0.5857519788918206,0.49868073878627966,0.604221635883905,0.35356200527704484,0.04221635883905013,5.356586274672012,211.0,7.115582126184454,7.357556200910353,2025-01-06,2025-01-13,5.232032854209446,0.0,0.0,1.0,2024-12-30,0.8840658260719368,0.5892602175695455,0.47516753449926447
209,Hamas,2025-01-06,2025-01-13,274,266.0,266.0,208.0,111.0,95.0,108.0,148.0,10.0,211.0,76.0,6.9411900550683745,5.58724865840025,0.7819548872180451,0.41729323308270677,0.35714285714285715,0.40601503759398494,0.556390977443609,0.03759398496240601,5.916202062607435,370.0,7.173958319756794,7.304515946460155,2025-01-13,2025-01-20,5.25119780971937,0.0,0.0,1.0,2025-01-06,0.8571768020502724,0.3478244255362511,0.29006882989183874
209,Hamas,2025-01-13,2025-01-20,275,616.0,616.0,538.0,163.0,140.0,133.0,458.0,25.0,370.0,77.0,7.079184394609668,6.424869023905388,0.8733766233766234,0.26461038961038963,0.22727272727272727,0.2159090909090909,0.7435064935064936,0.040584415584415584,3.5553480614894135,34.0,7.101675971619444,7.27655640271871,2025-01-20,2025-01-27,5.270362765229295,0.0,0.0,1.0,2025-01-13,0.9975081352056521,0.12899872392854003,0.12022883704299633
209,Hamas,2025-01-20,2025-01-27,276,442.0,442.0,358.0,148.0,110.0,153.0,266.0,23.0,34.0,16.0,6.792344427470809,6.093569770045136,0.8099547511312217,0.334841628959276,0.248868778280543,0.34615384615384615,0.6018099547511312,0.05203619909502263,2.4849066497880004,11.0,7.140453043101158,7.176254532017144,2025-01-27,2025-02-03,5.28952772073922,0.0,0.0,1.0,2025-01-20,0.9001562771314464,0.22965443530901078,0.1484714602882224
209,Hamas,2025-01-27,2025-02-03,277,368.0,368.0,295.0,123.0,103.0,127.0,220.0,21.0,11.0,9.0,6.440946540632921,5.910796644040527,0.8016304347826086,0.3342391304347826,0.2798913043478261,0.3451086956521739,0.5978260869565217,0.057065217391304345,2.4849066497880004,11.0,7.091742115095153,7.115582126184454,2025-02-03,2025-02-10,5.308692676249144,0.0,0.0,1.0,2025-01-27,0.8873785454902345,0.2287909318574014,0.18904172544995942
209,Hamas,2025-02-03,2025-02-10,278,397.0,397.0,328.0,94.0,70.0,113.0,267.0,17.0,11.0,9.0,6.056784013228625,5.986452005284438,0.8261964735516373,0.2367758186397985,0.17632241813602015,0.28463476070528965,0.672544080604534,0.042821158690176324,2.5649493574615367,12.0,6.9411900550683745,7.173958319756794,2025-02-10,2025-02-17,5.327857631759069,0.0,0.0,1.0,2025-02-03,0.9250871377316329,0.0891060982538448,0.053597655969426554
209,Hamas,2025-02-10,2025-02-17,279,372.0,372.0,306.0,78.0,59.0,82.0,273.0,17.0,12.0,10.0,4.23410650459726,5.921578419643816,0.8225806451612904,0.20967741935483872,0.1586021505376344,0.22043010752688172,0.7338709677419355,0.0456989247311828,2.3978952727983707,10.0,7.079184394609668,7.101675971619444,2025-02-17,2025-02-24,5.347022587268994,0.0,0.0,1.0,2025-02-10,0.9195368819631545,0.05026855697467448,0.030423658028568112
209,Hamas,2025-02-17,2025-02-24,280,471.0,471.0,420.0,252.0,232.0,218.0,237.0,16.0,10.0,9.0,3.8066624897703196,6.156978985585555,0.89171974522293,0.535031847133758,0.49256900212314225,0.46284501061571126,0.5031847133757962,0.03397027600849257,2.772588722239781,15.0,6.792344427470809,7.140453043101158,2025-02-24,2025-03-03,5.366187542778919,0.0,0.0,1.0,2025-02-17,1.0,0.5165679086946067,0.4671748012033227
209,Hamas,2025-02-24,2025-03-03,281,344.0,344.0,267.0,114.0,94.0,99.0,219.0,26.0,15.0,13.0,3.8918202981106265,5.84354441703136,0.7761627906976745,0.3313953488372093,0.27325581395348836,0.2877906976744186,0.6366279069767442,0.0755813953488372,4.04305126783455,56.0,6.440946540632921,7.091742115095153,2025-03-03,2025-03-10,5.385352498288843,0.0,0.0,1.0,2025-02-24,0.8482859992650533,0.22471521195884642,0.1803640438133132
209,Hamas,2025-03-03,2025-03-10,282,313.0,313.0,245.0,82.0,69.0,82.0,205.0,26.0,56.0,12.0,4.543294782270004,5.749392985908253,0.7827476038338658,0.26198083067092653,0.22044728434504793,0.26198083067092653,0.6549520766773163,0.08306709265175719,3.6109179126442243,36.0,6.056784013228625,6.9411900550683745,2025-03-10,2025-03-17,5.404517453798768,0.0,0.0,1.0,2025-03-03,0.858393613108417,0.12523002885605689,0.11130274157218657
209,Hamas,2025-03-10,2025-03-17,283,246.0,246.0,177.0,67.0,57.0,61.0,160.0,25.0,36.0,17.0,4.770684624465665,5.5093883366279774,0.7195121951219512,0.27235772357723576,0.23170731707317074,0.24796747967479674,0.6504065040650406,0.1016260162601626,6.48768401848461,656.0,4.23410650459726,7.079184394609668,2025-03-17,2025-03-24,5.423682409308693,0.0,0.0,1.0,2025-03-10,0.7613279744535594,0.1401022359691167,0.12602825143295682
209,Hamas,2025-03-17,2025-03-24,284,723.0,723.0,660.0,511.0,433.0,501.0,187.0,35.0,656.0,118.0,6.638567789166521,6.584791392385716,0.9128630705394191,0.706777316735823,0.598893499308437,0.6929460580912863,0.25864453665283543,0.048409405255878286,5.480638923341991,239.0,3.8066624897703196,6.792344427470809,2025-03-24,2025-03-31,5.4428473648186175,0.0,0.0,1.0,2025-03-17,1.0,0.7627142472675567,0.6062225703836984
209,Hamas,2025-03-24,2025-03-31,285,426.0,426.0,369.0,228.0,196.0,214.0,167.0,45.0,239.0,64.0,6.895682697747868,6.056784013228625,0.8661971830985915,0.5352112676056338,0.460093896713615,0.5023474178403756,0.392018779342723,0.1056338028169014,5.983936280687191,396.0,3.8918202981106265,6.440946540632921,2025-03-31,2025-04-07,5.462012320328542,0.0,0.0,1.0,2025-03-24,0.9864877754109306,0.5168250548791296,0.42470489934032246
209,Hamas,2025-03-31,2025-04-07,286,349.0,349.0,292.0,196.0,165.0,192.0,129.0,28.0,396.0,79.0,7.191429330036379,5.857933154483459,0.836676217765043,0.5616045845272206,0.47277936962750716,0.5501432664756447,0.36962750716332377,0.08022922636103152,5.389071729816501,218.0,4.543294782270004,6.056784013228625,2025-04-07,2025-04-14,5.4811772758384665,0.0,0.0,1.0,2025-03-31,0.9411734268176732,0.5546520691118588,0.4412945541834656
209,Hamas,2025-04-07,2025-04-14,287,291.0,291.0,233.0,140.0,106.0,139.0,138.0,14.0,218.0,74.0,7.31986492980897,5.676753802268282,0.8006872852233677,0.48109965635738833,0.3642611683848797,0.47766323024054985,0.4742268041237113,0.048109965635738834,5.572154032177765,262.0,4.770684624465665,4.23410650459726,2025-04-14,2025-04-21,5.500342231348392,0.0,0.0,1.0,2025-04-07,0.8859308215618286,0.4392720631530624,0.299377929156234
209,Hamas,2025-04-14,2025-04-21,288,259.0,259.0,201.0,115.0,98.0,126.0,122.0,11.0,262.0,83.0,7.017506142941256,5.560681631015528,0.7760617760617761,0.444015444015444,0.3783783783783784,0.4864864864864865,0.47104247104247104,0.04247104247104247,5.796057750765372,328.0,6.638567789166521,3.8066624897703196,2025-04-21,2025-04-28,5.519507186858316,0.0,0.0,1.0,2025-04-14,0.8481309429390693,0.38612281206666493,0.317839963857663
209,Hamas,2025-04-21,2025-04-28,289,249.0,249.0,176.0,103.0,96.0,101.0,121.0,27.0,328.0,76.0,7.094234845924755,5.521460917862246,0.7068273092369478,0.41365461847389556,0.3855421686746988,0.40562248995983935,0.4859437751004016,0.10843373493975904,5.7430031878094825,311.0,6.895682697747868,3.8918202981106265,2025-04-28,2025-05-05,5.538672142368241,0.0,0.0,1.0,2025-04-21,0.7418568177903488,0.34260954758044765,0.32720853917143505
209,Hamas,2025-04-28,2025-05-05,290,214.0,214.0,149.0,87.0,54.0,89.0,106.0,19.0,311.0,86.0,7.02108396428914,5.3706380281276624,0.6962616822429907,0.40654205607476634,0.2523364485981308,0.4158878504672897,0.4953271028037383,0.08878504672897196,5.733341276897746,308.0,7.191429330036379,4.543294782270004,2025-05-05,2025-05-12,5.557837097878165,0.0,0.0,1.0,2025-04-28,0.7256386996054935,0.3324157928544933,0.15300636837317008
209,Hamas,2025-05-05,2025-05-12,291,323.0,323.0,248.0,128.0,88.0,129.0,177.0,17.0,308.0,74.0,7.098375638590786,5.780743515792329,0.7678018575851393,0.39628482972136225,0.2724458204334365,0.3993808049535604,0.5479876160990712,0.05263157894736842,6.687108607866515,801.0,7.31986492980897,4.770684624465665,2025-05-12,2025-05-19,5.577002053388091,0.0,0.0,1.0,2025-05-05,0.8354520613045028,0.31771509235476947,0.17930476025218345
209,Hamas,2025-05-12,2025-05-19,292,357.0,357.0,300.0,174.0,143.0,179.0,157.0,21.0,801.0,110.0,7.466799475018602,5.8805329864007,0.8403361344537815,0.48739495798319327,0.4005602240896359,0.5014005602240896,0.43977591036414565,0.058823529411764705,6.137727054086234,462.0,7.017506142941256,6.638567789166521,2025-05-19,2025-05-26,5.596167008898015,0.0,0.0,1.0,2025-05-12,0.9467913576265721,0.4482945162576163,0.34684867063836355
209,Hamas,2025-05-19,2025-05-26,293,345.0,345.0,278.0,160.0,143.0,164.0,166.0,15.0,462.0,108.0,7.5406215286571525,5.846438775057725,0.8057971014492754,0.463768115942029,0.4144927536231884,0.4753623188405797,0.4811594202898551,0.043478260869565216,5.948034989180646,382.0,7.094234845924755,6.895682697747868,2025-05-26,2025-06-02,5.61533196440794,0.0,0.0,1.0,2025-05-19,0.8937743317957275,0.4144324256071384,0.36506918615421885
209,Hamas,2025-05-26,2025-06-02,294,400.0,400.0,344.0,198.0,174.0,200.0,187.0,13.0,382.0,88.0,7.577633832602728,5.993961427306569,0.86,0.495,0.435,0.5,0.4675,0.0325,5.976350909297934,393.0,7.02108396428914,7.191429330036379,2025-06-02,2025-06-09,5.634496919917864,0.0,0.0,1.0,2025-05-26,0.9769751693002258,0.4591940948693127,0.39188790560471976
209,Hamas,2025-06-02,2025-06-09,295,336.0,336.0,279.0,167.0,126.0,181.0,136.0,19.0,393.0,88.0,7.620214770574455,5.820082930352362,0.8303571428571429,0.49702380952380953,0.375,0.5386904761904762,0.40476190476190477,0.05654761904761905,5.921578419643816,372.0,7.098375638590786,7.31986492980897,2025-06-09,2025-06-16,5.653661875427789,0.0,0.0,1.0,2025-06-02,0.9314737181554338,0.4620946272991288,0.3134218289085546
209,Hamas,2025-06-09,2025-06-16,296,308.0,308.0,241.0,157.0,124.0,169.0,105.0,34.0,372.0,69.0,7.383989457978509,5.733341276897746,0.7824675324675324,0.5097402597402597,0.4025974025974026,0.5487012987012987,0.3409090909090909,0.11038961038961038,6.0844994130751715,438.0,7.466799475018602,7.017506142941256,2025-06-16,2025-06-23,5.672826830937714,0.0,0.0,1.0,2025-06-09,0.8579637067221717,0.4803198979142832,0.34951282738893363
209,Hamas,2025-06-16,2025-06-23,297,1.0,1.0,1.0,1.0,1.0,1.0,0.0,0.0,438.0,61.0,7.368970402194793,0.6931471805599453,1.0,1.0,1.0,1.0,0.0,0.0,6.267200548541362,526.0,7.5406215286571525,7.094234845924755,2025-06-23,2025-06-30,5.691991786447638,0.0,0.0,1.0,2025-06-16,1.0,1.0,1.0
209,Hamas,2025-06-23,2025-06-30,298,2.0,2.0,2.0,0.0,0.0,0.0,2.0,0.0,526.0,101.0,7.455876687491824,1.0986122886681098,1.0,0.0,0.0,0.0,1.0,0.0,6.520621127558696,678.0,7.577633832602728,7.02108396428914,2025-06-30,2025-07-07,5.711156741957564,0.0,0.0,1.0,2025-06-23,1.0,0.0,0.0
209,Hamas,2025-06-30,2025-07-07,299,171.0,171.0,147.0,63.0,49.0,53.0,105.0,13.0,678.0,110.0,7.608374474380783,5.147494476813453,0.8596491228070176,0.3684210526315789,0.28654970760233917,0.30994152046783624,0.6140350877192983,0.07602339181286549,6.300785794663244,544.0,7.620214770574455,7.098375638590786,2025-07-07,2025-07-14,5.730321697467488,0.0,0.0,1.0,2025-06-30,0.9764365767692369,0.2777806083456463,0.1977493717906697
209,Hamas,2025-07-07,2025-07-14,300,288.0,288.0,246.0,155.0,129.0,146.0,130.0,12.0,544.0,118.0,7.690286020676768,5.666426688112432,0.8541666666666666,0.5381944444444444,0.4479166666666667,0.5069444444444444,0.4513888888888889,0.041666666666666664,6.416732282512326,611.0,7.383989457978509,7.466799475018602,2025-07-14,2025-07-21,5.749486652977413,0.0,0.0,1.0,2025-07-07,0.9680210684725357,0.5211005566311714,0.4087799082268109
209,Hamas,2025-07-14,2025-07-21,301,220.0,220.0,176.0,97.0,87.0,100.0,108.0,12.0,611.0,109.0,7.7664168980196555,5.3981627015177525,0.8,0.4409090909090909,0.39545454545454545,0.45454545454545453,0.4909090909090909,0.05454545454545454,5.91350300563827,369.0,7.368970402194793,7.5406215286571525,2025-07-21,2025-07-28,5.768651608487337,0.0,0.0,1.0,2025-07-14,0.8848758465011287,0.3816707735633196,0.34017162778224724
209,Hamas,2025-07-21,2025-07-28,302,226.0,226.0,178.0,81.0,72.0,87.0,123.0,16.0,369.0,97.0,7.697575346802343,5.424950017481403,0.7876106194690266,0.3584070796460177,0.3185840707964602,0.38495575221238937,0.5442477876106194,0.07079646017699115,6.210600077024653,497.0,7.455876687491824,7.577633832602728,2025-07-28,2025-08-04,5.7878165639972625,0.0,0.0,1.0,2025-07-21,0.8658582872210792,0.2634285396088376,0.23964288511238155
209,Hamas,2025-07-28,2025-08-04,303,298.0,298.0,236.0,69.0,58.0,71.0,213.0,14.0,497.0,77.0,7.611842399580417,5.700443573390687,0.7919463087248322,0.23154362416107382,0.19463087248322147,0.23825503355704697,0.714765100671141,0.04697986577181208,5.802118375377063,330.0,7.608374474380783,7.620214770574455,2025-08-04,2025-08-11,5.806981519507187,0.0,0.0,1.0,2025-07-28,0.8725135212931961,0.08160729484072586,0.07754086568602218
209,Hamas,2025-08-04,2025-08-11,304,322.0,322.0,274.0,62.0,56.0,63.0,247.0,12.0,330.0,62.0,7.4999765409521215,5.777652323222656,0.8509316770186336,0.19254658385093168,0.17391304347826086,0.1956521739130435,0.7670807453416149,0.037267080745341616,5.8916442118257715,361.0,7.690286020676768,7.383989457978509,2025-08-11,2025-08-18,5.8261464750171115,0.0,0.0,1.0,2025-08-04,0.9630553958751035,0.025716570562734138,0.05044675302466761
209,Hamas,2025-08-11,2025-08-18,305,290.0,290.0,236.0,101.0,94.0,105.0,164.0,21.0,361.0,58.0,7.351158226430694,5.673323267171493,0.8137931034482758,0.3482758620689655,0.32413793103448274,0.3620689655172414,0.5655172413793104,0.07241379310344828,5.872117789475416,354.0,7.7664168980196555,7.368970402194793,2025-08-18,2025-08-25,5.845311430527036,0.0,0.0,1.0,2025-08-11,0.9060481046158636,0.24890843542410787,0.24690604550232256
209,Hamas,2025-08-18,2025-08-25,306,334.0,334.0,278.0,115.0,82.0,125.0,185.0,24.0,354.0,78.0,7.341483852363161,5.814130531825066,0.8323353293413174,0.344311377245509,0.24550898203592814,0.37425149700598803,0.5538922155688623,0.0718562874251497,6.075346031088684,434.0,7.697575346802343,7.455876687491824,2025-08-25,2025-09-01,5.864476386036961,0.0,0.0,1.0,2025-08-18,0.9345102120814804,0.2432265188886506,0.14407762645799846
209,Hamas,2025-08-25,2025-09-01,307,326.0,326.0,281.0,183.0,159.0,184.0,110.0,32.0,434.0,109.0,7.299797366758161,5.7899601708972535,0.8619631901840491,0.5613496932515337,0.48773006134969327,0.5644171779141104,0.3374233128834356,0.09815950920245399,6.278521424165844,532.0,7.611842399580417,7.608374474380783,2025-09-01,2025-09-08,5.883641341546886,0.0,0.0,1.0,2025-08-25,0.9799886440748383,0.5542867578498506,0.4608465895723619
209,Hamas,2025-09-01,2025-09-08,308,275.0,275.0,220.0,103.0,79.0,111.0,134.0,30.0,532.0,113.0,7.427738840532894,5.62040086571715,0.8,0.37454545454545457,0.2872727272727273,0.4036363636363636,0.48727272727272725,0.10909090909090909,6.059123195581797,427.0,7.4999765409521215,7.690286020676768,2025-09-08,2025-09-15,5.90280629705681,0.0,0.0,1.0,2025-09-01,0.8848758465011287,0.28655812725512636,0.19869491373916157
209,Hamas,2025-09-08,2025-09-15,309,1012.0,1012.0,934.0,571.0,396.0,548.0,432.0,32.0,427.0,96.0,7.466227556215481,6.920671504248683,0.9229249011857708,0.5642292490118577,0.391304347826087,0.541501976284585,0.4268774703557312,0.03162055335968379,6.309918278226516,549.0,7.351158226430694,7.7664168980196555,2025-09-15,2025-09-22,5.921971252566735,0.0,0.0,1.0,2025-09-08,1.0,0.5584137494308377,0.33474413235859946
209,Hamas,2025-09-15,2025-09-22,310,499.0,499.0,420.0,189.0,139.0,186.0,296.0,17.0,549.0,83.0,7.57198844937744,6.214608098422191,0.8416833667334669,0.3787575150300601,0.2785571142284569,0.3727454909819639,0.593186372745491,0.03406813627254509,6.030685260261263,415.0,7.341483852363161,7.697575346802343,2025-09-22,2025-09-29,5.94113620807666,0.0,0.0,1.0,2025-09-15,0.9488593439701072,0.2925948702826757,0.18729691437939794
209,Hamas,2025-09-22,2025-09-29,311,384.0,384.0,302.0,107.0,78.0,103.0,255.0,26.0,415.0,74.0,7.562161631225652,5.953243334287785,0.7864583333333334,0.2786458333333333,0.203125,0.2682291666666667,0.6640625,0.06770833333333333,6.082218910376446,437.0,7.299797366758161,7.611842399580417,2025-09-29,2025-10-06,5.960301163586585,0.0,0.0,1.0,2025-09-22,0.864089541008277,0.1491143816553727,0.08864921337266471
209,Hamas,2025-09-29,2025-10-06,312,459.0,459.0,395.0,113.0,82.0,96.0,326.0,37.0,437.0,82.0,7.511524648390866,6.131226489483141,0.8605664488017429,0.24618736383442266,0.1786492374727669,0.20915032679738563,0.710239651416122,0.08061002178649238,4.5217885770490405,91.0,7.427738840532894,7.4999765409521215,2025-10-06,2025-10-13,5.979466119096509,0.0,0.0,1.0,2025-09-29,0.9778446618175738,0.10259476491467838,0.056640595711681396
209,Hamas,2025-10-06,2025-10-13,313,745.0,745.0,614.0,194.0,165.0,181.0,508.0,56.0,91.0,29.0,7.30854279753919,6.61472560020376,0.8241610738255034,0.26040268456375837,0.2214765100671141,0.24295302013422818,0.6818791946308724,0.07516778523489932,4.3694478524670215,78.0,7.466227556215481,7.351158226430694,2025-10-13,2025-10-20,5.9986310746064335,0.0,0.0,1.0,2025-10-06,0.9219628221249262,0.12296822313324712,0.11264872997960843
209,Hamas,2025-10-13,2025-10-20,314,879.0,879.0,778.0,396.0,319.0,383.0,457.0,39.0,78.0,22.0,6.92951677076365,6.779921907472252,0.8850967007963595,0.45051194539249145,0.36291240045506257,0.43572241183162685,0.5199089874857793,0.04436860068259386,2.3978952727983707,10.0,7.57198844937744,7.341483852363161,2025-10-20,2025-10-27,6.017796030116359,0.0,0.0,1.0,2025-10-13,1.0,0.3954336255116976,0.29761405369246136
209,Hamas,2025-10-20,2025-10-27,315,462.0,462.0,398.0,195.0,175.0,174.0,276.0,12.0,10.0,6.0,6.424869023905388,6.137727054086234,0.8614718614718615,0.42207792207792205,0.3787878787878788,0.37662337662337664,0.5974025974025974,0.025974025974025976,4.787491742782046,119.0,7.562161631225652,7.299797366758161,2025-10-27,2025-11-03,6.036960985626283,0.0,0.0,1.0,2025-10-20,0.9792344600471011,0.3546818621842823,0.3183754953666458
209,Hamas,2025-10-27,2025-11-03,316,428.0,428.0,366.0,229.0,193.0,217.0,190.0,21.0,119.0,28.0,5.700443573390687,6.061456918928017,0.8551401869158879,0.5350467289719626,0.45093457943925236,0.5070093457943925,0.4439252336448598,0.04906542056074766,2.0794415416798357,7.0,7.511524648390866,7.427738840532894,2025-11-03,2025-11-10,6.056125941136208,0.0,0.0,1.0,2025-10-27,0.9695154110672771,0.5165892374085098,0.4127266378114116
209,Hamas,2025-11-03,2025-11-10,317,239.0,239.0,194.0,84.0,79.0,75.0,147.0,17.0,7.0,5.0,5.3706380281276624,5.480638923341991,0.8117154811715481,0.3514644351464435,0.3305439330543933,0.3138075313807531,0.6150627615062761,0.07112970711297072,2.1972245773362196,8.0,7.30854279753919,7.466227556215481,2025-11-10,2025-11-17,6.075290896646133,0.0,0.0,1.0,2025-11-03,0.9028589778705479,0.25347831194028037,0.2552836095991574
209,Hamas,2025-11-10,2025-11-17,318,171.0,171.0,122.0,38.0,32.0,41.0,112.0,18.0,8.0,6.0,4.976733742420574,5.147494476813453,0.7134502923976608,0.2222222222222222,0.1871345029239766,0.23976608187134502,0.6549707602339181,0.10526315789473684,4.290459441148391,72.0,6.92951677076365,7.57198844937744,2025-11-17,2025-11-24,6.094455852156058,0.0,0.0,1.0,2025-11-10,0.7520230221905403,0.06824782187802517,0.06773735387304708
209,Hamas,2025-11-17,2025-11-24,319,292.0,292.0,249.0,181.0,156.0,175.0,94.0,23.0,72.0,21.0,5.332718793265369,5.680172609017068,0.8527397260273972,0.6198630136986302,0.5342465753424658,0.5993150684931506,0.3219178082191781,0.07876712328767123,2.9444389791664403,18.0,6.424869023905388,7.562161631225652,2025-11-24,2025-12-01,6.113620807665982,0.0,0.0,1.0,2025-11-17,0.965830730696682,0.6381482979485208,0.5216793954822807
209,Hamas,2025-11-24,2025-12-01,320,187.0,187.0,152.0,73.0,61.0,83.0,91.0,13.0,18.0,11.0,4.663439094112067,5.236441962829949,0.8128342245989305,0.39037433155080214,0.32620320855614976,0.44385026737967914,0.48663101604278075,0.06951871657754011,3.091042453358316,21.0,5.700443573390687,7.511524648390866,2025-12-01,2025-12-08,6.132785763175907,0.0,0.0,1.0,2025-11-24,0.9045762364046789,0.30924414120131904,0.24960694924255572
209,Hamas,2025-12-01,2025-12-08,321,249.0,249.0,200.0,101.0,94.0,96.0,142.0,11.0,21.0,15.0,4.787491742782046,5.521460917862246,0.8032128514056225,0.40562248995983935,0.37751004016064255,0.3855421686746988,0.570281124497992,0.04417670682730924,2.70805020110221,14.0,5.3706380281276624,7.30854279753919,2025-12-08,2025-12-15,6.151950718685832,0.0,0.0,1.0,2025-12-01,0.889807537146328,0.3310978667817446,0.3167043789711451
209,Hamas,2025-12-08,2025-12-15,322,247.0,247.0,202.0,116.0,112.0,111.0,128.0,8.0,14.0,10.0,4.836281906951478,5.5134287461649825,0.8178137651821862,0.46963562753036436,0.4534412955465587,0.4493927125506073,0.5182186234817814,0.032388663967611336,2.9444389791664403,18.0,4.976733742420574,6.92951677076365,2025-12-15,2025-12-22,6.1711156741957565,0.0,0.0,1.0,2025-12-08,0.9122197749974867,0.4228417682078456,0.41600484078360184
209,Hamas,2025-12-15,2025-12-22,323,156.0,156.0,118.0,63.0,54.0,66.0,85.0,5.0,18.0,7.0,4.276666119016055,5.056245805348308,0.7564102564102564,0.40384615384615385,0.34615384615384615,0.4230769230769231,0.5448717948717948,0.03205128205128205,1.6094379124341003,4.0,5.332718793265369,6.424869023905388,2025-12-22,2025-12-29,6.190280629705681,0.0,0.0,1.0,2025-12-15,0.8179660820744342,0.3285520142974161,0.2756977535738598
209,Hamas,2025-12-22,2025-12-29,324,127.0,127.0,99.0,49.0,37.0,45.0,70.0,12.0,4.0,3.0,4.060443010546419,4.852030263919617,0.7795275590551181,0.3858267716535433,0.29133858267716534,0.3543307086614173,0.5511811023622047,0.09448818897637795,,,4.663439094112067,5.700443573390687,,,6.209445585215605,0.0,0.0,0.0,2025-12-22,0.8534508807166598,0.30272655898651585,0.20401210910583079
303,Taliban,2020-01-06,2020-01-13,13,95.0,95.0,69.0,58.0,55.0,63.0,22.0,10.0,255.0,78.0,7.45876269238096,4.564348191467836,0.7263157894736842,0.6105263157894737,0.5789473684210527,0.6631578947368421,0.23157894736842105,0.10526315789473684,5.68697535633982,294.0,7.416378479192928,7.465082736399547,2020-01-13,2020-01-20,0.24914442162902123,0.0,0.0,0.0,2020-01-06,0.7717714149934657,0.624766902736027,0.5801376597836775
303,Taliban,2020-01-13,2020-01-20,14,74.0,74.0,55.0,36.0,35.0,39.0,29.0,6.0,294.0,74.0,7.403061091090091,4.31748811353631,0.7432432432432432,0.4864864864864865,0.47297297297297297,0.527027027027027,0.3918918918918919,0.08108108108108109,6.023447592961033,412.0,7.4127640174265625,7.311218384419629,2020-01-20,2020-01-27,0.2683093771389459,0.0,0.0,0.0,2020-01-13,0.7977548654749557,0.4469924910389577,0.4415477424326982
303,Taliban,2020-01-20,2020-01-27,15,58.0,58.0,48.0,44.0,39.0,42.0,11.0,5.0,412.0,80.0,7.300472814267799,4.07753744390572,0.8275862068965517,0.7586206896551724,0.6724137931034483,0.7241379310344828,0.1896551724137931,0.08620689655172414,6.159095388491933,472.0,7.473637108496206,7.293017679772782,2020-01-27,2020-02-03,0.2874743326488706,0.0,0.0,0.0,2020-01-20,0.9272203627305986,0.8370163901592281,0.7023700539110975
303,Taliban,2020-01-27,2020-02-03,16,212.0,212.0,183.0,164.0,151.0,169.0,23.0,20.0,472.0,113.0,7.2682230211595655,5.3612921657094255,0.8632075471698113,0.7735849056603774,0.7122641509433962,0.7971698113207547,0.10849056603773585,0.09433962264150944,6.304448802421981,546.0,7.523481312573497,7.37650812632622,2020-02-03,2020-02-10,0.3066392881587953,0.0,0.0,0.0,2020-01-27,0.9818987180033221,0.8584631682770462,0.754485074488414
303,Taliban,2020-02-03,2020-02-10,17,85.0,85.0,70.0,53.0,45.0,58.0,18.0,9.0,546.0,126.0,7.45298232946546,4.454347296253507,0.8235294117647058,0.6235294117647059,0.5294117647058824,0.6823529411764706,0.21176470588235294,0.10588235294117647,5.602118820879701,270.0,7.45876269238096,7.416378479192928,2020-02-10,2020-02-17,0.3258042436687201,0.0,0.0,0.0,2020-02-03,0.9209932279909706,0.6434029952736177,0.5153565851119208
303,Taliban,2020-02-10,2020-02-17,18,74.0,74.0,65.0,47.0,44.0,47.0,23.0,4.0,270.0,77.0,7.438971592395862,4.31748811353631,0.8783783783783784,0.6351351351351351,0.5945945945945946,0.6351351351351351,0.3108108108108108,0.05405405405405406,5.198497031265826,180.0,7.403061091090091,7.4127640174265625,2020-02-17,2020-02-24,0.34496919917864477,0.0,0.0,0.0,2020-02-10,1.0,0.6600363674419821,0.6006006006006006
303,Taliban,2020-02-17,2020-02-24,19,138.0,138.0,111.0,48.0,46.0,45.0,76.0,17.0,180.0,56.0,7.292337176173877,4.9344739331306915,0.8043478260869565,0.34782608695652173,0.3333333333333333,0.32608695652173914,0.5507246376811594,0.12318840579710146,7.3752557780097545,1595.0,7.300472814267799,7.473637108496206,2020-02-24,2020-03-02,0.36413415468856947,0.0,0.0,0.0,2020-02-17,0.8915497104720778,0.24826381581716403,0.25893149786955094
303,Taliban,2020-02-24,2020-03-02,20,119.0,119.0,91.0,20.0,20.0,14.0,95.0,10.0,1595.0,20.0,7.860185057472165,4.787491742782046,0.7647058823529411,0.16806722689075632,0.16806722689075632,0.11764705882352941,0.7983193277310925,0.08403361344537816,5.717027701406222,303.0,7.2682230211595655,7.523481312573497,2020-03-02,2020-03-09,0.38329911019849416,0.0,0.0,0.0,2020-02-24,0.8306997742663657,0.0,0.0428017814795535
303,Taliban,2020-03-02,2020-03-09,21,341.0,341.0,291.0,232.0,178.0,219.0,87.0,35.0,303.0,78.0,7.761744984658913,5.834810737062605,0.8533724340175953,0.6803519061583577,0.5219941348973607,0.6422287390029325,0.25513196480938416,0.10263929618768329,4.574710978503383,96.0,7.45298232946546,7.45876269238096,2020-03-09,2020-03-16,0.4024640657084189,0.0,0.0,0.0,2020-03-02,0.9668019303204624,0.7248412362705215,0.5056560466209338
303,Taliban,2020-03-09,2020-03-16,22,73.0,73.0,64.0,27.0,18.0,22.0,49.0,2.0,96.0,27.0,7.684783943522785,4.30406509320417,0.8767123287671232,0.3698630136986301,0.2465753424657534,0.3013698630136986,0.6712328767123288,0.0273972602739726,5.863631175598097,351.0,7.438971592395862,7.403061091090091,2020-03-16,2020-03-23,0.4216290212183436,0.0,0.0,0.0,2020-03-09,1.0,0.2798472330888886,0.1454721784458722
303,Taliban,2020-03-16,2020-03-23,23,82.0,82.0,66.0,51.0,50.0,51.0,24.0,7.0,351.0,71.0,7.76046702921342,4.418840607796598,0.8048780487804879,0.6219512195121951,0.6097560975609756,0.6219512195121951,0.2926829268292683,0.08536585365853659,5.755742213586912,315.0,7.292337176173877,7.300472814267799,2020-03-23,2020-03-30,0.4407939767282683,0.0,0.0,0.0,2020-03-16,0.8923635963221935,0.6411411234151064,0.620428328177087
303,Taliban,2020-03-23,2020-03-30,24,81.0,81.0,59.0,35.0,30.0,34.0,36.0,11.0,315.0,60.0,6.97166860472579,4.406719247264253,0.7283950617283951,0.43209876543209874,0.37037037037037035,0.41975308641975306,0.4444444444444444,0.13580246913580246,5.093750200806762,162.0,7.860185057472165,7.2682230211595655,2020-03-30,2020-04-06,0.459958932238193,0.0,0.0,0.0,2020-03-23,0.7749630744363627,0.3690437775626546,0.3073673476819986
303,Taliban,2020-03-30,2020-04-06,25,75.0,75.0,66.0,50.0,46.0,45.0,28.0,2.0,162.0,44.0,6.829793737512425,4.330733340286331,0.88,0.6666666666666666,0.6133333333333333,0.6,0.37333333333333335,0.02666666666666667,5.356586274672012,211.0,7.761744984658913,7.45298232946546,2020-04-06,2020-04-13,0.4791238877481177,0.0,0.0,0.0,2020-03-30,1.0,0.7052274927395934,0.6251065224516551
303,Taliban,2020-04-06,2020-04-13,26,77.0,77.0,68.0,49.0,42.0,43.0,31.0,3.0,211.0,40.0,6.946975992135418,4.356708826689592,0.8831168831168831,0.6363636363636364,0.5454545454545454,0.5584415584415584,0.4025974025974026,0.03896103896103896,5.43372200355424,228.0,7.684783943522785,7.438971592395862,2020-04-13,2020-04-20,0.49828884325804246,0.0,0.0,0.0,2020-04-06,1.0,0.6617970606353956,0.5363368195226602
303,Taliban,2020-04-13,2020-04-20,27,55.0,55.0,48.0,31.0,28.0,31.0,19.0,5.0,228.0,46.0,6.821107472256465,4.02535169073515,0.8727272727272727,0.5636363636363636,0.509090909090909,0.5636363636363636,0.34545454545454546,0.09090909090909091,5.6131281063880705,273.0,7.76046702921342,7.292337176173877,2020-04-20,2020-04-27,0.5174537987679672,0.0,0.0,0.0,2020-04-13,0.9965113892879129,0.5575640235853208,0.4887816215249843
303,Taliban,2020-04-20,2020-04-27,28,118.0,118.0,111.0,87.0,87.0,78.0,35.0,5.0,273.0,48.0,6.774223886357614,4.77912349311153,0.940677966101695,0.7372881355932204,0.7372881355932204,0.6610169491525424,0.2966101694915254,0.0423728813559322,5.54907608489522,256.0,6.97166860472579,7.860185057472165,2020-04-27,2020-05-04,0.5366187542778919,0.0,0.0,0.0,2020-04-20,1.0,0.8064424828129358,0.7872106394680266
303,Taliban,2020-04-27,2020-05-04,29,74.0,74.0,59.0,47.0,44.0,47.0,22.0,5.0,256.0,50.0,6.876264611890766,4.31748811353631,0.7972972972972973,0.6351351351351351,0.5945945945945946,0.6351351351351351,0.2972972972972973,0.06756756756756757,5.541263545158426,254.0,6.829793737512425,7.761744984658913,2020-05-04,2020-05-11,0.5557837097878165,0.0,0.0,0.0,2020-04-27,0.8807272283570251,0.6600363674419821,0.6006006006006006
303,Taliban,2020-05-04,2020-05-11,30,76.0,76.0,65.0,52.0,51.0,50.0,22.0,4.0,254.0,39.0,6.919683849847411,4.343805421853684,0.8552631578947368,0.6842105263157895,0.6710526315789473,0.6578947368421053,0.2894736842105263,0.05263157894736842,5.976350909297934,393.0,6.946975992135418,7.684783943522785,2020-05-11,2020-05-18,0.5749486652977412,0.0,0.0,0.0,2020-05-04,0.9697041701318759,0.7303714271157081,0.7005899705014749
303,Taliban,2020-05-11,2020-05-18,31,138.0,138.0,126.0,107.0,106.0,105.0,26.0,7.0,393.0,79.0,7.0707241072602764,4.9344739331306915,0.9130434782608695,0.7753623188405797,0.7681159420289855,0.7608695652173914,0.18840579710144928,0.050724637681159424,5.5134287461649825,247.0,6.821107472256465,7.76046702921342,2020-05-18,2020-05-25,0.5941136208076659,0.0,0.0,0.0,2020-05-11,1.0,0.8610105644176944,0.8275262565374146
303,Taliban,2020-05-18,2020-05-25,32,135.0,135.0,124.0,91.0,89.0,87.0,45.0,3.0,247.0,40.0,7.048386408721883,4.912654885736052,0.9185185185185185,0.674074074074074,0.6592592592592592,0.6444444444444445,0.3333333333333333,0.022222222222222223,4.820281565605037,123.0,6.774223886357614,6.97166860472579,2020-05-25,2020-06-01,0.6132785763175906,0.0,0.0,0.0,2020-05-18,1.0,0.7158438205872862,0.6851669762190902
303,Taliban,2020-05-25,2020-06-01,33,104.0,104.0,94.0,69.0,65.0,69.0,29.0,6.0,123.0,21.0,6.925595197110468,4.653960350157523,0.9038461538461539,0.6634615384615384,0.625,0.6634615384615384,0.27884615384615385,0.057692307692307696,4.8283137373023015,124.0,6.876264611890766,6.829793737512425,2020-06-01,2020-06-08,0.6324435318275154,0.0,0.0,0.0,2020-05-25,1.0,0.7006338893439571,0.6403638151425762
303,Taliban,2020-06-01,2020-06-08,34,74.0,74.0,62.0,54.0,44.0,55.0,12.0,7.0,124.0,28.0,6.78897174299217,4.31748811353631,0.8378378378378378,0.7297297297297297,0.5945945945945946,0.7432432432432432,0.16216216216216217,0.0945945945945946,5.703782474656201,299.0,6.919683849847411,6.946975992135418,2020-06-08,2020-06-15,0.6516084873374401,0.0,0.0,0.0,2020-06-01,0.9429565005185773,0.795609743334816,0.6006006006006006
303,Taliban,2020-06-08,2020-06-15,35,42.0,42.0,37.0,22.0,22.0,19.0,22.0,1.0,299.0,44.0,6.677083461247136,3.7612001156935624,0.8809523809523809,0.5238095238095238,0.5238095238095238,0.4523809523809524,0.5238095238095238,0.023809523809523808,6.144185634125646,465.0,7.0707241072602764,6.821107472256465,2020-06-15,2020-06-22,0.6707734428473648,0.0,0.0,0.0,2020-06-08,1.0,0.500484027105518,0.5080301540478532
303,Taliban,2020-06-15,2020-06-22,36,102.0,102.0,50.0,42.0,41.0,50.0,35.0,17.0,465.0,53.0,6.919683849847411,4.634728988229636,0.49019607843137253,0.4117647058823529,0.4019607843137255,0.49019607843137253,0.3431372549019608,0.16666666666666666,6.018593214496234,410.0,7.048386408721883,6.774223886357614,2020-06-22,2020-06-29,0.6899383983572895,0.0,0.0,0.0,2020-06-15,0.4093303235515424,0.3399009168042822,0.34868027840438043
303,Taliban,2020-06-22,2020-06-29,37,102.0,102.0,81.0,54.0,53.0,56.0,37.0,9.0,410.0,71.0,7.1693500166706,4.634728988229636,0.7941176470588235,0.5294117647058824,0.5196078431372549,0.5490196078431373,0.3627450980392157,0.08823529411764706,5.869296913133774,353.0,6.925595197110468,6.876264611890766,2020-06-29,2020-07-06,0.7091033538672142,0.0,0.0,0.0,2020-06-22,0.8758465011286681,0.5085131826205798,0.5025353307498024
303,Taliban,2020-06-29,2020-07-06,38,207.0,207.0,149.0,61.0,58.0,61.0,128.0,18.0,353.0,56.0,7.331714969726466,5.337538079701318,0.7198067632850241,0.2946859903381642,0.28019323671497587,0.2946859903381642,0.6183574879227053,0.08695652173913043,5.645446897643238,282.0,6.78897174299217,6.919683849847411,2020-07-06,2020-07-13,0.7282683093771389,0.0,0.0,0.0,2020-06-29,0.7617801332591793,0.1721032029967591,0.18943658292125654
303,Taliban,2020-07-06,2020-07-13,39,72.0,72.0,48.0,24.0,24.0,24.0,43.0,5.0,282.0,63.0,7.32052696227274,4.290459441148391,0.6666666666666666,0.3333333333333333,0.3333333333333333,0.3333333333333333,0.5972222222222222,0.06944444444444445,6.144185634125646,465.0,6.677083461247136,7.0707241072602764,2020-07-13,2020-07-20,0.7474332648870636,0.0,0.0,0.0,2020-07-06,0.6802106847253574,0.22749273959341723,0.25893149786955094
303,Taliban,2020-07-13,2020-07-20,40,124.0,124.0,97.0,88.0,84.0,88.0,25.0,11.0,465.0,76.0,7.32052696227274,4.8283137373023015,0.782258064516129,0.7096774193548387,0.6774193548387096,0.7096774193548387,0.20161290322580644,0.08870967741935484,6.298949246855942,543.0,6.919683849847411,7.048386408721883,2020-07-20,2020-07-27,0.7665982203969883,0.0,0.0,0.0,2020-07-13,0.8576421757809655,0.7668706866939388,0.7089161670948709
303,Taliban,2020-07-20,2020-07-27,41,180.0,180.0,164.0,146.0,142.0,147.0,25.0,8.0,543.0,81.0,7.404887575616125,5.198497031265826,0.9111111111111111,0.8111111111111111,0.7888888888888889,0.8166666666666667,0.1388888888888889,0.044444444444444446,4.382026634673881,79.0,7.1693500166706,6.925595197110468,2020-07-27,2020-08-03,0.785763175906913,0.0,0.0,0.0,2020-07-20,1.0,0.9122458857696031,0.854692450562657
303,Taliban,2020-07-27,2020-08-03,42,68.0,68.0,58.0,23.0,20.0,20.0,46.0,2.0,79.0,17.0,7.222566018822171,4.23410650459726,0.8529411764705882,0.3382352941176471,0.29411764705882354,0.29411764705882354,0.6764705882352942,0.029411764705882353,5.117993812416755,166.0,7.331714969726466,6.78897174299217,2020-08-03,2020-08-10,0.8049281314168378,0.0,0.0,0.0,2020-07-27,0.9661399548532731,0.23451825066909635,0.207646480421077
303,Taliban,2020-08-03,2020-08-10,43,70.0,70.0,62.0,46.0,44.0,46.0,20.0,4.0,166.0,39.0,7.134093721192866,4.2626798770413155,0.8857142857142857,0.6571428571428571,0.6285714285714286,0.6571428571428571,0.2857142857142857,0.05714285714285714,5.905361848054571,366.0,7.32052696227274,6.677083461247136,2020-08-10,2020-08-17,0.8240930869267625,0.0,0.0,0.0,2020-08-03,1.0,0.6915779283639883,0.6450344149459193
303,Taliban,2020-08-10,2020-08-17,44,84.0,84.0,71.0,55.0,38.0,56.0,26.0,2.0,366.0,75.0,7.051855622955894,4.442651256490317,0.8452380952380952,0.6547619047619048,0.4523809523809524,0.6666666666666666,0.30952380952380953,0.023809523809523808,6.0014148779611505,403.0,7.32052696227274,6.919683849847411,2020-08-17,2020-08-24,0.8432580424366872,0.0,0.0,0.0,2020-08-10,0.9543158121036225,0.6881655372700871,0.41461815798098983
303,Taliban,2020-08-17,2020-08-24,45,100.0,100.0,87.0,57.0,49.0,54.0,37.0,9.0,403.0,73.0,6.922643891475888,4.61512051684126,0.87,0.57,0.49,0.54,0.37,0.09,5.955837369464831,385.0,7.404887575616125,7.1693500166706,2020-08-24,2020-08-31,0.8624229979466119,0.0,0.0,0.0,2020-08-17,0.9923250564334086,0.5666844143272023,0.4638151425762045
303,Taliban,2020-08-24,2020-08-31,46,61.0,61.0,52.0,49.0,40.0,48.0,11.0,2.0,385.0,66.0,7.186144304522325,4.127134385045092,0.8524590163934426,0.8032786885245902,0.6557377049180327,0.7868852459016393,0.18032786885245902,0.03278688524590164,6.008813185442595,406.0,7.222566018822171,7.331714969726466,2020-08-31,2020-09-07,0.8815879534565366,0.0,0.0,0.0,2020-08-24,0.9653998445768419,0.9010204243568787,0.6805616003352837
303,Taliban,2020-08-31,2020-09-07,47,50.0,50.0,40.0,32.0,28.0,34.0,11.0,5.0,406.0,63.0,7.353081920515432,3.9318256327243257,0.8,0.64,0.56,0.68,0.22,0.1,6.07073772800249,432.0,7.134093721192866,7.32052696227274,2020-09-07,2020-09-14,0.9007529089664613,0.0,0.0,0.0,2020-08-31,0.8848758465011287,0.6670087124878994,0.5553588987217306
303,Taliban,2020-09-07,2020-09-14,48,94.0,94.0,73.0,39.0,30.0,40.0,44.0,10.0,432.0,82.0,7.394493107219038,4.553876891600541,0.776595744680851,0.4148936170212766,0.3191489361702128,0.425531914893617,0.46808510638297873,0.10638297872340426,6.18826412308259,486.0,7.051855622955894,7.32052696227274,2020-09-14,2020-09-21,0.919917864476386,0.0,0.0,0.0,2020-09-07,0.8489505787426156,0.34438528557599224,0.24038159794137956
303,Taliban,2020-09-14,2020-09-21,49,114.0,114.0,102.0,79.0,75.0,77.0,32.0,5.0,486.0,74.0,7.444248649496705,4.74493212836325,0.8947368421052632,0.6929824561403509,0.6578947368421053,0.6754385964912281,0.2807017543859649,0.043859649122807015,5.8888779583328805,360.0,6.922643891475888,7.404887575616125,2020-09-21,2020-09-28,0.9390828199863107,0.0,0.0,0.0,2020-09-14,1.0,0.7429433943037654,0.6833824975417896
303,Taliban,2020-09-21,2020-09-28,50,123.0,123.0,111.0,100.0,96.0,97.0,20.0,6.0,360.0,51.0,7.429520842786462,4.820281565605037,0.9024390243902439,0.8130081300813008,0.7804878048780488,0.7886178861788617,0.16260162601626016,0.04878048780487805,5.476463551931511,238.0,7.186144304522325,7.222566018822171,2020-09-28,2020-10-05,0.9582477754962354,0.0,0.0,0.0,2020-09-21,1.0,0.9149647014379146,0.8437057821905652
303,Taliban,2020-09-28,2020-10-05,51,56.0,56.0,45.0,35.0,32.0,35.0,15.0,6.0,238.0,60.0,7.324489979348532,4.04305126783455,0.8035714285714286,0.625,0.5714285714285714,0.625,0.26785714285714285,0.10714285714285714,6.672032945461067,789.0,7.353081920515432,7.134093721192866,2020-10-05,2020-10-12,0.9774127310061602,0.0,0.0,0.0,2020-09-28,0.890357949048694,0.6455106485963215,0.5703048180924286
303,Taliban,2020-10-05,2020-10-12,52,59.0,59.0,43.0,23.0,21.0,24.0,30.0,5.0,789.0,67.0,7.535830462798367,4.0943445622221,0.7288135593220338,0.3898305084745763,0.3559322033898305,0.4067796610169492,0.5084745762711864,0.0847457627118644,5.988961416889864,398.0,7.394493107219038,7.051855622955894,2020-10-12,2020-10-19,0.9965776865160849,0.0,0.0,0.0,2020-10-05,0.775605463519149,0.3084647316520912,0.2884855757212139
303,Taliban,2020-10-12,2020-10-19,53,126.0,126.0,109.0,100.0,76.0,99.0,18.0,9.0,398.0,64.0,7.487733761436444,4.844187086458591,0.8650793650793651,0.7936507936507936,0.6031746031746031,0.7857142857142857,0.14285714285714285,0.07142857142857142,6.659293919683638,779.0,7.444248649496705,6.922643891475888,2020-10-19,2020-10-26,1.0157426420260096,0.0,0.0,0.0,2020-10-12,0.9847719373678742,0.8872216844143272,0.6118212607888124
303,Taliban,2020-10-19,2020-10-26,54,80.0,80.0,75.0,66.0,59.0,66.0,11.0,3.0,779.0,78.0,7.6984827878809465,4.394449154672439,0.9375,0.825,0.7375,0.825,0.1375,0.0375,6.410174881966167,607.0,7.429520842786462,7.186144304522325,2020-10-26,2020-11-02,1.0349075975359343,0.0,0.0,0.0,2020-10-19,1.0,0.932151500484027,0.787487708947886
303,Taliban,2020-10-26,2020-11-02,55,61.0,61.0,53.0,47.0,47.0,45.0,14.0,2.0,607.0,65.0,7.853216388156072,4.127134385045092,0.8688524590163934,0.7704918032786885,0.7704918032786885,0.7377049180327869,0.22950819672131148,0.03278688524590164,6.066108090103747,430.0,7.324489979348532,7.353081920515432,2020-11-02,2020-11-09,1.054072553045859,0.0,0.0,0.0,2020-10-26,0.9905635939755023,0.8540301207687302,0.830633331721392
303,Taliban,2020-11-02,2020-11-09,56,37.0,37.0,34.0,33.0,32.0,33.0,3.0,1.0,430.0,84.0,7.703007682479236,3.6375861597263857,0.918918918918919,0.8918918918918919,0.8648648648648649,0.8918918918918919,0.08108108108108109,0.02702702702702703,6.375024819828097,586.0,7.535830462798367,7.394493107219038,2020-11-09,2020-11-16,1.0732375085557837,0.0,0.0,0.0,2020-11-02,1.0,1.0,0.9540513965292726
303,Taliban,2020-11-09,2020-11-16,57,29.0,29.0,28.0,22.0,19.0,21.0,6.0,2.0,586.0,72.0,7.784473235736469,3.4011973816621555,0.9655172413793104,0.7586206896551724,0.6551724137931034,0.7241379310344828,0.20689655172413793,0.06896551724137931,5.869296913133774,353.0,7.487733761436444,7.444248649496705,2020-11-16,2020-11-23,1.0924024640657084,0.0,0.0,0.0,2020-11-09,1.0,0.8370163901592281,0.6798223307225443
303,Taliban,2020-11-16,2020-11-23,58,86.0,86.0,69.0,43.0,40.0,43.0,41.0,2.0,353.0,45.0,7.589335823170617,4.465908118654584,0.8023255813953488,0.5,0.46511627906976744,0.5,0.47674418604651164,0.023255813953488372,5.968707559985366,390.0,7.6984827878809465,7.429520842786462,2020-11-23,2020-11-30,1.111567419575633,0.0,0.0,0.0,2020-11-16,0.8884455876948921,0.46636011616650536,0.4312730099929112
303,Taliban,2020-11-23,2020-11-30,59,58.0,58.0,44.0,32.0,23.0,29.0,24.0,5.0,390.0,59.0,7.473069088032197,4.07753744390572,0.7586206896551724,0.5517241379310345,0.39655172413793105,0.5,0.41379310344827586,0.08620689655172414,6.214608098422191,499.0,7.853216388156072,7.324489979348532,2020-11-30,2020-12-07,1.1307323750855578,0.0,0.0,0.0,2020-11-23,0.8213590721569237,0.54049137096505,0.3416064828942461
303,Taliban,2020-11-30,2020-12-07,60,70.0,70.0,46.0,26.0,21.0,28.0,35.0,7.0,499.0,60.0,7.511524648390866,4.2626798770413155,0.6571428571428571,0.37142857142857144,0.3,0.4,0.5,0.1,6.2878585601617845,537.0,7.703007682479236,7.535830462798367,2020-12-07,2020-12-14,1.1498973305954825,0.0,0.0,0.0,2020-11-30,0.6655917445985167,0.2820909970958374,0.21533923303834807
303,Taliban,2020-12-07,2020-12-14,61,79.0,79.0,71.0,60.0,58.0,56.0,20.0,3.0,537.0,66.0,7.484368643286131,4.382026634673881,0.8987341772151899,0.759493670886076,0.7341772151898734,0.7088607594936709,0.25316455696202533,0.0379746835443038,6.068425588244111,431.0,7.784473235736469,7.487733761436444,2020-12-14,2020-12-21,1.1690622861054072,0.0,0.0,0.0,2020-12-07,1.0,0.838267550577769,0.7831422774852819
303,Taliban,2020-12-14,2020-12-21,62,101.0,101.0,95.0,81.0,76.0,82.0,13.0,6.0,431.0,62.0,7.527255919373784,4.624972813284271,0.9405940594059405,0.801980198019802,0.7524752475247525,0.8118811881188119,0.12871287128712872,0.0594059405940594,6.0844994130751715,438.0,7.589335823170617,7.6984827878809465,2020-12-21,2020-12-28,1.1882272416153319,0.0,0.0,0.0,2020-12-14,1.0,0.8991594222345758,0.8070718576282406
303,Taliban,2020-12-21,2020-12-28,63,43.0,43.0,38.0,32.0,30.0,33.0,10.0,0.0,438.0,68.0,7.552762084214147,3.784189633918261,0.8837209302325582,0.7441860465116279,0.6976744186046512,0.7674418604651163,0.23255813953488372,0.0,6.025865973825314,413.0,7.473069088032197,7.853216388156072,2020-12-28,2021-01-04,1.2073921971252566,0.0,0.0,0.0,2020-12-21,1.0,0.816328598122425,0.7354050902106057
303,Taliban,2020-12-28,2021-01-04,64,60.0,60.0,56.0,42.0,41.0,41.0,18.0,1.0,413.0,51.0,7.506591780070841,4.110873864173311,0.9333333333333333,0.7,0.6833333333333333,0.6833333333333333,0.3,0.016666666666666666,6.586171654854675,724.0,7.511524648390866,7.703007682479236,2021-01-04,2021-01-11,1.2265571526351813,0.0,0.0,0.0,2020-12-28,1.0,0.7530009680542109,0.7166502785971812
303,Taliban,2021-01-04,2021-01-11,65,60.0,60.0,47.0,28.0,22.0,26.0,29.0,5.0,724.0,72.0,7.604396348796338,4.110873864173311,0.7833333333333333,0.4666666666666667,0.36666666666666664,0.43333333333333335,0.48333333333333334,0.08333333333333333,6.461468176353717,639.0,7.484368643286131,7.784473235736469,2021-01-11,2021-01-18,1.2457221081451062,0.0,0.0,0.0,2021-01-04,0.8592927012791572,0.41858664085188774,0.3025237627007538
303,Taliban,2021-01-11,2021-01-18,66,84.0,84.0,72.0,53.0,52.0,55.0,20.0,9.0,639.0,80.0,7.703007682479236,4.442651256490317,0.8571428571428571,0.6309523809523809,0.6190476190476191,0.6547619047619048,0.23809523809523808,0.10714285714285714,6.173786103901937,479.0,7.527255919373784,7.589335823170617,2021-01-18,2021-01-25,1.264887063655031,0.0,0.0,0.0,2021-01-11,0.9725894872621734,0.6540416263310745,0.6325794821370043
303,Taliban,2021-01-18,2021-01-25,67,62.0,62.0,50.0,39.0,37.0,40.0,18.0,4.0,479.0,83.0,7.721348612617949,4.143134726391533,0.8064516129032258,0.6290322580645161,0.5967741935483871,0.6451612903225806,0.2903225806451613,0.06451612903225806,6.431331081933479,620.0,7.552762084214147,7.473069088032197,2021-01-25,2021-02-01,1.2840520191649556,0.0,0.0,0.0,2021-01-18,0.8947789994902788,0.6512896980295413,0.6034510102451867
303,Taliban,2021-01-25,2021-02-01,68,85.0,85.0,66.0,36.0,34.0,35.0,46.0,4.0,620.0,89.0,7.809135398120538,4.454347296253507,0.7764705882352941,0.4235294117647059,0.4,0.4117647058823529,0.5411764705882353,0.047058823529411764,6.278521424165844,532.0,7.506591780070841,7.511524648390866,2021-02-01,2021-02-08,1.3032169746748803,0.0,0.0,0.0,2021-01-25,0.8487584650112867,0.356762143385912,0.34611602753195675
303,Taliban,2021-02-01,2021-02-08,69,76.0,76.0,68.0,48.0,46.0,49.0,23.0,4.0,532.0,99.0,7.7279755421055585,4.343805421853684,0.8947368421052632,0.631578947368421,0.6052631578947368,0.6447368421052632,0.3026315789473684,0.05263157894736842,6.523562306149512,680.0,7.604396348796338,7.484368643286131,2021-02-08,2021-02-15,1.322381930184805,0.0,0.0,0.0,2021-02-01,1.0,0.6549396239873643,0.6145526057030481
303,Taliban,2021-02-08,2021-02-15,70,77.0,77.0,64.0,44.0,42.0,43.0,30.0,4.0,680.0,78.0,7.7458682297922685,4.356708826689592,0.8311688311688312,0.5714285714285714,0.5454545454545454,0.5584415584415584,0.38961038961038963,0.05194805194805195,6.19644412779452,490.0,7.703007682479236,7.527255919373784,2021-02-15,2021-02-22,1.3415468856947297,0.0,0.0,0.0,2021-02-08,0.9327196505526077,0.568731848983543,0.5363368195226602
303,Taliban,2021-02-15,2021-02-22,71,90.0,90.0,71.0,38.0,36.0,41.0,44.0,5.0,490.0,54.0,7.750614732770409,4.51085950651685,0.7888888888888889,0.4222222222222222,0.4,0.45555555555555555,0.4888888888888889,0.05555555555555555,5.75890177387728,316.0,7.721348612617949,7.552762084214147,2021-02-22,2021-03-01,1.3607118412046544,0.0,0.0,0.0,2021-02-15,0.8678204163531477,0.3548886737657309,0.34611602753195675
303,Taliban,2021-02-22,2021-03-01,72,48.0,48.0,36.0,21.0,18.0,23.0,23.0,2.0,316.0,52.0,7.610357618312838,3.8918202981106265,0.75,0.4375,0.375,0.4791666666666667,0.4791666666666667,0.041666666666666664,6.16541785423142,475.0,7.809135398120538,7.506591780070841,2021-03-01,2021-03-08,1.379876796714579,0.0,0.0,0.0,2021-02-22,0.8081264108352144,0.37678484995159733,0.3134218289085546
303,Taliban,2021-03-01,2021-03-08,73,65.0,65.0,54.0,35.0,33.0,36.0,24.0,5.0,475.0,63.0,7.581719640125308,4.189654742026425,0.8307692307692308,0.5384615384615384,0.5076923076923077,0.5538461538461539,0.36923076923076925,0.07692307692307693,6.0014148779611505,403.0,7.7279755421055585,7.604396348796338,2021-03-08,2021-03-15,1.3990417522245038,0.0,0.0,0.0,2021-03-01,0.9321062684493836,0.521483356914141,0.4869525754481506
303,Taliban,2021-03-08,2021-03-15,74,50.0,50.0,34.0,23.0,16.0,24.0,24.0,2.0,403.0,67.0,7.429520842786462,3.9318256327243257,0.68,0.46,0.32,0.48,0.48,0.04,5.811140992976701,333.0,7.7458682297922685,7.703007682479236,2021-03-15,2021-03-22,1.4182067077344285,0.0,0.0,0.0,2021-03-08,0.7006772009029346,0.40903194578896424,0.24149459193706982
303,Taliban,2021-03-15,2021-03-22,75,65.0,65.0,57.0,25.0,20.0,23.0,38.0,4.0,333.0,54.0,7.331714969726466,4.189654742026425,0.8769230769230769,0.38461538461538464,0.3076923076923077,0.35384615384615387,0.5846153846153846,0.06153846153846154,5.877735781779639,356.0,7.750614732770409,7.721348612617949,2021-03-22,2021-03-29,1.4373716632443532,0.0,0.0,0.0,2021-03-15,1.0,0.3009903939235982,0.2253989864609334
303,Taliban,2021-03-22,2021-03-29,76,62.0,62.0,49.0,20.0,17.0,20.0,37.0,5.0,356.0,71.0,7.357556200910353,4.143134726391533,0.7903225806451613,0.3225806451612903,0.27419354838709675,0.3225806451612903,0.5967741935483871,0.08064516129032258,6.4457198193855785,629.0,7.610357618312838,7.809135398120538,2021-03-29,2021-04-05,1.4565366187542779,0.0,0.0,0.0,2021-03-22,0.8700211170174033,0.21208194110483092,0.18159038284644904
303,Taliban,2021-03-29,2021-04-05,77,56.0,56.0,52.0,42.0,38.0,42.0,12.0,2.0,629.0,100.0,7.451241684987676,4.04305126783455,0.9285714285714286,0.75,0.6785714285714286,0.75,0.21428571428571427,0.03571428571428571,6.439350371100098,625.0,7.581719640125308,7.7279755421055585,2021-04-05,2021-04-12,1.4757015742642026,0.0,0.0,0.0,2021-03-29,1.0,0.8246611810261374,0.7104228121927237
303,Taliban,2021-04-05,2021-04-12,78,47.0,47.0,40.0,31.0,27.0,32.0,13.0,2.0,625.0,105.0,7.572502985020384,3.871201010907891,0.851063829787234,0.6595744680851063,0.574468085106383,0.6808510638297872,0.2765957446808511,0.0425531914893617,6.0844994130751715,438.0,7.429520842786462,7.7458682297922685,2021-04-12,2021-04-19,1.4948665297741273,0.0,0.0,0.0,2021-04-05,0.963258248883339,0.6950629235237172,0.5742797966484655
303,Taliban,2021-04-12,2021-04-19,79,120.0,120.0,95.0,29.0,25.0,26.0,87.0,7.0,438.0,101.0,7.6251071482389,4.795790545596741,0.7916666666666666,0.24166666666666667,0.20833333333333334,0.21666666666666667,0.725,0.058333333333333334,6.673297967767654,790.0,7.331714969726466,7.750614732770409,2021-04-19,2021-04-26,1.514031485284052,0.0,0.0,0.0,2021-04-12,0.8720842738901429,0.09611568247821879,0.09546050475254017
303,Taliban,2021-04-19,2021-04-26,80,86.0,86.0,69.0,45.0,44.0,46.0,36.0,4.0,790.0,153.0,7.817222785508166,4.465908118654584,0.8023255813953488,0.5232558139534884,0.5116279069767442,0.5348837209302325,0.4186046511627907,0.046511627906976744,6.688354713946762,802.0,7.357556200910353,7.610357618312838,2021-04-26,2021-05-03,1.5331964407939767,0.0,0.0,0.0,2021-04-19,0.8884455876948921,0.4996904477813549,0.4920994260364501
303,Taliban,2021-04-26,2021-05-03,81,125.0,125.0,101.0,63.0,56.0,56.0,63.0,6.0,802.0,142.0,7.884576510596324,4.836281906951478,0.808,0.504,0.448,0.448,0.504,0.048,7.272398392570047,1439.0,7.451241684987676,7.581719640125308,2021-05-03,2021-05-10,1.5523613963039014,0.0,0.0,0.0,2021-04-26,0.8971557562076751,0.4720929332042595,0.4088888888888889
303,Taliban,2021-05-03,2021-05-10,82,183.0,183.0,168.0,131.0,110.0,126.0,52.0,5.0,1439.0,196.0,8.151909872940905,5.214935757608986,0.9180327868852459,0.7158469945355191,0.6010928961748634,0.6885245901639344,0.28415300546448086,0.0273224043715847,5.929589143389895,375.0,7.572502985020384,7.429520842786462,2021-05-10,2021-05-17,1.571526351813826,0.0,0.0,0.0,2021-05-03,1.0,0.7757129481218162,0.6090988711038037
303,Taliban,2021-05-10,2021-05-17,83,141.0,141.0,125.0,82.0,64.0,78.0,57.0,6.0,375.0,78.0,8.133587417660966,4.955827057601261,0.8865248226950354,0.5815602836879432,0.45390070921985815,0.5531914893617021,0.40425531914893614,0.0425531914893617,7.254884810077338,1414.0,7.6251071482389,7.331714969726466,2021-05-17,2021-05-24,1.5906913073237507,0.0,0.0,0.0,2021-05-10,1.0,0.5832526621490803,0.41660564725900817
303,Taliban,2021-05-17,2021-05-24,84,82.0,82.0,66.0,56.0,48.0,53.0,25.0,4.0,1414.0,187.0,8.301769763117166,4.418840607796598,0.8048780487804879,0.6829268292682927,0.5853658536585366,0.6463414634146342,0.3048780487804878,0.04878048780487805,7.156176637480615,1281.0,7.817222785508166,7.357556200910353,2021-05-24,2021-05-31,1.6098562628336757,0.0,0.0,0.0,2021-05-17,0.8923635963221935,0.7285316270394071,0.5885315490323044
303,Taliban,2021-05-24,2021-05-31,85,97.0,97.0,85.0,63.0,57.0,61.0,31.0,5.0,1281.0,176.0,8.414052432496725,4.584967478670572,0.8762886597938144,0.6494845360824743,0.5876288659793815,0.6288659793814433,0.31958762886597936,0.05154639175257732,7.325148957955575,1517.0,7.884576510596324,7.451241684987676,2021-05-31,2021-06-07,1.6290212183436004,0.0,0.0,0.0,2021-05-24,1.0,0.6806019900000999,0.5914910440045008
303,Taliban,2021-05-31,2021-06-07,86,119.0,119.0,95.0,67.0,65.0,67.0,49.0,3.0,1517.0,192.0,8.431199478249262,4.787491742782046,0.7983193277310925,0.5630252100840336,0.5462184873949579,0.5630252100840336,0.4117647058823529,0.025210084033613446,7.315218389752975,1502.0,8.151909872940905,7.572502985020384,2021-06-07,2021-06-14,1.648186173853525,0.0,0.0,0.0,2021-05-31,0.8822960335375686,0.5566881157109504,0.5373358783041239
303,Taliban,2021-06-07,2021-06-14,87,133.0,133.0,111.0,82.0,72.0,83.0,40.0,10.0,1502.0,211.0,8.65084957622891,4.897839799950911,0.8345864661654135,0.6165413533834586,0.5413533834586466,0.6240601503759399,0.3007518796992481,0.07518796992481203,7.615791072035833,2029.0,8.133587417660966,7.6251071482389,2021-06-14,2021-06-21,1.6673511293634498,0.0,0.0,0.0,2021-06-07,0.9379656816986032,0.633387680236409,0.5309734513274336
303,Taliban,2021-06-14,2021-06-21,88,118.0,118.0,101.0,72.0,60.0,69.0,39.0,10.0,2029.0,215.0,8.753055515138222,4.77912349311153,0.8559322033898306,0.6101694915254238,0.5084745762711864,0.5847457627118644,0.3305084745762712,0.0847457627118644,7.490529402060711,1790.0,8.301769763117166,7.817222785508166,2021-06-21,2021-06-28,1.6865160848733745,0.0,0.0,0.0,2021-06-14,0.9707311474155412,0.6242555006809196,0.48797560121993894
303,Taliban,2021-06-21,2021-06-28,89,228.0,228.0,201.0,136.0,64.0,138.0,72.0,18.0,1790.0,200.0,8.830396801098097,5.43372200355424,0.881578947368421,0.5964912280701754,0.2807017543859649,0.6052631578947368,0.3157894736842105,0.07894736842105263,7.655864017616056,2112.0,8.414052432496725,7.884576510596324,2021-06-28,2021-07-05,1.7056810403832992,0.0,0.0,0.0,2021-06-21,1.0,0.6046517552351353,0.19010160603080956
303,Taliban,2021-06-28,2021-07-05,90,280.0,280.0,236.0,140.0,81.0,137.0,125.0,18.0,2112.0,211.0,8.913819350857198,5.638354669333745,0.8428571428571429,0.5,0.2892857142857143,0.48928571428571427,0.44642857142857145,0.06428571428571428,7.699389406256737,2206.0,8.431199478249262,8.151909872940905,2021-07-05,2021-07-12,1.7248459958932238,0.0,0.0,0.0,2021-06-28,0.9506610770719123,0.46636011616650536,0.20132743362831862
303,Taliban,2021-07-05,2021-07-12,91,582.0,582.0,509.0,358.0,114.0,363.0,185.0,34.0,2206.0,209.0,9.004299728561636,6.368187186350492,0.8745704467353952,0.6151202749140894,0.1958762886597938,0.6237113402061856,0.3178694158075601,0.058419243986254296,7.627057417018934,2052.0,8.65084957622891,8.133587417660966,2021-07-12,2021-07-19,1.7440109514031485,0.0,0.0,0.0,2021-07-05,0.9993406405870626,0.6313509845211126,0.07916958103984835
303,Taliban,2021-07-12,2021-07-19,92,531.0,531.0,453.0,283.0,207.0,279.0,229.0,23.0,2052.0,233.0,9.007121989469242,6.2766434893416445,0.8531073446327684,0.5329566854990584,0.3898305084745763,0.5254237288135594,0.4312617702448211,0.04331450094161959,7.063903961472068,1168.0,8.753055515138222,8.301769763117166,2021-07-19,2021-07-26,1.7631759069130732,0.0,0.0,0.0,2021-07-12,0.9663950211067325,0.5135937782007318,0.33281669249870843
303,Taliban,2021-07-19,2021-07-26,93,327.0,327.0,280.0,152.0,98.0,152.0,150.0,25.0,1168.0,121.0,8.927844826211702,5.793013608384144,0.8562691131498471,0.4648318042813456,0.2996941896024465,0.4648318042813456,0.45871559633027525,0.0764525993883792,7.6577552711348655,2116.0,8.830396801098097,8.414052432496725,2021-07-26,2021-08-02,1.782340862422998,0.0,0.0,0.0,2021-07-19,0.9712483000945734,0.415956908265762,0.21493930400319944
303,Taliban,2021-07-26,2021-08-02,94,378.0,378.0,324.0,224.0,183.0,223.0,127.0,28.0,2116.0,194.0,8.928375259853631,5.937536205082426,0.8571428571428571,0.5925925925925926,0.48412698412698413,0.58994708994709,0.335978835978836,0.07407407407407407,7.9724660159745655,2899.0,8.913819350857198,8.431199478249262,2021-08-02,2021-08-09,1.8015058179329226,0.0,0.0,0.0,2021-07-26,0.9725894872621734,0.5990642142626653,0.45613460067737355
303,Taliban,2021-08-02,2021-08-09,95,30.0,30.0,27.0,22.0,18.0,23.0,5.0,2.0,2899.0,258.0,9.01627006814768,3.4339872044851463,0.9,0.7333333333333333,0.6,0.7666666666666667,0.16666666666666666,0.06666666666666667,7.332369205929062,1528.0,9.004299728561636,8.65084957622891,2021-08-09,2021-08-16,1.8206707734428473,1.0,0.0,0.0,2021-08-02,1.0,0.8007744433688286,0.607669616519174
303,Taliban,2021-08-09,2021-08-16,96,47.0,47.0,44.0,36.0,17.0,37.0,9.0,1.0,1528.0,117.0,8.950532836290382,3.871201010907891,0.9361702127659575,0.7659574468085106,0.3617021276595745,0.7872340425531915,0.19148936170212766,0.02127659574468085,3.5263605246161616,33.0,9.007121989469242,8.753055515138222,2021-08-16,2021-08-23,1.839835728952772,0.0,1.0,0.0,2021-08-09,1.0,0.8475314617618586,0.29603129772589387
303,Taliban,2021-08-16,2021-08-23,97,56.0,56.0,42.0,25.0,18.0,25.0,27.0,4.0,33.0,9.0,8.79133399330135,4.04305126783455,0.75,0.44642857142857145,0.32142857142857145,0.44642857142857145,0.48214285714285715,0.07142857142857142,1.6094379124341003,4.0,8.927844826211702,8.830396801098097,2021-08-23,2021-08-30,1.8590006844626967,0.0,1.0,0.0,2021-08-16,0.8081264108352144,0.3895813165537271,0.24336283185840712
303,Taliban,2021-08-23,2021-08-30,98,50.0,50.0,41.0,22.0,13.0,25.0,23.0,2.0,4.0,8.0,8.4040244933106,3.9318256327243257,0.82,0.44,0.26,0.5,0.46,0.04,6.124683390894205,456.0,8.928375259853631,8.913819350857198,2021-08-30,2021-09-06,1.8781656399726214,0.0,1.0,0.0,2021-08-23,0.9155756207674943,0.3803678606001936,0.16302851524090464
303,Taliban,2021-08-30,2021-09-06,99,706.0,706.0,556.0,334.0,233.0,324.0,312.0,70.0,456.0,14.0,7.611842399580417,6.561030665896573,0.7875354107648725,0.4730878186968839,0.330028328611898,0.45892351274787535,0.44192634560906513,0.09915014164305949,4.430816798843313,83.0,9.01627006814768,9.004299728561636,2021-09-06,2021-09-13,1.8973305954825461,0.0,1.0,0.0,2021-08-30,0.8657428427090594,0.4277894632920974,0.25460931863699543
303,Taliban,2021-09-06,2021-09-13,100,743.0,743.0,565.0,369.0,210.0,323.0,317.0,103.0,83.0,20.0,6.3578422665081,6.612041034833092,0.7604306864064603,0.49663526244952894,0.28263795423956933,0.4347240915208614,0.4266487213997308,0.1386271870794078,2.70805020110221,14.0,8.950532836290382,9.007121989469242,2021-09-13,2021-09-20,1.9164955509924708,0.0,1.0,0.0,2021-09-06,0.8241373967412934,0.4615377599772775,0.19263370613434339
303,Taliban,2021-09-13,2021-09-20,101,377.0,377.0,255.0,131.0,108.0,132.0,200.0,45.0,14.0,6.0,6.324358962381311,5.934894195619588,0.6763925729442971,0.34748010610079577,0.2864721485411141,0.35013262599469497,0.5305039787798409,0.11936339522546419,2.772588722239781,15.0,8.79133399330135,8.927844826211702,2021-09-20,2021-09-27,1.9356605065023955,0.0,1.0,0.0,2021-09-13,0.6951398410883116,0.24776795458105338,0.1976479425365602
303,Taliban,2021-09-20,2021-09-27,102,293.0,293.0,192.0,114.0,101.0,110.0,142.0,41.0,15.0,7.0,6.343880434126331,5.683579767338681,0.6552901023890785,0.3890784982935154,0.3447098976109215,0.37542662116040953,0.48464163822525597,0.13993174061433447,3.6888794541139363,39.0,8.4040244933106,8.928375259853631,2021-09-27,2021-10-04,1.9548254620123204,0.0,1.0,0.0,2021-09-20,0.6627477869629196,0.30738694745745354,0.27380940395528575
303,Taliban,2021-09-27,2021-10-04,103,287.0,287.0,214.0,130.0,94.0,133.0,124.0,30.0,39.0,8.0,5.0238805208462765,5.662960480135946,0.7456445993031359,0.4529616724738676,0.32752613240418116,0.4634146341463415,0.43205574912891986,0.10452961672473868,1.9459101490553132,6.0,7.611842399580417,9.01627006814768,2021-10-04,2021-10-11,1.9739904175222451,0.0,1.0,0.0,2021-09-27,0.8014409199235494,0.3989445847991878,0.25133702664460267
303,Taliban,2021-10-04,2021-10-11,104,322.0,322.0,254.0,186.0,153.0,189.0,95.0,38.0,6.0,5.0,4.31748811353631,5.777652323222656,0.7888198757763976,0.577639751552795,0.4751552795031056,0.5869565217391305,0.2950310559006211,0.11801242236024845,2.833213344056216,16.0,6.3578422665081,8.950532836290382,2021-10-11,2021-10-18,1.9931553730321698,0.0,1.0,0.0,2021-10-04,0.8677144820044026,0.5776337387937203,0.4444016929588303
303,Taliban,2021-10-11,2021-10-18,105,198.0,198.0,132.0,68.0,58.0,71.0,107.0,20.0,16.0,7.0,4.343805421853684,5.293304824724492,0.6666666666666666,0.3434343434343434,0.29292929292929293,0.35858585858585856,0.5404040404040404,0.10101010101010101,3.2188758248682006,24.0,6.324358962381311,8.79133399330135,2021-10-18,2021-10-25,2.0123203285420943,0.0,1.0,0.0,2021-10-11,0.6802106847253574,0.2419695502948165,0.20609238898324445
303,Taliban,2021-10-18,2021-10-25,106,144.0,144.0,105.0,50.0,39.0,51.0,69.0,24.0,24.0,6.0,4.454347296253507,4.976733742420574,0.7291666666666666,0.3472222222222222,0.2708333333333333,0.3541666666666667,0.4791666666666667,0.16666666666666666,1.9459101490553132,6.0,6.343880434126331,8.4040244933106,2021-10-25,2021-11-01,2.0314852840520192,0.0,1.0,0.0,2021-10-18,0.7761474793077502,0.24739835430784124,0.17719600131104554
303,Taliban,2021-10-25,2021-11-01,107,185.0,185.0,128.0,72.0,66.0,81.0,81.0,23.0,6.0,6.0,3.970291913552122,5.225746673713202,0.6918918918918919,0.3891891891891892,0.3567567567567568,0.43783783783783786,0.43783783783783786,0.12432432432432433,3.6375861597263857,37.0,5.0238805208462765,7.611842399580417,2021-11-01,2021-11-08,2.0506502395619437,0.0,1.0,0.0,2021-10-25,0.7189311207369898,0.3075455901206144,0.28956390018336925
303,Taliban,2021-11-01,2021-11-08,108,218.0,218.0,173.0,136.0,125.0,141.0,57.0,20.0,37.0,8.0,4.430816798843313,5.389071729816501,0.7935779816513762,0.6238532110091743,0.573394495412844,0.6467889908256881,0.26146788990825687,0.09174311926605505,2.0794415416798357,7.0,4.31748811353631,6.3578422665081,2021-11-08,2021-11-15,2.0698151950718686,0.0,1.0,0.0,2021-11-01,0.8750181208192681,0.6438670657299929,0.5728757904612415
303,Taliban,2021-11-08,2021-11-15,109,175.0,175.0,100.0,45.0,35.0,56.0,93.0,26.0,7.0,3.0,4.31748811353631,5.170483995038151,0.5714285714285714,0.2571428571428571,0.2,0.32,0.5314285714285715,0.14857142857142858,1.791759469228055,5.0,4.343805421853684,6.324358962381311,2021-11-15,2021-11-22,2.088980150581793,0.0,1.0,0.0,2021-11-08,0.5340212834569493,0.11829622458857694,0.08456243854473945
303,Taliban,2021-11-15,2021-11-22,110,99.0,99.0,57.0,30.0,24.0,30.0,54.0,15.0,5.0,5.0,4.02535169073515,4.605170185988092,0.5757575757575758,0.30303030303030304,0.24242424242424243,0.30303030303030304,0.5454545454545454,0.15151515151515152,2.1972245773362196,8.0,4.454347296253507,6.343880434126331,2021-11-22,2021-11-29,2.108145106091718,0.0,1.0,0.0,2021-11-15,0.5406662562418771,0.18406230748921942,0.1400435028753613
303,Taliban,2021-11-22,2021-11-29,111,75.0,75.0,50.0,23.0,20.0,27.0,39.0,9.0,8.0,10.0,4.060443010546419,4.330733340286331,0.6666666666666666,0.30666666666666664,0.26666666666666666,0.36,0.52,0.12,2.0794415416798357,7.0,3.970291913552122,5.0238805208462765,2021-11-29,2021-12-06,2.127310061601643,0.0,1.0,0.0,2021-11-22,0.6802106847253574,0.1892739593417231,0.1717469682071452
303,Taliban,2021-11-29,2021-12-06,112,110.0,110.0,75.0,52.0,24.0,50.0,43.0,17.0,7.0,5.0,3.332204510175204,4.709530201312334,0.6818181818181818,0.4727272727272727,0.21818181818181817,0.45454545454545453,0.39090909090909093,0.15454545454545454,1.6094379124341003,4.0,4.430816798843313,4.31748811353631,2021-12-06,2021-12-13,2.1464750171115674,0.0,1.0,0.0,2021-11-29,0.7034680894726041,0.4272727272727273,0.10834003754357736
303,Taliban,2021-12-06,2021-12-13,113,78.0,78.0,48.0,26.0,20.0,29.0,37.0,12.0,4.0,5.0,3.2188758248682006,4.3694478524670215,0.6153846153846154,0.3333333333333333,0.2564102564102564,0.3717948717948718,0.47435897435897434,0.15384615384615385,0.6931471805599453,1.0,4.31748811353631,4.343805421853684,2021-12-13,2021-12-20,2.1656399726214923,0.0,1.0,0.0,2021-12-06,0.6014933148115993,0.22749273959341723,0.15833396364369814
303,Taliban,2021-12-13,2021-12-20,114,110.0,110.0,68.0,39.0,25.0,37.0,57.0,16.0,1.0,1.0,3.044522437723423,4.709530201312334,0.6181818181818182,0.35454545454545455,0.22727272727272727,0.33636363636363636,0.5181818181818182,0.14545454545454545,2.3978952727983707,10.0,4.02535169073515,4.454347296253507,2021-12-20,2021-12-27,2.184804928131417,0.0,1.0,0.0,2021-12-13,0.6057869895341679,0.25789404206635574,0.12022883704299633
303,Taliban,2021-12-20,2021-12-27,115,79.0,79.0,52.0,20.0,11.0,21.0,47.0,11.0,10.0,4.0,3.1354942159291497,4.382026634673881,0.6582278481012658,0.25316455696202533,0.13924050632911392,0.26582278481012656,0.5949367088607594,0.13924050632911392,1.0986122886681098,2.0,4.060443010546419,3.970291913552122,2021-12-27,2022-01-03,2.2039698836413417,0.0,1.0,0.0,2021-12-20,0.6672571934737263,0.11259450782408376,0.00510312037140759
303,Taliban,2021-12-27,2022-01-03,116,150.0,150.0,98.0,55.0,28.0,53.0,67.0,30.0,2.0,1.0,2.8903717578961645,5.017279836814924,0.6533333333333333,0.36666666666666664,0.18666666666666668,0.35333333333333333,0.44666666666666666,0.2,0.0,0.0,3.332204510175204,4.430816798843313,2022-01-03,2022-01-10,2.223134839151266,0.0,1.0,0.0,2021-12-27,0.6597441685477803,0.2752662149080348,0.0671255326122583
303,Taliban,2022-01-03,2022-01-10,117,83.0,83.0,54.0,26.0,12.0,30.0,42.0,11.0,0.0,0.0,2.6390573296152584,4.430816798843313,0.6506024096385542,0.3132530120481928,0.14457831325301204,0.3614457831325301,0.5060240963855421,0.13253012048192772,1.9459101490553132,6.0,3.2188758248682006,4.31748811353631,2022-01-10,2022-01-17,2.242299794661191,0.0,1.0,0.0,2022-01-03,0.6555522314993608,0.19871353759665966,0.012083733162739455
303,Taliban,2022-01-10,2022-01-17,118,86.0,86.0,55.0,42.0,32.0,46.0,31.0,9.0,6.0,4.0,2.9444389791664403,4.465908118654584,0.6395348837209303,0.4883720930232558,0.37209302325581395,0.5348837209302325,0.36046511627906974,0.10465116279069768,2.70805020110221,14.0,3.044522437723423,4.02535169073515,2022-01-17,2022-01-24,2.2614647501711156,0.0,1.0,0.0,2022-01-10,0.6385637041314505,0.4496949503590806,0.3096201779058334
303,Taliban,2022-01-17,2022-01-24,119,84.0,84.0,55.0,33.0,26.0,38.0,35.0,11.0,14.0,3.0,3.1354942159291497,4.442651256490317,0.6547619047619048,0.39285714285714285,0.30952380952380953,0.4523809523809524,0.4166666666666667,0.13095238095238096,2.6390573296152584,13.0,3.1354942159291497,4.060443010546419,2022-01-24,2022-01-31,2.2806297056810405,0.0,1.0,0.0,2022-01-17,0.6619370095668065,0.3128025169409487,0.2277941658472632
303,Taliban,2022-01-24,2022-01-31,120,62.0,62.0,32.0,9.0,5.0,9.0,48.0,5.0,13.0,4.0,3.5263605246161616,4.143134726391533,0.5161290322580645,0.14516129032258066,0.08064516129032258,0.14516129032258066,0.7741935483870968,0.08064516129032258,1.3862943611198906,3.0,2.8903717578961645,3.332204510175204,2022-01-31,2022-02-07,2.299794661190965,0.0,1.0,0.0,2022-01-24,0.4491371149785189,0.0,0.0
303,Taliban,2022-01-31,2022-02-07,121,83.0,83.0,65.0,22.0,20.0,24.0,54.0,5.0,3.0,2.0,3.6109179126442243,4.430816798843313,0.7831325301204819,0.26506024096385544,0.24096385542168675,0.2891566265060241,0.6506024096385542,0.060240963855421686,1.0986122886681098,2.0,2.6390573296152584,3.2188758248682006,2022-02-07,2022-02-14,2.31895961670089,0.0,1.0,0.0,2022-01-31,0.8589844706138322,0.12964345280444142,0.13813365556621768
303,Taliban,2022-02-07,2022-02-14,122,70.0,70.0,48.0,19.0,13.0,19.0,45.0,6.0,2.0,2.0,3.4965075614664802,4.2626798770413155,0.6857142857142857,0.2714285714285714,0.18571428571428572,0.2714285714285714,0.6428571428571429,0.08571428571428572,2.6390573296152584,13.0,2.9444389791664403,3.044522437723423,2022-02-14,2022-02-21,2.3381245722108144,0.0,1.0,0.0,2022-02-07,0.7094485649790391,0.1387705711519845,0.06588003933136678
303,Taliban,2022-02-14,2022-02-21,123,44.0,44.0,24.0,5.0,5.0,7.0,28.0,9.0,13.0,2.0,3.4657359027997265,3.8066624897703196,0.5454545454545454,0.11363636363636363,0.11363636363636363,0.1590909090909091,0.6363636363636364,0.20454545454545456,1.0986122886681098,2.0,3.1354942159291497,3.1354942159291497,2022-02-21,2022-02-28,2.3572895277207393,0.0,1.0,0.0,2022-02-14,0.4941514467473835,0.0,0.0
303,Taliban,2022-02-21,2022-02-28,124,35.0,35.0,23.0,16.0,11.0,17.0,13.0,5.0,2.0,2.0,3.044522437723423,3.58351893845611,0.6571428571428571,0.45714285714285713,0.3142857142857143,0.4857142857142857,0.37142857142857144,0.14285714285714285,1.3862943611198906,3.0,3.5263605246161616,2.8903717578961645,2022-02-28,2022-03-07,2.3764544832306638,0.0,1.0,0.0,2022-02-21,0.6655917445985167,0.4049370764762827,0.23402163225172073
303,Taliban,2022-02-28,2022-03-07,125,53.0,53.0,37.0,26.0,17.0,32.0,15.0,6.0,3.0,4.0,3.044522437723423,3.9889840465642745,0.6981132075471698,0.49056603773584906,0.32075471698113206,0.6037735849056604,0.2830188679245283,0.11320754716981132,1.9459101490553132,6.0,3.6109179126442243,2.6390573296152584,2022-03-07,2022-03-14,2.3956194387405887,0.0,1.0,0.0,2022-02-28,0.7284807700498317,0.45283932126614185,0.24248158661249325
303,Taliban,2022-03-07,2022-03-14,126,38.0,38.0,25.0,14.0,8.0,17.0,18.0,3.0,6.0,6.0,3.2188758248682006,3.6635616461296463,0.6578947368421053,0.3684210526315789,0.21052631578947367,0.4473684210526316,0.47368421052631576,0.07894736842105263,1.3862943611198906,3.0,3.4965075614664802,2.9444389791664403,2022-03-14,2022-03-21,2.414784394250513,0.0,1.0,0.0,2022-03-07,0.6667458714506357,0.2777806083456463,0.0983284169124877
303,Taliban,2022-03-14,2022-03-21,127,39.0,39.0,22.0,8.0,8.0,10.0,21.0,8.0,3.0,2.0,2.70805020110221,3.6888794541139363,0.5641025641025641,0.20512820512820512,0.20512820512820512,0.2564102564102564,0.5384615384615384,0.20512820512820512,2.833213344056216,16.0,3.4657359027997265,3.1354942159291497,2022-03-21,2022-03-28,2.433949349760438,0.0,1.0,0.0,2022-03-14,0.5227759448978411,0.043748603767964855,0.09126894082646295
303,Taliban,2022-03-21,2022-03-28,128,46.0,46.0,28.0,9.0,8.0,9.0,32.0,5.0,16.0,4.0,3.367295829986474,3.8501476017100584,0.6086956521739131,0.1956521739130435,0.17391304347826086,0.1956521739130435,0.6956521739130435,0.10869565217391304,3.970291913552122,52.0,3.044522437723423,3.5263605246161616,2022-03-28,2022-04-04,2.4531143052703626,0.0,1.0,0.0,2022-03-21,0.5912258317793699,0.030167515467822745,0.05044675302466761
303,Taliban,2022-03-28,2022-04-04,129,41.0,41.0,28.0,14.0,14.0,15.0,21.0,5.0,52.0,10.0,4.356708826689592,3.7376696182833684,0.6829268292682927,0.34146341463414637,0.34146341463414637,0.36585365853658536,0.5121951219512195,0.12195121951219512,2.833213344056216,16.0,3.044522437723423,3.6109179126442243,2022-04-04,2022-04-11,2.4722792607802875,0.0,1.0,0.0,2022-03-28,0.7051698507955735,0.23914480674332403,0.26956375758447854
303,Taliban,2022-04-04,2022-04-11,130,32.0,32.0,17.0,9.0,2.0,10.0,18.0,4.0,16.0,7.0,4.477336814478207,3.4965075614664802,0.53125,0.28125,0.0625,0.3125,0.5625,0.125,2.302585092994046,9.0,3.2188758248682006,3.4965075614664802,2022-04-11,2022-04-18,2.4914442162902124,0.0,1.0,0.0,2022-04-04,0.47234762979683975,0.15284668441432722,0.0
303,Taliban,2022-04-11,2022-04-18,131,51.0,51.0,39.0,28.0,21.0,23.0,25.0,3.0,9.0,5.0,4.543294782270004,3.9512437185814275,0.7647058823529411,0.5490196078431373,0.4117647058823529,0.45098039215686275,0.49019607843137253,0.058823529411764705,2.995732273553991,19.0,2.70805020110221,3.4657359027997265,2022-04-18,2022-04-25,2.510609171800137,0.0,1.0,0.0,2022-04-11,0.8306997742663657,0.536615226923296,0.3615015327664989
303,Taliban,2022-04-18,2022-04-25,132,80.0,80.0,74.0,67.0,62.0,65.0,10.0,5.0,19.0,13.0,4.574710978503383,4.394449154672439,0.925,0.8375,0.775,0.8125,0.125,0.0625,3.871201010907891,47.0,3.367295829986474,3.044522437723423,2022-04-25,2022-05-02,2.529774127310062,0.0,1.0,0.0,2022-04-18,1.0,0.9500665537270089,0.8365290068829891
303,Taliban,2022-04-25,2022-05-02,133,66.0,66.0,56.0,44.0,38.0,44.0,18.0,4.0,47.0,10.0,4.5217885770490405,4.204692619390966,0.8484848484848485,0.6666666666666666,0.5757575757575758,0.6666666666666666,0.2727272727272727,0.06060606060606061,3.828641396489095,45.0,4.356708826689592,3.044522437723423,2022-05-02,2022-05-09,2.5489390828199863,0.0,1.0,0.0,2022-04-25,0.9592995416923182,0.7052274927395934,0.5759661511873901
303,Taliban,2022-05-02,2022-05-09,134,39.0,39.0,29.0,15.0,9.0,18.0,20.0,1.0,45.0,9.0,4.795790545596741,3.6888794541139363,0.7435897435897436,0.38461538461538464,0.23076923076923078,0.46153846153846156,0.5128205128205128,0.02564102564102564,3.9318256327243257,50.0,4.477336814478207,3.2188758248682006,2022-05-09,2022-05-16,2.568104038329911,0.0,1.0,0.0,2022-05-02,0.7982867395959947,0.3009903939235982,0.12480145223508057
303,Taliban,2022-05-09,2022-05-16,135,56.0,56.0,40.0,22.0,13.0,26.0,25.0,5.0,50.0,21.0,5.087596335232384,4.04305126783455,0.7142857142857143,0.39285714285714285,0.23214285714285715,0.4642857142857143,0.44642857142857145,0.08928571428571429,3.332204510175204,27.0,4.543294782270004,2.70805020110221,2022-05-16,2022-05-23,2.5872689938398357,0.0,1.0,0.0,2022-05-09,0.7533053853595615,0.3128025169409487,0.12659783677482794
303,Taliban,2022-05-16,2022-05-23,136,46.0,46.0,34.0,19.0,15.0,22.0,19.0,5.0,27.0,13.0,5.135798437050262,3.8501476017100584,0.7391304347826086,0.41304347826086957,0.32608695652173914,0.4782608695652174,0.41304347826086957,0.10869565217391304,2.995732273553991,19.0,4.574710978503383,3.367295829986474,2022-05-23,2022-05-30,2.6064339493497606,0.0,1.0,0.0,2022-05-16,0.7914417509078417,0.3417336588240246,0.24945491855841992
303,Taliban,2022-05-23,2022-05-30,137,44.0,44.0,22.0,16.0,11.0,18.0,22.0,4.0,19.0,8.0,4.955827057601261,3.8066624897703196,0.5,0.36363636363636365,0.25,0.4090909090909091,0.5,0.09090909090909091,3.713572066704308,40.0,4.5217885770490405,4.356708826689592,2022-05-30,2022-06-06,2.625598904859685,0.0,1.0,0.0,2022-05-23,0.42437923250564336,0.2709231716976151,0.14995083579154375
303,Taliban,2022-05-30,2022-06-06,138,34.0,34.0,19.0,10.0,8.0,13.0,15.0,6.0,40.0,12.0,4.919980925828125,3.5553480614894135,0.5588235294117647,0.29411764705882354,0.23529411764705882,0.38235294117647056,0.4411764705882353,0.17647058823529413,2.772588722239781,15.0,4.795790545596741,4.477336814478207,2022-06-06,2022-06-13,2.64476386036961,0.0,1.0,0.0,2022-05-30,0.5146726862302483,0.17128865098798476,0.13071895424836602
303,Taliban,2022-06-06,2022-06-13,139,47.0,47.0,34.0,23.0,13.0,26.0,19.0,2.0,15.0,13.0,4.624972813284271,3.871201010907891,0.723404255319149,0.48936170212765956,0.2765957446808511,0.5531914893617021,0.40425531914893614,0.0425531914893617,3.4657359027997265,31.0,5.087596335232384,4.543294782270004,2022-06-13,2022-06-20,2.6639288158795345,0.0,1.0,0.0,2022-06-06,0.7673022429278133,0.45111326234269117,0.18473189815686522
303,Taliban,2022-06-13,2022-06-20,140,69.0,69.0,57.0,45.0,39.0,47.0,16.0,6.0,31.0,12.0,4.663439094112067,4.248495242049359,0.8260869565217391,0.6521739130434783,0.5652173913043478,0.6811594202898551,0.2318840579710145,0.08695652173913043,3.8918202981106265,48.0,5.135798437050262,4.574710978503383,2022-06-20,2022-06-27,2.6830937713894594,0.0,1.0,0.0,2022-06-13,0.9249190303268231,0.6844564165158467,0.5621820358257449
303,Taliban,2022-06-20,2022-06-27,141,59.0,59.0,33.0,22.0,16.0,32.0,13.0,14.0,48.0,14.0,4.90527477843843,4.0943445622221,0.559322033898305,0.3728813559322034,0.2711864406779661,0.5423728813559322,0.22033898305084745,0.23728813559322035,3.295836866004329,26.0,4.955827057601261,4.5217885770490405,2022-06-27,2022-07-04,2.702258726899384,0.0,1.0,0.0,2022-06-20,0.5154378849906263,0.284173134034489,0.1776577837774778
303,Taliban,2022-06-27,2022-07-04,142,45.0,45.0,31.0,22.0,14.0,24.0,19.0,2.0,26.0,7.0,4.795790545596741,3.828641396489095,0.6888888888888889,0.4888888888888889,0.3111111111111111,0.5333333333333333,0.4222222222222222,0.044444444444444446,3.2188758248682006,24.0,4.919980925828125,4.795790545596741,2022-07-04,2022-07-11,2.7214236824093088,0.0,1.0,0.0,2022-06-27,0.7143215450213193,0.4504356243949661,0.22986998798208239
303,Taliban,2022-07-04,2022-07-11,143,23.0,23.0,14.0,9.0,7.0,11.0,8.0,4.0,24.0,9.0,4.867534450455582,3.1780538303479458,0.6086956521739131,0.391304347826087,0.30434782608695654,0.4782608695652174,0.34782608695652173,0.17391304347826086,3.4011973816621555,29.0,4.624972813284271,5.087596335232384,2022-07-11,2022-07-18,2.7405886379192332,0.0,1.0,0.0,2022-07-04,0.5912258317793699,0.31057704448840445,0.22102518062502674
303,Taliban,2022-07-11,2022-07-18,144,19.0,19.0,13.0,10.0,7.0,12.0,5.0,2.0,29.0,9.0,4.852030263919617,2.995732273553991,0.6842105263157895,0.5263157894736842,0.3684210526315789,0.631578947368421,0.2631578947368421,0.10526315789473684,3.1354942159291497,22.0,4.663439094112067,5.135798437050262,2022-07-18,2022-07-25,2.759753593429158,0.0,1.0,0.0,2022-07-11,0.707140311274801,0.5040760177306771,0.3048180924287119
303,Taliban,2022-07-18,2022-07-25,145,54.0,54.0,31.0,20.0,13.0,20.0,26.0,8.0,22.0,15.0,4.624972813284271,4.007333185232471,0.5740740740740741,0.37037037037037035,0.24074074074074073,0.37037037037037035,0.48148148148148145,0.14814814814814814,1.9459101490553132,6.0,4.90527477843843,4.955827057601261,2022-07-25,2022-08-01,2.7789185489390826,0.0,1.0,0.0,2022-07-18,0.5380821001588496,0.28057437883188124,0.13784187333843184
303,Taliban,2022-07-25,2022-08-01,146,43.0,43.0,25.0,21.0,19.0,23.0,11.0,9.0,6.0,3.0,4.406719247264253,3.784189633918261,0.5813953488372093,0.4883720930232558,0.4418604651162791,0.5348837209302325,0.2558139534883721,0.20930232558139536,3.1780538303479458,23.0,4.795790545596741,4.919980925828125,2022-08-01,2022-08-08,2.7980835044490076,0.0,1.0,0.0,2022-07-25,0.5493201742873642,0.4496949503590806,0.40085980197114174
303,Taliban,2022-08-01,2022-08-08,147,164.0,164.0,133.0,102.0,93.0,99.0,56.0,9.0,23.0,8.0,4.394449154672439,5.10594547390058,0.8109756097560976,0.6219512195121951,0.5670731707317073,0.6036585365853658,0.34146341463414637,0.054878048780487805,2.833213344056216,16.0,4.867534450455582,4.624972813284271,2022-08-08,2022-08-15,2.817248459958932,0.0,1.0,0.0,2022-08-01,0.9017232835985246,0.6411411234151064,0.5646089646737175
303,Taliban,2022-08-08,2022-08-15,148,150.0,150.0,123.0,103.0,71.0,102.0,37.0,11.0,16.0,8.0,4.219507705176107,5.017279836814924,0.82,0.6866666666666666,0.47333333333333333,0.68,0.24666666666666667,0.07333333333333333,2.3978952727983707,10.0,4.852030263919617,4.663439094112067,2022-08-15,2022-08-22,2.836413415468857,0.0,1.0,0.0,2022-08-08,0.9155756207674943,0.733891577928364,0.4420190101606031
303,Taliban,2022-08-15,2022-08-22,149,116.0,116.0,65.0,39.0,36.0,43.0,62.0,11.0,10.0,9.0,4.02535169073515,4.762173934797756,0.5603448275862069,0.33620689655172414,0.3103448275862069,0.3706896551724138,0.5344827586206896,0.09482758620689655,1.3862943611198906,3.0,4.624972813284271,4.90527477843843,2022-08-22,2022-08-29,2.855578370978782,0.0,1.0,0.0,2022-08-15,0.5170078617576087,0.23161114263778085,0.22886786695148004
303,Taliban,2022-08-22,2022-08-29,150,46.0,46.0,20.0,8.0,9.0,13.0,27.0,6.0,3.0,7.0,3.970291913552122,3.8501476017100584,0.43478260869565216,0.17391304347826086,0.1956521739130435,0.2826086956521739,0.5869565217391305,0.13043478260869565,2.6390573296152584,13.0,4.406719247264253,4.795790545596741,2022-08-29,2022-09-05,2.8747433264887063,0.0,1.0,0.0,2022-08-22,0.32427127294140734,0.0,0.0788764909580608
303,Taliban,2022-08-29,2022-09-05,151,63.0,63.0,50.0,34.0,30.0,35.0,25.0,3.0,13.0,10.0,3.7612001156935624,4.1588830833596715,0.7936507936507936,0.5396825396825397,0.47619047619047616,0.5555555555555556,0.3968253968253968,0.047619047619047616,3.970291913552122,52.0,4.394449154672439,4.867534450455582,2022-09-05,2022-09-12,2.8939082819986313,0.0,1.0,0.0,2022-08-29,0.8751298864165681,0.5232333010648597,0.4457554900032776
303,Taliban,2022-09-05,2022-09-12,152,82.0,82.0,62.0,57.0,51.0,64.0,12.0,6.0,52.0,16.0,4.3694478524670215,4.418840607796598,0.7560975609756098,0.6951219512195121,0.6219512195121951,0.7804878048780488,0.14634146341463414,0.07317073170731707,4.9344739331306915,138.0,4.219507705176107,4.852030263919617,2022-09-12,2022-09-19,2.9130732375085557,0.0,1.0,0.0,2022-09-05,0.8174860981115455,0.7460097277642669,0.6363767177494783
303,Taliban,2022-09-12,2022-09-19,153,53.0,53.0,40.0,28.0,27.0,30.0,16.0,7.0,138.0,18.0,5.332718793265369,3.9889840465642745,0.7547169811320755,0.5283018867924528,0.5094339622641509,0.5660377358490566,0.3018867924528302,0.1320754716981132,3.367295829986474,28.0,4.02535169073515,4.624972813284271,2022-09-19,2022-09-26,2.9322381930184807,0.0,1.0,0.0,2022-09-12,0.8153669236338857,0.5069225008675957,0.48923025546835863
303,Taliban,2022-09-19,2022-09-26,154,48.0,48.0,31.0,16.0,15.0,17.0,25.0,6.0,28.0,10.0,5.44673737166631,3.8918202981106265,0.6458333333333334,0.3333333333333333,0.3125,0.3541666666666667,0.5208333333333334,0.125,2.3978952727983707,10.0,3.970291913552122,4.406719247264253,2022-09-26,2022-10-03,2.951403148528405,0.0,1.0,0.0,2022-09-19,0.6482317531978932,0.22749273959341723,0.23168633235004915
303,Taliban,2022-09-26,2022-10-03,155,72.0,72.0,57.0,46.0,27.0,42.0,17.0,13.0,10.0,7.0,5.43372200355424,4.290459441148391,0.7916666666666666,0.6388888888888888,0.375,0.5833333333333334,0.2361111111111111,0.18055555555555555,3.4965075614664802,32.0,3.7612001156935624,4.394449154672439,2022-10-03,2022-10-10,2.97056810403833,0.0,1.0,0.0,2022-09-26,0.8720842738901429,0.6654162633107453,0.3134218289085546
303,Taliban,2022-10-03,2022-10-10,156,46.0,46.0,38.0,27.0,27.0,28.0,15.0,3.0,32.0,4.0,5.342334251964811,3.8501476017100584,0.8260869565217391,0.5869565217391305,0.5869565217391305,0.6086956521739131,0.32608695652173914,0.06521739130434782,3.4011973816621555,29.0,4.3694478524670215,4.219507705176107,2022-10-10,2022-10-17,2.9897330595482545,0.0,1.0,0.0,2022-10-03,0.9249190303268231,0.5909865735089862,0.5906117737591382
303,Taliban,2022-10-10,2022-10-17,157,37.0,37.0,25.0,13.0,10.0,14.0,21.0,2.0,29.0,13.0,4.605170185988092,3.6375861597263857,0.6756756756756757,0.35135135135135137,0.2702702702702703,0.3783783783783784,0.5675675675675675,0.05405405405405406,3.4965075614664802,32.0,5.332718793265369,4.02535169073515,2022-10-17,2022-10-24,3.0088980150581794,0.0,1.0,0.0,2022-10-10,0.694039411872369,0.25331623976348083,0.1764596454861942
303,Taliban,2022-10-17,2022-10-24,158,57.0,57.0,47.0,41.0,36.0,41.0,10.0,6.0,32.0,13.0,4.6443908991413725,4.060443010546419,0.8245614035087719,0.7192982456140351,0.631578947368421,0.7192982456140351,0.17543859649122806,0.10526315789473684,2.995732273553991,19.0,5.44673737166631,3.970291913552122,2022-10-24,2022-10-31,3.028062970568104,0.0,1.0,0.0,2022-10-17,0.9225773236703497,0.780659295867937,0.6489675516224188
303,Taliban,2022-10-24,2022-10-31,159,48.0,48.0,37.0,24.0,20.0,25.0,16.0,7.0,19.0,9.0,4.727387818712341,3.8918202981106265,0.7708333333333334,0.5,0.4166666666666667,0.5208333333333334,0.3333333333333333,0.14583333333333334,1.6094379124341003,4.0,5.43372200355424,3.7612001156935624,2022-10-31,2022-11-07,3.047227926078029,0.0,1.0,0.0,2022-10-24,0.8401053423626788,0.46636011616650536,0.3679121599475582
303,Taliban,2022-10-31,2022-11-07,160,22.0,22.0,13.0,7.0,6.0,6.0,13.0,3.0,4.0,3.0,4.442651256490317,3.1354942159291497,0.5909090909090909,0.3181818181818182,0.2727272727272727,0.2727272727272727,0.5909090909090909,0.13636363636363635,2.5649493574615367,12.0,5.342334251964811,4.3694478524670215,2022-11-07,2022-11-14,3.0663928815879533,0.0,1.0,0.0,2022-10-31,0.5639236609891238,0.2057775235413183,0.17967283454009114
303,Taliban,2022-11-07,2022-11-14,161,31.0,31.0,14.0,8.0,6.0,13.0,17.0,1.0,12.0,7.0,4.219507705176107,3.4657359027997265,0.45161290322580644,0.25806451612903225,0.1935483870967742,0.41935483870967744,0.5483870967741935,0.03225806451612903,2.302585092994046,9.0,4.605170185988092,5.332718793265369,2022-11-14,2022-11-21,3.0855578370978782,0.0,1.0,0.0,2022-11-07,0.3501055850870166,0.11961715017331294,0.07612522599676468
303,Taliban,2022-11-14,2022-11-21,162,44.0,44.0,29.0,22.0,20.0,23.0,15.0,6.0,9.0,4.0,3.8066624897703196,3.8066624897703196,0.6590909090909091,0.5,0.45454545454545453,0.5227272727272727,0.3409090909090909,0.13636363636363635,1.0986122886681098,2.0,4.6443908991413725,5.44673737166631,2022-11-21,2022-11-28,3.1047227926078027,0.0,1.0,0.0,2022-11-14,0.668581982351734,0.46636011616650536,0.41744882452847054
303,Taliban,2022-11-21,2022-11-28,163,32.0,32.0,22.0,15.0,13.0,14.0,12.0,6.0,2.0,3.0,3.332204510175204,3.4965075614664802,0.6875,0.46875,0.40625,0.4375,0.375,0.1875,0.6931471805599453,1.0,4.727387818712341,5.43372200355424,2022-11-28,2022-12-05,3.1238877481177276,0.0,1.0,0.0,2022-11-21,0.7121896162528217,0.4215724830590513,0.3542895771878073
303,Taliban,2022-11-28,2022-12-05,164,60.0,60.0,54.0,32.0,31.0,32.0,25.0,3.0,1.0,2.0,3.2188758248682006,4.110873864173311,0.9,0.5333333333333333,0.5166666666666667,0.5333333333333333,0.4166666666666667,0.05,3.1354942159291497,22.0,4.442651256490317,5.342334251964811,2022-12-05,2022-12-12,3.143052703627652,0.0,1.0,0.0,2022-11-28,1.0,0.5141335914811229,0.4986889544411669
303,Taliban,2022-12-05,2022-12-12,165,47.0,47.0,34.0,31.0,26.0,28.0,16.0,3.0,22.0,8.0,3.5553480614894135,3.871201010907891,0.723404255319149,0.6595744680851063,0.5531914893617021,0.5957446808510638,0.3404255319148936,0.06382978723404255,2.8903717578961645,17.0,4.219507705176107,4.605170185988092,2022-12-12,2022-12-19,3.162217659137577,0.0,1.0,0.0,2022-12-05,0.7673022429278133,0.6950629235237172,0.5464549467562083
303,Taliban,2022-12-12,2022-12-19,166,68.0,68.0,58.0,47.0,46.0,48.0,16.0,4.0,17.0,9.0,3.7612001156935624,4.23410650459726,0.8529411764705882,0.6911764705882353,0.6764705882352942,0.7058823529411765,0.23529411764705882,0.058823529411764705,1.3862943611198906,3.0,3.8066624897703196,4.6443908991413725,2022-12-19,2022-12-26,3.1813826146475015,0.0,1.0,0.0,2022-12-12,0.9661399548532731,0.7403550481179887,0.7076754005436984
303,Taliban,2022-12-19,2022-12-26,167,88.0,88.0,71.0,40.0,25.0,33.0,48.0,7.0,3.0,2.0,3.784189633918261,4.48863636973214,0.8068181818181818,0.45454545454545453,0.2840909090909091,0.375,0.5454545454545454,0.07954545454545454,4.442651256490317,84.0,3.332204510175204,4.727387818712341,2022-12-26,2023-01-02,3.2005475701574264,0.0,1.0,0.0,2022-12-19,0.8953416786373897,0.40121446801020855,0.19453383391436493
303,Taliban,2022-12-26,2023-01-02,168,54.0,54.0,38.0,19.0,18.0,21.0,25.0,8.0,84.0,7.0,4.844187086458591,4.007333185232471,0.7037037037037037,0.35185185185185186,0.3333333333333333,0.3888888888888889,0.46296296296296297,0.14814814814814814,2.6390573296152584,13.0,3.2188758248682006,4.442651256490317,2023-01-02,2023-01-09,3.2197125256673513,0.0,1.0,0.0,2022-12-26,0.7370621185519606,0.25403355921264925,0.25893149786955094
303,Taliban,2023-01-02,2023-01-09,169,206.0,206.0,112.0,49.0,39.0,58.0,108.0,40.0,13.0,4.0,4.770684624465665,5.332718793265369,0.5436893203883495,0.23786407766990292,0.18932038834951456,0.2815533980582524,0.5242718446601942,0.1941747572815534,3.295836866004329,26.0,3.5553480614894135,4.219507705176107,2023-01-09,2023-01-16,3.238877481177276,0.0,1.0,0.0,2023-01-02,0.49144184619430625,0.09066579573116292,0.07059598476386861
303,Taliban,2023-01-09,2023-01-16,170,165.0,165.0,54.0,23.0,22.0,27.0,96.0,42.0,26.0,6.0,4.844187086458591,5.111987788356544,0.32727272727272727,0.1393939393939394,0.13333333333333333,0.16363636363636364,0.5818181818181818,0.2545454545454545,1.3862943611198906,3.0,3.7612001156935624,3.8066624897703196,2023-01-16,2023-01-23,3.2580424366872007,0.0,1.0,0.0,2023-01-09,0.15924481838703056,0.0,0.0
303,Taliban,2023-01-16,2023-01-23,171,72.0,72.0,39.0,23.0,20.0,25.0,33.0,14.0,3.0,3.0,4.844187086458591,4.290459441148391,0.5416666666666666,0.3194444444444444,0.2777777777777778,0.3472222222222222,0.4583333333333333,0.19444444444444445,0.6931471805599453,1.0,3.784189633918261,3.332204510175204,2023-01-23,2023-01-30,3.277207392197125,0.0,1.0,0.0,2023-01-16,0.4883370955605718,0.2075871248789932,0.1862777231508795
303,Taliban,2023-01-23,2023-01-30,172,40.0,40.0,15.0,8.0,7.0,11.0,18.0,11.0,1.0,7.0,3.784189633918261,3.713572066704308,0.375,0.2,0.175,0.275,0.45,0.275,2.1972245773362196,8.0,4.844187086458591,3.2188758248682006,2023-01-30,2023-02-06,3.29637234770705,0.0,1.0,0.0,2023-01-23,0.23250564334085777,0.03639883833494679,0.05186823992133726
303,Taliban,2023-01-30,2023-02-06,173,55.0,55.0,37.0,32.0,29.0,27.0,24.0,4.0,8.0,3.0,3.6635616461296463,4.02535169073515,0.6727272727272727,0.5818181818181818,0.5272727272727272,0.4909090909090909,0.43636363636363634,0.07272727272727272,0.0,0.0,4.770684624465665,3.5553480614894135,2023-02-06,2023-02-13,3.3155373032169746,0.0,1.0,0.0,2023-01-30,0.6895136466242561,0.5836222828478395,0.5125592205238222
303,Taliban,2023-02-06,2023-02-13,174,35.0,35.0,22.0,10.0,6.0,13.0,16.0,6.0,0.0,1.0,2.5649493574615367,3.58351893845611,0.6285714285714286,0.2857142857142857,0.17142857142857143,0.37142857142857144,0.45714285714285713,0.17142857142857143,1.6094379124341003,4.0,4.844187086458591,3.7612001156935624,2023-02-13,2023-02-20,3.3347022587268995,0.0,1.0,0.0,2023-02-06,0.6217349242179941,0.15924491771539206,0.047197640117994114
303,Taliban,2023-02-13,2023-02-20,175,65.0,65.0,49.0,33.0,29.0,34.0,27.0,4.0,4.0,6.0,2.6390573296152584,4.189654742026425,0.7538461538461538,0.5076923076923077,0.4461538461538462,0.5230769230769231,0.4153846153846154,0.06153846153846154,1.3862943611198906,3.0,4.844187086458591,3.784189633918261,2023-02-20,2023-02-27,3.353867214236824,0.0,1.0,0.0,2023-02-13,0.8140302135787463,0.47738476431603244,0.40647454806746847
303,Taliban,2023-02-20,2023-02-27,176,44.0,44.0,34.0,20.0,16.0,18.0,21.0,5.0,3.0,5.0,2.772588722239781,3.8066624897703196,0.7727272727272727,0.45454545454545453,0.36363636363636365,0.4090909090909091,0.4772727272727273,0.11363636363636363,2.1972245773362196,8.0,3.784189633918261,4.844187086458591,2023-02-27,2023-03-06,3.373032169746749,0.0,1.0,0.0,2023-02-20,0.8430125179560846,0.40121446801020855,0.29856082953428087
303,Taliban,2023-02-27,2023-03-06,177,36.0,36.0,27.0,17.0,17.0,19.0,16.0,1.0,8.0,2.0,2.772588722239781,3.6109179126442243,0.75,0.4722222222222222,0.4722222222222222,0.5277777777777778,0.4444444444444444,0.027777777777777776,2.302585092994046,9.0,3.6635616461296463,4.770684624465665,2023-03-06,2023-03-13,3.3921971252566734,0.0,1.0,0.0,2023-02-27,0.8081264108352144,0.4265488867376573,0.4405659346662296
303,Taliban,2023-03-06,2023-03-13,178,93.0,93.0,75.0,65.0,61.0,65.0,21.0,7.0,9.0,8.0,3.2188758248682006,4.543294782270004,0.8064516129032258,0.6989247311827957,0.6559139784946236,0.6989247311827957,0.22580645161290322,0.07526881720430108,2.833213344056216,16.0,2.5649493574615367,4.844187086458591,2023-03-13,2023-03-20,3.4113620807665983,0.0,1.0,0.0,2023-03-06,0.8947789994902788,0.7514598882053524,0.6807921252682885
303,Taliban,2023-03-13,2023-03-20,179,36.0,36.0,19.0,7.0,7.0,7.0,25.0,4.0,16.0,5.0,3.6109179126442243,3.6109179126442243,0.5277777777777778,0.19444444444444445,0.19444444444444445,0.19444444444444445,0.6944444444444444,0.1111111111111111,1.6094379124341003,4.0,2.6390573296152584,4.844187086458591,2023-03-20,2023-03-27,3.430527036276523,0.0,1.0,0.0,2023-03-13,0.4670178078755957,0.02843659244917717,0.07729706107287229
303,Taliban,2023-03-20,2023-03-27,180,31.0,31.0,17.0,7.0,4.0,7.0,17.0,7.0,4.0,4.0,3.6375861597263857,3.4657359027997265,0.5483870967741935,0.22580645161290322,0.12903225806451613,0.22580645161290322,0.5483870967741935,0.22580645161290322,2.0794415416798357,7.0,2.772588722239781,3.784189633918261,2023-03-27,2023-04-03,3.4496919917864477,0.0,1.0,0.0,2023-03-20,0.49865287992426993,0.07338475470755396,0.0
303,Taliban,2023-03-27,2023-04-03,181,90.0,90.0,61.0,41.0,33.0,43.0,33.0,14.0,7.0,2.0,3.6109179126442243,4.51085950651685,0.6777777777777778,0.45555555555555555,0.36666666666666664,0.4777777777777778,0.36666666666666664,0.15555555555555556,3.1780538303479458,23.0,2.772588722239781,3.6635616461296463,2023-04-03,2023-04-10,3.468856947296372,0.0,1.0,0.0,2023-03-27,0.6972661148733384,0.40266214908034853,0.3025237627007538
303,Taliban,2023-04-03,2023-04-10,182,65.0,65.0,47.0,12.0,10.0,10.0,47.0,8.0,23.0,6.0,3.9318256327243257,4.189654742026425,0.7230769230769231,0.18461538461538463,0.15384615384615385,0.15384615384615385,0.7230769230769231,0.12307692307692308,3.2188758248682006,24.0,3.2188758248682006,2.5649493574615367,2023-04-10,2023-04-17,3.488021902806297,0.0,1.0,0.0,2023-04-03,0.7667997916304914,0.0143495420358925,0.024203918009227762
303,Taliban,2023-04-10,2023-04-17,183,66.0,66.0,36.0,21.0,21.0,18.0,37.0,11.0,24.0,4.0,4.07753744390572,4.204692619390966,0.5454545454545454,0.3181818181818182,0.3181818181818182,0.2727272727272727,0.5606060606060606,0.16666666666666666,1.3862943611198906,3.0,3.6109179126442243,2.6390573296152584,2023-04-17,2023-04-24,3.5071868583162216,0.0,1.0,0.0,2023-04-10,0.4941514467473835,0.2057775235413183,0.239116832037186
303,Taliban,2023-04-17,2023-04-24,184,42.0,42.0,25.0,17.0,10.0,18.0,16.0,8.0,3.0,1.0,4.060443010546419,3.7612001156935624,0.5952380952380952,0.40476190476190477,0.23809523809523808,0.42857142857142855,0.38095238095238093,0.19047619047619047,1.0986122886681098,2.0,3.6375861597263857,2.772588722239781,2023-04-24,2023-05-01,3.5263518138261465,0.0,1.0,0.0,2023-04-17,0.5705686337740514,0.329864472410455,0.13438216978039985
303,Taliban,2023-04-24,2023-05-01,185,170.0,170.0,145.0,110.0,94.0,100.0,59.0,11.0,2.0,3.0,3.970291913552122,5.14166355650266,0.8529411764705882,0.6470588235294118,0.5529411764705883,0.5882352941176471,0.34705882352941175,0.06470588235294118,2.4849066497880004,11.0,3.6109179126442243,2.772588722239781,2023-05-01,2023-05-08,3.5455167693360714,0.0,1.0,0.0,2023-04-24,0.9661399548532731,0.6771254484368773,0.5461275955810053
303,Taliban,2023-05-01,2023-05-08,186,31.0,31.0,17.0,10.0,10.0,10.0,14.0,7.0,11.0,6.0,3.713572066704308,3.4657359027997265,0.5483870967741935,0.3225806451612903,0.3225806451612903,0.3225806451612903,0.45161290322580644,0.22580645161290322,0.0,0.0,3.9318256327243257,3.2188758248682006,2023-05-08,2023-05-15,3.564681724845996,0.0,1.0,0.0,2023-05-01,0.49865287992426993,0.21208194110483092,0.2448694769562597
303,Taliban,2023-05-08,2023-05-15,187,54.0,54.0,21.0,13.0,9.0,12.0,26.0,16.0,0.0,2.0,2.833213344056216,4.007333185232471,0.3888888888888889,0.24074074074074073,0.16666666666666666,0.2222222222222222,0.48148148148148145,0.2962962962962963,0.6931471805599453,1.0,4.07753744390572,3.6109179126442243,2023-05-15,2023-05-22,3.583846680355921,0.0,1.0,0.0,2023-05-08,0.2538249310258339,0.09478864149725717,0.04097017371353654
303,Taliban,2023-05-15,2023-05-22,188,42.0,42.0,25.0,11.0,8.0,16.0,20.0,6.0,1.0,2.0,2.70805020110221,3.7612001156935624,0.5952380952380952,0.2619047619047619,0.19047619047619047,0.38095238095238093,0.47619047619047616,0.14285714285714285,1.0986122886681098,2.0,4.060443010546419,3.6375861597263857,2023-05-22,2023-05-29,3.6030116358658453,0.0,1.0,0.0,2023-05-15,0.5705686337740514,0.12512100677637952,0.0721075057358243
303,Taliban,2023-05-22,2023-05-29,189,109.0,109.0,89.0,82.0,70.0,83.0,19.0,7.0,2.0,3.0,2.70805020110221,4.700480365792417,0.8165137614678899,0.7522935779816514,0.6422018348623854,0.7614678899082569,0.1743119266055046,0.06422018348623854,1.6094379124341003,4.0,3.970291913552122,3.6109179126442243,2023-05-29,2023-06-05,3.62217659137577,0.0,1.0,0.0,2023-05-22,0.9102242839687701,0.8279483467587948,0.6628598233696879
303,Taliban,2023-05-29,2023-06-05,190,96.0,96.0,74.0,44.0,39.0,43.0,49.0,4.0,4.0,4.0,2.0794415416798357,4.574710978503383,0.7708333333333334,0.4583333333333333,0.40625,0.4479166666666667,0.5104166666666666,0.041666666666666664,3.5553480614894135,34.0,3.713572066704308,3.9318256327243257,2023-06-05,2023-06-12,3.6413415468856947,0.0,1.0,0.0,2023-05-29,0.8401053423626788,0.4066432720232333,0.3542895771878073
303,Taliban,2023-06-05,2023-06-12,191,91.0,91.0,66.0,56.0,53.0,62.0,16.0,13.0,34.0,4.0,3.7376696182833684,4.5217885770490405,0.7252747252747253,0.6153846153846154,0.5824175824175825,0.6813186813186813,0.17582417582417584,0.14285714285714285,0.0,0.0,2.833213344056216,4.07753744390572,2023-06-12,2023-06-19,3.6605065023956196,0.0,1.0,0.0,2023-06-05,0.7701733931982239,0.6317298384094125,0.5846758944104077
303,Taliban,2023-06-12,2023-06-19,192,20.0,20.0,9.0,4.0,4.0,4.0,13.0,3.0,0.0,2.0,3.713572066704308,3.044522437723423,0.45,0.2,0.2,0.2,0.65,0.15,2.1972245773362196,8.0,2.70805020110221,4.060443010546419,2023-06-19,2023-06-26,3.679671457905544,0.0,1.0,0.0,2023-06-12,0.3476297968397291,0.03639883833494679,0.08456243854473945
303,Taliban,2023-06-19,2023-06-26,193,39.0,39.0,19.0,16.0,15.0,18.0,17.0,4.0,8.0,3.0,3.8501476017100584,3.6888794541139363,0.48717948717948717,0.41025641025641024,0.38461538461538464,0.46153846153846156,0.4358974358974359,0.10256410256410256,1.791759469228055,5.0,2.70805020110221,3.970291913552122,2023-06-26,2023-07-03,3.698836413415469,0.0,1.0,0.0,2023-06-19,0.4046998900272037,0.33773922108868865,0.3259965206867862
303,Taliban,2023-06-26,2023-07-03,194,44.0,44.0,13.0,8.0,7.0,10.0,30.0,4.0,5.0,4.0,3.871201010907891,3.8066624897703196,0.29545454545454547,0.18181818181818182,0.1590909090909091,0.22727272727272727,0.6818181818181818,0.09090909090909091,1.3862943611198906,3.0,2.0794415416798357,3.713572066704308,2023-07-03,2023-07-10,3.7180013689253935,0.0,1.0,0.0,2023-06-26,0.11040426841781244,0.010340579072428076,0.031062840797354076
303,Taliban,2023-07-03,2023-07-10,195,42.0,42.0,27.0,18.0,18.0,22.0,13.0,7.0,3.0,3.0,2.833213344056216,3.7612001156935624,0.6428571428571429,0.42857142857142855,0.42857142857142855,0.5238095238095238,0.30952380952380953,0.16666666666666666,1.3862943611198906,3.0,3.7376696182833684,2.833213344056216,2023-07-10,2023-07-17,3.7371663244353184,0.0,1.0,0.0,2023-07-03,0.6436633344082555,0.36398838334946754,0.38348082595870203
303,Taliban,2023-07-10,2023-07-17,196,44.0,44.0,10.0,4.0,4.0,6.0,30.0,8.0,3.0,3.0,2.995732273553991,3.8066624897703196,0.22727272727272727,0.09090909090909091,0.09090909090909091,0.13636363636363635,0.6818181818181818,0.18181818181818182,0.0,0.0,3.713572066704308,2.70805020110221,2023-07-17,2023-07-24,3.756331279945243,0.0,1.0,0.0,2023-07-10,0.005745947055202106,0.0,0.0
303,Taliban,2023-07-17,2023-07-24,197,43.0,43.0,30.0,11.0,6.0,11.0,25.0,7.0,0.0,2.0,2.4849066497880004,3.784189633918261,0.6976744186046512,0.2558139534883721,0.13953488372093023,0.2558139534883721,0.5813953488372093,0.16279069767441862,1.791759469228055,5.0,3.8501476017100584,2.70805020110221,2023-07-24,2023-07-31,3.7754962354551678,0.0,1.0,0.0,2023-07-17,0.7278072339755368,0.11639163421058558,0.005488097688138856
303,Taliban,2023-07-24,2023-07-31,198,41.0,41.0,20.0,7.0,6.0,10.0,23.0,8.0,5.0,3.0,2.4849066497880004,3.7376696182833684,0.4878048780487805,0.17073170731707318,0.14634146341463414,0.24390243902439024,0.5609756097560976,0.1951219512195122,1.3862943611198906,3.0,3.871201010907891,2.0794415416798357,2023-07-31,2023-08-07,3.7946611909650922,0.0,1.0,0.0,2023-07-24,0.4056598579529813,0.0,0.014389524426217711
303,Taliban,2023-07-31,2023-08-07,199,56.0,56.0,38.0,23.0,22.0,26.0,24.0,6.0,3.0,3.0,2.4849066497880004,4.04305126783455,0.6785714285714286,0.4107142857142857,0.39285714285714285,0.4642857142857143,0.42857142857142855,0.10714285714285714,1.3862943611198906,3.0,2.833213344056216,3.7376696182833684,2023-08-07,2023-08-14,3.813826146475017,0.0,1.0,0.0,2023-07-31,0.6984843598839084,0.3383954501452081,0.3367748279252704
303,Taliban,2023-08-07,2023-08-14,200,43.0,43.0,23.0,13.0,10.0,13.0,22.0,8.0,3.0,4.0,2.4849066497880004,3.784189633918261,0.5348837209302325,0.3023255813953488,0.23255813953488372,0.3023255813953488,0.5116279069767442,0.18604651162790697,2.3978952727983707,10.0,2.995732273553991,3.713572066704308,2023-08-14,2023-08-21,3.8329911019849416,0.0,1.0,0.0,2023-08-07,0.47792535041209505,0.18305229744028456,0.12714092977521665
303,Taliban,2023-08-14,2023-08-21,201,74.0,74.0,38.0,22.0,17.0,25.0,41.0,8.0,10.0,5.0,3.091042453358316,4.31748811353631,0.5135135135135135,0.2972972972972973,0.22972972972972974,0.33783783783783783,0.5540540540540541,0.10810810810810811,1.6094379124341003,4.0,2.4849066497880004,3.8501476017100584,2023-08-21,2023-08-28,3.8521560574948666,0.0,1.0,0.0,2023-08-14,0.4451223232261607,0.1758457392532901,0.12344202609689338
303,Taliban,2023-08-21,2023-08-28,202,52.0,52.0,26.0,15.0,16.0,21.0,29.0,2.0,4.0,5.0,3.044522437723423,3.970291913552122,0.5,0.28846153846153844,0.3076923076923077,0.40384615384615385,0.5576923076923077,0.038461538461538464,0.6931471805599453,1.0,2.4849066497880004,3.871201010907891,2023-08-28,2023-09-04,3.871321013004791,0.0,1.0,0.0,2023-08-21,0.42437923250564336,0.16318229205450888,0.2253989864609334
303,Taliban,2023-08-28,2023-09-04,203,59.0,59.0,29.0,14.0,15.0,19.0,31.0,9.0,1.0,2.0,2.9444389791664403,4.0943445622221,0.4915254237288136,0.23728813559322035,0.2542372881355932,0.3220338983050847,0.5254237288135594,0.15254237288135594,2.5649493574615367,12.0,2.4849066497880004,2.833213344056216,2023-09-04,2023-09-11,3.890485968514716,0.0,1.0,0.0,2023-08-28,0.41137085357921727,0.08984035309367157,0.15549222538873056
303,Taliban,2023-09-04,2023-09-11,204,55.0,55.0,38.0,32.0,20.0,32.0,16.0,7.0,12.0,5.0,3.332204510175204,4.02535169073515,0.6909090909090909,0.5818181818181818,0.36363636363636365,0.5818181818181818,0.2909090909090909,0.12727272727272726,0.6931471805599453,1.0,2.4849066497880004,2.995732273553991,2023-09-11,2023-09-18,3.909650924024641,0.0,1.0,0.0,2023-09-04,0.7174225323209522,0.5836222828478395,0.29856082953428087
303,Taliban,2023-09-11,2023-09-18,205,55.0,55.0,32.0,15.0,9.0,18.0,31.0,6.0,1.0,5.0,2.9444389791664403,4.02535169073515,0.5818181818181818,0.2727272727272727,0.16363636363636364,0.32727272727272727,0.5636363636363636,0.10909090909090909,0.0,0.0,3.091042453358316,2.4849066497880004,2023-09-18,2023-09-25,3.9288158795345653,0.0,1.0,0.0,2023-09-11,0.5499692181407757,0.14063187538502156,0.037007240547063565
303,Taliban,2023-09-18,2023-09-25,206,26.0,26.0,19.0,9.0,7.0,11.0,14.0,1.0,0.0,2.0,2.70805020110221,3.295836866004329,0.7307692307692307,0.34615384615384615,0.2692307692307692,0.4230769230769231,0.5384615384615384,0.038461538461538464,0.0,0.0,3.044522437723423,2.4849066497880004,2023-09-25,2023-10-02,3.9479808350444903,0.0,1.0,0.0,2023-09-18,0.7786073971175551,0.24586715317596247,0.17510021934800696
303,Taliban,2023-09-25,2023-10-02,207,55.0,55.0,36.0,20.0,19.0,21.0,26.0,8.0,0.0,0.0,2.6390573296152584,4.02535169073515,0.6545454545454545,0.36363636363636365,0.34545454545454546,0.38181818181818183,0.4727272727272727,0.14545454545454545,1.3862943611198906,3.0,2.9444389791664403,2.4849066497880004,2023-10-02,2023-10-09,3.9671457905544147,0.0,1.0,0.0,2023-09-25,0.66160476092756,0.2709231716976151,0.2747832305354429
303,Taliban,2023-10-02,2023-10-09,208,32.0,32.0,17.0,7.0,6.0,11.0,16.0,5.0,3.0,3.0,1.6094379124341003,3.4965075614664802,0.53125,0.21875,0.1875,0.34375,0.5,0.15625,0.0,0.0,3.332204510175204,2.4849066497880004,2023-10-09,2023-10-16,3.9863107460643397,0.0,1.0,0.0,2023-10-02,0.47234762979683975,0.06327141819941919,0.06821533923303835
303,Taliban,2023-10-09,2023-10-16,209,51.0,51.0,22.0,13.0,12.0,21.0,16.0,14.0,0.0,5.0,1.3862943611198906,3.9512437185814275,0.43137254901960786,0.2549019607843137,0.23529411764705882,0.4117647058823529,0.3137254901960784,0.27450980392156865,0.0,0.0,2.9444389791664403,3.091042453358316,2023-10-16,2023-10-23,4.005475701574264,0.0,1.0,0.0,2023-10-09,0.3190368698269376,0.11508456238255224,0.13071895424836602
303,Taliban,2023-10-16,2023-10-23,210,22.0,22.0,12.0,7.0,5.0,10.0,8.0,4.0,0.0,3.0,1.3862943611198906,3.1354942159291497,0.5454545454545454,0.3181818181818182,0.22727272727272727,0.45454545454545453,0.36363636363636365,0.18181818181818182,1.791759469228055,5.0,2.70805020110221,3.044522437723423,2023-10-23,2023-10-30,4.024640657084189,0.0,1.0,0.0,2023-10-16,0.4941514467473835,0.2057775235413183,0.12022883704299633
303,Taliban,2023-10-23,2023-10-30,211,23.0,23.0,7.0,0.0,0.0,1.0,15.0,7.0,5.0,3.0,2.1972245773362196,3.1780538303479458,0.30434782608695654,0.0,0.0,0.043478260869565216,0.6521739130434783,0.30434782608695654,1.3862943611198906,3.0,2.6390573296152584,2.9444389791664403,2023-10-30,2023-11-06,4.043805612594114,0.0,1.0,0.0,2023-10-23,0.12405535381293553,0.0,0.0
303,Taliban,2023-10-30,2023-11-06,212,7.0,7.0,2.0,0.0,0.0,0.0,6.0,1.0,3.0,2.0,2.1972245773362196,2.0794415416798357,0.2857142857142857,0.0,0.0,0.0,0.8571428571428571,0.14285714285714285,1.6094379124341003,4.0,1.6094379124341003,3.332204510175204,2023-11-06,2023-11-13,4.0629705681040384,0.0,1.0,0.0,2023-10-30,0.09545307965172521,0.0,0.0
303,Taliban,2023-11-06,2023-11-13,213,0.0,0.0,0.0,0.0,0.0,0.0,0.0,0.0,4.0,1.0,2.5649493574615367,0.0,,,,,,,0.0,0.0,1.3862943611198906,2.9444389791664403,2023-11-13,2023-11-20,4.082135523613963,0.0,1.0,0.0,2023-11-06,,,
303,Taliban,2023-11-13,2023-11-20,214,0.0,0.0,0.0,0.0,0.0,0.0,0.0,0.0,0.0,3.0,2.5649493574615367,0.0,,,,,,,0.0,0.0,1.3862943611198906,2.70805020110221,2023-11-20,2023-11-27,4.101300479123887,0.0,1.0,0.0,2023-11-13,,,
303,Taliban,2023-11-20,2023-11-27,215,0.0,0.0,0.0,0.0,0.0,0.0,0.0,0.0,0.0,5.0,2.0794415416798357,0.0,,,,,,,1.6094379124341003,4.0,2.1972245773362196,2.6390573296152584,2023-11-27,2023-12-04,4.120465434633813,0.0,1.0,0.0,2023-11-20,,,
303,Taliban,2023-11-27,2023-12-04,216,10.0,10.0,5.0,1.0,1.0,1.0,9.0,0.0,4.0,6.0,2.1972245773362196,2.3978952727983707,0.5,0.1,0.1,0.1,0.9,0.0,1.3862943611198906,3.0,2.1972245773362196,1.6094379124341003,2023-12-04,2023-12-11,4.139630390143737,0.0,1.0,0.0,2023-11-27,0.42437923250564336,0.0,0.0
303,Taliban,2023-12-04,2023-12-11,217,32.0,32.0,19.0,7.0,4.0,7.0,21.0,4.0,3.0,2.0,2.0794415416798357,3.4965075614664802,0.59375,0.21875,0.125,0.21875,0.65625,0.125,0.0,0.0,2.5649493574615367,1.3862943611198906,2023-12-11,2023-12-18,4.158795345653662,0.0,1.0,0.0,2023-12-04,0.5682844243792325,0.06327141819941919,0.0
303,Taliban,2023-12-11,2023-12-18,218,42.0,42.0,23.0,16.0,15.0,16.0,20.0,6.0,0.0,3.0,2.0794415416798357,3.7612001156935624,0.5476190476190477,0.38095238095238093,0.35714285714285715,0.38095238095238093,0.47619047619047616,0.14285714285714285,0.0,0.0,2.5649493574615367,1.3862943611198906,2023-12-18,2023-12-25,4.177960301163586,0.0,1.0,0.0,2023-12-11,0.49747393313984745,0.2957405614714424,0.29006882989183874
303,Taliban,2023-12-18,2023-12-25,219,22.0,22.0,14.0,7.0,5.0,7.0,13.0,2.0,0.0,2.0,2.0794415416798357,3.1354942159291497,0.6363636363636364,0.3181818181818182,0.22727272727272727,0.3181818181818182,0.5909090909090909,0.09090909090909091,0.0,0.0,2.0794415416798357,2.1972245773362196,2023-12-25,2024-01-01,4.1971252566735116,0.0,1.0,0.0,2023-12-18,0.6336958752308639,0.2057775235413183,0.12022883704299633
303,Taliban,2023-12-25,2024-01-01,220,8.0,8.0,3.0,3.0,2.0,3.0,4.0,1.0,0.0,3.0,1.3862943611198906,2.1972245773362196,0.375,0.375,0.25,0.375,0.5,0.125,0.0,0.0,2.1972245773362196,2.1972245773362196,2024-01-01,2024-01-08,4.216290212183436,0.0,1.0,0.0,2023-12-25,0.23250564334085777,0.28720958373668926,0.14995083579154375
303,Taliban,2024-01-01,2024-01-08,221,25.0,25.0,17.0,10.0,8.0,11.0,11.0,3.0,0.0,3.0,0.0,3.258096538021482,0.68,0.4,0.32,0.44,0.44,0.12,2.3978952727983707,10.0,2.0794415416798357,2.5649493574615367,2024-01-08,2024-01-15,4.2354551676933605,0.0,1.0,0.0,2024-01-01,0.7006772009029346,0.3230396902226525,0.24149459193706982
303,Taliban,2024-01-08,2024-01-15,222,35.0,35.0,20.0,11.0,9.0,12.0,20.0,3.0,10.0,8.0,2.3978952727983707,3.58351893845611,0.5714285714285714,0.3142857142857143,0.2571428571428571,0.34285714285714286,0.5714285714285714,0.08571428571428572,0.6931471805599453,1.0,2.0794415416798357,2.5649493574615367,2024-01-15,2024-01-22,4.254620123203286,0.0,1.0,0.0,2024-01-08,0.5340212834569493,0.20019361084220716,0.15929203539823006
303,Taliban,2024-01-15,2024-01-22,223,18.0,18.0,13.0,8.0,7.0,8.0,8.0,2.0,1.0,3.0,2.4849066497880004,2.9444389791664403,0.7222222222222222,0.4444444444444444,0.3888888888888889,0.4444444444444444,0.4444444444444444,0.1111111111111111,0.0,0.0,2.0794415416798357,2.0794415416798357,2024-01-22,2024-01-29,4.27378507871321,0.0,1.0,0.0,2024-01-15,0.7654878354652621,0.38673765730880927,0.33158527258822246
303,Taliban,2024-01-22,2024-01-29,224,16.0,16.0,8.0,1.0,1.0,1.0,14.0,1.0,0.0,0.0,2.4849066497880004,2.833213344056216,0.5,0.0625,0.0625,0.0625,0.875,0.0625,0.0,0.0,1.3862943611198906,2.1972245773362196,2024-01-29,2024-02-05,4.292950034223135,0.0,1.0,0.0,2024-01-22,0.42437923250564336,0.0,0.0
303,Taliban,2024-01-29,2024-02-05,225,23.0,23.0,7.0,1.0,1.0,2.0,16.0,5.0,0.0,9.0,2.4849066497880004,3.1780538303479458,0.30434782608695654,0.043478260869565216,0.043478260869565216,0.08695652173913043,0.6956521739130435,0.21739130434782608,0.6931471805599453,1.0,0.0,2.0794415416798357,2024-02-05,2024-02-12,4.312114989733059,0.0,1.0,0.0,2024-01-29,0.12405535381293553,0.0,0.0
303,Taliban,2024-02-05,2024-02-12,226,21.0,21.0,5.0,2.0,2.0,4.0,11.0,6.0,1.0,5.0,1.0986122886681098,3.091042453358316,0.23809523809523808,0.09523809523809523,0.09523809523809523,0.19047619047619047,0.5238095238095238,0.2857142857142857,0.0,0.0,2.3978952727983707,2.0794415416798357,2024-02-12,2024-02-19,4.331279945242985,0.0,1.0,0.0,2024-02-05,0.022358379017521194,0.0,0.0
303,Taliban,2024-02-12,2024-02-19,227,22.0,22.0,11.0,3.0,3.0,4.0,15.0,3.0,0.0,1.0,0.6931471805599453,3.1354942159291497,0.5,0.13636363636363635,0.13636363636363635,0.18181818181818182,0.6818181818181818,0.13636363636363635,0.0,0.0,2.4849066497880004,2.0794415416798357,2024-02-19,2024-02-26,4.350444900752909,0.0,1.0,0.0,2024-02-12,0.42437923250564336,0.0,0.0013408420488066472
303,Taliban,2024-02-19,2024-02-26,228,38.0,38.0,23.0,9.0,7.0,8.0,26.0,4.0,0.0,3.0,0.6931471805599453,3.6635616461296463,0.6052631578947368,0.23684210526315788,0.18421052631578946,0.21052631578947367,0.6842105263157895,0.10526315789473684,0.0,0.0,2.4849066497880004,1.3862943611198906,2024-02-26,2024-03-04,4.369609856262834,0.0,1.0,0.0,2024-02-19,0.5859569918023049,0.08920110052478727,0.063913470993117
303,Taliban,2024-02-26,2024-03-04,229,33.0,33.0,18.0,11.0,10.0,11.0,18.0,4.0,0.0,1.0,0.6931471805599453,3.5263605246161616,0.5454545454545454,0.3333333333333333,0.30303030303030304,0.3333333333333333,0.5454545454545454,0.12121212121212122,1.3862943611198906,3.0,2.4849066497880004,0.0,2024-03-04,2024-03-11,4.388774811772758,0.0,1.0,0.0,2024-02-26,0.4941514467473835,0.22749273959341723,0.2193021662048211
303,Taliban,2024-03-04,2024-03-11,230,28.0,28.0,14.0,2.0,1.0,5.0,19.0,4.0,3.0,6.0,1.3862943611198906,3.367295829986474,0.5,0.07142857142857142,0.03571428571428571,0.17857142857142858,0.6785714285714286,0.14285714285714285,1.6094379124341003,4.0,1.0986122886681098,2.3978952727983707,2024-03-11,2024-03-18,4.407939767282683,0.0,1.0,0.0,2024-03-04,0.42437923250564336,0.0,0.0
303,Taliban,2024-03-11,2024-03-18,231,22.0,22.0,9.0,6.0,5.0,6.0,10.0,6.0,4.0,9.0,2.0794415416798357,3.1354942159291497,0.4090909090909091,0.2727272727272727,0.22727272727272727,0.2727272727272727,0.45454545454545453,0.2727272727272727,3.5553480614894135,34.0,0.6931471805599453,2.4849066497880004,2024-03-18,2024-03-25,4.427104722792608,0.0,1.0,0.0,2024-03-11,0.28483480402216294,0.14063187538502156,0.12022883704299633
303,Taliban,2024-03-18,2024-03-25,232,130.0,130.0,110.0,90.0,87.0,93.0,33.0,4.0,34.0,6.0,3.7376696182833684,4.875197323201151,0.8461538461538461,0.6923076923076923,0.6692307692307692,0.7153846153846154,0.25384615384615383,0.03076923076923077,1.791759469228055,5.0,0.6931471805599453,2.4849066497880004,2024-03-25,2024-04-01,4.446269678302532,0.0,1.0,0.0,2024-03-18,0.955721479423511,0.7419763199046838,0.6982073973224415
303,Taliban,2024-03-25,2024-04-01,233,57.0,57.0,32.0,14.0,14.0,20.0,35.0,2.0,5.0,6.0,3.8501476017100584,4.060443010546419,0.5614035087719298,0.24561403508771928,0.24561403508771928,0.3508771929824561,0.6140350877192983,0.03508771929824561,0.6931471805599453,1.0,0.6931471805599453,2.4849066497880004,2024-04-01,2024-04-08,4.465434633812457,0.0,1.0,0.0,2024-03-25,0.5186329254286959,0.10177306771284454,0.1442150114716486
303,Taliban,2024-04-01,2024-04-08,234,37.0,37.0,20.0,7.0,3.0,7.0,25.0,5.0,1.0,2.0,3.8066624897703196,3.6375861597263857,0.5405405405405406,0.1891891891891892,0.08108108108108109,0.1891891891891892,0.6756756756756757,0.13513513513513514,1.3862943611198906,3.0,1.3862943611198906,1.0986122886681098,2024-04-08,2024-04-15,4.484599589322382,0.0,1.0,0.0,2024-04-01,0.48660850466719546,0.02090473823290864,0.0
303,Taliban,2024-04-08,2024-04-15,235,17.0,17.0,12.0,4.0,5.0,5.0,10.0,2.0,3.0,2.0,3.784189633918261,2.8903717578961645,0.7058823529411765,0.23529411764705882,0.29411764705882354,0.29411764705882354,0.5882352941176471,0.11764705882352941,0.6931471805599453,1.0,2.0794415416798357,0.6931471805599453,2024-04-15,2024-04-22,4.503764544832307,0.0,1.0,0.0,2024-04-08,0.7404063205417608,0.08698251807983601,0.207646480421077
303,Taliban,2024-04-15,2024-04-22,236,25.0,25.0,13.0,8.0,8.0,8.0,15.0,2.0,1.0,6.0,2.3978952727983707,3.258096538021482,0.52,0.32,0.32,0.32,0.6,0.08,1.0986122886681098,2.0,3.7376696182833684,0.6931471805599453,2024-04-22,2024-04-29,4.522929500342231,0.0,1.0,0.0,2024-04-15,0.4550790067720091,0.2083833494675702,0.24149459193706982
303,Taliban,2024-04-22,2024-04-29,237,41.0,41.0,22.0,10.0,5.0,9.0,25.0,7.0,2.0,3.0,2.0794415416798357,3.7376696182833684,0.5365853658536586,0.24390243902439024,0.12195121951219512,0.21951219512195122,0.6097560975609756,0.17073170731707318,1.6094379124341003,4.0,3.8501476017100584,0.6931471805599453,2024-04-29,2024-05-06,4.542094455852156,0.0,1.0,0.0,2024-04-22,0.4805373561636294,0.09932000094444314,0.0
303,Taliban,2024-04-29,2024-05-06,238,31.0,31.0,18.0,15.0,12.0,11.0,12.0,8.0,4.0,4.0,2.3978952727983707,3.4657359027997265,0.5806451612903226,0.4838709677419355,0.3870967741935484,0.3548387096774194,0.3870967741935484,0.25806451612903225,2.302585092994046,9.0,3.8066624897703196,1.3862943611198906,2024-05-06,2024-05-13,4.561259411362081,0.0,1.0,0.0,2024-04-29,0.5481686448700211,0.44324391843362587,0.3292416024360072
303,Taliban,2024-05-06,2024-05-13,239,40.0,40.0,27.0,24.0,20.0,26.0,7.0,7.0,9.0,3.0,2.833213344056216,3.713572066704308,0.675,0.6,0.5,0.65,0.175,0.175,2.833213344056216,16.0,3.784189633918261,2.0794415416798357,2024-05-13,2024-05-20,4.5804243668720055,0.0,1.0,0.0,2024-05-06,0.6930022573363432,0.6096805421103582,0.4768928220255654
303,Taliban,2024-05-13,2024-05-20,240,63.0,63.0,53.0,51.0,47.0,52.0,7.0,4.0,16.0,8.0,3.4657359027997265,4.1588830833596715,0.8412698412698413,0.8095238095238095,0.746031746031746,0.8253968253968254,0.1111111111111111,0.06349206349206349,2.0794415416798357,7.0,2.3978952727983707,3.7376696182833684,2024-05-20,2024-05-27,4.59958932238193,0.0,1.0,0.0,2024-05-13,0.9482245870507722,0.9099709583736689,0.7986452529225391
303,Taliban,2024-05-20,2024-05-27,241,39.0,39.0,33.0,27.0,23.0,27.0,9.0,3.0,7.0,2.0,3.6109179126442243,3.6888794541139363,0.8461538461538461,0.6923076923076923,0.5897435897435898,0.6923076923076923,0.23076923076923078,0.07692307692307693,1.0986122886681098,2.0,2.0794415416798357,3.8501476017100584,2024-05-27,2024-06-03,4.618754277891855,0.0,1.0,0.0,2024-05-20,0.955721479423511,0.7419763199046838,0.594256611955727
303,Taliban,2024-05-27,2024-06-03,242,27.0,27.0,8.0,5.0,5.0,5.0,15.0,7.0,2.0,5.0,3.5553480614894135,3.332204510175204,0.2962962962962963,0.18518518518518517,0.18518518518518517,0.18518518518518517,0.5555555555555556,0.25925925925925924,0.0,0.0,2.3978952727983707,3.8066624897703196,2024-06-03,2024-06-10,4.63791923340178,0.0,1.0,0.0,2024-05-27,0.11169634645932609,0.015166182639561147,0.06518809861976037
303,Taliban,2024-06-03,2024-06-10,243,19.0,19.0,10.0,6.0,3.0,5.0,13.0,1.0,0.0,0.0,3.258096538021482,2.995732273553991,0.5263157894736842,0.3157894736842105,0.15789473684210525,0.2631578947368421,0.6842105263157895,0.05263157894736842,1.0986122886681098,2.0,2.833213344056216,3.784189633918261,2024-06-10,2024-06-17,4.657084188911704,0.0,1.0,0.0,2024-06-03,0.4647736723298087,0.2023488052173027,0.02949852507374631
303,Taliban,2024-06-10,2024-06-17,244,21.0,21.0,9.0,5.0,3.0,6.0,10.0,5.0,2.0,4.0,2.4849066497880004,3.091042453358316,0.42857142857142855,0.23809523809523808,0.14285714285714285,0.2857142857142857,0.47619047619047616,0.23809523809523808,0.0,0.0,3.4657359027997265,2.3978952727983707,2024-06-17,2024-06-24,4.676249144421629,0.0,1.0,0.0,2024-06-10,0.3147371815543373,0.09099709583736688,0.00983284169124877
303,Taliban,2024-06-17,2024-06-24,245,20.0,20.0,14.0,6.0,6.0,7.0,12.0,1.0,0.0,1.0,1.6094379124341003,3.044522437723423,0.7,0.3,0.3,0.35,0.6,0.05,1.6094379124341003,4.0,3.6109179126442243,2.0794415416798357,2024-06-24,2024-07-01,4.695414099931554,0.0,1.0,0.0,2024-06-17,0.7313769751693001,0.1797192642787996,0.21533923303834807
303,Taliban,2024-06-24,2024-07-01,246,24.0,24.0,14.0,5.0,3.0,6.0,15.0,3.0,4.0,2.0,1.9459101490553132,3.2188758248682006,0.5833333333333334,0.20833333333333334,0.125,0.25,0.625,0.125,1.791759469228055,5.0,3.5553480614894135,2.3978952727983707,2024-07-01,2024-07-08,4.714579055441479,0.0,1.0,0.0,2024-06-24,0.5522949586155005,0.048342207163601186,0.0
303,Taliban,2024-07-01,2024-07-08,247,27.0,27.0,19.0,5.0,6.0,4.0,18.0,5.0,5.0,6.0,2.4849066497880004,3.332204510175204,0.7037037037037037,0.18518518518518517,0.2222222222222222,0.14814814814814814,0.6666666666666666,0.18518518518518517,0.6931471805599453,1.0,3.258096538021482,2.833213344056216,2024-07-08,2024-07-15,4.733744010951403,0.0,1.0,0.0,2024-07-01,0.7370621185519606,0.015166182639561147,0.11362394843220801
303,Taliban,2024-07-08,2024-07-15,248,12.0,12.0,5.0,4.0,3.0,7.0,2.0,3.0,1.0,3.0,2.3978952727983707,2.5649493574615367,0.4166666666666667,0.3333333333333333,0.25,0.5833333333333334,0.16666666666666666,0.25,1.0986122886681098,2.0,2.4849066497880004,3.4657359027997265,2024-07-15,2024-07-22,4.7529089664613275,0.0,1.0,0.0,2024-07-08,0.29646350639578634,0.22749273959341723,0.14995083579154375
303,Taliban,2024-07-15,2024-07-22,249,23.0,23.0,12.0,8.0,7.0,4.0,13.0,6.0,2.0,7.0,2.5649493574615367,3.1780538303479458,0.5217391304347826,0.34782608695652173,0.30434782608695654,0.17391304347826086,0.5652173913043478,0.2608695652173913,0.6931471805599453,1.0,1.6094379124341003,3.6109179126442243,2024-07-22,2024-07-29,4.772073921971253,0.0,1.0,0.0,2024-07-15,0.45774855236038864,0.24826381581716403,0.22102518062502674
303,Taliban,2024-07-22,2024-07-29,250,22.0,22.0,7.0,1.0,1.0,2.0,12.0,8.0,1.0,3.0,2.302585092994046,3.1354942159291497,0.3181818181818182,0.045454545454545456,0.045454545454545456,0.09090909090909091,0.5454545454545454,0.36363636363636365,1.3862943611198906,3.0,1.9459101490553132,3.5553480614894135,2024-07-29,2024-08-05,4.791238877481177,0.0,1.0,0.0,2024-07-22,0.14529037553868251,0.0,0.0
303,Taliban,2024-07-29,2024-08-05,251,27.0,27.0,16.0,4.0,5.0,5.0,16.0,6.0,3.0,4.0,2.0794415416798357,3.332204510175204,0.5925925925925926,0.14814814814814814,0.18518518518518517,0.18518518518518517,0.5925925925925926,0.2222222222222222,1.0986122886681098,2.0,2.4849066497880004,3.258096538021482,2024-08-05,2024-08-12,4.810403832991102,0.0,1.0,0.0,2024-07-29,0.5665078170721511,0.0,0.06518809861976037
303,Taliban,2024-08-05,2024-08-12,252,22.0,22.0,10.0,7.0,7.0,9.0,13.0,0.0,2.0,5.0,2.1972245773362196,3.1354942159291497,0.45454545454545453,0.3181818181818182,0.3181818181818182,0.4090909090909091,0.5909090909090909,0.0,2.0794415416798357,7.0,2.3978952727983707,2.4849066497880004,2024-08-12,2024-08-19,4.829568788501026,0.0,1.0,0.0,2024-08-05,0.3546070182639031,0.2057775235413183,0.239116832037186
303,Taliban,2024-08-12,2024-08-19,253,45.0,45.0,28.0,14.0,11.0,16.0,24.0,5.0,7.0,6.0,2.6390573296152584,3.828641396489095,0.6222222222222222,0.3111111111111111,0.24444444444444444,0.35555555555555557,0.5333333333333333,0.1111111111111111,2.0794415416798357,7.0,2.5649493574615367,1.6094379124341003,2024-08-19,2024-08-26,4.848733744010952,0.0,1.0,0.0,2024-08-12,0.6119889641334337,0.19564375605033885,0.1426854583196766
303,Taliban,2024-08-19,2024-08-26,254,33.0,33.0,22.0,14.0,11.0,14.0,16.0,3.0,7.0,3.0,2.995732273553991,3.5263605246161616,0.6666666666666666,0.42424242424242425,0.3333333333333333,0.42424242424242425,0.48484848484848486,0.09090909090909091,0.6931471805599453,1.0,2.302585092994046,1.9459101490553132,2024-08-26,2024-09-02,4.867898699520876,0.0,1.0,0.0,2024-08-19,0.6802106847253574,0.35778403590601077,0.25893149786955094
303,Taliban,2024-08-26,2024-09-02,255,25.0,25.0,16.0,4.0,3.0,7.0,17.0,1.0,1.0,4.0,2.8903717578961645,3.258096538021482,0.64,0.16,0.12,0.28,0.68,0.04,2.6390573296152584,13.0,2.0794415416798357,2.4849066497880004,2024-09-02,2024-09-09,4.887063655030801,0.0,1.0,0.0,2024-08-26,0.6392776523702032,0.0,0.0
303,Taliban,2024-09-02,2024-09-09,256,33.0,33.0,28.0,20.0,19.0,22.0,9.0,2.0,13.0,6.0,3.367295829986474,3.5263605246161616,0.8484848484848485,0.6060606060606061,0.5757575757575758,0.6666666666666666,0.2727272727272727,0.06060606060606061,1.0986122886681098,2.0,2.1972245773362196,2.3978952727983707,2024-09-09,2024-09-16,4.906228610540725,0.0,1.0,0.0,2024-09-02,0.9592995416923182,0.6183666285311978,0.5759661511873901
303,Taliban,2024-09-09,2024-09-16,257,59.0,59.0,38.0,19.0,20.0,20.0,36.0,3.0,2.0,3.0,3.1780538303479458,4.0943445622221,0.6440677966101694,0.3220338983050847,0.3389830508474576,0.3389830508474576,0.6101694915254238,0.05084745762711865,2.5649493574615367,12.0,2.6390573296152584,2.5649493574615367,2024-09-16,2024-09-23,4.9253935660506505,0.0,1.0,0.0,2024-09-09,0.6455216742548876,0.21129834118168242,0.2663200173324667
303,Taliban,2024-09-16,2024-09-23,258,32.0,32.0,25.0,16.0,16.0,19.0,11.0,2.0,12.0,10.0,3.367295829986474,3.4965075614664802,0.78125,0.5,0.5,0.59375,0.34375,0.0625,2.0794415416798357,7.0,2.995732273553991,2.302585092994046,2024-09-23,2024-09-30,4.944558521560575,0.0,1.0,0.0,2024-09-16,0.8560948081264108,0.46636011616650536,0.4768928220255654
303,Taliban,2024-09-23,2024-09-30,259,38.0,38.0,23.0,20.0,15.0,20.0,16.0,2.0,7.0,6.0,3.5553480614894135,3.6635616461296463,0.6052631578947368,0.5263157894736842,0.39473684210526316,0.5263157894736842,0.42105263157894735,0.05263157894736842,1.3862943611198906,3.0,2.8903717578961645,2.0794415416798357,2024-09-30,2024-10-07,4.963723477070499,0.0,1.0,0.0,2024-09-23,0.5859569918023049,0.5040760177306771,0.3392330383480826
303,Taliban,2024-09-30,2024-10-07,260,30.0,30.0,25.0,11.0,8.0,12.0,18.0,0.0,3.0,5.0,3.2188758248682006,3.4339872044851463,0.8333333333333334,0.36666666666666664,0.26666666666666666,0.4,0.6,0.0,1.791759469228055,5.0,3.367295829986474,2.1972245773362196,2024-10-07,2024-10-14,4.982888432580425,0.0,1.0,0.0,2024-09-30,0.9360421369450715,0.2752662149080348,0.1717469682071452
303,Taliban,2024-10-07,2024-10-14,261,27.0,27.0,18.0,16.0,10.0,15.0,8.0,4.0,5.0,4.0,3.332204510175204,3.332204510175204,0.6666666666666666,0.5925925925925926,0.37037037037037035,0.5555555555555556,0.2962962962962963,0.14814814814814814,1.9459101490553132,6.0,3.1780538303479458,2.6390573296152584,2024-10-14,2024-10-21,5.002053388090349,0.0,1.0,0.0,2024-10-07,0.6802106847253574,0.5990642142626653,0.3073673476819986
303,Taliban,2024-10-14,2024-10-21,262,25.0,25.0,19.0,9.0,9.0,11.0,13.0,1.0,6.0,5.0,3.091042453358316,3.258096538021482,0.76,0.36,0.36,0.44,0.52,0.04,0.0,0.0,3.367295829986474,2.995732273553991,2024-10-21,2024-10-28,5.021218343600274,0.0,1.0,0.0,2024-10-14,0.8234762979683973,0.2657115198451113,0.29380530973451324
303,Taliban,2024-10-21,2024-10-28,263,27.0,27.0,17.0,14.0,14.0,14.0,11.0,2.0,0.0,5.0,2.70805020110221,3.332204510175204,0.6296296296296297,0.5185185185185185,0.5185185185185185,0.5185185185185185,0.4074074074074074,0.07407407407407407,0.6931471805599453,1.0,3.5553480614894135,2.8903717578961645,2024-10-28,2024-11-04,5.040383299110198,0.0,1.0,0.0,2024-10-21,0.6233592508987543,0.4929009357857373,0.5011107469317891
303,Taliban,2024-10-28,2024-11-04,264,15.0,15.0,9.0,6.0,6.0,7.0,6.0,2.0,1.0,3.0,2.5649493574615367,2.772588722239781,0.6,0.4,0.4,0.4666666666666667,0.4,0.13333333333333333,1.791759469228055,5.0,3.2188758248682006,3.367295829986474,2024-11-04,2024-11-11,5.059548254620124,0.0,1.0,0.0,2024-10-28,0.5778781038374717,0.3230396902226525,0.34611602753195675
303,Taliban,2024-11-04,2024-11-11,265,16.0,16.0,8.0,3.0,3.0,4.0,10.0,2.0,5.0,4.0,2.5649493574615367,2.833213344056216,0.5,0.1875,0.1875,0.25,0.625,0.125,1.0986122886681098,2.0,3.332204510175204,3.1780538303479458,2024-11-11,2024-11-18,5.078713210130048,0.0,1.0,0.0,2024-11-04,0.42437923250564336,0.018483785091965164,0.06821533923303835
303,Taliban,2024-11-11,2024-11-18,266,15.0,15.0,11.0,7.0,4.0,7.0,8.0,0.0,2.0,6.0,2.1972245773362196,2.772588722239781,0.7333333333333333,0.4666666666666667,0.26666666666666666,0.4666666666666667,0.5333333333333333,0.0,0.0,0.0,3.091042453358316,3.367295829986474,2024-11-18,2024-11-25,5.0978781656399725,0.0,1.0,0.0,2024-11-11,0.7825432656132429,0.41858664085188774,0.1717469682071452
303,Taliban,2024-11-18,2024-11-25,267,32.0,32.0,22.0,14.0,11.0,15.0,17.0,0.0,0.0,2.0,2.1972245773362196,3.4965075614664802,0.6875,0.4375,0.34375,0.46875,0.53125,0.0,0.0,0.0,2.70805020110221,3.5553480614894135,2024-11-25,2024-12-02,5.117043121149897,0.0,1.0,0.0,2024-11-18,0.7121896162528217,0.37678484995159733,0.27255408062930186
303,Taliban,2024-11-25,2024-12-02,268,15.0,15.0,6.0,3.0,2.0,4.0,6.0,5.0,0.0,1.0,2.0794415416798357,2.772588722239781,0.4,0.2,0.13333333333333333,0.26666666666666666,0.4,0.3333333333333333,1.9459101490553132,6.0,2.5649493574615367,3.2188758248682006,2024-12-02,2024-12-09,5.136208076659822,0.0,1.0,0.0,2024-11-25,0.2708803611738149,0.03639883833494679,0.0
303,Taliban,2024-12-02,2024-12-09,269,26.0,26.0,13.0,10.0,9.0,11.0,8.0,7.0,6.0,4.0,2.1972245773362196,3.295836866004329,0.5,0.38461538461538464,0.34615384615384615,0.4230769230769231,0.3076923076923077,0.2692307692307692,2.302585092994046,9.0,2.5649493574615367,3.332204510175204,2024-12-09,2024-12-16,5.155373032169747,0.0,1.0,0.0,2024-12-02,0.42437923250564336,0.3009903939235982,0.2756977535738598
303,Taliban,2024-12-09,2024-12-16,270,71.0,71.0,60.0,50.0,50.0,53.0,16.0,2.0,9.0,7.0,2.772588722239781,4.276666119016055,0.8450704225352113,0.704225352112676,0.704225352112676,0.7464788732394366,0.22535211267605634,0.028169014084507043,1.3862943611198906,3.0,2.1972245773362196,3.091042453358316,2024-12-16,2024-12-23,5.174537987679671,0.0,1.0,0.0,2024-12-09,0.954058436397164,0.7590567606997258,0.7439721910618083
303,Taliban,2024-12-16,2024-12-23,271,36.0,36.0,24.0,18.0,15.0,21.0,12.0,3.0,3.0,6.0,2.9444389791664403,3.6109179126442243,0.6666666666666666,0.5,0.4166666666666667,0.5833333333333334,0.3333333333333333,0.08333333333333333,3.258096538021482,25.0,2.1972245773362196,2.70805020110221,2024-12-23,2024-12-30,5.193702943189596,0.0,1.0,0.0,2024-12-16,0.6802106847253574,0.46636011616650536,0.3679121599475582
303,Taliban,2024-12-23,2024-12-30,272,149.0,149.0,141.0,126.0,118.0,120.0,25.0,4.0,25.0,6.0,3.784189633918261,5.0106352940962555,0.9463087248322147,0.8456375838926175,0.7919463087248322,0.8053691275167785,0.16778523489932887,0.026845637583892617,0.6931471805599453,1.0,2.0794415416798357,2.5649493574615367,2024-12-30,2025-01-06,5.212867898699521,0.0,1.0,0.0,2024-12-23,1.0,0.9617293736234465,0.8586908462183154
303,Taliban,2024-12-30,2025-01-06,273,28.0,28.0,23.0,15.0,12.0,15.0,12.0,1.0,1.0,4.0,3.6635616461296463,3.367295829986474,0.8214285714285714,0.5357142857142857,0.42857142857142855,0.5357142857142857,0.42857142857142855,0.03571428571428571,1.6094379124341003,4.0,2.1972245773362196,2.5649493574615367,2025-01-06,2025-01-13,5.232032854209446,0.0,1.0,0.0,2024-12-30,0.9177684617865204,0.5175459825750242,0.38348082595870203
303,Taliban,2025-01-06,2025-01-13,274,66.0,66.0,36.0,15.0,12.0,18.0,42.0,6.0,4.0,5.0,3.5263605246161616,4.204692619390966,0.5454545454545454,0.22727272727272727,0.18181818181818182,0.2727272727272727,0.6363636363636364,0.09090909090909091,1.3862943611198906,3.0,2.772588722239781,2.1972245773362196,2025-01-13,2025-01-20,5.25119780971937,0.0,1.0,0.0,2025-01-06,0.4941514467473835,0.0754862272287248,0.060784839545901505
303,Taliban,2025-01-13,2025-01-20,275,32.0,32.0,21.0,11.0,8.0,9.0,22.0,1.0,3.0,4.0,3.5263605246161616,3.4965075614664802,0.65625,0.34375,0.25,0.28125,0.6875,0.03125,2.0794415416798357,7.0,2.9444389791664403,2.1972245773362196,2025-01-20,2025-01-27,5.270362765229295,0.0,1.0,0.0,2025-01-13,0.6642212189616253,0.24242195062923524,0.14995083579154375
303,Taliban,2025-01-20,2025-01-27,276,30.0,30.0,25.0,16.0,13.0,16.0,13.0,1.0,7.0,6.0,2.772588722239781,3.4339872044851463,0.8333333333333334,0.5333333333333333,0.43333333333333335,0.5333333333333333,0.43333333333333335,0.03333333333333333,0.6931471805599453,1.0,3.784189633918261,2.0794415416798357,2025-01-27,2025-02-03,5.28952772073922,0.0,1.0,0.0,2025-01-20,0.9360421369450715,0.5141335914811229,0.3897082923631596
303,Taliban,2025-01-27,2025-02-03,277,29.0,29.0,24.0,10.0,10.0,11.0,15.0,3.0,1.0,6.0,2.772588722239781,3.4011973816621555,0.8275862068965517,0.3448275862068966,0.3448275862068966,0.3793103448275862,0.5172413793103449,0.10344827586206896,1.6094379124341003,4.0,3.6635616461296463,2.1972245773362196,2025-02-03,2025-02-10,5.308692676249144,0.0,1.0,0.0,2025-01-27,0.9272203627305986,0.24396635177087164,0.2739633133285865
303,Taliban,2025-02-03,2025-02-10,278,45.0,45.0,37.0,21.0,18.0,22.0,19.0,4.0,4.0,3.0,2.772588722239781,3.828641396489095,0.8222222222222222,0.4666666666666667,0.4,0.4888888888888889,0.4222222222222222,0.08888888888888889,3.2188758248682006,24.0,3.5263605246161616,2.772588722239781,2025-02-10,2025-02-17,5.327857631759069,0.0,1.0,0.0,2025-02-03,0.9189867067970905,0.41858664085188774,0.34611602753195675
303,Taliban,2025-02-10,2025-02-17,279,35.0,35.0,28.0,20.0,20.0,22.0,10.0,3.0,24.0,4.0,3.6109179126442243,3.58351893845611,0.8,0.5714285714285714,0.5714285714285714,0.6285714285714286,0.2857142857142857,0.08571428571428572,1.3862943611198906,3.0,3.5263605246161616,2.9444389791664403,2025-02-17,2025-02-24,5.347022587268994,0.0,1.0,0.0,2025-02-10,0.8848758465011287,0.568731848983543,0.5703048180924286
303,Taliban,2025-02-17,2025-02-24,280,19.0,19.0,14.0,4.0,2.0,4.0,14.0,1.0,3.0,10.0,3.4965075614664802,2.995732273553991,0.7368421052631579,0.21052631578947367,0.10526315789473684,0.21052631578947367,0.7368421052631579,0.05263157894736842,0.6931471805599453,1.0,2.772588722239781,3.784189633918261,2025-02-24,2025-03-03,5.366187542778919,0.0,1.0,0.0,2025-02-17,0.7879291909231317,0.05148519896061548,0.0
303,Taliban,2025-02-24,2025-03-03,281,29.0,29.0,24.0,18.0,16.0,19.0,9.0,1.0,1.0,3.0,3.4965075614664802,3.4011973816621555,0.8275862068965517,0.6206896551724138,0.5517241379310345,0.6551724137931034,0.3103448275862069,0.034482758620689655,0.6931471805599453,1.0,2.772588722239781,3.6635616461296463,2025-03-03,2025-03-10,5.385352498288843,0.0,1.0,0.0,2025-02-24,0.9272203627305986,0.6393330440297761,0.544535991591225
303,Taliban,2025-03-03,2025-03-10,282,73.0,73.0,54.0,35.0,31.0,37.0,34.0,2.0,1.0,2.0,3.4011973816621555,4.30406509320417,0.7397260273972602,0.4794520547945205,0.4246575342465753,0.5068493150684932,0.4657534246575342,0.0273972602739726,0.0,0.0,2.772588722239781,3.5263605246161616,2025-03-10,2025-03-17,5.404517453798768,0.0,1.0,0.0,2025-03-03,0.7923559788490676,0.43691071357530264,0.3783623604207917
303,Taliban,2025-03-10,2025-03-17,283,33.0,33.0,27.0,17.0,15.0,17.0,10.0,6.0,0.0,4.0,1.791759469228055,3.5263605246161616,0.8181818181818182,0.5151515151515151,0.45454545454545453,0.5151515151515151,0.30303030303030304,0.18181818181818182,0.0,0.0,3.6109179126442243,3.5263605246161616,2025-03-17,2025-03-24,5.423682409308693,0.0,1.0,0.0,2025-03-10,0.9127847321978249,0.4880753322186042,0.41744882452847054
303,Taliban,2025-03-17,2025-03-24,284,28.0,28.0,21.0,3.0,3.0,7.0,21.0,0.0,0.0,2.0,1.0986122886681098,3.367295829986474,0.75,0.10714285714285714,0.10714285714285714,0.25,0.75,0.0,0.0,0.0,3.4965075614664802,2.772588722239781,2025-03-24,2025-03-31,5.4428473648186175,0.0,1.0,0.0,2025-03-17,0.8081264108352144,0.0,0.0
303,Taliban,2025-03-24,2025-03-31,285,21.0,21.0,18.0,10.0,10.0,12.0,9.0,0.0,0.0,2.0,0.6931471805599453,3.091042453358316,0.8571428571428571,0.47619047619047616,0.47619047619047616,0.5714285714285714,0.42857142857142855,0.0,0.0,0.0,3.4965075614664802,2.772588722239781,2025-03-31,2025-04-07,5.462012320328542,0.0,1.0,0.0,2025-03-24,0.9725894872621734,0.43223620522749273,0.4457554900032776
303,Taliban,2025-03-31,2025-04-07,286,14.0,14.0,8.0,1.0,0.0,2.0,11.0,1.0,0.0,2.0,0.0,2.70805020110221,0.5714285714285714,0.07142857142857142,0.0,0.14285714285714285,0.7857142857142857,0.07142857142857142,0.0,0.0,3.4011973816621555,2.772588722239781,2025-04-07,2025-04-14,5.4811772758384665,0.0,1.0,0.0,2025-03-31,0.5340212834569493,0.0,0.0
303,Taliban,2025-04-07,2025-04-14,287,24.0,24.0,15.0,7.0,6.0,10.0,14.0,0.0,0.0,6.0,0.0,3.2188758248682006,0.625,0.2916666666666667,0.25,0.4166666666666667,0.5833333333333334,0.0,0.0,0.0,1.791759469228055,3.6109179126442243,2025-04-14,2025-04-21,5.500342231348392,0.0,1.0,0.0,2025-04-07,0.6162528216704289,0.16777589545014526,0.14995083579154375
303,Taliban,2025-04-14,2025-04-21,288,27.0,27.0,16.0,2.0,1.0,3.0,22.0,2.0,0.0,1.0,0.0,3.332204510175204,0.5925925925925926,0.07407407407407407,0.037037037037037035,0.1111111111111111,0.8148148148148148,0.07407407407407407,0.0,0.0,1.0986122886681098,3.4965075614664802,2025-04-21,2025-04-28,5.519507186858316,0.0,1.0,0.0,2025-04-14,0.5665078170721511,0.0,0.0
303,Taliban,2025-04-21,2025-04-28,289,15.0,15.0,10.0,4.0,4.0,5.0,6.0,4.0,0.0,4.0,0.0,2.772588722239781,0.6666666666666666,0.26666666666666666,0.26666666666666666,0.3333333333333333,0.4,0.26666666666666666,0.0,0.0,0.6931471805599453,3.4965075614664802,2025-04-28,2025-05-05,5.538672142368241,0.0,1.0,0.0,2025-04-21,0.6802106847253574,0.131945788964182,0.1717469682071452
303,Taliban,2025-04-28,2025-05-05,290,24.0,24.0,17.0,11.0,11.0,13.0,6.0,5.0,0.0,0.0,0.0,3.2188758248682006,0.7083333333333334,0.4583333333333333,0.4583333333333333,0.5416666666666666,0.25,0.20833333333333334,0.6931471805599453,1.0,0.0,3.4011973816621555,2025-05-05,2025-05-12,5.557837097878165,0.0,1.0,0.0,2025-04-28,0.744168547780286,0.4066432720232333,0.42240249098656174
303,Taliban,2025-05-05,2025-05-12,291,20.0,20.0,12.0,8.0,7.0,9.0,7.0,4.0,1.0,1.0,0.6931471805599453,3.044522437723423,0.6,0.4,0.35,0.45,0.35,0.2,2.0794415416798357,7.0,0.0,1.791759469228055,2025-05-12,2025-05-19,5.577002053388091,0.0,1.0,0.0,2025-05-05,0.5778781038374717,0.3230396902226525,0.28072763028515235
303,Taliban,2025-05-12,2025-05-19,292,19.0,19.0,12.0,7.0,6.0,10.0,9.0,0.0,7.0,2.0,2.1972245773362196,2.995732273553991,0.631578947368421,0.3684210526315789,0.3157894736842105,0.5263157894736842,0.47368421052631576,0.0,2.3978952727983707,10.0,0.0,1.0986122886681098,2025-05-19,2025-05-26,5.596167008898015,0.0,1.0,0.0,2025-05-12,0.6263514316264702,0.2777806083456463,0.23598820058997047
303,Taliban,2025-05-19,2025-05-26,293,25.0,25.0,13.0,7.0,7.0,7.0,14.0,4.0,10.0,4.0,2.9444389791664403,3.258096538021482,0.52,0.28,0.28,0.28,0.56,0.16,0.0,0.0,0.0,0.6931471805599453,2025-05-26,2025-06-02,5.61533196440794,0.0,1.0,0.0,2025-05-19,0.4550790067720091,0.1510551790900291,0.1891838741396264
303,Taliban,2025-05-26,2025-06-02,294,15.0,15.0,10.0,6.0,6.0,7.0,7.0,1.0,0.0,1.0,2.9444389791664403,2.772588722239781,0.6666666666666666,0.4,0.4,0.4666666666666667,0.4666666666666667,0.06666666666666667,1.9459101490553132,6.0,0.0,0.0,2025-06-02,2025-06-09,5.634496919917864,0.0,1.0,0.0,2025-05-26,0.6802106847253574,0.3230396902226525,0.34611602753195675
303,Taliban,2025-06-02,2025-06-09,295,10.0,10.0,7.0,3.0,3.0,4.0,5.0,1.0,6.0,4.0,3.1780538303479458,2.3978952727983707,0.7,0.3,0.3,0.4,0.5,0.1,1.9459101490553132,6.0,0.6931471805599453,0.0,2025-06-09,2025-06-16,5.653661875427789,0.0,1.0,0.0,2025-06-02,0.7313769751693001,0.1797192642787996,0.21533923303834807
303,Taliban,2025-06-09,2025-06-16,296,20.0,20.0,11.0,7.0,4.0,8.0,11.0,1.0,6.0,5.0,3.1354942159291497,3.044522437723423,0.55,0.35,0.2,0.4,0.55,0.05,0.6931471805599453,1.0,2.1972245773362196,0.0,2025-06-16,2025-06-23,5.672826830937714,0.0,1.0,0.0,2025-06-09,0.5011286681715577,0.251379477250726,0.08456243854473945
303,Taliban,2025-06-16,2025-06-23,297,0.0,0.0,0.0,0.0,0.0,0.0,0.0,0.0,1.0,2.0,2.6390573296152584,0.0,,,,,,,1.0986122886681098,2.0,2.9444389791664403,0.0,2025-06-23,2025-06-30,5.691991786447638,0.0,1.0,0.0,2025-06-16,,,
303,Taliban,2025-06-23,2025-06-30,298,0.0,0.0,0.0,0.0,0.0,0.0,0.0,0.0,2.0,1.0,2.772588722239781,0.0,,,,,,,2.772588722239781,15.0,2.9444389791664403,0.0,2025-06-30,2025-07-07,5.711156741957564,0.0,1.0,0.0,2025-06-23,,,
303,Taliban,2025-06-30,2025-07-07,299,31.0,31.0,25.0,12.0,12.0,13.0,16.0,2.0,15.0,3.0,3.2188758248682006,3.4657359027997265,0.8064516129032258,0.3870967741935484,0.3870967741935484,0.41935483870967744,0.5161290322580645,0.06451612903225806,1.0986122886681098,2.0,3.1780538303479458,0.6931471805599453,2025-07-07,2025-07-14,5.730321697467488,0.0,1.0,0.0,2025-06-30,0.8947789994902788,0.30454673203634886,0.3292416024360072
303,Taliban,2025-07-07,2025-07-14,300,26.0,26.0,13.0,5.0,4.0,6.0,18.0,2.0,2.0,4.0,3.044522437723423,3.295836866004329,0.5,0.19230769230769232,0.15384615384615385,0.23076923076923078,0.6923076923076923,0.07692307692307693,1.0986122886681098,2.0,3.1354942159291497,2.1972245773362196,2025-07-14,2025-07-21,5.749486652977413,0.0,1.0,0.0,2025-07-07,0.42437923250564336,0.025374190185419643,0.024203918009227762
303,Taliban,2025-07-14,2025-07-21,301,36.0,36.0,26.0,10.0,9.0,12.0,21.0,3.0,2.0,1.0,3.091042453358316,3.6109179126442243,0.7222222222222222,0.2777777777777778,0.25,0.3333333333333333,0.5833333333333334,0.08333333333333333,0.6931471805599453,1.0,2.6390573296152584,2.9444389791664403,2025-07-21,2025-07-28,5.768651608487337,0.0,1.0,0.0,2025-07-14,0.7654878354652621,0.14787028073572123,0.14995083579154375
303,Taliban,2025-07-21,2025-07-28,302,19.0,19.0,12.0,10.0,7.0,9.0,7.0,3.0,1.0,2.0,3.044522437723423,2.995732273553991,0.631578947368421,0.5263157894736842,0.3684210526315789,0.47368421052631576,0.3684210526315789,0.15789473684210525,0.0,0.0,2.772588722239781,2.9444389791664403,2025-07-28,2025-08-04,5.7878165639972625,0.0,1.0,0.0,2025-07-21,0.6263514316264702,0.5040760177306771,0.3048180924287119
303,Taliban,2025-07-28,2025-08-04,303,24.0,24.0,10.0,4.0,3.0,3.0,17.0,4.0,0.0,1.0,1.791759469228055,3.2188758248682006,0.4166666666666667,0.16666666666666666,0.125,0.125,0.7083333333333334,0.16666666666666666,0.6931471805599453,1.0,3.2188758248682006,3.1780538303479458,2025-08-04,2025-08-11,5.806981519507187,0.0,1.0,0.0,2025-07-28,0.29646350639578634,0.0,0.0
303,Taliban,2025-08-04,2025-08-11,304,18.0,18.0,11.0,6.0,6.0,7.0,8.0,3.0,1.0,1.0,1.6094379124341003,2.9444389791664403,0.6111111111111112,0.3333333333333333,0.3333333333333333,0.3888888888888889,0.4444444444444444,0.16666666666666666,2.302585092994046,9.0,3.044522437723423,3.1354942159291497,2025-08-11,2025-08-18,5.8261464750171115,0.0,1.0,0.0,2025-08-04,0.5949335339854528,0.22749273959341723,0.25893149786955094
303,Taliban,2025-08-11,2025-08-18,305,30.0,30.0,10.0,3.0,2.0,4.0,22.0,4.0,9.0,5.0,2.4849066497880004,3.4339872044851463,0.3333333333333333,0.1,0.06666666666666667,0.13333333333333333,0.7333333333333333,0.13333333333333333,0.6931471805599453,1.0,3.091042453358316,2.6390573296152584,2025-08-18,2025-08-25,5.845311430527036,0.0,1.0,0.0,2025-08-11,0.16854778028592923,0.0,0.0
303,Taliban,2025-08-18,2025-08-25,306,19.0,19.0,11.0,2.0,0.0,3.0,14.0,2.0,1.0,4.0,2.4849066497880004,2.995732273553991,0.5789473684210527,0.10526315789473684,0.0,0.15789473684210525,0.7368421052631579,0.10526315789473684,1.0986122886681098,2.0,3.044522437723423,2.772588722239781,2025-08-25,2025-09-01,5.864476386036961,0.0,1.0,0.0,2025-08-18,0.5455625519781395,0.0,0.0
303,Taliban,2025-08-25,2025-09-01,307,24.0,24.0,20.0,9.0,8.0,9.0,14.0,1.0,2.0,6.0,2.6390573296152584,3.2188758248682006,0.8333333333333334,0.375,0.3333333333333333,0.375,0.5833333333333334,0.041666666666666664,1.791759469228055,5.0,1.791759469228055,3.2188758248682006,2025-09-01,2025-09-08,5.883641341546886,0.0,1.0,0.0,2025-08-25,0.9360421369450715,0.28720958373668926,0.25893149786955094
303,Taliban,2025-09-01,2025-09-08,308,44.0,44.0,20.0,16.0,16.0,19.0,8.0,17.0,5.0,2.0,2.8903717578961645,3.8066624897703196,0.45454545454545453,0.36363636363636365,0.36363636363636365,0.4318181818181818,0.18181818181818182,0.38636363636363635,0.0,0.0,1.6094379124341003,3.044522437723423,2025-09-08,2025-09-15,5.90280629705681,0.0,1.0,0.0,2025-09-01,0.3546070182639031,0.2709231716976151,0.29856082953428087
303,Taliban,2025-09-08,2025-09-15,309,40.0,40.0,31.0,25.0,25.0,28.0,8.0,4.0,0.0,0.0,2.1972245773362196,3.713572066704308,0.775,0.625,0.625,0.7,0.2,0.1,1.791759469228055,5.0,2.4849066497880004,3.091042453358316,2025-09-15,2025-09-22,5.921971252566735,0.0,1.0,0.0,2025-09-08,0.8465011286681716,0.6455106485963215,0.6403638151425762
303,Taliban,2025-09-15,2025-09-22,310,51.0,51.0,45.0,11.0,10.0,11.0,39.0,1.0,5.0,1.0,2.5649493574615367,3.9512437185814275,0.8823529411764706,0.21568627450980393,0.19607843137254902,0.21568627450980393,0.7647058823529411,0.0196078431372549,0.6931471805599453,1.0,2.4849066497880004,3.044522437723423,2025-09-22,2025-09-29,5.94113620807666,0.0,1.0,0.0,2025-09-15,1.0,0.05888047377711978,0.07943393679989204
303,Taliban,2025-09-22,2025-09-29,311,31.0,31.0,23.0,11.0,10.0,13.0,15.0,3.0,1.0,3.0,2.4849066497880004,3.4657359027997265,0.7419354838709677,0.3548387096774194,0.3225806451612903,0.41935483870967744,0.4838709677419355,0.0967741935483871,0.6931471805599453,1.0,2.6390573296152584,1.791759469228055,2025-09-29,2025-10-06,5.960301163586585,0.0,1.0,0.0,2025-09-22,0.7957474695987767,0.25831433657058994,0.2448694769562597
303,Taliban,2025-09-29,2025-10-06,312,28.0,28.0,18.0,4.0,3.0,6.0,20.0,2.0,1.0,1.0,2.0794415416798357,3.367295829986474,0.6428571428571429,0.14285714285714285,0.10714285714285714,0.21428571428571427,0.7142857142857143,0.07142857142857142,4.477336814478207,87.0,2.8903717578961645,1.6094379124341003,2025-10-06,2025-10-13,5.979466119096509,0.0,1.0,0.0,2025-09-29,0.6436633344082555,0.0,0.0
303,Taliban,2025-10-06,2025-10-13,313,242.0,242.0,222.0,175.0,131.0,176.0,62.0,4.0,87.0,7.0,4.553876891600541,5.493061443340548,0.9173553719008265,0.7231404958677686,0.5413223140495868,0.7272727272727273,0.256198347107438,0.01652892561983471,3.784189633918261,43.0,2.1972245773362196,2.4849066497880004,2025-10-13,2025-10-20,5.9986310746064335,0.0,1.0,0.0,2025-10-06,1.0,0.7861660252974169,0.530932819750197
303,Taliban,2025-10-13,2025-10-20,314,343.0,343.0,317.0,246.0,227.0,230.0,107.0,6.0,43.0,5.0,4.890349128221754,5.840641657373398,0.924198250728863,0.717201166180758,0.6618075801749271,0.6705539358600583,0.3119533527696793,0.01749271137026239,0.0,0.0,2.5649493574615367,2.4849066497880004,2025-10-20,2025-10-27,6.017796030116359,0.0,1.0,0.0,2025-10-13,1.0,0.7776537526917834,0.6884995886260109
303,Taliban,2025-10-20,2025-10-27,315,64.0,64.0,47.0,21.0,19.0,22.0,40.0,2.0,0.0,1.0,4.882801922586371,4.174387269895637,0.734375,0.328125,0.296875,0.34375,0.625,0.03125,0.0,0.0,2.4849066497880004,2.6390573296152584,2025-10-27,2025-11-03,6.036960985626283,0.0,1.0,0.0,2025-10-20,0.7841422121896162,0.22002813407550825,0.21125245821042282
303,Taliban,2025-10-27,2025-11-03,316,103.0,103.0,88.0,23.0,22.0,19.0,82.0,2.0,0.0,0.0,4.875197323201151,4.6443908991413725,0.8543689320388349,0.22330097087378642,0.21359223300970873,0.18446601941747573,0.7961165048543689,0.019417475728155338,2.4849066497880004,11.0,2.0794415416798357,2.8903717578961645,2025-11-03,2025-11-10,6.056125941136208,0.0,1.0,0.0,2025-10-27,0.9683315435359091,0.06979388904031056,0.10233792517493866
303,Taliban,2025-11-03,2025-11-10,317,69.0,69.0,54.0,21.0,15.0,20.0,47.0,2.0,11.0,2.0,4.007333185232471,4.248495242049359,0.782608695652174,0.30434782608695654,0.21739130434782608,0.2898550724637681,0.6811594202898551,0.028985507246376812,0.0,0.0,4.553876891600541,2.1972245773362196,2025-11-10,2025-11-17,6.075290896646133,0.0,1.0,0.0,2025-11-03,0.8581803906173324,0.1859505871459237,0.10730622889145397
303,Taliban,2025-11-10,2025-11-17,318,54.0,54.0,41.0,33.0,29.0,34.0,13.0,7.0,0.0,0.0,2.4849066497880004,4.007333185232471,0.7592592592592593,0.6111111111111112,0.5370370370370371,0.6296296296296297,0.24074074074074073,0.12962962962962962,0.0,0.0,4.890349128221754,2.5649493574615367,2025-11-17,2025-11-24,6.094455852156058,0.0,1.0,0.0,2025-11-10,0.8223392692918653,0.6256050338818975,0.5253286718380131
303,Taliban,2025-11-17,2025-11-24,319,22.0,22.0,15.0,9.0,9.0,9.0,12.0,1.0,0.0,1.0,2.4849066497880004,3.1354942159291497,0.6818181818181818,0.4090909090909091,0.4090909090909091,0.4090909090909091,0.5454545454545454,0.045454545454545456,2.3978952727983707,10.0,4.882801922586371,2.4849066497880004,2025-11-24,2025-12-01,6.113620807665982,0.0,1.0,0.0,2025-11-17,0.7034680894726041,0.33606881985391185,0.3580048270313757
303,Taliban,2025-11-24,2025-12-01,320,102.0,102.0,93.0,67.0,56.0,65.0,35.0,2.0,10.0,4.0,3.091042453358316,4.634728988229636,0.9117647058823529,0.6568627450980392,0.5490196078431373,0.6372549019607843,0.3431372549019608,0.0196078431372549,1.9459101490553132,6.0,4.875197323201151,2.0794415416798357,2025-12-01,2025-12-08,6.132785763175907,0.0,1.0,0.0,2025-11-24,1.0,0.6911764705882353,0.540999093836158
303,Taliban,2025-12-01,2025-12-08,321,79.0,79.0,73.0,52.0,44.0,50.0,25.0,4.0,6.0,1.0,2.833213344056216,4.382026634673881,0.9240506329113924,0.6582278481012658,0.5569620253164557,0.6329113924050633,0.31645569620253167,0.05063291139240506,1.3862943611198906,3.0,4.007333185232471,4.553876891600541,2025-12-08,2025-12-15,6.151950718685832,0.0,1.0,0.0,2025-12-01,1.0,0.6931329420270319,0.5513859328130639
303,Taliban,2025-12-08,2025-12-15,322,33.0,33.0,28.0,16.0,13.0,18.0,14.0,1.0,3.0,3.0,2.995732273553991,3.5263605246161616,0.8484848484848485,0.48484848484848486,0.3939393939393939,0.5454545454545454,0.42424242424242425,0.030303030303030304,0.0,0.0,2.4849066497880004,4.890349128221754,2025-12-15,2025-12-22,6.1711156741957565,0.0,1.0,0.0,2025-12-08,0.9592995416923182,0.44464490011440644,0.33819016119901074
303,Taliban,2025-12-15,2025-12-22,323,28.0,28.0,15.0,7.0,6.0,9.0,16.0,3.0,0.0,0.0,2.995732273553991,3.367295829986474,0.5357142857142857,0.25,0.21428571428571427,0.32142857142857145,0.5714285714285714,0.10714285714285714,1.0986122886681098,2.0,2.4849066497880004,4.882801922586371,2025-12-22,2025-12-29,6.190280629705681,0.0,1.0,0.0,2025-12-15,0.47920025798129634,0.1080590513068732,0.10324483775811208
303,Taliban,2025-12-22,2025-12-29,324,12.0,12.0,11.0,8.0,8.0,8.0,4.0,0.0,2.0,3.0,2.4849066497880004,2.5649493574615367,0.9166666666666666,0.6666666666666666,0.6666666666666666,0.6666666666666666,0.3333333333333333,0.0,,,3.091042453358316,4.875197323201151,,,6.209445585215605,0.0,0.0,0.0,2025-12-22,1.0,0.7052274927395934,0.6948541461815797
group:farc_bloc,FARC family,2020-01-06,2020-01-13,13,18.0,18.0,15.0,12.0,9.0,8.0,5.0,5.0,4.0,2.0,1.6094379124341003,2.9444389791664403,0.8333333333333334,0.6666666666666666,0.5,0.4444444444444444,0.2777777777777778,0.2777777777777778,0.6931471805599453,1.0,2.3978952727983707,1.9459101490553132,2020-01-13,2020-01-20,0.24914442162902123,0.0,0.0,0.0,2020-01-06,0.9360421369450715,0.7052274927395934,0.4768928220255654
group:farc_bloc,FARC family,2020-01-13,2020-01-20,14,21.0,21.0,18.0,15.0,14.0,13.0,6.0,2.0,1.0,1.0,1.791759469228055,3.091042453358316,0.8571428571428571,0.7142857142857143,0.6666666666666666,0.6190476190476191,0.2857142857142857,0.09523809523809523,1.0986122886681098,2.0,2.3978952727983707,1.791759469228055,2020-01-20,2020-01-27,0.2683093771389459,0.0,0.0,0.0,2020-01-13,0.9725894872621734,0.7734753146176188,0.6948541461815797
group:farc_bloc,FARC family,2020-01-20,2020-01-27,15,9.0,9.0,4.0,1.0,1.0,2.0,6.0,1.0,2.0,2.0,2.0794415416798357,2.302585092994046,0.4444444444444444,0.1111111111111111,0.1111111111111111,0.2222222222222222,0.6666666666666666,0.1111111111111111,1.3862943611198906,3.0,2.3978952727983707,0.0,2020-01-27,2020-02-03,0.2874743326488706,0.0,0.0,0.0,2020-01-20,0.3391020817657386,0.0,0.0
group:farc_bloc,FARC family,2020-01-27,2020-02-03,16,15.0,15.0,12.0,6.0,6.0,5.0,10.0,0.0,3.0,2.0,2.3978952727983707,2.772588722239781,0.8,0.4,0.4,0.3333333333333333,0.6666666666666666,0.0,0.6931471805599453,1.0,1.0986122886681098,2.1972245773362196,2020-02-03,2020-02-10,0.3066392881587953,0.0,0.0,0.0,2020-01-27,0.8848758465011287,0.3230396902226525,0.34611602753195675
group:farc_bloc,FARC family,2020-02-03,2020-02-10,17,7.0,7.0,6.0,0.0,0.0,0.0,6.0,1.0,1.0,1.0,2.0794415416798357,2.0794415416798357,0.8571428571428571,0.0,0.0,0.0,0.8571428571428571,0.14285714285714285,1.791759469228055,5.0,1.6094379124341003,2.3978952727983707,2020-02-10,2020-02-17,0.3258042436687201,0.0,0.0,0.0,2020-02-03,0.9725894872621734,0.0,0.0
group:farc_bloc,FARC family,2020-02-10,2020-02-17,18,4.0,4.0,4.0,1.0,1.0,1.0,3.0,0.0,5.0,1.0,2.4849066497880004,1.6094379124341003,1.0,0.25,0.25,0.25,0.75,0.0,1.0986122886681098,2.0,1.791759469228055,2.3978952727983707,2020-02-17,2020-02-24,0.34496919917864477,0.0,0.0,0.0,2020-02-10,1.0,0.1080590513068732,0.14995083579154375
group:farc_bloc,FARC family,2020-02-17,2020-02-24,19,12.0,12.0,10.0,7.0,7.0,6.0,4.0,2.0,2.0,1.0,2.4849066497880004,2.5649493574615367,0.8333333333333334,0.5833333333333334,0.5833333333333334,0.5,0.3333333333333333,0.16666666666666666,0.0,0.0,2.0794415416798357,2.3978952727983707,2020-02-24,2020-03-02,0.36413415468856947,0.0,0.0,0.0,2020-02-17,0.9360421369450715,0.5857938044530494,0.5858734841035727
group:farc_bloc,FARC family,2020-02-24,2020-03-02,20,9.0,9.0,6.0,1.0,1.0,1.0,4.0,4.0,0.0,0.0,2.1972245773362196,2.302585092994046,0.6666666666666666,0.1111111111111111,0.1111111111111111,0.1111111111111111,0.4444444444444444,0.4444444444444444,0.0,0.0,2.3978952727983707,1.0986122886681098,2020-03-02,2020-03-09,0.38329911019849416,0.0,0.0,0.0,2020-02-24,0.6802106847253574,0.0,0.0
group:farc_bloc,FARC family,2020-03-02,2020-03-09,21,18.0,18.0,13.0,6.0,6.0,5.0,12.0,1.0,0.0,0.0,2.0794415416798357,2.9444389791664403,0.7222222222222222,0.3333333333333333,0.3333333333333333,0.2777777777777778,0.6666666666666666,0.05555555555555555,0.0,0.0,2.0794415416798357,1.6094379124341003,2020-03-09,2020-03-16,0.4024640657084189,0.0,0.0,0.0,2020-03-02,0.7654878354652621,0.22749273959341723,0.25893149786955094
group:farc_bloc,FARC family,2020-03-09,2020-03-16,22,4.0,4.0,2.0,2.0,2.0,2.0,1.0,1.0,0.0,0.0,1.0986122886681098,1.6094379124341003,0.5,0.5,0.5,0.5,0.25,0.25,0.0,0.0,2.4849066497880004,1.791759469228055,2020-03-16,2020-03-23,0.4216290212183436,0.0,0.0,0.0,2020-03-09,0.42437923250564336,0.46636011616650536,0.4768928220255654
group:farc_bloc,FARC family,2020-03-16,2020-03-23,23,6.0,6.0,3.0,1.0,2.0,1.0,4.0,1.0,0.0,0.0,0.0,1.9459101490553132,0.5,0.16666666666666666,0.3333333333333333,0.16666666666666666,0.6666666666666666,0.16666666666666666,0.0,0.0,2.4849066497880004,2.0794415416798357,2020-03-23,2020-03-30,0.4407939767282683,0.0,0.0,0.0,2020-03-16,0.42437923250564336,0.0,0.25893149786955094
group:farc_bloc,FARC family,2020-03-23,2020-03-30,24,4.0,4.0,3.0,1.0,1.0,2.0,0.0,2.0,0.0,0.0,0.0,1.6094379124341003,0.75,0.25,0.25,0.5,0.0,0.5,0.0,0.0,2.1972245773362196,2.3978952727983707,2020-03-30,2020-04-06,0.459958932238193,0.0,0.0,0.0,2020-03-23,0.8081264108352144,0.1080590513068732,0.14995083579154375
group:farc_bloc,FARC family,2020-03-30,2020-04-06,25,6.0,6.0,5.0,5.0,5.0,5.0,1.0,0.0,0.0,0.0,0.0,1.9459101490553132,0.8333333333333334,0.8333333333333334,0.8333333333333334,0.8333333333333334,0.16666666666666666,0.0,0.0,0.0,2.0794415416798357,2.0794415416798357,2020-04-06,2020-04-13,0.4791238877481177,0.0,0.0,0.0,2020-03-30,0.9360421369450715,0.9440948693126817,0.9128154703375942
group:farc_bloc,FARC family,2020-04-06,2020-04-13,26,3.0,3.0,2.0,2.0,2.0,1.0,0.0,2.0,0.0,0.0,0.0,1.3862943611198906,0.6666666666666666,0.6666666666666666,0.6666666666666666,0.3333333333333333,0.0,0.6666666666666666,2.3978952727983707,10.0,1.0986122886681098,2.4849066497880004,2020-04-13,2020-04-20,0.49828884325804246,0.0,0.0,0.0,2020-04-06,0.6802106847253574,0.7052274927395934,0.6948541461815797
group:farc_bloc,FARC family,2020-04-13,2020-04-20,27,15.0,15.0,11.0,10.0,10.0,10.0,3.0,2.0,10.0,3.0,2.3978952727983707,2.772588722239781,0.7333333333333333,0.6666666666666666,0.6666666666666666,0.6666666666666666,0.2,0.13333333333333333,1.6094379124341003,4.0,0.0,2.4849066497880004,2020-04-20,2020-04-27,0.5174537987679672,0.0,0.0,0.0,2020-04-13,0.7825432656132429,0.7052274927395934,0.6948541461815797
group:farc_bloc,FARC family,2020-04-20,2020-04-27,28,4.0,4.0,3.0,1.0,1.0,2.0,1.0,1.0,4.0,3.0,2.70805020110221,1.6094379124341003,0.75,0.25,0.25,0.5,0.25,0.25,0.0,0.0,0.0,2.1972245773362196,2020-04-27,2020-05-04,0.5366187542778919,0.0,0.0,0.0,2020-04-20,0.8081264108352144,0.1080590513068732,0.14995083579154375
group:farc_bloc,FARC family,2020-04-27,2020-05-04,29,4.0,4.0,2.0,2.0,2.0,3.0,1.0,0.0,0.0,0.0,2.70805020110221,1.6094379124341003,0.5,0.5,0.5,0.75,0.25,0.0,0.0,0.0,0.0,2.0794415416798357,2020-05-04,2020-05-11,0.5557837097878165,0.0,0.0,0.0,2020-04-27,0.42437923250564336,0.46636011616650536,0.4768928220255654
group:farc_bloc,FARC family,2020-05-04,2020-05-11,30,7.0,7.0,4.0,2.0,1.0,1.0,4.0,2.0,0.0,0.0,2.70805020110221,2.0794415416798357,0.5714285714285714,0.2857142857142857,0.14285714285714285,0.14285714285714285,0.5714285714285714,0.2857142857142857,0.6931471805599453,1.0,0.0,1.0986122886681098,2020-05-11,2020-05-18,0.5749486652977412,0.0,0.0,0.0,2020-05-04,0.5340212834569493,0.15924491771539206,0.00983284169124877
group:farc_bloc,FARC family,2020-05-11,2020-05-18,31,4.0,4.0,2.0,2.0,1.0,2.0,2.0,0.0,1.0,1.0,1.791759469228055,1.6094379124341003,0.5,0.5,0.25,0.5,0.5,0.0,0.0,0.0,2.3978952727983707,0.0,2020-05-18,2020-05-25,0.5941136208076659,0.0,0.0,0.0,2020-05-11,0.42437923250564336,0.46636011616650536,0.14995083579154375
group:farc_bloc,FARC family,2020-05-18,2020-05-25,32,6.0,6.0,5.0,5.0,5.0,4.0,1.0,1.0,0.0,0.0,0.6931471805599453,1.9459101490553132,0.8333333333333334,0.8333333333333334,0.8333333333333334,0.6666666666666666,0.16666666666666666,0.16666666666666666,1.791759469228055,5.0,2.70805020110221,0.0,2020-05-25,2020-06-01,0.6132785763175906,0.0,0.0,0.0,2020-05-18,0.9360421369450715,0.9440948693126817,0.9128154703375942
group:farc_bloc,FARC family,2020-05-25,2020-06-01,33,9.0,9.0,7.0,5.0,4.0,5.0,3.0,1.0,5.0,3.0,1.9459101490553132,2.302585092994046,0.7777777777777778,0.5555555555555556,0.4444444444444444,0.5555555555555556,0.3333333333333333,0.1111111111111111,0.0,0.0,2.70805020110221,0.0,2020-06-01,2020-06-08,0.6324435318275154,0.0,0.0,0.0,2020-05-25,0.8507649862051668,0.5459825750242014,0.40423904730689386
group:farc_bloc,FARC family,2020-06-01,2020-06-08,34,7.0,7.0,6.0,1.0,1.0,1.0,5.0,1.0,0.0,0.0,1.9459101490553132,2.0794415416798357,0.8571428571428571,0.14285714285714285,0.14285714285714285,0.14285714285714285,0.7142857142857143,0.14285714285714285,0.6931471805599453,1.0,2.70805020110221,0.0,2020-06-08,2020-06-15,0.6516084873374401,0.0,0.0,0.0,2020-06-01,0.9725894872621734,0.0,0.00983284169124877
group:farc_bloc,FARC family,2020-06-08,2020-06-15,35,5.0,5.0,3.0,2.0,2.0,2.0,2.0,1.0,1.0,1.0,1.9459101490553132,1.791759469228055,0.6,0.4,0.4,0.4,0.4,0.2,1.9459101490553132,6.0,1.791759469228055,2.3978952727983707,2020-06-15,2020-06-22,0.6707734428473648,0.0,0.0,0.0,2020-06-08,0.5778781038374717,0.3230396902226525,0.34611602753195675
group:farc_bloc,FARC family,2020-06-15,2020-06-22,36,13.0,13.0,12.0,11.0,9.0,8.0,4.0,1.0,6.0,1.0,2.5649493574615367,2.6390573296152584,0.9230769230769231,0.8461538461538461,0.6923076923076923,0.6153846153846154,0.3076923076923077,0.07692307692307693,0.0,0.0,0.6931471805599453,2.70805020110221,2020-06-22,2020-06-29,0.6899383983572895,0.0,0.0,0.0,2020-06-15,1.0,0.9624692828952268,0.7283866575901974
group:farc_bloc,FARC family,2020-06-22,2020-06-29,37,8.0,8.0,5.0,1.0,1.0,2.0,5.0,1.0,0.0,0.0,2.0794415416798357,2.1972245773362196,0.625,0.125,0.125,0.25,0.625,0.125,1.0986122886681098,2.0,1.9459101490553132,2.70805020110221,2020-06-29,2020-07-06,0.7091033538672142,0.0,0.0,0.0,2020-06-22,0.6162528216704289,0.0,0.0
group:farc_bloc,FARC family,2020-06-29,2020-07-06,38,8.0,8.0,5.0,2.0,2.0,1.0,6.0,1.0,2.0,1.0,2.302585092994046,2.1972245773362196,0.625,0.25,0.25,0.125,0.75,0.125,0.0,0.0,1.9459101490553132,2.70805020110221,2020-07-06,2020-07-13,0.7282683093771389,0.0,0.0,0.0,2020-06-29,0.6162528216704289,0.1080590513068732,0.14995083579154375
group:farc_bloc,FARC family,2020-07-06,2020-07-13,39,4.0,4.0,4.0,0.0,0.0,2.0,2.0,0.0,0.0,0.0,2.1972245773362196,1.6094379124341003,1.0,0.0,0.0,0.5,0.5,0.0,0.6931471805599453,1.0,1.9459101490553132,1.791759469228055,2020-07-13,2020-07-20,0.7474332648870636,0.0,0.0,0.0,2020-07-06,1.0,0.0,0.0
group:farc_bloc,FARC family,2020-07-13,2020-07-20,40,12.0,12.0,8.0,6.0,6.0,7.0,5.0,0.0,1.0,2.0,1.3862943611198906,2.5649493574615367,0.6666666666666666,0.5,0.5,0.5833333333333334,0.4166666666666667,0.0,1.0986122886681098,2.0,2.5649493574615367,0.6931471805599453,2020-07-20,2020-07-27,0.7665982203969883,0.0,0.0,0.0,2020-07-13,0.6802106847253574,0.46636011616650536,0.4768928220255654
group:farc_bloc,FARC family,2020-07-20,2020-07-27,41,9.0,9.0,7.0,3.0,3.0,4.0,4.0,1.0,2.0,2.0,1.791759469228055,2.302585092994046,0.7777777777777778,0.3333333333333333,0.3333333333333333,0.4444444444444444,0.4444444444444444,0.1111111111111111,1.3862943611198906,3.0,2.0794415416798357,1.9459101490553132,2020-07-27,2020-08-03,0.785763175906913,0.0,0.0,0.0,2020-07-20,0.8507649862051668,0.22749273959341723,0.25893149786955094
group:farc_bloc,FARC family,2020-07-27,2020-08-03,42,7.0,7.0,5.0,1.0,2.0,1.0,5.0,1.0,3.0,1.0,1.9459101490553132,2.0794415416798357,0.7142857142857143,0.14285714285714285,0.2857142857142857,0.14285714285714285,0.7142857142857143,0.14285714285714285,0.6931471805599453,1.0,2.302585092994046,1.9459101490553132,2020-08-03,2020-08-10,0.8049281314168378,0.0,0.0,0.0,2020-07-27,0.7533053853595615,0.0,0.1966568338249754
group:farc_bloc,FARC family,2020-08-03,2020-08-10,43,13.0,13.0,6.0,5.0,3.0,5.0,6.0,2.0,1.0,1.0,2.0794415416798357,2.6390573296152584,0.46153846153846156,0.38461538461538464,0.23076923076923078,0.38461538461538464,0.46153846153846156,0.15384615384615385,0.0,0.0,2.1972245773362196,1.9459101490553132,2020-08-10,2020-08-17,0.8240930869267625,0.0,0.0,0.0,2020-08-03,0.36534120507032475,0.3009903939235982,0.12480145223508057
group:farc_bloc,FARC family,2020-08-10,2020-08-17,44,10.0,10.0,5.0,3.0,2.0,3.0,5.0,2.0,0.0,0.0,1.9459101490553132,2.3978952727983707,0.5,0.3,0.2,0.3,0.5,0.2,2.4849066497880004,11.0,1.3862943611198906,2.5649493574615367,2020-08-17,2020-08-24,0.8432580424366872,0.0,0.0,0.0,2020-08-10,0.42437923250564336,0.1797192642787996,0.08456243854473945
group:farc_bloc,FARC family,2020-08-17,2020-08-24,45,17.0,17.0,11.0,6.0,6.0,5.0,9.0,3.0,11.0,2.0,2.772588722239781,2.8903717578961645,0.6470588235294118,0.35294117647058826,0.35294117647058826,0.29411764705882354,0.5294117647058824,0.17647058823529413,0.0,0.0,1.791759469228055,2.0794415416798357,2020-08-24,2020-08-31,0.8624229979466119,0.0,0.0,0.0,2020-08-17,0.6501128668171559,0.25559478389613355,0.284574006593788
group:farc_bloc,FARC family,2020-08-24,2020-08-31,46,11.0,11.0,7.0,6.0,6.0,8.0,3.0,0.0,0.0,0.0,2.5649493574615367,2.4849066497880004,0.6363636363636364,0.5454545454545454,0.5454545454545454,0.7272727272727273,0.2727272727272727,0.0,1.9459101490553132,6.0,1.9459101490553132,2.302585092994046,2020-08-31,2020-09-07,0.8815879534565366,0.0,0.0,0.0,2020-08-24,0.6336958752308639,0.531505764322802,0.5363368195226602
group:farc_bloc,FARC family,2020-08-31,2020-09-07,47,17.0,17.0,11.0,11.0,11.0,11.0,5.0,1.0,6.0,3.0,2.8903717578961645,2.8903717578961645,0.6470588235294118,0.6470588235294118,0.6470588235294118,0.6470588235294118,0.29411764705882354,0.058823529411764705,1.3862943611198906,3.0,2.0794415416798357,2.1972245773362196,2020-09-07,2020-09-14,0.9007529089664613,0.0,0.0,0.0,2020-08-31,0.6501128668171559,0.6771254484368773,0.6692116374573428
group:farc_bloc,FARC family,2020-09-07,2020-09-14,48,5.0,5.0,4.0,1.0,1.0,1.0,4.0,0.0,3.0,3.0,3.044522437723423,1.791759469228055,0.8,0.2,0.2,0.2,0.8,0.0,2.0794415416798357,7.0,1.9459101490553132,1.3862943611198906,2020-09-14,2020-09-21,0.919917864476386,0.0,0.0,0.0,2020-09-07,0.8848758465011287,0.03639883833494679,0.08456243854473945
group:farc_bloc,FARC family,2020-09-14,2020-09-21,49,14.0,14.0,8.0,6.0,6.0,9.0,3.0,2.0,7.0,4.0,2.833213344056216,2.70805020110221,0.5714285714285714,0.42857142857142855,0.42857142857142855,0.6428571428571429,0.21428571428571427,0.14285714285714285,0.0,0.0,2.772588722239781,1.791759469228055,2020-09-21,2020-09-28,0.9390828199863107,0.0,0.0,0.0,2020-09-14,0.5340212834569493,0.36398838334946754,0.38348082595870203
group:farc_bloc,FARC family,2020-09-21,2020-09-28,50,13.0,13.0,7.0,7.0,7.0,7.0,5.0,1.0,0.0,0.0,2.833213344056216,2.6390573296152584,0.5384615384615384,0.5384615384615384,0.5384615384615384,0.5384615384615384,0.38461538461538464,0.07692307692307693,0.6931471805599453,1.0,2.5649493574615367,1.9459101490553132,2020-09-28,2020-10-05,0.9582477754962354,0.0,0.0,0.0,2020-09-21,0.48341725994096196,0.521483356914141,0.5271915891384917
group:farc_bloc,FARC family,2020-09-28,2020-10-05,51,18.0,18.0,12.0,3.0,3.0,3.0,12.0,3.0,1.0,1.0,2.4849066497880004,2.9444389791664403,0.6666666666666666,0.16666666666666666,0.16666666666666666,0.16666666666666666,0.6666666666666666,0.16666666666666666,0.0,0.0,2.8903717578961645,2.0794415416798357,2020-10-05,2020-10-12,0.9774127310061602,0.0,0.0,0.0,2020-09-28,0.6802106847253574,0.0,0.04097017371353654
group:farc_bloc,FARC family,2020-10-05,2020-10-12,52,24.0,24.0,12.0,2.0,2.0,1.0,21.0,2.0,0.0,0.0,2.1972245773362196,3.2188758248682006,0.5,0.08333333333333333,0.08333333333333333,0.041666666666666664,0.875,0.08333333333333333,1.6094379124341003,4.0,3.044522437723423,1.9459101490553132,2020-10-12,2020-10-19,0.9965776865160849,0.0,0.0,0.0,2020-10-05,0.42437923250564336,0.0,0.0
group:farc_bloc,FARC family,2020-10-12,2020-10-19,53,12.0,12.0,7.0,4.0,5.0,2.0,10.0,0.0,4.0,2.0,1.791759469228055,2.5649493574615367,0.5833333333333334,0.3333333333333333,0.4166666666666667,0.16666666666666666,0.8333333333333334,0.0,0.0,0.0,2.833213344056216,2.772588722239781,2020-10-19,2020-10-26,1.0157426420260096,0.0,0.0,0.0,2020-10-12,0.5522949586155005,0.22749273959341723,0.3679121599475582
group:farc_bloc,FARC family,2020-10-19,2020-10-26,54,2.0,2.0,1.0,0.0,0.0,0.0,0.0,2.0,0.0,1.0,1.791759469228055,1.0986122886681098,0.5,0.0,0.0,0.0,0.0,1.0,1.0986122886681098,2.0,2.833213344056216,2.5649493574615367,2020-10-26,2020-11-02,1.0349075975359343,0.0,0.0,0.0,2020-10-19,0.42437923250564336,0.0,0.0
group:farc_bloc,FARC family,2020-10-26,2020-11-02,55,6.0,6.0,5.0,3.0,3.0,4.0,1.0,1.0,2.0,1.0,1.9459101490553132,1.9459101490553132,0.8333333333333334,0.5,0.5,0.6666666666666666,0.16666666666666666,0.16666666666666666,0.6931471805599453,1.0,2.4849066497880004,2.8903717578961645,2020-11-02,2020-11-09,1.054072553045859,0.0,0.0,0.0,2020-10-26,0.9360421369450715,0.46636011616650536,0.4768928220255654
group:farc_bloc,FARC family,2020-11-02,2020-11-09,56,6.0,6.0,3.0,2.0,2.0,0.0,6.0,0.0,1.0,1.0,2.0794415416798357,1.9459101490553132,0.5,0.3333333333333333,0.3333333333333333,0.0,1.0,0.0,0.6931471805599453,1.0,2.1972245773362196,3.044522437723423,2020-11-09,2020-11-16,1.0732375085557837,0.0,0.0,0.0,2020-11-02,0.42437923250564336,0.22749273959341723,0.25893149786955094
group:farc_bloc,FARC family,2020-11-09,2020-11-16,57,0.0,0.0,0.0,0.0,0.0,0.0,0.0,0.0,1.0,2.0,1.6094379124341003,0.0,,,,,,,0.0,0.0,1.791759469228055,2.833213344056216,2020-11-16,2020-11-23,1.0924024640657084,0.0,0.0,0.0,2020-11-09,,,
group:farc_bloc,FARC family,2020-11-16,2020-11-23,58,13.0,13.0,10.0,6.0,5.0,7.0,6.0,0.0,0.0,0.0,1.6094379124341003,2.6390573296152584,0.7692307692307693,0.46153846153846156,0.38461538461538464,0.5384615384615384,0.46153846153846156,0.0,0.0,0.0,1.791759469228055,2.833213344056216,2020-11-23,2020-11-30,1.111567419575633,0.0,0.0,0.0,2020-11-16,0.8376454245528738,0.41123687541886966,0.3259965206867862
group:farc_bloc,FARC family,2020-11-23,2020-11-30,59,18.0,18.0,14.0,9.0,9.0,7.0,11.0,0.0,0.0,0.0,1.0986122886681098,2.9444389791664403,0.7777777777777778,0.5,0.5,0.3888888888888889,0.6111111111111112,0.0,0.0,0.0,1.9459101490553132,2.4849066497880004,2020-11-30,2020-12-07,1.1307323750855578,0.0,0.0,0.0,2020-11-23,0.8507649862051668,0.46636011616650536,0.4768928220255654
group:farc_bloc,FARC family,2020-11-30,2020-12-07,60,10.0,10.0,8.0,4.0,5.0,3.0,7.0,0.0,0.0,1.0,0.6931471805599453,2.3978952727983707,0.8,0.4,0.5,0.3,0.7,0.0,0.0,0.0,2.0794415416798357,2.1972245773362196,2020-12-07,2020-12-14,1.1498973305954825,0.0,0.0,0.0,2020-11-30,0.8848758465011287,0.3230396902226525,0.4768928220255654
group:farc_bloc,FARC family,2020-12-07,2020-12-14,61,8.0,8.0,6.0,2.0,2.0,1.0,7.0,0.0,0.0,0.0,0.0,2.1972245773362196,0.75,0.25,0.25,0.125,0.875,0.0,0.0,0.0,1.6094379124341003,1.791759469228055,2020-12-14,2020-12-21,1.1690622861054072,0.0,0.0,0.0,2020-12-07,0.8081264108352144,0.1080590513068732,0.14995083579154375
group:farc_bloc,FARC family,2020-12-14,2020-12-21,62,10.0,10.0,6.0,3.0,3.0,3.0,7.0,0.0,0.0,0.0,0.0,2.3978952727983707,0.6,0.3,0.3,0.3,0.7,0.0,1.0986122886681098,2.0,1.6094379124341003,1.791759469228055,2020-12-21,2020-12-28,1.1882272416153319,0.0,0.0,0.0,2020-12-14,0.5778781038374717,0.1797192642787996,0.21533923303834807
group:farc_bloc,FARC family,2020-12-21,2020-12-28,63,1.0,1.0,1.0,0.0,0.0,0.0,1.0,0.0,2.0,1.0,1.0986122886681098,0.6931471805599453,1.0,0.0,0.0,0.0,1.0,0.0,0.0,0.0,1.0986122886681098,1.9459101490553132,2020-12-28,2021-01-04,1.2073921971252566,0.0,0.0,0.0,2020-12-21,1.0,0.0,0.0
group:farc_bloc,FARC family,2020-12-28,2021-01-04,64,15.0,15.0,13.0,12.0,12.0,11.0,3.0,1.0,0.0,1.0,1.0986122886681098,2.772588722239781,0.8666666666666667,0.8,0.8,0.7333333333333333,0.2,0.06666666666666667,0.0,0.0,0.6931471805599453,2.0794415416798357,2021-01-04,2021-01-11,1.2265571526351813,0.0,0.0,0.0,2020-12-28,0.9872084273890144,0.8963213939980639,0.8692232055063914
group:farc_bloc,FARC family,2021-01-04,2021-01-11,65,12.0,12.0,9.0,6.0,5.0,7.0,2.0,3.0,0.0,0.0,1.0986122886681098,2.5649493574615367,0.75,0.5,0.4166666666666667,0.5833333333333334,0.16666666666666666,0.25,0.6931471805599453,1.0,0.0,1.6094379124341003,2021-01-11,2021-01-18,1.2457221081451062,0.0,0.0,0.0,2021-01-04,0.8081264108352144,0.46636011616650536,0.3679121599475582
group:farc_bloc,FARC family,2021-01-11,2021-01-18,66,3.0,3.0,2.0,3.0,3.0,3.0,0.0,0.0,1.0,1.0,1.3862943611198906,1.3862943611198906,0.6666666666666666,1.0,1.0,1.0,0.0,0.0,1.791759469228055,5.0,0.0,1.6094379124341003,2021-01-18,2021-01-25,1.264887063655031,0.0,0.0,0.0,2021-01-11,0.6802106847253574,1.0,1.0
group:farc_bloc,FARC family,2021-01-18,2021-01-25,67,7.0,7.0,6.0,5.0,6.0,5.0,1.0,1.0,5.0,1.0,1.9459101490553132,2.0794415416798357,0.8571428571428571,0.7142857142857143,0.8571428571428571,0.7142857142857143,0.14285714285714285,0.14285714285714285,1.0986122886681098,2.0,1.0986122886681098,1.0986122886681098,2021-01-25,2021-02-01,1.2840520191649556,0.0,0.0,0.0,2021-01-18,0.9725894872621734,0.7734753146176188,0.9439528023598819
group:farc_bloc,FARC family,2021-01-25,2021-02-01,68,8.0,8.0,6.0,4.0,4.0,3.0,5.0,0.0,2.0,1.0,2.1972245773362196,2.1972245773362196,0.75,0.5,0.5,0.375,0.625,0.0,1.6094379124341003,4.0,1.0986122886681098,0.6931471805599453,2021-02-01,2021-02-08,1.3032169746748803,0.0,0.0,0.0,2021-01-25,0.8081264108352144,0.46636011616650536,0.4768928220255654
group:farc_bloc,FARC family,2021-02-01,2021-02-08,69,12.0,12.0,11.0,7.0,7.0,6.0,6.0,0.0,4.0,2.0,2.5649493574615367,2.5649493574615367,0.9166666666666666,0.5833333333333334,0.5833333333333334,0.5,0.5,0.0,0.6931471805599453,1.0,1.0986122886681098,0.0,2021-02-08,2021-02-15,1.322381930184805,0.0,0.0,0.0,2021-02-01,1.0,0.5857938044530494,0.5858734841035727
group:farc_bloc,FARC family,2021-02-08,2021-02-15,70,15.0,15.0,10.0,4.0,4.0,3.0,11.0,1.0,1.0,1.0,2.5649493574615367,2.772588722239781,0.6666666666666666,0.26666666666666666,0.26666666666666666,0.2,0.7333333333333333,0.06666666666666667,0.0,0.0,1.3862943611198906,0.0,2021-02-15,2021-02-22,1.3415468856947297,0.0,0.0,0.0,2021-02-08,0.6802106847253574,0.131945788964182,0.1717469682071452
group:farc_bloc,FARC family,2021-02-15,2021-02-22,71,8.0,8.0,7.0,1.0,1.0,2.0,6.0,0.0,0.0,0.0,2.0794415416798357,2.1972245773362196,0.875,0.125,0.125,0.25,0.75,0.0,1.0986122886681098,2.0,1.9459101490553132,1.0986122886681098,2021-02-22,2021-03-01,1.3607118412046544,0.0,0.0,0.0,2021-02-15,1.0,0.0,0.0
group:farc_bloc,FARC family,2021-02-22,2021-03-01,72,10.0,10.0,4.0,2.0,2.0,3.0,6.0,1.0,2.0,1.0,2.0794415416798357,2.3978952727983707,0.4,0.2,0.2,0.3,0.6,0.1,3.295836866004329,26.0,2.1972245773362196,1.0986122886681098,2021-03-01,2021-03-08,1.379876796714579,0.0,0.0,0.0,2021-02-22,0.2708803611738149,0.03639883833494679,0.08456243854473945
group:farc_bloc,FARC family,2021-03-01,2021-03-08,73,14.0,14.0,10.0,7.0,7.0,7.0,5.0,2.0,26.0,6.0,3.4011973816621555,2.70805020110221,0.7142857142857143,0.5,0.5,0.5,0.35714285714285715,0.14285714285714285,0.0,0.0,2.5649493574615367,1.0986122886681098,2021-03-08,2021-03-15,1.3990417522245038,0.0,0.0,0.0,2021-03-01,0.7533053853595615,0.46636011616650536,0.4768928220255654
group:farc_bloc,FARC family,2021-03-08,2021-03-15,74,14.0,14.0,10.0,6.0,5.0,6.0,7.0,1.0,0.0,0.0,3.367295829986474,2.70805020110221,0.7142857142857143,0.42857142857142855,0.35714285714285715,0.42857142857142855,0.5,0.07142857142857142,0.0,0.0,2.5649493574615367,1.3862943611198906,2021-03-15,2021-03-22,1.4182067077344285,0.0,0.0,0.0,2021-03-08,0.7533053853595615,0.36398838334946754,0.29006882989183874
group:farc_bloc,FARC family,2021-03-15,2021-03-22,75,14.0,14.0,11.0,9.0,4.0,10.0,4.0,0.0,0.0,0.0,3.367295829986474,2.70805020110221,0.7857142857142857,0.6428571428571429,0.2857142857142857,0.7142857142857143,0.2857142857142857,0.0,1.0986122886681098,2.0,2.0794415416798357,1.9459101490553132,2021-03-22,2021-03-29,1.4373716632443532,0.0,0.0,0.0,2021-03-15,0.8629474363108675,0.6711035818005809,0.1966568338249754
group:farc_bloc,FARC family,2021-03-22,2021-03-29,76,26.0,26.0,24.0,22.0,10.0,23.0,3.0,0.0,2.0,2.0,3.367295829986474,3.295836866004329,0.9230769230769231,0.8461538461538461,0.38461538461538464,0.8846153846153846,0.11538461538461539,0.0,0.6931471805599453,1.0,2.0794415416798357,2.1972245773362196,2021-03-29,2021-04-05,1.4565366187542779,0.0,0.0,0.0,2021-03-22,1.0,0.9624692828952268,0.3259965206867862
group:farc_bloc,FARC family,2021-03-29,2021-04-05,77,20.0,20.0,17.0,10.0,5.0,13.0,6.0,1.0,1.0,1.0,1.3862943611198906,3.044522437723423,0.85,0.5,0.25,0.65,0.3,0.05,1.3862943611198906,3.0,3.4011973816621555,2.5649493574615367,2021-04-05,2021-04-12,1.4757015742642026,0.0,0.0,0.0,2021-03-29,0.9616252821670429,0.46636011616650536,0.14995083579154375
group:farc_bloc,FARC family,2021-04-05,2021-04-12,78,11.0,11.0,6.0,2.0,0.0,3.0,6.0,2.0,3.0,1.0,1.9459101490553132,2.4849066497880004,0.5454545454545454,0.18181818181818182,0.0,0.2727272727272727,0.5454545454545454,0.18181818181818182,2.8903717578961645,17.0,3.367295829986474,2.5649493574615367,2021-04-12,2021-04-19,1.4948665297741273,0.0,0.0,0.0,2021-04-05,0.4941514467473835,0.010340579072428076,0.0
group:farc_bloc,FARC family,2021-04-12,2021-04-19,79,24.0,24.0,22.0,17.0,14.0,17.0,5.0,2.0,17.0,2.0,3.1780538303479458,3.2188758248682006,0.9166666666666666,0.7083333333333334,0.5833333333333334,0.7083333333333334,0.20833333333333334,0.08333333333333333,1.3862943611198906,3.0,3.367295829986474,2.0794415416798357,2021-04-19,2021-04-26,1.514031485284052,0.0,0.0,0.0,2021-04-12,1.0,0.7649443368828656,0.5858734841035727
group:farc_bloc,FARC family,2021-04-19,2021-04-26,80,14.0,14.0,11.0,5.0,4.0,5.0,8.0,1.0,3.0,2.0,3.2188758248682006,2.70805020110221,0.7857142857142857,0.35714285714285715,0.2857142857142857,0.35714285714285715,0.5714285714285714,0.07142857142857142,1.0986122886681098,2.0,3.367295829986474,2.0794415416798357,2021-04-26,2021-05-03,1.5331964407939767,0.0,0.0,0.0,2021-04-19,0.8629474363108675,0.26161665053242983,0.1966568338249754
group:farc_bloc,FARC family,2021-04-26,2021-05-03,81,7.0,7.0,6.0,4.0,4.0,4.0,3.0,0.0,2.0,2.0,3.258096538021482,2.0794415416798357,0.8571428571428571,0.5714285714285714,0.5714285714285714,0.5714285714285714,0.42857142857142855,0.0,0.0,0.0,1.3862943611198906,3.4011973816621555,2021-05-03,2021-05-10,1.5523613963039014,0.0,0.0,0.0,2021-04-26,0.9725894872621734,0.568731848983543,0.5703048180924286
group:farc_bloc,FARC family,2021-05-03,2021-05-10,82,8.0,8.0,7.0,7.0,5.0,3.0,2.0,3.0,0.0,0.0,3.1354942159291497,2.1972245773362196,0.875,0.875,0.625,0.375,0.25,0.375,0.0,0.0,1.9459101490553132,3.367295829986474,2021-05-10,2021-05-17,1.571526351813826,0.0,0.0,0.0,2021-05-03,1.0,1.0,0.6403638151425762
group:farc_bloc,FARC family,2021-05-10,2021-05-17,83,7.0,7.0,7.0,4.0,2.0,3.0,2.0,2.0,0.0,0.0,1.791759469228055,2.0794415416798357,1.0,0.5714285714285714,0.2857142857142857,0.42857142857142855,0.2857142857142857,0.2857142857142857,0.6931471805599453,1.0,3.1780538303479458,3.367295829986474,2021-05-17,2021-05-24,1.5906913073237507,0.0,0.0,0.0,2021-05-10,1.0,0.568731848983543,0.1966568338249754
group:farc_bloc,FARC family,2021-05-17,2021-05-24,84,31.0,31.0,29.0,25.0,22.0,25.0,5.0,1.0,1.0,1.0,1.3862943611198906,3.4657359027997265,0.9354838709677419,0.8064516129032258,0.7096774193548387,0.8064516129032258,0.16129032258064516,0.03225806451612903,0.0,0.0,3.2188758248682006,3.367295829986474,2021-05-24,2021-05-31,1.6098562628336757,0.0,0.0,0.0,2021-05-17,1.0,0.9055678730912156,0.7511022298347448
group:farc_bloc,FARC family,2021-05-24,2021-05-31,85,9.0,9.0,4.0,3.0,2.0,3.0,5.0,1.0,0.0,0.0,0.6931471805599453,2.302585092994046,0.4444444444444444,0.3333333333333333,0.2222222222222222,0.3333333333333333,0.5555555555555556,0.1111111111111111,0.0,0.0,3.258096538021482,1.3862943611198906,2021-05-31,2021-06-07,1.6290212183436004,0.0,0.0,0.0,2021-05-24,0.3391020817657386,0.22749273959341723,0.11362394843220801
group:farc_bloc,FARC family,2021-05-31,2021-06-07,86,3.0,3.0,2.0,2.0,1.0,2.0,0.0,1.0,0.0,0.0,0.6931471805599453,1.3862943611198906,0.6666666666666666,0.6666666666666666,0.3333333333333333,0.6666666666666666,0.0,0.3333333333333333,0.0,0.0,3.1354942159291497,1.9459101490553132,2021-06-07,2021-06-14,1.648186173853525,0.0,0.0,0.0,2021-05-31,0.6802106847253574,0.7052274927395934,0.25893149786955094
group:farc_bloc,FARC family,2021-06-07,2021-06-14,87,3.0,3.0,2.0,2.0,2.0,2.0,1.0,0.0,0.0,0.0,0.6931471805599453,1.3862943611198906,0.6666666666666666,0.6666666666666666,0.6666666666666666,0.6666666666666666,0.3333333333333333,0.0,1.9459101490553132,6.0,1.791759469228055,3.1780538303479458,2021-06-14,2021-06-21,1.6673511293634498,0.0,0.0,0.0,2021-06-07,0.6802106847253574,0.7052274927395934,0.6948541461815797
group:farc_bloc,FARC family,2021-06-14,2021-06-21,88,3.0,3.0,2.0,2.0,1.0,3.0,0.0,0.0,6.0,1.0,1.9459101490553132,1.3862943611198906,0.6666666666666666,0.6666666666666666,0.3333333333333333,1.0,0.0,0.0,1.9459101490553132,6.0,1.3862943611198906,3.2188758248682006,2021-06-21,2021-06-28,1.6865160848733745,0.0,0.0,0.0,2021-06-14,0.6802106847253574,0.7052274927395934,0.25893149786955094
group:farc_bloc,FARC family,2021-06-21,2021-06-28,89,15.0,15.0,10.0,10.0,7.0,12.0,2.0,1.0,6.0,2.0,2.5649493574615367,2.772588722239781,0.6666666666666666,0.6666666666666666,0.4666666666666667,0.8,0.13333333333333333,0.06666666666666667,2.5649493574615367,12.0,0.6931471805599453,3.258096538021482,2021-06-28,2021-07-05,1.7056810403832992,0.0,0.0,0.0,2021-06-21,0.6802106847253574,0.7052274927395934,0.4333005571943625
group:farc_bloc,FARC family,2021-06-28,2021-07-05,90,5.0,5.0,4.0,3.0,2.0,3.0,2.0,0.0,12.0,2.0,3.2188758248682006,1.791759469228055,0.8,0.6,0.4,0.6,0.4,0.0,2.302585092994046,9.0,0.6931471805599453,3.1354942159291497,2021-07-05,2021-07-12,1.7248459958932238,0.0,0.0,0.0,2021-06-28,0.8848758465011287,0.6096805421103582,0.34611602753195675
group:farc_bloc,FARC family,2021-07-05,2021-07-12,91,9.0,9.0,6.0,5.0,5.0,5.0,3.0,1.0,9.0,2.0,3.5263605246161616,2.302585092994046,0.6666666666666666,0.5555555555555556,0.5555555555555556,0.5555555555555556,0.3333333333333333,0.1111111111111111,1.3862943611198906,3.0,0.6931471805599453,1.791759469228055,2021-07-12,2021-07-19,1.7440109514031485,0.0,0.0,0.0,2021-07-05,0.6802106847253574,0.5459825750242014,0.5495465967442369
group:farc_bloc,FARC family,2021-07-12,2021-07-19,92,12.0,12.0,9.0,8.0,5.0,8.0,1.0,3.0,3.0,1.0,3.4339872044851463,2.5649493574615367,0.75,0.6666666666666666,0.4166666666666667,0.6666666666666666,0.08333333333333333,0.25,0.0,0.0,1.9459101490553132,1.3862943611198906,2021-07-19,2021-07-26,1.7631759069130732,0.0,0.0,0.0,2021-07-12,0.8081264108352144,0.7052274927395934,0.3679121599475582
group:farc_bloc,FARC family,2021-07-19,2021-07-26,93,7.0,7.0,6.0,6.0,1.0,6.0,0.0,1.0,0.0,0.0,3.2188758248682006,2.0794415416798357,0.8571428571428571,0.8571428571428571,0.14285714285714285,0.8571428571428571,0.0,0.14285714285714285,0.0,0.0,2.5649493574615367,0.6931471805599453,2021-07-26,2021-08-02,1.782340862422998,0.0,0.0,0.0,2021-07-19,0.9725894872621734,0.9782187802516942,0.00983284169124877
group:farc_bloc,FARC family,2021-07-26,2021-08-02,94,10.0,10.0,10.0,6.0,3.0,4.0,5.0,1.0,0.0,0.0,2.5649493574615367,2.3978952727983707,1.0,0.6,0.3,0.4,0.5,0.1,0.0,0.0,3.2188758248682006,0.6931471805599453,2021-08-02,2021-08-09,1.8015058179329226,0.0,0.0,0.0,2021-07-26,1.0,0.6096805421103582,0.21533923303834807
group:farc_bloc,FARC family,2021-08-02,2021-08-09,95,0.0,0.0,0.0,0.0,0.0,0.0,0.0,0.0,0.0,0.0,1.3862943611198906,0.0,,,,,,,1.6094379124341003,4.0,3.5263605246161616,0.6931471805599453,2021-08-09,2021-08-16,1.8206707734428473,0.0,0.0,0.0,2021-08-02,,,
group:farc_bloc,FARC family,2021-08-09,2021-08-16,96,0.0,0.0,0.0,0.0,0.0,0.0,0.0,0.0,4.0,3.0,1.6094379124341003,0.0,,,,,,,0.0,0.0,3.4339872044851463,1.9459101490553132,2021-08-16,2021-08-23,1.839835728952772,0.0,0.0,0.0,2021-08-09,,,
group:farc_bloc,FARC family,2021-08-16,2021-08-23,97,0.0,0.0,0.0,0.0,0.0,0.0,0.0,0.0,0.0,0.0,1.6094379124341003,0.0,,,,,,,1.791759469228055,5.0,3.2188758248682006,2.5649493574615367,2021-08-23,2021-08-30,1.8590006844626967,0.0,0.0,0.0,2021-08-16,,,
group:farc_bloc,FARC family,2021-08-23,2021-08-30,98,2.0,2.0,2.0,2.0,1.0,2.0,0.0,0.0,5.0,2.0,2.302585092994046,1.0986122886681098,1.0,1.0,0.5,1.0,0.0,0.0,0.6931471805599453,1.0,2.5649493574615367,3.2188758248682006,2021-08-30,2021-09-06,1.8781656399726214,0.0,0.0,0.0,2021-08-23,1.0,1.0,0.4768928220255654
group:farc_bloc,FARC family,2021-08-30,2021-09-06,99,7.0,7.0,5.0,3.0,2.0,4.0,2.0,1.0,1.0,1.0,2.3978952727983707,2.0794415416798357,0.7142857142857143,0.42857142857142855,0.2857142857142857,0.5714285714285714,0.2857142857142857,0.14285714285714285,0.0,0.0,1.3862943611198906,3.5263605246161616,2021-09-06,2021-09-13,1.8973305954825461,0.0,0.0,0.0,2021-08-30,0.7533053853595615,0.36398838334946754,0.1966568338249754
group:farc_bloc,FARC family,2021-09-06,2021-09-13,100,6.0,6.0,5.0,3.0,1.0,3.0,2.0,1.0,0.0,0.0,1.9459101490553132,1.9459101490553132,0.8333333333333334,0.5,0.16666666666666666,0.5,0.3333333333333333,0.16666666666666666,0.0,0.0,1.6094379124341003,3.4339872044851463,2021-09-13,2021-09-20,1.9164955509924708,0.0,0.0,0.0,2021-09-06,0.9360421369450715,0.46636011616650536,0.04097017371353654
group:farc_bloc,FARC family,2021-09-13,2021-09-20,101,12.0,12.0,10.0,7.0,4.0,8.0,4.0,0.0,0.0,2.0,1.9459101490553132,2.5649493574615367,0.8333333333333334,0.5833333333333334,0.3333333333333333,0.6666666666666666,0.3333333333333333,0.0,1.791759469228055,5.0,1.6094379124341003,3.2188758248682006,2021-09-20,2021-09-27,1.9356605065023955,0.0,0.0,0.0,2021-09-13,0.9360421369450715,0.5857938044530494,0.25893149786955094
group:farc_bloc,FARC family,2021-09-20,2021-09-27,102,4.0,4.0,2.0,2.0,2.0,2.0,2.0,0.0,5.0,2.0,1.9459101490553132,1.6094379124341003,0.5,0.5,0.5,0.5,0.5,0.0,3.258096538021482,25.0,2.302585092994046,2.5649493574615367,2021-09-27,2021-10-04,1.9548254620123204,0.0,0.0,0.0,2021-09-20,0.42437923250564336,0.46636011616650536,0.4768928220255654
group:farc_bloc,FARC family,2021-09-27,2021-10-04,103,14.0,14.0,12.0,11.0,10.0,11.0,3.0,0.0,25.0,3.0,3.4339872044851463,2.70805020110221,0.8571428571428571,0.7857142857142857,0.7142857142857143,0.7857142857142857,0.21428571428571427,0.0,1.9459101490553132,6.0,2.3978952727983707,1.3862943611198906,2021-10-04,2021-10-11,1.9739904175222451,0.0,0.0,0.0,2021-09-27,0.9725894872621734,0.8758470474346565,0.7571288102261554
group:farc_bloc,FARC family,2021-10-04,2021-10-11,104,8.0,8.0,6.0,4.0,3.0,3.0,4.0,1.0,6.0,4.0,3.6109179126442243,2.1972245773362196,0.75,0.5,0.375,0.375,0.5,0.125,1.6094379124341003,4.0,1.9459101490553132,1.6094379124341003,2021-10-11,2021-10-18,1.9931553730321698,0.0,0.0,0.0,2021-10-04,0.8081264108352144,0.46636011616650536,0.3134218289085546
group:farc_bloc,FARC family,2021-10-11,2021-10-18,105,12.0,12.0,11.0,9.0,9.0,9.0,3.0,0.0,4.0,3.0,3.713572066704308,2.5649493574615367,0.9166666666666666,0.75,0.75,0.75,0.25,0.0,2.6390573296152584,13.0,1.9459101490553132,1.6094379124341003,2021-10-18,2021-10-25,2.0123203285420943,0.0,0.0,0.0,2021-10-11,1.0,0.8246611810261374,0.803834808259587
group:farc_bloc,FARC family,2021-10-18,2021-10-25,106,13.0,13.0,11.0,10.0,9.0,10.0,2.0,1.0,13.0,3.0,3.8918202981106265,2.6390573296152584,0.8461538461538461,0.7692307692307693,0.6923076923076923,0.7692307692307693,0.15384615384615385,0.07692307692307693,0.0,0.0,1.9459101490553132,2.302585092994046,2021-10-25,2021-11-01,2.0314852840520192,0.0,0.0,0.0,2021-10-18,0.955721479423511,0.8522228013999554,0.7283866575901974
group:farc_bloc,FARC family,2021-10-25,2021-11-01,107,3.0,3.0,1.0,0.0,0.0,0.0,3.0,0.0,0.0,0.0,3.1780538303479458,1.3862943611198906,0.3333333333333333,0.0,0.0,0.0,1.0,0.0,0.0,0.0,3.4339872044851463,2.3978952727983707,2021-11-01,2021-11-08,2.0506502395619437,0.0,0.0,0.0,2021-10-25,0.16854778028592923,0.0,0.0
group:farc_bloc,FARC family,2021-11-01,2021-11-08,108,7.0,7.0,6.0,6.0,6.0,5.0,2.0,0.0,0.0,1.0,2.8903717578961645,2.0794415416798357,0.8571428571428571,0.8571428571428571,0.8571428571428571,0.7142857142857143,0.2857142857142857,0.0,0.0,0.0,3.6109179126442243,1.9459101490553132,2021-11-08,2021-11-15,2.0698151950718686,0.0,0.0,0.0,2021-11-01,0.9725894872621734,0.9782187802516942,0.9439528023598819
group:farc_bloc,FARC family,2021-11-08,2021-11-15,109,4.0,4.0,4.0,3.0,3.0,3.0,1.0,0.0,0.0,0.0,2.6390573296152584,1.6094379124341003,1.0,0.75,0.75,0.75,0.25,0.0,0.0,0.0,3.713572066704308,1.9459101490553132,2021-11-15,2021-11-22,2.088980150581793,0.0,0.0,0.0,2021-11-08,1.0,0.8246611810261374,0.803834808259587
group:farc_bloc,FARC family,2021-11-15,2021-11-22,110,1.0,1.0,1.0,1.0,1.0,1.0,0.0,0.0,0.0,2.0,0.0,0.6931471805599453,1.0,1.0,1.0,1.0,0.0,0.0,0.0,0.0,3.8918202981106265,1.9459101490553132,2021-11-22,2021-11-29,2.108145106091718,0.0,0.0,0.0,2021-11-15,1.0,1.0,1.0
group:farc_bloc,FARC family,2021-11-22,2021-11-29,111,7.0,7.0,4.0,0.0,0.0,0.0,7.0,0.0,0.0,1.0,0.0,2.0794415416798357,0.5714285714285714,0.0,0.0,0.0,1.0,0.0,0.0,0.0,3.1780538303479458,3.4339872044851463,2021-11-29,2021-12-06,2.127310061601643,0.0,0.0,0.0,2021-11-22,0.5340212834569493,0.0,0.0
group:farc_bloc,FARC family,2021-11-29,2021-12-06,112,6.0,6.0,4.0,1.0,1.0,1.0,5.0,0.0,0.0,0.0,0.0,1.9459101490553132,0.6666666666666666,0.16666666666666666,0.16666666666666666,0.16666666666666666,0.8333333333333334,0.0,0.0,0.0,2.8903717578961645,3.6109179126442243,2021-12-06,2021-12-13,2.1464750171115674,0.0,0.0,0.0,2021-11-29,0.6802106847253574,0.0,0.04097017371353654
group:farc_bloc,FARC family,2021-12-06,2021-12-13,113,24.0,24.0,21.0,16.0,18.0,17.0,5.0,2.0,0.0,0.0,0.0,3.2188758248682006,0.875,0.6666666666666666,0.75,0.7083333333333334,0.20833333333333334,0.08333333333333333,0.6931471805599453,1.0,2.6390573296152584,3.713572066704308,2021-12-13,2021-12-20,2.1656399726214923,0.0,0.0,0.0,2021-12-06,1.0,0.7052274927395934,0.803834808259587
group:farc_bloc,FARC family,2021-12-13,2021-12-20,114,6.0,6.0,5.0,4.0,3.0,4.0,2.0,0.0,1.0,1.0,0.6931471805599453,1.9459101490553132,0.8333333333333334,0.6666666666666666,0.5,0.6666666666666666,0.3333333333333333,0.0,0.0,0.0,0.0,3.8918202981106265,2021-12-20,2021-12-27,2.184804928131417,0.0,0.0,0.0,2021-12-13,0.9360421369450715,0.7052274927395934,0.4768928220255654
group:farc_bloc,FARC family,2021-12-20,2021-12-27,115,10.0,10.0,8.0,8.0,1.0,8.0,2.0,0.0,0.0,0.0,0.6931471805599453,2.3978952727983707,0.8,0.8,0.1,0.8,0.2,0.0,2.4849066497880004,11.0,0.0,3.1780538303479458,2021-12-27,2022-01-03,2.2039698836413417,0.0,0.0,0.0,2021-12-20,0.8848758465011287,0.8963213939980639,0.0
group:farc_bloc,FARC family,2021-12-27,2022-01-03,116,8.0,8.0,8.0,7.0,5.0,6.0,1.0,1.0,11.0,4.0,2.5649493574615367,2.1972245773362196,1.0,0.875,0.625,0.75,0.125,0.125,3.2188758248682006,24.0,0.0,2.8903717578961645,2022-01-03,2022-01-10,2.223134839151266,0.0,0.0,0.0,2021-12-27,1.0,1.0,0.6403638151425762
group:farc_bloc,FARC family,2022-01-03,2022-01-10,117,17.0,17.0,16.0,15.0,14.0,15.0,2.0,0.0,24.0,3.0,3.6109179126442243,2.8903717578961645,0.9411764705882353,0.8823529411764706,0.8235294117647058,0.8823529411764706,0.11764705882352941,0.0,1.0986122886681098,2.0,0.0,2.6390573296152584,2022-01-10,2022-01-17,2.242299794661191,0.0,0.0,0.0,2022-01-03,1.0,1.0,0.8999942159754757
group:farc_bloc,FARC family,2022-01-10,2022-01-17,118,13.0,13.0,11.0,9.0,5.0,9.0,3.0,1.0,2.0,1.0,3.6375861597263857,2.6390573296152584,0.8461538461538461,0.6923076923076923,0.38461538461538464,0.6923076923076923,0.23076923076923078,0.07692307692307693,1.9459101490553132,6.0,0.6931471805599453,0.0,2022-01-17,2022-01-24,2.2614647501711156,0.0,0.0,0.0,2022-01-10,0.955721479423511,0.7419763199046838,0.3259965206867862
group:farc_bloc,FARC family,2022-01-17,2022-01-24,119,13.0,13.0,11.0,9.0,7.0,9.0,4.0,0.0,6.0,5.0,3.784189633918261,2.6390573296152584,0.8461538461538461,0.6923076923076923,0.5384615384615384,0.6923076923076923,0.3076923076923077,0.0,2.833213344056216,16.0,0.6931471805599453,0.0,2022-01-24,2022-01-31,2.2806297056810405,0.0,0.0,0.0,2022-01-17,0.955721479423511,0.7419763199046838,0.5271915891384917
group:farc_bloc,FARC family,2022-01-24,2022-01-31,120,24.0,24.0,23.0,19.0,18.0,20.0,3.0,1.0,16.0,9.0,3.8918202981106265,3.2188758248682006,0.9583333333333334,0.7916666666666666,0.75,0.8333333333333334,0.125,0.041666666666666664,1.3862943611198906,3.0,2.5649493574615367,0.0,2022-01-31,2022-02-07,2.299794661190965,0.0,0.0,0.0,2022-01-24,1.0,0.8843780251694096,0.803834808259587
group:farc_bloc,FARC family,2022-01-31,2022-02-07,121,12.0,12.0,10.0,5.0,4.0,5.0,7.0,0.0,3.0,2.0,3.332204510175204,2.5649493574615367,0.8333333333333334,0.4166666666666667,0.3333333333333333,0.4166666666666667,0.5833333333333334,0.0,2.3978952727983707,10.0,3.6109179126442243,0.0,2022-02-07,2022-02-14,2.31895961670089,0.0,0.0,0.0,2022-01-31,0.9360421369450715,0.3469264278799613,0.25893149786955094
group:farc_bloc,FARC family,2022-02-07,2022-02-14,122,11.0,11.0,9.0,5.0,4.0,5.0,4.0,2.0,10.0,4.0,3.58351893845611,2.4849066497880004,0.8181818181818182,0.45454545454545453,0.36363636363636365,0.45454545454545453,0.36363636363636365,0.18181818181818182,0.0,0.0,3.6375861597263857,0.6931471805599453,2022-02-14,2022-02-21,2.3381245722108144,0.0,0.0,0.0,2022-02-07,0.9127847321978249,0.40121446801020855,0.29856082953428087
group:farc_bloc,FARC family,2022-02-14,2022-02-21,123,5.0,5.0,5.0,0.0,0.0,0.0,5.0,0.0,0.0,1.0,3.4011973816621555,1.791759469228055,1.0,0.0,0.0,0.0,1.0,0.0,3.1780538303479458,23.0,3.784189633918261,0.6931471805599453,2022-02-21,2022-02-28,2.3572895277207393,0.0,0.0,0.0,2022-02-14,1.0,0.0,0.0
group:farc_bloc,FARC family,2022-02-21,2022-02-28,124,22.0,22.0,20.0,15.0,15.0,14.0,6.0,2.0,23.0,1.0,3.6109179126442243,3.1354942159291497,0.9090909090909091,0.6818181818181818,0.6818181818181818,0.6363636363636364,0.2727272727272727,0.09090909090909091,0.0,0.0,3.8918202981106265,2.5649493574615367,2022-02-28,2022-03-07,2.3764544832306638,0.0,0.0,0.0,2022-02-21,1.0,0.7269427087916923,0.7146688120139447
group:farc_bloc,FARC family,2022-02-28,2022-03-07,125,3.0,3.0,3.0,1.0,1.0,1.0,2.0,0.0,0.0,0.0,3.5263605246161616,1.3862943611198906,1.0,0.3333333333333333,0.3333333333333333,0.3333333333333333,0.6666666666666666,0.0,1.3862943611198906,3.0,3.332204510175204,3.6109179126442243,2022-03-07,2022-03-14,2.3956194387405887,0.0,0.0,0.0,2022-02-28,1.0,0.22749273959341723,0.25893149786955094
group:farc_bloc,FARC family,2022-03-07,2022-03-14,126,4.0,4.0,4.0,1.0,1.0,1.0,3.0,0.0,3.0,2.0,3.295836866004329,1.6094379124341003,1.0,0.25,0.25,0.25,0.75,0.0,2.302585092994046,9.0,3.58351893845611,3.6375861597263857,2022-03-14,2022-03-21,2.414784394250513,0.0,0.0,0.0,2022-03-07,1.0,0.1080590513068732,0.14995083579154375
group:farc_bloc,FARC family,2022-03-14,2022-03-21,127,3.0,3.0,0.0,0.0,0.0,0.0,2.0,1.0,9.0,5.0,3.58351893845611,1.3862943611198906,0.0,0.0,0.0,0.0,0.6666666666666666,0.3333333333333333,1.0986122886681098,2.0,3.4011973816621555,3.784189633918261,2022-03-21,2022-03-28,2.433949349760438,0.0,0.0,0.0,2022-03-14,0.0,0.0,0.0
group:farc_bloc,FARC family,2022-03-21,2022-03-28,128,5.0,5.0,4.0,2.0,2.0,2.0,2.0,1.0,2.0,1.0,2.70805020110221,1.791759469228055,0.8,0.4,0.4,0.4,0.4,0.2,2.5649493574615367,12.0,3.6109179126442243,3.8918202981106265,2022-03-28,2022-04-04,2.4531143052703626,0.0,0.0,0.0,2022-03-21,0.8848758465011287,0.3230396902226525,0.34611602753195675
group:farc_bloc,FARC family,2022-03-28,2022-04-04,129,19.0,19.0,18.0,17.0,16.0,16.0,3.0,0.0,12.0,2.0,3.295836866004329,2.995732273553991,0.9473684210526315,0.8947368421052632,0.8421052631578947,0.8421052631578947,0.15789473684210525,0.0,0.0,0.0,3.5263605246161616,3.332204510175204,2022-04-04,2022-04-11,2.4722792607802875,0.0,0.0,0.0,2022-03-28,1.0,1.0,0.9242871189773844
group:farc_bloc,FARC family,2022-04-04,2022-04-11,130,7.0,7.0,4.0,4.0,4.0,5.0,1.0,1.0,0.0,0.0,3.1780538303479458,2.0794415416798357,0.5714285714285714,0.5714285714285714,0.5714285714285714,0.7142857142857143,0.14285714285714285,0.14285714285714285,1.791759469228055,5.0,3.295836866004329,3.58351893845611,2022-04-11,2022-04-18,2.4914442162902124,0.0,0.0,0.0,2022-04-04,0.5340212834569493,0.568731848983543,0.5703048180924286
group:farc_bloc,FARC family,2022-04-11,2022-04-18,131,6.0,6.0,2.0,1.0,1.0,1.0,3.0,2.0,5.0,2.0,2.995732273553991,1.9459101490553132,0.3333333333333333,0.16666666666666666,0.16666666666666666,0.16666666666666666,0.5,0.3333333333333333,0.6931471805599453,1.0,3.58351893845611,3.4011973816621555,2022-04-18,2022-04-25,2.510609171800137,0.0,0.0,0.0,2022-04-11,0.16854778028592923,0.0,0.04097017371353654
group:farc_bloc,FARC family,2022-04-18,2022-04-25,132,7.0,7.0,4.0,4.0,4.0,4.0,3.0,0.0,1.0,1.0,2.9444389791664403,2.0794415416798357,0.5714285714285714,0.5714285714285714,0.5714285714285714,0.5714285714285714,0.42857142857142855,0.0,2.6390573296152584,13.0,2.70805020110221,3.6109179126442243,2022-04-25,2022-05-02,2.529774127310062,0.0,0.0,0.0,2022-04-18,0.5340212834569493,0.568731848983543,0.5703048180924286
group:farc_bloc,FARC family,2022-04-25,2022-05-02,133,5.0,5.0,5.0,2.0,1.0,2.0,3.0,0.0,13.0,3.0,2.995732273553991,1.791759469228055,1.0,0.4,0.2,0.4,0.6,0.0,0.0,0.0,3.295836866004329,3.5263605246161616,2022-05-02,2022-05-09,2.5489390828199863,0.0,0.0,0.0,2022-04-25,1.0,0.3230396902226525,0.08456243854473945
group:farc_bloc,FARC family,2022-05-02,2022-05-09,134,6.0,6.0,2.0,0.0,0.0,2.0,4.0,0.0,0.0,0.0,2.995732273553991,1.9459101490553132,0.3333333333333333,0.0,0.0,0.3333333333333333,0.6666666666666666,0.0,0.6931471805599453,1.0,3.1780538303479458,3.295836866004329,2022-05-09,2022-05-16,2.568104038329911,0.0,0.0,0.0,2022-05-02,0.16854778028592923,0.0,0.0
group:farc_bloc,FARC family,2022-05-09,2022-05-16,135,6.0,6.0,6.0,3.0,3.0,3.0,3.0,0.0,1.0,1.0,2.772588722239781,1.9459101490553132,1.0,0.5,0.5,0.5,0.5,0.0,0.0,0.0,2.995732273553991,3.58351893845611,2022-05-16,2022-05-23,2.5872689938398357,0.0,0.0,0.0,2022-05-09,1.0,0.46636011616650536,0.4768928220255654
group:farc_bloc,FARC family,2022-05-16,2022-05-23,136,1.0,1.0,1.0,1.0,0.0,1.0,0.0,0.0,0.0,0.0,2.70805020110221,0.6931471805599453,1.0,1.0,0.0,1.0,0.0,0.0,1.0986122886681098,2.0,2.9444389791664403,2.70805020110221,2022-05-23,2022-05-30,2.6064339493497606,0.0,0.0,0.0,2022-05-16,1.0,1.0,0.0
group:farc_bloc,FARC family,2022-05-23,2022-05-30,137,10.0,10.0,9.0,8.0,7.0,8.0,1.0,1.0,2.0,2.0,1.3862943611198906,2.3978952727983707,0.9,0.8,0.7,0.8,0.1,0.1,0.6931471805599453,1.0,2.995732273553991,3.295836866004329,2022-05-30,2022-06-06,2.625598904859685,0.0,0.0,0.0,2022-05-23,1.0,0.8963213939980639,0.7384464110127826
group:farc_bloc,FARC family,2022-05-30,2022-06-06,138,9.0,9.0,7.0,7.0,7.0,7.0,2.0,0.0,1.0,1.0,1.6094379124341003,2.302585092994046,0.7777777777777778,0.7777777777777778,0.7777777777777778,0.7777777777777778,0.2222222222222222,0.0,1.791759469228055,5.0,2.995732273553991,3.1780538303479458,2022-06-06,2022-06-13,2.64476386036961,0.0,0.0,0.0,2022-05-30,0.8507649862051668,0.8644724104549856,0.8401616956189227
group:farc_bloc,FARC family,2022-06-06,2022-06-13,139,3.0,3.0,2.0,1.0,1.0,2.0,1.0,0.0,5.0,3.0,2.1972245773362196,1.3862943611198906,0.6666666666666666,0.3333333333333333,0.3333333333333333,0.6666666666666666,0.3333333333333333,0.0,1.0986122886681098,2.0,2.772588722239781,2.995732273553991,2022-06-13,2022-06-20,2.6639288158795345,0.0,0.0,0.0,2022-06-06,0.6802106847253574,0.22749273959341723,0.25893149786955094
group:farc_bloc,FARC family,2022-06-13,2022-06-20,140,12.0,12.0,9.0,9.0,8.0,9.0,2.0,1.0,2.0,3.0,2.3978952727983707,2.5649493574615367,0.75,0.75,0.6666666666666666,0.75,0.16666666666666666,0.08333333333333333,0.6931471805599453,1.0,2.70805020110221,2.9444389791664403,2022-06-20,2022-06-27,2.6830937713894594,0.0,0.0,0.0,2022-06-13,0.8081264108352144,0.8246611810261374,0.6948541461815797
group:farc_bloc,FARC family,2022-06-20,2022-06-27,141,5.0,5.0,3.0,1.0,1.0,1.0,4.0,0.0,1.0,2.0,2.302585092994046,1.791759469228055,0.6,0.2,0.2,0.2,0.8,0.0,1.0986122886681098,2.0,1.3862943611198906,2.995732273553991,2022-06-27,2022-07-04,2.702258726899384,0.0,0.0,0.0,2022-06-20,0.5778781038374717,0.03639883833494679,0.08456243854473945
group:farc_bloc,FARC family,2022-06-27,2022-07-04,142,13.0,13.0,8.0,2.0,2.0,2.0,11.0,0.0,2.0,3.0,2.3978952727983707,2.6390573296152584,0.6153846153846154,0.15384615384615385,0.15384615384615385,0.15384615384615385,0.8461538461538461,0.0,2.4849066497880004,11.0,1.6094379124341003,2.995732273553991,2022-07-04,2022-07-11,2.7214236824093088,0.0,0.0,0.0,2022-06-27,0.6014933148115993,0.0,0.024203918009227762
group:farc_bloc,FARC family,2022-07-04,2022-07-11,143,11.0,11.0,9.0,6.0,4.0,5.0,6.0,0.0,11.0,2.0,2.833213344056216,2.4849066497880004,0.8181818181818182,0.5454545454545454,0.36363636363636365,0.45454545454545453,0.5454545454545454,0.0,2.0794415416798357,7.0,2.1972245773362196,2.772588722239781,2022-07-11,2022-07-18,2.7405886379192332,0.0,0.0,0.0,2022-07-04,0.9127847321978249,0.531505764322802,0.29856082953428087
group:farc_bloc,FARC family,2022-07-11,2022-07-18,144,15.0,15.0,14.0,13.0,9.0,12.0,3.0,0.0,7.0,2.0,3.091042453358316,2.772588722239781,0.9333333333333333,0.8666666666666667,0.6,0.8,0.2,0.0,0.6931471805599453,1.0,2.3978952727983707,2.70805020110221,2022-07-18,2022-07-25,2.759753593429158,0.0,0.0,0.0,2022-07-11,1.0,0.9918683446272991,0.607669616519174
group:farc_bloc,FARC family,2022-07-18,2022-07-25,145,7.0,7.0,6.0,6.0,6.0,5.0,2.0,0.0,1.0,1.0,3.091042453358316,2.0794415416798357,0.8571428571428571,0.8571428571428571,0.8571428571428571,0.7142857142857143,0.2857142857142857,0.0,0.6931471805599453,1.0,2.302585092994046,1.3862943611198906,2022-07-25,2022-08-01,2.7789185489390826,0.0,0.0,0.0,2022-07-18,0.9725894872621734,0.9782187802516942,0.9439528023598819
group:farc_bloc,FARC family,2022-07-25,2022-08-01,146,4.0,4.0,3.0,0.0,0.0,1.0,2.0,1.0,1.0,1.0,3.044522437723423,1.6094379124341003,0.75,0.0,0.0,0.25,0.5,0.25,1.6094379124341003,4.0,2.3978952727983707,1.6094379124341003,2022-08-01,2022-08-08,2.7980835044490076,0.0,0.0,0.0,2022-07-25,0.8081264108352144,0.0,0.0
group:farc_bloc,FARC family,2022-08-01,2022-08-08,147,16.0,16.0,12.0,7.0,7.0,7.0,8.0,1.0,4.0,2.0,2.6390573296152584,2.833213344056216,0.75,0.4375,0.4375,0.4375,0.5,0.0625,0.0,0.0,2.833213344056216,2.1972245773362196,2022-08-08,2022-08-15,2.817248459958932,0.0,0.0,0.0,2022-08-01,0.8081264108352144,0.37678484995159733,0.39515732546705995
group:farc_bloc,FARC family,2022-08-08,2022-08-15,148,4.0,4.0,3.0,3.0,2.0,2.0,2.0,0.0,0.0,0.0,1.9459101490553132,1.6094379124341003,0.75,0.75,0.5,0.5,0.5,0.0,0.0,0.0,3.091042453358316,2.3978952727983707,2022-08-15,2022-08-22,2.836413415468857,0.0,0.0,0.0,2022-08-08,0.8081264108352144,0.8246611810261374,0.4768928220255654
group:farc_bloc,FARC family,2022-08-15,2022-08-22,149,4.0,4.0,3.0,2.0,2.0,2.0,0.0,2.0,0.0,1.0,1.791759469228055,1.6094379124341003,0.75,0.5,0.5,0.5,0.0,0.5,1.9459101490553132,6.0,3.091042453358316,2.302585092994046,2022-08-22,2022-08-29,2.855578370978782,0.0,0.0,0.0,2022-08-15,0.8081264108352144,0.46636011616650536,0.4768928220255654
group:farc_bloc,FARC family,2022-08-22,2022-08-29,150,7.0,7.0,6.0,0.0,0.0,0.0,7.0,0.0,6.0,1.0,2.3978952727983707,2.0794415416798357,0.8571428571428571,0.0,0.0,0.0,1.0,0.0,2.1972245773362196,8.0,3.044522437723423,2.3978952727983707,2022-08-29,2022-09-05,2.8747433264887063,0.0,0.0,0.0,2022-08-22,0.9725894872621734,0.0,0.0
group:farc_bloc,FARC family,2022-08-29,2022-09-05,151,7.0,7.0,6.0,6.0,6.0,4.0,3.0,0.0,8.0,3.0,2.70805020110221,2.0794415416798357,0.8571428571428571,0.8571428571428571,0.8571428571428571,0.5714285714285714,0.42857142857142855,0.0,0.0,0.0,2.6390573296152584,2.833213344056216,2022-09-05,2022-09-12,2.8939082819986313,0.0,0.0,0.0,2022-08-29,0.9725894872621734,0.9782187802516942,0.9439528023598819
group:farc_bloc,FARC family,2022-09-05,2022-09-12,152,1.0,1.0,1.0,1.0,1.0,1.0,0.0,0.0,0.0,1.0,2.70805020110221,0.6931471805599453,1.0,1.0,1.0,1.0,0.0,0.0,1.0986122886681098,2.0,1.9459101490553132,3.091042453358316,2022-09-12,2022-09-19,2.9130732375085557,0.0,0.0,0.0,2022-09-05,1.0,1.0,1.0
group:farc_bloc,FARC family,2022-09-12,2022-09-19,153,2.0,2.0,2.0,2.0,2.0,2.0,0.0,0.0,2.0,2.0,2.833213344056216,1.0986122886681098,1.0,1.0,1.0,1.0,0.0,0.0,0.0,0.0,1.791759469228055,3.091042453358316,2022-09-19,2022-09-26,2.9322381930184807,0.0,0.0,0.0,2022-09-12,1.0,1.0,1.0
group:farc_bloc,FARC family,2022-09-19,2022-09-26,154,2.0,2.0,2.0,0.0,0.0,0.0,2.0,0.0,0.0,0.0,2.3978952727983707,1.0986122886681098,1.0,0.0,0.0,0.0,1.0,0.0,1.6094379124341003,4.0,2.3978952727983707,3.044522437723423,2022-09-26,2022-10-03,2.951403148528405,0.0,0.0,0.0,2022-09-19,1.0,0.0,0.0
group:farc_bloc,FARC family,2022-09-26,2022-10-03,155,1.0,1.0,0.0,0.0,0.0,0.0,1.0,0.0,4.0,3.0,1.9459101490553132,0.6931471805599453,0.0,0.0,0.0,0.0,1.0,0.0,2.1972245773362196,8.0,2.70805020110221,2.6390573296152584,2022-10-03,2022-10-10,2.97056810403833,0.0,0.0,0.0,2022-09-26,0.0,0.0,0.0
group:farc_bloc,FARC family,2022-10-03,2022-10-10,156,1.0,1.0,1.0,0.0,0.0,0.0,1.0,0.0,8.0,4.0,2.70805020110221,0.6931471805599453,1.0,0.0,0.0,0.0,1.0,0.0,0.6931471805599453,1.0,2.70805020110221,1.9459101490553132,2022-10-10,2022-10-17,2.9897330595482545,0.0,0.0,0.0,2022-10-03,1.0,0.0,0.0
group:farc_bloc,FARC family,2022-10-10,2022-10-17,157,2.0,2.0,1.0,1.0,1.0,1.0,1.0,0.0,1.0,1.0,2.6390573296152584,1.0986122886681098,0.5,0.5,0.5,0.5,0.5,0.0,2.0794415416798357,7.0,2.833213344056216,1.791759469228055,2022-10-17,2022-10-24,3.0088980150581794,0.0,0.0,0.0,2022-10-10,0.42437923250564336,0.46636011616650536,0.4768928220255654
group:farc_bloc,FARC family,2022-10-17,2022-10-24,158,1.0,1.0,1.0,1.0,1.0,1.0,0.0,0.0,7.0,2.0,3.044522437723423,0.6931471805599453,1.0,1.0,1.0,1.0,0.0,0.0,0.0,0.0,2.3978952727983707,2.3978952727983707,2022-10-24,2022-10-31,3.028062970568104,0.0,0.0,0.0,2022-10-17,1.0,1.0,1.0
group:farc_bloc,FARC family,2022-10-24,2022-10-31,159,3.0,3.0,3.0,2.0,1.0,2.0,0.0,1.0,0.0,0.0,2.833213344056216,1.3862943611198906,1.0,0.6666666666666666,0.3333333333333333,0.6666666666666666,0.0,0.3333333333333333,0.0,0.0,1.9459101490553132,2.70805020110221,2022-10-31,2022-11-07,3.047227926078029,0.0,0.0,0.0,2022-10-24,1.0,0.7052274927395934,0.25893149786955094
group:farc_bloc,FARC family,2022-10-31,2022-11-07,160,2.0,2.0,1.0,1.0,1.0,1.0,1.0,0.0,0.0,0.0,2.1972245773362196,1.0986122886681098,0.5,0.5,0.5,0.5,0.5,0.0,0.0,0.0,2.70805020110221,2.70805020110221,2022-11-07,2022-11-14,3.0663928815879533,0.0,0.0,0.0,2022-10-31,0.42437923250564336,0.46636011616650536,0.4768928220255654
group:farc_bloc,FARC family,2022-11-07,2022-11-14,161,1.0,1.0,1.0,0.0,0.0,0.0,1.0,0.0,0.0,0.0,2.0794415416798357,0.6931471805599453,1.0,0.0,0.0,0.0,1.0,0.0,1.3862943611198906,3.0,2.6390573296152584,2.833213344056216,2022-11-14,2022-11-21,3.0855578370978782,0.0,0.0,0.0,2022-11-07,1.0,0.0,0.0
group:farc_bloc,FARC family,2022-11-14,2022-11-21,162,2.0,2.0,1.0,1.0,1.0,1.0,0.0,1.0,3.0,1.0,1.3862943611198906,1.0986122886681098,0.5,0.5,0.5,0.5,0.0,0.5,0.0,0.0,3.044522437723423,2.3978952727983707,2022-11-21,2022-11-28,3.1047227926078027,0.0,0.0,0.0,2022-11-14,0.42437923250564336,0.46636011616650536,0.4768928220255654
group:farc_bloc,FARC family,2022-11-21,2022-11-28,163,11.0,11.0,11.0,9.0,8.0,9.0,2.0,0.0,0.0,0.0,1.3862943611198906,2.4849066497880004,1.0,0.8181818181818182,0.7272727272727273,0.8181818181818182,0.18181818181818182,0.0,1.6094379124341003,4.0,2.833213344056216,1.9459101490553132,2022-11-28,2022-12-05,3.1238877481177276,0.0,0.0,0.0,2022-11-21,1.0,0.9223796532605828,0.7741128095110396
group:farc_bloc,FARC family,2022-11-28,2022-12-05,164,10.0,10.0,7.0,6.0,5.0,6.0,4.0,0.0,4.0,1.0,2.0794415416798357,2.3978952727983707,0.7,0.6,0.5,0.6,0.4,0.0,1.9459101490553132,6.0,2.1972245773362196,2.70805020110221,2022-12-05,2022-12-12,3.143052703627652,0.0,0.0,0.0,2022-11-28,0.7313769751693001,0.6096805421103582,0.4768928220255654
group:farc_bloc,FARC family,2022-12-05,2022-12-12,165,20.0,20.0,15.0,14.0,14.0,14.0,2.0,4.0,6.0,1.0,2.6390573296152584,3.044522437723423,0.75,0.7,0.7,0.7,0.1,0.2,2.302585092994046,9.0,2.0794415416798357,2.6390573296152584,2022-12-12,2022-12-19,3.162217659137577,0.0,0.0,0.0,2022-12-05,0.8081264108352144,0.7530009680542109,0.7384464110127826
group:farc_bloc,FARC family,2022-12-12,2022-12-19,166,2.0,2.0,1.0,0.0,0.0,1.0,1.0,0.0,9.0,3.0,2.995732273553991,1.0986122886681098,0.5,0.0,0.0,0.5,0.5,0.0,0.0,0.0,1.3862943611198906,3.044522437723423,2022-12-19,2022-12-26,3.1813826146475015,0.0,0.0,0.0,2022-12-12,0.42437923250564336,0.0,0.0
group:farc_bloc,FARC family,2022-12-19,2022-12-26,167,6.0,6.0,5.0,4.0,3.0,4.0,1.0,1.0,0.0,0.0,2.995732273553991,1.9459101490553132,0.8333333333333334,0.6666666666666666,0.5,0.6666666666666666,0.16666666666666666,0.16666666666666666,1.0986122886681098,2.0,1.3862943611198906,2.833213344056216,2022-12-26,2023-01-02,3.2005475701574264,0.0,0.0,0.0,2022-12-19,0.9360421369450715,0.7052274927395934,0.4768928220255654
group:farc_bloc,FARC family,2022-12-26,2023-01-02,168,6.0,6.0,6.0,5.0,2.0,4.0,1.0,1.0,2.0,2.0,2.8903717578961645,1.9459101490553132,1.0,0.8333333333333334,0.3333333333333333,0.6666666666666666,0.16666666666666666,0.16666666666666666,0.6931471805599453,1.0,2.0794415416798357,2.1972245773362196,2023-01-02,2023-01-09,3.2197125256673513,0.0,0.0,0.0,2022-12-26,1.0,0.9440948693126817,0.25893149786955094
group:farc_bloc,FARC family,2023-01-02,2023-01-09,169,4.0,4.0,3.0,1.0,1.0,1.0,3.0,0.0,1.0,1.0,2.5649493574615367,1.6094379124341003,0.75,0.25,0.25,0.25,0.75,0.0,2.5649493574615367,12.0,2.6390573296152584,2.0794415416798357,2023-01-09,2023-01-16,3.238877481177276,0.0,0.0,0.0,2023-01-02,0.8081264108352144,0.1080590513068732,0.14995083579154375
group:farc_bloc,FARC family,2023-01-09,2023-01-16,170,2.0,2.0,2.0,1.0,1.0,1.0,1.0,0.0,12.0,4.0,2.772588722239781,1.0986122886681098,1.0,0.5,0.5,0.5,0.5,0.0,1.9459101490553132,6.0,2.995732273553991,1.3862943611198906,2023-01-16,2023-01-23,3.2580424366872007,0.0,0.0,0.0,2023-01-09,1.0,0.46636011616650536,0.4768928220255654
group:farc_bloc,FARC family,2023-01-16,2023-01-23,171,2.0,2.0,2.0,2.0,2.0,1.0,1.0,0.0,6.0,5.0,3.091042453358316,1.0986122886681098,1.0,1.0,1.0,0.5,0.5,0.0,0.0,0.0,2.995732273553991,1.3862943611198906,2023-01-23,2023-01-30,3.277207392197125,0.0,0.0,0.0,2023-01-16,1.0,1.0,1.0
group:farc_bloc,FARC family,2023-01-23,2023-01-30,172,3.0,3.0,2.0,2.0,2.0,1.0,2.0,0.0,0.0,0.0,2.995732273553991,1.3862943611198906,0.6666666666666666,0.6666666666666666,0.6666666666666666,0.3333333333333333,0.6666666666666666,0.0,1.6094379124341003,4.0,2.8903717578961645,2.0794415416798357,2023-01-30,2023-02-06,3.29637234770705,0.0,0.0,0.0,2023-01-23,0.6802106847253574,0.7052274927395934,0.6948541461815797
group:farc_bloc,FARC family,2023-01-30,2023-02-06,173,1.0,1.0,1.0,1.0,0.0,1.0,0.0,0.0,4.0,5.0,3.1354942159291497,0.6931471805599453,1.0,1.0,0.0,1.0,0.0,0.0,1.0986122886681098,2.0,2.5649493574615367,2.6390573296152584,2023-02-06,2023-02-13,3.3155373032169746,0.0,0.0,0.0,2023-01-30,1.0,1.0,0.0
group:farc_bloc,FARC family,2023-02-06,2023-02-13,174,5.0,5.0,2.0,2.0,1.0,1.0,3.0,1.0,2.0,2.0,2.5649493574615367,1.791759469228055,0.4,0.4,0.2,0.2,0.6,0.2,0.6931471805599453,1.0,2.772588722239781,2.995732273553991,2023-02-13,2023-02-20,3.3347022587268995,0.0,0.0,0.0,2023-02-06,0.2708803611738149,0.3230396902226525,0.08456243854473945
group:farc_bloc,FARC family,2023-02-13,2023-02-20,175,1.0,1.0,1.0,1.0,1.0,1.0,0.0,0.0,1.0,2.0,2.0794415416798357,0.6931471805599453,1.0,1.0,1.0,1.0,0.0,0.0,0.6931471805599453,1.0,3.091042453358316,2.995732273553991,2023-02-20,2023-02-27,3.353867214236824,0.0,0.0,0.0,2023-02-13,1.0,1.0,1.0
group:farc_bloc,FARC family,2023-02-20,2023-02-27,176,5.0,5.0,5.0,2.0,2.0,2.0,1.0,2.0,1.0,1.0,2.1972245773362196,1.791759469228055,1.0,0.4,0.4,0.4,0.2,0.4,0.0,0.0,2.995732273553991,2.8903717578961645,2023-02-27,2023-03-06,3.373032169746749,0.0,0.0,0.0,2023-02-20,1.0,0.3230396902226525,0.34611602753195675
group:farc_bloc,FARC family,2023-02-27,2023-03-06,177,10.0,10.0,5.0,2.0,2.0,3.0,5.0,2.0,0.0,2.0,1.6094379124341003,2.3978952727983707,0.5,0.2,0.2,0.3,0.5,0.2,0.0,0.0,3.1354942159291497,2.5649493574615367,2023-03-06,2023-03-13,3.3921971252566734,0.0,0.0,0.0,2023-02-27,0.42437923250564336,0.03639883833494679,0.08456243854473945
group:farc_bloc,FARC family,2023-03-06,2023-03-13,178,1.0,1.0,1.0,1.0,1.0,1.0,0.0,0.0,0.0,0.0,1.0986122886681098,0.6931471805599453,1.0,1.0,1.0,1.0,0.0,0.0,1.3862943611198906,3.0,2.5649493574615367,2.772588722239781,2023-03-13,2023-03-20,3.4113620807665983,0.0,0.0,0.0,2023-03-06,1.0,1.0,1.0
group:farc_bloc,FARC family,2023-03-13,2023-03-20,179,6.0,6.0,3.0,0.0,0.0,0.0,4.0,2.0,3.0,3.0,1.6094379124341003,1.9459101490553132,0.5,0.0,0.0,0.0,0.6666666666666666,0.3333333333333333,1.3862943611198906,3.0,2.0794415416798357,3.091042453358316,2023-03-20,2023-03-27,3.430527036276523,0.0,0.0,0.0,2023-03-13,0.42437923250564336,0.0,0.0
group:farc_bloc,FARC family,2023-03-20,2023-03-27,180,3.0,3.0,1.0,0.0,0.0,0.0,1.0,2.0,3.0,6.0,1.9459101490553132,1.3862943611198906,0.3333333333333333,0.0,0.0,0.0,0.3333333333333333,0.6666666666666666,0.6931471805599453,1.0,2.1972245773362196,2.995732273553991,2023-03-27,2023-04-03,3.4496919917864477,0.0,0.0,0.0,2023-03-20,0.16854778028592923,0.0,0.0
group:farc_bloc,FARC family,2023-03-27,2023-04-03,181,6.0,6.0,5.0,4.0,4.0,4.0,2.0,0.0,1.0,3.0,2.0794415416798357,1.9459101490553132,0.8333333333333334,0.6666666666666666,0.6666666666666666,0.6666666666666666,0.3333333333333333,0.0,1.3862943611198906,3.0,1.6094379124341003,3.1354942159291497,2023-04-03,2023-04-10,3.468856947296372,0.0,0.0,0.0,2023-03-27,0.9360421369450715,0.7052274927395934,0.6948541461815797
group:farc_bloc,FARC family,2023-04-03,2023-04-10,182,3.0,3.0,2.0,0.0,0.0,0.0,1.0,2.0,3.0,3.0,2.3978952727983707,1.3862943611198906,0.6666666666666666,0.0,0.0,0.0,0.3333333333333333,0.6666666666666666,1.3862943611198906,3.0,1.0986122886681098,2.5649493574615367,2023-04-10,2023-04-17,3.488021902806297,0.0,0.0,0.0,2023-04-03,0.6802106847253574,0.0,0.0
group:farc_bloc,FARC family,2023-04-10,2023-04-17,183,5.0,5.0,5.0,3.0,2.0,2.0,3.0,0.0,3.0,2.0,2.3978952727983707,1.791759469228055,1.0,0.6,0.4,0.4,0.6,0.0,0.6931471805599453,1.0,1.6094379124341003,2.0794415416798357,2023-04-17,2023-04-24,3.5071868583162216,0.0,0.0,0.0,2023-04-10,1.0,0.6096805421103582,0.34611602753195675
group:farc_bloc,FARC family,2023-04-17,2023-04-24,184,5.0,5.0,4.0,2.0,2.0,1.0,4.0,0.0,1.0,1.0,2.1972245773362196,1.791759469228055,0.8,0.4,0.4,0.2,0.8,0.0,0.6931471805599453,1.0,1.9459101490553132,2.1972245773362196,2023-04-24,2023-05-01,3.5263518138261465,0.0,0.0,0.0,2023-04-17,0.8848758465011287,0.3230396902226525,0.34611602753195675
group:farc_bloc,FARC family,2023-04-24,2023-05-01,185,7.0,7.0,3.0,2.0,0.0,3.0,4.0,0.0,1.0,1.0,2.1972245773362196,2.0794415416798357,0.42857142857142855,0.2857142857142857,0.0,0.42857142857142855,0.5714285714285714,0.0,2.0794415416798357,7.0,2.0794415416798357,1.6094379124341003,2023-05-01,2023-05-08,3.5455167693360714,0.0,0.0,0.0,2023-04-24,0.3147371815543373,0.15924491771539206,0.0
group:farc_bloc,FARC family,2023-05-01,2023-05-08,186,5.0,5.0,4.0,4.0,4.0,3.0,1.0,1.0,7.0,5.0,2.5649493574615367,1.791759469228055,0.8,0.8,0.8,0.6,0.2,0.2,0.6931471805599453,1.0,2.3978952727983707,1.0986122886681098,2023-05-08,2023-05-15,3.564681724845996,0.0,0.0,0.0,2023-05-01,0.8848758465011287,0.8963213939980639,0.8692232055063914
group:farc_bloc,FARC family,2023-05-08,2023-05-15,187,1.0,1.0,1.0,1.0,1.0,1.0,0.0,0.0,1.0,2.0,2.3978952727983707,0.6931471805599453,1.0,1.0,1.0,1.0,0.0,0.0,2.302585092994046,9.0,2.3978952727983707,1.6094379124341003,2023-05-15,2023-05-22,3.583846680355921,0.0,0.0,0.0,2023-05-08,1.0,1.0,1.0
group:farc_bloc,FARC family,2023-05-15,2023-05-22,188,9.0,9.0,9.0,6.0,6.0,7.0,2.0,0.0,9.0,7.0,2.9444389791664403,2.302585092994046,1.0,0.6666666666666666,0.6666666666666666,0.7777777777777778,0.2222222222222222,0.0,1.791759469228055,5.0,2.1972245773362196,1.9459101490553132,2023-05-22,2023-05-29,3.6030116358658453,0.0,0.0,0.0,2023-05-15,1.0,0.7052274927395934,0.6948541461815797
group:farc_bloc,FARC family,2023-05-22,2023-05-29,189,38.0,38.0,33.0,19.0,18.0,13.0,23.0,2.0,5.0,7.0,3.1354942159291497,3.6635616461296463,0.868421052631579,0.5,0.47368421052631576,0.34210526315789475,0.6052631578947368,0.05263157894736842,2.1972245773362196,8.0,2.1972245773362196,2.0794415416798357,2023-05-29,2023-06-05,3.62217659137577,0.0,0.0,0.0,2023-05-22,0.9899013900439587,0.46636011616650536,0.44247787610619466
group:farc_bloc,FARC family,2023-05-29,2023-06-05,190,5.0,5.0,3.0,1.0,0.0,1.0,3.0,1.0,8.0,7.0,3.1780538303479458,1.791759469228055,0.6,0.2,0.0,0.2,0.6,0.2,1.791759469228055,5.0,2.5649493574615367,2.3978952727983707,2023-06-05,2023-06-12,3.6413415468856947,0.0,0.0,0.0,2023-05-29,0.5778781038374717,0.03639883833494679,0.0
group:farc_bloc,FARC family,2023-06-05,2023-06-12,191,12.0,12.0,11.0,1.0,1.0,1.0,10.0,1.0,5.0,7.0,3.332204510175204,2.5649493574615367,0.9166666666666666,0.08333333333333333,0.08333333333333333,0.08333333333333333,0.8333333333333334,0.08333333333333333,1.6094379124341003,4.0,2.3978952727983707,2.3978952727983707,2023-06-12,2023-06-19,3.6605065023956196,0.0,0.0,0.0,2023-06-05,1.0,0.0,0.0
group:farc_bloc,FARC family,2023-06-12,2023-06-19,192,0.0,0.0,0.0,0.0,0.0,0.0,0.0,0.0,4.0,5.0,3.1354942159291497,0.0,,,,,,,1.6094379124341003,4.0,2.9444389791664403,2.1972245773362196,2023-06-19,2023-06-26,3.679671457905544,0.0,0.0,0.0,2023-06-12,,,
group:farc_bloc,FARC family,2023-06-19,2023-06-26,193,4.0,4.0,0.0,0.0,0.0,1.0,3.0,0.0,4.0,4.0,3.091042453358316,1.6094379124341003,0.0,0.0,0.0,0.25,0.75,0.0,0.0,0.0,3.1354942159291497,2.1972245773362196,2023-06-26,2023-07-03,3.698836413415469,0.0,0.0,0.0,2023-06-19,0.0,0.0,0.0
group:farc_bloc,FARC family,2023-06-26,2023-07-03,194,1.0,1.0,1.0,1.0,0.0,0.0,0.0,1.0,0.0,0.0,2.6390573296152584,0.6931471805599453,1.0,1.0,0.0,0.0,0.0,1.0,1.3862943611198906,3.0,3.1780538303479458,2.5649493574615367,2023-07-03,2023-07-10,3.7180013689253935,0.0,0.0,0.0,2023-06-26,1.0,1.0,0.0
group:farc_bloc,FARC family,2023-07-03,2023-07-10,195,12.0,12.0,9.0,5.0,3.0,4.0,7.0,1.0,3.0,3.0,2.4849066497880004,2.5649493574615367,0.75,0.4166666666666667,0.25,0.3333333333333333,0.5833333333333334,0.08333333333333333,1.0986122886681098,2.0,3.332204510175204,2.3978952727983707,2023-07-10,2023-07-17,3.7371663244353184,0.0,0.0,0.0,2023-07-03,0.8081264108352144,0.3469264278799613,0.14995083579154375
group:farc_bloc,FARC family,2023-07-10,2023-07-17,196,4.0,4.0,3.0,0.0,0.0,0.0,4.0,0.0,2.0,3.0,2.302585092994046,1.6094379124341003,0.75,0.0,0.0,0.0,1.0,0.0,0.6931471805599453,1.0,3.1354942159291497,2.9444389791664403,2023-07-17,2023-07-24,3.756331279945243,0.0,0.0,0.0,2023-07-10,0.8081264108352144,0.0,0.0
group:farc_bloc,FARC family,2023-07-17,2023-07-24,197,20.0,20.0,15.0,14.0,14.0,14.0,4.0,2.0,1.0,1.0,1.9459101490553132,3.044522437723423,0.75,0.7,0.7,0.7,0.2,0.1,1.3862943611198906,3.0,3.091042453358316,3.1354942159291497,2023-07-24,2023-07-31,3.7754962354551678,0.0,0.0,0.0,2023-07-17,0.8081264108352144,0.7530009680542109,0.7384464110127826
group:farc_bloc,FARC family,2023-07-24,2023-07-31,198,19.0,19.0,17.0,15.0,13.0,16.0,3.0,0.0,3.0,2.0,2.302585092994046,2.995732273553991,0.8947368421052632,0.7894736842105263,0.6842105263157895,0.8421052631578947,0.15789473684210525,0.0,2.6390573296152584,13.0,2.6390573296152584,3.1780538303479458,2023-07-31,2023-08-07,3.7946611909650922,0.0,0.0,0.0,2023-07-24,1.0,0.8812350333723952,0.7177974434611603
group:farc_bloc,FARC family,2023-07-31,2023-08-07,199,23.0,23.0,20.0,9.0,7.0,9.0,14.0,0.0,13.0,2.0,2.995732273553991,3.1780538303479458,0.8695652173913043,0.391304347826087,0.30434782608695654,0.391304347826087,0.6086956521739131,0.0,2.1972245773362196,8.0,2.4849066497880004,3.332204510175204,2023-08-07,2023-08-14,3.813826146475017,0.0,0.0,0.0,2023-07-31,0.9916576700363137,0.31057704448840445,0.22102518062502674
group:farc_bloc,FARC family,2023-08-07,2023-08-14,200,18.0,18.0,14.0,12.0,10.0,12.0,2.0,4.0,8.0,5.0,3.258096538021482,2.9444389791664403,0.7777777777777778,0.6666666666666666,0.5555555555555556,0.6666666666666666,0.1111111111111111,0.2222222222222222,1.0986122886681098,2.0,2.302585092994046,3.1354942159291497,2023-08-14,2023-08-21,3.8329911019849416,0.0,0.0,0.0,2023-08-07,0.8507649862051668,0.7052274927395934,0.5495465967442369
group:farc_bloc,FARC family,2023-08-14,2023-08-21,201,17.0,17.0,14.0,14.0,14.0,12.0,4.0,1.0,2.0,4.0,3.295836866004329,2.8903717578961645,0.8235294117647058,0.8235294117647058,0.8235294117647058,0.7058823529411765,0.23529411764705882,0.058823529411764705,0.6931471805599453,1.0,1.9459101490553132,3.091042453358316,2023-08-21,2023-08-28,3.8521560574948666,0.0,0.0,0.0,2023-08-14,0.9209932279909706,0.9300438471613233,0.8999942159754757
group:farc_bloc,FARC family,2023-08-21,2023-08-28,202,4.0,4.0,4.0,4.0,2.0,2.0,2.0,0.0,1.0,2.0,3.2188758248682006,1.6094379124341003,1.0,1.0,0.5,0.5,0.5,0.0,2.70805020110221,14.0,2.302585092994046,2.6390573296152584,2023-08-28,2023-09-04,3.871321013004791,0.0,0.0,0.0,2023-08-21,1.0,1.0,0.4768928220255654
group:farc_bloc,FARC family,2023-08-28,2023-09-04,203,14.0,14.0,12.0,8.0,4.0,6.0,5.0,3.0,14.0,2.0,3.258096538021482,2.70805020110221,0.8571428571428571,0.5714285714285714,0.2857142857142857,0.42857142857142855,0.35714285714285715,0.21428571428571427,2.3978952727983707,10.0,2.995732273553991,2.4849066497880004,2023-09-04,2023-09-11,3.890485968514716,0.0,0.0,0.0,2023-08-28,0.9725894872621734,0.568731848983543,0.1966568338249754
group:farc_bloc,FARC family,2023-09-04,2023-09-11,204,18.0,18.0,17.0,15.0,6.0,15.0,3.0,0.0,10.0,3.0,3.332204510175204,2.9444389791664403,0.9444444444444444,0.8333333333333334,0.3333333333333333,0.8333333333333334,0.16666666666666666,0.0,2.5649493574615367,12.0,3.258096538021482,2.302585092994046,2023-09-11,2023-09-18,3.909650924024641,0.0,0.0,0.0,2023-09-04,1.0,0.9440948693126817,0.25893149786955094
group:farc_bloc,FARC family,2023-09-11,2023-09-18,205,14.0,14.0,14.0,13.0,9.0,12.0,2.0,0.0,12.0,6.0,3.6375861597263857,2.70805020110221,1.0,0.9285714285714286,0.6428571428571429,0.8571428571428571,0.14285714285714285,0.0,2.4849066497880004,11.0,3.295836866004329,1.9459101490553132,2023-09-18,2023-09-25,3.9288158795345653,0.0,0.0,0.0,2023-09-11,1.0,1.0,0.6637168141592921
group:farc_bloc,FARC family,2023-09-18,2023-09-25,206,12.0,12.0,11.0,8.0,5.0,8.0,4.0,0.0,11.0,6.0,3.871201010907891,2.5649493574615367,0.9166666666666666,0.6666666666666666,0.4166666666666667,0.6666666666666666,0.3333333333333333,0.0,1.6094379124341003,4.0,3.2188758248682006,2.302585092994046,2023-09-25,2023-10-02,3.9479808350444903,0.0,0.0,0.0,2023-09-18,1.0,0.7052274927395934,0.3679121599475582
group:farc_bloc,FARC family,2023-09-25,2023-10-02,207,8.0,8.0,7.0,6.0,5.0,5.0,2.0,1.0,4.0,5.0,3.6375861597263857,2.1972245773362196,0.875,0.75,0.625,0.625,0.25,0.125,1.3862943611198906,3.0,3.258096538021482,2.995732273553991,2023-10-02,2023-10-09,3.9671457905544147,0.0,0.0,0.0,2023-09-25,1.0,0.8246611810261374,0.6403638151425762
group:farc_bloc,FARC family,2023-10-02,2023-10-09,208,11.0,11.0,8.0,8.0,4.0,8.0,1.0,2.0,3.0,3.0,3.4339872044851463,2.4849066497880004,0.7272727272727273,0.7272727272727273,0.36363636363636365,0.7272727272727273,0.09090909090909091,0.18181818181818182,2.0794415416798357,7.0,3.332204510175204,3.258096538021482,2023-10-09,2023-10-16,3.9863107460643397,0.0,0.0,0.0,2023-10-02,0.7732403037143444,0.7920883569479891,0.29856082953428087
group:farc_bloc,FARC family,2023-10-09,2023-10-16,209,8.0,8.0,6.0,5.0,4.0,5.0,3.0,0.0,7.0,4.0,3.258096538021482,2.1972245773362196,0.75,0.625,0.5,0.625,0.375,0.0,1.791759469228055,5.0,3.6375861597263857,3.295836866004329,2023-10-16,2023-10-23,4.005475701574264,0.0,0.0,0.0,2023-10-09,0.8081264108352144,0.6455106485963215,0.4768928220255654
group:farc_bloc,FARC family,2023-10-16,2023-10-23,210,9.0,9.0,8.0,2.0,2.0,2.0,7.0,0.0,5.0,2.0,2.995732273553991,2.302585092994046,0.8888888888888888,0.2222222222222222,0.2222222222222222,0.2222222222222222,0.7777777777777778,0.0,0.6931471805599453,1.0,3.871201010907891,3.2188758248682006,2023-10-23,2023-10-30,4.024640657084189,0.0,0.0,0.0,2023-10-16,1.0,0.06824782187802517,0.11362394843220801
group:farc_bloc,FARC family,2023-10-23,2023-10-30,211,8.0,8.0,6.0,5.0,5.0,3.0,4.0,1.0,1.0,1.0,2.833213344056216,2.1972245773362196,0.75,0.625,0.625,0.375,0.5,0.125,1.3862943611198906,3.0,3.6375861597263857,3.258096538021482,2023-10-30,2023-11-06,4.043805612594114,0.0,0.0,0.0,2023-10-23,0.8081264108352144,0.6455106485963215,0.6403638151425762
group:farc_bloc,FARC family,2023-10-30,2023-11-06,212,2.0,2.0,2.0,1.0,1.0,1.0,1.0,0.0,3.0,1.0,2.833213344056216,1.0986122886681098,1.0,0.5,0.5,0.5,0.5,0.0,1.3862943611198906,3.0,3.4339872044851463,3.332204510175204,2023-11-06,2023-11-13,4.0629705681040384,0.0,0.0,0.0,2023-10-30,1.0,0.46636011616650536,0.4768928220255654
group:farc_bloc,FARC family,2023-11-06,2023-11-13,213,0.0,0.0,0.0,0.0,0.0,0.0,0.0,0.0,3.0,3.0,2.5649493574615367,0.0,,,,,,,1.791759469228055,5.0,3.258096538021482,3.6375861597263857,2023-11-13,2023-11-20,4.082135523613963,0.0,0.0,0.0,2023-11-06,,,
group:farc_bloc,FARC family,2023-11-13,2023-11-20,214,0.0,0.0,0.0,0.0,0.0,0.0,0.0,0.0,5.0,3.0,2.5649493574615367,0.0,,,,,,,1.0986122886681098,2.0,2.995732273553991,3.871201010907891,2023-11-20,2023-11-27,4.101300479123887,0.0,0.0,0.0,2023-11-13,,,
group:farc_bloc,FARC family,2023-11-20,2023-11-27,215,0.0,0.0,0.0,0.0,0.0,0.0,0.0,0.0,2.0,4.0,2.6390573296152584,0.0,,,,,,,2.302585092994046,9.0,2.833213344056216,3.6375861597263857,2023-11-27,2023-12-04,4.120465434633813,0.0,0.0,0.0,2023-11-20,,,
group:farc_bloc,FARC family,2023-11-27,2023-12-04,216,3.0,3.0,2.0,1.0,1.0,1.0,2.0,0.0,9.0,6.0,2.995732273553991,1.3862943611198906,0.6666666666666666,0.3333333333333333,0.3333333333333333,0.3333333333333333,0.6666666666666666,0.0,1.0986122886681098,2.0,2.833213344056216,3.4339872044851463,2023-12-04,2023-12-11,4.139630390143737,0.0,0.0,0.0,2023-11-27,0.6802106847253574,0.22749273959341723,0.25893149786955094
group:farc_bloc,FARC family,2023-12-04,2023-12-11,217,0.0,0.0,0.0,0.0,0.0,0.0,0.0,0.0,2.0,1.0,2.9444389791664403,0.0,,,,,,,0.0,0.0,2.5649493574615367,3.258096538021482,2023-12-11,2023-12-18,4.158795345653662,0.0,0.0,0.0,2023-12-04,,,
group:farc_bloc,FARC family,2023-12-11,2023-12-18,218,5.0,5.0,4.0,2.0,1.0,2.0,3.0,0.0,0.0,1.0,2.6390573296152584,1.791759469228055,0.8,0.4,0.2,0.4,0.6,0.0,1.0986122886681098,2.0,2.5649493574615367,2.995732273553991,2023-12-18,2023-12-25,4.177960301163586,0.0,0.0,0.0,2023-12-11,0.8848758465011287,0.3230396902226525,0.08456243854473945
group:farc_bloc,FARC family,2023-12-18,2023-12-25,219,12.0,12.0,12.0,8.0,8.0,5.0,7.0,0.0,2.0,3.0,2.6390573296152584,2.5649493574615367,1.0,0.6666666666666666,0.6666666666666666,0.4166666666666667,0.5833333333333334,0.0,1.3862943611198906,3.0,2.6390573296152584,2.833213344056216,2023-12-25,2024-01-01,4.1971252566735116,0.0,0.0,0.0,2023-12-18,1.0,0.7052274927395934,0.6948541461815797
group:farc_bloc,FARC family,2023-12-25,2024-01-01,220,17.0,17.0,13.0,8.0,7.0,9.0,6.0,2.0,3.0,2.0,2.0794415416798357,2.8903717578961645,0.7647058823529411,0.47058823529411764,0.4117647058823529,0.5294117647058824,0.35294117647058826,0.11764705882352941,0.0,0.0,2.995732273553991,2.833213344056216,2024-01-01,2024-01-08,4.216290212183436,0.0,0.0,0.0,2023-12-25,0.8306997742663657,0.42420704971243095,0.3615015327664989
group:farc_bloc,FARC family,2024-01-01,2024-01-08,221,5.0,5.0,4.0,3.0,1.0,3.0,2.0,0.0,0.0,0.0,1.791759469228055,1.791759469228055,0.8,0.6,0.2,0.6,0.4,0.0,1.0986122886681098,2.0,2.9444389791664403,2.5649493574615367,2024-01-08,2024-01-15,4.2354551676933605,0.0,0.0,0.0,2024-01-01,0.8848758465011287,0.6096805421103582,0.08456243854473945
group:farc_bloc,FARC family,2024-01-08,2024-01-15,222,2.0,2.0,2.0,0.0,0.0,1.0,1.0,0.0,2.0,3.0,2.0794415416798357,1.0986122886681098,1.0,0.0,0.0,0.5,0.5,0.0,1.0986122886681098,2.0,2.6390573296152584,2.5649493574615367,2024-01-15,2024-01-22,4.254620123203286,0.0,0.0,0.0,2024-01-08,1.0,0.0,0.0
group:farc_bloc,FARC family,2024-01-15,2024-01-22,223,22.0,22.0,15.0,9.0,8.0,9.0,9.0,4.0,2.0,3.0,2.0794415416798357,3.1354942159291497,0.6818181818181818,0.4090909090909091,0.36363636363636365,0.4090909090909091,0.4090909090909091,0.18181818181818182,1.3862943611198906,3.0,2.6390573296152584,2.6390573296152584,2024-01-22,2024-01-29,4.27378507871321,0.0,0.0,0.0,2024-01-15,0.7034680894726041,0.33606881985391185,0.29856082953428087
group:farc_bloc,FARC family,2024-01-22,2024-01-29,224,5.0,5.0,1.0,0.0,0.0,0.0,5.0,0.0,3.0,2.0,2.0794415416798357,1.791759469228055,0.2,0.0,0.0,0.0,1.0,0.0,1.791759469228055,5.0,2.0794415416798357,2.995732273553991,2024-01-29,2024-02-05,4.292950034223135,0.0,0.0,0.0,2024-01-22,0.0,0.0,0.0
group:farc_bloc,FARC family,2024-01-29,2024-02-05,225,5.0,5.0,4.0,3.0,3.0,4.0,1.0,0.0,5.0,4.0,2.5649493574615367,1.791759469228055,0.8,0.6,0.6,0.8,0.2,0.0,0.6931471805599453,1.0,1.791759469228055,2.9444389791664403,2024-02-05,2024-02-12,4.312114989733059,0.0,0.0,0.0,2024-01-29,0.8848758465011287,0.6096805421103582,0.607669616519174
group:farc_bloc,FARC family,2024-02-05,2024-02-12,226,2.0,2.0,1.0,1.0,1.0,1.0,1.0,0.0,1.0,1.0,2.4849066497880004,1.0986122886681098,0.5,0.5,0.5,0.5,0.5,0.0,2.0794415416798357,7.0,2.0794415416798357,2.6390573296152584,2024-02-12,2024-02-19,4.331279945242985,0.0,0.0,0.0,2024-02-05,0.42437923250564336,0.46636011616650536,0.4768928220255654
group:farc_bloc,FARC family,2024-02-12,2024-02-19,227,13.0,13.0,10.0,10.0,6.0,10.0,2.0,1.0,7.0,3.0,2.833213344056216,2.6390573296152584,0.7692307692307693,0.7692307692307693,0.46153846153846156,0.7692307692307693,0.15384615384615385,0.07692307692307693,1.6094379124341003,4.0,2.0794415416798357,2.6390573296152584,2024-02-19,2024-02-26,4.350444900752909,0.0,0.0,0.0,2024-02-12,0.8376454245528738,0.8522228013999554,0.426594054912639
group:farc_bloc,FARC family,2024-02-19,2024-02-26,228,1.0,1.0,1.0,1.0,0.0,1.0,0.0,0.0,4.0,3.0,2.8903717578961645,0.6931471805599453,1.0,1.0,0.0,1.0,0.0,0.0,2.0794415416798357,7.0,2.0794415416798357,2.0794415416798357,2024-02-26,2024-03-04,4.369609856262834,0.0,0.0,0.0,2024-02-19,1.0,1.0,0.0
group:farc_bloc,FARC family,2024-02-26,2024-03-04,229,8.0,8.0,7.0,5.0,3.0,3.0,2.0,3.0,7.0,4.0,2.995732273553991,2.1972245773362196,0.875,0.625,0.375,0.375,0.25,0.375,2.0794415416798357,7.0,2.5649493574615367,1.791759469228055,2024-03-04,2024-03-11,4.388774811772758,0.0,0.0,0.0,2024-02-26,1.0,0.6455106485963215,0.3134218289085546
group:farc_bloc,FARC family,2024-03-04,2024-03-11,230,10.0,10.0,7.0,6.0,2.0,5.0,4.0,1.0,7.0,7.0,3.258096538021482,2.3978952727983707,0.7,0.6,0.2,0.5,0.4,0.1,1.9459101490553132,6.0,2.4849066497880004,2.0794415416798357,2024-03-11,2024-03-18,4.407939767282683,0.0,0.0,0.0,2024-03-04,0.7313769751693001,0.6096805421103582,0.08456243854473945
group:farc_bloc,FARC family,2024-03-11,2024-03-18,231,11.0,11.0,9.0,7.0,3.0,7.0,3.0,1.0,6.0,6.0,3.2188758248682006,2.4849066497880004,0.8181818181818182,0.6363636363636364,0.2727272727272727,0.6363636363636364,0.2727272727272727,0.09090909090909091,1.3862943611198906,3.0,2.833213344056216,2.0794415416798357,2024-03-18,2024-03-25,4.427104722792608,0.0,0.0,0.0,2024-03-11,0.9127847321978249,0.6617970606353956,0.17967283454009114
group:farc_bloc,FARC family,2024-03-18,2024-03-25,232,18.0,18.0,16.0,13.0,11.0,12.0,5.0,1.0,3.0,3.0,3.1780538303479458,2.9444389791664403,0.8888888888888888,0.7222222222222222,0.6111111111111112,0.6666666666666666,0.2777777777777778,0.05555555555555555,2.3978952727983707,10.0,2.8903717578961645,2.0794415416798357,2024-03-25,2024-04-01,4.446269678302532,0.0,0.0,0.0,2024-03-18,1.0,0.7848499515972895,0.6222003714629084
group:farc_bloc,FARC family,2024-03-25,2024-04-01,233,13.0,13.0,12.0,11.0,11.0,11.0,1.0,1.0,10.0,4.0,3.295836866004329,2.6390573296152584,0.9230769230769231,0.8461538461538461,0.8461538461538461,0.8461538461538461,0.07692307692307693,0.07692307692307693,2.833213344056216,16.0,2.995732273553991,2.5649493574615367,2024-04-01,2024-04-08,4.465434633812457,0.0,0.0,0.0,2024-03-25,1.0,0.9624692828952268,0.929581726041903
group:farc_bloc,FARC family,2024-04-01,2024-04-08,234,19.0,19.0,16.0,13.0,7.0,12.0,7.0,0.0,16.0,5.0,3.58351893845611,2.995732273553991,0.8421052631578947,0.6842105263157895,0.3684210526315789,0.631578947368421,0.3684210526315789,0.0,1.0986122886681098,2.0,3.258096538021482,2.4849066497880004,2024-04-08,2024-04-15,4.484599589322382,0.0,0.0,0.0,2024-04-01,0.9495069502197933,0.7303714271157081,0.3048180924287119
group:farc_bloc,FARC family,2024-04-08,2024-04-15,235,11.0,11.0,11.0,8.0,5.0,6.0,4.0,1.0,2.0,2.0,3.4657359027997265,2.4849066497880004,1.0,0.7272727272727273,0.45454545454545453,0.5454545454545454,0.36363636363636365,0.09090909090909091,1.6094379124341003,4.0,3.2188758248682006,2.833213344056216,2024-04-15,2024-04-22,4.503764544832307,0.0,0.0,0.0,2024-04-08,1.0,0.7920883569479891,0.41744882452847054
group:farc_bloc,FARC family,2024-04-15,2024-04-22,236,9.0,9.0,8.0,6.0,4.0,6.0,2.0,1.0,4.0,5.0,3.4965075614664802,2.302585092994046,0.8888888888888888,0.6666666666666666,0.4444444444444444,0.6666666666666666,0.2222222222222222,0.1111111111111111,2.772588722239781,15.0,3.1780538303479458,2.8903717578961645,2024-04-22,2024-04-29,4.522929500342231,0.0,0.0,0.0,2024-04-15,1.0,0.7052274927395934,0.40423904730689386
group:farc_bloc,FARC family,2024-04-22,2024-04-29,237,13.0,13.0,10.0,9.0,9.0,8.0,3.0,2.0,15.0,1.0,3.6375861597263857,2.6390573296152584,0.7692307692307693,0.6923076923076923,0.6923076923076923,0.6153846153846154,0.23076923076923078,0.15384615384615385,2.302585092994046,9.0,3.295836866004329,2.995732273553991,2024-04-29,2024-05-06,4.542094455852156,0.0,0.0,0.0,2024-04-22,0.8376454245528738,0.7419763199046838,0.7283866575901974
group:farc_bloc,FARC family,2024-04-29,2024-05-06,238,13.0,13.0,12.0,10.0,9.0,10.0,0.0,3.0,9.0,2.0,3.4339872044851463,2.6390573296152584,0.9230769230769231,0.7692307692307693,0.6923076923076923,0.7692307692307693,0.0,0.23076923076923078,1.6094379124341003,4.0,3.58351893845611,3.258096538021482,2024-05-06,2024-05-13,4.561259411362081,0.0,0.0,0.0,2024-04-29,1.0,0.8522228013999554,0.7283866575901974
group:farc_bloc,FARC family,2024-05-06,2024-05-13,239,13.0,13.0,13.0,12.0,9.0,12.0,1.0,0.0,4.0,3.0,3.4965075614664802,2.6390573296152584,1.0,0.9230769230769231,0.6923076923076923,0.9230769230769231,0.07692307692307693,0.0,1.791759469228055,5.0,3.4657359027997265,3.2188758248682006,2024-05-13,2024-05-20,4.5804243668720055,0.0,0.0,0.0,2024-05-06,1.0,1.0,0.7283866575901974
group:farc_bloc,FARC family,2024-05-13,2024-05-20,240,6.0,6.0,6.0,4.0,3.0,4.0,1.0,1.0,5.0,4.0,3.5263605246161616,1.9459101490553132,1.0,0.6666666666666666,0.5,0.6666666666666666,0.16666666666666666,0.16666666666666666,1.791759469228055,5.0,3.4965075614664802,3.1780538303479458,2024-05-20,2024-05-27,4.59958932238193,0.0,0.0,0.0,2024-05-13,1.0,0.7052274927395934,0.4768928220255654
group:farc_bloc,FARC family,2024-05-20,2024-05-27,241,42.0,42.0,41.0,33.0,27.0,34.0,6.0,2.0,5.0,2.0,3.1780538303479458,3.7612001156935624,0.9761904761904762,0.7857142857142857,0.6428571428571429,0.8095238095238095,0.14285714285714285,0.047619047619047616,2.0794415416798357,7.0,3.6375861597263857,3.295836866004329,2024-05-27,2024-06-03,4.618754277891855,0.0,0.0,0.0,2024-05-20,1.0,0.8758470474346565,0.6637168141592921
group:farc_bloc,FARC family,2024-05-27,2024-06-03,242,10.0,10.0,8.0,6.0,4.0,7.0,2.0,1.0,7.0,3.0,3.091042453358316,2.3978952727983707,0.8,0.6,0.4,0.7,0.2,0.1,2.0794415416798357,7.0,3.4339872044851463,3.58351893845611,2024-06-03,2024-06-10,4.63791923340178,0.0,0.0,0.0,2024-05-27,0.8848758465011287,0.6096805421103582,0.34611602753195675
group:farc_bloc,FARC family,2024-06-03,2024-06-10,243,10.0,10.0,7.0,6.0,3.0,7.0,2.0,1.0,7.0,7.0,3.2188758248682006,2.3978952727983707,0.7,0.6,0.3,0.7,0.2,0.1,1.791759469228055,5.0,3.4965075614664802,3.4657359027997265,2024-06-10,2024-06-17,4.657084188911704,0.0,0.0,0.0,2024-06-03,0.7313769751693001,0.6096805421103582,0.21533923303834807
group:farc_bloc,FARC family,2024-06-10,2024-06-17,244,19.0,19.0,17.0,13.0,6.0,13.0,4.0,2.0,5.0,5.0,3.2188758248682006,2.995732273553991,0.8947368421052632,0.6842105263157895,0.3157894736842105,0.6842105263157895,0.21052631578947367,0.10526315789473684,1.9459101490553132,6.0,3.5263605246161616,3.4965075614664802,2024-06-17,2024-06-24,4.676249144421629,0.0,0.0,0.0,2024-06-10,1.0,0.7303714271157081,0.23598820058997047
group:farc_bloc,FARC family,2024-06-17,2024-06-24,245,15.0,15.0,14.0,10.0,2.0,10.0,4.0,1.0,6.0,4.0,3.258096538021482,2.772588722239781,0.9333333333333333,0.6666666666666666,0.13333333333333333,0.6666666666666666,0.26666666666666666,0.06666666666666667,1.3862943611198906,3.0,3.1780538303479458,3.6375861597263857,2024-06-24,2024-07-01,4.695414099931554,0.0,0.0,0.0,2024-06-17,1.0,0.7052274927395934,0.0
group:farc_bloc,FARC family,2024-06-24,2024-07-01,246,6.0,6.0,6.0,4.0,2.0,4.0,2.0,0.0,3.0,3.0,3.091042453358316,1.9459101490553132,1.0,0.6666666666666666,0.3333333333333333,0.6666666666666666,0.3333333333333333,0.0,0.6931471805599453,1.0,3.091042453358316,3.4339872044851463,2024-07-01,2024-07-08,4.714579055441479,0.0,0.0,0.0,2024-06-24,1.0,0.7052274927395934,0.25893149786955094
group:farc_bloc,FARC family,2024-07-01,2024-07-08,247,5.0,5.0,2.0,1.0,1.0,1.0,3.0,1.0,1.0,1.0,2.772588722239781,1.791759469228055,0.4,0.2,0.2,0.2,0.6,0.2,2.0794415416798357,7.0,3.2188758248682006,3.4965075614664802,2024-07-08,2024-07-15,4.733744010951403,0.0,0.0,0.0,2024-07-01,0.2708803611738149,0.03639883833494679,0.08456243854473945
group:farc_bloc,FARC family,2024-07-08,2024-07-15,248,14.0,14.0,14.0,11.0,0.0,11.0,3.0,0.0,7.0,3.0,2.8903717578961645,2.70805020110221,1.0,0.7857142857142857,0.0,0.7857142857142857,0.21428571428571427,0.0,0.6931471805599453,1.0,3.2188758248682006,3.5263605246161616,2024-07-15,2024-07-22,4.7529089664613275,0.0,0.0,0.0,2024-07-08,1.0,0.8758470474346565,0.0
group:farc_bloc,FARC family,2024-07-15,2024-07-22,249,13.0,13.0,12.0,9.0,2.0,8.0,4.0,1.0,1.0,2.0,2.5649493574615367,2.6390573296152584,0.9230769230769231,0.6923076923076923,0.15384615384615385,0.6153846153846154,0.3076923076923077,0.07692307692307693,1.6094379124341003,4.0,3.258096538021482,3.1780538303479458,2024-07-22,2024-07-29,4.772073921971253,0.0,0.0,0.0,2024-07-15,1.0,0.7419763199046838,0.024203918009227762
group:farc_bloc,FARC family,2024-07-22,2024-07-29,250,8.0,8.0,8.0,7.0,5.0,7.0,0.0,1.0,4.0,3.0,2.6390573296152584,2.1972245773362196,1.0,0.875,0.625,0.875,0.0,0.125,1.6094379124341003,4.0,3.091042453358316,3.091042453358316,2024-07-29,2024-08-05,4.791238877481177,0.0,0.0,0.0,2024-07-22,1.0,1.0,0.6403638151425762
group:farc_bloc,FARC family,2024-07-29,2024-08-05,251,8.0,8.0,6.0,4.0,1.0,4.0,3.0,1.0,4.0,4.0,2.833213344056216,2.1972245773362196,0.75,0.5,0.125,0.5,0.375,0.125,1.791759469228055,5.0,2.772588722239781,3.2188758248682006,2024-08-05,2024-08-12,4.810403832991102,0.0,0.0,0.0,2024-07-29,0.8081264108352144,0.46636011616650536,0.0
group:farc_bloc,FARC family,2024-08-05,2024-08-12,252,10.0,10.0,10.0,6.0,3.0,7.0,3.0,0.0,5.0,4.0,2.70805020110221,2.3978952727983707,1.0,0.6,0.3,0.7,0.3,0.0,1.791759469228055,5.0,2.8903717578961645,3.2188758248682006,2024-08-12,2024-08-19,4.829568788501026,0.0,0.0,0.0,2024-08-05,1.0,0.6096805421103582,0.21533923303834807
group:farc_bloc,FARC family,2024-08-12,2024-08-19,253,5.0,5.0,5.0,3.0,0.0,4.0,1.0,0.0,5.0,2.0,2.9444389791664403,1.791759469228055,1.0,0.6,0.0,0.8,0.2,0.0,2.1972245773362196,8.0,2.5649493574615367,3.258096538021482,2024-08-19,2024-08-26,4.848733744010952,0.0,0.0,0.0,2024-08-12,1.0,0.6096805421103582,0.0
group:farc_bloc,FARC family,2024-08-19,2024-08-26,254,5.0,5.0,5.0,3.0,1.0,4.0,0.0,1.0,8.0,4.0,3.1354942159291497,1.791759469228055,1.0,0.6,0.2,0.8,0.0,0.2,1.9459101490553132,6.0,2.6390573296152584,3.091042453358316,2024-08-26,2024-09-02,4.867898699520876,0.0,0.0,0.0,2024-08-19,1.0,0.6096805421103582,0.08456243854473945
group:farc_bloc,FARC family,2024-08-26,2024-09-02,255,3.0,3.0,3.0,3.0,3.0,3.0,0.0,0.0,6.0,6.0,3.2188758248682006,1.3862943611198906,1.0,1.0,1.0,1.0,0.0,0.0,2.8903717578961645,17.0,2.833213344056216,2.772588722239781,2024-09-02,2024-09-09,4.887063655030801,0.0,0.0,0.0,2024-08-26,1.0,1.0,1.0
group:farc_bloc,FARC family,2024-09-02,2024-09-09,256,1.0,1.0,0.0,0.0,0.0,1.0,0.0,0.0,17.0,3.0,3.6109179126442243,0.6931471805599453,0.0,0.0,0.0,1.0,0.0,0.0,0.6931471805599453,1.0,2.70805020110221,2.8903717578961645,2024-09-09,2024-09-16,4.906228610540725,0.0,0.0,0.0,2024-09-02,0.0,0.0,0.0
group:farc_bloc,FARC family,2024-09-09,2024-09-16,257,4.0,4.0,4.0,3.0,3.0,3.0,1.0,0.0,1.0,1.0,3.4965075614664802,1.6094379124341003,1.0,0.75,0.75,0.75,0.25,0.0,0.0,0.0,2.9444389791664403,2.5649493574615367,2024-09-16,2024-09-23,4.9253935660506505,0.0,0.0,0.0,2024-09-09,1.0,0.8246611810261374,0.803834808259587
group:farc_bloc,FARC family,2024-09-16,2024-09-23,258,2.0,2.0,1.0,1.0,1.0,0.0,2.0,0.0,0.0,0.0,3.2188758248682006,1.0986122886681098,0.5,0.5,0.5,0.0,1.0,0.0,1.0986122886681098,2.0,3.1354942159291497,2.6390573296152584,2024-09-23,2024-09-30,4.944558521560575,0.0,0.0,0.0,2024-09-16,0.42437923250564336,0.46636011616650536,0.4768928220255654
group:farc_bloc,FARC family,2024-09-23,2024-09-30,259,10.0,10.0,10.0,6.0,3.0,6.0,4.0,0.0,2.0,2.0,3.044522437723423,2.3978952727983707,1.0,0.6,0.3,0.6,0.4,0.0,1.3862943611198906,3.0,3.2188758248682006,2.833213344056216,2024-09-30,2024-10-07,4.963723477070499,0.0,0.0,0.0,2024-09-23,1.0,0.6096805421103582,0.21533923303834807
group:farc_bloc,FARC family,2024-09-30,2024-10-07,260,7.0,7.0,7.0,5.0,4.0,5.0,1.0,1.0,3.0,3.0,1.9459101490553132,2.0794415416798357,1.0,0.7142857142857143,0.5714285714285714,0.7142857142857143,0.14285714285714285,0.14285714285714285,2.302585092994046,9.0,3.6109179126442243,2.70805020110221,2024-10-07,2024-10-14,4.982888432580425,0.0,0.0,0.0,2024-09-30,1.0,0.7734753146176188,0.5703048180924286
group:farc_bloc,FARC family,2024-10-07,2024-10-14,261,19.0,19.0,18.0,17.0,7.0,16.0,2.0,1.0,9.0,3.0,2.70805020110221,2.995732273553991,0.9473684210526315,0.8947368421052632,0.3684210526315789,0.8421052631578947,0.10526315789473684,0.05263157894736842,2.0794415416798357,7.0,3.4965075614664802,2.9444389791664403,2024-10-14,2024-10-21,5.002053388090349,0.0,0.0,0.0,2024-10-07,1.0,1.0,0.3048180924287119
group:farc_bloc,FARC family,2024-10-14,2024-10-21,262,10.0,10.0,10.0,9.0,1.0,8.0,1.0,1.0,7.0,4.0,3.091042453358316,2.3978952727983707,1.0,0.9,0.1,0.8,0.1,0.1,2.302585092994046,9.0,3.2188758248682006,3.1354942159291497,2024-10-21,2024-10-28,5.021218343600274,0.0,0.0,0.0,2024-10-14,1.0,1.0,0.0
group:farc_bloc,FARC family,2024-10-21,2024-10-28,263,6.0,6.0,5.0,4.0,3.0,3.0,2.0,1.0,9.0,3.0,3.367295829986474,1.9459101490553132,0.8333333333333334,0.6666666666666666,0.5,0.5,0.3333333333333333,0.16666666666666666,2.0794415416798357,7.0,3.044522437723423,3.2188758248682006,2024-10-28,2024-11-04,5.040383299110198,0.0,0.0,0.0,2024-10-21,0.9360421369450715,0.7052274927395934,0.4768928220255654
group:farc_bloc,FARC family,2024-10-28,2024-11-04,264,3.0,3.0,2.0,2.0,1.0,2.0,1.0,0.0,7.0,5.0,3.4965075614664802,1.3862943611198906,0.6666666666666666,0.6666666666666666,0.3333333333333333,0.6666666666666666,0.3333333333333333,0.0,2.9444389791664403,18.0,1.9459101490553132,3.6109179126442243,2024-11-04,2024-11-11,5.059548254620124,0.0,0.0,0.0,2024-10-28,0.6802106847253574,0.7052274927395934,0.25893149786955094
group:farc_bloc,FARC family,2024-11-04,2024-11-11,265,1.0,1.0,1.0,1.0,1.0,1.0,0.0,0.0,18.0,11.0,3.7376696182833684,0.6931471805599453,1.0,1.0,1.0,1.0,0.0,0.0,2.0794415416798357,7.0,2.70805020110221,3.4965075614664802,2024-11-11,2024-11-18,5.078713210130048,0.0,0.0,0.0,2024-11-04,1.0,1.0,1.0
group:farc_bloc,FARC family,2024-11-11,2024-11-18,266,4.0,4.0,2.0,1.0,1.0,1.0,3.0,0.0,7.0,5.0,3.7376696182833684,1.6094379124341003,0.5,0.25,0.25,0.25,0.75,0.0,1.9459101490553132,6.0,3.091042453358316,3.2188758248682006,2024-11-18,2024-11-25,5.0978781656399725,0.0,0.0,0.0,2024-11-11,0.42437923250564336,0.1080590513068732,0.14995083579154375
group:farc_bloc,FARC family,2024-11-18,2024-11-25,267,2.0,2.0,1.0,0.0,0.0,0.0,1.0,1.0,6.0,2.0,3.6635616461296463,1.0986122886681098,0.5,0.0,0.0,0.0,0.5,0.5,1.9459101490553132,6.0,3.367295829986474,3.044522437723423,2024-11-25,2024-12-02,5.117043121149897,0.0,0.0,0.0,2024-11-18,0.42437923250564336,0.0,0.0
group:farc_bloc,FARC family,2024-11-25,2024-12-02,268,4.0,4.0,4.0,3.0,3.0,2.0,2.0,0.0,6.0,3.0,3.6375861597263857,1.6094379124341003,1.0,0.75,0.75,0.5,0.5,0.0,2.1972245773362196,8.0,3.4965075614664802,1.9459101490553132,2024-12-02,2024-12-09,5.136208076659822,0.0,0.0,0.0,2024-11-25,1.0,0.8246611810261374,0.803834808259587
group:farc_bloc,FARC family,2024-12-02,2024-12-09,269,5.0,5.0,4.0,4.0,3.0,4.0,1.0,0.0,8.0,2.0,3.332204510175204,1.791759469228055,0.8,0.8,0.6,0.8,0.2,0.0,2.0794415416798357,7.0,3.7376696182833684,2.70805020110221,2024-12-09,2024-12-16,5.155373032169747,0.0,0.0,0.0,2024-12-02,0.8848758465011287,0.8963213939980639,0.607669616519174
group:farc_bloc,FARC family,2024-12-09,2024-12-16,270,2.0,2.0,1.0,1.0,1.0,1.0,1.0,0.0,7.0,4.0,3.332204510175204,1.0986122886681098,0.5,0.5,0.5,0.5,0.5,0.0,1.0986122886681098,2.0,3.7376696182833684,3.091042453358316,2024-12-16,2024-12-23,5.174537987679671,0.0,0.0,0.0,2024-12-09,0.42437923250564336,0.46636011616650536,0.4768928220255654
group:farc_bloc,FARC family,2024-12-16,2024-12-23,271,9.0,9.0,5.0,3.0,3.0,3.0,5.0,1.0,2.0,1.0,3.1780538303479458,2.302585092994046,0.5555555555555556,0.3333333333333333,0.3333333333333333,0.3333333333333333,0.5555555555555556,0.1111111111111111,2.0794415416798357,7.0,3.6635616461296463,3.367295829986474,2024-12-23,2024-12-30,5.193702943189596,0.0,0.0,0.0,2024-12-16,0.5096563832455481,0.22749273959341723,0.25893149786955094
group:farc_bloc,FARC family,2024-12-23,2024-12-30,272,4.0,4.0,4.0,4.0,3.0,4.0,0.0,0.0,7.0,5.0,3.2188758248682006,1.6094379124341003,1.0,1.0,0.75,1.0,0.0,0.0,2.4849066497880004,11.0,3.6375861597263857,3.4965075614664802,2024-12-30,2025-01-06,5.212867898699521,0.0,0.0,0.0,2024-12-23,1.0,1.0,0.803834808259587
group:farc_bloc,FARC family,2024-12-30,2025-01-06,273,2.0,2.0,2.0,1.0,1.0,1.0,1.0,0.0,11.0,7.0,3.332204510175204,1.0986122886681098,1.0,0.5,0.5,0.5,0.5,0.0,0.0,0.0,3.332204510175204,3.7376696182833684,2025-01-06,2025-01-13,5.232032854209446,0.0,0.0,0.0,2024-12-30,1.0,0.46636011616650536,0.4768928220255654
group:farc_bloc,FARC family,2025-01-06,2025-01-13,274,4.0,4.0,3.0,3.0,1.0,3.0,1.0,0.0,0.0,1.0,3.044522437723423,1.6094379124341003,0.75,0.75,0.25,0.75,0.25,0.0,2.3978952727983707,10.0,3.332204510175204,3.7376696182833684,2025-01-13,2025-01-20,5.25119780971937,0.0,0.0,0.0,2025-01-06,0.8081264108352144,0.8246611810261374,0.14995083579154375
group:farc_bloc,FARC family,2025-01-13,2025-01-20,275,40.0,40.0,40.0,33.0,30.0,32.0,7.0,1.0,10.0,3.0,3.367295829986474,3.713572066704308,1.0,0.825,0.75,0.8,0.175,0.025,3.2188758248682006,24.0,3.1780538303479458,3.6635616461296463,2025-01-20,2025-01-27,5.270362765229295,0.0,0.0,0.0,2025-01-13,1.0,0.932151500484027,0.803834808259587
group:farc_bloc,FARC family,2025-01-20,2025-01-27,276,60.0,60.0,56.0,36.0,33.0,37.0,20.0,3.0,24.0,5.0,3.828641396489095,4.110873864173311,0.9333333333333333,0.6,0.55,0.6166666666666667,0.3333333333333333,0.05,3.091042453358316,21.0,3.2188758248682006,3.6375861597263857,2025-01-27,2025-02-03,5.28952772073922,0.0,0.0,0.0,2025-01-20,1.0,0.6096805421103582,0.5422812192723697
group:farc_bloc,FARC family,2025-01-27,2025-02-03,277,19.0,19.0,18.0,9.0,6.0,10.0,8.0,1.0,21.0,10.0,4.02535169073515,2.995732273553991,0.9473684210526315,0.47368421052631576,0.3157894736842105,0.5263157894736842,0.42105263157894735,0.05263157894736842,0.0,0.0,3.332204510175204,3.332204510175204,2025-02-03,2025-02-10,5.308692676249144,0.0,0.0,0.0,2025-01-27,1.0,0.4286442146023335,0.23598820058997047
group:farc_bloc,FARC family,2025-02-03,2025-02-10,278,20.0,20.0,18.0,15.0,11.0,14.0,5.0,1.0,0.0,0.0,4.02535169073515,3.044522437723423,0.9,0.75,0.55,0.7,0.25,0.05,1.3862943611198906,3.0,3.044522437723423,3.332204510175204,2025-02-10,2025-02-17,5.327857631759069,0.0,0.0,0.0,2025-02-03,1.0,0.8246611810261374,0.5422812192723697
group:farc_bloc,FARC family,2025-02-10,2025-02-17,279,14.0,14.0,10.0,10.0,9.0,9.0,3.0,2.0,3.0,2.0,3.8918202981106265,2.70805020110221,0.7142857142857143,0.7142857142857143,0.6428571428571429,0.6428571428571429,0.21428571428571427,0.14285714285714285,1.9459101490553132,6.0,3.367295829986474,3.1780538303479458,2025-02-17,2025-02-24,5.347022587268994,0.0,0.0,0.0,2025-02-10,0.7533053853595615,0.7734753146176188,0.6637168141592921
group:farc_bloc,FARC family,2025-02-17,2025-02-24,280,18.0,18.0,17.0,15.0,8.0,15.0,1.0,2.0,6.0,4.0,3.4339872044851463,2.9444389791664403,0.9444444444444444,0.8333333333333334,0.4444444444444444,0.8333333333333334,0.05555555555555555,0.1111111111111111,1.0986122886681098,2.0,3.828641396489095,3.2188758248682006,2025-02-24,2025-03-03,5.366187542778919,0.0,0.0,0.0,2025-02-17,1.0,0.9440948693126817,0.40423904730689386
group:farc_bloc,FARC family,2025-02-24,2025-03-03,281,9.0,9.0,7.0,5.0,3.0,5.0,3.0,1.0,2.0,2.0,2.4849066497880004,2.302585092994046,0.7777777777777778,0.5555555555555556,0.3333333333333333,0.5555555555555556,0.3333333333333333,0.1111111111111111,2.0794415416798357,7.0,4.02535169073515,3.332204510175204,2025-03-03,2025-03-10,5.385352498288843,0.0,0.0,0.0,2025-02-24,0.8507649862051668,0.5459825750242014,0.25893149786955094
group:farc_bloc,FARC family,2025-03-03,2025-03-10,282,9.0,9.0,7.0,5.0,3.0,6.0,1.0,2.0,7.0,2.0,2.9444389791664403,2.302585092994046,0.7777777777777778,0.5555555555555556,0.3333333333333333,0.6666666666666666,0.1111111111111111,0.2222222222222222,2.833213344056216,16.0,4.02535169073515,3.044522437723423,2025-03-10,2025-03-17,5.404517453798768,0.0,0.0,0.0,2025-03-03,0.8507649862051668,0.5459825750242014,0.25893149786955094
group:farc_bloc,FARC family,2025-03-10,2025-03-17,283,20.0,20.0,19.0,19.0,16.0,18.0,2.0,0.0,16.0,12.0,3.4657359027997265,3.044522437723423,0.95,0.95,0.8,0.9,0.1,0.0,1.791759469228055,5.0,3.8918202981106265,3.367295829986474,2025-03-17,2025-03-24,5.423682409308693,0.0,0.0,0.0,2025-03-10,1.0,1.0,0.8692232055063914
group:farc_bloc,FARC family,2025-03-17,2025-03-24,284,8.0,8.0,7.0,6.0,4.0,6.0,1.0,1.0,5.0,4.0,3.4339872044851463,2.1972245773362196,0.875,0.75,0.5,0.75,0.125,0.125,1.791759469228055,5.0,3.4339872044851463,3.828641396489095,2025-03-24,2025-03-31,5.4428473648186175,0.0,0.0,0.0,2025-03-17,1.0,0.8246611810261374,0.4768928220255654
group:farc_bloc,FARC family,2025-03-24,2025-03-31,285,15.0,15.0,12.0,10.0,8.0,11.0,1.0,3.0,5.0,4.0,3.5263605246161616,2.772588722239781,0.8,0.6666666666666666,0.5333333333333333,0.7333333333333333,0.06666666666666667,0.2,2.6390573296152584,13.0,2.4849066497880004,4.02535169073515,2025-03-31,2025-04-07,5.462012320328542,0.0,0.0,0.0,2025-03-24,0.8848758465011287,0.7052274927395934,0.5204850868567682
group:farc_bloc,FARC family,2025-03-31,2025-04-07,286,9.0,9.0,5.0,3.0,1.0,3.0,2.0,4.0,13.0,2.0,3.6888794541139363,2.302585092994046,0.5555555555555556,0.3333333333333333,0.1111111111111111,0.3333333333333333,0.2222222222222222,0.4444444444444444,2.8903717578961645,17.0,2.9444389791664403,4.02535169073515,2025-04-07,2025-04-14,5.4811772758384665,0.0,0.0,0.0,2025-03-31,0.5096563832455481,0.22749273959341723,0.0
group:farc_bloc,FARC family,2025-04-07,2025-04-14,287,10.0,10.0,9.0,7.0,4.0,7.0,3.0,0.0,17.0,6.0,3.713572066704308,2.3978952727983707,0.9,0.7,0.4,0.7,0.3,0.0,2.302585092994046,9.0,3.4657359027997265,3.8918202981106265,2025-04-14,2025-04-21,5.500342231348392,0.0,0.0,0.0,2025-04-07,1.0,0.7530009680542109,0.34611602753195675
group:farc_bloc,FARC family,2025-04-14,2025-04-21,288,23.0,23.0,21.0,14.0,11.0,15.0,6.0,2.0,9.0,7.0,3.8066624897703196,3.1780538303479458,0.9130434782608695,0.6086956521739131,0.4782608695652174,0.6521739130434783,0.2608695652173913,0.08695652173913043,1.791759469228055,5.0,3.4339872044851463,3.4339872044851463,2025-04-21,2025-04-28,5.519507186858316,0.0,0.0,0.0,2025-04-14,1.0,0.6221431878446063,0.4484630840921722
group:farc_bloc,FARC family,2025-04-21,2025-04-28,289,9.0,9.0,9.0,8.0,7.0,8.0,1.0,0.0,5.0,3.0,3.8066624897703196,2.302585092994046,1.0,0.8888888888888888,0.7777777777777778,0.8888888888888888,0.1111111111111111,0.0,2.0794415416798357,7.0,3.5263605246161616,2.4849066497880004,2025-04-28,2025-05-05,5.538672142368241,0.0,0.0,0.0,2025-04-21,1.0,1.0,0.8401616956189227
group:farc_bloc,FARC family,2025-04-28,2025-05-05,290,17.0,17.0,16.0,15.0,12.0,14.0,2.0,1.0,7.0,5.0,3.6635616461296463,2.8903717578961645,0.9411764705882353,0.8823529411764706,0.7058823529411765,0.8235294117647058,0.11764705882352941,0.058823529411764705,2.302585092994046,9.0,3.6888794541139363,2.9444389791664403,2025-05-05,2025-05-12,5.557837097878165,0.0,0.0,0.0,2025-04-28,1.0,1.0,0.7461391636300538
group:farc_bloc,FARC family,2025-05-05,2025-05-12,291,22.0,22.0,17.0,15.0,14.0,14.0,7.0,1.0,9.0,2.0,3.4339872044851463,3.1354942159291497,0.7727272727272727,0.6818181818181818,0.6363636363636364,0.6363636363636364,0.3181818181818182,0.045454545454545456,2.302585092994046,9.0,3.713572066704308,3.4657359027997265,2025-05-12,2025-05-19,5.577002053388091,0.0,0.0,0.0,2025-05-05,0.8430125179560846,0.7269427087916923,0.6552248145168499
group:farc_bloc,FARC family,2025-05-12,2025-05-19,292,17.0,17.0,15.0,14.0,12.0,15.0,2.0,0.0,9.0,3.0,3.4339872044851463,2.8903717578961645,0.8823529411764706,0.8235294117647058,0.7058823529411765,0.8823529411764706,0.11764705882352941,0.0,1.9459101490553132,6.0,3.8066624897703196,3.4339872044851463,2025-05-19,2025-05-26,5.596167008898015,0.0,0.0,0.0,2025-05-12,1.0,0.9300438471613233,0.7461391636300538
group:farc_bloc,FARC family,2025-05-19,2025-05-26,293,9.0,9.0,9.0,9.0,6.0,5.0,1.0,3.0,6.0,4.0,3.4657359027997265,2.302585092994046,1.0,1.0,0.6666666666666666,0.5555555555555556,0.1111111111111111,0.3333333333333333,1.0986122886681098,2.0,3.8066624897703196,3.5263605246161616,2025-05-26,2025-06-02,5.61533196440794,0.0,0.0,0.0,2025-05-19,1.0,1.0,0.6948541461815797
group:farc_bloc,FARC family,2025-05-26,2025-06-02,294,3.0,3.0,3.0,2.0,1.0,3.0,0.0,0.0,2.0,3.0,3.295836866004329,1.3862943611198906,1.0,0.6666666666666666,0.3333333333333333,1.0,0.0,0.0,1.6094379124341003,4.0,3.6635616461296463,3.6888794541139363,2025-06-02,2025-06-09,5.634496919917864,0.0,0.0,0.0,2025-05-26,1.0,0.7052274927395934,0.25893149786955094
group:farc_bloc,FARC family,2025-06-02,2025-06-09,295,4.0,4.0,3.0,1.0,0.0,2.0,1.0,1.0,4.0,3.0,3.091042453358316,1.6094379124341003,0.75,0.25,0.0,0.5,0.25,0.25,2.3978952727983707,10.0,3.4339872044851463,3.713572066704308,2025-06-09,2025-06-16,5.653661875427789,0.0,0.0,0.0,2025-06-02,0.8081264108352144,0.1080590513068732,0.0
group:farc_bloc,FARC family,2025-06-09,2025-06-16,296,18.0,18.0,12.0,8.0,7.0,8.0,9.0,1.0,10.0,6.0,3.1354942159291497,2.9444389791664403,0.6666666666666666,0.4444444444444444,0.3888888888888889,0.4444444444444444,0.5,0.05555555555555555,1.791759469228055,5.0,3.4339872044851463,3.8066624897703196,2025-06-16,2025-06-23,5.672826830937714,0.0,0.0,0.0,2025-06-09,0.6802106847253574,0.38673765730880927,0.33158527258822246
group:farc_bloc,FARC family,2025-06-16,2025-06-23,297,0.0,0.0,0.0,0.0,0.0,0.0,0.0,0.0,5.0,1.0,3.091042453358316,0.0,,,,,,,1.3862943611198906,3.0,3.4657359027997265,3.8066624897703196,2025-06-23,2025-06-30,5.691991786447638,0.0,0.0,0.0,2025-06-16,,,
group:farc_bloc,FARC family,2025-06-23,2025-06-30,298,0.0,0.0,0.0,0.0,0.0,0.0,0.0,0.0,3.0,2.0,3.1354942159291497,0.0,,,,,,,1.3862943611198906,3.0,3.295836866004329,3.6635616461296463,2025-06-30,2025-07-07,5.711156741957564,0.0,0.0,0.0,2025-06-23,,,
group:farc_bloc,FARC family,2025-06-30,2025-07-07,299,6.0,6.0,5.0,4.0,4.0,4.0,2.0,0.0,3.0,1.0,3.091042453358316,1.9459101490553132,0.8333333333333334,0.6666666666666666,0.6666666666666666,0.6666666666666666,0.3333333333333333,0.0,2.0794415416798357,7.0,3.091042453358316,3.4339872044851463,2025-07-07,2025-07-14,5.730321697467488,0.0,0.0,0.0,2025-06-30,0.9360421369450715,0.7052274927395934,0.6948541461815797
group:farc_bloc,FARC family,2025-07-07,2025-07-14,300,13.0,13.0,10.0,5.0,3.0,3.0,8.0,2.0,7.0,7.0,2.9444389791664403,2.6390573296152584,0.7692307692307693,0.38461538461538464,0.23076923076923078,0.23076923076923078,0.6153846153846154,0.15384615384615385,1.6094379124341003,4.0,3.1354942159291497,3.4339872044851463,2025-07-14,2025-07-21,5.749486652977413,0.0,0.0,0.0,2025-07-07,0.8376454245528738,0.3009903939235982,0.12480145223508057
group:farc_bloc,FARC family,2025-07-14,2025-07-21,301,10.0,10.0,8.0,3.0,3.0,2.0,7.0,1.0,4.0,4.0,2.8903717578961645,2.3978952727983707,0.8,0.3,0.3,0.2,0.7,0.1,1.791759469228055,5.0,3.091042453358316,3.4657359027997265,2025-07-21,2025-07-28,5.768651608487337,0.0,0.0,0.0,2025-07-14,0.8848758465011287,0.1797192642787996,0.21533923303834807
group:farc_bloc,FARC family,2025-07-21,2025-07-28,302,12.0,12.0,11.0,7.0,5.0,9.0,3.0,0.0,5.0,2.0,2.995732273553991,2.5649493574615367,0.9166666666666666,0.5833333333333334,0.4166666666666667,0.75,0.25,0.0,0.6931471805599453,1.0,3.1354942159291497,3.295836866004329,2025-07-28,2025-08-04,5.7878165639972625,0.0,0.0,0.0,2025-07-21,1.0,0.5857938044530494,0.3679121599475582
group:farc_bloc,FARC family,2025-07-28,2025-08-04,303,14.0,14.0,5.0,1.0,1.0,3.0,10.0,1.0,1.0,1.0,2.8903717578961645,2.70805020110221,0.35714285714285715,0.07142857142857142,0.07142857142857142,0.21428571428571427,0.7142857142857143,0.07142857142857142,1.3862943611198906,3.0,3.091042453358316,3.091042453358316,2025-08-04,2025-08-11,5.806981519507187,0.0,0.0,0.0,2025-07-28,0.20509513060303128,0.0,0.0
group:farc_bloc,FARC family,2025-08-04,2025-08-11,304,16.0,16.0,14.0,11.0,6.0,11.0,4.0,1.0,3.0,3.0,2.6390573296152584,2.833213344056216,0.875,0.6875,0.375,0.6875,0.25,0.0625,2.0794415416798357,7.0,2.9444389791664403,3.1354942159291497,2025-08-11,2025-08-18,5.8261464750171115,0.0,0.0,0.0,2025-08-04,1.0,0.7350859148112294,0.3134218289085546
group:farc_bloc,FARC family,2025-08-11,2025-08-18,305,27.0,27.0,25.0,19.0,10.0,17.0,9.0,1.0,7.0,4.0,2.833213344056216,3.332204510175204,0.9259259259259259,0.7037037037037037,0.37037037037037035,0.6296296296296297,0.3333333333333333,0.037037037037037035,2.9444389791664403,18.0,2.8903717578961645,3.091042453358316,2025-08-18,2025-08-25,5.845311430527036,0.0,0.0,0.0,2025-08-11,1.0,0.7583091319780574,0.3073673476819986
group:farc_bloc,FARC family,2025-08-18,2025-08-25,306,19.0,19.0,17.0,15.0,15.0,15.0,3.0,1.0,18.0,3.0,3.4011973816621555,2.995732273553991,0.8947368421052632,0.7894736842105263,0.7894736842105263,0.7894736842105263,0.15789473684210525,0.05263157894736842,2.1972245773362196,8.0,2.995732273553991,3.1354942159291497,2025-08-25,2025-09-01,5.864476386036961,0.0,0.0,0.0,2025-08-18,1.0,0.8812350333723952,0.855457227138643
group:farc_bloc,FARC family,2025-08-25,2025-09-01,307,14.0,14.0,14.0,10.0,10.0,10.0,2.0,2.0,8.0,6.0,3.6109179126442243,2.70805020110221,1.0,0.7142857142857143,0.7142857142857143,0.7142857142857143,0.14285714285714285,0.14285714285714285,1.791759469228055,5.0,2.8903717578961645,3.091042453358316,2025-09-01,2025-09-08,5.883641341546886,0.0,0.0,0.0,2025-08-25,1.0,0.7734753146176188,0.7571288102261554
group:farc_bloc,FARC family,2025-09-01,2025-09-08,308,14.0,14.0,14.0,8.0,6.0,8.0,5.0,1.0,5.0,2.0,3.6635616461296463,2.70805020110221,1.0,0.5714285714285714,0.42857142857142855,0.5714285714285714,0.35714285714285715,0.07142857142857142,1.791759469228055,5.0,2.6390573296152584,2.9444389791664403,2025-09-08,2025-09-15,5.90280629705681,0.0,0.0,0.0,2025-09-01,1.0,0.568731848983543,0.38348082595870203
group:farc_bloc,FARC family,2025-09-08,2025-09-15,309,15.0,15.0,14.0,10.0,6.0,10.0,4.0,1.0,5.0,3.0,3.6109179126442243,2.772588722239781,0.9333333333333333,0.6666666666666666,0.4,0.6666666666666666,0.26666666666666666,0.06666666666666667,1.791759469228055,5.0,2.833213344056216,2.8903717578961645,2025-09-15,2025-09-22,5.921971252566735,0.0,0.0,0.0,2025-09-08,1.0,0.7052274927395934,0.34611602753195675
group:farc_bloc,FARC family,2025-09-15,2025-09-22,310,12.0,12.0,9.0,4.0,4.0,5.0,6.0,1.0,5.0,3.0,3.1780538303479458,2.5649493574615367,0.75,0.3333333333333333,0.3333333333333333,0.4166666666666667,0.5,0.08333333333333333,0.6931471805599453,1.0,3.4011973816621555,2.995732273553991,2025-09-22,2025-09-29,5.94113620807666,0.0,0.0,0.0,2025-09-15,0.8081264108352144,0.22749273959341723,0.25893149786955094
group:farc_bloc,FARC family,2025-09-22,2025-09-29,311,5.0,5.0,4.0,2.0,2.0,2.0,2.0,1.0,1.0,1.0,2.833213344056216,1.791759469228055,0.8,0.4,0.4,0.4,0.4,0.2,0.6931471805599453,1.0,3.6109179126442243,2.8903717578961645,2025-09-29,2025-10-06,5.960301163586585,0.0,0.0,0.0,2025-09-22,0.8848758465011287,0.3230396902226525,0.34611602753195675
group:farc_bloc,FARC family,2025-09-29,2025-10-06,312,8.0,8.0,5.0,4.0,2.0,4.0,3.0,1.0,1.0,1.0,2.5649493574615367,2.1972245773362196,0.625,0.5,0.25,0.5,0.375,0.125,0.6931471805599453,1.0,3.6635616461296463,2.6390573296152584,2025-10-06,2025-10-13,5.979466119096509,0.0,0.0,0.0,2025-09-29,0.6162528216704289,0.46636011616650536,0.14995083579154375
group:farc_bloc,FARC family,2025-10-06,2025-10-13,313,6.0,6.0,6.0,6.0,1.0,5.0,1.0,0.0,1.0,1.0,2.1972245773362196,1.9459101490553132,1.0,1.0,0.16666666666666666,0.8333333333333334,0.16666666666666666,0.0,0.0,0.0,3.6109179126442243,2.833213344056216,2025-10-13,2025-10-20,5.9986310746064335,0.0,0.0,0.0,2025-10-06,1.0,1.0,0.04097017371353654
group:farc_bloc,FARC family,2025-10-13,2025-10-20,314,6.0,6.0,6.0,3.0,1.0,3.0,3.0,0.0,0.0,0.0,1.3862943611198906,1.9459101490553132,1.0,0.5,0.16666666666666666,0.5,0.5,0.0,1.0986122886681098,2.0,3.1780538303479458,3.4011973816621555,2025-10-20,2025-10-27,6.017796030116359,0.0,0.0,0.0,2025-10-13,1.0,0.46636011616650536,0.04097017371353654
group:farc_bloc,FARC family,2025-10-20,2025-10-27,315,10.0,10.0,8.0,5.0,2.0,5.0,5.0,0.0,2.0,2.0,1.6094379124341003,2.3978952727983707,0.8,0.5,0.2,0.5,0.5,0.0,1.6094379124341003,4.0,2.833213344056216,3.6109179126442243,2025-10-27,2025-11-03,6.036960985626283,0.0,0.0,0.0,2025-10-20,0.8848758465011287,0.46636011616650536,0.08456243854473945
group:farc_bloc,FARC family,2025-10-27,2025-11-03,316,9.0,9.0,8.0,7.0,7.0,7.0,2.0,0.0,4.0,3.0,2.0794415416798357,2.302585092994046,0.8888888888888888,0.7777777777777778,0.7777777777777778,0.7777777777777778,0.2222222222222222,0.0,1.6094379124341003,4.0,2.5649493574615367,3.6635616461296463,2025-11-03,2025-11-10,6.056125941136208,0.0,0.0,0.0,2025-10-27,1.0,0.8644724104549856,0.8401616956189227
group:farc_bloc,FARC family,2025-11-03,2025-11-10,317,7.0,7.0,3.0,3.0,2.0,3.0,3.0,1.0,4.0,1.0,2.3978952727983707,2.0794415416798357,0.42857142857142855,0.42857142857142855,0.2857142857142857,0.42857142857142855,0.42857142857142855,0.14285714285714285,3.4011973816621555,29.0,2.1972245773362196,3.6109179126442243,2025-11-10,2025-11-17,6.075290896646133,0.0,0.0,0.0,2025-11-03,0.3147371815543373,0.36398838334946754,0.1966568338249754
group:farc_bloc,FARC family,2025-11-10,2025-11-17,318,30.0,30.0,29.0,27.0,17.0,26.0,3.0,1.0,29.0,3.0,3.6888794541139363,3.4339872044851463,0.9666666666666667,0.9,0.5666666666666667,0.8666666666666667,0.1,0.03333333333333333,0.0,0.0,1.3862943611198906,3.1780538303479458,2025-11-17,2025-11-24,6.094455852156058,0.0,0.0,0.0,2025-11-10,1.0,1.0,0.5640773516879711
group:farc_bloc,FARC family,2025-11-17,2025-11-24,319,26.0,26.0,23.0,13.0,11.0,12.0,12.0,2.0,0.0,1.0,3.6375861597263857,3.295836866004329,0.8846153846153846,0.5,0.4230769230769231,0.46153846153846156,0.46153846153846156,0.07692307692307693,0.0,0.0,1.6094379124341003,2.833213344056216,2025-11-24,2025-12-01,6.113620807665982,0.0,0.0,0.0,2025-11-17,1.0,0.46636011616650536,0.37629528779971255
group:farc_bloc,FARC family,2025-11-24,2025-12-01,320,5.0,5.0,4.0,4.0,3.0,4.0,1.0,0.0,0.0,0.0,3.5263605246161616,1.791759469228055,0.8,0.8,0.6,0.8,0.2,0.0,0.0,0.0,2.0794415416798357,2.5649493574615367,2025-12-01,2025-12-08,6.132785763175907,0.0,0.0,0.0,2025-11-24,0.8848758465011287,0.8963213939980639,0.607669616519174
group:farc_bloc,FARC family,2025-12-01,2025-12-08,321,4.0,4.0,3.0,3.0,2.0,3.0,1.0,0.0,0.0,0.0,3.4011973816621555,1.6094379124341003,0.75,0.75,0.5,0.75,0.25,0.0,1.0986122886681098,2.0,2.3978952727983707,2.1972245773362196,2025-12-08,2025-12-15,6.151950718685832,0.0,0.0,0.0,2025-12-01,0.8081264108352144,0.8246611810261374,0.4768928220255654
group:farc_bloc,FARC family,2025-12-08,2025-12-15,322,8.0,8.0,8.0,7.0,6.0,7.0,1.0,0.0,2.0,2.0,1.0986122886681098,2.1972245773362196,1.0,0.875,0.75,0.875,0.125,0.0,1.791759469228055,5.0,3.6888794541139363,1.3862943611198906,2025-12-15,2025-12-22,6.1711156741957565,0.0,0.0,0.0,2025-12-08,1.0,1.0,0.803834808259587
group:farc_bloc,FARC family,2025-12-15,2025-12-22,323,5.0,5.0,5.0,5.0,1.0,5.0,0.0,0.0,5.0,2.0,2.0794415416798357,1.791759469228055,1.0,1.0,0.2,1.0,0.0,0.0,0.6931471805599453,1.0,3.6375861597263857,1.6094379124341003,2025-12-22,2025-12-29,6.190280629705681,0.0,0.0,0.0,2025-12-15,1.0,1.0,0.08456243854473945
group:farc_bloc,FARC family,2025-12-22,2025-12-29,324,9.0,9.0,7.0,6.0,3.0,6.0,3.0,0.0,1.0,1.0,2.1972245773362196,2.302585092994046,0.7777777777777778,0.6666666666666666,0.3333333333333333,0.6666666666666666,0.3333333333333333,0.0,,,3.5263605246161616,2.0794415416798357,,,6.209445585215605,0.0,0.0,0.0,2025-12-22,0.8507649862051668,0.7052274927395934,0.25893149786955094
