variable,parameter,mean,sd,median,ci_low,ci_high,n_eff,r_hat
direct_conflict_relevance,alpha[0],0.4311309929791498,0.05809177829773829,0.4297931684162677,0.3218278243492276,0.5487127974364409,7319.238814455683,0.9998899475041217
direct_conflict_relevance,alpha[1],0.08893917533729251,0.056690955274794494,0.08911506497290203,-0.02142105815376856,0.19887318745896684,9702.855990572485,1.0000674909565157
direct_conflict_relevance,alpha[2],0.008876602090616881,0.04868188093947622,0.009177480605085366,-0.0870956398655821,0.10437257826017571,10672.056654054692,0.9997210892962868
direct_conflict_relevance,alpha[3],-0.09936256508544197,0.0870069104147939,-0.0997393775830021,-0.26755048900639455,0.0690800194584218,5478.849653097162,0.9998594116596017
direct_conflict_relevance,alpha[4],-0.06151869794636692,0.041950018936240764,-0.06183234975307558,-0.14408065511258128,0.019602008479277726,8263.01582161884,1.000218455795351
direct_conflict_relevance,alpha[5],-0.2884573459035277,0.9229359462010461,-0.28625055944954675,-2.119596415903118,1.461546885346995,17331.085627843386,0.9997063050848062
direct_conflict_relevance,alpha[6],-1.8971411913701766,0.3197807783223534,-1.8941935118355333,-2.5146812752568604,-1.2674640950014793,4956.774053520262,1.0002901755819869
direct_conflict_relevance,alpha[7],3.140229970726652,0.38094910805017723,3.1424965906871467,2.3953405498325706,3.8703626141016523,6288.244050661303,1.0000896821092673
direct_conflict_relevance,alpha[8],0.5627506525006117,0.38132855044918085,0.5629803196478567,-0.1697792035611374,1.2979712230532554,5956.7765622063025,0.9998080336360358
direct_conflict_relevance,alpha[9],2.986962804259658,0.3879480183888059,2.9868962662909544,2.223523762301105,3.7496832419114297,4829.56889850374,1.0001677132568298
direct_conflict_relevance,alpha[10],0.6099621549826066,0.2163342594655382,0.6075288974819919,0.2022382805746596,1.0560436763079804,5815.257472435069,1.0002136016282557
direct_conflict_relevance,beta0,0.5132989167250075,0.012046216018328731,0.5133657181426226,0.48920559392423324,0.536555023228444,1896.41293129365,1.0025490507515613
direct_conflict_relevance,beta1,0.9182911338551716,0.005726421075785339,0.9180481723788467,0.9069688440264796,0.9291442161083227,993.4183108156692,1.0037612188534608
direct_conflict_relevance,gamma,0.4073910097057691,0.26990654340373876,0.4099214370533517,-0.10271223195902889,0.9509425242027794,6665.22076929744,1.0011801635458526
direct_conflict_relevance,sigma_y,0.9102103182553015,0.03389239438381772,0.9094526130425733,0.8466738338759273,0.9798706078593755,14851.317629349807,0.999838146193093
direct_conflict_relevance,theta[0],0.5800703518866018,0.10334469932689606,0.5846139921713143,0.37093963648012246,0.7723761170259015,10090.33419778624,0.9999249921192244
direct_conflict_relevance,theta[1],0.8709809490554988,0.06393324082356078,0.8752203013002926,0.7520478774078189,0.9930165072187573,7604.380652991777,0.9999567495168881
direct_conflict_relevance,theta[2],0.626761438434522,0.10735393984545305,0.630386038955582,0.4148239131459597,0.83252512062517,13828.138974103475,0.9999600284812286
direct_conflict_relevance,theta[3],0.2924909388418909,0.15017667664561074,0.28562260920392585,0.0174238414191618,0.5665199784574155,10797.35022290253,0.999978957112803
direct_conflict_relevance,theta[4],0.41088429082221556,0.18430000985823808,0.41314396304604295,0.04369077678774765,0.7378118330859058,12485.154892653683,0.9996069622087993
direct_conflict_relevance,theta[5],0.37711334101100213,0.19416410841026857,0.36979299983485203,0.01104976880352735,0.7186482143573399,13613.49441813644,0.9995601522469865
direct_conflict_relevance,theta[6],0.7310733270540993,0.10981093200474701,0.7377050182969817,0.52166726040275,0.9444248038046177,10128.676872505284,0.9999604477338322
direct_conflict_relevance,theta[7],0.6718827349345269,0.1109006383676672,0.6778130700784968,0.4488263043707004,0.8751546855180913,13693.475232903358,0.9997190667433888
direct_conflict_relevance,theta[8],0.8636625340699824,0.09072121206346712,0.8779741986467071,0.6929536726287389,0.9996986625138617,13992.216040925023,0.9999085140995813
direct_conflict_relevance,theta[9],0.9388334811406467,0.0410279704526977,0.9450627495624144,0.8622224687897724,0.9998597646181152,7710.9575253346575,0.9997949613277317
direct_conflict_relevance,theta[10],0.6695285868099222,0.09208171010711383,0.6735563716068983,0.4944449987491411,0.847937573692223,12940.129831087803,0.9997222595926462
direct_conflict_relevance,theta[11],0.7155647719974714,0.10660308411834436,0.7207432607160913,0.49966061950894264,0.9132165463693146,9343.544071008806,0.9998592137346033
direct_conflict_relevance,theta[12],0.5060536647042297,0.18373189248969013,0.5125552601060643,0.14492810667565414,0.8530638309452491,10362.02371073299,1.0000284648424946
direct_conflict_relevance,theta[13],0.4954118823632136,0.19667205244054906,0.5038372169588163,0.11288876441988689,0.8659706207098431,9258.488282332532,0.9998271872273713
direct_conflict_relevance,theta[14],0.47140041735021915,0.14248332072224706,0.4784438546682205,0.19018528158704365,0.7443425526463332,10553.03710863824,0.9998368602991301
direct_conflict_relevance,theta[15],0.734859458363811,0.1211795070739938,0.7432086179741095,0.5025069299408854,0.9652288405263294,10722.094285908168,0.99972642112639
direct_conflict_relevance,theta[16],0.49528462035956217,0.1673071917585633,0.5037889792318089,0.17081075620241248,0.8113785664422044,10648.505354473746,0.9998127204342996
direct_conflict_relevance,theta[17],0.8266203682514689,0.10086560456617989,0.8377494171663957,0.6426417942900525,0.9998383256974973,12025.02485850221,0.9995974224107205
direct_conflict_relevance,theta[18],0.14247703009881962,0.11369967401643395,0.11526293392600676,3.4109351364050995e-05,0.36352012036532977,14925.17763250406,0.9995831230860716
direct_conflict_relevance,theta[19],0.17595053533426178,0.12674695719839216,0.15398223921023516,2.594191769720095e-07,0.4215611157972936,13144.495319903692,1.0000753181370001
direct_conflict_relevance,theta[20],0.5970989424599664,0.18517280420512378,0.6127761768090471,0.22710595570706116,0.9288868103410582,12151.182242509683,0.9998666806709752
direct_conflict_relevance,theta[21],0.3338591430224037,0.1660597824234171,0.3271880680526944,0.006775765734725593,0.6169779466354264,10505.601232422197,0.9995788769296234
direct_conflict_relevance,theta[22],0.5508975546616012,0.16793507503209287,0.560459625923469,0.2016106089504849,0.8582168674726607,12556.855537263911,0.9999186919534283
direct_conflict_relevance,theta[23],0.7640909179591824,0.11542511762854449,0.7737119210518814,0.5390972181904539,0.9745130968619334,12626.505507474913,0.9998995516301938
direct_conflict_relevance,theta[24],0.8708984853656884,0.07056179463804624,0.8778290666783879,0.7432200275451413,0.9989784491191469,7884.305003613685,1.0000326520411391
direct_conflict_relevance,theta[25],0.9750859908723578,0.017112549187458012,0.9778265281365779,0.9431517092936704,0.9999885236411653,2758.1700992957944,1.0009488106060471
direct_conflict_relevance,theta[26],0.7574817394104474,0.02755113487823227,0.7578166046592922,0.7048554469932665,0.8125272864680655,3691.025683301168,1.000580860341241
direct_conflict_relevance,theta[27],0.31806998164087136,0.07399058091376523,0.31880718933532304,0.16439720108052108,0.45669011419473077,7300.0113550399665,1.0004185053651835
direct_conflict_relevance,theta[28],0.5619123275848474,0.0647014670220375,0.5642606541145749,0.43676639748365664,0.6905047710850747,9474.17961280926,1.0002047738890651
direct_conflict_relevance,theta[29],0.2468067874237774,0.1023432350454842,0.24637821759900164,0.04485578233604422,0.43622951999746995,8103.468250409229,1.0004453465986023
direct_conflict_relevance,theta[30],0.2474922862427084,0.12076799496772886,0.24567972435415486,0.0034556477095865038,0.45502493986760006,9519.343036029906,0.9999304201660039
direct_conflict_relevance,theta[31],0.3717565408755632,0.13646359904385383,0.37443112139458756,0.1095613061529257,0.6365901889813816,10009.845161997002,0.9997928476189921
direct_conflict_relevance,theta[32],0.4916097744893078,0.16767186878166984,0.4998462820045887,0.16720615218365104,0.8076296157341643,10845.106552031166,1.0000521041684374
direct_conflict_relevance,theta[33],0.7553831817877338,0.08175031334552064,0.7595256381472515,0.5919723694828203,0.9095377472833168,11301.179683672714,0.9997991462547854
direct_conflict_relevance,theta[34],0.6113832130441947,0.08232908948990258,0.6138926838083887,0.45043232014501156,0.7733359689106537,11198.832676583432,0.9997872990378617
direct_conflict_relevance,theta[35],0.16409429036971013,0.11329307913321622,0.1465150129507995,5.871920121542179e-05,0.37600841971978055,12775.501211677438,0.999774027152861
direct_conflict_relevance,theta[36],0.22917721220222606,0.12973414058203792,0.21984279045527733,0.00035503670939010084,0.45543023708292035,9751.116269635335,0.999823144807102
direct_conflict_relevance,theta[37],0.1394752054964827,0.10358093507791945,0.1200460483004922,3.8867396703852565e-06,0.34052900011086196,12061.256478857651,0.9999303773560092
direct_conflict_relevance,theta[38],0.5767549661553447,0.09401148551516011,0.5797457556188426,0.39594224727307653,0.7541135167229678,10117.977438924945,0.9999844067694246
direct_conflict_relevance,theta[39],0.5109262947254212,0.11605696579106961,0.5156313238576782,0.27857748056807374,0.7334998108898381,9302.363140712565,0.9996770069555824
direct_conflict_relevance,theta[40],0.6524162516844241,0.10555091826633198,0.6565554458193039,0.45308247851196415,0.8660485010904332,12820.60480348959,0.9996114318013364
direct_conflict_relevance,theta[41],0.716513602955529,0.08589135983710035,0.7204209256250647,0.5450572360696345,0.877000819221546,11723.705766480722,0.9998273277363027
direct_conflict_relevance,theta[42],0.15746785854354328,0.1074436096911081,0.14088683871267998,0.00016587556194138468,0.36048812092509597,13567.092860553415,1.0000562223149765
direct_conflict_relevance,theta[43],0.1900976802121491,0.1295174648328272,0.1708474087111328,5.111771035286424e-05,0.4280084021592406,11186.136042979619,0.9996415111822756
direct_conflict_relevance,theta[44],0.2146646479549474,0.1238309998861943,0.20373862994360353,0.00016261039543941322,0.43796342020614326,9529.481323417716,0.9997390415342446
direct_conflict_relevance,theta[45],0.24298013772241725,0.15902153544309805,0.22250992924723817,0.0005598249799685228,0.5302917888912942,13781.473432708366,0.9996258884150374
direct_conflict_relevance,theta[46],0.1305941432787829,0.10749311862092566,0.10317876744944157,3.806135274138622e-05,0.34407003953120374,14280.172522669734,1.000484329833059
direct_conflict_relevance,theta[47],0.11718288820913797,0.09271813708587155,0.09528523709523548,2.5974266279436955e-06,0.2994122668717452,13733.84025900792,0.9996242798889912
direct_conflict_relevance,theta[48],0.7778225378798695,0.11048308370610926,0.7886641921078938,0.5638487810719318,0.9796028532283799,12269.12407563116,0.9998205789230356
direct_conflict_relevance,theta[49],0.7717261141616457,0.08289768725295939,0.7755385076294065,0.6012076066590011,0.921934655288008,9967.70755083581,0.9997067540418708
direct_conflict_relevance,theta[50],0.5372522348711691,0.11326530343994176,0.5407463275894004,0.3268520140729845,0.7653482733457124,9782.055096904081,0.9996077946744513
direct_conflict_relevance,theta[51],0.4039395200562166,0.1431897682792425,0.40571047597321985,0.1142540845383808,0.6745119064350721,9305.478447458778,1.0001184372676022
direct_conflict_relevance,theta[52],0.21670441894788717,0.13839011153099956,0.19791424224116172,0.0001304728921399777,0.4685090021049026,10391.383481975605,0.9996516645283521
direct_conflict_relevance,theta[53],0.6307040307004047,0.1204604318946432,0.637074669956354,0.39137396848089406,0.8536855110888726,15626.881042117151,0.9998045816268183
direct_conflict_relevance,theta[54],0.2856285656934565,0.1605881226180884,0.2751309592904446,0.0001466407328114435,0.5657763596748165,12135.116848457475,0.9997804212282956
direct_conflict_relevance,theta[55],0.6439470360807121,0.12139401313516643,0.6506047217047726,0.4007746004924397,0.8669359182332151,13759.87825548395,0.9997461677536288
direct_conflict_relevance,theta[56],0.74653808915945,0.09626366501097944,0.7521351623470077,0.5591759629128104,0.9234205371254657,11758.456790174676,0.9999813881770361
direct_conflict_relevance,theta[57],0.43611519909426294,0.13070891536961066,0.4414209735426824,0.17493102110825884,0.6774820104563624,9591.658556798382,1.000120168267217
direct_conflict_relevance,theta[58],0.341706149245929,0.17998406791135882,0.336535436765151,0.006110571464391515,0.6566475680529842,11827.795698231124,0.999796414188021
direct_conflict_relevance,theta[59],0.1814118155224595,0.13668315258737407,0.15358322724456114,6.0488899603642055e-05,0.44321440868417256,13830.621415818974,0.9999389924692217
direct_conflict_relevance,theta[60],0.6262635513991196,0.15581472616753758,0.6380691926342361,0.324692202336746,0.9212899607760305,14065.603190272612,0.999729445748582
direct_conflict_relevance,theta[61],0.6489243852532558,0.13304236346274342,0.6577488588063211,0.3807370703247102,0.8897677405621572,11071.53902300697,0.9996810605709614
direct_conflict_relevance,theta[62],0.5880055253551164,0.16263141100695483,0.5985159028603044,0.26433202606802775,0.8928503746335505,12373.045911382313,0.9997713338523538
direct_conflict_relevance,theta[63],0.2647715334810017,0.16008915407266652,0.25098793130008634,0.0001613795145402056,0.5541376005747247,12747.576843532153,0.9997250555286049
direct_conflict_relevance,theta[64],0.2456834422570864,0.15807515541031142,0.22544016030366087,0.00025054083794608616,0.534722567959869,12436.275378607124,0.9997733171186054
direct_conflict_relevance,theta[65],0.19150235401627225,0.11347895977056861,0.18088887511405913,0.0007686939559569382,0.3954302982830235,10220.70129795835,0.9998239548546481
direct_conflict_relevance,theta[66],0.3734588504609641,0.20294722617596458,0.3653157163312828,0.00018476313609375837,0.7200940177635398,13283.846147964106,0.9997522373995205
direct_conflict_relevance,theta[67],0.4776014059230992,0.14337368475155152,0.4839990394995702,0.1912994124456995,0.7548237832306663,12246.93767046272,0.9998032625693434
direct_conflict_relevance,theta[68],0.6916836739267955,0.1268737289059114,0.6987491972645745,0.4559144017772431,0.9395831286597456,13697.083433434354,0.9998193947218852
direct_conflict_relevance,theta[69],0.746897316432635,0.08098712177610229,0.7503633546980379,0.582491733896073,0.8980268061738773,10941.751129409484,0.9998783745819628
direct_conflict_relevance,theta[70],0.8077910698996982,0.08407031889277793,0.8122167198292624,0.6431765415559393,0.9637570456012613,7889.2492335837,0.999779551801521
direct_conflict_relevance,theta[71],0.6519692010473368,0.10737177630758751,0.6565841319619088,0.4418541521886492,0.8596336586357027,14313.51555893073,0.9995928354800163
direct_conflict_relevance,theta[72],0.6651224562588132,0.09745293621355536,0.6684207743555295,0.46834124869959837,0.8455295064284164,14365.954357610804,0.9997339706149251
direct_conflict_relevance,theta[73],0.590902878017782,0.1276247165610281,0.5963514911523304,0.32694628690336186,0.8247522433568144,14980.842800352699,1.0001947916391982
direct_conflict_relevance,theta[74],0.9749324274270221,0.021026983922352124,0.9801022194376999,0.9337025750518754,0.9999951033919859,8220.905032408058,1.000016392952334
direct_conflict_relevance,theta[75],0.34318188363322516,0.1201225336916965,0.34454429948975246,0.09911855471062535,0.5632140560841354,10386.426589181623,0.9996700253473428
direct_conflict_relevance,theta[76],0.8653764077553407,0.052918437366010956,0.867284586242963,0.7609835870545445,0.9667030749484545,6700.287531691097,1.000302772729541
direct_conflict_relevance,theta[77],0.588014626322006,0.09523987901140689,0.5918333609407482,0.3920340043079383,0.7646935721200191,10999.591718657488,0.9998125641875901
direct_conflict_relevance,theta[78],0.296890312809119,0.13137164883145372,0.29653621609034275,0.029208636341568773,0.530643581926417,8041.957715314508,0.9998218069728253
direct_conflict_relevance,theta[79],0.5564732409088562,0.10828604200454381,0.5616924229633926,0.34509627009363936,0.7630386872066756,12783.21165110751,0.9996268306718817
direct_conflict_relevance,theta[80],0.8147635799442134,0.07159614984849814,0.8183884362124181,0.67166323883747,0.9452204032676467,9243.162669012852,1.0003572721618679
direct_conflict_relevance,theta[81],0.2454710507976888,0.1288875346774774,0.24102103604643177,0.0006190343102078021,0.46845676743013376,9308.068323473248,0.999899858685087
direct_conflict_relevance,theta[82],0.6870006506820037,0.10680283764526839,0.6927887586631947,0.48096378996719596,0.8881351776227773,13982.307682944316,0.9996070431915784
direct_conflict_relevance,theta[83],0.42754535642617586,0.13920372607953724,0.43158947449927676,0.14903321124419483,0.6897222971825013,10730.0302224823,0.9997459003731718
direct_conflict_relevance,theta[84],0.7063061461044934,0.12416166708352137,0.7162173734198254,0.46026910930829723,0.9365143005442805,11170.152544529212,0.9999179003715984
direct_conflict_relevance,theta[85],0.7807301746718129,0.0954714220066809,0.7868910383586141,0.5949015547108236,0.9630088574384912,7317.757254798927,1.0010584399851716
direct_conflict_relevance,theta[86],0.7545677486205498,0.07600909132864134,0.7587008799549473,0.6055551511174967,0.8967758767867556,11002.22697977152,0.9999649553125841
direct_conflict_relevance,theta[87],0.9360301080669461,0.015423984875538426,0.9364139034837773,0.9065414176988202,0.966315674489807,1195.734868837639,1.0027127185279834
direct_conflict_relevance,theta[88],0.8261145555362864,0.01588358730167867,0.8263519612936631,0.7946451903721999,0.8567183138542547,1441.0692506664193,1.0019193650152118
direct_conflict_relevance,theta[89],0.7958049480868533,0.029669560301930235,0.7965697800264483,0.7361386106619696,0.8509625267987397,4480.65324254981,1.0000526178432916
direct_conflict_relevance,theta[90],0.8857982250713742,0.09844728883674476,0.91152488133603,0.6852443521541338,0.9999099156233734,14226.43128485298,0.9998757255882381
direct_conflict_relevance,theta[91],0.8732104347358021,0.021382124433122932,0.8735345886709114,0.8313358766309037,0.9142359823928289,2269.4691632570975,1.000675400254037
direct_conflict_relevance,theta[92],0.7872167739237319,0.02223530952098949,0.7873952131740014,0.743716933651132,0.830501648387329,2688.8264295362446,1.0007394655493829
direct_conflict_relevance,theta[93],0.7962613704637852,0.02136358463207504,0.7965235907630233,0.7561972647956885,0.8383912700488596,2472.4322534712383,1.0005141320743423
direct_conflict_relevance,theta[94],0.7500769327628648,0.02478253343729493,0.7504229537681615,0.7022124891756019,0.7986777422148421,3638.0047558416,1.000311169626088
direct_conflict_relevance,theta[95],0.7008239254246784,0.025792285235089304,0.7009586671305583,0.6502728299614937,0.7487727043875158,3247.6264623788934,1.000115431948881
direct_conflict_relevance,theta[96],0.7069099867772354,0.027289975956001328,0.7071126504845664,0.6526120240039122,0.7588847164879597,3931.1565799280384,1.000029615731578
direct_conflict_relevance,theta[97],0.699151339054707,0.030963927109326262,0.6995517950127395,0.6388060839947513,0.7610185915523872,4705.731040181024,1.0005576627706272
direct_conflict_relevance,theta[98],0.7601908645155921,0.027909705419003113,0.7604290459689816,0.7078243476245332,0.8166391676931598,3637.4703287084353,1.0000576105481893
direct_conflict_relevance,theta[99],0.8161722565724047,0.027510740289982287,0.8168658803495017,0.7640446437978907,0.871215150711451,3863.9782325253727,1.0001033527718286
direct_conflict_relevance,theta[100],0.735199962946046,0.02720927815796644,0.7356200218274651,0.6805193237963343,0.7869273137144004,3648.444126854835,1.000633011969702
direct_conflict_relevance,theta[101],0.5961854643983643,0.034428817375539475,0.5969134820891212,0.525395490031913,0.6614161846719353,4330.022555462173,1.0004575238307407
direct_conflict_relevance,theta[102],0.8164321914350228,0.024671397311484697,0.8167862204276719,0.7691076196559893,0.8665570795168239,3211.6380091553074,1.0000170568101867
direct_conflict_relevance,theta[103],0.7791867435724023,0.026238431968284147,0.7794064527830065,0.7294921442913852,0.8309198276128956,3504.574120078607,1.000648581018985
direct_conflict_relevance,theta[104],0.8486293400327707,0.024579410131884916,0.8490493457231545,0.8019886740234703,0.8974845627711613,2954.9313383626995,1.0007219087704144
direct_conflict_relevance,theta[105],0.7331197841020031,0.03155140896362783,0.7336213177564088,0.6739130232453536,0.7946773028902786,4835.231505974517,0.9998143710024612
direct_conflict_relevance,theta[106],0.7327208906565404,0.03520372602613926,0.7335429649189771,0.6638888527558044,0.8006704377523897,4844.38963703972,1.0003598882628042
direct_conflict_relevance,theta[107],0.8511767755998126,0.02966863415156609,0.8517603290440241,0.7925480293574927,0.9071493293133062,3851.849943760527,1.0001153335768977
direct_conflict_relevance,theta[108],0.9225720889647453,0.020127900327846983,0.9227637919236367,0.8839472483751224,0.9627570008809508,1979.1632409010247,1.0018981886632847
direct_conflict_relevance,theta[109],0.8423022762008029,0.023924581187557005,0.8424806454008338,0.79454209795915,0.8875962412389343,2476.728998183969,1.0006837461334388
direct_conflict_relevance,theta[110],0.8239663006276686,0.02882841097784301,0.8242078359962719,0.7652814925498329,0.8768577887756243,3637.8005656417063,1.0001837192411012
direct_conflict_relevance,theta[111],0.849941264149528,0.02808684169833817,0.8503087004079084,0.7930977676757794,0.9028493183825687,3696.6714491941834,1.0010175181063863
direct_conflict_relevance,theta[112],0.7458483315876795,0.031157601023018205,0.7460555167362828,0.687319405740367,0.8086379353033009,4704.976452868289,0.999782115742528
direct_conflict_relevance,theta[113],0.6827468356481944,0.023484453607340076,0.683105066052045,0.63533052979746,0.7268818827076406,2858.2671119049264,1.000870761362283
direct_conflict_relevance,theta[114],0.7930366831075962,0.025274159165677476,0.7933146511125428,0.7445588990673021,0.8434669972082436,3031.1751053228577,1.0004196234641787
direct_conflict_relevance,theta[115],0.759695059022339,0.03644553995181133,0.7603172654976158,0.6900826207783936,0.8320691017415421,6137.315920903009,1.0001493882224641
direct_conflict_relevance,theta[116],0.7620051549390543,0.03978743253572283,0.7636491937149594,0.680204499260814,0.8355525639338162,6364.324524772789,0.9998592849289426
direct_conflict_relevance,theta[117],0.7246862358413712,0.04106194083895328,0.7252285327658929,0.641118744099132,0.8008705317480546,6428.490839158594,1.0002271110898993
direct_conflict_relevance,theta[118],0.4813007650988251,0.051055252847602414,0.48280613290159247,0.3823717866661848,0.5833113895842117,7208.264877582042,1.0000870468588328
direct_conflict_relevance,theta[119],0.7429421246478942,0.03716485570365303,0.7433819223756991,0.6698564574216165,0.8137592029516184,5325.074517761909,1.0004905363301506
direct_conflict_relevance,theta[120],0.8182270695890411,0.032496370545708295,0.8187747137960035,0.7567914978094875,0.8830910226953177,4527.6909919814725,1.0000569750585206
direct_conflict_relevance,theta[121],0.7201592975551336,0.03661910981678527,0.7208944223703899,0.6464393245610764,0.7899861356494695,5373.227715588874,1.0000340197193172
direct_conflict_relevance,theta[122],0.7652802733138491,0.036256223984660725,0.7658968215392825,0.6892697917827083,0.8318168776564687,5474.133024551416,0.9999821777284934
direct_conflict_relevance,theta[123],0.811701896817894,0.034312034366057745,0.8127392027759837,0.7456209411076752,0.8797515891553425,4537.139767045173,1.0002330189132616
direct_conflict_relevance,theta[124],0.5957884509709804,0.047156001242906795,0.59701070423846,0.503571695428835,0.6892362440983578,7690.700037745655,0.9999472155740248
direct_conflict_relevance,theta[125],0.9418594367775027,0.025203428220202634,0.9427023371806518,0.8943642159767923,0.9908790709377249,2264.9495711761942,1.00150023515644
direct_conflict_relevance,theta[126],0.7560997637301109,0.04001325401393259,0.756901283146021,0.6791723176150247,0.8349232650782894,5655.096500430105,0.9995836114433058
direct_conflict_relevance,theta[127],0.5622058118726163,0.05044366646228515,0.5627697759920668,0.45963782576348233,0.6541585232862809,7751.478958005893,1.0006971507443483
direct_conflict_relevance,theta[128],0.5565014340391555,0.04926688036731224,0.5575863711098201,0.45879558474851145,0.6508822660917633,7500.892732519683,1.000001601399896
direct_conflict_relevance,theta[129],0.7632495842535257,0.03705171325573544,0.7632583820785077,0.6906782910580511,0.8359806324617233,4450.975476232662,1.000297434365419
direct_conflict_relevance,theta[130],0.8204399343390154,0.035229482935273115,0.820893684481335,0.7514932548136303,0.889378106962214,5322.512903433246,1.0001267669415737
direct_conflict_relevance,theta[131],0.6624795971590194,0.05887483137028284,0.6644879717995393,0.5474680018915383,0.7760918618385183,7981.97341950447,0.9998842237170095
direct_conflict_relevance,theta[132],0.8488353400468274,0.06414410309658433,0.8520428571245522,0.7290944140323748,0.9781315536325286,7002.021126274769,1.0004981181189083
direct_conflict_relevance,theta[133],0.7805672529797709,0.0423179761879486,0.7817420664197434,0.6968496168551563,0.8620952288406917,6287.664529583502,1.000552085904057
direct_conflict_relevance,theta[134],0.679885542157487,0.046875974485529846,0.6807313761502995,0.5922866846405158,0.7734073134140396,6800.356240204966,0.9999608792101226
direct_conflict_relevance,theta[135],0.7881852131592002,0.0387809969789905,0.7889298075850206,0.713760231611147,0.863322370521596,5126.103043909255,1.0001281367413553
direct_conflict_relevance,theta[136],0.8223284720277827,0.037003956409026866,0.8230626202853354,0.7525574415999606,0.8964167342510351,5467.878457284609,0.9996448698475878
direct_conflict_relevance,theta[137],0.9447470081947726,0.02448995434751713,0.9455444888892288,0.8972884231724856,0.9908457848949336,2504.2452720745605,1.0010259201461738
direct_conflict_relevance,theta[138],0.7495343617144116,0.03422024512171176,0.7505728317649383,0.680488032535295,0.8146931094844825,5453.894902805081,0.9999491936646173
direct_conflict_relevance,theta[139],0.8002914375832263,0.029099175619777533,0.8007204565989421,0.7442300995092327,0.8576881755646216,4229.443843348856,1.000341695597401
direct_conflict_relevance,theta[140],0.8965552441008859,0.0254245301964077,0.896682429985716,0.8484668146537876,0.9477803590510749,2616.3518987998114,1.0003623101154697
direct_conflict_relevance,theta[141],0.8024216830110145,0.037800061609505616,0.8036897858829593,0.7298966135865042,0.8767355288278648,5447.131590196739,0.9997803068911066
direct_conflict_relevance,theta[142],0.7068925092251435,0.04724273207643003,0.7079416352432529,0.6085344548236755,0.7952863696733697,7964.103074664864,0.9996933813603421
direct_conflict_relevance,theta[143],0.7205207886459745,0.048389923775923445,0.7213428005099841,0.6287160624534033,0.8154397124453066,6751.94859220308,1.0000016774476765
direct_conflict_relevance,theta[144],0.6500485553715567,0.08899558350986823,0.6526883500743532,0.4743213248887121,0.8208517300919284,12898.453350405114,0.9998307423227082
direct_conflict_relevance,theta[145],0.8291579686263838,0.05333955735336853,0.8310926153237423,0.7219793595848333,0.9272795185510094,7155.967555450874,1.0000256661584965
direct_conflict_relevance,theta[146],0.776191155629482,0.06473802606309959,0.7796012352243483,0.6473979055366865,0.8985594146055436,9453.738306096553,0.9999032703549615
direct_conflict_relevance,theta[147],0.7788909765312291,0.044532790091066414,0.7798841598993165,0.6942211128082336,0.867030154645291,7336.452718782973,1.0004894804368376
direct_conflict_relevance,theta[148],0.7924649892342313,0.07513755982759907,0.7957341276539103,0.6424161764315315,0.9370790506654908,9456.40589628928,1.0000169778366188
direct_conflict_relevance,theta[149],0.6992656172787204,0.07909451235325862,0.7019479574367098,0.5421665652428851,0.8509041746008044,10469.349023548102,0.9997922226195581
direct_conflict_relevance,theta[150],0.8815387472183667,0.06658665013628574,0.8888720398256812,0.7621659336035759,0.9995809701533479,8835.665285737226,0.9997121021073354
direct_conflict_relevance,theta[151],0.9035858409744039,0.05527660557301719,0.9089327243762184,0.8045475847548671,0.9999510155619127,7417.444548379397,1.0000129374145408
direct_conflict_relevance,theta[152],0.9190924089108572,0.049264946502612844,0.9251966265922031,0.8282005112582581,0.9999779295008473,8105.205818982219,0.9999256235033805
direct_conflict_relevance,theta[153],0.9517793170919601,0.035226125314421965,0.9588098951849917,0.8847339612631145,0.9999872636073104,10835.807774218072,0.9998986850885823
direct_conflict_relevance,theta[154],0.8249663197090015,0.08155871772701959,0.8312441132884147,0.670462238159972,0.9770142945470424,9133.92089407742,1.0001066149780882
direct_conflict_relevance,theta[155],0.31364257160175074,0.08630099779676942,0.3159998729573468,0.14052010244706054,0.47867260610526846,6637.324013486692,0.9998693118203958
direct_conflict_relevance,theta[156],0.47339027514556253,0.06888522096202856,0.47436022599251715,0.33584236653062854,0.6083721759558505,8768.679769671295,1.0002225700532552
direct_conflict_relevance,theta[157],0.8452378852125192,0.05047918146608402,0.8466221823088083,0.7496284321737771,0.945789341283621,7504.999099020804,0.9997231896838485
direct_conflict_relevance,theta[158],0.8637694684801908,0.06934223729421168,0.868791969038065,0.7368426532873018,0.9938869532203792,9508.819293238754,0.9999458580380245
direct_conflict_relevance,theta[159],0.8419040228726528,0.06377109748103788,0.8454708769613886,0.7145342412696132,0.9597293080570851,9581.219005988693,0.9998056286265131
direct_conflict_relevance,theta[160],0.7650910194473579,0.0869869562783634,0.7700899278188527,0.5894034152612728,0.9273255883922631,10363.95797340014,0.9999293782549081
direct_conflict_relevance,theta[161],0.8011015112746316,0.0629317825551038,0.8029778751169818,0.6766659623076918,0.9202711863462981,8873.194715906171,0.99986326039269
direct_conflict_relevance,theta[162],0.8728645820738425,0.06073719234961947,0.8767652579348457,0.751560555118395,0.9824198048450649,7330.96406742978,1.0001925317201912
direct_conflict_relevance,theta[163],0.753928013879523,0.06969015240756025,0.7559751669665888,0.6196871262969815,0.8911013372795326,9092.24185186335,0.999698162584899
direct_conflict_relevance,theta[164],0.9330236690306936,0.04956698392817867,0.942533348722347,0.8383060286010781,0.9999515750108531,12201.649282945269,0.9996578640730817
direct_conflict_relevance,theta[165],0.9353660675417056,0.05519528016442225,0.9491391762253376,0.8231345246144237,0.9999740832556169,13159.278410306651,1.0000159612964192
direct_conflict_relevance,theta[166],0.660382075265205,0.08556069124111138,0.6637827761276982,0.48831999490312267,0.8197362990114884,13068.203271138931,0.9998458172438894
direct_conflict_relevance,theta[167],0.660610107600061,0.08752781555158047,0.6652965125412456,0.4860665382709005,0.8239344715860379,10993.140227052074,0.9996997243490551
direct_conflict_relevance,theta[168],0.9512632627801594,0.04061589622291379,0.9611014348707889,0.871660370950747,0.9999885407813549,12400.417310707451,0.999762637201492
direct_conflict_relevance,theta[169],0.8362719074647537,0.07857768597072472,0.8413011727641879,0.6967812692108263,0.9947307584629459,7403.913935687567,1.0002396099168627
direct_conflict_relevance,theta[170],0.7845423087719394,0.07621077293209569,0.7871673499188103,0.6309995106799299,0.9267110456115486,11244.817458587233,1.0000397949169268
direct_conflict_relevance,theta[171],0.7780799520268434,0.07355527450892939,0.7805320884767928,0.6313748093601911,0.9172221585083539,8791.142366010195,0.9999878812530807
direct_conflict_relevance,theta[172],0.7187335184458364,0.07683255513527919,0.7225589553893477,0.5607685713236377,0.8602312563633727,10537.528000968376,0.9997974630067912
direct_conflict_relevance,theta[173],0.6854166537854565,0.09372797523280901,0.6896065611912983,0.4923099650794063,0.8561635434958085,14197.06803072531,1.0000155998226812
direct_conflict_relevance,theta[174],0.6742814680037582,0.09323823033909594,0.6784547073446372,0.4911561632689183,0.8569882471020599,11373.352275817253,0.9997220277768537
direct_conflict_relevance,theta[175],0.8311053839558936,0.07846459131634267,0.8373977731485924,0.6727149875439992,0.9752819916725213,8318.67863142055,0.9997796343273838
direct_conflict_relevance,theta[176],0.7208540397257798,0.07519264988598585,0.7241603297511172,0.5714779936880499,0.8624039222226726,12016.380658758892,0.9999506118383539
direct_conflict_relevance,theta[177],0.7157383344772541,0.06770461508624256,0.7179914833181731,0.5795056663095335,0.8403538230128934,11302.524948252818,0.9995825743441991
direct_conflict_relevance,theta[178],0.9480485304572261,0.03511955206095412,0.95268464525543,0.8831100428703633,0.9999705564937227,7139.773545316647,1.0009432089463275
direct_conflict_relevance,theta[179],0.8066279925188877,0.06579225086599144,0.8096096361664107,0.6708711506983045,0.9260273569717886,8571.303436375207,0.9996714820721195
direct_conflict_relevance,theta[180],0.7453834486227436,0.06233801083528072,0.7472912039797472,0.6204450775818517,0.8636948912753715,9120.07864936039,0.999771798905768
direct_conflict_relevance,theta[181],0.8827720260071767,0.045228222635350764,0.8851899360388531,0.7959307349031777,0.9703612663969925,6059.988317004478,0.9998951154202365
direct_conflict_relevance,theta[182],0.8648590442468196,0.031925595699791864,0.8654656390258337,0.8021047926050647,0.9269729657890929,3693.1592590292694,1.0001862224917883
direct_conflict_relevance,theta[183],0.8400830737620404,0.03187093638742183,0.8406085233103361,0.7793271149434231,0.9042487513315686,4701.923468287384,0.9999182820691721
direct_conflict_relevance,theta[184],0.8523170984178662,0.04447024636340227,0.8541841048921777,0.7674382923804692,0.9383105271275732,6131.5171360206505,1.0005549955046147
direct_conflict_relevance,theta[185],0.7809130750850132,0.0912237529499021,0.7859554132216771,0.5965684149684737,0.9480778858125992,10322.948338764776,1.0000788323454257
direct_conflict_relevance,theta[186],0.6803034811153229,0.03904453024655752,0.6809623904748361,0.6048885781850067,0.7591520314675273,5809.764800022343,1.0000497353532336
direct_conflict_relevance,theta[187],0.5391911234219627,0.03550794476826763,0.539581626287873,0.46795013895780446,0.6069104100624216,4582.94313396632,1.0006704318706001
direct_conflict_relevance,theta[188],0.4593749557083672,0.04941617548444347,0.4607538343484203,0.36404037127980327,0.5546779236167338,6944.412905745465,1.0004434872183676
direct_conflict_relevance,theta[189],0.5633980725701823,0.04960844276346596,0.5644911825637033,0.46300064249180917,0.6581471391435262,7814.379228422421,0.9998242538957335
direct_conflict_relevance,theta[190],0.47966148892731386,0.062083561182795934,0.4810765074868264,0.3561399908263956,0.5993519930313562,9391.57264415779,0.9998001182048581
direct_conflict_relevance,theta[191],0.44396798787343433,0.06075093397799626,0.4441850678777567,0.321414064947233,0.5593878325073521,7292.380424941056,0.9999428090718984
direct_conflict_relevance,theta[192],0.24855198739003825,0.09132323570455325,0.250104402715439,0.06376737568484638,0.42462588643581894,5460.415996679769,1.0008357014302616
direct_conflict_relevance,theta[193],0.34472277979115173,0.08722384872566002,0.34647632788232213,0.17740631029635373,0.5180356615298477,8642.386590931155,0.9998337048586218
direct_conflict_relevance,theta[194],0.2915527139494432,0.08938680272445863,0.2928809695660674,0.11870327352147861,0.4660941272048824,8230.358420563327,1.0001352069805887
direct_conflict_relevance,theta[195],0.34184850933194283,0.08003024561756084,0.345011740050532,0.18712766989396365,0.5031043074715524,6567.177979032313,1.0003739927107147
direct_conflict_relevance,theta[196],0.3265012969723512,0.09124904714106866,0.32872578393387497,0.15032557144920822,0.5009504751995462,6676.815754837372,1.0001703261024866
direct_conflict_relevance,theta[197],0.37956468143744054,0.09793127140061143,0.38213616864615674,0.18967888535899358,0.5736516953814504,7118.3696756089275,1.0000871030281582
direct_conflict_relevance,theta[198],0.2844213836862048,0.109717755057283,0.28660235869248474,0.05088870394086299,0.4860974406602584,7467.3255193566165,1.0000119566777343
direct_conflict_relevance,theta[199],0.4047811314146603,0.12364458457888146,0.41039503683409206,0.15970112567375985,0.6355548281953243,9149.414317289618,0.9996482000631696
direct_conflict_relevance,theta[200],0.2605773653080731,0.1263879414537919,0.2565751102019026,0.015475831853501843,0.4841136823222223,9077.580517034248,1.0002209766519663
direct_conflict_relevance,theta[201],0.31738924743999697,0.12122897979455322,0.3191054178437899,0.07191586380879711,0.5471800205461331,8135.489235112644,0.9997615189597187
direct_conflict_relevance,theta[202],0.39645067722737826,0.1250467822059981,0.4000278536130812,0.14905498889712984,0.6345899710479663,10167.243498085314,0.9997135881737049
direct_conflict_relevance,theta[203],0.9082797232005777,0.0586732577638714,0.9165251678553152,0.7992127677526795,0.9998708044332681,9132.620227530364,1.0001393235636824
direct_conflict_relevance,theta[204],0.5157145819741616,0.11266911658939366,0.5205635232437344,0.2994302347801863,0.737051539739375,14554.602199411911,0.9997986733144021
direct_conflict_relevance,theta[205],0.27470238208519415,0.11908694381626284,0.2760617041452116,0.038815987674249076,0.495237771803579,8230.705548389848,0.999816074782147
direct_conflict_relevance,theta[206],0.35138165419310485,0.12485577837089215,0.35279281088055436,0.09395823134057554,0.5787468707929139,6743.008188142283,1.000331033169817
direct_conflict_relevance,theta[207],0.46182449176382095,0.1015458667767447,0.4653091291468991,0.26422797424909866,0.6576147571544648,13047.328481744627,0.99982733124321
direct_conflict_relevance,theta[208],0.3639699971772491,0.13274120340835838,0.36714415402103384,0.09942285389859691,0.6180104715685789,9292.925004642466,1.000089096735961
direct_conflict_relevance,theta[209],0.23525279131242077,0.1213980062314002,0.23221780030440742,0.00010617088626860913,0.44315093450012666,7912.668152015418,0.9998128708285181
direct_conflict_relevance,theta[210],0.6113768580873797,0.07514231951046604,0.6122076327540679,0.4668792746474618,0.754639919158162,10390.592865612683,1.0000422275661514
direct_conflict_relevance,theta[211],0.47307122377063443,0.07040341374041784,0.47457787788990424,0.3334560423771628,0.6089416096448917,8264.368644071776,1.0000596715530963
direct_conflict_relevance,theta[212],0.3276565277378949,0.11407047389691265,0.3294537583627704,0.10300916990351472,0.5457111088799015,9096.691580020246,1.0000103828454692
direct_conflict_relevance,theta[213],0.5869479102236518,0.09297372431422325,0.5912197587807924,0.40312120002003543,0.7583943571486242,13287.803569618683,0.9997788700624582
direct_conflict_relevance,theta[214],0.5368025100631783,0.10315068131529095,0.540583047469801,0.3357325695412224,0.744197354175084,10720.962969110697,1.00003564368357
direct_conflict_relevance,theta[215],0.5954213957889352,0.11601223108005937,0.6006430316031401,0.35788818343967144,0.809014012016699,11935.612021399616,0.9998724741449647
direct_conflict_relevance,theta[216],0.6906435440446376,0.09693553327557052,0.696122660603236,0.5020047623337413,0.878457522762061,15330.911222119686,0.9995743790841898
direct_conflict_relevance,theta[217],0.12836713006612727,0.09545802278345217,0.10962596881710632,0.0001003311794249026,0.3118528457121356,12023.809300406754,0.9995591778554624
direct_conflict_relevance,theta[218],0.385032993519351,0.1295480695805508,0.38800798294371297,0.11877934258567702,0.6263189891260662,9014.614877860467,0.9998440535168204
direct_conflict_relevance,theta[219],0.7488833189581335,0.09190603323632428,0.7526686211391531,0.5623672385948842,0.9239386078767429,12324.724523160538,0.9999133763656876
direct_conflict_relevance,theta[220],0.7687304235793264,0.07359115177322342,0.7723787271191751,0.624249916000503,0.9085979404445129,9555.90762706659,0.9999465872846597
direct_conflict_relevance,theta[221],0.16115969732266594,0.07277664364826233,0.160141609231276,0.020063554073799676,0.29677204938049884,6648.184210652645,0.9998716500035718
direct_conflict_relevance,theta[222],0.019155935433072698,0.018360864474479415,0.013754726056116034,2.302863267729765e-06,0.056925415792984456,10850.290991487282,0.9998022401073747
direct_conflict_relevance,theta[223],0.133996820992222,0.09029921766293997,0.12120814520493006,5.3620143430535025e-06,0.302495512174207,11616.394165328598,0.9997350025622704
direct_conflict_relevance,theta[224],0.4797450312981027,0.10995034453587399,0.4834565438437144,0.25200847667313303,0.6800456082004847,13265.465795973163,0.9996943487741191
direct_conflict_relevance,theta[225],0.6046970893135103,0.11674239966080713,0.6119036632810759,0.37578041937978157,0.8368409148849644,12668.810869907013,0.9997349486633563
direct_conflict_relevance,theta[226],0.5218923728975247,0.09688098854782158,0.5246933599232289,0.3345505109653067,0.7107282783560832,12153.944861380365,0.9997350394725749
direct_conflict_relevance,theta[227],0.32617727472105157,0.10648228682972287,0.32864514145177587,0.1169105065504856,0.5259025364633947,9587.822752881119,0.9998621732464319
direct_conflict_relevance,theta[228],0.2867092182936503,0.10371311096632979,0.28838889126259404,0.08488742027486929,0.49041615551989404,7641.788042130048,1.000807805356465
direct_conflict_relevance,theta[229],0.7075144621118921,0.06805996216570513,0.7096963905697191,0.5733800904622138,0.8392795868947285,9680.158249318025,0.9998188709537894
direct_conflict_relevance,theta[230],0.06330327139114368,0.05401859210868979,0.05011754236140496,2.0608721802454568e-05,0.17299464813288037,12893.918381520942,0.9995236825817123
direct_conflict_relevance,theta[231],0.5936715345655301,0.08535321872031151,0.5960164859150795,0.42991955480093225,0.7599322339441396,11239.676701210723,0.9995923130667397
direct_conflict_relevance,theta[232],0.5733967157196853,0.07814932054793061,0.5751829609189576,0.424135286633004,0.7279645015223905,12597.522531273511,1.0000511942945611
direct_conflict_relevance,theta[233],0.09689316291324533,0.07925399672941447,0.07727983625009667,5.075740726799264e-06,0.25104384708706867,12850.327081879972,1.0002190103000677
direct_conflict_relevance,theta[234],0.07131723849753503,0.059541872755386194,0.056055189189774215,2.105797141629666e-05,0.18841232807766686,13336.079593407294,0.9998877928084353
direct_conflict_relevance,theta[235],0.07009401007552532,0.0591453313527675,0.055206688673267806,1.5935652514196595e-05,0.1902092272500735,12639.759918468499,1.0001661139093927
direct_conflict_relevance,theta[236],0.21937181147348614,0.10985688329645173,0.2175949538230514,6.0419406517688915e-05,0.4059682186752367,7011.825828185655,1.0000386171544413
direct_conflict_relevance,theta[237],0.09644302707830725,0.07252454644802517,0.08158761540207789,1.5028437240867753e-05,0.23602096497633385,10137.784459312803,0.9998269288739968
direct_conflict_relevance,theta[238],0.08115764049556817,0.06390528559059531,0.06661661244559601,6.30097474289465e-06,0.20607449480673287,14430.022673600386,0.9999588361525612
direct_conflict_relevance,theta[239],0.2834944249370897,0.11354278509089369,0.28460305624765325,0.05319285674151408,0.4944516749348778,7890.70313681247,1.0006850410269337
direct_conflict_relevance,theta[240],0.39950067417611457,0.12466383668606952,0.4020248683305794,0.1599729235236548,0.6402194230333691,12184.154004669186,0.9998552805766655
direct_conflict_relevance,theta[241],0.07728887086631826,0.064675490922383,0.06115305045469302,8.003918902589468e-06,0.2050763936596953,10821.400032103973,0.999643378604288
direct_conflict_relevance,theta[242],0.08632753911924658,0.07390658893175693,0.06689582222508123,9.718942604777107e-06,0.23357607100923508,12265.345523046657,0.9997300523397532
direct_conflict_relevance,theta[243],0.19129416813225358,0.12752374618005896,0.1712392826826556,2.3435597108003167e-05,0.42741356522832413,11944.807090463572,0.9998931070411204
direct_conflict_relevance,theta[244],0.18900522602702485,0.1150276606951398,0.1773591695679695,1.3880239843019322e-05,0.39918124847369474,9878.081329945919,0.9998530664993085
direct_conflict_relevance,theta[245],0.2836501106821272,0.16092750820151613,0.27364482930958367,6.218173441473591e-05,0.5679370157523924,10418.910249182938,0.9997708633310509
direct_conflict_relevance,theta[246],0.2589102208186896,0.14007218067152652,0.2527923708148099,0.00010880614065442467,0.4987816579923737,7583.306819847372,0.9999235911537888
direct_conflict_relevance,theta[247],0.07989742969441788,0.0704741577930442,0.06023427390600191,2.0118761674797737e-06,0.22483220645986468,11336.840564127591,0.9997245196343015
direct_conflict_relevance,theta[248],0.06991307744461149,0.06176329299367912,0.05269934517063042,9.998167270207193e-06,0.19210839225226103,15328.870966379256,0.9997911076811089
direct_conflict_relevance,theta[249],0.1964291446422041,0.11579015278518873,0.18722572184153832,3.5863183839647985e-05,0.40420808036911904,8883.299890591537,0.9999542700400403
direct_conflict_relevance,theta[250],0.10520872527166289,0.08680786941114736,0.08328878875249082,1.9645118309966857e-05,0.27692524805631286,13997.170764055545,0.9995990218565338
direct_conflict_relevance,theta[251],0.5978767042916927,0.07672894232947278,0.6003438088120594,0.44606851732303265,0.7482120941457665,11074.080542348222,0.9996938204056843
direct_conflict_relevance,theta[252],0.2200195035181346,0.12817045106912434,0.2102225887984651,4.914028650437573e-05,0.45108211146302196,9889.843623897983,1.0003401102594995
direct_conflict_relevance,theta[253],0.13790714045074437,0.0971263709060665,0.1205832408131847,1.7653421128976643e-05,0.31770467552125337,11560.993878735526,0.99990501000432
direct_conflict_relevance,theta[254],0.30325969273140074,0.13025493320140302,0.3015239895797548,0.04040816852266423,0.5368769747553015,10444.169087757322,0.9996186724938105
direct_conflict_relevance,theta[255],0.7882819974083726,0.09095784514005723,0.7932467391893037,0.6133132193229601,0.9634060004392926,12766.714719081965,0.9999346762380042
direct_conflict_relevance,theta[256],0.07352715547345687,0.06458437051317208,0.054975183840198935,2.7000212033932078e-05,0.20329338559436705,13760.066316748029,0.9997466779677496
direct_conflict_relevance,theta[257],0.2018481048670036,0.1328313807544663,0.1838468201602243,0.00014383066585195697,0.44598412770336426,12578.529201189946,0.9995761921193609
direct_conflict_relevance,theta[258],0.31949447997014147,0.14846621728946058,0.316788415267067,0.022308041684659632,0.5818958738023268,7456.26906534869,1.000330815608219
direct_conflict_relevance,theta[259],0.13770276375408358,0.10663936581228882,0.1143065532473701,3.440247358683754e-05,0.3483001896150183,13316.750796433042,0.9997970164046824
direct_conflict_relevance,theta[260],0.10803928979843967,0.08582129894914624,0.08787345540491327,3.26594232416163e-05,0.27869729854578773,12363.289750506756,0.9999707552855752
direct_conflict_relevance,theta[261],0.17861206963340404,0.1094618482962628,0.16748485685052372,0.0002144615541705364,0.37674109445106735,11460.537994645423,0.999758089847476
direct_conflict_relevance,theta[262],0.34968487391785436,0.1381349476989063,0.3507943518534866,0.07362577340182899,0.6089850048744618,9807.607909017555,0.9998242307145698
direct_conflict_relevance,theta[263],0.4974694795115308,0.11388658482115768,0.5011663683254257,0.28010343059636655,0.7288254267208009,12292.728741342187,0.9998631857776435
direct_conflict_relevance,theta[264],0.4107975632819498,0.13558499933886653,0.41397544101852474,0.14542895461773941,0.6736625193527718,10737.90538306202,0.9996789238277831
direct_conflict_relevance,theta[265],0.5670390403366559,0.13986368782004607,0.5748104790690867,0.2896756406706983,0.8304138373363921,11529.17906840285,0.9996889641486807
direct_conflict_relevance,theta[266],0.4233831408634293,0.15394952426952532,0.4283046939678278,0.12051967398344232,0.7188341850507539,9591.745008422777,0.9998241800360712
direct_conflict_relevance,theta[267],0.19486078534773793,0.13236057455703928,0.1742079418924719,0.0002616574867492622,0.44279313046645513,14654.39617653711,0.999759120065312
direct_conflict_relevance,theta[268],0.450362396034681,0.15633063771409314,0.45395114802793174,0.15127560660978326,0.7598477479160507,13378.978861508629,0.9998704314058343
direct_conflict_relevance,theta[269],0.11660904636903861,0.09580837895333076,0.09329969044309348,3.296179217935082e-05,0.3047587095121294,14258.502010964203,0.9999197783668144
direct_conflict_relevance,theta[270],0.6621406119551715,0.09927372662942595,0.6666598704169573,0.47078858204334767,0.8540612709413584,11886.47582394014,0.9995796411380934
direct_conflict_relevance,theta[271],0.9598129157150845,0.033352156991867554,0.9683999858060672,0.8937400916214431,0.999997300094724,12017.902960293144,0.9997442396840515
direct_conflict_relevance,theta[272],0.1866225640740325,0.10248861712364811,0.18027267728055296,4.542443669856329e-06,0.36266509335073566,8713.708673888397,1.0001708860649832
direct_conflict_relevance,theta[273],0.759818131677069,0.11683923853844745,0.7692842277237565,0.538176193043506,0.9815044108456757,11384.70835085756,0.9999503731816658
direct_conflict_relevance,theta[274],0.7122689232490207,0.10915753217565369,0.7190995110463241,0.49837051935009186,0.9204535387266747,11020.830005741796,1.0001013833786803
direct_conflict_relevance,theta[275],0.6431150736837242,0.14525281407867646,0.6520359084465879,0.3427636488915688,0.9087305862344764,12556.48968092498,0.999910606089791
direct_conflict_relevance,theta[276],0.5986903526623629,0.10382650438018899,0.604038878523125,0.385153257806118,0.7900228594242923,11958.592543512425,0.999782316459701
direct_conflict_relevance,theta[277],0.6536049552448918,0.14544845907530066,0.6669575130887441,0.3680644646039052,0.9237279013899914,14520.123719443583,0.9996526780501369
direct_conflict_relevance,theta[278],0.24951085102997864,0.1470771975416626,0.2376770826782458,1.4710706146517522e-05,0.507164524132836,10589.744323299577,0.999757859241475
direct_conflict_relevance,theta[279],0.27448560456721954,0.15177975543221592,0.266537951612846,0.00030772526161700937,0.53660688110309,10910.596236216335,0.9999192243529609
direct_conflict_relevance,theta[280],0.3709327688624883,0.1586986046726605,0.3733155276486513,0.051426602550882196,0.6667205939759809,9156.043970252318,0.9999699334591903
direct_conflict_relevance,theta[281],0.1989379143710428,0.1296298831166264,0.18220741377550181,3.042438182274606e-06,0.4384570054383194,10895.61781417638,0.9997573530826495
direct_conflict_relevance,theta[282],0.40289830935135945,0.1924815852422238,0.40181565466738584,0.03132061381006056,0.7496376648530909,10076.137258275216,0.9997625370026338
direct_conflict_relevance,theta[283],0.2468009311321368,0.16948394092270908,0.22291554869537766,7.305480182796956e-05,0.5602171332649409,14123.05309092271,0.9996799380517389
direct_conflict_relevance,theta[284],0.6591733421172096,0.17018797904490676,0.6742642841459825,0.34548161923707843,0.9823635406876876,11859.101564997907,1.000007138743338
direct_conflict_relevance,theta[285],0.27589921685486196,0.1365641566335206,0.2717075746095918,9.373408342816387e-05,0.5077535852159054,8461.793341168466,0.9997773156232257
direct_conflict_relevance,theta[286],0.15033219322125277,0.10928254138656515,0.13092699309190148,0.00010868447864175768,0.35842680505945435,14196.940570053921,1.0001165118162112
direct_conflict_relevance,theta[287],0.08795397553803919,0.07434669677627895,0.06875503148658939,7.147533865895809e-06,0.23674248371851306,11950.849104926363,0.9998461080535659
direct_conflict_relevance,theta[288],0.4885465728823187,0.1626707871458413,0.49522687093708817,0.1557069891844183,0.7801010143464353,12430.215987695363,0.9999959874187019
direct_conflict_relevance,theta[289],0.23924108786194082,0.11851877862145387,0.23488992557386512,0.011696269023707184,0.4531013558698457,7678.685082271579,1.000062318841195
direct_conflict_relevance,theta[290],0.7710830108303215,0.10047331641552917,0.7769719104097558,0.574625150391862,0.9622019687945645,9149.52885586573,0.9997845540574144
direct_conflict_relevance,theta[291],0.9165103396443517,0.04450722267844943,0.9193386752779039,0.8396826020614344,0.9999641580925271,5559.46648168197,1.0002470746433925
direct_conflict_relevance,theta[292],0.9320329829077157,0.03649482398132996,0.9353501048988534,0.8664528273800782,0.9996052848705264,4806.461942473989,1.0008410593908401
direct_conflict_relevance,theta[293],0.7555709888888995,0.07468052008459873,0.7590903462010348,0.615961201080434,0.9077869442514674,10464.694955767314,0.9995805586758862
direct_conflict_relevance,theta[294],0.5476740936401668,0.1236226368307159,0.5537789205033161,0.3060336474371594,0.7774011886125616,10645.640531828874,0.99992096245394
direct_conflict_relevance,theta[295],0.9510542642079557,0.03730355046828106,0.9590423318452519,0.8792940417393883,0.9999680291707416,10072.590966169359,0.9997762649207649
direct_conflict_relevance,theta[296],0.5095127004877004,0.1873825218173978,0.519775989242381,0.1334797628767858,0.8567523874469122,8545.538855235633,0.9999791365575934
direct_conflict_relevance,theta[297],0.6773993118142764,0.1876634915447986,0.6988238939488058,0.33108151195256336,0.9995410942511648,13651.149874034523,0.999610250542662
direct_conflict_relevance,theta[298],0.425635547961728,0.19482922220874113,0.42821322530253675,0.036810310683187936,0.7697730440579982,11624.182233587244,0.9996537343705174
direct_conflict_relevance,theta[299],0.6398344516256923,0.19877535016272097,0.6589556372040217,0.2708722303378047,0.9980741446626739,12127.151749969418,0.9999811126237041
direct_conflict_relevance,theta[300],0.46805916033196043,0.20548586891786597,0.4713356986597269,0.05573490178641115,0.8308686177691671,11766.124021696765,1.0000446336097732
direct_conflict_relevance,theta[301],0.24705329874379778,0.1674411778555912,0.2231425215159768,9.604381287235158e-06,0.5616026884787578,14774.041114840511,0.999778140491295
direct_conflict_relevance,theta[302],0.2615981497378831,0.16418372647156862,0.24425115935113512,5.5579184290435096e-05,0.5598370661124369,10903.810537751984,1.0002369050497002
direct_conflict_relevance,theta[303],0.3442526946463245,0.18102588228812894,0.33851079409456775,0.00011771971678803485,0.6547462267220994,14160.888946582612,1.0000760805615143
direct_conflict_relevance,theta[304],0.2856460634725543,0.16380936223920173,0.2750038274558368,3.070679187735855e-06,0.5711254191859851,10542.18775896511,0.9997442325385713
direct_conflict_relevance,theta[305],0.16862407663324222,0.12128419597530536,0.14765314899207382,4.0387916102124056e-05,0.39656572622828806,12943.771595332793,0.9997562172971984
direct_conflict_relevance,theta[306],0.5839981324071569,0.1809359538880842,0.5963277886742662,0.24424357194135465,0.9370094357306967,12791.69464384627,0.9999478107926335
direct_conflict_relevance,theta[307],0.6930998081837333,0.17743086370026365,0.7143175008058975,0.3669058885975002,0.9999877775791386,11606.190111507947,0.9998492034645677
direct_conflict_relevance,theta[308],0.7003630127010511,0.1928385912417151,0.7283197017895824,0.3340421439860264,0.9997478554578374,12590.962809743058,0.9996801006959523
direct_conflict_relevance,theta[309],0.5543974332125278,0.19980178847475688,0.5667206598438259,0.16148137423353207,0.9255586832180852,11715.465315750189,0.9996880955047468
direct_conflict_relevance,theta[310],0.2307555768980867,0.15822080450018655,0.20623470355104911,0.0005510716959077128,0.5313520516233997,13130.366170087176,0.9997992558314023
direct_conflict_relevance,theta[311],0.54828379280542,0.19014337405445328,0.5602428323353048,0.1749224730857484,0.916384822682244,11947.250947226989,0.9999409548996449
direct_conflict_relevance,theta[312],0.8654429574926784,0.09929868709273156,0.8855183656039662,0.6745716569414876,0.9999757975413857,11453.778665208054,1.0000277464607636
direct_conflict_relevance,theta[313],0.6590765102270599,0.16376923130039792,0.6723783967048881,0.3475962553847625,0.9650646390376405,11376.443346315726,0.9997511898121066
direct_conflict_relevance,theta[314],0.6186598816121084,0.2101427972462067,0.6378943172229559,0.2301118118376704,0.9984490517189629,11455.246674824728,0.9997734276078948
direct_conflict_relevance,theta[315],0.7125397250819067,0.15007564898539244,0.7262833847198054,0.444359192132568,0.9991071107843656,10850.511388090756,1.0003841699975902
direct_conflict_relevance,theta[316],0.7300628784068153,0.18637004050343434,0.7630994373511942,0.3725340236744019,0.9999697437404881,11154.603158117916,0.9998530849365369
direct_conflict_relevance,theta[317],0.7216333377782559,0.16645526665585442,0.7450965626869467,0.4075348747780058,0.9999434568812768,11081.53480837868,0.999997602242627
direct_conflict_relevance,theta[318],0.8862168878327477,0.10244248692184878,0.9155836050727318,0.6779475651738475,0.9999967867063619,12878.981598038303,0.9999150622362505
direct_conflict_relevance,theta[319],0.7509425856216168,0.15996186409792781,0.7726714203932064,0.4528250564096818,0.9993218629426261,13614.911653917012,0.9998240139312586
direct_conflict_relevance,theta[320],0.8739204554169535,0.10463298956826231,0.9008123126659088,0.6667178314620169,0.9999907834269814,14290.314110364676,0.9998676732809728
direct_conflict_relevance,theta[321],0.8490699254995235,0.12172962307056898,0.8784699447197891,0.611279286941404,0.9999899590818863,13287.227131237689,0.9999965611697534
direct_conflict_relevance,theta[322],0.8343967343947519,0.13093346265984526,0.8654165556218227,0.5793615982664798,0.9998576129809633,14825.510237826673,0.9996663589977262
direct_conflict_relevance,theta[323],0.46006497623754233,0.19922777383502374,0.46615617900007605,0.068827241686739,0.8116891600972007,11674.365453453194,0.999786881069217
direct_conflict_relevance,theta[324],0.8190263456292519,0.14383678527392238,0.8520449211234886,0.5390879697778795,0.9999670457456366,13879.458602148008,0.9999079259706946
direct_conflict_relevance,theta[325],0.4944317352154689,0.21766818714031,0.5004175848177742,0.08029127125783542,0.8972028733123206,13713.383942219949,0.9996425747374276
direct_conflict_relevance,theta[326],0.5170767742423082,0.18341769002449831,0.5234579597099436,0.14438405582159103,0.8546251755395413,11212.841890339847,0.9998935251767576
direct_conflict_relevance,theta[327],0.8654765404722258,0.09803328931904842,0.8857546206544431,0.6780769676642847,0.9999863933754618,14526.919885388294,0.999890627011828
direct_conflict_relevance,theta[328],0.5692319405680046,0.1999828716442126,0.5849562674030526,0.17544897002955698,0.9387427260375137,11483.62345235729,1.0000516967675155
direct_conflict_relevance,theta[329],0.8380728151852521,0.11520404139730579,0.8595243374998307,0.6148973511158049,0.9999090221085216,13701.161712577494,0.9996601284648018
direct_conflict_relevance,theta[330],0.6729751653721728,0.1644338413977552,0.6875493178489249,0.3553828491901993,0.9715605771583977,12817.058289074459,1.0006117221618647
direct_conflict_relevance,theta[331],0.9143040721921649,0.07872891951652379,0.9361008518750664,0.7571739962007104,0.9999566547400232,13996.037328376802,1.0000841637603408
direct_conflict_relevance,theta[332],0.800447168937354,0.15323679406554588,0.8359419823531107,0.5029920368044216,0.999706729370261,12017.686368768416,0.9998050217402693
direct_conflict_relevance,theta[333],0.5876577004788235,0.2013846319202556,0.6038176480645454,0.21069425977911121,0.960982398046165,14436.03776266989,0.9996506968839491
direct_conflict_relevance,theta[334],0.46702225879406406,0.19892107244489224,0.4755264259950275,0.058847772332608336,0.8239250076253778,11437.166792676677,0.9999026826611133
direct_conflict_relevance,theta[335],0.5707953607930673,0.20380350961692312,0.5871158217471341,0.18023924636495633,0.9506723294522297,10473.772853625931,0.9997489837620752
direct_conflict_relevance,theta[336],0.8518362803522956,0.11745902576136068,0.879009860065576,0.6177256660401496,0.9999953127267491,15123.8322063781,0.9999356027698006
direct_conflict_relevance,theta[337],0.8441210260660907,0.11922569090494028,0.8696646506821036,0.6115387496909863,0.9999968918701791,14926.184560224043,0.9998378915185785
direct_conflict_relevance,theta[338],0.6813205288237508,0.18722751194142154,0.7053497836232058,0.33375646367814726,0.9998194877290778,12237.961390647173,0.9997299719137064
direct_conflict_relevance,theta[339],0.8936468942154375,0.09422340228589314,0.9189479941966667,0.7076208231562061,0.9999925645311777,13565.618374861037,0.9998403493089885
direct_conflict_relevance,theta[340],0.9467701013480618,0.05083653413767782,0.9618552945722278,0.8438007468282148,0.9999967684439195,13564.745980352789,0.999767231842614
direct_conflict_relevance,theta[341],0.5465693095148121,0.2093272755974617,0.5606097854786247,0.12853521889389607,0.9224643592924838,11754.503550356412,0.9998123024065928
direct_conflict_relevance,theta[342],0.8634596927099466,0.10605346122545574,0.8876605802608374,0.6561215484527213,0.9999903484196078,12875.21936684353,0.9999048495676351
direct_conflict_relevance,theta[343],0.8990456396204887,0.08931065568048499,0.9237726298468263,0.7207500618900158,0.9999688042334645,13984.661211630551,0.9998731809730177
direct_conflict_relevance,theta[344],0.89648119543177,0.09465387018427233,0.9218407168123203,0.7094429861666617,0.9999988177156995,13914.617758587381,0.9998251992813549
direct_conflict_relevance,theta[345],0.9435049308437837,0.05302093375110112,0.9588492551265592,0.8366987450953046,0.9999999159438095,13159.257319362336,0.9995335558329884
direct_conflict_relevance,theta[346],0.9395757364251365,0.052643822377823765,0.9536829215741549,0.8362010852791778,0.999979148409495,14075.19605304355,0.999917206069226
direct_conflict_relevance,theta[347],0.7204009889778585,0.151204515979035,0.7356694621515267,0.4450789632784171,0.9982732732150662,10447.406419870762,1.0000620434009628
direct_conflict_relevance,theta[348],0.8264535823124244,0.1305563988922302,0.8518989671461268,0.577439457455191,0.9998312170380728,15326.596240395591,0.9998063042479403
direct_conflict_relevance,theta[349],0.8327700204810453,0.12824268289215102,0.8590877881023877,0.5866899778228007,0.9999992190337939,13248.602461710283,0.9996120858079511
direct_conflict_relevance,theta[350],0.7169932030179565,0.17888079277502386,0.7433172658296319,0.3797349123790856,0.9997040079757025,11611.86953418864,0.9995803852783087
direct_conflict_relevance,theta[351],0.8913496892089057,0.09378366871810505,0.915619274196418,0.7021638410202802,0.9999758161121968,13769.6291135093,0.999832283309718
direct_conflict_relevance,theta[352],0.7739100610540355,0.13426954845167527,0.7895567637790788,0.5265928233022215,0.9976234649996828,14108.839267233789,0.999732348859308
direct_conflict_relevance,theta[353],0.8532940893462524,0.12136557349860626,0.8843948792436027,0.618825590621818,0.9999748727311911,14358.320146509548,0.9996602191925739
direct_conflict_relevance,theta[354],0.6082914201528874,0.19809001061750167,0.6243365298973852,0.23399266020596196,0.9803953464530479,10582.56960330518,1.0000100699885108
direct_conflict_relevance,theta[355],0.3078430847510222,0.17818913511320958,0.2953643052322752,4.056681114139301e-05,0.6261203543589379,12165.684157459786,0.9997999746490105
direct_conflict_relevance,theta[356],0.8816745098658033,0.09165385071237002,0.9003216435322119,0.7052606779298239,0.9999744337815633,13553.030059593368,0.999839920754056
direct_conflict_relevance,theta[357],0.8943428227612921,0.09016912782166306,0.9174825848804549,0.7175710323067834,0.9999883728731598,15486.115168554581,0.9997849856929386
direct_conflict_relevance,theta[358],0.904098153196004,0.08476035474868046,0.9273336401531849,0.7349810342159292,0.9999738898750936,13303.455029672572,0.9999626631007934
direct_conflict_relevance,theta[359],0.9114607450263813,0.07105154154828901,0.928052531727076,0.7736185628702992,0.9999195766206442,12817.29093469102,0.9996701351349786
physical_violence,alpha[0],0.4021340366365091,0.057766042244780956,0.40203566726135376,0.28949074881243414,0.5161554652920288,6382.784327342329,1.000680399023428
physical_violence,alpha[1],0.10171971599305864,0.05491965323656977,0.10141131967651243,-0.007486071361064792,0.20430771556381688,9975.74068232727,1.0003260962271996
physical_violence,alpha[2],0.014287692878854358,0.04721884687826014,0.01401860389191005,-0.07785901049908815,0.10519173735352139,11039.100776046736,0.9998654209215643
physical_violence,alpha[3],-0.11622511542846685,0.0819686332107121,-0.11473324540794273,-0.28087386011664817,0.03915098446031242,4786.517003960397,1.000626852844828
physical_violence,alpha[4],-0.062023892482234076,0.040890190734527446,-0.06217838288770315,-0.1399151003907433,0.019515873887622933,8544.385361052207,1.0004062895688766
physical_violence,alpha[5],-0.2441687853727051,0.8954766681304223,-0.243836465571391,-2.001436421280578,1.5084207792429765,13386.743683454413,0.9997653210739085
physical_violence,alpha[6],-1.8960946762160724,0.2964528459552407,-1.8910624573955368,-2.464399779112047,-1.3050372191364747,5597.923188620278,1.000979926617792
physical_violence,alpha[7],3.3637394706776154,0.38611902788664065,3.3651374632190993,2.5589536245341042,4.072826058721603,6001.614752461492,0.9995716940179372
physical_violence,alpha[8],0.539470079646946,0.3735287249251038,0.5379130928642158,-0.165214401511533,1.2824362098942537,4807.26156068867,1.000895101252644
physical_violence,alpha[9],3.016449648664238,0.3716626129027459,3.0149858325030623,2.2765194531066975,3.723603342930361,4453.728533238871,1.0004277807312705
physical_violence,alpha[10],0.5381735473024877,0.21224757743682088,0.5414478951006352,0.1287999016748038,0.9644840988452911,4220.391867810091,1.0001927216403745
physical_violence,beta0,0.18747781980623995,0.010622575913928638,0.18770287522564444,0.16495309647816422,0.20668211699620895,764.7264113045102,1.0016526654747864
physical_violence,beta1,0.7790342953959248,0.010077932614270793,0.7785708929674305,0.7602524215310418,0.7993242079381476,1188.9333245004477,1.002406241718958
physical_violence,gamma,0.7045674594704899,0.2292295296531779,0.702401832028919,0.27936530161152556,1.1711486842546552,8621.954267613612,0.9998678165790389
physical_violence,sigma_y,0.9000895335453973,0.03400772650837361,0.8994468723373144,0.834338306830111,0.9681038626513048,12763.827294148197,0.9997030423218956
physical_violence,theta[0],0.7723798383957244,0.07781663733242256,0.7740397191028651,0.6241473978369696,0.9259495891353177,10197.744490207648,0.9996797166003635
physical_violence,theta[1],0.8208104065135381,0.0627702998897603,0.8220211244147586,0.6999708168363205,0.9483462929239921,8368.60370261702,0.9999689949008864
physical_violence,theta[2],0.5705644683141148,0.08671823684731367,0.5710963201018113,0.40196807390278727,0.7389083764302043,8898.579724705258,0.9997520072130387
physical_violence,theta[3],0.35415513498642703,0.12134922803539092,0.3505971813669849,0.12347395460303952,0.5905852127326228,11368.689493085107,0.999812044223775
physical_violence,theta[4],0.2794045951107435,0.13073688193497954,0.27405508898027064,0.03361683694334334,0.5236373324479895,13846.341465290929,0.9998791599906984
physical_violence,theta[5],0.27325799754168123,0.13998060861757206,0.26094576917070944,0.0002435035397716685,0.5208516477791676,12350.53168227401,0.9999741210842993
physical_violence,theta[6],0.5706590873559547,0.09603480419276632,0.5712229059053484,0.3748763525318514,0.7518159924206266,12772.257974281334,0.9996906011358175
physical_violence,theta[7],0.6316928249726464,0.09435690383234624,0.6341033011425661,0.4463164752913448,0.8108739548633972,10304.443731710471,0.9998009506919432
physical_violence,theta[8],0.9241190132545096,0.05851813979061701,0.9367574170038093,0.8111888579826007,0.9999824242050832,12207.020368631127,0.999739897970581
physical_violence,theta[9],0.9748707868481014,0.021408371856378547,0.9804442214296694,0.9323512591367739,0.9999990255299359,11054.995242578942,0.9997083640159746
physical_violence,theta[10],0.6873226838189056,0.07528862550439078,0.6878248804718892,0.5387382846344372,0.8289482265048834,8501.723960030118,0.9998415422921807
physical_violence,theta[11],0.5930316218646384,0.09065097742652611,0.5932246714324081,0.4188163991989716,0.7725402371696267,12026.800259584283,0.9997225633315469
physical_violence,theta[12],0.623647392540728,0.14492585465321375,0.6272347530288257,0.36063829370438255,0.9244821824667151,11905.325896008462,0.9995640114633795
physical_violence,theta[13],0.4006936521221274,0.15573613974616318,0.3959428124394798,0.09983469021309492,0.6949137397254157,14370.946382270891,0.9997382464165497
physical_violence,theta[14],0.537453913126142,0.10787637321369437,0.5381425978954071,0.31898568773630714,0.7394930092003758,13293.987770910331,0.9997867451902063
physical_violence,theta[15],0.6802380982945531,0.10748607021564721,0.6824959720481983,0.47648064083327335,0.889975823454787,9769.94063288555,0.9997647679437487
physical_violence,theta[16],0.28594438138431566,0.12244399343076079,0.2817593098046819,0.06079968048024593,0.5345430841131598,9380.638560175967,0.9997389362916675
physical_violence,theta[17],0.7462834313895645,0.09805855934094411,0.7482070638478056,0.5525491219593588,0.9382678430799388,9237.749149889883,0.999785268956764
physical_violence,theta[18],0.10149875594903698,0.08056613556059802,0.08430507916272184,9.627208183341633e-06,0.2613448476921338,14019.124853268242,0.999651666278147
physical_violence,theta[19],0.06750668616092775,0.05919755391478459,0.05138995608895442,2.0516413014547694e-05,0.1844945181350863,13476.02837271277,1.000125939344438
physical_violence,theta[20],0.0775424243395288,0.0674639124993525,0.059260688201311564,1.5205945827816002e-06,0.21171293591165408,13833.992233957648,0.9998389679705608
physical_violence,theta[21],0.17710994182160883,0.10789676816878137,0.1653912441554663,0.0007801286298984907,0.37633167566004055,12114.079282940947,0.9998792400738642
physical_violence,theta[22],0.47810639857461446,0.13334874333783922,0.47692903084720073,0.21520984806276966,0.7400832117159392,13303.688402922324,0.9996720036259398
physical_violence,theta[23],0.8650175798606429,0.08243195162510446,0.8741253127616819,0.715351508958318,0.9999984624669177,9296.222367929266,0.9999071162167595
physical_violence,theta[24],0.7412805661077878,0.07562783861980153,0.7430399900072094,0.5888059407588535,0.8807630785489542,9421.439250540689,0.9999133947071904
physical_violence,theta[25],0.9610452863918795,0.021877158386621166,0.9622914264801103,0.9230175024554756,0.999952378584815,1966.946965642335,1.0012923062232155
physical_violence,theta[26],0.5074484713887003,0.025312639474368844,0.5074192159738193,0.45958064737752324,0.5572777022919522,2400.60009064829,0.9999877763898436
physical_violence,theta[27],0.08782372641012592,0.043777616125327275,0.08544227515845738,0.0010853494552065714,0.16393600104979658,3661.9779247538017,1.0002735569522632
physical_violence,theta[28],0.5047443738183325,0.051212926129540495,0.5051478656511692,0.39851638836690023,0.5991428843656023,7405.462654958524,0.999881345320511
physical_violence,theta[29],0.3396852615261268,0.07156550680671833,0.338847255368241,0.20575890015080572,0.4828412421764351,8596.62863751307,0.9999591961896364
physical_violence,theta[30],0.12398384817379528,0.07274532437945105,0.11709849749952403,0.0008555148264176034,0.2562562012903376,8397.127029943404,0.9996454888690014
physical_violence,theta[31],0.32516226038795626,0.09748563819702492,0.32238084919371957,0.13397232984984092,0.5120908240973083,12123.936894837156,0.9998655144415206
physical_violence,theta[32],0.4392083674304711,0.12597953400858897,0.4379065823489642,0.19215899795059546,0.680436875401838,12258.83641431175,0.9998253930807132
physical_violence,theta[33],0.724443317655777,0.07253736122460903,0.7257275892986037,0.586110541928699,0.8671723138126256,9297.427569640227,0.9999569837337752
physical_violence,theta[34],0.5746353530540257,0.0657357194014421,0.5746716337259145,0.4456713626370602,0.7010277379444253,10760.28462368601,0.9996878198682142
physical_violence,theta[35],0.09662200116031354,0.07222606132845626,0.08247265598511777,0.00013463934293407473,0.23607482493453136,12238.319468954316,0.9996922177348012
physical_violence,theta[36],0.20159970537754102,0.09765893040128341,0.19608960617754248,0.027676945660164813,0.39782897553334934,10661.355800162564,0.9997558023912535
physical_violence,theta[37],0.09889816903339135,0.07226324857162683,0.08515105706042102,4.492106709997979e-06,0.2385109545577546,11606.391621398547,0.9996704698191599
physical_violence,theta[38],0.41245762452278995,0.07504414531038353,0.4121667804444411,0.26588952391560894,0.5575435830415912,8477.982843073965,0.9998413232567759
physical_violence,theta[39],0.5349085401330547,0.08578578097727561,0.535413478314932,0.3666156357890011,0.6934893148505694,11472.751112131493,0.9997038933699458
physical_violence,theta[40],0.5659864286266836,0.08691574485454275,0.5656071798088859,0.39856685290709126,0.7384409324463309,11203.456135471995,0.9998212152450567
physical_violence,theta[41],0.771129321004642,0.06956847151259293,0.7718262218637959,0.6365557885211806,0.9058521380117025,8439.260225514543,0.9999258147420992
physical_violence,theta[42],0.052966766070420966,0.04646843927146708,0.04026603011280299,2.0637334661888346e-05,0.14744057578840533,13085.541104060301,0.9998594712659795
physical_violence,theta[43],0.3947117642508312,0.13258226590121597,0.3910401001925129,0.13867521578134562,0.6526774927170084,9862.953167539223,1.0000881403981812
physical_violence,theta[44],0.18466374527809842,0.09132410032572746,0.1791840196049928,0.005313790677194247,0.3498131111639913,9935.234238351739,0.9999277249424662
physical_violence,theta[45],0.15537851269870026,0.10938448018991555,0.1359268386141813,0.0001304283616225596,0.3604346993638817,13271.13399266931,0.9996225797226324
physical_violence,theta[46],0.14266928642474316,0.1087569597119533,0.12021179298711884,1.5939392215813305e-05,0.35163841176922145,12667.171601951764,0.9995408606421078
physical_violence,theta[47],0.10427853965296778,0.07700698260682662,0.08904109794904423,9.292521824442487e-06,0.25018922808151167,14493.197025460415,0.9999946560107983
physical_violence,theta[48],0.6784196917967508,0.10085700024026002,0.679763811323058,0.4822729776447916,0.8772937916220978,10600.211513175931,0.9997136022473292
physical_violence,theta[49],0.7452844488967084,0.07334138325381054,0.7467696039536214,0.5965735222771777,0.8812603332761527,9506.674111722401,0.9997314785527072
physical_violence,theta[50],0.4136259494773365,0.08669212944324921,0.413386486756904,0.24494159501218823,0.5794516431149123,12309.368702560034,0.9999128419127257
physical_violence,theta[51],0.15725297236201555,0.08671259599328288,0.1502366340980752,1.5392135719993117e-05,0.31104654370568063,8010.375136610406,0.9999796580526753
physical_violence,theta[52],0.08822116721248358,0.0680417471313147,0.07257286290298512,6.768560562014463e-06,0.22161113093772652,14677.84737903281,0.9997205466482013
physical_violence,theta[53],0.655991130742402,0.09430976381330901,0.6572592852214505,0.4773754729284645,0.839982010188904,10815.53345096631,0.9996829699929795
physical_violence,theta[54],0.04372733497370725,0.04207835420146663,0.030564546507463736,6.341192779547172e-06,0.12930582825709416,13071.642116961806,1.0000029016889742
physical_violence,theta[55],0.6565188002996143,0.09789346349292358,0.6582273027735926,0.46007703617703194,0.8441473444206635,11664.118665165022,0.9996881884627694
physical_violence,theta[56],0.6985690913190161,0.08383835483583191,0.6995232486223745,0.5368408863945139,0.862212667983358,9555.901211759843,0.9997126631770298
physical_violence,theta[57],0.5575774851450029,0.09041059082419851,0.5579751024984443,0.3778817848366559,0.7314808066507306,11335.95728400855,0.9996555445277928
physical_violence,theta[58],0.42408986166692,0.15020440633770704,0.4220442692049692,0.12372490869061224,0.7042643424812933,15525.357707362335,0.9996232825727652
physical_violence,theta[59],0.15994175578014638,0.11425304858295146,0.13644632929226655,3.814643450884628e-05,0.378441288365269,13605.635222754343,1.0000305823303084
physical_violence,theta[60],0.4615712282335308,0.13084477559254115,0.4586757146115997,0.20617099643062886,0.7125514252303665,11255.807985803584,0.9999754273517382
physical_violence,theta[61],0.5029861826273502,0.11218897364210666,0.5024386741158255,0.2879699382807245,0.7217767228870866,10511.697114829813,0.999726424377876
physical_violence,theta[62],0.29382273675800014,0.12398659726616046,0.2893869140251946,0.05684086271071042,0.533407988423385,10748.395958688861,1.0001413300508173
physical_violence,theta[63],0.29532505062983416,0.13708055131122843,0.28817745815165907,0.03420451641912478,0.5573943873156426,10330.09602871437,1.0000805797038799
physical_violence,theta[64],0.3291855795612885,0.1410741925902929,0.3246547630022072,0.058078610531681396,0.5992695553792466,11075.876290119935,0.9999046808964208
physical_violence,theta[65],0.4319373106462773,0.09779292669167523,0.430320009554811,0.24035727720905883,0.6205107144126115,12821.1258105383,0.9996091356805229
physical_violence,theta[66],0.4682898029235402,0.1728001595222023,0.46781245956471884,0.1329568980451429,0.7962736824270036,11076.502910722627,0.999921621178874
physical_violence,theta[67],0.11419724146206474,0.07569805036055281,0.1027580789556371,6.473841282667581e-05,0.25688703167117627,9485.985650228171,0.9997287613024252
physical_violence,theta[68],0.06498606833879045,0.055072327089852054,0.05086696540464768,1.1376328664225507e-05,0.1738590421609054,13470.134064172345,0.9997800046234394
physical_violence,theta[69],0.7275784755873149,0.06951382430480021,0.7292644330545794,0.5922003472516163,0.863571194254648,9166.402304551797,0.9996078854368501
physical_violence,theta[70],0.5937003433614297,0.07654809274484713,0.5932739454535483,0.44277298748293803,0.7386552135009086,13163.03703940429,0.999700969169691
physical_violence,theta[71],0.72604207229412,0.08505763077024445,0.7275191810895028,0.562311189753936,0.8907370224420872,11012.302957160571,0.99987008735668
physical_violence,theta[72],0.7503537172528307,0.07960611986880158,0.7513483723137521,0.5928970648803534,0.9051623528891974,8978.997036737293,0.9998040084030456
physical_violence,theta[73],0.17619568776737002,0.08835978224804583,0.170466929201067,0.007979619378012226,0.33649601253611694,8722.185665529836,0.9998513885119521
physical_violence,theta[74],0.96601683328671,0.025092883247523814,0.9706173441606104,0.9190073860129166,0.9999829062909379,5852.785751553718,0.9999457578013017
physical_violence,theta[75],0.06625479119598086,0.04962029639490287,0.05631109443465346,2.1422742306723216e-05,0.1631627312488066,9175.0442166951,0.9997238531638627
physical_violence,theta[76],0.7894327729044948,0.050275399208964906,0.7899767126446262,0.6924729501349174,0.8883597274521554,6743.266670349952,1.000084132678022
physical_violence,theta[77],0.154916527009188,0.06575308289749326,0.15286426567682074,0.02449688643390689,0.28178009844562907,6169.780337352691,0.9999876643056304
physical_violence,theta[78],0.12604337135453228,0.0787393256214982,0.11523364871110582,1.3349160689459555e-05,0.27108077821399784,9108.043142953542,0.9996563680085845
physical_violence,theta[79],0.6203337513138805,0.08378419100524234,0.6192514656198725,0.46305234576937715,0.792318269634014,10275.856944055453,0.9999738615944996
physical_violence,theta[80],0.757832101657327,0.0665232227286527,0.7596015028730723,0.6178022619861433,0.8786627174071836,10292.483714047923,0.9999158006320054
physical_violence,theta[81],0.17982282513527642,0.08973256528055631,0.17358334668162712,0.007868455851835623,0.3436711197257539,9937.832702602715,0.9996728928711646
physical_violence,theta[82],0.5508057414695138,0.08776908592608373,0.550931992167386,0.38670041307169517,0.7272994911276592,13241.966284049335,0.9997031737863832
physical_violence,theta[83],0.43974014346784024,0.10251483235013333,0.43889214814263067,0.24135176927845212,0.6386582667929489,14283.867475292374,0.9995715356163196
physical_violence,theta[84],0.43686211173374834,0.10505132183337537,0.4355480154093127,0.23001954455941304,0.6422569482960825,12644.162822172608,1.0000095403730835
physical_violence,theta[85],0.6149262651366095,0.08857026259308831,0.6155387615451005,0.43791169938733293,0.7831678528835128,10547.176951348738,1.0002090160438941
physical_violence,theta[86],0.7814998027310524,0.06660372894713314,0.782705281558784,0.6479851316399075,0.9086656987570656,8299.079051247438,0.9996448964085022
physical_violence,theta[87],0.6908185300918556,0.015315961702159746,0.6910975823083941,0.6594168566361382,0.718691042542802,1106.3195655391241,1.0012883074166552
physical_violence,theta[88],0.45207282325335807,0.015371352899948081,0.4519470541867211,0.42089537100285696,0.4812555600250154,967.5485822108925,1.0006861437300476
physical_violence,theta[89],0.5754713413694837,0.02724973669974684,0.5753226776262191,0.5200329296798939,0.6264472723988436,2972.616916777132,0.9997980623551923
physical_violence,theta[90],0.49609393564585486,0.14720861135788518,0.49498248653317223,0.20788796928039624,0.7723130873444621,14798.500476451576,0.9999090903045034
physical_violence,theta[91],0.6364986500212683,0.02044878111970745,0.6364757473953608,0.5945782090635747,0.6744902813150773,1919.397309221131,1.000068614725325
physical_violence,theta[92],0.4650913871679198,0.02060596372251828,0.4650961335512647,0.42581202627496656,0.506949147897268,1831.5222204337115,0.9999779589244842
physical_violence,theta[93],0.6252785167510683,0.020297122225159794,0.6251973004831197,0.5866584145411824,0.665912786168614,1791.5149289148155,1.0004840492526035
physical_violence,theta[94],0.3766801859395114,0.022536778734164663,0.37676343524623723,0.333436522787532,0.42187009696586,1787.885151436463,1.0006746746699262
physical_violence,theta[95],0.3700387224100297,0.023009064268682662,0.37035831609813963,0.32355097505921393,0.4124655896455737,1834.8844169416668,0.9997130152164336
physical_violence,theta[96],0.3524708225412011,0.02394196279452605,0.35193033517424377,0.3083463403749616,0.40175043264659405,1838.2032666489165,1.0003832732016222
physical_violence,theta[97],0.31659320567143184,0.025951112748511227,0.3167088508156218,0.2646316277785429,0.36557492110865397,2224.2569773419555,1.0005184797410454
physical_violence,theta[98],0.31243876694646394,0.024631325686037864,0.3126040809544619,0.2644168038111401,0.359561581432659,1929.155672913337,1.0003863582708805
physical_violence,theta[99],0.3944692698545035,0.025890090457276867,0.39477031828590925,0.34236711497406314,0.4446258436513765,2507.903177628379,0.9999575665626091
physical_violence,theta[100],0.3926736661129036,0.024157894003486568,0.3925798136439064,0.34274805947440284,0.4374885399697253,2111.435564554133,0.999991031238941
physical_violence,theta[101],0.1749033052552551,0.026638438636507444,0.17514022336297833,0.12410724245103232,0.2286693893958764,2102.166849288066,1.000432177944076
physical_violence,theta[102],0.3611210155853868,0.023202598699071455,0.3614994810872826,0.31510627277825204,0.4061252042259155,2005.3983472308853,1.000154213755118
physical_violence,theta[103],0.4190708755221161,0.024007655512077543,0.41888742123666445,0.3710497316152007,0.4657670367057263,2187.4776163624783,1.0003170755239317
physical_violence,theta[104],0.6286133691603976,0.024080779580226155,0.6286201631964069,0.5843601250865245,0.6774718093392134,2331.585402545713,1.0002294886877834
physical_violence,theta[105],0.41679217866170604,0.02763734386587021,0.416562289398869,0.3630408557670911,0.4721185580461014,2406.347408772776,0.999761344212827
physical_violence,theta[106],0.4649791882837982,0.03043073423355837,0.4652366737113144,0.4054430513385942,0.5257690004711004,3221.7148701392475,1.0001164520362726
physical_violence,theta[107],0.6960784432422036,0.02906613612085883,0.6957022036981566,0.6412747657287722,0.7554376448345245,3382.492797497975,1.0000027547657235
physical_violence,theta[108],0.5084086416674692,0.021168671777494468,0.5083545818291073,0.4681572555313852,0.5501498449072003,1806.2832257172008,1.0001763381603495
physical_violence,theta[109],0.26855673792715,0.02261488210847661,0.268428975266891,0.2249192969051284,0.3123325179821704,1591.790588856115,1.000189772206239
physical_violence,theta[110],0.6074560111924675,0.02807599654430152,0.607379156214201,0.5541833312881556,0.6647408582146401,2941.9435904247557,1.0004732236581784
physical_violence,theta[111],0.45129181534589524,0.027429053207324323,0.4514824742047947,0.39585711753717245,0.503228490658887,2702.856937104195,1.0003991475029077
physical_violence,theta[112],0.5317895224113596,0.027938403919033506,0.5318147182183035,0.4771078156639794,0.5859318765920802,2941.2916032799913,0.9997745703295456
physical_violence,theta[113],0.5702466655574365,0.020238224902643084,0.570506674129003,0.5289384915712957,0.6093339421499134,1758.2665153211938,1.000131311160408
physical_violence,theta[114],0.6287504475435114,0.02436023810798905,0.628851168789492,0.5813230260202336,0.6759357794569401,2327.5188288411937,1.000853682728165
physical_violence,theta[115],0.4326474100479837,0.03353675826587261,0.43220168351375277,0.3709689287793713,0.5007491300735384,3897.284505229052,0.9997877156810069
physical_violence,theta[116],0.2839492176273806,0.03501559220519729,0.2836356033698735,0.21488593058253042,0.3538285423157369,3521.1115079076358,0.999850472754347
physical_violence,theta[117],0.33300789610691034,0.03503925161262017,0.3335100323809474,0.2627722798529637,0.40136654752126094,3887.6808891844453,1.0000383246554814
physical_violence,theta[118],0.34220326270337714,0.03936161462828718,0.34225575039115497,0.26530124699665175,0.41952970329172773,4313.023485137099,0.9999818223209693
physical_violence,theta[119],0.5834413405534781,0.033425173323542674,0.5832880026562066,0.518572127464602,0.6485981057286802,4006.302393780337,0.999995275634361
physical_violence,theta[120],0.20757963426157577,0.029737554723469957,0.20791351781701056,0.1495976273585854,0.2653170496147217,2597.205471785149,0.9998556411479864
physical_violence,theta[121],0.24786260943126623,0.030971620546548777,0.24801339579640222,0.187430006626174,0.30825782796348267,2761.3749614575436,0.9997922877724732
physical_violence,theta[122],0.06274568855342162,0.028302332589019177,0.062022344546241476,0.006837825391842983,0.11552429071217794,2011.1397920141228,1.0014388202778128
physical_violence,theta[123],0.4421514234545452,0.031511400188001464,0.4416643758334003,0.3778580153886436,0.5024247387129345,3683.0241138073343,0.9997896667404189
physical_violence,theta[124],0.13535262758438568,0.03473521769203774,0.13522695609987884,0.06756297585054806,0.20185005053920768,2599.5326862500106,1.0000286448269282
physical_violence,theta[125],0.7700380096115774,0.027514496847347733,0.7699915985075766,0.7164777753004523,0.8228300648280951,2710.833388971709,1.0003819651314991
physical_violence,theta[126],0.570989788148003,0.03594272162735608,0.5713483210770579,0.5000640574792108,0.6410847779075998,4502.891645526782,1.0001689972088863
physical_violence,theta[127],0.40932507457075945,0.03882704210011101,0.40938012674926016,0.33382046004832033,0.4855332231361859,4341.088558080696,1.00021715308641
physical_violence,theta[128],0.36084695815410844,0.03833856479111381,0.36125975150141054,0.28293978287570687,0.43301939726186195,3975.8986290907387,1.000014032807894
physical_violence,theta[129],0.4870244237915386,0.03478344385473371,0.4873870206654155,0.41918356757073244,0.5548838352976402,4271.992130313185,0.9998506384730853
physical_violence,theta[130],0.5209631204859171,0.03271579334842108,0.5211527372573485,0.45415300669836595,0.5836177978836298,3855.9189451103393,0.9999344437770677
physical_violence,theta[131],0.5479612176379527,0.050188664304420226,0.5482117903075214,0.4452038172370478,0.643219445797654,8521.304282912133,0.9997959679029571
physical_violence,theta[132],0.3022166036200794,0.06298292166629427,0.3020026478540633,0.17700213108417523,0.4256857153403475,7818.051608214827,0.9998626900198118
physical_violence,theta[133],0.5217793021199192,0.038546645431663966,0.5214880778194815,0.4495959598954394,0.601416198440844,5271.913956562047,1.00010162392383
physical_violence,theta[134],0.16841170285984283,0.03652075427503875,0.1678836957848292,0.10044554137494008,0.24192581816188413,2871.304930565095,0.9999366474626125
physical_violence,theta[135],0.1342348005288063,0.033745125957723235,0.13379523355975886,0.068139699568729,0.2000428630187275,2678.6609997694395,1.0001928424241917
physical_violence,theta[136],0.44694575823836097,0.03343750648568212,0.44717478836831476,0.3810037823680741,0.5124704954759933,3529.6585136202434,0.9998592792860455
physical_violence,theta[137],0.5684872432402076,0.02591175281200765,0.5685232749218887,0.5183644217883586,0.6196007160603832,2844.0017768781463,1.0001582870239014
physical_violence,theta[138],0.25022132020714993,0.03031982144944824,0.2500204590747447,0.18935678997059285,0.3078407330803478,2932.470552399486,1.0000484789832094
physical_violence,theta[139],0.11394444242274306,0.02626653879734782,0.11373480313367715,0.05929171313032787,0.16264227244342055,1774.4806719267913,1.0005150236369562
physical_violence,theta[140],0.42767993106454866,0.025835979114099364,0.42751011039325093,0.3737450487388733,0.4747300044023913,2471.398991235834,1.000121135863101
physical_violence,theta[141],0.4760095480386226,0.03535675796272927,0.47629871300477766,0.40842935839173167,0.5453575393522135,3887.6536767919497,0.99972616147922
physical_violence,theta[142],0.480380124016463,0.04112964750060748,0.4805492600034282,0.40283829337074495,0.5634198695198436,5714.292969274808,0.9999485145189478
physical_violence,theta[143],0.35588748622582533,0.040849617312059994,0.35579757487083763,0.2738481642709984,0.4335445622705044,5027.239251237186,0.999967543975506
physical_violence,theta[144],0.7056037283064892,0.07327500975289007,0.7067123100598194,0.5625563909378942,0.8430366498852906,9710.098193253672,1.0003280769314642
physical_violence,theta[145],0.9109522877117044,0.042903789447886434,0.9129485735566959,0.83315337857027,0.9936745293090481,6036.863414641309,1.0001879248642513
physical_violence,theta[146],0.44408954597951383,0.05866577465692368,0.44487938864085097,0.3286069660039505,0.5620242831847405,9293.733422682817,0.9998186183610843
physical_violence,theta[147],0.6079239363470768,0.03993356286198582,0.6077528114846404,0.5337373880456173,0.6891825919547822,5004.814139321989,0.9998077510106174
physical_violence,theta[148],0.5317221376704496,0.0669591892423812,0.5319154239015753,0.4001011600869267,0.662824648010347,10136.26537371932,0.9997498962200001
physical_violence,theta[149],0.601436566669917,0.06745930291927675,0.6012116565945815,0.4698690953750619,0.7289934360044338,8658.60998982396,0.9996499717471556
physical_violence,theta[150],0.7039749640727271,0.07287367270858208,0.7045470569073266,0.557386715052266,0.8415728319941044,9768.358495586433,0.9999045639959582
physical_violence,theta[151],0.8579769306344852,0.05580743272650975,0.8598365814996536,0.7491557854120734,0.9655452010013948,6104.328303399649,1.0002039744355062
physical_violence,theta[152],0.9243890396758813,0.04518187184994134,0.9292762510091528,0.8412808704261883,0.9999658470460077,7338.778846816683,0.9998792640582334
physical_violence,theta[153],0.8112900776873764,0.053248121576673225,0.8119810383292196,0.7074920255201507,0.9164897807448067,8143.810525351832,0.9997405175552461
physical_violence,theta[154],0.786489209021145,0.07260849598036678,0.787358257737522,0.6436826245270807,0.9263163009766653,8172.6281355563915,0.9997734786169596
physical_violence,theta[155],0.479269933199926,0.05925615056276324,0.47937927311688566,0.3631416685962032,0.5959970727043504,9134.354796669088,0.9997139049374277
physical_violence,theta[156],0.20090084174503645,0.04977222371510201,0.2007370525212265,0.10597546025683642,0.2979962354016213,5093.91416501318,1.0000525606548938
physical_violence,theta[157],0.9574757732534651,0.03126198949298259,0.9629182698960144,0.8988092103972362,0.9999782594104785,7799.247986537814,0.9998145380984073
physical_violence,theta[158],0.5290518314793591,0.07254109813698645,0.529724817531803,0.37996714459184167,0.667507765437754,10793.914645902829,0.9999525216054861
physical_violence,theta[159],0.7096674275235978,0.0618322686560028,0.7101149348826012,0.5910715768889259,0.8327194791798634,9127.542514264382,1.000005849550141
physical_violence,theta[160],0.895059636436343,0.0621266891552611,0.9016311899831055,0.7821533530046458,0.9999215588668123,8154.872692618833,0.9999656460126048
physical_violence,theta[161],0.6397866463741407,0.05723949343531365,0.6410829545603536,0.5280929037521356,0.752238708221014,10116.890301158599,0.9996831107163899
physical_violence,theta[162],0.9347225515239599,0.04447614772478352,0.9421157594180146,0.8521106952619056,0.9999988414394516,7303.144931249011,1.0000215219371502
physical_violence,theta[163],0.8051796966424994,0.06010860033081871,0.8055241089370455,0.6875825724181299,0.9240246130006922,5222.424835763289,1.0000372620946245
physical_violence,theta[164],0.9609391322096158,0.032730012138967916,0.9694544965338406,0.8964479618446857,0.9999990584559711,12550.697110123816,1.0001277566807558
physical_violence,theta[165],0.9497959220670202,0.04399806108165176,0.9616039192196537,0.8627778226967991,0.9999931881664251,14388.444561661878,0.999759398376216
physical_violence,theta[166],0.5624122296952454,0.07005978479812172,0.5635197484108314,0.43069439376336205,0.7035931948674087,9538.169189011322,0.999696847216761
physical_violence,theta[167],0.6578813177601092,0.06984140533917964,0.658511106797848,0.5298710771840609,0.7993474655875435,9192.61353592781,1.0000876117055635
physical_violence,theta[168],0.9532311685493969,0.036275475548621046,0.9616202261189143,0.8833947203260701,0.9999581810755352,10199.024337728037,0.9997507600942543
physical_violence,theta[169],0.6672374252859341,0.07668318799488213,0.6685480698495581,0.5109296790927781,0.8096480269598694,9712.651417457877,0.9997476010649129
physical_violence,theta[170],0.7453865905726891,0.07047033204303275,0.7467538811902493,0.605747645421868,0.8815188684191276,8566.100639815473,1.0000099813250622
physical_violence,theta[171],0.5649699214069098,0.06690848389079448,0.5659109468682972,0.43885565021592604,0.6975312959590563,9914.289806168734,0.9998526906398445
physical_violence,theta[172],0.511934775013799,0.06643932995752062,0.5115649189236895,0.3859736645874992,0.6468612256053068,8602.52907901287,0.9996346398487873
physical_violence,theta[173],0.5201298029041151,0.07910513575298371,0.519774701406936,0.36269099612822847,0.6719843940401552,10401.966412125741,0.9997832080548179
physical_violence,theta[174],0.3927968753257628,0.07841932122454129,0.3920265356430751,0.2396541049108189,0.5455947627612064,9913.614931668748,1.0000116461767135
physical_violence,theta[175],0.5712601980438716,0.07699849413546198,0.5704120461899815,0.42304248752245677,0.7227806620534963,10093.564490525841,0.9999876954941057
physical_violence,theta[176],0.29532667548765507,0.06419165504679443,0.29418773374438506,0.1703974219153459,0.4216240832438648,7301.3366814811325,1.000289039074138
physical_violence,theta[177],0.5498094193777534,0.05894076555698115,0.5502242181503847,0.4321156831503699,0.6622441506091808,10524.23154643905,0.9997874652944568
physical_violence,theta[178],0.7948131846279306,0.04678710908601205,0.7945195753125366,0.7068202859627245,0.8898352316261496,5825.653111704676,1.0001747536568821
physical_violence,theta[179],0.8046795446235918,0.06036469535138164,0.8055250327737562,0.6887538442562002,0.9264335321552059,7243.60220161473,1.0000334750202418
physical_violence,theta[180],0.683459373613605,0.055055964898605904,0.684188864769101,0.5759081913523102,0.7904739581407667,8526.01055564916,0.999693259858028
physical_violence,theta[181],0.7004364519349178,0.045947337274678646,0.6999980986790427,0.6140735386775776,0.7926390629202397,6898.022231962457,0.9998594838690323
physical_violence,theta[182],0.6600293728094203,0.0313084268537338,0.6602535814562545,0.5973829046685208,0.7179909284362558,3898.6587237524,1.0001406049454056
physical_violence,theta[183],0.5413020063354642,0.030537530558210964,0.541140920691361,0.48400079654742667,0.6035874667039351,3497.8624050312337,0.999812728182373
physical_violence,theta[184],0.7015585335544882,0.04367507534909367,0.7016958344381607,0.6160410530204788,0.7860865486296096,5016.175826999023,0.9998467353198537
physical_violence,theta[185],0.685689183804625,0.08292376603161557,0.6861856258480314,0.5202250575403906,0.8448318511732252,10744.741449415447,1.0000454262476954
physical_violence,theta[186],0.47901702410440994,0.03340337884612536,0.47902800249070704,0.4144766130162897,0.5456412111790717,3998.4265591442822,0.9998357297447331
physical_violence,theta[187],0.4381265403143916,0.02716050360881072,0.43788286919131886,0.3862453964805117,0.49241650361099765,2992.0245792270525,0.9999707272870424
physical_violence,theta[188],0.39416159304822496,0.037227181888129776,0.39400414678877616,0.32253483308603564,0.46878752953161157,4415.630872048814,0.9996858109077358
physical_violence,theta[189],0.510053875111796,0.039826157246290024,0.510068878010467,0.43154147890957484,0.5874827684467394,5256.667555375527,0.9998359556120531
physical_violence,theta[190],0.31304375395513123,0.04602828164011466,0.31202577991609215,0.2255548002869136,0.4060680967800904,5391.271643680605,0.9999196458498415
physical_violence,theta[191],0.46127413371694237,0.04401274426042337,0.46179936247183717,0.37444346852651933,0.5455058523452975,5621.001236244337,1.0002225364912638
physical_violence,theta[192],0.20111924892374894,0.06104250442429266,0.20044089442230006,0.08494512550190396,0.3199403994198432,7070.773962370762,0.9997228134163654
physical_violence,theta[193],0.3862038743642014,0.062012727994763206,0.38673987260494513,0.26960599744067926,0.5107135134120878,7642.774178046815,0.9998818562136128
physical_violence,theta[194],0.21010873110487777,0.058470541946319794,0.20923009352857863,0.09887555740960685,0.32708299235862026,7157.17224497069,1.000661654985326
physical_violence,theta[195],0.2761238278008502,0.053342591758184836,0.2754731990069841,0.17366748694926987,0.380481631816429,6710.18177117362,0.9999706168170589
physical_violence,theta[196],0.4306654152615485,0.06391148988411471,0.43098654131509995,0.2996205778969016,0.5488608223417928,8895.1735317624,0.9998406128428673
physical_violence,theta[197],0.07079316955316517,0.047473656517995406,0.06423711173138613,2.609726947035008e-05,0.15914155212436026,7197.713644080977,0.9997355869710489
physical_violence,theta[198],0.07144304677188734,0.05123282463468256,0.06267000366017109,3.503073366966138e-06,0.1681957641673992,9483.207827418697,0.999619914743954
physical_violence,theta[199],0.48998095668883224,0.08900718645294992,0.4904920792845383,0.320786070234827,0.6664141049324424,12013.824728663662,0.9997418755932734
physical_violence,theta[200],0.19115249879764376,0.08592353176628555,0.1869491757435051,0.021059425304496247,0.3496861378204995,8202.061254072498,0.9998009338640841
physical_violence,theta[201],0.1445312769281174,0.07545109570441184,0.1396621158722106,6.532714841194681e-05,0.27847554557259624,5694.206215624232,1.0001582126445905
physical_violence,theta[202],0.4458785227722809,0.09203038369464421,0.4444601433903213,0.2710761239739565,0.6310147020880549,10096.93430652106,0.999636260351127
physical_violence,theta[203],0.9366655898278884,0.044436849217516755,0.9447885980498321,0.8526731828766279,0.9999671763884408,9077.223956942098,0.9998299445539492
physical_violence,theta[204],0.34673613273298737,0.08415911463413075,0.34609522455043906,0.18294296507723815,0.5111051908971771,8629.997214462212,1.0002168589598976
physical_violence,theta[205],0.3486559802309862,0.08632016006902056,0.34823811172720315,0.18001329797225488,0.5179015889219997,10102.511379133222,0.9999608017896169
physical_violence,theta[206],0.3832292942365526,0.09058737748497334,0.3810902400774586,0.20462848007400675,0.5612599341077371,11216.457344103304,0.9998182370007609
physical_violence,theta[207],0.5690972074518511,0.07200645031953502,0.5682063222060862,0.4314520068421687,0.7104866207721254,10975.054472889135,0.9996736973034139
physical_violence,theta[208],0.46029758743820126,0.09982611792299162,0.45943194139822513,0.2630368249412026,0.6517849774004433,12268.848153452891,0.9997779356444396
physical_violence,theta[209],0.38272922457617226,0.0958486832651927,0.3820416286004624,0.19667502084966318,0.5712274471900682,12720.31885894502,1.000121011391318
physical_violence,theta[210],0.6869889936791124,0.05845294936969775,0.687124192749708,0.5692061909973406,0.7974758172194382,7416.86881512546,0.9997406020778773
physical_violence,theta[211],0.5842673903595111,0.05248500885797033,0.5844593585777675,0.4841864333694347,0.6867221677915777,6918.677956470682,0.9999468280932626
physical_violence,theta[212],0.3516452927145778,0.07994396125299943,0.350057805574401,0.1959808189181904,0.5057343140762682,9747.934755316484,0.9997770320493108
physical_violence,theta[213],0.7433265718298335,0.07022801427963508,0.7441574049012681,0.603301100356196,0.8796496450406752,9420.682081206913,0.9997007158658707
physical_violence,theta[214],0.5597693216374281,0.07803189426096145,0.5600807311708543,0.4072222360367835,0.7125854476009691,9796.16811901437,0.9999953984130259
physical_violence,theta[215],0.5025451217318279,0.09085502777879427,0.5021544946643178,0.322670577354411,0.6770498292696858,12326.915614572277,0.9997611931280366
physical_violence,theta[216],0.7226287887015604,0.07836731067442437,0.7231581826798075,0.5690861119765693,0.8745559114599076,8197.16783929129,0.9998996658427938
physical_violence,theta[217],0.18099334146417317,0.09709059983915928,0.1719101231324578,0.002173476211806969,0.3550348233981755,10691.483602542026,0.9995820659369862
physical_violence,theta[218],0.5101588904850966,0.09739931163769512,0.5108777312773408,0.3239669801870237,0.700833553987072,11274.893219283806,0.999843023021988
physical_violence,theta[219],0.6762641627676426,0.08053233345193354,0.6778540685825607,0.5163395827453495,0.8288552147239288,9748.942507410922,0.999933786569623
physical_violence,theta[220],0.63118670259338,0.06735477022851373,0.6316726008321258,0.49794040687758584,0.7585144736733174,9779.781788537646,0.9998008783439722
physical_violence,theta[221],0.1284296761265427,0.0485945419273564,0.1274080203893727,0.03736736539906015,0.22651552205727923,5105.854368583376,1.0000292316432682
physical_violence,theta[222],0.041209050193244785,0.030427553027869033,0.035789604755157495,2.078687241286372e-05,0.09976329451265745,6532.175322287066,1.0000494205546067
physical_violence,theta[223],0.39272353501547613,0.08495040572463754,0.39054590747048146,0.2317029925927035,0.5560930290261389,11582.556180559566,0.9996708794792112
physical_violence,theta[224],0.4134330515657524,0.08550728161912086,0.4130560352086504,0.24956304193346926,0.5858225157670173,10765.716845361469,0.999624903410082
physical_violence,theta[225],0.4726455383940278,0.09270301644111295,0.47310372633348297,0.2972831523165614,0.6542192131353265,11024.802848542182,0.9997217226207968
physical_violence,theta[226],0.6222948443784345,0.07504896701851081,0.6221528348120887,0.4717304601963062,0.7695903275733659,10518.428023012737,0.9997614734535086
physical_violence,theta[227],0.36290130416055105,0.07506397694170341,0.3619190209237044,0.21262180895943358,0.5080341719124538,8455.662353966867,0.9997256350788639
physical_violence,theta[228],0.11578285923395039,0.06139763724298821,0.11152198067262947,0.0007418841511944141,0.22309750335024572,6965.1570820174065,0.9998654054378733
physical_violence,theta[229],0.6941028144473445,0.058363257974072935,0.6941125119645838,0.5808784487209976,0.8082430804134493,8610.958818354116,0.999868936319138
physical_violence,theta[230],0.1494598665559545,0.07612802330512007,0.14461334663026182,0.008139033061157168,0.2905876185910548,8855.51145856631,1.0000386142829578
physical_violence,theta[231],0.7278382802740926,0.06764920444149454,0.7278416030574992,0.5919611264829923,0.8572456984385178,8020.021892942246,0.9997887781504521
physical_violence,theta[232],0.5840334702726276,0.0626056648871878,0.58502094219403,0.45705749222348985,0.7032965684262946,9659.588029927248,0.9997772329612956
physical_violence,theta[233],0.26408258526199696,0.1032892914848637,0.259248418286242,0.06583627353877018,0.4682437701670278,10299.21743536573,0.9996383725831095
physical_violence,theta[234],0.19904827618911997,0.08297880862972097,0.19630196489571583,0.0432692054989249,0.36429111934653735,8293.507349774078,0.9999923020219195
physical_violence,theta[235],0.0546826909659654,0.04387003294004574,0.04452402100919327,7.082026093549373e-06,0.14084020060488153,12344.844171359693,0.9998115254827759
physical_violence,theta[236],0.21681070083728585,0.07780607007475987,0.21608543513560405,0.07260105665774873,0.3753737180522218,7978.680656972852,1.0000905991040958
physical_violence,theta[237],0.19176047681478364,0.07194852426126296,0.18857633188063985,0.04061815892462144,0.3211138667985153,7027.100071986425,0.9999048575194184
physical_violence,theta[238],0.1383683696875192,0.06759995361239009,0.13457416321901108,0.006095389930052028,0.2585767402682744,6640.714607984392,1.000016252204199
physical_violence,theta[239],0.3947554355341098,0.07844991138982527,0.3950771653594488,0.24319741884535742,0.5479831076235435,10402.479610139568,0.9999605812140286
physical_violence,theta[240],0.29422925382219955,0.09016332807718738,0.29306889712907613,0.11537351871959169,0.4666119087544254,11036.716102217193,0.999729637635776
physical_violence,theta[241],0.11577285496974876,0.06934432005791531,0.10866258317253959,0.0002683392549023604,0.24089909693893405,8745.71607486544,0.9996104836284163
physical_violence,theta[242],0.07148008554171634,0.060353306367541694,0.055696571322019536,1.8485541685855547e-06,0.19349481441432081,12952.073647957473,0.9998683962014928
physical_violence,theta[243],0.08739952227507586,0.06958696516015246,0.07211481620582605,6.506994275384676e-06,0.2231756315556003,14447.212024589671,0.9999827581707044
physical_violence,theta[244],0.28386021071979206,0.09973457838135082,0.2821552878465421,0.0941368107039115,0.48109628991699,5990.438966659704,1.0000836098064345
physical_violence,theta[245],0.3798496250779925,0.13818243055843346,0.3755771679738186,0.11720654285471475,0.6507220449512349,12603.991327160993,0.9998397450677471
physical_violence,theta[246],0.2773031380356661,0.1074817978544423,0.273702381824911,0.07596808141519029,0.48998454206445685,10450.050575813066,0.999612873406943
physical_violence,theta[247],0.04127624280170713,0.03939357103181583,0.029725911755663435,2.229180299213101e-06,0.11855363181173914,11948.894977011274,0.9998722813416486
physical_violence,theta[248],0.05345423285958757,0.04764497704371449,0.040176426712875815,4.737689162578732e-06,0.14909281388361525,14383.946079955833,0.9996699475417781
physical_violence,theta[249],0.1817620514733303,0.0851872788792213,0.17703852108275941,0.013166683597548221,0.3403559179827054,6889.50541916007,0.9998402671797592
physical_violence,theta[250],0.07371028792111416,0.05940090156607798,0.05963221905186902,1.2039524648093713e-05,0.1895457801931182,12589.93783130277,0.9997244354203417
physical_violence,theta[251],0.6178753653304773,0.062152191011498915,0.6177103505251322,0.4927107041291114,0.7376240893192216,7865.68746767361,0.9999097173874755
physical_violence,theta[252],0.09040223940552485,0.06795352265466743,0.07569386483728094,8.219964264365797e-06,0.22007377465620906,12437.152162441722,0.9998528425978683
physical_violence,theta[253],0.16892968415687884,0.0877123986661992,0.16115815077681084,0.0006449782532008722,0.32460327003604955,9227.76158737558,0.999855552968195
physical_violence,theta[254],0.6157019466941602,0.10044645088762974,0.6156724627211672,0.4158377415988948,0.8062300075981913,10568.653263772041,0.9996862765255983
physical_violence,theta[255],0.9238084850334614,0.05550607894227486,0.9343663151209828,0.8185555640893368,0.9999738801144531,11125.37161006732,0.9998352296158568
physical_violence,theta[256],0.13077562197832837,0.08518701810006561,0.11801711118298414,8.570880613195447e-05,0.2892594936648855,12665.368314827934,0.9996850106365645
physical_violence,theta[257],0.1777849159934454,0.10286953127129053,0.1670469833785027,0.001829521345715847,0.36715501721704197,11980.401883252087,0.9996095737246445
physical_violence,theta[258],0.08767706593960019,0.06545039343089563,0.07444495946153987,3.705747641499065e-05,0.21559253699990996,11592.81037643967,0.9997591592670334
physical_violence,theta[259],0.276782330268264,0.12364911656548486,0.2724740463726978,0.03623182081924432,0.507026206200182,11545.492347397645,0.9998383851639225
physical_violence,theta[260],0.04774701782789531,0.043684379618886736,0.03511674581641713,5.847551508753228e-07,0.13383731716309363,12857.699149120197,0.9997327304907156
physical_violence,theta[261],0.22409471937725947,0.094875329695828,0.21937383319821302,0.03592829348186514,0.4011158334415876,10849.220955171733,0.9996014912043831
physical_violence,theta[262],0.22648612277350233,0.09967059582001762,0.2215554337066451,0.03973947476921739,0.42196660246838086,9122.791175284852,1.000693119165362
physical_violence,theta[263],0.40573292255948523,0.08661429714547424,0.40532116178985655,0.2365195679487991,0.5759536350279204,13435.846289534747,0.9998754892129436
physical_violence,theta[264],0.5476914694293528,0.10014927082907862,0.5480426778674456,0.3526343718118946,0.7432683487205145,14538.600764327322,0.9997023907526835
physical_violence,theta[265],0.4809070403506587,0.11071552939536294,0.48064672846301193,0.2718998746616804,0.6995261702091176,11976.572535393283,0.9997249136447323
physical_violence,theta[266],0.43239418407002733,0.11328114715828712,0.4299021358568377,0.2193724222282701,0.6543274832465902,13130.17826985552,0.9995991183915168
physical_violence,theta[267],0.19920225420454432,0.11751211192916294,0.18536215339506684,0.00014414154697628583,0.41103356701800964,9063.232199521155,1.000036238233928
physical_violence,theta[268],0.4440398946035669,0.11824768397156099,0.4435187921194458,0.20853800985282872,0.6671622546643,14173.74530042518,0.9998901226564317
physical_violence,theta[269],0.24589352570178363,0.11464209306905196,0.2412850323763138,0.019262363238688473,0.4574124002866223,11158.049343617886,0.9998280003124862
physical_violence,theta[270],0.7559118506737493,0.07679359250225308,0.7566484009634473,0.6041091666463132,0.9039533915386451,7725.345307968166,1.0001493735810705
physical_violence,theta[271],0.9634699177670872,0.02969301154692624,0.9708916939182204,0.9052533481474015,0.9999999569374715,10158.859116269245,0.999854227229976
physical_violence,theta[272],0.14407930027191326,0.07077196853493027,0.1405580648035839,0.008024974894382753,0.2725840317600718,6624.166355189335,0.9997062861862042
physical_violence,theta[273],0.44172012922524256,0.10897111161260704,0.4401666439774252,0.23694902082747923,0.6597357605792333,11288.99060723307,0.9995808506549783
physical_violence,theta[274],0.5399593136964009,0.09301387889490251,0.5392728218966509,0.3688766503180301,0.727844197951703,11830.77629785811,1.0003367692987537
physical_violence,theta[275],0.441617767710625,0.11827258550821139,0.4404280386470248,0.21522014050385424,0.6765813880800569,13053.791231126634,0.999678736110317
physical_violence,theta[276],0.5032865329321818,0.08160219519806991,0.5028554967394925,0.35207066686702343,0.6721041726234811,10963.646836237054,0.9999035515749087
physical_violence,theta[277],0.1530051984963074,0.09301714812990748,0.14213274933235948,4.3306765058082385e-05,0.3202672242088182,8310.056815198797,1.0001800092341664
physical_violence,theta[278],0.11004584507308368,0.08250301561683829,0.09307322497050849,7.740148094309588e-05,0.26958328361699124,12042.435904968654,0.9995329821647713
physical_violence,theta[279],0.06790594908996016,0.058001134984989725,0.05283166640736518,1.6624797044530348e-06,0.18186708589734202,13110.66865474654,0.9996184641276963
physical_violence,theta[280],0.4370139574813802,0.12409925717177066,0.4362577670260228,0.20470049930840814,0.6906473618754276,14619.108694341821,0.9996341402020588
physical_violence,theta[281],0.23463725594666773,0.11070639783556524,0.22892694467635244,0.01877689706848314,0.43702600400974817,11577.699957142455,0.9998313978057515
physical_violence,theta[282],0.3119177482917727,0.14736085868842136,0.3055993720015079,0.02688871804194268,0.5882319537007595,12714.939175178757,0.999991176474281
physical_violence,theta[283],0.3213272796054513,0.16131703030558736,0.31012245675415906,0.025951342302509225,0.6258250891124751,12297.530169924097,0.9998603964721308
physical_violence,theta[284],0.3329560744158304,0.13880044080491682,0.32731653069331346,0.056179691110138055,0.5942878335842458,11646.770390803838,0.9997715760820739
physical_violence,theta[285],0.119411593531753,0.07767736086522907,0.10933549537875652,1.8368047233101075e-05,0.2655150597208833,10650.891064750598,0.999730047921305
physical_violence,theta[286],0.25930247704933024,0.11527888601926592,0.2520230763503898,0.039924805200478246,0.47657986946705605,11035.343254318996,0.9996982313776605
physical_violence,theta[287],0.08519002476698424,0.06699897710348214,0.0701633016376383,1.318143856661996e-05,0.21587285823234578,13843.861839413652,0.9996677314983896
physical_violence,theta[288],0.15681967286668427,0.09881673445330512,0.14454246022316386,0.000517255299288882,0.3401864569692635,12644.504828518442,0.9997838392108276
physical_violence,theta[289],0.5086832341963002,0.09211455835579056,0.5089353899667932,0.3327215706406293,0.6924322327436471,11740.413191226744,0.9996395436755079
physical_violence,theta[290],0.1653992465431539,0.08057232515787682,0.1611527197561519,0.012355344659295735,0.3140805708552382,9012.76228278131,0.9997506002152323
physical_violence,theta[291],0.8040396673301773,0.05025054770377689,0.8034533967305508,0.7045433975970625,0.9017488003864653,5616.210884842836,1.0001338476928427
physical_violence,theta[292],0.7895677751344651,0.04177994096973397,0.7887166982617764,0.7096907924206582,0.8729305055994151,4848.73777084223,1.0007527327728714
physical_violence,theta[293],0.11599604739530348,0.054818660444939625,0.11418380448216485,0.008199958476106052,0.21697036045319815,6180.733594011696,0.9997144729109743
physical_violence,theta[294],0.6249387913593057,0.09409682745018343,0.6265653734840955,0.4399631858533903,0.8109822413945595,11316.550899214257,1.0002574900502845
physical_violence,theta[295],0.7892505422023959,0.06128501086007369,0.7904204652188116,0.6709611330528176,0.9096334987825441,5826.9779093449115,1.000384817884186
physical_violence,theta[296],0.5779433601145383,0.14485434802648747,0.577902835773105,0.2939394221920703,0.8568601252403105,13446.567926811416,0.9999355936658351
physical_violence,theta[297],0.21516753942990738,0.134282561085364,0.196971840142378,8.141151274330369e-05,0.45940138067913555,10055.157284887782,1.000148414389899
physical_violence,theta[298],0.171295958809369,0.11387235471692607,0.15333972033155407,8.14963055339187e-05,0.38312982141477836,12560.124577198374,0.9997702585764346
physical_violence,theta[299],0.6119327856228937,0.17108441030496663,0.6166269650887148,0.27139264006689134,0.9318889500399543,12703.714003210935,0.9998144950360246
physical_violence,theta[300],0.41860115756425387,0.16781870641806487,0.41389757687677964,0.10873469017183698,0.7510504304389726,12874.273119045592,0.9998426262751922
physical_violence,theta[301],0.262975913741896,0.15249780250553815,0.24779536923103268,0.00028484491194716646,0.5387431360389711,12655.831623360038,0.9995531848536682
physical_violence,theta[302],0.2745991082156173,0.1355580505346019,0.26741441005956046,0.022693605710741416,0.5312910991529203,11601.097788864176,0.999742675282007
physical_violence,theta[303],0.6950667077002151,0.14011799345018364,0.7009535325219498,0.43102456948426343,0.9658507429651882,11600.520902413064,0.9997550131101183
physical_violence,theta[304],0.2585270332990978,0.12960813425561932,0.2501838757073058,0.0160905723869444,0.5003051131646403,11610.01934422825,1.0000668173860596
physical_violence,theta[305],0.08739274016498666,0.0727501161861958,0.06990891844381883,1.4604501067680824e-05,0.2323146542349497,13351.503201987474,0.9997359868440675
physical_violence,theta[306],0.48343454188847107,0.14508674655772671,0.48203749953359365,0.2021348794484708,0.7632132757755792,11815.637052421156,0.9998247212870757
physical_violence,theta[307],0.7804055342719292,0.1276775817275987,0.7919041576194128,0.5515793252001001,0.9999197917418394,12677.594973239204,0.9997302608765524
physical_violence,theta[308],0.569814236097959,0.17140119947529164,0.5706976817667831,0.236652233359595,0.9015808284121072,10430.897568601986,0.999739906446659
physical_violence,theta[309],0.17702047499078308,0.12372038735326223,0.15602086374981777,1.7697469884942117e-05,0.41293032308385635,12916.312010827594,0.9999391747631821
physical_violence,theta[310],0.29209885329443913,0.14913008431829863,0.28188939144005426,0.014139649700754695,0.5603507495770333,13991.310820469063,1.0002434714064674
physical_violence,theta[311],0.5830375995343198,0.14958394130207706,0.5838611538588852,0.29479564280698556,0.873163727960125,11837.776230181731,0.9996522850644233
physical_violence,theta[312],0.8371786169145,0.0966237469411006,0.8479263118796143,0.6613985458158551,0.9997395619357881,10375.339590455422,1.0000929690755682
physical_violence,theta[313],0.5869260958865402,0.13749679635333928,0.5886532692070421,0.31839241975533744,0.8646415308919236,14554.44520156545,0.9998857961958334
physical_violence,theta[314],0.37111826789079394,0.16578020250823666,0.3646573256034794,0.04832577062869376,0.6881689122011125,10392.44840032407,0.9996711718726699
physical_violence,theta[315],0.8136319933838249,0.1108254733660273,0.8265214857238089,0.6140205118023655,0.9997272268095047,12197.793237384967,1.000037664455197
physical_violence,theta[316],0.740856216350238,0.15056988330537388,0.7555919972922454,0.4694864157107343,0.9995017540025951,12502.56468893833,0.999918310515964
physical_violence,theta[317],0.6282560656332399,0.14277912449320546,0.6301875280104123,0.3578589141075341,0.9062486318969769,13682.148790938027,0.9998253487217827
physical_violence,theta[318],0.9205320672704583,0.07156052757559656,0.940246648353356,0.7742488664787717,0.999992497149268,12614.766319169958,1.000010621147443
physical_violence,theta[319],0.80667614967057,0.12133577695996994,0.8209235251520064,0.5794624763725661,0.999818529508098,14104.44418409615,0.999743536600989
physical_violence,theta[320],0.7812962537413791,0.11981793463046223,0.7924137982381743,0.5661014920486441,0.9977474901977914,9029.480618090138,1.000095970746832
physical_violence,theta[321],0.7297136192858281,0.14064504618252519,0.7402790574575275,0.48271984832079595,0.9997799031329696,12727.049220990826,0.9998736699407078
physical_violence,theta[322],0.8715960212139343,0.09967747620612755,0.8943429147447061,0.6795022574496009,0.9999249549407316,14255.79012610668,0.9998907787188834
physical_violence,theta[323],0.2836737173579493,0.14854921543771468,0.27107380671416614,2.180344677791363e-05,0.5460950523940044,9834.820329649332,0.9999034929388141
physical_violence,theta[324],0.9040006602253752,0.08384553284474966,0.9257225869250786,0.7355776490135941,0.999944716965654,13729.976214827473,0.9998387485717767
physical_violence,theta[325],0.2690646106822816,0.15438737131344116,0.25389665770182207,9.749208768502918e-05,0.5489068866365299,9967.535524701532,1.0002055502747629
physical_violence,theta[326],0.7754630632762955,0.12773623268343073,0.7866437419870616,0.5495332736367509,0.9998949147911029,15496.21288331469,0.9997206581180185
physical_violence,theta[327],0.5862062503835657,0.11943714902044093,0.5875105314164917,0.35090842386505094,0.8163127593405872,13225.936803937891,0.9998305604503597
physical_violence,theta[328],0.6777946341614622,0.15470488897931492,0.6830951948723907,0.3953390530783552,0.969498187324214,10799.546049732138,1.0001037943765865
physical_violence,theta[329],0.6474912596893978,0.12252833962138192,0.6486525517539536,0.4042923504873445,0.88216078478757,10420.586399530968,0.9997275126686253
physical_violence,theta[330],0.8682623198125883,0.09306523101360335,0.8842114169518357,0.6894880341442405,0.999970992967916,11032.884598544773,0.9997682154500859
physical_violence,theta[331],0.934542469280528,0.059962965674579476,0.951895915656708,0.8131397269658059,0.999993542515441,13623.122559949292,0.9996085104283456
physical_violence,theta[332],0.7856861013065908,0.14151747074029136,0.8056846205886291,0.5221690122673078,0.9999900068039886,15244.513336841517,0.9996730374707666
physical_violence,theta[333],0.5286139601206501,0.16680893709041705,0.528807376320197,0.2187930306438916,0.8667950662479125,12042.326347765884,0.9997739131116916
physical_violence,theta[334],0.3543185731499174,0.15688299907545958,0.34662859736809115,0.07094565181566898,0.6710798423041453,12049.683268890574,0.9998019367325325
physical_violence,theta[335],0.7071316083119411,0.15563479385012247,0.7169575566952866,0.42715656309136835,0.9971436716859355,14527.707645749477,0.9996180197617118
physical_violence,theta[336],0.8868863598383244,0.08693558854769669,0.9047593531564233,0.7200512903654425,0.9999601559185003,13835.089780040584,0.9995876978121041
physical_violence,theta[337],0.8223175936572686,0.1171757294829044,0.8397860903394525,0.6063588215057819,0.9997289342248599,12230.629225307106,0.9997863228629227
physical_violence,theta[338],0.7803787088975337,0.1372108639683271,0.7981842601509559,0.5309758777385921,0.9998463425659295,13063.410241471036,0.9998506861504697
physical_violence,theta[339],0.9110127808623032,0.07570668305936196,0.9301509317626379,0.7607655196019947,0.9999826535821522,12776.03518797645,0.9996599706772954
physical_violence,theta[340],0.9071087873889775,0.07166226386618897,0.9225872960647555,0.7691524412864479,0.999985678164589,12035.709156683946,0.9999119246817455
physical_violence,theta[341],0.6769401255049988,0.16102039696057194,0.6871966852836456,0.38836841214350604,0.985091848797873,13220.045869530446,0.9996479438896133
physical_violence,theta[342],0.7850710135293173,0.11838003637264723,0.7954610445899535,0.5776588703862127,0.9999613189396496,11042.587552936764,0.9999765742610646
physical_violence,theta[343],0.8489086873066718,0.10745885684002492,0.867874313092027,0.6421259852968114,0.9999917557592353,10441.891044559314,0.9998603536524372
physical_violence,theta[344],0.9154005935094839,0.07434032012627997,0.9353857284558842,0.768381494959821,0.9999931298785303,14752.041272065846,0.9996658562284089
physical_violence,theta[345],0.9328499196124285,0.057770078873178685,0.9478168197331903,0.8178909867391347,0.9999877342500868,13784.149350166233,0.9997377504884807
physical_violence,theta[346],0.6350194470187225,0.09154715148682796,0.6357148994459361,0.45813381152786653,0.8150589870611612,11619.369349880466,0.9997770525173447
physical_violence,theta[347],0.8586024082305923,0.09929916521774101,0.875561828349736,0.6732035299365651,0.9999864416975408,11859.36420591417,0.9997451843341082
physical_violence,theta[348],0.858603482689415,0.10273577706942463,0.876950689488194,0.6633675088790848,0.9999528873550446,12236.509231518241,0.9998219101326099
physical_violence,theta[349],0.9081348778430675,0.07606757817141949,0.9282681783946396,0.759681874894986,0.9999824844520316,14193.177039353048,1.0001772937075681
physical_violence,theta[350],0.8110830364796227,0.12595843429968828,0.8282367190834836,0.5707977834356576,0.9998450450605006,12631.168501844275,0.9997857830612443
physical_violence,theta[351],0.8087499495674878,0.11477276171867834,0.8219145474944314,0.5981972648915324,0.9984638278492267,13232.272637070317,0.9997537520660993
physical_violence,theta[352],0.8940401241718109,0.08011096099322053,0.910342721443088,0.737408681786808,0.9999934860105677,14592.04167128412,0.999930067587223
physical_violence,theta[353],0.9235479299942925,0.06662675628044448,0.941538649369696,0.7899146520280016,0.9999971249123168,13687.164963642943,0.9998268647774093
physical_violence,theta[354],0.3026969510242752,0.15104193609605854,0.2942663921970595,0.006644600822971655,0.5694919611982969,12442.898115338687,0.9998952159838497
physical_violence,theta[355],0.25381016580287613,0.1397169345039533,0.24240967426902194,0.00043880752172444505,0.5013408017635584,11644.924176223258,0.9998618953494243
physical_violence,theta[356],0.8384486265898748,0.09762744251062652,0.8501544107245639,0.6603606132022574,0.9999732803219086,11761.948911518344,0.9998097083816668
physical_violence,theta[357],0.872843946509166,0.09346444473854575,0.8914348608290175,0.6938942506820224,0.9999921602060198,13420.927420110991,0.999803086154345
physical_violence,theta[358],0.7079483131999948,0.14070814056100656,0.7156112715499319,0.451583554811514,0.9797652468251731,11097.389846102402,0.9997383147846437
physical_violence,theta[359],0.8423970282759473,0.09051362706491398,0.8503908842204475,0.6802669079258322,0.9999882883905595,9974.739549524282,1.0006130725659632
fatalities_present,alpha[0],0.4379581157719704,0.0591915413743412,0.4386035896434374,0.32795790381276424,0.5591928924121438,6859.86372314686,1.0003679009614115
fatalities_present,alpha[1],0.08888493597342625,0.05514355922458774,0.0890173765990562,-0.021279524154064918,0.1941753157171957,6797.6290809422535,1.0003566378421516
fatalities_present,alpha[2],0.01263623806621245,0.048960951601587525,0.012621128440795697,-0.08326348156121927,0.10821990116294025,6848.8086332101875,1.0005807008296845
fatalities_present,alpha[3],-0.06671601267082335,0.08226354688196492,-0.06718218892243491,-0.22612708462804515,0.09246890530046366,5084.585316755618,1.0014330738948216
fatalities_present,alpha[4],-0.0520340983064462,0.04217892203404081,-0.05228556125059276,-0.13422107806195877,0.028349167677663673,7504.2359075011045,1.0005284046014955
fatalities_present,alpha[5],-0.31993378490972463,0.92354532708598,-0.32908408282930735,-2.1748398202381747,1.4222619628125739,6330.9500503688205,0.9999813008433349
fatalities_present,alpha[6],-1.9725263805251119,0.30724642879775554,-1.9695136657022048,-2.6014121851612177,-1.3923543422594722,4622.264836942957,1.0004174153552934
fatalities_present,alpha[7],3.0344248783360843,0.372947643210344,3.0326128245171224,2.317412279210758,3.772189739509504,6115.8827875230145,1.0007307574093425
fatalities_present,alpha[8],0.5664737146729075,0.3837302298705373,0.5668670411800081,-0.21873581230584543,1.2816058003677357,5005.365037187351,1.0015602563725718
fatalities_present,alpha[9],2.9337898221549596,0.38572570446117926,2.927229169139977,2.191880576375195,3.7052287322549122,4023.851663437687,1.0007274345088422
fatalities_present,alpha[10],0.6195405112898509,0.22411029914132563,0.6172483384816629,0.17235107846117903,1.041490551794959,4959.757277914445,1.0009450994601454
fatalities_present,beta0,0.0484506018693175,0.0068246266994384415,0.04823019546648656,0.035998353226394095,0.062414510353254696,1164.3582411698692,1.007873720469662
fatalities_present,beta1,0.7013133812535984,0.012191339979173965,0.7013645253098796,0.6773386232934041,0.7249071432852575,674.9222692538809,1.0080026250651761
fatalities_present,gamma,0.16583040143895833,0.2651589671935423,0.16712826742918746,-0.35324720314952923,0.6854691818248589,7455.046817817542,1.0003602663105902
fatalities_present,sigma_y,0.9127107585701931,0.034067395139436636,0.9114847054782022,0.8477613530444312,0.9781469305826538,9920.763463464933,1.0002385266501328
fatalities_present,theta[0],0.1239688662052015,0.04977384541890846,0.12068391775609236,0.03242317560802488,0.22194497948534583,7531.658411662407,1.0001250236739074
fatalities_present,theta[1],0.06537710484482821,0.03400420067133195,0.06203632874742488,0.0005931513236721123,0.12646574527811943,5622.134469837346,1.000631437400696
fatalities_present,theta[2],0.13507449769988034,0.05429422011423763,0.1310338472567148,0.0356569953131623,0.24387821066810145,9052.388310126797,0.9999704866653533
fatalities_present,theta[3],0.26602015837908993,0.09459646348220255,0.2604079263015159,0.08780828930383887,0.4559893923443945,10766.778723670659,0.9996279593950872
fatalities_present,theta[4],0.11480613787098262,0.07909616640174612,0.10061979920019208,5.139931137654923e-05,0.2664280395753804,11758.745938917924,0.9996435828216063
fatalities_present,theta[5],0.055272534147873226,0.05368451548071086,0.039783137754827474,1.166810490797052e-05,0.16321617238891348,10647.586677911117,0.9997767554676829
fatalities_present,theta[6],0.03826761645943483,0.03205084202316812,0.029745064518484368,1.9053903445454853e-05,0.10155250686892735,10790.043332175426,0.9999792024238768
fatalities_present,theta[7],0.034100435945740463,0.029425174816368246,0.02631038731890723,1.6150426148581686e-05,0.09234235615274086,12103.760427741954,0.9996700387338309
fatalities_present,theta[8],0.029271527873644444,0.027298567690315724,0.021329588129636062,8.269056652971719e-07,0.08543753641417559,12030.024297324333,0.9996759142400167
fatalities_present,theta[9],0.010072699843918042,0.009175110130666136,0.0074233274692744764,2.990576360314178e-06,0.028246216795709943,12301.20572400844,0.9998300975640756
fatalities_present,theta[10],0.05792100627617067,0.036317209327384234,0.05303724218077384,0.0001774881480036071,0.12520065462577043,9467.853637187745,1.000530987240286
fatalities_present,theta[11],0.03729918139868226,0.030578410587786146,0.030023985423749844,1.2062379112037648e-07,0.09764196102312481,14051.814417876289,0.9998571919099952
fatalities_present,theta[12],0.1277492477690004,0.08226859154603706,0.11484006133075145,5.190947573445271e-05,0.2861750209760049,9028.362682830071,1.0005441170440141
fatalities_present,theta[13],0.051399885771232494,0.05049116802618419,0.03569957518531271,1.0821283145047227e-05,0.1518243616223032,13250.731012498773,0.9997857743727575
fatalities_present,theta[14],0.024174122876368522,0.024387482163465198,0.01664132080170041,4.137143643996272e-06,0.07176050557941097,11104.597799433153,0.9997717556889562
fatalities_present,theta[15],0.03155423262434701,0.029315625526780093,0.02329015618487781,1.8044922687116978e-06,0.08916293898711754,10761.114289688483,0.9998455950169538
fatalities_present,theta[16],0.06319780847843726,0.05068530517639947,0.05149637144795541,7.110350670987346e-05,0.16106073286641626,12222.262509882177,0.9998726947571741
fatalities_present,theta[17],0.04260327186249265,0.03543664415215002,0.03446537767683766,4.233634068711166e-07,0.11274021172171612,11785.094057155437,0.9996850418931051
fatalities_present,theta[18],0.23379772003118166,0.10129988810185209,0.22520333768419942,0.04229834210170058,0.4288616169174135,7695.285312954281,0.9997888480502503
fatalities_present,theta[19],0.05618510298660062,0.05114878348679759,0.04188356827120114,1.573463738430166e-05,0.15712009572127242,12415.754078817068,0.9997581884439103
fatalities_present,theta[20],0.14388385224934622,0.0934057901708972,0.12904751825336774,0.00011477540471257877,0.3186782262003066,9331.493336438887,0.9997486681460296
fatalities_present,theta[21],0.3180726660347891,0.10654055298944941,0.311234592285636,0.12273181786484605,0.527557712833028,11448.728826081979,1.0002352055852697
fatalities_present,theta[22],0.24824697948827082,0.10064265763004875,0.24014108809376888,0.06593639983654397,0.45249382808026506,10647.324492310698,0.9997456585852514
fatalities_present,theta[23],0.12163209044773804,0.06260366125928826,0.11510211226143824,0.005603577908766602,0.23631101876478788,7163.632652095004,0.9998125674113557
fatalities_present,theta[24],0.013712442082707171,0.013448895271736592,0.009622724259605158,5.766309895045085e-07,0.03984699447052273,12371.744884186708,0.9998142669116066
fatalities_present,theta[25],0.8847512468296698,0.02500240606826168,0.8841317110926425,0.8352294832368552,0.9323654910314764,1254.5713750206064,1.0033560121389118
fatalities_present,theta[26],0.5177531289503111,0.022605572909326518,0.5177151894945844,0.4722050728323514,0.5612807653896527,1906.6356713395544,1.0036461234068228
fatalities_present,theta[27],0.1577768082124674,0.03377839042055657,0.15723374044017246,0.093095169008961,0.2251649749147264,5492.316538921455,1.0012886149352844
fatalities_present,theta[28],0.19170759511244573,0.034531639826142164,0.19075312946883702,0.1218727198496398,0.2571780823472079,5767.784879614276,1.0010009748457778
fatalities_present,theta[29],0.0761801242613018,0.03847431376353916,0.07276973984076926,0.0073166060462858395,0.15008117469497462,6298.964014475919,1.0009982237242536
fatalities_present,theta[30],0.08398392378003104,0.04962652856455758,0.07698317974330524,0.0002944667212371454,0.1764307135737808,9218.956397940932,1.0001534865643373
fatalities_present,theta[31],0.19024863612260473,0.06886717753194818,0.1858855277812687,0.05821826369155274,0.3197665425242803,8162.839152283643,1.0000864121600168
fatalities_present,theta[32],0.47104761480378504,0.11195045835410145,0.4672065229398581,0.25483736082481645,0.6894399958982461,11432.188981413441,1.0000228898093884
fatalities_present,theta[33],0.026647136782571076,0.021825389043807833,0.021381132284530875,1.0439745319752858e-05,0.06970016547600678,10159.418725146543,0.9999933438546545
fatalities_present,theta[34],0.655275303727913,0.05964868085469061,0.6552553037650681,0.537211039138,0.7711872445412481,6736.513375770241,1.0002403527076476
fatalities_present,theta[35],0.17788992632805695,0.07627381894366546,0.17099567485974557,0.039573453092066994,0.3307051150540067,9869.951751287446,1.0007535442619226
fatalities_present,theta[36],0.1342638221701788,0.06866390135933316,0.1267935552188001,0.0011257800697665938,0.2563757142009103,10033.404223765905,0.9997729280016872
fatalities_present,theta[37],0.07474333419322647,0.05312956428404009,0.06448335341816852,6.782620772815869e-05,0.1775760068986678,10314.699138060007,0.9996947221220768
fatalities_present,theta[38],0.5875152667110668,0.06790554924805879,0.5868856979699386,0.4526767547892,0.7167224896314279,10410.489512976013,1.0008566440705866
fatalities_present,theta[39],0.541397121735584,0.07538615492665644,0.5399060282216062,0.39739143341295546,0.6925577170387444,7074.417945017268,1.000084466011433
fatalities_present,theta[40],0.6267277726842448,0.07915597643672458,0.6275257712882627,0.47218033965897777,0.7776896137212373,6958.4322223504805,1.0000769123999278
fatalities_present,theta[41],0.10494631681840458,0.04293973587918573,0.10177146800694134,0.019381637290185327,0.18522380326711674,6204.3334025384565,1.001479761044896
fatalities_present,theta[42],0.06830204987306197,0.04975098149141001,0.05851774871058556,2.392546284767662e-05,0.1637176268129885,13053.288496581026,0.9997475628493343
fatalities_present,theta[43],0.4222848398972264,0.11113661973624643,0.4178227258377273,0.21333145198444178,0.6399308304380477,12053.73545804457,0.9999540706481991
fatalities_present,theta[44],0.1720225696295503,0.06789032841506491,0.1676691837107816,0.04676865507640061,0.3072845300167828,7432.119506113903,0.9999957062113696
fatalities_present,theta[45],0.07475946408147209,0.0651240362929444,0.05810075709589164,9.178173556493083e-06,0.20401142849944864,15062.892621257944,0.9996871847793782
fatalities_present,theta[46],0.22256253448282337,0.11458221860185697,0.20945290107960945,0.013412631860211036,0.43896592299917364,9283.342979121151,1.0002924909782114
fatalities_present,theta[47],0.19367835397488414,0.08212224972740013,0.186771508738682,0.044487858325899694,0.35352226720730817,13596.938800288845,1.0000065597493037
fatalities_present,theta[48],0.49477091896258546,0.08809278182987922,0.4934768818977744,0.3258316095616847,0.6697961764790002,9774.795932229119,1.0001553453505183
fatalities_present,theta[49],0.11848476781252358,0.04646019491734858,0.1150144521757876,0.030246264023874248,0.20811121630775073,7973.454291374579,1.0004870905019443
fatalities_present,theta[50],0.5106542580326565,0.07653509226045462,0.5088839584196021,0.365162781109889,0.6631181235408394,11293.993378667361,1.0000137120502723
fatalities_present,theta[51],0.0957527799703424,0.057177594722825555,0.08829371596249487,0.0007294065125566692,0.20258181962498156,9962.523058473022,1.0001038627867043
fatalities_present,theta[52],0.113498341522637,0.07260984615338116,0.10226483457746044,2.3995752792428996e-05,0.2476524793070165,4534.628358683241,1.0005679185088932
fatalities_present,theta[53],0.22042665196957428,0.06786001017672612,0.21630741947844387,0.0917518781143513,0.35457147514317894,9746.76515789529,1.0002858547327005
fatalities_present,theta[54],0.05533757503753152,0.050274376058938364,0.041739065166296885,4.502717312617691e-06,0.15394549222116177,12911.489665550584,1.0000784428353608
fatalities_present,theta[55],0.04089093109043905,0.03390284041709672,0.03256729543243083,1.3346236526211506e-06,0.10833011359957995,12535.953525425697,1.0001671233162717
fatalities_present,theta[56],0.7691447337627554,0.07677950562721751,0.7693326208841286,0.6185696330034774,0.9179534958818267,7557.07046240806,1.0005033831613628
fatalities_present,theta[57],0.6257826877561431,0.08590294488739018,0.6259845449185739,0.45978916118385627,0.7975259993420284,7990.781995014546,1.000412348222705
fatalities_present,theta[58],0.4908719953883276,0.13163288692445177,0.4862647213800487,0.24082798734011557,0.7503821639465215,12199.926422917972,1.0001798964569462
fatalities_present,theta[59],0.18545589566193074,0.11056957355895429,0.17086087412051196,0.0005219326546454129,0.38817358701771715,7203.518655473261,1.0004231958197296
fatalities_present,theta[60],0.5129121356170085,0.1135986271397468,0.5109069281113751,0.3018101741123657,0.7415016591011765,10772.845885010975,0.9999045566665451
fatalities_present,theta[61],0.4544820600237966,0.09661220192346115,0.4512061132114298,0.27116119626677293,0.6426027626846379,9877.620608279842,0.9996672230013199
fatalities_present,theta[62],0.4848404714171305,0.1140816068666617,0.48127118068927843,0.26838683128875523,0.7187132928031593,12542.801410515953,1.00008283504379
fatalities_present,theta[63],0.15530371049190606,0.08849394832532657,0.1437062660423161,0.0004410963623235398,0.3187191303583582,9737.559183068981,0.9998779786540857
fatalities_present,theta[64],0.4179379125835287,0.12483219264655145,0.41186132294849676,0.1854391702766387,0.6655137655252849,11428.71040589257,0.9996950387015899
fatalities_present,theta[65],0.21142286426837928,0.06836789040215598,0.20787501116043372,0.07849264076645764,0.34488852085582683,10936.125118331636,0.999922525700296
fatalities_present,theta[66],0.48379260796536905,0.15049644908770282,0.4785139668247346,0.199754315453124,0.7759111468849113,10293.407476550645,0.9996235218147884
fatalities_present,theta[67],0.2206869181861214,0.08005426687132326,0.2152543660279465,0.06924614574493418,0.3766532436945948,9201.037319602818,0.9998358712745509
fatalities_present,theta[68],0.11406569189723952,0.06318260520853991,0.10553605256289808,0.0026874156871836657,0.23095710134113098,8710.809835036845,1.0005271217215015
fatalities_present,theta[69],0.7042640488015395,0.0671058917790768,0.7045109491687965,0.5715656051973744,0.8326075411220001,7081.080162108647,1.0001544904855106
fatalities_present,theta[70],0.556915104900779,0.06891807505574558,0.5556676394100681,0.42213215770440665,0.6892513999789541,7380.6198991539295,1.0005208018090777
fatalities_present,theta[71],0.6196808677781137,0.0799826282884575,0.6195347805329428,0.47313093412107304,0.781753497073199,10323.727322530902,0.9997831277729716
fatalities_present,theta[72],0.7551820725693676,0.07412419666609683,0.756281441856332,0.6163125310239334,0.9065604506628516,6594.857818154176,1.0018180662537466
fatalities_present,theta[73],0.2810230660963497,0.07766727683036918,0.2777363081095591,0.13094242964182543,0.43008008627693844,10908.390451032672,0.9999759195045125
fatalities_present,theta[74],0.3734005932189759,0.035436278211703656,0.37274386982780316,0.30505696856337733,0.44215907322667525,5818.60568590906,1.0015845497004872
fatalities_present,theta[75],0.1090418174933596,0.05074304781072576,0.10515410184146975,0.01405900700135753,0.2096927065992552,6798.9552457699065,1.0007088557037425
fatalities_present,theta[76],0.6890675128481161,0.04845525592943409,0.6884039114785755,0.5957998813265717,0.7843203246292695,5418.169193625931,1.0005335301739886
fatalities_present,theta[77],0.21045902911329326,0.05358781282652206,0.20883346343611475,0.1067517839800476,0.3150672491212204,7291.250870301161,0.9999509746247727
fatalities_present,theta[78],0.29843867278161923,0.08155714250775262,0.2951524396253952,0.14439372665494513,0.463231753167181,10363.937859724614,1.0009107991456092
fatalities_present,theta[79],0.729625045346699,0.0760041299997784,0.7293561340546875,0.5795026645478197,0.8738946672889711,5832.671916858877,1.000150196589867
fatalities_present,theta[80],0.7680694979406754,0.06183157645120763,0.7680310156446093,0.6473717659128582,0.8889354596849067,6097.527937491082,0.9997987090431825
fatalities_present,theta[81],0.20205777442615738,0.07214884194960908,0.1976687759075766,0.0682765078378727,0.3443543943990234,10377.15865655134,1.0003359514945722
fatalities_present,theta[82],0.4527648086778548,0.07860946536643874,0.45072398043128686,0.30678772000052656,0.611191710401097,9230.02472296788,1.000261735663066
fatalities_present,theta[83],0.4968057611099913,0.0903721943291473,0.49461913249183154,0.3164649318497327,0.6656083490139936,8592.620564449062,0.9998216081322103
fatalities_present,theta[84],0.42060625626009635,0.09007180838613946,0.41735342358237837,0.24330284402006552,0.5925957296596907,9848.406505150457,1.0001263961153586
fatalities_present,theta[85],0.609245386715619,0.07859932020254198,0.6089467204681163,0.4635992787310994,0.7660278299993488,7988.150674289944,0.999752581460219
fatalities_present,theta[86],0.5186625322453712,0.0619847448085119,0.5176942614547893,0.3966983430678196,0.6380935136271191,8426.275588524593,1.0008326916856811
fatalities_present,theta[87],0.6986338243312378,0.015464143204080252,0.6983070891698584,0.6685904364191517,0.7291108597902788,761.8998624024116,1.0085922435451917
fatalities_present,theta[88],0.48362643578824976,0.013208077035607285,0.4832834756906471,0.4594207411164166,0.5103197764471723,862.2538001270972,1.0098451091591178
fatalities_present,theta[89],0.5651230147968473,0.0253765865373186,0.565011275256246,0.515942272066402,0.6147576326427558,2215.5627505608018,1.0035816957032662
fatalities_present,theta[90],0.45586709105936146,0.125720283594423,0.4515115620063503,0.2224756730504299,0.7086377976637278,9313.647639008941,0.999942734870666
fatalities_present,theta[91],0.5643451751168648,0.01900449302069526,0.5643622524376712,0.5266979526426712,0.601466388652718,1308.9337474909667,1.0046216174151008
fatalities_present,theta[92],0.5093332271155777,0.01849964017395953,0.5093172113524098,0.4741006264433271,0.5462764471813131,1470.8173900810484,1.0036310615448554
fatalities_present,theta[93],0.6656642778722099,0.019553625281140238,0.6652309078283485,0.6269150866598151,0.7031540438429306,1300.0880779668157,1.004984554503934
fatalities_present,theta[94],0.43061116650160763,0.019056389849937648,0.43047062371793615,0.39254730889955913,0.46646178955511786,1784.3162739044349,1.0032919049669964
fatalities_present,theta[95],0.4404554744302666,0.01956204126681425,0.4402829344219039,0.4019316192059773,0.4782299240732155,1830.4075640873946,1.003793486717103
fatalities_present,theta[96],0.4258798127105257,0.020773920727740054,0.42561258519030754,0.3863061416057861,0.46720091056159857,1894.4827881326933,1.0050728905741806
fatalities_present,theta[97],0.41162223670136816,0.0222252209761826,0.41123196064743844,0.3677907654709247,0.4545997481124191,2368.1893872566297,1.0031185408077037
fatalities_present,theta[98],0.3921859545817052,0.02065443844860834,0.3918715604229034,0.3522578593987427,0.43253614407078034,2311.4672532771638,1.0034607672047922
fatalities_present,theta[99],0.4930240382990851,0.0225475378492303,0.49303710171957194,0.45095192297586434,0.5384547948716146,2324.7149221630393,1.0029863021928689
fatalities_present,theta[100],0.48266921419905934,0.021423147103963345,0.48288803303908423,0.4386064634495803,0.5224488936427384,1815.898997176039,1.0049834324435156
fatalities_present,theta[101],0.25291903673300503,0.02058134912546276,0.252974157799428,0.21289830768514312,0.2938444760607083,2821.69786180678,1.0023438923241754
fatalities_present,theta[102],0.36234471659318795,0.018646607541096004,0.3620913760843336,0.32770090517526845,0.399868186015842,1822.206644967888,1.0048195453702151
fatalities_present,theta[103],0.42914660577242736,0.02040118402685632,0.4290859503292963,0.38687285753269013,0.46731187527355694,2328.6434918640857,1.0032218522653458
fatalities_present,theta[104],0.6721746393581185,0.022854482192473664,0.6715902084501246,0.62955837335518,0.7195580417926374,1587.409777195696,1.0041695537268926
fatalities_present,theta[105],0.476721458122348,0.024420199967689116,0.47673481778655924,0.4269588730276266,0.5224497509760001,2736.9226992132903,1.0018246148231902
fatalities_present,theta[106],0.5154058687931241,0.02767478510057289,0.5154501352053276,0.4615947933982903,0.5705332623433874,3089.658378803967,1.002997072297234
fatalities_present,theta[107],0.7192923779310115,0.02796528019212047,0.7189203779048986,0.6641024806408119,0.7728552961391064,1947.3743009604032,1.0025330130504202
fatalities_present,theta[108],0.6544102990901057,0.020151326470049476,0.6544197415178692,0.6150395668455527,0.6936614397078709,1313.2971592991476,1.0050229990718864
fatalities_present,theta[109],0.3583534808816168,0.018115560278226396,0.35797430137060704,0.322884653166546,0.3938468251029297,1644.092227959811,1.007087400489588
fatalities_present,theta[110],0.6238565986823048,0.025210694909235203,0.6235554546718189,0.5728821361463999,0.6711180390860929,2066.303369908439,1.002334420918012
fatalities_present,theta[111],0.5645668988223147,0.02513377903814796,0.5643247036737307,0.514784657826162,0.6133229338701839,2191.8944184071115,1.0027806716778993
fatalities_present,theta[112],0.6142263876118499,0.0260726252663269,0.6139732004653443,0.5642911363326167,0.6648457559562607,1987.6741036198034,1.0035737618779925
fatalities_present,theta[113],0.5847734035092588,0.018826933583192873,0.5843395327756713,0.5491098887185016,0.6232438041413914,1325.1736463707134,1.0052829886079824
fatalities_present,theta[114],0.698641247322033,0.022562699524873046,0.6984428197596106,0.651391979225542,0.7404777456138789,1412.0362951233317,1.0027464856051023
fatalities_present,theta[115],0.4912436533187757,0.029658809611153053,0.4906011519267832,0.4337730676914427,0.5483687010355445,3097.313528670301,1.0019560513440136
fatalities_present,theta[116],0.4096109023636844,0.030520892922934986,0.4093537630106395,0.35079008596850536,0.4684126305313471,3450.529459567375,1.0013032439341625
fatalities_present,theta[117],0.40897068719783664,0.02968113950421227,0.40883975321702526,0.34864019749125646,0.463379639023361,4209.996959946599,1.0011231023123177
fatalities_present,theta[118],0.3823512392863951,0.032525715114255484,0.38105722573437073,0.32098579274072514,0.44816705180509026,5226.665318471666,1.0003966981504007
fatalities_present,theta[119],0.6109877782645958,0.03062612102106993,0.6105091470838766,0.5533172592670335,0.6723934836858338,2588.9480196472323,1.002586984389591
fatalities_present,theta[120],0.3346354801495621,0.02364905376305388,0.33436117101388996,0.2873939065903153,0.3801778525659315,3130.556545926847,1.0018049347819569
fatalities_present,theta[121],0.3290726677905722,0.02508755196758436,0.3286289463992154,0.2837352579443701,0.38150756357674986,3944.43799291231,1.0015006833937175
fatalities_present,theta[122],0.1840529596962829,0.022422670394051533,0.18383355411965024,0.13976335146354094,0.2276171043297819,3923.5735458589043,1.0017157967094525
fatalities_present,theta[123],0.5391677995200025,0.028795238041097022,0.538789910823376,0.48343875163892064,0.5956975499972097,2846.000751876279,1.0025813602481308
fatalities_present,theta[124],0.27290206972559866,0.02831855872948761,0.272240987956449,0.21974733483990883,0.3298703398014231,4817.927042908668,1.0013628197326019
fatalities_present,theta[125],0.7644302449526428,0.026461581673736315,0.7636085038954209,0.7116556102664222,0.8151479353645248,1779.356662608848,1.0029645915073484
fatalities_present,theta[126],0.5745471498713106,0.03177350072017861,0.5745227207539862,0.5127138448650288,0.6378973272759435,3423.3395467293662,1.0014803525630365
fatalities_present,theta[127],0.5114261158529242,0.03439955786580147,0.5109811254358065,0.4429452990232281,0.5766725284569966,4618.921604298649,1.0012779909995424
fatalities_present,theta[128],0.33235884022820295,0.030384445670948758,0.3318392137164572,0.2757043887643444,0.3929111940336575,3856.813490398313,1.0012150497115215
fatalities_present,theta[129],0.55026539449973,0.030116760674314052,0.5500299453031154,0.49304036378450444,0.6101261788111642,3499.142450195124,1.0013281749351488
fatalities_present,theta[130],0.5506212068022491,0.0301029611319653,0.5503708287247044,0.4923135038053822,0.6088223442108022,2948.2994128450837,1.0019878621848026
fatalities_present,theta[131],0.5461037771117008,0.04429512592905173,0.545457178857496,0.46352893394491745,0.6347441325213737,5763.5111196706175,1.0005613205845822
fatalities_present,theta[132],0.36319434341801043,0.05359193296530549,0.3616238393250836,0.2608718114557324,0.47108459195182667,8206.12288655496,1.0003103002449327
fatalities_present,theta[133],0.5777761532893111,0.035007136114215985,0.5773317410065972,0.5100350439651329,0.6467652481250811,3740.4482451369336,1.0006319646264015
fatalities_present,theta[134],0.30663771510561866,0.0302369373643668,0.30689544474638925,0.24806599105219035,0.3652676338103158,5605.554970030074,1.0011050503804368
fatalities_present,theta[135],0.3026436621612711,0.028567981722105226,0.30217804952554395,0.24526257844401628,0.3569045642038714,5291.747590763919,1.0012029053450306
fatalities_present,theta[136],0.48581568772770695,0.029530784731232128,0.4850940938558398,0.4288181222917345,0.5438813550087492,3536.1244494655675,1.0019238332144813
fatalities_present,theta[137],0.4915790122449097,0.02297713019377161,0.49104354436801645,0.44457428354847817,0.5345573438310283,2017.9591792003687,1.005030974843951
fatalities_present,theta[138],0.3030552399620514,0.0237791947399623,0.30249391902056977,0.25739021536043183,0.35146077528975495,3205.6671370652875,1.0027122797770587
fatalities_present,theta[139],0.2406295987610635,0.019831620414482,0.2400591710600945,0.20144959588344868,0.278898904843963,2932.568590369326,1.0030796429589715
fatalities_present,theta[140],0.4904180726463086,0.022777412848641713,0.48999973930752994,0.44604062842146824,0.5348288318907627,2489.3115768789994,1.002350740056714
fatalities_present,theta[141],0.5509619690736216,0.03158497144041437,0.5509161083781753,0.48881263763354654,0.6112690149098604,3601.8948550328714,1.0012080494258029
fatalities_present,theta[142],0.5483203742588311,0.03630420658247783,0.5474363589012411,0.47787339112155114,0.6200243767628694,3760.5124882524747,1.0013693710028069
fatalities_present,theta[143],0.47057459608150676,0.0360080717014355,0.47043471707747386,0.4037056776967214,0.5427896043617778,4965.689840443206,1.0014116894373881
fatalities_present,theta[144],0.7836839886339291,0.0671735689454223,0.7835817718048981,0.6486528564333197,0.9125109760450884,5241.994287679251,1.0005440303850117
fatalities_present,theta[145],0.928586709855135,0.039710258089602664,0.9312672676000324,0.8583064096580745,0.9998618132755357,3338.7695143163864,1.0002311648660203
fatalities_present,theta[146],0.5779799663784735,0.05216311518571,0.5771396167431575,0.4781792515046871,0.6808686651911926,5733.139014113863,1.0010747704973628
fatalities_present,theta[147],0.5854865734953049,0.0365397160819471,0.5855861127419757,0.5157838415784015,0.6574866256613364,5146.819107915116,1.0014947193859116
fatalities_present,theta[148],0.5991679118447774,0.06155390450886109,0.5982094231974635,0.4811270608984051,0.7207021912607117,7426.173234824453,1.0002564613654905
fatalities_present,theta[149],0.6709588723347337,0.061291114112920465,0.6705616171897614,0.549815696184689,0.7885147704682647,6375.336483557776,1.0005302208302824
fatalities_present,theta[150],0.7372846470267762,0.06732749960427752,0.7368449967788449,0.6035188966773339,0.8668343238687098,6617.2280668480025,0.9999899296731523
fatalities_present,theta[151],0.9445092122411466,0.038733685081572024,0.9508660457169258,0.8708678022154771,0.9998687795406317,6757.914396476363,1.0007902007172775
fatalities_present,theta[152],0.9735426353037194,0.02235015909209875,0.9793847196105199,0.9288210164636926,0.99998763336676,11155.405623364177,1.0005575262187127
fatalities_present,theta[153],0.9063213687925821,0.04571718930806307,0.907917926646089,0.821643049080194,0.993499428496483,3631.3645376018994,1.0009635689992833
fatalities_present,theta[154],0.7957895584918493,0.0711190536556576,0.7964433882556119,0.6554608271060541,0.9340134156457442,5065.071008872913,1.000363044019418
fatalities_present,theta[155],0.6313517658260313,0.05493611466405121,0.6319307465511965,0.5181479212932198,0.7340068548347783,6554.995375224263,1.0003119597159855
fatalities_present,theta[156],0.37885830854015834,0.04216569898670818,0.37798515045031034,0.30138872056826604,0.46569233677276256,6871.77466611484,1.0001351041637179
fatalities_present,theta[157],0.982187980151319,0.01595507496361579,0.9865975837202654,0.9504749966571708,0.9999873522674259,11437.659340090437,0.9996469728715893
fatalities_present,theta[158],0.637138714028983,0.06541310361700095,0.6371094666688477,0.5065103574936742,0.764658027856768,7917.601734741559,0.9999189894373804
fatalities_present,theta[159],0.650556415945663,0.05780622622315247,0.6512584886661605,0.5418668055082208,0.768806349631369,6341.43191495489,1.0000468561275302
fatalities_present,theta[160],0.8583031159312909,0.06827226687626531,0.8614810056361756,0.7374450496158996,0.992136533782033,5245.210589675435,1.000446048101123
fatalities_present,theta[161],0.6991566660909235,0.053318350240565096,0.6990343425023795,0.59242617452046,0.8012343580895589,6387.704950250655,1.0004050292885511
fatalities_present,theta[162],0.9630849808764547,0.030098008524786404,0.9705601747490682,0.9035966302252594,0.9999861035406418,10179.133255655155,0.9998754315684669
fatalities_present,theta[163],0.7291870042323448,0.057212314898827714,0.7293145925384277,0.6163754283699943,0.843769816746437,5475.4757247909265,1.0004787659959664
fatalities_present,theta[164],0.9704752369401209,0.026452721154877873,0.9779905970386806,0.9165237876502199,0.9999741010518289,11766.31066650514,1.00004160845534
fatalities_present,theta[165],0.956004308104675,0.03880874895910493,0.966877915187808,0.8778670691997815,0.999991718483148,11742.805541478625,0.9995953170195192
fatalities_present,theta[166],0.5968737301817323,0.06242210091534859,0.5965221239549865,0.47619428103637196,0.7199470387306307,6875.656741343855,1.002316900526169
fatalities_present,theta[167],0.7373121266420579,0.06330744593847283,0.7373574805547394,0.6097827218315439,0.8587663450158552,5779.654188940786,1.0003008527984674
fatalities_present,theta[168],0.9664237753907889,0.028638975426570207,0.9736044745817296,0.9089487657376479,0.9999916155571523,12408.455003206414,0.999638404500728
fatalities_present,theta[169],0.7276882385303819,0.06887343028466052,0.7274746883589049,0.5861948690813046,0.854611233114164,6426.42717489032,1.0005751891762866
fatalities_present,theta[170],0.8567980094172049,0.06059203388399412,0.8574361114081519,0.7487752519282943,0.9853118806111862,4963.424393124143,1.0003836564472772
fatalities_present,theta[171],0.6867668904713227,0.06183367960017181,0.6868216813116804,0.5695311587984732,0.8143281386310377,7555.1871586626885,1.0012711304325619
fatalities_present,theta[172],0.6418041023611223,0.059485684579386,0.6405708798913365,0.5264303747211894,0.7593645186418774,6064.364206875713,1.0009263610221386
fatalities_present,theta[173],0.6187548085252875,0.07094525453673087,0.618501816490995,0.4840450928750568,0.7596848336424468,8562.088181339228,0.9998920395798175
fatalities_present,theta[174],0.41059480766220174,0.06691617983838993,0.4092080094488153,0.285990783500842,0.5453180726574095,10966.660777532394,1.0004570010587595
fatalities_present,theta[175],0.6415741251898007,0.07187806364127328,0.6416942800427616,0.49541383563464386,0.7750825593477253,7955.002884809207,1.0002178492362286
fatalities_present,theta[176],0.40674106230833323,0.054576882027414834,0.4056084847836676,0.3017804421995426,0.5122087280696168,8496.588357078861,1.0001151973667433
fatalities_present,theta[177],0.652779553063028,0.05345637538279501,0.652198204776415,0.5493917332191766,0.7563319150673412,4963.498890839937,1.0014472837196517
fatalities_present,theta[178],0.7482947125130442,0.044264590483866065,0.7477875922727654,0.661111385727477,0.83353916442341,3759.3547060679816,1.0014363907638122
fatalities_present,theta[179],0.8231696314229277,0.05696232130647746,0.8226064554239194,0.7055394073055689,0.9296196284582703,4936.751156567632,1.0006775802237395
fatalities_present,theta[180],0.7582024329220027,0.05090035848351663,0.7582996317618833,0.6563412497887458,0.8560049175331731,5034.970267825295,1.001020385628071
fatalities_present,theta[181],0.47642066662433535,0.040885340026896755,0.4760602020999989,0.39782065591445737,0.5587161280159929,5262.097784184588,1.000601496387123
fatalities_present,theta[182],0.27339833693638754,0.023481609498555572,0.2731262433600714,0.22635664427127863,0.31789661246449985,2953.111094656027,1.0032159523160515
fatalities_present,theta[183],0.47098476047875076,0.0266741231924139,0.4707695193796307,0.4172555685680657,0.5221938365734621,2739.14084515355,1.0018624455959775
fatalities_present,theta[184],0.6807135057008014,0.039099860704967765,0.6808215535565434,0.6047261736689747,0.7575550139980439,3955.961160509198,1.0003729602897915
fatalities_present,theta[185],0.45165088484052834,0.07181175237277397,0.44895616562084883,0.30867487822998857,0.5886835902144233,9051.911710314687,1.0003524955118681
fatalities_present,theta[186],0.4248450702738097,0.027579922873758003,0.4244806697153817,0.37223140884649353,0.4778723009044913,3758.608149988594,1.0012376602162005
fatalities_present,theta[187],0.3610521835243221,0.022280143740225276,0.3609322994471576,0.3178174990657324,0.40459516471028917,2489.589352431678,1.0036762952600295
fatalities_present,theta[188],0.44146567657644065,0.03155387741217709,0.44123778857878326,0.376577108710059,0.5015447469862148,3596.921887830681,1.000982067404307
fatalities_present,theta[189],0.5480127933343207,0.03445565087530316,0.5473344350333365,0.479079465235214,0.6149295398561059,3385.9383506474232,1.0007452093361349
fatalities_present,theta[190],0.4166369845396901,0.03952416928042465,0.4167102270814555,0.340665443361998,0.4966259987605414,5607.751917454923,1.0008203282497485
fatalities_present,theta[191],0.5507123181423943,0.039191667069551454,0.5503985098736879,0.47402028705820987,0.6272572109591134,3601.435255621928,1.0028405875176984
fatalities_present,theta[192],0.3178115475777892,0.05087577934859234,0.3171116320135055,0.21802317415332767,0.4161988271405074,9517.223775744267,1.000103498420456
fatalities_present,theta[193],0.2885354178759478,0.04796894683602407,0.2871997815234683,0.1958225210095464,0.38338557898908343,6972.794168699642,1.0012449365539366
fatalities_present,theta[194],0.22284915993369864,0.04494107557750165,0.22151523533346204,0.14053876926670364,0.31462452817638253,8509.22243836783,1.0007264021512607
fatalities_present,theta[195],0.19409722130618026,0.038402748137786186,0.19270420520290174,0.12217253974123685,0.2704441322465163,7101.8077398950745,1.000577584803756
fatalities_present,theta[196],0.45192826030330147,0.05676395023178872,0.45103763671017727,0.3444779310226247,0.5652424088801894,8408.352724999417,1.0010951795176342
fatalities_present,theta[197],0.1965313752740723,0.049301770891110715,0.19444051679587082,0.1014732957477466,0.2935740559900548,8356.010548329148,1.0008250921113984
fatalities_present,theta[198],0.1768358616084196,0.05137409252864005,0.17460573936967677,0.07978507348442285,0.2772920329771207,8670.598259227465,1.0001562939294197
fatalities_present,theta[199],0.42005226412967206,0.07667424207431259,0.417385870564164,0.27342885760847757,0.5715488954186415,13671.410422495408,0.9998451074627512
fatalities_present,theta[200],0.2572702064003311,0.07036132640721231,0.25355240011582403,0.1231225510255684,0.395923864090229,10103.753745270871,0.9999979550904188
fatalities_present,theta[201],0.32098033147515753,0.07196887776536928,0.3182893511962288,0.17686430953411944,0.4539607402642823,9786.746575456398,0.9998055420412818
fatalities_present,theta[202],0.35980496208266355,0.0739800954686765,0.357059219875791,0.22359963147604286,0.5078641071111778,11581.037348078444,1.0000096190163366
fatalities_present,theta[203],0.9407081887644574,0.04254647839493779,0.9486594021527609,0.8596799851416425,0.9999894505990775,8706.944446106476,1.0001647607704762
fatalities_present,theta[204],0.28876874137484587,0.06560538805268237,0.2854928587239549,0.16247384408514146,0.4152025505463365,8849.64673231842,1.0004560281695514
fatalities_present,theta[205],0.37623104244553796,0.07338892223854346,0.3741300550159592,0.23733140718441287,0.5226116783491922,8858.036517144908,0.9999620957478944
fatalities_present,theta[206],0.3327805833813942,0.07555947729503239,0.32923842470235226,0.19073441154857,0.48311564915789235,8875.729117539984,0.9999769936398284
fatalities_present,theta[207],0.5855497771427841,0.06831798695807387,0.5851114274251125,0.4435600615568828,0.7144268894828631,9632.268254022256,1.0006214518906762
fatalities_present,theta[208],0.40939265762126104,0.0857380080150976,0.40660868768984687,0.25099023828718087,0.5808471703413908,9495.241648165294,1.0002533425782605
fatalities_present,theta[209],0.35471476782160133,0.0790991474291193,0.3512842558939764,0.20604954162664138,0.5145767956067903,9321.959876257515,1.0001026969703046
fatalities_present,theta[210],0.7541087975586958,0.05437884629405304,0.7541547851118624,0.6468283177061489,0.857244085640454,4560.282906313131,1.0007980013982987
fatalities_present,theta[211],0.5438787702000508,0.04723464609739887,0.5433457827216691,0.4469077646137339,0.6323109004499327,4317.600853887004,1.0007821239229153
fatalities_present,theta[212],0.47963827052787533,0.07011579600720923,0.4782946273564028,0.34430236873525627,0.62014595703183,9629.74352650165,0.9999448820489863
fatalities_present,theta[213],0.8089789205753753,0.06559127130253563,0.8089104848045918,0.6799819452512239,0.941155240800696,4997.506681075098,0.9999426468949901
fatalities_present,theta[214],0.46677575847759617,0.06700471251326186,0.4654841929391089,0.33694795663252414,0.5989187568357619,7951.650272827419,0.9997455632010028
fatalities_present,theta[215],0.61264553919562,0.08301614009750691,0.6107283686714567,0.45031011418183625,0.7741448552023942,7535.540644518376,1.0003562464281894
fatalities_present,theta[216],0.7408210687993488,0.07554957324921122,0.7395282768242787,0.5973932672692316,0.8934887155320653,5828.692831072409,1.0001838065648456
fatalities_present,theta[217],0.2870653739810404,0.08624161828453321,0.2830960014958219,0.11909289206143071,0.45480868349433723,10370.408116938852,1.0004823213830896
fatalities_present,theta[218],0.5940635331132765,0.08685869147204547,0.5938643178378764,0.42125169371791077,0.7598633961255298,9848.897429583052,0.999861162695357
fatalities_present,theta[219],0.7424797128513473,0.0747266752089864,0.742828881244148,0.6013710151282465,0.8897404150846384,6989.668003016716,0.9999417063063722
fatalities_present,theta[220],0.6256163852624271,0.060687155785767166,0.6255209858665961,0.5078739953025617,0.746310025600101,8321.482150592028,1.0001362629625434
fatalities_present,theta[221],0.26517578967194394,0.03971748861954544,0.26423873881327276,0.1886846325662894,0.3436077227551018,7157.508817519026,1.0003846150789641
fatalities_present,theta[222],0.20127159772868683,0.03951600853651605,0.2005885854539345,0.12533673208764975,0.2792614740689449,6674.393474355645,1.0011823889326337
fatalities_present,theta[223],0.5088727030928332,0.07604574662321338,0.5078488087208468,0.3636444500387847,0.65958799187011,9878.31755686857,1.0005286344883433
fatalities_present,theta[224],0.46698383612490557,0.07282840020867734,0.4657322553016395,0.32687013251332936,0.6084753993761097,8714.766295379559,1.0001221413389365
fatalities_present,theta[225],0.5610782515264431,0.08390087265784686,0.5597976609636941,0.4015625347233418,0.7324563977648051,11498.894321018366,0.9999300320541671
fatalities_present,theta[226],0.7322969964451068,0.06724825570006344,0.7330150487245197,0.6053354104077975,0.8662431958975033,6672.666623844529,1.0000631772230442
fatalities_present,theta[227],0.40081856054235787,0.06419764505010489,0.39837211615872914,0.280946336754924,0.5337255517975023,8408.438367643099,1.0006349756174215
fatalities_present,theta[228],0.29336515244285516,0.056314941596745,0.2912244873778893,0.18511760531941554,0.4046431548580107,7777.516866206383,1.000491954719005
fatalities_present,theta[229],0.6772081237451598,0.05421097458861953,0.6764256967472938,0.5747985903507601,0.7856588931123003,7239.474100424465,1.0005402172005533
fatalities_present,theta[230],0.2771146317535449,0.0696997424372436,0.27428986464457916,0.13955831356377663,0.40976797101944756,11529.683491475333,1.0004643127463517
fatalities_present,theta[231],0.7186507885607457,0.062234070645776664,0.7184625140859721,0.6013234606086048,0.8438469679658139,6792.018823851115,1.0004265508518604
fatalities_present,theta[232],0.679019042615777,0.057655746149916566,0.6783780954582203,0.5595419241142994,0.7846631073619253,5843.651388719384,1.0013174969689513
fatalities_present,theta[233],0.4280939427371711,0.09377862200648926,0.4256331788773528,0.25106539443824316,0.6143625398786873,9286.356920144048,0.9999588327755922
fatalities_present,theta[234],0.3782899245209965,0.07429002024888666,0.375737115195625,0.24327316466910448,0.5333977330301959,11303.296933875057,1.0004225740683892
fatalities_present,theta[235],0.11529490124497462,0.05410969289197934,0.11094149144843465,0.019464739423349874,0.2247549683620891,9088.904486882877,1.0004721602572566
fatalities_present,theta[236],0.37452395843105923,0.06879591263527414,0.37372290510573397,0.24028599636980974,0.5065390440469585,9938.891082463244,0.9998385457499925
fatalities_present,theta[237],0.28558050350729147,0.0603508041840141,0.28202045068541204,0.17074338625679195,0.40643283314710027,8166.338047281361,0.9998199194568271
fatalities_present,theta[238],0.3605896552925696,0.06400353167428116,0.35860986241626014,0.23688105621129488,0.48607556947874064,9465.189086910974,1.0004288153099168
fatalities_present,theta[239],0.33404844854230975,0.06424767734231773,0.33200193471786094,0.21337084667124473,0.4628900640576145,9616.311734591922,1.000714436762307
fatalities_present,theta[240],0.42437480987449044,0.07968428599827129,0.4230475224060879,0.268633054716776,0.5757262563011794,8316.46960979494,1.0007530013774621
fatalities_present,theta[241],0.26861418927919284,0.06926974976536444,0.2656224899185987,0.13305840873181077,0.4029977587114305,10312.835487080178,0.99991164086412
fatalities_present,theta[242],0.12503789177873423,0.07162014660113049,0.11596401836743273,7.900540079133095e-06,0.2567292812388833,10406.439324725952,0.9999619719098608
fatalities_present,theta[243],0.13587634767490353,0.0769793164603923,0.12638352678714865,0.0013866358578666828,0.2768658293374951,9903.56053990958,0.9997393764610555
fatalities_present,theta[244],0.410374740457421,0.08839136513405522,0.4070002555166059,0.23673651341407015,0.5847523243020536,11292.780113772811,0.9996724223029518
fatalities_present,theta[245],0.4115419000591631,0.12034131776713487,0.4074776679866115,0.18845646937918384,0.6593600688138079,11362.991395105095,0.9997511878140801
fatalities_present,theta[246],0.3964627855737528,0.09490541791582958,0.3914030348017695,0.21601157552211814,0.580964675606655,9871.671366092081,1.000066548811049
fatalities_present,theta[247],0.06553195083639425,0.05376993318788721,0.05224384280620681,4.95918502599176e-06,0.17134844123002674,11063.021956018281,0.9997886557372282
fatalities_present,theta[248],0.13152589817937457,0.07365432950488435,0.12187080894831301,0.0012570144432139242,0.2659569128081852,11202.932074541874,0.9997732560184979
fatalities_present,theta[249],0.303964178508097,0.07829097878382113,0.30083549731002446,0.15375949928630991,0.4605965632652851,10378.894484797516,0.9997490995244712
fatalities_present,theta[250],0.13559142498410015,0.07079101912121623,0.12848503288416652,0.010493220986845015,0.2720967572762788,9257.352811799923,0.9998622532763878
fatalities_present,theta[251],0.7521773751928301,0.05786003954268732,0.7521754363739876,0.6363585340249491,0.8636824764106555,4259.592116101821,1.000306989705978
fatalities_present,theta[252],0.1726780662239333,0.07370514712127844,0.1666830788392687,0.03955918018472291,0.319733444716656,9741.598234199422,1.0000501098707713
fatalities_present,theta[253],0.24225275166605875,0.07578371176011073,0.2381816649766797,0.09669943703322914,0.38663509501430643,11479.328542377676,0.9996413884608171
fatalities_present,theta[254],0.61938575697023,0.0902384983633769,0.6173947380082789,0.4440598083612154,0.8006757062599662,10291.322054769405,0.9999930027549978
fatalities_present,theta[255],0.9311800702544143,0.049431292981675666,0.9400000622263729,0.8381721519853315,0.9999883851891112,10112.973716654862,0.9998254213511718
fatalities_present,theta[256],0.21396952189656782,0.08650294369908983,0.2069614372825013,0.05080767227307247,0.38074330636287723,11035.259645729993,1.0002546413785787
fatalities_present,theta[257],0.2820692237015319,0.09961551386974435,0.275572293761403,0.09508913566522817,0.47567636740260405,12255.669988911104,0.999681426604706
fatalities_present,theta[258],0.21407543267926493,0.08280520218858874,0.2095573143868132,0.06355310154657028,0.38391692490982876,9750.681518622929,0.999894781907377
fatalities_present,theta[259],0.3827479900216237,0.11394543906418529,0.3764910296309716,0.1724308072309214,0.6110585186825565,11294.02999916894,1.000399428472981
fatalities_present,theta[260],0.1379021277382765,0.07367872609088924,0.12948714976355485,0.007988606047152612,0.2784407280866252,9596.780668998199,0.9997848379606521
fatalities_present,theta[261],0.34764735431383603,0.08272402422048629,0.3443337533596278,0.18245330520336542,0.5061396158239438,10548.279261970307,0.9995863853867393
fatalities_present,theta[262],0.30898911008093777,0.08763627358924003,0.3035249325862347,0.14832407123037433,0.4834497122227192,9940.08287401663,1.0006035842035088
fatalities_present,theta[263],0.5798735910494732,0.07860484262833707,0.5790578428544717,0.41969189504245263,0.7254786202774037,7550.9338349192385,0.9999341674987289
fatalities_present,theta[264],0.6067691672933838,0.09207622524184185,0.6059764814040869,0.43240828313127244,0.7858197020503283,6658.182663641077,1.0006011649425302
fatalities_present,theta[265],0.4197528563087828,0.09395539508221339,0.41658589404178403,0.23650516647988984,0.6027553411151779,9711.563938531624,0.9998436808777789
fatalities_present,theta[266],0.6052533100143632,0.10293973374291138,0.6031504161981023,0.41276652969311795,0.8088754652311341,8670.255385433567,0.9997790970082652
fatalities_present,theta[267],0.38500710548022193,0.12170372589525341,0.3770889704440863,0.15356097911443023,0.6249841843154572,6077.504381325021,1.000190170941814
fatalities_present,theta[268],0.424091958128865,0.10302157414944468,0.42041496388831606,0.22968951233600787,0.629445009870107,10411.50887279808,1.0000854830725596
fatalities_present,theta[269],0.354202273954244,0.10389620032887172,0.3493831077687142,0.15169547716756368,0.5571013198583108,12513.014205113528,1.0000931461880522
fatalities_present,theta[270],0.8519151368027649,0.07082970561302664,0.8543234459986075,0.7304027025397036,0.998525236137315,4398.557856963354,1.0009620777724748
fatalities_present,theta[271],0.9701761345677529,0.02646126660077303,0.9772869091077464,0.9161976442039544,0.9999920369403066,9655.46875876228,1.0000577287745749
fatalities_present,theta[272],0.24808463799091826,0.06233912200249313,0.24506390325924116,0.13641364344693782,0.3769773345723649,10898.484441478882,0.9998351885511315
fatalities_present,theta[273],0.5311506379790649,0.09657912761117585,0.529802288508979,0.34394624771585464,0.7238135905530327,10773.026130336544,0.9999944664884529
fatalities_present,theta[274],0.6534855838366146,0.08595346137474931,0.6525907624751823,0.48808486325259187,0.8221627517622034,8375.644020877156,1.0004396860713776
fatalities_present,theta[275],0.5028258258628463,0.10164014318693912,0.4991977425797318,0.31112546542594377,0.7055504341906422,9387.745821013003,0.9997362283406842
fatalities_present,theta[276],0.5900115241179326,0.0733100070771235,0.5887325930521268,0.44653833175305413,0.7315093298111036,9675.316670537853,0.9998634496141627
fatalities_present,theta[277],0.3454354967326029,0.09513268748127365,0.34088698666433637,0.16867731738403693,0.5356085452205951,12458.544007581986,0.9998245702395018
fatalities_present,theta[278],0.19286668042901492,0.0899610157102249,0.18312808169386813,0.031211320878409166,0.3639923454611583,5361.812837078537,0.9997979273490671
fatalities_present,theta[279],0.13746102835229013,0.07690228825503781,0.12799507787440687,3.189628362075536e-06,0.27744702114890923,11384.121682159719,0.9998093905188192
fatalities_present,theta[280],0.5623208706424433,0.1107868238495642,0.5610214284630541,0.3510700980734625,0.7790488894010197,9977.723046165935,0.9996762907291322
fatalities_present,theta[281],0.3914710367880926,0.10483744031407574,0.3878310409446166,0.19397613735891536,0.6006559615947694,9945.975962648157,0.9997605740481768
fatalities_present,theta[282],0.4909854684588685,0.1403298491002866,0.4862439516326472,0.22224802621542247,0.758656049314544,5775.47499923451,1.0000639817044374
fatalities_present,theta[283],0.2767813133688052,0.13358991926827066,0.2634063286432369,0.026039954940990366,0.5301237868582337,11135.522875178496,0.9995632855864616
fatalities_present,theta[284],0.5242608296613599,0.12563151058728597,0.5213856068592111,0.28617692851311693,0.7727957856246206,11834.933930365707,1.0001620221356817
fatalities_present,theta[285],0.259938015574135,0.07893951261457123,0.25605643713139037,0.11735401511195206,0.42089000095214024,9588.885786658171,0.9998859988213723
fatalities_present,theta[286],0.3022834054627206,0.0980835790675292,0.29684969697358976,0.11417652548959797,0.49566020421686613,8397.5133540647,0.99981842427498
fatalities_present,theta[287],0.20120675104523522,0.08205864675275257,0.19438402197796859,0.04914168051868463,0.3638113474731795,10828.550935435225,1.000760863695554
fatalities_present,theta[288],0.2324077409599767,0.09243495108317455,0.22408436479702512,0.059505859871743345,0.4139434288763766,13439.345898305255,0.9998270531747574
fatalities_present,theta[289],0.6741598711688067,0.08387879056981,0.6737469342859055,0.5145204612680201,0.8395909256132158,7254.58670442254,1.0006093481643594
fatalities_present,theta[290],0.31184996589185254,0.07326290332062223,0.3086824631304853,0.1802226253795999,0.4643355427526647,9507.490197191693,0.999944013421574
fatalities_present,theta[291],0.6860351571003186,0.04672468453084218,0.6855242177906911,0.5988972877427771,0.7812482154795455,4229.970537383487,1.0008486701063604
fatalities_present,theta[292],0.8508403014704383,0.0399054983983485,0.8507673130211357,0.7736226358995257,0.9306067366371445,2686.706402374004,1.001492624877386
fatalities_present,theta[293],0.25904258901753907,0.04862157620631247,0.257441479380876,0.17129540546208305,0.3580748494444077,8970.719910306338,1.000618660535221
fatalities_present,theta[294],0.6936469004903958,0.0859710459105136,0.6945211333130328,0.5341229169357171,0.8700851557549042,7319.617892998615,1.0000094042972825
fatalities_present,theta[295],0.7719479517986786,0.05765040846729929,0.7724212607803493,0.658365539859175,0.8846662079681918,4213.101674335262,1.000819294210915
fatalities_present,theta[296],0.6915953311799308,0.13304530908159135,0.6915601640372782,0.445256443481728,0.9585350059615613,4572.696893739388,1.0017353028047398
fatalities_present,theta[297],0.3700319540636611,0.1373820892997657,0.3617925033504611,0.10174152976084593,0.6298777816186998,13549.710380700844,0.9998963524575385
fatalities_present,theta[298],0.343199935557851,0.12576276552040627,0.33450918945961555,0.11148230453354488,0.5923643531874105,10069.305840638988,0.9997633161946891
fatalities_present,theta[299],0.6466277113952095,0.14848633302515843,0.6469536559688032,0.3725543085681025,0.9508542857369127,9806.336984685266,1.0001407331425591
fatalities_present,theta[300],0.5881788047299848,0.15172853802008215,0.5897789967607161,0.30063626591982423,0.8834805674625158,10463.51405217474,1.0001428221392406
fatalities_present,theta[301],0.3465950068678472,0.14167868393159547,0.33637220614155633,0.0780495981743033,0.614408340336906,10398.978799210636,0.999742717158626
fatalities_present,theta[302],0.40069865080093664,0.12721177824754606,0.39586921492758886,0.16708179495671602,0.6537893919698571,12560.482626234385,1.0000526030714043
fatalities_present,theta[303],0.8142976216477342,0.11512140010253794,0.8268724444183839,0.6051520166903925,0.9999244643847175,8525.393541918587,1.000163106754329
fatalities_present,theta[304],0.4364167554070631,0.12183178430087958,0.4316964115890757,0.21491059000345744,0.6911498829708019,11903.461327898971,1.000000508529456
fatalities_present,theta[305],0.24630578828358532,0.09915329376098157,0.23713444952815832,0.06154173439125459,0.4352315981763158,12313.265668234302,1.0000012475187345
fatalities_present,theta[306],0.6178110859873325,0.12929416115520165,0.6170464956617261,0.3636054469546695,0.8661995202307654,7121.9453591753445,1.0002237935984561
fatalities_present,theta[307],0.8324971299898585,0.10764102748556302,0.8482232917313037,0.6369013936629325,0.9999684062931488,8675.24274609331,0.9999469465236321
fatalities_present,theta[308],0.7336656622632336,0.1432457460680965,0.7420248424138796,0.48395767785370974,0.9986229403468879,2844.716372609935,1.0010334975091324
fatalities_present,theta[309],0.30013781146377416,0.1296828249323554,0.2894664382245302,0.07222962800237456,0.5695414330310189,11769.673455727638,0.9996880457606137
fatalities_present,theta[310],0.5050199254103068,0.14080489194577198,0.5008975568748846,0.23443433497147234,0.7820070229463228,11355.545116529258,0.9998459976323081
fatalities_present,theta[311],0.43765831399305,0.13300366096594496,0.4326617304945071,0.17408017072275497,0.6924482121359719,10977.719398549558,1.0000441091188357
fatalities_present,theta[312],0.43830500160966085,0.10370683491052331,0.4344303863384814,0.24043634503911496,0.6403063740916033,9180.87333306069,1.0000441597012764
fatalities_present,theta[313],0.5461370769011704,0.12126921177028613,0.5439022469372206,0.3157618741288835,0.7854464892553292,10149.87367887516,1.0001635760184489
fatalities_present,theta[314],0.5159295576319675,0.15230729976653176,0.5132030044762843,0.22342494506605903,0.80787874589399,11262.859171666822,0.9998355946990192
fatalities_present,theta[315],0.8169611964456155,0.10282887279494811,0.8262312200098736,0.636790875647595,0.9998150652556286,10015.180189806648,1.0003218237974092
fatalities_present,theta[316],0.7909521573727267,0.12996019697200847,0.8067898281609781,0.5546008272395656,0.9999357038363326,8532.426344032794,1.0000835249159792
fatalities_present,theta[317],0.8401911893368454,0.10527758777743296,0.854986285175311,0.6457741209671126,0.9999264586135459,8351.996618336396,1.0005156010022997
fatalities_present,theta[318],0.9080181132362162,0.0768862217764731,0.9276300302304455,0.7524631354563887,0.9999861591028097,12692.129326931721,0.9997535196441862
fatalities_present,theta[319],0.6403441379051392,0.13648083920029372,0.6402687992110683,0.3832682001650285,0.9083068101894829,8872.649725381769,0.9997983105390443
fatalities_present,theta[320],0.8275221505071553,0.10279538485944376,0.837679254295312,0.6437284536394897,0.9999949321154021,10206.654199891824,1.0002867337757988
fatalities_present,theta[321],0.8383906649237327,0.11006161711822944,0.8567018011676597,0.6346655194119909,0.999784475184457,11274.29469177361,1.0000426665391173
fatalities_present,theta[322],0.8990066493142839,0.08265278181937673,0.9186264058993396,0.7343574747134505,0.999988973242693,14136.128889973448,0.9997516902620885
fatalities_present,theta[323],0.33729918736034525,0.13063122772022723,0.32673941464530865,0.09558361608295818,0.5947364947288011,10080.43256945423,1.0002171979299614
fatalities_present,theta[324],0.860190112106212,0.10203233783860612,0.8788821377130953,0.6666202272305546,0.9999114668260611,4524.7782261465145,1.0003888553855251
fatalities_present,theta[325],0.47156765214464397,0.150471314898962,0.46608703116846195,0.1923577904649316,0.7780605322446922,9882.936448112616,1.0005442523289858
fatalities_present,theta[326],0.8421523097644819,0.10279278818942825,0.8556226641201029,0.6542715729882868,0.9999259948101015,13125.97662250567,0.9996353218779218
fatalities_present,theta[327],0.705380972312912,0.10501614127447884,0.7055372553502135,0.4973289492944972,0.9073875050129065,3850.158963063127,1.0000350627357264
fatalities_present,theta[328],0.7888836178836883,0.12714522157287653,0.802654752763666,0.559010115645705,0.9997342702922363,10200.420087411045,1.0003469942604406
fatalities_present,theta[329],0.6562697410428169,0.11445152282031701,0.6563508312080948,0.4286166753190962,0.8748815626965061,8287.694425939151,1.0002085031187236
fatalities_present,theta[330],0.888724203225315,0.0824143201460406,0.9058297022990707,0.7300021029038616,0.9999165455783605,10736.981569244343,1.0001720893636055
fatalities_present,theta[331],0.6453639071480917,0.12973796791639733,0.6459118101253378,0.3900487386073624,0.8892743408002047,8588.313347011026,0.999614986837511
fatalities_present,theta[332],0.6823791555210273,0.15121930243879592,0.6868580684116499,0.419420035539449,0.9898036526453009,9106.258699822889,1.0002215464138318
fatalities_present,theta[333],0.49885481445945645,0.14839756279370697,0.4954091802483329,0.22782667690682312,0.8016210489723644,11702.142535811165,1.0000080912002558
fatalities_present,theta[334],0.4572835843822999,0.14046155217747391,0.44967200332402835,0.19122383941138119,0.7303743636069033,12246.318575282208,0.9997553217256895
fatalities_present,theta[335],0.3270157344517975,0.13663875699272857,0.31564752255668277,0.08801709089850827,0.6102757037511272,8341.373814449587,0.9997275161106574
fatalities_present,theta[336],0.8966134360189297,0.07843377458951517,0.9134019228499572,0.7448994185783414,0.9999646015968703,13695.7790987082,0.9999393872028001
fatalities_present,theta[337],0.5492834971627442,0.13316214488028402,0.5453066593224506,0.29757125225190556,0.8160763893257266,6712.332983122395,1.0001375648497153
fatalities_present,theta[338],0.7864874810104314,0.12911699859116832,0.8001834003706149,0.5522396780317526,0.9999907783422111,9877.252693503053,0.9998273471633334
fatalities_present,theta[339],0.874902340594072,0.09123667838918037,0.8923861700985043,0.7025184637978343,0.9999269821926591,13887.85067939486,0.9997721920599844
fatalities_present,theta[340],0.8539211133369963,0.08839588604510083,0.8629911783587716,0.6933924933414727,0.9995595894812591,4130.274735564286,1.0007710508609067
fatalities_present,theta[341],0.48528059653303124,0.14966907485599198,0.4786721224613322,0.19312068482937692,0.7693637002996904,9557.140265589162,0.9999066532397972
fatalities_present,theta[342],0.30906554445821016,0.11056725675565933,0.3025805782094529,0.1024192324251345,0.5287651573645179,10843.618196844693,0.9997637470660931
fatalities_present,theta[343],0.1038575109006858,0.0782957298236073,0.0880132743619563,4.164331798814583e-06,0.256065439679198,10779.981677099875,0.9996405941259818
fatalities_present,theta[344],0.5853202255766218,0.13752622615931798,0.5837323094273945,0.31923334393334946,0.850197914745292,9300.073111172736,0.9998619351540657
fatalities_present,theta[345],0.9134804821755891,0.0668895622153835,0.9279165658704882,0.7836712976153564,0.9998919793703669,11188.124047924206,0.9996251843754914
fatalities_present,theta[346],0.6816601894160302,0.08607273810233808,0.6801071666762233,0.515566387242118,0.8523434226302342,8364.045004597288,0.9999485037121696
fatalities_present,theta[347],0.8031917961954446,0.1090130548813381,0.8126386755674853,0.6082871182505234,0.9992002225960206,10984.056424362985,0.9998672870918857
fatalities_present,theta[348],0.5636331303151052,0.14009186870207013,0.5609874100410266,0.29991335575400796,0.8438242327298658,10179.847204989152,1.000141104884878
fatalities_present,theta[349],0.8572158579383485,0.09699235379755779,0.871165336848259,0.6763354025029743,0.9999594788926415,10693.131121356044,1.00011949064132
fatalities_present,theta[350],0.7188313656286044,0.1424821260180842,0.7248083315567139,0.4655323762930192,0.9896832681157992,6728.404858208128,0.999795381556781
fatalities_present,theta[351],0.7693567047994946,0.11848037378004328,0.7763720232516802,0.5597735708476538,0.9995597764251639,8317.990124700524,1.0002069083441794
fatalities_present,theta[352],0.8830217022591058,0.08265926696031888,0.8980661176392285,0.7246070841241117,0.999997930659904,11342.943801190904,0.9996621301500571
fatalities_present,theta[353],0.877385689373765,0.09371538138228178,0.8975101256885843,0.6972478821189538,0.9999855989495474,11766.294714318032,0.9998483516294132
fatalities_present,theta[354],0.3558534715452605,0.13343222389014886,0.3464690911688767,0.10622159353997697,0.6149491734315821,10587.762772776889,0.9996252039189885
fatalities_present,theta[355],0.3091777970869337,0.12126274639039272,0.3003398124555464,0.08015895736347023,0.545870954151222,13050.378239776835,0.9997492339690772
fatalities_present,theta[356],0.5080594729235771,0.1099882121917244,0.5068195504210455,0.3047776716359388,0.725918806195602,11496.024234437848,0.9997441020073633
fatalities_present,theta[357],0.9232083921378483,0.06503639093583376,0.9400438980751322,0.7941085429772824,0.9999932172114763,12650.527621553214,0.9997681063653139
fatalities_present,theta[358],0.5689538382362527,0.13739220887938322,0.568658741467551,0.3112629603944264,0.8387606381339278,9954.52171566682,0.9998608850913892
fatalities_present,theta[359],0.6858326277758948,0.10094717029964255,0.6865980626607474,0.49606631855623295,0.8906108102652669,9565.708183841198,0.9999931176077349
