actor_key,actor_name,period_start,period_end,period_index,n_articles,n_unique_articles,n_direct_conflict_relevance,n_physical_violence,n_fatalities_present,n_context_three_violent,n_context_three_pol,n_context_three_other,y_ucdp_actor_fatalities,n_ucdp_actor_events,log1p_y_ucdp_actor_fatalities,log1p_n_articles,share_direct_conflict_relevance_raw,share_physical_violence_raw,share_fatalities_present_raw,share_context_three_violent_raw,share_context_three_pol_raw,share_context_three_other_raw,log1p_y_ucdp_actor_fatalities_next,y_ucdp_actor_fatalities_next,log1p_y_ucdp_actor_fatalities_lag1,log1p_y_ucdp_actor_fatalities_lag2,outcome_period_start,outcome_period_end,time_years,taliban_outcome_transition_aug2021,taliban_outcome_post_takeover,hamas_outcome_post_oct2023,month,share_direct_conflict_relevance_calibrated,share_physical_violence_calibrated,share_fatalities_present_calibrated
209,Hamas,2020-01-13,2020-01-27,7,106.0,106.0,80.0,69.0,13.0,66.0,30.0,10.0,3.0,1.0,1.3862943611198906,4.672828834461906,0.7547169811320755,0.6509433962264151,0.1226415094339622,0.6226415094339622,0.2830188679245283,0.0943396226415094,0.0,0.0,0.0,0.6931471805599453,2020-01-27,2020-02-10,0.2683093771389459,0.0,0.0,0.0,2020-01-13,0.7935544074470265,0.6612947355432642,0.0
209,Hamas,2020-01-27,2020-02-10,8,164.0,164.0,143.0,111.0,14.0,107.0,45.0,12.0,0.0,0.0,0.0,5.10594547390058,0.8719512195121951,0.676829268292683,0.0853658536585365,0.6524390243902439,0.274390243902439,0.073170731707317,0.0,0.0,1.3862943611198906,0.0,2020-02-10,2020-02-24,0.3066392881587953,0.0,0.0,0.0,2020-01-27,0.9721351025331725,0.6985374175606983,0.0
209,Hamas,2020-02-10,2020-02-24,9,93.0,93.0,72.0,49.0,12.0,52.0,32.0,9.0,0.0,0.0,0.0,4.543294782270004,0.7741935483870968,0.5268817204301075,0.1290322580645161,0.5591397849462365,0.3440860215053763,0.0967741935483871,0.0,0.0,0.0,1.3862943611198906,2020-02-24,2020-03-09,0.3449691991786447,0.0,0.0,0.0,2020-02-10,0.823222693490019,0.48280395376068924,0.0
209,Hamas,2020-02-24,2020-03-09,10,43.0,43.0,27.0,17.0,9.0,18.0,19.0,6.0,0.0,0.0,0.0,3.784189633918261,0.627906976744186,0.3953488372093023,0.2093023255813953,0.4186046511627907,0.4418604651162791,0.1395348837209302,0.0,0.0,0.0,0.0,2020-03-09,2020-03-23,0.3832991101984941,0.0,0.0,0.0,2020-02-24,0.6003871293516986,0.29356415020729876,0.07839259167086893
209,Hamas,2020-03-09,2020-03-23,11,11.0,11.0,2.0,0.0,0.0,0.0,9.0,2.0,0.0,0.0,0.0,2.4849066497880004,0.1818181818181818,0.0,0.0,0.0,0.8181818181818182,0.1818181818181818,0.0,0.0,0.0,0.0,2020-03-23,2020-04-06,0.4216290212183436,0.0,0.0,0.0,2020-03-09,0.0,0.0,0.0
209,Hamas,2020-03-23,2020-04-06,12,32.0,32.0,22.0,11.0,3.0,12.0,16.0,4.0,0.0,0.0,0.0,3.49650756146648,0.6875,0.34375,0.09375,0.375,0.5,0.125,0.0,0.0,0.0,0.0,2020-04-06,2020-04-20,0.459958932238193,0.0,0.0,0.0,2020-03-23,0.6911640530759952,0.21932755189081604,0.0
209,Hamas,2020-04-06,2020-04-20,13,19.0,19.0,7.0,2.0,0.0,4.0,14.0,1.0,0.0,0.0,0.0,2.995732273553991,0.3684210526315789,0.1052631578947368,0.0,0.2105263157894736,0.7368421052631579,0.0526315789473684,0.0,0.0,0.0,0.0,2020-04-20,2020-05-04,0.4982888432580424,0.0,0.0,0.0,2020-04-06,0.20511713541997328,0.0,0.0
209,Hamas,2020-04-20,2020-05-04,14,17.0,17.0,11.0,4.0,2.0,4.0,9.0,4.0,0.0,0.0,0.0,2.8903717578961645,0.6470588235294118,0.2352941176470588,0.1176470588235294,0.2352941176470588,0.5294117647058824,0.2352941176470588,0.0,0.0,0.0,0.0,2020-05-04,2020-05-18,0.5366187542778919,0.0,0.0,0.0,2020-04-20,0.6295607748527638,0.06328923380554946,0.0
209,Hamas,2020-05-04,2020-05-18,15,24.0,24.0,16.0,8.0,0.0,10.0,12.0,2.0,0.0,0.0,0.0,3.218875824868201,0.6666666666666666,0.3333333333333333,0.0,0.4166666666666667,0.5,0.0833333333333333,0.0,0.0,0.0,0.0,2020-05-18,2020-06-01,0.5749486652977412,0.0,0.0,0.0,2020-05-04,0.6594290309609971,0.20434082077528193,0.0
209,Hamas,2020-05-18,2020-06-01,16,18.0,18.0,11.0,4.0,1.0,6.0,11.0,1.0,0.0,0.0,0.0,2.9444389791664403,0.6111111111111112,0.2222222222222222,0.0555555555555555,0.3333333333333333,0.6111111111111112,0.0555555555555555,0.0,0.0,0.0,0.0,2020-06-01,2020-06-15,0.6132785763175906,0.0,0.0,0.0,2020-05-18,0.5748023053210026,0.044482355542918496,0.0
209,Hamas,2020-06-01,2020-06-15,17,11.0,11.0,4.0,1.0,0.0,3.0,6.0,2.0,0.0,0.0,0.0,2.4849066497880004,0.3636363636363636,0.0909090909090909,0.0,0.2727272727272727,0.5454545454545454,0.1818181818181818,0.0,0.0,0.0,0.0,2020-06-15,2020-06-29,0.6516084873374401,0.0,0.0,0.0,2020-06-01,0.19782870928829907,0.0,0.0
209,Hamas,2020-06-15,2020-06-29,18,72.0,72.0,59.0,38.0,3.0,36.0,29.0,7.0,0.0,0.0,0.0,4.290459441148391,0.8194444444444444,0.5277777777777778,0.0416666666666666,0.5,0.4027777777777778,0.0972222222222222,0.0,0.0,0.0,0.0,2020-06-29,2020-07-13,0.6899383983572895,0.0,0.0,0.0,2020-06-15,0.8921525264709824,0.484093134931918,0.0
209,Hamas,2020-06-29,2020-07-13,19,78.0,78.0,62.0,44.0,3.0,46.0,26.0,6.0,0.0,0.0,0.0,4.3694478524670215,0.7948717948717948,0.5641025641025641,0.0384615384615384,0.5897435897435898,0.3333333333333333,0.0769230769230769,0.0,0.0,0.0,0.0,2020-07-13,2020-07-27,0.7282683093771389,0.0,0.0,0.0,2020-06-29,0.8547214747456001,0.536354556257883,0.0
209,Hamas,2020-07-13,2020-07-27,20,19.0,19.0,13.0,3.0,4.0,4.0,11.0,4.0,0.0,0.0,0.0,2.995732273553991,0.6842105263157895,0.1578947368421052,0.2105263157894736,0.2105263157894736,0.5789473684210527,0.2105263157894736,0.0,0.0,0.0,0.0,2020-07-27,2020-08-10,0.7665982203969883,0.0,0.0,0.0,2020-07-13,0.6861532601104692,0.0,0.07997747113489145
209,Hamas,2020-07-27,2020-08-10,21,61.0,61.0,54.0,48.0,1.0,47.0,9.0,5.0,0.0,0.0,0.0,4.127134385045092,0.8852459016393442,0.7868852459016393,0.0163934426229508,0.7704918032786885,0.1475409836065573,0.081967213114754,0.0,0.0,0.0,0.0,2020-08-10,2020-08-24,0.8049281314168378,0.0,0.0,0.0,2020-07-27,0.9923866400363859,0.8568778345926343,0.0
209,Hamas,2020-08-10,2020-08-24,22,263.0,263.0,237.0,211.0,7.0,210.0,46.0,7.0,0.0,0.0,0.0,5.575949103146316,0.9011406844106464,0.8022813688212928,0.026615969581749,0.7984790874524715,0.1749049429657794,0.026615969581749,0.0,0.0,0.0,0.0,2020-08-24,2020-09-07,0.8432580424366872,0.0,0.0,0.0,2020-08-10,1.0,0.8790286398168159,0.0
209,Hamas,2020-08-24,2020-09-07,23,119.0,119.0,94.0,71.0,9.0,68.0,36.0,15.0,0.0,0.0,0.0,4.787491742782046,0.7899159663865546,0.5966386554621849,0.0756302521008403,0.5714285714285714,0.3025210084033613,0.1260504201680672,0.0,0.0,0.0,0.0,2020-09-07,2020-09-21,0.8815879534565366,0.0,0.0,0.0,2020-08-24,0.8471723550698927,0.5831650829225634,0.0
209,Hamas,2020-09-07,2020-09-21,24,85.0,85.0,69.0,46.0,4.0,49.0,32.0,4.0,0.0,0.0,0.0,4.454347296253507,0.8117647058823529,0.5411764705882353,0.0470588235294117,0.5764705882352941,0.3764705882352941,0.0470588235294117,0.0,0.0,0.0,0.0,2020-09-21,2020-10-05,0.919917864476386,0.0,0.0,0.0,2020-09-07,0.8804541261619243,0.5033701851511148,0.0
209,Hamas,2020-09-21,2020-10-05,25,19.0,19.0,7.0,4.0,2.0,5.0,13.0,1.0,0.0,0.0,0.0,2.995732273553991,0.3684210526315789,0.2105263157894736,0.1052631578947368,0.2631578947368421,0.6842105263157895,0.0526315789473684,0.0,0.0,0.0,0.0,2020-10-05,2020-10-19,0.9582477754962354,0.0,0.0,0.0,2020-09-21,0.20511713541997328,0.027655148676353807,0.0
209,Hamas,2020-10-05,2020-10-19,26,19.0,19.0,14.0,9.0,1.0,11.0,6.0,2.0,0.0,0.0,0.0,2.995732273553991,0.7368421052631579,0.4736842105263157,0.0526315789473684,0.5789473684210527,0.3157894736842105,0.1052631578947368,0.0,0.0,0.0,0.0,2020-10-19,2020-11-02,0.9965776865160848,0.0,0.0,0.0,2020-10-05,0.7663259475588851,0.40626730317405674,0.0
209,Hamas,2020-10-19,2020-11-02,27,30.0,30.0,22.0,17.0,3.0,15.0,10.0,5.0,0.0,0.0,0.0,3.4339872044851463,0.7333333333333333,0.5666666666666667,0.1,0.5,0.3333333333333333,0.1666666666666666,0.0,0.0,0.0,0.0,2020-11-02,2020-11-16,1.0349075975359343,0.0,0.0,0.0,2020-10-19,0.7609811017289907,0.5400435977632452,0.0
209,Hamas,2020-11-02,2020-11-16,28,26.0,26.0,19.0,11.0,0.0,12.0,10.0,4.0,0.0,0.0,0.0,3.295836866004329,0.7307692307692307,0.4230769230769231,0.0,0.4615384615384615,0.3846153846153846,0.1538461538461538,0.0,0.0,0.0,0.0,2020-11-16,2020-11-30,1.0732375085557837,0.0,0.0,0.0,2020-11-02,0.7570752528532986,0.3334572734629601,0.0
209,Hamas,2020-11-16,2020-11-30,29,59.0,59.0,42.0,30.0,0.0,32.0,22.0,5.0,0.0,0.0,0.0,4.0943445622221,0.711864406779661,0.5084745762711864,0.0,0.5423728813559322,0.3728813559322034,0.0847457627118644,0.0,0.0,0.0,0.0,2020-11-30,2020-12-14,1.111567419575633,0.0,0.0,0.0,2020-11-16,0.72827789249862,0.45632111342968534,0.0
209,Hamas,2020-11-30,2020-12-14,30,15.0,15.0,6.0,3.0,0.0,4.0,10.0,1.0,0.0,0.0,0.0,2.772588722239781,0.4,0.2,0.0,0.2666666666666666,0.6666666666666666,0.0666666666666666,0.0,0.0,0.0,0.0,2020-12-14,2020-12-28,1.1498973305954825,0.0,0.0,0.0,2020-11-30,0.25322074788902293,0.012510662496445843,0.0
209,Hamas,2020-12-14,2020-12-28,31,57.0,57.0,47.0,34.0,1.0,36.0,18.0,3.0,0.0,0.0,0.0,4.060443010546419,0.8245614035087719,0.5964912280701754,0.0175438596491228,0.631578947368421,0.3157894736842105,0.0526315789473684,0.0,0.0,0.0,0.0,2020-12-28,2021-01-11,1.188227241615332,0.0,0.0,0.0,2020-12-14,0.8999470933062451,0.5829529752729848,0.0
209,Hamas,2020-12-28,2021-01-11,32,40.0,40.0,29.0,14.0,2.0,15.0,20.0,5.0,0.0,0.0,0.0,3.713572066704308,0.725,0.35,0.05,0.375,0.5,0.125,0.0,0.0,0.0,0.0,2021-01-11,2021-01-25,1.2265571526351813,0.0,0.0,0.0,2020-12-28,0.7482870928829916,0.22831959056013645,0.0
209,Hamas,2021-01-11,2021-01-25,33,66.0,66.0,57.0,42.0,3.0,42.0,19.0,5.0,0.0,0.0,0.0,4.204692619390966,0.8636363636363636,0.6363636363636364,0.0454545454545454,0.6363636363636364,0.2878787878787879,0.0757575757575757,0.0,0.0,0.0,0.0,2021-01-25,2021-02-08,1.264887063655031,0.0,0.0,0.0,2021-01-11,0.9594692400482508,0.6403184532271823,0.0
209,Hamas,2021-01-25,2021-02-08,34,33.0,33.0,16.0,6.0,6.0,6.0,24.0,3.0,0.0,0.0,0.0,3.5263605246161616,0.4848484848484848,0.1818181818181818,0.1818181818181818,0.1818181818181818,0.7272727272727273,0.0909090909090909,0.0,0.0,0.0,0.0,2021-02-08,2021-02-22,1.3032169746748803,0.0,0.0,0.0,2021-01-25,0.38246883795737824,0.0,0.042804843705998276
209,Hamas,2021-02-08,2021-02-22,35,34.0,34.0,18.0,4.0,1.0,4.0,29.0,1.0,0.0,0.0,0.0,3.5553480614894135,0.5294117647058824,0.1176470588235294,0.0294117647058823,0.1176470588235294,0.8529411764705882,0.0294117647058823,0.0,0.0,0.0,0.0,2021-02-22,2021-03-08,1.3415468856947297,0.0,0.0,0.0,2021-02-08,0.4503512382033634,0.0,0.0
209,Hamas,2021-02-22,2021-03-08,36,27.0,27.0,21.0,3.0,3.0,4.0,22.0,1.0,0.0,0.0,0.0,3.332204510175204,0.7777777777777778,0.1111111111111111,0.1111111111111111,0.1481481481481481,0.8148148148148148,0.037037037037037,0.0,0.0,0.0,0.0,2021-03-08,2021-03-22,1.379876796714579,0.0,0.0,0.0,2021-02-22,0.8286824822409865,0.0,0.0
209,Hamas,2021-03-08,2021-03-22,37,37.0,37.0,24.0,10.0,9.0,10.0,23.0,4.0,0.0,0.0,0.0,3.6375861597263857,0.6486486486486487,0.2702702702702703,0.2432432432432432,0.2702702702702703,0.6216216216216216,0.1081081081081081,0.0,0.0,0.0,0.0,2021-03-22,2021-04-05,1.4182067077344285,0.0,0.0,0.0,2021-03-08,0.631982525348026,0.11361034050826489,0.12234087086241402
209,Hamas,2021-03-22,2021-04-05,38,36.0,36.0,27.0,17.0,7.0,17.0,17.0,2.0,0.0,0.0,0.0,3.610917912644224,0.75,0.4722222222222222,0.1944444444444444,0.4722222222222222,0.4722222222222222,0.0555555555555555,0.0,0.0,0.0,0.0,2021-04-05,2021-04-19,1.456536618754278,0.0,0.0,0.0,2021-03-22,0.7863691194209892,0.40416390231573623,0.05915391595481703
209,Hamas,2021-04-05,2021-04-19,39,61.0,61.0,51.0,44.0,7.0,46.0,11.0,4.0,0.0,0.0,0.0,4.127134385045092,0.8360655737704918,0.7213114754098361,0.1147540983606557,0.7540983606557377,0.180327868852459,0.0655737704918032,0.0,0.0,0.0,0.0,2021-04-19,2021-05-03,1.4948665297741273,0.0,0.0,0.0,2021-04-05,0.9174711779944235,0.7625351337997642,0.0
209,Hamas,2021-04-19,2021-05-03,40,122.0,122.0,106.0,75.0,1.0,75.0,45.0,2.0,0.0,0.0,0.0,4.812184355372417,0.8688524590163934,0.6147540983606558,0.0081967213114754,0.6147540983606558,0.3688524590163934,0.0163934426229508,5.308267697401205,201.0,0.0,0.0,2021-05-03,2021-05-17,1.5331964407939769,0.0,0.0,0.0,2021-04-19,0.9674148193557317,0.6092282450113501,0.0
209,Hamas,2021-05-03,2021-05-17,41,1533.0,1533.0,1397.0,1161.0,960.0,1152.0,276.0,105.0,201.0,56.0,5.308267697401205,7.335633981927201,0.9112850619699936,0.7573385518590998,0.6262230919765166,0.7514677103718199,0.1800391389432485,0.0684931506849315,3.091042453358316,21.0,0.0,0.0,2021-05-17,2021-05-31,1.571526351813826,0.0,0.0,0.0,2021-05-03,1.0,0.8143682321316591,0.6182409960315469
209,Hamas,2021-05-17,2021-05-31,42,1424.0,1424.0,1169.0,695.0,550.0,644.0,658.0,122.0,21.0,13.0,3.091042453358316,7.261927092702751,0.8209269662921348,0.488061797752809,0.3862359550561798,0.4522471910112359,0.4620786516853932,0.0856741573033707,0.0,0.0,5.308267697401205,0.0,2021-05-31,2021-06-14,1.6098562628336757,0.0,0.0,0.0,2021-05-17,0.8944108239248586,0.42695271442400157,0.3074944864399647
209,Hamas,2021-05-31,2021-06-14,43,275.0,275.0,177.0,65.0,41.0,69.0,184.0,22.0,0.0,0.0,0.0,5.62040086571715,0.6436363636363637,0.2363636363636363,0.149090909090909,0.2509090909090909,0.6690909090909091,0.08,0.0,0.0,3.091042453358316,5.308267697401205,2021-06-14,2021-06-28,1.648186173853525,0.0,0.0,0.0,2021-05-31,0.6243474065138722,0.06482797839067378,0.00042804843705985515
209,Hamas,2021-06-14,2021-06-28,44,292.0,292.0,217.0,142.0,50.0,138.0,123.0,31.0,0.0,0.0,0.0,5.680172609017068,0.7431506849315068,0.4863013698630137,0.1712328767123287,0.4726027397260274,0.4212328767123288,0.1061643835616438,0.0,0.0,0.0,3.091042453358316,2021-06-28,2021-07-12,1.6865160848733745,0.0,0.0,0.0,2021-06-14,0.7759356874927705,0.4244199407184672,0.02909849820424876
209,Hamas,2021-06-28,2021-07-12,45,132.0,132.0,81.0,51.0,12.0,51.0,62.0,19.0,0.0,0.0,0.0,4.890349128221754,0.6136363636363636,0.3863636363636363,0.0909090909090909,0.3863636363636363,0.4696969696969697,0.1439393939393939,0.0,0.0,0.0,0.0,2021-07-12,2021-07-26,1.7248459958932238,0.0,0.0,0.0,2021-06-28,0.578648974668275,0.2806369064543644,0.0
209,Hamas,2021-07-12,2021-07-26,46,77.0,77.0,47.0,19.0,7.0,21.0,50.0,6.0,0.0,0.0,0.0,4.356708826689592,0.6103896103896104,0.2467532467532467,0.0909090909090909,0.2727272727272727,0.6493506493506493,0.0779220779220779,0.0,0.0,0.0,0.0,2021-07-26,2021-08-09,1.7631759069130732,0.0,0.0,0.0,2021-07-12,0.5737032569360675,0.0797757829318818,0.0
209,Hamas,2021-07-26,2021-08-09,47,68.0,68.0,45.0,25.0,11.0,24.0,40.0,4.0,0.0,0.0,0.0,4.23410650459726,0.6617647058823529,0.3676470588235294,0.1617647058823529,0.3529411764705882,0.5882352941176471,0.0588235294117647,1.791759469228055,5.0,0.0,0.0,2021-08-09,2021-08-23,1.8015058179329224,0.0,0.0,0.0,2021-07-26,0.6519619669339388,0.2537088762146883,0.016838670134344855
209,Hamas,2021-08-09,2021-08-23,48,7.0,7.0,4.0,2.0,1.0,3.0,1.0,3.0,5.0,2.0,1.791759469228055,2.0794415416798357,0.5714285714285714,0.2857142857142857,0.1428571428571428,0.4285714285714285,0.1428571428571428,0.4285714285714285,0.0,0.0,0.0,0.0,2021-08-23,2021-09-06,1.839835728952772,0.0,0.0,0.0,2021-08-09,0.5143546441495778,0.1358300499614119,0.0
209,Hamas,2021-08-23,2021-09-06,49,40.0,40.0,29.0,18.0,14.0,18.0,19.0,3.0,0.0,0.0,0.0,3.713572066704308,0.725,0.45,0.35,0.45,0.475,0.075,0.0,0.0,1.791759469228055,0.0,2021-09-06,2021-09-20,1.8781656399726216,0.0,0.0,0.0,2021-08-23,0.7482870928829916,0.3721922092692636,0.2605744860602647
209,Hamas,2021-09-06,2021-09-20,50,135.0,135.0,111.0,83.0,6.0,85.0,43.0,7.0,0.0,0.0,0.0,4.912654885736052,0.8222222222222222,0.6148148148148148,0.0444444444444444,0.6296296296296297,0.3185185185185185,0.0518518518518518,1.3862943611198906,3.0,0.0,1.791759469228055,2021-09-20,2021-10-04,1.9164955509924708,0.0,0.0,0.0,2021-09-06,0.8963838627529821,0.609315599363936,0.0
209,Hamas,2021-09-20,2021-10-04,51,170.0,170.0,130.0,90.0,81.0,90.0,73.0,7.0,3.0,1.0,1.3862943611198906,5.14166355650266,0.7647058823529411,0.5294117647058824,0.4764705882352941,0.5294117647058824,0.4294117647058823,0.0411764705882352,0.0,0.0,0.0,0.0,2021-10-04,2021-10-18,1.9548254620123204,0.0,0.0,0.0,2021-09-20,0.8087703115021642,0.48644399471474686,0.424334487385492
209,Hamas,2021-10-04,2021-10-18,52,53.0,53.0,29.0,11.0,8.0,10.0,39.0,4.0,0.0,0.0,0.0,3.9889840465642745,0.5471698113207547,0.2075471698113207,0.1509433962264151,0.1886792452830188,0.7358490566037735,0.0754716981132075,0.0,0.0,1.3862943611198906,0.0,2021-10-18,2021-11-01,1.9931553730321696,0.0,0.0,0.0,2021-10-04,0.47740173430138605,0.023368973342417616,0.0028267349617168568
209,Hamas,2021-10-18,2021-11-01,53,57.0,57.0,34.0,17.0,7.0,16.0,34.0,7.0,0.0,0.0,0.0,4.060443010546419,0.5964912280701754,0.2982456140350877,0.1228070175438596,0.2807017543859649,0.5964912280701754,0.1228070175438596,0.0,0.0,0.0,1.3862943611198906,2021-11-01,2021-11-15,2.0314852840520192,0.0,0.0,0.0,2021-10-18,0.5525321143631092,0.1538592001755882,0.0
209,Hamas,2021-11-01,2021-11-15,54,54.0,54.0,28.0,11.0,4.0,12.0,35.0,7.0,0.0,0.0,0.0,4.007333185232471,0.5185185185185185,0.2037037037037037,0.074074074074074,0.2222222222222222,0.6481481481481481,0.1296296296296296,1.0986122886681098,2.0,0.0,0.0,2021-11-15,2021-11-29,2.0698151950718686,0.0,0.0,0.0,2021-11-01,0.4337577625876781,0.01783927800419126,0.0
209,Hamas,2021-11-15,2021-11-29,55,125.0,125.0,94.0,54.0,54.0,57.0,57.0,11.0,2.0,1.0,1.0986122886681098,4.836281906951478,0.752,0.432,0.432,0.456,0.456,0.088,0.0,0.0,0.0,0.0,2021-11-29,2021-12-13,2.108145106091718,0.0,0.0,0.0,2021-11-15,0.789415681544029,0.3462951379016207,0.3667519008729935
209,Hamas,2021-11-29,2021-12-13,56,95.0,95.0,69.0,48.0,38.0,49.0,40.0,6.0,0.0,0.0,0.0,4.564348191467836,0.7263157894736842,0.5052631578947369,0.4,0.5157894736842106,0.4210526315789473,0.0631578947368421,0.0,0.0,1.0986122886681098,0.0,2021-12-13,2021-12-27,2.1464750171115674,0.0,0.0,0.0,2021-11-29,0.750291410069202,0.4517007617137812,0.32531681216558717
209,Hamas,2021-12-13,2021-12-27,57,92.0,92.0,72.0,48.0,42.0,54.0,30.0,8.0,0.0,0.0,0.0,4.532599493153256,0.782608695652174,0.5217391304347826,0.4565217391304347,0.5869565217391305,0.3260869565217391,0.0869565217391304,0.6931471805599453,1.0,0.0,1.0986122886681098,2021-12-27,2022-01-10,2.184804928131417,0.0,0.0,0.0,2021-12-13,0.8360413279488121,0.4754051748649417,0.3985037895020385
209,Hamas,2021-12-27,2022-01-10,58,135.0,135.0,109.0,87.0,15.0,85.0,44.0,6.0,1.0,1.0,0.6931471805599453,4.912654885736052,0.8074074074074075,0.6444444444444445,0.1111111111111111,0.6296296296296297,0.3259259259259259,0.0444444444444444,1.0986122886681098,2.0,0.0,0.0,2022-01-10,2022-01-24,2.223134839151266,0.0,0.0,0.0,2021-12-27,0.8738167359156503,0.6519445234258997,0.0
209,Hamas,2022-01-10,2022-01-24,59,57.0,57.0,31.0,8.0,4.0,18.0,35.0,4.0,2.0,1.0,1.0986122886681098,4.060443010546419,0.543859649122807,0.1403508771929824,0.0701754385964912,0.3157894736842105,0.6140350877192983,0.0701754385964912,0.0,0.0,0.6931471805599453,0.0,2022-01-24,2022-02-07,2.2614647501711156,0.0,0.0,0.0,2022-01-10,0.4723594269146933,0.0,0.0
209,Hamas,2022-01-24,2022-02-07,60,38.0,38.0,21.0,16.0,12.0,16.0,20.0,2.0,0.0,0.0,0.0,3.6635616461296463,0.5526315789473685,0.4210526315789473,0.3157894736842105,0.4210526315789473,0.5263157894736842,0.0526315789473684,0.0,0.0,1.0986122886681098,0.6931471805599453,2022-02-07,2022-02-21,2.299794661190965,0.0,0.0,0.0,2022-01-24,0.48572154148942936,0.3305448722745161,0.21627710504083353
209,Hamas,2022-02-07,2022-02-21,61,66.0,66.0,39.0,19.0,10.0,21.0,38.0,7.0,0.0,0.0,0.0,4.204692619390966,0.5909090909090909,0.2878787878787879,0.1515151515151515,0.3181818181818182,0.5757575757575758,0.106060606060606,0.0,0.0,0.0,1.0986122886681098,2022-02-21,2022-03-07,2.3381245722108144,0.0,0.0,0.0,2022-02-07,0.5440289505428227,0.13894417590749694,0.0035670703088331564
209,Hamas,2022-02-21,2022-03-07,62,26.0,26.0,15.0,6.0,1.0,6.0,18.0,2.0,0.0,0.0,0.0,3.295836866004329,0.5769230769230769,0.2307692307692307,0.0384615384615384,0.2307692307692307,0.6923076923076923,0.0769230769230769,0.0,0.0,0.0,0.0,2022-03-07,2022-03-21,2.376454483230664,0.0,0.0,0.0,2022-02-21,0.522724320311775,0.056779160560792526,0.0
209,Hamas,2022-03-07,2022-03-21,63,24.0,24.0,10.0,5.0,4.0,4.0,19.0,1.0,0.0,0.0,0.0,3.218875824868201,0.4166666666666667,0.2083333333333333,0.1666666666666666,0.1666666666666666,0.7916666666666666,0.0416666666666666,0.0,0.0,0.0,0.0,2022-03-21,2022-04-04,2.414784394250513,0.0,0.0,0.0,2022-03-07,0.2786087655810213,0.024500047388873018,0.023185957007415662
209,Hamas,2022-03-21,2022-04-04,64,44.0,44.0,21.0,9.0,7.0,9.0,30.0,5.0,0.0,0.0,0.0,3.80666248977032,0.4772727272727273,0.2045454545454545,0.1590909090909091,0.2045454545454545,0.6818181818181818,0.1136363636363636,0.0,0.0,0.0,0.0,2022-04-04,2022-04-18,2.4531143052703626,0.0,0.0,0.0,2022-03-21,0.3709288299155609,0.01905032698322427,0.013376513658124463
209,Hamas,2022-04-04,2022-04-18,65,68.0,68.0,57.0,40.0,25.0,40.0,21.0,7.0,0.0,0.0,0.0,4.23410650459726,0.8382352941176471,0.5882352941176471,0.3676470588235294,0.5882352941176471,0.3088235294117647,0.1029411764705882,0.6931471805599453,1.0,0.0,0.0,2022-04-18,2022-05-02,2.4914442162902124,0.0,0.0,0.0,2022-04-04,0.9207762719080395,0.5710749468965863,0.28342471880331965
209,Hamas,2022-04-18,2022-05-02,66,125.0,125.0,104.0,79.0,15.0,81.0,34.0,10.0,1.0,1.0,0.6931471805599453,4.836281906951478,0.832,0.632,0.12,0.648,0.272,0.08,0.0,0.0,0.0,0.0,2022-05-02,2022-05-16,2.529774127310062,0.0,0.0,0.0,2022-04-18,0.9112781664656212,0.6340403753198749,0.0
209,Hamas,2022-05-02,2022-05-16,67,95.0,95.0,70.0,41.0,36.0,49.0,42.0,4.0,0.0,0.0,0.0,4.564348191467836,0.7368421052631579,0.431578947368421,0.3789473684210526,0.5157894736842106,0.4421052631578947,0.0421052631578947,0.0,0.0,0.6931471805599453,0.0,2022-05-16,2022-05-30,2.568104038329911,0.0,0.0,0.0,2022-05-02,0.7663259475588851,0.34568935845442433,0.2980568853843987
209,Hamas,2022-05-16,2022-05-30,68,63.0,63.0,43.0,17.0,6.0,20.0,39.0,4.0,0.0,0.0,0.0,4.1588830833596715,0.6825396825396826,0.2698412698412698,0.0952380952380952,0.3174603174603174,0.6190476190476191,0.0634920634920634,0.0,0.0,0.0,0.6931471805599453,2022-05-30,2022-06-13,2.6064339493497606,0.0,0.0,0.0,2022-05-16,0.6836080954295671,0.11299312635678854,0.0
209,Hamas,2022-05-30,2022-06-13,69,40.0,40.0,23.0,7.0,4.0,8.0,27.0,5.0,0.0,0.0,0.0,3.713572066704308,0.575,0.175,0.1,0.2,0.675,0.125,0.0,0.0,0.0,0.0,2022-06-13,2022-06-27,2.64476386036961,0.0,0.0,0.0,2022-05-30,0.519794933655006,0.0,0.0
209,Hamas,2022-06-13,2022-06-27,70,76.0,76.0,59.0,44.0,14.0,48.0,25.0,3.0,0.0,0.0,0.0,4.343805421853684,0.7763157894736842,0.5789473684210527,0.1842105263157894,0.631578947368421,0.3289473684210526,0.0394736842105263,0.0,0.0,0.0,0.0,2022-06-27,2022-07-11,2.6830937713894594,0.0,0.0,0.0,2022-06-13,0.826455463145197,0.557712164973138,0.04590256265840599
209,Hamas,2022-06-27,2022-07-11,71,34.0,34.0,21.0,1.0,1.0,2.0,28.0,4.0,0.0,0.0,0.0,3.5553480614894135,0.6176470588235294,0.0294117647058823,0.0294117647058823,0.0588235294117647,0.8235294117647058,0.1176470588235294,0.0,0.0,0.0,0.0,2022-07-11,2022-07-25,2.7214236824093088,0.0,0.0,0.0,2022-06-27,0.5847583906904137,0.0,0.0
209,Hamas,2022-07-11,2022-07-25,72,69.0,69.0,54.0,40.0,3.0,42.0,19.0,8.0,0.0,0.0,0.0,4.248495242049359,0.782608695652174,0.5797101449275363,0.0434782608695652,0.6086956521739131,0.2753623188405797,0.1159420289855072,0.0,0.0,0.0,0.0,2022-07-25,2022-08-08,2.759753593429158,0.0,0.0,0.0,2022-07-11,0.8360413279488121,0.558809591507914,0.0
209,Hamas,2022-07-25,2022-08-08,73,96.0,96.0,79.0,58.0,53.0,62.0,26.0,8.0,0.0,0.0,0.0,4.574710978503383,0.8229166666666666,0.6041666666666666,0.5520833333333334,0.6458333333333334,0.2708333333333333,0.0833333333333333,0.0,0.0,0.0,0.0,2022-08-08,2022-08-22,2.7980835044490076,0.0,0.0,0.0,2022-07-25,0.8974416968234821,0.5939958297791678,0.5222413874026096
209,Hamas,2022-08-08,2022-08-22,74,79.0,79.0,55.0,41.0,36.0,45.0,28.0,6.0,0.0,0.0,0.0,4.382026634673881,0.6962025316455697,0.5189873417721519,0.4556962025316455,0.569620253164557,0.3544303797468354,0.0759493670886076,0.0,0.0,0.0,0.0,2022-08-22,2022-09-05,2.836413415468857,0.0,0.0,0.0,2022-08-08,0.7044204547189691,0.47144610445467405,0.39743484630822473
209,Hamas,2022-08-22,2022-09-05,75,28.0,28.0,18.0,12.0,10.0,11.0,15.0,2.0,0.0,0.0,0.0,3.367295829986474,0.6428571428571429,0.4285714285714285,0.3571428571428571,0.3928571428571428,0.5357142857142857,0.0714285714285714,0.6931471805599453,1.0,0.0,0.0,2022-09-05,2022-09-19,2.8747433264887063,0.0,0.0,0.0,2022-08-22,0.6231604342581424,0.3413623624030219,0.2698233897895964
209,Hamas,2022-09-05,2022-09-19,76,22.0,22.0,11.0,5.0,3.0,5.0,15.0,2.0,1.0,1.0,0.6931471805599453,3.1354942159291497,0.5,0.2272727272727272,0.1363636363636363,0.2272727272727272,0.6818181818181818,0.0909090909090909,0.0,0.0,0.0,0.0,2022-09-19,2022-10-03,2.9130732375085557,0.0,0.0,0.0,2022-09-05,0.4055488540410133,0.051748649417116765,0.0
209,Hamas,2022-09-19,2022-10-03,77,40.0,40.0,31.0,18.0,15.0,18.0,16.0,6.0,0.0,0.0,0.0,3.713572066704308,0.775,0.45,0.375,0.45,0.4,0.15,1.3862943611198906,3.0,0.6931471805599453,0.0,2022-10-03,2022-10-17,2.951403148528405,0.0,0.0,0.0,2022-09-19,0.8244511459589867,0.3721922092692636,0.2929456491129259
209,Hamas,2022-10-03,2022-10-17,78,56.0,56.0,44.0,27.0,19.0,28.0,25.0,3.0,3.0,2.0,1.3862943611198906,4.04305126783455,0.7857142857142857,0.4821428571428571,0.3392857142857143,0.5,0.4464285714285714,0.0535714285714285,1.0986122886681098,2.0,0.0,0.6931471805599453,2022-10-17,2022-10-31,2.9897330595482545,0.0,0.0,0.0,2022-10-03,0.8407720144752714,0.4184369795686258,0.24670113046626704
209,Hamas,2022-10-17,2022-10-31,79,39.0,39.0,30.0,14.0,14.0,14.0,20.0,5.0,2.0,1.0,1.0986122886681098,3.688879454113936,0.7692307692307693,0.358974358974359,0.358974358974359,0.358974358974359,0.5128205128205128,0.1282051282051282,0.0,0.0,1.3862943611198906,0.0,2022-10-31,2022-11-14,3.028062970568104,0.0,0.0,0.0,2022-10-17,0.8156629859886797,0.2412312358289043,0.27219490356634823
209,Hamas,2022-10-31,2022-11-14,80,32.0,32.0,19.0,11.0,4.0,10.0,20.0,2.0,0.0,0.0,0.0,3.49650756146648,0.59375,0.34375,0.125,0.3125,0.625,0.0625,1.0986122886681098,2.0,1.0986122886681098,1.3862943611198906,2022-11-14,2022-11-28,3.0663928815879533,0.0,0.0,0.0,2022-10-31,0.5483564535585043,0.21932755189081604,0.0
209,Hamas,2022-11-14,2022-11-28,81,29.0,29.0,17.0,11.0,9.0,11.0,17.0,1.0,2.0,1.0,1.0986122886681098,3.4011973816621555,0.5862068965517241,0.3793103448275862,0.3103448275862069,0.3793103448275862,0.5862068965517241,0.0344827586206896,0.0,0.0,0.0,1.0986122886681098,2022-11-28,2022-12-12,3.1047227926078027,0.0,0.0,0.0,2022-11-14,0.53686618693066,0.2704891512162599,0.20922712397673313
209,Hamas,2022-11-28,2022-12-12,82,73.0,73.0,42.0,32.0,13.0,32.0,37.0,4.0,0.0,0.0,0.0,4.30406509320417,0.5753424657534246,0.4383561643835616,0.1780821917808219,0.4383561643835616,0.5068493150684932,0.0547945205479452,0.6931471805599453,1.0,1.0986122886681098,0.0,2022-12-12,2022-12-26,3.143052703627652,0.0,0.0,0.0,2022-11-28,0.5203166052514169,0.35543991804970765,0.03796730999949848
209,Hamas,2022-12-12,2022-12-26,83,20.0,20.0,13.0,9.0,7.0,10.0,8.0,2.0,1.0,1.0,0.6931471805599453,3.044522437723423,0.65,0.45,0.35,0.5,0.4,0.1,1.3862943611198906,3.0,0.0,1.0986122886681098,2022-12-26,2023-01-09,3.1813826146475015,0.0,0.0,0.0,2022-12-12,0.6340410132689989,0.3721922092692636,0.2605744860602647
209,Hamas,2022-12-26,2023-01-09,84,60.0,60.0,43.0,14.0,11.0,21.0,36.0,3.0,3.0,1.0,1.3862943611198906,4.110873864173311,0.7166666666666667,0.2333333333333333,0.1833333333333333,0.35,0.6,0.05,0.0,0.0,0.6931471805599453,0.0,2023-01-09,2023-01-23,3.2197125256673513,0.0,0.0,0.0,2022-12-26,0.7355930840369924,0.06046820206615482,0.04476673237585651
209,Hamas,2023-01-09,2023-01-23,85,56.0,56.0,45.0,9.0,6.0,6.0,46.0,4.0,0.0,0.0,0.0,4.04305126783455,0.8035714285714286,0.1607142857142857,0.1071428571428571,0.1071428571428571,0.8214285714285714,0.0714285714285714,0.6931471805599453,1.0,1.3862943611198906,0.6931471805599453,2023-01-23,2023-02-06,3.2580424366872007,0.0,0.0,0.0,2023-01-09,0.8679734620024125,0.0,0.0
209,Hamas,2023-01-23,2023-02-06,86,138.0,138.0,113.0,85.0,70.0,85.0,43.0,10.0,1.0,1.0,0.6931471805599453,4.9344739331306915,0.8188405797101449,0.6159420289855072,0.5072463768115942,0.6159420289855072,0.3115942028985507,0.072463768115942,1.791759469228055,5.0,0.0,1.3862943611198906,2023-02-06,2023-02-20,3.29637234770705,0.0,0.0,0.0,2023-01-23,0.8912326707575042,0.6109373519097715,0.46418441018859763
209,Hamas,2023-02-06,2023-02-20,87,117.0,117.0,99.0,63.0,48.0,64.0,49.0,4.0,5.0,1.0,1.791759469228055,4.770684624465665,0.8461538461538461,0.5384615384615384,0.4102564102564102,0.5470085470085471,0.4188034188034188,0.0341880341880341,1.0986122886681098,2.0,0.6931471805599453,0.0,2023-02-20,2023-03-06,3.3347022587268995,0.0,0.0,0.0,2023-02-06,0.9328384522594414,0.4994641412042606,0.3385972893153968
209,Hamas,2023-02-20,2023-03-06,88,91.0,91.0,71.0,56.0,41.0,55.0,30.0,6.0,2.0,1.0,1.0986122886681098,4.5217885770490405,0.7802197802197802,0.6153846153846154,0.4505494505494505,0.6043956043956044,0.3296703296703296,0.0659340659340659,2.302585092994046,9.0,1.791759469228055,0.6931471805599453,2023-03-06,2023-03-20,3.373032169746749,0.0,0.0,0.0,2023-02-20,0.8324023383130741,0.6101353863651277,0.390770592403935
209,Hamas,2023-03-06,2023-03-20,89,105.0,105.0,83.0,67.0,57.0,70.0,29.0,6.0,9.0,3.0,2.302585092994046,4.663439094112067,0.7904761904761904,0.638095238095238,0.5428571428571428,0.6666666666666666,0.2761904761904762,0.0571428571428571,0.0,0.0,1.0986122886681098,1.791759469228055,2023-03-20,2023-04-03,3.4113620807665983,0.0,0.0,0.0,2023-03-06,0.8480257338158423,0.6428097539840502,0.5102948867522227
209,Hamas,2023-03-20,2023-04-03,90,67.0,67.0,51.0,19.0,15.0,17.0,39.0,11.0,0.0,0.0,0.0,4.219507705176107,0.7611940298507462,0.2835820895522388,0.2238805970149253,0.2537313432835821,0.582089552238806,0.1641791044776119,0.0,0.0,2.302585092994046,1.0986122886681098,2023-04-03,2023-04-17,3.4496919917864477,0.0,0.0,0.0,2023-03-20,0.8034207730947194,0.1327624035070595,0.09726921573489904
209,Hamas,2023-04-03,2023-04-17,91,419.0,419.0,387.0,324.0,122.0,328.0,80.0,11.0,0.0,0.0,0.0,6.040254711277414,0.9236276849642004,0.7732696897374701,0.2911694510739857,0.7828162291169452,0.1909307875894988,0.026252983293556,0.0,0.0,0.0,2.302585092994046,2023-04-17,2023-05-01,3.488021902806297,0.0,0.0,0.0,2023-04-03,1.0,0.8372887773874321,0.18439795438980178
209,Hamas,2023-04-17,2023-05-01,92,91.0,91.0,59.0,17.0,10.0,18.0,56.0,17.0,0.0,0.0,0.0,4.5217885770490405,0.6483516483516484,0.1868131868131868,0.1098901098901098,0.1978021978021978,0.6153846153846154,0.1868131868131868,1.9459101490553132,6.0,0.0,0.0,2023-05-01,2023-05-15,3.5263518138261465,0.0,0.0,0.0,2023-04-17,0.6315301104203397,0.0,0.0
209,Hamas,2023-05-01,2023-05-15,93,271.0,271.0,235.0,178.0,135.0,177.0,80.0,14.0,6.0,3.0,1.9459101490553132,5.605802066295998,0.8671586715867159,0.6568265682656826,0.4981549815498155,0.6531365313653137,0.2952029520295203,0.051660516605166,0.0,0.0,0.0,0.0,2023-05-15,2023-05-29,3.564681724845996,0.0,0.0,0.0,2023-05-01,0.9648347050418634,0.6697590092193216,0.4524124486527884
209,Hamas,2023-05-15,2023-05-29,94,127.0,127.0,96.0,35.0,23.0,37.0,67.0,23.0,0.0,0.0,0.0,4.852030263919617,0.7559055118110236,0.2755905511811024,0.1811023622047244,0.2913385826771653,0.5275590551181102,0.1811023622047244,0.0,0.0,1.9459101490553132,0.0,2023-05-29,2023-06-12,3.6030116358658457,0.0,0.0,0.0,2023-05-15,0.7953648737213035,0.12126476797736081,0.041877967169057374
209,Hamas,2023-05-29,2023-06-12,95,64.0,64.0,40.0,15.0,15.0,18.0,37.0,9.0,0.0,0.0,0.0,4.174387269895637,0.625,0.234375,0.234375,0.28125,0.578125,0.140625,1.791759469228055,5.0,0.0,1.9459101490553132,2023-06-12,2023-06-26,3.6413415468856942,0.0,0.0,0.0,2023-05-29,0.5959589867310012,0.06196687517770827,0.11085785694170655
209,Hamas,2023-06-12,2023-06-26,96,101.0,101.0,75.0,56.0,53.0,55.0,33.0,13.0,5.0,2.0,1.791759469228055,4.624972813284271,0.7425742574257426,0.5544554455445545,0.5247524752475248,0.5445544554455446,0.3267326732673267,0.1287128712871287,1.0986122886681098,2.0,0.0,0.0,2023-06-26,2023-07-10,3.679671457905544,0.0,0.0,0.0,2023-06-12,0.7750576263899007,0.5224749941585004,0.4868521208640154
209,Hamas,2023-06-26,2023-07-10,97,158.0,158.0,134.0,101.0,87.0,101.0,46.0,11.0,2.0,1.0,1.0986122886681098,5.0689042022202315,0.8481012658227848,0.6392405063291139,0.5506329113924051,0.6392405063291139,0.2911392405063291,0.0696202531645569,0.0,0.0,1.791759469228055,0.0,2023-07-10,2023-07-24,3.7180013689253935,0.0,0.0,0.0,2023-06-26,0.9358049197599669,0.6444574813833711,0.5203633135968118
209,Hamas,2023-07-10,2023-07-24,98,65.0,65.0,39.0,18.0,11.0,20.0,41.0,4.0,0.0,0.0,0.0,4.189654742026425,0.6,0.2769230769230769,0.1692307692307692,0.3076923076923077,0.6307692307692307,0.0615384615384615,1.6094379124341005,4.0,1.0986122886681098,1.791759469228055,2023-07-24,2023-08-07,3.756331279945243,0.0,0.0,0.0,2023-07-10,0.5578769601930036,0.12318190765731277,0.026506076294868154
209,Hamas,2023-07-24,2023-08-07,99,85.0,85.0,68.0,44.0,29.0,39.0,37.0,9.0,4.0,2.0,1.6094379124341005,4.454347296253507,0.8,0.5176470588235295,0.3411764705882353,0.4588235294117647,0.4352941176470588,0.1058823529411764,0.0,0.0,0.0,1.0986122886681098,2023-08-07,2023-08-21,3.794661190965092,0.0,0.0,0.0,2023-07-24,0.8625331724969844,0.469517804278379,0.24914936968873722
209,Hamas,2023-08-07,2023-08-21,100,65.0,65.0,45.0,29.0,24.0,29.0,30.0,6.0,0.0,0.0,0.0,4.189654742026425,0.6923076923076923,0.4461538461538462,0.3692307692307692,0.4461538461538462,0.4615384615384615,0.0923076923076923,0.0,0.0,1.6094379124341005,0.0,2023-08-21,2023-09-04,3.8329911019849416,0.0,0.0,0.0,2023-08-07,0.6984875197179178,0.36665864701122025,0.2854753807161579
209,Hamas,2023-08-21,2023-09-04,101,63.0,63.0,51.0,28.0,20.0,29.0,31.0,3.0,0.0,0.0,0.0,4.1588830833596715,0.8095238095238095,0.4444444444444444,0.3174603174603174,0.4603174603174603,0.492063492063492,0.0476190476190476,0.0,0.0,0.0,1.6094379124341005,2023-09-04,2023-09-18,3.871321013004791,0.0,0.0,0.0,2023-08-21,0.8770406111781263,0.3641992860076454,0.21844059129330873
209,Hamas,2023-09-04,2023-09-18,102,90.0,90.0,75.0,49.0,40.0,50.0,35.0,5.0,0.0,0.0,0.0,4.51085950651685,0.8333333333333334,0.5444444444444444,0.4444444444444444,0.5555555555555556,0.3888888888888889,0.0555555555555555,2.0794415416798357,7.0,0.0,0.0,2023-09-18,2023-10-02,3.909650924024641,0.0,0.0,0.0,2023-09-04,0.9133092078809811,0.5080719047167724,0.3828655464814293
209,Hamas,2023-09-18,2023-10-02,103,154.0,154.0,126.0,99.0,59.0,101.0,47.0,6.0,7.0,3.0,2.0794415416798357,5.043425116919247,0.8181818181818182,0.6428571428571429,0.3831168831168831,0.6558441558441559,0.3051948051948052,0.0389610389610389,8.670772279344538,5829.0,0.0,0.0,2023-10-02,2023-10-16,3.9479808350444903,0.0,0.0,1.0,2023-09-18,0.8902291917973463,0.6496608310654374,0.30345576698716653
209,Hamas,2023-10-02,2023-10-16,104,9122.0,9122.0,8140.0,5437.0,4601.0,5329.0,3267.0,526.0,5829.0,188.0,8.670772279344538,9.118553976345474,0.8923481692611269,0.5960315720236791,0.5043850032887525,0.5841920631440474,0.3581451436088577,0.0576627932470949,8.45638105201948,4704.0,2.0794415416798357,0.0,2023-10-16,2023-10-30,3.98631074606434,0.0,0.0,1.0,2023-10-02,1.0,0.5822916560818356,0.4604793706340985
209,Hamas,2023-10-16,2023-10-30,105,7520.0,7520.0,6376.0,3421.0,2738.0,3407.0,3600.0,513.0,4704.0,263.0,8.45638105201948,8.925454386826402,0.847872340425532,0.4549202127659574,0.364095744680851,0.4530585106382979,0.4787234042553192,0.0682180851063829,8.645586406184636,5684.0,8.670772279344538,2.0794415416798357,2023-10-30,2023-11-13,4.024640657084189,0.0,0.0,1.0,2023-10-16,0.9354562020378308,0.37927104822170726,0.27882631203676506
209,Hamas,2023-10-30,2023-11-13,106,1129.0,1129.0,944.0,596.0,471.0,607.0,446.0,76.0,5684.0,243.0,8.645586406184636,7.029972911706386,0.8361381753764393,0.5279007971656333,0.4171833480956599,0.537643932683791,0.3950398582816652,0.0673162090345438,7.5411524551363085,1883.0,8.45638105201948,8.670772279344538,2023-11-13,2023-11-27,4.0629705681040384,0.0,0.0,1.0,2023-10-30,0.9175817706457992,0.4842701261467457,0.3475666106853968
209,Hamas,2023-11-13,2023-11-27,107,30.0,30.0,28.0,14.0,10.0,14.0,16.0,0.0,1883.0,155.0,7.5411524551363085,3.4339872044851463,0.9333333333333332,0.4666666666666667,0.3333333333333333,0.4666666666666667,0.5333333333333333,0.0,8.763740720509464,6397.0,8.645586406184636,8.45638105201948,2023-11-27,2023-12-11,4.101300479123887,0.0,0.0,1.0,2023-11-13,1.0,0.3961709790541181,0.23899371069182387
209,Hamas,2023-11-27,2023-12-11,108,2434.0,2434.0,2111.0,1373.0,1014.0,1363.0,925.0,146.0,6397.0,156.0,8.763740720509464,7.79770203551669,0.8672966310599836,0.5640920295809367,0.4165981922760887,0.5599835661462613,0.3800328677074774,0.0599835661462613,7.596894438144544,1991.0,7.5411524551363085,8.645586406184636,2023-12-11,2023-12-25,4.139630390143737,0.0,0.0,1.0,2023-11-27,0.9650448560947493,0.5363393999657492,0.3468089237075347
209,Hamas,2023-12-11,2023-12-25,109,2379.0,2379.0,1980.0,1100.0,906.0,1125.0,1095.0,159.0,1991.0,171.0,7.596894438144544,7.77485576666552,0.832282471626734,0.462379150903741,0.3808322824716267,0.4728877679697352,0.4602774274905422,0.0668348045397225,7.839131648274333,2537.0,8.763740720509464,7.5411524551363085,2023-12-25,2024-01-08,4.177960301163586,0.0,0.0,1.0,2023-12-11,0.9117084501450418,0.3900024178484303,0.3004975597872542
209,Hamas,2023-12-25,2024-01-08,110,2580.0,2580.0,2157.0,1438.0,1246.0,1452.0,981.0,147.0,2537.0,117.0,7.839131648274333,7.855932199718614,0.836046511627907,0.5573643410852713,0.4829457364341085,0.5627906976744186,0.3802325581395349,0.0569767441860465,6.423246963533519,615.0,7.596894438144544,8.763740720509464,2024-01-08,2024-01-22,4.216290212183436,0.0,0.0,1.0,2023-12-25,0.917442140993632,0.5266600983484427,0.43271881051085065
209,Hamas,2024-01-08,2024-01-22,111,1922.0,1922.0,1571.0,788.0,633.0,829.0,953.0,140.0,615.0,93.0,6.423246963533519,7.56164174558878,0.8173777315296566,0.4099895941727367,0.3293444328824141,0.4313215400624349,0.495837669094693,0.072840790842872,7.348587530927593,1553.0,7.839131648274333,7.596894438144544,2024-01-22,2024-02-05,4.254620123203286,0.0,0.0,1.0,2024-01-08,0.8890043418282876,0.3146281906494307,0.23382869681592228
209,Hamas,2024-01-22,2024-02-05,112,1841.0,1841.0,1468.0,748.0,618.0,750.0,973.0,118.0,1553.0,91.0,7.348587530927593,7.518607216815252,0.7973927213470939,0.4063009234111895,0.3356871265616513,0.4073872895165671,0.5285171102661597,0.0640956002172732,6.618738983517219,748.0,6.423246963533519,7.839131648274333,2024-02-05,2024-02-19,4.292950034223135,0.0,0.0,1.0,2024-01-22,0.8585615543029074,0.30932120342923486,0.2420415116672691
209,Hamas,2024-02-05,2024-02-19,113,1554.0,1554.0,1243.0,615.0,507.0,618.0,833.0,103.0,748.0,138.0,6.618738983517219,7.349230824613334,0.7998712998712999,0.3957528957528957,0.3262548262548262,0.3976833976833976,0.536036036036036,0.0662805662805662,7.405495663199472,1644.0,7.348587530927593,6.423246963533519,2024-02-19,2024-03-04,4.331279945242985,0.0,0.0,1.0,2024-02-05,0.8623371260283202,0.2941454798150845,0.22982813041951305
209,Hamas,2024-02-19,2024-03-04,114,1300.0,1300.0,1036.0,487.0,412.0,490.0,722.0,88.0,1644.0,104.0,7.405495663199472,7.170888478512505,0.796923076923077,0.3746153846153846,0.3169230769230769,0.3769230769230769,0.5553846153846154,0.0676923076923076,6.532334292222349,686.0,6.618738983517219,7.348587530927593,2024-03-04,2024-03-18,4.369609856262834,0.0,0.0,1.0,2024-02-19,0.8578461538461539,0.26373438901161383,0.2177449472521283
209,Hamas,2024-03-04,2024-03-18,115,1446.0,1446.0,1188.0,538.0,440.0,567.0,764.0,115.0,686.0,92.0,6.532334292222349,7.277247726631484,0.8215767634854771,0.3720608575380359,0.3042876901798063,0.3921161825726141,0.5283540802213001,0.0795297372060857,6.499787040655854,664.0,7.405495663199472,6.618738983517219,2024-03-18,2024-04-01,4.407939767282683,0.0,0.0,1.0,2024-03-04,0.8954006476833059,0.26005912400979864,0.2013840606721344
209,Hamas,2024-03-18,2024-04-01,116,1343.0,1343.0,1134.0,565.0,497.0,563.0,682.0,98.0,664.0,105.0,6.499787040655854,7.203405521083095,0.8443782576321668,0.4206999255398362,0.3700670141474311,0.4192107222635889,0.5078183172002978,0.0729709605361131,6.639875833826536,764.0,6.532334292222349,7.405495663199472,2024-04-01,2024-04-15,4.446269678302532,0.0,0.0,1.0,2024-03-18,0.9301337318913151,0.3300374248597018,0.2865581895381268
209,Hamas,2024-04-01,2024-04-15,117,1591.0,1591.0,1291.0,668.0,578.0,656.0,799.0,136.0,764.0,75.0,6.639875833826536,7.372746366404328,0.8114393463230672,0.4198617221873036,0.3632935260842238,0.4123192960402262,0.5021998742928976,0.0854808296668761,5.777652323222656,322.0,6.499787040655854,6.532334292222349,2024-04-15,2024-04-29,4.484599589322382,0.0,0.0,1.0,2024-04-01,0.87995851210708,0.32883147974630544,0.2777875620769532
209,Hamas,2024-04-15,2024-04-29,118,1177.0,1177.0,889.0,342.0,251.0,375.0,654.0,148.0,322.0,73.0,5.777652323222656,7.071573364211532,0.7553101104502974,0.2905692438402719,0.2132540356839422,0.318606627017842,0.5556499575191164,0.1257434154630416,6.513230110912307,673.0,6.639875833826536,6.499787040655854,2024-04-29,2024-05-13,4.522929500342231,0.0,0.0,1.0,2024-04-15,0.7944579101045061,0.14281500535449979,0.08350944975352469
209,Hamas,2024-04-29,2024-05-13,119,1740.0,1740.0,1469.0,698.0,495.0,668.0,883.0,189.0,673.0,94.0,6.513230110912307,7.462214939768189,0.8442528735632184,0.4011494252873563,0.2844827586206896,0.3839080459770115,0.5074712643678161,0.1086206896551724,6.504288173536645,667.0,5.777652323222656,6.639875833826536,2024-05-13,2024-05-27,4.561259411362081,0.0,0.0,1.0,2024-04-29,0.9299427367136698,0.30190960817572443,0.17573971392225593
209,Hamas,2024-05-13,2024-05-27,120,1563.0,1563.0,1296.0,680.0,513.0,684.0,747.0,132.0,667.0,111.0,6.504288173536645,7.355001921105257,0.8291746641074856,0.4350607805502239,0.328214971209213,0.437619961612284,0.4779270633397313,0.0844529750479846,6.922643891475888,1014.0,6.513230110912307,5.777652323222656,2024-05-27,2024-06-10,4.59958932238193,0.0,0.0,1.0,2024-05-13,0.9069743858081216,0.35069876303216746,0.2323662172965253
209,Hamas,2024-05-27,2024-06-10,121,1614.0,1614.0,1384.0,903.0,786.0,900.0,618.0,96.0,1014.0,98.0,6.922643891475888,7.387090235656757,0.8574969021065675,0.5594795539033457,0.4869888475836431,0.5576208178438662,0.3828996282527881,0.0594795539033457,6.068425588244111,431.0,6.504288173536645,6.513230110912307,2024-06-10,2024-06-24,4.63791923340178,0.0,0.0,1.0,2024-05-27,0.9501171145719824,0.5297033104210774,0.43795401892131536
209,Hamas,2024-06-10,2024-06-24,122,1072.0,1072.0,869.0,465.0,385.0,455.0,548.0,69.0,431.0,102.0,6.068425588244111,6.9782137426306985,0.8106343283582089,0.4337686567164179,0.3591417910447761,0.4244402985074627,0.5111940298507462,0.064365671641791,6.78332520060396,882.0,6.922643891475888,6.504288173536645,2024-06-24,2024-07-08,4.676249144421629,0.0,0.0,1.0,2024-06-10,0.878732243487028,0.348839750635506,0.27241170240041696
209,Hamas,2024-06-24,2024-07-08,123,882.0,882.0,715.0,408.0,339.0,419.0,402.0,61.0,882.0,128.0,6.78332520060396,6.78332520060396,0.8106575963718821,0.4625850340136054,0.3843537414965986,0.4750566893424036,0.4557823129251701,0.0691609977324263,6.580639137284949,720.0,6.068425588244111,6.922643891475888,2024-07-08,2024-07-22,4.714579055441479,0.0,0.0,1.0,2024-06-24,0.8787676872115955,0.39029862727007203,0.3050573087584794
209,Hamas,2024-07-08,2024-07-22,124,989.0,989.0,849.0,593.0,512.0,599.0,348.0,42.0,720.0,112.0,6.580639137284949,6.897704943128636,0.8584428715874621,0.5995955510616785,0.5176946410515673,0.6056622851365016,0.3518705763397371,0.0424671385237613,6.698268054115413,810.0,6.78332520060396,6.068425588244111,2024-07-22,2024-08-05,4.7529089664613275,0.0,0.0,1.0,2024-07-08,0.951558091967005,0.5874192460540498,0.47771330880177587
209,Hamas,2024-07-22,2024-08-05,125,2400.0,2400.0,2129.0,1172.0,1141.0,912.0,1379.0,109.0,810.0,110.0,6.698268054115413,7.783640596221253,0.8870833333333333,0.4883333333333333,0.4754166666666666,0.38,0.5745833333333333,0.0454166666666666,6.184148890937483,484.0,6.580639137284949,6.78332520060396,2024-08-05,2024-08-19,4.791238877481177,0.0,0.0,1.0,2024-07-22,0.9951855649376758,0.4273433797744289,0.4229698207077817
209,Hamas,2024-08-05,2024-08-19,126,1871.0,1871.0,1599.0,648.0,528.0,619.0,1177.0,75.0,484.0,109.0,6.184148890937483,7.534762657037537,0.8546231961517905,0.3463388562266168,0.2822020309994655,0.3308391234633885,0.6290753607696419,0.0400855157669695,6.434546518787453,622.0,6.698268054115413,6.580639137284949,2024-08-19,2024-09-02,4.829568788501026,0.0,0.0,1.0,2024-08-05,0.9457396527146936,0.22305220713866394,0.17278652169404177
209,Hamas,2024-08-19,2024-09-02,127,1148.0,1148.0,973.0,628.0,523.0,629.0,446.0,73.0,622.0,141.0,6.434546518787453,7.046647277848756,0.8475609756097561,0.5470383275261324,0.455574912891986,0.5479094076655052,0.3885017421602787,0.063588850174216,6.056784013228625,426.0,6.184148890937483,6.698268054115413,2024-09-02,2024-09-16,4.867898699520876,0.0,0.0,1.0,2024-08-19,0.9349819059107358,0.5118037922326499,0.397277794840144
209,Hamas,2024-09-02,2024-09-16,128,1186.0,1186.0,1018.0,539.0,494.0,502.0,561.0,123.0,426.0,115.0,6.056784013228625,7.079184394609668,0.8583473861720068,0.454468802698145,0.4165261382799325,0.4232715008431703,0.4730185497470489,0.1037099494097807,6.028278520230698,414.0,6.434546518787453,6.184148890937483,2024-09-16,2024-09-30,4.906228610540725,0.0,0.0,1.0,2024-09-02,0.9514126408419905,0.3786215927360289,0.346715624841208
209,Hamas,2024-09-16,2024-09-30,129,1102.0,1102.0,899.0,553.0,495.0,574.0,471.0,57.0,414.0,108.0,6.028278520230698,7.005789019253503,0.8157894736842105,0.5018148820326679,0.4491833030852994,0.5208711433756806,0.4274047186932849,0.0517241379310344,6.961296045910167,1054.0,6.056784013228625,6.434546518787453,2024-09-30,2024-10-14,4.944558521560575,0.0,0.0,1.0,2024-09-16,0.8865849787315091,0.44673963693070784,0.3890016411112945
209,Hamas,2024-09-30,2024-10-14,130,2567.0,2567.0,2028.0,1347.0,1104.0,1374.0,1001.0,192.0,1054.0,127.0,6.961296045910167,7.850882664809852,0.79002726918582,0.5247370471367355,0.4300740163615115,0.5352551616673159,0.3899493572263342,0.0747954811063498,6.601230118728877,735.0,6.028278520230698,6.056784013228625,2024-10-14,2024-10-28,4.982888432580425,0.0,0.0,1.0,2024-09-30,0.8473419005161079,0.4797183561307597,0.3642580476570627
209,Hamas,2024-10-14,2024-10-28,131,1641.0,1641.0,1370.0,918.0,828.0,854.0,728.0,59.0,735.0,110.0,6.601230118728877,7.403670290012373,0.8348567946374162,0.5594149908592322,0.5045703839122486,0.5204143814747105,0.4436319317489335,0.0359536867763558,6.725033642166843,832.0,6.961296045910167,6.028278520230698,2024-10-28,2024-11-11,5.021218343600274,0.0,0.0,1.0,2024-10-14,0.915629867633449,0.5296104218787929,0.4607194100896984
209,Hamas,2024-10-28,2024-11-11,132,724.0,724.0,595.0,321.0,267.0,332.0,338.0,54.0,832.0,144.0,6.725033642166843,6.586171654854675,0.8218232044198895,0.4433701657458563,0.3687845303867403,0.4585635359116022,0.4668508287292817,0.074585635359116,6.419994928147142,613.0,6.601230118728877,6.961296045910167,2024-11-11,2024-11-25,5.059548254620124,0.0,0.0,1.0,2024-10-28,0.8957760464914795,0.36265369311175233,0.2848975699009383
209,Hamas,2024-11-11,2024-11-25,133,594.0,594.0,489.0,211.0,187.0,229.0,338.0,27.0,613.0,133.0,6.419994928147142,6.38856140554563,0.8232323232323232,0.3552188552188552,0.3148148148148148,0.3855218855218855,0.569023569023569,0.0454545454545454,6.42648845745769,617.0,6.725033642166843,6.601230118728877,2024-11-25,2024-12-09,5.0978781656399725,0.0,0.0,1.0,2024-11-11,0.8979225304918911,0.23582809423014142,0.21501507139355633
209,Hamas,2024-11-25,2024-12-09,134,635.0,635.0,513.0,244.0,200.0,246.0,355.0,34.0,617.0,131.0,6.42648845745769,6.455198563340122,0.8078740157480315,0.384251968503937,0.3149606299212598,0.3874015748031496,0.5590551181102362,0.0535433070866141,6.391917113392602,596.0,6.419994928147142,6.725033642166843,2024-12-09,2024-12-23,5.136208076659822,0.0,0.0,1.0,2024-11-25,0.8745275115640702,0.2775987946061761,0.21520387957700715
209,Hamas,2024-12-09,2024-12-23,135,498.0,498.0,353.0,194.0,148.0,202.0,262.0,34.0,596.0,116.0,6.391917113392602,6.212606095751519,0.7088353413654619,0.3895582329317269,0.2971887550200803,0.4056224899598393,0.5261044176706827,0.0682730923694779,6.406879986069314,605.0,6.42648845745769,6.419994928147142,2024-12-23,2025-01-06,5.174537987679671,0.0,0.0,1.0,2024-12-09,0.7236637745190655,0.2852330561940683,0.19219202916990402
209,Hamas,2024-12-23,2025-01-06,136,734.0,734.0,598.0,391.0,328.0,395.0,305.0,34.0,605.0,154.0,6.406879986069314,6.5998704992128365,0.8147138964577657,0.5326975476839237,0.4468664850136239,0.5381471389645777,0.4155313351498637,0.0463215258855585,6.366470447731438,581.0,6.391917113392602,6.42648845745769,2025-01-06,2025-01-20,5.212867898699521,0.0,0.0,1.0,2024-12-23,0.8849465723122636,0.49117133673035374,0.3860017172888321
209,Hamas,2025-01-06,2025-01-20,137,882.0,882.0,746.0,274.0,235.0,241.0,606.0,35.0,581.0,153.0,6.366470447731438,6.78332520060396,0.8458049886621315,0.310657596371882,0.2664399092970521,0.2732426303854875,0.6870748299319728,0.0396825396825396,3.828641396489095,45.0,6.406879986069314,6.391917113392602,2025-01-20,2025-02-03,5.25119780971937,0.0,0.0,1.0,2025-01-06,0.9323070442491431,0.1717166441972485,0.15237699322665318
209,Hamas,2025-01-20,2025-02-03,138,810.0,810.0,653.0,271.0,213.0,280.0,486.0,44.0,45.0,25.0,3.828641396489095,6.698268054115413,0.8061728395061728,0.3345679012345679,0.2629629629629629,0.345679012345679,0.6,0.0543209876543209,3.1780538303479458,23.0,6.366470447731438,6.406879986069314,2025-02-03,2025-02-17,5.28952772073922,0.0,0.0,1.0,2025-01-20,0.8719361420125392,0.20611702594453046,0.14787488135840704
209,Hamas,2025-02-03,2025-02-17,139,769.0,769.0,634.0,172.0,129.0,195.0,540.0,34.0,23.0,19.0,3.1780538303479458,6.646390514847729,0.8244473342002601,0.223667100130039,0.1677503250975292,0.2535760728218466,0.7022106631989596,0.0442132639791937,3.258096538021482,25.0,3.828641396489095,6.366470447731438,2025-02-17,2025-03-03,5.327857631759069,0.0,0.0,1.0,2025-02-03,0.8997733336888883,0.04656113922604414,0.024589128357769444
209,Hamas,2025-02-17,2025-03-03,140,815.0,815.0,687.0,366.0,326.0,317.0,456.0,42.0,25.0,22.0,3.258096538021482,6.704414354964107,0.8429447852760736,0.449079754601227,0.4,0.3889570552147239,0.5595092024539877,0.0515337423312883,4.532599493153256,92.0,3.1780538303479458,3.828641396489095,2025-03-03,2025-03-17,5.366187542778919,0.0,0.0,1.0,2025-02-17,0.927950150599066,0.37086822811549863,0.32531681216558717
209,Hamas,2025-03-03,2025-03-17,141,559.0,559.0,422.0,149.0,126.0,143.0,365.0,51.0,92.0,29.0,4.532599493153256,6.327936783729195,0.7549194991055456,0.2665474060822898,0.2254025044722719,0.2558139534883721,0.6529516994633273,0.0912343470483005,6.79794041297493,895.0,3.258096538021482,3.1780538303479458,2025-03-17,2025-03-31,5.404517453798768,0.0,0.0,1.0,2025-03-03,0.7938628992406308,0.10825415831003304,0.09923985231301215
209,Hamas,2025-03-17,2025-03-31,142,1149.0,1149.0,1029.0,739.0,629.0,715.0,354.0,80.0,895.0,182.0,6.79794041297493,7.047517221357296,0.8955613577023499,0.6431679721496953,0.5474325500435161,0.6222802436901653,0.3080939947780678,0.0696257615317667,6.421622267806518,614.0,4.532599493153256,3.258096538021482,2025-03-31,2025-04-14,5.4428473648186175,0.0,0.0,1.0,2025-03-17,1.0,0.6501080293083475,0.5162193368347189
209,Hamas,2025-03-31,2025-04-14,143,640.0,640.0,525.0,336.0,271.0,331.0,267.0,42.0,614.0,153.0,6.421622267806518,6.46302945692067,0.8203125,0.525,0.4234375,0.5171875,0.4171875,0.065625,6.3818160174060985,590.0,6.79794041297493,4.532599493153256,2025-04-14,2025-04-28,5.4811772758384665,0.0,0.0,1.0,2025-03-31,0.8934748190591073,0.48009667330110894,0.35566477752745707
209,Hamas,2025-04-14,2025-04-28,144,508.0,508.0,377.0,218.0,194.0,227.0,243.0,38.0,590.0,159.0,6.3818160174060985,6.2324480165505225,0.7421259842519685,0.4291338582677165,0.3818897637795275,0.4468503937007874,0.4783464566929133,0.0748031496062992,6.429719478039138,619.0,6.421622267806518,6.79794041297493,2025-04-28,2025-05-12,5.519507186858316,0.0,0.0,1.0,2025-04-14,0.7743747803539033,0.3421715447354693,0.30186683578098206
209,Hamas,2025-04-28,2025-05-12,145,537.0,537.0,397.0,215.0,142.0,218.0,283.0,36.0,619.0,160.0,6.429719478039138,6.2878585601617845,0.7392923649906891,0.4003724394785847,0.2644320297951583,0.4059590316573557,0.527001862197393,0.0670391061452514,7.142036574706803,1263.0,6.3818160174060985,6.421622267806518,2025-05-12,2025-05-26,5.557837097878165,0.0,0.0,1.0,2025-04-28,0.7700583817976383,0.30079173834564643,0.14977709743681716
209,Hamas,2025-05-12,2025-05-26,146,702.0,702.0,578.0,334.0,286.0,343.0,323.0,36.0,1263.0,218.0,7.142036574706803,6.555356891810665,0.8233618233618234,0.4757834757834758,0.4074074074074074,0.4886039886039886,0.4601139601139601,0.0512820512820512,6.654152520183219,775.0,6.429719478039138,6.3818160174060985,2025-05-26,2025-06-09,5.596167008898015,0.0,0.0,1.0,2025-05-12,0.8981197955866231,0.4092875710731838,0.33490826788489414
209,Hamas,2025-05-26,2025-06-09,147,736.0,736.0,623.0,365.0,300.0,381.0,323.0,32.0,775.0,176.0,6.654152520183219,6.602587892189336,0.8464673913043478,0.4959239130434782,0.4076086956521739,0.5176630434782609,0.4388586956521739,0.0434782608695652,6.698268054115413,810.0,7.142036574706803,6.429719478039138,2025-06-09,2025-06-23,5.634496919917864,0.0,0.0,1.0,2025-05-26,0.9333160696491319,0.4382641455786181,0.33516890526857096
209,Hamas,2025-06-09,2025-06-23,148,309.0,309.0,242.0,158.0,125.0,170.0,105.0,34.0,810.0,130.0,6.698268054115413,5.736572297479192,0.7831715210355987,0.511326860841424,0.4045307443365696,0.5501618122977346,0.3398058252427184,0.1100323624595469,7.094234845924755,1204.0,6.654152520183219,7.142036574706803,2025-06-23,2025-07-07,5.672826830937714,0.0,0.0,1.0,2025-06-09,0.8368986691963258,0.46042476993392245,0.3311834307123478
209,Hamas,2025-06-23,2025-07-07,149,173.0,173.0,149.0,63.0,49.0,53.0,107.0,13.0,1204.0,211.0,7.094234845924755,5.159055299214529,0.861271676300578,0.3641618497109826,0.2832369942196532,0.3063583815028902,0.6184971098265896,0.0751445086705202,7.052721049232323,1155.0,6.698268054115413,6.654152520183219,2025-07-07,2025-07-21,5.711156741957564,0.0,0.0,1.0,2025-06-23,0.9558671566132326,0.2486946145969781,0.1741266402202099
209,Hamas,2025-07-07,2025-07-21,150,508.0,508.0,422.0,252.0,216.0,246.0,238.0,24.0,1155.0,227.0,7.052721049232323,6.2324480165505225,0.8307086614173228,0.4960629921259842,0.4251968503937008,0.484251968503937,0.468503937007874,0.0472440944881889,6.7650389767805414,866.0,7.094234845924755,6.698268054115413,2025-07-21,2025-08-04,5.749486652977413,0.0,0.0,1.0,2025-07-07,0.909311094858619,0.43846424229669606,0.35794286626590716
209,Hamas,2025-07-21,2025-08-04,151,524.0,524.0,414.0,150.0,130.0,158.0,336.0,30.0,866.0,174.0,6.7650389767805414,6.263398262591624,0.7900763358778626,0.2862595419847328,0.2480916030534351,0.3015267175572519,0.6412213740458015,0.0572519083969465,6.539585955617669,691.0,7.052721049232323,7.094234845924755,2025-08-04,2025-08-18,5.7878165639972625,0.0,0.0,1.0,2025-07-21,0.8474166428788479,0.13661452443637986,0.1286187527005617
209,Hamas,2025-08-04,2025-08-18,152,612.0,612.0,510.0,163.0,150.0,168.0,411.0,33.0,691.0,120.0,6.539585955617669,6.418364935936212,0.8333333333333334,0.2663398692810457,0.2450980392156862,0.2745098039215686,0.6715686274509803,0.0539215686274509,6.670766320845874,788.0,6.7650389767805414,7.052721049232323,2025-08-18,2025-09-01,5.8261464750171115,0.0,0.0,1.0,2025-08-04,0.9133092078809811,0.10795556967929804,0.12474254697654891
209,Hamas,2025-08-18,2025-09-01,153,660.0,660.0,559.0,298.0,241.0,309.0,295.0,56.0,788.0,187.0,6.670766320845874,6.493753839851686,0.8469696969696969,0.4515151515151515,0.3651515151515151,0.4681818181818182,0.4469696969696969,0.0848484848484848,6.866933284461882,959.0,6.539585955617669,6.7650389767805414,2025-09-01,2025-09-15,5.864476386036961,0.0,0.0,1.0,2025-08-18,0.9340812223562525,0.37437209743152305,0.2801933727588472
209,Hamas,2025-09-01,2025-09-15,154,1287.0,1287.0,1154.0,674.0,475.0,659.0,566.0,62.0,959.0,209.0,6.866933284461882,7.160845906664299,0.8966588966588966,0.5236985236985237,0.3690753690753691,0.5120435120435121,0.4397824397824398,0.0481740481740481,6.872128101338986,964.0,6.670766320845874,6.539585955617669,2025-09-15,2025-09-29,5.90280629705681,0.0,0.0,1.0,2025-09-01,1.0,0.4782242052642962,0.2852741613654033
209,Hamas,2025-09-15,2025-09-29,155,883.0,883.0,722.0,296.0,217.0,289.0,551.0,43.0,964.0,157.0,6.872128101338986,6.784457062637643,0.8176670441676104,0.3352208380520951,0.2457531143827859,0.3272933182332956,0.6240090600226501,0.0486976217440543,6.270988431858299,528.0,6.866933284461882,6.670766320845874,2025-09-29,2025-10-13,5.94113620807666,0.0,0.0,1.0,2025-09-15,0.8894450462905409,0.2070564232424229,0.12559076877838626
209,Hamas,2025-09-29,2025-10-13,156,1204.0,1204.0,1009.0,307.0,247.0,277.0,834.0,93.0,528.0,111.0,6.270988431858299,7.094234845924755,0.8380398671096345,0.2549833887043189,0.2051495016611295,0.2300664451827242,0.6926910299003323,0.0772425249169435,4.48863636973214,88.0,6.872128101338986,6.866933284461882,2025-10-13,2025-10-27,5.979466119096509,0.0,0.0,1.0,2025-09-29,0.9204785816478245,0.09161670368036784,0.07301532206079228
209,Hamas,2025-10-13,2025-10-27,157,1341.0,1341.0,1176.0,591.0,494.0,557.0,733.0,51.0,88.0,28.0,4.48863636973214,7.201916317531627,0.8769574944071589,0.4407158836689038,0.3683818046234153,0.4153616703952274,0.546607009694258,0.0380313199105145,4.844187086458591,126.0,6.270988431858299,6.872128101338986,2025-10-27,2025-11-10,6.017796030116359,0.0,0.0,1.0,2025-10-13,0.9797610662694333,0.35883490797971374,0.28437610184693424
209,Hamas,2025-10-27,2025-11-10,158,667.0,667.0,560.0,313.0,272.0,292.0,337.0,38.0,126.0,33.0,4.844187086458591,6.504288173536645,0.8395802098950524,0.4692653673163418,0.4077961019490255,0.4377811094452773,0.5052473763118441,0.0569715142428785,4.394449154672439,80.0,4.48863636973214,6.270988431858299,2025-11-10,2025-11-24,6.056125941136208,0.0,0.0,1.0,2025-10-27,0.9228249566411004,0.39990979773121677,0.3354115676602701
209,Hamas,2025-11-10,2025-11-24,159,463.0,463.0,371.0,219.0,188.0,216.0,206.0,41.0,80.0,27.0,4.394449154672439,6.139884552226255,0.8012958963282938,0.4730021598272138,0.4060475161987041,0.4665226781857451,0.4449244060475162,0.0885529157667386,3.688879454113936,39.0,4.844187086458591,4.48863636973214,2025-11-24,2025-12-08,6.094455852156058,0.0,0.0,1.0,2025-11-10,0.8645071868315675,0.40528601897233485,0.3331474174828616
209,Hamas,2025-11-24,2025-12-08,160,436.0,436.0,352.0,174.0,155.0,179.0,233.0,24.0,39.0,26.0,3.688879454113936,6.07993319509559,0.8073394495412844,0.3990825688073394,0.3555045871559633,0.4105504587155963,0.5344036697247706,0.055045871559633,3.49650756146648,32.0,4.394449154672439,4.844187086458591,2025-12-08,2025-12-22,6.132785763175907,0.0,0.0,1.0,2025-11-24,0.8737132169852039,0.2989359676329648,0.2677020815947956
209,Hamas,2025-12-08,2025-12-22,161,403.0,403.0,320.0,179.0,166.0,177.0,213.0,13.0,32.0,17.0,3.49650756146648,6.0014148779611505,0.794044665012407,0.4441687344913151,0.4119106699751861,0.4392059553349876,0.5285359801488834,0.032258064516129,,,3.688879454113936,4.394449154672439,,,6.1711156741957565,0.0,0.0,0.0,2025-12-08,0.8534615234953771,0.3638026148780365,0.3407393017589146
303,Taliban,2020-01-13,2020-01-27,7,132.0,132.0,103.0,80.0,74.0,81.0,40.0,11.0,706.0,154.0,6.561030665896573,4.890349128221754,0.7803030303030303,0.6060606060606061,0.5606060606060606,0.6136363636363636,0.303030303030303,0.0833333333333333,6.926577033222725,1018.0,6.652863029353347,6.8679744089702925,2020-01-27,2020-02-10,0.2683093771389459,0.0,0.0,0.0,2020-01-13,0.8325291515882589,0.5967206899819922,0.5332770111705621
303,Taliban,2020-01-27,2020-02-10,8,297.0,297.0,253.0,217.0,196.0,227.0,41.0,29.0,1018.0,239.0,6.926577033222725,5.697093486505405,0.8518518518518519,0.7306397306397306,0.6599326599326599,0.7643097643097643,0.138047138047138,0.0976430976430976,6.111467339502679,450.0,6.561030665896573,6.652863029353347,2020-02-10,2020-02-24,0.3066392881587953,0.0,0.0,0.0,2020-01-27,0.9415181164276459,0.7759559388788846,0.6618897128612701
303,Taliban,2020-02-10,2020-02-24,9,212.0,212.0,176.0,95.0,90.0,92.0,99.0,21.0,450.0,133.0,6.111467339502679,5.3612921657094255,0.8301886792452831,0.4481132075471698,0.4245283018867924,0.4339622641509434,0.4669811320754717,0.0990566037735849,7.549082710812286,1898.0,6.926577033222725,6.561030665896573,2020-02-24,2020-03-09,0.3449691991786447,0.0,0.0,0.0,2020-02-10,0.9085190158636229,0.36947763155777064,0.35707719855687736
303,Taliban,2020-02-24,2020-03-09,10,460.0,460.0,382.0,252.0,198.0,233.0,182.0,45.0,1898.0,98.0,7.549082710812286,6.133398042996649,0.8304347826086956,0.5478260869565217,0.4304347826086956,0.5065217391304347,0.3956521739130434,0.0978260869565217,6.104793232414985,447.0,6.111467339502679,6.926577033222725,2020-03-09,2020-03-23,0.3832991101984941,0.0,0.0,0.0,2020-02-24,0.9088939004562857,0.5129371623542791,0.3647251845775225
303,Taliban,2020-03-09,2020-03-23,11,155.0,155.0,130.0,78.0,68.0,73.0,73.0,9.0,447.0,98.0,6.104793232414985,5.049856007249537,0.8387096774193549,0.5032258064516129,0.4387096774193548,0.4709677419354838,0.4709677419354838,0.0580645161290322,6.169610732491456,477.0,7.549082710812286,6.111467339502679,2020-03-23,2020-04-06,0.4216290212183436,0.0,0.0,0.0,2020-03-09,0.9214988910074322,0.4487695708402505,0.3754399033439012
303,Taliban,2020-03-23,2020-04-06,12,156.0,156.0,125.0,85.0,76.0,79.0,64.0,13.0,477.0,104.0,6.169610732491456,5.056245805348308,0.8012820512820513,0.5448717948717948,0.4871794871794871,0.5064102564102564,0.4102564102564102,0.0833333333333333,6.0867747269123065,439.0,6.104793232414985,7.549082710812286,2020-04-06,2020-04-20,0.459958932238193,0.0,0.0,0.0,2020-03-23,0.8644860969348304,0.5086867449676662,0.4382008679389698
303,Taliban,2020-04-06,2020-04-20,13,132.0,132.0,116.0,80.0,70.0,74.0,50.0,8.0,439.0,86.0,6.0867747269123065,4.890349128221754,0.8787878787878788,0.6060606060606061,0.5303030303030303,0.5606060606060606,0.3787878787878788,0.0606060606060606,6.272877006546167,529.0,6.169610732491456,6.104793232414985,2020-04-20,2020-05-04,0.4982888432580424,0.0,0.0,0.0,2020-04-06,0.9825492561318858,0.5967206899819922,0.4940392377733971
303,Taliban,2020-04-20,2020-05-04,14,192.0,192.0,170.0,134.0,131.0,125.0,57.0,10.0,529.0,98.0,6.272877006546167,5.262690188904886,0.8854166666666666,0.6979166666666666,0.6822916666666666,0.6510416666666666,0.296875,0.0520833333333333,6.473890696352274,647.0,6.0867747269123065,6.169610732491456,2020-05-04,2020-05-18,0.5366187542778919,0.0,0.0,0.0,2020-04-20,0.992646763168476,0.7288764098189745,0.6908411949685533
303,Taliban,2020-05-04,2020-05-18,15,214.0,214.0,191.0,159.0,157.0,155.0,48.0,11.0,647.0,118.0,6.473890696352274,5.3706380281276624,0.8925233644859814,0.7429906542056075,0.7336448598130841,0.7242990654205608,0.2242990654205607,0.0514018691588785,5.916202062607435,370.0,6.272877006546167,6.0867747269123065,2020-05-18,2020-06-01,0.5749486652977412,0.0,0.0,0.0,2020-05-04,1.0,0.7937255360478743,0.7573356985132528
303,Taliban,2020-05-18,2020-06-01,16,239.0,239.0,218.0,160.0,154.0,156.0,74.0,9.0,370.0,61.0,5.916202062607435,5.480638923341991,0.9121338912133892,0.6694560669456067,0.6443514644351465,0.6527196652719666,0.309623430962343,0.0376569037656903,6.049733455231958,423.0,6.473890696352274,6.272877006546167,2020-06-01,2020-06-15,0.6132785763175906,0.0,0.0,0.0,2020-05-18,1.0,0.6879293996999629,0.6417144560610542
303,Taliban,2020-06-01,2020-06-15,17,116.0,116.0,99.0,76.0,66.0,74.0,34.0,8.0,423.0,72.0,6.049733455231958,4.762173934797756,0.853448275862069,0.6551724137931034,0.5689655172413793,0.6379310344827587,0.293103448275862,0.0689655172413793,6.775366090936392,875.0,5.916202062607435,6.473890696352274,2020-06-15,2020-06-29,0.6516084873374401,0.0,0.0,0.0,2020-06-01,0.9439499188885653,0.6673791338621278,0.5441012245215044
303,Taliban,2020-06-15,2020-06-29,18,204.0,204.0,131.0,96.0,94.0,106.0,72.0,26.0,875.0,124.0,6.775366090936392,5.3230099791384085,0.6421568627450981,0.4705882352941176,0.4607843137254901,0.5196078431372549,0.3529411764705882,0.1274509803921568,6.455198563340122,635.0,6.049733455231958,5.916202062607435,2020-06-29,2020-07-13,0.6899383983572895,0.0,0.0,0.0,2020-06-15,0.6220937108257055,0.4018130425329073,0.40402316939166527
303,Taliban,2020-06-29,2020-07-13,19,279.0,279.0,197.0,85.0,82.0,85.0,171.0,23.0,635.0,119.0,6.455198563340122,5.634789603169249,0.7060931899641577,0.3046594982078853,0.2939068100358423,0.3046594982078853,0.6129032258064516,0.082437275985663,6.9167150203536085,1008.0,6.775366090936392,6.049733455231958,2020-07-13,2020-07-27,0.7282683093771389,0.0,0.0,0.0,2020-06-29,0.7194867072216385,0.16308702329596234,0.18794241412131873
303,Taliban,2020-07-13,2020-07-27,20,304.0,304.0,261.0,234.0,226.0,235.0,50.0,19.0,1008.0,157.0,6.9167150203536085,5.720311776607412,0.8585526315789473,0.7697368421052632,0.743421052631579,0.7730263157894737,0.1644736842105263,0.0625,5.5053315359323625,245.0,6.455198563340122,6.775366090936392,2020-07-27,2020-08-10,0.7665982203969883,0.0,0.0,0.0,2020-07-13,0.951725287283347,0.8322059769839726,0.769994367783723
303,Taliban,2020-07-27,2020-08-10,21,138.0,138.0,120.0,69.0,64.0,66.0,66.0,6.0,245.0,56.0,5.5053315359323625,4.9344739331306915,0.8695652173913043,0.5,0.463768115942029,0.4782608695652174,0.4782608695652174,0.0434782608695652,6.646390514847729,769.0,6.9167150203536085,6.455198563340122,2020-08-10,2020-08-24,0.8049281314168378,0.0,0.0,0.0,2020-07-27,0.9685005506896732,0.44412851862382713,0.40788673531440417
303,Taliban,2020-08-10,2020-08-24,22,184.0,184.0,158.0,112.0,87.0,110.0,63.0,11.0,769.0,148.0,6.646390514847729,5.220355825078324,0.8586956521739131,0.6086956521739131,0.4728260869565217,0.5978260869565217,0.3423913043478261,0.0597826086956521,6.674561391814426,791.0,5.5053315359323625,6.9167150203536085,2020-08-24,2020-09-07,0.8432580424366872,0.0,0.0,0.0,2020-08-10,0.9519431478470657,0.6005117998294002,0.41961541757986104
303,Taliban,2020-08-24,2020-09-07,23,111.0,111.0,92.0,81.0,68.0,82.0,22.0,7.0,791.0,129.0,6.674561391814426,4.718498871295094,0.8288288288288288,0.7297297297297297,0.6126126126126126,0.7387387387387387,0.1981981981981982,0.063063063063063,6.823286122355687,918.0,6.646390514847729,5.5053315359323625,2020-09-07,2020-09-21,0.8815879534565366,0.0,0.0,0.0,2020-08-24,0.9064475814777382,0.7746466967393894,0.6006175141629942
303,Taliban,2020-09-07,2020-09-21,24,208.0,208.0,175.0,118.0,105.0,117.0,76.0,15.0,918.0,156.0,6.823286122355687,5.342334251964811,0.8413461538461539,0.5673076923076923,0.5048076923076923,0.5625,0.3653846153846153,0.0721153846153846,6.395261598115449,598.0,6.674561391814426,6.646390514847729,2020-09-21,2020-10-05,0.919917864476386,0.0,0.0,0.0,2020-09-07,0.9255149856175188,0.5409658581395858,0.4610266880402053
303,Taliban,2020-09-21,2020-10-05,25,179.0,179.0,156.0,135.0,128.0,132.0,35.0,12.0,598.0,111.0,6.395261598115449,5.19295685089021,0.8715083798882681,0.7541899441340782,0.7150837988826816,0.7374301675977654,0.1955307262569832,0.0670391061452514,7.080026499922591,1187.0,6.823286122355687,6.674561391814426,2020-10-05,2020-10-19,0.9582477754962354,0.0,0.0,0.0,2020-09-21,0.9714605333207539,0.8098382477447927,0.7333019733209151
303,Taliban,2020-10-05,2020-10-19,26,185.0,185.0,152.0,123.0,97.0,123.0,48.0,14.0,1187.0,131.0,7.080026499922591,5.225746673713202,0.8216216216216217,0.6648648648648648,0.5243243243243243,0.6648648648648648,0.2594594594594595,0.0756756756756756,7.234898420314831,1386.0,6.395261598115449,6.823286122355687,2020-10-19,2020-11-02,0.9965776865160848,0.0,0.0,0.0,2020-10-05,0.8954689792325499,0.6813239170361718,0.48629773113017266
303,Taliban,2020-10-19,2020-11-02,27,141.0,141.0,128.0,113.0,106.0,111.0,25.0,5.0,1386.0,143.0,7.234898420314831,4.955827057601261,0.9078014184397164,0.8014184397163121,0.75177304964539,0.7872340425531915,0.1773049645390071,0.0354609929078014,6.92461239604856,1016.0,7.080026499922591,6.395261598115449,2020-11-02,2020-11-16,1.0349075975359343,0.0,0.0,0.0,2020-10-19,1.0,0.877787121115877,0.7808089220696997
303,Taliban,2020-11-02,2020-11-16,28,66.0,66.0,62.0,55.0,51.0,54.0,9.0,3.0,1016.0,156.0,6.92461239604856,4.204692619390966,0.9393939393939394,0.8333333333333334,0.7727272727272727,0.8181818181818182,0.1363636363636363,0.0454545454545454,6.612041034833092,743.0,7.234898420314831,7.080026499922591,2020-11-16,2020-11-30,1.0732375085557837,0.0,0.0,0.0,2020-11-02,1.0,0.9237039143209175,0.8079414249507181
303,Taliban,2020-11-16,2020-11-30,29,144.0,144.0,113.0,75.0,63.0,72.0,65.0,7.0,743.0,104.0,6.612041034833092,4.976733742420574,0.7847222222222222,0.5208333333333334,0.4375,0.5,0.4513888888888889,0.0486111111111111,6.9440872082295275,1036.0,6.92461239604856,7.234898420314831,2020-11-30,2020-12-14,1.111567419575633,0.0,0.0,0.0,2020-11-16,0.8392608229459858,0.4741019808548953,0.37387355674457895
303,Taliban,2020-11-30,2020-12-14,30,149.0,149.0,117.0,86.0,79.0,84.0,55.0,10.0,1036.0,126.0,6.9440872082295275,5.0106352940962555,0.785234899328859,0.5771812080536913,0.5302013422818792,0.5637583892617449,0.3691275167785235,0.0671140939597315,6.76849321164863,869.0,6.612041034833092,6.92461239604856,2020-12-14,2020-12-28,1.1498973305954825,0.0,0.0,0.0,2020-11-30,0.8400417742732005,0.5551711438020126,0.4939075673928698
303,Taliban,2020-12-14,2020-12-28,31,144.0,144.0,133.0,113.0,106.0,115.0,23.0,6.0,869.0,130.0,6.76849321164863,4.976733742420574,0.9236111111111112,0.7847222222222222,0.7361111111111112,0.7986111111111112,0.1597222222222222,0.0416666666666666,7.037027614686276,1137.0,6.9440872082295275,6.612041034833092,2020-12-28,2021-01-11,1.188227241615332,0.0,0.0,0.0,2020-12-14,1.0,0.8537658357817585,0.7605291154291437
303,Taliban,2020-12-28,2021-01-11,32,120.0,120.0,103.0,70.0,63.0,67.0,47.0,6.0,1137.0,123.0,7.037027614686276,4.795790545596741,0.8583333333333333,0.5833333333333334,0.525,0.5583333333333333,0.3916666666666666,0.05,7.020190708311925,1118.0,6.76849321164863,6.9440872082295275,2021-01-11,2021-01-25,1.2265571526351813,0.0,0.0,0.0,2020-12-28,0.9513912344189785,0.5640223675480998,0.4871726274288933
303,Taliban,2021-01-11,2021-01-25,33,146.0,146.0,122.0,92.0,89.0,95.0,38.0,13.0,1118.0,163.0,7.020190708311925,4.990432586778736,0.8356164383561644,0.6301369863013698,0.6095890410958904,0.6506849315068494,0.2602739726027397,0.0890410958904109,7.050122520269059,1152.0,7.037027614686276,6.76849321164863,2021-01-25,2021-02-08,1.264887063655031,0.0,0.0,0.0,2021-01-11,0.9167870185237206,0.631360008724746,0.5967024531002264
303,Taliban,2021-01-25,2021-02-08,34,161.0,161.0,134.0,84.0,80.0,84.0,69.0,8.0,1152.0,188.0,7.050122520269059,5.087596335232384,0.8322981366459627,0.5217391304347826,0.4968944099378882,0.5217391304347826,0.4285714285714285,0.0496894409937888,7.065613363597717,1170.0,7.020190708311925,7.037027614686276,2021-02-08,2021-02-22,1.3032169746748803,0.0,0.0,0.0,2021-01-25,0.9117323123721613,0.4754051748649417,0.4507802018852182
303,Taliban,2021-02-08,2021-02-22,35,167.0,167.0,135.0,82.0,78.0,84.0,74.0,9.0,1170.0,132.0,7.065613363597717,5.123963979403259,0.8083832335329342,0.4910179640718562,0.467065868263473,0.5029940119760479,0.4431137724550898,0.0538922155688622,6.674561391814426,791.0,7.050122520269059,7.020190708311925,2021-02-22,2021-03-08,1.3415468856947297,0.0,0.0,0.0,2021-02-08,0.8753031933720016,0.431205828320612,0.4121568184385944
303,Taliban,2021-02-22,2021-03-08,36,113.0,113.0,90.0,56.0,51.0,59.0,47.0,7.0,791.0,115.0,6.674561391814426,4.736198448394496,0.7964601769911505,0.495575221238938,0.4513274336283185,0.5221238938053098,0.415929203539823,0.0619469026548672,6.602587892189336,736.0,7.065613363597717,7.050122520269059,2021-03-08,2021-03-22,1.379876796714579,0.0,0.0,0.0,2021-02-22,0.8571410271464714,0.43776247354820197,0.39177796108786495
303,Taliban,2021-03-08,2021-03-22,37,115.0,115.0,91.0,48.0,36.0,47.0,62.0,6.0,736.0,121.0,6.602587892189336,4.7535901911063645,0.7913043478260869,0.417391304347826,0.3130434782608696,0.408695652173913,0.5391304347826087,0.0521739130434782,6.893656354602635,985.0,6.674561391814426,7.065613363597717,2021-03-22,2021-04-05,1.4182067077344285,0.0,0.0,0.0,2021-03-08,0.8492872502228982,0.3252772249075916,0.21272146241720033
303,Taliban,2021-03-22,2021-04-05,38,118.0,118.0,101.0,62.0,55.0,62.0,49.0,7.0,985.0,171.0,6.893656354602635,4.77912349311153,0.8559322033898306,0.5254237288135594,0.4661016949152542,0.5254237288135594,0.4152542372881356,0.059322033898305,6.96979066990159,1063.0,6.602587892189336,6.674561391814426,2021-04-05,2021-04-19,1.456536618754278,0.0,0.0,0.0,2021-03-22,0.9477336386497925,0.4807063030414019,0.4109083619319456
303,Taliban,2021-04-05,2021-04-19,39,167.0,167.0,135.0,60.0,52.0,58.0,100.0,9.0,1063.0,206.0,6.96979066990159,5.123963979403259,0.8083832335329342,0.3592814371257485,0.311377245508982,0.3473053892215569,0.5988023952095808,0.0538922155688622,7.373374309910049,1592.0,6.893656354602635,6.602587892189336,2021-04-19,2021-05-03,1.4948665297741273,0.0,0.0,0.0,2021-04-05,0.8753031933720016,0.24167303720679198,0.21056394673339882
303,Taliban,2021-04-19,2021-05-03,40,211.0,211.0,170.0,108.0,100.0,102.0,99.0,10.0,1592.0,295.0,7.373374309910049,5.356586274672012,0.8056872037914692,0.5118483412322274,0.4739336492890995,0.4834123222748815,0.4691943127962085,0.0473933649289099,7.503840746698951,1814.0,6.96979066990159,6.893656354602635,2021-05-03,2021-05-17,1.5331964407939769,0.0,0.0,0.0,2021-04-19,0.8711963823255335,0.461175037428226,0.42104954081421553
303,Taliban,2021-05-03,2021-05-17,41,324.0,324.0,293.0,213.0,174.0,204.0,109.0,11.0,1814.0,274.0,7.503840746698951,5.783825182329737,0.904320987654321,0.6574074074074074,0.5370370370370371,0.6296296296296297,0.3364197530864197,0.0339506172839506,7.899524472032198,2695.0,7.373374309910049,6.96979066990159,2021-05-17,2021-05-31,1.571526351813826,0.0,0.0,0.0,2021-05-03,1.0,0.6705946777030087,0.5027587429727672
303,Taliban,2021-05-17,2021-05-31,42,179.0,179.0,151.0,119.0,105.0,114.0,56.0,9.0,2695.0,363.0,7.899524472032198,5.19295685089021,0.8435754189944135,0.664804469273743,0.5865921787709497,0.6368715083798883,0.3128491620111732,0.0502793296089385,8.013012110368916,3019.0,7.503840746698951,7.373374309910049,2021-05-31,2021-06-14,1.6098562628336757,0.0,0.0,0.0,2021-05-17,0.928910782998969,0.68123702431764,0.5669250458994162
303,Taliban,2021-05-31,2021-06-14,43,252.0,252.0,206.0,149.0,137.0,150.0,89.0,13.0,3019.0,403.0,8.013012110368916,5.53338948872752,0.8174603174603174,0.5912698412698413,0.5436507936507936,0.5952380952380952,0.3531746031746032,0.0515873015873015,8.24800570160062,3819.0,7.899524472032198,7.503840746698951,2021-06-14,2021-06-28,1.648186173853525,0.0,0.0,0.0,2021-05-31,0.8891301434124111,0.5754408293504114,0.5113225427221484
303,Taliban,2021-06-14,2021-06-28,44,346.0,346.0,302.0,208.0,124.0,207.0,111.0,28.0,3819.0,415.0,8.24800570160062,5.849324779946859,0.8728323699421965,0.6011560693641619,0.3583815028901734,0.5982658959537572,0.3208092485549133,0.0809248554913294,8.3707791729607,4318.0,8.013012110368916,7.899524472032198,2021-06-28,2021-07-12,1.6865160848733745,0.0,0.0,0.0,2021-06-14,0.9734773422955437,0.5896644046012679,0.2714272459276309
303,Taliban,2021-06-28,2021-07-12,45,862.0,862.0,745.0,498.0,195.0,500.0,310.0,52.0,4318.0,420.0,8.3707791729607,6.760414691083428,0.8642691415313225,0.5777262180974478,0.2262180974477958,0.580046403712297,0.3596287703016241,0.0603248259860788,8.0774471493312,3220.0,8.24800570160062,8.013012110368916,2021-07-12,2021-07-26,1.7248459958932238,0.0,0.0,0.0,2021-06-28,0.9604331386317901,0.5559552640241928,0.10029592004082374
303,Taliban,2021-07-12,2021-07-26,46,858.0,858.0,733.0,435.0,305.0,431.0,379.0,48.0,3220.0,354.0,8.0774471493312,6.755768921984255,0.8543123543123543,0.506993006993007,0.3554778554778555,0.5023310023310024,0.4417249417249417,0.0559440559440559,8.520388082312756,5015.0,8.3707791729607,8.24800570160062,2021-07-26,2021-08-09,1.7631759069130732,0.0,0.0,0.0,2021-07-12,0.9452661532275525,0.45418954091117864,0.26766746817436765
303,Taliban,2021-07-26,2021-08-09,47,408.0,408.0,351.0,246.0,201.0,246.0,132.0,30.0,5015.0,452.0,8.520388082312756,6.013715156042802,0.8602941176470589,0.6029411764705882,0.4926470588235294,0.6029411764705882,0.3235294117647059,0.0735294117647058,7.353722330399632,1561.0,8.0774471493312,8.3707791729607,2021-08-09,2021-08-23,1.8015058179329224,1.0,0.0,0.0,2021-07-26,0.9543780600298021,0.5922326849420462,0.44528053406662577
303,Taliban,2021-08-09,2021-08-23,48,103.0,103.0,86.0,61.0,35.0,62.0,36.0,5.0,1561.0,126.0,7.353722330399632,4.6443908991413725,0.8349514563106796,0.5922330097087378,0.3398058252427184,0.6019417475728155,0.3495145631067961,0.0485436893203883,6.133398042996649,460.0,8.520388082312756,8.0774471493312,2021-08-23,2021-09-06,1.839835728952772,0.0,1.0,0.0,2021-08-09,0.9157740639675828,0.5768265650060317,0.24737459433005327
303,Taliban,2021-08-23,2021-09-06,49,756.0,756.0,597.0,356.0,246.0,349.0,335.0,72.0,460.0,22.0,6.133398042996649,6.6293632534374485,0.7896825396825397,0.4708994708994709,0.3253968253968254,0.4616402116402116,0.4431216931216931,0.0952380952380952,4.584967478670572,97.0,7.353722330399632,8.520388082312756,2021-09-06,2021-09-20,1.8781656399726216,0.0,1.0,0.0,2021-08-23,0.8468167805924138,0.4022608253486843,0.22871715099256637
303,Taliban,2021-09-06,2021-09-20,50,1120.0,1120.0,820.0,500.0,318.0,455.0,517.0,148.0,97.0,26.0,4.584967478670572,7.02197642307216,0.7321428571428571,0.4464285714285714,0.2839285714285714,0.40625,0.4616071428571429,0.1321428571428571,4.007333185232471,54.0,6.133398042996649,7.353722330399632,2021-09-20,2021-10-04,1.9164955509924708,0.0,1.0,0.0,2021-09-06,0.7591676718938479,0.36705390145822325,0.17502212656394575
303,Taliban,2021-09-20,2021-10-04,51,580.0,580.0,406.0,244.0,195.0,243.0,266.0,71.0,54.0,15.0,4.007333185232471,6.364750756851911,0.7,0.4206896551724138,0.3362068965517241,0.4189655172413793,0.4586206896551724,0.1224137931034482,3.1354942159291497,22.0,4.584967478670572,6.133398042996649,2021-10-04,2021-10-18,1.9548254620123204,0.0,1.0,0.0,2021-09-20,0.7102050663449939,0.3300226486131401,0.24271453403121016
303,Taliban,2021-10-04,2021-10-18,52,520.0,520.0,386.0,254.0,211.0,260.0,202.0,58.0,22.0,12.0,3.1354942159291497,6.255750041753367,0.7423076923076923,0.4884615384615384,0.4057692307692307,0.5,0.3884615384615384,0.1115384615384615,3.4339872044851463,30.0,4.007333185232471,4.584967478670572,2021-10-18,2021-11-01,1.9931553730321696,0.0,1.0,0.0,2021-10-04,0.774651572793913,0.42752783184969695,0.33278708056235506
303,Taliban,2021-10-18,2021-11-01,53,329.0,329.0,233.0,122.0,105.0,132.0,150.0,47.0,30.0,12.0,3.4339872044851463,5.799092654460526,0.7082066869300911,0.3708206686930091,0.3191489361702128,0.4012158054711246,0.4559270516717325,0.1428571428571428,3.80666248977032,44.0,3.1354942159291497,4.007333185232471,2021-11-01,2021-11-15,2.0314852840520192,0.0,1.0,0.0,2021-10-18,0.7227061571234247,0.25827483184152006,0.22062709335698066
303,Taliban,2021-11-01,2021-11-15,54,393.0,393.0,273.0,181.0,160.0,197.0,150.0,46.0,44.0,11.0,3.80666248977032,5.976350909297934,0.6946564885496184,0.460559796437659,0.4071246819338422,0.5012722646310432,0.3816793893129771,0.1170483460559796,2.6390573296152584,13.0,3.4339872044851463,3.1354942159291497,2021-11-15,2021-11-29,2.0698151950718686,0.0,1.0,0.0,2021-11-01,0.7020653965506128,0.38738486493447666,0.3345421817887374
303,Taliban,2021-11-15,2021-11-29,55,174.0,174.0,107.0,53.0,44.0,57.0,93.0,24.0,13.0,15.0,2.6390573296152584,5.1647859739235145,0.6149425287356322,0.3045977011494253,0.2528735632183908,0.3275862068965517,0.5344827586206896,0.1379310344827586,2.4849066497880004,11.0,3.80666248977032,3.4339872044851463,2021-11-29,2021-12-13,2.108145106091718,0.0,1.0,0.0,2021-11-15,0.580638631227209,0.16299811424967076,0.13481065718900612
303,Taliban,2021-11-29,2021-12-13,56,188.0,188.0,123.0,78.0,44.0,79.0,80.0,29.0,11.0,10.0,2.4849066497880004,5.241747015059643,0.6542553191489362,0.4148936170212766,0.2340425531914893,0.4202127659574468,0.425531914893617,0.1542553191489361,2.4849066497880004,11.0,2.6390573296152584,3.80666248977032,2021-12-13,2021-12-27,2.1464750171115674,0.0,1.0,0.0,2021-11-29,0.6405230603392963,0.3216837367437189,0.1104273893479211
303,Taliban,2021-12-13,2021-12-27,57,189.0,189.0,120.0,59.0,36.0,58.0,104.0,27.0,11.0,5.0,2.4849066497880004,5.247024072160486,0.6349206349206349,0.3121693121693121,0.1904761904761904,0.3068783068783068,0.5502645502645502,0.1428571428571428,1.0986122886681098,2.0,2.4849066497880004,2.6390573296152584,2021-12-27,2022-01-10,2.184804928131417,0.0,1.0,0.0,2021-12-13,0.6110709020238574,0.17389158930245072,0.05401563610518825
303,Taliban,2021-12-27,2022-01-10,58,233.0,233.0,152.0,81.0,40.0,83.0,109.0,41.0,2.0,1.0,1.0986122886681098,5.455321115357702,0.6523605150214592,0.3476394849785407,0.1716738197424892,0.3562231759656652,0.4678111587982833,0.1759656652360515,3.044522437723423,20.0,2.4849066497880004,2.4849066497880004,2022-01-10,2022-01-24,2.223134839151266,0.0,1.0,0.0,2021-12-27,0.6376367410966208,0.22492345578374065,0.02966945175329914
303,Taliban,2022-01-10,2022-01-24,59,170.0,170.0,110.0,75.0,58.0,84.0,66.0,20.0,20.0,7.0,3.044522437723423,5.14166355650266,0.6470588235294118,0.4411764705882353,0.3411764705882353,0.4941176470588235,0.388235294117647,0.1176470588235294,2.833213344056216,16.0,1.0986122886681098,2.4849066497880004,2022-01-24,2022-02-07,2.2614647501711156,0.0,1.0,0.0,2022-01-10,0.6295607748527638,0.35949756644198766,0.24914936968873722
303,Taliban,2022-01-24,2022-02-07,60,145.0,145.0,97.0,31.0,25.0,33.0,102.0,10.0,16.0,6.0,2.833213344056216,4.983606621708336,0.6689655172413793,0.2137931034482758,0.1724137931034483,0.2275862068965517,0.7034482758620689,0.0689655172413793,2.772588722239781,15.0,3.044522437723423,1.0986122886681098,2022-02-07,2022-02-21,2.299794661190965,0.0,1.0,0.0,2022-01-24,0.6629308265047211,0.03235516162873912,0.030627603686188453
303,Taliban,2022-02-07,2022-02-21,61,114.0,114.0,72.0,24.0,18.0,26.0,73.0,15.0,15.0,4.0,2.772588722239781,4.74493212836325,0.631578947368421,0.2105263157894736,0.1578947368421052,0.2280701754385964,0.6403508771929824,0.131578947368421,1.791759469228055,5.0,2.833213344056216,3.044522437723423,2022-02-21,2022-03-07,2.3381245722108144,0.0,1.0,0.0,2022-02-07,0.6059805726620532,0.027655148676353807,0.011827654181920496
303,Taliban,2022-02-21,2022-03-07,62,88.0,88.0,60.0,42.0,28.0,49.0,28.0,11.0,5.0,6.0,1.791759469228055,4.48863636973214,0.6818181818181818,0.4772727272727273,0.3181818181818182,0.5568181818181818,0.3181818181818182,0.125,2.302585092994046,9.0,2.772588722239781,2.833213344056216,2022-03-07,2022-03-21,2.376454483230664,0.0,1.0,0.0,2022-02-21,0.682509047044632,0.41143019618993465,0.21937482399324132
303,Taliban,2022-03-07,2022-03-21,63,77.0,77.0,47.0,22.0,16.0,27.0,39.0,11.0,9.0,8.0,2.302585092994046,4.356708826689592,0.6103896103896104,0.2857142857142857,0.2077922077922078,0.3506493506493506,0.5064935064935064,0.1428571428571428,4.23410650459726,68.0,1.791759469228055,2.772588722239781,2022-03-21,2022-04-04,2.414784394250513,0.0,1.0,0.0,2022-03-07,0.5737032569360675,0.1358300499614119,0.07643722090356841
303,Taliban,2022-03-21,2022-04-04,64,87.0,87.0,56.0,23.0,22.0,24.0,53.0,10.0,68.0,14.0,4.23410650459726,4.477336814478207,0.6436781609195402,0.264367816091954,0.2528735632183908,0.2758620689655172,0.6091954022988506,0.1149425287356321,3.258096538021482,25.0,2.302585092994046,1.791759469228055,2022-04-04,2022-04-18,2.4531143052703626,0.0,1.0,0.0,2022-03-21,0.624411075523758,0.10511832511381493,0.13481065718900612
303,Taliban,2022-04-04,2022-04-18,65,83.0,83.0,56.0,37.0,23.0,33.0,43.0,7.0,25.0,12.0,3.258096538021482,4.430816798843313,0.6746987951807228,0.4457831325301205,0.2771084337349397,0.3975903614457831,0.5180722891566265,0.0843373493975903,4.204692619390966,66.0,4.23410650459726,2.302585092994046,2022-04-18,2022-05-02,2.4914442162902124,0.0,1.0,0.0,2022-04-04,0.6716642202101529,0.36612529161285456,0.16619109499105963
303,Taliban,2022-04-18,2022-05-02,66,146.0,146.0,130.0,111.0,100.0,109.0,28.0,9.0,66.0,23.0,4.204692619390966,4.990432586778736,0.8904109589041096,0.7602739726027398,0.684931506849315,0.7465753424657534,0.1917808219178082,0.0616438356164383,4.564348191467836,95.0,3.258096538021482,4.23410650459726,2022-05-02,2022-05-16,2.529774127310062,0.0,1.0,0.0,2022-04-18,1.0,0.8185914988256648,0.6942593828479724
303,Taliban,2022-05-02,2022-05-16,67,95.0,95.0,69.0,37.0,22.0,44.0,45.0,6.0,95.0,30.0,4.564348191467836,4.564348191467836,0.7263157894736842,0.3894736842105263,0.231578947368421,0.4631578947368421,0.4736842105263157,0.0631578947368421,3.8501476017100584,46.0,4.204692619390966,3.258096538021482,2022-05-16,2022-05-30,2.568104038329911,0.0,1.0,0.0,2022-05-02,0.750291410069202,0.2851114137347919,0.10723739791607989
303,Taliban,2022-05-16,2022-05-30,68,90.0,90.0,56.0,35.0,26.0,40.0,41.0,9.0,46.0,21.0,3.8501476017100584,4.51085950651685,0.6222222222222222,0.3888888888888889,0.2888888888888888,0.4444444444444444,0.4555555555555555,0.1,4.02535169073515,55.0,4.564348191467836,4.204692619390966,2022-05-30,2022-06-13,2.6064339493497606,0.0,1.0,0.0,2022-05-16,0.5917276504490016,0.2842700533914637,0.18144497637598161
303,Taliban,2022-05-30,2022-06-13,69,81.0,81.0,53.0,33.0,21.0,39.0,34.0,8.0,55.0,25.0,4.02535169073515,4.406719247264253,0.654320987654321,0.4074074074074074,0.2592592592592592,0.4814814814814814,0.419753086419753,0.0987654320987654,4.382026634673881,79.0,3.8501476017100584,4.564348191467836,2022-06-13,2022-06-27,2.64476386036961,0.0,1.0,0.0,2022-05-30,0.6406230919298873,0.3109131309301909,0.1430791534987535
303,Taliban,2022-06-13,2022-06-27,70,128.0,128.0,90.0,67.0,55.0,79.0,29.0,20.0,79.0,26.0,4.382026634673881,4.859812404361672,0.703125,0.5234375,0.4296875,0.6171875,0.2265625,0.15625,3.9318256327243257,50.0,4.02535169073515,3.8501476017100584,2022-06-27,2022-07-11,2.6830937713894594,0.0,1.0,0.0,2022-06-13,0.7149653196622436,0.4778486636337788,0.36375756829062234
303,Taliban,2022-06-27,2022-07-11,71,68.0,68.0,45.0,31.0,21.0,35.0,27.0,6.0,50.0,16.0,3.9318256327243257,4.23410650459726,0.6617647058823529,0.4558823529411764,0.3088235294117647,0.5147058823529411,0.3970588235294117,0.088235294117647,3.951243718581427,51.0,4.382026634673881,4.02535169073515,2022-07-11,2022-07-25,2.7214236824093088,0.0,1.0,0.0,2022-06-27,0.6519619669339388,0.38065530448744744,0.20725727632646976
303,Taliban,2022-07-11,2022-07-25,72,73.0,73.0,44.0,30.0,20.0,32.0,31.0,10.0,51.0,24.0,3.951243718581427,4.30406509320417,0.6027397260273972,0.410958904109589,0.273972602739726,0.4383561643835616,0.4246575342465753,0.136986301369863,3.4011973816621555,29.0,3.9318256327243257,4.382026634673881,2022-07-25,2022-08-08,2.759753593429158,0.0,1.0,0.0,2022-07-11,0.562050332964291,0.3160227622389879,0.16213067513299356
303,Taliban,2022-07-25,2022-08-08,73,207.0,207.0,158.0,123.0,112.0,122.0,67.0,18.0,29.0,11.0,3.4011973816621555,5.337538079701318,0.7632850241545893,0.5942028985507246,0.5410628019323671,0.5893719806763285,0.323671497584541,0.0869565217391304,3.295836866004329,26.0,3.951243718581427,3.9318256327243257,2022-08-08,2022-08-22,2.7980835044490076,0.0,1.0,0.0,2022-07-25,0.8066059451175095,0.579660695668657,0.5079714906463035
303,Taliban,2022-08-08,2022-08-22,74,266.0,266.0,188.0,142.0,107.0,145.0,99.0,22.0,26.0,17.0,3.295836866004329,5.58724865840025,0.706766917293233,0.5338345864661654,0.4022556390977443,0.5451127819548872,0.3721804511278195,0.0827067669172932,2.833213344056216,16.0,3.4011973816621555,3.951243718581427,2022-08-22,2022-09-05,2.836413415468857,0.0,1.0,0.0,2022-08-08,0.7205129833026473,0.49280722420210327,0.3282375186064287
303,Taliban,2022-08-22,2022-09-05,75,109.0,109.0,70.0,42.0,39.0,48.0,52.0,9.0,16.0,17.0,2.833213344056216,4.700480365792417,0.6422018348623854,0.3853211009174312,0.3577981651376147,0.4403669724770642,0.4770642201834862,0.0825688073394495,5.25227342804663,190.0,3.295836866004329,3.4011973816621555,2022-09-05,2022-09-19,2.8747433264887063,0.0,1.0,0.0,2022-08-22,0.6221622160002657,0.27913698340693827,0.27067191306751687
303,Taliban,2022-09-05,2022-09-19,76,135.0,135.0,102.0,85.0,78.0,94.0,28.0,13.0,190.0,34.0,5.25227342804663,4.912654885736052,0.7555555555555555,0.6296296296296297,0.5777777777777777,0.6962962962962963,0.2074074074074074,0.0962962962962963,3.6635616461296463,38.0,2.833213344056216,3.295836866004329,2022-09-19,2022-10-03,2.9130732375085557,0.0,1.0,0.0,2022-09-05,0.7948317919849885,0.6306300613949178,0.5555117494289558
303,Taliban,2022-09-19,2022-10-03,77,120.0,120.0,88.0,62.0,42.0,59.0,42.0,19.0,38.0,17.0,3.6635616461296463,4.795790545596741,0.7333333333333333,0.5166666666666667,0.35,0.4916666666666666,0.35,0.1583333333333333,4.127134385045092,61.0,5.25227342804663,2.833213344056216,2022-10-03,2022-10-17,2.951403148528405,0.0,1.0,0.0,2022-09-19,0.7609811017289907,0.4681072884086817,0.2605744860602647
303,Taliban,2022-10-03,2022-10-17,78,83.0,83.0,63.0,40.0,37.0,42.0,36.0,5.0,61.0,17.0,4.127134385045092,4.430816798843313,0.7590361445783133,0.4819277108433735,0.4457831325301205,0.5060240963855421,0.4337349397590361,0.0602409638554216,3.951243718581427,51.0,3.6635616461296463,5.25227342804663,2022-10-17,2022-10-31,2.9897330595482545,0.0,1.0,0.0,2022-10-03,0.8001337073262895,0.41812744295350296,0.38459894209335227
303,Taliban,2022-10-17,2022-10-31,79,105.0,105.0,84.0,65.0,56.0,66.0,26.0,13.0,51.0,22.0,3.951243718581427,4.663439094112067,0.8,0.6190476190476191,0.5333333333333333,0.6285714285714286,0.2476190476190476,0.1238095238095238,2.833213344056216,16.0,4.127134385045092,3.6635616461296463,2022-10-31,2022-11-14,3.028062970568104,0.0,1.0,0.0,2022-10-17,0.8625331724969844,0.6154054456585023,0.49796301511311364
303,Taliban,2022-10-31,2022-11-14,80,53.0,53.0,27.0,15.0,12.0,19.0,30.0,4.0,16.0,10.0,2.833213344056216,3.9889840465642745,0.5094339622641509,0.2830188679245283,0.2264150943396226,0.3584905660377358,0.5660377358490566,0.0754716981132075,2.4849066497880004,11.0,3.951243718581427,4.127134385045092,2022-11-14,2022-11-28,3.0663928815879533,0.0,1.0,0.0,2022-10-31,0.41991943009308785,0.13195208180213625,0.10055100078107143
303,Taliban,2022-11-14,2022-11-28,81,76.0,76.0,51.0,37.0,33.0,37.0,27.0,12.0,11.0,7.0,2.4849066497880004,4.343805421853684,0.6710526315789473,0.4868421052631579,0.4342105263157895,0.4868421052631579,0.3552631578947368,0.1578947368421052,3.1780538303479458,23.0,2.833213344056216,3.951243718581427,2022-11-28,2022-12-12,3.1047227926078027,0.0,1.0,0.0,2022-11-14,0.6661100882483652,0.425197910898942,0.3696141931850183
303,Taliban,2022-11-28,2022-12-12,82,107.0,107.0,88.0,63.0,57.0,60.0,41.0,6.0,23.0,10.0,3.1780538303479458,4.68213122712422,0.822429906542056,0.5887850467289719,0.5327102803738317,0.5607476635514018,0.3831775700934579,0.0560747663551401,3.044522437723423,20.0,2.4849066497880004,2.833213344056216,2022-12-12,2022-12-26,3.143052703627652,0.0,1.0,0.0,2022-11-28,0.8967002243441596,0.5718658903749212,0.49715625715541484
303,Taliban,2022-12-12,2022-12-26,83,156.0,156.0,129.0,87.0,71.0,81.0,64.0,11.0,20.0,11.0,3.044522437723423,5.056245805348308,0.8269230769230769,0.5576923076923077,0.4551282051282051,0.5192307692307693,0.4102564102564102,0.0705128205128205,4.584967478670572,97.0,3.1780538303479458,2.4849066497880004,2022-12-26,2023-01-09,3.1813826146475015,0.0,1.0,0.0,2022-12-12,0.9035445856917509,0.5271319524944774,0.39669937684581447
303,Taliban,2022-12-26,2023-01-09,84,260.0,260.0,150.0,68.0,57.0,79.0,133.0,48.0,97.0,11.0,4.584967478670572,5.564520407322694,0.5769230769230769,0.2615384615384615,0.2192307692307692,0.3038461538461538,0.5115384615384615,0.1846153846153846,3.4011973816621555,29.0,3.044522437723423,3.1780538303479458,2023-01-09,2023-01-23,3.2197125256673513,0.0,1.0,0.0,2022-12-26,0.522724320311775,0.10104765862513937,0.09124840240019058
303,Taliban,2023-01-09,2023-01-23,85,237.0,237.0,93.0,46.0,42.0,52.0,129.0,56.0,29.0,9.0,3.4011973816621555,5.472270673671475,0.3924050632911392,0.1940928270042194,0.1772151898734177,0.2194092827004219,0.5443037974683544,0.2362869198312236,2.302585092994046,9.0,4.584967478670572,3.044522437723423,2023-01-23,2023-02-06,3.2580424366872007,0.0,1.0,0.0,2023-01-09,0.24165152463697298,0.004011858015737881,0.03684467559503648
303,Taliban,2023-01-23,2023-02-06,86,95.0,95.0,52.0,40.0,36.0,38.0,42.0,15.0,9.0,10.0,2.302585092994046,4.564348191467836,0.5473684210526316,0.4210526315789473,0.3789473684210526,0.4,0.4421052631578947,0.1578947368421052,1.6094379124341005,4.0,3.4011973816621555,4.584967478670572,2023-02-06,2023-02-20,3.29637234770705,0.0,1.0,0.0,2023-01-23,0.4777042727445877,0.3305448722745161,0.2980568853843987
303,Taliban,2023-02-06,2023-02-20,87,100.0,100.0,71.0,43.0,35.0,47.0,43.0,10.0,4.0,7.0,1.6094379124341005,4.61512051684126,0.71,0.43,0.35,0.47,0.43,0.1,2.4849066497880004,11.0,2.302585092994046,3.4011973816621555,2023-02-20,2023-03-06,3.3347022587268995,0.0,1.0,0.0,2023-02-06,0.7254378769601929,0.3434176855274381,0.2605744860602647
303,Taliban,2023-02-20,2023-03-06,88,80.0,80.0,61.0,37.0,33.0,37.0,37.0,6.0,11.0,7.0,2.4849066497880004,4.394449154672439,0.7625,0.4625,0.4125,0.4625,0.4625,0.075,3.258096538021482,25.0,1.6094379124341005,2.302585092994046,2023-03-06,2023-03-20,3.373032169746749,0.0,1.0,0.0,2023-02-20,0.8054101326899878,0.3901762866079045,0.3415023936919177
303,Taliban,2023-03-06,2023-03-20,89,129.0,129.0,94.0,72.0,68.0,72.0,46.0,11.0,25.0,13.0,3.258096538021482,4.867534450455582,0.7286821705426356,0.5581395348837209,0.5271317829457365,0.5581395348837209,0.3565891472868217,0.0852713178294573,2.4849066497880004,11.0,2.4849066497880004,1.6094379124341005,2023-03-20,2023-04-03,3.4113620807665983,0.0,1.0,0.0,2023-03-06,0.7538960735358748,0.5277753899663429,0.489932959162066
303,Taliban,2023-03-20,2023-04-03,90,121.0,121.0,78.0,48.0,37.0,50.0,50.0,21.0,11.0,6.0,2.4849066497880004,4.804021044733257,0.6446280991735537,0.396694214876033,0.3057851239669421,0.4132231404958678,0.4132231404958678,0.1735537190082644,3.871201010907891,47.0,3.258096538021482,2.4849066497880004,2023-04-03,2023-04-17,3.4496919917864477,0.0,1.0,0.0,2023-03-20,0.6258580984757101,0.295499780287952,0.20332300760349187
303,Taliban,2023-04-03,2023-04-17,91,131.0,131.0,83.0,33.0,31.0,28.0,84.0,19.0,47.0,10.0,3.871201010907891,4.882801922586371,0.6335877862595419,0.2519083969465648,0.2366412213740458,0.2137404580152671,0.6412213740458015,0.1450381679389313,1.791759469228055,5.0,2.4849066497880004,3.258096538021482,2023-04-17,2023-05-01,3.488021902806297,0.0,1.0,0.0,2023-04-03,0.6090405989005423,0.08719263251339718,0.11379226580621306
303,Taliban,2023-04-17,2023-05-01,92,212.0,212.0,170.0,127.0,104.0,118.0,75.0,19.0,5.0,4.0,1.791759469228055,5.3612921657094255,0.8018867924528302,0.5990566037735849,0.490566037735849,0.5566037735849056,0.3537735849056603,0.0896226415094339,2.4849066497880004,11.0,3.871201010907891,2.4849066497880004,2023-05-01,2023-05-15,3.5263518138261465,0.0,1.0,0.0,2023-04-17,0.8654072877073993,0.5866438484772077,0.4425859311488126
303,Taliban,2023-05-01,2023-05-15,93,85.0,85.0,38.0,23.0,19.0,22.0,40.0,23.0,11.0,8.0,2.4849066497880004,4.454347296253507,0.4470588235294118,0.2705882352941176,0.2235294117647059,0.2588235294117647,0.4705882352941176,0.2705882352941176,1.3862943611198906,3.0,1.791759469228055,3.871201010907891,2023-05-15,2023-05-29,3.564681724845996,0.0,1.0,0.0,2023-05-01,0.3249045625487831,0.11406780511465309,0.09681448473503736
303,Taliban,2023-05-15,2023-05-29,94,151.0,151.0,114.0,93.0,78.0,99.0,39.0,13.0,3.0,5.0,1.3862943611198906,5.0238805208462765,0.7549668874172185,0.6158940397350994,0.5165562913907285,0.6556291390728477,0.2582781456953642,0.086092715231788,3.6635616461296463,38.0,2.4849066497880004,1.791759469228055,2023-05-29,2023-06-12,3.6030116358658457,0.0,1.0,0.0,2023-05-15,0.7939350849583396,0.6108683085185109,0.4762393207024977
303,Taliban,2023-05-29,2023-06-12,95,187.0,187.0,140.0,100.0,92.0,105.0,65.0,17.0,38.0,8.0,3.6635616461296463,5.236441962829949,0.7486631016042781,0.5347593582887701,0.4919786096256685,0.5614973262032086,0.3475935828877005,0.0909090909090909,2.1972245773362196,8.0,1.3862943611198906,2.4849066497880004,2023-06-12,2023-06-26,3.6413415468856942,0.0,1.0,0.0,2023-05-29,0.7843326474136095,0.4941377176403687,0.4444149949475707
303,Taliban,2023-06-12,2023-06-26,96,59.0,59.0,28.0,20.0,19.0,22.0,30.0,7.0,8.0,5.0,2.1972245773362196,4.0943445622221,0.4745762711864407,0.3389830508474576,0.3220338983050847,0.3728813559322034,0.5084745762711864,0.1186440677966101,2.1972245773362196,8.0,3.6635616461296463,1.3862943611198906,2023-06-26,2023-07-10,3.679671457905544,0.0,1.0,0.0,2023-06-12,0.3668213694261005,0.21246921731252075,0.22436267654372838
303,Taliban,2023-06-26,2023-07-10,97,86.0,86.0,40.0,26.0,25.0,32.0,43.0,11.0,8.0,7.0,2.1972245773362196,4.465908118654584,0.4651162790697674,0.3023255813953488,0.2906976744186046,0.3720930232558139,0.5,0.127906976744186,1.3862943611198906,3.0,2.1972245773362196,3.6635616461296463,2023-07-10,2023-07-24,3.7180013689253935,0.0,1.0,0.0,2023-06-26,0.35241114259264444,0.15972915605927354,0.18378707602837058
303,Taliban,2023-07-10,2023-07-24,98,87.0,87.0,40.0,15.0,10.0,17.0,55.0,15.0,3.0,5.0,1.3862943611198906,4.477336814478207,0.4597701149425287,0.1724137931034483,0.1149425287356321,0.1954022988505747,0.632183908045977,0.1724137931034483,2.1972245773362196,8.0,2.1972245773362196,2.1972245773362196,2023-07-24,2023-08-07,3.756331279945243,0.0,1.0,0.0,2023-07-10,0.34426743202584464,0.0,0.0
303,Taliban,2023-07-24,2023-08-07,99,97.0,97.0,58.0,30.0,28.0,36.0,47.0,14.0,8.0,6.0,2.1972245773362196,4.584967478670572,0.5979381443298969,0.3092783505154639,0.2886597938144329,0.3711340206185567,0.4845360824742268,0.1443298969072164,2.6390573296152584,13.0,1.3862943611198906,2.1972245773362196,2023-08-07,2023-08-21,3.794661190965092,0.0,1.0,0.0,2023-07-24,0.5547361744991481,0.1697322870651826,0.18114833341559067
303,Taliban,2023-08-07,2023-08-21,100,117.0,117.0,61.0,35.0,27.0,38.0,63.0,16.0,13.0,9.0,2.6390573296152584,4.770684624465665,0.5213675213675214,0.2991452991452991,0.2307692307692307,0.3247863247863248,0.5384615384615384,0.1367521367521367,1.791759469228055,5.0,2.1972245773362196,1.3862943611198906,2023-08-21,2023-09-04,3.8329911019849416,0.0,1.0,0.0,2023-08-07,0.4380975946717805,0.15515360070378542,0.10618893919372648
303,Taliban,2023-08-21,2023-09-04,101,111.0,111.0,55.0,29.0,31.0,40.0,60.0,11.0,5.0,7.0,1.791759469228055,4.718498871295094,0.4954954954954955,0.2612612612612612,0.2792792792792792,0.3603603603603603,0.5405405405405406,0.0990990990990991,2.6390573296152584,13.0,2.6390573296152584,2.1972245773362196,2023-09-04,2023-09-18,3.871321013004791,0.0,1.0,0.0,2023-08-21,0.39868722763777037,0.10064884332726234,0.1690020067941779
303,Taliban,2023-09-04,2023-09-18,102,110.0,110.0,70.0,47.0,29.0,50.0,47.0,13.0,13.0,10.0,2.6390573296152584,4.709530201312334,0.6363636363636364,0.4272727272727272,0.2636363636363636,0.4545454545454545,0.4272727272727272,0.1181818181818181,0.0,0.0,1.791759469228055,2.6390573296152584,2023-09-18,2023-10-02,3.909650924024641,0.0,1.0,0.0,2023-09-04,0.6132689987937274,0.33949388683537096,0.1487468318783441
303,Taliban,2023-09-18,2023-10-02,103,81.0,81.0,55.0,29.0,26.0,32.0,40.0,9.0,0.0,2.0,0.0,4.406719247264253,0.6790123456790124,0.3580246913580246,0.3209876543209876,0.3950617283950617,0.4938271604938271,0.1111111111111111,1.3862943611198906,3.0,2.6390573296152584,1.791759469228055,2023-10-02,2023-10-16,3.9479808350444903,0.0,1.0,0.0,2023-09-18,0.6782349699921071,0.2398649241602515,0.22300795115964542
303,Taliban,2023-10-02,2023-10-16,104,83.0,83.0,39.0,20.0,18.0,32.0,32.0,19.0,3.0,8.0,1.3862943611198906,4.430816798843313,0.4698795180722891,0.2409638554216867,0.216867469879518,0.3855421686746988,0.3855421686746988,0.2289156626506024,1.791759469228055,5.0,0.0,2.6390573296152584,2023-10-16,2023-10-30,3.98631074606434,0.0,1.0,0.0,2023-10-02,0.35966689435667876,0.0714464340158472,0.08818829245452653
303,Taliban,2023-10-16,2023-10-30,105,45.0,45.0,19.0,7.0,5.0,11.0,23.0,11.0,5.0,6.0,1.791759469228055,3.828641396489095,0.4222222222222222,0.1555555555555555,0.1111111111111111,0.2444444444444444,0.5111111111111111,0.2444444444444444,2.0794415416798357,7.0,1.3862943611198906,0.0,2023-10-30,2023-11-13,4.024640657084189,0.0,1.0,0.0,2023-10-16,0.2870714381450208,0.0,0.0
303,Taliban,2023-10-30,2023-11-13,106,7.0,7.0,2.0,0.0,0.0,0.0,6.0,1.0,7.0,3.0,2.0794415416798357,2.0794415416798357,0.2857142857142857,0.0,0.0,0.0,0.8571428571428571,0.1428571428571428,0.0,0.0,1.791759469228055,1.3862943611198906,2023-11-13,2023-11-27,4.0629705681040384,0.0,1.0,0.0,2023-10-30,0.07913148371531964,0.0,0.0
303,Taliban,2023-11-13,2023-11-27,107,0.0,0.0,0.0,0.0,0.0,0.0,0.0,0.0,0.0,8.0,0.0,0.0,,,,,,,2.0794415416798357,7.0,2.0794415416798357,1.791759469228055,2023-11-27,2023-12-11,4.101300479123887,0.0,1.0,0.0,2023-11-13,,,
303,Taliban,2023-11-27,2023-12-11,108,42.0,42.0,24.0,8.0,5.0,8.0,30.0,4.0,7.0,8.0,2.0794415416798357,3.7612001156935624,0.5714285714285714,0.1904761904761904,0.119047619047619,0.1904761904761904,0.7142857142857143,0.0952380952380952,0.0,0.0,0.0,2.0794415416798357,2023-12-11,2023-12-25,4.139630390143737,0.0,1.0,0.0,2023-11-27,0.5143546441495778,0.0,0.0
303,Taliban,2023-12-11,2023-12-25,109,64.0,64.0,37.0,23.0,20.0,23.0,33.0,8.0,0.0,5.0,0.0,4.174387269895637,0.578125,0.359375,0.3125,0.359375,0.515625,0.125,0.0,0.0,2.0794415416798357,0.0,2023-12-25,2024-01-08,4.177960301163586,0.0,1.0,0.0,2023-12-11,0.5245551869722558,0.24180764856411716,0.21201774148127286
303,Taliban,2023-12-25,2024-01-08,110,33.0,33.0,20.0,13.0,10.0,14.0,15.0,4.0,0.0,6.0,0.0,3.5263605246161616,0.6060606060606061,0.3939393939393939,0.303030303030303,0.4242424242424242,0.4545454545454545,0.1212121212121212,2.4849066497880004,11.0,0.0,2.0794415416798357,2024-01-08,2024-01-22,4.216290212183436,0.0,1.0,0.0,2023-12-25,0.5671089666264576,0.291536347265662,0.1997559372946587
303,Taliban,2024-01-08,2024-01-22,111,53.0,53.0,33.0,19.0,16.0,20.0,28.0,5.0,11.0,11.0,2.4849066497880004,3.9889840465642745,0.6226415094339622,0.3584905660377358,0.3018867924528302,0.3773584905660377,0.5283018867924528,0.0943396226415094,0.0,0.0,0.0,0.0,2024-01-22,2024-02-05,4.254620123203286,0.0,1.0,0.0,2024-01-08,0.5923663427179825,0.24053519026185477,0.1982752666004261
303,Taliban,2024-01-22,2024-02-05,112,39.0,39.0,15.0,2.0,2.0,3.0,30.0,6.0,0.0,9.0,0.0,3.688879454113936,0.3846153846153846,0.0512820512820512,0.0512820512820512,0.0769230769230769,0.7692307692307693,0.1538461538461538,0.6931471805599453,1.0,2.4849066497880004,0.0,2024-02-05,2024-02-19,4.292950034223135,0.0,1.0,0.0,2024-01-22,0.2297856546348705,0.0,0.0
303,Taliban,2024-02-05,2024-02-19,113,43.0,43.0,16.0,5.0,5.0,8.0,26.0,9.0,1.0,6.0,0.6931471805599453,3.784189633918261,0.3720930232558139,0.1162790697674418,0.1162790697674418,0.1860465116279069,0.6046511627906976,0.2093023255813953,0.0,0.0,0.0,2.4849066497880004,2024-02-19,2024-03-04,4.331279945242985,0.0,1.0,0.0,2024-02-05,0.21071057873032784,0.0,0.0
303,Taliban,2024-02-19,2024-03-04,114,71.0,71.0,41.0,20.0,17.0,19.0,44.0,8.0,0.0,4.0,0.0,4.276666119016055,0.5774647887323944,0.2816901408450704,0.2394366197183098,0.2676056338028169,0.6197183098591549,0.1126760563380281,2.0794415416798357,7.0,0.6931471805599453,0.0,2024-03-04,2024-03-18,4.369609856262834,0.0,1.0,0.0,2024-02-19,0.52354949965171,0.13004040735742284,0.1174118776301854
303,Taliban,2024-03-04,2024-03-18,115,50.0,50.0,23.0,8.0,6.0,11.0,29.0,10.0,7.0,15.0,2.0794415416798357,3.9318256327243257,0.46,0.16,0.12,0.22,0.58,0.2,3.688879454113936,39.0,0.0,0.6931471805599453,2024-03-18,2024-04-01,4.407939767282683,0.0,1.0,0.0,2024-03-04,0.34461761158021714,0.0,0.0
303,Taliban,2024-03-18,2024-04-01,116,187.0,187.0,142.0,104.0,101.0,113.0,68.0,6.0,39.0,12.0,3.688879454113936,5.236441962829949,0.7593582887700535,0.5561497326203209,0.5401069518716578,0.6042780748663101,0.3636363636363636,0.0320855614973262,1.6094379124341005,4.0,2.0794415416798357,0.0,2024-04-01,2024-04-15,4.446269678302532,0.0,1.0,0.0,2024-03-18,0.8006244234726461,0.5249126093428557,0.5067338115195389
303,Taliban,2024-04-01,2024-04-15,117,54.0,54.0,32.0,11.0,8.0,12.0,35.0,7.0,4.0,4.0,1.6094379124341005,4.007333185232471,0.5925925925925926,0.2037037037037037,0.1481481481481481,0.2222222222222222,0.6481481481481481,0.1296296296296296,1.3862943611198906,3.0,3.688879454113936,2.0794415416798357,2024-04-15,2024-04-29,4.484599589322382,0.0,1.0,0.0,2024-04-01,0.5465933967743376,0.01783927800419126,0.0
303,Taliban,2024-04-15,2024-04-29,118,66.0,66.0,35.0,18.0,13.0,17.0,40.0,9.0,3.0,9.0,1.3862943611198906,4.204692619390966,0.5303030303030303,0.2727272727272727,0.1969696969696969,0.2575757575757575,0.6060606060606061,0.1363636363636363,2.6390573296152584,13.0,1.6094379124341005,3.688879454113936,2024-04-29,2024-05-13,4.522929500342231,0.0,1.0,0.0,2024-04-15,0.45170888620828303,0.11714529428490188,0.06242373040458078
303,Taliban,2024-04-29,2024-05-13,119,71.0,71.0,45.0,39.0,32.0,37.0,19.0,15.0,13.0,7.0,2.6390573296152584,4.276666119016055,0.6338028169014085,0.5492957746478874,0.4507042253521127,0.5211267605633803,0.2676056338028169,0.2112676056338028,3.1780538303479458,23.0,1.3862943611198906,1.6094379124341005,2024-05-13,2024-05-27,4.561259411362081,0.0,1.0,0.0,2024-04-29,0.6093681510049441,0.5150516405226927,0.39097100201887186
303,Taliban,2024-05-13,2024-05-27,120,102.0,102.0,86.0,78.0,70.0,79.0,16.0,7.0,23.0,10.0,3.1780538303479458,4.634728988229636,0.8431372549019608,0.7647058823529411,0.6862745098039216,0.7745098039215687,0.1568627450980392,0.0686274509803921,1.0986122886681098,2.0,2.6390573296152584,1.3862943611198906,2024-05-27,2024-06-10,4.59958932238193,0.0,1.0,0.0,2024-05-13,0.9282433359350978,0.8249678034421046,0.6959983655529236
303,Taliban,2024-05-27,2024-06-10,121,46.0,46.0,18.0,11.0,8.0,10.0,28.0,8.0,2.0,5.0,1.0986122886681098,3.8501476017100584,0.391304347826087,0.2391304347826087,0.1739130434782608,0.217391304347826,0.6086956521739131,0.1739130434782608,1.0986122886681098,2.0,3.1780538303479458,2.6390573296152584,2024-06-10,2024-06-24,4.63791923340178,0.0,1.0,0.0,2024-05-27,0.23997482561493683,0.06880864373045209,0.03256890281978124
303,Taliban,2024-06-10,2024-06-24,122,41.0,41.0,23.0,11.0,9.0,13.0,22.0,6.0,2.0,5.0,1.0986122886681098,3.737669618283368,0.5609756097560976,0.2682926829268293,0.2195121951219512,0.3170731707317073,0.5365853658536586,0.1463414634146341,2.302585092994046,9.0,1.0986122886681098,3.1780538303479458,2024-06-24,2024-07-08,4.676249144421629,0.0,1.0,0.0,2024-06-10,0.498431845597105,0.11076513380999606,0.09161280573661829
303,Taliban,2024-06-24,2024-07-08,123,51.0,51.0,33.0,10.0,9.0,10.0,33.0,8.0,9.0,8.0,2.302585092994046,3.951243718581427,0.6470588235294118,0.196078431372549,0.1764705882352941,0.196078431372549,0.6470588235294118,0.1568627450980392,1.3862943611198906,3.0,1.0986122886681098,1.0986122886681098,2024-07-08,2024-07-22,4.714579055441479,0.0,1.0,0.0,2024-06-24,0.6295607748527638,0.006868599017656484,0.03588053075355738
303,Taliban,2024-07-08,2024-07-22,124,35.0,35.0,17.0,12.0,10.0,11.0,15.0,9.0,3.0,10.0,1.3862943611198906,3.58351893845611,0.4857142857142857,0.3428571428571428,0.2857142857142857,0.3142857142857143,0.4285714285714285,0.2571428571428571,1.6094379124341005,4.0,2.302585092994046,1.0986122886681098,2024-07-22,2024-08-05,4.7529089664613275,0.0,1.0,0.0,2024-07-08,0.3837876960193003,0.21804297493805588,0.17733435249627869
303,Taliban,2024-07-22,2024-08-05,125,49.0,49.0,23.0,5.0,6.0,7.0,28.0,14.0,4.0,7.0,1.6094379124341005,3.912023005428146,0.4693877551020408,0.1020408163265306,0.1224489795918367,0.1428571428571428,0.5714285714285714,0.2857142857142857,2.302585092994046,9.0,1.3862943611198906,2.302585092994046,2024-08-05,2024-08-19,4.791238877481177,0.0,1.0,0.0,2024-07-22,0.3589178011373427,0.0,0.0
303,Taliban,2024-08-05,2024-08-19,126,67.0,67.0,38.0,21.0,18.0,25.0,37.0,5.0,9.0,11.0,2.302585092994046,4.219507705176107,0.5671641791044776,0.3134328358208955,0.2686567164179104,0.373134328358209,0.5522388059701493,0.0746268656716417,2.1972245773362196,8.0,1.6094379124341005,1.3862943611198906,2024-08-19,2024-09-02,4.829568788501026,0.0,1.0,0.0,2024-08-05,0.5078587760833948,0.17570945386799292,0.15524741821727736
303,Taliban,2024-08-19,2024-09-02,127,58.0,58.0,38.0,18.0,14.0,21.0,33.0,4.0,8.0,7.0,2.1972245773362196,4.07753744390572,0.6551724137931034,0.3103448275862069,0.2413793103448276,0.3620689655172414,0.5689655172413793,0.0689655172413793,2.772588722239781,15.0,2.302585092994046,1.6094379124341005,2024-09-02,2024-09-16,4.867898699520876,0.0,1.0,0.0,2024-08-19,0.6419200532423776,0.17126665555479298,0.11992736383146078
303,Taliban,2024-09-02,2024-09-16,128,92.0,92.0,66.0,39.0,39.0,42.0,45.0,5.0,15.0,9.0,2.772588722239781,4.532599493153256,0.717391304347826,0.4239130434782608,0.4239130434782608,0.4565217391304347,0.4891304347826087,0.0543478260869565,2.995732273553991,19.0,2.1972245773362196,2.302585092994046,2024-09-16,2024-09-30,4.906228610540725,0.0,1.0,0.0,2024-09-02,0.7366969108931661,0.334660221779926,0.3562805333463934
303,Taliban,2024-09-16,2024-09-30,129,70.0,70.0,48.0,36.0,31.0,39.0,27.0,4.0,19.0,16.0,2.995732273553991,4.2626798770413155,0.6857142857142857,0.5142857142857142,0.4428571428571428,0.5571428571428572,0.3857142857142857,0.0571428571428571,2.1972245773362196,8.0,2.772588722239781,2.1972245773362196,2024-09-30,2024-10-14,4.944558521560575,0.0,1.0,0.0,2024-09-16,0.6884439083232811,0.46468174986798805,0.3808102345415777
303,Taliban,2024-09-30,2024-10-14,130,57.0,57.0,43.0,27.0,18.0,27.0,26.0,4.0,8.0,9.0,2.1972245773362196,4.060443010546419,0.7543859649122807,0.4736842105263157,0.3157894736842105,0.4736842105263157,0.4561403508771929,0.0701754385964912,1.9459101490553132,6.0,2.995732273553991,2.772588722239781,2024-10-14,2024-10-28,4.982888432580425,0.0,1.0,0.0,2024-09-30,0.7930501767083572,0.40626730317405674,0.21627710504083353
303,Taliban,2024-10-14,2024-10-28,131,52.0,52.0,36.0,23.0,23.0,25.0,24.0,3.0,6.0,10.0,1.9459101490553132,3.970291913552122,0.6923076923076923,0.4423076923076923,0.4423076923076923,0.4807692307692308,0.4615384615384615,0.0576923076923076,1.9459101490553132,6.0,2.1972245773362196,2.995732273553991,2024-10-28,2024-11-11,5.021218343600274,0.0,1.0,0.0,2024-10-14,0.6984875197179178,0.36112508475317684,0.3800987804085523
303,Taliban,2024-10-28,2024-11-11,132,31.0,31.0,17.0,9.0,9.0,11.0,16.0,4.0,6.0,7.0,1.9459101490553132,3.4657359027997265,0.5483870967741935,0.2903225806451613,0.2903225806451613,0.3548387096774194,0.5161290322580645,0.1290322580645161,1.0986122886681098,2.0,1.9459101490553132,2.1972245773362196,2024-11-11,2024-11-25,5.059548254620124,0.0,1.0,0.0,2024-10-28,0.47925600217907305,0.14246012455630258,0.18330138716036373
303,Taliban,2024-11-11,2024-11-25,133,47.0,47.0,33.0,21.0,15.0,22.0,25.0,0.0,2.0,8.0,1.0986122886681098,3.871201010907891,0.7021276595744681,0.4468085106382978,0.3191489361702128,0.4680851063829787,0.5319148936170213,0.0,1.9459101490553132,6.0,1.9459101490553132,1.9459101490553132,2024-11-25,2024-12-09,5.0978781656399725,0.0,1.0,0.0,2024-11-11,0.7134460898801427,0.3676005299487594,0.22062709335698066
303,Taliban,2024-11-25,2024-12-09,134,41.0,41.0,19.0,13.0,11.0,15.0,14.0,12.0,6.0,5.0,1.9459101490553132,3.737669618283368,0.4634146341463415,0.3170731707317073,0.2682926829268293,0.3658536585365853,0.3414634146341463,0.2926829268292683,2.5649493574615367,12.0,1.0986122886681098,1.9459101490553132,2024-12-09,2024-12-23,5.136208076659822,0.0,1.0,0.0,2024-11-25,0.3498190591073583,0.1809468990339605,0.15477605071742073
303,Taliban,2024-12-09,2024-12-23,135,107.0,107.0,84.0,68.0,65.0,74.0,28.0,5.0,12.0,13.0,2.5649493574615367,4.68213122712422,0.7850467289719626,0.6355140186915887,0.6074766355140186,0.6915887850467289,0.2616822429906542,0.0467289719626168,3.295836866004329,26.0,1.9459101490553132,1.0986122886681098,2024-12-23,2025-01-06,5.174537987679671,0.0,1.0,0.0,2024-12-09,0.8397551379322007,0.6390960860333919,0.5939672120792615
303,Taliban,2024-12-23,2025-01-06,136,177.0,177.0,164.0,141.0,130.0,135.0,37.0,5.0,26.0,10.0,3.295836866004329,5.181783550292085,0.9265536723163842,0.7966101694915254,0.7344632768361582,0.7627118644067796,0.2090395480225988,0.0282485875706214,2.0794415416798357,7.0,2.5649493574615367,1.9459101490553132,2025-01-06,2025-01-20,5.212867898699521,0.0,1.0,0.0,2024-12-23,1.0,0.8708693368288651,0.7583954229492129
303,Taliban,2025-01-06,2025-01-20,137,98.0,98.0,57.0,26.0,20.0,27.0,64.0,7.0,7.0,9.0,2.0794415416798357,4.59511985013459,0.5816326530612245,0.2653061224489796,0.2040816326530612,0.2755102040816326,0.6530612244897959,0.0714285714285714,2.1972245773362196,8.0,3.295836866004329,2.5649493574615367,2025-01-20,2025-02-03,5.25119780971937,0.0,1.0,0.0,2025-01-06,0.5298983284508013,0.10646829104118191,0.07163259558962978
303,Taliban,2025-01-20,2025-02-03,138,59.0,59.0,49.0,26.0,23.0,27.0,28.0,4.0,8.0,12.0,2.1972245773362196,4.0943445622221,0.8305084745762712,0.4406779661016949,0.3898305084745763,0.4576271186440678,0.4745762711864407,0.0677966101694915,3.367295829986474,28.0,2.0794415416798357,3.295836866004329,2025-02-03,2025-02-17,5.28952772073922,0.0,1.0,0.0,2025-01-20,0.9090061540348797,0.3587803549828195,0.31214888143230124
303,Taliban,2025-02-03,2025-02-17,139,80.0,80.0,65.0,41.0,38.0,44.0,29.0,7.0,28.0,7.0,3.367295829986474,4.394449154672439,0.8125,0.5125,0.475,0.55,0.3625,0.0875,1.6094379124341005,4.0,2.1972245773362196,2.0794415416798357,2025-02-17,2025-03-03,5.327857631759069,0.0,1.0,0.0,2025-02-03,0.8815741857659831,0.46211259596246795,0.4224303013235708
303,Taliban,2025-02-17,2025-03-03,140,48.0,48.0,38.0,22.0,18.0,23.0,23.0,2.0,4.0,13.0,1.6094379124341005,3.8918202981106265,0.7916666666666666,0.4583333333333333,0.375,0.4791666666666667,0.4791666666666667,0.0416666666666666,0.6931471805599453,1.0,3.367295829986474,2.1972245773362196,2025-03-03,2025-03-17,5.366187542778919,0.0,1.0,0.0,2025-02-17,0.8498391636509851,0.3841815941616908,0.2929456491129259
303,Taliban,2025-03-03,2025-03-17,141,106.0,106.0,81.0,52.0,46.0,54.0,44.0,8.0,1.0,6.0,0.6931471805599453,4.672828834461906,0.7641509433962265,0.490566037735849,0.4339622641509434,0.5094339622641509,0.4150943396226415,0.0754716981132075,0.0,0.0,1.6094379124341005,3.367295829986474,2025-03-17,2025-03-31,5.404517453798768,0.0,1.0,0.0,2025-03-03,0.807924983499101,0.4305556300663622,0.3692927317842967
303,Taliban,2025-03-17,2025-03-31,142,49.0,49.0,39.0,13.0,13.0,19.0,30.0,0.0,0.0,4.0,0.0,3.912023005428146,0.7959183673469388,0.2653061224489796,0.2653061224489796,0.3877551020408163,0.6122448979591837,0.0,0.0,0.0,0.6931471805599453,1.6094379124341005,2025-03-31,2025-04-14,5.4428473648186175,0.0,1.0,0.0,2025-03-17,0.8563156987764949,0.10646829104118191,0.1509089132696165
303,Taliban,2025-03-31,2025-04-14,143,38.0,38.0,23.0,8.0,6.0,12.0,25.0,1.0,0.0,8.0,0.0,3.6635616461296463,0.6052631578947368,0.2105263157894736,0.1578947368421052,0.3157894736842105,0.6578947368421053,0.0263157894736842,0.0,0.0,0.0,0.6931471805599453,2025-04-14,2025-04-28,5.4811772758384665,0.0,1.0,0.0,2025-03-31,0.5658942289378452,0.027655148676353807,0.011827654181920496
303,Taliban,2025-04-14,2025-04-28,144,42.0,42.0,26.0,6.0,5.0,8.0,28.0,6.0,0.0,5.0,0.0,3.7612001156935624,0.6190476190476191,0.1428571428571428,0.119047619047619,0.1904761904761904,0.6666666666666666,0.1428571428571428,0.6931471805599453,1.0,0.0,0.0,2025-04-28,2025-05-12,5.519507186858316,0.0,1.0,0.0,2025-04-14,0.5868918375552875,0.0,0.0
303,Taliban,2025-04-28,2025-05-12,145,44.0,44.0,29.0,19.0,18.0,22.0,13.0,9.0,1.0,1.0,0.6931471805599453,3.80666248977032,0.6590909090909091,0.4318181818181818,0.4090909090909091,0.5,0.2954545454545454,0.2045454545454545,2.8903717578961645,17.0,0.0,0.0,2025-05-12,2025-05-26,5.557837097878165,0.0,1.0,0.0,2025-04-28,0.6478890229191797,0.3460335513221496,0.3370881441847367
303,Taliban,2025-05-12,2025-05-26,146,44.0,44.0,25.0,14.0,13.0,17.0,23.0,4.0,17.0,6.0,2.8903717578961645,3.80666248977032,0.5681818181818182,0.3181818181818182,0.2954545454545454,0.3863636363636363,0.5227272727272727,0.0909090909090909,1.9459101490553132,6.0,0.6931471805599453,0.0,2025-05-26,2025-06-09,5.596167008898015,0.0,1.0,0.0,2025-05-12,0.5094089264173705,0.18254193915268693,0.18994649394536745
303,Taliban,2025-05-26,2025-06-09,147,25.0,25.0,17.0,9.0,9.0,11.0,12.0,2.0,6.0,5.0,1.9459101490553132,3.258096538021482,0.68,0.36,0.36,0.44,0.48,0.08,2.0794415416798357,7.0,2.8903717578961645,0.6931471805599453,2025-06-09,2025-06-23,5.634496919917864,0.0,1.0,0.0,2025-05-26,0.6797394451145959,0.24270685243104917,0.2735229512813292
303,Taliban,2025-06-09,2025-06-23,148,20.0,20.0,11.0,7.0,4.0,8.0,11.0,1.0,7.0,7.0,2.0794415416798357,3.044522437723423,0.55,0.35,0.2,0.4,0.55,0.05,2.8903717578961645,17.0,1.9459101490553132,2.8903717578961645,2025-06-23,2025-07-07,5.672826830937714,0.0,1.0,0.0,2025-06-09,0.48171290711700854,0.22831959056013645,0.06634750774429739
303,Taliban,2025-06-23,2025-07-07,149,31.0,31.0,25.0,12.0,12.0,13.0,16.0,2.0,17.0,4.0,2.8903717578961645,3.4657359027997265,0.8064516129032258,0.3870967741935484,0.3870967741935484,0.4193548387096774,0.5161290322580645,0.064516129032258,1.6094379124341005,4.0,2.0794415416798357,1.9459101490553132,2025-07-07,2025-07-21,5.711156741957564,0.0,1.0,0.0,2025-06-23,0.8723607922487255,0.2816916910490062,0.3086091151061491
303,Taliban,2025-07-07,2025-07-21,150,62.0,62.0,39.0,15.0,13.0,18.0,39.0,5.0,4.0,5.0,1.6094379124341005,4.143134726391533,0.6290322580645161,0.2419354838709677,0.2096774193548387,0.2903225806451613,0.6290322580645161,0.0806451612903225,0.6931471805599453,1.0,2.8903717578961645,2.0794415416798357,2025-07-21,2025-08-04,5.749486652977413,0.0,1.0,0.0,2025-07-07,0.6021012490758395,0.07284434130995067,0.07887828053887588
303,Taliban,2025-07-21,2025-08-04,151,43.0,43.0,22.0,14.0,10.0,12.0,24.0,7.0,1.0,3.0,0.6931471805599453,3.784189633918261,0.5116279069767442,0.3255813953488372,0.2325581395348837,0.2790697674418604,0.5581395348837209,0.1627906976744186,2.3978952727983707,10.0,1.6094379124341005,2.8903717578961645,2025-08-04,2025-08-18,5.7878165639972625,0.0,1.0,0.0,2025-07-21,0.4232614245238029,0.19318790459627982,0.10850530148729799
303,Taliban,2025-08-04,2025-08-18,152,48.0,48.0,21.0,9.0,8.0,11.0,30.0,7.0,10.0,6.0,2.3978952727983707,3.8918202981106265,0.4375,0.1875,0.1666666666666666,0.2291666666666666,0.625,0.1458333333333333,1.3862943611198906,3.0,0.6931471805599453,1.6094379124341005,2025-08-18,2025-09-01,5.8261464750171115,0.0,1.0,0.0,2025-08-04,0.3103437876960193,0.0,0.023185957007415662
303,Taliban,2025-08-18,2025-09-01,153,43.0,43.0,31.0,11.0,8.0,12.0,28.0,3.0,3.0,10.0,1.3862943611198906,3.784189633918261,0.7209302325581395,0.2558139534883721,0.1860465116279069,0.2790697674418604,0.6511627906976745,0.0697674418604651,1.791759469228055,5.0,2.3978952727983707,0.6931471805599453,2025-09-01,2025-09-15,5.864476386036961,0.0,1.0,0.0,2025-08-18,0.7420876932140151,0.09281165898526096,0.048279881854439835
303,Taliban,2025-09-01,2025-09-15,154,84.0,84.0,51.0,41.0,41.0,47.0,16.0,21.0,5.0,2.0,1.791759469228055,4.442651256490317,0.6071428571428571,0.4880952380952381,0.4880952380952381,0.5595238095238095,0.1904761904761904,0.25,1.9459101490553132,6.0,1.3862943611198906,2.3978952727983707,2025-09-15,2025-09-29,5.90280629705681,0.0,1.0,0.0,2025-09-01,0.56875753920386,0.4270008259203596,0.4393866248273457
303,Taliban,2025-09-15,2025-09-29,155,82.0,82.0,68.0,22.0,20.0,24.0,54.0,4.0,6.0,4.0,1.9459101490553132,4.418840607796598,0.8292682926829268,0.2682926829268293,0.2439024390243902,0.2926829268292683,0.6585365853658537,0.048780487804878,4.48863636973214,88.0,1.791759469228055,1.3862943611198906,2025-09-29,2025-10-13,5.94113620807666,0.0,1.0,0.0,2025-09-15,0.9071170084439083,0.11076513380999606,0.12319442822701948
303,Taliban,2025-09-29,2025-10-13,156,270.0,270.0,240.0,179.0,134.0,182.0,82.0,6.0,88.0,8.0,4.48863636973214,5.602118820879701,0.8888888888888888,0.662962962962963,0.4962962962962963,0.674074074074074,0.3037037037037037,0.0222222222222222,3.784189633918261,43.0,1.9459101490553132,1.791759469228055,2025-10-13,2025-10-27,5.979466119096509,0.0,1.0,0.0,2025-09-29,0.9979359335209756,0.6785876009646269,0.4500057365165785
303,Taliban,2025-10-13,2025-10-27,157,407.0,407.0,364.0,267.0,246.0,252.0,147.0,8.0,43.0,6.0,3.784189633918261,6.0112671744041615,0.8943488943488943,0.6560196560196561,0.6044226044226044,0.6191646191646192,0.3611793611793611,0.0196560196560196,2.4849066497880004,11.0,4.48863636973214,1.9459101490553132,2025-10-27,2025-11-10,6.017796030116359,0.0,1.0,0.0,2025-10-13,1.0,0.6685980834402786,0.5900127105421389
303,Taliban,2025-10-27,2025-11-10,158,172.0,172.0,142.0,44.0,37.0,39.0,129.0,4.0,11.0,2.0,2.4849066497880004,5.153291594497779,0.8255813953488372,0.2558139534883721,0.2151162790697674,0.2267441860465116,0.75,0.0232558139534883,0.0,0.0,3.784189633918261,4.48863636973214,2025-11-10,2025-11-24,6.056125941136208,0.0,1.0,0.0,2025-10-27,0.9015008275591214,0.09281165898526096,0.0859207691249762
303,Taliban,2025-11-10,2025-11-24,159,76.0,76.0,56.0,42.0,38.0,43.0,25.0,8.0,0.0,1.0,0.0,4.343805421853684,0.7368421052631579,0.5526315789473685,0.5,0.5657894736842105,0.3289473684210526,0.1052631578947368,2.833213344056216,16.0,2.4849066497880004,3.784189633918261,2025-11-24,2025-12-08,6.094455852156058,0.0,1.0,0.0,2025-11-10,0.7663259475588851,0.5198509495233677,0.45480146437623203
303,Taliban,2025-11-24,2025-12-08,160,181.0,181.0,166.0,119.0,100.0,115.0,60.0,6.0,16.0,5.0,2.833213344056216,5.204006687076795,0.9171270718232044,0.6574585635359116,0.5524861878453039,0.6353591160220995,0.3314917127071823,0.0331491712707182,1.3862943611198906,3.0,0.0,2.4849066497880004,2025-12-08,2025-12-22,6.132785763175907,0.0,1.0,0.0,2025-11-24,1.0,0.6706682773647178,0.5227630221663495
303,Taliban,2025-12-08,2025-12-22,161,61.0,61.0,43.0,23.0,19.0,27.0,30.0,4.0,3.0,3.0,1.3862943611198906,4.127134385045092,0.7049180327868853,0.3770491803278688,0.3114754098360656,0.4426229508196721,0.4918032786885246,0.0655737704918032,,,2.833213344056216,0.0,,,6.1711156741957565,0.0,0.0,0.0,2025-12-08,0.7176966125491903,0.2672359546371954,0.2106910544709179
group:farc_bloc,FARC family,2020-01-13,2020-01-27,7,30.0,30.0,22.0,16.0,15.0,15.0,12.0,3.0,3.0,3.0,1.3862943611198906,3.4339872044851463,0.7333333333333333,0.5333333333333333,0.5,0.5,0.4,0.1,1.6094379124341005,4.0,1.6094379124341005,0.0,2020-01-27,2020-02-10,0.2683093771389459,0.0,0.0,0.0,2020-01-13,0.7609811017289907,0.4920860581935361,0.45480146437623203
group:farc_bloc,FARC family,2020-01-27,2020-02-10,8,22.0,22.0,18.0,6.0,6.0,5.0,16.0,1.0,4.0,3.0,1.6094379124341005,3.1354942159291497,0.8181818181818182,0.2727272727272727,0.2727272727272727,0.2272727272727272,0.7272727272727273,0.0454545454545454,2.0794415416798357,7.0,1.3862943611198906,1.6094379124341005,2020-02-10,2020-02-24,0.3066392881587953,0.0,0.0,0.0,2020-01-27,0.8902291917973463,0.11714529428490188,0.16051816389749363
group:farc_bloc,FARC family,2020-02-10,2020-02-24,9,16.0,16.0,14.0,8.0,8.0,7.0,7.0,2.0,7.0,2.0,2.0794415416798357,2.833213344056216,0.875,0.5,0.5,0.4375,0.4375,0.125,0.0,0.0,1.6094379124341005,1.3862943611198906,2020-02-24,2020-03-09,0.3449691991786447,0.0,0.0,0.0,2020-02-10,0.976779252110977,0.44412851862382713,0.45480146437623203
group:farc_bloc,FARC family,2020-02-24,2020-03-09,10,27.0,27.0,19.0,7.0,7.0,6.0,16.0,5.0,0.0,0.0,0.0,3.332204510175204,0.7037037037037037,0.2592592592592592,0.2592592592592592,0.2222222222222222,0.5925925925925926,0.1851851851851851,0.0,0.0,2.0794415416798357,1.6094379124341005,2020-03-09,2020-03-23,0.3832991101984941,0.0,0.0,0.0,2020-02-24,0.715846848054327,0.0977685106203729,0.1430791534987535
group:farc_bloc,FARC family,2020-03-09,2020-03-23,11,10.0,10.0,5.0,3.0,4.0,3.0,5.0,2.0,0.0,0.0,0.0,2.3978952727983707,0.5,0.3,0.4,0.3,0.5,0.2,0.0,0.0,0.0,2.0794415416798357,2020-03-23,2020-04-06,0.4216290212183436,0.0,0.0,0.0,2020-03-09,0.4055488540410133,0.1563832812055729,0.32531681216558717
group:farc_bloc,FARC family,2020-03-23,2020-04-06,12,10.0,10.0,8.0,6.0,6.0,7.0,1.0,2.0,0.0,0.0,0.0,2.3978952727983707,0.8,0.6,0.6,0.7,0.1,0.2,2.3978952727983707,10.0,0.0,0.0,2020-04-06,2020-04-20,0.459958932238193,0.0,0.0,0.0,2020-03-23,0.8625331724969844,0.5880011373329542,0.5842861165868769
group:farc_bloc,FARC family,2020-04-06,2020-04-20,13,18.0,18.0,13.0,12.0,12.0,11.0,3.0,4.0,10.0,3.0,2.3978952727983707,2.9444389791664403,0.7222222222222222,0.6666666666666666,0.6666666666666666,0.6111111111111112,0.1666666666666666,0.2222222222222222,1.6094379124341005,4.0,0.0,0.0,2020-04-20,2020-05-04,0.4982888432580424,0.0,0.0,0.0,2020-04-06,0.7440557566009918,0.6839162164723722,0.67060921806064
group:farc_bloc,FARC family,2020-04-20,2020-05-04,14,8.0,8.0,5.0,3.0,3.0,5.0,2.0,1.0,4.0,3.0,1.6094379124341005,2.1972245773362196,0.625,0.375,0.375,0.625,0.25,0.125,0.6931471805599453,1.0,2.3978952727983707,0.0,2020-05-04,2020-05-18,0.5366187542778919,0.0,0.0,0.0,2020-04-20,0.5959589867310012,0.26428774523741827,0.2929456491129259
group:farc_bloc,FARC family,2020-05-04,2020-05-18,15,11.0,11.0,6.0,4.0,2.0,3.0,6.0,2.0,1.0,1.0,0.6931471805599453,2.4849066497880004,0.5454545454545454,0.3636363636363636,0.1818181818181818,0.2727272727272727,0.5454545454545454,0.1818181818181818,1.791759469228055,5.0,1.6094379124341005,2.3978952727983707,2020-05-18,2020-06-01,0.5749486652977412,0.0,0.0,0.0,2020-05-04,0.47478890229191795,0.24793858402047192,0.042804843705998276
group:farc_bloc,FARC family,2020-05-18,2020-06-01,16,15.0,15.0,12.0,10.0,9.0,9.0,4.0,2.0,5.0,3.0,1.791759469228055,2.772588722239781,0.8,0.6666666666666666,0.6,0.6,0.2666666666666666,0.1333333333333333,0.6931471805599453,1.0,0.6931471805599453,1.6094379124341005,2020-06-01,2020-06-15,0.6132785763175906,0.0,0.0,0.0,2020-05-18,0.8625331724969844,0.6839162164723722,0.5842861165868769
group:farc_bloc,FARC family,2020-06-01,2020-06-15,17,12.0,12.0,9.0,3.0,3.0,3.0,7.0,2.0,1.0,1.0,0.6931471805599453,2.5649493574615367,0.75,0.25,0.25,0.25,0.5833333333333334,0.1666666666666666,1.9459101490553132,6.0,1.791759469228055,0.6931471805599453,2020-06-15,2020-06-29,0.6516084873374401,0.0,0.0,0.0,2020-06-01,0.7863691194209892,0.08444697185100937,0.1310898338496198
group:farc_bloc,FARC family,2020-06-15,2020-06-29,18,21.0,21.0,17.0,12.0,10.0,10.0,9.0,2.0,6.0,1.0,1.9459101490553132,3.091042453358316,0.8095238095238095,0.5714285714285714,0.4761904761904761,0.4761904761904761,0.4285714285714285,0.0952380952380952,1.0986122886681098,2.0,0.6931471805599453,1.791759469228055,2020-06-29,2020-07-13,0.6899383983572895,0.0,0.0,0.0,2020-06-15,0.8770406111781263,0.5468946748446322,0.4239717852784593
group:farc_bloc,FARC family,2020-06-29,2020-07-13,19,12.0,12.0,9.0,2.0,2.0,3.0,8.0,1.0,2.0,1.0,1.0986122886681098,2.5649493574615367,0.75,0.1666666666666666,0.1666666666666666,0.25,0.6666666666666666,0.0833333333333333,1.3862943611198906,3.0,1.9459101490553132,0.6931471805599453,2020-07-13,2020-07-27,0.7282683093771389,0.0,0.0,0.0,2020-06-29,0.7863691194209892,0.0,0.023185957007415662
group:farc_bloc,FARC family,2020-07-13,2020-07-27,20,21.0,21.0,15.0,9.0,9.0,11.0,9.0,1.0,3.0,4.0,1.3862943611198906,3.091042453358316,0.7142857142857143,0.4285714285714285,0.4285714285714285,0.5238095238095238,0.4285714285714285,0.0476190476190476,1.6094379124341005,4.0,1.0986122886681098,1.9459101490553132,2020-07-27,2020-08-10,0.7665982203969883,0.0,0.0,0.0,2020-07-13,0.7319662243667069,0.3413623624030219,0.36231242708291417
group:farc_bloc,FARC family,2020-07-27,2020-08-10,21,20.0,20.0,11.0,6.0,5.0,6.0,11.0,3.0,4.0,2.0,1.6094379124341005,3.044522437723423,0.55,0.3,0.25,0.3,0.55,0.15,2.4849066497880004,11.0,1.3862943611198906,1.0986122886681098,2020-08-10,2020-08-24,0.8049281314168378,0.0,0.0,0.0,2020-07-27,0.48171290711700854,0.1563832812055729,0.1310898338496198
group:farc_bloc,FARC family,2020-08-10,2020-08-24,22,27.0,27.0,16.0,9.0,8.0,8.0,14.0,5.0,11.0,2.0,2.4849066497880004,3.332204510175204,0.5925925925925926,0.3333333333333333,0.2962962962962963,0.2962962962962963,0.5185185185185185,0.1851851851851851,1.9459101490553132,6.0,1.6094379124341005,1.3862943611198906,2020-08-24,2020-09-07,0.8432580424366872,0.0,0.0,0.0,2020-08-10,0.5465933967743376,0.20434082077528193,0.19103643209528873
group:farc_bloc,FARC family,2020-08-24,2020-09-07,23,28.0,28.0,18.0,17.0,17.0,19.0,8.0,1.0,6.0,3.0,1.9459101490553132,3.367295829986474,0.6428571428571429,0.6071428571428571,0.6071428571428571,0.6785714285714286,0.2857142857142857,0.0357142857142857,2.3978952727983707,10.0,2.4849066497880004,1.6094379124341005,2020-09-07,2020-09-21,0.8815879534565366,0.0,0.0,0.0,2020-08-24,0.6231604342581424,0.5982777529550347,0.5935350203162086
group:farc_bloc,FARC family,2020-09-07,2020-09-21,24,19.0,19.0,12.0,7.0,7.0,10.0,7.0,2.0,10.0,7.0,2.3978952727983707,2.995732273553991,0.631578947368421,0.3684210526315789,0.3684210526315789,0.5263157894736842,0.3684210526315789,0.1052631578947368,0.6931471805599453,1.0,1.9459101490553132,2.4849066497880004,2020-09-21,2020-10-05,0.919917864476386,0.0,0.0,0.0,2020-09-07,0.6059805726620532,0.2548224413749757,0.28442692199380454
group:farc_bloc,FARC family,2020-09-21,2020-10-05,25,31.0,31.0,19.0,10.0,10.0,10.0,17.0,4.0,1.0,1.0,0.6931471805599453,3.4657359027997265,0.6129032258064516,0.3225806451612903,0.3225806451612903,0.3225806451612903,0.5483870967741935,0.1290322580645161,1.6094379124341005,4.0,2.3978952727983707,1.9459101490553132,2020-10-05,2020-10-19,0.9582477754962354,0.0,0.0,0.0,2020-09-21,0.5775321996964863,0.1888706467205371,0.22507062980895884
group:farc_bloc,FARC family,2020-10-05,2020-10-19,26,36.0,36.0,19.0,6.0,7.0,3.0,31.0,2.0,4.0,2.0,1.6094379124341005,3.610917912644224,0.5277777777777778,0.1666666666666666,0.1944444444444444,0.0833333333333333,0.8611111111111112,0.0555555555555555,1.0986122886681098,2.0,0.6931471805599453,2.3978952727983707,2020-10-19,2020-11-02,0.9965776865160848,0.0,0.0,0.0,2020-10-05,0.44786221686101063,0.0,0.05915391595481703
group:farc_bloc,FARC family,2020-10-19,2020-11-02,27,8.0,8.0,6.0,3.0,3.0,4.0,1.0,3.0,2.0,2.0,1.0986122886681098,2.1972245773362196,0.75,0.375,0.375,0.5,0.125,0.375,1.0986122886681098,2.0,1.6094379124341005,0.6931471805599453,2020-11-02,2020-11-16,1.0349075975359343,0.0,0.0,0.0,2020-10-19,0.7863691194209892,0.26428774523741827,0.2929456491129259
group:farc_bloc,FARC family,2020-11-02,2020-11-16,28,6.0,6.0,3.0,2.0,2.0,0.0,6.0,0.0,2.0,3.0,1.0986122886681098,1.9459101490553132,0.5,0.3333333333333333,0.3333333333333333,0.0,1.0,0.0,0.0,0.0,1.0986122886681098,1.6094379124341005,2020-11-16,2020-11-30,1.0732375085557837,0.0,0.0,0.0,2020-11-02,0.4055488540410133,0.20434082077528193,0.23899371069182387
group:farc_bloc,FARC family,2020-11-16,2020-11-30,29,31.0,31.0,24.0,15.0,14.0,14.0,17.0,0.0,0.0,0.0,0.0,3.4657359027997265,0.7741935483870968,0.4838709677419355,0.4516129032258064,0.4516129032258064,0.5483870967741935,0.0,0.0,0.0,1.0986122886681098,1.0986122886681098,2020-11-30,2020-12-14,1.111567419575633,0.0,0.0,0.0,2020-11-16,0.823222693490019,0.4209232575417099,0.39214760040333924
group:farc_bloc,FARC family,2020-11-30,2020-12-14,30,18.0,18.0,14.0,6.0,7.0,4.0,14.0,0.0,0.0,1.0,0.0,2.9444389791664403,0.7777777777777778,0.3333333333333333,0.3888888888888889,0.2222222222222222,0.7777777777777778,0.0,1.0986122886681098,2.0,0.0,1.0986122886681098,2020-12-14,2020-12-28,1.1498973305954825,0.0,0.0,0.0,2020-11-30,0.8286824822409865,0.20434082077528193,0.3109296285866266
group:farc_bloc,FARC family,2020-12-14,2020-12-28,31,11.0,11.0,7.0,3.0,3.0,3.0,8.0,0.0,2.0,1.0,1.0986122886681098,2.4849066497880004,0.6363636363636364,0.2727272727272727,0.2727272727272727,0.2727272727272727,0.7272727272727273,0.0,0.0,0.0,0.0,0.0,2020-12-28,2021-01-11,1.188227241615332,0.0,0.0,0.0,2020-12-14,0.6132689987937274,0.11714529428490188,0.16051816389749363
group:farc_bloc,FARC family,2020-12-28,2021-01-11,32,27.0,27.0,22.0,18.0,17.0,18.0,5.0,4.0,0.0,1.0,0.0,3.332204510175204,0.8148148148148148,0.6666666666666666,0.6296296296296297,0.6666666666666666,0.1851851851851851,0.1481481481481481,1.9459101490553132,6.0,1.0986122886681098,0.0,2021-01-11,2021-01-25,1.2265571526351813,0.0,0.0,0.0,2020-12-28,0.8851002993343161,0.6839162164723722,0.622651939464105
group:farc_bloc,FARC family,2021-01-11,2021-01-25,33,10.0,10.0,8.0,8.0,9.0,8.0,1.0,1.0,6.0,2.0,1.9459101490553132,2.3978952727983707,0.8,0.8,0.9,0.8,0.1,0.1,1.9459101490553132,6.0,0.0,1.0986122886681098,2021-01-25,2021-02-08,1.264887063655031,0.0,0.0,0.0,2021-01-11,0.8625331724969844,0.8757463747512085,0.9727400732188115
group:farc_bloc,FARC family,2021-01-25,2021-02-08,34,20.0,20.0,17.0,11.0,11.0,9.0,11.0,0.0,6.0,3.0,1.9459101490553132,3.044522437723423,0.85,0.55,0.55,0.45,0.55,0.0,0.6931471805599453,1.0,1.9459101490553132,0.0,2021-02-08,2021-02-22,1.3032169746748803,0.0,0.0,0.0,2021-01-25,0.9386972255729794,0.5160648279783907,0.5195437904815545
group:farc_bloc,FARC family,2021-02-08,2021-02-22,35,23.0,23.0,17.0,5.0,5.0,5.0,17.0,1.0,1.0,1.0,0.6931471805599453,3.1780538303479458,0.7391304347826086,0.217391304347826,0.217391304347826,0.217391304347826,0.7391304347826086,0.0434782608695652,3.367295829986474,28.0,1.9459101490553132,1.9459101490553132,2021-02-22,2021-03-08,1.3415468856947297,0.0,0.0,0.0,2021-02-08,0.7698117165783814,0.037531987489337365,0.08886657769397463
group:farc_bloc,FARC family,2021-02-22,2021-03-08,36,24.0,24.0,14.0,9.0,9.0,10.0,11.0,3.0,28.0,7.0,3.367295829986474,3.218875824868201,0.5833333333333334,0.375,0.375,0.4166666666666667,0.4583333333333333,0.125,0.0,0.0,0.6931471805599453,1.9459101490553132,2021-03-08,2021-03-22,1.379876796714579,0.0,0.0,0.0,2021-02-22,0.5324889425010053,0.26428774523741827,0.2929456491129259
group:farc_bloc,FARC family,2021-03-08,2021-03-22,37,28.0,28.0,21.0,15.0,9.0,16.0,11.0,1.0,0.0,0.0,0.0,3.367295829986474,0.75,0.5357142857142857,0.3214285714285714,0.5714285714285714,0.3928571428571428,0.0357142857142857,1.3862943611198906,3.0,3.367295829986474,0.6931471805599453,2021-03-22,2021-04-05,1.4182067077344285,0.0,0.0,0.0,2021-03-08,0.7863691194209892,0.4955115967342296,0.22357887114293754
group:farc_bloc,FARC family,2021-03-22,2021-04-05,38,46.0,46.0,41.0,32.0,15.0,36.0,9.0,1.0,3.0,3.0,1.3862943611198906,3.8501476017100584,0.8913043478260869,0.6956521739130435,0.3260869565217391,0.782608695652174,0.1956521739130435,0.0217391304347826,3.044522437723423,20.0,0.0,3.367295829986474,2021-04-05,2021-04-19,1.456536618754278,0.0,0.0,0.0,2021-03-22,1.0,0.7256184247938584,0.22961076487945825
group:farc_bloc,FARC family,2021-04-05,2021-04-19,39,35.0,35.0,28.0,19.0,14.0,20.0,11.0,4.0,20.0,3.0,3.044522437723423,3.58351893845611,0.8,0.5428571428571428,0.4,0.5714285714285714,0.3142857142857143,0.1142857142857142,1.791759469228055,5.0,1.3862943611198906,0.0,2021-04-19,2021-05-03,1.4948665297741273,0.0,0.0,0.0,2021-04-05,0.8625331724969844,0.5057882123563101,0.32531681216558717
group:farc_bloc,FARC family,2021-04-19,2021-05-03,40,21.0,21.0,17.0,9.0,8.0,9.0,11.0,1.0,5.0,4.0,1.791759469228055,3.091042453358316,0.8095238095238095,0.4285714285714285,0.3809523809523809,0.4285714285714285,0.5238095238095238,0.0476190476190476,0.0,0.0,3.044522437723423,1.3862943611198906,2021-05-03,2021-05-17,1.5331964407939769,0.0,0.0,0.0,2021-04-19,0.8770406111781263,0.3413623624030219,0.300653068887369
group:farc_bloc,FARC family,2021-05-03,2021-05-17,41,15.0,15.0,14.0,11.0,7.0,6.0,4.0,5.0,0.0,0.0,0.0,2.772588722239781,0.9333333333333332,0.7333333333333333,0.4666666666666667,0.4,0.2666666666666666,0.3333333333333333,0.6931471805599453,1.0,1.791759469228055,3.044522437723423,2021-05-17,2021-05-31,1.571526351813826,0.0,0.0,0.0,2021-05-03,1.0,0.7798312956117903,0.41163991363935043
group:farc_bloc,FARC family,2021-05-17,2021-05-31,42,40.0,40.0,33.0,28.0,24.0,28.0,10.0,2.0,1.0,1.0,0.6931471805599453,3.713572066704308,0.825,0.7,0.6,0.7,0.25,0.05,0.0,0.0,0.0,1.791759469228055,2021-05-31,2021-06-14,1.6098562628336757,0.0,0.0,0.0,2021-05-17,0.9006151990349818,0.7318737560420813,0.5842861165868769
group:farc_bloc,FARC family,2021-05-31,2021-06-14,43,6.0,6.0,4.0,4.0,3.0,4.0,1.0,1.0,0.0,0.0,0.0,1.9459101490553132,0.6666666666666666,0.6666666666666666,0.5,0.6666666666666666,0.1666666666666666,0.1666666666666666,2.5649493574615367,12.0,0.6931471805599453,0.0,2021-06-14,2021-06-28,1.648186173853525,0.0,0.0,0.0,2021-05-31,0.6594290309609971,0.6839162164723722,0.45480146437623203
group:farc_bloc,FARC family,2021-06-14,2021-06-28,44,18.0,18.0,12.0,12.0,8.0,15.0,2.0,1.0,12.0,3.0,2.5649493574615367,2.9444389791664403,0.6666666666666666,0.6666666666666666,0.4444444444444444,0.8333333333333334,0.1111111111111111,0.0555555555555555,3.091042453358316,21.0,0.0,0.6931471805599453,2021-06-28,2021-07-12,1.6865160848733745,0.0,0.0,0.0,2021-06-14,0.6594290309609971,0.6839162164723722,0.3828655464814293
group:farc_bloc,FARC family,2021-06-28,2021-07-12,45,14.0,14.0,10.0,8.0,7.0,8.0,5.0,1.0,21.0,4.0,3.091042453358316,2.70805020110221,0.7142857142857143,0.5714285714285714,0.5,0.5714285714285714,0.3571428571428571,0.0714285714285714,1.3862943611198906,3.0,2.5649493574615367,0.0,2021-07-12,2021-07-26,1.7248459958932238,0.0,0.0,0.0,2021-06-28,0.7319662243667069,0.5468946748446322,0.45480146437623203
group:farc_bloc,FARC family,2021-07-12,2021-07-26,46,19.0,19.0,15.0,14.0,6.0,14.0,1.0,4.0,3.0,1.0,1.3862943611198906,2.995732273553991,0.7894736842105263,0.7368421052631579,0.3157894736842105,0.7368421052631579,0.0526315789473684,0.2105263157894736,0.0,0.0,3.091042453358316,2.5649493574615367,2021-07-26,2021-08-09,1.7631759069130732,0.0,0.0,0.0,2021-07-12,0.8464986350073012,0.7848794576717597,0.21627710504083353
group:farc_bloc,FARC family,2021-07-26,2021-08-09,47,10.0,10.0,10.0,6.0,3.0,4.0,5.0,1.0,0.0,0.0,0.0,2.3978952727983707,1.0,0.6,0.3,0.4,0.5,0.1,1.6094379124341005,4.0,1.3862943611198906,3.091042453358316,2021-08-09,2021-08-23,1.8015058179329224,0.0,0.0,0.0,2021-07-26,1.0,0.5880011373329542,0.19583215995494224
group:farc_bloc,FARC family,2021-08-09,2021-08-23,48,0.0,0.0,0.0,0.0,0.0,0.0,0.0,0.0,4.0,3.0,1.6094379124341005,0.0,,,,,,,1.9459101490553132,6.0,0.0,1.3862943611198906,2021-08-23,2021-09-06,1.839835728952772,0.0,0.0,0.0,2021-08-09,,,
group:farc_bloc,FARC family,2021-08-23,2021-09-06,49,9.0,9.0,7.0,5.0,3.0,6.0,2.0,1.0,6.0,3.0,1.9459101490553132,2.302585092994046,0.7777777777777778,0.5555555555555556,0.3333333333333333,0.6666666666666666,0.2222222222222222,0.1111111111111111,0.0,0.0,1.6094379124341005,0.0,2021-09-06,2021-09-20,1.8781656399726216,0.0,0.0,0.0,2021-08-23,0.8286824822409865,0.5240577512400089,0.23899371069182387
group:farc_bloc,FARC family,2021-09-06,2021-09-20,50,18.0,18.0,15.0,10.0,5.0,11.0,6.0,1.0,0.0,2.0,0.0,2.9444389791664403,0.8333333333333334,0.5555555555555556,0.2777777777777778,0.6111111111111112,0.3333333333333333,0.0555555555555555,3.4339872044851463,30.0,1.9459101490553132,1.6094379124341005,2021-09-20,2021-10-04,1.9164955509924708,0.0,0.0,0.0,2021-09-06,0.9133092078809811,0.5240577512400089,0.16705779279702118
group:farc_bloc,FARC family,2021-09-20,2021-10-04,51,18.0,18.0,14.0,13.0,12.0,13.0,5.0,0.0,30.0,5.0,3.4339872044851463,2.9444389791664403,0.7777777777777778,0.7222222222222222,0.6666666666666666,0.7222222222222222,0.2777777777777778,0.0,2.3978952727983707,10.0,0.0,1.9459101490553132,2021-10-04,2021-10-18,1.9548254620123204,0.0,0.0,0.0,2021-09-20,0.8286824822409865,0.763845449088554,0.67060921806064
group:farc_bloc,FARC family,2021-10-04,2021-10-18,52,20.0,20.0,17.0,13.0,12.0,12.0,7.0,1.0,10.0,7.0,2.3978952727983707,3.044522437723423,0.85,0.65,0.6,0.6,0.35,0.05,2.6390573296152584,13.0,3.4339872044851463,0.0,2021-10-18,2021-11-01,1.9931553730321696,0.0,0.0,0.0,2021-10-04,0.9386972255729794,0.6599374466875179,0.5842861165868769
group:farc_bloc,FARC family,2021-10-18,2021-11-01,53,16.0,16.0,12.0,10.0,9.0,10.0,5.0,1.0,13.0,3.0,2.6390573296152584,2.833213344056216,0.75,0.625,0.5625,0.625,0.3125,0.0625,0.0,0.0,2.3978952727983707,3.4339872044851463,2021-11-01,2021-11-15,2.0314852840520192,0.0,0.0,0.0,2021-10-18,0.7863691194209892,0.623969292010236,0.5357293720078851
group:farc_bloc,FARC family,2021-11-01,2021-11-15,54,11.0,11.0,10.0,9.0,9.0,8.0,3.0,0.0,0.0,1.0,0.0,2.4849066497880004,0.9090909090909092,0.8181818181818182,0.8181818181818182,0.7272727272727273,0.2727272727272727,0.0,0.0,0.0,2.6390573296152584,2.3978952727983707,2021-11-15,2021-11-29,2.0698151950718686,0.0,0.0,0.0,2021-11-01,1.0,0.9019050326983226,0.8667980850464657
group:farc_bloc,FARC family,2021-11-15,2021-11-29,55,8.0,8.0,5.0,1.0,1.0,1.0,7.0,0.0,0.0,3.0,0.0,2.1972245773362196,0.625,0.125,0.125,0.125,0.875,0.0,0.0,0.0,0.0,2.6390573296152584,2021-11-29,2021-12-13,2.108145106091718,0.0,0.0,0.0,2021-11-15,0.5959589867310012,0.0,0.0
group:farc_bloc,FARC family,2021-11-29,2021-12-13,56,30.0,30.0,25.0,17.0,19.0,18.0,10.0,2.0,0.0,0.0,0.0,3.4339872044851463,0.8333333333333334,0.5666666666666667,0.6333333333333333,0.6,0.3333333333333333,0.0666666666666666,0.6931471805599453,1.0,0.0,0.0,2021-12-13,2021-12-27,2.1464750171115674,0.0,0.0,0.0,2021-11-29,0.9133092078809811,0.5400435977632452,0.6274476673237585
group:farc_bloc,FARC family,2021-12-13,2021-12-27,57,16.0,16.0,13.0,12.0,4.0,12.0,4.0,0.0,1.0,1.0,0.6931471805599453,2.833213344056216,0.8125,0.75,0.25,0.75,0.25,0.0,3.58351893845611,35.0,0.0,0.0,2021-12-27,2022-01-10,2.184804928131417,0.0,0.0,0.0,2021-12-13,0.8815741857659831,0.8038100653966449,0.1310898338496198
group:farc_bloc,FARC family,2021-12-27,2022-01-10,58,25.0,25.0,24.0,22.0,19.0,21.0,3.0,1.0,35.0,7.0,3.58351893845611,3.258096538021482,0.96,0.88,0.76,0.84,0.12,0.04,2.1972245773362196,8.0,0.6931471805599453,0.0,2022-01-10,2022-01-24,2.223134839151266,0.0,0.0,0.0,2021-12-27,1.0,0.9908444697185101,0.7914615601239088
group:farc_bloc,FARC family,2022-01-10,2022-01-24,59,26.0,26.0,22.0,18.0,12.0,18.0,7.0,1.0,8.0,6.0,2.1972245773362196,3.295836866004329,0.8461538461538461,0.6923076923076923,0.4615384615384615,0.6923076923076923,0.2692307692307692,0.0384615384615384,2.995732273553991,19.0,3.58351893845611,0.6931471805599453,2022-01-24,2022-02-07,2.2614647501711156,0.0,0.0,0.0,2022-01-10,0.9328384522594414,0.7208066315259946,0.4049996750644455
group:farc_bloc,FARC family,2022-01-24,2022-02-07,60,36.0,36.0,33.0,24.0,22.0,25.0,10.0,1.0,19.0,11.0,2.995732273553991,3.610917912644224,0.9166666666666666,0.6666666666666666,0.6111111111111112,0.6944444444444444,0.2777777777777778,0.0277777777777777,2.3978952727983707,10.0,2.1972245773362196,3.58351893845611,2022-02-07,2022-02-21,2.299794661190965,0.0,0.0,0.0,2022-01-24,1.0,0.6839162164723722,0.5986733001658375
group:farc_bloc,FARC family,2022-02-07,2022-02-21,61,16.0,16.0,14.0,5.0,4.0,5.0,9.0,2.0,10.0,5.0,2.3978952727983707,2.833213344056216,0.875,0.3125,0.25,0.3125,0.5625,0.125,3.1780538303479458,23.0,2.995732273553991,2.1972245773362196,2022-02-21,2022-03-07,2.3381245722108144,0.0,0.0,0.0,2022-02-07,0.976779252110977,0.1743673585442138,0.1310898338496198
group:farc_bloc,FARC family,2022-02-21,2022-03-07,62,25.0,25.0,23.0,16.0,16.0,15.0,8.0,2.0,23.0,1.0,3.1780538303479458,3.258096538021482,0.92,0.64,0.64,0.6,0.32,0.08,2.5649493574615367,12.0,2.3978952727983707,2.995732273553991,2022-03-07,2022-03-21,2.376454483230664,0.0,0.0,0.0,2022-02-21,1.0,0.6455501848166051,0.6360799774711349
group:farc_bloc,FARC family,2022-03-07,2022-03-21,63,7.0,7.0,4.0,1.0,1.0,1.0,5.0,1.0,12.0,7.0,2.5649493574615367,2.0794415416798357,0.5714285714285714,0.1428571428571428,0.1428571428571428,0.1428571428571428,0.7142857142857143,0.1428571428571428,2.70805020110221,14.0,3.1780538303479458,2.3978952727983707,2022-03-21,2022-04-04,2.414784394250513,0.0,0.0,0.0,2022-03-07,0.5143546441495778,0.0,0.0
group:farc_bloc,FARC family,2022-03-21,2022-04-04,64,24.0,24.0,22.0,19.0,18.0,18.0,5.0,1.0,14.0,3.0,2.70805020110221,3.218875824868201,0.9166666666666666,0.7916666666666666,0.75,0.75,0.2083333333333333,0.0416666666666666,1.791759469228055,5.0,2.5649493574615367,3.1780538303479458,2022-04-04,2022-04-18,2.4531143052703626,0.0,0.0,0.0,2022-03-21,1.0,0.8637569898587811,0.7785130949028443
group:farc_bloc,FARC family,2022-04-04,2022-04-18,65,13.0,13.0,6.0,5.0,5.0,6.0,4.0,3.0,5.0,2.0,1.791759469228055,2.6390573296152584,0.4615384615384615,0.3846153846153846,0.3846153846153846,0.4615384615384615,0.3076923076923077,0.2307692307692307,2.70805020110221,14.0,2.70805020110221,2.5649493574615367,2022-04-18,2022-05-02,2.4914442162902124,0.0,0.0,0.0,2022-04-04,0.3469611209056323,0.2781216508825266,0.3053960964408725
group:farc_bloc,FARC family,2022-04-18,2022-05-02,66,12.0,12.0,9.0,6.0,5.0,6.0,6.0,0.0,14.0,4.0,2.70805020110221,2.5649493574615367,0.75,0.5,0.4166666666666667,0.5,0.5,0.0,0.6931471805599453,1.0,1.791759469228055,2.70805020110221,2022-05-02,2022-05-16,2.529774127310062,0.0,0.0,0.0,2022-04-18,0.7863691194209892,0.44412851862382713,0.346897587534028
group:farc_bloc,FARC family,2022-05-02,2022-05-16,67,12.0,12.0,8.0,3.0,3.0,5.0,7.0,0.0,1.0,1.0,0.6931471805599453,2.5649493574615367,0.6666666666666666,0.25,0.25,0.4166666666666667,0.5833333333333334,0.0,1.0986122886681098,2.0,2.70805020110221,1.791759469228055,2022-05-16,2022-05-30,2.568104038329911,0.0,0.0,0.0,2022-05-02,0.6594290309609971,0.08444697185100937,0.1310898338496198
group:farc_bloc,FARC family,2022-05-16,2022-05-30,68,11.0,11.0,10.0,9.0,7.0,9.0,1.0,1.0,2.0,2.0,1.0986122886681098,2.4849066497880004,0.9090909090909092,0.8181818181818182,0.6363636363636364,0.8181818181818182,0.0909090909090909,0.0909090909090909,1.9459101490553132,6.0,0.6931471805599453,2.70805020110221,2022-05-30,2022-06-13,2.6064339493497606,0.0,0.0,0.0,2022-05-16,1.0,0.9019050326983226,0.6313714446634751
group:farc_bloc,FARC family,2022-05-30,2022-06-13,69,12.0,12.0,9.0,8.0,8.0,9.0,3.0,0.0,6.0,4.0,1.9459101490553132,2.5649493574615367,0.75,0.6666666666666666,0.6666666666666666,0.75,0.25,0.0,1.3862943611198906,3.0,1.0986122886681098,0.6931471805599453,2022-06-13,2022-06-27,2.64476386036961,0.0,0.0,0.0,2022-05-30,0.7863691194209892,0.6839162164723722,0.67060921806064
group:farc_bloc,FARC family,2022-06-13,2022-06-27,70,17.0,17.0,12.0,10.0,9.0,10.0,6.0,1.0,3.0,5.0,1.3862943611198906,2.8903717578961645,0.7058823529411765,0.5882352941176471,0.5294117647058824,0.5882352941176471,0.3529411764705882,0.0588235294117647,2.6390573296152584,13.0,1.9459101490553132,1.0986122886681098,2022-06-27,2022-07-11,2.6830937713894594,0.0,0.0,0.0,2022-06-13,0.7191655431774641,0.5710749468965863,0.492885185614657
group:farc_bloc,FARC family,2022-06-27,2022-07-11,71,24.0,24.0,17.0,8.0,6.0,7.0,17.0,0.0,13.0,5.0,2.6390573296152584,3.218875824868201,0.7083333333333334,0.3333333333333333,0.25,0.2916666666666667,0.7083333333333334,0.0,2.1972245773362196,8.0,1.3862943611198906,1.9459101490553132,2022-07-11,2022-07-25,2.7214236824093088,0.0,0.0,0.0,2022-06-27,0.7228990751909932,0.20434082077528193,0.1310898338496198
group:farc_bloc,FARC family,2022-07-11,2022-07-25,72,22.0,22.0,20.0,19.0,15.0,17.0,5.0,0.0,8.0,3.0,2.1972245773362196,3.1354942159291497,0.9090909090909092,0.8636363636363636,0.6818181818181818,0.7727272727272727,0.2272727272727272,0.0,1.791759469228055,5.0,2.6390573296152584,1.3862943611198906,2022-07-25,2022-08-08,2.759753593429158,0.0,0.0,0.0,2022-07-11,1.0,0.9673016775661075,0.6902281047592226
group:farc_bloc,FARC family,2022-07-25,2022-08-08,73,20.0,20.0,15.0,7.0,7.0,8.0,10.0,2.0,5.0,3.0,1.791759469228055,3.044522437723423,0.75,0.35,0.35,0.4,0.5,0.1,0.0,0.0,2.1972245773362196,2.6390573296152584,2022-08-08,2022-08-22,2.7980835044490076,0.0,0.0,0.0,2022-07-25,0.7863691194209892,0.22831959056013645,0.2605744860602647
group:farc_bloc,FARC family,2022-08-08,2022-08-22,74,8.0,8.0,6.0,5.0,4.0,4.0,2.0,2.0,0.0,1.0,0.0,2.1972245773362196,0.75,0.625,0.5,0.5,0.25,0.25,2.70805020110221,14.0,1.791759469228055,2.1972245773362196,2022-08-22,2022-09-05,2.836413415468857,0.0,0.0,0.0,2022-08-08,0.7863691194209892,0.623969292010236,0.45480146437623203
group:farc_bloc,FARC family,2022-08-22,2022-09-05,75,14.0,14.0,12.0,6.0,6.0,4.0,10.0,0.0,14.0,4.0,2.70805020110221,2.70805020110221,0.8571428571428571,0.4285714285714285,0.4285714285714285,0.2857142857142857,0.7142857142857143,0.0,1.0986122886681098,2.0,0.0,1.791759469228055,2022-09-05,2022-09-19,2.8747433264887063,0.0,0.0,0.0,2022-08-22,0.9495778045838359,0.3413623624030219,0.36231242708291417
group:farc_bloc,FARC family,2022-09-05,2022-09-19,76,3.0,3.0,3.0,3.0,3.0,3.0,0.0,0.0,2.0,3.0,1.0986122886681098,1.3862943611198906,1.0,1.0,1.0,1.0,0.0,0.0,1.6094379124341005,4.0,2.70805020110221,0.0,2022-09-19,2022-10-03,2.9130732375085557,0.0,0.0,0.0,2022-09-05,1.0,1.0,1.0
group:farc_bloc,FARC family,2022-09-19,2022-10-03,77,3.0,3.0,2.0,0.0,0.0,0.0,3.0,0.0,4.0,3.0,1.6094379124341005,1.3862943611198906,0.6666666666666666,0.0,0.0,0.0,1.0,0.0,2.302585092994046,9.0,1.0986122886681098,2.70805020110221,2022-10-03,2022-10-17,2.951403148528405,0.0,0.0,0.0,2022-09-19,0.6594290309609971,0.0,0.0
group:farc_bloc,FARC family,2022-10-03,2022-10-17,78,3.0,3.0,2.0,1.0,1.0,1.0,2.0,0.0,9.0,5.0,2.302585092994046,1.3862943611198906,0.6666666666666666,0.3333333333333333,0.3333333333333333,0.3333333333333333,0.6666666666666666,0.0,2.0794415416798357,7.0,1.6094379124341005,1.0986122886681098,2022-10-17,2022-10-31,2.9897330595482545,0.0,0.0,0.0,2022-10-03,0.6594290309609971,0.20434082077528193,0.23899371069182387
group:farc_bloc,FARC family,2022-10-17,2022-10-31,79,4.0,4.0,4.0,3.0,2.0,3.0,0.0,1.0,7.0,2.0,2.0794415416798357,1.6094379124341005,1.0,0.75,0.5,0.75,0.0,0.25,0.0,0.0,2.302585092994046,1.6094379124341005,2022-10-31,2022-11-14,3.028062970568104,0.0,0.0,0.0,2022-10-17,1.0,0.8038100653966449,0.45480146437623203
group:farc_bloc,FARC family,2022-10-31,2022-11-14,80,3.0,3.0,2.0,1.0,1.0,1.0,2.0,0.0,0.0,0.0,0.0,1.3862943611198906,0.6666666666666666,0.3333333333333333,0.3333333333333333,0.3333333333333333,0.6666666666666666,0.0,1.3862943611198906,3.0,2.0794415416798357,2.302585092994046,2022-11-14,2022-11-28,3.0663928815879533,0.0,0.0,0.0,2022-10-31,0.6594290309609971,0.20434082077528193,0.23899371069182387
group:farc_bloc,FARC family,2022-11-14,2022-11-28,81,13.0,13.0,12.0,10.0,9.0,10.0,2.0,1.0,3.0,1.0,1.3862943611198906,2.6390573296152584,0.9230769230769232,0.7692307692307693,0.6923076923076923,0.7692307692307693,0.1538461538461538,0.0769230769230769,2.3978952727983707,10.0,0.0,2.0794415416798357,2022-11-28,2022-12-12,3.1047227926078027,0.0,0.0,0.0,2022-11-14,1.0,0.8314778766868617,0.7038104109351645
group:farc_bloc,FARC family,2022-11-28,2022-12-12,82,30.0,30.0,22.0,20.0,19.0,20.0,6.0,4.0,10.0,2.0,2.3978952727983707,3.4339872044851463,0.7333333333333333,0.6666666666666666,0.6333333333333333,0.6666666666666666,0.2,0.1333333333333333,2.302585092994046,9.0,1.3862943611198906,0.0,2022-12-12,2022-12-26,3.143052703627652,0.0,0.0,0.0,2022-11-28,0.7609811017289907,0.6839162164723722,0.6274476673237585
group:farc_bloc,FARC family,2022-12-12,2022-12-26,83,8.0,8.0,6.0,4.0,3.0,5.0,2.0,1.0,9.0,3.0,2.302585092994046,2.1972245773362196,0.75,0.5,0.375,0.625,0.25,0.125,1.3862943611198906,3.0,2.3978952727983707,1.3862943611198906,2022-12-26,2023-01-09,3.1813826146475015,0.0,0.0,0.0,2022-12-12,0.7863691194209892,0.44412851862382713,0.2929456491129259
group:farc_bloc,FARC family,2022-12-26,2023-01-09,84,10.0,10.0,9.0,6.0,3.0,5.0,4.0,1.0,3.0,3.0,1.3862943611198906,2.3978952727983707,0.9,0.6,0.3,0.5,0.4,0.1,2.9444389791664403,18.0,2.302585092994046,2.3978952727983707,2023-01-09,2023-01-23,3.2197125256673513,0.0,0.0,0.0,2022-12-26,1.0,0.5880011373329542,0.19583215995494224
group:farc_bloc,FARC family,2023-01-09,2023-01-23,85,4.0,4.0,4.0,3.0,3.0,2.0,2.0,0.0,18.0,9.0,2.9444389791664403,1.6094379124341005,1.0,0.75,0.75,0.5,0.5,0.0,1.6094379124341005,4.0,1.3862943611198906,2.302585092994046,2023-01-23,2023-02-06,3.2580424366872007,0.0,0.0,0.0,2023-01-09,1.0,0.8038100653966449,0.7785130949028443
group:farc_bloc,FARC family,2023-01-23,2023-02-06,86,4.0,4.0,3.0,3.0,2.0,2.0,2.0,0.0,4.0,5.0,1.6094379124341005,1.6094379124341005,0.75,0.75,0.5,0.5,0.5,0.0,1.3862943611198906,3.0,2.9444389791664403,1.3862943611198906,2023-02-06,2023-02-20,3.29637234770705,0.0,0.0,0.0,2023-01-23,0.7863691194209892,0.8038100653966449,0.45480146437623203
group:farc_bloc,FARC family,2023-02-06,2023-02-20,87,6.0,6.0,3.0,3.0,2.0,2.0,3.0,1.0,3.0,4.0,1.3862943611198906,1.9459101490553132,0.5,0.5,0.3333333333333333,0.3333333333333333,0.5,0.1666666666666666,0.6931471805599453,1.0,1.6094379124341005,2.9444389791664403,2023-02-20,2023-03-06,3.3347022587268995,0.0,0.0,0.0,2023-02-06,0.4055488540410133,0.44412851862382713,0.23899371069182387
group:farc_bloc,FARC family,2023-02-20,2023-03-06,88,15.0,15.0,10.0,4.0,4.0,5.0,6.0,4.0,1.0,3.0,0.6931471805599453,2.772588722239781,0.6666666666666666,0.2666666666666666,0.2666666666666666,0.3333333333333333,0.4,0.2666666666666666,1.3862943611198906,3.0,1.3862943611198906,1.6094379124341005,2023-03-06,2023-03-20,3.373032169746749,0.0,0.0,0.0,2023-02-20,0.6594290309609971,0.10842574163586381,0.15267060921806055
group:farc_bloc,FARC family,2023-03-06,2023-03-20,89,7.0,7.0,4.0,1.0,1.0,1.0,4.0,2.0,3.0,3.0,1.3862943611198906,2.0794415416798357,0.5714285714285714,0.1428571428571428,0.1428571428571428,0.1428571428571428,0.5714285714285714,0.2857142857142857,1.6094379124341005,4.0,0.6931471805599453,1.3862943611198906,2023-03-20,2023-04-03,3.4113620807665983,0.0,0.0,0.0,2023-03-06,0.5143546441495778,0.0,0.0
group:farc_bloc,FARC family,2023-03-20,2023-04-03,90,9.0,9.0,6.0,4.0,4.0,4.0,3.0,2.0,4.0,9.0,1.6094379124341005,2.302585092994046,0.6666666666666666,0.4444444444444444,0.4444444444444444,0.4444444444444444,0.3333333333333333,0.2222222222222222,1.9459101490553132,6.0,1.3862943611198906,0.6931471805599453,2023-04-03,2023-04-17,3.4496919917864477,0.0,0.0,0.0,2023-03-20,0.6594290309609971,0.3641992860076454,0.3828655464814293
group:farc_bloc,FARC family,2023-04-03,2023-04-17,91,8.0,8.0,7.0,3.0,2.0,2.0,4.0,2.0,6.0,5.0,1.9459101490553132,2.1972245773362196,0.875,0.375,0.25,0.25,0.5,0.25,1.0986122886681098,2.0,1.6094379124341005,1.3862943611198906,2023-04-17,2023-05-01,3.488021902806297,0.0,0.0,0.0,2023-04-03,0.976779252110977,0.26428774523741827,0.1310898338496198
group:farc_bloc,FARC family,2023-04-17,2023-05-01,92,12.0,12.0,7.0,4.0,2.0,4.0,8.0,0.0,2.0,2.0,1.0986122886681098,2.5649493574615367,0.5833333333333334,0.3333333333333333,0.1666666666666666,0.3333333333333333,0.6666666666666666,0.0,2.1972245773362196,8.0,1.9459101490553132,1.6094379124341005,2023-05-01,2023-05-15,3.5263518138261465,0.0,0.0,0.0,2023-04-17,0.5324889425010053,0.20434082077528193,0.023185957007415662
group:farc_bloc,FARC family,2023-05-01,2023-05-15,93,6.0,6.0,5.0,5.0,5.0,4.0,1.0,1.0,8.0,7.0,2.1972245773362196,1.9459101490553132,0.8333333333333334,0.8333333333333334,0.8333333333333334,0.6666666666666666,0.1666666666666666,0.1666666666666666,2.70805020110221,14.0,1.0986122886681098,1.9459101490553132,2023-05-15,2023-05-29,3.564681724845996,0.0,0.0,0.0,2023-05-01,0.9133092078809811,0.9237039143209175,0.8864169717450483
group:farc_bloc,FARC family,2023-05-15,2023-05-29,94,47.0,47.0,42.0,25.0,24.0,20.0,25.0,2.0,14.0,14.0,2.70805020110221,3.871201010907891,0.8936170212765957,0.5319148936170213,0.5106382978723404,0.425531914893617,0.5319148936170213,0.0425531914893617,2.6390573296152584,13.0,2.1972245773362196,1.0986122886681098,2023-05-29,2023-06-12,3.6030116358658457,0.0,0.0,0.0,2023-05-15,1.0,0.4900453118288677,0.46857642737736444
group:farc_bloc,FARC family,2023-05-29,2023-06-12,95,17.0,17.0,14.0,2.0,1.0,2.0,13.0,2.0,13.0,14.0,2.6390573296152584,2.8903717578961645,0.8235294117647058,0.1176470588235294,0.0588235294117647,0.1176470588235294,0.7647058823529411,0.1176470588235294,2.1972245773362196,8.0,2.70805020110221,2.1972245773362196,2023-06-12,2023-06-26,3.6413415468856942,0.0,0.0,0.0,2023-05-29,0.8983750798268644,0.0,0.0
group:farc_bloc,FARC family,2023-06-12,2023-06-26,96,4.0,4.0,0.0,0.0,0.0,1.0,3.0,0.0,8.0,9.0,2.1972245773362196,1.6094379124341005,0.0,0.0,0.0,0.25,0.75,0.0,1.3862943611198906,3.0,2.6390573296152584,2.70805020110221,2023-06-26,2023-07-10,3.679671457905544,0.0,0.0,0.0,2023-06-12,0.0,0.0,0.0
group:farc_bloc,FARC family,2023-06-26,2023-07-10,97,13.0,13.0,10.0,6.0,3.0,4.0,7.0,2.0,3.0,3.0,1.3862943611198906,2.6390573296152584,0.7692307692307693,0.4615384615384615,0.2307692307692307,0.3076923076923077,0.5384615384615384,0.1538461538461538,1.3862943611198906,3.0,2.1972245773362196,2.6390573296152584,2023-07-10,2023-07-24,3.7180013689253935,0.0,0.0,0.0,2023-06-26,0.8156629859886797,0.38879289604339357,0.10618893919372648
group:farc_bloc,FARC family,2023-07-10,2023-07-24,98,24.0,24.0,18.0,14.0,14.0,14.0,8.0,2.0,3.0,4.0,1.3862943611198906,3.218875824868201,0.75,0.5833333333333334,0.5833333333333334,0.5833333333333334,0.3333333333333333,0.0833333333333333,2.833213344056216,16.0,1.3862943611198906,2.1972245773362196,2023-07-24,2023-08-07,3.756331279945243,0.0,0.0,0.0,2023-07-10,0.7863691194209892,0.5640223675480998,0.5627053412184362
group:farc_bloc,FARC family,2023-07-24,2023-08-07,99,42.0,42.0,37.0,24.0,20.0,25.0,17.0,0.0,16.0,4.0,2.833213344056216,3.7612001156935624,0.8809523809523809,0.5714285714285714,0.4761904761904761,0.5952380952380952,0.4047619047619047,0.0,2.3978952727983707,10.0,1.3862943611198906,1.3862943611198906,2023-08-07,2023-08-21,3.794661190965092,0.0,0.0,0.0,2023-07-24,0.9858464012866908,0.5468946748446322,0.4239717852784593
group:farc_bloc,FARC family,2023-08-07,2023-08-21,100,35.0,35.0,28.0,26.0,24.0,24.0,6.0,5.0,10.0,9.0,2.3978952727983707,3.58351893845611,0.8,0.7428571428571429,0.6857142857142857,0.6857142857142857,0.1714285714285714,0.1428571428571428,2.772588722239781,15.0,2.833213344056216,1.3862943611198906,2023-08-21,2023-09-04,3.8329911019849416,0.0,0.0,0.0,2023-08-07,0.8625331724969844,0.7935334497745644,0.6952729613388583
group:farc_bloc,FARC family,2023-08-21,2023-09-04,101,18.0,18.0,16.0,12.0,6.0,8.0,7.0,3.0,15.0,4.0,2.772588722239781,2.9444389791664403,0.8888888888888888,0.6666666666666666,0.3333333333333333,0.4444444444444444,0.3888888888888889,0.1666666666666666,3.1354942159291497,22.0,2.3978952727983707,2.833213344056216,2023-09-04,2023-09-18,3.871321013004791,0.0,0.0,0.0,2023-08-21,0.9979359335209756,0.6839162164723722,0.23899371069182387
group:farc_bloc,FARC family,2023-09-04,2023-09-18,102,32.0,32.0,31.0,28.0,15.0,27.0,5.0,0.0,22.0,9.0,3.1354942159291497,3.49650756146648,0.96875,0.875,0.46875,0.84375,0.15625,0.0,2.772588722239781,15.0,2.772588722239781,2.3978952727983707,2023-09-18,2023-10-02,3.909650924024641,0.0,0.0,0.0,2023-09-04,1.0,0.9836508387830537,0.4143375105604055
group:farc_bloc,FARC family,2023-09-18,2023-10-02,103,20.0,20.0,18.0,14.0,10.0,13.0,6.0,1.0,15.0,11.0,2.772588722239781,3.044522437723423,0.9,0.7,0.5,0.65,0.3,0.05,2.3978952727983707,10.0,3.1354942159291497,2.772588722239781,2023-10-02,2023-10-16,3.9479808350444903,0.0,0.0,0.0,2023-09-18,1.0,0.7318737560420813,0.45480146437623203
group:farc_bloc,FARC family,2023-10-02,2023-10-16,104,19.0,19.0,14.0,13.0,8.0,13.0,4.0,2.0,10.0,7.0,2.3978952727983707,2.995732273553991,0.7368421052631579,0.6842105263157895,0.4210526315789473,0.6842105263157895,0.2105263157894736,0.1052631578947368,1.9459101490553132,6.0,2.772588722239781,3.1354942159291497,2023-10-16,2023-10-30,3.98631074606434,0.0,0.0,0.0,2023-10-02,0.7663259475588851,0.7091570267722191,0.35257673894677544
group:farc_bloc,FARC family,2023-10-16,2023-10-30,105,17.0,17.0,14.0,7.0,7.0,5.0,11.0,1.0,6.0,3.0,1.9459101490553132,2.8903717578961645,0.8235294117647058,0.4117647058823529,0.4117647058823529,0.2941176470588235,0.6470588235294118,0.0588235294117647,1.9459101490553132,6.0,2.3978952727983707,2.772588722239781,2023-10-30,2023-11-13,4.024640657084189,0.0,0.0,0.0,2023-10-16,0.8983750798268644,0.31718209035106787,0.3405503006609571
group:farc_bloc,FARC family,2023-10-30,2023-11-13,106,2.0,2.0,2.0,1.0,1.0,1.0,1.0,0.0,6.0,4.0,1.9459101490553132,1.0986122886681098,1.0,0.5,0.5,0.5,0.5,0.0,2.0794415416798357,7.0,1.9459101490553132,2.3978952727983707,2023-11-13,2023-11-27,4.0629705681040384,0.0,0.0,0.0,2023-10-30,1.0,0.44412851862382713,0.45480146437623203
group:farc_bloc,FARC family,2023-11-13,2023-11-27,107,0.0,0.0,0.0,0.0,0.0,0.0,0.0,0.0,7.0,7.0,2.0794415416798357,0.0,,,,,,,2.4849066497880004,11.0,1.9459101490553132,1.9459101490553132,2023-11-27,2023-12-11,4.101300479123887,0.0,0.0,0.0,2023-11-13,,,
group:farc_bloc,FARC family,2023-11-27,2023-12-11,108,3.0,3.0,2.0,1.0,1.0,1.0,2.0,0.0,11.0,7.0,2.4849066497880004,1.3862943611198906,0.6666666666666666,0.3333333333333333,0.3333333333333333,0.3333333333333333,0.6666666666666666,0.0,1.0986122886681098,2.0,2.0794415416798357,1.9459101490553132,2023-12-11,2023-12-25,4.139630390143737,0.0,0.0,0.0,2023-11-27,0.6594290309609971,0.20434082077528193,0.23899371069182387
group:farc_bloc,FARC family,2023-12-11,2023-12-25,109,17.0,17.0,16.0,10.0,9.0,7.0,10.0,0.0,2.0,4.0,1.0986122886681098,2.8903717578961645,0.9411764705882352,0.5882352941176471,0.5294117647058824,0.4117647058823529,0.5882352941176471,0.0,1.3862943611198906,3.0,2.4849066497880004,2.0794415416798357,2023-12-25,2024-01-08,4.177960301163586,0.0,0.0,0.0,2023-12-11,1.0,0.5710749468965863,0.492885185614657
group:farc_bloc,FARC family,2023-12-25,2024-01-08,110,22.0,22.0,17.0,11.0,8.0,12.0,8.0,2.0,3.0,2.0,1.3862943611198906,3.1354942159291497,0.7727272727272727,0.5,0.3636363636363636,0.5454545454545454,0.3636363636363636,0.0909090909090909,1.6094379124341005,4.0,1.0986122886681098,2.4849066497880004,2024-01-08,2024-01-22,4.216290212183436,0.0,0.0,0.0,2023-12-25,0.8209891435464415,0.44412851862382713,0.27823148408898896
group:farc_bloc,FARC family,2024-01-08,2024-01-22,111,24.0,24.0,17.0,9.0,8.0,10.0,10.0,4.0,4.0,6.0,1.6094379124341005,3.218875824868201,0.7083333333333334,0.375,0.3333333333333333,0.4166666666666667,0.4166666666666667,0.1666666666666666,2.1972245773362196,8.0,1.3862943611198906,1.0986122886681098,2024-01-22,2024-02-05,4.254620123203286,0.0,0.0,0.0,2024-01-08,0.7228990751909932,0.26428774523741827,0.23899371069182387
group:farc_bloc,FARC family,2024-01-22,2024-02-05,112,10.0,10.0,5.0,3.0,3.0,4.0,6.0,0.0,8.0,6.0,2.1972245773362196,2.3978952727983707,0.5,0.3,0.3,0.4,0.6,0.0,2.1972245773362196,8.0,1.6094379124341005,1.3862943611198906,2024-02-05,2024-02-19,4.292950034223135,0.0,0.0,0.0,2024-01-22,0.4055488540410133,0.1563832812055729,0.19583215995494224
group:farc_bloc,FARC family,2024-02-05,2024-02-19,113,15.0,15.0,11.0,11.0,7.0,11.0,3.0,1.0,8.0,4.0,2.1972245773362196,2.772588722239781,0.7333333333333333,0.7333333333333333,0.4666666666666667,0.7333333333333333,0.2,0.0666666666666666,2.4849066497880004,11.0,2.1972245773362196,1.6094379124341005,2024-02-19,2024-03-04,4.331279945242985,0.0,0.0,0.0,2024-02-05,0.7609811017289907,0.7798312956117903,0.41163991363935043
group:farc_bloc,FARC family,2024-02-19,2024-03-04,114,9.0,9.0,8.0,6.0,3.0,4.0,2.0,3.0,11.0,7.0,2.4849066497880004,2.302585092994046,0.8888888888888888,0.6666666666666666,0.3333333333333333,0.4444444444444444,0.2222222222222222,0.3333333333333333,2.6390573296152584,13.0,2.1972245773362196,2.1972245773362196,2024-03-04,2024-03-18,4.369609856262834,0.0,0.0,0.0,2024-02-19,0.9979359335209756,0.6839162164723722,0.23899371069182387
group:farc_bloc,FARC family,2024-03-04,2024-03-18,115,21.0,21.0,16.0,13.0,5.0,12.0,7.0,2.0,13.0,13.0,2.6390573296152584,3.091042453358316,0.7619047619047619,0.6190476190476191,0.238095238095238,0.5714285714285714,0.3333333333333333,0.0952380952380952,2.6390573296152584,13.0,2.4849066497880004,2.1972245773362196,2024-03-18,2024-04-01,4.407939767282683,0.0,0.0,0.0,2024-03-04,0.8045034177724165,0.6154054456585023,0.1156749943007334
group:farc_bloc,FARC family,2024-03-18,2024-04-01,116,31.0,31.0,28.0,24.0,22.0,23.0,6.0,2.0,13.0,7.0,2.6390573296152584,3.4657359027997265,0.9032258064516128,0.7741935483870968,0.7096774193548387,0.7419354838709677,0.1935483870967742,0.064516129032258,2.9444389791664403,18.0,2.6390573296152584,2.4849066497880004,2024-04-01,2024-04-15,4.446269678302532,0.0,0.0,0.0,2024-03-18,1.0,0.8386179570198208,0.7263015415921005
group:farc_bloc,FARC family,2024-04-01,2024-04-15,117,30.0,30.0,27.0,21.0,12.0,18.0,11.0,1.0,18.0,7.0,2.9444389791664403,3.4339872044851463,0.9,0.7,0.4,0.6,0.3666666666666666,0.0333333333333333,2.995732273553991,19.0,2.6390573296152584,2.6390573296152584,2024-04-15,2024-04-29,4.484599589322382,0.0,0.0,0.0,2024-04-01,1.0,0.7318737560420813,0.32531681216558717
group:farc_bloc,FARC family,2024-04-15,2024-04-29,118,22.0,22.0,18.0,15.0,13.0,14.0,5.0,3.0,19.0,6.0,2.995732273553991,3.1354942159291497,0.8181818181818182,0.6818181818181818,0.5909090909090909,0.6363636363636364,0.2272727272727272,0.1363636363636363,2.6390573296152584,13.0,2.9444389791664403,2.6390573296152584,2024-04-29,2024-05-13,4.522929500342231,0.0,0.0,0.0,2024-04-15,0.8902291917973463,0.7057150980949672,0.5725147845677274
group:farc_bloc,FARC family,2024-04-29,2024-05-13,119,26.0,26.0,25.0,22.0,18.0,22.0,1.0,3.0,13.0,5.0,2.6390573296152584,3.295836866004329,0.9615384615384616,0.8461538461538461,0.6923076923076923,0.8461538461538461,0.0384615384615384,0.1153846153846153,2.3978952727983707,10.0,2.995732273553991,2.9444389791664403,2024-05-13,2024-05-27,4.561259411362081,0.0,0.0,0.0,2024-04-29,1.0,0.9421491218477286,0.7038104109351645
group:farc_bloc,FARC family,2024-05-13,2024-05-27,120,48.0,48.0,47.0,37.0,30.0,38.0,7.0,3.0,10.0,6.0,2.3978952727983707,3.8918202981106265,0.9791666666666666,0.7708333333333334,0.625,0.7916666666666666,0.1458333333333333,0.0625,2.70805020110221,14.0,2.6390573296152584,2.995732273553991,2024-05-27,2024-06-10,4.59958932238193,0.0,0.0,0.0,2024-05-13,1.0,0.8337835276277131,0.6166572796395381
group:farc_bloc,FARC family,2024-05-27,2024-06-10,121,20.0,20.0,15.0,12.0,7.0,14.0,4.0,2.0,14.0,10.0,2.70805020110221,3.044522437723423,0.75,0.6,0.35,0.7,0.2,0.1,2.4849066497880004,11.0,2.3978952727983707,2.6390573296152584,2024-06-10,2024-06-24,4.63791923340178,0.0,0.0,0.0,2024-05-27,0.7863691194209892,0.5880011373329542,0.2605744860602647
group:farc_bloc,FARC family,2024-06-10,2024-06-24,122,34.0,34.0,31.0,23.0,8.0,23.0,8.0,3.0,11.0,9.0,2.4849066497880004,3.5553480614894135,0.9117647058823528,0.6764705882352942,0.2352941176470588,0.6764705882352942,0.2352941176470588,0.088235294117647,1.6094379124341005,4.0,2.70805020110221,2.3978952727983707,2024-06-24,2024-07-08,4.676249144421629,0.0,0.0,0.0,2024-06-10,1.0,0.6980213751693456,0.11204797323040729
group:farc_bloc,FARC family,2024-06-24,2024-07-08,123,11.0,11.0,8.0,5.0,3.0,5.0,5.0,1.0,4.0,4.0,1.6094379124341005,2.4849066497880004,0.7272727272727273,0.4545454545454545,0.2727272727272727,0.4545454545454545,0.4545454545454545,0.0909090909090909,2.1972245773362196,8.0,2.4849066497880004,2.70805020110221,2024-07-08,2024-07-22,4.714579055441479,0.0,0.0,0.0,2024-06-24,0.7517490952955368,0.378731873756042,0.16051816389749363
group:farc_bloc,FARC family,2024-07-08,2024-07-22,124,27.0,27.0,26.0,20.0,2.0,19.0,7.0,1.0,8.0,5.0,2.1972245773362196,3.332204510175204,0.9629629629629628,0.7407407407407407,0.074074074074074,0.7037037037037037,0.2592592592592592,0.037037037037037,2.1972245773362196,8.0,1.6094379124341005,2.4849066497880004,2024-07-22,2024-08-05,4.7529089664613275,0.0,0.0,0.0,2024-07-08,1.0,0.7904885266272812,0.0
group:farc_bloc,FARC family,2024-07-22,2024-08-05,125,16.0,16.0,14.0,11.0,6.0,11.0,3.0,2.0,8.0,7.0,2.1972245773362196,2.833213344056216,0.875,0.6875,0.375,0.6875,0.1875,0.125,2.3978952727983707,10.0,2.1972245773362196,1.6094379124341005,2024-08-05,2024-08-19,4.791238877481177,0.0,0.0,0.0,2024-07-22,0.976779252110977,0.7138896787034404,0.2929456491129259
group:farc_bloc,FARC family,2024-08-05,2024-08-19,126,15.0,15.0,15.0,9.0,3.0,11.0,4.0,0.0,10.0,6.0,2.3978952727983707,2.772588722239781,1.0,0.6,0.2,0.7333333333333333,0.2666666666666666,0.0,2.70805020110221,14.0,2.1972245773362196,2.1972245773362196,2024-08-19,2024-09-02,4.829568788501026,0.0,0.0,0.0,2024-08-05,1.0,0.5880011373329542,0.06634750774429739
group:farc_bloc,FARC family,2024-08-19,2024-09-02,127,8.0,8.0,8.0,6.0,4.0,7.0,0.0,1.0,14.0,10.0,2.70805020110221,2.1972245773362196,1.0,0.75,0.5,0.875,0.0,0.125,2.9444389791664403,18.0,2.3978952727983707,2.1972245773362196,2024-09-02,2024-09-16,4.867898699520876,0.0,0.0,0.0,2024-08-19,1.0,0.8038100653966449,0.45480146437623203
group:farc_bloc,FARC family,2024-09-02,2024-09-16,128,5.0,5.0,4.0,3.0,3.0,4.0,1.0,0.0,18.0,4.0,2.9444389791664403,1.791759469228055,0.8,0.6,0.6,0.8,0.2,0.0,1.0986122886681098,2.0,2.70805020110221,2.3978952727983707,2024-09-16,2024-09-30,4.906228610540725,0.0,0.0,0.0,2024-09-02,0.8625331724969844,0.5880011373329542,0.5842861165868769
group:farc_bloc,FARC family,2024-09-16,2024-09-30,129,12.0,12.0,11.0,7.0,4.0,6.0,6.0,0.0,2.0,2.0,1.0986122886681098,2.5649493574615367,0.9166666666666666,0.5833333333333334,0.3333333333333333,0.5,0.5,0.0,2.5649493574615367,12.0,2.9444389791664403,2.70805020110221,2024-09-30,2024-10-14,4.944558521560575,0.0,0.0,0.0,2024-09-16,1.0,0.5640223675480998,0.23899371069182387
group:farc_bloc,FARC family,2024-09-30,2024-10-14,130,26.0,26.0,25.0,22.0,11.0,21.0,3.0,2.0,12.0,6.0,2.5649493574615367,3.295836866004329,0.9615384615384616,0.8461538461538461,0.4230769230769231,0.8076923076923077,0.1153846153846153,0.0769230769230769,2.833213344056216,16.0,1.0986122886681098,2.9444389791664403,2024-10-14,2024-10-28,4.982888432580425,0.0,0.0,0.0,2024-09-30,1.0,0.9421491218477286,0.35519788575265904
group:farc_bloc,FARC family,2024-10-14,2024-10-28,131,16.0,16.0,15.0,13.0,4.0,11.0,3.0,2.0,16.0,7.0,2.833213344056216,2.833213344056216,0.9375,0.8125,0.25,0.6875,0.1875,0.125,3.258096538021482,25.0,2.5649493574615367,1.0986122886681098,2024-10-28,2024-11-11,5.021218343600274,0.0,0.0,0.0,2024-10-14,1.0,0.8937304520898494,0.1310898338496198
group:farc_bloc,FARC family,2024-10-28,2024-11-11,132,4.0,4.0,3.0,3.0,2.0,3.0,1.0,0.0,25.0,16.0,3.258096538021482,1.6094379124341005,0.75,0.75,0.5,0.75,0.25,0.0,2.6390573296152584,13.0,2.833213344056216,2.5649493574615367,2024-11-11,2024-11-25,5.059548254620124,0.0,0.0,0.0,2024-10-28,0.7863691194209892,0.8038100653966449,0.45480146437623203
group:farc_bloc,FARC family,2024-11-11,2024-11-25,133,6.0,6.0,3.0,1.0,1.0,1.0,4.0,1.0,13.0,7.0,2.6390573296152584,1.9459101490553132,0.5,0.1666666666666666,0.1666666666666666,0.1666666666666666,0.6666666666666666,0.1666666666666666,2.70805020110221,14.0,3.258096538021482,2.833213344056216,2024-11-25,2024-12-09,5.0978781656399725,0.0,0.0,0.0,2024-11-11,0.4055488540410133,0.0,0.023185957007415662
group:farc_bloc,FARC family,2024-11-25,2024-12-09,134,9.0,9.0,8.0,7.0,6.0,6.0,3.0,0.0,14.0,5.0,2.70805020110221,2.302585092994046,0.8888888888888888,0.7777777777777778,0.6666666666666666,0.6666666666666666,0.3333333333333333,0.0,2.302585092994046,9.0,2.6390573296152584,3.258096538021482,2024-12-09,2024-12-23,5.136208076659822,0.0,0.0,0.0,2024-11-25,0.9979359335209756,0.8437746817047358,0.67060921806064
group:farc_bloc,FARC family,2024-12-09,2024-12-23,135,11.0,11.0,6.0,4.0,4.0,4.0,6.0,1.0,9.0,5.0,2.302585092994046,2.4849066497880004,0.5454545454545454,0.3636363636363636,0.3636363636363636,0.3636363636363636,0.5454545454545454,0.0909090909090909,2.9444389791664403,18.0,2.70805020110221,2.6390573296152584,2024-12-23,2025-01-06,5.174537987679671,0.0,0.0,0.0,2024-12-09,0.47478890229191795,0.24793858402047192,0.27823148408898896
group:farc_bloc,FARC family,2024-12-23,2025-01-06,136,6.0,6.0,6.0,5.0,4.0,5.0,1.0,0.0,18.0,12.0,2.9444389791664403,1.9459101490553132,1.0,0.8333333333333334,0.6666666666666666,0.8333333333333334,0.1666666666666666,0.0,2.3978952727983707,10.0,2.302585092994046,2.70805020110221,2025-01-06,2025-01-20,5.212867898699521,0.0,0.0,0.0,2024-12-23,1.0,0.9237039143209175,0.67060921806064
group:farc_bloc,FARC family,2025-01-06,2025-01-20,137,44.0,44.0,43.0,36.0,31.0,35.0,8.0,1.0,10.0,4.0,2.3978952727983707,3.80666248977032,0.9772727272727272,0.8181818181818182,0.7045454545454546,0.7954545454545454,0.1818181818181818,0.0227272727272727,3.828641396489095,45.0,2.9444389791664403,2.302585092994046,2025-01-20,2025-02-03,5.25119780971937,0.0,0.0,0.0,2025-01-06,1.0,0.9019050326983226,0.7196564348070967
group:farc_bloc,FARC family,2025-01-20,2025-02-03,138,79.0,79.0,74.0,45.0,39.0,47.0,28.0,4.0,45.0,15.0,3.828641396489095,4.382026634673881,0.9367088607594936,0.569620253164557,0.4936708860759494,0.5949367088607594,0.3544303797468354,0.050632911392405,1.3862943611198906,3.0,2.3978952727983707,2.9444389791664403,2025-02-03,2025-02-17,5.28952772073922,0.0,0.0,0.0,2025-01-20,1.0,0.5442930000035993,0.4466062332236596
group:farc_bloc,FARC family,2025-02-03,2025-02-17,139,34.0,34.0,28.0,25.0,20.0,23.0,8.0,3.0,3.0,2.0,1.3862943611198906,3.5553480614894135,0.8235294117647058,0.7352941176470589,0.5882352941176471,0.6764705882352942,0.2352941176470588,0.088235294117647,2.1972245773362196,8.0,3.828641396489095,2.3978952727983707,2025-02-17,2025-03-03,5.327857631759069,0.0,0.0,0.0,2025-02-03,0.8983750798268644,0.7826523273511851,0.5690526280915069
group:farc_bloc,FARC family,2025-02-17,2025-03-03,140,27.0,27.0,24.0,20.0,11.0,20.0,4.0,3.0,8.0,6.0,2.1972245773362196,3.332204510175204,0.8888888888888888,0.7407407407407407,0.4074074074074074,0.7407407407407407,0.1481481481481481,0.1111111111111111,3.1780538303479458,23.0,1.3862943611198906,3.828641396489095,2025-03-03,2025-03-17,5.366187542778919,0.0,0.0,0.0,2025-02-17,0.9979359335209756,0.7904885266272812,0.33490826788489414
group:farc_bloc,FARC family,2025-03-03,2025-03-17,141,29.0,29.0,26.0,24.0,19.0,24.0,3.0,2.0,23.0,14.0,3.1780538303479458,3.4011973816621555,0.896551724137931,0.8275862068965517,0.6551724137931034,0.8275862068965517,0.1034482758620689,0.0689655172413793,2.3978952727983707,10.0,2.1972245773362196,1.3862943611198906,2025-03-17,2025-03-31,5.404517453798768,0.0,0.0,0.0,2025-03-03,1.0,0.9154353730157953,0.6557259247030948
group:farc_bloc,FARC family,2025-03-17,2025-03-31,142,23.0,23.0,19.0,16.0,12.0,17.0,2.0,4.0,10.0,8.0,2.3978952727983707,3.1780538303479458,0.8260869565217391,0.6956521739130435,0.5217391304347826,0.7391304347826086,0.0869565217391304,0.1739130434782608,3.4339872044851463,30.0,3.1780538303479458,2.1972245773362196,2025-03-31,2025-04-14,5.4428473648186175,0.0,0.0,0.0,2025-03-17,0.9022709393192426,0.7256184247938584,0.4829503018133287
group:farc_bloc,FARC family,2025-03-31,2025-04-14,143,19.0,19.0,14.0,10.0,5.0,10.0,5.0,4.0,30.0,8.0,3.4339872044851463,2.995732273553991,0.7368421052631579,0.5263157894736842,0.2631578947368421,0.5263157894736842,0.2631578947368421,0.2105263157894736,2.70805020110221,14.0,2.3978952727983707,3.1780538303479458,2025-04-14,2025-04-28,5.4811772758384665,0.0,0.0,0.0,2025-03-31,0.7663259475588851,0.48198973407359735,0.14812728808786255
group:farc_bloc,FARC family,2025-04-14,2025-04-28,144,32.0,32.0,30.0,22.0,18.0,23.0,7.0,2.0,14.0,10.0,2.70805020110221,3.49650756146648,0.9375,0.6875,0.5625,0.71875,0.21875,0.0625,2.833213344056216,16.0,3.4339872044851463,2.3978952727983707,2025-04-28,2025-05-12,5.519507186858316,0.0,0.0,0.0,2025-04-14,1.0,0.7138896787034404,0.5357293720078851
group:farc_bloc,FARC family,2025-04-28,2025-05-12,145,39.0,39.0,33.0,30.0,26.0,28.0,9.0,2.0,16.0,7.0,2.833213344056216,3.688879454113936,0.8461538461538461,0.7692307692307693,0.6666666666666666,0.717948717948718,0.2307692307692307,0.0512820512820512,2.772588722239781,15.0,2.70805020110221,3.4339872044851463,2025-05-12,2025-05-26,5.557837097878165,0.0,0.0,0.0,2025-04-28,0.9328384522594414,0.8314778766868617,0.67060921806064
group:farc_bloc,FARC family,2025-05-12,2025-05-26,146,26.0,26.0,24.0,23.0,18.0,20.0,3.0,3.0,15.0,7.0,2.772588722239781,3.295836866004329,0.9230769230769232,0.8846153846153846,0.6923076923076923,0.7692307692307693,0.1153846153846153,0.1153846153846153,1.9459101490553132,6.0,2.833213344056216,2.70805020110221,2025-05-26,2025-06-09,5.596167008898015,0.0,0.0,0.0,2025-05-12,1.0,0.997484744428162,0.7038104109351645
group:farc_bloc,FARC family,2025-05-26,2025-06-09,147,7.0,7.0,6.0,3.0,1.0,5.0,1.0,1.0,6.0,6.0,1.9459101490553132,2.0794415416798357,0.8571428571428571,0.4285714285714285,0.1428571428571428,0.7142857142857143,0.1428571428571428,0.1428571428571428,2.772588722239781,15.0,2.772588722239781,2.833213344056216,2025-06-09,2025-06-23,5.634496919917864,0.0,0.0,0.0,2025-05-26,0.9495778045838359,0.3413623624030219,0.0
group:farc_bloc,FARC family,2025-06-09,2025-06-23,148,18.0,18.0,12.0,8.0,7.0,8.0,9.0,1.0,15.0,7.0,2.772588722239781,2.9444389791664403,0.6666666666666666,0.4444444444444444,0.3888888888888889,0.4444444444444444,0.5,0.0555555555555555,1.9459101490553132,6.0,1.9459101490553132,2.772588722239781,2025-06-23,2025-07-07,5.672826830937714,0.0,0.0,0.0,2025-06-09,0.6594290309609971,0.3641992860076454,0.3109296285866266
group:farc_bloc,FARC family,2025-06-23,2025-07-07,149,6.0,6.0,5.0,4.0,4.0,4.0,2.0,0.0,6.0,3.0,1.9459101490553132,1.9459101490553132,0.8333333333333334,0.6666666666666666,0.6666666666666666,0.6666666666666666,0.3333333333333333,0.0,2.4849066497880004,11.0,2.772588722239781,1.9459101490553132,2025-07-07,2025-07-21,5.711156741957564,0.0,0.0,0.0,2025-06-23,0.9133092078809811,0.6839162164723722,0.67060921806064
group:farc_bloc,FARC family,2025-07-07,2025-07-21,150,23.0,23.0,18.0,8.0,6.0,5.0,15.0,3.0,11.0,11.0,2.4849066497880004,3.1780538303479458,0.782608695652174,0.3478260869565217,0.2608695652173913,0.217391304347826,0.6521739130434783,0.1304347826086956,1.9459101490553132,6.0,1.9459101490553132,2.772588722239781,2025-07-21,2025-08-04,5.749486652977413,0.0,0.0,0.0,2025-07-07,0.8360413279488121,0.2251919249360249,0.14516425256816817
group:farc_bloc,FARC family,2025-07-21,2025-08-04,151,26.0,26.0,16.0,8.0,6.0,12.0,13.0,1.0,6.0,3.0,1.9459101490553132,3.295836866004329,0.6153846153846154,0.3076923076923077,0.2307692307692307,0.4615384615384615,0.5,0.0384615384615384,2.3978952727983707,10.0,2.4849066497880004,1.9459101490553132,2025-08-04,2025-08-18,5.7878165639972625,0.0,0.0,0.0,2025-07-21,0.5813120534471561,0.16745040572165965,0.10618893919372648
group:farc_bloc,FARC family,2025-08-04,2025-08-18,152,43.0,43.0,39.0,30.0,16.0,28.0,13.0,2.0,10.0,7.0,2.3978952727983707,3.784189633918261,0.9069767441860463,0.6976744186046512,0.3720930232558139,0.6511627906976745,0.3023255813953488,0.0465116279069767,3.295836866004329,26.0,1.9459101490553132,2.4849066497880004,2025-08-18,2025-09-01,5.8261464750171115,0.0,0.0,0.0,2025-08-04,1.0,0.7285278811883807,0.2891815603858722
group:farc_bloc,FARC family,2025-08-18,2025-09-01,153,33.0,33.0,31.0,25.0,25.0,25.0,5.0,3.0,26.0,9.0,3.295836866004329,3.5263605246161616,0.9393939393939394,0.7575757575757576,0.7575757575757576,0.7575757575757576,0.1515151515151515,0.0909090909090909,2.3978952727983707,10.0,2.3978952727983707,1.9459101490553132,2025-09-01,2025-09-15,5.864476386036961,0.0,0.0,0.0,2025-08-18,1.0,0.8147095062079424,0.7883225382521356
group:farc_bloc,FARC family,2025-09-01,2025-09-15,154,29.0,29.0,28.0,18.0,12.0,18.0,9.0,2.0,10.0,5.0,2.3978952727983707,3.4011973816621555,0.9655172413793104,0.6206896551724138,0.4137931034482758,0.6206896551724138,0.3103448275862069,0.0689655172413793,1.9459101490553132,6.0,3.295836866004329,2.3978952727983707,2025-09-15,2025-09-29,5.90280629705681,0.0,0.0,0.0,2025-09-01,1.0,0.6177678860313943,0.34317676419464155
group:farc_bloc,FARC family,2025-09-15,2025-09-29,155,17.0,17.0,13.0,6.0,6.0,7.0,8.0,2.0,6.0,4.0,1.9459101490553132,2.8903717578961645,0.7647058823529411,0.3529411764705882,0.3529411764705882,0.4117647058823529,0.4705882352941176,0.1176470588235294,1.0986122886681098,2.0,2.3978952727983707,3.295836866004329,2025-09-29,2025-10-13,5.94113620807666,0.0,0.0,0.0,2025-09-15,0.8087703115021642,0.2325511381692284,0.2643828581841072
group:farc_bloc,FARC family,2025-09-29,2025-10-13,156,14.0,14.0,11.0,10.0,3.0,9.0,4.0,1.0,2.0,2.0,1.0986122886681098,2.70805020110221,0.7857142857142857,0.7142857142857143,0.2142857142857142,0.6428571428571429,0.2857142857142857,0.0714285714285714,1.0986122886681098,2.0,1.9459101490553132,2.3978952727983707,2025-10-13,2025-10-27,5.979466119096509,0.0,0.0,0.0,2025-09-29,0.8407720144752714,0.7524269872862424,0.0848453152029608
group:farc_bloc,FARC family,2025-10-13,2025-10-27,157,16.0,16.0,14.0,8.0,3.0,8.0,8.0,0.0,2.0,2.0,1.0986122886681098,2.833213344056216,0.875,0.5,0.1875,0.5,0.5,0.0,2.1972245773362196,8.0,1.0986122886681098,1.9459101490553132,2025-10-27,2025-11-10,6.017796030116359,0.0,0.0,0.0,2025-10-13,0.976779252110977,0.44412851862382713,0.050161926217966765
group:farc_bloc,FARC family,2025-10-27,2025-11-10,158,16.0,16.0,11.0,10.0,9.0,10.0,5.0,1.0,8.0,4.0,2.1972245773362196,2.833213344056216,0.6875,0.625,0.5625,0.625,0.3125,0.0625,3.4011973816621555,29.0,1.0986122886681098,1.0986122886681098,2025-11-10,2025-11-24,6.056125941136208,0.0,0.0,0.0,2025-10-27,0.6911640530759952,0.623969292010236,0.5357293720078851
group:farc_bloc,FARC family,2025-11-10,2025-11-24,159,56.0,56.0,52.0,40.0,28.0,38.0,15.0,3.0,29.0,4.0,3.4011973816621555,4.04305126783455,0.9285714285714286,0.7142857142857143,0.5,0.6785714285714286,0.2678571428571428,0.0535714285714285,0.0,0.0,2.1972245773362196,1.0986122886681098,2025-11-24,2025-12-08,6.094455852156058,0.0,0.0,0.0,2025-11-10,1.0,0.7524269872862424,0.45480146437623203
group:farc_bloc,FARC family,2025-11-24,2025-12-08,160,9.0,9.0,7.0,7.0,5.0,7.0,2.0,0.0,0.0,0.0,0.0,2.302585092994046,0.7777777777777778,0.7777777777777778,0.5555555555555556,0.7777777777777778,0.2222222222222222,0.0,2.0794415416798357,7.0,3.4011973816621555,2.1972245773362196,2025-12-08,2025-12-22,6.132785763175907,0.0,0.0,0.0,2025-11-24,0.8286824822409865,0.8437746817047358,0.5267373822710347
group:farc_bloc,FARC family,2025-12-08,2025-12-22,161,13.0,13.0,13.0,12.0,7.0,12.0,1.0,0.0,7.0,4.0,2.0794415416798357,2.6390573296152584,1.0,0.9230769230769232,0.5384615384615384,0.9230769230769232,0.0769230769230769,0.0,,,0.0,3.4011973816621555,,,6.1711156741957565,0.0,0.0,0.0,2025-12-08,1.0,1.0,0.5046032536880185
