model_id,actor_key,actor_name,period_start,observed,fitted,residual
controls_only,209,Hamas,2020-01-13,0.0,0.895009857643787,-0.895009857643787
controls_only,209,Hamas,2020-01-27,0.0,0.3728658725783717,-0.3728658725783717
controls_only,209,Hamas,2020-02-10,0.0,0.2875621149204544,-0.2875621149204544
controls_only,209,Hamas,2020-02-24,0.0,0.3184250696921427,-0.3184250696921427
controls_only,209,Hamas,2020-03-23,0.0,0.3309888663103684,-0.3309888663103684
controls_only,209,Hamas,2020-05-04,0.0,0.3412530182489888,-0.3412530182489888
controls_only,209,Hamas,2020-06-15,0.0,0.27628001169511257,-0.27628001169511257
controls_only,209,Hamas,2020-06-29,0.0,0.2701361290301686,-0.2701361290301686
controls_only,209,Hamas,2020-07-27,0.0,0.28017000711468354,-0.28017000711468354
controls_only,209,Hamas,2020-08-10,0.0,0.19763962415479608,-0.19763962415479608
controls_only,209,Hamas,2020-08-24,0.0,0.2398676747535194,-0.2398676747535194
controls_only,209,Hamas,2020-09-07,0.0,0.2567058201833936,-0.2567058201833936
controls_only,209,Hamas,2020-10-19,0.0,0.30838720833681454,-0.30838720833681454
controls_only,209,Hamas,2020-11-02,0.0,0.3143517726285924,-0.3143517726285924
controls_only,209,Hamas,2020-11-16,0.0,0.2680848759756504,-0.2680848759756504
controls_only,209,Hamas,2020-12-14,0.0,0.26649694713121774,-0.26649694713121774
controls_only,209,Hamas,2020-12-28,0.0,0.28410053200834173,-0.28410053200834173
controls_only,209,Hamas,2021-01-11,0.0,0.2549746612020641,-0.2549746612020641
controls_only,209,Hamas,2021-01-25,0.0,0.2910617261949637,-0.2910617261949637
controls_only,209,Hamas,2021-02-08,0.0,0.2877060742653019,-0.2877060742653019
controls_only,209,Hamas,2021-02-22,0.0,0.2984101694341113,-0.2984101694341113
controls_only,209,Hamas,2021-03-08,0.0,0.27964177585607053,-0.27964177585607053
controls_only,209,Hamas,2021-03-22,0.0,0.2793896929967904,-0.2793896929967904
controls_only,209,Hamas,2021-04-05,0.0,0.24886438237163971,-0.24886438237163971
controls_only,209,Hamas,2021-04-19,5.308267697401205,0.2089243014392616,5.099343395961943
controls_only,209,Hamas,2021-05-03,3.091042453358316,2.4254149373034135,0.6656275160549026
controls_only,209,Hamas,2021-05-17,0.0,1.919839046370558,-1.919839046370558
controls_only,209,Hamas,2021-05-31,0.0,0.47386324526523893,-0.47386324526523893
controls_only,209,Hamas,2021-06-14,0.0,0.17525667775323106,-0.17525667775323106
controls_only,209,Hamas,2021-06-28,0.0,0.19586954235451104,-0.19586954235451104
controls_only,209,Hamas,2021-07-12,0.0,0.22388806635613356,-0.22388806635613356
controls_only,209,Hamas,2021-07-26,1.791759469228055,0.2289856166676979,1.562773852560357
controls_only,209,Hamas,2021-08-23,0.0,0.4156655699104155,-0.4156655699104155
controls_only,209,Hamas,2021-09-06,1.3862943611198906,0.19850334309348167,1.1877910180264089
controls_only,209,Hamas,2021-09-20,0.0,0.787476911924843,-0.787476911924843
controls_only,209,Hamas,2021-10-04,0.0,0.3586268464206516,-0.3586268464206516
controls_only,209,Hamas,2021-10-18,0.0,0.23796282654871975,-0.23796282654871975
controls_only,209,Hamas,2021-11-01,1.0986122886681098,0.2294569126657237,0.869155376002386
controls_only,209,Hamas,2021-11-15,0.0,0.6697059649022463,-0.6697059649022463
controls_only,209,Hamas,2021-11-29,0.0,0.293714629078901,-0.293714629078901
controls_only,209,Hamas,2021-12-13,0.6931471805599453,0.20265805052869562,0.49048913003124966
controls_only,209,Hamas,2021-12-27,1.0986122886681098,0.4800444667585608,0.618567821909549
controls_only,209,Hamas,2022-01-10,0.0,0.7683469180286604,-0.7683469180286604
controls_only,209,Hamas,2022-01-24,0.0,0.34185311455506207,-0.34185311455506207
controls_only,209,Hamas,2022-02-07,0.0,0.21398652571534404,-0.21398652571534404
controls_only,209,Hamas,2022-02-21,0.0,0.2552189258917318,-0.2552189258917318
controls_only,209,Hamas,2022-03-07,0.0,0.25777135226753867,-0.25777135226753867
controls_only,209,Hamas,2022-03-21,0.0,0.22325502723162904,-0.22325502723162904
controls_only,209,Hamas,2022-04-04,0.6931471805599453,0.19767999192465407,0.4954671886352912
controls_only,209,Hamas,2022-04-18,0.0,0.4703896910151204,-0.4703896910151204
controls_only,209,Hamas,2022-05-02,0.0,0.23812026894024457,-0.23812026894024457
controls_only,209,Hamas,2022-05-16,0.0,0.20152127437119222,-0.20152127437119222
controls_only,209,Hamas,2022-05-30,0.0,0.21975008114764055,-0.21975008114764055
controls_only,209,Hamas,2022-06-13,0.0,0.18286677418049102,-0.18286677418049102
controls_only,209,Hamas,2022-06-27,0.0,0.22509482477921433,-0.22509482477921433
controls_only,209,Hamas,2022-07-11,0.0,0.18470321393478845,-0.18470321393478845
controls_only,209,Hamas,2022-07-25,0.0,0.16477303584620873,-0.16477303584620873
controls_only,209,Hamas,2022-08-08,0.0,0.17377861475058803,-0.17377861475058803
controls_only,209,Hamas,2022-08-22,0.6931471805599453,0.22862449611803398,0.4645226844419113
controls_only,209,Hamas,2022-09-05,0.0,0.5478397888700236,-0.5478397888700236
controls_only,209,Hamas,2022-09-19,1.3862943611198906,0.2681706282770305,1.1181237328428602
controls_only,209,Hamas,2022-10-03,1.0986122886681098,0.8066452492119491,0.29196703945616065
controls_only,209,Hamas,2022-10-17,0.0,0.8166167848602528,-0.8166167848602528
controls_only,209,Hamas,2022-10-31,1.0986122886681098,0.32124878563985304,0.7773635030282567
controls_only,209,Hamas,2022-11-14,0.0,0.7122217682283412,-0.7122217682283412
controls_only,209,Hamas,2022-11-28,0.6931471805599453,0.26300972618818785,0.43013745437175743
controls_only,209,Hamas,2022-12-12,1.3862943611198906,0.5484477996911334,0.8378465614287571
controls_only,209,Hamas,2022-12-26,0.0,0.8498980094515558,-0.8498980094515558
controls_only,209,Hamas,2023-01-09,0.6931471805599453,0.3030823708543575,0.39006480970558777
controls_only,209,Hamas,2023-01-23,1.791759469228055,0.43985842843609513,1.3519010407919598
controls_only,209,Hamas,2023-02-06,1.0986122886681098,0.9880720147449857,0.11054027392312404
controls_only,209,Hamas,2023-02-20,2.302585092994046,0.7958452283014175,1.5067398646926284
controls_only,209,Hamas,2023-03-06,0.0,1.2666171432283773,-1.2666171432283773
controls_only,209,Hamas,2023-03-20,0.0,0.3697931339001539,-0.3697931339001539
controls_only,209,Hamas,2023-04-03,0.0,0.06790173136114525,-0.06790173136114525
controls_only,209,Hamas,2023-04-17,1.9459101490553132,0.1346793554426356,1.8112307936126777
controls_only,209,Hamas,2023-05-01,0.0,0.9372366404847005,-0.9372366404847005
controls_only,209,Hamas,2023-05-15,0.0,0.28777957996010833,-0.28777957996010833
controls_only,209,Hamas,2023-05-29,1.791759469228055,0.16248952156125362,1.6292699476668013
controls_only,209,Hamas,2023-06-12,1.0986122886681098,0.9182104651510224,0.18040182351708733
controls_only,209,Hamas,2023-06-26,0.0,0.744819102635139,-0.744819102635139
controls_only,209,Hamas,2023-07-10,1.6094379124341005,0.2541360995999562,1.3553018128341443
controls_only,209,Hamas,2023-07-24,0.0,0.8491949986445234,-0.8491949986445234
controls_only,209,Hamas,2023-08-07,0.0,0.28402216889916754,-0.28402216889916754
controls_only,209,Hamas,2023-08-21,0.0,0.15055769193594337,-0.15055769193594337
controls_only,209,Hamas,2023-09-04,2.0794415416798357,0.11789678644529566,1.9615447552345402
controls_only,209,Hamas,2023-09-18,8.670772279344538,4.022467637524329,4.648304641820209
controls_only,209,Hamas,2023-10-02,8.45638105201948,6.909615178007126,1.5467658740123547
controls_only,209,Hamas,2023-10-16,8.645586406184636,7.430715811419098,1.2148705947655376
controls_only,209,Hamas,2023-10-30,7.5411524551363085,7.645731302269626,-0.10457884713331733
controls_only,209,Hamas,2023-11-13,8.763740720509464,7.369227399321652,1.3945133211878122
controls_only,209,Hamas,2023-11-27,7.596894438144544,7.5694657477738545,0.02742869037068907
controls_only,209,Hamas,2023-12-11,7.839131648274333,7.152660515901612,0.6864711323727208
controls_only,209,Hamas,2023-12-25,6.423246963533519,7.157694215034898,-0.7344472515013782
controls_only,209,Hamas,2024-01-08,7.348587530927593,6.5567551202909495,0.7918324106366432
controls_only,209,Hamas,2024-01-22,6.618738983517219,6.842999280571753,-0.22426029705453399
controls_only,209,Hamas,2024-02-05,7.405495663199472,6.599646132069292,0.8058495311301801
controls_only,209,Hamas,2024-02-19,6.532334292222349,6.898338451706946,-0.3660041594845973
controls_only,209,Hamas,2024-03-04,6.499787040655854,6.568273864122581,-0.06848682346672685
controls_only,209,Hamas,2024-03-18,6.639875833826536,6.48318703802909,0.15668879579744566
controls_only,209,Hamas,2024-04-01,5.777652323222656,6.5252046278509255,-0.747552304628269
controls_only,209,Hamas,2024-04-15,6.513230110912307,6.169465201838246,0.34376490907406065
controls_only,209,Hamas,2024-04-29,6.504288173536645,6.39627059637996,0.10801757715668536
controls_only,209,Hamas,2024-05-13,6.922643891475888,6.456635527559561,0.46600836391632683
controls_only,209,Hamas,2024-05-27,6.068425588244111,6.6433782653581375,-0.5749526771140268
controls_only,209,Hamas,2024-06-10,6.78332520060396,6.322392187055581,0.4609330135483791
controls_only,209,Hamas,2024-06-24,6.580639137284949,6.575332313918832,0.005306823366117541
controls_only,209,Hamas,2024-07-08,6.698268054115413,6.535438878849325,0.1628291752660882
controls_only,209,Hamas,2024-07-22,6.184148890937483,6.523359327856301,-0.339210436918818
controls_only,209,Hamas,2024-08-05,6.434546518787453,6.316184443763486,0.1183620750239669
controls_only,209,Hamas,2024-08-19,6.056784013228625,6.407529938043719,-0.3507459248150946
controls_only,209,Hamas,2024-09-02,6.028278520230698,6.255012304462234,-0.226733784231536
controls_only,209,Hamas,2024-09-16,6.961296045910167,6.212483601518862,0.7488124443913051
controls_only,209,Hamas,2024-09-30,6.601230118728877,6.573029105029967,0.028201013698909705
controls_only,209,Hamas,2024-10-14,6.725033642166843,6.519923488180337,0.20511015398650567
controls_only,209,Hamas,2024-10-28,6.419994928147142,6.592955170988899,-0.17296024284175715
controls_only,209,Hamas,2024-11-11,6.42648845745769,6.475285756346548,-0.0487972988888572
controls_only,209,Hamas,2024-11-25,6.391917113392602,6.446153199312022,-0.05423608591941953
controls_only,209,Hamas,2024-12-09,6.406879986069314,6.441021992510162,-0.03414200644084797
controls_only,209,Hamas,2024-12-23,6.366470447731438,6.421273480669161,-0.054803032937722485
controls_only,209,Hamas,2025-01-06,3.828641396489095,6.392449535681298,-2.5638081391922025
controls_only,209,Hamas,2025-01-20,3.1780538303479458,5.264135958549204,-2.0860821282012583
controls_only,209,Hamas,2025-02-03,3.258096538021482,4.747665894927637,-1.4895693569061552
controls_only,209,Hamas,2025-02-17,4.532599493153256,4.701945332645069,-0.1693458394918128
controls_only,209,Hamas,2025-03-03,6.79794041297493,5.290210259329303,1.5077301536456273
controls_only,209,Hamas,2025-03-17,6.421622267806518,6.370218534034381,0.05140373377213692
controls_only,209,Hamas,2025-03-31,6.3818160174060985,6.446504155389963,-0.06468813798386464
controls_only,209,Hamas,2025-04-14,6.429719478039138,6.421988502914326,0.007730975124811579
controls_only,209,Hamas,2025-04-28,7.142036574706803,6.432226723299193,0.7098098514076101
controls_only,209,Hamas,2025-05-12,6.654152520183219,6.73614675166959,-0.0819942314863713
controls_only,209,Hamas,2025-05-26,6.698268054115413,6.579356733340521,0.11891132077489175
controls_only,209,Hamas,2025-06-09,7.094234845924755,6.606637927320893,0.48759691860386223
controls_only,209,Hamas,2025-06-23,7.052721049232323,6.813610819135148,0.23911023009717525
controls_only,209,Hamas,2025-07-07,6.7650389767805414,6.769485523844228,-0.004446547063686523
controls_only,209,Hamas,2025-07-21,6.539585955617669,6.6372224824657025,-0.09763652684803326
controls_only,209,Hamas,2025-08-04,6.670766320845874,6.500490138282101,0.17027618256377242
controls_only,209,Hamas,2025-08-18,6.866933284461882,6.530548743274226,0.33638454118765626
controls_only,209,Hamas,2025-09-01,6.872128101338986,6.588999728255612,0.28312837308337446
controls_only,209,Hamas,2025-09-15,6.270988431858299,6.629119560230828,-0.3581311283725288
controls_only,209,Hamas,2025-09-29,4.48863636973214,6.344808708488392,-1.8561723387562523
controls_only,209,Hamas,2025-10-13,4.844187086458591,5.490979976531648,-0.6467928900730566
controls_only,209,Hamas,2025-10-27,4.394449154672439,5.521642656501658,-1.1271935018292192
controls_only,209,Hamas,2025-11-10,3.688879454113936,5.359831165874779,-1.6709517117608428
controls_only,209,Hamas,2025-11-24,3.49650756146648,5.009936731904553,-1.513429170438073
controls_only,303,Taliban,2020-01-13,6.926577033222725,6.819592307233712,0.10698472598901265
controls_only,303,Taliban,2020-01-27,6.111467339502679,6.925543680975432,-0.8140763414727532
controls_only,303,Taliban,2020-02-10,7.549082710812286,6.612531396000559,0.9365513148117266
controls_only,303,Taliban,2020-02-24,6.104793232414985,7.135863214350116,-1.031069981935131
controls_only,303,Taliban,2020-03-09,6.169610732491456,6.676280512118883,-0.5066697796274262
controls_only,303,Taliban,2020-03-23,6.0867747269123065,6.583193993046738,-0.4964192661344313
controls_only,303,Taliban,2020-04-06,6.272877006546167,6.549587910716525,-0.2767109041703577
controls_only,303,Taliban,2020-04-20,6.473890696352274,6.602793283378949,-0.12890258702667445
controls_only,303,Taliban,2020-05-04,5.916202062607435,6.700517923682671,-0.7843158610752363
controls_only,303,Taliban,2020-05-18,6.049733455231958,6.46419581100068,-0.41446235576872237
controls_only,303,Taliban,2020-06-01,6.775366090936392,6.513119115885059,0.2622469750513323
controls_only,303,Taliban,2020-06-15,6.455198563340122,6.8106650862395,-0.35546652289937786
controls_only,303,Taliban,2020-06-29,6.9167150203536085,6.715452943562063,0.2012620767915454
controls_only,303,Taliban,2020-07-13,5.5053315359323625,6.89033820799758,-1.3850066720652174
controls_only,303,Taliban,2020-07-27,6.646390514847729,6.344471042187762,0.301919472659967
controls_only,303,Taliban,2020-08-10,6.674561391814426,6.710180533414459,-0.035619141600032656
controls_only,303,Taliban,2020-08-24,6.823286122355687,6.84165571426762,-0.018369591911933547
controls_only,303,Taliban,2020-09-07,6.395261598115449,6.881761874676519,-0.48650027656106953
controls_only,303,Taliban,2020-09-21,7.080026499922591,6.711714621892834,0.36831187802975673
controls_only,303,Taliban,2020-10-05,7.234898420314831,6.97500210341367,0.2598963169011608
controls_only,303,Taliban,2020-10-19,6.92461239604856,7.11571498305143,-0.1911025870028702
controls_only,303,Taliban,2020-11-02,6.612041034833092,7.036706281607613,-0.4246652467745218
controls_only,303,Taliban,2020-11-16,6.9440872082295275,6.8261943913874905,0.11789281684203701
controls_only,303,Taliban,2020-11-30,6.76849321164863,6.93983634237393,-0.17134313072530016
controls_only,303,Taliban,2020-12-14,7.037027614686276,6.889622390466938,0.14740522421933822
controls_only,303,Taliban,2020-12-28,7.020190708311925,7.003846628510092,0.016344079801832834
controls_only,303,Taliban,2021-01-11,7.050122520269059,7.006688157697444,0.043434362571614926
controls_only,303,Taliban,2021-01-25,7.065613363597717,7.013202489800726,0.052410873796991275
controls_only,303,Taliban,2021-02-08,6.674561391814426,7.018892878590333,-0.3443314867759071
controls_only,303,Taliban,2021-02-22,6.602587892189336,6.866600029377725,-0.2640121371883888
controls_only,303,Taliban,2021-03-08,6.893656354602635,6.796848346586625,0.0968080080160103
controls_only,303,Taliban,2021-03-22,6.96979066990159,6.913816808465428,0.05597386143616223
controls_only,303,Taliban,2021-04-05,7.373374309910049,6.9523519285856334,0.4210223813244154
controls_only,303,Taliban,2021-04-19,7.503840746698951,7.125879079846014,0.3779616668529373
controls_only,303,Taliban,2021-05-03,7.899524472032198,7.195121814933231,0.7044026570989663
controls_only,303,Taliban,2021-05-17,8.013012110368916,7.416734766888484,0.5962773434804314
controls_only,303,Taliban,2021-05-31,8.24800570160062,7.482943752078939,0.765061949521681
controls_only,303,Taliban,2021-06-14,8.3707791729607,7.580998451838602,0.7897807211220984
controls_only,303,Taliban,2021-06-28,8.0774471493312,7.6049421708202525,0.47250497851094675
controls_only,303,Taliban,2021-07-12,8.520388082312756,7.485797896426136,1.0345901858866204
controls_only,303,Taliban,2021-07-26,7.353722330399632,7.353722330399623,9.769962616701378e-15
controls_only,303,Taliban,2021-08-09,6.133398042996649,5.266818180130673,0.8665798628659758
controls_only,303,Taliban,2021-08-23,4.584967478670572,4.510279562917898,0.07468791575267453
controls_only,303,Taliban,2021-09-06,4.007333185232471,3.6806083311509203,0.32672485408155083
controls_only,303,Taliban,2021-09-20,3.1354942159291497,3.311010215589076,-0.17551599965992626
controls_only,303,Taliban,2021-10-04,3.4339872044851463,2.8650995914859823,0.568887612999164
controls_only,303,Taliban,2021-10-18,3.80666248977032,2.939015567562972,0.867646922207348
controls_only,303,Taliban,2021-11-01,2.6390573296152584,3.113730463162523,-0.4746731335472645
controls_only,303,Taliban,2021-11-15,2.4849066497880004,2.673982866749902,-0.1890762169619018
controls_only,303,Taliban,2021-11-29,2.4849066497880004,2.4970623278711868,-0.012155678083186405
controls_only,303,Taliban,2021-12-13,1.0986122886681098,2.4729725542996435,-1.3743602656315337
controls_only,303,Taliban,2021-12-27,3.044522437723423,1.8424794155493094,1.2020430221741136
controls_only,303,Taliban,2022-01-10,2.833213344056216,2.5983076087495274,0.2349057353066888
controls_only,303,Taliban,2022-01-24,2.772588722239781,2.676744166577584,0.09584455566219718
controls_only,303,Taliban,2022-02-07,1.791759469228055,2.6560258405167176,-0.8642663712886627
controls_only,303,Taliban,2022-02-21,2.302585092994046,2.2257721147384397,0.07681297825560618
controls_only,303,Taliban,2022-03-07,4.23410650459726,2.3697653965669656,1.864341108030294
controls_only,303,Taliban,2022-03-21,3.258096538021482,3.2587055058495236,-0.000608967828041429
controls_only,303,Taliban,2022-04-04,4.204692619390966,3.003115204327141,1.2015774150638245
controls_only,303,Taliban,2022-04-18,4.564348191467836,3.3166112609837297,1.2477369304841064
controls_only,303,Taliban,2022-05-02,3.8501476017100584,3.5767372558481214,0.273410345861937
controls_only,303,Taliban,2022-05-16,4.02535169073515,3.299582700878981,0.7257689898561686
controls_only,303,Taliban,2022-05-30,4.382026634673881,3.3198062718601733,1.062220362813708
controls_only,303,Taliban,2022-06-13,3.9318256327243257,3.462048157517259,0.4697774752070667
controls_only,303,Taliban,2022-06-27,3.951243718581427,3.328440284269047,0.62280343431238
controls_only,303,Taliban,2022-07-11,3.4011973816621555,3.2934459169204606,0.10775146474169484
controls_only,303,Taliban,2022-07-25,3.295836866004329,2.9882278105575515,0.30760905544677764
controls_only,303,Taliban,2022-08-08,2.833213344056216,2.87641361975312,-0.043200275696903656
controls_only,303,Taliban,2022-08-22,5.25227342804663,2.705203169661309,2.547070258385321
controls_only,303,Taliban,2022-09-05,3.6635616461296463,3.7242982366900823,-0.06073659056043601
controls_only,303,Taliban,2022-09-19,4.127134385045092,3.237364179055699,0.8897702059893926
controls_only,303,Taliban,2022-10-03,3.951243718581427,3.336088996852883,0.615154721728544
controls_only,303,Taliban,2022-10-17,2.833213344056216,3.2737536388348927,-0.4405402947786765
controls_only,303,Taliban,2022-10-31,2.4849066497880004,2.8002172455090806,-0.3153105957210802
controls_only,303,Taliban,2022-11-14,3.1780538303479458,2.5221296737172207,0.655924156630725
controls_only,303,Taliban,2022-11-28,3.044522437723423,2.770383881660597,0.2741385560628262
controls_only,303,Taliban,2022-12-12,4.584967478670572,2.7483324548165964,1.836635023853976
controls_only,303,Taliban,2022-12-26,3.4011973816621555,3.395665762904332,0.005531618757823598
controls_only,303,Taliban,2023-01-09,2.302585092994046,3.0106078297536567,-0.7080227367596108
controls_only,303,Taliban,2023-01-23,1.6094379124341005,2.4756388248161487,-0.8662009123820482
controls_only,303,Taliban,2023-02-06,2.4849066497880004,2.0559355809111506,0.42897106887684977
controls_only,303,Taliban,2023-02-20,3.258096538021482,2.3855086143805515,0.8725879236409306
controls_only,303,Taliban,2023-03-06,2.4849066497880004,2.774853140826001,-0.2899464910380005
controls_only,303,Taliban,2023-03-20,3.871201010907891,2.5087329521254116,1.3624680587824796
controls_only,303,Taliban,2023-04-03,1.791759469228055,3.0545509479070816,-1.2627914786790266
controls_only,303,Taliban,2023-04-17,2.4849066497880004,2.221286674006029,0.2636199757819715
controls_only,303,Taliban,2023-05-01,1.3862943611198906,2.4008762471163645,-1.014581885996474
controls_only,303,Taliban,2023-05-15,3.6635616461296463,1.926906042722254,1.7366556034073923
controls_only,303,Taliban,2023-05-29,2.1972245773362196,2.831377657591135,-0.6341530802549156
controls_only,303,Taliban,2023-06-12,2.1972245773362196,2.4387821956699622,-0.24155761833374267
controls_only,303,Taliban,2023-06-26,1.3862943611198906,2.300437471784277,-0.9141431106643865
controls_only,303,Taliban,2023-07-10,2.1972245773362196,1.9274008384796866,0.269823738856533
controls_only,303,Taliban,2023-07-24,2.6390573296152584,2.207103587049094,0.4319537425661646
controls_only,303,Taliban,2023-08-07,1.791759469228055,2.458590229179297,-0.666830759951242
controls_only,303,Taliban,2023-08-21,2.6390573296152584,2.128653876600399,0.5104034530148596
controls_only,303,Taliban,2023-09-04,0.0,2.4308501287890474,-2.4308501287890474
controls_only,303,Taliban,2023-09-18,1.3862943611198906,1.3434742484695308,0.04282011265035979
controls_only,303,Taliban,2023-10-02,1.791759469228055,1.7250657071499838,0.0666937620780712
controls_only,303,Taliban,2023-10-16,2.0794415416798357,2.043239808991464,0.0362017326883719
controls_only,303,Taliban,2023-11-27,0.0,2.059550458098133,-2.059550458098133
controls_only,303,Taliban,2023-12-11,0.0,1.2830952696354365,-1.2830952696354365
controls_only,303,Taliban,2023-12-25,2.4849066497880004,1.1450823881549592,1.3398242616330411
controls_only,303,Taliban,2024-01-08,0.0,2.2072233872561977,-2.2072233872561977
controls_only,303,Taliban,2024-01-22,0.6931471805599453,1.3414144933240126,-0.6482673127640673
controls_only,303,Taliban,2024-02-05,0.0,1.4363610352044782,-1.4363610352044782
controls_only,303,Taliban,2024-02-19,2.0794415416798357,1.1440275056429856,0.9354140360368501
controls_only,303,Taliban,2024-03-04,3.688879454113936,2.028133039002372,1.6607464151115638
controls_only,303,Taliban,2024-03-18,1.6094379124341005,2.8510017810655386,-1.241563868631438
controls_only,303,Taliban,2024-04-01,1.3862943611198906,2.15304487845388,-0.7667505173339892
controls_only,303,Taliban,2024-04-15,2.6390573296152584,1.8654289465595326,0.7736283830557258
controls_only,303,Taliban,2024-04-29,3.1780538303479458,2.3817332909480333,0.7963205393999124
controls_only,303,Taliban,2024-05-13,1.0986122886681098,2.710646452681628,-1.612034164013518
controls_only,303,Taliban,2024-05-27,1.0986122886681098,1.8858359553318458,-0.787223666663736
controls_only,303,Taliban,2024-06-10,2.302585092994046,1.7071488649526005,0.5954362280414454
controls_only,303,Taliban,2024-06-24,1.3862943611198906,2.213942249750673,-0.8276478886307823
controls_only,303,Taliban,2024-07-08,1.6094379124341005,1.9337896223816184,-0.32435170994751794
controls_only,303,Taliban,2024-07-22,2.302585092994046,1.9389424269070927,0.36364266608695317
controls_only,303,Taliban,2024-08-05,2.1972245773362196,2.2417222059350665,-0.04449762859884698
controls_only,303,Taliban,2024-08-19,2.772588722239781,2.26497858071986,0.5076101415199212
controls_only,303,Taliban,2024-09-02,2.995732273553991,2.488939300720996,0.506792972832995
controls_only,303,Taliban,2024-09-16,2.1972245773362196,2.652417452705062,-0.45519287536884256
controls_only,303,Taliban,2024-09-30,1.9459101490553132,2.3312107841024488,-0.3853006350471355
controls_only,303,Taliban,2024-10-14,1.9459101490553132,2.1525736223870298,-0.20666347333171653
controls_only,303,Taliban,2024-10-28,1.0986122886681098,2.150766278412834,-1.0521539897447243
controls_only,303,Taliban,2024-11-11,1.9459101490553132,1.7481216973921407,0.1977884516631725
controls_only,303,Taliban,2024-11-25,2.5649493574615367,2.054163462509575,0.5107858949519617
controls_only,303,Taliban,2024-12-09,3.295836866004329,2.345104015077837,0.9507328509264923
controls_only,303,Taliban,2024-12-23,2.0794415416798357,2.7019178324787516,-0.6224762907989159
controls_only,303,Taliban,2025-01-06,2.1972245773362196,2.262410175494355,-0.06518559815813552
controls_only,303,Taliban,2025-01-20,3.367295829986474,2.2366773139918186,1.1306185159946556
controls_only,303,Taliban,2025-02-03,1.6094379124341005,2.740228449888643,-1.1307905374545424
controls_only,303,Taliban,2025-02-17,0.6931471805599453,2.0913914554660273,-1.398244274906082
controls_only,303,Taliban,2025-03-03,0.0,1.4890372328079224,-1.4890372328079224
controls_only,303,Taliban,2025-03-17,0.0,1.1269579120281774,-1.1269579120281774
controls_only,303,Taliban,2025-03-31,0.0,1.070309599260057,-1.070309599260057
controls_only,303,Taliban,2025-04-14,0.6931471805599453,1.0582615666417055,-0.36511438608176017
controls_only,303,Taliban,2025-04-28,2.8903717578961645,1.3620156103240033,1.5283561475721612
controls_only,303,Taliban,2025-05-12,1.9459101490553132,2.3990374695963355,-0.4531273205410222
controls_only,303,Taliban,2025-05-26,2.0794415416798357,2.210636792080045,-0.1311952504002094
controls_only,303,Taliban,2025-06-09,2.8903717578961645,2.210631760731411,0.6797399971647535
controls_only,303,Taliban,2025-06-23,1.6094379124341005,2.551154898005668,-0.9417169855715675
controls_only,303,Taliban,2025-07-07,0.6931471805599453,2.016269301923469,-1.3231221213635238
controls_only,303,Taliban,2025-07-21,2.3978952727983707,1.5178521641667264,0.8800431086316443
controls_only,303,Taliban,2025-08-04,1.3862943611198906,2.176295635200601,-0.7900012740807105
controls_only,303,Taliban,2025-08-18,1.791759469228055,1.8778884724251772,-0.08612900319712224
controls_only,303,Taliban,2025-09-01,1.9459101490553132,1.9406067281922146,0.005303420863098651
controls_only,303,Taliban,2025-09-15,4.48863636973214,2.0380627189555685,2.450573650776571
controls_only,303,Taliban,2025-09-29,3.784189633918261,3.1170123456142678,0.6671772883039933
controls_only,303,Taliban,2025-10-13,2.4849066497880004,3.0091547666391616,-0.5242481168511612
controls_only,303,Taliban,2025-10-27,0.0,2.4323629401638893,-2.4323629401638893
controls_only,303,Taliban,2025-11-10,2.833213344056216,1.2497064938529325,1.5835068502032836
controls_only,303,Taliban,2025-11-24,1.3862943611198906,2.2264706202205637,-0.8401762591006732
controls_only,group:farc_bloc,FARC family,2020-01-13,1.6094379124341005,1.7824122182252713,-0.1729743057911708
controls_only,group:farc_bloc,FARC family,2020-01-27,2.0794415416798357,1.8877081667972682,0.1917333748825676
controls_only,group:farc_bloc,FARC family,2020-02-24,0.0,1.2203748616931454,-1.2203748616931454
controls_only,group:farc_bloc,FARC family,2020-06-15,1.0986122886681098,1.961265472308366,-0.8626531836402562
controls_only,group:farc_bloc,FARC family,2020-07-13,1.6094379124341005,1.7466437269338548,-0.13720581449975433
controls_only,group:farc_bloc,FARC family,2020-07-27,2.4849066497880004,1.8665867516141985,0.6183198981738018
controls_only,group:farc_bloc,FARC family,2020-08-10,1.9459101490553132,2.2599417319942106,-0.3140315829388973
controls_only,group:farc_bloc,FARC family,2020-08-24,2.3978952727983707,2.0970165929363,0.3008786798620706
controls_only,group:farc_bloc,FARC family,2020-09-21,1.6094379124341005,1.525868511543023,0.08356940089107745
controls_only,group:farc_bloc,FARC family,2020-10-05,1.0986122886681098,1.773090021571946,-0.6744777329038363
controls_only,group:farc_bloc,FARC family,2020-11-16,0.0,1.0880939531517866,-1.0880939531517866
controls_only,group:farc_bloc,FARC family,2020-12-28,1.9459101490553132,1.0826130424604603,0.8632971065948529
controls_only,group:farc_bloc,FARC family,2021-01-25,0.6931471805599453,2.0361186653640333,-1.342971484804088
controls_only,group:farc_bloc,FARC family,2021-02-08,3.367295829986474,1.4838720452492675,1.8834237847372066
controls_only,group:farc_bloc,FARC family,2021-02-22,0.0,2.5555641975896286,-2.5555641975896286
controls_only,group:farc_bloc,FARC family,2021-03-08,1.3862943611198906,1.2808452230913718,0.10544913802851874
controls_only,group:farc_bloc,FARC family,2021-03-22,3.044522437723423,1.5841848959581253,1.4603375417652977
controls_only,group:farc_bloc,FARC family,2021-04-05,1.791759469228055,2.4352539138383724,-0.6434944446103175
controls_only,group:farc_bloc,FARC family,2021-04-19,0.0,2.063111764492894,-2.063111764492894
controls_only,group:farc_bloc,FARC family,2021-05-17,0.0,1.265759332971801,-1.265759332971801
controls_only,group:farc_bloc,FARC family,2021-10-04,2.6390573296152584,2.3394927278233943,0.29956460179186406
controls_only,group:farc_bloc,FARC family,2021-11-29,0.6931471805599453,0.9363991328567107,-0.24325195229676544
controls_only,group:farc_bloc,FARC family,2021-12-27,2.1972245773362196,2.597546879451471,-0.40032230211525155
controls_only,group:farc_bloc,FARC family,2022-01-10,2.995732273553991,2.242439274290417,0.7532929992635737
controls_only,group:farc_bloc,FARC family,2022-01-24,2.3978952727983707,2.473594512633891,-0.07569923983552052
controls_only,group:farc_bloc,FARC family,2022-02-21,2.5649493574615367,2.584734142019093,-0.01978478455755628
controls_only,group:farc_bloc,FARC family,2022-03-21,1.791759469228055,2.390879907110025,-0.5991204378819699
controls_only,group:farc_bloc,FARC family,2022-06-27,2.1972245773362196,2.233403647204482,-0.03617906986826247
controls_only,group:farc_bloc,FARC family,2022-07-11,1.791759469228055,2.1487004421923457,-0.3569409729642907
controls_only,group:farc_bloc,FARC family,2022-07-25,0.0,1.940906696198981,-1.940906696198981
controls_only,group:farc_bloc,FARC family,2022-11-28,2.302585092994046,2.0814513738009337,0.2211337191931122
controls_only,group:farc_bloc,FARC family,2023-05-15,2.6390573296152584,2.2546661866587625,0.3843911429564959
controls_only,group:farc_bloc,FARC family,2023-07-10,2.833213344056216,1.6314921757851621,1.201721168271054
controls_only,group:farc_bloc,FARC family,2023-07-24,2.3978952727983707,2.2368181252215575,0.16107714757681313
controls_only,group:farc_bloc,FARC family,2023-08-07,2.772588722239781,2.181655863845099,0.590932858394682
controls_only,group:farc_bloc,FARC family,2023-09-04,2.772588722239781,2.5124588681701665,0.26012985406961464
controls_only,group:farc_bloc,FARC family,2023-09-18,2.3978952727983707,2.4099172566428972,-0.012021983844526574
controls_only,group:farc_bloc,FARC family,2023-12-25,1.6094379124341005,1.5914192148164636,0.01801869761763686
controls_only,group:farc_bloc,FARC family,2024-01-08,2.1972245773362196,1.7003360484795198,0.49688852885669976
controls_only,group:farc_bloc,FARC family,2024-03-04,2.6390573296152584,2.2645681409082616,0.37448918870699677
controls_only,group:farc_bloc,FARC family,2024-03-18,2.9444389791664403,2.2578161201250007,0.6866228590414396
controls_only,group:farc_bloc,FARC family,2024-04-01,2.995732273553991,2.394637959988346,0.6010943135656448
controls_only,group:farc_bloc,FARC family,2024-04-15,2.6390573296152584,2.459800815732369,0.1792565138828892
controls_only,group:farc_bloc,FARC family,2024-04-29,2.3978952727983707,2.2973729546248505,0.1005223181735202
controls_only,group:farc_bloc,FARC family,2024-05-13,2.70805020110221,2.1235137569169797,0.5845364441852303
controls_only,group:farc_bloc,FARC family,2024-05-27,2.4849066497880004,2.2826625675331123,0.2022440822548881
controls_only,group:farc_bloc,FARC family,2024-06-10,1.6094379124341005,2.179474502489758,-0.5700365900556577
controls_only,group:farc_bloc,FARC family,2024-07-08,2.1972245773362196,1.962409361058518,0.23481521627770152
controls_only,group:farc_bloc,FARC family,2024-09-30,2.833213344056216,2.0747023749755416,0.7585109690806746
controls_only,group:farc_bloc,FARC family,2025-01-06,3.828641396489095,2.1212946096181517,1.7073467868709433
controls_only,group:farc_bloc,FARC family,2025-01-20,1.3862943611198906,2.6786357359971076,-1.292341374877217
controls_only,group:farc_bloc,FARC family,2025-02-03,2.1972245773362196,1.7624684760814586,0.43475610125476094
controls_only,group:farc_bloc,FARC family,2025-02-17,3.1780538303479458,1.923944670195833,1.2541091601521128
controls_only,group:farc_bloc,FARC family,2025-03-03,2.3978952727983707,2.4100170405620096,-0.012121767763638935
controls_only,group:farc_bloc,FARC family,2025-03-17,3.4339872044851463,2.1679215350008416,1.2660656694843047
controls_only,group:farc_bloc,FARC family,2025-04-14,2.833213344056216,2.308939146275578,0.5242741977806382
controls_only,group:farc_bloc,FARC family,2025-04-28,2.772588722239781,2.294081813453878,0.4785069087859033
controls_only,group:farc_bloc,FARC family,2025-05-12,1.9459101490553132,2.293480620624494,-0.34757047156918097
controls_only,group:farc_bloc,FARC family,2025-07-07,1.9459101490553132,2.0859069412387337,-0.13999679218342043
controls_only,group:farc_bloc,FARC family,2025-07-21,2.3978952727983707,1.8807448201352375,0.5171504526631332
controls_only,group:farc_bloc,FARC family,2025-08-04,3.295836866004329,2.007942317601927,1.2878945484024023
controls_only,group:farc_bloc,FARC family,2025-08-18,2.3978952727983707,2.456482047326112,-0.058586774527741525
controls_only,group:farc_bloc,FARC family,2025-09-01,1.9459101490553132,2.146608158881774,-0.2006980098264608
controls_only,group:farc_bloc,FARC family,2025-11-10,0.0,2.4400634940343746,-2.4400634940343746
single_direct_conflict_relevance_raw,209,Hamas,2020-01-13,0.0,0.9307237279415171,-0.9307237279415171
single_direct_conflict_relevance_raw,209,Hamas,2020-01-27,0.0,0.5206546173516134,-0.5206546173516134
single_direct_conflict_relevance_raw,209,Hamas,2020-02-10,0.0,0.37138831074790324,-0.37138831074790324
single_direct_conflict_relevance_raw,209,Hamas,2020-02-24,0.0,0.29482285655817014,-0.29482285655817014
single_direct_conflict_relevance_raw,209,Hamas,2020-03-23,0.0,0.37687841445065845,-0.37687841445065845
single_direct_conflict_relevance_raw,209,Hamas,2020-05-04,0.0,0.3780131657791417,-0.3780131657791417
single_direct_conflict_relevance_raw,209,Hamas,2020-06-15,0.0,0.40771462918721096,-0.40771462918721096
single_direct_conflict_relevance_raw,209,Hamas,2020-06-29,0.0,0.37349555266133516,-0.37349555266133516
single_direct_conflict_relevance_raw,209,Hamas,2020-07-27,0.0,0.4805306787282611,-0.4805306787282611
single_direct_conflict_relevance_raw,209,Hamas,2020-08-10,0.0,0.3445507712795261,-0.3445507712795261
single_direct_conflict_relevance_raw,209,Hamas,2020-08-24,0.0,0.3160073108104173,-0.3160073108104173
single_direct_conflict_relevance_raw,209,Hamas,2020-09-07,0.0,0.3688298572583226,-0.3688298572583226
single_direct_conflict_relevance_raw,209,Hamas,2020-10-19,0.0,0.3908048541320265,-0.3908048541320265
single_direct_conflict_relevance_raw,209,Hamas,2020-11-02,0.0,0.40008649881727615,-0.40008649881727615
single_direct_conflict_relevance_raw,209,Hamas,2020-11-16,0.0,0.2974055986310825,-0.2974055986310825
single_direct_conflict_relevance_raw,209,Hamas,2020-12-14,0.0,0.40452530216694793,-0.40452530216694793
single_direct_conflict_relevance_raw,209,Hamas,2020-12-28,0.0,0.34184670819503304,-0.34184670819503304
single_direct_conflict_relevance_raw,209,Hamas,2021-01-11,0.0,0.4224486964231949,-0.4224486964231949
single_direct_conflict_relevance_raw,209,Hamas,2021-01-25,0.0,0.12494285236039811,-0.12494285236039811
single_direct_conflict_relevance_raw,209,Hamas,2021-02-08,0.0,0.16243472234954365,-0.16243472234954365
single_direct_conflict_relevance_raw,209,Hamas,2021-02-22,0.0,0.42208010270553215,-0.42208010270553215
single_direct_conflict_relevance_raw,209,Hamas,2021-03-08,0.0,0.2639204024115782,-0.2639204024115782
single_direct_conflict_relevance_raw,209,Hamas,2021-03-22,0.0,0.36181386262696835,-0.36181386262696835
single_direct_conflict_relevance_raw,209,Hamas,2021-04-05,0.0,0.3892148320610728,-0.3892148320610728
single_direct_conflict_relevance_raw,209,Hamas,2021-04-19,5.308267697401205,0.3479662716573138,4.960301425743891
single_direct_conflict_relevance_raw,209,Hamas,2021-05-03,3.091042453358316,2.394488516924557,0.6965539364337592
single_direct_conflict_relevance_raw,209,Hamas,2021-05-17,0.0,1.8316950475225748,-1.8316950475225748
single_direct_conflict_relevance_raw,209,Hamas,2021-05-31,0.0,0.3552290499541889,-0.3552290499541889
single_direct_conflict_relevance_raw,209,Hamas,2021-06-14,0.0,0.15305196684390668,-0.15305196684390668
single_direct_conflict_relevance_raw,209,Hamas,2021-06-28,0.0,0.08196636760301797,-0.08196636760301797
single_direct_conflict_relevance_raw,209,Hamas,2021-07-12,0.0,0.13122121724248242,-0.13122121724248242
single_direct_conflict_relevance_raw,209,Hamas,2021-07-26,1.791759469228055,0.19084603859733895,1.600913430630716
single_direct_conflict_relevance_raw,209,Hamas,2021-08-23,0.0,0.45767312715396063,-0.45767312715396063
single_direct_conflict_relevance_raw,209,Hamas,2021-09-06,1.3862943611198906,0.28285351513399937,1.103440845985891
single_direct_conflict_relevance_raw,209,Hamas,2021-09-20,0.0,0.7791023550899377,-0.7791023550899377
single_direct_conflict_relevance_raw,209,Hamas,2021-10-04,0.0,0.21520603179623493,-0.21520603179623493
single_direct_conflict_relevance_raw,209,Hamas,2021-10-18,0.0,0.1424237507173152,-0.1424237507173152
single_direct_conflict_relevance_raw,209,Hamas,2021-11-01,1.0986122886681098,0.05911056109937686,1.0395017275687328
single_direct_conflict_relevance_raw,209,Hamas,2021-11-15,0.0,0.6655929228631183,-0.6655929228631183
single_direct_conflict_relevance_raw,209,Hamas,2021-11-29,0.0,0.2935728918620858,-0.2935728918620858
single_direct_conflict_relevance_raw,209,Hamas,2021-12-13,0.6931471805599453,0.26103609061599903,0.43211108994394626
single_direct_conflict_relevance_raw,209,Hamas,2021-12-27,1.0986122886681098,0.5305861785674924,0.5680261101006174
single_direct_conflict_relevance_raw,209,Hamas,2022-01-10,0.0,0.5959706093149088,-0.5959706093149088
single_direct_conflict_relevance_raw,209,Hamas,2022-01-24,0.0,0.21472007931336776,-0.21472007931336776
single_direct_conflict_relevance_raw,209,Hamas,2022-02-07,0.0,0.1003588650030888,-0.1003588650030888
single_direct_conflict_relevance_raw,209,Hamas,2022-02-21,0.0,0.16890951385096295,-0.16890951385096295
single_direct_conflict_relevance_raw,209,Hamas,2022-03-07,0.0,0.020055822539805923,-0.020055822539805923
single_direct_conflict_relevance_raw,209,Hamas,2022-03-21,0.0,0.01558792757862823,-0.01558792757862823
single_direct_conflict_relevance_raw,209,Hamas,2022-04-04,0.6931471805599453,0.316819684811928,0.37632749574801727
single_direct_conflict_relevance_raw,209,Hamas,2022-04-18,0.0,0.5425768232034334,-0.5425768232034334
single_direct_conflict_relevance_raw,209,Hamas,2022-05-02,0.0,0.24124035401690755,-0.24124035401690755
single_direct_conflict_relevance_raw,209,Hamas,2022-05-16,0.0,0.17291699736687222,-0.17291699736687222
single_direct_conflict_relevance_raw,209,Hamas,2022-05-30,0.0,0.10704704568404272,-0.10704704568404272
single_direct_conflict_relevance_raw,209,Hamas,2022-06-13,0.0,0.2337141752870028,-0.2337141752870028
single_direct_conflict_relevance_raw,209,Hamas,2022-06-27,0.0,0.15948472505202135,-0.15948472505202135
single_direct_conflict_relevance_raw,209,Hamas,2022-07-11,0.0,0.24468135785395098,-0.24468135785395098
single_direct_conflict_relevance_raw,209,Hamas,2022-07-25,0.0,0.2475399350352665,-0.2475399350352665
single_direct_conflict_relevance_raw,209,Hamas,2022-08-08,0.0,0.14287442448808174,-0.14287442448808174
single_direct_conflict_relevance_raw,209,Hamas,2022-08-22,0.6931471805599453,0.19331173748995206,0.4998354430699932
single_direct_conflict_relevance_raw,209,Hamas,2022-09-05,0.0,0.3731879220158068,-0.3731879220158068
single_direct_conflict_relevance_raw,209,Hamas,2022-09-19,1.3862943611198906,0.34096754310057803,1.0453268180193125
single_direct_conflict_relevance_raw,209,Hamas,2022-10-03,1.0986122886681098,0.8518830578815121,0.2467292307865977
single_direct_conflict_relevance_raw,209,Hamas,2022-10-17,0.0,0.8631893414724896,-0.8631893414724896
single_direct_conflict_relevance_raw,209,Hamas,2022-10-31,1.0986122886681098,0.22825696677629242,0.8703553218918174
single_direct_conflict_relevance_raw,209,Hamas,2022-11-14,0.0,0.5987920996408698,-0.5987920996408698
single_direct_conflict_relevance_raw,209,Hamas,2022-11-28,0.6931471805599453,0.11143923843566426,0.581707942124281
single_direct_conflict_relevance_raw,209,Hamas,2022-12-12,1.3862943611198906,0.5187914941507116,0.867502866969179
single_direct_conflict_relevance_raw,209,Hamas,2022-12-26,0.0,0.8190199553871647,-0.8190199553871647
single_direct_conflict_relevance_raw,209,Hamas,2023-01-09,0.6931471805599453,0.381584666012327,0.3115625145476183
single_direct_conflict_relevance_raw,209,Hamas,2023-01-23,1.791759469228055,0.48221905315835534,1.3095404160696997
single_direct_conflict_relevance_raw,209,Hamas,2023-02-06,1.0986122886681098,1.0417858012671382,0.056826487400971626
single_direct_conflict_relevance_raw,209,Hamas,2023-02-20,2.302585092994046,0.8074510945015594,1.4951339984924865
single_direct_conflict_relevance_raw,209,Hamas,2023-03-06,0.0,1.2626348238315999,-1.2626348238315999
single_direct_conflict_relevance_raw,209,Hamas,2023-03-20,0.0,0.39419091144179563,-0.39419091144179563
single_direct_conflict_relevance_raw,209,Hamas,2023-04-03,0.0,0.1686746347402839,-0.1686746347402839
single_direct_conflict_relevance_raw,209,Hamas,2023-04-17,1.9459101490553132,0.038480352833733855,1.9074297962215794
single_direct_conflict_relevance_raw,209,Hamas,2023-05-01,0.0,0.9665390669190782,-0.9665390669190782
single_direct_conflict_relevance_raw,209,Hamas,2023-05-15,0.0,0.27411617442918085,-0.27411617442918085
single_direct_conflict_relevance_raw,209,Hamas,2023-05-29,1.791759469228055,0.06014060791605112,1.7316188613120038
single_direct_conflict_relevance_raw,209,Hamas,2023-06-12,1.0986122886681098,0.874166777178053,0.22444551149005676
single_direct_conflict_relevance_raw,209,Hamas,2023-06-26,0.0,0.7890086021677429,-0.7890086021677429
single_direct_conflict_relevance_raw,209,Hamas,2023-07-10,1.6094379124341005,0.12239581284331597,1.4870420995907845
single_direct_conflict_relevance_raw,209,Hamas,2023-07-24,0.0,0.8707020012752531,-0.8707020012752531
single_direct_conflict_relevance_raw,209,Hamas,2023-08-07,0.0,0.23672421405016558,-0.23672421405016558
single_direct_conflict_relevance_raw,209,Hamas,2023-08-21,0.0,0.22203810382515565,-0.22203810382515565
single_direct_conflict_relevance_raw,209,Hamas,2023-09-04,2.0794415416798357,0.19330935074282007,1.8861321909370157
single_direct_conflict_relevance_raw,209,Hamas,2023-09-18,8.670772279344538,4.200031447671893,4.470740831672645
single_direct_conflict_relevance_raw,209,Hamas,2023-10-02,8.45638105201948,6.848346878716448,1.6080341733030323
single_direct_conflict_relevance_raw,209,Hamas,2023-10-16,8.645586406184636,7.327020109244078,1.318566296940558
single_direct_conflict_relevance_raw,209,Hamas,2023-10-30,7.5411524551363085,7.623460642133823,-0.08230818699751463
single_direct_conflict_relevance_raw,209,Hamas,2023-11-13,8.763740720509464,7.627177867620279,1.1365628528891847
single_direct_conflict_relevance_raw,209,Hamas,2023-11-27,7.596894438144544,7.539601298180301,0.05729313996424246
single_direct_conflict_relevance_raw,209,Hamas,2023-12-11,7.839131648274333,7.105791043199497,0.7333406050748357
single_direct_conflict_relevance_raw,209,Hamas,2023-12-25,6.423246963533519,7.109562498922418,-0.686315535388899
single_direct_conflict_relevance_raw,209,Hamas,2024-01-08,7.348587530927593,6.526410434924616,0.8221770960029771
single_direct_conflict_relevance_raw,209,Hamas,2024-01-22,6.618738983517219,6.782020609066173,-0.16328162554895354
single_direct_conflict_relevance_raw,209,Hamas,2024-02-05,7.405495663199472,6.557396122934389,0.8480995402650837
single_direct_conflict_relevance_raw,209,Hamas,2024-02-19,6.532334292222349,6.849902778082091,-0.3175684858597423
single_direct_conflict_relevance_raw,209,Hamas,2024-03-04,6.499787040655854,6.550484668340587,-0.05069762768473307
single_direct_conflict_relevance_raw,209,Hamas,2024-03-18,6.639875833826536,6.493388295650384,0.14648753817615212
single_direct_conflict_relevance_raw,209,Hamas,2024-04-01,5.777652323222656,6.491727452341808,-0.7140751291191512
single_direct_conflict_relevance_raw,209,Hamas,2024-04-15,6.513230110912307,6.109928375865739,0.4033017350465684
single_direct_conflict_relevance_raw,209,Hamas,2024-04-29,6.504288173536645,6.392612898435507,0.11167527510113828
single_direct_conflict_relevance_raw,209,Hamas,2024-05-13,6.922643891475888,6.4404474123624915,0.48219647911339614
single_direct_conflict_relevance_raw,209,Hamas,2024-05-27,6.068425588244111,6.645856943266482,-0.5774313550223713
single_direct_conflict_relevance_raw,209,Hamas,2024-06-10,6.78332520060396,6.312092640824327,0.47123255977963296
single_direct_conflict_relevance_raw,209,Hamas,2024-06-24,6.580639137284949,6.563434373356571,0.017204763928377886
single_direct_conflict_relevance_raw,209,Hamas,2024-07-08,6.698268054115413,6.56453178680275,0.13373626731266341
single_direct_conflict_relevance_raw,209,Hamas,2024-07-22,6.184148890937483,6.536895614121164,-0.3527467231836807
single_direct_conflict_relevance_raw,209,Hamas,2024-08-05,6.434546518787453,6.317851570579444,0.11669494820800885
single_direct_conflict_relevance_raw,209,Hamas,2024-08-19,6.056784013228625,6.4215160950618095,-0.36473208183318473
single_direct_conflict_relevance_raw,209,Hamas,2024-09-02,6.028278520230698,6.2825808385481245,-0.25430231831742667
single_direct_conflict_relevance_raw,209,Hamas,2024-09-16,6.961296045910167,6.203380273652625,0.757915772257542
single_direct_conflict_relevance_raw,209,Hamas,2024-09-30,6.601230118728877,6.48226796199145,0.11896215673742638
single_direct_conflict_relevance_raw,209,Hamas,2024-10-14,6.725033642166843,6.496842645983447,0.2281909961833959
single_direct_conflict_relevance_raw,209,Hamas,2024-10-28,6.419994928147142,6.594664804473982,-0.17466987632684017
single_direct_conflict_relevance_raw,209,Hamas,2024-11-11,6.42648845745769,6.491539483308223,-0.0650510258505328
single_direct_conflict_relevance_raw,209,Hamas,2024-11-25,6.391917113392602,6.44445319446106,-0.05253608106845764
single_direct_conflict_relevance_raw,209,Hamas,2024-12-09,6.406879986069314,6.3548944257776885,0.05198556029162571
single_direct_conflict_relevance_raw,209,Hamas,2024-12-23,6.366470447731438,6.418030053083198,-0.05155960535175996
single_direct_conflict_relevance_raw,209,Hamas,2025-01-06,3.828641396489095,6.410453002882894,-2.5818116063937993
single_direct_conflict_relevance_raw,209,Hamas,2025-01-20,3.1780538303479458,5.2911613574219185,-2.1131075270739728
single_direct_conflict_relevance_raw,209,Hamas,2025-02-03,3.258096538021482,4.810571555899671,-1.5524750178781885
single_direct_conflict_relevance_raw,209,Hamas,2025-02-17,4.532599493153256,4.776454948286895,-0.24385545513363915
single_direct_conflict_relevance_raw,209,Hamas,2025-03-03,6.79794041297493,5.274064359265157,1.523876053709773
single_direct_conflict_relevance_raw,209,Hamas,2025-03-17,6.421622267806518,6.413303333702389,0.008318934104128317
single_direct_conflict_relevance_raw,209,Hamas,2025-03-31,6.3818160174060985,6.446975611222459,-0.06515959381636094
single_direct_conflict_relevance_raw,209,Hamas,2025-04-14,6.429719478039138,6.3612576531612355,0.06846182487790209
single_direct_conflict_relevance_raw,209,Hamas,2025-04-28,7.142036574706803,6.364307839453806,0.7777287352529969
single_direct_conflict_relevance_raw,209,Hamas,2025-05-12,6.654152520183219,6.723478386645549,-0.06932586646233041
single_direct_conflict_relevance_raw,209,Hamas,2025-05-26,6.698268054115413,6.592980970418994,0.10528708369641926
single_direct_conflict_relevance_raw,209,Hamas,2025-06-09,7.094234845924755,6.600335796547702,0.4938990493770534
single_direct_conflict_relevance_raw,209,Hamas,2025-06-23,7.052721049232323,6.901479322048731,0.1512417271835922
single_direct_conflict_relevance_raw,209,Hamas,2025-07-07,6.7650389767805414,6.776729335184509,-0.011690358403967593
single_direct_conflict_relevance_raw,209,Hamas,2025-07-21,6.539585955617669,6.608667678478232,-0.06908172286056313
single_direct_conflict_relevance_raw,209,Hamas,2025-08-04,6.670766320845874,6.5100609061029715,0.16070541474290234
single_direct_conflict_relevance_raw,209,Hamas,2025-08-18,6.866933284461882,6.546905295119933,0.3200279893419493
single_direct_conflict_relevance_raw,209,Hamas,2025-09-01,6.872128101338986,6.617258461440931,0.2548696398980548
single_direct_conflict_relevance_raw,209,Hamas,2025-09-15,6.270988431858299,6.597928867963443,-0.32694043610514356
single_direct_conflict_relevance_raw,209,Hamas,2025-09-29,4.48863636973214,6.328558828498677,-1.8399224587665373
single_direct_conflict_relevance_raw,209,Hamas,2025-10-13,4.844187086458591,5.5384770965515475,-0.6942900100929563
single_direct_conflict_relevance_raw,209,Hamas,2025-10-27,4.394449154672439,5.562189954540603,-1.167740799868164
single_direct_conflict_relevance_raw,209,Hamas,2025-11-10,3.688879454113936,5.384986273972389,-1.6961068198584535
single_direct_conflict_relevance_raw,209,Hamas,2025-11-24,3.49650756146648,5.056539271623059,-1.5600317101565793
single_direct_conflict_relevance_raw,303,Taliban,2020-01-13,6.926577033222725,6.799870504594399,0.12670652862832643
single_direct_conflict_relevance_raw,303,Taliban,2020-01-27,6.111467339502679,6.929774279769595,-0.8183069402669165
single_direct_conflict_relevance_raw,303,Taliban,2020-02-10,7.549082710812286,6.624163221894014,0.9249194889182721
single_direct_conflict_relevance_raw,303,Taliban,2020-02-24,6.104793232414985,7.088079201364403,-0.983285968949418
single_direct_conflict_relevance_raw,303,Taliban,2020-03-09,6.169610732491456,6.707647480703695,-0.5380367482122388
single_direct_conflict_relevance_raw,303,Taliban,2020-03-23,6.0867747269123065,6.581024787027561,-0.4942500601152542
single_direct_conflict_relevance_raw,303,Taliban,2020-04-06,6.272877006546167,6.628855373425479,-0.3559783668793113
single_direct_conflict_relevance_raw,303,Taliban,2020-04-20,6.473890696352274,6.66728649846545,-0.19339580211317564
single_direct_conflict_relevance_raw,303,Taliban,2020-05-04,5.916202062607435,6.76212845234252,-0.8459263897350846
single_direct_conflict_relevance_raw,303,Taliban,2020-05-18,6.049733455231958,6.548221949694958,-0.49848849446300036
single_direct_conflict_relevance_raw,303,Taliban,2020-06-01,6.775366090936392,6.57277343472471,0.20259265621168154
single_direct_conflict_relevance_raw,303,Taliban,2020-06-15,6.455198563340122,6.626398138661862,-0.17119957532173924
single_direct_conflict_relevance_raw,303,Taliban,2020-06-29,6.9167150203536085,6.581541672538267,0.33517334781534114
single_direct_conflict_relevance_raw,303,Taliban,2020-07-13,5.5053315359323625,6.892023780384239,-1.3866922444518766
single_direct_conflict_relevance_raw,303,Taliban,2020-07-27,6.646390514847729,6.415997911161385,0.23039260368634373
single_direct_conflict_relevance_raw,303,Taliban,2020-08-10,6.674561391814426,6.740909409667243,-0.06634801785281663
single_direct_conflict_relevance_raw,303,Taliban,2020-08-24,6.823286122355687,6.862052125951882,-0.0387660035961952
single_direct_conflict_relevance_raw,303,Taliban,2020-09-07,6.395261598115449,6.882828201602543,-0.48756660348709335
single_direct_conflict_relevance_raw,303,Taliban,2020-09-21,7.080026499922591,6.755241067163149,0.32478543275944194
single_direct_conflict_relevance_raw,303,Taliban,2020-10-05,7.234898420314831,6.957499114776548,0.2773993055382835
single_direct_conflict_relevance_raw,303,Taliban,2020-10-19,6.92461239604856,7.188585468701552,-0.2639730726529921
single_direct_conflict_relevance_raw,303,Taliban,2020-11-02,6.612041034833092,7.180352554243839,-0.5683115194107478
single_direct_conflict_relevance_raw,303,Taliban,2020-11-16,6.9440872082295275,6.790152803583132,0.15393440464639596
single_direct_conflict_relevance_raw,303,Taliban,2020-11-30,6.76849321164863,6.8965853520723375,-0.12809214042370787
single_direct_conflict_relevance_raw,303,Taliban,2020-12-14,7.037027614686276,6.98249563403771,0.05453198064856668
single_direct_conflict_relevance_raw,303,Taliban,2020-12-28,7.020190708311925,7.037757814202882,-0.017567105890957002
single_direct_conflict_relevance_raw,303,Taliban,2021-01-11,7.050122520269059,7.008409419406833,0.041713100862225794
single_direct_conflict_relevance_raw,303,Taliban,2021-01-25,7.065613363597717,7.0062743080095355,0.059339055588181644
single_direct_conflict_relevance_raw,303,Taliban,2021-02-08,6.674561391814426,6.986175812492332,-0.31161442067790635
single_direct_conflict_relevance_raw,303,Taliban,2021-02-22,6.602587892189336,6.846660323802106,-0.2440724316127696
single_direct_conflict_relevance_raw,303,Taliban,2021-03-08,6.893656354602635,6.772509925639028,0.12114642896360728
single_direct_conflict_relevance_raw,303,Taliban,2021-03-22,6.96979066990159,6.944511430972675,0.02527923892891515
single_direct_conflict_relevance_raw,303,Taliban,2021-04-05,7.373374309910049,6.918351075498801,0.4550232344112475
single_direct_conflict_relevance_raw,303,Taliban,2021-04-19,7.503840746698951,7.0708458458509815,0.43299490084796943
single_direct_conflict_relevance_raw,303,Taliban,2021-05-03,7.899524472032198,7.211275199400813,0.6882492726313849
single_direct_conflict_relevance_raw,303,Taliban,2021-05-17,8.013012110368916,7.394781922198177,0.6182301881707382
single_direct_conflict_relevance_raw,303,Taliban,2021-05-31,8.24800570160062,7.416497638801019,0.8315080627996014
single_direct_conflict_relevance_raw,303,Taliban,2021-06-14,8.3707791729607,7.548467512190699,0.8223116607700014
single_direct_conflict_relevance_raw,303,Taliban,2021-06-28,8.0774471493312,7.518176093263051,0.5592710560681482
single_direct_conflict_relevance_raw,303,Taliban,2021-07-12,8.520388082312756,7.394018125088223,1.126369957224533
single_direct_conflict_relevance_raw,303,Taliban,2021-07-26,7.353722330399632,7.35372233039959,4.263256414560601e-14
single_direct_conflict_relevance_raw,303,Taliban,2021-08-09,6.133398042996649,5.383352357472859,0.7500456855237898
single_direct_conflict_relevance_raw,303,Taliban,2021-08-23,4.584967478670572,4.513291783588638,0.07167569508193417
single_direct_conflict_relevance_raw,303,Taliban,2021-09-06,4.007333185232471,3.637092811890825,0.3702403733416464
single_direct_conflict_relevance_raw,303,Taliban,2021-09-20,3.1354942159291497,3.2786185018087295,-0.14312428587957982
single_direct_conflict_relevance_raw,303,Taliban,2021-10-04,3.4339872044851463,2.8924376274977153,0.541549576987431
single_direct_conflict_relevance_raw,303,Taliban,2021-10-18,3.80666248977032,2.9503246698934937,0.8563378198768263
single_direct_conflict_relevance_raw,303,Taliban,2021-11-01,2.6390573296152584,3.0949474805586714,-0.455890150943413
single_direct_conflict_relevance_raw,303,Taliban,2021-11-15,2.4849066497880004,2.635542628575813,-0.15063597878781243
single_direct_conflict_relevance_raw,303,Taliban,2021-11-29,2.4849066497880004,2.497696955865794,-0.012790306077793634
single_direct_conflict_relevance_raw,303,Taliban,2021-12-13,1.0986122886681098,2.4530877030197953,-1.3544754143516855
single_direct_conflict_relevance_raw,303,Taliban,2021-12-27,3.044522437723423,1.8526539797738895,1.1918684579495336
single_direct_conflict_relevance_raw,303,Taliban,2022-01-10,2.833213344056216,2.586761094844058,0.24645224921215814
single_direct_conflict_relevance_raw,303,Taliban,2022-01-24,2.772588722239781,2.6910292267235882,0.0815594955161929
single_direct_conflict_relevance_raw,303,Taliban,2022-02-07,1.791759469228055,2.648437903183079,-0.856678433955024
single_direct_conflict_relevance_raw,303,Taliban,2022-02-21,2.302585092994046,2.2947192551922884,0.007865837801757536
single_direct_conflict_relevance_raw,303,Taliban,2022-03-07,4.23410650459726,2.3686180922695117,1.865488412327748
single_direct_conflict_relevance_raw,303,Taliban,2022-03-21,3.258096538021482,3.2477624663419107,0.010334071679571455
single_direct_conflict_relevance_raw,303,Taliban,2022-04-04,4.204692619390966,3.03684063651583,1.1678519828751357
single_direct_conflict_relevance_raw,303,Taliban,2022-04-18,4.564348191467836,3.5189087951049913,1.0454393963628448
single_direct_conflict_relevance_raw,303,Taliban,2022-05-02,3.8501476017100584,3.6310559510016027,0.2190916507084557
single_direct_conflict_relevance_raw,303,Taliban,2022-05-16,4.02535169073515,3.268072595713627,0.7572790950215227
single_direct_conflict_relevance_raw,303,Taliban,2022-05-30,4.382026634673881,3.3222745776423332,1.059752057031548
single_direct_conflict_relevance_raw,303,Taliban,2022-06-13,3.9318256327243257,3.4822209672442233,0.44960466548010247
single_direct_conflict_relevance_raw,303,Taliban,2022-06-27,3.951243718581427,3.3446782398625734,0.6065654787188537
single_direct_conflict_relevance_raw,303,Taliban,2022-07-11,3.4011973816621555,3.2498640692671588,0.1513333123949967
single_direct_conflict_relevance_raw,303,Taliban,2022-07-25,3.295836866004329,3.058954090669166,0.23688277533516322
single_direct_conflict_relevance_raw,303,Taliban,2022-08-08,2.833213344056216,2.8832864947360393,-0.0500731506798231
single_direct_conflict_relevance_raw,303,Taliban,2022-08-22,5.25227342804663,2.6984572513538145,2.5538161766928154
single_direct_conflict_relevance_raw,303,Taliban,2022-09-05,3.6635616461296463,3.775157994640007,-0.1115963485103606
single_direct_conflict_relevance_raw,303,Taliban,2022-09-19,4.127134385045092,3.293403776259294,0.8337306087857979
single_direct_conflict_relevance_raw,303,Taliban,2022-10-03,3.951243718581427,3.431324610943184,0.519919107638243
single_direct_conflict_relevance_raw,303,Taliban,2022-10-17,2.833213344056216,3.397123637467196,-0.5639102934109799
single_direct_conflict_relevance_raw,303,Taliban,2022-10-31,2.4849066497880004,2.69493592396472,-0.21002927417671957
single_direct_conflict_relevance_raw,303,Taliban,2022-11-14,3.1780538303479458,2.5632913808454667,0.614762449502479
single_direct_conflict_relevance_raw,303,Taliban,2022-11-28,3.044522437723423,2.92827296087026,0.116249476853163
single_direct_conflict_relevance_raw,303,Taliban,2022-12-12,4.584967478670572,2.8927302083263475,1.6922372703442248
single_direct_conflict_relevance_raw,303,Taliban,2022-12-26,3.4011973816621555,3.24920916078319,0.15198822087896557
single_direct_conflict_relevance_raw,303,Taliban,2023-01-09,2.302585092994046,2.707123364556705,-0.4045382715626591
single_direct_conflict_relevance_raw,303,Taliban,2023-01-23,1.6094379124341005,2.386463406979804,-0.7770254945457036
single_direct_conflict_relevance_raw,303,Taliban,2023-02-06,2.4849066497880004,2.133267551686731,0.35163909810126937
single_direct_conflict_relevance_raw,303,Taliban,2023-02-20,3.258096538021482,2.5082157299569987,0.7498808080644834
single_direct_conflict_relevance_raw,303,Taliban,2023-03-06,2.4849066497880004,2.8261203148539344,-0.3412136650659341
single_direct_conflict_relevance_raw,303,Taliban,2023-03-20,3.871201010907891,2.4940047100558793,1.3771963008520118
single_direct_conflict_relevance_raw,303,Taliban,2023-04-03,1.791759469228055,3.0033474701779443,-1.2115880009498894
single_direct_conflict_relevance_raw,303,Taliban,2023-04-17,2.4849066497880004,2.341072462433802,0.1438341873541984
single_direct_conflict_relevance_raw,303,Taliban,2023-05-01,1.3862943611198906,2.214832047186807,-0.8285376860669162
single_direct_conflict_relevance_raw,303,Taliban,2023-05-15,3.6635616461296463,2.0251238073372795,1.6384378387923668
single_direct_conflict_relevance_raw,303,Taliban,2023-05-29,2.1972245773362196,2.8766239512670344,-0.6793993739308148
single_direct_conflict_relevance_raw,303,Taliban,2023-06-12,2.1972245773362196,2.292325765561529,-0.09510118822530922
single_direct_conflict_relevance_raw,303,Taliban,2023-06-26,1.3862943611198906,2.1323065725429844,-0.7460122114230938
single_direct_conflict_relevance_raw,303,Taliban,2023-07-10,2.1972245773362196,1.7652720698688633,0.43195250746735625
single_direct_conflict_relevance_raw,303,Taliban,2023-07-24,2.6390573296152584,2.1599866547901376,0.4790706748251208
single_direct_conflict_relevance_raw,303,Taliban,2023-08-07,1.791759469228055,2.318088192577966,-0.526328723349911
single_direct_conflict_relevance_raw,303,Taliban,2023-08-21,2.6390573296152584,1.9795594544338817,0.6594978751813767
single_direct_conflict_relevance_raw,303,Taliban,2023-09-04,0.0,2.404776800203424,-2.404776800203424
single_direct_conflict_relevance_raw,303,Taliban,2023-09-18,1.3862943611198906,1.4148096922576154,-0.028515331137724864
single_direct_conflict_relevance_raw,303,Taliban,2023-10-02,1.791759469228055,1.5757692018467968,0.21599026738125815
single_direct_conflict_relevance_raw,303,Taliban,2023-10-16,2.0794415416798357,1.8628205075550706,0.2166210341247652
single_direct_conflict_relevance_raw,303,Taliban,2023-11-27,0.0,2.024108803771552,-2.024108803771552
single_direct_conflict_relevance_raw,303,Taliban,2023-12-11,0.0,1.2632018671183334,-1.2632018671183334
single_direct_conflict_relevance_raw,303,Taliban,2023-12-25,2.4849066497880004,1.188496057418919,1.2964105923690814
single_direct_conflict_relevance_raw,303,Taliban,2024-01-08,0.0,2.199019220272595,-2.199019220272595
single_direct_conflict_relevance_raw,303,Taliban,2024-01-22,0.6931471805599453,1.1550205524594541,-0.46187337189950883
single_direct_conflict_relevance_raw,303,Taliban,2024-02-05,0.0,1.2287401908727296,-1.2287401908727296
single_direct_conflict_relevance_raw,303,Taliban,2024-02-19,2.0794415416798357,1.118111466574081,0.9613300751057547
single_direct_conflict_relevance_raw,303,Taliban,2024-03-04,3.688879454113936,1.8709414286955908,1.817938025418345
single_direct_conflict_relevance_raw,303,Taliban,2024-03-18,1.6094379124341005,2.887166647014932,-1.2777287345808315
single_direct_conflict_relevance_raw,303,Taliban,2024-04-01,1.3862943611198906,2.1204045206722553,-0.7341101595523647
single_direct_conflict_relevance_raw,303,Taliban,2024-04-15,2.6390573296152584,1.7728416527038688,0.8662156769113896
single_direct_conflict_relevance_raw,303,Taliban,2024-04-29,3.1780538303479458,2.3613086596422415,0.8167451707057043
single_direct_conflict_relevance_raw,303,Taliban,2024-05-13,1.0986122886681098,2.862083970626386,-1.7634716819582763
single_direct_conflict_relevance_raw,303,Taliban,2024-05-27,1.0986122886681098,1.6744442194215639,-0.5758319307534541
single_direct_conflict_relevance_raw,303,Taliban,2024-06-10,2.302585092994046,1.6687085026994484,0.6338765902945975
single_direct_conflict_relevance_raw,303,Taliban,2024-06-24,1.3862943611198906,2.224612191724769,-0.8383178306048784
single_direct_conflict_relevance_raw,303,Taliban,2024-07-08,1.6094379124341005,1.8189279444476052,-0.2094900320135047
single_direct_conflict_relevance_raw,303,Taliban,2024-07-22,2.302585092994046,1.791629671587454,0.5109554214065919
single_direct_conflict_relevance_raw,303,Taliban,2024-08-05,2.1972245773362196,2.159982803690785,0.037241773645434684
single_direct_conflict_relevance_raw,303,Taliban,2024-08-19,2.772588722239781,2.27454799570215,0.498040726537631
single_direct_conflict_relevance_raw,303,Taliban,2024-09-02,2.995732273553991,2.5273968592720992,0.4683354142818916
single_direct_conflict_relevance_raw,303,Taliban,2024-09-16,2.1972245773362196,2.6671648706598043,-0.4699402933235848
single_direct_conflict_relevance_raw,303,Taliban,2024-09-30,1.9459101490553132,2.434817366454463,-0.4889072173991498
single_direct_conflict_relevance_raw,303,Taliban,2024-10-14,1.9459101490553132,2.206203016011181,-0.26029286695586795
single_direct_conflict_relevance_raw,303,Taliban,2024-10-28,1.0986122886681098,2.0884631901755943,-0.9898509015074846
single_direct_conflict_relevance_raw,303,Taliban,2024-11-11,1.9459101490553132,1.8284600770926636,0.11745007196264967
single_direct_conflict_relevance_raw,303,Taliban,2024-11-25,2.5649493574615367,1.897374851437088,0.6675745060244487
single_direct_conflict_relevance_raw,303,Taliban,2024-12-09,3.295836866004329,2.439564229302423,0.856272636701906
single_direct_conflict_relevance_raw,303,Taliban,2024-12-23,2.0794415416798357,2.8954747099427385,-0.8160331682629027
single_direct_conflict_relevance_raw,303,Taliban,2025-01-06,2.1972245773362196,2.1708008124106954,0.026423764925524118
single_direct_conflict_relevance_raw,303,Taliban,2025-01-20,3.367295829986474,2.4088799242802432,0.9584159057062309
single_direct_conflict_relevance_raw,303,Taliban,2025-02-03,1.6094379124341005,2.858521734805062,-1.2490838223709617
single_direct_conflict_relevance_raw,303,Taliban,2025-02-17,0.6931471805599453,2.240516401081168,-1.5473692205212224
single_direct_conflict_relevance_raw,303,Taliban,2025-03-03,0.0,1.5950860456867173,-1.5950860456867173
single_direct_conflict_relevance_raw,303,Taliban,2025-03-17,0.0,1.3106066194348516,-1.3106066194348516
single_direct_conflict_relevance_raw,303,Taliban,2025-03-31,0.0,1.081799535156922,-1.081799535156922
single_direct_conflict_relevance_raw,303,Taliban,2025-04-14,0.6931471805599453,1.0769783228099081,-0.38383114224996284
single_direct_conflict_relevance_raw,303,Taliban,2025-04-28,2.8903717578961645,1.4044929777000417,1.4858787801961229
single_direct_conflict_relevance_raw,303,Taliban,2025-05-12,1.9459101490553132,2.3138914637578933,-0.3679813147025801
single_direct_conflict_relevance_raw,303,Taliban,2025-05-26,2.0794415416798357,2.2706375523156117,-0.19119601063577596
single_direct_conflict_relevance_raw,303,Taliban,2025-06-09,2.8903717578961645,2.1568738504981364,0.7334979073980281
single_direct_conflict_relevance_raw,303,Taliban,2025-06-23,1.6094379124341005,2.708550222971035,-1.0991123105369347
single_direct_conflict_relevance_raw,303,Taliban,2025-07-07,0.6931471805599453,1.9908325070760609,-1.2976853265161155
single_direct_conflict_relevance_raw,303,Taliban,2025-07-21,2.3978952727983707,1.4149250462918237,0.982970226506547
single_direct_conflict_relevance_raw,303,Taliban,2025-08-04,1.3862943611198906,1.9673502054516439,-0.5810558443317533
single_direct_conflict_relevance_raw,303,Taliban,2025-08-18,1.791759469228055,1.959072142073359,-0.16731267284530404
single_direct_conflict_relevance_raw,303,Taliban,2025-09-01,1.9459101490553132,1.8775943744337784,0.06831577462153482
single_direct_conflict_relevance_raw,303,Taliban,2025-09-15,4.48863636973214,2.1847371767642176,2.303899192967922
single_direct_conflict_relevance_raw,303,Taliban,2025-09-29,3.784189633918261,3.2210567703834228,0.5631328635348383
single_direct_conflict_relevance_raw,303,Taliban,2025-10-13,2.4849066497880004,3.105482459432345,-0.6205758096443446
single_direct_conflict_relevance_raw,303,Taliban,2025-10-27,0.0,2.52875774214524,-2.52875774214524
single_direct_conflict_relevance_raw,303,Taliban,2025-11-10,2.833213344056216,1.3428255880900888,1.4903877559661274
single_direct_conflict_relevance_raw,303,Taliban,2025-11-24,1.3862943611198906,2.4070331354980605,-1.02073877437817
single_direct_conflict_relevance_raw,group:farc_bloc,FARC family,2020-01-13,1.6094379124341005,1.7612513648585528,-0.15181345242445232
single_direct_conflict_relevance_raw,group:farc_bloc,FARC family,2020-01-27,2.0794415416798357,1.9599503677076364,0.11949117397219933
single_direct_conflict_relevance_raw,group:farc_bloc,FARC family,2020-02-24,0.0,1.1980410791008367,-1.1980410791008367
single_direct_conflict_relevance_raw,group:farc_bloc,FARC family,2020-06-15,1.0986122886681098,2.0160886306255685,-0.9174763419574588
single_direct_conflict_relevance_raw,group:farc_bloc,FARC family,2020-07-13,1.6094379124341005,1.7173194564870415,-0.10788154405294104
single_direct_conflict_relevance_raw,group:farc_bloc,FARC family,2020-07-27,2.4849066497880004,1.6751613794873874,0.8097452703006129
single_direct_conflict_relevance_raw,group:farc_bloc,FARC family,2020-08-10,1.9459101490553132,2.0800510359140185,-0.1341408868587053
single_direct_conflict_relevance_raw,group:farc_bloc,FARC family,2020-08-24,2.3978952727983707,1.9708698367340782,0.42702543606429244
single_direct_conflict_relevance_raw,group:farc_bloc,FARC family,2020-09-21,1.6094379124341005,1.3870169717673035,0.22242094066679696
single_direct_conflict_relevance_raw,group:farc_bloc,FARC family,2020-10-05,1.0986122886681098,1.533033436866634,-0.4344211481985243
single_direct_conflict_relevance_raw,group:farc_bloc,FARC family,2020-11-16,0.0,1.115526595739355,-1.115526595739355
single_direct_conflict_relevance_raw,group:farc_bloc,FARC family,2020-12-28,1.9459101490553132,1.1521241106411864,0.7937860384141269
single_direct_conflict_relevance_raw,group:farc_bloc,FARC family,2021-01-25,0.6931471805599453,2.1162486357035064,-1.423101455143561
single_direct_conflict_relevance_raw,group:farc_bloc,FARC family,2021-02-08,3.367295829986474,1.474009990798312,1.8932858391881622
single_direct_conflict_relevance_raw,group:farc_bloc,FARC family,2021-02-22,0.0,2.3495634394578206,-2.3495634394578206
single_direct_conflict_relevance_raw,group:farc_bloc,FARC family,2021-03-08,1.3862943611198906,1.278740267778185,0.10755409334170563
single_direct_conflict_relevance_raw,group:farc_bloc,FARC family,2021-03-22,3.044522437723423,1.6808889120858916,1.3636335256375314
single_direct_conflict_relevance_raw,group:farc_bloc,FARC family,2021-04-05,1.791759469228055,2.4206312847644904,-0.6288718155364355
single_direct_conflict_relevance_raw,group:farc_bloc,FARC family,2021-04-19,0.0,2.0997149672599233,-2.0997149672599233
single_direct_conflict_relevance_raw,group:farc_bloc,FARC family,2021-05-17,0.0,1.312457515556198,-1.312457515556198
single_direct_conflict_relevance_raw,group:farc_bloc,FARC family,2021-10-04,2.6390573296152584,2.3960242061684163,0.24303312344684214
single_direct_conflict_relevance_raw,group:farc_bloc,FARC family,2021-11-29,0.6931471805599453,1.0044153801934381,-0.31126819963349284
single_direct_conflict_relevance_raw,group:farc_bloc,FARC family,2021-12-27,2.1972245773362196,2.731091053456562,-0.5338664761203424
single_direct_conflict_relevance_raw,group:farc_bloc,FARC family,2022-01-10,2.995732273553991,2.282446479940827,0.713285793613164
single_direct_conflict_relevance_raw,group:farc_bloc,FARC family,2022-01-24,2.3978952727983707,2.55831212098925,-0.16041684819087942
single_direct_conflict_relevance_raw,group:farc_bloc,FARC family,2022-02-21,2.5649493574615367,2.683615158399298,-0.11866580093776147
single_direct_conflict_relevance_raw,group:farc_bloc,FARC family,2022-03-21,1.791759469228055,2.4949436930382864,-0.7031842238102315
single_direct_conflict_relevance_raw,group:farc_bloc,FARC family,2022-06-27,2.1972245773362196,2.134269640203329,0.06295493713289035
single_direct_conflict_relevance_raw,group:farc_bloc,FARC family,2022-07-11,1.791759469228055,2.2504614769881135,-0.45870200776005854
single_direct_conflict_relevance_raw,group:farc_bloc,FARC family,2022-07-25,0.0,1.9023424741827888,-1.9023424741827888
single_direct_conflict_relevance_raw,group:farc_bloc,FARC family,2022-11-28,2.302585092994046,1.9905890709722043,0.3119960220218416
single_direct_conflict_relevance_raw,group:farc_bloc,FARC family,2023-05-15,2.6390573296152584,2.2833112561206255,0.35574607349463294
single_direct_conflict_relevance_raw,group:farc_bloc,FARC family,2023-07-10,2.833213344056216,1.5753942410594473,1.257819102996769
single_direct_conflict_relevance_raw,group:farc_bloc,FARC family,2023-07-24,2.3978952727983707,2.254789923755662,0.14310534904270877
single_direct_conflict_relevance_raw,group:farc_bloc,FARC family,2023-08-07,2.772588722239781,2.13376954598151,0.6388191762582713
single_direct_conflict_relevance_raw,group:farc_bloc,FARC family,2023-09-04,2.772588722239781,2.6182573127277036,0.15433140951207758
single_direct_conflict_relevance_raw,group:farc_bloc,FARC family,2023-09-18,2.3978952727983707,2.475944790041054,-0.07804951724268339
single_direct_conflict_relevance_raw,group:farc_bloc,FARC family,2023-12-25,1.6094379124341005,1.5536109927167165,0.05582691971738396
single_direct_conflict_relevance_raw,group:farc_bloc,FARC family,2024-01-08,2.1972245773362196,1.5899261693077542,0.6072984080284654
single_direct_conflict_relevance_raw,group:farc_bloc,FARC family,2024-03-04,2.6390573296152584,2.1900485965214136,0.4490087330938448
single_direct_conflict_relevance_raw,group:farc_bloc,FARC family,2024-03-18,2.9444389791664403,2.30106684675315,0.6433721324132904
single_direct_conflict_relevance_raw,group:farc_bloc,FARC family,2024-04-01,2.995732273553991,2.4304698048146642,0.5652624687393266
single_direct_conflict_relevance_raw,group:farc_bloc,FARC family,2024-04-15,2.6390573296152584,2.4286329488199385,0.2104243807953199
single_direct_conflict_relevance_raw,group:farc_bloc,FARC family,2024-04-29,2.3978952727983707,2.4023952851884314,-0.004500012390060704
single_direct_conflict_relevance_raw,group:farc_bloc,FARC family,2024-05-13,2.70805020110221,2.22178592387088,0.48626427723133014
single_direct_conflict_relevance_raw,group:farc_bloc,FARC family,2024-05-27,2.4849066497880004,2.1941236043271335,0.29078304546086686
single_direct_conflict_relevance_raw,group:farc_bloc,FARC family,2024-06-10,1.6094379124341005,2.2249400290467487,-0.6155021166126482
single_direct_conflict_relevance_raw,group:farc_bloc,FARC family,2024-07-08,2.1972245773362196,2.0736340879599413,0.12359048937627826
single_direct_conflict_relevance_raw,group:farc_bloc,FARC family,2024-09-30,2.833213344056216,2.177283624069797,0.6559297199864194
single_direct_conflict_relevance_raw,group:farc_bloc,FARC family,2025-01-06,3.828641396489095,2.2083900179977647,1.6202513784913304
single_direct_conflict_relevance_raw,group:farc_bloc,FARC family,2025-01-20,1.3862943611198906,2.6761113420591744,-1.2898169809392839
single_direct_conflict_relevance_raw,group:farc_bloc,FARC family,2025-02-03,2.1972245773362196,1.7276060763901955,0.4696185009460241
single_direct_conflict_relevance_raw,group:farc_bloc,FARC family,2025-02-17,3.1780538303479458,1.954534592376064,1.2235192379718818
single_direct_conflict_relevance_raw,group:farc_bloc,FARC family,2025-03-03,2.3978952727983707,2.422732592994227,-0.02483732019585627
single_direct_conflict_relevance_raw,group:farc_bloc,FARC family,2025-03-17,3.4339872044851463,2.134836001919837,1.2991512025653091
single_direct_conflict_relevance_raw,group:farc_bloc,FARC family,2025-04-14,2.833213344056216,2.3611006135779533,0.47211273047826285
single_direct_conflict_relevance_raw,group:farc_bloc,FARC family,2025-04-28,2.772588722239781,2.2490512843071793,0.5235374379326019
single_direct_conflict_relevance_raw,group:farc_bloc,FARC family,2025-05-12,1.9459101490553132,2.340269336927122,-0.3943591878718087
single_direct_conflict_relevance_raw,group:farc_bloc,FARC family,2025-07-07,1.9459101490553132,2.0070643573735403,-0.061154208318227044
single_direct_conflict_relevance_raw,group:farc_bloc,FARC family,2025-07-21,2.3978952727983707,1.6418962768335015,0.7559989959648692
single_direct_conflict_relevance_raw,group:farc_bloc,FARC family,2025-08-04,3.295836866004329,2.020169605656206,1.275667260348123
single_direct_conflict_relevance_raw,group:farc_bloc,FARC family,2025-08-18,2.3978952727983707,2.4942934296081596,-0.09639815680978892
single_direct_conflict_relevance_raw,group:farc_bloc,FARC family,2025-09-01,1.9459101490553132,2.228840518423217,-0.28293036936790394
single_direct_conflict_relevance_raw,group:farc_bloc,FARC family,2025-11-10,0.0,2.436646482967935,-2.436646482967935
single_physical_violence_raw,209,Hamas,2020-01-13,0.0,1.084544507423868,-1.084544507423868
single_physical_violence_raw,209,Hamas,2020-01-27,0.0,0.6269829236853313,-0.6269829236853313
single_physical_violence_raw,209,Hamas,2020-02-10,0.0,0.41618011537089133,-0.41618011537089133
single_physical_violence_raw,209,Hamas,2020-02-24,0.0,0.3488817299536294,-0.3488817299536294
single_physical_violence_raw,209,Hamas,2020-03-23,0.0,0.3242268744597788,-0.3242268744597788
single_physical_violence_raw,209,Hamas,2020-05-04,0.0,0.3383632433855537,-0.3383632433855537
single_physical_violence_raw,209,Hamas,2020-06-15,0.0,0.40693610474459707,-0.40693610474459707
single_physical_violence_raw,209,Hamas,2020-06-29,0.0,0.4327291757897402,-0.4327291757897402
single_physical_violence_raw,209,Hamas,2020-07-27,0.0,0.6853367560895018,-0.6853367560895018
single_physical_violence_raw,209,Hamas,2020-08-10,0.0,0.5306843868810461,-0.5306843868810461
single_physical_violence_raw,209,Hamas,2020-08-24,0.0,0.40794948998315905,-0.40794948998315905
single_physical_violence_raw,209,Hamas,2020-09-07,0.0,0.3870375279450214,-0.3870375279450214
single_physical_violence_raw,209,Hamas,2020-10-19,0.0,0.5243006572009977,-0.5243006572009977
single_physical_violence_raw,209,Hamas,2020-11-02,0.0,0.3900268308696877,-0.3900268308696877
single_physical_violence_raw,209,Hamas,2020-11-16,0.0,0.3828872164396139,-0.3828872164396139
single_physical_violence_raw,209,Hamas,2020-12-14,0.0,0.47255382552423353,-0.47255382552423353
single_physical_violence_raw,209,Hamas,2020-12-28,0.0,0.2565353851965389,-0.2565353851965389
single_physical_violence_raw,209,Hamas,2021-01-11,0.0,0.4919823044105358,-0.4919823044105358
single_physical_violence_raw,209,Hamas,2021-01-25,0.0,0.10018314066176154,-0.10018314066176154
single_physical_violence_raw,209,Hamas,2021-02-08,0.0,0.028297570633482205,-0.028297570633482205
single_physical_violence_raw,209,Hamas,2021-02-22,0.0,0.04500419288397728,-0.04500419288397728
single_physical_violence_raw,209,Hamas,2021-03-08,0.0,0.17101639566660173,-0.17101639566660173
single_physical_violence_raw,209,Hamas,2021-03-22,0.0,0.37960822723944665,-0.37960822723944665
single_physical_violence_raw,209,Hamas,2021-04-05,0.0,0.5737634251300243,-0.5737634251300243
single_physical_violence_raw,209,Hamas,2021-04-19,5.308267697401205,0.38213237703996167,4.926135320361244
single_physical_violence_raw,209,Hamas,2021-05-03,3.091042453358316,2.3761176599640734,0.7149247933942426
single_physical_violence_raw,209,Hamas,2021-05-17,0.0,1.7335214223605981,-1.7335214223605981
single_physical_violence_raw,209,Hamas,2021-05-31,0.0,0.2630885877342111,-0.2630885877342111
single_physical_violence_raw,209,Hamas,2021-06-14,0.0,0.17834253559611377,-0.17834253559611377
single_physical_violence_raw,209,Hamas,2021-06-28,0.0,0.1256594606042894,-0.1256594606042894
single_physical_violence_raw,209,Hamas,2021-07-12,0.0,0.04135870858649354,-0.04135870858649354
single_physical_violence_raw,209,Hamas,2021-07-26,1.791759469228055,0.1776146832800279,1.6141447859480271
single_physical_violence_raw,209,Hamas,2021-08-23,0.0,0.49456835796317045,-0.49456835796317045
single_physical_violence_raw,209,Hamas,2021-09-06,1.3862943611198906,0.3686437327877407,1.0176506283321498
single_physical_violence_raw,209,Hamas,2021-09-20,0.0,0.7886024497778316,-0.7886024497778316
single_physical_violence_raw,209,Hamas,2021-10-04,0.0,0.16565081175772797,-0.16565081175772797
single_physical_violence_raw,209,Hamas,2021-10-18,0.0,0.12908151103120347,-0.12908151103120347
single_physical_violence_raw,209,Hamas,2021-11-01,1.0986122886681098,0.01797869814892228,1.0806335905191875
single_physical_violence_raw,209,Hamas,2021-11-15,0.0,0.5978295256363728,-0.5978295256363728
single_physical_violence_raw,209,Hamas,2021-11-29,0.0,0.367306782657435,-0.367306782657435
single_physical_violence_raw,209,Hamas,2021-12-13,0.6931471805599453,0.29102493851245936,0.4021222420474859
single_physical_violence_raw,209,Hamas,2021-12-27,1.0986122886681098,0.6367389921407417,0.4618732965273681
single_physical_violence_raw,209,Hamas,2022-01-10,0.0,0.44607531112172105,-0.44607531112172105
single_physical_violence_raw,209,Hamas,2022-01-24,0.0,0.3840297961170097,-0.3840297961170097
single_physical_violence_raw,209,Hamas,2022-02-07,0.0,0.07847026365085014,-0.07847026365085014
single_physical_violence_raw,209,Hamas,2022-02-21,0.0,0.10879962597382686,-0.10879962597382686
single_physical_violence_raw,209,Hamas,2022-03-07,0.0,0.09217767442693808,-0.09217767442693808
single_physical_violence_raw,209,Hamas,2022-03-21,0.0,0.017648525775469992,-0.017648525775469992
single_physical_violence_raw,209,Hamas,2022-04-04,0.6931471805599453,0.3606965331901207,0.3324506473698246
single_physical_violence_raw,209,Hamas,2022-04-18,0.0,0.6132049615181666,-0.6132049615181666
single_physical_violence_raw,209,Hamas,2022-05-02,0.0,0.22453451157824952,-0.22453451157824952
single_physical_violence_raw,209,Hamas,2022-05-16,0.0,0.04297021030280218,-0.04297021030280218
single_physical_violence_raw,209,Hamas,2022-05-30,0.0,-0.014212668085119617,0.014212668085119617
single_physical_violence_raw,209,Hamas,2022-06-13,0.0,0.3261711662297785,-0.3261711662297785
single_physical_violence_raw,209,Hamas,2022-06-27,0.0,-0.15066322591497294,0.15066322591497294
single_physical_violence_raw,209,Hamas,2022-07-11,0.0,0.3331174508044118,-0.3331174508044118
single_physical_violence_raw,209,Hamas,2022-07-25,0.0,0.3180124054388834,-0.3180124054388834
single_physical_violence_raw,209,Hamas,2022-08-08,0.0,0.25020837216666075,-0.25020837216666075
single_physical_violence_raw,209,Hamas,2022-08-22,0.6931471805599453,0.27236718220257045,0.42077999835737484
single_physical_violence_raw,209,Hamas,2022-09-05,0.0,0.3692775775006757,-0.3692775775006757
single_physical_violence_raw,209,Hamas,2022-09-19,1.3862943611198906,0.3177156103858414,1.0685787507340492
single_physical_violence_raw,209,Hamas,2022-10-03,1.0986122886681098,0.81002026958023,0.2885920190878798
single_physical_violence_raw,209,Hamas,2022-10-17,0.0,0.733685159402643,-0.733685159402643
single_physical_violence_raw,209,Hamas,2022-10-31,1.0986122886681098,0.2835964882984245,0.8150158003696852
single_physical_violence_raw,209,Hamas,2022-11-14,0.0,0.6602519541711074,-0.6602519541711074
single_physical_violence_raw,209,Hamas,2022-11-28,0.6931471805599453,0.2649734252127314,0.4281737553472139
single_physical_violence_raw,209,Hamas,2022-12-12,1.3862943611198906,0.6058790361230931,0.7804153249967974
single_physical_violence_raw,209,Hamas,2022-12-26,0.0,0.5908861189677046,-0.5908861189677046
single_physical_violence_raw,209,Hamas,2023-01-09,0.6931471805599453,0.039125879343009595,0.6540213012169357
single_physical_violence_raw,209,Hamas,2023-01-23,1.791759469228055,0.5538003531699394,1.2379591160581156
single_physical_violence_raw,209,Hamas,2023-02-06,1.0986122886681098,0.9848311602956376,0.11378112837247223
single_physical_violence_raw,209,Hamas,2023-02-20,2.302585092994046,0.9277777035606674,1.3748073894333785
single_physical_violence_raw,209,Hamas,2023-03-06,0.0,1.3636848686712733,-1.3636848686712733
single_physical_violence_raw,209,Hamas,2023-03-20,0.0,0.22839204229071827,-0.22839204229071827
single_physical_violence_raw,209,Hamas,2023-04-03,0.0,0.3070963253548379,-0.3070963253548379
single_physical_violence_raw,209,Hamas,2023-04-17,1.9459101490553132,-0.15208989098049608,2.098000040035809
single_physical_violence_raw,209,Hamas,2023-05-01,0.0,0.9890207193791735,-0.9890207193791735
single_physical_violence_raw,209,Hamas,2023-05-15,0.0,0.08799103359249255,-0.08799103359249255
single_physical_violence_raw,209,Hamas,2023-05-29,1.791759469228055,-0.04564162645516057,1.8374010956832154
single_physical_violence_raw,209,Hamas,2023-06-12,1.0986122886681098,0.9278295449447835,0.17078274372332625
single_physical_violence_raw,209,Hamas,2023-06-26,0.0,0.8581171745331149,-0.8581171745331149
single_physical_violence_raw,209,Hamas,2023-07-10,1.6094379124341005,0.09543897139124097,1.5139989410428596
single_physical_violence_raw,209,Hamas,2023-07-24,0.0,0.8426396963490617,-0.8426396963490617
single_physical_violence_raw,209,Hamas,2023-08-07,0.0,0.2925888274381375,-0.2925888274381375
single_physical_violence_raw,209,Hamas,2023-08-21,0.0,0.1535368384971041,-0.1535368384971041
single_physical_violence_raw,209,Hamas,2023-09-04,2.0794415416798357,0.1929493721124889,1.8864921695673469
single_physical_violence_raw,209,Hamas,2023-09-18,8.670772279344538,4.44476662659253,4.226005652752008
single_physical_violence_raw,209,Hamas,2023-10-02,8.45638105201948,6.786590192425436,1.6697908595940447
single_physical_violence_raw,209,Hamas,2023-10-16,8.645586406184636,7.250837665497542,1.3947487406870938
single_physical_violence_raw,209,Hamas,2023-10-30,7.5411524551363085,7.681682168443196,-0.14052971330688724
single_physical_violence_raw,209,Hamas,2023-11-13,8.763740720509464,7.603529812144352,1.1602109083651122
single_physical_violence_raw,209,Hamas,2023-11-27,7.596894438144544,7.582122965263899,0.01477147288064451
single_physical_violence_raw,209,Hamas,2023-12-11,7.839131648274333,7.113307255274012,0.7258243930003205
single_physical_violence_raw,209,Hamas,2023-12-25,6.423246963533519,7.197374466685628,-0.7741275031521084
single_physical_violence_raw,209,Hamas,2024-01-08,7.348587530927593,6.515069635703245,0.8335178952243476
single_physical_violence_raw,209,Hamas,2024-01-22,6.618738983517219,6.750711397913034,-0.13197241439581475
single_physical_violence_raw,209,Hamas,2024-02-05,7.405495663199472,6.535894694068231,0.8696009691312412
single_physical_violence_raw,209,Hamas,2024-02-19,6.532334292222349,6.789586860967271,-0.25725256874492164
single_physical_violence_raw,209,Hamas,2024-03-04,6.499787040655854,6.488157549390403,0.011629491265451541
single_physical_violence_raw,209,Hamas,2024-03-18,6.639875833826536,6.4550409135512705,0.18483492027526527
single_physical_violence_raw,209,Hamas,2024-04-01,5.777652323222656,6.474413365256645,-0.6967610420339883
single_physical_violence_raw,209,Hamas,2024-04-15,6.513230110912307,6.039195079270975,0.474035031641332
single_physical_violence_raw,209,Hamas,2024-04-29,6.504288173536645,6.318911887550014,0.18537628598663147
single_physical_violence_raw,209,Hamas,2024-05-13,6.922643891475888,6.421874758382911,0.5007691330929767
single_physical_violence_raw,209,Hamas,2024-05-27,6.068425588244111,6.721045111984122,-0.652619523740011
single_physical_violence_raw,209,Hamas,2024-06-10,6.78332520060396,6.332973847570259,0.45035135303370044
single_physical_violence_raw,209,Hamas,2024-06-24,6.580639137284949,6.5923701034584905,-0.01173096617354119
single_physical_violence_raw,209,Hamas,2024-07-08,6.698268054115413,6.6956580501141065,0.0026100040013066206
single_physical_violence_raw,209,Hamas,2024-07-22,6.184148890937483,6.512376388877131,-0.3282274979396478
single_physical_violence_raw,209,Hamas,2024-08-05,6.434546518787453,6.194143752045786,0.24040276674166705
single_physical_violence_raw,209,Hamas,2024-08-19,6.056784013228625,6.5068177444442625,-0.4500337312156377
single_physical_violence_raw,209,Hamas,2024-09-02,6.028278520230698,6.271031996559359,-0.2427534763286614
single_physical_violence_raw,209,Hamas,2024-09-16,6.961296045910167,6.280252210548687,0.6810438353614803
single_physical_violence_raw,209,Hamas,2024-09-30,6.601230118728877,6.572358703330313,0.028871415398564082
single_physical_violence_raw,209,Hamas,2024-10-14,6.725033642166843,6.603815240688705,0.12121840147813767
single_physical_violence_raw,209,Hamas,2024-10-28,6.419994928147142,6.602924563899519,-0.18292963575237664
single_physical_violence_raw,209,Hamas,2024-11-11,6.42648845745769,6.417193395194298,0.009295062263392495
single_physical_violence_raw,209,Hamas,2024-11-25,6.391917113392602,6.4110143533726545,-0.019097239980052194
single_physical_violence_raw,209,Hamas,2024-12-09,6.406879986069314,6.42501486545607,-0.018134879386756175
single_physical_violence_raw,209,Hamas,2024-12-23,6.366470447731438,6.5277454022279855,-0.16127495449654727
single_physical_violence_raw,209,Hamas,2025-01-06,3.828641396489095,6.260118935800312,-2.431477539311217
single_physical_violence_raw,209,Hamas,2025-01-20,3.1780538303479458,5.264136237908608,-2.0860824075606623
single_physical_violence_raw,209,Hamas,2025-02-03,3.258096538021482,4.640203772784686,-1.3821072347632035
single_physical_violence_raw,209,Hamas,2025-02-17,4.532599493153256,4.799305202779411,-0.26670570962615514
single_physical_violence_raw,209,Hamas,2025-03-03,6.79794041297493,5.166641026624335,1.6312993863505953
single_physical_violence_raw,209,Hamas,2025-03-17,6.421622267806518,6.509454075368446,-0.08783180756192799
single_physical_violence_raw,209,Hamas,2025-03-31,6.3818160174060985,6.540681011361723,-0.1588649939556248
single_physical_violence_raw,209,Hamas,2025-04-14,6.429719478039138,6.441642678845897,-0.011923200806759127
single_physical_violence_raw,209,Hamas,2025-04-28,7.142036574706803,6.413819015854381,0.728217558852422
single_physical_violence_raw,209,Hamas,2025-05-12,6.654152520183219,6.74969298472979,-0.09554046454657072
single_physical_violence_raw,209,Hamas,2025-05-26,6.698268054115413,6.636442674131019,0.06182537998439397
single_physical_violence_raw,209,Hamas,2025-06-09,7.094234845924755,6.728984088258308,0.36525075766644743
single_physical_violence_raw,209,Hamas,2025-06-23,7.052721049232323,6.800001942812262,0.2527191064200611
single_physical_violence_raw,209,Hamas,2025-07-07,6.7650389767805414,6.8317049045854,-0.06666592780485825
single_physical_violence_raw,209,Hamas,2025-07-21,6.539585955617669,6.494429386417355,0.04515656920031397
single_physical_violence_raw,209,Hamas,2025-08-04,6.670766320845874,6.333617235097199,0.33714908574867497
single_physical_violence_raw,209,Hamas,2025-08-18,6.866933284461882,6.5401833118316475,0.32674997263023453
single_physical_violence_raw,209,Hamas,2025-09-01,6.872128101338986,6.623944561574396,0.2481835397645904
single_physical_violence_raw,209,Hamas,2025-09-15,6.270988431858299,6.494177400845578,-0.22318896898727836
single_physical_violence_raw,209,Hamas,2025-09-29,4.48863636973214,6.133551900827622,-1.6449155310954824
single_physical_violence_raw,209,Hamas,2025-10-13,4.844187086458591,5.531322940773047,-0.6871358543144561
single_physical_violence_raw,209,Hamas,2025-10-27,4.394449154672439,5.599371356814223,-1.204922202141784
single_physical_violence_raw,209,Hamas,2025-11-10,3.688879454113936,5.474133909693796,-1.7852544555798602
single_physical_violence_raw,209,Hamas,2025-11-24,3.49650756146648,5.077906065557366,-1.5813985040908864
single_physical_violence_raw,303,Taliban,2020-01-13,6.926577033222725,6.878544273823977,0.048032759398748404
single_physical_violence_raw,303,Taliban,2020-01-27,6.111467339502679,7.046556665861402,-0.9350893263587237
single_physical_violence_raw,303,Taliban,2020-02-10,7.549082710812286,6.4980710699625295,1.0510116408497563
single_physical_violence_raw,303,Taliban,2020-02-24,6.104793232414985,7.013166484745652,-0.9083732523306667
single_physical_violence_raw,303,Taliban,2020-03-09,6.169610732491456,6.639072157863046,-0.4694614253715894
single_physical_violence_raw,303,Taliban,2020-03-23,6.0867747269123065,6.5806298766394935,-0.493855149727187
single_physical_violence_raw,303,Taliban,2020-04-06,6.272877006546167,6.615191860421707,-0.34231485387553917
single_physical_violence_raw,303,Taliban,2020-04-20,6.473890696352274,6.731893088858252,-0.25800239250597734
single_physical_violence_raw,303,Taliban,2020-05-04,5.916202062607435,6.861767883946852,-0.9455658213394171
single_physical_violence_raw,303,Taliban,2020-05-18,6.049733455231958,6.567935103575413,-0.5182016483434557
single_physical_violence_raw,303,Taliban,2020-06-01,6.775366090936392,6.635554589356273,0.13981150158011868
single_physical_violence_raw,303,Taliban,2020-06-15,6.455198563340122,6.676981915453046,-0.221783352112924
single_physical_violence_raw,303,Taliban,2020-06-29,6.9167150203536085,6.411532653524903,0.5051823668287057
single_physical_violence_raw,303,Taliban,2020-07-13,5.5053315359323625,7.04188022288794,-1.5365486869555776
single_physical_violence_raw,303,Taliban,2020-07-27,6.646390514847729,6.324706224067244,0.3216842907804853
single_physical_violence_raw,303,Taliban,2020-08-10,6.674561391814426,6.7281817844629135,-0.0536203926484875
single_physical_violence_raw,303,Taliban,2020-08-24,6.823286122355687,7.0146702415717925,-0.19138411921610565
single_physical_violence_raw,303,Taliban,2020-09-07,6.395261598115449,6.849795728661178,-0.45453413054572867
single_physical_violence_raw,303,Taliban,2020-09-21,7.080026499922591,6.899380401536973,0.1806460983856173
single_physical_violence_raw,303,Taliban,2020-10-05,7.234898420314831,7.037182981410536,0.19771543890429477
single_physical_violence_raw,303,Taliban,2020-10-19,6.92461239604856,7.331281376633495,-0.40666898058493484
single_physical_violence_raw,303,Taliban,2020-11-02,6.612041034833092,7.347498170349507,-0.7354571355164152
single_physical_violence_raw,303,Taliban,2020-11-16,6.9440872082295275,6.77892955507275,0.16515765315677733
single_physical_violence_raw,303,Taliban,2020-11-30,6.76849321164863,6.929848329349573,-0.16135511770094357
single_physical_violence_raw,303,Taliban,2020-12-14,7.037027614686276,7.102969141007314,-0.06594152632103789
single_physical_violence_raw,303,Taliban,2020-12-28,7.020190708311925,7.009390645103046,0.010800063208878719
single_physical_violence_raw,303,Taliban,2021-01-11,7.050122520269059,7.0500284596749765,9.406059408245682e-05
single_physical_violence_raw,303,Taliban,2021-01-25,7.065613363597717,6.938498813059942,0.1271145505377751
single_physical_violence_raw,303,Taliban,2021-02-08,6.674561391814426,6.9091909388547545,-0.23462954704032857
single_physical_violence_raw,303,Taliban,2021-02-22,6.602587892189336,6.800498148058233,-0.197910255868897
single_physical_violence_raw,303,Taliban,2021-03-08,6.893656354602635,6.648118366459746,0.24553798814288896
single_physical_violence_raw,303,Taliban,2021-03-22,6.96979066990159,6.859394153268678,0.11039651663291217
single_physical_violence_raw,303,Taliban,2021-04-05,7.373374309910049,6.704392537754471,0.6689817721555782
single_physical_violence_raw,303,Taliban,2021-04-19,7.503840746698951,7.006110970795985,0.4977297759029655
single_physical_violence_raw,303,Taliban,2021-05-03,7.899524472032198,7.197391924377422,0.7021325476547755
single_physical_violence_raw,303,Taliban,2021-05-17,8.013012110368916,7.448741035811423,0.5642710745574924
single_physical_violence_raw,303,Taliban,2021-05-31,8.24800570160062,7.417548248012361,0.8304574535882594
single_physical_violence_raw,303,Taliban,2021-06-14,8.3707791729607,7.499648425118378,0.8711307478423223
single_physical_violence_raw,303,Taliban,2021-06-28,8.0774471493312,7.441542328627005,0.6359048207041944
single_physical_violence_raw,303,Taliban,2021-07-12,8.520388082312756,7.263484089356613,1.2569039929561434
single_physical_violence_raw,303,Taliban,2021-07-26,7.353722330399632,7.353722330399661,-2.842170943040401e-14
single_physical_violence_raw,303,Taliban,2021-08-09,6.133398042996649,5.391630617207877,0.7417674257887716
single_physical_violence_raw,303,Taliban,2021-08-23,4.584967478670572,4.4320410444891465,0.15292643418142582
single_physical_violence_raw,303,Taliban,2021-09-06,4.007333185232471,3.5989066544985553,0.4084265307339159
single_physical_violence_raw,303,Taliban,2021-09-20,3.1354942159291497,3.245013898213073,-0.10951968228392328
single_physical_violence_raw,303,Taliban,2021-10-04,3.4339872044851463,2.8966668473620056,0.5373203571231406
single_physical_violence_raw,303,Taliban,2021-10-18,3.80666248977032,2.853281161094852,0.953381328675468
single_physical_violence_raw,303,Taliban,2021-11-01,2.6390573296152584,3.0915267697744993,-0.45246944015924084
single_physical_violence_raw,303,Taliban,2021-11-15,2.4849066497880004,2.5919090217060132,-0.10700237191801287
single_physical_violence_raw,303,Taliban,2021-11-29,2.4849066497880004,2.5214589561164145,-0.03655230632841411
single_physical_violence_raw,303,Taliban,2021-12-13,1.0986122886681098,2.3827142534408385,-1.2841019647727288
single_physical_violence_raw,303,Taliban,2021-12-27,3.044522437723423,1.8312001583616402,1.2133222793617828
single_physical_violence_raw,303,Taliban,2022-01-10,2.833213344056216,2.6100949147872243,0.22311842926899184
single_physical_violence_raw,303,Taliban,2022-01-24,2.772588722239781,2.4809711770058755,0.2916175452339056
single_physical_violence_raw,303,Taliban,2022-02-07,1.791759469228055,2.482062532645881,-0.6903030634178262
single_physical_violence_raw,303,Taliban,2022-02-21,2.302585092994046,2.379521249079672,-0.0769361560856261
single_physical_violence_raw,303,Taliban,2022-03-07,4.23410650459726,2.303818379937298,1.9302881246599615
single_physical_violence_raw,303,Taliban,2022-03-21,3.258096538021482,3.0829378487354147,0.17515868928606748
single_physical_violence_raw,303,Taliban,2022-04-04,4.204692619390966,3.0756732982332773,1.1290193211576884
single_physical_violence_raw,303,Taliban,2022-04-18,4.564348191467836,3.6422692592852695,0.9220789321825666
single_physical_violence_raw,303,Taliban,2022-05-02,3.8501476017100584,3.5336297770243883,0.31651782468567013
single_physical_violence_raw,303,Taliban,2022-05-16,4.02535169073515,3.2959356229029666,0.729416067832183
single_physical_violence_raw,303,Taliban,2022-05-30,4.382026634673881,3.329456068639965,1.0525705660339164
single_physical_violence_raw,303,Taliban,2022-06-13,3.9318256327243257,3.5461492874550498,0.38567634526927597
single_physical_violence_raw,303,Taliban,2022-06-27,3.951243718581427,3.4024045342507394,0.5488391843306877
single_physical_violence_raw,303,Taliban,2022-07-11,3.4011973816621555,3.3135258196701125,0.08767156199204296
single_physical_violence_raw,303,Taliban,2022-07-25,3.295836866004329,3.154133635592623,0.1417032304117063
single_physical_violence_raw,303,Taliban,2022-08-08,2.833213344056216,2.9640478381382938,-0.1308344940820776
single_physical_violence_raw,303,Taliban,2022-08-22,5.25227342804663,2.707514679915558,2.544758748131072
single_physical_violence_raw,303,Taliban,2022-09-05,3.6635616461296463,3.861364517712089,-0.19780287158244292
single_physical_violence_raw,303,Taliban,2022-09-19,4.127134385045092,3.3476743386013728,0.7794600464437189
single_physical_violence_raw,303,Taliban,2022-10-03,3.951243718581427,3.4127145063118194,0.5385292122696077
single_physical_violence_raw,303,Taliban,2022-10-17,2.833213344056216,3.4791771412467614,-0.6459637971905452
single_physical_violence_raw,303,Taliban,2022-10-31,2.4849066497880004,2.746242099488077,-0.2613354497000766
single_physical_violence_raw,303,Taliban,2022-11-14,3.1780538303479458,2.6594820476909433,0.5185717826570024
single_physical_violence_raw,303,Taliban,2022-11-28,3.044522437723423,2.95406961812584,0.09045281959758311
single_physical_violence_raw,303,Taliban,2022-12-12,4.584967478670572,2.886276253146847,1.6986912255237252
single_physical_violence_raw,303,Taliban,2022-12-26,3.4011973816621555,3.1371926372395302,0.2640047444226252
single_physical_violence_raw,303,Taliban,2023-01-09,2.302585092994046,2.7484568498355086,-0.44587175684146274
single_physical_violence_raw,303,Taliban,2023-01-23,1.6094379124341005,2.544328300430889,-0.9348903879967887
single_physical_violence_raw,303,Taliban,2023-02-06,2.4849066497880004,2.1422201971004897,0.34268645268751063
single_physical_violence_raw,303,Taliban,2023-02-20,3.258096538021482,2.4699704252915535,0.7881261127299286
single_physical_violence_raw,303,Taliban,2023-03-06,2.4849066497880004,2.900760134135754,-0.4158534843477537
single_physical_violence_raw,303,Taliban,2023-03-20,3.871201010907891,2.5146659540630703,1.356535056844821
single_physical_violence_raw,303,Taliban,2023-04-03,1.791759469228055,2.846987214298289,-1.0552277450702339
single_physical_violence_raw,303,Taliban,2023-04-17,2.4849066497880004,2.434208422829146,0.05069822695885451
single_physical_violence_raw,303,Taliban,2023-05-01,1.3862943611198906,2.290920470745501,-0.9046261096256105
single_physical_violence_raw,303,Taliban,2023-05-15,3.6635616461296463,2.176725124159594,1.4868365219700523
single_physical_violence_raw,303,Taliban,2023-05-29,2.1972245773362196,2.8855545515780507,-0.6883299742418312
single_physical_violence_raw,303,Taliban,2023-06-12,2.1972245773362196,2.432910565946167,-0.23568598860994738
single_physical_violence_raw,303,Taliban,2023-06-26,1.3862943611198906,2.2337286751962715,-0.8474343140763809
single_physical_violence_raw,303,Taliban,2023-07-10,2.1972245773362196,1.7504333890479278,0.4467911882882918
single_physical_violence_raw,303,Taliban,2023-07-24,2.6390573296152584,2.123746484141636,0.5153108454736226
single_physical_violence_raw,303,Taliban,2023-08-07,1.791759469228055,2.337380137955548,-0.5456206687274929
single_physical_violence_raw,303,Taliban,2023-08-21,2.6390573296152584,2.0138060905380524,0.625251239077206
single_physical_violence_raw,303,Taliban,2023-09-04,0.0,2.4473151289046715,-2.4473151289046715
single_physical_violence_raw,303,Taliban,2023-09-18,1.3862943611198906,1.4164785965229127,-0.030184235403022175
single_physical_violence_raw,303,Taliban,2023-10-02,1.791759469228055,1.600646454773577,0.19111301445447793
single_physical_violence_raw,303,Taliban,2023-10-16,2.0794415416798357,1.8471830181442415,0.23225852353559429
single_physical_violence_raw,303,Taliban,2023-11-27,0.0,1.8892353889438875,-1.8892353889438875
single_physical_violence_raw,303,Taliban,2023-12-11,0.0,1.3523779231949489,-1.3523779231949489
single_physical_violence_raw,303,Taliban,2023-12-25,2.4849066497880004,1.281855051247389,1.2030515985406114
single_physical_violence_raw,303,Taliban,2024-01-08,0.0,2.165908740211131,-2.165908740211131
single_physical_violence_raw,303,Taliban,2024-01-22,0.6931471805599453,1.1240957256693795,-0.43094854510943426
single_physical_violence_raw,303,Taliban,2024-02-05,0.0,1.2435560639020113,-1.2435560639020113
single_physical_violence_raw,303,Taliban,2024-02-19,2.0794415416798357,1.111595019775231,0.9678465219046049
single_physical_violence_raw,303,Taliban,2024-03-04,3.688879454113936,1.803462679870712,1.8854167742432237
single_physical_violence_raw,303,Taliban,2024-03-18,1.6094379124341005,2.9034364575803826,-1.293998545146282
single_physical_violence_raw,303,Taliban,2024-04-01,1.3862943611198906,2.0263231420626178,-0.6400287809427272
single_physical_violence_raw,303,Taliban,2024-04-15,2.6390573296152584,1.7972406437997692,0.8418166858154892
single_physical_violence_raw,303,Taliban,2024-04-29,3.1780538303479458,2.528611280020347,0.6494425503275987
single_physical_violence_raw,303,Taliban,2024-05-13,1.0986122886681098,3.044676244715036,-1.9460639560469264
single_physical_violence_raw,303,Taliban,2024-05-27,1.0986122886681098,1.8217670690153165,-0.7231547803472067
single_physical_violence_raw,303,Taliban,2024-06-10,2.302585092994046,1.6641492248057321,0.6384358681883138
single_physical_violence_raw,303,Taliban,2024-06-24,1.3862943611198906,2.0222716275180797,-0.6359772663981891
single_physical_violence_raw,303,Taliban,2024-07-08,1.6094379124341005,1.96252852447245,-0.35309061203834946
single_physical_violence_raw,303,Taliban,2024-07-22,2.302585092994046,1.6888917355763298,0.6136933574177161
single_physical_violence_raw,303,Taliban,2024-08-05,2.1972245773362196,2.1586424005520293,0.03858217678419029
single_physical_violence_raw,303,Taliban,2024-08-19,2.772588722239781,2.198119082647885,0.574469639591896
single_physical_violence_raw,303,Taliban,2024-09-02,2.995732273553991,2.490377477944565,0.505354795609426
single_physical_violence_raw,303,Taliban,2024-09-16,2.1972245773362196,2.7577562598955487,-0.5605316825593292
single_physical_violence_raw,303,Taliban,2024-09-30,1.9459101490553132,2.443949012749713,-0.4980388636944
single_physical_violence_raw,303,Taliban,2024-10-14,1.9459101490553132,2.2423020875577366,-0.2963919385024234
single_physical_violence_raw,303,Taliban,2024-10-28,1.0986122886681098,2.1070439039872992,-1.0084316153191895
single_physical_violence_raw,303,Taliban,2024-11-11,1.9459101490553132,1.8735721034204773,0.07233804563483592
single_physical_violence_raw,303,Taliban,2024-11-25,2.5649493574615367,2.0114382331724574,0.5535111242890793
single_physical_violence_raw,303,Taliban,2024-12-09,3.295836866004329,2.5500309665898637,0.7458058994144654
single_physical_violence_raw,303,Taliban,2024-12-23,2.0794415416798357,3.0221918270423425,-0.9427502853625067
single_physical_violence_raw,303,Taliban,2025-01-06,2.1972245773362196,2.129672863418839,0.06755171391738068
single_physical_violence_raw,303,Taliban,2025-01-20,3.367295829986474,2.302696593147857,1.064599236838617
single_physical_violence_raw,303,Taliban,2025-02-03,1.6094379124341005,2.8078993602771067,-1.1984614478430062
single_physical_violence_raw,303,Taliban,2025-02-17,0.6931471805599453,2.2153941804660002,-1.5222469999060548
single_physical_violence_raw,303,Taliban,2025-03-03,0.0,1.6271571835928953,-1.6271571835928953
single_physical_violence_raw,303,Taliban,2025-03-17,0.0,1.0887746011901396,-1.0887746011901396
single_physical_violence_raw,303,Taliban,2025-03-31,0.0,0.9788508482367013,-0.9788508482367013
single_physical_violence_raw,303,Taliban,2025-04-14,0.6931471805599453,0.8866660597351195,-0.19351887917517419
single_physical_violence_raw,303,Taliban,2025-04-28,2.8903717578961645,1.4562251437625386,1.4341466141336259
single_physical_violence_raw,303,Taliban,2025-05-12,1.9459101490553132,2.291877723377085,-0.3459675743217716
single_physical_violence_raw,303,Taliban,2025-05-26,2.0794415416798357,2.240337226565183,-0.1608956848853471
single_physical_violence_raw,303,Taliban,2025-06-09,2.8903717578961645,2.2408185532686904,0.6495532046274741
single_physical_violence_raw,303,Taliban,2025-06-23,1.6094379124341005,2.556253150083784,-0.9468152376496834
single_physical_violence_raw,303,Taliban,2025-07-07,0.6931471805599453,1.890438170830979,-1.1972909902710338
single_physical_violence_raw,303,Taliban,2025-07-21,2.3978952727983707,1.5298716623051878,0.8680236104931829
single_physical_violence_raw,303,Taliban,2025-08-04,1.3862943611198906,1.9542793281789965,-0.567984967059106
single_physical_violence_raw,303,Taliban,2025-08-18,1.791759469228055,1.782938569800685,0.008820899427369966
single_physical_violence_raw,303,Taliban,2025-09-01,1.9459101490553132,2.028660925759919,-0.08275077670460562
single_physical_violence_raw,303,Taliban,2025-09-15,4.48863636973214,1.8920948225131136,2.596541547219026
single_physical_violence_raw,303,Taliban,2025-09-29,3.784189633918261,3.2052854878744252,0.5789041460438358
single_physical_violence_raw,303,Taliban,2025-10-13,2.4849066497880004,3.1165858656135486,-0.6316792158255482
single_physical_violence_raw,303,Taliban,2025-10-27,0.0,2.2397882665335054,-2.2397882665335054
single_physical_violence_raw,303,Taliban,2025-11-10,2.833213344056216,1.4970104661841261,1.33620287787209
single_physical_violence_raw,303,Taliban,2025-11-24,1.3862943611198906,2.38477013645329,-0.9984757753333995
single_physical_violence_raw,group:farc_bloc,FARC family,2020-01-13,1.6094379124341005,1.783283779526721,-0.1738458670926204
single_physical_violence_raw,group:farc_bloc,FARC family,2020-01-27,2.0794415416798357,1.6354543774176489,0.4439871642621869
single_physical_violence_raw,group:farc_bloc,FARC family,2020-02-24,0.0,1.0126772580413164,-1.0126772580413164
single_physical_violence_raw,group:farc_bloc,FARC family,2020-06-15,1.0986122886681098,1.9934495025822145,-0.8948372139141048
single_physical_violence_raw,group:farc_bloc,FARC family,2020-07-13,1.6094379124341005,1.6575279867753312,-0.04809007434123069
single_physical_violence_raw,group:farc_bloc,FARC family,2020-07-27,2.4849066497880004,1.6358359850295825,0.8490706647584179
single_physical_violence_raw,group:farc_bloc,FARC family,2020-08-10,1.9459101490553132,2.013292997945671,-0.06738284889035762
single_physical_violence_raw,group:farc_bloc,FARC family,2020-08-24,2.3978952727983707,2.1603157962614143,0.23757947653695632
single_physical_violence_raw,group:farc_bloc,FARC family,2020-09-21,1.6094379124341005,1.3410602358904242,0.2683776765436763
single_physical_violence_raw,group:farc_bloc,FARC family,2020-10-05,1.0986122886681098,1.3686342540149306,-0.27002196534682077
single_physical_violence_raw,group:farc_bloc,FARC family,2020-11-16,0.0,1.0788169951139246,-1.0788169951139246
single_physical_violence_raw,group:farc_bloc,FARC family,2020-12-28,1.9459101490553132,1.2613418569727164,0.6845682920825968
single_physical_violence_raw,group:farc_bloc,FARC family,2021-01-25,0.6931471805599453,2.0385702422419874,-1.345423061682042
single_physical_violence_raw,group:farc_bloc,FARC family,2021-02-08,3.367295829986474,1.1970784518480075,2.1702173781384664
single_physical_violence_raw,group:farc_bloc,FARC family,2021-02-22,0.0,2.3078994358492064,-2.3078994358492064
single_physical_violence_raw,group:farc_bloc,FARC family,2021-03-08,1.3862943611198906,1.3426259838946861,0.04366837722520445
single_physical_violence_raw,group:farc_bloc,FARC family,2021-03-22,3.044522437723423,1.7100133428284563,1.3345090948949667
single_physical_violence_raw,group:farc_bloc,FARC family,2021-04-05,1.791759469228055,2.344658900349065,-0.55289943112101
single_physical_violence_raw,group:farc_bloc,FARC family,2021-04-19,0.0,1.95703783868628,-1.95703783868628
single_physical_violence_raw,group:farc_bloc,FARC family,2021-05-17,0.0,1.4209475559451672,-1.4209475559451672
single_physical_violence_raw,group:farc_bloc,FARC family,2021-10-04,2.6390573296152584,2.4266258264077463,0.21243150320751214
single_physical_violence_raw,group:farc_bloc,FARC family,2021-11-29,0.6931471805599453,0.9795043055418726,-0.28635712498192734
single_physical_violence_raw,group:farc_bloc,FARC family,2021-12-27,2.1972245773362196,2.8322396383813686,-0.635015061045149
single_physical_violence_raw,group:farc_bloc,FARC family,2022-01-10,2.995732273553991,2.366396443546568,0.629335830007423
single_physical_violence_raw,group:farc_bloc,FARC family,2022-01-24,2.3978952727983707,2.5229920461716624,-0.12509677337329173
single_physical_violence_raw,group:farc_bloc,FARC family,2022-02-21,2.5649493574615367,2.617527322142375,-0.052577964680838196
single_physical_violence_raw,group:farc_bloc,FARC family,2022-03-21,1.791759469228055,2.602433607414434,-0.8106741381863789
single_physical_violence_raw,group:farc_bloc,FARC family,2022-06-27,2.1972245773362196,1.953777497058375,0.24344708027784456
single_physical_violence_raw,group:farc_bloc,FARC family,2022-07-11,1.791759469228055,2.4452013253017695,-0.6534418560737145
single_physical_violence_raw,group:farc_bloc,FARC family,2022-07-25,0.0,1.7330064496050595,-1.7330064496050595
single_physical_violence_raw,group:farc_bloc,FARC family,2022-11-28,2.302585092994046,2.1232816932557155,0.17930339973833043
single_physical_violence_raw,group:farc_bloc,FARC family,2023-05-15,2.6390573296152584,2.1234220038652354,0.515635325750023
single_physical_violence_raw,group:farc_bloc,FARC family,2023-07-10,2.833213344056216,1.6426897236067783,1.1905236204494378
single_physical_violence_raw,group:farc_bloc,FARC family,2023-07-24,2.3978952727983707,2.1388105861036513,0.2590846866947194
single_physical_violence_raw,group:farc_bloc,FARC family,2023-08-07,2.772588722239781,2.3004720187854852,0.4721167034542959
single_physical_violence_raw,group:farc_bloc,FARC family,2023-09-04,2.772588722239781,2.7461867961898085,0.0264019260499726
single_physical_violence_raw,group:farc_bloc,FARC family,2023-09-18,2.3978952727983707,2.5100162386683698,-0.11212096586999909
single_physical_violence_raw,group:farc_bloc,FARC family,2023-12-25,1.6094379124341005,1.5124451428507188,0.09699276958338165
single_physical_violence_raw,group:farc_bloc,FARC family,2024-01-08,2.1972245773362196,1.4725707161854145,0.7246538611508051
single_physical_violence_raw,group:farc_bloc,FARC family,2024-03-04,2.6390573296152584,2.266605971828951,0.37245135778630756
single_physical_violence_raw,group:farc_bloc,FARC family,2024-03-18,2.9444389791664403,2.3992703939982203,0.54516858516822
single_physical_violence_raw,group:farc_bloc,FARC family,2024-04-01,2.995732273553991,2.449299505653525,0.5464327679004657
single_physical_violence_raw,group:farc_bloc,FARC family,2024-04-15,2.6390573296152584,2.5135672603472,0.1254900692680585
single_physical_violence_raw,group:farc_bloc,FARC family,2024-04-29,2.3978952727983707,2.526691194690911,-0.1287959218925403
single_physical_violence_raw,group:farc_bloc,FARC family,2024-05-13,2.70805020110221,2.245704031219947,0.46234616988226307
single_physical_violence_raw,group:farc_bloc,FARC family,2024-05-27,2.4849066497880004,2.2625369860665794,0.22236966372142097
single_physical_violence_raw,group:farc_bloc,FARC family,2024-06-10,1.6094379124341005,2.2170616505294287,-0.6076237380953282
single_physical_violence_raw,group:farc_bloc,FARC family,2024-07-08,2.1972245773362196,2.080895840558112,0.11632873677810762
single_physical_violence_raw,group:farc_bloc,FARC family,2024-09-30,2.833213344056216,2.2828012392083874,0.5504121048478288
single_physical_violence_raw,group:farc_bloc,FARC family,2025-01-06,3.828641396489095,2.2841070666940766,1.5445343297950185
single_physical_violence_raw,group:farc_bloc,FARC family,2025-01-20,1.3862943611198906,2.4906032690858053,-1.1043089079659147
single_physical_violence_raw,group:farc_bloc,FARC family,2025-02-03,2.1972245773362196,1.9031358685537962,0.2940887087824233
single_physical_violence_raw,group:farc_bloc,FARC family,2025-02-17,3.1780538303479458,2.03666674151064,1.1413870888373059
single_physical_violence_raw,group:farc_bloc,FARC family,2025-03-03,2.3978952727983707,2.560670109043244,-0.16277483624487354
single_physical_violence_raw,group:farc_bloc,FARC family,2025-03-17,3.4339872044851463,2.240327686017812,1.1936595184673342
single_physical_violence_raw,group:farc_bloc,FARC family,2025-04-14,2.833213344056216,2.3430365669485855,0.49017677710763063
single_physical_violence_raw,group:farc_bloc,FARC family,2025-04-28,2.772588722239781,2.394421440871528,0.37816728136825306
single_physical_violence_raw,group:farc_bloc,FARC family,2025-05-12,1.9459101490553132,2.5351019593473145,-0.5891918102920013
single_physical_violence_raw,group:farc_bloc,FARC family,2025-07-07,1.9459101490553132,1.7834734964553438,0.16243665259996942
single_physical_violence_raw,group:farc_bloc,FARC family,2025-07-21,2.3978952727983707,1.5512381193408822,0.8466571534574885
single_physical_violence_raw,group:farc_bloc,FARC family,2025-08-04,3.295836866004329,2.0297591821165475,1.2660776838877816
single_physical_violence_raw,group:farc_bloc,FARC family,2025-08-18,2.3978952727983707,2.5190676126371825,-0.12117233983881182
single_physical_violence_raw,group:farc_bloc,FARC family,2025-09-01,1.9459101490553132,2.1220296433507166,-0.1761194942954034
single_physical_violence_raw,group:farc_bloc,FARC family,2025-11-10,0.0,2.4119325519993104,-2.4119325519993104
single_fatalities_present_raw,209,Hamas,2020-01-13,0.0,0.8773762577678503,-0.8773762577678503
single_fatalities_present_raw,209,Hamas,2020-01-27,0.0,0.3528131300816093,-0.3528131300816093
single_fatalities_present_raw,209,Hamas,2020-02-10,0.0,0.2851813938372463,-0.2851813938372463
single_fatalities_present_raw,209,Hamas,2020-02-24,0.0,0.3323834351564581,-0.3323834351564581
single_fatalities_present_raw,209,Hamas,2020-03-23,0.0,0.32351411257491436,-0.32351411257491436
single_fatalities_present_raw,209,Hamas,2020-05-04,0.0,0.31642430067791183,-0.31642430067791183
single_fatalities_present_raw,209,Hamas,2020-06-15,0.0,0.25165327431692575,-0.25165327431692575
single_fatalities_present_raw,209,Hamas,2020-06-29,0.0,0.2441168270872961,-0.2441168270872961
single_fatalities_present_raw,209,Hamas,2020-07-27,0.0,0.25104790321746445,-0.25104790321746445
single_fatalities_present_raw,209,Hamas,2020-08-10,0.0,0.16020194954355738,-0.16020194954355738
single_fatalities_present_raw,209,Hamas,2020-08-24,0.0,0.21753442739849493,-0.21753442739849493
single_fatalities_present_raw,209,Hamas,2020-09-07,0.0,0.23080869113449437,-0.23080869113449437
single_fatalities_present_raw,209,Hamas,2020-10-19,0.0,0.29960423695948707,-0.29960423695948707
single_fatalities_present_raw,209,Hamas,2020-11-02,0.0,0.2863895034524323,-0.2863895034524323
single_fatalities_present_raw,209,Hamas,2020-11-16,0.0,0.23432605469191392,-0.23432605469191392
single_fatalities_present_raw,209,Hamas,2020-12-14,0.0,0.23607632522100463,-0.23607632522100463
single_fatalities_present_raw,209,Hamas,2020-12-28,0.0,0.26238607803239783,-0.26238607803239783
single_fatalities_present_raw,209,Hamas,2021-01-11,0.0,0.22871150214652541,-0.22871150214652541
single_fatalities_present_raw,209,Hamas,2021-01-25,0.0,0.2965556199788754,-0.2965556199788754
single_fatalities_present_raw,209,Hamas,2021-02-08,0.0,0.2623950647126631,-0.2623950647126631
single_fatalities_present_raw,209,Hamas,2021-02-22,0.0,0.29076116187138684,-0.29076116187138684
single_fatalities_present_raw,209,Hamas,2021-03-08,0.0,0.29601054059657833,-0.29601054059657833
single_fatalities_present_raw,209,Hamas,2021-03-22,0.0,0.28601140806213116,-0.28601140806213116
single_fatalities_present_raw,209,Hamas,2021-04-05,0.0,0.23577151406448443,-0.23577151406448443
single_fatalities_present_raw,209,Hamas,2021-04-19,5.308267697401205,0.1695739794771297,5.138693717924076
single_fatalities_present_raw,209,Hamas,2021-05-03,3.091042453358316,2.4490662737505833,0.6419761796077328
single_fatalities_present_raw,209,Hamas,2021-05-17,0.0,1.9120247098252567,-1.9120247098252567
single_fatalities_present_raw,209,Hamas,2021-05-31,0.0,0.47377139982522215,-0.47377139982522215
single_fatalities_present_raw,209,Hamas,2021-06-14,0.0,0.17223720393006714,-0.17223720393006714
single_fatalities_present_raw,209,Hamas,2021-06-28,0.0,0.17147314463489455,-0.17147314463489455
single_fatalities_present_raw,209,Hamas,2021-07-12,0.0,0.20303258401051794,-0.20303258401051794
single_fatalities_present_raw,209,Hamas,2021-07-26,1.791759469228055,0.22292429186109436,1.5688351773669607
single_fatalities_present_raw,209,Hamas,2021-08-23,0.0,0.44985688161739196,-0.44985688161739196
single_fatalities_present_raw,209,Hamas,2021-09-06,1.3862943611198906,0.16988089869696077,1.21641346242293
single_fatalities_present_raw,209,Hamas,2021-09-20,0.0,0.8259619280469592,-0.8259619280469592
single_fatalities_present_raw,209,Hamas,2021-10-04,0.0,0.3507046748313004,-0.3507046748313004
single_fatalities_present_raw,209,Hamas,2021-10-18,0.0,0.22894470555523494,-0.22894470555523494
single_fatalities_present_raw,209,Hamas,2021-11-01,1.0986122886681098,0.20609568238388531,0.8925166062842245
single_fatalities_present_raw,209,Hamas,2021-11-15,0.0,0.7029599137675748,-0.7029599137675748
single_fatalities_present_raw,209,Hamas,2021-11-29,0.0,0.33073109526059774,-0.33073109526059774
single_fatalities_present_raw,209,Hamas,2021-12-13,0.6931471805599453,0.25510700795609564,0.43804017260384964
single_fatalities_present_raw,209,Hamas,2021-12-27,1.0986122886681098,0.4513915695530709,0.6472207191150389
single_fatalities_present_raw,209,Hamas,2022-01-10,0.0,0.7338523869097626,-0.7338523869097626
single_fatalities_present_raw,209,Hamas,2022-01-24,0.0,0.36998417937302147,-0.36998417937302147
single_fatalities_present_raw,209,Hamas,2022-02-07,0.0,0.2070927077655536,-0.2070927077655536
single_fatalities_present_raw,209,Hamas,2022-02-21,0.0,0.22814441483683068,-0.22814441483683068
single_fatalities_present_raw,209,Hamas,2022-03-07,0.0,0.25661121795603453,-0.25661121795603453
single_fatalities_present_raw,209,Hamas,2022-03-21,0.0,0.21626413531555883,-0.21626413531555883
single_fatalities_present_raw,209,Hamas,2022-04-04,0.6931471805599453,0.22909643059386148,0.4640507499660838
single_fatalities_present_raw,209,Hamas,2022-04-18,0.0,0.44244890816896143,-0.44244890816896143
single_fatalities_present_raw,209,Hamas,2022-05-02,0.0,0.2688657302823221,-0.2688657302823221
single_fatalities_present_raw,209,Hamas,2022-05-16,0.0,0.18092321352177987,-0.18092321352177987
single_fatalities_present_raw,209,Hamas,2022-05-30,0.0,0.20062644842818206,-0.20062644842818206
single_fatalities_present_raw,209,Hamas,2022-06-13,0.0,0.17592447395916616,-0.17592447395916616
single_fatalities_present_raw,209,Hamas,2022-06-27,0.0,0.19260013673233156,-0.19260013673233156
single_fatalities_present_raw,209,Hamas,2022-07-11,0.0,0.14995647830730807,-0.14995647830730807
single_fatalities_present_raw,209,Hamas,2022-07-25,0.0,0.22899721081192187,-0.22899721081192187
single_fatalities_present_raw,209,Hamas,2022-08-08,0.0,0.2199264373604914,-0.2199264373604914
single_fatalities_present_raw,209,Hamas,2022-08-22,0.6931471805599453,0.2620258443741683,0.43112133618577697
single_fatalities_present_raw,209,Hamas,2022-09-05,0.0,0.5330891585850148,-0.5330891585850148
single_fatalities_present_raw,209,Hamas,2022-09-19,1.3862943611198906,0.30209657090414876,1.0841977902157418
single_fatalities_present_raw,209,Hamas,2022-10-03,1.0986122886681098,0.822474545895846,0.2761377427722638
single_fatalities_present_raw,209,Hamas,2022-10-17,0.0,0.8381343033215554,-0.8381343033215554
single_fatalities_present_raw,209,Hamas,2022-10-31,1.0986122886681098,0.3108982614657133,0.7877140272023965
single_fatalities_present_raw,209,Hamas,2022-11-14,0.0,0.7298781805197461,-0.7298781805197461
single_fatalities_present_raw,209,Hamas,2022-11-28,0.6931471805599453,0.2523940205378442,0.4407531600221011
single_fatalities_present_raw,209,Hamas,2022-12-12,1.3862943611198906,0.5793539529211811,0.8069404081987095
single_fatalities_present_raw,209,Hamas,2022-12-26,0.0,0.8303365358299395,-0.8303365358299395
single_fatalities_present_raw,209,Hamas,2023-01-09,0.6931471805599453,0.28185608053036504,0.41129110002958025
single_fatalities_present_raw,209,Hamas,2023-01-23,1.791759469228055,0.4892812533052284,1.3024782159228265
single_fatalities_present_raw,209,Hamas,2023-02-06,1.0986122886681098,1.005315563939221,0.09329672472888872
single_fatalities_present_raw,209,Hamas,2023-02-20,2.302585092994046,0.8302698354816598,1.4723152575123861
single_fatalities_present_raw,209,Hamas,2023-03-06,0.0,1.312658061000417,-1.312658061000417
single_fatalities_present_raw,209,Hamas,2023-03-20,0.0,0.3707422004334754,-0.3707422004334754
single_fatalities_present_raw,209,Hamas,2023-04-03,0.0,0.07417779046698286,-0.07417779046698286
single_fatalities_present_raw,209,Hamas,2023-04-17,1.9459101490553132,0.10727398086243034,1.838636168192883
single_fatalities_present_raw,209,Hamas,2023-05-01,0.0,0.9639435337033235,-0.9639435337033235
single_fatalities_present_raw,209,Hamas,2023-05-15,0.0,0.2712726117139278,-0.2712726117139278
single_fatalities_present_raw,209,Hamas,2023-05-29,1.791759469228055,0.16848289924180848,1.6232765699862464
single_fatalities_present_raw,209,Hamas,2023-06-12,1.0986122886681098,0.9577305251319645,0.14088176353614523
single_fatalities_present_raw,209,Hamas,2023-06-26,0.0,0.7911803496275833,-0.7911803496275833
single_fatalities_present_raw,209,Hamas,2023-07-10,1.6094379124341005,0.2455607437771522,1.3638771686569484
single_fatalities_present_raw,209,Hamas,2023-07-24,0.0,0.8579482051290044,-0.8579482051290044
single_fatalities_present_raw,209,Hamas,2023-08-07,0.0,0.30859133386758175,-0.30859133386758175
single_fatalities_present_raw,209,Hamas,2023-08-21,0.0,0.17087270226163748,-0.17087270226163748
single_fatalities_present_raw,209,Hamas,2023-09-04,2.0794415416798357,0.15530976005947067,1.9241317816203651
single_fatalities_present_raw,209,Hamas,2023-09-18,8.670772279344538,4.059531817590769,4.611240461753769
single_fatalities_present_raw,209,Hamas,2023-10-02,8.45638105201948,6.888829617917505,1.5675514341019756
single_fatalities_present_raw,209,Hamas,2023-10-16,8.645586406184636,7.389993878695863,1.2555925274887727
single_fatalities_present_raw,209,Hamas,2023-10-30,7.5411524551363085,7.650036360939784,-0.1088839058034754
single_fatalities_present_raw,209,Hamas,2023-11-13,8.763740720509464,7.389833522149399,1.3739071983600653
single_fatalities_present_raw,209,Hamas,2023-11-27,7.596894438144544,7.567121956278685,0.02977248186585868
single_fatalities_present_raw,209,Hamas,2023-12-11,7.839131648274333,7.148269535668213,0.6908621126061201
single_fatalities_present_raw,209,Hamas,2023-12-25,6.423246963533519,7.17555447275368,-0.7523075092201603
single_fatalities_present_raw,209,Hamas,2024-01-08,7.348587530927593,6.553036921006283,0.7955506099213094
single_fatalities_present_raw,209,Hamas,2024-01-22,6.618738983517219,6.834527419101406,-0.21578843558418637
single_fatalities_present_raw,209,Hamas,2024-02-05,7.405495663199472,6.590930496642454,0.8145651665570188
single_fatalities_present_raw,209,Hamas,2024-02-19,6.532334292222349,6.885951039230056,-0.35361674700770696
single_fatalities_present_raw,209,Hamas,2024-03-04,6.499787040655854,6.556630518656988,-0.05684347800113354
single_fatalities_present_raw,209,Hamas,2024-03-18,6.639875833826536,6.488230598581282,0.15164523524525375
single_fatalities_present_raw,209,Hamas,2024-04-01,5.777652323222656,6.523381717188836,-0.7457293939661795
single_fatalities_present_raw,209,Hamas,2024-04-15,6.513230110912307,6.146354803196836,0.36687530771547117
single_fatalities_present_raw,209,Hamas,2024-04-29,6.504288173536645,6.3793037934442935,0.1249843800923518
single_fatalities_present_raw,209,Hamas,2024-05-13,6.922643891475888,6.445809564912675,0.47683432656321223
single_fatalities_present_raw,209,Hamas,2024-05-27,6.068425588244111,6.663005654948954,-0.5945800667048431
single_fatalities_present_raw,209,Hamas,2024-06-10,6.78332520060396,6.3258468598223025,0.45747834078165717
single_fatalities_present_raw,209,Hamas,2024-06-24,6.580639137284949,6.580980392218618,-0.0003412549336685444
single_fatalities_present_raw,209,Hamas,2024-07-08,6.698268054115413,6.5651311715333165,0.13313688258209666
single_fatalities_present_raw,209,Hamas,2024-07-22,6.184148890937483,6.539803427330049,-0.3556545363925654
single_fatalities_present_raw,209,Hamas,2024-08-05,6.434546518787453,6.299000094270253,0.13554642451719978
single_fatalities_present_raw,209,Hamas,2024-08-19,6.056784013228625,6.426715688144216,-0.3699316749155912
single_fatalities_present_raw,209,Hamas,2024-09-02,6.028278520230698,6.267143608513177,-0.23886508828247877
single_fatalities_present_raw,209,Hamas,2024-09-16,6.961296045910167,6.232653125903931,0.7286429200062363
single_fatalities_present_raw,209,Hamas,2024-09-30,6.601230118728877,6.574514054871096,0.026716063857780803
single_fatalities_present_raw,209,Hamas,2024-10-14,6.725033642166843,6.5416968780622256,0.18333676410461752
single_fatalities_present_raw,209,Hamas,2024-10-28,6.419994928147142,6.595520294544423,-0.1755253663972809
single_fatalities_present_raw,209,Hamas,2024-11-11,6.42648845745769,6.469423735851937,-0.04293527839424627
single_fatalities_present_raw,209,Hamas,2024-11-25,6.391917113392602,6.44012294469818,-0.04820583130557754
single_fatalities_present_raw,209,Hamas,2024-12-09,6.406879986069314,6.432166599756606,-0.02528661368729157
single_fatalities_present_raw,209,Hamas,2024-12-23,6.366470447731438,6.4392754220413035,-0.07280497430986532
single_fatalities_present_raw,209,Hamas,2025-01-06,3.828641396489095,6.37317298663701,-2.5445315901479146
single_fatalities_present_raw,209,Hamas,2025-01-20,3.1780538303479458,5.264895434637244,-2.086841604289298
single_fatalities_present_raw,209,Hamas,2025-02-03,3.258096538021482,4.735426300190136,-1.477329762168654
single_fatalities_present_raw,209,Hamas,2025-02-17,4.532599493153256,4.726210772007566,-0.19361127885431006
single_fatalities_present_raw,209,Hamas,2025-03-03,6.79794041297493,5.2696325830344195,1.5283078299405108
single_fatalities_present_raw,209,Hamas,2025-03-17,6.421622267806518,6.390432069654956,0.031190198151561432
single_fatalities_present_raw,209,Hamas,2025-03-31,6.3818160174060985,6.452603216938208,-0.07078719953210921
single_fatalities_present_raw,209,Hamas,2025-04-14,6.429719478039138,6.429483639731018,0.00023583830811979567
single_fatalities_present_raw,209,Hamas,2025-04-28,7.142036574706803,6.414031383140651,0.7280051915661518
single_fatalities_present_raw,209,Hamas,2025-05-12,6.654152520183219,6.738556399761592,-0.08440387957837281
single_fatalities_present_raw,209,Hamas,2025-05-26,6.698268054115413,6.5851210412856425,0.11314701282977069
single_fatalities_present_raw,209,Hamas,2025-06-09,7.094234845924755,6.61991884782381,0.4743159981009457
single_fatalities_present_raw,209,Hamas,2025-06-23,7.052721049232323,6.8016811332029325,0.2510399160293906
single_fatalities_present_raw,209,Hamas,2025-07-07,6.7650389767805414,6.778514231474029,-0.013475254693487315
single_fatalities_present_raw,209,Hamas,2025-07-21,6.539585955617669,6.6141853327492885,-0.07459937713161935
single_fatalities_present_raw,209,Hamas,2025-08-04,6.670766320845874,6.477314820851438,0.19345149999443567
single_fatalities_present_raw,209,Hamas,2025-08-18,6.866933284461882,6.528619906963006,0.338313377498876
single_fatalities_present_raw,209,Hamas,2025-09-01,6.872128101338986,6.580591756297761,0.2915363450412247
single_fatalities_present_raw,209,Hamas,2025-09-15,6.270988431858299,6.5989022376658095,-0.3279138058075102
single_fatalities_present_raw,209,Hamas,2025-09-29,4.48863636973214,6.309598848160054,-1.820962478427914
single_fatalities_present_raw,209,Hamas,2025-10-13,4.844187086458591,5.501813871744265,-0.6576267852856734
single_fatalities_present_raw,209,Hamas,2025-10-27,4.394449154672439,5.540653929168943,-1.1462047744965043
single_fatalities_present_raw,209,Hamas,2025-11-10,3.688879454113936,5.378167532939166,-1.6892880788252302
single_fatalities_present_raw,209,Hamas,2025-11-24,3.49650756146648,5.025413382908486,-1.528905821442006
single_fatalities_present_raw,303,Taliban,2020-01-13,6.926577033222725,6.836362414333908,0.0902146188888171
single_fatalities_present_raw,303,Taliban,2020-01-27,6.111467339502679,6.952637780351441,-0.8411704408487628
single_fatalities_present_raw,303,Taliban,2020-02-10,7.549082710812286,6.600902011535823,0.9481806992764632
single_fatalities_present_raw,303,Taliban,2020-02-24,6.104793232414985,7.109831494605254,-1.0050382621902694
single_fatalities_present_raw,303,Taliban,2020-03-09,6.169610732491456,6.667572614114787,-0.4979618816233309
single_fatalities_present_raw,303,Taliban,2020-03-23,6.0867747269123065,6.5888052071345715,-0.502030480222265
single_fatalities_present_raw,303,Taliban,2020-04-06,6.272877006546167,6.5604114426717315,-0.28753443612556406
single_fatalities_present_raw,303,Taliban,2020-04-20,6.473890696352274,6.639889322242153,-0.16599862588987868
single_fatalities_present_raw,303,Taliban,2020-05-04,5.916202062607435,6.744953095149246,-0.8287510325418106
single_fatalities_present_raw,303,Taliban,2020-05-18,6.049733455231958,6.494884529001376,-0.4451510737694182
single_fatalities_present_raw,303,Taliban,2020-06-01,6.775366090936392,6.533404935199917,0.24196115573647514
single_fatalities_present_raw,303,Taliban,2020-06-15,6.455198563340122,6.797475284201076,-0.34227672086095406
single_fatalities_present_raw,303,Taliban,2020-06-29,6.9167150203536085,6.669387044440186,0.24732797591342237
single_fatalities_present_raw,303,Taliban,2020-07-13,5.5053315359323625,6.93206405317336,-1.426732517240998
single_fatalities_present_raw,303,Taliban,2020-07-27,6.646390514847729,6.3457444151778635,0.30064609966986566
single_fatalities_present_raw,303,Taliban,2020-08-10,6.674561391814426,6.703970537051675,-0.029409145237249135
single_fatalities_present_raw,303,Taliban,2020-08-24,6.823286122355687,6.861194447714016,-0.03790832535832944
single_fatalities_present_raw,303,Taliban,2020-09-07,6.395261598115449,6.877973339650801,-0.48271174153535146
single_fatalities_present_raw,303,Taliban,2020-09-21,7.080026499922591,6.754190245554428,0.32583625436816277
single_fatalities_present_raw,303,Taliban,2020-10-05,7.234898420314831,6.974171304977985,0.260727115336846
single_fatalities_present_raw,303,Taliban,2020-10-19,6.92461239604856,7.159022275317282,-0.23440987926872214
single_fatalities_present_raw,303,Taliban,2020-11-02,6.612041034833092,7.094058172836869,-0.4820171380037772
single_fatalities_present_raw,303,Taliban,2020-11-16,6.9440872082295275,6.8141904312573685,0.12989677697215907
single_fatalities_present_raw,303,Taliban,2020-11-30,6.76849321164863,6.942257558657212,-0.17376434700858212
single_fatalities_present_raw,303,Taliban,2020-12-14,7.037027614686276,6.933376915960646,0.10365069872563026
single_fatalities_present_raw,303,Taliban,2020-12-28,7.020190708311925,7.005614472933502,0.014576235378423341
single_fatalities_present_raw,303,Taliban,2021-01-11,7.050122520269059,7.023211357292325,0.02691116297673357
single_fatalities_present_raw,303,Taliban,2021-01-25,7.065613363597717,7.007059469491775,0.05855389410594203
single_fatalities_present_raw,303,Taliban,2021-02-08,6.674561391814426,7.006154097182803,-0.3315927053683767
single_fatalities_present_raw,303,Taliban,2021-02-22,6.602587892189336,6.856462175716812,-0.2538742835274759
single_fatalities_present_raw,303,Taliban,2021-03-08,6.893656354602635,6.75955164941817,0.13410470518446527
single_fatalities_present_raw,303,Taliban,2021-03-22,6.96979066990159,6.903018588135361,0.06677208176622873
single_fatalities_present_raw,303,Taliban,2021-04-05,7.373374309910049,6.907126766410561,0.46624754349948816
single_fatalities_present_raw,303,Taliban,2021-04-19,7.503840746698951,7.109010900596044,0.3948298461029074
single_fatalities_present_raw,303,Taliban,2021-05-03,7.899524472032198,7.186745634536147,0.7127788374960504
single_fatalities_present_raw,303,Taliban,2021-05-17,8.013012110368916,7.420381759675279,0.5926303506936366
single_fatalities_present_raw,303,Taliban,2021-05-31,8.24800570160062,7.474863210017343,0.7731424915832772
single_fatalities_present_raw,303,Taliban,2021-06-14,8.3707791729607,7.53300323857035,0.8377759343903506
single_fatalities_present_raw,303,Taliban,2021-06-28,8.0774471493312,7.5233375068451585,0.5541096424860408
single_fatalities_present_raw,303,Taliban,2021-07-12,8.520388082312756,7.43292916624562,1.0874589160671366
single_fatalities_present_raw,303,Taliban,2021-07-26,7.353722330399632,7.353722330399758,-1.2523315717771766e-13
single_fatalities_present_raw,303,Taliban,2021-08-09,6.133398042996649,5.2586493946563735,0.8747486483402751
single_fatalities_present_raw,303,Taliban,2021-08-23,4.584967478670572,4.496757533074919,0.08820994559565332
single_fatalities_present_raw,303,Taliban,2021-09-06,4.007333185232471,3.6645666064293794,0.3427665788030918
single_fatalities_present_raw,303,Taliban,2021-09-20,3.1354942159291497,3.3106690993258185,-0.17517488339666887
single_fatalities_present_raw,303,Taliban,2021-10-04,3.4339872044851463,2.8809832371317587,0.5530039673533875
single_fatalities_present_raw,303,Taliban,2021-10-18,3.80666248977032,2.9365054756121896,0.8701570141581305
single_fatalities_present_raw,303,Taliban,2021-11-01,2.6390573296152584,3.121245124956416,-0.4821877953411575
single_fatalities_present_raw,303,Taliban,2021-11-15,2.4849066497880004,2.666460407738673,-0.18155375795067252
single_fatalities_present_raw,303,Taliban,2021-11-29,2.4849066497880004,2.4879204582748518,-0.0030138084868513992
single_fatalities_present_raw,303,Taliban,2021-12-13,1.0986122886681098,2.4509122918721076,-1.3523000032039978
single_fatalities_present_raw,303,Taliban,2021-12-27,3.044522437723423,1.8255476602493226,1.2189747774741004
single_fatalities_present_raw,303,Taliban,2022-01-10,2.833213344056216,2.6020685842664637,0.23114475978975246
single_fatalities_present_raw,303,Taliban,2022-01-24,2.772588722239781,2.6440484498704473,0.12854027236933385
single_fatalities_present_raw,303,Taliban,2022-02-07,1.791759469228055,2.6291858396863383,-0.8374263704582834
single_fatalities_present_raw,303,Taliban,2022-02-21,2.302585092994046,2.2396245033113003,0.06296058968274565
single_fatalities_present_raw,303,Taliban,2022-03-07,4.23410650459726,2.3583318617319113,1.8757746428653483
single_fatalities_present_raw,303,Taliban,2022-03-21,3.258096538021482,3.2362453313563497,0.021851206665132406
single_fatalities_present_raw,303,Taliban,2022-04-04,4.204692619390966,2.9945889332536897,1.210103686137276
single_fatalities_present_raw,303,Taliban,2022-04-18,4.564348191467836,3.384733404596245,1.179614786871591
single_fatalities_present_raw,303,Taliban,2022-05-02,3.8501476017100584,3.550674641281672,0.29947296042838634
single_fatalities_present_raw,303,Taliban,2022-05-16,4.02535169073515,3.2939959951395608,0.7313556955955889
single_fatalities_present_raw,303,Taliban,2022-05-30,4.382026634673881,3.308901726435013,1.073124908238868
single_fatalities_present_raw,303,Taliban,2022-06-13,3.9318256327243257,3.476393218752489,0.45543241397183687
single_fatalities_present_raw,303,Taliban,2022-06-27,3.951243718581427,3.3269543602555283,0.6242893583258988
single_fatalities_present_raw,303,Taliban,2022-07-11,3.4011973816621555,3.285533715255566,0.11566366640658954
single_fatalities_present_raw,303,Taliban,2022-07-25,3.295836866004329,3.028981614792187,0.26685525121214226
single_fatalities_present_raw,303,Taliban,2022-08-08,2.833213344056216,2.8886045150970783,-0.05539117104086211
single_fatalities_present_raw,303,Taliban,2022-08-22,5.25227342804663,2.7163663615553095,2.5359070664913204
single_fatalities_present_raw,303,Taliban,2022-09-05,3.6635616461296463,3.758112735490334,-0.09455108936068779
single_fatalities_present_raw,303,Taliban,2022-09-19,4.127134385045092,3.236712074984435,0.8904223100606568
single_fatalities_present_raw,303,Taliban,2022-10-03,3.951243718581427,3.3620507587364354,0.5891929598449916
single_fatalities_present_raw,303,Taliban,2022-10-17,2.833213344056216,3.311118788710888,-0.477905444654672
single_fatalities_present_raw,303,Taliban,2022-10-31,2.4849066497880004,2.791472271362508,-0.30656562157450784
single_fatalities_present_raw,303,Taliban,2022-11-14,3.1780538303479458,2.5546636512775134,0.6233901790704324
single_fatalities_present_raw,303,Taliban,2022-11-28,3.044522437723423,2.8106991796203404,0.23382325810308258
single_fatalities_present_raw,303,Taliban,2022-12-12,4.584967478670572,2.7700003102435544,1.8149671684270179
single_fatalities_present_raw,303,Taliban,2022-12-26,3.4011973816621555,3.3566492599523015,0.044548121709854005
single_fatalities_present_raw,303,Taliban,2023-01-09,2.302585092994046,2.972180077811579,-0.6695949848175329
single_fatalities_present_raw,303,Taliban,2023-01-23,1.6094379124341005,2.498080013570293,-0.8886421011361927
single_fatalities_present_raw,303,Taliban,2023-02-06,2.4849066497880004,2.0738236719410637,0.4110829778469367
single_fatalities_present_raw,303,Taliban,2023-02-20,3.258096538021482,2.406631092491973,0.851465445529509
single_fatalities_present_raw,303,Taliban,2023-03-06,2.4849066497880004,2.8064875198350854,-0.321580870047085
single_fatalities_present_raw,303,Taliban,2023-03-20,3.871201010907891,2.505425897463848,1.3657751134440432
single_fatalities_present_raw,303,Taliban,2023-04-03,1.791759469228055,3.028537134932019,-1.236777665703964
single_fatalities_present_raw,303,Taliban,2023-04-17,2.4849066497880004,2.255883752928047,0.22902289685995347
single_fatalities_present_raw,303,Taliban,2023-05-01,1.3862943611198906,2.3882546350298997,-1.001960273910009
single_fatalities_present_raw,303,Taliban,2023-05-15,3.6635616461296463,1.969917295351314,1.6936443507783323
single_fatalities_present_raw,303,Taliban,2023-05-29,2.1972245773362196,2.852340987599597,-0.6551164102633775
single_fatalities_present_raw,303,Taliban,2023-06-12,2.1972245773362196,2.440867986903941,-0.24364340956772157
single_fatalities_present_raw,303,Taliban,2023-06-26,1.3862943611198906,2.3017913264478063,-0.9154969653279157
single_fatalities_present_raw,303,Taliban,2023-07-10,2.1972245773362196,1.8948205365777058,0.3024040407585138
single_fatalities_present_raw,303,Taliban,2023-07-24,2.6390573296152584,2.2019931525594156,0.4370641770558428
single_fatalities_present_raw,303,Taliban,2023-08-07,1.791759469228055,2.4338498077299024,-0.6420903385018475
single_fatalities_present_raw,303,Taliban,2023-08-21,2.6390573296152584,2.123193573572758,0.5158637560425006
single_fatalities_present_raw,303,Taliban,2023-09-04,0.0,2.4171519509739436,-2.4171519509739436
single_fatalities_present_raw,303,Taliban,2023-09-18,1.3862943611198906,1.3610281888258442,0.025266172294046374
single_fatalities_present_raw,303,Taliban,2023-10-02,1.791759469228055,1.7141441977881904,0.07761527143986457
single_fatalities_present_raw,303,Taliban,2023-10-16,2.0794415416798357,2.0024550328792783,0.07698650880055746
single_fatalities_present_raw,303,Taliban,2023-11-27,0.0,2.0255397251919787,-2.0255397251919787
single_fatalities_present_raw,303,Taliban,2023-12-11,0.0,1.2933610508732063,-1.2933610508732063
single_fatalities_present_raw,303,Taliban,2023-12-25,2.4849066497880004,1.1656275549846205,1.31927909480338
single_fatalities_present_raw,303,Taliban,2024-01-08,0.0,2.1970601972088097,-2.1970601972088097
single_fatalities_present_raw,303,Taliban,2024-01-22,0.6931471805599453,1.3022531149169627,-0.6091059343570174
single_fatalities_present_raw,303,Taliban,2024-02-05,0.0,1.413113391881703,-1.413113391881703
single_fatalities_present_raw,303,Taliban,2024-02-19,2.0794415416798357,1.138426509929727,0.9410150317501087
single_fatalities_present_raw,303,Taliban,2024-03-04,3.688879454113936,1.9869249563817366,1.7019544977321992
single_fatalities_present_raw,303,Taliban,2024-03-18,1.6094379124341005,2.868367692872579,-1.2589297804384785
single_fatalities_present_raw,303,Taliban,2024-04-01,1.3862943611198906,2.1239472196366997,-0.7376528585168092
single_fatalities_present_raw,303,Taliban,2024-04-15,2.6390573296152584,1.8524697351812882,0.7865875944339702
single_fatalities_present_raw,303,Taliban,2024-04-29,3.1780538303479458,2.401556020677746,0.7764978096701998
single_fatalities_present_raw,303,Taliban,2024-05-13,1.0986122886681098,2.7692931727401873,-1.6706808840720775
single_fatalities_present_raw,303,Taliban,2024-05-27,1.0986122886681098,1.8683524663645659,-0.7697401776964561
single_fatalities_present_raw,303,Taliban,2024-06-10,2.302585092994046,1.7018484392059554,0.6007366537880905
single_fatalities_present_raw,303,Taliban,2024-06-24,1.3862943611198906,2.1815517078942133,-0.7952573467743227
single_fatalities_present_raw,303,Taliban,2024-07-08,1.6094379124341005,1.9325201850698608,-0.3230822726357603
single_fatalities_present_raw,303,Taliban,2024-07-22,2.302585092994046,1.905263655173244,0.39732143782080187
single_fatalities_present_raw,303,Taliban,2024-08-05,2.1972245773362196,2.226081277212666,-0.028856699876446346
single_fatalities_present_raw,303,Taliban,2024-08-19,2.772588722239781,2.2460938241634194,0.5264948980763617
single_fatalities_present_raw,303,Taliban,2024-09-02,2.995732273553991,2.500911437228238,0.4948208363257529
single_fatalities_present_raw,303,Taliban,2024-09-16,2.1972245773362196,2.667539010931935,-0.47031443359571545
single_fatalities_present_raw,303,Taliban,2024-09-30,1.9459101490553132,2.330502096555839,-0.3845919475005257
single_fatalities_present_raw,303,Taliban,2024-10-14,1.9459101490553132,2.1805576068274526,-0.23464745777213936
single_fatalities_present_raw,303,Taliban,2024-10-28,1.0986122886681098,2.149084140062631,-1.0504718513945213
single_fatalities_present_raw,303,Taliban,2024-11-11,1.9459101490553132,1.7550462224565118,0.19086392659880147
single_fatalities_present_raw,303,Taliban,2024-11-25,2.5649493574615367,2.045170735201836,0.5197786222597007
single_fatalities_present_raw,303,Taliban,2024-12-09,3.295836866004329,2.3888196407188325,0.9070172252854967
single_fatalities_present_raw,303,Taliban,2024-12-23,2.0794415416798357,2.7641673983530053,-0.6847258566731695
single_fatalities_present_raw,303,Taliban,2025-01-06,2.1972245773362196,2.234404435600263,-0.037179858264043464
single_fatalities_present_raw,303,Taliban,2025-01-20,3.367295829986474,2.2509933998108167,1.1163024301756574
single_fatalities_present_raw,303,Taliban,2025-02-03,1.6094379124341005,2.7556432901967005,-1.1462053777626
single_fatalities_present_raw,303,Taliban,2025-02-17,0.6931471805599453,2.1042719010228126,-1.4111247204628672
single_fatalities_present_raw,303,Taliban,2025-03-03,0.0,1.5199063815504237,-1.5199063815504237
single_fatalities_present_raw,303,Taliban,2025-03-17,0.0,1.1290522697726104,-1.1290522697726104
single_fatalities_present_raw,303,Taliban,2025-03-31,0.0,1.0495617276179325,-1.0495617276179325
single_fatalities_present_raw,303,Taliban,2025-04-14,0.6931471805599453,1.026483241697912,-0.33333606113796665
single_fatalities_present_raw,303,Taliban,2025-04-28,2.8903717578961645,1.3820412197695962,1.5083305381265684
single_fatalities_present_raw,303,Taliban,2025-05-12,1.9459101490553132,2.378435352124276,-0.4325252030689628
single_fatalities_present_raw,303,Taliban,2025-05-26,2.0794415416798357,2.2158263736922748,-0.136384832012439
single_fatalities_present_raw,303,Taliban,2025-06-09,2.8903717578961645,2.1920224604009597,0.6983492974952048
single_fatalities_present_raw,303,Taliban,2025-06-23,1.6094379124341005,2.5569320513386486,-0.9474941389045481
single_fatalities_present_raw,303,Taliban,2025-07-07,0.6931471805599453,1.992152068494359,-1.2990048879344136
single_fatalities_present_raw,303,Taliban,2025-07-21,2.3978952727983707,1.511128878161901,0.8867663946364697
single_fatalities_present_raw,303,Taliban,2025-08-04,1.3862943611198906,2.137708159879333,-0.7514137987594423
single_fatalities_present_raw,303,Taliban,2025-08-18,1.791759469228055,1.8481124286606578,-0.05635295943260288
single_fatalities_present_raw,303,Taliban,2025-09-01,1.9459101490553132,1.9692346936263316,-0.023324544571018402
single_fatalities_present_raw,303,Taliban,2025-09-15,4.48863636973214,2.013092818340362,2.4755435513917776
single_fatalities_present_raw,303,Taliban,2025-09-29,3.784189633918261,3.114943981398217,0.6692456525200439
single_fatalities_present_raw,303,Taliban,2025-10-13,2.4849066497880004,3.0309723252876153,-0.5460656754996149
single_fatalities_present_raw,303,Taliban,2025-10-27,0.0,2.4017214266145954,-2.4017214266145954
single_fatalities_present_raw,303,Taliban,2025-11-10,2.833213344056216,1.299174219248879,1.534039124807337
single_fatalities_present_raw,303,Taliban,2025-11-24,1.3862943611198906,2.2538152381237055,-0.867520877003815
single_fatalities_present_raw,group:farc_bloc,FARC family,2020-01-13,1.6094379124341005,1.8026659155136007,-0.19322800307950017
single_fatalities_present_raw,group:farc_bloc,FARC family,2020-01-27,2.0794415416798357,1.8683701050640753,0.21107143661576044
single_fatalities_present_raw,group:farc_bloc,FARC family,2020-02-24,0.0,1.2092150875955858,-1.2092150875955858
single_fatalities_present_raw,group:farc_bloc,FARC family,2020-06-15,1.0986122886681098,1.9789851157102691,-0.8803728270421594
single_fatalities_present_raw,group:farc_bloc,FARC family,2020-07-13,1.6094379124341005,1.7593441995171801,-0.14990628708307963
single_fatalities_present_raw,group:farc_bloc,FARC family,2020-07-27,2.4849066497880004,1.838991874296144,0.6459147754918564
single_fatalities_present_raw,group:farc_bloc,FARC family,2020-08-10,1.9459101490553132,2.233300895961609,-0.28739074690629596
single_fatalities_present_raw,group:farc_bloc,FARC family,2020-08-24,2.3978952727983707,2.1367478703278566,0.26114740247051405
single_fatalities_present_raw,group:farc_bloc,FARC family,2020-09-21,1.6094379124341005,1.5189416351754481,0.09049627725865239
single_fatalities_present_raw,group:farc_bloc,FARC family,2020-10-05,1.0986122886681098,1.7341499934522666,-0.6355377047841568
single_fatalities_present_raw,group:farc_bloc,FARC family,2020-11-16,0.0,1.1091100141642931,-1.1091100141642931
single_fatalities_present_raw,group:farc_bloc,FARC family,2020-12-28,1.9459101490553132,1.135677792614664,0.8102323564406493
single_fatalities_present_raw,group:farc_bloc,FARC family,2021-01-25,0.6931471805599453,2.059116477347922,-1.3659692967879766
single_fatalities_present_raw,group:farc_bloc,FARC family,2021-02-08,3.367295829986474,1.4561206826846562,1.911175147301818
single_fatalities_present_raw,group:farc_bloc,FARC family,2021-02-22,0.0,2.537791349899334,-2.537791349899334
single_fatalities_present_raw,group:farc_bloc,FARC family,2021-03-08,1.3862943611198906,1.2728916968065493,0.11340266431334123
single_fatalities_present_raw,group:farc_bloc,FARC family,2021-03-22,3.044522437723423,1.572779823551269,1.471742614172154
single_fatalities_present_raw,group:farc_bloc,FARC family,2021-04-05,1.791759469228055,2.4149501545375784,-0.6231906853095235
single_fatalities_present_raw,group:farc_bloc,FARC family,2021-04-19,0.0,2.0565552238560074,-2.0565552238560074
single_fatalities_present_raw,group:farc_bloc,FARC family,2021-05-17,0.0,1.3092407353646092,-1.3092407353646092
single_fatalities_present_raw,group:farc_bloc,FARC family,2021-10-04,2.6390573296152584,2.3648092326972057,0.27424809691805274
single_fatalities_present_raw,group:farc_bloc,FARC family,2021-11-29,0.6931471805599453,0.9850350668046366,-0.2918878862446913
single_fatalities_present_raw,group:farc_bloc,FARC family,2021-12-27,2.1972245773362196,2.6434523620236026,-0.446227784687383
single_fatalities_present_raw,group:farc_bloc,FARC family,2022-01-10,2.995732273553991,2.2409313504687196,0.7548009230852712
single_fatalities_present_raw,group:farc_bloc,FARC family,2022-01-24,2.3978952727983707,2.5035570169907153,-0.10566174419234464
single_fatalities_present_raw,group:farc_bloc,FARC family,2022-02-21,2.5649493574615367,2.6189831791392697,-0.05403382167773296
single_fatalities_present_raw,group:farc_bloc,FARC family,2022-03-21,1.791759469228055,2.451281081840608,-0.6595216126125529
single_fatalities_present_raw,group:farc_bloc,FARC family,2022-06-27,2.1972245773362196,2.1893164716665936,0.007908105669625964
single_fatalities_present_raw,group:farc_bloc,FARC family,2022-07-11,1.791759469228055,2.1923490973777344,-0.40058962814967947
single_fatalities_present_raw,group:farc_bloc,FARC family,2022-07-25,0.0,1.9265077938225315,-1.9265077938225315
single_fatalities_present_raw,group:farc_bloc,FARC family,2022-11-28,2.302585092994046,2.10532519789247,0.19725989510157582
single_fatalities_present_raw,group:farc_bloc,FARC family,2023-05-15,2.6390573296152584,2.2496808044293672,0.38937652518589116
single_fatalities_present_raw,group:farc_bloc,FARC family,2023-07-10,2.833213344056216,1.6593855105319757,1.1738278335242405
single_fatalities_present_raw,group:farc_bloc,FARC family,2023-07-24,2.3978952727983707,2.224976886806563,0.17291838599180753
single_fatalities_present_raw,group:farc_bloc,FARC family,2023-08-07,2.772588722239781,2.2156921714653435,0.5568965507744377
single_fatalities_present_raw,group:farc_bloc,FARC family,2023-09-04,2.772588722239781,2.5010518803862603,0.2715368418535209
single_fatalities_present_raw,group:farc_bloc,FARC family,2023-09-18,2.3978952727983707,2.4117962890595397,-0.013901016261169019
single_fatalities_present_raw,group:farc_bloc,FARC family,2023-12-25,1.6094379124341005,1.5747597401261022,0.0346781723079983
single_fatalities_present_raw,group:farc_bloc,FARC family,2024-01-08,2.1972245773362196,1.6701832847900895,0.5270412925461301
single_fatalities_present_raw,group:farc_bloc,FARC family,2024-03-04,2.6390573296152584,2.2107564315739325,0.4283008980413259
single_fatalities_present_raw,group:farc_bloc,FARC family,2024-03-18,2.9444389791664403,2.2961981270748275,0.6482408520916128
single_fatalities_present_raw,group:farc_bloc,FARC family,2024-04-01,2.995732273553991,2.369362359278206,0.6263699142757848
single_fatalities_present_raw,group:farc_bloc,FARC family,2024-04-15,2.6390573296152584,2.473997866951602,0.16505946266365656
single_fatalities_present_raw,group:farc_bloc,FARC family,2024-04-29,2.3978952727983707,2.3343628426547562,0.06353243014361443
single_fatalities_present_raw,group:farc_bloc,FARC family,2024-05-13,2.70805020110221,2.1449122740768582,0.5631379270253518
single_fatalities_present_raw,group:farc_bloc,FARC family,2024-05-27,2.4849066497880004,2.251306107934619,0.2336005418533813
single_fatalities_present_raw,group:farc_bloc,FARC family,2024-06-10,1.6094379124341005,2.1223098798236895,-0.512871967389589
single_fatalities_present_raw,group:farc_bloc,FARC family,2024-07-08,2.1972245773362196,1.8771828849086003,0.32004169242761926
single_fatalities_present_raw,group:farc_bloc,FARC family,2024-09-30,2.833213344056216,2.0569610643685285,0.7762522796876876
single_fatalities_present_raw,group:farc_bloc,FARC family,2025-01-06,3.828641396489095,2.1532751714558,1.675366225033295
single_fatalities_present_raw,group:farc_bloc,FARC family,2025-01-20,1.3862943611198906,2.655277912486454,-1.2689835513665633
single_fatalities_present_raw,group:farc_bloc,FARC family,2025-02-03,2.1972245773362196,1.7807492736870238,0.4164753036491957
single_fatalities_present_raw,group:farc_bloc,FARC family,2025-02-17,3.1780538303479458,1.9067344569072553,1.2713193734406905
single_fatalities_present_raw,group:farc_bloc,FARC family,2025-03-03,2.3978952727983707,2.4250203529395735,-0.02712508014120285
single_fatalities_present_raw,group:farc_bloc,FARC family,2025-03-17,3.4339872044851463,2.166408505586923,1.2675786988982232
single_fatalities_present_raw,group:farc_bloc,FARC family,2025-04-14,2.833213344056216,2.3110647787175482,0.5221485653386679
single_fatalities_present_raw,group:farc_bloc,FARC family,2025-04-28,2.772588722239781,2.318243775925165,0.4543449463146163
single_fatalities_present_raw,group:farc_bloc,FARC family,2025-05-12,1.9459101490553132,2.3232482613157335,-0.37733811226042024
single_fatalities_present_raw,group:farc_bloc,FARC family,2025-07-07,1.9459101490553132,2.032429633675523,-0.08651948462020997
single_fatalities_present_raw,group:farc_bloc,FARC family,2025-07-21,2.3978952727983707,1.8215193468495174,0.5763759259488532
single_fatalities_present_raw,group:farc_bloc,FARC family,2025-08-04,3.295836866004329,1.9717042468350083,1.3241326191693208
single_fatalities_present_raw,group:farc_bloc,FARC family,2025-08-18,2.3978952727983707,2.489574576469,-0.09167930367062915
single_fatalities_present_raw,group:farc_bloc,FARC family,2025-09-01,1.9459101490553132,2.1202614275759952,-0.174351278520682
single_fatalities_present_raw,group:farc_bloc,FARC family,2025-11-10,0.0,2.4132449255401456,-2.4132449255401456
joint_binary_raw,209,Hamas,2020-01-13,0.0,1.2479118295382297,-1.2479118295382297
joint_binary_raw,209,Hamas,2020-01-27,0.0,0.7989749579254722,-0.7989749579254722
joint_binary_raw,209,Hamas,2020-02-10,0.0,0.47048833093916737,-0.47048833093916737
joint_binary_raw,209,Hamas,2020-02-24,0.0,0.32064273758022876,-0.32064273758022876
joint_binary_raw,209,Hamas,2020-03-23,0.0,0.33369438451170097,-0.33369438451170097
joint_binary_raw,209,Hamas,2020-05-04,0.0,0.41949858493482917,-0.41949858493482917
joint_binary_raw,209,Hamas,2020-06-15,0.0,0.5316803512258833,-0.5316803512258833
joint_binary_raw,209,Hamas,2020-06-29,0.0,0.5903232424375298,-0.5903232424375298
joint_binary_raw,209,Hamas,2020-07-27,0.0,0.9604122013127251,-0.9604122013127251
joint_binary_raw,209,Hamas,2020-08-10,0.0,0.8143925993258734,-0.8143925993258734
joint_binary_raw,209,Hamas,2020-08-24,0.0,0.5636298821776436,-0.5636298821776436
joint_binary_raw,209,Hamas,2020-09-07,0.0,0.5228968407348719,-0.5228968407348719
joint_binary_raw,209,Hamas,2020-10-19,0.0,0.65322394026383,-0.65322394026383
joint_binary_raw,209,Hamas,2020-11-02,0.0,0.5115065941944382,-0.5115065941944382
joint_binary_raw,209,Hamas,2020-11-16,0.0,0.5676085422391635,-0.5676085422391635
joint_binary_raw,209,Hamas,2020-12-14,0.0,0.6601531550789231,-0.6601531550789231
joint_binary_raw,209,Hamas,2020-12-28,0.0,0.30472352218426624,-0.30472352218426624
joint_binary_raw,209,Hamas,2021-01-11,0.0,0.6714535361318447,-0.6714535361318447
joint_binary_raw,209,Hamas,2021-01-25,0.0,0.025986369426035938,-0.025986369426035938
joint_binary_raw,209,Hamas,2021-02-08,0.0,0.019421163911640116,-0.019421163911640116
joint_binary_raw,209,Hamas,2021-02-22,0.0,-0.11104378112773083,0.11104378112773083
joint_binary_raw,209,Hamas,2021-03-08,0.0,0.05183513782764476,-0.05183513782764476
joint_binary_raw,209,Hamas,2021-03-22,0.0,0.38377736111415006,-0.38377736111415006
joint_binary_raw,209,Hamas,2021-04-05,0.0,0.7618462865776701,-0.7618462865776701
joint_binary_raw,209,Hamas,2021-04-19,5.308267697401205,0.5848928707319231,4.723374826669282
joint_binary_raw,209,Hamas,2021-05-03,3.091042453358316,2.267867818612686,0.8231746347456301
joint_binary_raw,209,Hamas,2021-05-17,0.0,1.686863266226737,-1.686863266226737
joint_binary_raw,209,Hamas,2021-05-31,0.0,0.18312862695093785,-0.18312862695093785
joint_binary_raw,209,Hamas,2021-06-14,0.0,0.1990562361747707,-0.1990562361747707
joint_binary_raw,209,Hamas,2021-06-28,0.0,0.21708103038391607,-0.21708103038391607
joint_binary_raw,209,Hamas,2021-07-12,0.0,0.04827767780647568,-0.04827767780647568
joint_binary_raw,209,Hamas,2021-07-26,1.791759469228055,0.1843159318332072,1.6074435373948477
joint_binary_raw,209,Hamas,2021-08-23,0.0,0.39456570838464156,-0.39456570838464156
joint_binary_raw,209,Hamas,2021-09-06,1.3862943611198906,0.5468298294749491,0.8394645316449415
joint_binary_raw,209,Hamas,2021-09-20,0.0,0.6447319256342556,-0.6447319256342556
joint_binary_raw,209,Hamas,2021-10-04,0.0,0.13404530513513285,-0.13404530513513285
joint_binary_raw,209,Hamas,2021-10-18,0.0,0.13353033947861487,-0.13353033947861487
joint_binary_raw,209,Hamas,2021-11-01,1.0986122886681098,0.04392067088164625,1.0546916177864636
joint_binary_raw,209,Hamas,2021-11-15,0.0,0.43104769280745703,-0.43104769280745703
joint_binary_raw,209,Hamas,2021-11-29,0.0,0.26752113314938386,-0.26752113314938386
joint_binary_raw,209,Hamas,2021-12-13,0.6931471805599453,0.1210655531655454,0.5720816273943998
joint_binary_raw,209,Hamas,2021-12-27,1.0986122886681098,0.8186654905507883,0.2799467981173215
joint_binary_raw,209,Hamas,2022-01-10,0.0,0.45230393204033603,-0.45230393204033603
joint_binary_raw,209,Hamas,2022-01-24,0.0,0.3427205795062837,-0.3427205795062837
joint_binary_raw,209,Hamas,2022-02-07,0.0,0.0656719783331095,-0.0656719783331095
joint_binary_raw,209,Hamas,2022-02-21,0.0,0.15793691751798133,-0.15793691751798133
joint_binary_raw,209,Hamas,2022-03-07,0.0,0.0816940249729578,-0.0816940249729578
joint_binary_raw,209,Hamas,2022-03-21,0.0,-0.003287665023091302,0.003287665023091302
joint_binary_raw,209,Hamas,2022-04-04,0.6931471805599453,0.29343469277750767,0.3997124877824376
joint_binary_raw,209,Hamas,2022-04-18,0.0,0.7772979665708686,-0.7772979665708686
joint_binary_raw,209,Hamas,2022-05-02,0.0,0.09808999468402019,-0.09808999468402019
joint_binary_raw,209,Hamas,2022-05-16,0.0,0.04118429802296686,-0.04118429802296686
joint_binary_raw,209,Hamas,2022-05-30,0.0,-0.03649116927149321,0.03649116927149321
joint_binary_raw,209,Hamas,2022-06-13,0.0,0.4172836799071664,-0.4172836799071664
joint_binary_raw,209,Hamas,2022-06-27,0.0,-0.21809420203511953,0.21809420203511953
joint_binary_raw,209,Hamas,2022-07-11,0.0,0.530514046371473,-0.530514046371473
joint_binary_raw,209,Hamas,2022-07-25,0.0,0.13174315214857296,-0.13174315214857296
joint_binary_raw,209,Hamas,2022-08-08,0.0,0.1273403819253801,-0.1273403819253801
joint_binary_raw,209,Hamas,2022-08-22,0.6931471805599453,0.18116856200573433,0.511978618554211
joint_binary_raw,209,Hamas,2022-09-05,0.0,0.38241529903131666,-0.38241529903131666
joint_binary_raw,209,Hamas,2022-09-19,1.3862943611198906,0.19177080255076684,1.1945235585691236
joint_binary_raw,209,Hamas,2022-10-03,1.0986122886681098,0.736272748194986,0.3623395404731238
joint_binary_raw,209,Hamas,2022-10-17,0.0,0.5886424159153312,-0.5886424159153312
joint_binary_raw,209,Hamas,2022-10-31,1.0986122886681098,0.3328005757191067,0.7658117129490031
joint_binary_raw,209,Hamas,2022-11-14,0.0,0.6009300791479214,-0.6009300791479214
joint_binary_raw,209,Hamas,2022-11-28,0.6931471805599453,0.3572471303327444,0.3359000502272009
joint_binary_raw,209,Hamas,2022-12-12,1.3862943611198906,0.5301293079950058,0.8561650531248848
joint_binary_raw,209,Hamas,2022-12-26,0.0,0.5287632795690611,-0.5287632795690611
joint_binary_raw,209,Hamas,2023-01-09,0.6931471805599453,-0.05589795749447224,0.7490451380544175
joint_binary_raw,209,Hamas,2023-01-23,1.791759469228055,0.4153061851189711,1.376453284109084
joint_binary_raw,209,Hamas,2023-02-06,1.0986122886681098,0.8990830017022045,0.19952928696590533
joint_binary_raw,209,Hamas,2023-02-20,2.302585092994046,0.8671718271906461,1.4354132658033998
joint_binary_raw,209,Hamas,2023-03-06,0.0,1.2439876329178,-1.2439876329178
joint_binary_raw,209,Hamas,2023-03-20,0.0,0.13621848959096022,-0.13621848959096022
joint_binary_raw,209,Hamas,2023-04-03,0.0,0.3855011231622018,-0.3855011231622018
joint_binary_raw,209,Hamas,2023-04-17,1.9459101490553132,-0.1781999460444883,2.1241100950998018
joint_binary_raw,209,Hamas,2023-05-01,0.0,0.9064788935520856,-0.9064788935520856
joint_binary_raw,209,Hamas,2023-05-15,0.0,0.04211611613791466,-0.04211611613791466
joint_binary_raw,209,Hamas,2023-05-29,1.791759469228055,-0.15281827491484834,1.9445777441429033
joint_binary_raw,209,Hamas,2023-06-12,1.0986122886681098,0.7967173597486837,0.30189492891942604
joint_binary_raw,209,Hamas,2023-06-26,0.0,0.730365483451473,-0.730365483451473
joint_binary_raw,209,Hamas,2023-07-10,1.6094379124341005,0.08193269158273969,1.5275052208513609
joint_binary_raw,209,Hamas,2023-07-24,0.0,0.7982396863434401,-0.7982396863434401
joint_binary_raw,209,Hamas,2023-08-07,0.0,0.21918782584459345,-0.21918782584459345
joint_binary_raw,209,Hamas,2023-08-21,0.0,0.05364721075257972,-0.05364721075257972
joint_binary_raw,209,Hamas,2023-09-04,2.0794415416798357,0.06729093736967467,2.012150604310161
joint_binary_raw,209,Hamas,2023-09-18,8.670772279344538,4.483854237107794,4.186918042236744
joint_binary_raw,209,Hamas,2023-10-02,8.45638105201948,6.816612315373743,1.6397687366457374
joint_binary_raw,209,Hamas,2023-10-16,8.645586406184636,7.338979903790857,1.3066065023937785
joint_binary_raw,209,Hamas,2023-10-30,7.5411524551363085,7.6930718321329765,-0.15191937699666802
joint_binary_raw,209,Hamas,2023-11-13,8.763740720509464,7.571909745575217,1.1918309749342466
joint_binary_raw,209,Hamas,2023-11-27,7.596894438144544,7.608246590602612,-0.011352152458068865
joint_binary_raw,209,Hamas,2023-12-11,7.839131648274333,7.123359172043596,0.7157724762307369
joint_binary_raw,209,Hamas,2023-12-25,6.423246963533519,7.167622701921957,-0.7443757383884373
joint_binary_raw,209,Hamas,2024-01-08,7.348587530927593,6.515711794555778,0.8328757363718147
joint_binary_raw,209,Hamas,2024-01-22,6.618738983517219,6.750984780789913,-0.13224579727269337
joint_binary_raw,209,Hamas,2024-02-05,7.405495663199472,6.547085353177899,0.858410310021573
joint_binary_raw,209,Hamas,2024-02-19,6.532334292222349,6.791303821072864,-0.25896952885051494
joint_binary_raw,209,Hamas,2024-03-04,6.499787040655854,6.4930942648856265,0.006692775770227755
joint_binary_raw,209,Hamas,2024-03-18,6.639875833826536,6.416330678982352,0.22354515484418336
joint_binary_raw,209,Hamas,2024-04-01,5.777652323222656,6.463667442204893,-0.6860151189822368
joint_binary_raw,209,Hamas,2024-04-15,6.513230110912307,6.073418424736914,0.4398116861753927
joint_binary_raw,209,Hamas,2024-04-29,6.504288173536645,6.341081704822703,0.16320646871394207
joint_binary_raw,209,Hamas,2024-05-13,6.922643891475888,6.448940766267138,0.4737031252087496
joint_binary_raw,209,Hamas,2024-05-27,6.068425588244111,6.68926008887139,-0.6208345006272795
joint_binary_raw,209,Hamas,2024-06-10,6.78332520060396,6.3292016062663885,0.4541235943375712
joint_binary_raw,209,Hamas,2024-06-24,6.580639137284949,6.58440666950005,-0.003767532215100289
joint_binary_raw,209,Hamas,2024-07-08,6.698268054115413,6.663421297112289,0.03484675700312412
joint_binary_raw,209,Hamas,2024-07-22,6.184148890937483,6.438678538554048,-0.2545296476165646
joint_binary_raw,209,Hamas,2024-08-05,6.434546518787453,6.189962701099741,0.24458381768771176
joint_binary_raw,209,Hamas,2024-08-19,6.056784013228625,6.485181965709853,-0.4283979524812285
joint_binary_raw,209,Hamas,2024-09-02,6.028278520230698,6.224519002014188,-0.19624048178348996
joint_binary_raw,209,Hamas,2024-09-16,6.961296045910167,6.244624295909028,0.7166717500011393
joint_binary_raw,209,Hamas,2024-09-30,6.601230118728877,6.5965485452417045,0.00468157348717213
joint_binary_raw,209,Hamas,2024-10-14,6.725033642166843,6.575876297329972,0.14915734483687082
joint_binary_raw,209,Hamas,2024-10-28,6.419994928147142,6.5982057265393275,-0.17821079839218523
joint_binary_raw,209,Hamas,2024-11-11,6.42648845745769,6.401177926143982,0.02531053131370875
joint_binary_raw,209,Hamas,2024-11-25,6.391917113392602,6.4146801629688595,-0.02276304957625719
joint_binary_raw,209,Hamas,2024-12-09,6.406879986069314,6.478516729728189,-0.07163674365887474
joint_binary_raw,209,Hamas,2024-12-23,6.366470447731438,6.520469332013232,-0.1539988842817941
joint_binary_raw,209,Hamas,2025-01-06,3.828641396489095,6.252648804958774,-2.424007408469679
joint_binary_raw,209,Hamas,2025-01-20,3.1780538303479458,5.252220714016035,-2.0741668836680893
joint_binary_raw,209,Hamas,2025-02-03,3.258096538021482,4.604973176927118,-1.3468766389056355
joint_binary_raw,209,Hamas,2025-02-17,4.532599493153256,4.736955312115179,-0.20435581896192279
joint_binary_raw,209,Hamas,2025-03-03,6.79794041297493,5.180516671293588,1.6174237416813426
joint_binary_raw,209,Hamas,2025-03-17,6.421622267806518,6.496900936588857,-0.07527866878233969
joint_binary_raw,209,Hamas,2025-03-31,6.3818160174060985,6.570733495788812,-0.1889174783827139
joint_binary_raw,209,Hamas,2025-04-14,6.429719478039138,6.444375596178948,-0.014656118139810381
joint_binary_raw,209,Hamas,2025-04-28,7.142036574706803,6.495634853970528,0.6464017207362751
joint_binary_raw,209,Hamas,2025-05-12,6.654152520183219,6.752396041813994,-0.0982435216307751
joint_binary_raw,209,Hamas,2025-05-26,6.698268054115413,6.642300176244085,0.0559678778713284
joint_binary_raw,209,Hamas,2025-06-09,7.094234845924755,6.749824352430248,0.34441049349450736
joint_binary_raw,209,Hamas,2025-06-23,7.052721049232323,6.808633835888972,0.24408721334335137
joint_binary_raw,209,Hamas,2025-07-07,6.7650389767805414,6.830113876218888,-0.06507489943834699
joint_binary_raw,209,Hamas,2025-07-21,6.539585955617669,6.510923455607695,0.0286625000099745
joint_binary_raw,209,Hamas,2025-08-04,6.670766320845874,6.324238140584938,0.3465281802609361
joint_binary_raw,209,Hamas,2025-08-18,6.866933284461882,6.547592325890759,0.3193409585711233
joint_binary_raw,209,Hamas,2025-09-01,6.872128101338986,6.666577820101688,0.20555028123729802
joint_binary_raw,209,Hamas,2025-09-15,6.270988431858299,6.543496842566182,-0.272508410707883
joint_binary_raw,209,Hamas,2025-09-29,4.48863636973214,6.153603411119423,-1.6649670413872837
joint_binary_raw,209,Hamas,2025-10-13,4.844187086458591,5.496964211256464,-0.6527771247978729
joint_binary_raw,209,Hamas,2025-10-27,4.394449154672439,5.557289735371108,-1.1628405806986688
joint_binary_raw,209,Hamas,2025-11-10,3.688879454113936,5.4605643360904255,-1.7716848819764897
joint_binary_raw,209,Hamas,2025-11-24,3.49650756146648,5.04178510735518,-1.5452775458887
joint_binary_raw,303,Taliban,2020-01-13,6.926577033222725,6.854453702099589,0.0721233311231364
joint_binary_raw,303,Taliban,2020-01-27,6.111467339502679,7.010257564897936,-0.8987902253952571
joint_binary_raw,303,Taliban,2020-02-10,7.549082710812286,6.4736171940111475,1.0754655168011382
joint_binary_raw,303,Taliban,2020-02-24,6.104793232414985,7.058960138645645,-0.9541669062306601
joint_binary_raw,303,Taliban,2020-03-09,6.169610732491456,6.640787170916555,-0.4711764384250987
joint_binary_raw,303,Taliban,2020-03-23,6.0867747269123065,6.558417842695537,-0.47164311578323037
joint_binary_raw,303,Taliban,2020-04-06,6.272877006546167,6.584647049641045,-0.311770043094878
joint_binary_raw,303,Taliban,2020-04-20,6.473890696352274,6.641821732508632,-0.1679310361563573
joint_binary_raw,303,Taliban,2020-05-04,5.916202062607435,6.762849049424576,-0.8466469868171407
joint_binary_raw,303,Taliban,2020-05-18,6.049733455231958,6.48145537746546,-0.4317219222335025
joint_binary_raw,303,Taliban,2020-06-01,6.775366090936392,6.607648018466486,0.16771807246990544
joint_binary_raw,303,Taliban,2020-06-15,6.455198563340122,6.712871258694577,-0.25767269535445436
joint_binary_raw,303,Taliban,2020-06-29,6.9167150203536085,6.459664330262521,0.4570506900910871
joint_binary_raw,303,Taliban,2020-07-13,5.5053315359323625,6.967786604989419,-1.4624550690570564
joint_binary_raw,303,Taliban,2020-07-27,6.646390514847729,6.284749945534006,0.3616405693137228
joint_binary_raw,303,Taliban,2020-08-10,6.674561391814426,6.75194382411582,-0.07738243230139386
joint_binary_raw,303,Taliban,2020-08-24,6.823286122355687,7.031471486471439,-0.20818536411575206
joint_binary_raw,303,Taliban,2020-09-07,6.395261598115449,6.845763333580482,-0.4505017354650329
joint_binary_raw,303,Taliban,2020-09-21,7.080026499922591,6.82901143565961,0.2510150642629805
joint_binary_raw,303,Taliban,2020-10-05,7.234898420314831,7.081556731237327,0.15334168907750456
joint_binary_raw,303,Taliban,2020-10-19,6.92461239604856,7.263813262293245,-0.3392008662446848
joint_binary_raw,303,Taliban,2020-11-02,6.612041034833092,7.256831572637338,-0.644790537804246
joint_binary_raw,303,Taliban,2020-11-16,6.9440872082295275,6.810011949915335,0.13407525831419242
joint_binary_raw,303,Taliban,2020-11-30,6.76849321164863,6.929318851527718,-0.16082563987908838
joint_binary_raw,303,Taliban,2020-12-14,7.037027614686276,7.025859213705099,0.011168400981177662
joint_binary_raw,303,Taliban,2020-12-28,7.020190708311925,6.994472691800965,0.025718016510960062
joint_binary_raw,303,Taliban,2021-01-11,7.050122520269059,7.010857385026233,0.039265135242826155
joint_binary_raw,303,Taliban,2021-01-25,7.065613363597717,6.921840372768371,0.14377299082934591
joint_binary_raw,303,Taliban,2021-02-08,6.674561391814426,6.906472638104216,-0.23191124628978965
joint_binary_raw,303,Taliban,2021-02-22,6.602587892189336,6.808358769546583,-0.20577087735724664
joint_binary_raw,303,Taliban,2021-03-08,6.893656354602635,6.714409608182223,0.1792467464204126
joint_binary_raw,303,Taliban,2021-03-22,6.96979066990159,6.8595450816403645,0.11024558826122544
joint_binary_raw,303,Taliban,2021-04-05,7.373374309910049,6.747823987892764,0.6255503220172844
joint_binary_raw,303,Taliban,2021-04-19,7.503840746698951,7.020912845138365,0.4829279015605863
joint_binary_raw,303,Taliban,2021-05-03,7.899524472032198,7.22535818364021,0.6741662883919881
joint_binary_raw,303,Taliban,2021-05-17,8.013012110368916,7.460300412035335,0.5527116983335807
joint_binary_raw,303,Taliban,2021-05-31,8.24800570160062,7.43343881414402,0.8145668874565999
joint_binary_raw,303,Taliban,2021-06-14,8.3707791729607,7.647935178489519,0.722843994471182
joint_binary_raw,303,Taliban,2021-06-28,8.0774471493312,7.689891080022856,0.3875560693083431
joint_binary_raw,303,Taliban,2021-07-12,8.520388082312756,7.370015175544732,1.1503729067680242
joint_binary_raw,303,Taliban,2021-07-26,7.353722330399632,7.353722330399835,-2.0250467969162855e-13
joint_binary_raw,303,Taliban,2021-08-09,6.133398042996649,5.455025691222103,0.6783723517745459
joint_binary_raw,303,Taliban,2021-08-23,4.584967478670572,4.438302235108175,0.1466652435623974
joint_binary_raw,303,Taliban,2021-09-06,4.007333185232471,3.6283524680818537,0.37898071715061743
joint_binary_raw,303,Taliban,2021-09-20,3.1354942159291497,3.219588148801341,-0.08409393287219125
joint_binary_raw,303,Taliban,2021-10-04,3.4339872044851463,2.844709688808214,0.5892775156769323
joint_binary_raw,303,Taliban,2021-10-18,3.80666248977032,2.8103656583138314,0.9962968314564886
joint_binary_raw,303,Taliban,2021-11-01,2.6390573296152584,3.056399266633873,-0.41734193701861466
joint_binary_raw,303,Taliban,2021-11-15,2.4849066497880004,2.5868437208940147,-0.10193707110601435
joint_binary_raw,303,Taliban,2021-11-29,2.4849066497880004,2.5701113056468143,-0.08520465585881398
joint_binary_raw,303,Taliban,2021-12-13,1.0986122886681098,2.4224532372653576,-1.3238409485972478
joint_binary_raw,303,Taliban,2021-12-27,3.044522437723423,1.8862011776991794,1.1583212600242436
joint_binary_raw,303,Taliban,2022-01-10,2.833213344056216,2.606251557113685,0.22696178694253133
joint_binary_raw,303,Taliban,2022-01-24,2.772588722239781,2.4900260071076623,0.28256271513211884
joint_binary_raw,303,Taliban,2022-02-07,1.791759469228055,2.4883978731626915,-0.6966384039346365
joint_binary_raw,303,Taliban,2022-02-21,2.302585092994046,2.3909476497599025,-0.08836255676585658
joint_binary_raw,303,Taliban,2022-03-07,4.23410650459726,2.3104619647774407,1.923644539819819
joint_binary_raw,303,Taliban,2022-03-21,3.258096538021482,3.0726016726567216,0.18549486536476056
joint_binary_raw,303,Taliban,2022-04-04,4.204692619390966,3.138325936161973,1.0663666832289929
joint_binary_raw,303,Taliban,2022-04-18,4.564348191467836,3.4992818705230953,1.0650663209447409
joint_binary_raw,303,Taliban,2022-05-02,3.8501476017100584,3.590764930180698,0.25938267152936056
joint_binary_raw,303,Taliban,2022-05-16,4.02535169073515,3.3257486570558097,0.69960303367934
joint_binary_raw,303,Taliban,2022-05-30,4.382026634673881,3.3758580233667574,1.0061686113071238
joint_binary_raw,303,Taliban,2022-06-13,3.9318256327243257,3.5323431110836268,0.399482521640699
joint_binary_raw,303,Taliban,2022-06-27,3.951243718581427,3.4447390728582974,0.5065046457231297
joint_binary_raw,303,Taliban,2022-07-11,3.4011973816621555,3.369756199160656,0.0314411825014993
joint_binary_raw,303,Taliban,2022-07-25,3.295836866004329,3.0689141915726585,0.22692267443167058
joint_binary_raw,303,Taliban,2022-08-08,2.833213344056216,2.9649293379448727,-0.1317159938886565
joint_binary_raw,303,Taliban,2022-08-22,5.25227342804663,2.668350499444354,2.583922928602276
joint_binary_raw,303,Taliban,2022-09-05,3.6635616461296463,3.792928120446048,-0.1293664743164018
joint_binary_raw,303,Taliban,2022-09-19,4.127134385045092,3.394217948974803,0.7329164360702887
joint_binary_raw,303,Taliban,2022-10-03,3.951243718581427,3.3251723556238986,0.6260713629575285
joint_binary_raw,303,Taliban,2022-10-17,2.833213344056216,3.4118511712863375,-0.5786378272301214
joint_binary_raw,303,Taliban,2022-10-31,2.4849066497880004,2.784115519948389,-0.2992088701603888
joint_binary_raw,303,Taliban,2022-11-14,3.1780538303479458,2.599342352462778,0.5787114778851676
joint_binary_raw,303,Taliban,2022-11-28,3.044522437723423,2.8515839059057315,0.1929385318176915
joint_binary_raw,303,Taliban,2022-12-12,4.584967478670572,2.833649989625016,1.7513174890455563
joint_binary_raw,303,Taliban,2022-12-26,3.4011973816621555,3.1883681793388385,0.21282920232331692
joint_binary_raw,303,Taliban,2023-01-09,2.302585092994046,2.8476319148848903,-0.5450468218908444
joint_binary_raw,303,Taliban,2023-01-23,1.6094379124341005,2.527220802065182,-0.9177828896310816
joint_binary_raw,303,Taliban,2023-02-06,2.4849066497880004,2.0970409461833537,0.38786570360464667
joint_binary_raw,303,Taliban,2023-02-20,3.258096538021482,2.3962493865731878,0.8618471514482944
joint_binary_raw,303,Taliban,2023-03-06,2.4849066497880004,2.834186620453504,-0.34927997066550365
joint_binary_raw,303,Taliban,2023-03-20,3.871201010907891,2.5356071712589863,1.3355938396489049
joint_binary_raw,303,Taliban,2023-04-03,1.791759469228055,2.845592339219447,-1.0538328699913921
joint_binary_raw,303,Taliban,2023-04-17,2.4849066497880004,2.382935975889581,0.1019706738984194
joint_binary_raw,303,Taliban,2023-05-01,1.3862943611198906,2.3387201398944812,-0.9524257787745907
joint_binary_raw,303,Taliban,2023-05-15,3.6635616461296463,2.121418610557744,1.5421430355719021
joint_binary_raw,303,Taliban,2023-05-29,2.1972245773362196,2.821042207793776,-0.6238176304575562
joint_binary_raw,303,Taliban,2023-06-12,2.1972245773362196,2.470408709970741,-0.27318413263452124
joint_binary_raw,303,Taliban,2023-06-26,1.3862943611198906,2.2466581709293543,-0.8603638098094637
joint_binary_raw,303,Taliban,2023-07-10,2.1972245773362196,1.8285468972071546,0.368677680129065
joint_binary_raw,303,Taliban,2023-07-24,2.6390573296152584,2.1116117123277602,0.5274456172874982
joint_binary_raw,303,Taliban,2023-08-07,1.791759469228055,2.4099837613476054,-0.6182242921195504
joint_binary_raw,303,Taliban,2023-08-21,2.6390573296152584,2.0190968383543755,0.6199604912608829
joint_binary_raw,303,Taliban,2023-09-04,0.0,2.517799453584641,-2.517799453584641
joint_binary_raw,303,Taliban,2023-09-18,1.3862943611198906,1.367025364072481,0.019268997047409586
joint_binary_raw,303,Taliban,2023-10-02,1.791759469228055,1.621464603563929,0.17029486566412588
joint_binary_raw,303,Taliban,2023-10-16,2.0794415416798357,1.9519411635233976,0.1275003781564381
joint_binary_raw,303,Taliban,2023-11-27,0.0,1.9343763204907023,-1.9343763204907023
joint_binary_raw,303,Taliban,2023-12-11,0.0,1.3591145652809908,-1.3591145652809908
joint_binary_raw,303,Taliban,2023-12-25,2.4849066497880004,1.266522438018813,1.2183842117691874
joint_binary_raw,303,Taliban,2024-01-08,0.0,2.184049685645928,-2.184049685645928
joint_binary_raw,303,Taliban,2024-01-22,0.6931471805599453,1.2125412172020558,-0.5193940366421105
joint_binary_raw,303,Taliban,2024-02-05,0.0,1.2921071238517654,-1.2921071238517654
joint_binary_raw,303,Taliban,2024-02-19,2.0794415416798357,1.1232290971174814,0.9562124445623543
joint_binary_raw,303,Taliban,2024-03-04,3.688879454113936,1.8858270296539574,1.8030524244599784
joint_binary_raw,303,Taliban,2024-03-18,1.6094379124341005,2.8547298336322227,-1.2452919211981222
joint_binary_raw,303,Taliban,2024-04-01,1.3862943611198906,2.0765148521116013,-0.6902204909917107
joint_binary_raw,303,Taliban,2024-04-15,2.6390573296152584,1.8389303061723021,0.8001270234429563
joint_binary_raw,303,Taliban,2024-04-29,3.1780538303479458,2.543070387494613,0.6349834428533327
joint_binary_raw,303,Taliban,2024-05-13,1.0986122886681098,2.959670789762166,-1.8610585010940561
joint_binary_raw,303,Taliban,2024-05-27,1.0986122886681098,1.9227188401660302,-0.8241065514979204
joint_binary_raw,303,Taliban,2024-06-10,2.302585092994046,1.6727987400972415,0.6297863528968044
joint_binary_raw,303,Taliban,2024-06-24,1.3862943611198906,2.0336962973295307,-0.6474019362096401
joint_binary_raw,303,Taliban,2024-07-08,1.6094379124341005,2.0220183037452144,-0.4125803913111139
joint_binary_raw,303,Taliban,2024-07-22,2.302585092994046,1.7247118375129424,0.5778732554811035
joint_binary_raw,303,Taliban,2024-08-05,2.1972245773362196,2.198512210351429,-0.0012876330152096216
joint_binary_raw,303,Taliban,2024-08-19,2.772588722239781,2.229191123163131,0.5433975990766502
joint_binary_raw,303,Taliban,2024-09-02,2.995732273553991,2.4325520843601183,0.5631801891938726
joint_binary_raw,303,Taliban,2024-09-16,2.1972245773362196,2.7548634134678323,-0.5576388361316127
joint_binary_raw,303,Taliban,2024-09-30,1.9459101490553132,2.4762337246279187,-0.5303235755726055
joint_binary_raw,303,Taliban,2024-10-14,1.9459101490553132,2.1683400820258085,-0.2224299329704953
joint_binary_raw,303,Taliban,2024-10-28,1.0986122886681098,2.109387878739608,-1.0107755900714983
joint_binary_raw,303,Taliban,2024-11-11,1.9459101490553132,1.891625684816189,0.05428446423912425
joint_binary_raw,303,Taliban,2024-11-25,2.5649493574615367,2.0738269097451507,0.491122447716386
joint_binary_raw,303,Taliban,2024-12-09,3.295836866004329,2.4677529796190703,0.8280838863852589
joint_binary_raw,303,Taliban,2024-12-23,2.0794415416798357,2.90153387148858,-0.8220923298087444
joint_binary_raw,303,Taliban,2025-01-06,2.1972245773362196,2.191921461922269,0.005303115413950454
joint_binary_raw,303,Taliban,2025-01-20,3.367295829986474,2.228040703931427,1.1392551260550472
joint_binary_raw,303,Taliban,2025-02-03,1.6094379124341005,2.747947556813938,-1.1385096443798375
joint_binary_raw,303,Taliban,2025-02-17,0.6931471805599453,2.1868984928310806,-1.4937513122711352
joint_binary_raw,303,Taliban,2025-03-03,0.0,1.5521963681723858,-1.5521963681723858
joint_binary_raw,303,Taliban,2025-03-17,0.0,0.9978270441520376,-0.9978270441520376
joint_binary_raw,303,Taliban,2025-03-31,0.0,1.0024253724833274,-1.0024253724833274
joint_binary_raw,303,Taliban,2025-04-14,0.6931471805599453,0.9044808627976533,-0.211333682237708
joint_binary_raw,303,Taliban,2025-04-28,2.8903717578961645,1.4189896196671725,1.471382138228992
joint_binary_raw,303,Taliban,2025-05-12,1.9459101490553132,2.3381790333566297,-0.39226888430131646
joint_binary_raw,303,Taliban,2025-05-26,2.0794415416798357,2.21736229652382,-0.13792075484398447
joint_binary_raw,303,Taliban,2025-06-09,2.8903717578961645,2.347131740777946,0.5432400171182183
joint_binary_raw,303,Taliban,2025-06-23,1.6094379124341005,2.484573221006016,-0.8751353085719153
joint_binary_raw,303,Taliban,2025-07-07,0.6931471805599453,1.9196723777025664,-1.226525197142621
joint_binary_raw,303,Taliban,2025-07-21,2.3978952727983707,1.5967503016949562,0.8011449711034144
joint_binary_raw,303,Taliban,2025-08-04,1.3862943611198906,2.045374344206218,-0.6590799830863274
joint_binary_raw,303,Taliban,2025-08-18,1.791759469228055,1.8158513181669536,-0.024091848938898597
joint_binary_raw,303,Taliban,2025-09-01,1.9459101490553132,1.9901638978683267,-0.04425374881301347
joint_binary_raw,303,Taliban,2025-09-15,4.48863636973214,1.8557694357380823,2.632866933994057
joint_binary_raw,303,Taliban,2025-09-29,3.784189633918261,3.228716299908359,0.5554733340099021
joint_binary_raw,303,Taliban,2025-10-13,2.4849066497880004,3.0620593796658357,-0.5771527298778354
joint_binary_raw,303,Taliban,2025-10-27,0.0,2.2154284787144363,-2.2154284787144363
joint_binary_raw,303,Taliban,2025-11-10,2.833213344056216,1.4172610633977833,1.4159522806584328
joint_binary_raw,303,Taliban,2025-11-24,1.3862943611198906,2.3099359530042354,-0.9236415918843448
joint_binary_raw,group:farc_bloc,FARC family,2020-01-13,1.6094379124341005,1.713311816567616,-0.1038739041335155
joint_binary_raw,group:farc_bloc,FARC family,2020-01-27,2.0794415416798357,1.5419448496189228,0.537496692060913
joint_binary_raw,group:farc_bloc,FARC family,2020-02-24,0.0,0.944728563965053,-0.944728563965053
joint_binary_raw,group:farc_bloc,FARC family,2020-06-15,1.0986122886681098,1.925653736873041,-0.8270414482049313
joint_binary_raw,group:farc_bloc,FARC family,2020-07-13,1.6094379124341005,1.5680158540605162,0.04142205837358426
joint_binary_raw,group:farc_bloc,FARC family,2020-07-27,2.4849066497880004,1.674049517892909,0.8108571318950915
joint_binary_raw,group:farc_bloc,FARC family,2020-08-10,1.9459101490553132,2.034969473614229,-0.08905932455891574
joint_binary_raw,group:farc_bloc,FARC family,2020-08-24,2.3978952727983707,2.086289139361274,0.31160613343709676
joint_binary_raw,group:farc_bloc,FARC family,2020-09-21,1.6094379124341005,1.3087666914454288,0.3006712209886717
joint_binary_raw,group:farc_bloc,FARC family,2020-10-05,1.0986122886681098,1.3677047192193887,-0.26909243055127896
joint_binary_raw,group:farc_bloc,FARC family,2020-11-16,0.0,0.9839577038236265,-0.9839577038236265
joint_binary_raw,group:farc_bloc,FARC family,2020-12-28,1.9459101490553132,1.136698930249039,0.8092112188062743
joint_binary_raw,group:farc_bloc,FARC family,2021-01-25,0.6931471805599453,1.925228848723983,-1.2320816681640379
joint_binary_raw,group:farc_bloc,FARC family,2021-02-08,3.367295829986474,1.1434988663829808,2.223796963603493
joint_binary_raw,group:farc_bloc,FARC family,2021-02-22,0.0,2.3037593897599074,-2.3037593897599074
joint_binary_raw,group:farc_bloc,FARC family,2021-03-08,1.3862943611198906,1.4089017386816622,-0.02260737756177167
joint_binary_raw,group:farc_bloc,FARC family,2021-03-22,3.044522437723423,1.7929834058245808,1.2515390318988422
joint_binary_raw,group:farc_bloc,FARC family,2021-04-05,1.791759469228055,2.375729226636402,-0.5839697574083469
joint_binary_raw,group:farc_bloc,FARC family,2021-04-19,0.0,1.9096124240575605,-1.9096124240575605
joint_binary_raw,group:farc_bloc,FARC family,2021-05-17,0.0,1.327203219664613,-1.327203219664613
joint_binary_raw,group:farc_bloc,FARC family,2021-10-04,2.6390573296152584,2.3604303962243964,0.278626933390862
joint_binary_raw,group:farc_bloc,FARC family,2021-11-29,0.6931471805599453,0.7951883032094043,-0.10204112264945897
joint_binary_raw,group:farc_bloc,FARC family,2021-12-27,2.1972245773362196,2.74547790672855,-0.5482533293923306
joint_binary_raw,group:farc_bloc,FARC family,2022-01-10,2.995732273553991,2.4293204424903414,0.5664118310636495
joint_binary_raw,group:farc_bloc,FARC family,2022-01-24,2.3978952727983707,2.4081598318658592,-0.010264559067488577
joint_binary_raw,group:farc_bloc,FARC family,2022-02-21,2.5649493574615367,2.472124909990323,0.09282444747121366
joint_binary_raw,group:farc_bloc,FARC family,2022-03-21,1.791759469228055,2.4568583627263374,-0.6650988934982824
joint_binary_raw,group:farc_bloc,FARC family,2022-06-27,2.1972245773362196,1.9965576818453918,0.20066689549082772
joint_binary_raw,group:farc_bloc,FARC family,2022-07-11,1.791759469228055,2.4128197427564118,-0.6210602735283568
joint_binary_raw,group:farc_bloc,FARC family,2022-07-25,0.0,1.682750681585617,-1.682750681585617
joint_binary_raw,group:farc_bloc,FARC family,2022-11-28,2.302585092994046,2.085979536642312,0.21660555635173395
joint_binary_raw,group:farc_bloc,FARC family,2023-05-15,2.6390573296152584,2.0583226154011633,0.5807347142140951
joint_binary_raw,group:farc_bloc,FARC family,2023-07-10,2.833213344056216,1.5609948835752312,1.272218460480985
joint_binary_raw,group:farc_bloc,FARC family,2023-07-24,2.3978952727983707,2.1224101110230835,0.27548516177528715
joint_binary_raw,group:farc_bloc,FARC family,2023-08-07,2.772588722239781,2.2537251383310952,0.5188635839086859
joint_binary_raw,group:farc_bloc,FARC family,2023-09-04,2.772588722239781,2.8874899421620297,-0.11490121992224855
joint_binary_raw,group:farc_bloc,FARC family,2023-09-18,2.3978952727983707,2.537735833967772,-0.13984056116940113
joint_binary_raw,group:farc_bloc,FARC family,2023-12-25,1.6094379124341005,1.54390396962237,0.06553394281173053
joint_binary_raw,group:farc_bloc,FARC family,2024-01-08,2.1972245773362196,1.495266203457641,0.7019583738785786
joint_binary_raw,group:farc_bloc,FARC family,2024-03-04,2.6390573296152584,2.4985708894150402,0.14048644020021817
joint_binary_raw,group:farc_bloc,FARC family,2024-03-18,2.9444389791664403,2.318383440845368,0.6260555383210722
joint_binary_raw,group:farc_bloc,FARC family,2024-04-01,2.995732273553991,2.565181459913374,0.43055081364061687
joint_binary_raw,group:farc_bloc,FARC family,2024-04-15,2.6390573296152584,2.5001918355358828,0.13886549407937565
joint_binary_raw,group:farc_bloc,FARC family,2024-04-29,2.3978952727983707,2.480505451423591,-0.08261017862522024
joint_binary_raw,group:farc_bloc,FARC family,2024-05-13,2.70805020110221,2.2005260998262464,0.5075241012759637
joint_binary_raw,group:farc_bloc,FARC family,2024-05-27,2.4849066497880004,2.4006239950653314,0.08428265472266894
joint_binary_raw,group:farc_bloc,FARC family,2024-06-10,1.6094379124341005,2.4420787430443167,-0.8326408306102162
joint_binary_raw,group:farc_bloc,FARC family,2024-07-08,2.1972245773362196,2.437403389470224,-0.24017881213400427
joint_binary_raw,group:farc_bloc,FARC family,2024-09-30,2.833213344056216,2.4348475326835066,0.39836581137270954
joint_binary_raw,group:farc_bloc,FARC family,2025-01-06,3.828641396489095,2.2252517718360507,1.6033896246530444
joint_binary_raw,group:farc_bloc,FARC family,2025-01-20,1.3862943611198906,2.4739221349843667,-1.0876277738644762
joint_binary_raw,group:farc_bloc,FARC family,2025-02-03,2.1972245773362196,1.9247778330587857,0.27244674427743387
joint_binary_raw,group:farc_bloc,FARC family,2025-02-17,3.1780538303479458,2.1564419036978757,1.02161192665007
joint_binary_raw,group:farc_bloc,FARC family,2025-03-03,2.3978952727983707,2.5846752394794326,-0.1867799666810619
joint_binary_raw,group:farc_bloc,FARC family,2025-03-17,3.4339872044851463,2.2983216759390537,1.1356655285460926
joint_binary_raw,group:farc_bloc,FARC family,2025-04-14,2.833213344056216,2.336902508941888,0.49631083511432816
joint_binary_raw,group:farc_bloc,FARC family,2025-04-28,2.772588722239781,2.374010127164242,0.39857859507553917
joint_binary_raw,group:farc_bloc,FARC family,2025-05-12,1.9459101490553132,2.5429675690880478,-0.5970574200327345
joint_binary_raw,group:farc_bloc,FARC family,2025-07-07,1.9459101490553132,1.8424611342629007,0.10344901479241253
joint_binary_raw,group:farc_bloc,FARC family,2025-07-21,2.3978952727983707,1.6701688313700085,0.7277264414283622
joint_binary_raw,group:farc_bloc,FARC family,2025-08-04,3.295836866004329,2.17679144902509,1.119045416979239
joint_binary_raw,group:farc_bloc,FARC family,2025-08-18,2.3978952727983707,2.4153905153816067,-0.01749524258323598
joint_binary_raw,group:farc_bloc,FARC family,2025-09-01,1.9459101490553132,2.181483932818404,-0.23557378376309068
joint_binary_raw,group:farc_bloc,FARC family,2025-11-10,0.0,2.499723472068336,-2.499723472068336
context_three_raw,209,Hamas,2020-01-13,0.0,1.0801320190164108,-1.0801320190164108
context_three_raw,209,Hamas,2020-01-27,0.0,0.6285571472293048,-0.6285571472293048
context_three_raw,209,Hamas,2020-02-10,0.0,0.4676773283712481,-0.4676773283712481
context_three_raw,209,Hamas,2020-02-24,0.0,0.42082139646123373,-0.42082139646123373
context_three_raw,209,Hamas,2020-03-23,0.0,0.3765726515131502,-0.3765726515131502
context_three_raw,209,Hamas,2020-05-04,0.0,0.39927798577317186,-0.39927798577317186
context_three_raw,209,Hamas,2020-06-15,0.0,0.3893416418008231,-0.3893416418008231
context_three_raw,209,Hamas,2020-06-29,0.0,0.462687358862081,-0.462687358862081
context_three_raw,209,Hamas,2020-07-27,0.0,0.7161709881972164,-0.7161709881972164
context_three_raw,209,Hamas,2020-08-10,0.0,0.5094454168048763,-0.5094454168048763
context_three_raw,209,Hamas,2020-08-24,0.0,0.4456272528553178,-0.4456272528553178
context_three_raw,209,Hamas,2020-09-07,0.0,0.3859669871162439,-0.3859669871162439
context_three_raw,209,Hamas,2020-10-19,0.0,0.55663135468259,-0.55663135468259
context_three_raw,209,Hamas,2020-11-02,0.0,0.5060567100336452,-0.5060567100336452
context_three_raw,209,Hamas,2020-11-16,0.0,0.42215958938695075,-0.42215958938695075
context_three_raw,209,Hamas,2020-12-14,0.0,0.4902487041120157,-0.4902487041120157
context_three_raw,209,Hamas,2020-12-28,0.0,0.30387221854900925,-0.30387221854900925
context_three_raw,209,Hamas,2021-01-11,0.0,0.504606139086035,-0.504606139086035
context_three_raw,209,Hamas,2021-01-25,0.0,0.03761291801611266,-0.03761291801611266
context_three_raw,209,Hamas,2021-02-08,0.0,-0.1269806686189523,0.1269806686189523
context_three_raw,209,Hamas,2021-02-22,0.0,-0.05596325954541914,0.05596325954541914
context_three_raw,209,Hamas,2021-03-08,0.0,0.14930899890689475,-0.14930899890689475
context_three_raw,209,Hamas,2021-03-22,0.0,0.33209035749320326,-0.33209035749320326
context_three_raw,209,Hamas,2021-04-05,0.0,0.6318588027373151,-0.6318588027373151
context_three_raw,209,Hamas,2021-04-19,5.308267697401205,0.3142880772170282,4.993979620184177
context_three_raw,209,Hamas,2021-05-03,3.091042453358316,2.377932189613257,0.713110263745059
context_three_raw,209,Hamas,2021-05-17,0.0,1.7322006761163673,-1.7322006761163673
context_three_raw,209,Hamas,2021-05-31,0.0,0.23639378991391946,-0.23639378991391946
context_three_raw,209,Hamas,2021-06-14,0.0,0.17458534356346922,-0.17458534356346922
context_three_raw,209,Hamas,2021-06-28,0.0,0.17541673333527052,-0.17541673333527052
context_three_raw,209,Hamas,2021-07-12,0.0,0.008802330053215623,-0.008802330053215623
context_three_raw,209,Hamas,2021-07-26,1.791759469228055,0.0952084088371048,1.6965510603909502
context_three_raw,209,Hamas,2021-08-23,0.0,0.4882050768863324,-0.4882050768863324
context_three_raw,209,Hamas,2021-09-06,1.3862943611198906,0.3605592350085356,1.025735126111355
context_three_raw,209,Hamas,2021-09-20,0.0,0.730373518736404,-0.730373518736404
context_three_raw,209,Hamas,2021-10-04,0.0,0.08191246070972102,-0.08191246070972102
context_three_raw,209,Hamas,2021-10-18,0.0,0.10775871226280165,-0.10775871226280165
context_three_raw,209,Hamas,2021-11-01,1.0986122886681098,0.03442800055719175,1.064184288110918
context_three_raw,209,Hamas,2021-11-15,0.0,0.6108133287839681,-0.6108133287839681
context_three_raw,209,Hamas,2021-11-29,0.0,0.36328479364295885,-0.36328479364295885
context_three_raw,209,Hamas,2021-12-13,0.6931471805599453,0.37359916675837956,0.3195480138015657
context_three_raw,209,Hamas,2021-12-27,1.0986122886681098,0.5914605027903966,0.5071517858777131
context_three_raw,209,Hamas,2022-01-10,0.0,0.5704536330435619,-0.5704536330435619
context_three_raw,209,Hamas,2022-01-24,0.0,0.3338035852836454,-0.3338035852836454
context_three_raw,209,Hamas,2022-02-07,0.0,0.09399286403514218,-0.09399286403514218
context_three_raw,209,Hamas,2022-02-21,0.0,0.040134832456331315,-0.040134832456331315
context_three_raw,209,Hamas,2022-03-07,0.0,-0.07823047103073932,0.07823047103073932
context_three_raw,209,Hamas,2022-03-21,0.0,-0.008714592712683267,0.008714592712683267
context_three_raw,209,Hamas,2022-04-04,0.6931471805599453,0.40057810085914625,0.29256907970079904
context_three_raw,209,Hamas,2022-04-18,0.0,0.6499112622491404,-0.6499112622491404
context_three_raw,209,Hamas,2022-05-02,0.0,0.2654281752974905,-0.2654281752974905
context_three_raw,209,Hamas,2022-05-16,0.0,0.022792724052596913,-0.022792724052596913
context_three_raw,209,Hamas,2022-05-30,0.0,-0.0008023335935087861,0.0008023335935087861
context_three_raw,209,Hamas,2022-06-13,0.0,0.3476613561068842,-0.3476613561068842
context_three_raw,209,Hamas,2022-06-27,0.0,-0.17150703128307243,0.17150703128307243
context_three_raw,209,Hamas,2022-07-11,0.0,0.42436974585918574,-0.42436974585918574
context_three_raw,209,Hamas,2022-07-25,0.0,0.38812318383249744,-0.38812318383249744
context_three_raw,209,Hamas,2022-08-08,0.0,0.3041492668268233,-0.3041492668268233
context_three_raw,209,Hamas,2022-08-22,0.6931471805599453,0.1944522771555457,0.4986949034043996
context_three_raw,209,Hamas,2022-09-05,0.0,0.31607242668227764,-0.31607242668227764
context_three_raw,209,Hamas,2022-09-19,1.3862943611198906,0.3979160189938531,0.9883783421260375
context_three_raw,209,Hamas,2022-10-03,1.0986122886681098,0.7794755774880391,0.3191367111800707
context_three_raw,209,Hamas,2022-10-17,0.0,0.7702463621711163,-0.7702463621711163
context_three_raw,209,Hamas,2022-10-31,1.0986122886681098,0.1906582168163966,0.9079540718517132
context_three_raw,209,Hamas,2022-11-14,0.0,0.5614922715822499,-0.5614922715822499
context_three_raw,209,Hamas,2022-11-28,0.6931471805599453,0.22484148767130763,0.46830569288863766
context_three_raw,209,Hamas,2022-12-12,1.3862943611198906,0.669945925208028,0.7163484359118626
context_three_raw,209,Hamas,2022-12-26,0.0,0.6363580656598101,-0.6363580656598101
context_three_raw,209,Hamas,2023-01-09,0.6931471805599453,-0.1022707676907153,0.7954179482506606
context_three_raw,209,Hamas,2023-01-23,1.791759469228055,0.5550607804907398,1.2366986887373153
context_three_raw,209,Hamas,2023-02-06,1.0986122886681098,0.9383859862218427,0.16022630244626712
context_three_raw,209,Hamas,2023-02-20,2.302585092994046,0.9271038592789569,1.375481233715089
context_three_raw,209,Hamas,2023-03-06,0.0,1.3898637040316406,-1.3898637040316406
context_three_raw,209,Hamas,2023-03-20,0.0,0.2711412839019989,-0.2711412839019989
context_three_raw,209,Hamas,2023-04-03,0.0,0.29412918993344395,-0.29412918993344395
context_three_raw,209,Hamas,2023-04-17,1.9459101490553132,-0.07185954357609314,2.0177696926314064
context_three_raw,209,Hamas,2023-05-01,0.0,0.9670498960321053,-0.9670498960321053
context_three_raw,209,Hamas,2023-05-15,0.0,0.20706267491074049,-0.20706267491074049
context_three_raw,209,Hamas,2023-05-29,1.791759469228055,0.02376404398664511,1.7679954252414098
context_three_raw,209,Hamas,2023-06-12,1.0986122886681098,0.9768302336091131,0.12178205505899664
context_three_raw,209,Hamas,2023-06-26,0.0,0.8835612135430243,-0.8835612135430243
context_three_raw,209,Hamas,2023-07-10,1.6094379124341005,0.0644435726256345,1.544994339808466
context_three_raw,209,Hamas,2023-07-24,0.0,0.7916707248614249,-0.7916707248614249
context_three_raw,209,Hamas,2023-08-07,0.0,0.3093657311646729,-0.3093657311646729
context_three_raw,209,Hamas,2023-08-21,0.0,0.10949296833402022,-0.10949296833402022
context_three_raw,209,Hamas,2023-09-04,2.0794415416798357,0.17885510678730254,1.9005864348925332
context_three_raw,209,Hamas,2023-09-18,8.670772279344538,4.436382902304533,4.234389377040005
context_three_raw,209,Hamas,2023-10-02,8.45638105201948,6.760444486491732,1.6959365655277487
context_three_raw,209,Hamas,2023-10-16,8.645586406184636,7.289386398273649,1.3562000079109868
context_three_raw,209,Hamas,2023-10-30,7.5411524551363085,7.726038208398155,-0.1848857532618462
context_three_raw,209,Hamas,2023-11-13,8.763740720509464,7.541887576380438,1.2218531441290263
context_three_raw,209,Hamas,2023-11-27,7.596894438144544,7.597273970671322,-0.000379532526778803
context_three_raw,209,Hamas,2023-12-11,7.839131648274333,7.15564569522131,0.6834859530530233
context_three_raw,209,Hamas,2023-12-25,6.423246963533519,7.223156888066603,-0.7999099245330834
context_three_raw,209,Hamas,2024-01-08,7.348587530927593,6.561958006926517,0.7866295240010759
context_three_raw,209,Hamas,2024-01-22,6.618738983517219,6.7404487739263335,-0.12170979040911423
context_three_raw,209,Hamas,2024-02-05,7.405495663199472,6.544505265133433,0.8609903980660398
context_three_raw,209,Hamas,2024-02-19,6.532334292222349,6.782227070702099,-0.24989277847975
context_three_raw,209,Hamas,2024-03-04,6.499787040655854,6.531910735379373,-0.03212369472351906
context_three_raw,209,Hamas,2024-03-18,6.639875833826536,6.462012920935289,0.17786291289124723
context_three_raw,209,Hamas,2024-04-01,5.777652323222656,6.49157939216974,-0.7139270689470836
context_three_raw,209,Hamas,2024-04-15,6.513230110912307,6.13052996560665,0.3827001453056571
context_three_raw,209,Hamas,2024-04-29,6.504288173536645,6.342422781013234,0.1618653925234117
context_three_raw,209,Hamas,2024-05-13,6.922643891475888,6.456408991395561,0.46623490008032675
context_three_raw,209,Hamas,2024-05-27,6.068425588244111,6.73996143209879,-0.671535843854679
context_three_raw,209,Hamas,2024-06-10,6.78332520060396,6.330771717154951,0.4525534834490088
context_three_raw,209,Hamas,2024-06-24,6.580639137284949,6.615818663169035,-0.035179525884085905
context_three_raw,209,Hamas,2024-07-08,6.698268054115413,6.71648574465833,-0.018217690542916998
context_three_raw,209,Hamas,2024-07-22,6.184148890937483,6.3679339825176875,-0.18378509158020417
context_three_raw,209,Hamas,2024-08-05,6.434546518787453,6.1320710222332035,0.30247549655424955
context_three_raw,209,Hamas,2024-08-19,6.056784013228625,6.5299612567807905,-0.4731772435521657
context_three_raw,209,Hamas,2024-09-02,6.028278520230698,6.292872927215045,-0.26459440698434733
context_three_raw,209,Hamas,2024-09-16,6.961296045910167,6.302239805955423,0.6590562399547437
context_three_raw,209,Hamas,2024-09-30,6.601230118728877,6.615799124077519,-0.01456900534864225
context_three_raw,209,Hamas,2024-10-14,6.725033642166843,6.554764955440296,0.17026868672654683
context_three_raw,209,Hamas,2024-10-28,6.419994928147142,6.639311589758423,-0.2193166616112805
context_three_raw,209,Hamas,2024-11-11,6.42648845745769,6.419914592591921,0.0065738648657696075
context_three_raw,209,Hamas,2024-11-25,6.391917113392602,6.392945443826102,-0.0010283304334999244
context_three_raw,209,Hamas,2024-12-09,6.406879986069314,6.444110730342851,-0.03723074427353712
context_three_raw,209,Hamas,2024-12-23,6.366470447731438,6.534885457902494,-0.16841501017105553
context_three_raw,209,Hamas,2025-01-06,3.828641396489095,6.159998928958226,-2.3313575324691307
context_three_raw,209,Hamas,2025-01-20,3.1780538303479458,5.2575886955416085,-2.0795348651936627
context_three_raw,209,Hamas,2025-02-03,3.258096538021482,4.595378797589445,-1.3372822595679632
context_three_raw,209,Hamas,2025-02-17,4.532599493153256,4.6991749543919,-0.16657546123864364
context_three_raw,209,Hamas,2025-03-03,6.79794041297493,5.138542228398042,1.6593981845768884
context_three_raw,209,Hamas,2025-03-17,6.421622267806518,6.524492247629738,-0.10286997982321999
context_three_raw,209,Hamas,2025-03-31,6.3818160174060985,6.564993803628557,-0.1831777862224584
context_three_raw,209,Hamas,2025-04-14,6.429719478039138,6.478973449843725,-0.04925397180458724
context_three_raw,209,Hamas,2025-04-28,7.142036574706803,6.420651925382291,0.721384649324512
context_three_raw,209,Hamas,2025-05-12,6.654152520183219,6.758801416534528,-0.1046488963513088
context_three_raw,209,Hamas,2025-05-26,6.698268054115413,6.660492587999306,0.03777546611610738
context_three_raw,209,Hamas,2025-06-09,7.094234845924755,6.8554755584450024,0.23875928747975284
context_three_raw,209,Hamas,2025-06-23,7.052721049232323,6.731345353949342,0.32137569528298116
context_three_raw,209,Hamas,2025-07-07,6.7650389767805414,6.81629905752823,-0.05126008074768862
context_three_raw,209,Hamas,2025-07-21,6.539585955617669,6.4814519273822135,0.05813402823545566
context_three_raw,209,Hamas,2025-08-04,6.670766320845874,6.301359009952234,0.36940731089363954
context_three_raw,209,Hamas,2025-08-18,6.866933284461882,6.5948072148369725,0.2721260696249095
context_three_raw,209,Hamas,2025-09-01,6.872128101338986,6.612806360107326,0.25932174123165996
context_three_raw,209,Hamas,2025-09-15,6.270988431858299,6.450819256862605,-0.1798308250043057
context_three_raw,209,Hamas,2025-09-29,4.48863636973214,6.091420819717692,-1.6027844499855526
context_three_raw,209,Hamas,2025-10-13,4.844187086458591,5.4771487724654655,-0.6329616860068743
context_three_raw,209,Hamas,2025-10-27,4.394449154672439,5.548326879192324,-1.1538777245198846
context_three_raw,209,Hamas,2025-11-10,3.688879454113936,5.506340573883403,-1.817461119769467
context_three_raw,209,Hamas,2025-11-24,3.49650756146648,5.070511350498055,-1.5740037890315755
context_three_raw,303,Taliban,2020-01-13,6.926577033222725,6.924448667571936,0.002128365650788666
context_three_raw,303,Taliban,2020-01-27,6.111467339502679,7.167685317902863,-1.0562179784001842
context_three_raw,303,Taliban,2020-02-10,7.549082710812286,6.510550477226913,1.0385322335853724
context_three_raw,303,Taliban,2020-02-24,6.104793232414985,6.995764192479465,-0.8909709600644797
context_three_raw,303,Taliban,2020-03-09,6.169610732491456,6.595882592686856,-0.4262718601953992
context_three_raw,303,Taliban,2020-03-23,6.0867747269123065,6.5507576333693365,-0.46398290645703
context_three_raw,303,Taliban,2020-04-06,6.272877006546167,6.565199669877828,-0.29232266333166024
context_three_raw,303,Taliban,2020-04-20,6.473890696352274,6.6866141918728985,-0.21272349552062408
context_three_raw,303,Taliban,2020-05-04,5.916202062607435,6.861481146412359,-0.9452790838049241
context_three_raw,303,Taliban,2020-05-18,6.049733455231958,6.54104285697364,-0.4913094017416819
context_three_raw,303,Taliban,2020-06-01,6.775366090936392,6.6379999954278714,0.1373660955085203
context_three_raw,303,Taliban,2020-06-15,6.455198563340122,6.799057456863435,-0.3438588935233131
context_three_raw,303,Taliban,2020-06-29,6.9167150203536085,6.389404913514898,0.5273101068387103
context_three_raw,303,Taliban,2020-07-13,5.5053315359323625,7.087475629813161,-1.5821440938807987
context_three_raw,303,Taliban,2020-07-27,6.646390514847729,6.2700354349318435,0.3763550799158857
context_three_raw,303,Taliban,2020-08-10,6.674561391814426,6.709307055692783,-0.03474566387835676
context_three_raw,303,Taliban,2020-08-24,6.823286122355687,7.066256156086278,-0.24297003373059134
context_three_raw,303,Taliban,2020-09-07,6.395261598115449,6.858967442422477,-0.4637058443070279
context_three_raw,303,Taliban,2020-09-21,7.080026499922591,6.929361049308486,0.1506654506141043
context_three_raw,303,Taliban,2020-10-05,7.234898420314831,7.0726653451219015,0.16223307519292973
context_three_raw,303,Taliban,2020-10-19,6.92461239604856,7.333834409017717,-0.40922201296915706
context_three_raw,303,Taliban,2020-11-02,6.612041034833092,7.3691765583703965,-0.757135523537305
context_three_raw,303,Taliban,2020-11-16,6.9440872082295275,6.730367218633102,0.21371998959642546
context_three_raw,303,Taliban,2020-11-30,6.76849321164863,6.922256923348959,-0.15376371170032943
context_three_raw,303,Taliban,2020-12-14,7.037027614686276,7.144815663648376,-0.10778804896209948
context_three_raw,303,Taliban,2020-12-28,7.020190708311925,6.968004623944269,0.052186084367655816
context_three_raw,303,Taliban,2021-01-11,7.050122520269059,7.128875162467359,-0.07875264219830047
context_three_raw,303,Taliban,2021-01-25,7.065613363597717,6.917565696837452,0.14804766676026482
context_three_raw,303,Taliban,2021-02-08,6.674561391814426,6.902518101600748,-0.227956709786322
context_three_raw,303,Taliban,2021-02-22,6.602587892189336,6.824769898843387,-0.22218200665405075
context_three_raw,303,Taliban,2021-03-08,6.893656354602635,6.5958541167347295,0.2978022378679057
context_three_raw,303,Taliban,2021-03-22,6.96979066990159,6.8488365534848,0.12095411641679021
context_three_raw,303,Taliban,2021-04-05,7.373374309910049,6.640768176503915,0.7326061334061338
context_three_raw,303,Taliban,2021-04-19,7.503840746698951,6.94403074507774,0.5598100016212113
context_three_raw,303,Taliban,2021-05-03,7.899524472032198,7.153023595220016,0.7465008768121821
context_three_raw,303,Taliban,2021-05-17,8.013012110368916,7.425372557528258,0.5876395528406579
context_three_raw,303,Taliban,2021-05-31,8.24800570160062,7.423825084711129,0.8241806168894916
context_three_raw,303,Taliban,2021-06-14,8.3707791729607,7.5367787326379245,0.8340004403227761
context_three_raw,303,Taliban,2021-06-28,8.0774471493312,7.455860034969958,0.6215871143612413
context_three_raw,303,Taliban,2021-07-12,8.520388082312756,7.250709786246392,1.2696782960663642
context_three_raw,303,Taliban,2021-07-26,7.353722330399632,7.353722330399893,-2.602362769721367e-13
context_three_raw,303,Taliban,2021-08-09,6.133398042996649,5.356430023724366,0.7769680192722825
context_three_raw,303,Taliban,2021-08-23,4.584967478670572,4.3999245329311165,0.1850429457394558
context_three_raw,303,Taliban,2021-09-06,4.007333185232471,3.5672534431238567,0.44007974210861445
context_three_raw,303,Taliban,2021-09-20,3.1354942159291497,3.231430169403151,-0.09593595347400141
context_three_raw,303,Taliban,2021-10-04,3.4339872044851463,2.901037630265992,0.5329495742191543
context_three_raw,303,Taliban,2021-10-18,3.80666248977032,2.887642085323284,0.919020404447036
context_three_raw,303,Taliban,2021-11-01,2.6390573296152584,3.1284405674635307,-0.4893832378482723
context_three_raw,303,Taliban,2021-11-15,2.4849066497880004,2.609086388135066,-0.12417973834706553
context_three_raw,303,Taliban,2021-11-29,2.4849066497880004,2.5474908524082993,-0.06258420262029896
context_three_raw,303,Taliban,2021-12-13,1.0986122886681098,2.361202159315911,-1.2625898706478014
context_three_raw,303,Taliban,2021-12-27,3.044522437723423,1.8831035194822143,1.1614189182412087
context_three_raw,303,Taliban,2022-01-10,2.833213344056216,2.637857430687961,0.19535591336825497
context_three_raw,303,Taliban,2022-01-24,2.772588722239781,2.3764769277285507,0.39611179451123046
context_three_raw,303,Taliban,2022-02-07,1.791759469228055,2.454737939956867,-0.6629784707288122
context_three_raw,303,Taliban,2022-02-21,2.302585092994046,2.479727555444411,-0.17714246245036502
context_three_raw,303,Taliban,2022-03-07,4.23410650459726,2.356427845477264,1.8776786591199959
context_three_raw,303,Taliban,2022-03-21,3.258096538021482,3.0298039755475594,0.2282925624739227
context_three_raw,303,Taliban,2022-04-04,4.204692619390966,2.9707805403983665,1.2339120789925992
context_three_raw,303,Taliban,2022-04-18,4.564348191467836,3.5963809835836518,0.9679672078841843
context_three_raw,303,Taliban,2022-05-02,3.8501476017100584,3.5324636735273565,0.31768392818270197
context_three_raw,303,Taliban,2022-05-16,4.02535169073515,3.3239788569471522,0.7013728337879974
context_three_raw,303,Taliban,2022-05-30,4.382026634673881,3.3730584668839056,1.0089681677899756
context_three_raw,303,Taliban,2022-06-13,3.9318256327243257,3.715302578295268,0.21652305442905773
context_three_raw,303,Taliban,2022-06-27,3.951243718581427,3.4314889686565198,0.5197547499249073
context_three_raw,303,Taliban,2022-07-11,3.4011973816621555,3.351344719664913,0.049852661997242365
context_three_raw,303,Taliban,2022-07-25,3.295836866004329,3.1297187349235553,0.16611813108077378
context_three_raw,303,Taliban,2022-08-08,2.833213344056216,2.935947541497855,-0.10273419744163892
context_three_raw,303,Taliban,2022-08-22,5.25227342804663,2.7044648317468183,2.5478085962998116
context_three_raw,303,Taliban,2022-09-05,3.6635616461296463,3.92696035743339,-0.2633987113037435
context_three_raw,303,Taliban,2022-09-19,4.127134385045092,3.3909402269759195,0.7361941580691722
context_three_raw,303,Taliban,2022-10-03,3.951243718581427,3.3563792992076777,0.5948644193737493
context_three_raw,303,Taliban,2022-10-17,2.833213344056216,3.5259684690737845,-0.6927551250175683
context_three_raw,303,Taliban,2022-10-31,2.4849066497880004,2.7432851097929722,-0.2583784600049719
context_three_raw,303,Taliban,2022-11-14,3.1780538303479458,2.701666435565712,0.4763873947822339
context_three_raw,303,Taliban,2022-11-28,3.044522437723423,2.8480027850504035,0.19651965267301952
context_three_raw,303,Taliban,2022-12-12,4.584967478670572,2.788916453694747,1.7960510249758252
context_three_raw,303,Taliban,2022-12-26,3.4011973816621555,3.21626581881334,0.1849315628488153
context_three_raw,303,Taliban,2023-01-09,2.302585092994046,2.8814216217059796,-0.5788365287119337
context_three_raw,303,Taliban,2023-01-23,1.6094379124341005,2.552413484062207,-0.9429755716281063
context_three_raw,303,Taliban,2023-02-06,2.4849066497880004,2.1469708709739415,0.3379357788140589
context_three_raw,303,Taliban,2023-02-20,3.258096538021482,2.391618238807629,0.8664782992138531
context_three_raw,303,Taliban,2023-03-06,2.4849066497880004,2.8644416952868523,-0.379535045498852
context_three_raw,303,Taliban,2023-03-20,3.871201010907891,2.5884546091394123,1.2827464017684789
context_three_raw,303,Taliban,2023-04-03,1.791759469228055,2.7699283710172464,-0.9781689017891915
context_three_raw,303,Taliban,2023-04-17,2.4849066497880004,2.378592012363486,0.1063146374245143
context_three_raw,303,Taliban,2023-05-01,1.3862943611198906,2.408637910377272,-1.0223435492573814
context_three_raw,303,Taliban,2023-05-15,3.6635616461296463,2.2099803337864388,1.4535813123432075
context_three_raw,303,Taliban,2023-05-29,2.1972245773362196,2.869000673610797,-0.6717760962745776
context_three_raw,303,Taliban,2023-06-12,2.1972245773362196,2.454158459507149,-0.2569338821709293
context_three_raw,303,Taliban,2023-06-26,1.3862943611198906,2.2811686825240076,-0.894874321404117
context_three_raw,303,Taliban,2023-07-10,2.1972245773362196,1.7779047312987375,0.41931984603748207
context_three_raw,303,Taliban,2023-07-24,2.6390573296152584,2.1794104497335023,0.4596468798817561
context_three_raw,303,Taliban,2023-08-07,1.791759469228055,2.3460160449506393,-0.5542565757225844
context_three_raw,303,Taliban,2023-08-21,2.6390573296152584,2.062852861990871,0.5762044676243874
context_three_raw,303,Taliban,2023-09-04,0.0,2.4526835391646675,-2.4526835391646675
context_three_raw,303,Taliban,2023-09-18,1.3862943611198906,1.4326428982714128,-0.04634853715152221
context_three_raw,303,Taliban,2023-10-02,1.791759469228055,1.8406005752523176,-0.048841106024262615
context_three_raw,303,Taliban,2023-10-16,2.0794415416798357,2.0416152385011435,0.03782630317869229
context_three_raw,303,Taliban,2023-11-27,0.0,1.7659104271841306,-1.7659104271841306
context_three_raw,303,Taliban,2023-12-11,0.0,1.3401238754659786,-1.3401238754659786
context_three_raw,303,Taliban,2023-12-25,2.4849066497880004,1.2802222460565305,1.20468440373147
context_three_raw,303,Taliban,2024-01-08,0.0,2.1043306299206628,-2.1043306299206628
context_three_raw,303,Taliban,2024-01-22,0.6931471805599453,1.1212515464033315,-0.4281043658433862
context_three_raw,303,Taliban,2024-02-05,0.0,1.3431832413271434,-1.3431832413271434
context_three_raw,303,Taliban,2024-02-19,2.0794415416798357,1.0348191036003245,1.0446224380795113
context_three_raw,303,Taliban,2024-03-04,3.688879454113936,1.8878648805274696,1.8010145735864662
context_three_raw,303,Taliban,2024-03-18,1.6094379124341005,2.8579000651212882,-1.2484621526871877
context_three_raw,303,Taliban,2024-04-01,1.3862943611198906,2.0165984723058217,-0.6303041111859311
context_three_raw,303,Taliban,2024-04-15,2.6390573296152584,1.7422734652304177,0.8967838643848407
context_three_raw,303,Taliban,2024-04-29,3.1780538303479458,2.61038491197977,0.5676689183681756
context_three_raw,303,Taliban,2024-05-13,1.0986122886681098,3.0466199479369562,-1.9480076592688464
context_three_raw,303,Taliban,2024-05-27,1.0986122886681098,1.8217602048258792,-0.7231479161577694
context_three_raw,303,Taliban,2024-06-10,2.302585092994046,1.6972915372575734,0.6052935557364725
context_three_raw,303,Taliban,2024-06-24,1.3862943611198906,1.994890430670257,-0.6085960695503665
context_three_raw,303,Taliban,2024-07-08,1.6094379124341005,2.0767764364390446,-0.46733852400494413
context_three_raw,303,Taliban,2024-07-22,2.302585092994046,1.861541170082286,0.44104392291176
context_three_raw,303,Taliban,2024-08-05,2.1972245773362196,2.1285024396811454,0.06872213765507418
context_three_raw,303,Taliban,2024-08-19,2.772588722239781,2.157636774554149,0.6149519476856322
context_three_raw,303,Taliban,2024-09-02,2.995732273553991,2.4257979850996665,0.5699342884543244
context_three_raw,303,Taliban,2024-09-16,2.1972245773362196,2.7340324916050003,-0.5368079142687807
context_three_raw,303,Taliban,2024-09-30,1.9459101490553132,2.3795661237648567,-0.4336559747095434
context_three_raw,303,Taliban,2024-10-14,1.9459101490553132,2.1944057002596784,-0.24849555120436517
context_three_raw,303,Taliban,2024-10-28,1.0986122886681098,2.151279217191619,-1.0526669285235093
context_three_raw,303,Taliban,2024-11-11,1.9459101490553132,1.7344830412845371,0.2114271077707761
context_three_raw,303,Taliban,2024-11-25,2.5649493574615367,2.244703745210647,0.3202456122508899
context_three_raw,303,Taliban,2024-12-09,3.295836866004329,2.550669374337793,0.7451674916665363
context_three_raw,303,Taliban,2024-12-23,2.0794415416798357,2.922928728209217,-0.8434871865293814
context_three_raw,303,Taliban,2025-01-06,2.1972245773362196,2.0412556352040254,0.15596894213219414
context_three_raw,303,Taliban,2025-01-20,3.367295829986474,2.2382444960767427,1.1290513339097314
context_three_raw,303,Taliban,2025-02-03,1.6094379124341005,2.8095819854083848,-1.2001440729742843
context_three_raw,303,Taliban,2025-02-17,0.6931471805599453,2.145480327160159,-1.4523331466002136
context_three_raw,303,Taliban,2025-03-03,0.0,1.5863592951317673,-1.5863592951317673
context_three_raw,303,Taliban,2025-03-17,0.0,1.0291896944822767,-1.0291896944822767
context_three_raw,303,Taliban,2025-03-31,0.0,0.915476222675331,-0.915476222675331
context_three_raw,303,Taliban,2025-04-14,0.6931471805599453,0.8904808738755663,-0.197333693315621
context_three_raw,303,Taliban,2025-04-28,2.8903717578961645,1.6226209174840514,1.2677508404121132
context_three_raw,303,Taliban,2025-05-12,1.9459101490553132,2.2868755797991063,-0.34096543074379304
context_three_raw,303,Taliban,2025-05-26,2.0794415416798357,2.270585698135596,-0.19114415645576033
context_three_raw,303,Taliban,2025-06-09,2.8903717578961645,2.1758200108418664,0.7145517470542981
context_three_raw,303,Taliban,2025-06-23,1.6094379124341005,2.4969439959819875,-0.887506083547887
context_three_raw,303,Taliban,2025-07-07,0.6931471805599453,1.8557685759807554,-1.16262139542081
context_three_raw,303,Taliban,2025-07-21,2.3978952727983707,1.488296787386651,0.9095984854117196
context_three_raw,303,Taliban,2025-08-04,1.3862943611198906,1.9580274628799166,-0.571733101760026
context_three_raw,303,Taliban,2025-08-18,1.791759469228055,1.7054285766247186,0.08633089260333637
context_three_raw,303,Taliban,2025-09-01,1.9459101490553132,2.274541781106024,-0.3286316320507108
context_three_raw,303,Taliban,2025-09-15,4.48863636973214,1.7809361632253773,2.7077002065067624
context_three_raw,303,Taliban,2025-09-29,3.784189633918261,3.116478481993687,0.667711151924574
context_three_raw,303,Taliban,2025-10-13,2.4849066497880004,2.9944561090870896,-0.5095494592990892
context_three_raw,303,Taliban,2025-10-27,0.0,2.038520303773541,-2.038520303773541
context_three_raw,303,Taliban,2025-11-10,2.833213344056216,1.5128997320019644,1.3203136120542518
context_three_raw,303,Taliban,2025-11-24,1.3862943611198906,2.250949617559268,-0.8646552564393775
context_three_raw,group:farc_bloc,FARC family,2020-01-13,1.6094379124341005,1.775409609781432,-0.16597169734733153
context_three_raw,group:farc_bloc,FARC family,2020-01-27,2.0794415416798357,1.479908161140795,0.5995333805390408
context_three_raw,group:farc_bloc,FARC family,2020-02-24,0.0,1.059536672040465,-1.059536672040465
context_three_raw,group:farc_bloc,FARC family,2020-06-15,1.0986122886681098,1.8938385355667324,-0.7952262468986226
context_three_raw,group:farc_bloc,FARC family,2020-07-13,1.6094379124341005,1.7088625083212698,-0.09942459588716934
context_three_raw,group:farc_bloc,FARC family,2020-07-27,2.4849066497880004,1.6795555175995898,0.8053511321884106
context_three_raw,group:farc_bloc,FARC family,2020-08-10,1.9459101490553132,2.0619126870542743,-0.1160025379989611
context_three_raw,group:farc_bloc,FARC family,2020-08-24,2.3978952727983707,2.2183818937776416,0.17951337902072906
context_three_raw,group:farc_bloc,FARC family,2020-09-21,1.6094379124341005,1.3752821909206614,0.2341557215134391
context_three_raw,group:farc_bloc,FARC family,2020-10-05,1.0986122886681098,1.1486439340860337,-0.05003164541792393
context_three_raw,group:farc_bloc,FARC family,2020-11-16,0.0,0.9310138356639852,-0.9310138356639852
context_three_raw,group:farc_bloc,FARC family,2020-12-28,1.9459101490553132,1.3861341887602792,0.5597759602950341
context_three_raw,group:farc_bloc,FARC family,2021-01-25,0.6931471805599453,1.8256463035583403,-1.1324991229983952
context_three_raw,group:farc_bloc,FARC family,2021-02-08,3.367295829986474,1.0944481639708135,2.272847666015661
context_three_raw,group:farc_bloc,FARC family,2021-02-22,0.0,2.3704863586879394,-2.3704863586879394
context_three_raw,group:farc_bloc,FARC family,2021-03-08,1.3862943611198906,1.3626997446461218,0.023594616473768815
context_three_raw,group:farc_bloc,FARC family,2021-03-22,3.044522437723423,1.7585004957422592,1.2860219419811638
context_three_raw,group:farc_bloc,FARC family,2021-04-05,1.791759469228055,2.4269788333355207,-0.6352193641074657
context_three_raw,group:farc_bloc,FARC family,2021-04-19,0.0,1.9134111099340716,-1.9134111099340716
context_three_raw,group:farc_bloc,FARC family,2021-05-17,0.0,1.4066702449402153,-1.4066702449402153
context_three_raw,group:farc_bloc,FARC family,2021-10-04,2.6390573296152584,2.3769018682696235,0.26215546134563494
context_three_raw,group:farc_bloc,FARC family,2021-11-29,0.6931471805599453,1.0089581670937338,-0.3158109865337885
context_three_raw,group:farc_bloc,FARC family,2021-12-27,2.1972245773362196,2.7951854555884,-0.5979608782521804
context_three_raw,group:farc_bloc,FARC family,2022-01-10,2.995732273553991,2.3735079876178764,0.6222242859361145
context_three_raw,group:farc_bloc,FARC family,2022-01-24,2.3978952727983707,2.5187549915329006,-0.12085971873452994
context_three_raw,group:farc_bloc,FARC family,2022-02-21,2.5649493574615367,2.5944788386228286,-0.029529481161291837
context_three_raw,group:farc_bloc,FARC family,2022-03-21,1.791759469228055,2.5626817709162717,-0.7709223016882167
context_three_raw,group:farc_bloc,FARC family,2022-06-27,2.1972245773362196,1.7560229557542508,0.44120162158196874
context_three_raw,group:farc_bloc,FARC family,2022-07-11,1.791759469228055,2.314110336156695,-0.5223508669286399
context_three_raw,group:farc_bloc,FARC family,2022-07-25,0.0,1.7918055248030562,-1.7918055248030562
context_three_raw,group:farc_bloc,FARC family,2022-11-28,2.302585092994046,2.22599430685191,0.07659078614213577
context_three_raw,group:farc_bloc,FARC family,2023-05-15,2.6390573296152584,1.9547821513083095,0.684275178306949
context_three_raw,group:farc_bloc,FARC family,2023-07-10,2.833213344056216,1.6622332710696808,1.1709800729865354
context_three_raw,group:farc_bloc,FARC family,2023-07-24,2.3978952727983707,2.074544496679248,0.3233507761191228
context_three_raw,group:farc_bloc,FARC family,2023-08-07,2.772588722239781,2.3739861904559723,0.3986025317838089
context_three_raw,group:farc_bloc,FARC family,2023-09-04,2.772588722239781,2.688328376098089,0.0842603461416922
context_three_raw,group:farc_bloc,FARC family,2023-09-18,2.3978952727983707,2.461419655733504,-0.06352438293513352
context_three_raw,group:farc_bloc,FARC family,2023-12-25,1.6094379124341005,1.5774579201711834,0.031979992262917145
context_three_raw,group:farc_bloc,FARC family,2024-01-08,2.1972245773362196,1.611097871040178,0.5861267062960416
context_three_raw,group:farc_bloc,FARC family,2024-03-04,2.6390573296152584,2.2583207171813227,0.38073661243393575
context_three_raw,group:farc_bloc,FARC family,2024-03-18,2.9444389791664403,2.403697462455714,0.5407415167107263
context_three_raw,group:farc_bloc,FARC family,2024-04-01,2.995732273553991,2.3125685567207412,0.6831637168332496
context_three_raw,group:farc_bloc,FARC family,2024-04-15,2.6390573296152584,2.576784800239074,0.06227252937618433
context_three_raw,group:farc_bloc,FARC family,2024-04-29,2.3978952727983707,2.6545067475337456,-0.25661147473537493
context_three_raw,group:farc_bloc,FARC family,2024-05-13,2.70805020110221,2.312480030305516,0.3955701707966939
context_three_raw,group:farc_bloc,FARC family,2024-05-27,2.4849066497880004,2.437038025092531,0.047868624695469375
context_three_raw,group:farc_bloc,FARC family,2024-06-10,1.6094379124341005,2.2737861067438647,-0.6643481943097642
context_three_raw,group:farc_bloc,FARC family,2024-07-08,2.1972245773362196,2.027767462786702,0.1694571145495174
context_three_raw,group:farc_bloc,FARC family,2024-09-30,2.833213344056216,2.2933108693157696,0.5399024747404466
context_three_raw,group:farc_bloc,FARC family,2025-01-06,3.828641396489095,2.2619121228254686,1.5667292736636265
context_three_raw,group:farc_bloc,FARC family,2025-01-20,1.3862943611198906,2.498922096311561,-1.1126277351916702
context_three_raw,group:farc_bloc,FARC family,2025-02-03,2.1972245773362196,1.917232133073215,0.2799924442630046
context_three_raw,group:farc_bloc,FARC family,2025-02-17,3.1780538303479458,2.119832487317682,1.0582213430302638
context_three_raw,group:farc_bloc,FARC family,2025-03-03,2.3978952727983707,2.6196130485087172,-0.22171777571034657
context_three_raw,group:farc_bloc,FARC family,2025-03-17,3.4339872044851463,2.4728524497038733,0.961134754781273
context_three_raw,group:farc_bloc,FARC family,2025-04-14,2.833213344056216,2.416113586834071,0.4170997572221453
context_three_raw,group:farc_bloc,FARC family,2025-04-28,2.772588722239781,2.3564996590959817,0.41608906314379945
context_three_raw,group:farc_bloc,FARC family,2025-05-12,1.9459101490553132,2.528254445369103,-0.5823442963137897
context_three_raw,group:farc_bloc,FARC family,2025-07-07,1.9459101490553132,1.6570971098015432,0.28881303925377
context_three_raw,group:farc_bloc,FARC family,2025-07-21,2.3978952727983707,1.660161951076568,0.7377333217218027
context_three_raw,group:farc_bloc,FARC family,2025-08-04,3.295836866004329,1.9731742881900185,1.3226625778143106
context_three_raw,group:farc_bloc,FARC family,2025-08-18,2.3978952727983707,2.5928092562362943,-0.19491398343792365
context_three_raw,group:farc_bloc,FARC family,2025-09-01,1.9459101490553132,2.1512123685975393,-0.20530221954222605
context_three_raw,group:farc_bloc,FARC family,2025-11-10,0.0,2.384606639769225,-2.384606639769225
