term_id,term,term_lower,term_source_dataset,term_source_column,source_actor_id,source_actor_name,source_org,is_single_token,term_len,is_short_single_token,is_high_noise_term,use_for_matching,term_source_datasets
2571aca4f1572bdb96b041490f829f7f1bba5927,KDPI,kdpi,RAD,Group_UCDP_Name_short,164.0,KDPI,,True,4,True,False,True,RAD;UCDP_ACTOR
1db45c338fe472c2e84235cdcb8d1d20927be176,Kurdish Democratic Party of Iran,kurdish democratic party of iran,RAD,Group_UCDP_Name_long,164.0,KDPI,,False,32,False,False,True,RAD;UCDP_ACTOR
a3e1a58503234c0de8b5a84d0e6dae26b877d3e7,CPP,cpp,RAD,Group_UCDP_Name_short,169.0,CPP,,True,3,True,False,True,RAD;UCDP_ACTOR
58f15397a220a0f90b23dc7f96008a4790fedddf,Communist Party of the Philippines,communist party of the philippines,RAD,Group_UCDP_Name_long,169.0,CPP,,False,34,False,False,True,RAD;UCDP_ACTOR
b1586bdee40399120f0a5b8db99e9089658a5731,New Peoples Army (NPA),new peoples army (npa),RAD,Group_UCDP_Name_long,169.0,CPP,,False,22,False,False,True,RAD
cb2854ea5c312162d898ff4556cccd2f68d1a607,Military faction (forces of Honasan,military faction (forces of honasan,RAD,Group_UCDP_Name_short,170.0,"Military faction (forces of Honasan, Abenina & Zumel)",,False,35,False,False,True,RAD;UCDP_ACTOR
1587489c11feb49e2fcbf62279fc00cf27e360b6,Abenina & Zumel),abenina & zumel),RAD,Group_UCDP_Name_short,170.0,"Military faction (forces of Honasan, Abenina & Zumel)",,False,16,False,False,True,RAD;UCDP_ACTOR
8b4d27eb5625ee4085e18342526ae41c93f96cec,KNU,knu,RAD,Group_UCDP_Name_short,180.0,KNU,,True,3,True,False,True,RAD;UCDP_ACTOR
5c48177f246b4ac4f6cbce606b7f659de7a4841e,Karen National Union,karen national union,RAD,Group_UCDP_Name_long,180.0,KNU,,False,20,False,False,True,RAD;UCDP_ACTOR
f91d0d466064289cad8a55e73db5e7a02e86535c,Gods Army,gods army,RAD,Group_UCDP_Name_short,181.0,Gods Army,,False,9,False,False,True,RAD;UCDP_ACTOR
e3cc35195a5af01efc460df12669dbe109d6e9b9,ABSDF,absdf,RAD,Group_UCDP_Name_short,185.0,ABSDF,,True,5,False,False,True,RAD;UCDP_ACTOR
15555d1e85a56fdc6b453f68f10396cbeba252dc,All Burma Students Democratic Front,all burma students democratic front,RAD,Group_UCDP_Name_long,185.0,ABSDF,,False,35,False,False,True,RAD
5df9e4bb3893f6acc6c45fa061171f32c21140ac,RSO,rso,RAD,Group_UCDP_Name_short,187.0,RSO,,True,3,True,False,True,RAD;UCDP_ACTOR
ab2bebf9679d12e7cc9b347707f98229d716a257,Rohingya Solidarity Organization,rohingya solidarity organization,RAD,Group_UCDP_Name_long,187.0,RSO,,False,32,False,False,True,RAD
6fff3d0345a15e7d93bd8b8c163deefb7424b36b,NMSP,nmsp,RAD,Group_UCDP_Name_short,190.0,NMSP,,True,4,True,False,True,RAD;UCDP_ACTOR
5058faa92bcb6dadf9cec78a72dfeec1276d0799,New Mon State Party,new mon state party,RAD,Group_UCDP_Name_long,190.0,NMSP,,False,19,False,False,True,RAD;UCDP_ACTOR
31d441ef432f762b27257261ea4e78fd25fb85fd,BMA,bma,RAD,Group_UCDP_Name_short,191.0,BMA,,True,3,True,False,True,RAD;UCDP_ACTOR
00619df2e92edd5b08e65480f155aa13e055294d,Beik Mon Army,beik mon army,RAD,Group_UCDP_Name_long,191.0,BMA,,False,13,False,False,True,RAD;UCDP_ACTOR
b57be1ef82cf1ad8a9b8147e20b6c9b090567859,PWG,pwg,RAD,Group_UCDP_Name_short,193.0,PWG,,True,3,True,False,True,RAD;UCDP_ACTOR
a2bb9dcdf8c988f3eb29fa660f0a41f93a68d83b,Peoples War Group,peoples war group,RAD,Group_UCDP_Name_long,193.0,PWG,,False,17,False,False,True,RAD;UCDP_ACTOR
bf9527b00c2370059a525bce93a2034b50b1d55b,MCC,mcc,RAD,Group_UCDP_Name_short,194.0,MCC,,True,3,True,False,True,RAD;UCDP_ACTOR
2d37daf13d52f64439a6477cdabbd607a3d23cb5,Maoist Communist Centre,maoist communist centre,RAD,Group_UCDP_Name_long,194.0,MCC,,False,23,False,False,True,RAD;UCDP_ACTOR
3d6a321c9e823ae9b40d1032b9d480ecdd26be16,CPI-Maoist,cpi-maoist,RAD,Group_UCDP_Name_short,195.0,CPI-Maoist,,True,10,False,False,True,RAD;UCDP_ACTOR
f4ecc6ab721e35c00efd7b06b8b2e286f20fdedf,Communist Party of India – Maoist,communist party of india – maoist,RAD,Group_UCDP_Name_long,195.0,CPI-Maoist,,False,33,False,False,True,RAD
d49f8a1211338d22d37596954b692e719f480749,KIO,kio,RAD,Group_UCDP_Name_short,201.0,KIO,,True,3,True,False,True,RAD;UCDP_ACTOR
41e64e3c674d1f9c62210b95400e739266cf6856,Kachin Independence Organization,kachin independence organization,RAD,Group_UCDP_Name_long,201.0,KIO,,False,32,False,False,True,RAD;UCDP_ACTOR
27d131fc8a9d8bc0f2333a91176a9d560ebb0534,Kachin Independence Army (KIA),kachin independence army (kia),RAD,Group_UCDP_Name_long,201.0,KIO,,False,30,False,False,True,RAD
0a96a2e6c6f45cd3f6f6b579c93fbb925480ba3f,PFLP,pflp,RAD,Group_UCDP_Name_short,205.0,PFLP,,True,4,True,False,True,RAD;UCDP_ACTOR
2062e9bf3fb72e5613a2df7c0a0a7fa73e9f410b,Popular Front for the Liberation of Palestine,popular front for the liberation of palestine,RAD,Group_UCDP_Name_long,205.0,PFLP,,False,45,False,False,True,RAD;UCDP_ACTOR
ee5c62fecc9ed87dd081a05f36505438f8dfca36,PFLP-GC,pflp-gc,RAD,Group_UCDP_Name_short,206.0,PFLP-GC,,True,7,False,False,True,RAD;UCDP_ACTOR
5e0f2a342272dd21f7e04bead820aadf668eedb9,Popular Front for the Liberation of Palestine-General Command,popular front for the liberation of palestine-general command,RAD,Group_UCDP_Name_long,206.0,PFLP-GC,,False,61,False,False,True,RAD;UCDP_ACTOR
b0cee5b33375847e60cdf216ad30e4ad27975725,Fatah,fatah,RAD,Group_UCDP_Name_short,207.0,Fatah,,True,5,False,False,True,RAD;UCDP_ACTOR
bd7f459668636d54680f569fa4fcea8ead079d82,PIJ (Israel,pij (israel,RAD,Group_UCDP_Name_short,208.0,PIJ (Israel/Palestine)*,,False,11,False,False,True,RAD
bb9e0023907621dfc6225ab10904e209e90d9a53,Palestine)*,palestine)*,RAD,Group_UCDP_Name_short,208.0,PIJ (Israel/Palestine)*,,True,11,False,False,True,RAD
eb7ec91f352ab385d0b213deda2b82d53ab4cf6a,Hamas (Palestine)*,hamas (palestine)*,RAD,Group_UCDP_Name_short,209.0,Hamas (Palestine)*,,False,18,False,False,True,RAD
91a7ab913a47bef8228ad858deadf6bde62843f6,PNA,pna,RAD,Group_UCDP_Name_short,210.0,PNA,,True,3,True,False,True,RAD;UCDP_ACTOR
f845a86f3368c4f7c34c7339b8896a601760764b,Palestinian National Authority,palestinian national authority,RAD,Group_UCDP_Name_long,210.0,PNA,,False,30,False,False,True,RAD;UCDP_ACTOR
27ed654cc518664e91a2d0f4e2928cc1c1f84aa7,AMB,amb,RAD,Group_UCDP_Name_short,211.0,AMB,,True,3,True,False,True,RAD;UCDP_ACTOR
9b1f8f1a5c7c4172ab38708030ae26bf9860d1be,Kateab al-Shaheed al Aqsa,kateab al-shaheed al aqsa,RAD,Group_UCDP_Name_long,211.0,AMB,,False,25,False,False,True,RAD
2a891c63a0cc232e9e957b1f8827282a79f1157d,Al-Aqsa Martyrs Brigades,al-aqsa martyrs brigades,RAD,Group_UCDP_Name_long,211.0,AMB,,False,24,False,False,True,RAD;UCDP_ACTOR
45c8f44bf4558d9ffec53c8e7877a675c92efc3c,PRC (Israel,prc (israel,RAD,Group_UCDP_Name_short,212.0,PRC (Israel/Palestine)*,,False,11,False,False,True,RAD
f5668dad6898fb850aaf04a35e0b09687a381ac5,Palestine)*,palestine)*,RAD,Group_UCDP_Name_short,212.0,PRC (Israel/Palestine)*,,True,11,False,False,True,RAD
84ae5d07153778df66cb1d98999c4f63e1070dd9,NSCN-IM,nscn-im,RAD,Group_UCDP_Name_short,223.0,NSCN-IM,,True,7,False,False,True,RAD;UCDP_ACTOR
328a60b8bbe739d858b3b916fcbf1f56772d1f4b,National Socialist Council of Nagaland - Isaac-Muivah faction,national socialist council of nagaland - isaac-muivah faction,RAD,Group_UCDP_Name_long,223.0,NSCN-IM,,False,61,False,False,True,RAD
dddd3ecc8927e6ae7c1a74eec1304440c6d804f8,NSCN-K,nscn-k,RAD,Group_UCDP_Name_short,224.0,NSCN-K,,True,6,False,False,True,RAD;UCDP_ACTOR
a2e86e60194d1b953612dff6cae50c126011c19f,National Socialist Council of Nagaland - Khaplang faction,national socialist council of nagaland - khaplang faction,RAD,Group_UCDP_Name_long,224.0,NSCN-K,,False,57,False,False,True,RAD
c8a4dbdea8c27dae1de3ebd7f72689fc57789b9d,KNPP,knpp,RAD,Group_UCDP_Name_short,225.0,KNPP,,True,4,True,False,True,RAD;UCDP_ACTOR
d1cc96b43c764b2dfa3218fd9998b3aa3d5cc030,Karenni National Progressive Party,karenni national progressive party,RAD,Group_UCDP_Name_long,225.0,KNPP,,False,34,False,False,True,RAD;UCDP_ACTOR
0452f715b1ebf03ccc1337b96c65f43e5d33caf0,SCIRI,sciri,RAD,Group_UCDP_Name_short,231.0,SCIRI,,True,5,False,False,True,RAD;UCDP_ACTOR
549387d7aaae3b7d6405c23fde4f31707a209c58,Supreme Council of the Islamic Revolution in Iraq,supreme council of the islamic revolution in iraq,RAD,Group_UCDP_Name_long,231.0,SCIRI,,False,49,False,False,True,RAD
445d28f453568143f383c074341c5ca75406b8f2,Ansar al-Islam,ansar al-islam,RAD,Group_UCDP_Name_short,233.0,Ansar al-Islam,,False,14,False,False,True,RAD;UCDP_ACTOR
7164425a9b56c00767eb0785e11f791c6384e302,RJF,rjf,RAD,Group_UCDP_Name_short,235.0,RJF,,True,3,True,False,True,RAD;UCDP_ACTOR
60939a99ac0b168fdc02faad104fbccc6f5697b0,Reform and Jihad Front,reform and jihad front,RAD,Group_UCDP_Name_long,235.0,RJF,,False,22,False,False,True,RAD
46268054bad853586a5fb386e130c0241ff5293f,Forces of Michel Aoun,forces of michel aoun,RAD,Group_UCDP_Name_short,242.0,Forces of Michel Aoun,,False,21,False,False,True,RAD;UCDP_ACTOR
94dc9ec9eceeac6c3cea35a52060338b196711e1,LF (Lebanon)*,lf (lebanon)*,RAD,Group_UCDP_Name_short,243.0,LF (Lebanon)*,,False,13,False,False,True,RAD
a5a133deee83ecef87935166a3ae4dc908052565,LRM,lrm,RAD,Group_UCDP_Name_short,246.0,LRM,,True,3,True,False,True,RAD;UCDP_ACTOR
3d5ccdef20965309a5bc18dd4f349d735a81e86f,Lao Resistance Movement,lao resistance movement,RAD,Group_UCDP_Name_long,246.0,LRM,,False,23,False,False,True,RAD;UCDP_ACTOR
6512a7a235909de3a79debe940d5361aa9d0dff8,MTA (Myanmar)*,mta (myanmar)*,RAD,Group_UCDP_Name_short,255.0,MTA (Myanmar)*,,False,14,False,False,True,RAD
9d822b0f2f2ea72dc5bd7f6abcaa8f5e044548e0,RCSS,rcss,RAD,Group_UCDP_Name_short,256.0,RCSS,,True,4,True,False,True,RAD;UCDP_ACTOR
58acf9bdfeab963c275d2c151d569627f41b3653,Restoration Council of the Shan State,restoration council of the shan state,RAD,Group_UCDP_Name_long,256.0,RCSS,,False,37,False,False,True,RAD
cbf0a095fcf6fa71eba1796a3d1af1fbd5e539b1,CPN-M,cpn-m,RAD,Group_UCDP_Name_short,258.0,CPN-M,,True,5,False,False,True,RAD;UCDP_ACTOR
78cb45260acf7528546b8086ea3ab16ede64ec39,Samyukta Jana Morcha,samyukta jana morcha,RAD,Group_UCDP_Name_long,258.0,CPN-M,,False,20,False,False,True,RAD;UCDP_ACTOR
3f6d272ebf053c73ae28707f2cfb647b17cb9bc8,Communist Party of Nepal - Maoist,communist party of nepal - maoist,RAD,Group_UCDP_Name_long,258.0,CPN-M,,False,33,False,False,True,RAD
2c6fd53c9b4567725c826e84cc5112c70aae3088,KDP,kdp,RAD,Group_UCDP_Name_short,260.0,KDP,,True,3,True,False,True,RAD;UCDP_ACTOR
65da3dcd87ba852d86303663f8d053704a1e8248,Kurdish Democratic Party,kurdish democratic party,RAD,Group_UCDP_Name_long,260.0,KDP,,False,24,False,False,True,RAD
e7d716e51a25d218b61a95358cf2e90be958c670,PUK,puk,RAD,Group_UCDP_Name_short,261.0,PUK,,True,3,True,False,True,RAD;UCDP_ACTOR
0dfdaf9d3f38b0758308ef1333be033a36ae0dee,Patriotic Union of Kurdistan,patriotic union of kurdistan,RAD,Group_UCDP_Name_long,261.0,PUK,,False,28,False,False,True,RAD;UCDP_ACTOR
b53e11c442373725cf93233f694a535cad10d9c8,OPM,opm,RAD,Group_UCDP_Name_short,266.0,OPM,,True,3,True,False,True,RAD;UCDP_ACTOR
e038d8caebc0489961be53636d4c76d2d8539918,Organisasi Papua Merdeka,organisasi papua merdeka,RAD,Group_UCDP_Name_long,266.0,OPM,,False,24,False,False,True,RAD;UCDP_ACTOR
66197c59a1d538eab490db62b9b60a7f4f6a3d45,Organization for a Free Papua,organization for a free papua,RAD,Group_UCDP_Name_long,266.0,OPM,,False,29,False,False,True,RAD;UCDP_ACTOR
a89cef5dd01c089008ca1096b009d37e856c0971,Free Papua Movement,free papua movement,RAD,Group_UCDP_Name_long,266.0,OPM,,False,19,False,False,True,RAD
7bdaed3f84ec93d459f27d3395daaa70f47e7663,Khmer Rouge (Cambodia)*,khmer rouge (cambodia)*,RAD,Group_UCDP_Name_short,270.0,Khmer Rouge (Cambodia)*,,False,23,False,False,True,RAD
2ec8312729d751ddb4f28d8d7473892d9f86a8d3,KPNLF,kpnlf,RAD,Group_UCDP_Name_short,272.0,KPNLF,,True,5,False,False,True,RAD;UCDP_ACTOR
12d1c07bfe1f4bac515fcf2e823502095a68e29d,Khmer Peoples National Liberation Front,khmer peoples national liberation front,RAD,Group_UCDP_Name_long,272.0,KPNLF,,False,39,False,False,True,RAD;UCDP_ACTOR
dddef88d20e9d2a6dd3214b273ba391be2e92dec,FUNCINPEC,funcinpec,RAD,Group_UCDP_Name_short,273.0,FUNCINPEC,,True,9,False,False,True,RAD;UCDP_ACTOR
32158f5acdf6a1287428d7eec46ccabfe9f8f311,United National Front for an Independent,united national front for an independent,RAD,Group_UCDP_Name_long,273.0,FUNCINPEC,,False,40,False,False,True,RAD;UCDP_ACTOR
af95f03669299affef7293598a1e90cd8d1fdfa0,Neutral,neutral,RAD,Group_UCDP_Name_long,273.0,FUNCINPEC,,True,7,False,False,True,RAD;UCDP_ACTOR
84087a6713db5e603a7cf67619597d64dfd3c642,Peaceful and Cooperative Cambodia,peaceful and cooperative cambodia,RAD,Group_UCDP_Name_long,273.0,FUNCINPEC,,False,33,False,False,True,RAD;UCDP_ACTOR
826e664bce128cbc7d0d29cbd11c768ed89d3461,MNLF (Philippines)*,mnlf (philippines)*,RAD,Group_UCDP_Name_short,275.0,MNLF (Philippines)*,,False,19,False,False,True,RAD
6e980a596780ecfa68b23c02986dba0bad0a61c7,MILF,milf,RAD,Group_UCDP_Name_short,276.0,MILF,,True,4,True,False,True,RAD;UCDP_ACTOR
51472f035238e36182078ab7173ff98f7b876571,Moro Islamic Liberation Front,moro islamic liberation front,RAD,Group_UCDP_Name_long,276.0,MILF,,False,29,False,False,True,RAD;UCDP_ACTOR
fdbe3af0b8a33f0da97a66d4162deabc65a208db,ASG,asg,RAD,Group_UCDP_Name_short,277.0,ASG,,True,3,True,False,True,RAD;UCDP_ACTOR
8cef5db65f4cacfa3f47408535a73a173c732465,Abu Sayyaf Group,abu sayyaf group,RAD,Group_UCDP_Name_long,277.0,ASG,,False,16,False,False,True,RAD;UCDP_ACTOR
ea52f778670e28f5643641112fa3862e38863bf0,MNLF - NM,mnlf - nm,RAD,Group_UCDP_Name_short,278.0,MNLF - NM,,False,9,False,False,True,RAD;UCDP_ACTOR
a397a8ff5ef128c26b67f8ab6e41b52cf8595ae1,Moro National Liberation Front - Nur Misuari faction,moro national liberation front - nur misuari faction,RAD,Group_UCDP_Name_long,278.0,MNLF - NM,,False,52,False,False,True,RAD
e03070e9b1b825836febd012ecb0be3eb5d203b8,alternatively MNLF Misuari Breakaway Group,alternatively mnlf misuari breakaway group,RAD,Group_UCDP_Name_long,278.0,MNLF - NM,,False,42,False,False,True,RAD
8743e29814f94c8a09ac92cb847aa8175d47d3fa,MNLF-MBG,mnlf-mbg,RAD,Group_UCDP_Name_long,278.0,MNLF - NM,,True,8,False,False,True,RAD
ea8d344cc8b182af67b026fa7b5bd9ca39cefe58,MNLF - HM,mnlf - hm,RAD,Group_UCDP_Name_short,279.0,MNLF - HM,,False,9,False,False,True,RAD;UCDP_ACTOR
ec022a06894dd211b941a424851d2af6cc0ca515,Moro National Liberation Front – Habier Malik faction,moro national liberation front – habier malik faction,RAD,Group_UCDP_Name_long,279.0,MNLF - HM,,False,53,False,False,True,RAD
7c7217eeec92f7ac7f670510b79dc26ec2607e68,JVP,jvp,RAD,Group_UCDP_Name_short,281.0,JVP,,True,3,True,False,True,RAD;UCDP_ACTOR
b705d3160234c60e3ca5eb785080beb70e6db747,Janatha Vimukthi Peramuna,janatha vimukthi peramuna,RAD,Group_UCDP_Name_long,281.0,JVP,,False,25,False,False,True,RAD;UCDP_ACTOR
669641bdb2ccc1b5caea7d635b84552ec09de21c,Peoples Liberation Front,peoples liberation front,RAD,Group_UCDP_Name_long,281.0,JVP,,False,24,False,False,True,RAD;UCDP_ACTOR
da157e77e0808db94c91b8c58630f8b92f16360d,Provisional IRA (UK)*,provisional ira (uk)*,RAD,Group_UCDP_Name_short,282.0,Provisional IRA (UK)*,,False,21,False,False,True,RAD
94daf8a23f00e1c3a375a7560f4b111e4bfb1ba7,RIRA,rira,RAD,Group_UCDP_Name_short,283.0,RIRA,,True,4,True,False,True,RAD;UCDP_ACTOR
61da831e371cb34077bfd95a95253f54f3a7bbcc,Real Irish Republican Army,real irish republican army,RAD,Group_UCDP_Name_long,283.0,RIRA,,False,26,False,False,True,RAD;UCDP_ACTOR
6e8200684aab9853f839db84e9c107d186979976,JSS,jss,RAD,Group_UCDP_Name_short,285.0,JSS/SB,,True,3,True,False,True,RAD
787acf5e2f1e95302a1ea42d0cc8a4000dc7a324,Jana Samhati Samiti,jana samhati samiti,RAD,Group_UCDP_Name_long,285.0,JSS/SB,,False,19,False,False,True,RAD
059cb99ec656ddcc8aa684fcdd5ca64ab6ee60b0,Shanti Bahini,shanti bahini,RAD,Group_UCDP_Name_long,285.0,JSS/SB,,False,13,False,False,True,RAD
5776e8546c1670519d3a585145a2c8000f0425a3,Peoples Solidarity Association,peoples solidarity association,RAD,Group_UCDP_Name_long,285.0,JSS/SB,,False,30,False,False,True,RAD
2b47daf3236780bdbd1728724631364ac724d65d,Peace Force,peace force,RAD,Group_UCDP_Name_long,285.0,JSS/SB,,False,11,False,False,True,RAD
f34c1e80f64d80cd018f3b9f12d363ab3167b8ad,BLA,bla,RAD,Group_UCDP_Name_short,287.0,BLA,,True,3,True,False,True,RAD;UCDP_ACTOR
67029ab89cad1ee593158eef938c29a137a771c8,Balochistan Liberation Army,balochistan liberation army,RAD,Group_UCDP_Name_long,287.0,BLA,,False,27,False,False,True,RAD;UCDP_ACTOR
4a3a76b4598d51fe8588beb1e2257c72f7630a44,Baloch Ittehad,baloch ittehad,RAD,Group_UCDP_Name_short,288.0,Baloch Ittehad,,False,14,False,False,True,RAD;UCDP_ACTOR
5a8a62ade08f6e8c4dc964d206dc7bab261d2191,BRA,bra,RAD,Group_UCDP_Name_short,289.0,BRA,,True,3,True,False,True,RAD;UCDP_ACTOR
6fa87d0c181ec51c836434519088808e69e179f2,Fretilin,fretilin,RAD,Group_UCDP_Name_short,290.0,Fretilin,,True,8,False,False,True,RAD;UCDP_ACTOR
57d9c44ca7755fb3a0733dbdb6ee065a2b55d4e8,CNRT,cnrt,RAD,Group_UCDP_Name_long,290.0,Fretilin,,True,4,True,False,True,RAD;UCDP_ACTOR
e4bbefe404b41f61ab973276ea3847813bf51945,Jamiyyat-i Islami-yi Afghanistan,jamiyyat-i islami-yi afghanistan,RAD,Group_UCDP_Name_short,292.0,Jamiyyat-i Islami-yi Afghanistan,,False,32,False,False,True,RAD;UCDP_ACTOR
5c5ff6ad66ea7d948663679224d063dee5ab8326,ISA (Islamic Society of Afghanistan),isa (islamic society of afghanistan),RAD,Group_UCDP_Name_long,292.0,Jamiyyat-i Islami-yi Afghanistan,,False,36,False,False,True,RAD
4c2697bd538482829a901b106667444e86767b39,Hizb-i Islami-yi Afghanistan - Khalis faction,hizb-i islami-yi afghanistan - khalis faction,RAD,Group_UCDP_Name_short,294.0,Hizb-i Islami-yi Afghanistan - Khalis faction,,False,45,False,False,True,RAD;UCDP_ACTOR
2af11e14fe9ee98673a4d16fe0ca94316ff88e6a,Mahaz-i Milli-yi Islami-yi Afghanistan,mahaz-i milli-yi islami-yi afghanistan,RAD,Group_UCDP_Name_short,296.0,Mahaz-i Milli-yi Islami-yi Afghanistan,,False,38,False,False,True,RAD;UCDP_ACTOR
5c006e90a0141d04b4500b25c9902046ac35bcf8,National Islamic Front of Afghanistan,national islamic front of afghanistan,RAD,Group_UCDP_Name_long,296.0,Mahaz-i Milli-yi Islami-yi Afghanistan,,False,37,False,False,True,RAD;UCDP_ACTOR
860246dc592ed90d0383f637b92d0a3bead1cd78,NIFA,nifa,RAD,Group_UCDP_Name_long,296.0,Mahaz-i Milli-yi Islami-yi Afghanistan,,True,4,True,False,True,RAD
aa87d315df861b51493548e898dc3885e5d84aae,Hizb-i Islami-yi Afghanistan,hizb-i islami-yi afghanistan,RAD,Group_UCDP_Name_short,299.0,Hizb-i Islami-yi Afghanistan,,False,28,False,False,True,RAD;UCDP_ACTOR
883b9ee4a484a82bac99e3a1ccc4c7839b0f4f69,Islamic Party of Afghanistan,islamic party of afghanistan,RAD,Group_UCDP_Name_long,299.0,Hizb-i Islami-yi Afghanistan,,False,28,False,False,True,RAD;UCDP_ACTOR
0d9f5914768ac35a83d0319958711f7650085471,Hizb-i Wahdat,hizb-i wahdat,RAD,Group_UCDP_Name_short,300.0,Hizb-i Wahdat,,False,13,False,False,True,RAD;UCDP_ACTOR
67b1ab05867a862db71c728dbc8ead9a433f5b86,Unity Party,unity party,RAD,Group_UCDP_Name_long,300.0,Hizb-i Wahdat,,False,11,False,False,True,RAD;UCDP_ACTOR
b309e7da56ff22bc8227b20cc972871e06be8a1a,Military faction (forces of Shahnawaz Tanay),military faction (forces of shahnawaz tanay),RAD,Group_UCDP_Name_short,301.0,Military faction (forces of Shahnawaz Tanay),,False,44,False,False,True,RAD;UCDP_ACTOR
13a66b68e797bc34851651bd56a52294e899de55,Junbish-i Milli-yi Islami,junbish-i milli-yi islami,RAD,Group_UCDP_Name_short,302.0,Junbish-i Milli-yi Islami,,False,25,False,False,True,RAD;UCDP_ACTOR
2e7ff3d60d912f0c2838f2754a1ac137882de1c4,Jombesh-i Melli,jombesh-i melli,RAD,Group_UCDP_Name_long,302.0,Junbish-i Milli-yi Islami,,False,15,False,False,True,RAD
e61829292915761fef51b909426dc8e8bc9499ed,National Islamic Movement of Afghanistan,national islamic movement of afghanistan,RAD,Group_UCDP_Name_long,302.0,Junbish-i Milli-yi Islami,,False,40,False,False,True,RAD
49b860b0202515b16afc6ff3d42b0909574eac5f,Taleban,taleban,RAD,Group_UCDP_Name_short,303.0,Taleban,,True,7,False,False,True,RAD;UCDP_ACTOR
5a5d14fbd5d5b7ef46c8b56d9d32daeb0e03b600,Taliban,taliban,RAD,Group_UCDP_Name_long,303.0,Taleban,,True,7,False,False,True,RAD;UCDP_ACTOR
3838b9733e0fc4a32cbacea9f64a71d7fbff150a,UIFSA,uifsa,RAD,Group_UCDP_Name_short,304.0,UIFSA,,True,5,False,False,True,RAD;UCDP_ACTOR
77d8e6895db40a031ee736cb2d43674c061c160c,United Islamic Front for the Salvation of Afghanistan,united islamic front for the salvation of afghanistan,RAD,Group_UCDP_Name_long,304.0,UIFSA,,False,53,False,False,True,RAD;UCDP_ACTOR
4063a5363bef814156cc2e5244195b3f95662b6e,ATTF,attf,RAD,Group_UCDP_Name_short,306.0,ATTF,,True,4,True,False,True,RAD;UCDP_ACTOR
3423961b455e198ab323b2f5b992913debf30eaf,All Tripura Tiger Force,all tripura tiger force,RAD,Group_UCDP_Name_long,306.0,ATTF,,False,23,False,False,True,RAD;UCDP_ACTOR
3b4ffd01521a5313edb460f58f5d4e83985a2531,NLFT,nlft,RAD,Group_UCDP_Name_short,307.0,NLFT,,True,4,True,False,True,RAD;UCDP_ACTOR
b6b1fff1fa1eb922a21f72c0cb1dab5b7310270d,National Liberation Front of Tripura,national liberation front of tripura,RAD,Group_UCDP_Name_long,307.0,NLFT,,False,36,False,False,True,RAD;UCDP_ACTOR
46858f42c2d8b753b2b5559fbd17b5842aaceb59,MEK,mek,RAD,Group_UCDP_Name_short,308.0,MEK,,True,3,True,False,True,RAD;UCDP_ACTOR
bf84ea0a284a79ffa14b76619e4eb5c31bd27733,Peoples Mujahideen,peoples mujahideen,RAD,Group_UCDP_Name_long,308.0,MEK,,False,18,False,False,True,RAD;UCDP_ACTOR
2c9e41f14cb813a6fbb953c1d3040ad1a8f3d29c,PJAK,pjak,RAD,Group_UCDP_Name_short,309.0,PJAK,,True,4,True,False,True,RAD;UCDP_ACTOR
0a876f5716f7750988f1375e2acf80d662a47fed,Free Life Party of Kurdistan,free life party of kurdistan,RAD,Group_UCDP_Name_long,309.0,PJAK,,False,28,False,False,True,RAD
c629f591da407e7deb5965558fd83a8d73334f41,Jondullah,jondullah,RAD,Group_UCDP_Name_short,310.0,Jondullah,,True,9,False,False,True,RAD;UCDP_ACTOR
94ad79b2ecbba55297b93583cc4a793ac9e082d0,ETA,eta,RAD,Group_UCDP_Name_short,313.0,ETA,,True,3,True,False,True,RAD;UCDP_ACTOR
6ffa5776427d19240b8c278a68879602670eb422,Euskadi ta azkatasuna,euskadi ta azkatasuna,RAD,Group_UCDP_Name_long,313.0,ETA,,False,21,False,False,True,RAD;UCDP_ACTOR
75ff0071b2df073d9fc7f4bd2628fb695b16aba6,Basque Nation and Liberty,basque nation and liberty,RAD,Group_UCDP_Name_long,313.0,ETA,,False,25,False,False,True,RAD;UCDP_ACTOR
77b7ed7ad7883cc7ba4965419056a204afcd6414,PLA,pla,RAD,Group_UCDP_Name_short,314.0,PLA,,True,3,True,False,True,RAD;UCDP_ACTOR
7541545f8702165f421bd26fc2918e066d982a0e,Peoples Liberation Army,peoples liberation army,RAD,Group_UCDP_Name_long,314.0,PLA,,False,23,False,False,True,RAD;UCDP_ACTOR
60b5d1486e124c5de701e705552122af51a953a9,UNLF,unlf,RAD,Group_UCDP_Name_short,315.0,UNLF,,True,4,True,False,True,RAD;UCDP_ACTOR
dbddc174d44aab37e58e6a82f5dce51753f0d42b,United National Liberation Front,united national liberation front,RAD,Group_UCDP_Name_long,315.0,UNLF,,False,32,False,False,True,RAD;UCDP_ACTOR
a82c03403542b85b67d6ab4437d2069fc747bfd7,KCP,kcp,RAD,Group_UCDP_Name_short,317.0,KCP,,True,3,True,False,True,RAD;UCDP_ACTOR
98e8f29f9879a336c90056b3ab50d9904c17fe23,Kangleipak Communist Party,kangleipak communist party,RAD,Group_UCDP_Name_long,317.0,KCP,,False,26,False,False,True,RAD;UCDP_ACTOR
520a1560c64af68fc7a02379b395eb8e93a7bac0,PREPAK,prepak,RAD,Group_UCDP_Name_short,318.0,PREPAK,,True,6,False,False,True,RAD;UCDP_ACTOR
71e1dbec5654fb7d33a85a2c28e144b18da9566d,Peoples Revolutionary Party of Kangleipak,peoples revolutionary party of kangleipak,RAD,Group_UCDP_Name_long,318.0,PREPAK,,False,41,False,False,True,RAD;UCDP_ACTOR
45dda92cda025200ec89bbff2bde02fe3087e4b9,Sikh insurgents,sikh insurgents,RAD,Group_UCDP_Name_short,319.0,Sikh insurgents,,False,15,False,False,True,RAD;UCDP_ACTOR
608a8012708cd0a8ff28020586d1af4794d3e18e,LTTE (Sri Lanka)*,ltte (sri lanka)*,RAD,Group_UCDP_Name_short,320.0,LTTE (Sri Lanka)*,,False,17,False,False,True,RAD
40f9053050dfba9e259a04868570dd85df8e2683,EPRLF,eprlf,RAD,Group_UCDP_Name_short,322.0,EPRLF,,True,5,False,False,True,RAD;UCDP_ACTOR
b4f1b1d89e63dce8ef7e208b0a95596e2f501329,Eelam Peoples Revolutionary Liberation Front,eelam peoples revolutionary liberation front,RAD,Group_UCDP_Name_long,322.0,EPRLF,,False,44,False,False,True,RAD;UCDP_ACTOR
74eeba712ec6300de345240bcd34e1a74ae24e12,PKK (Turkey)*,pkk (turkey)*,RAD,Group_UCDP_Name_short,323.0,PKK (Turkey)*,,False,13,False,False,True,RAD
4b196a19ce2e99796c3c9a93764986bf548e04a2,Kashmir insurgents,kashmir insurgents,RAD,Group_UCDP_Name_short,325.0,Kashmir insurgents,,False,18,False,False,True,RAD;UCDP_ACTOR
a5c184cc079fa0f88a30f639aa9f820be212ee4f,JKFL (Jammu and Kashmir Liberation Front),jkfl (jammu and kashmir liberation front),RAD,Group_UCDP_Name_long,325.0,Kashmir insurgents,,False,41,False,False,True,RAD
7354c056eec86afab30b2d132541f91587fd2153,Hizb-ul-Mujahideen (Party of Holy Warriors),hizb-ul-mujahideen (party of holy warriors),RAD,Group_UCDP_Name_long,325.0,Kashmir insurgents,,False,43,False,False,True,RAD
29c2512d455c3e0f2ecdb3dee6ad1b4b165aaf13,Pasdaran-e-Inquilab-e-Islami (Guardians of the Islamic Revolution),pasdaran-e-inquilab-e-islami (guardians of the islamic revolution),RAD,Group_UCDP_Name_long,325.0,Kashmir insurgents,,False,66,False,False,True,RAD
41735f3058bd45d349aa4e9ef34e20213456c428,Harkat-ul-Ansar (Helper Movement),harkat-ul-ansar (helper movement),RAD,Group_UCDP_Name_long,325.0,Kashmir insurgents,,False,33,False,False,True,RAD
e6bcce9ca05c7866a1f42597739213c6dd9bf785,Jaish-e-Mohammed (Army of Mohammed) and Lashkar-e-Toiba (Army of the Righteous),jaish-e-mohammed (army of mohammed) and lashkar-e-toiba (army of the righteous),RAD,Group_UCDP_Name_long,325.0,Kashmir insurgents,,False,79,False,False,True,RAD
d9a24cdbfc10db2aa0299c299c58d1428f202f5a,ULFA,ulfa,RAD,Group_UCDP_Name_short,326.0,ULFA,,True,4,True,False,True,RAD;UCDP_ACTOR
4de6a64ef0b8843b3b29a701ef269921db5d9eea,United Liberation Front of Assam,united liberation front of assam,RAD,Group_UCDP_Name_long,326.0,ULFA,,False,32,False,False,True,RAD;UCDP_ACTOR
ada61546346769beb0f9297c67ab23f0b3475f6e,GAM,gam,RAD,Group_UCDP_Name_short,327.0,GAM,,True,3,True,False,True,RAD;UCDP_ACTOR
9742f2262481779638b2612df6b3d43d9d25271f,Gerkan Aceh Merdeka,gerkan aceh merdeka,RAD,Group_UCDP_Name_long,327.0,GAM,,False,19,False,False,True,RAD
35ba2edcdc620c82c5b30e08b103193bff6d72b9,Free Aceh Movement,free aceh movement,RAD,Group_UCDP_Name_long,327.0,GAM,,False,18,False,False,True,RAD;UCDP_ACTOR
ad426fa48a3f0d9e4f8f5a0841db307549c2a1fa,BRA,bra,RAD,Group_UCDP_Name_short,328.0,BRA,,True,3,True,False,True,RAD;UCDP_ACTOR
e263156b82d9f0efd0565b79880eb06fd4898d36,Bougainville Revolutionary Army,bougainville revolutionary army,RAD,Group_UCDP_Name_long,328.0,BRA,,False,31,False,False,True,RAD;UCDP_ACTOR
6bfb720610f18375fd3f48668a72a2b2ffa929dc,NSF,nsf,RAD,Group_UCDP_Name_short,329.0,NSF,,True,3,True,False,True,RAD;UCDP_ACTOR
05d874dfc31fb5ed66098fcc7ae2f53b81e69f57,National Salvation Front,national salvation front,RAD,Group_UCDP_Name_long,329.0,NSF,,False,24,False,False,True,RAD;UCDP_ACTOR
895aee913b88e50fd80476e7ceddbc546bc412bf,Frontul Salvării Naţionale,frontul salvării naţionale,RAD,Group_UCDP_Name_long,329.0,NSF,,False,26,False,False,True,RAD;UCDP_ACTOR
0d5fee1aec440c0d0e55fc710ba3bcb75045470a,Republic of Armenia,republic of armenia,RAD,Group_UCDP_Name_short,330.0,Republic of Armenia,,False,19,False,False,True,RAD;UCDP_ACTOR
b05cd199069ee92b255137847bb4efa84c58c5d0,APF,apf,RAD,Group_UCDP_Name_short,331.0,APF,,True,3,True,False,True,RAD;UCDP_ACTOR
e9e20acb8f5ccbfd17819376876acbf1d960eb00,Azerbaijani Popular Front,azerbaijani popular front,RAD,Group_UCDP_Name_long,331.0,APF,,False,25,False,False,True,RAD;UCDP_ACTOR
7ed6ed15dde57122ca80f3189d102fa608c086c7,National Guard and Mkhedrioni,national guard and mkhedrioni,RAD,Group_UCDP_Name_short,332.0,National Guard and Mkhedrioni,,False,29,False,False,True,RAD;UCDP_ACTOR
8662466fb163062ea7394a2f13fa4fd1a52f3df5,Zviadists,zviadists,RAD,Group_UCDP_Name_short,333.0,Zviadists,,True,9,False,False,True,RAD;UCDP_ACTOR
bc11161c506b0a73ee3880f03f63eab5360ea724,DHKP-C,dhkp-c,RAD,Group_UCDP_Name_short,334.0,DHKP-C,,True,6,False,False,True,RAD;UCDP_ACTOR
0cacfdad5871aa193b8280d4101ed01d9790392f,Revolutionary Peoples Liberation Party-Front,revolutionary peoples liberation party-front,RAD,Group_UCDP_Name_long,334.0,DHKP-C,,False,44,False,False,True,RAD
713bd3807d35f1768e7892cdde4c4106e32071da,MKP,mkp,RAD,Group_UCDP_Name_short,335.0,MKP,,True,3,True,False,True,RAD;UCDP_ACTOR
14e19e689a0460c471d86123360414ef4f9d6b73,Maoist Communist Party,maoist communist party,RAD,Group_UCDP_Name_long,335.0,MKP,,False,22,False,False,True,RAD;UCDP_ACTOR
dffef4eb344b9f7775ab0632af7a90f5cb19c940,Republic of Slovenia,republic of slovenia,RAD,Group_UCDP_Name_short,336.0,Republic of Slovenia,,False,20,False,False,True,RAD;UCDP_ACTOR
6bad0a349bb2dad41cb6ee271be413c8e99e3b6d,Republic of Croatia,republic of croatia,RAD,Group_UCDP_Name_short,337.0,Republic of Croatia,,False,19,False,False,True,RAD;UCDP_ACTOR
6cfd75f4d4fe8c91c7e99ead6904291cd6edb509,Republic of Artsakh,republic of artsakh,RAD,Group_UCDP_Name_short,338.0,Republic of Artsakh,,False,19,False,False,True,RAD;UCDP_ACTOR
072783f3395879401847d916b578f100a18d05f8,Republic of Nagorno-Karabakh,republic of nagorno-karabakh,RAD,Group_UCDP_Name_long,338.0,Republic of Artsakh,,False,28,False,False,True,RAD;UCDP_ACTOR
bcdb61d197db9ef02a68098e62e14fd1d9199850,Artsakhi Hanrapetutyun,artsakhi hanrapetutyun,RAD,Group_UCDP_Name_long,338.0,Republic of Artsakh,,False,22,False,False,True,RAD;UCDP_ACTOR
46ba3c515b53057a40029222d62be939e06a30d5,Serbian Republic of Bosnia-Herzegovina,serbian republic of bosnia-herzegovina,RAD,Group_UCDP_Name_short,339.0,Serbian Republic of Bosnia-Herzegovina,,False,38,False,False,True,RAD;UCDP_ACTOR
7e3f7b3c0491003897f202085e4d9018e3d1d11a,Serbian Republic of Bosnia-Herzegovina,serbian republic of bosnia-herzegovina,RAD,Group_UCDP_Name_long,339.0,Serbian Republic of Bosnia-Herzegovina,,False,38,False,False,True,RAD;UCDP_ACTOR
659864e69f591165a90c598c09e9716750b64d7a,Serbian Republic of Krajina,serbian republic of krajina,RAD,Group_UCDP_Name_short,340.0,Serbian Republic of Krajina,,False,27,False,False,True,RAD;UCDP_ACTOR
bceb5411aed011733af9c41acce21e71373e2cfb,Republika Srpska Krajina,republika srpska krajina,RAD,Group_UCDP_Name_long,340.0,Serbian Republic of Krajina,,False,24,False,False,True,RAD;UCDP_ACTOR
cf51de96ee3575506251a6fb46fade213c5a2c31,al-Gamaa al-Islamiyya,al-gamaa al-islamiyya,RAD,Group_UCDP_Name_short,341.0,al-Gamaa al-Islamiyya,,False,21,False,False,True,RAD;UCDP_ACTOR
c5bb0a32605852a86064672246371caa36e81277,Republic of Abkhazia,republic of abkhazia,RAD,Group_UCDP_Name_short,342.0,Republic of Abkhazia,,False,20,False,False,True,RAD;UCDP_ACTOR
bc350119282c421a7b36e836b0ae9ae1e551cbac,Republic of South Ossetia,republic of south ossetia,RAD,Group_UCDP_Name_short,343.0,Republic of South Ossetia,,False,25,False,False,True,RAD;UCDP_ACTOR
5b2ae5a87950ae68b684da0bc8f827646db6614b,Respublika Yuzhnaya Osetiya,respublika yuzhnaya osetiya,RAD,Group_UCDP_Name_long,343.0,Republic of South Ossetia,,False,27,False,False,True,RAD;UCDP_ACTOR
93f220c98709752d42ed6eb659aea3613f2ccf1c,PMR,pmr,RAD,Group_UCDP_Name_short,344.0,PMR,,True,3,True,False,True,RAD;UCDP_ACTOR
4188784cd52141f9178f268c8709d2c52f157ba3,Pridnistrovska Moldavska Respublika,pridnistrovska moldavska respublika,RAD,Group_UCDP_Name_long,344.0,PMR,,False,35,False,False,True,RAD;UCDP_ACTOR
b93845d4e547dc6678da5990e272493269161050,Pridnestrovian Moldavian Republic,pridnestrovian moldavian republic,RAD,Group_UCDP_Name_long,344.0,PMR,,False,33,False,False,True,RAD
52e4586cfee82614d7ea7b318997d3398ef5f358,UTO,uto,RAD,Group_UCDP_Name_short,345.0,UTO,,True,3,True,False,True,RAD;UCDP_ACTOR
62bdcbf1d1ee5129ba81dbbf6c3fc02e0d16f1a4,United Tajik Opposition,united tajik opposition,RAD,Group_UCDP_Name_long,345.0,UTO,,False,23,False,False,True,RAD;UCDP_ACTOR
83c27dcc95c03839bbe51e0f8af52fb2dfec4411,Forces of Khudoberdiyev,forces of khudoberdiyev,RAD,Group_UCDP_Name_short,346.0,Forces of Khudoberdiyev,,False,23,False,False,True,RAD;UCDP_ACTOR
19286d030d49ab6b7894950a9a0338899b15398a,Military faction (forces of Suret Husseinov),military faction (forces of suret husseinov),RAD,Group_UCDP_Name_short,347.0,Military faction (forces of Suret Husseinov),,False,44,False,False,True,RAD;UCDP_ACTOR
9d99c5776967c1b7a44d7539416d3a55878e6bec,OPON Forces,opon forces,RAD,Group_UCDP_Name_short,348.0,OPON Forces,,False,11,False,False,True,RAD;UCDP_ACTOR
ae66dc2fb44f433191c6bff4757b1426540f4b7e,Special Police Brigade,special police brigade,RAD,Group_UCDP_Name_long,348.0,OPON Forces,,False,22,False,False,True,RAD;UCDP_ACTOR
74063afd7eed2e9170b0aa5786d702aaf42f57ed,Otryad Policija Osobogo Naznacenija,otryad policija osobogo naznacenija,RAD,Group_UCDP_Name_long,348.0,OPON Forces,,False,35,False,False,True,RAD;UCDP_ACTOR
a71a6ccec4b45107bd1982d174bfe6902be24466,Autonomous Province of Western Bosnia,autonomous province of western bosnia,RAD,Group_UCDP_Name_short,349.0,Autonomous Province of Western Bosnia,,False,37,False,False,True,RAD;UCDP_ACTOR
756a095798f2d97e9cbf18c66091ffe5ecd9f695,Autonomous Province of Western Bosnia,autonomous province of western bosnia,RAD,Group_UCDP_Name_long,349.0,Autonomous Province of Western Bosnia,,False,37,False,False,True,RAD;UCDP_ACTOR
a9009e2626fb27ff4e7f84c48b29ff05dd3cd0de,Croatian Republic of Bosnia-Herzegovina,croatian republic of bosnia-herzegovina,RAD,Group_UCDP_Name_short,350.0,Croatian Republic of Bosnia-Herzegovina,,False,39,False,False,True,RAD;UCDP_ACTOR
7b68719e41312a5f3fba047db9b169dfea48345b,Croatian Republic of Bosnia-Herzegovina,croatian republic of bosnia-herzegovina,RAD,Group_UCDP_Name_long,350.0,Croatian Republic of Bosnia-Herzegovina,,False,39,False,False,True,RAD;UCDP_ACTOR
b30ab4f7be18e5f771b5be3c2d006fa611eddbe9,Parliamentary Forces,parliamentary forces,RAD,Group_UCDP_Name_short,351.0,Parliamentary Forces,,False,20,False,False,True,RAD;UCDP_ACTOR
f5f00af86435d2086c1acd02e61e029cdc1e6af4,Chechen Republic of Ichkeria,chechen republic of ichkeria,RAD,Group_UCDP_Name_short,352.0,Chechen Republic of Ichkeria,,False,28,False,False,True,RAD;UCDP_ACTOR
cbf82cfe85f9482e7589d953cf7934387f0a8014,Democratic Republic of Yemen,democratic republic of yemen,RAD,Group_UCDP_Name_short,353.0,Democratic Republic of Yemen,,False,28,False,False,True,RAD;UCDP_ACTOR
3c9af21af47f45df8fd5161a02261249fdad8d46,Democratic Republic of Yemen,democratic republic of yemen,RAD,Group_UCDP_Name_long,353.0,Democratic Republic of Yemen,,False,28,False,False,True,RAD;UCDP_ACTOR
5a1d84ba1c5c915dc4dff3742575b48ff9c053e4,MQM,mqm,RAD,Group_UCDP_Name_short,354.0,MQM,,True,3,True,False,True,RAD;UCDP_ACTOR
2f75d684b1203b45c17ad8c48a85c30597647c77,Muttahida Qaumi Movement,muttahida qaumi movement,RAD,Group_UCDP_Name_long,354.0,MQM,,False,24,False,False,True,RAD
58deff361247cf5176d7f8774114ad6e693c9fb7,United National Movement,united national movement,RAD,Group_UCDP_Name_long,354.0,MQM,,False,24,False,False,True,RAD;UCDP_ACTOR
6644d126818b4cdc2f6f2257fde60d1e90500b21,TTP,ttp,RAD,Group_UCDP_Name_short,356.0,TTP,,True,3,True,False,True,RAD;UCDP_ACTOR
268dfd9d48f800388e020254903839af253fb141,Taleban Movement of Pakistan,taleban movement of pakistan,RAD,Group_UCDP_Name_long,356.0,TTP,,False,28,False,False,True,RAD;UCDP_ACTOR
332715b85b3ad84f03f205c149cee18e4ddac161,UCK,uck,RAD,Group_UCDP_Name_short,357.0,UCK,,True,3,True,False,True,RAD;UCDP_ACTOR
741aee404dbfdf1f761e4ab2b7d2dd0bb28ebb81,Ushtria çlirimtare ë kosovës,ushtria çlirimtare ë kosovës,RAD,Group_UCDP_Name_long,357.0,UCK,,False,28,False,False,True,RAD;UCDP_ACTOR
4dabb16edfc0aba2786568856c988df38398ba46,Kosovo Liberation Army,kosovo liberation army,RAD,Group_UCDP_Name_long,357.0,UCK,,False,22,False,False,True,RAD;UCDP_ACTOR
e3e9b4f8eacc90f4fdb70c7f7b729e1041ec4ae8,Wahhabi movement of the Buinaksk district,wahhabi movement of the buinaksk district,RAD,Group_UCDP_Name_short,358.0,Wahhabi movement of the Buinaksk district,,False,41,False,False,True,RAD;UCDP_ACTOR
6cd59eb33c424ae7f8edd264826e9c5ff1a677df,IMU,imu,RAD,Group_UCDP_Name_short,359.0,IMU,,True,3,True,False,True,RAD;UCDP_ACTOR
b74ea842df23735a8e91d6b24e80cee6d83fd0e8,Islamic Movement of Uzbekistan,islamic movement of uzbekistan,RAD,Group_UCDP_Name_long,359.0,IMU,,False,30,False,False,True,RAD;UCDP_ACTOR
125a1fafb939c6af5a234decebdc529e8ed3f932,JIG,jig,RAD,Group_UCDP_Name_short,360.0,JIG,,True,3,True,False,True,RAD;UCDP_ACTOR
b885aafd037560ed74464033f6e2001f4b24572e,Jihad Islamic Group,jihad islamic group,RAD,Group_UCDP_Name_long,360.0,JIG,,False,19,False,False,True,RAD;UCDP_ACTOR
047a1d18c91111cc388c0f9ca9f20f9c3098abc4,NLA (Macedonia)*,nla (macedonia)*,RAD,Group_UCDP_Name_short,361.0,NLA (Macedonia)*,,False,16,False,False,True,RAD
52354dd0ea37e81394b55a8c51a17adb01392fd2,ABSU,absu,RAD,Group_UCDP_Name_short,362.0,ABSU,,True,4,True,False,True,RAD;UCDP_ACTOR
692e8ce40fab81bfaa4e6d9c325ac198f2338c90,All Bodo Students Union,all bodo students union,RAD,Group_UCDP_Name_long,362.0,ABSU,,False,23,False,False,True,RAD;UCDP_ACTOR
068fda799402a5530b4cdaca81c961048e42da04,NDFB,ndfb,RAD,Group_UCDP_Name_short,363.0,NDFB,,True,4,True,False,True,RAD;UCDP_ACTOR
c59dad8f8ccb56771a9aaebb3df7181cd1898b9c,National Democratic Front of Bodoland,national democratic front of bodoland,RAD,Group_UCDP_Name_long,363.0,NDFB,,False,37,False,False,True,RAD
fe392816c7d9a9dea1bb83a5333be6ff813c04f6,United Wa State (Myanmar)*,united wa state (myanmar)*,RAD,Group_UCDP_Name_short,364.0,United Wa State (Myanmar)*,,False,26,False,False,True,RAD
2e81cd9f516cf32d1928fbc724750995a4328ff1,Patani insurgents,patani insurgents,RAD,Group_UCDP_Name_short,365.0,Patani insurgents,,False,17,False,False,True,RAD;UCDP_ACTOR
dce809595ee48db5ba2eb14fd5fd6152b761c009,Hezbollah (Lebanon)*,hezbollah (lebanon)*,RAD,Group_UCDP_Name_short,366.0,Hezbollah (Lebanon)*,,False,20,False,False,True,RAD
e9266ce94eb58968e3eeabaf569c1a45253e7106,Forces of the Caucasus Emirate,forces of the caucasus emirate,RAD,Group_UCDP_Name_short,367.0,Forces of the Caucasus Emirate,,False,30,False,False,True,RAD;UCDP_ACTOR
a28da18eefe4783da569daa62ade161822cda1ca,Islamic Emirate of the Caucasus,islamic emirate of the caucasus,RAD,Group_UCDP_Name_long,367.0,Forces of the Caucasus Emirate,,False,31,False,False,True,RAD
d640b2a1a07210d899de5ec0968c0dd566f1733c,PULF,pulf,RAD,Group_UCDP_Name_short,369.0,PULF,,True,4,True,False,True,RAD;UCDP_ACTOR
6ee10ac0f6c925c12b7b7e0bb9d7d84967b98a4f,Peoples United Liberation Front,peoples united liberation front,RAD,Group_UCDP_Name_long,369.0,PULF,,False,31,False,False,True,RAD;UCDP_ACTOR
7af6c4d2341f4b49d82f252555c8bc99b5d1225a,Croatian irregulars,croatian irregulars,RAD,Group_UCDP_Name_short,370.0,Croatian irregulars,,False,19,False,False,True,RAD;UCDP_ACTOR
f340751fab914a51dcd65e92bb732c6d3aac6673,Serbian irregulars,serbian irregulars,RAD,Group_UCDP_Name_short,371.0,Serbian irregulars,,False,18,False,False,True,RAD;UCDP_ACTOR
f20d8c94353ec171470e89b308c0582f14f0ad9a,Serbian irregulars,serbian irregulars,RAD,Group_UCDP_Name_long,371.0,Serbian irregulars,,False,18,False,False,True,RAD;UCDP_ACTOR
c6671150cc167dbf53cc9142799c0f5446bdd26a,Lashkar-e-Islam,lashkar-e-islam,RAD,Group_UCDP_Name_short,399.0,Lashkar-e-Islam,,True,15,False,False,True,RAD;UCDP_ACTOR
ab64f8a6cac7c202558a159008f84858d5bd2e49,Military faction (forces of Amsha Desta and Merid Negusie),military faction (forces of amsha desta and merid negusie),RAD,Group_UCDP_Name_short,413.0,Military faction (forces of Amsha Desta and Merid Negusie),,False,58,False,False,True,RAD;UCDP_ACTOR
b46b17dc58a5426f05f26998b7b296ba2756fd90,EPRDF,eprdf,RAD,Group_UCDP_Name_short,414.0,EPRDF,,True,5,False,False,True,RAD;UCDP_ACTOR
da26d3bac75bde7a72e94f61f6875abec69b95af,Ethiopian Peoples Revolutionary Democratic Front,ethiopian peoples revolutionary democratic front,RAD,Group_UCDP_Name_long,414.0,EPRDF,,False,48,False,False,True,RAD;UCDP_ACTOR
114e7ef80c2afb30b2b36577aecb8f78d2255b06,EPLF (Ethiopia)*,eplf (ethiopia)*,RAD,Group_UCDP_Name_short,416.0,EPLF (Ethiopia)*,,False,16,False,False,True,RAD
79c8811fc4ef7c52758f7acaa04a885390daa60c,AFDL,afdl,RAD,Group_UCDP_Name_short,422.0,AFDL,,True,4,True,False,True,RAD;UCDP_ACTOR
de59dd1b3b13cb5a6c1a7b145561cbb84e5b4dc4,Alliance des forces démocratiques pour la libération du Congo,alliance des forces démocratiques pour la libération du congo,RAD,Group_UCDP_Name_long,422.0,AFDL,,False,61,False,False,True,RAD
34c730d0f013d8f1f36b1f2fef3e9a6acc35537e,Alliance of Democratic Forces for the Liberation of Congo,alliance of democratic forces for the liberation of congo,RAD,Group_UCDP_Name_long,422.0,AFDL,,False,57,False,False,True,RAD
ca755cd84dd43ffbdc8304a0bf0d7b5408b493e1,MLC,mlc,RAD,Group_UCDP_Name_short,423.0,MLC,,True,3,True,False,True,RAD;UCDP_ACTOR
67045b08704b67e513d172996b1cf160f1dbf564,Mouvement pour la Libération du Congo,mouvement pour la libération du congo,RAD,Group_UCDP_Name_long,423.0,MLC,,False,37,False,False,True,RAD;UCDP_ACTOR
8d9b1f8d6f0b98541200dd4b98357565b297716d,Movement for the Liberation of Congo,movement for the liberation of congo,RAD,Group_UCDP_Name_long,423.0,MLC,,False,36,False,False,True,RAD;UCDP_ACTOR
361682779a12148cbcf5ba7ffdf750fb4b127a3c,RCD,rcd,RAD,Group_UCDP_Name_short,424.0,RCD,,True,3,True,False,True,RAD;UCDP_ACTOR
b2476a32d9b42ef5f94ec481580fc93dba9e3d14,The Rassemblement Congolais pour la Démocratie,the rassemblement congolais pour la démocratie,RAD,Group_UCDP_Name_long,424.0,RCD,,False,46,False,False,True,RAD
15a87b9c0305ca248c787e9f411e4b2edfe30e92,Congolese Rally for Democracy,congolese rally for democracy,RAD,Group_UCDP_Name_long,424.0,RCD,,False,29,False,False,True,RAD;UCDP_ACTOR
573cd5d3c7a5500e27a3285f1771c37fc35d1836,CNDP,cndp,RAD,Group_UCDP_Name_short,426.0,CNDP,,True,4,True,False,True,RAD;UCDP_ACTOR
2a78e2963fab312b89f764ff5c4d04d74bbf4226,Congrès National pour la Défense du Peuple,congrès national pour la défense du peuple,RAD,Group_UCDP_Name_long,426.0,CNDP,,False,42,False,False,True,RAD;UCDP_ACTOR
2cbf27c2056b4e24966fb74111b85ea19e07aa8b,National Congress for the Defence of the People,national congress for the defence of the people,RAD,Group_UCDP_Name_long,426.0,CNDP,,False,47,False,False,True,RAD;UCDP_ACTOR
8d95ca089b0782d4c3b38dcd8d0bb5b17142b775,Palipehutu,palipehutu,RAD,Group_UCDP_Name_short,430.0,Palipehutu,,True,10,False,False,True,RAD;UCDP_ACTOR
180f391c0580149be9f67db38033cbc670b22729,Parti pour la libération du peuple Hutu,parti pour la libération du peuple hutu,RAD,Group_UCDP_Name_long,430.0,Palipehutu,,False,39,False,False,True,RAD;UCDP_ACTOR
99280a8ef55f0a70f5c2b73898a0ee4c383b8688,Party for the Liberation of the Hutu People,party for the liberation of the hutu people,RAD,Group_UCDP_Name_long,430.0,Palipehutu,,False,43,False,False,True,RAD;UCDP_ACTOR
1c190eff6be09c62ae5c69aaddaf87935100f898,CNDD,cndd,RAD,Group_UCDP_Name_short,431.0,CNDD,,True,4,True,False,True,RAD;UCDP_ACTOR
c9fdcfacb4911e81980ab4d5789a73268a373e40,National Council for the Defence of Democracy,national council for the defence of democracy,RAD,Group_UCDP_Name_long,431.0,CNDD,,False,45,False,False,True,RAD
02b08f024580bd614b4b5494e00b42eae182e4d1,Conseil national pour la défense de la démocratie,conseil national pour la défense de la démocratie,RAD,Group_UCDP_Name_long,431.0,CNDD,,False,49,False,False,True,RAD;UCDP_ACTOR
f8da6dc3ca3c7c4bf241dc7554894a9d876f440b,Palipehutu-FNL,palipehutu-fnl,RAD,Group_UCDP_Name_short,432.0,Palipehutu-FNL,,True,14,False,False,True,RAD;UCDP_ACTOR
1c35e2f127316b9fba74e9738625fc0ecda16f10,Parti pour la libération du peuple Hutu - Forces nationales de liberation,parti pour la libération du peuple hutu - forces nationales de liberation,RAD,Group_UCDP_Name_long,432.0,Palipehutu-FNL,,False,73,False,False,True,RAD
8e183cad45de77fef64fe4a912e2e0868a4250b2,Party for the Liberation of the Hutu People- Forces for the National Liberation,party for the liberation of the hutu people- forces for the national liberation,RAD,Group_UCDP_Name_long,432.0,Palipehutu-FNL,,False,79,False,False,True,RAD
dd398613d8c21acdea1a276293216bb9ce2f8113,Frolina,frolina,RAD,Group_UCDP_Name_short,433.0,Frolina,,True,7,False,False,True,RAD;UCDP_ACTOR
b82c9d921b9834bc603802d1032cd4a57e82d4e6,Front pour la libération nationale,front pour la libération nationale,RAD,Group_UCDP_Name_long,433.0,Frolina,,False,34,False,False,True,RAD;UCDP_ACTOR
b74a981bdb2fa5afe3d34cc77117461115a61c01,National Liberation Front,national liberation front,RAD,Group_UCDP_Name_long,433.0,Frolina,,False,25,False,False,True,RAD;UCDP_ACTOR
e6e61a82a62569c825de0a873600a040a3f7e5d0,CNDD-FDD,cndd-fdd,RAD,Group_UCDP_Name_short,434.0,CNDD-FDD,,True,8,False,False,True,RAD;UCDP_ACTOR
5d1d774a28604c43c08c350c56a9c47def431bdd,Conseil national pour la défense de la démocratie-Forces pour la défense de la démocratie,conseil national pour la défense de la démocratie-forces pour la défense de la démocratie,RAD,Group_UCDP_Name_long,434.0,CNDD-FDD,,False,89,False,False,True,RAD;UCDP_ACTOR
77083c5e22f4821d23fdd52818ef4aee3a24630e,National Council for the Defence of Democracy-Forces for the Defence of Democracy,national council for the defence of democracy-forces for the defence of democracy,RAD,Group_UCDP_Name_long,434.0,CNDD-FDD,,False,81,False,False,True,RAD
be1ea62c573c92b9fb923869897398389bba8934,Islamic Legion,islamic legion,RAD,Group_UCDP_Name_short,442.0,Islamic Legion,,False,14,False,False,True,RAD;UCDP_ACTOR
4ceada4154c2e4f71e2f899d4e63dd3de5f75815,Revolutionary Forces of 1 April,revolutionary forces of 1 april,RAD,Group_UCDP_Name_short,443.0,Revolutionary Forces of 1 April,,False,31,False,False,True,RAD;UCDP_ACTOR
231c8847af6e7cb9ed999951b9e3a7359fe81fa9,MOSANAT,mosanat,RAD,Group_UCDP_Name_short,444.0,MOSANAT,,True,7,False,False,True,RAD;UCDP_ACTOR
b3dcb702d7ea48f1f817c1f86ce545e066b8ea2a,Mouvement pour le salut national du Tchad,mouvement pour le salut national du tchad,RAD,Group_UCDP_Name_long,444.0,MOSANAT,,False,41,False,False,True,RAD
f33edc4eb179f063a0f4c1ff2d47857c9ee32c94,Movement for the National Salvation of Chad,movement for the national salvation of chad,RAD,Group_UCDP_Name_long,444.0,MOSANAT,,False,43,False,False,True,RAD;UCDP_ACTOR
8ccc30229d2c2d79d9e96c66f72ab9aa9fd08f2a,MPS,mps,RAD,Group_UCDP_Name_short,445.0,MPS,,True,3,True,False,True,RAD;UCDP_ACTOR
b736c714cb5037519f5af3ba818040f863b9800e,Mouvement patriotique du salut,mouvement patriotique du salut,RAD,Group_UCDP_Name_long,445.0,MPS,,False,30,False,False,True,RAD;UCDP_ACTOR
762806aea17eb69624254fd47f5a5f8e3945d79a,Patriotic Salvation Movement,patriotic salvation movement,RAD,Group_UCDP_Name_long,445.0,MPS,,False,28,False,False,True,RAD;UCDP_ACTOR
1f965808ed250808273037a14422c6074b951c0f,MDD,mdd,RAD,Group_UCDP_Name_short,446.0,MDD,,True,3,True,False,True,RAD;UCDP_ACTOR
962c01f2a6124ef9ef0b543ddb33d212a6dabe8e,Mouvement pour la démocratie et le development,mouvement pour la démocratie et le development,RAD,Group_UCDP_Name_long,446.0,MDD,,False,46,False,False,True,RAD
df434cb0f71b0c3d0876c6210f70967711406ea8,Movement for Democracy and Development,movement for democracy and development,RAD,Group_UCDP_Name_long,446.0,MDD,,False,38,False,False,True,RAD;UCDP_ACTOR
3440a479fe741b0ef8292b7fca4f9809c09d0a7a,CNR,cnr,RAD,Group_UCDP_Name_short,447.0,CNR,,True,3,True,False,True,RAD;UCDP_ACTOR
1d520cc860b1c619d21903e0111b9b762f41bea5,Comité national de redressement,comité national de redressement,RAD,Group_UCDP_Name_long,447.0,CNR,,False,31,False,False,True,RAD;UCDP_ACTOR
d13c514f2c80de8c04f95cb34485f642b74f7a04,National Council for Recovery,national council for recovery,RAD,Group_UCDP_Name_long,447.0,CNR,,False,29,False,False,True,RAD;UCDP_ACTOR
6af3fa1dcd5f007b4216e65f8915524acd286a08,Conseil national de redressement du Tchad,conseil national de redressement du tchad,RAD,Group_UCDP_Name_long,447.0,CNR,,False,41,False,False,True,RAD
65b640efbc026a53377e4fc9758672f6c03e4961,CNRT,cnrt,RAD,Group_UCDP_Name_long,447.0,CNR,,True,4,True,False,True,RAD;UCDP_ACTOR
387bb5e78fbb7febc8566b384b6090bd8e8a0f15,CSNPD,csnpd,RAD,Group_UCDP_Name_short,448.0,CSNPD,,True,5,False,False,True,RAD;UCDP_ACTOR
366632e370bd5bbdde831001a3a93dfc5c8cd968,Committee of National Revival for Peace and Democracy,committee of national revival for peace and democracy,RAD,Group_UCDP_Name_long,448.0,CSNPD,,False,53,False,False,True,RAD;UCDP_ACTOR
49a3a15b4084d0db1882bd59972a8317585ee780,Military faction (forces of Maldoum Bada Abbas),military faction (forces of maldoum bada abbas),RAD,Group_UCDP_Name_short,449.0,Military faction (forces of Maldoum Bada Abbas),,False,47,False,False,True,RAD;UCDP_ACTOR
7163e57ff1a7f41bd0dbf16722f8dfda5f33b6bc,FNT,fnt,RAD,Group_UCDP_Name_short,450.0,FNT,,True,3,True,False,True,RAD;UCDP_ACTOR
fe0e6bdc8924e124de69c0f84dbadaf9f91e927d,Front national tchadien,front national tchadien,RAD,Group_UCDP_Name_long,450.0,FNT,,False,23,False,False,True,RAD;UCDP_ACTOR
57d9b65cacf3a694a2d29ad12c468a33ed357d5e,or Chad National Front,or chad national front,RAD,Group_UCDP_Name_long,450.0,FNT,,False,22,False,False,True,RAD
0bffcbe84661edebf4276af2d5989cdc5818fdc7,Front de libération du Ouaddai,front de libération du ouaddai,RAD,Group_UCDP_Name_long,450.0,FNT,,False,30,False,False,True,RAD
4e3db11571c19ab04d852d8999162859b0329874,Ouaddai Liberation Front,ouaddai liberation front,RAD,Group_UCDP_Name_long,450.0,FNT,,False,24,False,False,True,RAD
bc05b2f9dad2a0d1547da775077bbbeaaf1988d6,FLO,flo,RAD,Group_UCDP_Name_long,450.0,FNT,,True,3,True,False,True,RAD
f5985aecb5ebdf54021ea528271ad175d5cb80c9,FARF,farf,RAD,Group_UCDP_Name_short,451.0,FARF,,True,4,True,False,True,RAD;UCDP_ACTOR
35adc0754f5efa478d09e0ad64daf7ce5d9b44de,Forces armées pour la République fédérale,forces armées pour la république fédérale,RAD,Group_UCDP_Name_long,451.0,FARF,,False,41,False,False,True,RAD;UCDP_ACTOR
fda4ba710aa464a809a7203dd0f9a02cc49378cc,Armed Forces of the Federal Republic,armed forces of the federal republic,RAD,Group_UCDP_Name_long,451.0,FARF,,False,36,False,False,True,RAD;UCDP_ACTOR
c81a445fd283913e46f1b52e5ba264b3f8c2bcd5,MDJT,mdjt,RAD,Group_UCDP_Name_short,452.0,MDJT,,True,4,True,False,True,RAD;UCDP_ACTOR
dcc0accc9ff8fea47631f7c3496c06b36006f117,Mouvement pour la démocratie et la justice au Tchad,mouvement pour la démocratie et la justice au tchad,RAD,Group_UCDP_Name_long,452.0,MDJT,,False,51,False,False,True,RAD;UCDP_ACTOR
7868270891081a0aedab21e3f2ffcc283243ddb3,Movement for Democracy and Justice in Chad,movement for democracy and justice in chad,RAD,Group_UCDP_Name_long,452.0,MDJT,,False,42,False,False,True,RAD;UCDP_ACTOR
7aa6c0faae1ba707583f70011a6fd83616fa9601,FUCD,fucd,RAD,Group_UCDP_Name_short,453.0,FUCD,,True,4,True,False,True,RAD;UCDP_ACTOR
b2e97004f74ce6a19da47df5ffff8f679a8a51fc,Front Uni pour le changement démocratique,front uni pour le changement démocratique,RAD,Group_UCDP_Name_long,453.0,FUCD,,False,41,False,False,True,RAD
df2a4f1f9d1269117aa316a9f8cad219f7761da3,United Front for Democratic Change,united front for democratic change,RAD,Group_UCDP_Name_long,453.0,FUCD,,False,34,False,False,True,RAD;UCDP_ACTOR
663ce25a857fc1b21e257acc07212d22daccda2a,Rassemblement pour la Démocratie et la Liberté,rassemblement pour la démocratie et la liberté,RAD,Group_UCDP_Name_long,453.0,FUCD,,False,46,False,False,True,RAD;UCDP_ACTOR
e70e883cc322876ba74bab9b4a106dae9aec005e,RDL,rdl,RAD,Group_UCDP_Name_long,453.0,FUCD,,True,3,True,False,True,RAD;UCDP_ACTOR
e9c0f1b52e99064e1141fb4b24fc890974166e2b,Rally for Democray and Liberty,rally for democray and liberty,RAD,Group_UCDP_Name_long,453.0,FUCD,,False,30,False,False,True,RAD;UCDP_ACTOR
150fabf754173935fcc07148dd6d2f951ea82de5,RAFD,rafd,RAD,Group_UCDP_Name_short,454.0,RAFD,,True,4,True,False,True,RAD;UCDP_ACTOR
c34057e624c099b7cd14472d13f6f031a285f00d,Rassemblement des Forces démocratiques,rassemblement des forces démocratiques,RAD,Group_UCDP_Name_long,454.0,RAFD,,False,38,False,False,True,RAD;UCDP_ACTOR
b9cde7a6699eff7687657ae719a04de85551f41c,Rally of Democratic Forces,rally of democratic forces,RAD,Group_UCDP_Name_long,454.0,RAFD,,False,26,False,False,True,RAD;UCDP_ACTOR
ac745d25552d3870496fb035727a67cc86460a2f,Rassemblement des forces pour le changement,rassemblement des forces pour le changement,RAD,Group_UCDP_Name_long,454.0,RAFD,,False,43,False,False,True,RAD
4adda2096c3334fbc03436383534be0a08a9a749,RFC,rfc,RAD,Group_UCDP_Name_long,454.0,RAFD,,True,3,True,False,True,RAD
7a6ee80ba1c407da275ea5beaa9405cbfbefaf3d,Rally of Forces for Change,rally of forces for change,RAD,Group_UCDP_Name_long,454.0,RAFD,,False,26,False,False,True,RAD
59edbf12687ee9d42b48dea25f71a192b9e514ad,UFDD,ufdd,RAD,Group_UCDP_Name_short,456.0,UFDD,,True,4,True,False,True,RAD;UCDP_ACTOR
4e26291b7f9e3bfdf23fe7014110148ab3bebce1,Union des Forces pour la Démocratie et le Développement,union des forces pour la démocratie et le développement,RAD,Group_UCDP_Name_long,456.0,UFDD,,False,55,False,False,True,RAD;UCDP_ACTOR
959d2a660504004e3b610d856638881f70c148e1,Union Force for Democracy and Development,union force for democracy and development,RAD,Group_UCDP_Name_long,456.0,UFDD,,False,41,False,False,True,RAD;UCDP_ACTOR
b3f56ef5e93259b95c8639bcf742caad579c277e,RFDG,rfdg,RAD,Group_UCDP_Name_short,463.0,RFDG,,True,4,True,False,True,RAD;UCDP_ACTOR
c195ce9e5def20bc4fd3071df6138f38b9cefbc3,Rally of Democratic Forces of Guinea,rally of democratic forces of guinea,RAD,Group_UCDP_Name_long,463.0,RFDG,,False,36,False,False,True,RAD;UCDP_ACTOR
c584ac3078ebd8ba152e8b83512c15ba60c89df6,SPLA (Sudan)*,spla (sudan)*,RAD,Group_UCDP_Name_short,466.0,SPLA (Sudan)*,,False,13,False,False,True,RAD
97d0a30630fcb46117983c1abc134b7ba016a004,NDA,nda,RAD,Group_UCDP_Name_short,467.0,NDA,,True,3,True,False,True,RAD;UCDP_ACTOR
fa46c034761e68a6a09d88e8b5464234f36917fd,National Democratic Alliance,national democratic alliance,RAD,Group_UCDP_Name_long,467.0,NDA,,False,28,False,False,True,RAD;UCDP_ACTOR
1324479e2e32d958fc22a48e4da84979affb8e68,JEM,jem,RAD,Group_UCDP_Name_short,468.0,JEM,,True,3,True,False,True,RAD;UCDP_ACTOR
605f1ba812dd3ef76b1c0f7ed3d91da092b1031a,Justice and Equality Movement,justice and equality movement,RAD,Group_UCDP_Name_long,468.0,JEM,,False,29,False,False,True,RAD;UCDP_ACTOR
e9ab252e3f8a2f9bceaae7a848cff9aa4ba24c55,SLM,slm,RAD,Group_UCDP_Name_short,469.0,SLM/A,,True,3,True,False,True,RAD;UCDP_ACTOR
d2fef92054b5133a492a3ea4b4e99bd286acf78c,The Sudan Liberation Movement,the sudan liberation movement,RAD,Group_UCDP_Name_long,469.0,SLM/A,,False,29,False,False,True,RAD
d1a571aab1d159a498f1ff9cab5c4d1a9e433538,NRF,nrf,RAD,Group_UCDP_Name_short,470.0,NRF,,True,3,True,False,True,RAD;UCDP_ACTOR
be5fb01df12765de26979b1eb7b3210f5b98cdd9,National Redemption Front,national redemption front,RAD,Group_UCDP_Name_long,470.0,NRF,,False,25,False,False,True,RAD;UCDP_ACTOR
2145fbcc002470cd0dacd8482f2d0b7dd1fa8a13,SLM,slm,RAD,Group_UCDP_Name_short,471.0,SLM/A - MM,,True,3,True,False,True,RAD;UCDP_ACTOR
f6f58b6c7b2cfa9a6fc95ff3afae13a830075e1c,A - MM,a - mm,RAD,Group_UCDP_Name_short,471.0,SLM/A - MM,,False,6,False,False,True,RAD;UCDP_ACTOR
582c360962bf0329321edf9e556a7c9470251226,Sudan Liberation Movement,sudan liberation movement,RAD,Group_UCDP_Name_long,471.0,SLM/A - MM,,False,25,False,False,True,RAD;UCDP_ACTOR
149d0ce50cb1ec70be4c35cc12bc26cf98cb48de,Army - MM,army - mm,RAD,Group_UCDP_Name_long,471.0,SLM/A - MM,,False,9,False,False,True,RAD
851b3c692f105e9a9c0dec13ef3a82fc88f5691e,SLM,slm,RAD,Group_UCDP_Name_short,472.0,SLM/A-Unity,,True,3,True,False,True,RAD;UCDP_ACTOR
523a0464a668b2e5392e0c1dee250db98428dfaa,A-Unity,a-unity,RAD,Group_UCDP_Name_short,472.0,SLM/A-Unity,,True,7,False,False,True,RAD;UCDP_ACTOR
e0de2488f01f8b7bc5a788adcbd84dd039d42702,Sudan Liberation Movement,sudan liberation movement,RAD,Group_UCDP_Name_long,472.0,SLM/A-Unity,,False,25,False,False,True,RAD;UCDP_ACTOR
326c4fc13a5286dac9e05448a251f29e1b5c9279,Army – Unity,army – unity,RAD,Group_UCDP_Name_long,472.0,SLM/A-Unity,,False,12,False,False,True,RAD
fc9ee624f8cddd43a1b818bbc2bba5c0ab97ceae,UPA,upa,RAD,Group_UCDP_Name_short,486.0,UPA,,True,3,True,False,True,RAD;UCDP_ACTOR
6d477e0951b65803554c331f23c8742bf39b4f5c,Uganda Peoples Army,uganda peoples army,RAD,Group_UCDP_Name_long,486.0,UPA,,False,19,False,False,True,RAD;UCDP_ACTOR
3e674da1d84b0e8948efd11cdce1af872f6ddd86,LRA (Uganda)*,lra (uganda)*,RAD,Group_UCDP_Name_short,488.0,LRA (Uganda)*,,False,13,False,False,True,RAD
6489d88f69ca4964b3e204f1e3f53d83bd2aa552,ADF,adf,RAD,Group_UCDP_Name_short,489.0,ADF,,True,3,True,False,True,RAD;UCDP_ACTOR
56a27eef671ddc609f26a300e04b4606ad34d1d4,Alliance of Democratic Forces,alliance of democratic forces,RAD,Group_UCDP_Name_long,489.0,ADF,,False,29,False,False,True,RAD;UCDP_ACTOR
a371093d10a406ce9ccaa1cc28e16bc3f7a36a6d,WNBF,wnbf,RAD,Group_UCDP_Name_short,490.0,WNBF,,True,4,True,False,True,RAD;UCDP_ACTOR
46816242734de7579db2ad4fa233437e689bc50d,West Nile Bank Front,west nile bank front,RAD,Group_UCDP_Name_long,490.0,WNBF,,False,20,False,False,True,RAD;UCDP_ACTOR
063919d266659d7703616b1a1a63cfd28db2fca1,UNRF II,unrf ii,RAD,Group_UCDP_Name_short,491.0,UNRF II,,False,7,False,False,True,RAD;UCDP_ACTOR
bbcf16bcf6c270ca9c5af6d1e10433405397dd96,Uganda National Rescue Front II,uganda national rescue front ii,RAD,Group_UCDP_Name_long,491.0,UNRF II,,False,31,False,False,True,RAD;UCDP_ACTOR
a6942f019f7cf9e5b63f137ca2c7f48bc638a1b2,EIJM - AS,eijm - as,RAD,Group_UCDP_Name_short,495.0,EIJM - AS,,False,9,False,False,True,RAD;UCDP_ACTOR
923e65a0a9b0f839aa7b3fc1c9673b86df665e9a,Eritrean Islamic Jihad Movement – Abu Suhail faction,eritrean islamic jihad movement – abu suhail faction,RAD,Group_UCDP_Name_long,495.0,EIJM - AS,,False,52,False,False,True,RAD
9ad2baea3872ff57fd3485a6d56aeb76d8c7f9f5,ONLF,onlf,RAD,Group_UCDP_Name_short,497.0,ONLF,,True,4,True,False,True,RAD;UCDP_ACTOR
a508f2b6e50b061d81dbf492d5dd0340cfe235b7,Ogaden National Liberation Front,ogaden national liberation front,RAD,Group_UCDP_Name_long,497.0,ONLF,,False,32,False,False,True,RAD;UCDP_ACTOR
e17455173412fab4b4b583a9e6eff8d5cc045125,Renamo,renamo,RAD,Group_UCDP_Name_short,498.0,Renamo,,True,6,False,False,True,RAD;UCDP_ACTOR
56a8292138707ce53bf803647c9c4148bd4bd6fe,Resistência nacional moçambicana,resistência nacional moçambicana,RAD,Group_UCDP_Name_long,498.0,Renamo,,False,32,False,False,True,RAD;UCDP_ACTOR
03ea6532e8a1675839953cad996bfa4759557c16,Mozambican National Resistance,mozambican national resistance,RAD,Group_UCDP_Name_long,498.0,Renamo,,False,30,False,False,True,RAD;UCDP_ACTOR
a7cd2da7adfaf48b4ceba2abde8be5e87ba235f1,SNM,snm,RAD,Group_UCDP_Name_short,500.0,SNM,,True,3,True,False,True,RAD;UCDP_ACTOR
0bc81432430c726943b9b59446259ddf68a29261,Somali National Movement,somali national movement,RAD,Group_UCDP_Name_long,500.0,SNM,,False,24,False,False,True,RAD;UCDP_ACTOR
45e3c9ef79900080b88d97d5fbd6ae0e962ffe6d,SPM,spm,RAD,Group_UCDP_Name_short,501.0,SPM,,True,3,True,False,True,RAD;UCDP_ACTOR
c790928d2a25f0202312d80b3ac8785c9347c0e0,Somali Patriotic Movement,somali patriotic movement,RAD,Group_UCDP_Name_long,501.0,SPM,,False,25,False,False,True,RAD;UCDP_ACTOR
1ae0e3169eab75fa2dad8e3a3d500b86c3b1787d,USC,usc,RAD,Group_UCDP_Name_short,502.0,USC/SSA,,True,3,True,False,True,RAD;UCDP_ACTOR
2ec1e2ccb764882a373841f631d9b7b97f8d7d27,SSA,ssa,RAD,Group_UCDP_Name_short,502.0,USC/SSA,,True,3,True,False,True,RAD;UCDP_ACTOR
dea8a1f4667c14c0f596dafb3cc082d8a75e4725,United Somali Congress,united somali congress,RAD,Group_UCDP_Name_long,502.0,USC/SSA,,False,22,False,False,True,RAD;UCDP_ACTOR
f9597393c8b994ddca7fd407efaf70d777f4122a,Somali Salvation Alliance,somali salvation alliance,RAD,Group_UCDP_Name_long,502.0,USC/SSA,,False,25,False,False,True,RAD;UCDP_ACTOR
40d29fa18457c2d1dc7f50a84ccd8f366b0d79a2,SNA (Somalia)*,sna (somalia)*,RAD,Group_UCDP_Name_short,503.0,SNA (Somalia)*,,False,14,False,False,True,RAD
8f40357d1f24a453e1a7b76c22a707493eef19ce,SRRC,srrc,RAD,Group_UCDP_Name_short,504.0,SRRC,,True,4,True,False,True,RAD;UCDP_ACTOR
87376d03e854ee5fb13c0eaf25812c3d11a98048,Somali Reconciliation and Restoration Council,somali reconciliation and restoration council,RAD,Group_UCDP_Name_long,504.0,SRRC,,False,45,False,False,True,RAD;UCDP_ACTOR
568a1302aff1a82fa13479a4a01fc37a74ee94a8,UIC (Somalia)*,uic (somalia)*,RAD,Group_UCDP_Name_short,505.0,UIC (Somalia)*,,False,14,False,False,True,RAD
eb31773fb9cb331380d0611f006275ccee4f9403,NPFL,npfl,RAD,Group_UCDP_Name_short,507.0,NPFL,,True,4,True,False,True,RAD;UCDP_ACTOR
7ab9fd2543cde0f8806919d79b93271b1111a8a2,National Patriotic Front of Liberia,national patriotic front of liberia,RAD,Group_UCDP_Name_long,507.0,NPFL,,False,35,False,False,True,RAD;UCDP_ACTOR
71cf3068e1a4ab28dbf40df24cc8bc61dfd03c2e,INPFL,inpfl,RAD,Group_UCDP_Name_short,508.0,INPFL,,True,5,False,False,True,RAD;UCDP_ACTOR
77c23d744a8282a216760c74d1ba90ebf70b0664,Independent National Patriotic Front of Liberia,independent national patriotic front of liberia,RAD,Group_UCDP_Name_long,508.0,INPFL,,False,47,False,False,True,RAD;UCDP_ACTOR
ea067d84c8e720f24bb5066c701760dc8720b56f,LURD,lurd,RAD,Group_UCDP_Name_short,509.0,LURD,,True,4,True,False,True,RAD;UCDP_ACTOR
0d4db0dd14098f5395c50425fa64d743e19a47c7,Liberians United for Reconciliation and Democracy,liberians united for reconciliation and democracy,RAD,Group_UCDP_Name_long,509.0,LURD,,False,49,False,False,True,RAD;UCDP_ACTOR
cd073305b9f2da22a8efa2f5b4040769ae520438,MODEL,model,RAD,Group_UCDP_Name_short,510.0,MODEL,,True,5,False,False,True,RAD;UCDP_ACTOR
d26b081067030f0d7d40574b582656b7214afbb5,Movement for Democracy in Liberia,movement for democracy in liberia,RAD,Group_UCDP_Name_long,510.0,MODEL,,False,33,False,False,True,RAD;UCDP_ACTOR
e9d4e0f8163d7fd4ebee8c12a704bdd5a439e64c,Presidential guard,presidential guard,RAD,Group_UCDP_Name_short,518.0,Presidential guard,,False,18,False,False,True,RAD;UCDP_ACTOR
8901381c47e6c7f436feb19a20d6fc056c005e4c,ARDUF,arduf,RAD,Group_UCDP_Name_short,520.0,ARDUF,,True,5,False,False,True,RAD;UCDP_ACTOR
faf07c30d1b1f24613a8001cfb715062557cd009,Afar Revolutionary Democratic Unity Front,afar revolutionary democratic unity front,RAD,Group_UCDP_Name_long,520.0,ARDUF,,False,41,False,False,True,RAD;UCDP_ACTOR
08cc293f8d8df9e31c2639c8118195626d86e9b4,MPA,mpa,RAD,Group_UCDP_Name_short,521.0,MPA,,True,3,True,False,True,RAD;UCDP_ACTOR
01cbd7726d4c8877587b618a380cb2e717c7da67,Mouvement populaire de lAzaouad,mouvement populaire de lazaouad,RAD,Group_UCDP_Name_long,521.0,MPA,,False,31,False,False,True,RAD;UCDP_ACTOR
b673bafda5703dd167d92c0b895c34680f259ab1,Azawad Peoples Movement,azawad peoples movement,RAD,Group_UCDP_Name_long,521.0,MPA,,False,23,False,False,True,RAD
49b2a91077c9697829fbf91dd2122af8d63b2e6a,FIAA,fiaa,RAD,Group_UCDP_Name_short,522.0,FIAA,,True,4,True,False,True,RAD;UCDP_ACTOR
0e0dc782e819a2c2f44722e677229232d5d9fa9a,Front islamique arabe de lAzaouad,front islamique arabe de lazaouad,RAD,Group_UCDP_Name_long,522.0,FIAA,,False,33,False,False,True,RAD;UCDP_ACTOR
be156d3136c671bf8fd656b87c1c6d60a1211087,Islamic Arab Front of Azawad,islamic arab front of azawad,RAD,Group_UCDP_Name_long,522.0,FIAA,,False,28,False,False,True,RAD;UCDP_ACTOR
d6b184401e0cff3f66618911816b279a010fcb2e,ATNMC,atnmc,RAD,Group_UCDP_Name_short,523.0,ATNMC,,True,5,False,False,True,RAD;UCDP_ACTOR
98637fd03d36deebd37e23c1d2e141024228d5a6,North Mali Tuareg Alliance for Change,north mali tuareg alliance for change,RAD,Group_UCDP_Name_long,523.0,ATNMC,,False,37,False,False,True,RAD;UCDP_ACTOR
ab819c9b0bf4e0d82ff0409dfa50e051ba4706a3,Alliance Touareg Nord Mali pour le Changement,alliance touareg nord mali pour le changement,RAD,Group_UCDP_Name_long,523.0,ATNMC,,False,45,False,False,True,RAD;UCDP_ACTOR
92c02f9427b6faf02d8e10ecf7b795d75eef850b,FLAA,flaa,RAD,Group_UCDP_Name_short,524.0,FLAA,,True,4,True,False,True,RAD;UCDP_ACTOR
b23198f8846ea5bf3d1dcabc792c3dc4427d1b15,Front de libération de lAїr et lAzaouad,front de libération de laїr et lazaouad,RAD,Group_UCDP_Name_long,524.0,FLAA,,False,39,False,False,True,RAD;UCDP_ACTOR
c50dad352fffca33096e1744f2a3775d293733f2,Aїr and Azawad Liberation Front,aїr and azawad liberation front,RAD,Group_UCDP_Name_long,524.0,FLAA,,False,31,False,False,True,RAD;UCDP_ACTOR
f70429e36d86a50bc2c11a20f4c284167239507d,CRA,cra,RAD,Group_UCDP_Name_short,525.0,CRA,,True,3,True,False,True,RAD;UCDP_ACTOR
aefbeb907bfc3574fb823932dd5f8e4c7f0489d1,Coordination de la résistance armée,coordination de la résistance armée,RAD,Group_UCDP_Name_long,525.0,CRA,,False,35,False,False,True,RAD;UCDP_ACTOR
161c64b7a0214349fbf4529d9d049d6ef7f77dbf,Coordination of the Armed Resistance,coordination of the armed resistance,RAD,Group_UCDP_Name_long,525.0,CRA,,False,36,False,False,True,RAD;UCDP_ACTOR
732f4b5a1aee1e21bc2feeaa2b8ed417fe2515f8,UFRA,ufra,RAD,Group_UCDP_Name_short,526.0,UFRA,,True,4,True,False,True,RAD;UCDP_ACTOR
ecee4417029ddff9b4243367004978d6b4b789d0,Union des Forces de la résistance armée,union des forces de la résistance armée,RAD,Group_UCDP_Name_long,526.0,UFRA,,False,39,False,False,True,RAD;UCDP_ACTOR
89c8b8712221866f431fe944ffe8c0e46c8fb99e,Union of Forces of the Armed Resistance,union of forces of the armed resistance,RAD,Group_UCDP_Name_long,526.0,UFRA,,False,39,False,False,True,RAD;UCDP_ACTOR
ef8f4bbbd1915e86b41bfcd009b7c52d4ef9ad4e,FPR,fpr,RAD,Group_UCDP_Name_short,527.0,FPR,,True,3,True,False,True,RAD;UCDP_ACTOR
6b38fdacf6f062f1ec49fbd1f46389705dc93f68,Front patriotique rwandais,front patriotique rwandais,RAD,Group_UCDP_Name_long,527.0,FPR,,False,26,False,False,True,RAD;UCDP_ACTOR
8e2397e79a672de57ee48ac13dae725515d33a43,Rwandan Patriotic Front,rwandan patriotic front,RAD,Group_UCDP_Name_long,527.0,FPR,,False,23,False,False,True,RAD;UCDP_ACTOR
8be99975cdf264df59c6d017cbb5d9b8746f0093,FDLR,fdlr,RAD,Group_UCDP_Name_short,528.0,FDLR,,True,4,True,False,True,RAD;UCDP_ACTOR
8b301690589e37c797d2eeadf73612b6512624b1,Forces démocratiques de libération du Rwanda,forces démocratiques de libération du rwanda,RAD,Group_UCDP_Name_long,528.0,FDLR,,False,44,False,False,True,RAD;UCDP_ACTOR
6e06e71a161c0e54d48cdb14e98cff8e99644e86,Democratic Liberation Forces of Rwanda,democratic liberation forces of rwanda,RAD,Group_UCDP_Name_long,528.0,FDLR,,False,38,False,False,True,RAD;UCDP_ACTOR
6973dfe44b9363e4a0a232c32c0b46b8ff17291c,MFDC,mfdc,RAD,Group_UCDP_Name_short,529.0,MFDC,,True,4,True,False,True,RAD;UCDP_ACTOR
89eac6862cb6684ad3d4cd38e17098200b3dabec,Mouvement des forces démocratiques de Casamance,mouvement des forces démocratiques de casamance,RAD,Group_UCDP_Name_long,529.0,MFDC,,False,47,False,False,True,RAD;UCDP_ACTOR
a71f4ff1f7a312eb3f85bc29e5ddd92059af4d25,Movement of the Democratic Forces of the Casamance,movement of the democratic forces of the casamance,RAD,Group_UCDP_Name_long,529.0,MFDC,,False,50,False,False,True,RAD;UCDP_ACTOR
f69f36a74c443a7353f403a5676e900fbc17219f,FRUD,frud,RAD,Group_UCDP_Name_short,530.0,FRUD,,True,4,True,False,True,RAD;UCDP_ACTOR
0cb25f04b58e177a4681397987195aef6b5dd5b8,Front pour la restauration de lunité et de la démocratie,front pour la restauration de lunité et de la démocratie,RAD,Group_UCDP_Name_long,530.0,FRUD,,False,56,False,False,True,RAD;UCDP_ACTOR
41d0cf5c8ff5db88622467d7ac3256810b3a0ddc,Front for the Restoration of Unity and Democracy,front for the restoration of unity and democracy,RAD,Group_UCDP_Name_long,530.0,FRUD,,False,48,False,False,True,RAD;UCDP_ACTOR
d8f77aaefb489ac92f8c9455820fbc058da2bdff,FRUD-C,frud-c,RAD,Group_UCDP_Name_short,531.0,FRUD-C,,True,6,False,False,True,RAD;UCDP_ACTOR
d3b99ae43b19b8139169d5bcd8436d57871e65df,Front pour la restauration de lunité et de la démocratie – Combattant,front pour la restauration de lunité et de la démocratie – combattant,RAD,Group_UCDP_Name_long,531.0,FRUD-C,,False,69,False,False,True,RAD
8f1a8a6c87a975b456fb33f9c76b34e4adf10f97,Front for the Restoration of Unity and Democracy – Combatant,front for the restoration of unity and democracy – combatant,RAD,Group_UCDP_Name_long,531.0,FRUD-C,,False,60,False,False,True,RAD
0e3a4dd7f2ec2b03edb0c84b0f245cef9be6ae2f,RUF (Sierra Leone)*,ruf (sierra leone)*,RAD,Group_UCDP_Name_short,532.0,RUF (Sierra Leone)*,,False,19,False,False,True,RAD
79a2e1f80da14fa191343f5e881fde88562cba36,AFRC,afrc,RAD,Group_UCDP_Name_short,533.0,AFRC,,True,4,True,False,True,RAD;UCDP_ACTOR
35a273768810f80f6b686929237390052609fc7a,Armed Forces Revolutionary Council,armed forces revolutionary council,RAD,Group_UCDP_Name_long,533.0,AFRC,,False,34,False,False,True,RAD;UCDP_ACTOR
32ba364b5fc13799621d220f3d7039f0551e4f59,Kamajors,kamajors,RAD,Group_UCDP_Name_short,534.0,Kamajors,,True,8,False,False,True,RAD;UCDP_ACTOR
91b30d7dc5f995172a9adb47cdf6c988fcf42763,WSB,wsb,RAD,Group_UCDP_Name_short,535.0,WSB,,True,3,True,False,True,RAD;UCDP_ACTOR
4d92e94d58b58a5fe1c78631fc3fbe8ed4a989fc,West Side Boys,west side boys,RAD,Group_UCDP_Name_long,535.0,WSB,,False,14,False,False,True,RAD;UCDP_ACTOR
8b951a084df80b71226bcc77fa00195d7b950e66,West Side Niggaz,west side niggaz,RAD,Group_UCDP_Name_long,535.0,WSB,,False,16,False,False,True,RAD
21e44ff99774eec2dac798616d91d3297442322e,West Side Junglers,west side junglers,RAD,Group_UCDP_Name_long,535.0,WSB,,False,18,False,False,True,RAD
fb9ac2ceb63846fef4b2ded3ec47d930d5c8c74b,Takfir wal Hijra,takfir wal hijra,RAD,Group_UCDP_Name_short,536.0,Takfir wal Hijra,,False,16,False,False,True,RAD;UCDP_ACTOR
66cf2e04de50570c7da73f3d3d6026475550e385,AIS,ais,RAD,Group_UCDP_Name_short,537.0,AIS,,True,3,True,False,True,RAD;UCDP_ACTOR
00e620d51e9853c32ae624c48b483edce606bfa5,Islamic Salvation Army,islamic salvation army,RAD,Group_UCDP_Name_long,537.0,AIS,,False,22,False,False,True,RAD;UCDP_ACTOR
9ee5771866d939830f7f9d5344e9fb2c2da8f14b,GIA,gia,RAD,Group_UCDP_Name_short,538.0,GIA,,True,3,True,False,True,RAD;UCDP_ACTOR
4ea07c7f2cc58054be1dbb5c00659221ab8b51ad,Groupe Islamique Armé,groupe islamique armé,RAD,Group_UCDP_Name_long,538.0,GIA,,False,21,False,False,True,RAD;UCDP_ACTOR
cd85f65e2066b617ba66e0e71d5a0f361bffdf8a,Armed Islamic Group,armed islamic group,RAD,Group_UCDP_Name_long,538.0,GIA,,False,19,False,False,True,RAD;UCDP_ACTOR
75c487a206bdda9bf5662449f3a9f806d36c9ade,AQIM,aqim,RAD,Group_UCDP_Name_short,539.0,AQIM,,True,4,True,False,True,RAD;UCDP_ACTOR
9d389efccf3b44a964d7b5d3917a90295f1dafbf,al-Qaida Organization in the Islamic Maghreb,al-qaida organization in the islamic maghreb,RAD,Group_UCDP_Name_long,539.0,AQIM,,False,44,False,False,True,RAD;UCDP_ACTOR
9e9cb391c92859459ba8f36b94730f9cb580739e,GSPC,gspc,RAD,Group_UCDP_Name_long,539.0,AQIM,,True,4,True,False,True,RAD;UCDP_ACTOR
d42c33cdf14c0cf866f7f99a9702718641cbf899,FLEC-R,flec-r,RAD,Group_UCDP_Name_short,540.0,FLEC-R,,True,6,False,False,True,RAD;UCDP_ACTOR
c35eae4b2d95d06289a3e5ded01d3f9c247d9581,Frente da Libertação do Enclave de Cabinda – Renovada,frente da libertação do enclave de cabinda – renovada,RAD,Group_UCDP_Name_long,540.0,FLEC-R,,False,53,False,False,True,RAD
460e2d109b97bd36bbf9b858f0f1832421d611bb,Front for the Liberation of the Enclave of Cabinda – Renewed,front for the liberation of the enclave of cabinda – renewed,RAD,Group_UCDP_Name_long,540.0,FLEC-R,,False,60,False,False,True,RAD
fa322e67df7377a3737e7afb3874cce8969c314f,Front for the Liberation of the Cabinda Enclave,front for the liberation of the cabinda enclave,RAD,Group_UCDP_Name_long,540.0,FLEC-R,,False,47,False,False,True,RAD
0c4307fedfb8abb98507ee701353fdd88e549592,FLEC-FAC,flec-fac,RAD,Group_UCDP_Name_short,541.0,FLEC-FAC,,True,8,False,False,True,RAD;UCDP_ACTOR
e37699bee6eb585b5f137e40a79f2d8e84cd7d93,Frente da Libertação do Enclave de Cabinda - Forças Armadas de Cabinda,frente da libertação do enclave de cabinda - forças armadas de cabinda,RAD,Group_UCDP_Name_long,541.0,FLEC-FAC,,False,70,False,False,True,RAD
766291d0f7f14aa6bd1f120baa9dd16965ec0842,Front for the Liberation of the Enclave of Cabinda - Armed Forces of Cabinda,front for the liberation of the enclave of cabinda - armed forces of cabinda,RAD,Group_UCDP_Name_long,541.0,FLEC-FAC,,False,76,False,False,True,RAD
fba0a754c0404702dc99ab710f57567c1e8436c2,AIAI,aiai,RAD,Group_UCDP_Name_short,542.0,AIAI,,True,4,True,False,True,RAD;UCDP_ACTOR
f9644808e57a7affd338aa4d70433ddb73c286fd,Islamic Unity,islamic unity,RAD,Group_UCDP_Name_long,542.0,AIAI,,False,13,False,False,True,RAD;UCDP_ACTOR
a1c35094801836880133bb87bb43f267f0e45179,al-Itahad al-Islami,al-itahad al-islami,RAD,Group_UCDP_Name_long,542.0,AIAI,,False,19,False,False,True,RAD;UCDP_ACTOR
f8a83d57c769155883bea00a7d9215a58612717e,FDR,fdr,RAD,Group_UCDP_Name_short,543.0,FDR,,True,3,True,False,True,RAD;UCDP_ACTOR
c22c00ad352dfc066c1c2e81690183490916b3bf,Front démocratique pour le renouveau,front démocratique pour le renouveau,RAD,Group_UCDP_Name_long,543.0,FDR,,False,36,False,False,True,RAD;UCDP_ACTOR
b6c89fe1f640fb38fe17c1d904d779a643cc122a,Democratic Front for Renewal,democratic front for renewal,RAD,Group_UCDP_Name_long,543.0,FDR,,False,28,False,False,True,RAD;UCDP_ACTOR
f4e026f15b6b559871ef2114dc81c31668a2bdfe,MPA,mpa,RAD,Group_UCDP_Name_short,544.0,MPA/Republic of Anjouan,,True,3,True,False,True,RAD;UCDP_ACTOR
73f9af502a30ea2ea0f460619925288b433ffcc5,Republic of Anjouan,republic of anjouan,RAD,Group_UCDP_Name_short,544.0,MPA/Republic of Anjouan,,False,19,False,False,True,RAD;UCDP_ACTOR
f05f6f85a68e4b8a57824a13d8d6924da3a8999b,Mouvement populaire de lAzaouad,mouvement populaire de lazaouad,RAD,Group_UCDP_Name_long,544.0,MPA/Republic of Anjouan,,False,31,False,False,True,RAD;UCDP_ACTOR
472975d414cbc95770bdd5d6fa6d4e67471d56b3,Azawad Peoples Movement,azawad peoples movement,RAD,Group_UCDP_Name_long,544.0,MPA/Republic of Anjouan,,False,23,False,False,True,RAD
538ee05020635b05f5bae537bb5955e54f8f9d0d,originally MPLA,originally mpla,RAD,Group_UCDP_Name_long,544.0,MPA/Republic of Anjouan,,False,15,False,False,True,RAD
4f1682cdd02372e547c62b2dd1c5c5fe2a8478d9,Mouvement Populaire de Libération de lAzaouad,mouvement populaire de libération de lazaouad,RAD,Group_UCDP_Name_long,544.0,MPA/Republic of Anjouan,,False,45,False,False,True,RAD;UCDP_ACTOR
d5e4440c50fc9967fc7891443a723d8d50ddaf5a,Popular Movement for the Liberation of Azawad,popular movement for the liberation of azawad,RAD,Group_UCDP_Name_long,544.0,MPA/Republic of Anjouan,,False,45,False,False,True,RAD;UCDP_ACTOR
12a7d9b8a63830819858791f0dbf63407dfe3605,Cobras,cobras,RAD,Group_UCDP_Name_short,545.0,Cobras,,True,6,False,False,True,RAD;UCDP_ACTOR
14d78d646e72d9cdeb93ac8fab3837fd8736c220,Ninjas,ninjas,RAD,Group_UCDP_Name_short,546.0,Ninjas,,True,6,False,False,True,RAD;UCDP_ACTOR
66dc59112ba957e8c5ad079f6cd83d4cf19249dd,Cocoyes,cocoyes,RAD,Group_UCDP_Name_short,547.0,Cocoyes,,True,7,False,False,True,RAD;UCDP_ACTOR
f4202fb41efc12087ca34e99b161386421d5db34,Ntsiloulous,ntsiloulous,RAD,Group_UCDP_Name_short,548.0,Ntsiloulous,,True,11,False,False,True,RAD;UCDP_ACTOR
dc5d95632fded19d06c52fdd119df08bf1a877eb,Nsiloulous,nsiloulous,RAD,Group_UCDP_Name_long,548.0,Ntsiloulous,,True,10,False,False,True,RAD
def1a7b7bfcc71505fdf333daecc777d53f244b4,Military Junta for the Consolidation of Democracy,military junta for the consolidation of democracy,RAD,Group_UCDP_Name_short,549.0,"Military Junta for the Consolidation of Democracy, Peace and Justice",,False,49,False,False,True,RAD;UCDP_ACTOR
adae65351e217283b82324aa3ccf938c85aa3ab8,Peace and Justice,peace and justice,RAD,Group_UCDP_Name_short,549.0,"Military Junta for the Consolidation of Democracy, Peace and Justice",,False,17,False,False,True,RAD;UCDP_ACTOR
13a1be7f2403fc4a01def410b4b012380660779e,Military faction (Lesotho),military faction (lesotho),RAD,Group_UCDP_Name_short,550.0,Military faction (Lesotho),,False,26,False,False,True,RAD;UCDP_ACTOR
df19e98f2f252b59d8b0c7d688b7c0e250fd0b7b,OLF,olf,RAD,Group_UCDP_Name_short,551.0,OLF,,True,3,True,False,True,RAD;UCDP_ACTOR
fa4ac91fcea67f6e1dd8f86e045d60011a37e49a,Oromo Liberation Front,oromo liberation front,RAD,Group_UCDP_Name_long,551.0,OLF,,False,22,False,False,True,RAD;UCDP_ACTOR
f1c7188abd2a01dab40505875eccb24bde32642b,Military faction (forces of Andr Kolingba),military faction (forces of andr kolingba),RAD,Group_UCDP_Name_short,552.0,Military faction (forces of Andr Kolingba),,False,43,False,False,True,RAD
523a2cf7feb3ccece52ffd75d69ecb434278e612,Military faction (forces of André Kolingba),military faction (forces of andré kolingba),RAD,Group_UCDP_Name_long,552.0,Military faction (forces of Andr Kolingba),,False,43,False,False,True,RAD;UCDP_ACTOR
4c99c247d7e3034aab0b642c48a70089aa3ee8b0,Forces of Francois Bozize,forces of francois bozize,RAD,Group_UCDP_Name_short,553.0,Forces of Francois Bozize,,False,25,False,False,True,RAD;UCDP_ACTOR
a9c34013490270a847fb9a5e95544d79b084cf97,Seleka,seleka,RAD,Group_UCDP_Name_short,554.0,Seleka,,True,6,False,False,True,RAD;UCDP_ACTOR
863f872a9663d744178217c9c958924f14482ecd,Union of Democratic Forces for Unity,union of democratic forces for unity,RAD,Group_UCDP_Name_long,554.0,Seleka,,False,36,False,False,True,RAD;UCDP_ACTOR
837b9fb85abdcb98bf8b80a724b6ecab7e928757,MJP,mjp,RAD,Group_UCDP_Name_short,555.0,MJP,,True,3,True,False,True,RAD;UCDP_ACTOR
3106cfe7d78292dd270aec6f1b18af849a0f30d7,Mouvement pour la justice et la paix,mouvement pour la justice et la paix,RAD,Group_UCDP_Name_long,555.0,MJP,,False,36,False,False,True,RAD;UCDP_ACTOR
503847cbae08b6fe88cdaa4c10637871ce30abaa,Movement for Justice and Peace,movement for justice and peace,RAD,Group_UCDP_Name_long,555.0,MJP,,False,30,False,False,True,RAD;UCDP_ACTOR
d17eb2e4693d672a97aa6640fdd92d3af314ea13,MPCI,mpci,RAD,Group_UCDP_Name_short,556.0,MPCI,,True,4,True,False,True,RAD;UCDP_ACTOR
829df8181928960999b6f6a3a2c8158f60c6be80,Mouvement Patriotique de la Côte dIvoire,mouvement patriotique de la côte divoire,RAD,Group_UCDP_Name_long,556.0,MPCI,,False,40,False,False,True,RAD;UCDP_ACTOR
b10e11f4175f41c64ecf0ba5880ea844a167febf,Patriotic Movement of Ivory Coast,patriotic movement of ivory coast,RAD,Group_UCDP_Name_long,556.0,MPCI,,False,33,False,False,True,RAD;UCDP_ACTOR
f22b79f42dfb88604b759ab1945f6705312022ea,MPIGO,mpigo,RAD,Group_UCDP_Name_short,557.0,MPIGO,,True,5,False,False,True,RAD;UCDP_ACTOR
2669abe08dce8bf068375fddac865402a6a3cbeb,Mouvement Populaire Ivorian du Grand Ouest,mouvement populaire ivorian du grand ouest,RAD,Group_UCDP_Name_long,557.0,MPIGO,,False,42,False,False,True,RAD;UCDP_ACTOR
9180ca4e61fa2f4a3de381a848c944b210326bef,Ivorian Movement for the Greater West,ivorian movement for the greater west,RAD,Group_UCDP_Name_long,557.0,MPIGO,,False,37,False,False,True,RAD;UCDP_ACTOR
f53e716bec9d0b6fd746e072c08ec67cadcdafb6,FRCI,frci,RAD,Group_UCDP_Name_short,558.0,FRCI,,True,4,True,False,True,RAD;UCDP_ACTOR
23c2d35b0a73e3c03d92510a5c07dfcdb518d80a,Forces Républicaines de Côte dIvoire,forces républicaines de côte divoire,RAD,Group_UCDP_Name_long,558.0,FRCI,,False,36,False,False,True,RAD;UCDP_ACTOR
fe22d0e8c785a8dac4f2d1c62cadcd681ae2804b,Republican Forces of Ivory Coast,republican forces of ivory coast,RAD,Group_UCDP_Name_long,558.0,FRCI,,False,32,False,False,True,RAD;UCDP_ACTOR
b7a57a613821a7b37e586c65d36e4e157dcbe2ab,Ahlul Sunnah Jamaa,ahlul sunnah jamaa,RAD,Group_UCDP_Name_short,559.0,Ahlul Sunnah Jamaa,,False,18,False,False,True,RAD;UCDP_ACTOR
85364faccca07b1cd80277ceb646296688aca43d,NDPVF,ndpvf,RAD,Group_UCDP_Name_short,560.0,NDPVF,,True,5,False,False,True,RAD;UCDP_ACTOR
a1b4ebcf88e425a604cbb265e89660a55ed3c20c,Niger Delta Peoples Volunteer Force,niger delta peoples volunteer force,RAD,Group_UCDP_Name_long,560.0,NDPVF,,False,35,False,False,True,RAD;UCDP_ACTOR
afa5db7d15189516515e7943b74fb01ac01c5d28,BDK,bdk,RAD,Group_UCDP_Name_short,561.0,BDK,,True,3,True,False,True,RAD;UCDP_ACTOR
6652c367b3b2d8052534e4438420a88467e9010c,Bundu dia Kongo,bundu dia kongo,RAD,Group_UCDP_Name_long,561.0,BDK,,False,15,False,False,True,RAD;UCDP_ACTOR
c8d47be83c0558744a924be6136543104095920c,MNJ,mnj,RAD,Group_UCDP_Name_short,562.0,MNJ,,True,3,True,False,True,RAD;UCDP_ACTOR
6c770a476bbd2e714671f9018a04144862aa422e,Mouvement des Nigériens pour la Justice,mouvement des nigériens pour la justice,RAD,Group_UCDP_Name_long,562.0,MNJ,,False,39,False,False,True,RAD;UCDP_ACTOR
703bb85f1dbaca0b1ac9e7f92fe18ecb5eb4c121,Niger Movement for Justice,niger movement for justice,RAD,Group_UCDP_Name_long,562.0,MNJ,,False,26,False,False,True,RAD;UCDP_ACTOR
8d51f963ebfa29c7713eaab9aa7ead8b4289523a,POLISARIO,polisario,RAD,Group_UCDP_Name_short,563.0,POLISARIO,,True,9,False,False,True,RAD;UCDP_ACTOR
627accd69f2a9d4505fe1ae884478f3e805f304f,Popular Front for the Liberation of Saguia el Hamra and Rio de Oro,popular front for the liberation of saguia el hamra and rio de oro,RAD,Group_UCDP_Name_long,563.0,POLISARIO,,False,66,False,False,True,RAD;UCDP_ACTOR
195e22302516e013b280c21cdc731ebe875f22b7,Frente popular de liberación de Saguia el Hamra y Rio de Oro,frente popular de liberación de saguia el hamra y rio de oro,RAD,Group_UCDP_Name_long,563.0,POLISARIO,,False,60,False,False,True,RAD;UCDP_ACTOR
feb13984fd5660c4983b7e580db4ffe9444ee999,UNITA (Angola)*,unita (angola)*,RAD,Group_UCDP_Name_short,567.0,UNITA (Angola)*,,False,15,False,False,True,RAD
f6f36e47ea2f6b11ddd2cebab151109d21e781de,Janjaweed,janjaweed,RAD,Group_UCDP_Name_short,630.0,Janjaweed,,True,9,False,False,True,RAD;UCDP_ACTOR
bcc4d10cb236fb22946b400d5fa29d471d7a1407,Janjaweed,janjaweed,RAD,Group_UCDP_Name_long,630.0,Janjaweed,,True,9,False,False,True,RAD;UCDP_ACTOR
3036529f28df5292a40229ce6d1e7e132fcce507,Murle,murle,RAD,Group_UCDP_Name_short,655.0,Murle,,True,5,False,False,True,RAD
bd32b5404e01c9c76d765d244df71ac808e5560e,Republic of Somaliland,republic of somaliland,RAD,Group_UCDP_Name_short,675.0,Republic of Somaliland,,False,22,False,False,True,RAD;UCDP_ACTOR
9cffb9dfcaccc1a42ad97d7e37b2795438a8e3c4,Lou Nuer,lou nuer,RAD,Group_UCDP_Name_short,706.0,Lou Nuer,,False,8,False,False,True,RAD
6ca2de7e3c627c29736c6492e17a4119d584e5ea,National Alliance,national alliance,RAD,Group_UCDP_Name_long,716.0,AN,,False,17,False,False,True,RAD;UCDP_ACTOR
e0ebe65b3582bc2392925f61eab927e0a5659c28,Al-Shabaab,al-shabaab,RAD,Group_UCDP_Name_short,717.0,Al-Shabaab,,True,10,False,False,True,RAD;UCDP_ACTOR
d05799a260f6697fdf98fb2d62253045d4a72a5f,Military faction (forces of Andres Rodriguez),military faction (forces of andres rodriguez),RAD,Group_UCDP_Name_short,724.0,Military faction (forces of Andres Rodriguez),,False,45,False,False,True,RAD;UCDP_ACTOR
1a384fcf6b9ffaeb512873e4a765187560ef9168,URNG,urng,RAD,Group_UCDP_Name_short,732.0,URNG,,True,4,True,False,True,RAD;UCDP_ACTOR
3f45e2253a693d50402078619b40de32f015e337,Unidad Revolucionaria nacional guatemalteca,unidad revolucionaria nacional guatemalteca,RAD,Group_UCDP_Name_long,732.0,URNG,,False,43,False,False,True,RAD;UCDP_ACTOR
94237db750a3ed43b9b64ae9464db914f231d378,Guatemalan National Revolutionary Unity,guatemalan national revolutionary unity,RAD,Group_UCDP_Name_long,732.0,URNG,,False,39,False,False,True,RAD;UCDP_ACTOR
00437e0ab098b488fb046802fc0e7f8a8590ca6c,Military faction (forces of Hugo Ch vez),military faction (forces of hugo ch vez),RAD,Group_UCDP_Name_short,742.0,Military faction (forces of Hugo Ch vez),,False,40,False,False,True,RAD
b51c1a08cf85cba4eef452e1aa1cfd7a000f9c62,FARC,farc,RAD,Group_UCDP_Name_short,743.0,FARC,,True,4,True,False,True,RAD;UCDP_ACTOR
ee55c2fc43c82be087af9eb4074a16fa6ac37f92,Revolutionary Armed Forces of Colombia – Peoples Army,revolutionary armed forces of colombia – peoples army,RAD,Group_UCDP_Name_long,743.0,FARC,,False,53,False,False,True,RAD
517c035e8674e5f6c0b7b9df47f1d94514a04333,ELN,eln,RAD,Group_UCDP_Name_short,744.0,ELN,,True,3,True,False,True,RAD;UCDP_ACTOR
7b900f4944328a1724651368df70b9ebfc926fe1,National Liberation Army,national liberation army,RAD,Group_UCDP_Name_long,744.0,ELN,,False,24,False,False,True,RAD;UCDP_ACTOR
44cf77643bfc459e512121f783e5ef8973f48efa,EPL,epl,RAD,Group_UCDP_Name_short,746.0,EPL,,True,3,True,False,True,RAD;UCDP_ACTOR
56cf41bd1fa0a6e2e01309d452a31dd8a1256341,Popular Liberation Army,popular liberation army,RAD,Group_UCDP_Name_long,746.0,EPL,,False,23,False,False,True,RAD
217fccf28824bd32d382be411e759990f278ff8b,Sendero Luminoso,sendero luminoso,RAD,Group_UCDP_Name_short,750.0,Sendero Luminoso,,False,16,False,False,True,RAD;UCDP_ACTOR
49a80fac2bb0d7794493e496d780da6709b11f24,Sendero Luminoso (Shining Path),sendero luminoso (shining path),RAD,Group_UCDP_Name_long,750.0,Sendero Luminoso,,False,31,False,False,True,RAD
701362dfcb4dd144fb4dd242bad9abcf3673a855,MRTA,mrta,RAD,Group_UCDP_Name_short,751.0,MRTA,,True,4,True,False,True,RAD;UCDP_ACTOR
e3ad40b1a69a1ebdc5b8c55173f390bbd5a74ee3,Túpac Amaru Revolutionary Movement,túpac amaru revolutionary movement,RAD,Group_UCDP_Name_long,751.0,MRTA,,False,34,False,False,True,RAD
61a601c4d3cdc167b0f2df08cc48a42d7c9ccde9,FMLN (El Salvador)*,fmln (el salvador)*,RAD,Group_UCDP_Name_short,755.0,FMLN (El Salvador)*,,False,19,False,False,True,RAD
dbbbec51f7652b1be44dc23a16d20af8de152fa4,Contras (Nicaragua)*,contras (nicaragua)*,RAD,Group_UCDP_Name_short,759.0,Contras (Nicaragua)*,,False,20,False,False,True,RAD
7c916c481579fd00251abb4217e61191fa2e8899,Military faction (forces of Moiss Giroldi),military faction (forces of moiss giroldi),RAD,Group_UCDP_Name_short,761.0,Military faction (forces of Moiss Giroldi),,False,43,False,False,True,RAD
9d41bd464cd495d3bd6d00709c4969a2c2c48aa9,Jamaat al-Muslimeen,jamaat al-muslimeen,RAD,Group_UCDP_Name_short,762.0,Jamaat al-Muslimeen,,False,19,False,False,True,RAD;UCDP_ACTOR
cd3419a72b06dd1f3f7c68fae67c5643a4c0e2cb,Group of Muslims,group of muslims,RAD,Group_UCDP_Name_long,762.0,Jamaat al-Muslimeen,,False,16,False,False,True,RAD
53efe00141af3cdb9bb2ae95f785e80cf0d915b8,Society of Muslims,society of muslims,RAD,Group_UCDP_Name_long,762.0,Jamaat al-Muslimeen,,False,18,False,False,True,RAD
ceabd2d241c5344941d4b85cc8f179a42094865e,Military faction (forces of Himmler Rebu and Guy Francois),military faction (forces of himmler rebu and guy francois),RAD,Group_UCDP_Name_short,763.0,Military faction (forces of Himmler Rebu and Guy Francois),,False,58,False,False,True,RAD;UCDP_ACTOR
c470d01aaf01bf9471d3f2fb047f7558b94ce3d7,Military faction (forces of Raol Cdras),military faction (forces of raol cdras),RAD,Group_UCDP_Name_short,764.0,Military faction (forces of Raol Cdras),,False,40,False,False,True,RAD
88e521788608a70e2eafa05eef28286f44b3d000,FLRN,flrn,RAD,Group_UCDP_Name_short,765.0,FLRN,,True,4,True,False,True,RAD;UCDP_ACTOR
68809b72a6b71b88e4593314799400898acddac9,National Front for the Liberation of Haiti,national front for the liberation of haiti,RAD,Group_UCDP_Name_long,765.0,FLRN,,False,42,False,False,True,RAD;UCDP_ACTOR
7e4b6a053d09c43e5b85253fad221bc65da284ff,Front pour la Liberación et la Reconstruction Nationales,front pour la liberación et la reconstruction nationales,RAD,Group_UCDP_Name_long,765.0,FLRN,,False,56,False,False,True,RAD;UCDP_ACTOR
10689bd1cd59fe3d42c32acb994b5602eb288618,OP Lavalas (Chimres),op lavalas (chimres),RAD,Group_UCDP_Name_short,766.0,OP Lavalas (Chimres),,False,21,False,False,True,RAD
6e1d649ae4d4dbecaea125fd006cbd800fd6fe97,Organisations Populaires Lavalas,organisations populaires lavalas,RAD,Group_UCDP_Name_long,766.0,OP Lavalas (Chimres),,False,32,False,False,True,RAD;UCDP_ACTOR
3e4037948aa266e7533e7f8be90becc38d43f33b,Popular Organisations Lavalas,popular organisations lavalas,RAD,Group_UCDP_Name_long,766.0,OP Lavalas (Chimres),,False,29,False,False,True,RAD;UCDP_ACTOR
1626aa6fc3a3b2220e7dede9e0d15dac05fa003f,EZLN,ezln,RAD,Group_UCDP_Name_short,767.0,EZLN,,True,4,True,False,True,RAD;UCDP_ACTOR
65b9a4703810f085560234bd05f4a24db0e6ba3d,Zapatista National Liberation Army,zapatista national liberation army,RAD,Group_UCDP_Name_long,767.0,EZLN,,False,34,False,False,True,RAD;UCDP_ACTOR
6f78aadd2eddaaeb8285b69ec831755f9ae4521e,Ejército Zapatista de liberación nacional,ejército zapatista de liberación nacional,RAD,Group_UCDP_Name_long,767.0,EZLN,,False,41,False,False,True,RAD;UCDP_ACTOR
5ce112da6efdeb7e0b3be85e8f54da9e8fa699c7,EPR,epr,RAD,Group_UCDP_Name_short,768.0,EPR,,True,3,True,False,True,RAD;UCDP_ACTOR
881bd8cce63b7fa0b02589afcbb850a038900564,Popular Revolutionary Army,popular revolutionary army,RAD,Group_UCDP_Name_long,768.0,EPR,,False,26,False,False,True,RAD;UCDP_ACTOR
81b2426cdf20520523eabd28c235bc5474037d5c,Ejercito Popular Revolucionario,ejercito popular revolucionario,RAD,Group_UCDP_Name_long,768.0,EPR,,False,31,False,False,True,RAD;UCDP_ACTOR
35f906007bb82ee02e1efacb50bfcb3efddc4b6c,al-Qaida,al-qaida,RAD,Group_UCDP_Name_short,769.0,al-Qaida,,True,8,False,False,True,RAD;UCDP_ACTOR
0bd49dd583a3c757af9831d162d60aef1356210c,al-qaeda,al-qaeda,RAD,Group_UCDP_Name_long,769.0,al-Qaida,,True,8,False,False,True,RAD
c355ba33d787d008ce133c7d8a0b991aeab621b6,AUC,auc,RAD,Group_UCDP_Name_short,771.0,AUC,,True,3,True,False,True,RAD;UCDP_ACTOR
23c6c7931c2a4fc429c5f9eed017256315abe4a6,United Self-Defence forces of Colombia,united self-defence forces of colombia,RAD,Group_UCDP_Name_long,771.0,AUC,,False,38,False,False,True,RAD;UCDP_ACTOR
8c0a8692506acfca75a8b24983a37efb0bf409e3,PBCP,pbcp,RAD,Group_UCDP_Name_short,805.0,PBCP,,True,4,True,False,True,RAD;UCDP_ACTOR
0e77ea1adfdc478a4385f4aa55ca75a9a1f158c1,Purbo Banglar Communist Party - East Bengali Workers Party,purbo banglar communist party - east bengali workers party,RAD,Group_UCDP_Name_long,805.0,PBCP,,False,58,False,False,True,RAD
f35b28d2b20b00c6e06fc4315a880f5be5485d6e,MNDAA,mndaa,RAD,Group_UCDP_Name_short,880.0,MNDAA,,True,5,False,False,True,RAD;UCDP_ACTOR
ff97548c114c89b86424966f1bde12ff2ba607e9,Myanmar Nationalities Democratic Alliance Arm,myanmar nationalities democratic alliance arm,RAD,Group_UCDP_Name_long,880.0,MNDAA,,False,45,False,False,True,RAD
49fae118173d6a720faa41d6a25cb37d157800dd,Kokang Democratic Party,kokang democratic party,RAD,Group_UCDP_Name_long,880.0,MNDAA,,False,23,False,False,True,RAD
114a7c0f9f74d810eb84d9046ce4889bcc8de2ab,KDP,kdp,RAD,Group_UCDP_Name_long,880.0,MNDAA,,True,3,True,False,True,RAD;UCDP_ACTOR
ad5f8b800d84243b7a7512e45a5cb56e3b6bca99,AQAP,aqap,RAD,Group_UCDP_Name_short,881.0,AQAP,,True,4,True,False,True,RAD;UCDP_ACTOR
a55d2de2ba5768f4caf1dcdc9deb42a4fae5d396,al-Qaida in the Arabian Peninsula,al-qaida in the arabian peninsula,RAD,Group_UCDP_Name_long,881.0,AQAP,,False,33,False,False,True,RAD;UCDP_ACTOR
a38353cccc379d8657127077e9dd0e0f785082a7,Hizbul Islam,hizbul islam,RAD,Group_UCDP_Name_short,1004.0,Hizbul Islam,,False,12,False,False,True,RAD;UCDP_ACTOR
aba8826d636c49e277eeee1142cb2ac288709b6d,Jamaatu Ahlis Sunna Liddaawati wal-Jihad,jamaatu ahlis sunna liddaawati wal-jihad,RAD,Group_UCDP_Name_short,1051.0,Jamaatu Ahlis Sunna Liddaawati wal-Jihad,,False,40,False,False,True,RAD;UCDP_ACTOR
4f4274604c223ab51cbdd9e37dd917b3106de41d,Boko Haram,boko haram,RAD,Group_UCDP_Name_long,1051.0,Jamaatu Ahlis Sunna Liddaawati wal-Jihad,,False,10,False,False,True,RAD
0bc1c05ba241568bc97a6175be71890b3a56c967,CPJP,cpjp,RAD,Group_UCDP_Name_short,1053.0,CPJP,,True,4,True,False,True,RAD;UCDP_ACTOR
5f8ef23b2ce4c8f0c0c17b5ebc648b4da4b92e9c,Convention of Patriots for Justice and Peace,convention of patriots for justice and peace,RAD,Group_UCDP_Name_long,1053.0,CPJP,,False,44,False,False,True,RAD;UCDP_ACTOR
1518a62279bf7f30b56a6c495165825a6973cd53,Convention des patriotes pour la justice et la paix,convention des patriotes pour la justice et la paix,RAD,Group_UCDP_Name_long,1053.0,CPJP,,False,51,False,False,True,RAD;UCDP_ACTOR
fc020f7ac87ac1ab037993878843885f0a2bb24b,NDFB - RD,ndfb - rd,RAD,Group_UCDP_Name_short,1066.0,NDFB - RD,,False,9,False,False,True,RAD;UCDP_ACTOR
2abb0a38440f1fe359c1cbba6987b43c34745095,National Democratic Front of Bodoland - Ranjan Daimary faction,national democratic front of bodoland - ranjan daimary faction,RAD,Group_UCDP_Name_long,1066.0,NDFB - RD,,False,62,False,False,True,RAD
7f94c4dc945b955808bb1972e9416bb4b447344b,UFR,ufr,RAD,Group_UCDP_Name_short,1069.0,UFR,,True,3,True,False,True,RAD;UCDP_ACTOR
59d0505e371a6a055ce48911d23bd676f0acca24,Union des Forces de la Résistance,union des forces de la résistance,RAD,Group_UCDP_Name_long,1069.0,UFR,,False,33,False,False,True,RAD;UCDP_ACTOR
d318081cb7a48b4db2b2b96468ea016a53954546,or Union of Forces for the Resistance,or union of forces for the resistance,RAD,Group_UCDP_Name_long,1069.0,UFR,,False,37,False,False,True,RAD
4a218fa8e8e98956b4ea9698bd617e23e10fd1c2,Houthi rebels (Yemen)*,houthi rebels (yemen)*,RAD,Group_UCDP_Name_short,1091.0,Houthi rebels (Yemen)*,,False,22,False,False,True,RAD
d99d21222dd72445fe2a907228c14a0595e54e48,TTP - TA,ttp - ta,RAD,Group_UCDP_Name_short,1101.0,TTP - TA,,False,8,False,False,True,RAD;UCDP_ACTOR
af405b73d3b7881c83801f9b13bafb268fa0db46,Taleban Movement of Pakistan,taleban movement of pakistan,RAD,Group_UCDP_Name_long,1101.0,TTP - TA,,False,28,False,False,True,RAD;UCDP_ACTOR
26520ac671bcb79dd41f9e1d9db740b3633921c5,DKBA 5,dkba 5,RAD,Group_UCDP_Name_short,1107.0,DKBA 5,,False,6,False,False,True,RAD;UCDP_ACTOR
d7ad1b945367d2172ac040c6a84d505769731a90,democratic Karen Buddhist Army Brigade 5,democratic karen buddhist army brigade 5,RAD,Group_UCDP_Name_long,1107.0,DKBA 5,,False,40,False,False,True,RAD;UCDP_ACTOR
3d40ff96c0abd72d231ce82d4918413c03f6411c,SSDM,ssdm,RAD,Group_UCDP_Name_short,1108.0,SSDM/A,,True,4,True,False,True,RAD;UCDP_ACTOR
7e74b16c5bb3ffb62ff7e46a80ae94d02a4ee92a,South Sudan Defence Movement,south sudan defence movement,RAD,Group_UCDP_Name_long,1108.0,SSDM/A,,False,28,False,False,True,RAD;UCDP_ACTOR
caaf814838fce7a84eb08ffd7c00c442eb34a872,FPRN,fprn,RAD,Group_UCDP_Name_short,1112.0,FPRN,,True,4,True,False,True,RAD;UCDP_ACTOR
6c79d7834595b5dbdf771e30a4037d0458556944,Front populaire pour la renaissance nationale,front populaire pour la renaissance nationale,RAD,Group_UCDP_Name_long,1112.0,FPRN,,False,45,False,False,True,RAD;UCDP_ACTOR
45c2760883f27bad86322ebac447258201bf531a,Popular Front for National Renaissance,popular front for national renaissance,RAD,Group_UCDP_Name_long,1112.0,FPRN,,False,38,False,False,True,RAD;UCDP_ACTOR
3b0dc8d144dd77d3530aa2388d7b584562972a25,IGLF,iglf,RAD,Group_UCDP_Name_short,1115.0,IGLF,,True,4,True,False,True,RAD;UCDP_ACTOR
156fea26671ec72e68844512afa78facd858fc7a,Issa and Gurgura Liberation Front,issa and gurgura liberation front,RAD,Group_UCDP_Name_long,1115.0,IGLF,,False,33,False,False,True,RAD;UCDP_ACTOR
c3b1b7c1f101878fbdb3b505c0b739f10d2ab9d2,SSPP,sspp,RAD,Group_UCDP_Name_short,1122.0,SSPP,,True,4,True,False,True,RAD;UCDP_ACTOR
4740eb9c6bf82bb4bbee529a51ff955b9dd42aba,Shan State Progress Party,shan state progress party,RAD,Group_UCDP_Name_long,1122.0,SSPP,,False,25,False,False,True,RAD;UCDP_ACTOR
fe38ed94bce365f3b82d234d28abd4e90c32b580,Shan State Army- North,shan state army- north,RAD,Group_UCDP_Name_long,1122.0,SSPP,,False,22,False,False,True,RAD
8754ddd944b344c6500230e57f96596697e811db,SSA-N,ssa-n,RAD,Group_UCDP_Name_long,1122.0,SSPP,,True,5,False,False,True,RAD
960f6e38196ae540433e05fddc8c59344c734380,SPLM,splm,RAD,Group_UCDP_Name_short,1123.0,SPLM/A-North,,True,4,True,False,True,RAD;UCDP_ACTOR
cce1321ef627a684c0a6243858d00634d861515a,A-North,a-north,RAD,Group_UCDP_Name_short,1123.0,SPLM/A-North,,True,7,False,False,True,RAD;UCDP_ACTOR
27eac0909dda485ed8f06acc33160750c9f2d400,Sudan Peoples Liberation Movement,sudan peoples liberation movement,RAD,Group_UCDP_Name_long,1123.0,SPLM/A-North,,False,33,False,False,True,RAD;UCDP_ACTOR
2005e03fa5643ea0f548710a5e5b0afa6d21e17d,Army – North,army – north,RAD,Group_UCDP_Name_long,1123.0,SPLM/A-North,,False,12,False,False,True,RAD
e1bb989fdf912838b1e32ce98aa4fac9f2ae8e77,SSLM,sslm,RAD,Group_UCDP_Name_short,1124.0,SSLM/A,,True,4,True,False,True,RAD;UCDP_ACTOR
81c3ce56c54b90367e7d89f471360d59ffb60d84,South Sudan Liberation Movement,south sudan liberation movement,RAD,Group_UCDP_Name_long,1124.0,SSLM/A,,False,31,False,False,True,RAD;UCDP_ACTOR
b525ab44de713acab483515700a652041a8801a4,FDSI-CI,fdsi-ci,RAD,Group_UCDP_Name_short,1125.0,FDSI-CI,,True,7,False,False,True,RAD;UCDP_ACTOR
f69511bb29c0583dcf405aac1a28a40e208c5f64,Forces de Défense et de Sécurité Impartiales de Côte d`Ivoire,forces de défense et de sécurité impartiales de côte d`ivoire,RAD,Group_UCDP_Name_long,1125.0,FDSI-CI,,False,61,False,False,True,RAD;UCDP_ACTOR
f22b144c6c3b6e6f498c8335147b0adcbfbe04fd,Impartial Defense and Security Forces - Ivory Coast,impartial defense and security forces - ivory coast,RAD,Group_UCDP_Name_long,1125.0,FDSI-CI,,False,51,False,False,True,RAD;UCDP_ACTOR
24f2e051ae47bc50f8750bd339e6a5261179c45f,NTC (Libya)*,ntc (libya)*,RAD,Group_UCDP_Name_short,1126.0,NTC (Libya)*,,False,12,False,False,True,RAD
7e009eb65555ef2500843c56d26e897f3f407998,Forces of Muammar Gaddafi,forces of muammar gaddafi,RAD,Group_UCDP_Name_short,1127.0,Forces of Muammar Gaddafi,,False,25,False,False,True,RAD;UCDP_ACTOR
b6bd05b3174f7e57c8b3f6f03c76afb366d1032c,ALiR,alir,RAD,Group_UCDP_Name_short,1128.0,ALiR,,True,4,True,False,True,RAD;UCDP_ACTOR
7b6e0e2d8a2ad542e8b34c500b6bde80e362d9be,Peuple en Armes Pour la Liberation du Rwanda,peuple en armes pour la liberation du rwanda,RAD,Group_UCDP_Name_long,1128.0,ALiR,,False,44,False,False,True,RAD
bc4f65ac3ec1ea0a9ef145b74023e3ee8c5f8651,Armed People for the Liberation of Rwanda,armed people for the liberation of rwanda,RAD,Group_UCDP_Name_long,1128.0,ALiR,,False,41,False,False,True,RAD
d7d44bcdf096a1439f91567428077132793fe1fe,ex-FAR,ex-far,RAD,Group_UCDP_Name_long,1128.0,ALiR,,True,6,False,False,True,RAD;UCDP_ACTOR
36a2fb6a365898c9ebabcad4c1ae65d72217a606,Interahamwe,interahamwe,RAD,Group_UCDP_Name_long,1128.0,ALiR,,True,11,False,False,True,RAD;UCDP_ACTOR
363293da7528078661797eb08c9bc303379ffc7c,Republic of South Sudan,republic of south sudan,RAD,Group_UCDP_Name_short,1129.0,Republic of South Sudan,,False,23,False,False,True,RAD;UCDP_ACTOR
ffd0cd6b701f76642159b590949a33ac98deb523,BIFM,bifm,RAD,Group_UCDP_Name_short,1146.0,BIFM,,True,4,True,False,True,RAD;UCDP_ACTOR
246a50d3243e4b44b87b1e0836edfaff0b25732d,Bangsamoro Islamic Freedom Movement,bangsamoro islamic freedom movement,RAD,Group_UCDP_Name_long,1146.0,BIFM,,False,35,False,False,True,RAD;UCDP_ACTOR
d7b31da5b4859430b56f4751f909e7b6d1344af1,Bangsamoro Islamic Freedom Fighters (BIFF),bangsamoro islamic freedom fighters (biff),RAD,Group_UCDP_Name_long,1146.0,BIFM,,False,42,False,False,True,RAD
f566a56565fae3a9eecc2ab2fde21140ae92b714,ETIM,etim,RAD,Group_UCDP_Name_short,1156.0,ETIM,,True,4,True,False,True,RAD;UCDP_ACTOR
42d5a3113632fd1bb062eaa093564785b046c814,East Turkistan Islamic Movement,east turkistan islamic movement,RAD,Group_UCDP_Name_long,1156.0,ETIM,,False,31,False,False,True,RAD;UCDP_ACTOR
cbf470c807c75de6e9f76141e4770adebf274c6a,Ansar Dine,ansar dine,RAD,Group_UCDP_Name_short,1157.0,Ansar Dine,,False,10,False,False,True,RAD;UCDP_ACTOR
8b38c2283fd5f540362724f54aed417b549fce2f,Defenders of the Faith,defenders of the faith,RAD,Group_UCDP_Name_long,1157.0,Ansar Dine,,False,22,False,False,True,RAD;UCDP_ACTOR
0d9c753340d97e95771bc745c204b4b477d2c6ab,Ansar al-Dine,ansar al-dine,RAD,Group_UCDP_Name_long,1157.0,Ansar Dine,,False,13,False,False,True,RAD
cc66727ce2d8aff7373028ce311c658c60f1bd35,CMA,cma,RAD,Group_UCDP_Name_short,1158.0,CMA,,True,3,True,False,True,RAD;UCDP_ACTOR
f29f425857e4fa11b7c214d7a77f55dec582d3e6,Coordination des Mouvements de lAzawad,coordination des mouvements de lazawad,RAD,Group_UCDP_Name_long,1158.0,CMA,,False,38,False,False,True,RAD;UCDP_ACTOR
6ea02f715432ff8f4959bc06c41b785f8cb2dcce,Coordination of Azawad Movements,coordination of azawad movements,RAD,Group_UCDP_Name_long,1158.0,CMA,,False,32,False,False,True,RAD;UCDP_ACTOR
493561574ec2b619d5c97adf902aba145d08d452,M23,m23,RAD,Group_UCDP_Name_short,1160.0,M23,,True,3,True,False,True,RAD;UCDP_ACTOR
a0c536f25f07eaf2557690d686879219aa6fad3c,March 23 Movement,march 23 movement,RAD,Group_UCDP_Name_long,1160.0,M23,,False,17,False,False,True,RAD;UCDP_ACTOR
673a45084f65bd5a3d6dd58af6db1597f6790e7d,Mouvement du 23-Mars,mouvement du 23-mars,RAD,Group_UCDP_Name_long,1160.0,M23,,False,20,False,False,True,RAD;UCDP_ACTOR
e70e707cb5866c57b1c64abf6c58de41d0961f27,MUJAO,mujao,RAD,Group_UCDP_Name_short,1161.0,MUJAO,,True,5,False,False,True,RAD;UCDP_ACTOR
ddcf767074fe1b1f94e87bf415b95331afe7951f,Mouvement pour le Tawhîd et du Jihad en Afrique de lOuest,mouvement pour le tawhîd et du jihad en afrique de louest,RAD,Group_UCDP_Name_long,1161.0,MUJAO,,False,57,False,False,True,RAD;UCDP_ACTOR
2617563cde6fa5b9a19dd813c7a554960985f8af,Group Committed to Propagating the Prophets Teachings and Jihad,group committed to propagating the prophets teachings and jihad,RAD,Group_UCDP_Name_long,1161.0,MUJAO,,False,63,False,False,True,RAD
36a83f676585e1429fda7b5362fde695e9321ae9,Movement for Oneness and Jihad in West Africa,movement for oneness and jihad in west africa,RAD,Group_UCDP_Name_long,1161.0,MUJAO,,False,45,False,False,True,RAD
79a368efcf2915e81a513b682f8cad36974224f2,SRF,srf,RAD,Group_UCDP_Name_short,1162.0,SRF,,True,3,True,False,True,RAD;UCDP_ACTOR
86649fd0ad3a7bd52c0bce79ab0c7d0b243eafaa,Sudan Revolutionary Front,sudan revolutionary front,RAD,Group_UCDP_Name_long,1162.0,SRF,,False,25,False,False,True,RAD;UCDP_ACTOR
f11545fa0019f490a6089652d5d0c391b2871610,GNLA,gnla,RAD,Group_UCDP_Name_short,1163.0,GNLA,,True,4,True,False,True,RAD;UCDP_ACTOR
cfea2b9b4b48731287f07fa45b4e9620f18d34c6,Garo National Liberation Army,garo national liberation army,RAD,Group_UCDP_Name_long,1163.0,GNLA,,False,29,False,False,True,RAD;UCDP_ACTOR
d08eb086d838f3eac3f6be9d5b07e2a1a04d8912,Military faction (Red Berets),military faction (red berets),RAD,Group_UCDP_Name_short,1164.0,Military faction (Red Berets),,False,29,False,False,True,RAD;UCDP_ACTOR
f6e2eb218b5f719569006577c1d57306f4f72f02,PBCP-J,pbcp-j,RAD,Group_UCDP_Name_short,1165.0,PBCP-J,,True,6,False,False,True,RAD;UCDP_ACTOR
e5ba5a2ab0476661400cbc110f2ce4bc5afeaf32,Purba Banglar Communist Party - Janajudhha faction,purba banglar communist party - janajudhha faction,RAD,Group_UCDP_Name_long,1165.0,PBCP-J,,False,50,False,False,True,RAD;UCDP_ACTOR
28928f48332f19b3102190b550c219519bc94d27,BLF,blf,RAD,Group_UCDP_Name_short,1166.0,BLF,,True,3,True,False,True,RAD;UCDP_ACTOR
d2f06651c7972404f41a59a4ea4394d13864b88a,PFT,pft,RAD,Group_UCDP_Name_short,1186.0,PFT,,True,3,True,False,True,RAD;UCDP_ACTOR
2150361ebc32fd5653a61b2f1fb05cffb370b1bc,Popular Front of Tajikistan,popular front of tajikistan,RAD,Group_UCDP_Name_long,1186.0,PFT,,False,27,False,False,True,RAD;UCDP_ACTOR
1e9f58206a423d190f608ff1427d865bed02ca6f,APCLS,apcls,RAD,Group_UCDP_Name_short,1200.0,APCLS,,True,5,False,False,True,RAD;UCDP_ACTOR
93179b709b79b1f74d1670a7fda27a2057e0047e,Alliance des patriotes pour un Congo libre et souverain,alliance des patriotes pour un congo libre et souverain,RAD,Group_UCDP_Name_long,1200.0,APCLS,,False,55,False,False,True,RAD;UCDP_ACTOR
3dee588062934fb00922552dbec19e56b6679f56,Alliance of the People for a Free and Sovereign Congo,alliance of the people for a free and sovereign congo,RAD,Group_UCDP_Name_long,1200.0,APCLS,,False,53,False,False,True,RAD;UCDP_ACTOR
918c1cebc9c613c7f1a10a824a94541a94fb446f,Military faction (Harar garrison),military faction (harar garrison),RAD,Group_UCDP_Name_short,1215.0,Military faction (Harar garrison),,False,33,False,False,True,RAD
2d8692a798bcc31036249c293c667cf8be64557d,Forces of Harar garrison,forces of harar garrison,RAD,Group_UCDP_Name_long,1215.0,Military faction (Harar garrison),,False,24,False,False,True,RAD;UCDP_ACTOR
59d88898e33a256792e37c321e60ec2630217068,Forces of Mullo Abdullo,forces of mullo abdullo,RAD,Group_UCDP_Name_short,1216.0,Forces of Mullo Abdullo,,False,23,False,False,True,RAD;UCDP_ACTOR
fa09b11564572486ebabfdce4efbab388e0de95d,TAK,tak,RAD,Group_UCDP_Name_short,2034.0,TAK,,True,3,True,False,True,RAD;UCDP_ACTOR
d522162ff7acd5d460edf4f016c40aeb19243445,Teyrêbazên Azadiya Kurdistan,teyrêbazên azadiya kurdistan,RAD,Group_UCDP_Name_long,2034.0,TAK,,False,28,False,False,True,RAD;UCDP_ACTOR
393d9d076095b6a46cc87dea9f116bb2f2aa252e,Kurdistan Freedom Falcons,kurdistan freedom falcons,RAD,Group_UCDP_Name_long,2034.0,TAK,,False,25,False,False,True,RAD;UCDP_ACTOR
e2aff7589587860995981d26eee8faf79666c031,NLFT-B,nlft-b,RAD,Group_UCDP_Name_short,2939.0,NLFT-B,,True,6,False,False,True,RAD;UCDP_ACTOR
7bbaf89922f21b083f9a430a06b119dbe2239a04,National Liberation Front of Tripura - Biswamohan faction,national liberation front of tripura - biswamohan faction,RAD,Group_UCDP_Name_long,2939.0,NLFT-B,,False,57,False,False,True,RAD;UCDP_ACTOR
d50011a88b574cef5dbcdcdd72e87f8abeb1c040,CNPSC (Yakutumba),cnpsc (yakutumba),RAD,Group_UCDP_Name_short,3043.0,CNPSC (Yakutumba),,False,17,False,False,True,RAD
442f386e2537becfd06da15e28afd70fbc71e62c,Coalition nationale du peuple pour la souveraineté du Congo,coalition nationale du peuple pour la souveraineté du congo,RAD,Group_UCDP_Name_long,3043.0,CNPSC (Yakutumba),,False,59,False,False,True,RAD;UCDP_ACTOR
98fc43981b739179566086935a952702fa01d0be,National Coalition of the People for the Sovereignty of the Congo,national coalition of the people for the sovereignty of the congo,RAD,Group_UCDP_Name_long,3043.0,CNPSC (Yakutumba),,False,65,False,False,True,RAD;UCDP_ACTOR
39019c4df4c82a03806771fcfbf32c88b99dd2b1,Arakan Army,arakan army,RAD,Group_UCDP_Name_long,3051.0,AA,,False,11,False,False,True,RAD
9d2279f867bede35e3f8684f9b292d07127f342c,UBA,uba,RAD,Group_UCDP_Name_short,3192.0,UBA,,True,3,True,False,True,RAD;UCDP_ACTOR
7f96759a4ec47b729e7525d8a012838c93536a2f,United Balochistan Army,united balochistan army,RAD,Group_UCDP_Name_long,3192.0,UBA,,False,23,False,False,True,RAD
8d91fd9c6900f88f8f86c0c7e79b53da214a1237,Signed-in-Blood Battalion,signed-in-blood battalion,RAD,Group_UCDP_Name_short,3481.0,Signed-in-Blood Battalion,,False,25,False,False,True,RAD;UCDP_ACTOR
5985f675628c3cd8d26a04703cba7f2c753a1c08,Signed-in-Blood Battalion,signed-in-blood battalion,RAD,Group_UCDP_Name_long,3481.0,Signed-in-Blood Battalion,,False,25,False,False,True,RAD;UCDP_ACTOR
d85ee5de462e2bbf8fc4bfa769d4ea7ac803d189,al-Mouwakoune Bi-Dima,al-mouwakoune bi-dima,RAD,Group_UCDP_Name_long,3481.0,Signed-in-Blood Battalion,,False,21,False,False,True,RAD;UCDP_ACTOR
31d3f5e58a80d3c2111de85d55c2002f08762d84,SSDM,ssdm,RAD,Group_UCDP_Name_short,3563.0,SSDM/A - Cobra Faction,,True,4,True,False,True,RAD;UCDP_ACTOR
dbc61671ff1995beb1ca2b9fc1f8c70038ac897c,A - Cobra Faction,a - cobra faction,RAD,Group_UCDP_Name_short,3563.0,SSDM/A - Cobra Faction,,False,17,False,False,True,RAD;UCDP_ACTOR
a84d3f912192e5bcc821cefd1799cb62dc069492,South Sudan Defence Movement,south sudan defence movement,RAD,Group_UCDP_Name_long,3563.0,SSDM/A - Cobra Faction,,False,28,False,False,True,RAD;UCDP_ACTOR
5c61b5b6ae0e61ba68dd8bf44e9c514c72fbce41,Army - Cobra Faction,army - cobra faction,RAD,Group_UCDP_Name_long,3563.0,SSDM/A - Cobra Faction,,False,20,False,False,True,RAD;UCDP_ACTOR
d719e82a6af1ae5c8224713771e14982f0dc9166,CPI-ML-J,cpi-ml-j,RAD,Group_UCDP_Name_short,3946.0,CPI-ML-J,,True,8,False,False,True,RAD;UCDP_ACTOR
f972d20eb53dd73a1a76d2d2debe20b08cd13b1c,Kata Katanga,kata katanga,RAD,Group_UCDP_Name_short,3967.0,Kata Katanga,,False,12,False,False,True,RAD;UCDP_ACTOR
de6ff534ecc750a65ae5c17ffcff4228f14b0596,Sultanate of Sulu,sultanate of sulu,RAD,Group_UCDP_Name_short,4006.0,Sultanate of Sulu,,False,17,False,False,True,RAD;UCDP_ACTOR
878ea562754a120be171b2b55f8e624d3529b03b,PYD,pyd,RAD,Group_UCDP_Name_short,4163.0,PYD,,True,3,True,False,True,RAD;UCDP_ACTOR
65c072f660632c4b41f4bf95e484ca86d0ca1ae6,Democratic Union Party,democratic union party,RAD,Group_UCDP_Name_long,4163.0,PYD,,False,22,False,False,True,RAD;UCDP_ACTOR
539d43253d71f3e17426d7bf59dbb5841d617076,Partiya Yekîtiya Demokrat,partiya yekîtiya demokrat,RAD,Group_UCDP_Name_long,4163.0,PYD,,False,25,False,False,True,RAD;UCDP_ACTOR
77a3d17da66ed9e68e1723e051c59b38cd825d91,anti-Balaka,anti-balaka,RAD,Group_UCDP_Name_short,4201.0,anti-Balaka,,True,11,False,False,True,RAD;UCDP_ACTOR
b537d83e995d67e9b1d16eff9cb35bcae0fbeb3b,SPLM,splm,RAD,Group_UCDP_Name_short,4226.0,SPLM/A In Opposition,,True,4,True,False,True,RAD;UCDP_ACTOR
e220ce057e1077e5884621b9f115bfc30e4f9baf,A In Opposition,a in opposition,RAD,Group_UCDP_Name_short,4226.0,SPLM/A In Opposition,,False,15,False,False,True,RAD
5e6e928af38e6e5dd3162c9b1f6e3bfd29175abc,Sudan Peoples Liberation Movement,sudan peoples liberation movement,RAD,Group_UCDP_Name_long,4226.0,SPLM/A In Opposition,,False,33,False,False,True,RAD;UCDP_ACTOR
c4fcc6127a309ac48a5ca513f4d46bbef19a1fda,Army In Opposition,army in opposition,RAD,Group_UCDP_Name_long,4226.0,SPLM/A In Opposition,,False,18,False,False,True,RAD
5b94b9634c533f8765f23e83a19bde7b90b4fd4a,Forces of Paul Joseph Mukungubila,forces of paul joseph mukungubila,RAD,Group_UCDP_Name_short,4286.0,Forces of Paul Joseph Mukungubila,,False,33,False,False,True,RAD;UCDP_ACTOR
91b56f089d59a53f5822a268e1176d1f82499977,Ansar Bayt al-Maqdis,ansar bayt al-maqdis,RAD,Group_UCDP_Name_short,4319.0,Ansar Bayt al-Maqdis,,False,20,False,False,True,RAD;UCDP_ACTOR
c02f4dfb5a5a33d9503bfc6bbf1043195c6e6ce1,al-Murabitun,al-murabitun,RAD,Group_UCDP_Name_short,4376.0,al-Murabitun,,True,12,False,False,True,RAD;UCDP_ACTOR
cbed510137980cbb04fab0fd9eb8a814957ebe83,al-Murabitun,al-murabitun,RAD,Group_UCDP_Name_long,4376.0,al-Murabitun,,True,12,False,False,True,RAD;UCDP_ACTOR
9ec52d0c1ee084cc58e3f2244d99aa1d2f1645cf,The Sentinel,the sentinel,RAD,Group_UCDP_Name_long,4376.0,al-Murabitun,,False,12,False,False,True,RAD;UCDP_ACTOR
5a45f8a5e801d69af5ba5ba739e105514e60a18c,Syria rebels*,syria rebels*,RAD,Group_UCDP_Name_short,4456.0,Syria rebels*,,False,13,False,False,True,RAD
26422276ac9aba1666ebaf032a9e3a094d85aaf2,al-Mahdi Army,al-mahdi army,RAD,Group_UCDP_Name_short,5659.0,al-Mahdi Army,,False,13,False,False,True,RAD;UCDP_ACTOR
16343d92bf020f5666ff9a5258f4bf3c33968f58,Forces of the House of Representatives,forces of the house of representatives,RAD,Group_UCDP_Name_short,5802.0,Forces of the House of Representatives,,False,38,False,False,True,RAD;UCDP_ACTOR
3cb28e80709192f747f9a5a246823bacee348f94,Maidan,maidan,RAD,Group_UCDP_Name_short,5817.0,Maidan,,True,6,False,False,True,RAD;UCDP_ACTOR
4bb6803e35c824e991c2b775addee263682024d5,Euromaidan,euromaidan,RAD,Group_UCDP_Name_long,5817.0,Maidan,,True,10,False,False,True,RAD
87a08f34b2f4eaec798a498f213ce76ae03a41da,NDFB-S,ndfb-s,RAD,Group_UCDP_Name_short,5826.0,NDFB-S,,True,6,False,False,True,RAD;UCDP_ACTOR
0b9e108afa431f0b952a3678dd43833c82e5bbb0,National Democratic Front of Bodoland-Songbijit,national democratic front of bodoland-songbijit,RAD,Group_UCDP_Name_long,5826.0,NDFB-S,,False,47,False,False,True,RAD;UCDP_ACTOR
4822b7acf3f076c9af0ae92412f1c1b355ffff0e,LPR,lpr,RAD,Group_UCDP_Name_short,5839.0,LPR,,True,3,True,False,True,RAD;UCDP_ACTOR
de79a3384cc5dd7ddfaee0daa3b81f72c45db437,Lugansk Peoples Republic,lugansk peoples republic,RAD,Group_UCDP_Name_long,5839.0,LPR,,False,24,False,False,True,RAD;UCDP_ACTOR
6a62b14ce928e8811ab89cb2907b4f19e961dd96,DPR,dpr,RAD,Group_UCDP_Name_short,5840.0,DPR,,True,3,True,False,True,RAD;UCDP_ACTOR
1bc173dc937e185f154083e445244428a434ff87,Donetsk Peoples Republic,donetsk peoples republic,RAD,Group_UCDP_Name_long,5840.0,DPR,,False,24,False,False,True,RAD;UCDP_ACTOR
47f3dfbfe201e84a60387cf62345a662fbd0fd56,SARC,sarc,RAD,Group_UCDP_Name_short,5849.0,SARC,,True,4,True,False,True,RAD;UCDP_ACTOR
e8882f3293497378b6f5d1b5e624f99e475a09c4,Sudanese Awakening Revolutionary Council,sudanese awakening revolutionary council,RAD,Group_UCDP_Name_long,5849.0,SARC,,False,40,False,False,True,RAD;UCDP_ACTOR
ecad95fc7e945c2780a36a0cb68e065453ea6752,Darfur rebels (Sudan)*,darfur rebels (sudan)*,RAD,Group_UCDP_Name_short,5866.0,Darfur rebels (Sudan)*,,False,22,False,False,True,RAD
0b4d9d68b32e4ff77b4a2a60a60578e37ef98f65,United Armed Forces of Novorossiya,united armed forces of novorossiya,RAD,Group_UCDP_Name_short,5914.0,United Armed Forces of Novorossiya,,False,34,False,False,True,RAD;UCDP_ACTOR
85d0d439d4ed8db16495e8a4c579225d19758cbd,United Armed Forces of Novorossiya,united armed forces of novorossiya,RAD,Group_UCDP_Name_long,5914.0,United Armed Forces of Novorossiya,,False,34,False,False,True,RAD;UCDP_ACTOR
2606188a2156f4f6c3278a5c177f25531595b169,Jamaat-ul-Ahrar,jamaat-ul-ahrar,RAD,Group_UCDP_Name_short,5928.0,Jamaat-ul-Ahrar,,True,15,False,False,True,RAD;UCDP_ACTOR
748b0fe2c81bdbde5168b8f069d8a4294481798d,Zintan Military Council,zintan military council,RAD,Group_UCDP_Name_short,5940.0,Zintan Military Council,,False,23,False,False,True,RAD;UCDP_ACTOR
50bd713b9924c975c314b78cd41f58a4e6586b15,PSLF,pslf,RAD,Group_UCDP_Name_short,5965.0,PSLF,,True,4,True,False,True,RAD;UCDP_ACTOR
95d94132940410bbb1782b83a43781d0d0cc271c,Palaung State Liberation Front,palaung state liberation front,RAD,Group_UCDP_Name_long,5965.0,PSLF,,False,30,False,False,True,RAD;UCDP_ACTOR
ab4dcb228acfc603d9d647524e540ad8212a4c3a,UPC (Ali Darass Fulani supporters),upc (ali darass fulani supporters),RAD,Group_UCDP_Name_short,5999.0,UPC (Ali Darass Fulani supporters),,False,34,False,False,True,RAD
5aabebe7185d4cc98b6498619cf359e1c98cb0e3,Union pour la Paix en Centrafrique,union pour la paix en centrafrique,RAD,Group_UCDP_Name_long,5999.0,UPC (Ali Darass Fulani supporters),,False,34,False,False,True,RAD;UCDP_ACTOR
204df843b6dc98f660b0f1cfed11714d5e1b0d89,Union for Peace in the Central African Republic,union for peace in the central african republic,RAD,Group_UCDP_Name_long,5999.0,UPC (Ali Darass Fulani supporters),,False,47,False,False,True,RAD;UCDP_ACTOR
fdd2fcb376a9a662e2856038364ffda577c09c33,Military faction (forces of Nicolae Ceausescu),military faction (forces of nicolae ceausescu),RAD,Group_UCDP_Name_short,6137.0,Military faction (forces of Nicolae Ceausescu),,False,46,False,False,True,RAD;UCDP_ACTOR
0a53649e1024f2944d503ff4372f394fd8e0de1f,Military faction (forces of Godefroid Niyombare),military faction (forces of godefroid niyombare),RAD,Group_UCDP_Name_short,6187.0,Military faction (forces of Godefroid Niyombare),,False,48,False,False,True,RAD;UCDP_ACTOR
ff1b2b7dfd9ec732f2aee2adb7b353018f861393,Military faction (forces of Godefroid Niyombare),military faction (forces of godefroid niyombare),RAD,Group_UCDP_Name_long,6187.0,Military faction (forces of Godefroid Niyombare),,False,48,False,False,True,RAD;UCDP_ACTOR
07ab3d260cd243ccdaa5f3195b7e8828a4b7daa2,Forces of Hadi,forces of hadi,RAD,Group_UCDP_Name_short,6254.0,Forces of Hadi,,False,14,False,False,True,RAD;UCDP_ACTOR
627524c84b48a80f448ee9177ab953f487082387,Forces of Hadi,forces of hadi,RAD,Group_UCDP_Name_long,6254.0,Forces of Hadi,,False,14,False,False,True,RAD;UCDP_ACTOR
622b380c622fe1be95dfb20058003e606cdf7a3f,FLM,flm,RAD,Group_UCDP_Name_short,6267.0,FLM,,True,3,True,False,True,RAD;UCDP_ACTOR
7672cddc87deca68e8594350fab4e0c9906f22cf,Macina Liberation Front,macina liberation front,RAD,Group_UCDP_Name_long,6267.0,FLM,,False,23,False,False,True,RAD;UCDP_ACTOR
1e0ef7b61068314c1d35912ce3e1ce91cfc5cbc7,Front de Libération du Macina,front de libération du macina,RAD,Group_UCDP_Name_long,6267.0,FLM,,False,29,False,False,True,RAD;UCDP_ACTOR
a637dc9878a5ebafb0308383af751e1f70eb4da5,SDF,sdf,RAD,Group_UCDP_Name_short,6288.0,SDF,,True,3,True,False,True,RAD;UCDP_ACTOR
65a40b81f8fa0136108330011972376ef4959960,Syrian Democratic Forces,syrian democratic forces,RAD,Group_UCDP_Name_long,6288.0,SDF,,False,24,False,False,True,RAD;UCDP_ACTOR
54fd508c9db00bcc2769a711d8f7f8460d767b6c,FPB,fpb,RAD,Group_UCDP_Name_short,6297.0,FPB,,True,3,True,False,True,RAD;UCDP_ACTOR
b56750f9d1086fa2c1671ddec23535371196b338,Popular Forces of Burundi Les Forces,popular forces of burundi les forces,RAD,Group_UCDP_Name_long,6297.0,FPB,,False,36,False,False,True,RAD
399ddbaaec799a84e83ecaf64bd82bc19f9b448b,UNLFW,unlfw,RAD,Group_UCDP_Name_short,6320.0,UNLFW,,True,5,False,False,True,RAD;UCDP_ACTOR
c408f3a4859a1bcd525d3d73642bb1980825bcc9,United Liberation Front of Western South East Asia,united liberation front of western south east asia,RAD,Group_UCDP_Name_long,6320.0,UNLFW,,False,50,False,False,True,RAD;UCDP_ACTOR
0d37b17708c6c2ad0c43eab30e68ad427cf092ea,RED-TABARA,red-tabara,RAD,Group_UCDP_Name_short,6513.0,RED-TABARA,,True,10,False,False,True,RAD;UCDP_ACTOR
e4535d98fc3d067b77183d0bd020d9ed466802d7,Resistance for the Rule of Law in Burundi,resistance for the rule of law in burundi,RAD,Group_UCDP_Name_long,6513.0,RED-TABARA,,False,41,False,False,True,RAD;UCDP_ACTOR
84dbb480665259fa9b36d2fb495b226d211aefbc,Résistance pour un Etat de Droit au Burundi,résistance pour un etat de droit au burundi,RAD,Group_UCDP_Name_long,6513.0,RED-TABARA,,False,43,False,False,True,RAD;UCDP_ACTOR
0b8909a707ed7943f4f35eee2ed02486d4d3f2a8,Umuhari Uharanira Iteka nItekane,umuhari uharanira iteka nitekane,RAD,Group_UCDP_Name_long,6513.0,RED-TABARA,,False,32,False,False,True,RAD;UCDP_ACTOR
6dbc2ec1592d0249eb233aaf3ec83a13e62ccccd,FRONABU Tabara,fronabu tabara,RAD,Group_UCDP_Name_long,6513.0,RED-TABARA,,False,14,False,False,True,RAD;UCDP_ACTOR
0202d21a9ca5420126fd54f2c0b7074a5a924846,Maute group,maute group,RAD,Group_UCDP_Name_short,6578.0,Maute group,,False,11,False,False,True,RAD;UCDP_ACTOR
8d4cca9e954c5a84fc6c09d422e61fc201da5079,Kamuina Nsapu,kamuina nsapu,RAD,Group_UCDP_Name_short,6590.0,Kamuina Nsapu,,False,13,False,False,True,RAD;UCDP_ACTOR
b67d44992cda860944ac3ef38fabcdff69cc86e4,Harakit Sawaid Misr,harakit sawaid misr,RAD,Group_UCDP_Name_short,6616.0,Harakit Sawaid Misr,,False,19,False,False,True,RAD;UCDP_ACTOR
fb7fc3848a2f2a23c96e0ca6059ffd67ef539dff,YSK,ysk,RAD,Group_UCDP_Name_short,6689.0,YSK,,True,3,True,False,True,RAD
a20a7421d9c4be5766f8872fa4994edf38a88287,ARSA,arsa,RAD,Group_UCDP_Name_short,6692.0,ARSA,,True,4,True,False,True,RAD;UCDP_ACTOR
78f8fd144ba043e9761f9b4c97517099e9f328cd,Arakan Rohingya Salvation Army,arakan rohingya salvation army,RAD,Group_UCDP_Name_long,6692.0,ARSA,,False,30,False,False,True,RAD;UCDP_ACTOR
5ad310dd91ca897982c088ad6142b5c9196e9874,DPR,dpr,RAD,Group_UCDP_Name_short,6711.0,DPR,,True,3,True,False,True,RAD;UCDP_ACTOR
58893f72f4caffa78b2fa68a3ddbbec106b9995c,Donetsk Peoples Republic,donetsk peoples republic,RAD,Group_UCDP_Name_long,6711.0,DPR,,False,24,False,False,True,RAD;UCDP_ACTOR
5bf57d2f45dd4df0347e0a1467b585dc901d969e,LPR,lpr,RAD,Group_UCDP_Name_short,6712.0,LPR,,True,3,True,False,True,RAD;UCDP_ACTOR
d3f1e68f29d8f826c1fbcb99fc9779fb7a729334,Lugansk Peoples Republic,lugansk peoples republic,RAD,Group_UCDP_Name_long,6712.0,LPR,,False,24,False,False,True,RAD;UCDP_ACTOR
f52343940e2cfe92df46ee582896b13abf2af5c5,JNIM,jnim,RAD,Group_UCDP_Name_short,6716.0,JNIM,,True,4,True,False,True,RAD;UCDP_ACTOR
f6587d0d0f135e56e952ec811563ffe8c6fc983b,Group for the Support of Islam and Muslims,group for the support of islam and muslims,RAD,Group_UCDP_Name_long,6716.0,JNIM,,False,42,False,False,True,RAD;UCDP_ACTOR
bcee14e01848029b7a79bc42bbe5089bf8a8752d,Jamaat Nusrat al-Islam wal-Muslimin,jamaat nusrat al-islam wal-muslimin,RAD,Group_UCDP_Name_long,6716.0,JNIM,,False,35,False,False,True,RAD;UCDP_ACTOR
7c314db2de541d56ae6c3c56c0638d3e7270a76f,MNR,mnr,RAD,Group_UCDP_Name_short,6740.0,MNR,,True,3,True,False,True,RAD;UCDP_ACTOR
bec31654c72056e5d382731dd68d268e9c823f68,Mouvement National des Révolutionnaires,mouvement national des révolutionnaires,RAD,Group_UCDP_Name_long,6740.0,MNR,,False,39,False,False,True,RAD;UCDP_ACTOR
cf0657767ba6e17c6c09bf178521adc9f1542aaf,National Movement for the Revolution,national movement for the revolution,RAD,Group_UCDP_Name_long,6740.0,MNR,,False,36,False,False,True,RAD;UCDP_ACTOR
d37c6c83c63bd9199fe9f9ac1e5296f0d3ea8101,Forces of Khalifa al-Ghawil,forces of khalifa al-ghawil,RAD,Group_UCDP_Name_short,6814.0,Forces of Khalifa al-Ghawil,,False,27,False,False,True,RAD;UCDP_ACTOR
482047e529bacdd57767e3eb0537b3bf6141ec8a,Jamaat Ansar al-Islam,jamaat ansar al-islam,RAD,Group_UCDP_Name_short,6844.0,Jamaat Ansar al-Islam,,False,21,False,False,True,RAD;UCDP_ACTOR
a8aaa06afa39f05bd55e7e383abfb8043b29400e,PFLL,pfll,RAD,Group_UCDP_Name_short,6893.0,PFLL,,True,4,True,False,True,RAD;UCDP_ACTOR
1a8ac33fb5f1c47bedade2740cdc44c832ac04a4,UPLC,uplc,RAD,Group_UCDP_Name_short,6894.0,UPLC,,True,4,True,False,True,RAD;UCDP_ACTOR
ae1c4ae56e573df1567ef01b55773cfb0d62add5,Union des Patriotes pour la Libération du Congo,union des patriotes pour la libération du congo,RAD,Group_UCDP_Name_long,6894.0,UPLC,,False,47,False,False,True,RAD;UCDP_ACTOR
d593f240e5924a5b938cc4b251cee399fa44bd99,Union of Patriots for the Liberation of Congo,union of patriots for the liberation of congo,RAD,Group_UCDP_Name_long,6894.0,UPLC,,False,45,False,False,True,RAD;UCDP_ACTOR
628cad420a8335dd7c6af562cd68e83cf193d3fb,CMC,cmc,RAD,Group_UCDP_Name_short,6920.0,CMC,,True,3,True,False,True,RAD;UCDP_ACTOR
6f3b2f801419c68c0776283491100743f81d22aa,Collectif des mouvements pour le changement,collectif des mouvements pour le changement,RAD,Group_UCDP_Name_long,6920.0,CMC,,False,43,False,False,True,RAD;UCDP_ACTOR
0a2e8cfe4d718b38442a3f396d6d9e7754a32511,Coalition for movements of change,coalition for movements of change,RAD,Group_UCDP_Name_long,6920.0,CMC,,False,33,False,False,True,RAD;UCDP_ACTOR
9ebbedef797deafeb219c7ad6e7c35ed18bcfd62,al-Harakat al-Islamiyah,al-harakat al-islamiyah,RAD,Group_UCDP_Name_short,6998.0,al-Harakat al-Islamiyah,,False,23,False,False,True,RAD;UCDP_ACTOR
3449b59c9bca38ce7b5d1dfda70f963ef9c8c725,BIFM-K,bifm-k,RAD,Group_UCDP_Name_short,6999.0,BIFM-K,,True,6,False,False,True,RAD;UCDP_ACTOR
b90c077a6a39252b5844cfc7e629e6fa92b79ac1,Bangsamoro Islamic Freedom Movement - Karialan faction,bangsamoro islamic freedom movement - karialan faction,RAD,Group_UCDP_Name_long,6999.0,BIFM-K,,False,54,False,False,True,RAD;UCDP_ACTOR
451dcb826c893e0ed6e4d7c43a457823bbb9fca9,FARC dissidents,farc dissidents,RAD,Group_UCDP_Name_short,7013.0,FARC dissidents,,False,15,False,False,True,RAD
5043d24d091e237f52322eded081d980018125b1,Ansar al-Sunnah,ansar al-sunnah,RAD,Group_UCDP_Name_short,7032.0,Ansar al-Sunnah,,False,15,False,False,True,RAD
4a60dc020550eb1d170efbf2162f713a200d3f1f,ASL,asl,RAD,Group_UCDP_Name_short,7046.0,ASL,,True,3,True,False,True,RAD;UCDP_ACTOR
76609e24ec9fbe907c0805104fd8b20a7cf48b2d,Ansar al-Sharia in Libya,ansar al-sharia in libya,RAD,Group_UCDP_Name_long,7046.0,ASL,,False,24,False,False,True,RAD;UCDP_ACTOR
388238bd8bfdf20539d91f1eb4e8e25e6d4d44bc,EPL - Megateo,epl - megateo,RAD,Group_UCDP_Name_short,7074.0,EPL - Megateo,,False,13,False,False,True,RAD;UCDP_ACTOR
9870bee33a49d1e57ab31f11ab248611f59b0f88,Popular Liberation Army - Megateo,popular liberation army - megateo,RAD,Group_UCDP_Name_long,7074.0,EPL - Megateo,,False,33,False,False,True,RAD
22c4b27049e2aa9e61dd8113107caab6385efa33,CCMSR,ccmsr,RAD,Group_UCDP_Name_short,7151.0,CCMSR,,True,5,False,False,True,RAD;UCDP_ACTOR
66dead070201df1f333100963b562f17febd335d,Military Command Council for the Salvation of the Republic,military command council for the salvation of the republic,RAD,Group_UCDP_Name_long,7151.0,CCMSR,,False,58,False,False,True,RAD;UCDP_ACTOR
61b7fc1ae5939ccc9d659ecc2b17ad10ffac82b2,Forces of Norodom Ranariddh,forces of norodom ranariddh,RAD,Group_UCDP_Name_short,7248.0,Forces of Norodom Ranariddh,,False,27,False,False,True,RAD;UCDP_ACTOR
9d56df449c519cb385a888882eb5d8628cb5d282,Military faction (Forces of Hun Sen),military faction (forces of hun sen),RAD,Group_UCDP_Name_short,7249.0,Military faction (Forces of Hun Sen),,False,36,False,False,True,RAD;UCDP_ACTOR
7a851ac19d441c299b2be3f3efac6474b54d249a,Ambazonia insurgents,ambazonia insurgents,RAD,Group_UCDP_Name_short,7332.0,Ambazonia insurgents,,False,20,False,False,True,RAD;UCDP_ACTOR
d3469f161993155e66363c7cc2129c5fb355ce43,Khmer Issarak,khmer issarak,UCDP_ACTOR,NameData,160,Khmer Issarak,1,False,13,False,False,True,UCDP_ACTOR
4e5e1bc2a045cd8735254fb236c134793c401372,Khmer Issarak,khmer issarak,UCDP_ACTOR,NameOrig,160,Khmer Issarak,1,False,13,False,False,True,UCDP_ACTOR
b4aaaa7f337efaa2751b9118ee0d21ec0f0e5531,Khmer Issarak,khmer issarak,UCDP_ACTOR,NameOrigFull,160,Khmer Issarak,1,False,13,False,False,True,UCDP_ACTOR
683c4b20ccfa0665b96d692776dddbf680f2fc5e,Khmer Issarak,khmer issarak,UCDP_ACTOR,NameOrigFullEng,160,Khmer Issarak,1,False,13,False,False,True,UCDP_ACTOR
f258b5bc158ac886b73d7ca1b587e3574a66e4d8,PLA,pla,UCDP_ACTOR,NameData,161,PLA,1,True,3,True,False,True,RAD;UCDP_ACTOR
ee798fbd39dd349cb4c572dcaecbf3dcfcb51850,PLA,pla,UCDP_ACTOR,NameOrig,161,PLA,1,True,3,True,False,True,RAD;UCDP_ACTOR
a077e83efc2e6d04269d2b9f289cd41c8e2ea46f,Peoples Liberation Army,peoples liberation army,UCDP_ACTOR,NameOrigFullEng,161,PLA,1,False,23,False,False,True,RAD;UCDP_ACTOR
0dbfbdae1839eb32d89b65be2671d14aa04b1213,DSE,dse,UCDP_ACTOR,NameData,162,DSE,1,True,3,True,False,True,UCDP_ACTOR
11c6e0b008e13befba1378dfec5f033b4454818f,DSE,dse,UCDP_ACTOR,NameOrig,162,DSE,1,True,3,True,False,True,UCDP_ACTOR
6170840168fdde680cb9be098f5665abec0b5333,Dimkratikos stratos ellados,dimkratikos stratos ellados,UCDP_ACTOR,NameOrigFull,162,DSE,1,False,27,False,False,True,UCDP_ACTOR
7ea471da95aeca00d6fd0fc07457a9cf57b84e0e,Democratic Army of Greece,democratic army of greece,UCDP_ACTOR,NameOrigFullEng,162,DSE,1,False,25,False,False,True,UCDP_ACTOR
dcd543a0ed7a209c4d21f10e44ae7d9f4a37fabe,Indonesian Peoples Army,indonesian peoples army,UCDP_ACTOR,NameData,163,Indonesian Peoples Army,1,False,23,False,False,True,UCDP_ACTOR
f9a032bb067d0d25c953f484ac3fbd07cefb481b,Indonesian Peoples Army,indonesian peoples army,UCDP_ACTOR,NameOrig,163,Indonesian Peoples Army,1,False,23,False,False,True,UCDP_ACTOR
0bb4f22cee9104d5d655f13e58ea9041089d3849,Indonesian Peoples Army,indonesian peoples army,UCDP_ACTOR,NameOrigFullEng,163,Indonesian Peoples Army,1,False,23,False,False,True,UCDP_ACTOR
bc96c5cdd22116688eb1a8a9439c58f080efa3a8,KDPI,kdpi,UCDP_ACTOR,NameData,164,KDPI,1,True,4,True,False,True,RAD;UCDP_ACTOR
29cbfdfbf2d2ae99be4d5db3858e53685f1ea66b,Republic of Kurdistan,republic of kurdistan,UCDP_ACTOR,NameOrig,164,KDPI,1,False,21,False,False,True,UCDP_ACTOR
a89f35715c48f633bac1fcfd00e6cd440c651615,Republic of Kurdistan,republic of kurdistan,UCDP_ACTOR,NameOrigFull,164,KDPI,1,False,21,False,False,True,UCDP_ACTOR
fce833b7dd64c2e0bff8b9d89696b941d670857e,Republic of Kurdistan,republic of kurdistan,UCDP_ACTOR,NameOrigFullEng,164,KDPI,1,False,21,False,False,True,UCDP_ACTOR
fbf33a733f4f640e16d6cc3bcfba97478a25c1d5,KDPI,kdpi,UCDP_ACTOR,NewName,164,KDPI,1,True,4,True,False,True,RAD;UCDP_ACTOR
dba251d750f11764c4fcba399d41e897dcd48cde,Partî Dêmokiratî Kurdistanî Êran,partî dêmokiratî kurdistanî êran,UCDP_ACTOR,NewNameFullMotherTongue,164,KDPI,1,False,32,False,False,True,UCDP_ACTOR
17434a0414751cfd2c55d5c1661fd72fadb54161,Kurdish Democratic Party of Iran,kurdish democratic party of iran,UCDP_ACTOR,NewNameFullEng,164,KDPI,1,False,32,False,False,True,RAD;UCDP_ACTOR
1e92a69475a11066d1e4f9390eda4906966e5289,Republic of Azerbaijan,republic of azerbaijan,UCDP_ACTOR,NameData,165,Republic of Azerbaijan,1,False,22,False,False,True,UCDP_ACTOR
9bb63bd3220ae286934f195dbacd0f8060ebf5e6,Republic of Azerbaijan,republic of azerbaijan,UCDP_ACTOR,NameOrig,165,Republic of Azerbaijan,1,False,22,False,False,True,UCDP_ACTOR
b228799a186ad164b2367b106bd774705409f81a,Republic of Azerbaijan,republic of azerbaijan,UCDP_ACTOR,NameOrigFullEng,165,Republic of Azerbaijan,1,False,22,False,False,True,UCDP_ACTOR
51f1303056089fa814910e8f7848bd86e9afb1a2,IZL Etzel,izl etzel,UCDP_ACTOR,NameData,166,IZL [Etzel],1,False,9,False,False,True,UCDP_ACTOR
88f1a9a949be57ab085532fe2cf4bed16e29e747,IZL Etzel,izl etzel,UCDP_ACTOR,NameOrig,166,IZL [Etzel],1,False,9,False,False,True,UCDP_ACTOR
6c6dd2e876339edd6d071e5fb059189409c5a7b0,Irgun zwai leumi,irgun zwai leumi,UCDP_ACTOR,NameOrigFull,166,IZL [Etzel],1,False,16,False,False,True,UCDP_ACTOR
4116c51ad35c94d1f8f3b6c1382814c8e1dae45b,National Military Organisation,national military organisation,UCDP_ACTOR,NameOrigFullEng,166,IZL [Etzel],1,False,30,False,False,True,UCDP_ACTOR
29a9d3435657f45d254c51f8c58cb1c1a3f98ca1,Lao Issara,lao issara,UCDP_ACTOR,NameData,167,Lao Issara,1,False,10,False,False,True,UCDP_ACTOR
8604e01de67094ed0b9fa31fbcea8a20f684b5e1,Lao Issara,lao issara,UCDP_ACTOR,NameOrig,167,Lao Issara,1,False,10,False,False,True,UCDP_ACTOR
cc744023e01cd1e23f40d9bcecf69ee9252a0cac,Lao Issara,lao issara,UCDP_ACTOR,NameOrigFull,167,Lao Issara,1,False,10,False,False,True,UCDP_ACTOR
9f384974e294e856acfa199177ddb9d796552dda,Lao Issara,lao issara,UCDP_ACTOR,NameOrigFullEng,167,Lao Issara,1,False,10,False,False,True,UCDP_ACTOR
b58fb9f13f05179b29fc2a828be71eac54a6941e,Huk,huk,UCDP_ACTOR,NameData,168,Huk,1,True,3,True,False,True,UCDP_ACTOR
0653bcf628c08a98d58803096e7ef896b87934f1,Huk,huk,UCDP_ACTOR,NameOrig,168,Huk,1,True,3,True,False,True,UCDP_ACTOR
be4d54ff2fd93c557489cb8e22b74015c3b3ee6d,Hukbong Mapagpalaya ng Bayan,hukbong mapagpalaya ng bayan,UCDP_ACTOR,NameOrigFull,168,Huk,1,False,28,False,False,True,UCDP_ACTOR
b06cfb2fb0921a57e6dd61583af52e6f75957639,Peoples Liberation Army,peoples liberation army,UCDP_ACTOR,NameOrigFullEng,168,Huk,1,False,23,False,False,True,RAD;UCDP_ACTOR
6b9c4530d47d88ceba16a50405c615e996f8d829,CPP,cpp,UCDP_ACTOR,NameData,169,CPP,1,True,3,True,False,True,RAD;UCDP_ACTOR
3cf25581b3ef44e561871b7a9440f6bfa181ee96,CPP,cpp,UCDP_ACTOR,NameOrig,169,CPP,1,True,3,True,False,True,RAD;UCDP_ACTOR
f2b8d2aea42547d4b7b06e063b802241ed2c7a91,Communist Party of the Philippines,communist party of the philippines,UCDP_ACTOR,NameOrigFull,169,CPP,1,False,34,False,False,True,RAD;UCDP_ACTOR
8047e0694afe63724113065678def6744f3a7208,Communist Party of the Philippines,communist party of the philippines,UCDP_ACTOR,NameOrigFullEng,169,CPP,1,False,34,False,False,True,RAD;UCDP_ACTOR
5399adeb86f113cf86d83b1d3332892efe0fd21e,Military faction (forces of Honasan,military faction (forces of honasan,UCDP_ACTOR,NameData,170,"Military faction (forces of Honasan, Abenina & Zumel)",1,False,35,False,False,True,RAD;UCDP_ACTOR
5215fbfb3ddc145fbb1824cf78f6fe8b04daec64,Abenina & Zumel),abenina & zumel),UCDP_ACTOR,NameData,170,"Military faction (forces of Honasan, Abenina & Zumel)",1,False,16,False,False,True,RAD;UCDP_ACTOR
1b79b4a0ef8f71240b5aa8435cb96bab0700d7dd,Military faction (forces of Honasan,military faction (forces of honasan,UCDP_ACTOR,NameOrig,170,"Military faction (forces of Honasan, Abenina & Zumel)",1,False,35,False,False,True,RAD;UCDP_ACTOR
13f2a1644def09774749b4f5ecfc7675415b8766,Abenina & Zumel),abenina & zumel),UCDP_ACTOR,NameOrig,170,"Military faction (forces of Honasan, Abenina & Zumel)",1,False,16,False,False,True,RAD;UCDP_ACTOR
e7268250c2c2098232665c4dcfd93750e029cdfc,Military faction (forces of Honasan,military faction (forces of honasan,UCDP_ACTOR,NameOrigFullEng,170,"Military faction (forces of Honasan, Abenina & Zumel)",1,False,35,False,False,True,RAD;UCDP_ACTOR
34ca56475a590027c3815831e87b63da83701de6,Abenina & Zumel),abenina & zumel),UCDP_ACTOR,NameOrigFullEng,170,"Military faction (forces of Honasan, Abenina & Zumel)",1,False,16,False,False,True,RAD;UCDP_ACTOR
bb4b8d4805cd9f09385a0e47cec9022d32b6fe43,Forest Brothers,forest brothers,UCDP_ACTOR,NameData,171,Forest Brothers,1,False,15,False,False,True,UCDP_ACTOR
a11aaf1768c794ad6daeac20e614ec3caa3256b8,Forest Brothers,forest brothers,UCDP_ACTOR,NameOrig,171,Forest Brothers,1,False,15,False,False,True,UCDP_ACTOR
d36a74037e2c437c885a482081becec94376e68c,Metsavennad,metsavennad,UCDP_ACTOR,NameOrigFull,171,Forest Brothers,1,True,11,False,False,True,UCDP_ACTOR
074a2daf38a40a795dd5685b3eec003edec6b7ae,Forest Brothers,forest brothers,UCDP_ACTOR,NameOrigFullEng,171,Forest Brothers,1,False,15,False,False,True,UCDP_ACTOR
ab11be903929d1e17cb8a5216de33f93cd7b8a6b,LNPA,lnpa,UCDP_ACTOR,NameData,172,LNPA,1,True,4,True,False,True,UCDP_ACTOR
7d5edd63067102769a61be8c319f5d0206a087db,LNPA,lnpa,UCDP_ACTOR,NameOrig,172,LNPA,1,True,4,True,False,True,UCDP_ACTOR
1012769a2d3d6920c6c6caa7d3ebc9a4b470a3b6,Latvian National Guerilla Association,latvian national guerilla association,UCDP_ACTOR,NameOrigFullEng,172,LNPA,1,False,37,False,False,True,UCDP_ACTOR
e94bd5e922e11f7789f769476c8b96061b740c77,LTS(p)A,lts(p)a,UCDP_ACTOR,NameData,173,LTS(p)A,1,True,7,False,False,True,UCDP_ACTOR
f6396992322490f29e605c31008f9f8ba3c95231,LTS(p)A,lts(p)a,UCDP_ACTOR,NameOrig,173,LTS(p)A,1,True,7,False,False,True,UCDP_ACTOR
9725db57ca72db7f7ce451cb7b74042191c63f80,Association of the Latvian Fatherland Guards,association of the latvian fatherland guards,UCDP_ACTOR,NameOrigFullEng,173,LTS(p)A,1,False,44,False,False,True,UCDP_ACTOR
9aae55d0c991cdd24696bec048e0fc9f5d709443,BDPS,bdps,UCDP_ACTOR,NameData,174,BDPS,1,True,4,True,False,True,UCDP_ACTOR
abe8ab220979955451203452de3f93bb63514dff,BDPS,bdps,UCDP_ACTOR,NameOrig,174,BDPS,1,True,4,True,False,True,UCDP_ACTOR
5bd2cc6875290d0fad85c8412c3714c4894ec507,Bendras demokratinio pasipriesinimo sajudis,bendras demokratinio pasipriesinimo sajudis,UCDP_ACTOR,NameOrigFull,174,BDPS,1,False,43,False,False,True,UCDP_ACTOR
bc2c78efefe4a2860f5408b8c42c2ae5a59c9ceb,United Democratic Resistance Movement,united democratic resistance movement,UCDP_ACTOR,NameOrigFullEng,174,BDPS,1,False,37,False,False,True,UCDP_ACTOR
68ce0a518be6ca7e6fb9abe02860186f41f6016a,UPA,upa,UCDP_ACTOR,NameData,175,UPA,1,True,3,True,False,True,RAD;UCDP_ACTOR
cd2d2bc80ae3dba1f27431cc7ae556497304e395,UPA,upa,UCDP_ACTOR,NameOrig,175,UPA,1,True,3,True,False,True,RAD;UCDP_ACTOR
6b193a2d7179c2763cd64bdc5afe3cf1b8fafacd,Ukrayinska Povstanska Armiya,ukrayinska povstanska armiya,UCDP_ACTOR,NameOrigFull,175,UPA,1,False,28,False,False,True,UCDP_ACTOR
650e31d5fd11c99ca3742c1eb93951288a84a90c,Ukrainian Insurgent Army,ukrainian insurgent army,UCDP_ACTOR,NameOrigFullEng,175,UPA,1,False,24,False,False,True,UCDP_ACTOR
ae45bb68217112a734ce78501a13c386cd7a18f4,Viet minh,viet minh,UCDP_ACTOR,NameData,176,Viet minh,1,False,9,False,False,True,UCDP_ACTOR
d6434f399fa20c02f538487603ce7a739ffa8e55,Viet minh,viet minh,UCDP_ACTOR,NameOrig,176,Viet minh,1,False,9,False,False,True,UCDP_ACTOR
6c6ffbfbd12b7f62833ce25a71149547b3be31b9,Viet Nam doc lap dong minh hoi,viet nam doc lap dong minh hoi,UCDP_ACTOR,NameOrigFull,176,Viet minh,1,False,30,False,False,True,UCDP_ACTOR
7b03db578bc85d4c4f7c2a366087eaa4ffb17f92,Vietnamese Independence League,vietnamese independence league,UCDP_ACTOR,NameOrigFullEng,176,Viet minh,1,False,30,False,False,True,UCDP_ACTOR
19b2551cfef5b6aa62d2b0ea4666cb01829b689b,Taiwanese insurgents,taiwanese insurgents,UCDP_ACTOR,NameData,177,Taiwanese insurgents,1,False,20,False,False,True,UCDP_ACTOR
6ede3438d199ac10a70c6babcf1087ac1f3da3a1,Taiwanese insurgents,taiwanese insurgents,UCDP_ACTOR,NameOrig,177,Taiwanese insurgents,1,False,20,False,False,True,UCDP_ACTOR
aa2aea24f4b8526168901d04c62f99617c085936,Taiwanese insurgents,taiwanese insurgents,UCDP_ACTOR,NameOrigFullEng,177,Taiwanese insurgents,1,False,20,False,False,True,UCDP_ACTOR
ea34f0a18e2ac0ccaaea97c22317c83496b56d60,CPI,cpi,UCDP_ACTOR,NameData,178,CPI,1,True,3,True,False,True,UCDP_ACTOR
8e44cca4d6e8edf2439bb7340426b2632c4f4019,CPI,cpi,UCDP_ACTOR,NameOrig,178,CPI,1,True,3,True,False,True,UCDP_ACTOR
46fc29fbe6a2ffe0a644b86c566ca35fa4e0f431,Communist Party of India,communist party of india,UCDP_ACTOR,NameOrigFullEng,178,CPI,1,False,24,False,False,True,UCDP_ACTOR
90ab20bf12d037710180fbd1ab319e8c068394c9,MDRM,mdrm,UCDP_ACTOR,NameData,179,MDRM,1,True,4,True,False,True,UCDP_ACTOR
179bc5fd979e8dc9c5defd6151a44e062ccc7c40,MDRM,mdrm,UCDP_ACTOR,NameOrig,179,MDRM,1,True,4,True,False,True,UCDP_ACTOR
f61bdf2458660637199c624f1febba1bf5e042da,Mouvement démocratique de la rénovation malgache,mouvement démocratique de la rénovation malgache,UCDP_ACTOR,NameOrigFull,179,MDRM,1,False,48,False,False,True,UCDP_ACTOR
b414a8178d36857ccd4d0fa140aba7bd9e7e2d2e,Democratic Movement for Malagsy Renewal,democratic movement for malagsy renewal,UCDP_ACTOR,NameOrigFullEng,179,MDRM,1,False,39,False,False,True,UCDP_ACTOR
d2a80b3ae0016aca368ffa5d50de616ddf86932b,KNU,knu,UCDP_ACTOR,NameData,180,KNU,1,True,3,True,False,True,RAD;UCDP_ACTOR
a096f642968785758dccbb827c8f2322515013e4,KNU,knu,UCDP_ACTOR,NameOrig,180,KNU,1,True,3,True,False,True,RAD;UCDP_ACTOR
3052cd1b799295b844254dd30f605c0431255191,Karen National Union,karen national union,UCDP_ACTOR,NameOrigFull,180,KNU,1,False,20,False,False,True,RAD;UCDP_ACTOR
7a5910159f343e03be717314b3025d902b546798,Karen National Union,karen national union,UCDP_ACTOR,NameOrigFullEng,180,KNU,1,False,20,False,False,True,RAD;UCDP_ACTOR
cdcf65df1ccd7617cb76307364d1fe991577f147,KNUP,knup,UCDP_ACTOR,NamePrev,180,KNU,1,True,4,True,False,True,UCDP_ACTOR
b44def42a990b66c669735b12737411e92ee1164,Gods Army,gods army,UCDP_ACTOR,NameData,181,Gods Army,1,False,9,False,False,True,RAD;UCDP_ACTOR
34bc611067c49d2b886303e79d9c5a301bae13b3,Gods Army,gods army,UCDP_ACTOR,NameOrig,181,Gods Army,1,False,9,False,False,True,RAD;UCDP_ACTOR
9c3a2b2d399b04aba4b22f123255ad3493c56d50,ဘုရားသခင်၏ တပ်မတော်,ဘုရားသခင်၏ တပ်မတော်,UCDP_ACTOR,NameOrigFull,181,Gods Army,1,False,19,False,False,True,UCDP_ACTOR
2cdaa25a37297f74a5675a83a0986b6d87c005bf,Gods Army of the Holy Mountain,gods army of the holy mountain,UCDP_ACTOR,NameOrigFullEng,181,Gods Army,1,False,30,False,False,True,UCDP_ACTOR
9de9bc5efa80f1fcbf89b61a669d0c0d14e6798e,CPB,cpb,UCDP_ACTOR,NameData,182,CPB,1,True,3,True,False,True,UCDP_ACTOR
c9f11892eefb73a990efc27a291c1a975c97945f,CPB,cpb,UCDP_ACTOR,NameOrig,182,CPB,1,True,3,True,False,True,UCDP_ACTOR
3d42e25f470b758c061a7d0b89e580569e95a3f5,Communist Party of Burma,communist party of burma,UCDP_ACTOR,NameOrigFullEng,182,CPB,1,False,24,False,False,True,UCDP_ACTOR
fb437f0c906f0b413270bb7934ffbdffa9adf970,CPB-RF,cpb-rf,UCDP_ACTOR,NameData,183,CPB-RF,1,True,6,False,False,True,UCDP_ACTOR
903b2e5c8255b9b2c2c609adc1cc81b1c898477f,CPB-RF,cpb-rf,UCDP_ACTOR,NameOrig,183,CPB-RF,1,True,6,False,False,True,UCDP_ACTOR
f43dbad60967e7aea9a3df7c4dd7466efd92627c,Communist Party of Burma-Red Flag,communist party of burma-red flag,UCDP_ACTOR,NameOrigFullEng,183,CPB-RF,1,False,33,False,False,True,UCDP_ACTOR
3fecffe85552f831274c1e4241abcb80f22ac269,CPB,cpb,UCDP_ACTOR,NamePrev,183,CPB-RF,1,True,3,True,False,True,UCDP_ACTOR
7d3c0a0e8bcde83aa7352e7a73ddbfe3cccffcb0,PVO - White Band faction,pvo - white band faction,UCDP_ACTOR,NameData,184,PVO - White Band faction,1,False,24,False,False,True,UCDP_ACTOR
7713c891cf33f00c4af35a164774161f09465d4e,PVO - White Band faction,pvo - white band faction,UCDP_ACTOR,NameOrig,184,PVO - White Band faction,1,False,24,False,False,True,UCDP_ACTOR
8994510a9f45471777a69b83abb96897d7263dc3,Peoples Volunteer Organization-White Band faction,peoples volunteer organization-white band faction,UCDP_ACTOR,NameOrigFullEng,184,PVO - White Band faction,1,False,49,False,False,True,UCDP_ACTOR
72988a0bc4ed137837f7ce08ca0f6d6e1f91788d,CPB,cpb,UCDP_ACTOR,NamePrev,184,PVO - White Band faction,1,True,3,True,False,True,UCDP_ACTOR
369a04cecda52ef0879b3b83b8e6e410a3cac256,ABSDF,absdf,UCDP_ACTOR,NameData,185,ABSDF,1,True,5,False,False,True,RAD;UCDP_ACTOR
3b745f63f98b1af8f7c1175ee0cf1ffa130b5d42,ABSDF,absdf,UCDP_ACTOR,NameOrig,185,ABSDF,1,True,5,False,False,True,RAD;UCDP_ACTOR
6ae6b4f1dea4ceb55bed0efa5de23b5f4401d976,ျမန္မာႏိုင္ငံလံုးဆုိင္ရာ ေက်ာင္းသားမ်ား ဒီမိုကရက္တစ္ တပ္ဦး,ျမန္မာႏိုင္ငံလံုးဆုိင္ရာ ေက်ာင္းသားမ်ား ဒီမိုကရက္တစ္ တပ္ဦး,UCDP_ACTOR,NameOrigFull,185,ABSDF,1,False,58,False,False,True,UCDP_ACTOR
aff2e8a3305f9576f02c6f22478f57ba304d485a,All-Burma Students Democratic Front,all-burma students democratic front,UCDP_ACTOR,NameOrigFullEng,185,ABSDF,1,False,35,False,False,True,UCDP_ACTOR
dc11c7ed274309a68d223304ecb1a74a02cb3938,RSO,rso,UCDP_ACTOR,NameData,187,RSO,1,True,3,True,False,True,RAD;UCDP_ACTOR
4fc0faab9a3624b2546b46a37aa97e2150e50699,RSO,rso,UCDP_ACTOR,NameOrig,187,RSO,1,True,3,True,False,True,RAD;UCDP_ACTOR
595f8f3996c542fcbdaa5c7804ff9d72910c3d2d,Rohingya Solidarity Organisation,rohingya solidarity organisation,UCDP_ACTOR,NameOrigFullEng,187,RSO,1,False,32,False,False,True,UCDP_ACTOR
df0f35d4064ea7613c346b9438c7e6b1d03381df,RPF,rpf,UCDP_ACTOR,NamePrev,187,RSO,1,True,3,True,False,True,UCDP_ACTOR
18398fc2eb474a84b63a39302bd18b3e7a58f1e5,MFL-MUF,mfl-muf,UCDP_ACTOR,NameData,188,MFL-MUF,1,True,7,False,False,True,UCDP_ACTOR
aa7485e5c92ba33f1aabaef3a604e52b83402570,MFL-MUF,mfl-muf,UCDP_ACTOR,NameOrig,188,MFL-MUF,1,True,7,False,False,True,UCDP_ACTOR
0a32972c8b3175e3d8c2cf767cc08351168b1dc9,Mon Freedom League-Mon United Front,mon freedom league-mon united front,UCDP_ACTOR,NameOrigFullEng,188,MFL-MUF,1,False,35,False,False,True,UCDP_ACTOR
92f918986cb0003f8d629c7bfca0dba13fc51c12,MPF,mpf,UCDP_ACTOR,NameData,189,MPF,1,True,3,True,False,True,UCDP_ACTOR
0e7f5ab22a7185d975ecb2d5fc7b95e5d65d7c4a,MPSG,mpsg,UCDP_ACTOR,NameOrig,189,MPF,1,True,4,True,False,True,UCDP_ACTOR
fecf496070b8b2da476a5fe4865bb459236714cb,Mon Peoples Solidarity Group,mon peoples solidarity group,UCDP_ACTOR,NameOrigFullEng,189,MPF,1,False,28,False,False,True,UCDP_ACTOR
81d106f1cc62be3b6215d2dabe421bb49b4e37ad,MPF,mpf,UCDP_ACTOR,NewName,189,MPF,1,True,3,True,False,True,UCDP_ACTOR
bfe0c6ac5463a15220917f164be2ebb3eb9646ce,Mon Peoples Front,mon peoples front,UCDP_ACTOR,NewNameFullEng,189,MPF,1,False,17,False,False,True,UCDP_ACTOR
7f6fcdc11d74a1adde57d8057e35ceca84c5d169,NMSP,nmsp,UCDP_ACTOR,NameData,190,NMSP,1,True,4,True,False,True,RAD;UCDP_ACTOR
ddd44248d5f4967764f020fb6825d5e51ba004fb,NMSP,nmsp,UCDP_ACTOR,NameOrig,190,NMSP,1,True,4,True,False,True,RAD;UCDP_ACTOR
bd2faf07f23ea1e7bf60d7b25a69d76bedda3f99,New Mon State Party,new mon state party,UCDP_ACTOR,NameOrigFullEng,190,NMSP,1,False,19,False,False,True,RAD;UCDP_ACTOR
345a45c34bb9447a680ea352fd14496bef4461a7,MPF,mpf,UCDP_ACTOR,NamePrev,190,NMSP,1,True,3,True,False,True,UCDP_ACTOR
510f8c5b6dd7b9d50d73de2b20420393d56105d8,BMA,bma,UCDP_ACTOR,NameData,191,BMA,1,True,3,True,False,True,RAD;UCDP_ACTOR
521c1a0a5c83512a6e66de12f86aadee10c9870e,BMA,bma,UCDP_ACTOR,NameOrig,191,BMA,1,True,3,True,False,True,RAD;UCDP_ACTOR
716d8f1b190d0aac072ba7f6961ed39038d32baa,Beik Mon Army,beik mon army,UCDP_ACTOR,NameOrigFullEng,191,BMA,1,False,13,False,False,True,RAD;UCDP_ACTOR
108570b06abb3b304bfe623d02f8b5a8f5668f94,NMSP,nmsp,UCDP_ACTOR,NamePrev,191,BMA,1,True,4,True,False,True,RAD;UCDP_ACTOR
1e106e602ae39dde3f1dc860bffd49f949288b39,CPI-ML,cpi-ml,UCDP_ACTOR,NameData,192,CPI-ML,1,True,6,False,False,True,UCDP_ACTOR
f71480e0cff6d40b6c41e06cec5907d5ab932684,CPI-ML,cpi-ml,UCDP_ACTOR,NameOrig,192,CPI-ML,1,True,6,False,False,True,UCDP_ACTOR
6865e2df06fc66f96cdf0b799fa727bce10a0c74,Communist Party of India-Marxist-Leninist,communist party of india-marxist-leninist,UCDP_ACTOR,NameOrigFullEng,192,CPI-ML,1,False,41,False,False,True,UCDP_ACTOR
deb61be000efcf4c0c94f075e5a9db7c57667dd1,PWG,pwg,UCDP_ACTOR,NameData,193,PWG,1,True,3,True,False,True,RAD;UCDP_ACTOR
91b163cf7fb8fdcc11ccfafc52740797d47f38b5,PWG,pwg,UCDP_ACTOR,NameOrig,193,PWG,1,True,3,True,False,True,RAD;UCDP_ACTOR
5d649dc41f12f33c3e3ca96e3b9d54e12387757b,Peoples War Group,peoples war group,UCDP_ACTOR,NameOrigFull,193,PWG,1,False,17,False,False,True,RAD;UCDP_ACTOR
64dfeed288faff0ca96ecc4b7ceef80ad13ccb8f,Peoples War Group,peoples war group,UCDP_ACTOR,NameOrigFullEng,193,PWG,1,False,17,False,False,True,RAD;UCDP_ACTOR
9d967ab162f741f032971d94134d29a3c4cfb166,CPI-ML,cpi-ml,UCDP_ACTOR,NamePrev,193,PWG,1,True,6,False,False,True,UCDP_ACTOR
d2d0185fdb7a3dc80e1d3e8ac24676818c65d1a9,CPI-Maoist,cpi-maoist,UCDP_ACTOR,NameAlliance,193,PWG,1,True,10,False,False,True,RAD;UCDP_ACTOR
40660886d648a8ce442efaf63aa1bc41fade713a,MCC,mcc,UCDP_ACTOR,NameData,194,MCC,1,True,3,True,False,True,RAD;UCDP_ACTOR
6f4aa4163980fffc126699460edc2868329b9757,MCC,mcc,UCDP_ACTOR,NameOrig,194,MCC,1,True,3,True,False,True,RAD;UCDP_ACTOR
65d1d58da28ee8cec5fe9073d129f79b69dc4eb6,Maoist Communist Centre,maoist communist centre,UCDP_ACTOR,NameOrigFull,194,MCC,1,False,23,False,False,True,RAD;UCDP_ACTOR
829acb4855b531ff4203f3fb2e6654e5d3aab156,Maoist Communist Centre,maoist communist centre,UCDP_ACTOR,NameOrigFullEng,194,MCC,1,False,23,False,False,True,RAD;UCDP_ACTOR
7b1b165968f733ca7a770810078684204c0e0eb3,CPI-Maoist,cpi-maoist,UCDP_ACTOR,NameAlliance,194,MCC,1,True,10,False,False,True,RAD;UCDP_ACTOR
a440e11c6a5cbd4422a47e496eebbae0f75efe56,CPI-Maoist,cpi-maoist,UCDP_ACTOR,NameData,195,CPI-Maoist,1,True,10,False,False,True,RAD;UCDP_ACTOR
a842f19d4fec426501f0f3ba4751a10637a3f10b,CPI-Maoist,cpi-maoist,UCDP_ACTOR,NameOrig,195,CPI-Maoist,1,True,10,False,False,True,RAD;UCDP_ACTOR
0aacf09a9d6827aa78c016af0e6cfb6f78c7a0db,Communist Party of India-Maoist,communist party of india-maoist,UCDP_ACTOR,NameOrigFull,195,CPI-Maoist,1,False,31,False,False,True,UCDP_ACTOR
aa20c044ed524c9680d0ea58d477ede460629bdf,Communist Party of India-Maoist,communist party of india-maoist,UCDP_ACTOR,NameOrigFullEng,195,CPI-Maoist,1,False,31,False,False,True,UCDP_ACTOR
c8ae702361b584532a2efeb52b04d6ca8e06b7ce,CPM,cpm,UCDP_ACTOR,NameData,196,CPM,1,True,3,True,False,True,UCDP_ACTOR
e8a845815d7a594d92e7ccc1dfff6e714e8387bb,CPM,cpm,UCDP_ACTOR,NameOrig,196,CPM,1,True,3,True,False,True,UCDP_ACTOR
1e6373e9284c34ebee15f6291e6feded6a593ef2,Communist Party of Malaya,communist party of malaya,UCDP_ACTOR,NameOrigFullEng,196,CPM,1,False,25,False,False,True,UCDP_ACTOR
132989a8099b7e7bf053abac531f49c1c34283a0,Opposition coalition,opposition coalition,UCDP_ACTOR,NameData,197,Opposition coalition,1,False,20,False,False,True,UCDP_ACTOR
4d2e476420270626e3f6f540c0bdbbe6760adc5e,Opposition coalition,opposition coalition,UCDP_ACTOR,NameOrig,197,Opposition coalition,1,False,20,False,False,True,UCDP_ACTOR
f5f067690cd5da7d175c01377cc9985d09914eab,Opposition coalition,opposition coalition,UCDP_ACTOR,NameOrigFullEng,197,Opposition coalition,1,False,20,False,False,True,UCDP_ACTOR
73fe1d9a49d51a912f4d1a143bddf8fd2564c6ae,Royalists,royalists,UCDP_ACTOR,NameData,198,Royalists,1,True,9,False,False,True,UCDP_ACTOR
2e24a1261f21dffc7fb2be3a7bb565a4a85fe928,Royalists,royalists,UCDP_ACTOR,NameOrig,198,Royalists,1,True,9,False,False,True,UCDP_ACTOR
87c769a50c9e66d225c68e0e86e11c66770948bc,Royalists,royalists,UCDP_ACTOR,NameOrigFullEng,198,Royalists,1,True,9,False,False,True,UCDP_ACTOR
511a18cdeccd3fc07ec11f7adec4e0a02a2cfb43,NDF,ndf,UCDP_ACTOR,NameData,199,NDF,1,True,3,True,False,True,UCDP_ACTOR
fff47a44e1e571beea2f8370d4d92a11c56d4b9f,NDF,ndf,UCDP_ACTOR,NameOrig,199,NDF,1,True,3,True,False,True,UCDP_ACTOR
f112d74fddd94afb8698f6e5f72004b6e8f14eda,National Democratic Front,national democratic front,UCDP_ACTOR,NameOrigFullEng,199,NDF,1,False,25,False,False,True,UCDP_ACTOR
2b5d4f462c04b688b66356a955549cb553661059,PNDF,pndf,UCDP_ACTOR,NameData,200,PNDF,1,True,4,True,False,True,UCDP_ACTOR
76f4884e516f721e8eeeba688211812e595b8d06,PNDF,pndf,UCDP_ACTOR,NameOrig,200,PNDF,1,True,4,True,False,True,UCDP_ACTOR
455e7975962cf86b623338501f68d166dc297a0f,Pawngywng National Defense Force,pawngywng national defense force,UCDP_ACTOR,NameOrigFullEng,200,PNDF,1,False,32,False,False,True,UCDP_ACTOR
a614af242091e607e794b415c269514e4898bc4c,KNU,knu,UCDP_ACTOR,NamePrev,200,PNDF,1,True,3,True,False,True,RAD;UCDP_ACTOR
4a7abf09ea6f11675cff5f7f2256ccde84b625f3,KIO,kio,UCDP_ACTOR,NameData,201,KIO,1,True,3,True,False,True,RAD;UCDP_ACTOR
e970d6d8c57515639adfbcae0908fa1666f58a4f,KIO,kio,UCDP_ACTOR,NameOrig,201,KIO,1,True,3,True,False,True,RAD;UCDP_ACTOR
5dea77d0d97d21af92ff85029d1cffd9e9c3f8bf,ကချင်လွတ်လပ်ရေး အဖွဲ့ချုပ်,ကချင်လွတ်လပ်ရေး အဖွဲ့ချုပ်,UCDP_ACTOR,NameOrigFull,201,KIO,1,False,26,False,False,True,UCDP_ACTOR
c9904021554f4bf35e94691dded15ec60a3eeb88,Kachin Independence Organization,kachin independence organization,UCDP_ACTOR,NameOrigFullEng,201,KIO,1,False,32,False,False,True,RAD;UCDP_ACTOR
ff8e3b4d87102bee8f74dbf2bac31cab938ff93b,Palestinian insurgents,palestinian insurgents,UCDP_ACTOR,NameData,202,Palestinian insurgents,1,False,22,False,False,True,UCDP_ACTOR
d96af3c2c4e892adcc6de6872f766e4fb981e3fa,Palestinian insurgents,palestinian insurgents,UCDP_ACTOR,NameOrig,202,Palestinian insurgents,1,False,22,False,False,True,UCDP_ACTOR
4bc575a8a225d8f3942eb5ba29c1cf94e460253d,Palestinian insurgents,palestinian insurgents,UCDP_ACTOR,NameOrigFullEng,202,Palestinian insurgents,1,False,22,False,False,True,UCDP_ACTOR
f65557e9bae6c8f2d363d4840ea3b340bc8ac61a,Non PLO groups,non plo groups,UCDP_ACTOR,NameData,203,Non PLO groups,1,False,14,False,False,True,UCDP_ACTOR
698cece5cc0ce8a15b609bedbde64e7ed6ee3d91,Non PLO groups,non plo groups,UCDP_ACTOR,NameOrig,203,Non PLO groups,1,False,14,False,False,True,UCDP_ACTOR
0edfaa3cba12aafb3dd8817c56658c56e7d60e2e,Non Palestine Liberation Organization groups,non palestine liberation organization groups,UCDP_ACTOR,NameOrigFullEng,203,Non PLO groups,1,False,44,False,False,True,UCDP_ACTOR
f0fdb24e79b4bedd96448b0755abf01eb1928379,PLO,plo,UCDP_ACTOR,NameData,204,PLO,1,True,3,True,False,True,UCDP_ACTOR
5c8354157dfdc33ba0b87f6bb3cf27e685223cba,PLO,plo,UCDP_ACTOR,NameOrig,204,PLO,1,True,3,True,False,True,UCDP_ACTOR
ec9ba718e6c038190cdf368222b099e04fb30667,Palestine Liberation Organization,palestine liberation organization,UCDP_ACTOR,NameOrigFullEng,204,PLO,1,False,33,False,False,True,UCDP_ACTOR
31244f364195905bf7337c57a6bff1ec70f4fd2e,PFLP,pflp,UCDP_ACTOR,NameData,205,PFLP,1,True,4,True,False,True,RAD;UCDP_ACTOR
20ac8490859fb2e5ed24d53af048bc8dc503436a,PFLP,pflp,UCDP_ACTOR,NameOrig,205,PFLP,1,True,4,True,False,True,RAD;UCDP_ACTOR
48c169a426a6caac8635b720fe6b6673e93c403b,Al-Jabna Al-Shabiyya li-Tahrir Filastin,al-jabna al-shabiyya li-tahrir filastin,UCDP_ACTOR,NameOrigFull,205,PFLP,1,False,39,False,False,True,UCDP_ACTOR
d8bba95662f401dea15f914708562c11470aa26d,Popular Front for the Liberation of Palestine,popular front for the liberation of palestine,UCDP_ACTOR,NameOrigFullEng,205,PFLP,1,False,45,False,False,True,RAD;UCDP_ACTOR
85869f499458c89c0e1f5e13a47216a07e116df5,PLO,plo,UCDP_ACTOR,NamePrev,205,PFLP,1,True,3,True,False,True,UCDP_ACTOR
7f88d5b9c1cb38c2dca5489161460f39dc9c69e6,Rejectionist Front,rejectionist front,UCDP_ACTOR,NamePrev,205,PFLP,1,False,18,False,False,True,UCDP_ACTOR
66dd1fef4acc9dee86899a07d89c06219dbdcca1,PLO,plo,UCDP_ACTOR,GroupName,205,PFLP,1,True,3,True,False,True,UCDP_ACTOR
3e902063feb028b4f6c0164c2e8d32ac680392c9,Rejectionist Front,rejectionist front,UCDP_ACTOR,GroupName,205,PFLP,1,False,18,False,False,True,UCDP_ACTOR
8a23eeaac57ac69113afcdf6250dbd9486f13183,PFLP-GC,pflp-gc,UCDP_ACTOR,NameData,206,PFLP-GC,1,True,7,False,False,True,RAD;UCDP_ACTOR
8c16fe9fb31fbe6eb0042e65df04979abd0233ef,PFLP-GC,pflp-gc,UCDP_ACTOR,NameOrig,206,PFLP-GC,1,True,7,False,False,True,RAD;UCDP_ACTOR
fdc9c0b86a9eed8c39789522f3728bf571672dbf,Al-Jabna Al-Shabiyya li-Tahrir Filastin - General Command,al-jabna al-shabiyya li-tahrir filastin - general command,UCDP_ACTOR,NameOrigFull,206,PFLP-GC,1,False,57,False,False,True,UCDP_ACTOR
7c135ea527397c57c64324a7c1a4570f67f5a914,Popular Front for the Liberation of Palestine-General Command,popular front for the liberation of palestine-general command,UCDP_ACTOR,NameOrigFullEng,206,PFLP-GC,1,False,61,False,False,True,RAD;UCDP_ACTOR
8c5ac2925d6b1adc4823f7269efff45c1fe06094,PFLP,pflp,UCDP_ACTOR,NamePrev,206,PFLP-GC,1,True,4,True,False,True,RAD;UCDP_ACTOR
9ec3a748fa234f91fab71122a2cbfd02c5c829f7,Fatah,fatah,UCDP_ACTOR,NameData,207,Fatah,1,True,5,False,False,True,RAD;UCDP_ACTOR
d6b9ecdc16249decb760d80125bb15c6049110df,Fatah,fatah,UCDP_ACTOR,NameOrig,207,Fatah,1,True,5,False,False,True,RAD;UCDP_ACTOR
22e34dd766293e7ed353177faeb83ee6b9fe4695,Harakat al-Tahrir al-Watani al-Filastini,harakat al-tahrir al-watani al-filastini,UCDP_ACTOR,NameOrigFull,207,Fatah,1,False,40,False,False,True,UCDP_ACTOR
ded003e8c6016f2ea5963a1dcc8f5d22e05c4fdb,Palestinian National Liberation Movement,palestinian national liberation movement,UCDP_ACTOR,NameOrigFullEng,207,Fatah,1,False,40,False,False,True,UCDP_ACTOR
9a825d85274b181595cfb0071c758c963ae05c83,PIJ,pij,UCDP_ACTOR,NameData,208,PIJ,1,True,3,True,False,True,UCDP_ACTOR
138bf26a3aa8af662be303f31ccd5739ef7c4793,PIJ,pij,UCDP_ACTOR,NameOrig,208,PIJ,1,True,3,True,False,True,UCDP_ACTOR
c55634a434a726b13ea6a67a4502a3831a4c42f3,Harakat al-Jihad al-Islami fi Filastin,harakat al-jihad al-islami fi filastin,UCDP_ACTOR,NameOrigFull,208,PIJ,1,False,38,False,False,True,UCDP_ACTOR
61e435b807d78993d7bfaf8c50591e9c0c380752,Palestinian Islamic Jihad,palestinian islamic jihad,UCDP_ACTOR,NameOrigFullEng,208,PIJ,1,False,25,False,False,True,UCDP_ACTOR
96d42df1284fcb9b197fb3df10c78ac06f131154,Hamas,hamas,UCDP_ACTOR,NameData,209,Hamas,1,True,5,False,False,True,UCDP_ACTOR
4d77df6e9f5f256918920de869e672935c0e6b05,Hamas,hamas,UCDP_ACTOR,NameOrig,209,Hamas,1,True,5,False,False,True,UCDP_ACTOR
341b081cb19ca4e1c087f7fec95937f3bf9f11ff,Harakat al-Muqawarna al-Islamiyya,harakat al-muqawarna al-islamiyya,UCDP_ACTOR,NameOrigFull,209,Hamas,1,False,33,False,False,True,UCDP_ACTOR
24a675730196e3e84a5e1d94da563348d52893f4,Islamic Resistance Movement,islamic resistance movement,UCDP_ACTOR,NameOrigFullEng,209,Hamas,1,False,27,False,False,True,UCDP_ACTOR
464dd78c662ed084fb9de62b0bcf9e92a78f33bf,PNA,pna,UCDP_ACTOR,NameData,210,PNA,1,True,3,True,False,True,RAD;UCDP_ACTOR
e29a91a76b7094fa6cc160eae44fcc9cb12d6529,PNA,pna,UCDP_ACTOR,NameOrig,210,PNA,1,True,3,True,False,True,RAD;UCDP_ACTOR
7678c780eeb018138c48813781e44b36af0e7bbc,Palestinian National Authority,palestinian national authority,UCDP_ACTOR,NameOrigFullEng,210,PNA,1,False,30,False,False,True,RAD;UCDP_ACTOR
4a06dcccd6f1d2322640ff3e07f9e65b331c7640,AMB,amb,UCDP_ACTOR,NameData,211,AMB,1,True,3,True,False,True,RAD;UCDP_ACTOR
8179df845c35c842e2f41e2764df52ae2dbbcc64,AMB,amb,UCDP_ACTOR,NameOrig,211,AMB,1,True,3,True,False,True,RAD;UCDP_ACTOR
c7a7ba147c59e597a5f10a719558079d872e791d,Kataeb al-Shaheed al-Aqsa,kataeb al-shaheed al-aqsa,UCDP_ACTOR,NameOrigFull,211,AMB,1,False,25,False,False,True,UCDP_ACTOR
7a840e7069acbb2e58328c18a349db36ba1df691,al-Aqsa Martyrs Brigades,al-aqsa martyrs brigades,UCDP_ACTOR,NameOrigFullEng,211,AMB,1,False,24,False,False,True,RAD;UCDP_ACTOR
9a213fe5aeabf69cf4e1c00ae55b6fe613964dfc,Fatah,fatah,UCDP_ACTOR,NamePrev,211,AMB,1,True,5,False,False,True,RAD;UCDP_ACTOR
a86d5eb895e26dbdfe170c435c52e620412fd09f,Fatah,fatah,UCDP_ACTOR,NameAlliance,211,AMB,1,True,5,False,False,True,RAD;UCDP_ACTOR
aa3539eb1549088797501c5c1799561f87f8e66c,PRC,prc,UCDP_ACTOR,NameData,212,PRC,1,True,3,True,False,True,UCDP_ACTOR
144dd9165f6496be324f5730a0e1d38a26195e3c,PRC,prc,UCDP_ACTOR,NameOrig,212,PRC,1,True,3,True,False,True,UCDP_ACTOR
b0549aea8c95ed5d2a35d5012cb401dd15c4907a,Popular Resistance Committees,popular resistance committees,UCDP_ACTOR,NameOrigFullEng,212,PRC,1,False,29,False,False,True,UCDP_ACTOR
2e0d6349131e436d911e225bf82816a49236569f,Tibet,tibet,UCDP_ACTOR,NameData,213,Tibet,1,True,5,False,False,True,UCDP_ACTOR
5b194ce4e70ce7603601db2d70a35fe358444ff5,Tibet,tibet,UCDP_ACTOR,NameOrig,213,Tibet,1,True,5,False,False,True,UCDP_ACTOR
662fa3d9fad09f4de8b3e75a51797095c4d77502,Tibet,tibet,UCDP_ACTOR,NameOrigFullEng,213,Tibet,1,True,5,False,False,True,UCDP_ACTOR
c6ed84fac8294149cabb8acd38edcd219bb8fc66,Republic of South Moluccas,republic of south moluccas,UCDP_ACTOR,NameData,214,Republic of South Moluccas,1,False,26,False,False,True,UCDP_ACTOR
ee647bc7b5b5f7d0b8516f3d5e7693d1f07e33e3,Republic of South Moluccas,republic of south moluccas,UCDP_ACTOR,NameOrig,214,Republic of South Moluccas,1,False,26,False,False,True,UCDP_ACTOR
026969dd44903007b1a3f78a85bdc1022ae9e03e,Republic of South Moluccas,republic of south moluccas,UCDP_ACTOR,NameOrigFullEng,214,Republic of South Moluccas,1,False,26,False,False,True,UCDP_ACTOR
dcf16cc2ba385e3c2811c4f557a55c56fd7cc424,Military faction (navy),military faction (navy),UCDP_ACTOR,NameData,215,Military faction (navy),1,False,23,False,False,True,UCDP_ACTOR
9021e79f1993165b59eb372491385994bbbdee3a,Military faction (navy),military faction (navy),UCDP_ACTOR,NameOrig,215,Military faction (navy),1,False,23,False,False,True,UCDP_ACTOR
3a32f996d9abcdc052e8124904960335daeffa9b,Military faction (navy),military faction (navy),UCDP_ACTOR,NameOrigFullEng,215,Military faction (navy),1,False,23,False,False,True,UCDP_ACTOR
2e5c61f464418dcbd9c01b360fec55b2ff3f23ad,CPT,cpt,UCDP_ACTOR,NameData,216,CPT,1,True,3,True,False,True,UCDP_ACTOR
11ba6736db5cee7425211136f428f436325f0a92,CPT,cpt,UCDP_ACTOR,NameOrig,216,CPT,1,True,3,True,False,True,UCDP_ACTOR
c379c830b1945ee5c8be856e1d97957d0b0fed3d,Communist Party of Thailand,communist party of thailand,UCDP_ACTOR,NameOrigFullEng,216,CPT,1,False,27,False,False,True,UCDP_ACTOR
30d73db38cad1fcee796547234dff098e48c35ed,Darul Islam,darul islam,UCDP_ACTOR,NameData,217,Darul Islam,1,False,11,False,False,True,UCDP_ACTOR
fee129ce9d2743971a518af90a8a38d4f7d44bb6,Darul Islam,darul islam,UCDP_ACTOR,NameOrig,217,Darul Islam,1,False,11,False,False,True,UCDP_ACTOR
361671f25a1b824a9bbd2a915c8f11aedc328198,Darul Islam,darul islam,UCDP_ACTOR,NameOrigFull,217,Darul Islam,1,False,11,False,False,True,UCDP_ACTOR
5b6b07951f7f8f929fc852d6162e73f67820c221,Islamic State,islamic state,UCDP_ACTOR,NameOrigFullEng,217,Darul Islam,1,False,13,False,False,True,UCDP_ACTOR
a55d0c321d2542a583fd140a117f7460aa1eb7d1,Permesta Movement,permesta movement,UCDP_ACTOR,NameData,218,Permesta Movement,1,False,17,False,False,True,UCDP_ACTOR
3dda6ab1c1b96fd477e4aadf134ce419bda497f3,Permesta Movement,permesta movement,UCDP_ACTOR,NameOrig,218,Permesta Movement,1,False,17,False,False,True,UCDP_ACTOR
4ec1aa5cebedc598be469732e872094455ab3d7a,Permesta Movement,permesta movement,UCDP_ACTOR,NameOrigFull,218,Permesta Movement,1,False,17,False,False,True,UCDP_ACTOR
bc3b1c3892d41e528e3733f13ed3a048124bb0a2,Permesta Movement,permesta movement,UCDP_ACTOR,NameOrigFullEng,218,Permesta Movement,1,False,17,False,False,True,UCDP_ACTOR
be752af0f9370b33509bbc639e5df560dc0914b7,PRRI,prri,UCDP_ACTOR,NameData,219,PRRI,1,True,4,True,False,True,UCDP_ACTOR
1776239ac9f34c5e4ebe360c6f1b8987056be910,PRRI,prri,UCDP_ACTOR,NameOrig,219,PRRI,1,True,4,True,False,True,UCDP_ACTOR
a6e389f513bda30ab774f05878d49f89a0729493,Pemerintah Revolusioner Republik Indonesia,pemerintah revolusioner republik indonesia,UCDP_ACTOR,NameOrigFull,219,PRRI,1,False,42,False,False,True,UCDP_ACTOR
63944b5bb214e925cc37bd879d90b127c79810f9,Revolutionary Government of the Indonesian Republic,revolutionary government of the indonesian republic,UCDP_ACTOR,NameOrigFullEng,219,PRRI,1,False,51,False,False,True,UCDP_ACTOR
61b8ae940c1328c1de47d689ad9aadcbb83a7910,EOKA,eoka,UCDP_ACTOR,NameData,220,EOKA,1,True,4,True,False,True,UCDP_ACTOR
ea771e1e7ded2fd5d36f6d5051a5a4523d4dbf04,EOKA,eoka,UCDP_ACTOR,NameOrig,220,EOKA,1,True,4,True,False,True,UCDP_ACTOR
a7d9f2eb74bfcb4ccfab3fb504fdd82c8ea79c84,Ethniki organosis kiprion agoniston,ethniki organosis kiprion agoniston,UCDP_ACTOR,NameOrigFull,220,EOKA,1,False,35,False,False,True,UCDP_ACTOR
a9bd0c943302af7be07c4fb2f7de11f38d7219bd,National Union of Cypriot Fighters,national union of cypriot fighters,UCDP_ACTOR,NameOrigFullEng,220,EOKA,1,False,34,False,False,True,UCDP_ACTOR
8f133f1e250dd495d93a09bfabbe5e703ba0a3eb,FNL,fnl,UCDP_ACTOR,NameData,221,FNL,1,True,3,True,False,True,UCDP_ACTOR
e13b5ae3ae93f7e61dff920dfca3c5e02c1dd764,FNL,fnl,UCDP_ACTOR,NameOrig,221,FNL,1,True,3,True,False,True,UCDP_ACTOR
a01e8eacb28d73985baf1a8499186dd7c78a4dd6,Front national de libération,front national de libération,UCDP_ACTOR,NameOrigFull,221,FNL,1,False,28,False,False,True,UCDP_ACTOR
cf6c13ee5fb8d65229ab28077e1d0ada6a92ae9a,National Liberation Front,national liberation front,UCDP_ACTOR,NameOrigFullEng,221,FNL,1,False,25,False,False,True,RAD;UCDP_ACTOR
5855e24deafa440ec52fc914b2365fff159c95a2,NNC,nnc,UCDP_ACTOR,NameData,222,NNC,1,True,3,True,False,True,UCDP_ACTOR
a6ce2af21b73a8abcc130a9cd5c75bbb69adec79,NNC,nnc,UCDP_ACTOR,NameOrig,222,NNC,1,True,3,True,False,True,UCDP_ACTOR
c798be50e0d107b380ace438e832f6639f790b08,Naga Nationalist Council,naga nationalist council,UCDP_ACTOR,NameOrigFullEng,222,NNC,1,False,24,False,False,True,UCDP_ACTOR
c12321a1a89a231d66b2df73a7e868c16fcc9022,NSCN-IM,nscn-im,UCDP_ACTOR,NameData,223,NSCN-IM,1,True,7,False,False,True,RAD;UCDP_ACTOR
bf39cc8344020a558cec78ff3d47bf2894659fa6,NSCN,nscn,UCDP_ACTOR,NameOrig,223,NSCN-IM,1,True,4,True,False,True,UCDP_ACTOR
72d012e8e84f0f1d4d65db31f1f944da94f40baf,National Socialist Council of Nagaland,national socialist council of nagaland,UCDP_ACTOR,NameOrigFull,223,NSCN-IM,1,False,38,False,False,True,UCDP_ACTOR
ae3f9c063bf68077ae56ac5a23ea2506c856d335,National Socialist Council of Nagaland,national socialist council of nagaland,UCDP_ACTOR,NameOrigFullEng,223,NSCN-IM,1,False,38,False,False,True,UCDP_ACTOR
0162e84b903ae03da3ddc7c1cef6a51f05c757bf,NSCN-IM,nscn-im,UCDP_ACTOR,NewName,223,NSCN-IM,1,True,7,False,False,True,RAD;UCDP_ACTOR
a58be4a0113c4bd04af71fdc7fa57df142dd83f6,National Socialist Council of Nagaland – Isaac-Muivah faction,national socialist council of nagaland – isaac-muivah faction,UCDP_ACTOR,NewNameFullMotherTongue,223,NSCN-IM,1,False,61,False,False,True,UCDP_ACTOR
6a34fc94fda0feb617d3b0b23cac983f5a8f272b,National Socialist Council of Nagaland – Isaac-Muivah faction,national socialist council of nagaland – isaac-muivah faction,UCDP_ACTOR,NewNameFullEng,223,NSCN-IM,1,False,61,False,False,True,UCDP_ACTOR
0ba57563d2acef45032a84ec7a27f50527d5857f,NNC,nnc,UCDP_ACTOR,NamePrev,223,NSCN-IM,1,True,3,True,False,True,UCDP_ACTOR
c1678fe73a5bd9900b792ef5153856fbb7747d9b,NSCN-K,nscn-k,UCDP_ACTOR,NameData,224,NSCN-K,1,True,6,False,False,True,RAD;UCDP_ACTOR
6268cd176f1e32e7b1f9c4e5afb8a6291b5feebe,NSCN-K,nscn-k,UCDP_ACTOR,NameOrig,224,NSCN-K,1,True,6,False,False,True,RAD;UCDP_ACTOR
11301a88099b12f539f1954653289e37ab0aeceb,National Socialist Council of Nagaland- Khaplang faction,national socialist council of nagaland- khaplang faction,UCDP_ACTOR,NameOrigFull,224,NSCN-K,1,False,56,False,False,True,UCDP_ACTOR
65f1f352bcce227c5a594c460aa188ba9d9d1d2c,National Socialist Council of Nagaland- Khaplang faction,national socialist council of nagaland- khaplang faction,UCDP_ACTOR,NameOrigFullEng,224,NSCN-K,1,False,56,False,False,True,UCDP_ACTOR
a8ee630396fa9924ab647ab59f467028de659fe5,NSCN-IM,nscn-im,UCDP_ACTOR,NamePrev,224,NSCN-K,1,True,7,False,False,True,RAD;UCDP_ACTOR
d0e98c765bd9cc83d3300a281e305973c21376eb,UNLFW,unlfw,UCDP_ACTOR,NameAlliance,224,NSCN-K,1,True,5,False,False,True,RAD;UCDP_ACTOR
9f0decc252eeb13488e30bb6be4d03329c6dbbff,KNPP,knpp,UCDP_ACTOR,NameData,225,KNPP,1,True,4,True,False,True,RAD;UCDP_ACTOR
38e2c480fe65373dcec4d4fe965fc78dead20e16,KNPP,knpp,UCDP_ACTOR,NameOrig,225,KNPP,1,True,4,True,False,True,RAD;UCDP_ACTOR
d1783cfdd1fee9075d173743666200b97865ca60,Karenni National Progressive Party,karenni national progressive party,UCDP_ACTOR,NameOrigFullEng,225,KNPP,1,False,34,False,False,True,RAD;UCDP_ACTOR
f4248bf8340c405d991eada2d4c6cfc432e9fb58,KNU,knu,UCDP_ACTOR,NamePrev,225,KNPP,1,True,3,True,False,True,RAD;UCDP_ACTOR
494e88178c0c1b47da7a37f9e43904552b8e4ce3,State of Oman,state of oman,UCDP_ACTOR,NameData,226,State of Oman/Free Oman,1,False,13,False,False,True,UCDP_ACTOR
2db691c4394852164829a02f4cb7f6cdcac5adc4,Free Oman,free oman,UCDP_ACTOR,NameData,226,State of Oman/Free Oman,1,False,9,False,False,True,UCDP_ACTOR
309a6180863c845171617241a4265bd06298863b,State of Oman,state of oman,UCDP_ACTOR,NameOrig,226,State of Oman/Free Oman,1,False,13,False,False,True,UCDP_ACTOR
1755738afcc8a28760ae614c0f2afbe4d8ad8ff9,Free Oman,free oman,UCDP_ACTOR,NameOrig,226,State of Oman/Free Oman,1,False,9,False,False,True,UCDP_ACTOR
e47db33096fd95e5dcfb9f347d5f4048fc9ba1f7,State of Oman,state of oman,UCDP_ACTOR,NameOrigFullEng,226,State of Oman/Free Oman,1,False,13,False,False,True,UCDP_ACTOR
83ee0f4c45d46a7d14b9f69dbb88158a3bec8007,Free Oman,free oman,UCDP_ACTOR,NameOrigFullEng,226,State of Oman/Free Oman,1,False,9,False,False,True,UCDP_ACTOR
12bb28e55ffbdab3d6d96421885486eb0cbfe646,Military faction (free Officers Movement),military faction (free officers movement),UCDP_ACTOR,NameData,227,Military faction (free Officers Movement),1,False,41,False,False,True,UCDP_ACTOR
34c98e40d5cc1dd03d2b74c6d94f038b75dcb5c5,Military faction (free Officers Movement),military faction (free officers movement),UCDP_ACTOR,NameOrig,227,Military faction (free Officers Movement),1,False,41,False,False,True,UCDP_ACTOR
5d4adea26fcac6a3baa56718db28e475aa8c4ddd,Military faction (free Officers Movement),military faction (free officers movement),UCDP_ACTOR,NameOrigFullEng,227,Military faction (free Officers Movement),1,False,41,False,False,True,UCDP_ACTOR
0f1acbb190de45a9e5cdd5de9b4b634a13d0f032,Military faction (forces of Abdul Wahab al-Shawaf),military faction (forces of abdul wahab al-shawaf),UCDP_ACTOR,NameData,228,Military faction (forces of Abdul Wahab al-Shawaf),1,False,50,False,False,True,UCDP_ACTOR
c1d62832f3551a7d15a44346a66d550ff5307452,Military faction (forces of Abdul Wahab al-Shawaf),military faction (forces of abdul wahab al-shawaf),UCDP_ACTOR,NameOrig,228,Military faction (forces of Abdul Wahab al-Shawaf),1,False,50,False,False,True,UCDP_ACTOR
a989fc9525a7179651410c8a6a2d736461ceb4d2,Military faction (forces of Abdul Wahab al-Shawaf),military faction (forces of abdul wahab al-shawaf),UCDP_ACTOR,NameOrigFullEng,228,Military faction (forces of Abdul Wahab al-Shawaf),1,False,50,False,False,True,UCDP_ACTOR
d84a59ac1665728689c8e618209edc0121b54465,Military faction (forces of Abd as-Salam Arif),military faction (forces of abd as-salam arif),UCDP_ACTOR,NameData,229,Military faction (forces of Abd as-Salam Arif),1,False,46,False,False,True,UCDP_ACTOR
d9b7412bed1bb4828f53f17fd9ee53951a1c2094,Military faction (forces of Abd as-Salam Arif),military faction (forces of abd as-salam arif),UCDP_ACTOR,NameOrig,229,Military faction (forces of Abd as-Salam Arif),1,False,46,False,False,True,UCDP_ACTOR
a59ef1ae30cb1de424f460429fd4598efbe724e1,Military faction (forces of Abd as-Salam Arif),military faction (forces of abd as-salam arif),UCDP_ACTOR,NameOrigFullEng,229,Military faction (forces of Abd as-Salam Arif),1,False,46,False,False,True,UCDP_ACTOR
fc35ea6e94571e094e4d9097b7ab06187621d8e1,NCRC,ncrc,UCDP_ACTOR,NameData,230,NCRC,1,True,4,True,False,True,UCDP_ACTOR
1b18d7d1fc0485575973451afe9c4983dee9cfbb,NCRC,ncrc,UCDP_ACTOR,NameOrig,230,NCRC,1,True,4,True,False,True,UCDP_ACTOR
a979146c98b5f3ee3f9d4f1186b5b221fec948aa,National Council of the Revolutionary Command,national council of the revolutionary command,UCDP_ACTOR,NameOrigFullEng,230,NCRC,1,False,45,False,False,True,UCDP_ACTOR
cb30b98e17ba81bcaa57b8f61bbd668ea2523b2a,SCIRI,sciri,UCDP_ACTOR,NameData,231,SCIRI,1,True,5,False,False,True,RAD;UCDP_ACTOR
a978993a358a37d5deaf0732f7e1591f77a94a5e,SCIRI,sciri,UCDP_ACTOR,NameOrig,231,SCIRI,1,True,5,False,False,True,RAD;UCDP_ACTOR
5d46d084c89d5af7632b1af56b3a5bfb7ce22cff,Supreme Council for the Islamic Revolution in Iraq,supreme council for the islamic revolution in iraq,UCDP_ACTOR,NameOrigFullEng,231,SCIRI,1,False,50,False,False,True,UCDP_ACTOR
71a6b9a0639404906bfb52e51ebc4358463618e5,Ansar al-Islam,ansar al-islam,UCDP_ACTOR,NameData,233,Ansar al-Islam,1,False,14,False,False,True,RAD;UCDP_ACTOR
0a3333494a298c8ef3036ff1c09f21394914b074,Ansar al-Islam,ansar al-islam,UCDP_ACTOR,NameOrig,233,Ansar al-Islam,1,False,14,False,False,True,RAD;UCDP_ACTOR
5a6b2412996d1259c6d1976fa7920a80b683f9a8,Ansar al-Islam,ansar al-islam,UCDP_ACTOR,NameOrigFull,233,Ansar al-Islam,1,False,14,False,False,True,RAD;UCDP_ACTOR
d1676093b4df561d56d5357623c80c9f52349ffb,Supporters of Islam,supporters of islam,UCDP_ACTOR,NameOrigFullEng,233,Ansar al-Islam,1,False,19,False,False,True,UCDP_ACTOR
f377c1bb58794a9077fc9db9e8344b826dfef711,JAAS,jaas,UCDP_ACTOR,NewName,233,Ansar al-Islam,1,True,4,True,False,True,UCDP_ACTOR
4857ce20bfb0f985f0132989d9da4b59aea5cb91,Ansar al-Islam,ansar al-islam,UCDP_ACTOR,NewName,233,Ansar al-Islam,1,False,14,False,False,True,RAD;UCDP_ACTOR
943051a34ead53a9419b913b18d301c55cbd9202,Jaish Ansar Al-Sunna,jaish ansar al-sunna,UCDP_ACTOR,NewNameFullMotherTongue,233,Ansar al-Islam,1,False,20,False,False,True,UCDP_ACTOR
6be5e2a14bb87429585f3330b1888cdb9fbe0848,Ansar al-Islam,ansar al-islam,UCDP_ACTOR,NewNameFullMotherTongue,233,Ansar al-Islam,1,False,14,False,False,True,RAD;UCDP_ACTOR
5e245b8f5c62c10ae01142ed708c23c102b879d2,Supporters of the Protectors of the Faith,supporters of the protectors of the faith,UCDP_ACTOR,NewNameFullEng,233,Ansar al-Islam,1,False,41,False,False,True,UCDP_ACTOR
8dba68ef560db4a952d60ea521d5aca50cee2424,Supporters of Islam,supporters of islam,UCDP_ACTOR,NewNameFullEng,233,Ansar al-Islam,1,False,19,False,False,True,UCDP_ACTOR
d1abad91f67e574e855d0cd76372d55dbc820672,Jamaat Al-Tawhid wa Al-Jihad,jamaat al-tawhid wa al-jihad,UCDP_ACTOR,NameOrig,234,IS,1,False,28,False,False,True,UCDP_ACTOR
59a81ecf109f382114c541a9bb41efaf35b61665,Jamaat Al-Tawhid wa Al-Jihad,jamaat al-tawhid wa al-jihad,UCDP_ACTOR,NameOrigFull,234,IS,1,False,28,False,False,True,UCDP_ACTOR
13d4448b9b201d803495fa20ba57bbead9481c93,The Monotheism and Jihad Group,the monotheism and jihad group,UCDP_ACTOR,NameOrigFullEng,234,IS,1,False,30,False,False,True,UCDP_ACTOR
8ba4747b9985566ae8510854519a2e09c1c2523d,TQJBR,tqjbr,UCDP_ACTOR,NewName,234,IS,1,True,5,False,False,True,UCDP_ACTOR
08d64e393b49f8fabcb22e3586fda6678eb7bd8e,ISI,isi,UCDP_ACTOR,NewName,234,IS,1,True,3,True,False,True,UCDP_ACTOR
a868d6ee7b571e2b1d9001c238b880f3ec6c0be9,ISIS,isis,UCDP_ACTOR,NewName,234,IS,1,True,4,True,False,True,UCDP_ACTOR
b3fae442f26f5bf76ffd3634bcea19dbe7fc9319,Tanzim Qaidat al Jihad fi Bilad al Rafidayn,tanzim qaidat al jihad fi bilad al rafidayn,UCDP_ACTOR,NewNameFullMotherTongue,234,IS,1,False,43,False,False,True,UCDP_ACTOR
d50bb5c20703c16eca3038c4a7b143cc32e11246,Dawlat al-Iraq al-Islamiyya,dawlat al-iraq al-islamiyya,UCDP_ACTOR,NewNameFullMotherTongue,234,IS,1,False,27,False,False,True,UCDP_ACTOR
8351fc9a6fa272f7da47b6647836ff9f6bff42c1,al-Dawla al-Islamiya fi al-Iraq wa al-Sham,al-dawla al-islamiya fi al-iraq wa al-sham,UCDP_ACTOR,NewNameFullMotherTongue,234,IS,1,False,42,False,False,True,UCDP_ACTOR
7967c1b6db981c322702f63560e5ccba6cbea038,al-Dawla al-Islamiyya,al-dawla al-islamiyya,UCDP_ACTOR,NewNameFullMotherTongue,234,IS,1,False,21,False,False,True,UCDP_ACTOR
ac032257c4b6f18d8dbf4b409ce8ca97949e4aa1,Organization of of Jihads Base in the Country of the Two Rivers,organization of of jihads base in the country of the two rivers,UCDP_ACTOR,NewNameFullEng,234,IS,1,False,63,False,False,True,UCDP_ACTOR
9d15a4c62c2baa9361b35e37df335fb25f360fd7,Islamic State of Iraq,islamic state of iraq,UCDP_ACTOR,NewNameFullEng,234,IS,1,False,21,False,False,True,UCDP_ACTOR
5dc62c51a76116273cc0ae0118368bdbc504d5e5,Islamic State in Iraq and al-Sham,islamic state in iraq and al-sham,UCDP_ACTOR,NewNameFullEng,234,IS,1,False,33,False,False,True,UCDP_ACTOR
67d52fa6bb504f9b9e7bf2935a2f59a1c90746bd,Islamic State,islamic state,UCDP_ACTOR,NewNameFullEng,234,IS,1,False,13,False,False,True,UCDP_ACTOR
84efce71ce85f4df716fb6211e4cefd661fc9b80,RJF,rjf,UCDP_ACTOR,NameData,235,RJF,1,True,3,True,False,True,RAD;UCDP_ACTOR
8c36df33402394ba05a0ff9ac029dc8e64c9afa0,IAI,iai,UCDP_ACTOR,NameOrig,235,RJF,1,True,3,True,False,True,UCDP_ACTOR
5113e9edb28e9536c624aec8827536afbbee8fea,Al-Jaysh al-Islami fi Iraq,al-jaysh al-islami fi iraq,UCDP_ACTOR,NameOrigFull,235,RJF,1,False,26,False,False,True,UCDP_ACTOR
930e230d1f7e218f540163e63336ca47bbcabf63,Islamic Army of Iraq,islamic army of iraq,UCDP_ACTOR,NameOrigFullEng,235,RJF,1,False,20,False,False,True,UCDP_ACTOR
ee8797c82a37ead1ce555f8fb59c88af5ffbe1e0,RJF,rjf,UCDP_ACTOR,NewName,235,RJF,1,True,3,True,False,True,RAD;UCDP_ACTOR
35c73d36653d769dcbd356c5c8cbe760282f7e1f,Reformation and Jihad Front,reformation and jihad front,UCDP_ACTOR,NewNameFullMotherTongue,235,RJF,1,False,27,False,False,True,UCDP_ACTOR
558a04610d361c3909388d348847d8b2c308b51f,Reformation and Jihad Front,reformation and jihad front,UCDP_ACTOR,NewNameFullEng,235,RJF,1,False,27,False,False,True,UCDP_ACTOR
dfd806b90c304028a55fa8334de4ab6a779a229d,Independent Nasserite Movement,independent nasserite movement,UCDP_ACTOR,NameData,236,Independent Nasserite Movement,1,False,30,False,False,True,UCDP_ACTOR
ed7d1e7e0b5f372103cd962d770e67fb4882a782,Independent Nasserite Movement,independent nasserite movement,UCDP_ACTOR,NameOrig,236,Independent Nasserite Movement,1,False,30,False,False,True,UCDP_ACTOR
34c156249b09d3f439bcba1cab0d40265dd8cb25,Independent Nasserite Movement,independent nasserite movement,UCDP_ACTOR,NameOrigFullEng,236,Independent Nasserite Movement,1,False,30,False,False,True,UCDP_ACTOR
d12e2fe42484e499f4618897e1c81e1d7c9c6ee9,NSF,nsf,UCDP_ACTOR,NameAlliance,236,Independent Nasserite Movement,1,True,3,True,False,True,RAD;UCDP_ACTOR
fc21058ba4b1071bf3b243b7a124a25298b3116a,NSF,nsf,UCDP_ACTOR,NameData,237,NSF,1,True,3,True,False,True,RAD;UCDP_ACTOR
8707ac066aa483e76e6b53d8b723235ee14e8ac3,LNM,lnm,UCDP_ACTOR,NameOrig,237,NSF,1,True,3,True,False,True,UCDP_ACTOR
f55885766c7ce300bb4fe21cb76e623a0110a7fa,Lebanese National Movement,lebanese national movement,UCDP_ACTOR,NameOrigFullEng,237,NSF,1,False,26,False,False,True,UCDP_ACTOR
44ebf9070c9eedb5678b41569b1929ac7b39b7c6,NSF,nsf,UCDP_ACTOR,NewName,237,NSF,1,True,3,True,False,True,RAD;UCDP_ACTOR
424da2842348f654eb5ef59dcad26bf53cab4aca,National Salvation Front,national salvation front,UCDP_ACTOR,NewNameFullEng,237,NSF,1,False,24,False,False,True,RAD;UCDP_ACTOR
11aa402420c6e0de87ccb642939b605fc2258e02,NUF,nuf,UCDP_ACTOR,NameAlliance,237,NSF,1,True,3,True,False,True,UCDP_ACTOR
3f6bd3d6c659d43b3672ef27d2fd7bcba5d05aff,LAA,laa,UCDP_ACTOR,NameData,238,LAA,1,True,3,True,False,True,UCDP_ACTOR
b6bfd23da12ac4bbd0117f15c38e023279f8daeb,LAA,laa,UCDP_ACTOR,NameOrig,238,LAA,1,True,3,True,False,True,UCDP_ACTOR
0ae3f9827aa39289b6bb96f1a3451f2bbbd14d9e,Lebanese Arab Army,lebanese arab army,UCDP_ACTOR,NameOrigFullEng,238,LAA,1,False,18,False,False,True,UCDP_ACTOR
2de55bcc94142128b5c5f2af7e5bebcbfe3625ff,Amal,amal,UCDP_ACTOR,NameData,239,Amal,1,True,4,True,False,True,UCDP_ACTOR
fc2edcbcc6483cd8be33e5c3821d0df2ad06a431,Amal,amal,UCDP_ACTOR,NameOrig,239,Amal,1,True,4,True,False,True,UCDP_ACTOR
afa3f1b56ae84c17a5eba8fa210763b53c4e9969,Afwâj al-Muqâwmat al-Lubnâniyya,afwâj al-muqâwmat al-lubnâniyya,UCDP_ACTOR,NameOrigFull,239,Amal,1,False,31,False,False,True,UCDP_ACTOR
893b3cdcd12c1121308c377487b98ed7ca91d638,Lebanese Resistance Detachment,lebanese resistance detachment,UCDP_ACTOR,NameOrigFullEng,239,Amal,1,False,30,False,False,True,UCDP_ACTOR
28895aa4ea2e7de75accc0a5c4739edf66152488,NUF,nuf,UCDP_ACTOR,NameAlliance,239,Amal,1,True,3,True,False,True,UCDP_ACTOR
b43247e8e5c1cb543b79e7e23906f01b78a252f4,NUF,nuf,UCDP_ACTOR,NameData,240,NUF,1,True,3,True,False,True,UCDP_ACTOR
e8c7f5d4c4f7d5ba94fa0f8139c93301bb346a8a,NUF,nuf,UCDP_ACTOR,NameOrig,240,NUF,1,True,3,True,False,True,UCDP_ACTOR
c691f2b370e00bbe5af28307e2fd832f13821875,National Union Front,national union front,UCDP_ACTOR,NameOrigFullEng,240,NUF,1,False,20,False,False,True,UCDP_ACTOR
c2abfff1315c284e8e94af70447af4e646f1536f,Lebanese Forces - Hobeika faction,lebanese forces - hobeika faction,UCDP_ACTOR,NameData,241,Lebanese Forces - Hobeika faction,1,False,33,False,False,True,UCDP_ACTOR
fbdee4bfb8a7643cd93e7ab1fcda5c211d31d20f,Lebanese Forces - Hobeika faction,lebanese forces - hobeika faction,UCDP_ACTOR,NameOrig,241,Lebanese Forces - Hobeika faction,1,False,33,False,False,True,UCDP_ACTOR
cc56e86a3316c8e47a57a3be0d11d2a5f246935c,Lebanese Forces - Hobeika faction,lebanese forces - hobeika faction,UCDP_ACTOR,NameOrigFull,241,Lebanese Forces - Hobeika faction,1,False,33,False,False,True,UCDP_ACTOR
2668b8c5efe1a6ede6d8e3c3a65e5f00e32ebd89,Lebanese Forces - Hobeika faction,lebanese forces - hobeika faction,UCDP_ACTOR,NameOrigFullEng,241,Lebanese Forces - Hobeika faction,1,False,33,False,False,True,UCDP_ACTOR
4df279abd9ec19248b22d70cd297a375476c0c63,Lebanese Forces,lebanese forces,UCDP_ACTOR,NamePrev,241,Lebanese Forces - Hobeika faction,1,False,15,False,False,True,UCDP_ACTOR
874da3ca88e4f5e290dd3fdbbd9836c41e3064b0,Forces of Michel Aoun,forces of michel aoun,UCDP_ACTOR,NameData,242,Forces of Michel Aoun,1,False,21,False,False,True,RAD;UCDP_ACTOR
9c219bcbe4f643a280856be2a9047e392f115a4d,Forces of Michel Aoun,forces of michel aoun,UCDP_ACTOR,NameOrig,242,Forces of Michel Aoun,1,False,21,False,False,True,RAD;UCDP_ACTOR
eac7c9d6a8af3d5a41979818c81649a7596b7f7a,Forces of Michel Aoun,forces of michel aoun,UCDP_ACTOR,NameOrigFull,242,Forces of Michel Aoun,1,False,21,False,False,True,RAD;UCDP_ACTOR
e1ca10156c9231e5d088a82b6143101edab1c0e1,Forces of Michel Aoun,forces of michel aoun,UCDP_ACTOR,NameOrigFullEng,242,Forces of Michel Aoun,1,False,21,False,False,True,RAD;UCDP_ACTOR
56243c39c0a58a8722519e60a4c747287da487f5,Lebanese Forces,lebanese forces,UCDP_ACTOR,NameData,243,Lebanese Forces,1,False,15,False,False,True,UCDP_ACTOR
03a363daae8cc48bfeb9c13f25aa732c96737c71,Lebanese Forces,lebanese forces,UCDP_ACTOR,NameOrig,243,Lebanese Forces,1,False,15,False,False,True,UCDP_ACTOR
85f4c8991412243a8bab8d5c65a782fe084c1676,Lebanese Forces,lebanese forces,UCDP_ACTOR,NameOrigFull,243,Lebanese Forces,1,False,15,False,False,True,UCDP_ACTOR
076aecc9e7d45b4a53fdfb51d1e5d966f7747a22,Lebanese Forces,lebanese forces,UCDP_ACTOR,NameOrigFullEng,243,Lebanese Forces,1,False,15,False,False,True,UCDP_ACTOR
4465c448a95bf6591777990b2befba5f7db1745d,Pathet Lao,pathet lao,UCDP_ACTOR,NameData,244,Pathet Lao,1,False,10,False,False,True,UCDP_ACTOR
6f9797ffd20dd1a1656c769df9bbc8f1ca75516e,Pathet Lao,pathet lao,UCDP_ACTOR,NameOrig,244,Pathet Lao,1,False,10,False,False,True,UCDP_ACTOR
9b781b124b09e78be80f8aaee3519df9cf693639,Pathet Lao,pathet lao,UCDP_ACTOR,NameOrigFull,244,Pathet Lao,1,False,10,False,False,True,UCDP_ACTOR
342d4aecee3e9fb531c37330ea6eddc6296e2c5a,Pathet Lao,pathet lao,UCDP_ACTOR,NameOrigFullEng,244,Pathet Lao,1,False,10,False,False,True,UCDP_ACTOR
e6dd7cf67cf9f8f9a3cd6429ea63a58485e57831,Lao Issara,lao issara,UCDP_ACTOR,NamePrev,244,Pathet Lao,1,False,10,False,False,True,UCDP_ACTOR
4042eebab29b961efa3c25b62c29ea3fd2ffdaac,Neutralists,neutralists,UCDP_ACTOR,NameData,245,Neutralists,1,True,11,False,False,True,UCDP_ACTOR
29a5edc2abc981fe71c4b3203d3201fd898c3849,Neutralists,neutralists,UCDP_ACTOR,NameOrig,245,Neutralists,1,True,11,False,False,True,UCDP_ACTOR
01965104ee761a15cf73cf212e17f108c65698c7,Neutralists,neutralists,UCDP_ACTOR,NameOrigFullEng,245,Neutralists,1,True,11,False,False,True,UCDP_ACTOR
612ebb5d96a685bdd466d0428884e7e94cde9b4f,LRM,lrm,UCDP_ACTOR,NameData,246,LRM,1,True,3,True,False,True,RAD;UCDP_ACTOR
af2b6ab13cb66c12e91cd7d61541acd9f1190a7f,LRM,lrm,UCDP_ACTOR,NameOrig,246,LRM,1,True,3,True,False,True,RAD;UCDP_ACTOR
87de240e0dcc3c177da6d8678ee96b0db0387255,Lao Resistance Movement,lao resistance movement,UCDP_ACTOR,NameOrigFullEng,246,LRM,1,False,23,False,False,True,RAD;UCDP_ACTOR
a59f0ff1e498cce2d60ff53a368f829098c781e8,NSH,nsh,UCDP_ACTOR,NameData,247,NSH,1,True,3,True,False,True,UCDP_ACTOR
f5e66646a32dd5618f5d649a5ab5219608b331ea,NSH,nsh,UCDP_ACTOR,NameOrig,247,NSH,1,True,3,True,False,True,UCDP_ACTOR
19b6c08d7628fb45ba92dc187702c72a2402c2e5,Noom Suik Harn,noom suik harn,UCDP_ACTOR,NameOrigFull,247,NSH,1,False,14,False,False,True,UCDP_ACTOR
40ceaa8e29cb9bbe533fd816d539e26867960b8d,Brave Young Warriors,brave young warriors,UCDP_ACTOR,NameOrigFullEng,247,NSH,1,False,20,False,False,True,UCDP_ACTOR
6a431fb4986a0a96584e79a81946e512754b6a8e,SSIA,ssia,UCDP_ACTOR,NameData,248,SSIA,1,True,4,True,False,True,UCDP_ACTOR
0e27fcb18533363c9f56eeb134e7af08fe449968,SSIA,ssia,UCDP_ACTOR,NameOrig,248,SSIA,1,True,4,True,False,True,UCDP_ACTOR
0772a2a405162796f16cfa3687f1c0c55023d1e3,Shan State Independence Army,shan state independence army,UCDP_ACTOR,NameOrigFullEng,248,SSIA,1,False,28,False,False,True,UCDP_ACTOR
ad1fcd195cafa608cedf57e5ac5047dc0c637511,NSH,nsh,UCDP_ACTOR,NamePrev,248,SSIA,1,True,3,True,False,True,UCDP_ACTOR
493383e27bb091f6591c7ef3101bc1f1e9224247,SSA,ssa,UCDP_ACTOR,NameAlliance,248,SSIA,1,True,3,True,False,True,RAD;UCDP_ACTOR
e07dcdc1c0e2eef5751abb5bcba3ec3f2b576f67,SNUF,snuf,UCDP_ACTOR,NameData,249,SNUF,1,True,4,True,False,True,UCDP_ACTOR
86d278dcf11eb91803d7fe99c0404a0e961370d8,SNUF,snuf,UCDP_ACTOR,NameOrig,249,SNUF,1,True,4,True,False,True,UCDP_ACTOR
9a331f15bd3f48f047052790f640611e059d41bf,Shan National United Front,shan national united front,UCDP_ACTOR,NameOrigFullEng,249,SNUF,1,False,26,False,False,True,UCDP_ACTOR
fe01ee1f4134fe4b8f9f35c7daa6bfd1d55cfe72,SSA,ssa,UCDP_ACTOR,NameAlliance,249,SNUF,1,True,3,True,False,True,RAD;UCDP_ACTOR
ab755c18257c310bae252fb1d9228a391daa2c12,SSA,ssa,UCDP_ACTOR,NameData,250,SSA,1,True,3,True,False,True,RAD;UCDP_ACTOR
5c5d76d5ad88a7acbfc893dac769e56f057fc67d,SSA,ssa,UCDP_ACTOR,NameOrig,250,SSA,1,True,3,True,False,True,RAD;UCDP_ACTOR
6bf53dace3f2ee9521127a2da81917db22ce0e5f,Shan State Army,shan state army,UCDP_ACTOR,NameOrigFullEng,250,SSA,1,False,15,False,False,True,UCDP_ACTOR
8968edd0696d5e80c83b23c2e151dc50d30072b4,TRC,trc,UCDP_ACTOR,NameAlliance,250,SSA,1,True,3,True,False,True,UCDP_ACTOR
edb5e6c4d0f3c4b92dadf039e5498bd22acbec14,SSNLO,ssnlo,UCDP_ACTOR,NameData,251,SSNLO,1,True,5,False,False,True,UCDP_ACTOR
ef9e083efcc93009ec42fdf86c83dca4ff26a17a,SSNLO,ssnlo,UCDP_ACTOR,NameOrig,251,SSNLO,1,True,5,False,False,True,UCDP_ACTOR
66504146b95cf9a08eaddc50aff6eb1e23bbd2f1,Shan State Nationalities Liberation Organization,shan state nationalities liberation organization,UCDP_ACTOR,NameOrigFullEng,251,SSNLO,1,False,48,False,False,True,UCDP_ACTOR
85a9f2f6958858c74b9d5347015445d45cab8d9c,SURA,sura,UCDP_ACTOR,NameData,252,SURA,1,True,4,True,False,True,UCDP_ACTOR
53406060f3469e5feb0864c51a7fd4ed3578bf84,SURA,sura,UCDP_ACTOR,NameOrig,252,SURA,1,True,4,True,False,True,UCDP_ACTOR
8660fbdc3eb80399c13434f04101dcac70e8bbed,Shan United Revolutionary Army,shan united revolutionary army,UCDP_ACTOR,NameOrigFullEng,252,SURA,1,False,30,False,False,True,UCDP_ACTOR
48a0999e21497d0ee055247244de555a1a78a343,TRC,trc,UCDP_ACTOR,NameAlliance,252,SURA,1,True,3,True,False,True,UCDP_ACTOR
e7471285a40fd6e27f62816b6364631446a3401e,SSRA,ssra,UCDP_ACTOR,NameData,253,SSRA,1,True,4,True,False,True,UCDP_ACTOR
7a447b7abb2206f14df2ae34fe2f51cb635b4f43,SSRA,ssra,UCDP_ACTOR,NameOrig,253,SSRA,1,True,4,True,False,True,UCDP_ACTOR
4a6dfcb1af0341375cac1357a852f2da4a085eeb,Shan State Revolutionary Army,shan state revolutionary army,UCDP_ACTOR,NameOrigFullEng,253,SSRA,1,False,29,False,False,True,UCDP_ACTOR
99a989011fb803bd33751b40e94e0e86387ee52f,TRC,trc,UCDP_ACTOR,NameData,254,TRC,1,True,3,True,False,True,UCDP_ACTOR
1fc6320d7a138dfad581c17daa0d87b6a2ff9118,TRC,trc,UCDP_ACTOR,NameOrig,254,TRC,1,True,3,True,False,True,UCDP_ACTOR
6ed721a2c5fbd4bd33e7ebdc568d1751c67342fa,Tailand Revolutionary Council,tailand revolutionary council,UCDP_ACTOR,NameOrigFullEng,254,TRC,1,False,29,False,False,True,UCDP_ACTOR
9dcef799d99143f6c217611fcb89cf3968508427,MTA,mta,UCDP_ACTOR,NameData,255,MTA,1,True,3,True,False,True,UCDP_ACTOR
a901919703007dc00875c42877093d48fdee8d9d,MTA,mta,UCDP_ACTOR,NameOrig,255,MTA,1,True,3,True,False,True,UCDP_ACTOR
ec7e4677ac233055570754e4f0373752f35f07d4,Mong Tai Army,mong tai army,UCDP_ACTOR,NameOrigFull,255,MTA,1,False,13,False,False,True,UCDP_ACTOR
8731300df54ea776ec0743cdd3a1b2bca654fab8,Mong Tai Army,mong tai army,UCDP_ACTOR,NameOrigFullEng,255,MTA,1,False,13,False,False,True,UCDP_ACTOR
848a517f0232f321b717679878e731efc3f34fea,RCSS,rcss,UCDP_ACTOR,NameData,256,RCSS,1,True,4,True,False,True,RAD;UCDP_ACTOR
6a49c5284db26e1488af610d6e3c258f9ff8b9cb,RCSS,rcss,UCDP_ACTOR,NameOrig,256,RCSS,1,True,4,True,False,True,RAD;UCDP_ACTOR
c89bcc0312d95f554178ced97cae3d9dff82a91d,Restoration Council of Shan States,restoration council of shan states,UCDP_ACTOR,NameOrigFull,256,RCSS,1,False,34,False,False,True,UCDP_ACTOR
143d9542c0291540ee6a459ecb0f91b562cd3b7f,Restoration Council of Shan States,restoration council of shan states,UCDP_ACTOR,NameOrigFullEng,256,RCSS,1,False,34,False,False,True,UCDP_ACTOR
41dbde2bf798388ece5c763d3924dac07bae7d6c,MTA,mta,UCDP_ACTOR,NamePrev,256,RCSS,1,True,3,True,False,True,UCDP_ACTOR
f4b6f4fdcf3facc8445692b03c22af29062368bd,Nepali Congress,nepali congress,UCDP_ACTOR,NameOrigFullEng,257,NC,1,False,15,False,False,True,UCDP_ACTOR
036fa06608e376a3ebefa9be0d3eb87528f61ca5,CPN-M,cpn-m,UCDP_ACTOR,NameData,258,CPN-M,1,True,5,False,False,True,RAD;UCDP_ACTOR
ab69b229795ae6d9e394e11efc5cbc1223f6f124,CPN-M,cpn-m,UCDP_ACTOR,NameOrig,258,CPN-M,1,True,5,False,False,True,RAD;UCDP_ACTOR
e36ddc76ea910e7855aac21172e6214e830c5a6e,Samyukta Jana Morcha,samyukta jana morcha,UCDP_ACTOR,NameOrigFull,258,CPN-M,1,False,20,False,False,True,RAD;UCDP_ACTOR
e07f87d26328313cc9016350287918dfea5e1c7a,Communist Party of Nepal-Maoist,communist party of nepal-maoist,UCDP_ACTOR,NameOrigFullEng,258,CPN-M,1,False,31,False,False,True,UCDP_ACTOR
ab36b3cd65cfe6f362d2cb4c3e0d450937e8b47c,OAS,oas,UCDP_ACTOR,NameData,259,OAS,1,True,3,True,False,True,UCDP_ACTOR
9f5786de8a151fa6e8db877e1b20942c58ad70a9,OAS,oas,UCDP_ACTOR,NameOrig,259,OAS,1,True,3,True,False,True,UCDP_ACTOR
34c33c2887cf6f5233f918ebaf70ed110d9ab9c8,Organisation de larmée secrète,organisation de larmée secrète,UCDP_ACTOR,NameOrigFull,259,OAS,1,False,30,False,False,True,UCDP_ACTOR
3339103bd74492c5f50d581f183bf4ade7ef6ec3,Secret Army Organization,secret army organization,UCDP_ACTOR,NameOrigFullEng,259,OAS,1,False,24,False,False,True,UCDP_ACTOR
fb549d1f73bff3587ead6a45d45e0d820e1e00ff,KDP,kdp,UCDP_ACTOR,NameData,260,KDP,1,True,3,True,False,True,RAD;UCDP_ACTOR
543f4d01ddcd32a77e96a9a35523e93478503eea,KDP,kdp,UCDP_ACTOR,NameOrig,260,KDP,1,True,3,True,False,True,RAD;UCDP_ACTOR
ecbae354d507314e7d13a7ee8ddefc6ab43719ba,Al-hizb al dimuqraati al-kurid,al-hizb al dimuqraati al-kurid,UCDP_ACTOR,NameOrigFull,260,KDP,1,False,30,False,False,True,UCDP_ACTOR
9eae39afbe68a724afd943a00371788e64488abd,Kurdish Democratic Party of Iraq,kurdish democratic party of iraq,UCDP_ACTOR,NameOrigFullEng,260,KDP,1,False,32,False,False,True,UCDP_ACTOR
760102995492f1d7d87fddf26bbb87841a66708f,KDPI,kdpi,UCDP_ACTOR,NamePrev,260,KDP,1,True,4,True,False,True,RAD;UCDP_ACTOR
10203af40aecbc17a7afa52741db90f45b7b8d3e,PUK,puk,UCDP_ACTOR,NameData,261,PUK,1,True,3,True,False,True,RAD;UCDP_ACTOR
fc350415c8b659b382972c2435c296ec50f5533e,PUK,puk,UCDP_ACTOR,NameOrig,261,PUK,1,True,3,True,False,True,RAD;UCDP_ACTOR
b94f9d80c259dd551ad12f5bf1b1f97cf7403ca0,Yekîtiya Nîştimanî ya Kurdistanê,yekîtiya nîştimanî ya kurdistanê,UCDP_ACTOR,NameOrigFull,261,PUK,1,False,32,False,False,True,UCDP_ACTOR
6449cd333cca4bc42a12567c8c2e9caf4fbdba2c,Patriotic Union of Kurdistan,patriotic union of kurdistan,UCDP_ACTOR,NameOrigFullEng,261,PUK,1,False,28,False,False,True,RAD;UCDP_ACTOR
74ac6ae2e862b30866094a20a5011ece6d6b6737,KDP,kdp,UCDP_ACTOR,NamePrev,261,PUK,1,True,3,True,False,True,RAD;UCDP_ACTOR
dd6e760016b6be257db896f9bbbcd747109c83b5,KDP-QM,kdp-qm,UCDP_ACTOR,NameData,262,KDP-QM,1,True,6,False,False,True,UCDP_ACTOR
fd815c78fdfd4dc2ebbe6950d07804745900687e,KDP-QM,kdp-qm,UCDP_ACTOR,NameOrig,262,KDP-QM,1,True,6,False,False,True,UCDP_ACTOR
fe01e1da317b8366539cfe7bcdbaa6c87591ba4e,Al-hizb al dimuqraati al-kurid - Qiyada Muvaqqata,al-hizb al dimuqraati al-kurid - qiyada muvaqqata,UCDP_ACTOR,NameOrigFull,262,KDP-QM,1,False,49,False,False,True,UCDP_ACTOR
35a8c3552a6bed4b612e4515587b00bf8f49bdef,Kurdish Democratic Party of Iraq-Provisional Command,kurdish democratic party of iraq-provisional command,UCDP_ACTOR,NameOrigFullEng,262,KDP-QM,1,False,52,False,False,True,UCDP_ACTOR
3deee2348c8fb30e00b80c8fbd66820c70a0d6c4,KDP,kdp,UCDP_ACTOR,NamePrev,262,KDP-QM,1,True,3,True,False,True,RAD;UCDP_ACTOR
ff5246ae55212639d12102c639663cd792b0ff75,KDP,kdp,UCDP_ACTOR,GroupName,262,KDP-QM,1,True,3,True,False,True,RAD;UCDP_ACTOR
cecfa23716d48c8d2e8a053923da6e8603c4d8fd,North Kalimantan Liberation Army,north kalimantan liberation army,UCDP_ACTOR,NameData,263,North Kalimantan Liberation Army,1,False,32,False,False,True,UCDP_ACTOR
cd9c1556a6c54ccb3f0790e7146b37b4c1822f2b,North Kalimantan Liberation Army,north kalimantan liberation army,UCDP_ACTOR,NameOrig,263,North Kalimantan Liberation Army,1,False,32,False,False,True,UCDP_ACTOR
39f3967360d51d61855fbb58a6642604f4067224,Tentera Nasional Kalimantan Utama,tentera nasional kalimantan utama,UCDP_ACTOR,NameOrigFull,263,North Kalimantan Liberation Army,1,False,33,False,False,True,UCDP_ACTOR
2be4944c0d9e72aabbfb6bd02ebc5f19340c894a,North Kalimantan Liberation Army,north kalimantan liberation army,UCDP_ACTOR,NameOrigFullEng,263,North Kalimantan Liberation Army,1,False,32,False,False,True,UCDP_ACTOR
cc6a9ce5ce6857405dee5ff286dda9310fbf0dbd,CCO,cco,UCDP_ACTOR,NameData,264,CCO,1,True,3,True,False,True,UCDP_ACTOR
50b1b1651faa3f3ba546c31d334e76b4c5abd287,CCO,cco,UCDP_ACTOR,NameOrig,264,CCO,1,True,3,True,False,True,UCDP_ACTOR
4bb94afc9d0d9951a05d46d03a9a24dcfa92ee4c,Clandestine Communist Organization,clandestine communist organization,UCDP_ACTOR,NameOrigFullEng,264,CCO,1,False,34,False,False,True,UCDP_ACTOR
761ae7918e62e2a8eccbc8a60e448819aa945685,FLOSY,flosy,UCDP_ACTOR,NameData,265,FLOSY,1,True,5,False,False,True,UCDP_ACTOR
dd74690e513a9b3dfd359551ae5ba7d0d0aedc6f,NLF,nlf,UCDP_ACTOR,NameOrig,265,FLOSY,1,True,3,True,False,True,UCDP_ACTOR
84ee079c7e89d3cbd06cb5a9ac722c32c7d17b10,National Liberation Front,national liberation front,UCDP_ACTOR,NameOrigFullEng,265,FLOSY,1,False,25,False,False,True,RAD;UCDP_ACTOR
d70ecb59f9d0c44f52b94e678f2eeeecd747778b,FLOSY,flosy,UCDP_ACTOR,NewName,265,FLOSY,1,True,5,False,False,True,UCDP_ACTOR
8aad76713595bc2bc8730b77b736ad9dd76757ee,Front for the Liberation of South Yemen,front for the liberation of south yemen,UCDP_ACTOR,NewNameFullEng,265,FLOSY,1,False,39,False,False,True,UCDP_ACTOR
5cea47eb31d56e78d2cc7bbe2c3542b3920b7db9,OPM,opm,UCDP_ACTOR,NameData,266,OPM,1,True,3,True,False,True,RAD;UCDP_ACTOR
f285cb3d1fb5946eece3e3b1b005b530a4e4f2a9,OPM,opm,UCDP_ACTOR,NameOrig,266,OPM,1,True,3,True,False,True,RAD;UCDP_ACTOR
f02a7ed4ef8d0d64671ce3d123ac25f5aa7af19e,Organisasi Papua merdeka,organisasi papua merdeka,UCDP_ACTOR,NameOrigFull,266,OPM,1,False,24,False,False,True,RAD;UCDP_ACTOR
a3a07a3e93f89f5d815ca7f9eb38d938fd85a796,Organization for a Free Papua,organization for a free papua,UCDP_ACTOR,NameOrigFullEng,266,OPM,1,False,29,False,False,True,RAD;UCDP_ACTOR
d32df0bbf8f4aa6a7049d812239483f452158434,MNF,mnf,UCDP_ACTOR,NameData,267,MNF,1,True,3,True,False,True,UCDP_ACTOR
71cf9a92e3868b5a2db38350979d1e84177391ca,MNF,mnf,UCDP_ACTOR,NameOrig,267,MNF,1,True,3,True,False,True,UCDP_ACTOR
c434bc21ba64f3f432f49207bea42a6518590be9,Mizo National Front,mizo national front,UCDP_ACTOR,NameOrigFullEng,267,MNF,1,False,19,False,False,True,UCDP_ACTOR
7ae5aeedcbfc5d90450a09fe335439b1a52942ea,Military faction (forces loyal to Nureddin Atassi and Youssef Zeayen),military faction (forces loyal to nureddin atassi and youssef zeayen),UCDP_ACTOR,NameData,268,Military faction (forces loyal to Nureddin Atassi and Youssef Zeayen),1,False,69,False,False,True,UCDP_ACTOR
ebbe23c93e6d315ba49395a4f84e1aa99a1ebec7,Military faction (forces loyal to Nureddin Atassi and Youssef Zeayen),military faction (forces loyal to nureddin atassi and youssef zeayen),UCDP_ACTOR,NameOrig,268,Military faction (forces loyal to Nureddin Atassi and Youssef Zeayen),1,False,69,False,False,True,UCDP_ACTOR
da4d1001991805e5a4e452b1e1b40e93c59a1445,Military faction (forces loyal to Nureddin Atassi and Youssef Zeayen),military faction (forces loyal to nureddin atassi and youssef zeayen),UCDP_ACTOR,NameOrigFullEng,268,Military faction (forces loyal to Nureddin Atassi and Youssef Zeayen),1,False,69,False,False,True,UCDP_ACTOR
f9ea5e586cadd359f0f19e71d217cec253378232,Muslim Brotherhood,muslim brotherhood,UCDP_ACTOR,NameData,269,Muslim Brotherhood,1,False,18,False,False,True,UCDP_ACTOR
4d0ce85d5f9826f867c660a9d271cf30d32c5e11,Muslim Brotherhood,muslim brotherhood,UCDP_ACTOR,NameOrig,269,Muslim Brotherhood,1,False,18,False,False,True,UCDP_ACTOR
515a910725ed669784fb1dbce942189a21d1bbc0,Muslim Brotherhood,muslim brotherhood,UCDP_ACTOR,NameOrigFullEng,269,Muslim Brotherhood,1,False,18,False,False,True,UCDP_ACTOR
998dca70c95208753e357e5a5b40cf3767b1eb01,Khmer Rouge,khmer rouge,UCDP_ACTOR,NameOrigFull,270,KR,1,False,11,False,False,True,UCDP_ACTOR
ecd72c363e6fcad33312d1dab30389e1866314c0,Red Khmers,red khmers,UCDP_ACTOR,NameOrigFullEng,270,KR,1,False,10,False,False,True,UCDP_ACTOR
f4611a1ec3590031e2fe0a9f445b1674b98ad008,FUNK,funk,UCDP_ACTOR,NewName,270,KR,1,True,4,True,False,True,UCDP_ACTOR
d224e9312a9ae32123ad5b70e68643639d9a10c4,Front uni national du Kampuchéa,front uni national du kampuchéa,UCDP_ACTOR,NewNameFullMotherTongue,270,KR,1,False,31,False,False,True,UCDP_ACTOR
fb46161d45dc62a782a5f4c1c6b19de708a5a239,Khmer Rouge,khmer rouge,UCDP_ACTOR,NewNameFullMotherTongue,270,KR,1,False,11,False,False,True,UCDP_ACTOR
061ed38f35058f59034c9d7dc05aebfffec31a83,National United Front of Kampuchea,national united front of kampuchea,UCDP_ACTOR,NewNameFullEng,270,KR,1,False,34,False,False,True,UCDP_ACTOR
76ebf51be078781c753c577bb8d0248bf92ccc4d,Red Khmers,red khmers,UCDP_ACTOR,NewNameFullEng,270,KR,1,False,10,False,False,True,UCDP_ACTOR
9d9f282acee7664ad87d4d3b422800bd7ae4e8fe,KNUFNS,knufns,UCDP_ACTOR,NameData,271,KNUFNS,1,True,6,False,False,True,UCDP_ACTOR
20d048329a38dff3d287b5a4909d0e8aae8a9f03,KNUFNS,knufns,UCDP_ACTOR,NameOrig,271,KNUFNS,1,True,6,False,False,True,UCDP_ACTOR
8a0d5537dcf9f096286603c0f49ec10aaf471f58,Kampuchean National United Front for National Salvation,kampuchean national united front for national salvation,UCDP_ACTOR,NameOrigFullEng,271,KNUFNS,1,False,55,False,False,True,UCDP_ACTOR
81cec41fa43de31bd9bfae4b241446ca1f092ec6,KPNLF,kpnlf,UCDP_ACTOR,NameData,272,KPNLF,1,True,5,False,False,True,RAD;UCDP_ACTOR
819c4ea08197017f2342302430a4b4030033b41a,KPNLF,kpnlf,UCDP_ACTOR,NameOrig,272,KPNLF,1,True,5,False,False,True,RAD;UCDP_ACTOR
7a9b1f2224a8f2ace1e092c14a0173dc14a24529,រណសិរ្សរំដោះជាតិប្រជាជនខ្មែរ,រណសិរ្សរំដោះជាតិប្រជាជនខ្មែរ,UCDP_ACTOR,NameOrigFull,272,KPNLF,1,True,28,False,False,True,UCDP_ACTOR
2784cf2b01e7bdbcbe29ddfced2c6a3037b4477e,Khmer Peoples National Liberation Front,khmer peoples national liberation front,UCDP_ACTOR,NameOrigFullEng,272,KPNLF,1,False,39,False,False,True,RAD;UCDP_ACTOR
8a1877b24b732c4c6e0e8fcdf86430dc9ffa522d,FUNCINPEC,funcinpec,UCDP_ACTOR,NameData,273,FUNCINPEC,1,True,9,False,False,True,RAD;UCDP_ACTOR
dddb238f63a2a377a1365ea761863fa3efe6efbc,FUNCINPEC,funcinpec,UCDP_ACTOR,NameOrig,273,FUNCINPEC,1,True,9,False,False,True,RAD;UCDP_ACTOR
b4742abc3050653c802ef163d9e4f5602d1b5454,Front uni national pour un Cambodge indépendent,front uni national pour un cambodge indépendent,UCDP_ACTOR,NameOrigFull,273,FUNCINPEC,1,False,47,False,False,True,UCDP_ACTOR
6c77529512b7d2ff1f3d7d6568c9ebfab9c5ddd4,neutre,neutre,UCDP_ACTOR,NameOrigFull,273,FUNCINPEC,1,True,6,False,False,True,UCDP_ACTOR
d1cc925ca96d88b547493791c5d6bdc7a0d6dabc,pacifique et coopératif,pacifique et coopératif,UCDP_ACTOR,NameOrigFull,273,FUNCINPEC,1,False,23,False,False,True,UCDP_ACTOR
a0149f9cba8b78b72cf086c616a472400484eb2d,United National Front for an Independent,united national front for an independent,UCDP_ACTOR,NameOrigFullEng,273,FUNCINPEC,1,False,40,False,False,True,RAD;UCDP_ACTOR
24569e609ca643d46083f55e4b9f2bcf784d924e,Neutral,neutral,UCDP_ACTOR,NameOrigFullEng,273,FUNCINPEC,1,True,7,False,False,True,RAD;UCDP_ACTOR
5b406d268112fa6f693c2ddbecafcac6c27fd2ec,Peaceful and Cooperative Cambodia,peaceful and cooperative cambodia,UCDP_ACTOR,NameOrigFullEng,273,FUNCINPEC,1,False,33,False,False,True,RAD;UCDP_ACTOR
62b2d84d3325603dbb6e7a6ac148412de9163aec,MIM,mim,UCDP_ACTOR,NameData,274,MIM,1,True,3,True,False,True,UCDP_ACTOR
8fc1465f2e2d45ffb0b267fa587d924d2ec6d6f3,MIM,mim,UCDP_ACTOR,NameOrig,274,MIM,1,True,3,True,False,True,UCDP_ACTOR
2a5f9d01234d5689a837766464f2522f7c5b463b,Mindanao Independence Movement,mindanao independence movement,UCDP_ACTOR,NameOrigFullEng,274,MIM,1,False,30,False,False,True,UCDP_ACTOR
02ff46f934868bdb410372cf46a61b1a0a150f7b,MNLF,mnlf,UCDP_ACTOR,NameData,275,MNLF,1,True,4,True,False,True,UCDP_ACTOR
d3e0391956c04063a0f4d59de97fac6f257301eb,MNLF,mnlf,UCDP_ACTOR,NameOrig,275,MNLF,1,True,4,True,False,True,UCDP_ACTOR
42cbe17a9651b4a82a2cac428fd50418df5fb428,Moro National Liberation Front,moro national liberation front,UCDP_ACTOR,NameOrigFullEng,275,MNLF,1,False,30,False,False,True,UCDP_ACTOR
4d96eb449c42ecda643405c487407b971e51e250,MIM,mim,UCDP_ACTOR,NamePrev,275,MNLF,1,True,3,True,False,True,UCDP_ACTOR
97bab05dc5ee9e59704ff2e671af9c2c9034a075,MILF,milf,UCDP_ACTOR,NameData,276,MILF,1,True,4,True,False,True,RAD;UCDP_ACTOR
29bf918ec115b6c0dd6d239d1dd4cfe50db97aff,MILF,milf,UCDP_ACTOR,NameOrig,276,MILF,1,True,4,True,False,True,RAD;UCDP_ACTOR
059a469ccb581c4f540c56928844cced65251e72,Jabhat tahrir muru aliislamiati‎,jabhat tahrir muru aliislamiati‎,UCDP_ACTOR,NameOrigFull,276,MILF,1,False,32,False,False,True,UCDP_ACTOR
510e3438392a6a1f5804c92df20add0f8650dbda,Moro Islamic Liberation Front,moro islamic liberation front,UCDP_ACTOR,NameOrigFullEng,276,MILF,1,False,29,False,False,True,RAD;UCDP_ACTOR
6530d16bef9ba75c9d9cb839af2ee5520063375a,MNLF,mnlf,UCDP_ACTOR,NamePrev,276,MILF,1,True,4,True,False,True,UCDP_ACTOR
a3b05c1db4f6c7ef8aa0008b11dcc6064d6e91f6,ASG,asg,UCDP_ACTOR,NameData,277,ASG,1,True,3,True,False,True,RAD;UCDP_ACTOR
0d01f1b099a82e1e5e6debed150c7c3d8811c9e5,ASG,asg,UCDP_ACTOR,NameOrig,277,ASG,1,True,3,True,False,True,RAD;UCDP_ACTOR
764f302e0f53575a827795165378490f04f4f334,Abu Sayyaf Group,abu sayyaf group,UCDP_ACTOR,NameOrigFull,277,ASG,1,False,16,False,False,True,RAD;UCDP_ACTOR
88485fea124c03f389ee00c914416c8bc76940b8,Abu Sayyaf Group,abu sayyaf group,UCDP_ACTOR,NameOrigFullEng,277,ASG,1,False,16,False,False,True,RAD;UCDP_ACTOR
c720c8e48c43f2363d6e08ecf4935ad853f88016,MNLF - NM,mnlf - nm,UCDP_ACTOR,NameData,278,MNLF - NM,1,False,9,False,False,True,RAD;UCDP_ACTOR
ce72e3810f8e15f0b61cb83b1b90c08898e17ed8,MNLF - NM,mnlf - nm,UCDP_ACTOR,NameOrig,278,MNLF - NM,1,False,9,False,False,True,RAD;UCDP_ACTOR
9d0a5c899a910b64e80415b48f7a5fd4790f2d1c,Moro National Liberation Front - Nur Misauri faction,moro national liberation front - nur misauri faction,UCDP_ACTOR,NameOrigFullEng,278,MNLF - NM,1,False,52,False,False,True,UCDP_ACTOR
18c91b236c7bfd4c0a349c6844f3d26065f1d669,MNLF,mnlf,UCDP_ACTOR,NamePrev,278,MNLF - NM,1,True,4,True,False,True,UCDP_ACTOR
8bcd5d3a4826f334ac410ebd5df234c37ec9eaeb,MNLF - HM,mnlf - hm,UCDP_ACTOR,NameData,279,MNLF - HM,1,False,9,False,False,True,RAD;UCDP_ACTOR
eadc4e66dd98b15cd617e9ac55fd7f245552db29,MNLF - HM,mnlf - hm,UCDP_ACTOR,NameOrig,279,MNLF - HM,1,False,9,False,False,True,RAD;UCDP_ACTOR
d66e1aa6a7462aa56de55bdafce2427bda17c76f,Moro National Liberation Front - Habier Malik faction,moro national liberation front - habier malik faction,UCDP_ACTOR,NameOrigFullEng,279,MNLF - HM,1,False,53,False,False,True,UCDP_ACTOR
78b78ef60437be067902f9fa7cffc3d07dbb57f5,MNLF,mnlf,UCDP_ACTOR,NamePrev,279,MNLF - HM,1,True,4,True,False,True,UCDP_ACTOR
d9dc687c646e5ab4f80f57ff5d2d14890862277a,Mukti Bahini,mukti bahini,UCDP_ACTOR,NameData,280,Mukti Bahini,1,False,12,False,False,True,UCDP_ACTOR
2985e114c5633344cb22a299ddd8258eaf45539c,Mukti Bahini,mukti bahini,UCDP_ACTOR,NameOrig,280,Mukti Bahini,1,False,12,False,False,True,UCDP_ACTOR
dd682e3d2e23f7e8d66de0903ecedafc06b4a1ad,Mukti Bahini,mukti bahini,UCDP_ACTOR,NameOrigFull,280,Mukti Bahini,1,False,12,False,False,True,UCDP_ACTOR
c8c8c8a83ec26dc8029aa95fd75124ffda65e613,Liberation Force,liberation force,UCDP_ACTOR,NameOrigFullEng,280,Mukti Bahini,1,False,16,False,False,True,UCDP_ACTOR
4796eb9bb313c088a089b2c8d5b44859b3bed9fc,JVP,jvp,UCDP_ACTOR,NameData,281,JVP,1,True,3,True,False,True,RAD;UCDP_ACTOR
6a78a03f0423dc3279113275c431dd9e14b501dd,JVP,jvp,UCDP_ACTOR,NameOrig,281,JVP,1,True,3,True,False,True,RAD;UCDP_ACTOR
8401b69a60685bd298367486483643cda535e2b2,Janatha Vimukthi Peramuna,janatha vimukthi peramuna,UCDP_ACTOR,NameOrigFull,281,JVP,1,False,25,False,False,True,RAD;UCDP_ACTOR
d4a1027adf2777b719551148564edb5b5dbbc6b9,Peoples Liberation Front,peoples liberation front,UCDP_ACTOR,NameOrigFullEng,281,JVP,1,False,24,False,False,True,RAD;UCDP_ACTOR
dc299d593338fe8a782b94b1b6db0cbe12111287,PIRA,pira,UCDP_ACTOR,NameData,282,PIRA,1,True,4,True,False,True,UCDP_ACTOR
a992db1a0d992758d1e03225ab3a9b6329b9cadb,PIRA,pira,UCDP_ACTOR,NameOrig,282,PIRA,1,True,4,True,False,True,UCDP_ACTOR
52ad94eda56588a6c5abf735e3fcfd59c781bb6d,Provisional Irish Republican Army,provisional irish republican army,UCDP_ACTOR,NameOrigFullEng,282,PIRA,1,False,33,False,False,True,UCDP_ACTOR
99b215cd205b9aa679df558fb79d26b2895183b8,RIRA,rira,UCDP_ACTOR,NameData,283,RIRA,1,True,4,True,False,True,RAD;UCDP_ACTOR
c129e3ea390afab4ce4a07690f8a84651c3c2bfb,RIRA,rira,UCDP_ACTOR,NameOrig,283,RIRA,1,True,4,True,False,True,RAD;UCDP_ACTOR
48389b3c39ae4ef80215c7928d06c7b5d99b9d73,Óglaigh na hÉireann,óglaigh na héireann,UCDP_ACTOR,NameOrigFull,283,RIRA,1,False,19,False,False,True,UCDP_ACTOR
fd814592fca22de873e94c0617076d0dafe515bd,Real Irish Republican Army,real irish republican army,UCDP_ACTOR,NameOrigFullEng,283,RIRA,1,False,26,False,False,True,RAD;UCDP_ACTOR
9172b24db93a88d92e4dca32edf39ef32412db2a,RIRA,rira,UCDP_ACTOR,NamePrev,283,RIRA,1,True,4,True,False,True,RAD;UCDP_ACTOR
0034d63060020bceb18b5466c5b923e512aa70f9,PFLO,pflo,UCDP_ACTOR,NameData,284,PFLO,1,True,4,True,False,True,UCDP_ACTOR
0ea88cff7daeb91cba7ed52fe0a055e633affb3b,PFLOAG,pfloag,UCDP_ACTOR,NameOrig,284,PFLO,1,True,6,False,False,True,UCDP_ACTOR
1492cd2a590ac2e83c9929c08dd4aafc20969b25,al-Jabha al-Shaabiya li-Tahrir al-Khalij al-Arabi al-Muhtall,al-jabha al-shaabiya li-tahrir al-khalij al-arabi al-muhtall,UCDP_ACTOR,NameOrigFull,284,PFLO,1,False,60,False,False,True,UCDP_ACTOR
c52e8233c13e64b98da04090900c633c5ea669cb,Popular Front for the Liberation of the Occupied Arab Gulf,popular front for the liberation of the occupied arab gulf,UCDP_ACTOR,NameOrigFullEng,284,PFLO,1,False,58,False,False,True,UCDP_ACTOR
0f99f68eb390dbb73a36de7385d2c5d81acc72cf,PFLOAG,pfloag,UCDP_ACTOR,NewName,284,PFLO,1,True,6,False,False,True,UCDP_ACTOR
d6e36531e5d68ca671d39506bed5f8139560b1e7,PFLO,pflo,UCDP_ACTOR,NewName,284,PFLO,1,True,4,True,False,True,UCDP_ACTOR
dd900535a632a3e28550c0bfe9a5f06dfb717650,al-Jabhah al-Shaabiyah li-Tahrir Uman wa-al-Khalij al-Arabi,al-jabhah al-shaabiyah li-tahrir uman wa-al-khalij al-arabi,UCDP_ACTOR,NewNameFullMotherTongue,284,PFLO,1,False,59,False,False,True,UCDP_ACTOR
d59102387ac88c515730681fadc829bd3fcc6f92,al-Jabhah al-Shaabiyah li-Tahrir Uman,al-jabhah al-shaabiyah li-tahrir uman,UCDP_ACTOR,NewNameFullMotherTongue,284,PFLO,1,False,37,False,False,True,UCDP_ACTOR
b0d2e8a76fddba8d16b51e5c4d5eb450a8d94d82,Popular Front for the Liberation of Oman and the Arabian Gulf,popular front for the liberation of oman and the arabian gulf,UCDP_ACTOR,NewNameFullEng,284,PFLO,1,False,61,False,False,True,UCDP_ACTOR
ce2e6db11ab62a7ad1377b1d04dc65633cd5ce58,Popular Front for the Liberation of Oman,popular front for the liberation of oman,UCDP_ACTOR,NewNameFullEng,284,PFLO,1,False,40,False,False,True,UCDP_ACTOR
9c1ea53b8bdbfc083761c3cdf521736ea5c902d1,PCJSS,pcjss,UCDP_ACTOR,NameData,285,PCJSS,1,True,5,False,False,True,UCDP_ACTOR
c506ae9f70a630baf479b1952c61450da6967fdb,PCJSS,pcjss,UCDP_ACTOR,NameOrig,285,PCJSS,1,True,5,False,False,True,UCDP_ACTOR
de9e368faa47ad370be6da7151db45a8e8e662a5,Parbattya Chattagram Jana Samhati Samiti,parbattya chattagram jana samhati samiti,UCDP_ACTOR,NameOrigFull,285,PCJSS,1,False,40,False,False,True,UCDP_ACTOR
031e853ee1d5ed1920000b398cda768050652bc4,Chittagong Hill Tracts Peoples Solidarity Association,chittagong hill tracts peoples solidarity association,UCDP_ACTOR,NameOrigFullEng,285,PCJSS,1,False,53,False,False,True,UCDP_ACTOR
6f855fda8ada69f45643030bd6e283f2a3bff6da,BLA,bla,UCDP_ACTOR,NameData,287,BLA,1,True,3,True,False,True,RAD;UCDP_ACTOR
bb1e80e847bf3c247a4fe44fad62196fd05a90d5,BLA,bla,UCDP_ACTOR,NameOrig,287,BLA,1,True,3,True,False,True,RAD;UCDP_ACTOR
213e9deb6ded47620629966d175130cb0c9dc700,بلۏچستان آجوییء لشکر,بلۏچستان آجوییء لشکر,UCDP_ACTOR,NameOrigFull,287,BLA,1,False,20,False,False,True,UCDP_ACTOR
9161702eeea7df4de8e0eb4d5b11c43a5edf67e1,Balochistan Liberation Army,balochistan liberation army,UCDP_ACTOR,NameOrigFullEng,287,BLA,1,False,27,False,False,True,RAD;UCDP_ACTOR
a674b7f039bc5354a4a72b6af960496029095821,BRAS,bras,UCDP_ACTOR,NameAlliance,287,BLA,1,True,4,True,False,True,UCDP_ACTOR
934c28dcb3890d39558d80803b04c2b58db7cc7c,Baloch Ittehad,baloch ittehad,UCDP_ACTOR,NameData,288,Baloch Ittehad,1,False,14,False,False,True,RAD;UCDP_ACTOR
07c9a8b1ece0ba5c653a8437a68dd665d375a10c,Baloch Ittehad,baloch ittehad,UCDP_ACTOR,NameOrig,288,Baloch Ittehad,1,False,14,False,False,True,RAD;UCDP_ACTOR
7288a792b63f3e1801cd8e459e595e598ab12537,Baloch Ittehad,baloch ittehad,UCDP_ACTOR,NameOrigFull,288,Baloch Ittehad,1,False,14,False,False,True,RAD;UCDP_ACTOR
1286b89fdea313df60bbe059ef51ebb976f2ec89,Baloch Unity,baloch unity,UCDP_ACTOR,NameOrigFullEng,288,Baloch Ittehad,1,False,12,False,False,True,UCDP_ACTOR
05e229dc09dc2b341f370fc9ecfe98adf1d2746e,BRA,bra,UCDP_ACTOR,NameData,289,BRA,1,True,3,True,False,True,RAD;UCDP_ACTOR
42d60b971dc7ba9ec572184e8391dc327ee4f439,BRA,bra,UCDP_ACTOR,NameOrig,289,BRA,1,True,3,True,False,True,RAD;UCDP_ACTOR
e6a20e146cbc44cfb120424991cc869d2dd859b5,Baloch Republican Army,baloch republican army,UCDP_ACTOR,NameOrigFullEng,289,BRA,1,False,22,False,False,True,UCDP_ACTOR
3fffbe90ac0516d57291dca21a9d6d7a8bdfe206,BRAS,bras,UCDP_ACTOR,NameAlliance,289,BRA,1,True,4,True,False,True,UCDP_ACTOR
f936db4a0ad18eb01cc20bc2c9454a9b87e3fcda,CNRT,cnrt,UCDP_ACTOR,NameData,290,CNRT,1,True,4,True,False,True,RAD;UCDP_ACTOR
a76da037025985ccce81d2195d26385066a013ad,Fretilin,fretilin,UCDP_ACTOR,NameOrig,290,CNRT,1,True,8,False,False,True,RAD;UCDP_ACTOR
8beb9b773b824ac82c8c4e01a538b3e20c7a6bc9,Frente revolucionária de Timor Leste independente,frente revolucionária de timor leste independente,UCDP_ACTOR,NameOrigFull,290,CNRT,1,False,49,False,False,True,UCDP_ACTOR
cd1f82be19e2ae2696d3d7ecbc22526416daf0e7,National Council of the Timorese Resistance,national council of the timorese resistance,UCDP_ACTOR,NameOrigFullEng,290,CNRT,1,False,43,False,False,True,UCDP_ACTOR
24e73e50ea17f9df4c6fd0516ca6e36886e0ae9e,CNRM,cnrm,UCDP_ACTOR,NewName,290,CNRT,1,True,4,True,False,True,UCDP_ACTOR
f2299a1945b6611ce2e0e6bc2cbb97809bed8a53,CNRT,cnrt,UCDP_ACTOR,NewName,290,CNRT,1,True,4,True,False,True,RAD;UCDP_ACTOR
ee0577bb53106598f2fb3b1a0ea30eeb72f7ece8,Conselho Nacional da Resistancia Maubere,conselho nacional da resistancia maubere,UCDP_ACTOR,NewNameFullMotherTongue,290,CNRT,1,False,40,False,False,True,UCDP_ACTOR
03af73813c8c4cd8a65efd356a261d41c02ddbea,Conselho Nacional de Resistencia Timorense,conselho nacional de resistencia timorense,UCDP_ACTOR,NewNameFullMotherTongue,290,CNRT,1,False,42,False,False,True,UCDP_ACTOR
44fb0ae83a55d0f917686d64244c3d9d73588420,National Council of the Maubere Resistance,national council of the maubere resistance,UCDP_ACTOR,NewNameFullEng,290,CNRT,1,False,42,False,False,True,UCDP_ACTOR
6ae262db8c36043477746ad61a33b0c01a234485,National Council of the Timorese Resistance,national council of the timorese resistance,UCDP_ACTOR,NewNameFullEng,290,CNRT,1,False,43,False,False,True,UCDP_ACTOR
1507efa744a26337add2b6b692da9239f4dc4e59,PDPA,pdpa,UCDP_ACTOR,NameData,291,PDPA,1,True,4,True,False,True,UCDP_ACTOR
4f7b74a5ee0f1b7e5ec72bc4936bfa85c28747ea,PDPA,pdpa,UCDP_ACTOR,NameOrig,291,PDPA,1,True,4,True,False,True,UCDP_ACTOR
eba321ba5b34eba3e88139afaa2edd7f15f1109b,Hizb-i Demokratik-i Khalq-i Afghanistan,hizb-i demokratik-i khalq-i afghanistan,UCDP_ACTOR,NameOrigFull,291,PDPA,1,False,39,False,False,True,UCDP_ACTOR
252c55cf4978858f5b5684eac365b9458b78cdd6,Peoples Democratic Republic of Afghanistan,peoples democratic republic of afghanistan,UCDP_ACTOR,NameOrigFullEng,291,PDPA,1,False,42,False,False,True,UCDP_ACTOR
a6c12507e10c9bd787c5a20c2ea20e05626ce3b8,Jamiyyat-i Islami-yi Afghanistan,jamiyyat-i islami-yi afghanistan,UCDP_ACTOR,NameData,292,Jamiyyat-i Islami-yi Afghanistan,1,False,32,False,False,True,RAD;UCDP_ACTOR
e270e9992229709e2aa6d14cb2a062f407e06d68,Jamiyyat-i Islami-yi Afghanistan,jamiyyat-i islami-yi afghanistan,UCDP_ACTOR,NameOrig,292,Jamiyyat-i Islami-yi Afghanistan,1,False,32,False,False,True,RAD;UCDP_ACTOR
8faa992620c98adde10f4b2ffefcaec0e5b20840,Jamiyyat-i Islami-yi Afghanistan,jamiyyat-i islami-yi afghanistan,UCDP_ACTOR,NameOrigFull,292,Jamiyyat-i Islami-yi Afghanistan,1,False,32,False,False,True,RAD;UCDP_ACTOR
533880762d593c7586417e807f11246b87ad41d2,Islamic Society of Afghanistan,islamic society of afghanistan,UCDP_ACTOR,NameOrigFullEng,292,Jamiyyat-i Islami-yi Afghanistan,1,False,30,False,False,True,UCDP_ACTOR
aa04a03dd7fdd0a0f7c7535d5928569b3571bc09,UIFSA,uifsa,UCDP_ACTOR,NameAlliance,292,Jamiyyat-i Islami-yi Afghanistan,1,True,5,False,False,True,RAD;UCDP_ACTOR
ed55931462f170ed9bb76fa4298323b371929fb7,Harakat-i Inqilab-i Islami-yi Afghanistan,harakat-i inqilab-i islami-yi afghanistan,UCDP_ACTOR,NameData,293,Harakat-i Inqilab-i Islami-yi Afghanistan,1,False,41,False,False,True,UCDP_ACTOR
974a18a92824f16ef7aa2b9fad58750bb4aa66d3,Harakat-i Inqilab-i Islami-yi Afghanistan,harakat-i inqilab-i islami-yi afghanistan,UCDP_ACTOR,NameOrig,293,Harakat-i Inqilab-i Islami-yi Afghanistan,1,False,41,False,False,True,UCDP_ACTOR
db5cb3ec02e4194d75ebecff8e8c7bb3f8ad50ec,Harakat-i Inqilab-i Islami-yi Afghanistan,harakat-i inqilab-i islami-yi afghanistan,UCDP_ACTOR,NameOrigFull,293,Harakat-i Inqilab-i Islami-yi Afghanistan,1,False,41,False,False,True,UCDP_ACTOR
9a7c9c9c88d7b09cf30501e3ee3cd35ee6caa355,Movement of the Islamic Revolution,movement of the islamic revolution,UCDP_ACTOR,NameOrigFullEng,293,Harakat-i Inqilab-i Islami-yi Afghanistan,1,False,34,False,False,True,UCDP_ACTOR
9b3d2e758187f426a4fba711ee1ab6aa105ba9e0,Uprising of Afghanistan,uprising of afghanistan,UCDP_ACTOR,NameOrigFullEng,293,Harakat-i Inqilab-i Islami-yi Afghanistan,1,False,23,False,False,True,UCDP_ACTOR
994525c710c276c405147ba77d3aa835c113096c,Hizb-i Islami-yi Afghanistan - Khalis faction,hizb-i islami-yi afghanistan - khalis faction,UCDP_ACTOR,NameData,294,Hizb-i Islami-yi Afghanistan - Khalis faction,1,False,45,False,False,True,RAD;UCDP_ACTOR
8c034838bceeaf95e365dc11c39a1e9cd5161eb9,Hizb-i Islami-yi Afghanistan - Khalis faction,hizb-i islami-yi afghanistan - khalis faction,UCDP_ACTOR,NameOrig,294,Hizb-i Islami-yi Afghanistan - Khalis faction,1,False,45,False,False,True,RAD;UCDP_ACTOR
0d17f2a9c04cf9bf3016e3d4d6c92376143bf1d4,Hizb-i Islami-yi Afghanistan - Khalis faction,hizb-i islami-yi afghanistan - khalis faction,UCDP_ACTOR,NameOrigFull,294,Hizb-i Islami-yi Afghanistan - Khalis faction,1,False,45,False,False,True,RAD;UCDP_ACTOR
2b8efc17c82246fae0779b463c8a564c2248c5e6,Islamic Party of Afghanistan - Khalis faction,islamic party of afghanistan - khalis faction,UCDP_ACTOR,NameOrigFullEng,294,Hizb-i Islami-yi Afghanistan - Khalis faction,1,False,45,False,False,True,UCDP_ACTOR
3f037d896d61f9b80d8408f6f1666574fa2b8b27,Hizb-i Islami-yi Afghanistan,hizb-i islami-yi afghanistan,UCDP_ACTOR,NamePrev,294,Hizb-i Islami-yi Afghanistan - Khalis faction,1,False,28,False,False,True,RAD;UCDP_ACTOR
6c55d4c173f51cdcd6753dcb239b0d22a8f4412a,Jabha-yi Nijat-i Milli-yi Afghanistan,jabha-yi nijat-i milli-yi afghanistan,UCDP_ACTOR,NameData,295,Jabha-yi Nijat-i Milli-yi Afghanistan,1,False,37,False,False,True,UCDP_ACTOR
5f12ae1cdf7431bce029b55b7af9617fe7ce5e92,Jabha-yi Nijat-i Milli-yi Afghanistan,jabha-yi nijat-i milli-yi afghanistan,UCDP_ACTOR,NameOrig,295,Jabha-yi Nijat-i Milli-yi Afghanistan,1,False,37,False,False,True,UCDP_ACTOR
b33b0cef465ea0de3724d12730d7e87e6dd117eb,Jabha-yi Nijat-i Milli-yi Afghanistan,jabha-yi nijat-i milli-yi afghanistan,UCDP_ACTOR,NameOrigFull,295,Jabha-yi Nijat-i Milli-yi Afghanistan,1,False,37,False,False,True,UCDP_ACTOR
baca1d308ada111d4a4294b7c5b56c94d280d0ff,Afghanistan National Liberation Front,afghanistan national liberation front,UCDP_ACTOR,NameOrigFullEng,295,Jabha-yi Nijat-i Milli-yi Afghanistan,1,False,37,False,False,True,UCDP_ACTOR
5e13684a914ca883711f66f1a3d85cb6afe3e54a,Mahaz-i Milli-yi Islami-yi Afghanistan,mahaz-i milli-yi islami-yi afghanistan,UCDP_ACTOR,NameData,296,Mahaz-i Milli-yi Islami-yi Afghanistan,1,False,38,False,False,True,RAD;UCDP_ACTOR
b04423557126f9e9a9e7d25c29f53df9a2d8b94a,Mahaz-i Milli-yi Islami-yi Afghanistan,mahaz-i milli-yi islami-yi afghanistan,UCDP_ACTOR,NameOrig,296,Mahaz-i Milli-yi Islami-yi Afghanistan,1,False,38,False,False,True,RAD;UCDP_ACTOR
afac407e923ca9cf10944b9f704a278619d05fe9,Mahaz-i Milli-yi Islami-yi Afghanistan,mahaz-i milli-yi islami-yi afghanistan,UCDP_ACTOR,NameOrigFull,296,Mahaz-i Milli-yi Islami-yi Afghanistan,1,False,38,False,False,True,RAD;UCDP_ACTOR
99cc996036b14cc0d6aa785b20bb80678e9299a4,National Islamic Front of Afghanistan,national islamic front of afghanistan,UCDP_ACTOR,NameOrigFullEng,296,Mahaz-i Milli-yi Islami-yi Afghanistan,1,False,37,False,False,True,RAD;UCDP_ACTOR
2e035fd6d8b3b312e4a65f4d9c7df3b785cfe761,Ittihad-i Islami Bara-yi Azadi-yi Afghanistan,ittihad-i islami bara-yi azadi-yi afghanistan,UCDP_ACTOR,NameData,297,Ittihad-i Islami Bara-yi Azadi-yi Afghanistan,1,False,45,False,False,True,UCDP_ACTOR
166f6e1012d80f0c033c2f0c9b3d8dabe9793f74,Ittihad-i Islami Bara-yi Azadi-yi Afghanistan,ittihad-i islami bara-yi azadi-yi afghanistan,UCDP_ACTOR,NameOrig,297,Ittihad-i Islami Bara-yi Azadi-yi Afghanistan,1,False,45,False,False,True,UCDP_ACTOR
a5bedfecb4dc152326d09c8b408a466fd51a3943,Ittihad-i Islami Bara-yi Azadi-yi Afghanistan,ittihad-i islami bara-yi azadi-yi afghanistan,UCDP_ACTOR,NameOrigFull,297,Ittihad-i Islami Bara-yi Azadi-yi Afghanistan,1,False,45,False,False,True,UCDP_ACTOR
07cd35ef5901e515c67ca333c8dd9befe3583256,Islamic Union for the Freedom of Afghanistan,islamic union for the freedom of afghanistan,UCDP_ACTOR,NameOrigFullEng,297,Ittihad-i Islami Bara-yi Azadi-yi Afghanistan,1,False,44,False,False,True,UCDP_ACTOR
96b3180cce2f585c2bd2216ad9ea2c30a264d1ba,Harakat-i Islami-yi Afghanistan,harakat-i islami-yi afghanistan,UCDP_ACTOR,NameData,298,Harakat-i Islami-yi Afghanistan,1,False,31,False,False,True,UCDP_ACTOR
0820c9d7cb9c0da462b4e8c4cb86cb856c9e2bc5,Harakat-i Islami-yi Afghanistan,harakat-i islami-yi afghanistan,UCDP_ACTOR,NameOrig,298,Harakat-i Islami-yi Afghanistan,1,False,31,False,False,True,UCDP_ACTOR
1fd27292b92e6cc9604b2207ee4d31d61b80ab20,Harakat-i Islami-yi Afghanistan,harakat-i islami-yi afghanistan,UCDP_ACTOR,NameOrigFull,298,Harakat-i Islami-yi Afghanistan,1,False,31,False,False,True,UCDP_ACTOR
f407c95f6b607ac053c0f574b9336a051ba21569,Islamic Movement of Afghanistan,islamic movement of afghanistan,UCDP_ACTOR,NameOrigFullEng,298,Harakat-i Islami-yi Afghanistan,1,False,31,False,False,True,UCDP_ACTOR
f9ddb05327aa66b773ab1d8b5b4309f700d5f5cb,UIFSA,uifsa,UCDP_ACTOR,NameAlliance,298,Harakat-i Islami-yi Afghanistan,1,True,5,False,False,True,RAD;UCDP_ACTOR
59eead2de590922ee090528d07eb350bb4d1f571,Hizb-i Islami-yi Afghanistan,hizb-i islami-yi afghanistan,UCDP_ACTOR,NameData,299,Hizb-i Islami-yi Afghanistan,1,False,28,False,False,True,RAD;UCDP_ACTOR
30ca34e0d5ecf47b57eb36cec18f3972087c78d6,Hizb-i Islami-yi Afghanistan,hizb-i islami-yi afghanistan,UCDP_ACTOR,NameOrig,299,Hizb-i Islami-yi Afghanistan,1,False,28,False,False,True,RAD;UCDP_ACTOR
9eadbe942eb7f604ef475c8ff5704e481e62e27f,Hizb-i Islami-yi Afghanistan,hizb-i islami-yi afghanistan,UCDP_ACTOR,NameOrigFull,299,Hizb-i Islami-yi Afghanistan,1,False,28,False,False,True,RAD;UCDP_ACTOR
f33aa75bf8ca0e9abbbff826ce33d5c23a8d7303,Islamic Party of Afghanistan,islamic party of afghanistan,UCDP_ACTOR,NameOrigFullEng,299,Hizb-i Islami-yi Afghanistan,1,False,28,False,False,True,RAD;UCDP_ACTOR
9bba40440fea8ce4898811a42a1f6b287721a54a,Jamiyyat-i Islami-yi Afghanistan,jamiyyat-i islami-yi afghanistan,UCDP_ACTOR,NamePrev,299,Hizb-i Islami-yi Afghanistan,1,False,32,False,False,True,RAD;UCDP_ACTOR
64337413bb4f4e7f7f9ca8947f22b5a01e190b62,Hizb-i Wahdat,hizb-i wahdat,UCDP_ACTOR,NameData,300,Hizb-i Wahdat,1,False,13,False,False,True,RAD;UCDP_ACTOR
8d6f33dc1c4026c6605482043c4ca0656593ec07,Hizb-i Wahdat,hizb-i wahdat,UCDP_ACTOR,NameOrig,300,Hizb-i Wahdat,1,False,13,False,False,True,RAD;UCDP_ACTOR
1acb8a18f070e31e326bf3cb73ce3c258449a70e,Hizb-i Wahdat,hizb-i wahdat,UCDP_ACTOR,NameOrigFull,300,Hizb-i Wahdat,1,False,13,False,False,True,RAD;UCDP_ACTOR
c366c8cea22f8cf7c2943b8cebaf6a327c7d5b32,Unity Party,unity party,UCDP_ACTOR,NameOrigFullEng,300,Hizb-i Wahdat,1,False,11,False,False,True,RAD;UCDP_ACTOR
4da5cf6c6e6f6fe368598615de23432b27382aa1,UIFSA,uifsa,UCDP_ACTOR,NameAlliance,300,Hizb-i Wahdat,1,True,5,False,False,True,RAD;UCDP_ACTOR
3b94a0ec36d474f7b93ed1df6f8851c9cd002bc7,Military faction (forces of Shahnawaz Tanay),military faction (forces of shahnawaz tanay),UCDP_ACTOR,NameData,301,Military faction (forces of Shahnawaz Tanay),1,False,44,False,False,True,RAD;UCDP_ACTOR
10a28ccd7b7bf67c68f5dede5309093f8cd5a4b7,Military faction (forces of Shahnawaz Tanay),military faction (forces of shahnawaz tanay),UCDP_ACTOR,NameOrig,301,Military faction (forces of Shahnawaz Tanay),1,False,44,False,False,True,RAD;UCDP_ACTOR
bf671f53c998d718da6d9753ec70cd18c0ff3aaf,Military faction (forces of Shahnawaz Tanay),military faction (forces of shahnawaz tanay),UCDP_ACTOR,NameOrigFullEng,301,Military faction (forces of Shahnawaz Tanay),1,False,44,False,False,True,RAD;UCDP_ACTOR
d098d996800d1b4c554785eb3f6ef2a6c481eb81,Junbish-i Milli-yi Islami,junbish-i milli-yi islami,UCDP_ACTOR,NameData,302,Junbish-i Milli-yi Islami,1,False,25,False,False,True,RAD;UCDP_ACTOR
588d452add1997f279d38ebf91fd448814019d2e,Junbish-i Milli-yi Islami,junbish-i milli-yi islami,UCDP_ACTOR,NameOrig,302,Junbish-i Milli-yi Islami,1,False,25,False,False,True,RAD;UCDP_ACTOR
e268d3bbbc5dd2b05815a9bdae10f8bf9643f62f,Junbish-i Milli-yi Islami,junbish-i milli-yi islami,UCDP_ACTOR,NameOrigFull,302,Junbish-i Milli-yi Islami,1,False,25,False,False,True,RAD;UCDP_ACTOR
d5a2179602e93d44e2bb8aaaa3ff5374e23c7b33,National Islamic Movement,national islamic movement,UCDP_ACTOR,NameOrigFullEng,302,Junbish-i Milli-yi Islami,1,False,25,False,False,True,UCDP_ACTOR
c0d5ce9c85a6d35a9e477f44df626d6e6401b9de,UIFSA,uifsa,UCDP_ACTOR,NameAlliance,302,Junbish-i Milli-yi Islami,1,True,5,False,False,True,RAD;UCDP_ACTOR
6ca7a8cba40700f8467c934ce086d3c9a55f7e70,Taleban,taleban,UCDP_ACTOR,NameData,303,Taleban,1,True,7,False,False,True,RAD;UCDP_ACTOR
c3cb8f0f0253691bc263d890a1b52b1e31947117,Taleban,taleban,UCDP_ACTOR,NameOrig,303,Taleban,1,True,7,False,False,True,RAD;UCDP_ACTOR
e49f7766f681582e499de8abeefcaf9dbb11b541,Taleban,taleban,UCDP_ACTOR,NameOrigFull,303,Taleban,1,True,7,False,False,True,RAD;UCDP_ACTOR
01de05920fb0d1dd05d2222535b32ff2bedfe3db,Taleban,taleban,UCDP_ACTOR,NameOrigFullEng,303,Taleban,1,True,7,False,False,True,RAD;UCDP_ACTOR
54dcca8faaa4bcae0342ea10b6c11705b604f7f8,UIFSA,uifsa,UCDP_ACTOR,NameData,304,UIFSA,1,True,5,False,False,True,RAD;UCDP_ACTOR
0575b61e3c766a0c9c77f559d435bb9973b39ede,UIFSA,uifsa,UCDP_ACTOR,NameOrig,304,UIFSA,1,True,5,False,False,True,RAD;UCDP_ACTOR
5bad6a183836cc30f2e0a8525f6b6614cd69257c,Jabha-yi Muttahid-i Islami-yi Milli bara-yi Nijat-i Afghanistan,jabha-yi muttahid-i islami-yi milli bara-yi nijat-i afghanistan,UCDP_ACTOR,NameOrigFull,304,UIFSA,1,False,63,False,False,True,UCDP_ACTOR
47682544735f65c3f2cf384076509cee931502b1,United Islamic Front for the Salvation of Afghanistan,united islamic front for the salvation of afghanistan,UCDP_ACTOR,NameOrigFullEng,304,UIFSA,1,False,53,False,False,True,RAD;UCDP_ACTOR
b0c9b691405b244e379fd24c4a2b82148d8f240e,TNV,tnv,UCDP_ACTOR,NameData,305,TNV,1,True,3,True,False,True,UCDP_ACTOR
05fe9d5fd9e0b439a0f6c2cae4f6f9717e33e27a,TNV,tnv,UCDP_ACTOR,NameOrig,305,TNV,1,True,3,True,False,True,UCDP_ACTOR
70049bc8a69b3b4d09dc71ffcc617886c862b444,Tripura National Volunteers,tripura national volunteers,UCDP_ACTOR,NameOrigFullEng,305,TNV,1,False,27,False,False,True,UCDP_ACTOR
b6af955407c033e7b278e830971e84e1818d757c,ATTF,attf,UCDP_ACTOR,NameData,306,ATTF,1,True,4,True,False,True,RAD;UCDP_ACTOR
81a0334a600cc9db7f9ed4e81a2790613383057f,ATTF,attf,UCDP_ACTOR,NameOrig,306,ATTF,1,True,4,True,False,True,RAD;UCDP_ACTOR
865075c9c3aa4134ddb7ec2e6f7773a2c2cfc169,All Tripura Tiger Force,all tripura tiger force,UCDP_ACTOR,NameOrigFull,306,ATTF,1,False,23,False,False,True,RAD;UCDP_ACTOR
761beaf37ddc41fd34be5e34d97f2a03643d7043,All Tripura Tiger Force,all tripura tiger force,UCDP_ACTOR,NameOrigFullEng,306,ATTF,1,False,23,False,False,True,RAD;UCDP_ACTOR
0d044e146905e541210e4917ad76ae96c481ecfb,TNV,tnv,UCDP_ACTOR,NamePrev,306,ATTF,1,True,3,True,False,True,UCDP_ACTOR
8ae1cea94dc3cb623f7337c4bd4a4bf53ad0fc86,NLFT,nlft,UCDP_ACTOR,NameData,307,NLFT,1,True,4,True,False,True,RAD;UCDP_ACTOR
33281ef1925fab3205764ee8756daf9fb47ef51c,NLFT,nlft,UCDP_ACTOR,NameOrig,307,NLFT,1,True,4,True,False,True,RAD;UCDP_ACTOR
f86df5d4c70c4d01d48517a33f14eb53888f14df,National Liberation Front of Tripura,national liberation front of tripura,UCDP_ACTOR,NameOrigFull,307,NLFT,1,False,36,False,False,True,RAD;UCDP_ACTOR
eec6a6da2b8b63a61d136da9c6432a3968dcda36,National Liberation Front of Tripura,national liberation front of tripura,UCDP_ACTOR,NameOrigFullEng,307,NLFT,1,False,36,False,False,True,RAD;UCDP_ACTOR
285daf2c2ca0a316f25f3c454db9bf011f970faf,TNV,tnv,UCDP_ACTOR,NamePrev,307,NLFT,1,True,3,True,False,True,UCDP_ACTOR
05de9633871f4c860781e9f372da7aae04a63ef3,MEK,mek,UCDP_ACTOR,NameData,308,MEK,1,True,3,True,False,True,RAD;UCDP_ACTOR
a65934712175a61c663c5d283ab5c834f03aeb02,MEK,mek,UCDP_ACTOR,NameOrig,308,MEK,1,True,3,True,False,True,RAD;UCDP_ACTOR
2310ae8b60dade208ea6efca73ce5f50c262bdfb,Mujahideen e Khalq,mujahideen e khalq,UCDP_ACTOR,NameOrigFull,308,MEK,1,False,18,False,False,True,UCDP_ACTOR
43fc7f22fa34321d7c4d3f00f8fa1ebaeb08ec4e,Peoples Mujahideen,peoples mujahideen,UCDP_ACTOR,NameOrigFullEng,308,MEK,1,False,18,False,False,True,RAD;UCDP_ACTOR
3979ed8ae116e14c073bedb8b86990e0f973909d,PJAK,pjak,UCDP_ACTOR,NameData,309,PJAK,1,True,4,True,False,True,RAD;UCDP_ACTOR
4125e66e60b49c520f543bc323c10e8aaccae19b,PJAK,pjak,UCDP_ACTOR,NameOrig,309,PJAK,1,True,4,True,False,True,RAD;UCDP_ACTOR
52684c057f93ab7351669f3cc2a6e1ad85b12faf,Partî Jiyanî Azadî Kurdistan,partî jiyanî azadî kurdistan,UCDP_ACTOR,NameOrigFull,309,PJAK,1,False,28,False,False,True,UCDP_ACTOR
59b89f02a4b2bb959de255c5ff8ceda2fa3bf8b2,The Free Life Party of Kurdistan,the free life party of kurdistan,UCDP_ACTOR,NameOrigFullEng,309,PJAK,1,False,32,False,False,True,UCDP_ACTOR
d80904506107a3bde6a35bfb032de623f6be15f1,PKK,pkk,UCDP_ACTOR,NamePrev,309,PJAK,1,True,3,True,False,True,UCDP_ACTOR
f4b6cc427b96c3cb7db0c554ffa4fc6ea273a177,Jondullah,jondullah,UCDP_ACTOR,NameData,310,Jondullah,1,True,9,False,False,True,RAD;UCDP_ACTOR
5c23ec7aeb2103cacd55b831eb1486ce40e366c3,Jondullah,jondullah,UCDP_ACTOR,NameOrig,310,Jondullah,1,True,9,False,False,True,RAD;UCDP_ACTOR
f96846827252e50c70f0770211849eb745fa68c4,Jondullah,jondullah,UCDP_ACTOR,NameOrigFull,310,Jondullah,1,True,9,False,False,True,RAD;UCDP_ACTOR
ec4651a9cc6e47002161b433bd2bef842ce05ddc,Army of God,army of god,UCDP_ACTOR,NameOrigFullEng,310,Jondullah,1,False,11,False,False,True,UCDP_ACTOR
93ebcf28a5afa699b304c3139aa9ce737f91f528,APCO,apco,UCDP_ACTOR,NameData,311,APCO,1,True,4,True,False,True,UCDP_ACTOR
4ab798f43dc85da4be5f72856f5245482e55f903,APCO,apco,UCDP_ACTOR,NameOrig,311,APCO,1,True,4,True,False,True,UCDP_ACTOR
136bbc8ec7d8d570f08b94df8326a482ed410292,Arab Political and Cultural Organization,arab political and cultural organization,UCDP_ACTOR,NameOrigFullEng,311,APCO,1,False,40,False,False,True,UCDP_ACTOR
6d4b7270be59fa9b40aa6e3dda1104c9bf847a4e,JSM,jsm,UCDP_ACTOR,NameData,312,JSM,1,True,3,True,False,True,UCDP_ACTOR
5fc1beb22f99f5cdced246a08fcb95bc46ae434a,JSM,jsm,UCDP_ACTOR,NameOrig,312,JSM,1,True,3,True,False,True,UCDP_ACTOR
1f5d251f64dd06d2f017806742ae00a04d6318d2,al-Jamaa al-Salafiyya al-Muhtasiba,al-jamaa al-salafiyya al-muhtasiba,UCDP_ACTOR,NameOrigFull,312,JSM,1,False,34,False,False,True,UCDP_ACTOR
9e75f80aeaa2d9c02a8e24b6cbc44c919e5dc659,The Salafi groups which practice hisba,the salafi groups which practice hisba,UCDP_ACTOR,NameOrigFullEng,312,JSM,1,False,38,False,False,True,UCDP_ACTOR
caaa57165aa8129fff1223715e05a08e561bd426,ETA,eta,UCDP_ACTOR,NameData,313,ETA,1,True,3,True,False,True,RAD;UCDP_ACTOR
734ab3891c7461d3af8db7edbf926b660eb9d68c,ETA,eta,UCDP_ACTOR,NameOrig,313,ETA,1,True,3,True,False,True,RAD;UCDP_ACTOR
6de65d0f9fbc23734449a28d11e10e6bb70b847e,Euskadi ta azkatasuna,euskadi ta azkatasuna,UCDP_ACTOR,NameOrigFull,313,ETA,1,False,21,False,False,True,RAD;UCDP_ACTOR
7e16f178bee1f42a01477ef355858d2453828389,Basque Nation and Liberty,basque nation and liberty,UCDP_ACTOR,NameOrigFullEng,313,ETA,1,False,25,False,False,True,RAD;UCDP_ACTOR
aa74ed1133c803b3c7935c6353e8d6dd73074b3c,PLA,pla,UCDP_ACTOR,NameData,314,PLA,1,True,3,True,False,True,RAD;UCDP_ACTOR
52ad35d9aafc521f479c2dbfd5b8db158d0c42c6,PLA,pla,UCDP_ACTOR,NameOrig,314,PLA,1,True,3,True,False,True,RAD;UCDP_ACTOR
f7ab5ad5f7245ddc3f7fd71b1d88753dba51471d,Peoples Liberation Army,peoples liberation army,UCDP_ACTOR,NameOrigFullEng,314,PLA,1,False,23,False,False,True,RAD;UCDP_ACTOR
119fa368ee027b5bb1a86b5d6bc37a2aff6cbdb5,UNLF,unlf,UCDP_ACTOR,NamePrev,314,PLA,1,True,4,True,False,True,RAD;UCDP_ACTOR
eaf5a17503dd2f6ad19054b0d85de005e5760f60,UNLFW,unlfw,UCDP_ACTOR,NameAlliance,314,PLA,1,True,5,False,False,True,RAD;UCDP_ACTOR
178d4c0d87783c9035425d9dc51c840bd6d1c604,UNLF,unlf,UCDP_ACTOR,NameData,315,UNLF,1,True,4,True,False,True,RAD;UCDP_ACTOR
28b31a4ae804f5194e96d1461868065b735e5bab,UNLF,unlf,UCDP_ACTOR,NameOrig,315,UNLF,1,True,4,True,False,True,RAD;UCDP_ACTOR
25c5bd49a3af077c173fcc02bed56b8365e6b2c4,United National Liberation Front,united national liberation front,UCDP_ACTOR,NameOrigFullEng,315,UNLF,1,False,32,False,False,True,RAD;UCDP_ACTOR
f99fe894f0f5eb8d5188f7253a4afd04ad6cbb82,UNLFW,unlfw,UCDP_ACTOR,NameAlliance,315,UNLF,1,True,5,False,False,True,RAD;UCDP_ACTOR
147e79dbbd97e4473526e3f1fc8f0801b2ba4927,KCP,kcp,UCDP_ACTOR,NameData,317,KCP,1,True,3,True,False,True,RAD;UCDP_ACTOR
6c11fec64ff5a6b6d3ee65ce3518f4adc630dd41,KCP,kcp,UCDP_ACTOR,NameOrig,317,KCP,1,True,3,True,False,True,RAD;UCDP_ACTOR
b785841c0fa18e2f34141c7fd69cf1223f7d04b3,Kangleipak Communist Party,kangleipak communist party,UCDP_ACTOR,NameOrigFullEng,317,KCP,1,False,26,False,False,True,RAD;UCDP_ACTOR
f599c4c5fc4745e4c369bddf0bac01a416e6ac75,PREPAK,prepak,UCDP_ACTOR,NamePrev,317,KCP,1,True,6,False,False,True,RAD;UCDP_ACTOR
06f69400ad8e7ebf58cc023007132f076bfefcd0,UNLFW,unlfw,UCDP_ACTOR,NameAlliance,317,KCP,1,True,5,False,False,True,RAD;UCDP_ACTOR
d00f4b33cc9c553ac56f970d92a038d78eea8573,PREPAK,prepak,UCDP_ACTOR,NameData,318,PREPAK,1,True,6,False,False,True,RAD;UCDP_ACTOR
7e52e4ffda437a32cd51619223fd52d9c42be9cd,PREPAK,prepak,UCDP_ACTOR,NameOrig,318,PREPAK,1,True,6,False,False,True,RAD;UCDP_ACTOR
26ab291e328fa9ed9a2301b7a8fb00dcfc6e1eae,Peoples Revolutionary Party of Kangleipak,peoples revolutionary party of kangleipak,UCDP_ACTOR,NameOrigFullEng,318,PREPAK,1,False,41,False,False,True,RAD;UCDP_ACTOR
92539a5d02f0684eb5830ecd2d0fc3ee50ff00fe,UNLFW,unlfw,UCDP_ACTOR,NameAlliance,318,PREPAK,1,True,5,False,False,True,RAD;UCDP_ACTOR
598a0d2e9c7b5665ff29890eea0b77608e4f9939,Sikh insurgents,sikh insurgents,UCDP_ACTOR,NameData,319,Sikh insurgents,1,False,15,False,False,True,RAD;UCDP_ACTOR
d87cf5caea95f12a9717242861ffa8e83e737fda,Sikh insurgents,sikh insurgents,UCDP_ACTOR,NameOrig,319,Sikh insurgents,1,False,15,False,False,True,RAD;UCDP_ACTOR
be8d1ac402bb6047cc8f1287684b8c42514330d0,Sikh insurgents,sikh insurgents,UCDP_ACTOR,NameOrigFull,319,Sikh insurgents,1,False,15,False,False,True,RAD;UCDP_ACTOR
bcc1dd68fab994159d350259281b22608226652d,Sikh insurgents,sikh insurgents,UCDP_ACTOR,NameOrigFullEng,319,Sikh insurgents,1,False,15,False,False,True,RAD;UCDP_ACTOR
3bd0b4f0ad9d71463b48408da699fc3dbabe8aab,LTTE,ltte,UCDP_ACTOR,NameData,320,LTTE,1,True,4,True,False,True,UCDP_ACTOR
6522f6d74b9f399708c7cb36396a2c23bed235e1,LTTE,ltte,UCDP_ACTOR,NameOrig,320,LTTE,1,True,4,True,False,True,UCDP_ACTOR
03a8c0f9dec24f1511ad6b9d9ba11cd6eee87725,Thamil Eelam Viduthalai Puligal,thamil eelam viduthalai puligal,UCDP_ACTOR,NameOrigFull,320,LTTE,1,False,31,False,False,True,UCDP_ACTOR
84c7505a1d4384bdad71f2f50d1aa79c6745b367,Liberation Tigers of Tamil Eelam,liberation tigers of tamil eelam,UCDP_ACTOR,NameOrigFullEng,320,LTTE,1,False,32,False,False,True,UCDP_ACTOR
eb8c946281a08b6ce4473952167dff6e092e678a,TELO,telo,UCDP_ACTOR,NameData,321,TELO,1,True,4,True,False,True,UCDP_ACTOR
1c924e7c37d6c83da7afdf98657f09ca726a9f03,TELO,telo,UCDP_ACTOR,NameOrig,321,TELO,1,True,4,True,False,True,UCDP_ACTOR
42e51b4f873a31a49ec71689929ff44cb327d8ac,Tamil Eelam Liberation Organization,tamil eelam liberation organization,UCDP_ACTOR,NameOrigFullEng,321,TELO,1,False,35,False,False,True,UCDP_ACTOR
dcb6eac1e0079c47a25f045e35e20a3dc9403042,EPRLF,eprlf,UCDP_ACTOR,NameData,322,EPRLF,1,True,5,False,False,True,RAD;UCDP_ACTOR
1ecd6bf855d9333d64c7f8f49ca38de02000f9f5,EPRLF,eprlf,UCDP_ACTOR,NameOrig,322,EPRLF,1,True,5,False,False,True,RAD;UCDP_ACTOR
c52dd1b6374373eb74c41cf789747a546fd91ed5,Eelam Peoples Revolutionary Liberation Front,eelam peoples revolutionary liberation front,UCDP_ACTOR,NameOrigFull,322,EPRLF,1,False,44,False,False,True,RAD;UCDP_ACTOR
c90aad0e172ce49e0e2acdb619504419c8fd27e2,Eelam Peoples Revolutionary Liberation Front,eelam peoples revolutionary liberation front,UCDP_ACTOR,NameOrigFullEng,322,EPRLF,1,False,44,False,False,True,RAD;UCDP_ACTOR
d78beef66791258f1cc683e80b6a572a19dcdf51,PKK,pkk,UCDP_ACTOR,NameData,323,PKK,1,True,3,True,False,True,UCDP_ACTOR
e155df82c9e967fd82495941036e5c37c4bdfdad,PKK,pkk,UCDP_ACTOR,NameOrig,323,PKK,1,True,3,True,False,True,UCDP_ACTOR
8d23ddb029ea8480bae2009524f3551b2e9d9c86,Partiya karkeren Kurdistan,partiya karkeren kurdistan,UCDP_ACTOR,NameOrigFull,323,PKK,1,False,26,False,False,True,UCDP_ACTOR
6e25215ceda3bb15537440fe7ceb5575bdeb789c,Kurdistan Workers Party,kurdistan workers party,UCDP_ACTOR,NameOrigFullEng,323,PKK,1,False,23,False,False,True,UCDP_ACTOR
abf7fc0d96f6f5c500aecdb6c8b7407b76d0c7a0,KADEK,kadek,UCDP_ACTOR,NewName,323,PKK,1,True,5,False,False,True,UCDP_ACTOR
b460f33e82f8078165d026bcd0270673e4ab2aca,KONGRA-GEL,kongra-gel,UCDP_ACTOR,NewName,323,PKK,1,True,10,False,False,True,UCDP_ACTOR
d5634f87f4c699d7b00a27e0eb96bee19453ef55,PKK,pkk,UCDP_ACTOR,NewName,323,PKK,1,True,3,True,False,True,UCDP_ACTOR
c06f15d67bedce9135bc42e428e441b06f52c04f,Kongreya Azadi u Demokrasiya Kurdistan,kongreya azadi u demokrasiya kurdistan,UCDP_ACTOR,NewNameFullMotherTongue,323,PKK,1,False,38,False,False,True,UCDP_ACTOR
d4e91b8bec9bb2b955c99418d24911ea9f93ddce,Kongra Gele Kurdistan,kongra gele kurdistan,UCDP_ACTOR,NewNameFullMotherTongue,323,PKK,1,False,21,False,False,True,UCDP_ACTOR
75b54cf6f364d774bc87cc41e835bb43d0f1412b,Partiya karkeren Kurdistan,partiya karkeren kurdistan,UCDP_ACTOR,NewNameFullMotherTongue,323,PKK,1,False,26,False,False,True,UCDP_ACTOR
b47a453ede98a5e751fbc5726a73600cc2a18403,Kurdistan Freedom and Democracy Congress,kurdistan freedom and democracy congress,UCDP_ACTOR,NewNameFullEng,323,PKK,1,False,40,False,False,True,UCDP_ACTOR
76eb0a233dfac93064e48da8877639e4bd1ced2e,Peoples Congress of Kurdistan,peoples congress of kurdistan,UCDP_ACTOR,NewNameFullEng,323,PKK,1,False,29,False,False,True,UCDP_ACTOR
996ec1be98b6fae53cf00354954fc9081947f110,Kurdistan Workers Party,kurdistan workers party,UCDP_ACTOR,NewNameFullEng,323,PKK,1,False,23,False,False,True,UCDP_ACTOR
89b493fe9706874116c0a6eb2a123dc746223125,YSP - AFI,ysp - afi,UCDP_ACTOR,NameData,324,YSP - AFI,1,False,9,False,False,True,UCDP_ACTOR
106141905c079a2d9d2eff8960d754bb97075bc1,YSP - AFI,ysp - afi,UCDP_ACTOR,NameOrig,324,YSP - AFI,1,False,9,False,False,True,UCDP_ACTOR
5a3038cb21c28df7169757cba89349434218d359,Yemeni Socialist Party - Abdul Fattah Ismail faction,yemeni socialist party - abdul fattah ismail faction,UCDP_ACTOR,NameOrigFullEng,324,YSP - AFI,1,False,52,False,False,True,UCDP_ACTOR
bdd5470efd6e096fa36e8d60ba69470a45c60463,Kashmir insurgents,kashmir insurgents,UCDP_ACTOR,NameData,325,Kashmir insurgents,1,False,18,False,False,True,RAD;UCDP_ACTOR
879aee44150da3320517f8d2d01b87c2a59697a5,Kashmir insurgents,kashmir insurgents,UCDP_ACTOR,NameOrig,325,Kashmir insurgents,1,False,18,False,False,True,RAD;UCDP_ACTOR
aafd7201a57676c641e28fab6db6cab581e40e19,Kashmir insurgents,kashmir insurgents,UCDP_ACTOR,NameOrigFull,325,Kashmir insurgents,1,False,18,False,False,True,RAD;UCDP_ACTOR
cc7abf3b7eb6fa720b5dcce56d3c534baba17ac7,Kashmir insurgents,kashmir insurgents,UCDP_ACTOR,NameOrigFullEng,325,Kashmir insurgents,1,False,18,False,False,True,RAD;UCDP_ACTOR
64c2aba2e99bb1cf16a460c5e77108322c93f537,ULFA,ulfa,UCDP_ACTOR,NameData,326,ULFA,1,True,4,True,False,True,RAD;UCDP_ACTOR
f0d3767167fbb731ea7e4d0d04c24350d7218690,ULFA,ulfa,UCDP_ACTOR,NameOrig,326,ULFA,1,True,4,True,False,True,RAD;UCDP_ACTOR
8ea8a6cb3a933f4149d9e4fcd78f8d0f2b159d42,United Liberation Front of Assam,united liberation front of assam,UCDP_ACTOR,NameOrigFull,326,ULFA,1,False,32,False,False,True,RAD;UCDP_ACTOR
695db392f6b58812e9a8a1ed08122c4b8ecfd56c,United Liberation Front of Assam,united liberation front of assam,UCDP_ACTOR,NameOrigFullEng,326,ULFA,1,False,32,False,False,True,RAD;UCDP_ACTOR
9f11059d709d2ce1c0660567c1ee15b93a149904,GAM,gam,UCDP_ACTOR,NameData,327,GAM,1,True,3,True,False,True,RAD;UCDP_ACTOR
fa960ba7d231b105b11af31aa0279f168c597c3a,GAM,gam,UCDP_ACTOR,NameOrig,327,GAM,1,True,3,True,False,True,RAD;UCDP_ACTOR
43c5bfbf9329e01d538e8a156f3afdaeaaf4521c,Gerakan Aceh Merdeka,gerakan aceh merdeka,UCDP_ACTOR,NameOrigFull,327,GAM,1,False,20,False,False,True,UCDP_ACTOR
e20ee20f767fe3a5001b24ce671e14fe7e789722,Free Aceh Movement,free aceh movement,UCDP_ACTOR,NameOrigFullEng,327,GAM,1,False,18,False,False,True,RAD;UCDP_ACTOR
22771540221a58a02a18a59661e69856b2fd6bcb,BRA,bra,UCDP_ACTOR,NameData,328,BRA,1,True,3,True,False,True,RAD;UCDP_ACTOR
88b836a97e2167c67505f1f84679a888574d1e32,BRA,bra,UCDP_ACTOR,NameOrig,328,BRA,1,True,3,True,False,True,RAD;UCDP_ACTOR
08ed5a2a60c4757d532b6ce9d69495c9a1e7186f,Bougainville Revolutionary Army,bougainville revolutionary army,UCDP_ACTOR,NameOrigFullEng,328,BRA,1,False,31,False,False,True,RAD;UCDP_ACTOR
e309f908a07a0bcd4175253d11ffbbc5fb4ad647,NSF,nsf,UCDP_ACTOR,NameData,329,NSF,1,True,3,True,False,True,RAD;UCDP_ACTOR
59a48cbe79c6e5ece2ffb7c97e459f066a8edc8f,NSF,nsf,UCDP_ACTOR,NameOrig,329,NSF,1,True,3,True,False,True,RAD;UCDP_ACTOR
0d33a98a5e46481afb146582ab8c40bbe2a2a51e,Frontul Salvării Naţionale,frontul salvării naţionale,UCDP_ACTOR,NameOrigFull,329,NSF,1,False,26,False,False,True,RAD;UCDP_ACTOR
99e101c6dd170ff33f8f7020edee1878692c1e02,National Salvation Front,national salvation front,UCDP_ACTOR,NameOrigFullEng,329,NSF,1,False,24,False,False,True,RAD;UCDP_ACTOR
db0fad4769c172dfe42921f2f174c44c655befa0,Republic of Armenia,republic of armenia,UCDP_ACTOR,NameData,330,Republic of Armenia,1,False,19,False,False,True,RAD;UCDP_ACTOR
f9dcbc1486c7f40973b917023cbf9551f427b8b6,Republic of Armenia,republic of armenia,UCDP_ACTOR,NameOrig,330,Republic of Armenia,1,False,19,False,False,True,RAD;UCDP_ACTOR
8722d3e4104dc9ac74b993336b44b51c4308aa36,Republic of Armenia,republic of armenia,UCDP_ACTOR,NameOrigFullEng,330,Republic of Armenia,1,False,19,False,False,True,RAD;UCDP_ACTOR
a7efe19e486eb977af9dab9999ef02b994a75187,APF,apf,UCDP_ACTOR,NameData,331,APF,1,True,3,True,False,True,RAD;UCDP_ACTOR
a7bf3ba92e88f615075731aa478a96ab575a0ff2,APF,apf,UCDP_ACTOR,NameOrig,331,APF,1,True,3,True,False,True,RAD;UCDP_ACTOR
2a99feea088ba569985db35ce894d4026037d17a,Azerbaijani Popular Front,azerbaijani popular front,UCDP_ACTOR,NameOrigFullEng,331,APF,1,False,25,False,False,True,RAD;UCDP_ACTOR
7df72d2aa0b05d713bcb8fd328569febff1dddf7,National Guard and Mkhedrioni,national guard and mkhedrioni,UCDP_ACTOR,NameData,332,National Guard and Mkhedrioni,1,False,29,False,False,True,RAD;UCDP_ACTOR
3345b8ea2822f498082df1a26259a2983d669897,National Guard and Mkhedrioni,national guard and mkhedrioni,UCDP_ACTOR,NameOrig,332,National Guard and Mkhedrioni,1,False,29,False,False,True,RAD;UCDP_ACTOR
963e5143c4d97b5d2c8913b89aeb908e120611a2,National Guard and Mkhedrioni,national guard and mkhedrioni,UCDP_ACTOR,NameOrigFullEng,332,National Guard and Mkhedrioni,1,False,29,False,False,True,RAD;UCDP_ACTOR
e1a85b541637ef6f66f6e2465a4077da597ef172,Zviadists,zviadists,UCDP_ACTOR,NameData,333,Zviadists,1,True,9,False,False,True,RAD;UCDP_ACTOR
37c9c02adc0643012bdcb2f0351d33102498b289,Zviadists,zviadists,UCDP_ACTOR,NameOrig,333,Zviadists,1,True,9,False,False,True,RAD;UCDP_ACTOR
0be5568bebfc765b409c6e56fbfc5b79b401670c,Zviadists,zviadists,UCDP_ACTOR,NameOrigFullEng,333,Zviadists,1,True,9,False,False,True,RAD;UCDP_ACTOR
5846640a0bc37a13b4df6dbb90a13fee877d7c0c,DHKP-C,dhkp-c,UCDP_ACTOR,NameData,334,DHKP-C,1,True,6,False,False,True,RAD;UCDP_ACTOR
10e791ece79c7603783836fd461aeb5cde01ecb8,Devrimci Sol,devrimci sol,UCDP_ACTOR,NameOrig,334,DHKP-C,1,False,12,False,False,True,UCDP_ACTOR
daba633cd3358501c5ecd8c5688e75c8e3fccf2f,Devrimci Sol,devrimci sol,UCDP_ACTOR,NameOrigFull,334,DHKP-C,1,False,12,False,False,True,UCDP_ACTOR
bb8ed907bc38a1715e65bf6de85d7a34ea86d9c4,Revolutionary Left,revolutionary left,UCDP_ACTOR,NameOrigFullEng,334,DHKP-C,1,False,18,False,False,True,UCDP_ACTOR
4198810ef30268d57d61e500b6bfc4114f08b5be,DHKP-C,dhkp-c,UCDP_ACTOR,NewName,334,DHKP-C,1,True,6,False,False,True,RAD;UCDP_ACTOR
845483d21ef5ae77f6fbe84eef2b7cd73aca7c21,Devrimci Halk Kurtuluş Partisi-Cephesi,devrimci halk kurtuluş partisi-cephesi,UCDP_ACTOR,NewNameFullMotherTongue,334,DHKP-C,1,False,38,False,False,True,UCDP_ACTOR
710afc87b25e10c0dff4800767f051682a921345,Revolutionary Peoples Liberation Party,revolutionary peoples liberation party,UCDP_ACTOR,NewNameFullEng,334,DHKP-C,1,False,38,False,False,True,UCDP_ACTOR
647c4e573627ada82a1ee2984e86bc6344f084c0,Front,front,UCDP_ACTOR,NewNameFullEng,334,DHKP-C,1,True,5,False,False,True,UCDP_ACTOR
3f40cfa614284fdf4d84263f8e43c998f19c32f0,MKP,mkp,UCDP_ACTOR,NameData,335,MKP,1,True,3,True,False,True,RAD;UCDP_ACTOR
f8ce68a94962416aef6b9a1795e7c0d9fae9ab47,MKP,mkp,UCDP_ACTOR,NameOrig,335,MKP,1,True,3,True,False,True,RAD;UCDP_ACTOR
2f237b90be876182de1b10b199ea13568047e611,Maoist Komünist Partisi,maoist komünist partisi,UCDP_ACTOR,NameOrigFull,335,MKP,1,False,23,False,False,True,UCDP_ACTOR
6207298d39315e144f987770b3f4fe91abe528b2,Maoist Communist Party,maoist communist party,UCDP_ACTOR,NameOrigFullEng,335,MKP,1,False,22,False,False,True,RAD;UCDP_ACTOR
a40f2c3a744365510ab15ae411183e887e503ec9,Republic of Slovenia,republic of slovenia,UCDP_ACTOR,NameData,336,Republic of Slovenia,1,False,20,False,False,True,RAD;UCDP_ACTOR
7392014cfb3f86d36980acd9ea107b2d612c8d7f,Republic of Slovenia,republic of slovenia,UCDP_ACTOR,NameOrig,336,Republic of Slovenia,1,False,20,False,False,True,RAD;UCDP_ACTOR
3df72526e11de78604adff561c21f1bcc48336e9,Republic of Slovenia,republic of slovenia,UCDP_ACTOR,NameOrigFullEng,336,Republic of Slovenia,1,False,20,False,False,True,RAD;UCDP_ACTOR
de466ba6cdfbe658134cfa4bdddc0831409fefaa,Republic of Croatia,republic of croatia,UCDP_ACTOR,NameData,337,Republic of Croatia,1,False,19,False,False,True,RAD;UCDP_ACTOR
8ab741b10a044633989e740795d7cccabd664603,Republic of Croatia,republic of croatia,UCDP_ACTOR,NameOrig,337,Republic of Croatia,1,False,19,False,False,True,RAD;UCDP_ACTOR
64bd5983ce8388ff38b8a21de16428f353031bd9,Republic of Croatia,republic of croatia,UCDP_ACTOR,NameOrigFull,337,Republic of Croatia,1,False,19,False,False,True,RAD;UCDP_ACTOR
8f2a57e9991b60a91ec0d31e7f1952826c23c4b4,Republic of Croatia,republic of croatia,UCDP_ACTOR,NameOrigFullEng,337,Republic of Croatia,1,False,19,False,False,True,RAD;UCDP_ACTOR
d10df7f31cf1ecfceebd4e30d491469539ab1135,Republic of Artsakh,republic of artsakh,UCDP_ACTOR,NameData,338,Republic of Artsakh,1,False,19,False,False,True,RAD;UCDP_ACTOR
e45627c31b863f3079016b8dfaa2e637d56ce2a7,Republic of Nagorno-Karabakh,republic of nagorno-karabakh,UCDP_ACTOR,NameOrig,338,Republic of Artsakh,1,False,28,False,False,True,RAD;UCDP_ACTOR
c6d5615ef8141e624a4fd5a270b9348478f74302,Republic of Nagorno-Karabakh,republic of nagorno-karabakh,UCDP_ACTOR,NameOrigFullEng,338,Republic of Artsakh,1,False,28,False,False,True,RAD;UCDP_ACTOR
4ebffaa3231660af9a765ed69d8be60013247301,Republic of Artsakh,republic of artsakh,UCDP_ACTOR,NewName,338,Republic of Artsakh,1,False,19,False,False,True,RAD;UCDP_ACTOR
71cfefbf0c7aab921c31ebfeef7c1ea2351f7cdb,Artsakhi Hanrapetutyun,artsakhi hanrapetutyun,UCDP_ACTOR,NewNameFullMotherTongue,338,Republic of Artsakh,1,False,22,False,False,True,RAD;UCDP_ACTOR
8fe12686e67da1f4f734305c4aee633f54e90035,Republic of Artsakh,republic of artsakh,UCDP_ACTOR,NewNameFullEng,338,Republic of Artsakh,1,False,19,False,False,True,RAD;UCDP_ACTOR
dd4aa3716eb8d24e55a21488f7a98ac4af4ad9f7,Serbian Republic of Bosnia-Herzegovina,serbian republic of bosnia-herzegovina,UCDP_ACTOR,NameData,339,Serbian Republic of Bosnia-Herzegovina,1,False,38,False,False,True,RAD;UCDP_ACTOR
bfe0dc6e3d37a0225f5001e177e14bea8300d75b,Serbian Republic of Bosnia-Herzegovina,serbian republic of bosnia-herzegovina,UCDP_ACTOR,NameOrig,339,Serbian Republic of Bosnia-Herzegovina,1,False,38,False,False,True,RAD;UCDP_ACTOR
f23f183cab72a07336c502513419e052159172d4,Serbian Republic of Bosnia-Herzegovina,serbian republic of bosnia-herzegovina,UCDP_ACTOR,NameOrigFull,339,Serbian Republic of Bosnia-Herzegovina,1,False,38,False,False,True,RAD;UCDP_ACTOR
1944da5786a2606eab90d8cd9aaa7de121812e86,Serbian Republic of Bosnia-Herzegovina,serbian republic of bosnia-herzegovina,UCDP_ACTOR,NameOrigFullEng,339,Serbian Republic of Bosnia-Herzegovina,1,False,38,False,False,True,RAD;UCDP_ACTOR
599ea69a636112d3ceba482dcfb2efe90af62e68,Serbian Republic of Krajina,serbian republic of krajina,UCDP_ACTOR,NameData,340,Serbian Republic of Krajina,1,False,27,False,False,True,RAD;UCDP_ACTOR
c6e063b93cc093a737a6311278234ede676bd989,Serbian Republic of Krajina,serbian republic of krajina,UCDP_ACTOR,NameOrig,340,Serbian Republic of Krajina,1,False,27,False,False,True,RAD;UCDP_ACTOR
5e1afda807b5e6fb8c02d696231836b3ea1e223f,Republika Srpska Krajina,republika srpska krajina,UCDP_ACTOR,NameOrigFull,340,Serbian Republic of Krajina,1,False,24,False,False,True,RAD;UCDP_ACTOR
153eabe383b5cd38287adb90fdc48ed3039ae17a,Serbian Republic of Krajina,serbian republic of krajina,UCDP_ACTOR,NameOrigFullEng,340,Serbian Republic of Krajina,1,False,27,False,False,True,RAD;UCDP_ACTOR
a4dcf78ca6adf1e0735f9492c08afe6ac5ab90c9,al-Gamaa al-Islamiyya,al-gamaa al-islamiyya,UCDP_ACTOR,NameData,341,al-Gamaa al-Islamiyya,1,False,21,False,False,True,RAD;UCDP_ACTOR
2807a3770822f90579900df92fb8c5c5da3cb053,al-Gamaa al-Islamiyya,al-gamaa al-islamiyya,UCDP_ACTOR,NameOrig,341,al-Gamaa al-Islamiyya,1,False,21,False,False,True,RAD;UCDP_ACTOR
a2fc3a446e35a3458d33b352581d35e5c895ee36,al-Gamaa al-Islamiyya,al-gamaa al-islamiyya,UCDP_ACTOR,NameOrigFull,341,al-Gamaa al-Islamiyya,1,False,21,False,False,True,RAD;UCDP_ACTOR
8af675aad13fb8460dde553a4c0ec8e2b52c1710,Islamic Group,islamic group,UCDP_ACTOR,NameOrigFullEng,341,al-Gamaa al-Islamiyya,1,False,13,False,False,True,UCDP_ACTOR
3b6973435758c8ba1dcf0c6da4541c76e177bfbe,Republic of Abkhazia,republic of abkhazia,UCDP_ACTOR,NameData,342,Republic of Abkhazia,1,False,20,False,False,True,RAD;UCDP_ACTOR
39a74a5838b8209095d659951fb57f923ea6e6dd,Republic of Abkhazia,republic of abkhazia,UCDP_ACTOR,NameOrig,342,Republic of Abkhazia,1,False,20,False,False,True,RAD;UCDP_ACTOR
b714f91326222d76dff434ae4b4f4e16dd6a2e1b,Republic of Abkhazia,republic of abkhazia,UCDP_ACTOR,NameOrigFull,342,Republic of Abkhazia,1,False,20,False,False,True,RAD;UCDP_ACTOR
29c289bb1f82215eb251e25954dca3c46e558869,Republic of Abkhazia,republic of abkhazia,UCDP_ACTOR,NameOrigFullEng,342,Republic of Abkhazia,1,False,20,False,False,True,RAD;UCDP_ACTOR
75bb1eb45e6669d2c5fe26bd396971687ae02452,Republic of South Ossetia,republic of south ossetia,UCDP_ACTOR,NameData,343,Republic of South Ossetia,1,False,25,False,False,True,RAD;UCDP_ACTOR
6552bfe1e3b3fe69da117ddb609e552a5ebdd8df,South Ossetian Soviet Democratic Republic,south ossetian soviet democratic republic,UCDP_ACTOR,NameOrig,343,Republic of South Ossetia,1,False,41,False,False,True,UCDP_ACTOR
fab1bff3e218d6d963c6b40426bd161c4e6125da,South Ossetian Soviet Democratic Republic,south ossetian soviet democratic republic,UCDP_ACTOR,NameOrigFullEng,343,Republic of South Ossetia,1,False,41,False,False,True,UCDP_ACTOR
38c94fc27d5596d5a4a76675b1882773e3a65359,Republic of South Ossetia,republic of south ossetia,UCDP_ACTOR,NewName,343,Republic of South Ossetia,1,False,25,False,False,True,RAD;UCDP_ACTOR
92be3f66801e0218b072b80e3ee74822af23514e,Respublika Yuzhnaya Osetiya,respublika yuzhnaya osetiya,UCDP_ACTOR,NewNameFullMotherTongue,343,Republic of South Ossetia,1,False,27,False,False,True,RAD;UCDP_ACTOR
4e3668ea8a488bac8d5715dcd06424f67e592844,Republic of South Ossetia,republic of south ossetia,UCDP_ACTOR,NewNameFullEng,343,Republic of South Ossetia,1,False,25,False,False,True,RAD;UCDP_ACTOR
99a31037ae76df85152be6fb0cbcbfc07c4cd484,PMR,pmr,UCDP_ACTOR,NameData,344,PMR,1,True,3,True,False,True,RAD;UCDP_ACTOR
e02d1e971ad67fa2560a7daae84630544e275a0c,PMR,pmr,UCDP_ACTOR,NameOrig,344,PMR,1,True,3,True,False,True,RAD;UCDP_ACTOR
682494f33669521be82b350a77785fa4a447755c,Pridnistrovska Moldavska Respublika,pridnistrovska moldavska respublika,UCDP_ACTOR,NameOrigFull,344,PMR,1,False,35,False,False,True,RAD;UCDP_ACTOR
5e512c07a04e563fa0cebc414ebd710c5ce93715,Dniestr Republic,dniestr republic,UCDP_ACTOR,NameOrigFullEng,344,PMR,1,False,16,False,False,True,UCDP_ACTOR
e22df61bd55c8f5dc0017d7ab093d9e9dae3fffe,UTO,uto,UCDP_ACTOR,NameData,345,UTO,1,True,3,True,False,True,RAD;UCDP_ACTOR
16daed9e2f7b5ce33083c4288d2d560479673cd7,UTO,uto,UCDP_ACTOR,NameOrig,345,UTO,1,True,3,True,False,True,RAD;UCDP_ACTOR
94ac862f7b4b6d0d308b1e7b6dbdeda4af14d528,Оппозицияи муттаҳидаи тоҷик,оппозицияи муттаҳидаи тоҷик,UCDP_ACTOR,NameOrigFull,345,UTO,1,False,27,False,False,True,UCDP_ACTOR
e6b89851ef710eef79b3429d67b755ce4b85758e,United Tajik Opposition,united tajik opposition,UCDP_ACTOR,NameOrigFullEng,345,UTO,1,False,23,False,False,True,RAD;UCDP_ACTOR
6b1db60045a5c24ab30b8a5d8fbd3e1ab24de7b4,Forces of Khudoberdiyev,forces of khudoberdiyev,UCDP_ACTOR,NameData,346,Forces of Khudoberdiyev,1,False,23,False,False,True,RAD;UCDP_ACTOR
f84db9d191db7a0a3c0d069a5df981531848d40c,Forces of Khudoberdiyev,forces of khudoberdiyev,UCDP_ACTOR,NameOrig,346,Forces of Khudoberdiyev,1,False,23,False,False,True,RAD;UCDP_ACTOR
8fa8b9afd878bc2f7222e51ce41f6d0c068e4100,Forces of Khudoberdiyev,forces of khudoberdiyev,UCDP_ACTOR,NameOrigFullEng,346,Forces of Khudoberdiyev,1,False,23,False,False,True,RAD;UCDP_ACTOR
c3f11c044de4f65ebe1eb089fcdf169e3f96680f,Military faction (forces of Suret Husseinov),military faction (forces of suret husseinov),UCDP_ACTOR,NameData,347,Military faction (forces of Suret Husseinov),1,False,44,False,False,True,RAD;UCDP_ACTOR
fc57a5d16e8ab12bfc6a49031c94f4ad6d53f542,Military faction (forces of Suret Husseinov),military faction (forces of suret husseinov),UCDP_ACTOR,NameOrig,347,Military faction (forces of Suret Husseinov),1,False,44,False,False,True,RAD;UCDP_ACTOR
df7ead6c09d278553d7d55ce48e0c0466da88237,Military faction (forces of Suret Husseinov),military faction (forces of suret husseinov),UCDP_ACTOR,NameOrigFullEng,347,Military faction (forces of Suret Husseinov),1,False,44,False,False,True,RAD;UCDP_ACTOR
e1b7f85f89d976b9934f1cfd7d7c29772fca27ac,OPON Forces,opon forces,UCDP_ACTOR,NameData,348,OPON Forces,1,False,11,False,False,True,RAD;UCDP_ACTOR
8e7d2349ada0ec792887bc40b4b74843fc7be29f,OPON Forces,opon forces,UCDP_ACTOR,NameOrig,348,OPON Forces,1,False,11,False,False,True,RAD;UCDP_ACTOR
f1dc95aa57fe5b324adb3b3e3e7daa9904f7511c,Otryad Policija Osobogo Naznacenija,otryad policija osobogo naznacenija,UCDP_ACTOR,NameOrigFull,348,OPON Forces,1,False,35,False,False,True,RAD;UCDP_ACTOR
3b9832622dc2d9b3d6b82d9d489fc946356d969c,Special Police Brigade,special police brigade,UCDP_ACTOR,NameOrigFullEng,348,OPON Forces,1,False,22,False,False,True,RAD;UCDP_ACTOR
eff84012fbd795c73a189ddf5f6fe2d6c5d5fdd7,Autonomous Province of Western Bosnia,autonomous province of western bosnia,UCDP_ACTOR,NameData,349,Autonomous Province of Western Bosnia,1,False,37,False,False,True,RAD;UCDP_ACTOR
28e2f89ea5ce13fdc1bf4c4a715fcd617485ce9d,Autonomous Province of Western Bosnia,autonomous province of western bosnia,UCDP_ACTOR,NameOrig,349,Autonomous Province of Western Bosnia,1,False,37,False,False,True,RAD;UCDP_ACTOR
d43eec130cb6368ce6d58a9b31ee23075c5d796c,Autonomous Province of Western Bosnia,autonomous province of western bosnia,UCDP_ACTOR,NameOrigFullEng,349,Autonomous Province of Western Bosnia,1,False,37,False,False,True,RAD;UCDP_ACTOR
b071ee8e4607cc7402da375710c61314d012cec4,Croatian Republic of Bosnia-Herzegovina,croatian republic of bosnia-herzegovina,UCDP_ACTOR,NameData,350,Croatian Republic of Bosnia-Herzegovina,1,False,39,False,False,True,RAD;UCDP_ACTOR
36b94625924c7b38790e604b1d4c10bd5436a9ee,Croatian Republic of Bosnia-Herzegovina,croatian republic of bosnia-herzegovina,UCDP_ACTOR,NameOrig,350,Croatian Republic of Bosnia-Herzegovina,1,False,39,False,False,True,RAD;UCDP_ACTOR
cae98f972f0ff966d8ff00a9a9ebbba4486b84f8,Croatian Republic of Bosnia-Herzegovina,croatian republic of bosnia-herzegovina,UCDP_ACTOR,NameOrigFull,350,Croatian Republic of Bosnia-Herzegovina,1,False,39,False,False,True,RAD;UCDP_ACTOR
449353ca8928acc44aaead60202a5cd475a666c9,Croatian Republic of Bosnia-Herzegovina,croatian republic of bosnia-herzegovina,UCDP_ACTOR,NameOrigFullEng,350,Croatian Republic of Bosnia-Herzegovina,1,False,39,False,False,True,RAD;UCDP_ACTOR
141b2bbcc5013dfd1883f1c772629307a28e6859,Parliamentary Forces,parliamentary forces,UCDP_ACTOR,NameData,351,Parliamentary Forces,1,False,20,False,False,True,RAD;UCDP_ACTOR
61ba5cf7d23c7c77d5fd141b4c2ca2c35c9ca7d3,Parliamentary Forces,parliamentary forces,UCDP_ACTOR,NameOrig,351,Parliamentary Forces,1,False,20,False,False,True,RAD;UCDP_ACTOR
e7ffbb9340ca265011b872fb2a60a4b669b648cc,Parliamentary Forces,parliamentary forces,UCDP_ACTOR,NameOrigFullEng,351,Parliamentary Forces,1,False,20,False,False,True,RAD;UCDP_ACTOR
50c0821b1225b3f73ba3802ab839c67520b20fa8,Chechen Republic of Ichkeria,chechen republic of ichkeria,UCDP_ACTOR,NameData,352,Chechen Republic of Ichkeria,1,False,28,False,False,True,RAD;UCDP_ACTOR
0113651762d83b613b304d27e4ba5a61bf9e73af,Chechen Republic of Ichkeria,chechen republic of ichkeria,UCDP_ACTOR,NameOrig,352,Chechen Republic of Ichkeria,1,False,28,False,False,True,RAD;UCDP_ACTOR
e46a23006d2182ed947550a90f892f5e5274b1f5,Нохчийн Республик Ичкери,нохчийн республик ичкери,UCDP_ACTOR,NameOrigFull,352,Chechen Republic of Ichkeria,1,False,24,False,False,True,UCDP_ACTOR
6eb6e2e06a29a1e1e981cdbdd91c2895f0338545,Chechen Republic of Ichkeria,chechen republic of ichkeria,UCDP_ACTOR,NameOrigFullEng,352,Chechen Republic of Ichkeria,1,False,28,False,False,True,RAD;UCDP_ACTOR
bed8cd26548ced8ef67b4a5c666cc967f014c637,Forces of the Caucasus Emirate,forces of the caucasus emirate,UCDP_ACTOR,NamePrev,352,Chechen Republic of Ichkeria,1,False,30,False,False,True,RAD;UCDP_ACTOR
9eaea80afc5dc179b9c8620bf34de48c4215d284,Forces of the Caucasus Emirate,forces of the caucasus emirate,UCDP_ACTOR,NameAlliance,352,Chechen Republic of Ichkeria,1,False,30,False,False,True,RAD;UCDP_ACTOR
5ba3959e215213d20e19de6294ca82f2523e4bee,Democratic Republic of Yemen,democratic republic of yemen,UCDP_ACTOR,NameData,353,Democratic Republic of Yemen,1,False,28,False,False,True,RAD;UCDP_ACTOR
95ef9588b4f0895fbd4142a023f9d6325f0f5b16,Forces of al-Bid,forces of al-bid,UCDP_ACTOR,NameOrig,353,Democratic Republic of Yemen,1,False,16,False,False,True,UCDP_ACTOR
92deb13d96cbc30774fb83e6ffaedd045b5c74fe,Forces of al-Bid,forces of al-bid,UCDP_ACTOR,NameOrigFullEng,353,Democratic Republic of Yemen,1,False,16,False,False,True,UCDP_ACTOR
1baa8449137c4fed38d6b2b84af9b72d85386a51,Democratic Republic of Yemen,democratic republic of yemen,UCDP_ACTOR,NewName,353,Democratic Republic of Yemen,1,False,28,False,False,True,RAD;UCDP_ACTOR
799f6a730e8bdb8417ac254c7e1dbc235b1d85c5,Democratic Republic of Yemen,democratic republic of yemen,UCDP_ACTOR,NewNameFullEng,353,Democratic Republic of Yemen,1,False,28,False,False,True,RAD;UCDP_ACTOR
3527c5012b2c3240f47c1303d1118a7f9775740b,MQM,mqm,UCDP_ACTOR,NameData,354,MQM,1,True,3,True,False,True,RAD;UCDP_ACTOR
1bf6e9424fc64fa7b20b7602b4beff455bcfa747,MQM,mqm,UCDP_ACTOR,NameOrig,354,MQM,1,True,3,True,False,True,RAD;UCDP_ACTOR
e7317bc97bca6a4732b63e03113e46a3b9dd6cbb,Mohajir Qaumi Mahaz,mohajir qaumi mahaz,UCDP_ACTOR,NameOrigFull,354,MQM,1,False,19,False,False,True,UCDP_ACTOR
1f0be7427e5474c2151cdb68d040453dddae6379,Mohajir National Movement,mohajir national movement,UCDP_ACTOR,NameOrigFullEng,354,MQM,1,False,25,False,False,True,UCDP_ACTOR
a3a9934e3fc670901f1bb37bd1ae4c0271770687,MQM,mqm,UCDP_ACTOR,NewName,354,MQM,1,True,3,True,False,True,RAD;UCDP_ACTOR
51b82ba612b0ddd5fd70602e90c535dd81e4b11c,Muttahida Qaumi Mahaz,muttahida qaumi mahaz,UCDP_ACTOR,NewNameFullMotherTongue,354,MQM,1,False,21,False,False,True,UCDP_ACTOR
3b47c9a1fee35483654925c673b046af06fd4f06,United National Movement,united national movement,UCDP_ACTOR,NewNameFullEng,354,MQM,1,False,24,False,False,True,RAD;UCDP_ACTOR
b072f9a1c58f28bff5712202e80d1464cd40c0e3,TTP,ttp,UCDP_ACTOR,NameData,356,TTP,1,True,3,True,False,True,RAD;UCDP_ACTOR
016d542cc8e86769ae892ab4049890fcd62f8d72,TTP,ttp,UCDP_ACTOR,NameOrig,356,TTP,1,True,3,True,False,True,RAD;UCDP_ACTOR
89163bfb736137d0f8281abb416bda8833e0a0fb,Tehrik-i-Taliban Pakistan,tehrik-i-taliban pakistan,UCDP_ACTOR,NameOrigFull,356,TTP,1,False,25,False,False,True,UCDP_ACTOR
d771e396b78977a6ad8d28aba0f28c2b3d82039d,Taleban Movement of Pakistan,taleban movement of pakistan,UCDP_ACTOR,NameOrigFullEng,356,TTP,1,False,28,False,False,True,RAD;UCDP_ACTOR
a41308b34a89301190eb62265e2c6022a112ff20,UCK,uck,UCDP_ACTOR,NameData,357,UCK,1,True,3,True,False,True,RAD;UCDP_ACTOR
c09b4fac4ff59f44f900bb9951784f01d46e8c39,UCK,uck,UCDP_ACTOR,NameOrig,357,UCK,1,True,3,True,False,True,RAD;UCDP_ACTOR
79c73c45a42fa81d5fa3d44a16f715e8552364b2,Ushtria çlirimtare ë kosovës,ushtria çlirimtare ë kosovës,UCDP_ACTOR,NameOrigFull,357,UCK,1,False,28,False,False,True,RAD;UCDP_ACTOR
66083323e1021ba567d92f3ce011cdcaa80b8c0f,Kosovo Liberation Army,kosovo liberation army,UCDP_ACTOR,NameOrigFullEng,357,UCK,1,False,22,False,False,True,RAD;UCDP_ACTOR
2942fcc4a68c34f931c80492a1939144940a157c,Wahhabi movement of the Buinaksk district,wahhabi movement of the buinaksk district,UCDP_ACTOR,NameData,358,Wahhabi movement of the Buinaksk district,1,False,41,False,False,True,RAD;UCDP_ACTOR
ea276f280691c49ef3bc8ba8894ba20ae4f2b564,Wahhabi movement of the Buinaksk district,wahhabi movement of the buinaksk district,UCDP_ACTOR,NameOrig,358,Wahhabi movement of the Buinaksk district,1,False,41,False,False,True,RAD;UCDP_ACTOR
e1d0314d6f7b7eabe397372234ae9cd021c7172f,Wahhabi movement of the Buinaksk district,wahhabi movement of the buinaksk district,UCDP_ACTOR,NameOrigFullEng,358,Wahhabi movement of the Buinaksk district,1,False,41,False,False,True,RAD;UCDP_ACTOR
fcd84930b74c6741a7293303ce2a54204141d78b,IMU,imu,UCDP_ACTOR,NameData,359,IMU,1,True,3,True,False,True,RAD;UCDP_ACTOR
88d9fbb9942ef2bb94c5e4080e1bec472882d6f0,IMU,imu,UCDP_ACTOR,NameOrig,359,IMU,1,True,3,True,False,True,RAD;UCDP_ACTOR
6a8513d69d8042e1f6729220647f2e69acde658d,Islamic Movement of Uzbekistan,islamic movement of uzbekistan,UCDP_ACTOR,NameOrigFull,359,IMU,1,False,30,False,False,True,RAD;UCDP_ACTOR
ac08770a600fdac4b64eb9aa838945e137fc7a8c,Islamic Movement of Uzbekistan,islamic movement of uzbekistan,UCDP_ACTOR,NameOrigFullEng,359,IMU,1,False,30,False,False,True,RAD;UCDP_ACTOR
f4405198237e9068497c47f8b29615425c40ab6c,JIG,jig,UCDP_ACTOR,NameData,360,JIG,1,True,3,True,False,True,RAD;UCDP_ACTOR
70fe188fbbbdb69970fd135dd6b1803f627eac0d,JIG,jig,UCDP_ACTOR,NameOrig,360,JIG,1,True,3,True,False,True,RAD;UCDP_ACTOR
51acf9cfb1edad2d10ec626cb0bba3b1dc7ed2d7,Jihad Islamic Group,jihad islamic group,UCDP_ACTOR,NameOrigFullEng,360,JIG,1,False,19,False,False,True,RAD;UCDP_ACTOR
f314296ea2f868848ee248754aec17c1dde802f6,UCK,uck,UCDP_ACTOR,NameData,361,UCK,1,True,3,True,False,True,RAD;UCDP_ACTOR
483abd95cd227c8327d418bd7c3827b2bf2fc2c3,UCK,uck,UCDP_ACTOR,NameOrig,361,UCK,1,True,3,True,False,True,RAD;UCDP_ACTOR
ffeabd2ec9f7c862fe35d2c1556b057fdcb22a77,Ushtria çlirimtare ë kombëtare,ushtria çlirimtare ë kombëtare,UCDP_ACTOR,NameOrigFull,361,UCK,1,False,30,False,False,True,UCDP_ACTOR
daf7c65d1f79f27d75d2126dd5bdfe4c7431ace3,National Liberation Army,national liberation army,UCDP_ACTOR,NameOrigFullEng,361,UCK,1,False,24,False,False,True,RAD;UCDP_ACTOR
a3ef71178809f035af436f2b93e255358d340b75,ABSU,absu,UCDP_ACTOR,NameData,362,ABSU,1,True,4,True,False,True,RAD;UCDP_ACTOR
59702c89e55781a00410ad45ffc6332f204e55a7,ABSU,absu,UCDP_ACTOR,NameOrig,362,ABSU,1,True,4,True,False,True,RAD;UCDP_ACTOR
e6e5fe1b46443d4a8d3c3c9bcc89cf7f661203b8,All Bodo Students Union,all bodo students union,UCDP_ACTOR,NameOrigFull,362,ABSU,1,False,23,False,False,True,RAD;UCDP_ACTOR
260585c40504c8e0c8e44538ed510fdec5205de5,All Bodo Students Union,all bodo students union,UCDP_ACTOR,NameOrigFullEng,362,ABSU,1,False,23,False,False,True,RAD;UCDP_ACTOR
2abfbc6ee15e55cb30d06f643b16639f97e44895,NDFB,ndfb,UCDP_ACTOR,NameData,363,NDFB,1,True,4,True,False,True,RAD;UCDP_ACTOR
dcb73e19cfcf259fa6c64431275247c3f77d3bf9,BdSF,bdsf,UCDP_ACTOR,NameOrig,363,NDFB,1,True,4,True,False,True,UCDP_ACTOR
a535ec67e36e8550770b02c38a13267ef697152e,Bodo Security Force,bodo security force,UCDP_ACTOR,NameOrigFull,363,NDFB,1,False,19,False,False,True,UCDP_ACTOR
4f5f49e78b3c498fe657fc76a3b355ea42c68629,Bodo Security Force,bodo security force,UCDP_ACTOR,NameOrigFullEng,363,NDFB,1,False,19,False,False,True,UCDP_ACTOR
c76001da5d2dcc7ab0db3992ad7e0b1a8f92dc81,NDFB,ndfb,UCDP_ACTOR,NewName,363,NDFB,1,True,4,True,False,True,RAD;UCDP_ACTOR
50fbafbfb6a5b9158f64c589e672dcc8f476e568,National Democratic Front for Bodoland,national democratic front for bodoland,UCDP_ACTOR,NewNameFullMotherTongue,363,NDFB,1,False,38,False,False,True,UCDP_ACTOR
bbdf3e659822cf854ffc4fec15c2bb6dac0b6573,National Democratic Front for Bodoland,national democratic front for bodoland,UCDP_ACTOR,NewNameFullEng,363,NDFB,1,False,38,False,False,True,UCDP_ACTOR
9b80899d7b93fb330546899f962cefb79aa6806a,UWSA,uwsa,UCDP_ACTOR,NameData,364,UWSA,1,True,4,True,False,True,UCDP_ACTOR
abcf3d50425c690bc39b52920fedcb7ffc864c78,UWSA,uwsa,UCDP_ACTOR,NameOrig,364,UWSA,1,True,4,True,False,True,UCDP_ACTOR
afbb0507a4cb65576d51dfde4cdd8cf946b6f81e,United Wa State Army,united wa state army,UCDP_ACTOR,NameOrigFull,364,UWSA,1,False,20,False,False,True,UCDP_ACTOR
24c8ade73a03fc017128caebf700241f33159384,United Wa State Army,united wa state army,UCDP_ACTOR,NameOrigFullEng,364,UWSA,1,False,20,False,False,True,UCDP_ACTOR
efc6be0862d1583b42482a9f9333e5aa7d4767a2,CPB,cpb,UCDP_ACTOR,NamePrev,364,UWSA,1,True,3,True,False,True,UCDP_ACTOR
60a74bfa81012b47cbde68b7867497f03f45772b,Patani insurgents,patani insurgents,UCDP_ACTOR,NameData,365,Patani insurgents,1,False,17,False,False,True,RAD;UCDP_ACTOR
3802133a9886f683555418ca20c41570192af6c9,Patani insurgents,patani insurgents,UCDP_ACTOR,NameOrig,365,Patani insurgents,1,False,17,False,False,True,RAD;UCDP_ACTOR
d9bf65ab53aa77977cc75ba946df5e608801b28c,Patani insurgents,patani insurgents,UCDP_ACTOR,NameOrigFull,365,Patani insurgents,1,False,17,False,False,True,RAD;UCDP_ACTOR
b1e4226b2e5025ff4cd3e82e5a4f8a17c9f78784,Patani insurgents,patani insurgents,UCDP_ACTOR,NameOrigFullEng,365,Patani insurgents,1,False,17,False,False,True,RAD;UCDP_ACTOR
b252428a9e210a947cde8c95b7d0853fe3d3aa54,Hezbollah,hezbollah,UCDP_ACTOR,NameData,366,Hezbollah,1,True,9,False,False,True,UCDP_ACTOR
d82dab9961d03c56ebc075bac15ff4caf5f9427d,Hezbollah,hezbollah,UCDP_ACTOR,NameOrig,366,Hezbollah,1,True,9,False,False,True,UCDP_ACTOR
2c2a0e0c2f62b1a3faaf841c19342af31834afd4,Hezbollah,hezbollah,UCDP_ACTOR,NameOrigFull,366,Hezbollah,1,True,9,False,False,True,UCDP_ACTOR
eee0d976cee7d75e61c4df488afa9eefc8c42ed6,Party of God,party of god,UCDP_ACTOR,NameOrigFullEng,366,Hezbollah,1,False,12,False,False,True,UCDP_ACTOR
a6efaff83deb975f0b4ebeebdc9ffad12dc05a2c,Forces of the Caucasus Emirate,forces of the caucasus emirate,UCDP_ACTOR,NameData,367,Forces of the Caucasus Emirate,1,False,30,False,False,True,RAD;UCDP_ACTOR
83af8065152b2bb90cd4bcfc8ef7dcc98116cb38,Forces of the Caucasus Emirate,forces of the caucasus emirate,UCDP_ACTOR,NameOrig,367,Forces of the Caucasus Emirate,1,False,30,False,False,True,RAD;UCDP_ACTOR
89594fc88fd683911fc04fafddc1374ded61c9fe,Имарат Кавказ,имарат кавказ,UCDP_ACTOR,NameOrigFull,367,Forces of the Caucasus Emirate,1,False,13,False,False,True,UCDP_ACTOR
02008815813360f8f17c7822d0f3491ec23be05a,Имар Кавказ,имар кавказ,UCDP_ACTOR,NameOrigFull,367,Forces of the Caucasus Emirate,1,False,11,False,False,True,UCDP_ACTOR
01a414bb70761d97a3fe3caf1d1e9adce105f63a,Кавказский Эмират,кавказский эмират,UCDP_ACTOR,NameOrigFull,367,Forces of the Caucasus Emirate,1,False,17,False,False,True,UCDP_ACTOR
5e8cb693643d5d941bad6916fb1479944b5b9885,Forces of the Caucasus Emirate,forces of the caucasus emirate,UCDP_ACTOR,NameOrigFullEng,367,Forces of the Caucasus Emirate,1,False,30,False,False,True,RAD;UCDP_ACTOR
1f8cf463cd274756132527003bc7f170afaaf807,DHD - BW,dhd - bw,UCDP_ACTOR,NameData,368,DHD - BW,1,False,8,False,False,True,UCDP_ACTOR
83b84bf27b26ae6ad35b17bed33c67e80b8d2e16,DHD - BW,dhd - bw,UCDP_ACTOR,NameOrig,368,DHD - BW,1,False,8,False,False,True,UCDP_ACTOR
460ae45b3042ca3094f74cb5a8cb285756101efe,Dima Halam Daogah - Black Widow faction,dima halam daogah - black widow faction,UCDP_ACTOR,NameOrigFull,368,DHD - BW,1,False,39,False,False,True,UCDP_ACTOR
06dd9fdc6fd3cddf867f7cd76641bda80907c331,Dima Halam Daogah - Black Widow faction,dima halam daogah - black widow faction,UCDP_ACTOR,NameOrigFullEng,368,DHD - BW,1,False,39,False,False,True,UCDP_ACTOR
a0321f248305a23004ccd572d9c20ba7d8f0730b,DHD,dhd,UCDP_ACTOR,NamePrev,368,DHD - BW,1,True,3,True,False,True,UCDP_ACTOR
17ede428ac66896b780f9bd2f7add476738b098a,PULF,pulf,UCDP_ACTOR,NameData,369,PULF,1,True,4,True,False,True,RAD;UCDP_ACTOR
b79aa6131607ab9e5114eaefbee0041913e8fde2,PULF,pulf,UCDP_ACTOR,NameOrig,369,PULF,1,True,4,True,False,True,RAD;UCDP_ACTOR
2b989f680de245f7bd2392428a4e4e4722e3f5fc,Peoples United Liberation Front,peoples united liberation front,UCDP_ACTOR,NameOrigFullEng,369,PULF,1,False,31,False,False,True,RAD;UCDP_ACTOR
71b32d0ea56f17a782182285427e74cde7b67364,Croatian irregulars,croatian irregulars,UCDP_ACTOR,NameData,370,Croatian irregulars,1,False,19,False,False,True,RAD;UCDP_ACTOR
fe821a0edc986c873f3cf3481c8c2730baf9d13f,Croatian irregulars,croatian irregulars,UCDP_ACTOR,NameOrig,370,Croatian irregulars,1,False,19,False,False,True,RAD;UCDP_ACTOR
a6cc8aec8c675be1514bc3fe8d750d6c17b9778c,Croatian irregulars,croatian irregulars,UCDP_ACTOR,NameOrigFullEng,370,Croatian irregulars,1,False,19,False,False,True,RAD;UCDP_ACTOR
08f4ab7be22e2a69e738a299bb0fc63b6a7ee60d,Serbian irregulars,serbian irregulars,UCDP_ACTOR,NameData,371,Serbian irregulars,1,False,18,False,False,True,RAD;UCDP_ACTOR
ce9305aca613ef39708dd310bb897a37961bc933,Serbian irregulars,serbian irregulars,UCDP_ACTOR,NameOrig,371,Serbian irregulars,1,False,18,False,False,True,RAD;UCDP_ACTOR
8dd709d2899229837595f9a09b403edee6a5f903,Serbian irregulars,serbian irregulars,UCDP_ACTOR,NameOrigFull,371,Serbian irregulars,1,False,18,False,False,True,RAD;UCDP_ACTOR
faa09314ac3a0ddf3bbf0123c7e371732592846d,Serbian irregulars,serbian irregulars,UCDP_ACTOR,NameOrigFullEng,371,Serbian irregulars,1,False,18,False,False,True,RAD;UCDP_ACTOR
3ee42556314f67a610f16db2e866b85a012a77ec,BLTF,bltf,UCDP_ACTOR,NameData,373,BLTF,1,True,4,True,False,True,UCDP_ACTOR
c212de08b2d45ea78f4592284ff022cbce6d93c4,BLTF,bltf,UCDP_ACTOR,NameOrig,373,BLTF,1,True,4,True,False,True,UCDP_ACTOR
7338da5e14199c2f5cfbaf0a8a06cc47e010fee5,Bodo Liberation Tiger Force,bodo liberation tiger force,UCDP_ACTOR,NameOrigFull,373,BLTF,1,False,27,False,False,True,UCDP_ACTOR
1f829330f847b6857190e7f53321f13c6086458a,Bodo Liberation Tiger Force,bodo liberation tiger force,UCDP_ACTOR,NameOrigFullEng,373,BLTF,1,False,27,False,False,True,UCDP_ACTOR
99db29350e42074baae10744764092f963cc8f15,Forces of Abdul Rahman Khan,forces of abdul rahman khan,UCDP_ACTOR,NameData,375,Forces of Abdul Rahman Khan,1,False,27,False,False,True,UCDP_ACTOR
b3670993199f3e13cfc054cdbd766a9e187f5588,Forces of Abdul Rahman Khan,forces of abdul rahman khan,UCDP_ACTOR,NameOrig,375,Forces of Abdul Rahman Khan,1,False,27,False,False,True,UCDP_ACTOR
7a48096f007b5870e26f1bf0eac3f143e9ece854,Forces of Abdul Rahman Khan,forces of abdul rahman khan,UCDP_ACTOR,NameOrigFull,375,Forces of Abdul Rahman Khan,1,False,27,False,False,True,UCDP_ACTOR
8b842dd80d81828802c38f46baa9ddf4ca42bbf3,Forces of Abdul Rahman Khan,forces of abdul rahman khan,UCDP_ACTOR,NameOrigFullEng,375,Forces of Abdul Rahman Khan,1,False,27,False,False,True,UCDP_ACTOR
a35fb1039a3df865d9c8b94bd9e079a630f30448,Forces of Amanullah,forces of amanullah,UCDP_ACTOR,NameData,376,Forces of Amanullah,1,False,19,False,False,True,UCDP_ACTOR
f6756c29851bc57c18d8221e550d5127ab2fc2a9,Forces of Amanullah,forces of amanullah,UCDP_ACTOR,NameOrig,376,Forces of Amanullah,1,False,19,False,False,True,UCDP_ACTOR
67aed6aa74b9887470ebbe1f7736feb413d5fd48,Forces of Amanullah,forces of amanullah,UCDP_ACTOR,NameOrigFull,376,Forces of Amanullah,1,False,19,False,False,True,UCDP_ACTOR
20b0652aed39022bdc52a9e2ed80796980c1d0bb,Forces of Amanullah,forces of amanullah,UCDP_ACTOR,NameOrigFullEng,376,Forces of Amanullah,1,False,19,False,False,True,UCDP_ACTOR
b2a8bf44173593c7716a414813053c7833e1bb49,Forces of Amanullah Khan,forces of amanullah khan,UCDP_ACTOR,NameData,377,Forces of Amanullah Khan,1,False,24,False,False,True,UCDP_ACTOR
9d83eaabf533fa65f93411bb9a1ce5bb69fcc138,Forces of Amanullah Khan,forces of amanullah khan,UCDP_ACTOR,NameOrig,377,Forces of Amanullah Khan,1,False,24,False,False,True,UCDP_ACTOR
5c57d431b70e86d5b6f14c7a19c9c9f27cdb7934,Forces of Amanullah Khan,forces of amanullah khan,UCDP_ACTOR,NameOrigFull,377,Forces of Amanullah Khan,1,False,24,False,False,True,UCDP_ACTOR
90ac8fc1821689e1af9881c1e4d688ad20707240,Forces of Amanullah Khan,forces of amanullah khan,UCDP_ACTOR,NameOrigFullEng,377,Forces of Amanullah Khan,1,False,24,False,False,True,UCDP_ACTOR
6ca5147178fc6b0e161533a68a0e3e920f5ef0e9,Forces of Arbab Basir,forces of arbab basir,UCDP_ACTOR,NameData,378,Forces of Arbab Basir,1,False,21,False,False,True,UCDP_ACTOR
6cc66bc72ba57e52eee911fe0faf477b8c0a8210,Forces of Arbab Basir,forces of arbab basir,UCDP_ACTOR,NameOrig,378,Forces of Arbab Basir,1,False,21,False,False,True,UCDP_ACTOR
7e373072ecde2ee8afaec995b4bf211ddc00389f,Forces of Arbab Basir,forces of arbab basir,UCDP_ACTOR,NameOrigFull,378,Forces of Arbab Basir,1,False,21,False,False,True,UCDP_ACTOR
a0356ef2dfaefed1301111e0854765b53bb33d28,Forces of Arbab Basir,forces of arbab basir,UCDP_ACTOR,NameOrigFullEng,378,Forces of Arbab Basir,1,False,21,False,False,True,UCDP_ACTOR
1e9fcbecb8741e8281371ad16b779f92463d0694,Forces of Ismail Khan,forces of ismail khan,UCDP_ACTOR,NameData,379,Forces of Ismail Khan,1,False,21,False,False,True,UCDP_ACTOR
ce1e64a7cba1a0de3d0f4d09bf30cf806410b6d8,Forces of Ismail Khan,forces of ismail khan,UCDP_ACTOR,NameOrig,379,Forces of Ismail Khan,1,False,21,False,False,True,UCDP_ACTOR
288c0ada6a7571733e33f686396502b4b112d7c6,Forces of Ismail Khan,forces of ismail khan,UCDP_ACTOR,NameOrigFull,379,Forces of Ismail Khan,1,False,21,False,False,True,UCDP_ACTOR
8407363235daf5408615810983be54299e990d1f,Forces of Ismail Khan,forces of ismail khan,UCDP_ACTOR,NameOrigFullEng,379,Forces of Ismail Khan,1,False,21,False,False,True,UCDP_ACTOR
f81adf768e0a168c25207d7d2fd35c0b1ecf0871,Gazotan Murdash,gazotan murdash,UCDP_ACTOR,NameData,382,Gazotan Murdash,1,False,15,False,False,True,UCDP_ACTOR
e1ca640a1a228b2922fffd0aa876c337b1b2cc59,Gazotan Murdash,gazotan murdash,UCDP_ACTOR,NameOrig,382,Gazotan Murdash,1,False,15,False,False,True,UCDP_ACTOR
8923d3fc022421b29817cbeaa47452eb78ecff1c,Gazotan Murdash,gazotan murdash,UCDP_ACTOR,NameOrigFull,382,Gazotan Murdash,1,False,15,False,False,True,UCDP_ACTOR
1efa8fe0756e5222fbe2ba1f22afb1a11e7b4de0,Followers of the Holy War,followers of the holy war,UCDP_ACTOR,NameOrigFullEng,382,Gazotan Murdash,1,False,25,False,False,True,UCDP_ACTOR
4e0d0f14118afd6cae6fb59a5513cb70eef83c96,GICM,gicm,UCDP_ACTOR,NameData,383,GICM,1,True,4,True,False,True,UCDP_ACTOR
c210a2989a8def47c7d4f8af4cb6fe688922329d,GICM,gicm,UCDP_ACTOR,NameOrig,383,GICM,1,True,4,True,False,True,UCDP_ACTOR
8af6d93a20fbf6933ccaed538ba6ef349235dd9e,Groupe Islamique Combattant Marocain,groupe islamique combattant marocain,UCDP_ACTOR,NameOrigFull,383,GICM,1,False,36,False,False,True,UCDP_ACTOR
20e08a26a19c2f22764b61caded539d73072f8b7,Moroccan Islamic Combatant Group,moroccan islamic combatant group,UCDP_ACTOR,NameOrigFullEng,383,GICM,1,False,32,False,False,True,UCDP_ACTOR
fdfcab02cbab17229a797c83505c61c67f744ae8,Jamaat Jund al-Sahaba,jamaat jund al-sahaba,UCDP_ACTOR,NameData,384,Jamaat Jund al-Sahaba,1,False,21,False,False,True,UCDP_ACTOR
ddc0233deacf59d0b47b25d948e43c3de4f33847,Jamaat Jund al-Sahaba,jamaat jund al-sahaba,UCDP_ACTOR,NameOrig,384,Jamaat Jund al-Sahaba,1,False,21,False,False,True,UCDP_ACTOR
1e8fd4b897f3b9339a4343d181252ecb6af7a27e,Jamaat Jund al-Sahaba,jamaat jund al-sahaba,UCDP_ACTOR,NameOrigFull,384,Jamaat Jund al-Sahaba,1,False,21,False,False,True,UCDP_ACTOR
04a03237f1bbd20d3c5cf67206a162451148ddac,Soldiers of the Prophets Companions,soldiers of the prophets companions,UCDP_ACTOR,NameOrigFullEng,384,Jamaat Jund al-Sahaba,1,False,35,False,False,True,UCDP_ACTOR
a5b03bcb4692549ddf891ba085c4199708b1de33,Jemaah Islamiya,jemaah islamiya,UCDP_ACTOR,NameData,385,Jemaah Islamiya,1,False,15,False,False,True,UCDP_ACTOR
6ac9e74c4bed535401d7234a8a7967ccc8ef84c5,Jemaah Islamiya,jemaah islamiya,UCDP_ACTOR,NameOrig,385,Jemaah Islamiya,1,False,15,False,False,True,UCDP_ACTOR
47e891ceb93e94d13efb606a47bafb3a53296747,Jemaah Islamiya,jemaah islamiya,UCDP_ACTOR,NameOrigFull,385,Jemaah Islamiya,1,False,15,False,False,True,UCDP_ACTOR
12580d368add2166f5985d05f7582a2428d4d360,Islamic Community,islamic community,UCDP_ACTOR,NameOrigFullEng,385,Jemaah Islamiya,1,False,17,False,False,True,UCDP_ACTOR
f78893bc366bc99da507ffaef147f93ad586da52,LeJ,lej,UCDP_ACTOR,NameData,388,LeJ,1,True,3,True,False,True,UCDP_ACTOR
916d5c877ca23d730201c0d35ced4cea481b2f4b,LeJ,lej,UCDP_ACTOR,NameOrig,388,LeJ,1,True,3,True,False,True,UCDP_ACTOR
ddb78e183e3f08fe2ad45f2fcac0d2c4a992f0f2,Lashkar-e-Jhangvi,lashkar-e-jhangvi,UCDP_ACTOR,NameOrigFull,388,LeJ,1,True,17,False,False,True,UCDP_ACTOR
3a136896b001b1224d361f6b9d455e92bcd3067d,Army of Jhangvi,army of jhangvi,UCDP_ACTOR,NameOrigFullEng,388,LeJ,1,False,15,False,False,True,UCDP_ACTOR
7cf7132d1339514d927714f383a24380f4aa6f22,LTTE - K,ltte - k,UCDP_ACTOR,NameData,389,LTTE - K,1,False,8,False,False,True,UCDP_ACTOR
9878878602b0ef8fa5de83d914b0f64b782d7703,LTTE - K,ltte - k,UCDP_ACTOR,NameOrig,389,LTTE - K,1,False,8,False,False,True,UCDP_ACTOR
5136d49c42db6c8e88ba838505d882fc7d7e1162,Thamil Eelam Viduthalai Puligal - Karuna faction,thamil eelam viduthalai puligal - karuna faction,UCDP_ACTOR,NameOrigFull,389,LTTE - K,1,False,48,False,False,True,UCDP_ACTOR
8123b4339f9b7ab896cdd32f91eb86d4b59197fa,Liberation Tigers of Tamil Eelam - Karuna faction,liberation tigers of tamil eelam - karuna faction,UCDP_ACTOR,NameOrigFullEng,389,LTTE - K,1,False,49,False,False,True,UCDP_ACTOR
ff731c383a032412e02c7b07d9aef9eeb6939d11,LTTE,ltte,UCDP_ACTOR,NamePrev,389,LTTE - K,1,True,4,True,False,True,UCDP_ACTOR
a3cf3aa8540ca888ec4915f84136d0ecfab0c0e8,Ranvir Sena,ranvir sena,UCDP_ACTOR,NameData,392,Ranvir Sena,1,False,11,False,False,True,UCDP_ACTOR
ac4fe9512f6b0dc808dc4182a6d131a7fa57f68d,Ranvir Sena,ranvir sena,UCDP_ACTOR,NameOrig,392,Ranvir Sena,1,False,11,False,False,True,UCDP_ACTOR
fa2ca391204e1e2f28e4ef8641434c8ab6e7de21,Ranvir Sena,ranvir sena,UCDP_ACTOR,NameOrigFull,392,Ranvir Sena,1,False,11,False,False,True,UCDP_ACTOR
5fc8d1a6f91d15c933d8282fe16970b991dbeb7a,Army of Ranvir,army of ranvir,UCDP_ACTOR,NameOrigFullEng,392,Ranvir Sena,1,False,14,False,False,True,UCDP_ACTOR
257ce33a221c41d65f7fe0df8cdba4346006566f,Salafia Jihadia,salafia jihadia,UCDP_ACTOR,NameData,393,Salafia Jihadia,1,False,15,False,False,True,UCDP_ACTOR
3039083e011b0954f29cc4d0d2618e5a1efe1a3a,Salafia Jihadia,salafia jihadia,UCDP_ACTOR,NameOrig,393,Salafia Jihadia,1,False,15,False,False,True,UCDP_ACTOR
5991c9a79f1c582928e7019b95429c15c1d639b7,Salafia Jihadia,salafia jihadia,UCDP_ACTOR,NameOrigFull,393,Salafia Jihadia,1,False,15,False,False,True,UCDP_ACTOR
70f39c36257656056e367810080a6f25778bcc5d,Salafist Jihadists,salafist jihadists,UCDP_ACTOR,NameOrigFullEng,393,Salafia Jihadia,1,False,18,False,False,True,UCDP_ACTOR
02538c7483f1789ff0db998c97e096aa4f950921,Tawhid wal Jihad,tawhid wal jihad,UCDP_ACTOR,NameData,395,Tawhid wal Jihad,1,False,16,False,False,True,UCDP_ACTOR
c8e4e2e76921d58ee6d5684a97e1c721ea3313b0,Tawhid wal Jihad,tawhid wal jihad,UCDP_ACTOR,NameOrig,395,Tawhid wal Jihad,1,False,16,False,False,True,UCDP_ACTOR
4abb6f9747e52672f876c95972d654f06dc7b506,Tawhid wal Jihad,tawhid wal jihad,UCDP_ACTOR,NameOrigFull,395,Tawhid wal Jihad,1,False,16,False,False,True,UCDP_ACTOR
a49c39b6341ea6e9056a958226b4d850dd943fe2,Unity and Holy War,unity and holy war,UCDP_ACTOR,NameOrigFullEng,395,Tawhid wal Jihad,1,False,18,False,False,True,UCDP_ACTOR
bc18f8797aa20001d4a457b3a1b84b9bc89a5d07,UPDS,upds,UCDP_ACTOR,NameData,396,UPDS,1,True,4,True,False,True,UCDP_ACTOR
0f46fb7a790242c1925d75dd8c32308dfc0fbc96,UPDS,upds,UCDP_ACTOR,NameOrig,396,UPDS,1,True,4,True,False,True,UCDP_ACTOR
827ae662499576164906abf55ac134894c90e9f0,United Peoples Democratic Solidarity,united peoples democratic solidarity,UCDP_ACTOR,NameOrigFull,396,UPDS,1,False,36,False,False,True,UCDP_ACTOR
63ca07692123517a8d261447e557900ecdda2b96,United Peoples Democratic Solidarity,united peoples democratic solidarity,UCDP_ACTOR,NameOrigFullEng,396,UPDS,1,False,36,False,False,True,UCDP_ACTOR
54ae72a53d39802a9b5638704b1ce211e4987ba2,VHP,vhp,UCDP_ACTOR,NameData,397,VHP,1,True,3,True,False,True,UCDP_ACTOR
b30269eabe60fdd0c84466ff65c24f2db34d8a6f,VHP,vhp,UCDP_ACTOR,NameOrig,397,VHP,1,True,3,True,False,True,UCDP_ACTOR
974d6a73c1f76b132c77d63a5d2e960fa76092f5,Vishwa Hindu Parishad,vishwa hindu parishad,UCDP_ACTOR,NameOrigFull,397,VHP,1,False,21,False,False,True,UCDP_ACTOR
22668950dd36bce542080969955fd82579ea5265,World Hindu Council,world hindu council,UCDP_ACTOR,NameOrigFullEng,397,VHP,1,False,19,False,False,True,UCDP_ACTOR
f1f6a44693159c151d8e594483d079a24725d62d,Ansaar ul-Islam,ansaar ul-islam,UCDP_ACTOR,NameData,398,Ansaar ul-Islam,1,False,15,False,False,True,UCDP_ACTOR
abe52797a450e0a22d0b3045933d8c1cac3f1304,Ansaar ul-Islam,ansaar ul-islam,UCDP_ACTOR,NameOrig,398,Ansaar ul-Islam,1,False,15,False,False,True,UCDP_ACTOR
42bcc963dbdc5c1c6b59cf4af23aa24597ae67ee,Ansaar ul-Islam,ansaar ul-islam,UCDP_ACTOR,NameOrigFull,398,Ansaar ul-Islam,1,False,15,False,False,True,UCDP_ACTOR
dd2a25f5ba87c8f81eb083f88418ace772c256da,Supporters of Islam,supporters of islam,UCDP_ACTOR,NameOrigFullEng,398,Ansaar ul-Islam,1,False,19,False,False,True,UCDP_ACTOR
1d2841584ea9446e3b508e7f7e40acc59561a0eb,Lashkar-e-Islam,lashkar-e-islam,UCDP_ACTOR,NameData,399,Lashkar-e-Islam,1,True,15,False,False,True,RAD;UCDP_ACTOR
77131c6c264bb55bff3b6bcb9cd47b9c991ee1f3,Lashkar-e-Islam,lashkar-e-islam,UCDP_ACTOR,NameOrig,399,Lashkar-e-Islam,1,True,15,False,False,True,RAD;UCDP_ACTOR
0d3a837cd1b6f971a2c90f3fe8125c1ef35bc3ef,Lashkar-e-Islam,lashkar-e-islam,UCDP_ACTOR,NameOrigFull,399,Lashkar-e-Islam,1,True,15,False,False,True,RAD;UCDP_ACTOR
346cd37c1367db737af12cffa714c5cbfd5b5bb5,Army of Islam,army of islam,UCDP_ACTOR,NameOrigFullEng,399,Lashkar-e-Islam,1,False,13,False,False,True,UCDP_ACTOR
b0ee6beb643b7089cab1a94cf6d9a5f01fa25b86,TTP,ttp,UCDP_ACTOR,GroupName,399,Lashkar-e-Islam,1,True,3,True,False,True,RAD;UCDP_ACTOR
7852369b4f504c195bcc589855acc25bb0b60039,Mau Mau,mau mau,UCDP_ACTOR,NameData,400,Mau Mau,1,False,7,False,False,True,UCDP_ACTOR
959c8250066d165e2d258d219bb2b67ee6879b29,Mau Mau,mau mau,UCDP_ACTOR,NameOrig,400,Mau Mau,1,False,7,False,False,True,UCDP_ACTOR
c98346153d748e081392aa47d7458cdbc856f586,Mau Mau,mau mau,UCDP_ACTOR,NameOrigFull,400,Mau Mau,1,False,7,False,False,True,UCDP_ACTOR
ac58e17c5e0d71e6d49266df5e0a20eba225a3bd,Mau Mau,mau mau,UCDP_ACTOR,NameOrigFullEng,400,Mau Mau,1,False,7,False,False,True,UCDP_ACTOR
fc6a12f58cf2b7a57020368a44d0952d243baa53,Istiqlal,istiqlal,UCDP_ACTOR,NameData,401,Istiqlal,1,True,8,False,False,True,UCDP_ACTOR
cf72f7c5cf3008c2fb2fe045b919f17f8cc89e44,Istiqlal,istiqlal,UCDP_ACTOR,NameOrig,401,Istiqlal,1,True,8,False,False,True,UCDP_ACTOR
4f18bebaf7fabc8357d83f91a5c43c371d1e0916,Istiqlal,istiqlal,UCDP_ACTOR,NameOrigFull,401,Istiqlal,1,True,8,False,False,True,UCDP_ACTOR
6e992c358e7ef0b8b3bfb3ea16a30739c114a86e,Moroccan Nationalist Party,moroccan nationalist party,UCDP_ACTOR,NameOrigFullEng,401,Istiqlal,1,False,26,False,False,True,UCDP_ACTOR
e3fd94abf217755f9df2e776f54021e0b164caad,National Liberation Army,national liberation army,UCDP_ACTOR,NameData,402,National Liberation Army,1,False,24,False,False,True,RAD;UCDP_ACTOR
a202d194f76d16b590d140c3f11142993b6e73cc,National Liberation Army,national liberation army,UCDP_ACTOR,NameOrig,402,National Liberation Army,1,False,24,False,False,True,RAD;UCDP_ACTOR
778060e24c7cd79a485188e4db65775c00e688ef,National Liberation Army,national liberation army,UCDP_ACTOR,NameOrigFullEng,402,National Liberation Army,1,False,24,False,False,True,RAD;UCDP_ACTOR
ec9a75fcfeae54f9449ff7125be6d5ebbc433b3a,FLN,fln,UCDP_ACTOR,NameData,403,FLN,1,True,3,True,False,True,UCDP_ACTOR
0a257adf10e7fd7f2250f00e254f9afde70533e9,FLN,fln,UCDP_ACTOR,NameOrig,403,FLN,1,True,3,True,False,True,UCDP_ACTOR
14393f73db7ef920bcc057e8c37bfba3a5db66f7,Front de libération nationale,front de libération nationale,UCDP_ACTOR,NameOrigFull,403,FLN,1,False,29,False,False,True,UCDP_ACTOR
d3061f82504c4ff1732b7c0a8e99dbf87e0a9cbf,National Liberation Front,national liberation front,UCDP_ACTOR,NameOrigFullEng,403,FLN,1,False,25,False,False,True,RAD;UCDP_ACTOR
72b4623cb29230e671daa3cfa47ab1f9e6179ead,MNA,mna,UCDP_ACTOR,NameData,404,MNA,1,True,3,True,False,True,UCDP_ACTOR
df6894942060a3f03ec4d8b2ebb4c18a0498779b,MNA,mna,UCDP_ACTOR,NameOrig,404,MNA,1,True,3,True,False,True,UCDP_ACTOR
60ab8a75e16a22983ba8f4f2d9f45130ec928c6d,Mouvement nationale algérien,mouvement nationale algérien,UCDP_ACTOR,NameOrigFull,404,MNA,1,False,28,False,False,True,UCDP_ACTOR
a13c842d85ac16a89d75d352a11da558ce42e40e,Algerian National Movement,algerian national movement,UCDP_ACTOR,NameOrigFullEng,404,MNA,1,False,26,False,False,True,UCDP_ACTOR
7724666fc27ed56e816f6d20081f47c2ccbabc3e,MPLA,mpla,UCDP_ACTOR,NameData,405,MPLA,1,True,4,True,False,True,UCDP_ACTOR
2f8139b54d8c3bc3bc5c4e4186a2a5f158beff3e,MPLA,mpla,UCDP_ACTOR,NameOrig,405,MPLA,1,True,4,True,False,True,UCDP_ACTOR
d35c2824c807d1d1bc7240019d57478363f737bc,Movimento popular de libertação de Angola,movimento popular de libertação de angola,UCDP_ACTOR,NameOrigFull,405,MPLA,1,False,41,False,False,True,UCDP_ACTOR
77d259ec6576548cb3e46fc01c400e9ff09feed8,Popular Movement for the Liberation of Angola,popular movement for the liberation of angola,UCDP_ACTOR,NameOrigFullEng,405,MPLA,1,False,45,False,False,True,UCDP_ACTOR
5c251c562b2e19a8a63dc57ee0f30cb072b0565b,State of Katanga,state of katanga,UCDP_ACTOR,NameData,406,State of Katanga,1,False,16,False,False,True,UCDP_ACTOR
fd15dbd49693b68598971451982ab66f62a1f1fd,State of Katanga,state of katanga,UCDP_ACTOR,NameOrig,406,State of Katanga,1,False,16,False,False,True,UCDP_ACTOR
d2733032522ad00cd170f2503bdbde1081e06ce8,État du Katanga,état du katanga,UCDP_ACTOR,NameOrigFull,406,State of Katanga,1,False,15,False,False,True,UCDP_ACTOR
799b2abaa5b9a95a157269e635c7d00961462c8b,State of Katanga,state of katanga,UCDP_ACTOR,NameOrigFullEng,406,State of Katanga,1,False,16,False,False,True,UCDP_ACTOR
8b9b229d4059568a9a039c062448359c07063b4d,Independent Mining State of South Kasai,independent mining state of south kasai,UCDP_ACTOR,NameData,407,Independent Mining State of South Kasai,1,False,39,False,False,True,UCDP_ACTOR
9d1f87bafd78c0cf0df3784bf1ef8254cdcf50dd,Independent Mining State of South Kasai,independent mining state of south kasai,UCDP_ACTOR,NameOrig,407,Independent Mining State of South Kasai,1,False,39,False,False,True,UCDP_ACTOR
de2c461c4b50a89f0ce6a37fcb31eff5f830b600,État minier du Sud-Kasaï,état minier du sud-kasaï,UCDP_ACTOR,NameOrigFull,407,Independent Mining State of South Kasai,1,False,24,False,False,True,UCDP_ACTOR
8a4df21f26951b048d53607e845e2627ee912c58,Independent Mining State of South Kasai,independent mining state of south kasai,UCDP_ACTOR,NameOrigFullEng,407,Independent Mining State of South Kasai,1,False,39,False,False,True,UCDP_ACTOR
9dbd5daf11c1a7f512c7617a8e5653b86a619d5c,Military faction (forces of Mengistu Neway),military faction (forces of mengistu neway),UCDP_ACTOR,NameData,408,Military faction (forces of Mengistu Neway),1,False,43,False,False,True,UCDP_ACTOR
c8b468d8cef1bf6a26d33813f7ef1ecc139a007d,Military faction (forces of Mengistu Neway),military faction (forces of mengistu neway),UCDP_ACTOR,NameOrig,408,Military faction (forces of Mengistu Neway),1,False,43,False,False,True,UCDP_ACTOR
d8728f0e5694792aa22300299d0639ed65ad14f4,Military faction (forces of Mengistu Neway),military faction (forces of mengistu neway),UCDP_ACTOR,NameOrigFullEng,408,Military faction (forces of Mengistu Neway),1,False,43,False,False,True,UCDP_ACTOR
3f88debd55f2a421aa22ab0c23bf5db51c956178,EPRP,eprp,UCDP_ACTOR,NameData,409,EPRP,1,True,4,True,False,True,UCDP_ACTOR
9b664ebc18a8351c644d7b795990439fbd934374,EPRP,eprp,UCDP_ACTOR,NameOrig,409,EPRP,1,True,4,True,False,True,UCDP_ACTOR
d15610f766b7aea701ae746a8ecad541e38426eb,Ethiopian Peoples Revolutionary Party,ethiopian peoples revolutionary party,UCDP_ACTOR,NameOrigFullEng,409,EPRP,1,False,37,False,False,True,UCDP_ACTOR
d41dcdbcf09782769e80fff12d8c653cf9ee6d24,TPLF,tplf,UCDP_ACTOR,NameData,410,TPLF,1,True,4,True,False,True,UCDP_ACTOR
cc9d1414ef232db9b624c6924a568c4ef7b2c44c,TPLF,tplf,UCDP_ACTOR,NameOrig,410,TPLF,1,True,4,True,False,True,UCDP_ACTOR
916a98acd51de1d36735da7bc64ea605d9e4ead0,Tigrean Peoples Liberation Front,tigrean peoples liberation front,UCDP_ACTOR,NameOrigFull,410,TPLF,1,False,32,False,False,True,UCDP_ACTOR
68e77815a840dd433ec912151ba4620416dcf5ac,Tigrean Peoples Liberation Front,tigrean peoples liberation front,UCDP_ACTOR,NameOrigFullEng,410,TPLF,1,False,32,False,False,True,UCDP_ACTOR
4d122d48c767587ad04f5d788c2a1d80ed9af808,EPRDF,eprdf,UCDP_ACTOR,NamePrev,410,TPLF,1,True,5,False,False,True,RAD;UCDP_ACTOR
552e5e93d52ae256287ba479225c674eb104fff9,EPRDF,eprdf,UCDP_ACTOR,NameAlliance,410,TPLF,1,True,5,False,False,True,RAD;UCDP_ACTOR
7270319d894fe097dbc74d2423c51281e6655482,EDU,edu,UCDP_ACTOR,NameData,411,EDU,1,True,3,True,False,True,UCDP_ACTOR
418ddd32e07d0008c860b691a3808123ecd62c1e,EDU,edu,UCDP_ACTOR,NameOrig,411,EDU,1,True,3,True,False,True,UCDP_ACTOR
05965eb26b6d8c831da724dfee1fc6b3e72f76af,Ethiopian Democratic Union,ethiopian democratic union,UCDP_ACTOR,NameOrigFullEng,411,EDU,1,False,26,False,False,True,UCDP_ACTOR
7e45eb8d7be32cd2d9fff4decc439bcc22c6f612,EPDM,epdm,UCDP_ACTOR,NameData,412,EPDM,1,True,4,True,False,True,UCDP_ACTOR
b73f7ef65e1e2d8567c18b92eb73ab422fc470e5,EPDM,epdm,UCDP_ACTOR,NameOrig,412,EPDM,1,True,4,True,False,True,UCDP_ACTOR
5de9cae59d99ef199b94fb5ce5f7376b80687961,Ethiopian Peoples Democratic Movement,ethiopian peoples democratic movement,UCDP_ACTOR,NameOrigFullEng,412,EPDM,1,False,37,False,False,True,UCDP_ACTOR
18139849ecd85b81f12ffbcb35a6ef2d62e16642,EPRP,eprp,UCDP_ACTOR,NamePrev,412,EPDM,1,True,4,True,False,True,UCDP_ACTOR
8d14111e3da479d13a131ba388b7e7d3d2c40434,EPRDF,eprdf,UCDP_ACTOR,NameAlliance,412,EPDM,1,True,5,False,False,True,RAD;UCDP_ACTOR
2aee6284155c73ed3c9d111171936455f2c585d5,Military faction (forces of Amsha Desta and Merid Negusie),military faction (forces of amsha desta and merid negusie),UCDP_ACTOR,NameData,413,Military faction (forces of Amsha Desta and Merid Negusie),1,False,58,False,False,True,RAD;UCDP_ACTOR
90ca5ef3787351620649a8b177aaa22f7c93c52b,Military faction (forces of Amsha Desta and Merid Negusie),military faction (forces of amsha desta and merid negusie),UCDP_ACTOR,NameOrig,413,Military faction (forces of Amsha Desta and Merid Negusie),1,False,58,False,False,True,RAD;UCDP_ACTOR
f055ba49b892060500949d0e8413b37ae2e1d3be,Military faction (forces of Amsha Desta and Merid Negusie),military faction (forces of amsha desta and merid negusie),UCDP_ACTOR,NameOrigFullEng,413,Military faction (forces of Amsha Desta and Merid Negusie),1,False,58,False,False,True,RAD;UCDP_ACTOR
86d44f9d6c8c1bd434222bb0bfce877d9b84d1ea,EPRDF,eprdf,UCDP_ACTOR,NameData,414,EPRDF,1,True,5,False,False,True,RAD;UCDP_ACTOR
62ecea14fa8f6099094e22d8e65ebd89e9832e2f,EPRDF,eprdf,UCDP_ACTOR,NameOrig,414,EPRDF,1,True,5,False,False,True,RAD;UCDP_ACTOR
d15b51ace1a85da6ee21d1e1386a7e4f22e19e43,Ethiopian Peoples Revolutionary Democratic Front,ethiopian peoples revolutionary democratic front,UCDP_ACTOR,NameOrigFullEng,414,EPRDF,1,False,48,False,False,True,RAD;UCDP_ACTOR
8aee8e45f18513c42bd05cbddf2abc66faf225ff,ELF,elf,UCDP_ACTOR,NameData,415,ELF,1,True,3,True,False,True,UCDP_ACTOR
e4ac37fc7b068baab8a28627e4ca3539a227a4f1,ELF,elf,UCDP_ACTOR,NameOrig,415,ELF,1,True,3,True,False,True,UCDP_ACTOR
3762985d49d0befe87734e6f96685f73d0130253,Eritrean Liberation Front,eritrean liberation front,UCDP_ACTOR,NameOrigFullEng,415,ELF,1,False,25,False,False,True,UCDP_ACTOR
2451e2cbf377e886fb563d73b4bc56844f53d8c3,EPLF,eplf,UCDP_ACTOR,NameData,416,EPLF,1,True,4,True,False,True,UCDP_ACTOR
71e27a866dd72e129b009e8e7f37f5b2cc875e92,EPLF,eplf,UCDP_ACTOR,NameOrig,416,EPLF,1,True,4,True,False,True,UCDP_ACTOR
ed3598660c8c2f9256bd86642871f4d5858d47d9,Eritrean Peoples Liberation Front,eritrean peoples liberation front,UCDP_ACTOR,NameOrigFullEng,416,EPLF,1,False,33,False,False,True,UCDP_ACTOR
5c78525bc87f4b19a06c1b47886cf0fc6cdfbd4d,ELF,elf,UCDP_ACTOR,NamePrev,416,EPLF,1,True,3,True,False,True,UCDP_ACTOR
a7d3d68957a15fcddb6320e8fb6b312448c012f5,PAIGC,paigc,UCDP_ACTOR,NameData,417,PAIGC,1,True,5,False,False,True,UCDP_ACTOR
22ee2bdb27858cc57d8ebe718a8c1e53114089f6,PAIGC,paigc,UCDP_ACTOR,NameOrig,417,PAIGC,1,True,5,False,False,True,UCDP_ACTOR
fd3bccdf6e6d274483675928e7c95b9fa29259d1,Partido africano da independência da Guiné e do Cabo Verde,partido africano da independência da guiné e do cabo verde,UCDP_ACTOR,NameOrigFull,417,PAIGC,1,False,58,False,False,True,UCDP_ACTOR
9635beacb287256a67034d5a7dbf94818b8757be,African Party for the Independence of Guinea-Bissau and Cape Verde,african party for the independence of guinea-bissau and cape verde,UCDP_ACTOR,NameOrigFullEng,417,PAIGC,1,False,66,False,False,True,UCDP_ACTOR
20b4966ab18e5cbd072454b2d30725295e5ab9b5,SSLM,sslm,UCDP_ACTOR,NameData,418,SSLM,1,True,4,True,False,True,RAD;UCDP_ACTOR
540e643debb023eb8b8441ec20b13307f73b6eaf,Anya Nya,anya nya,UCDP_ACTOR,NameOrig,418,SSLM,1,False,8,False,False,True,UCDP_ACTOR
7c4702549891825c39903116b64782b9a5174a9f,Anya Nya,anya nya,UCDP_ACTOR,NameOrigFull,418,SSLM,1,False,8,False,False,True,UCDP_ACTOR
b7fb594624d5745924620b96d698182ce5da2fd4,Anya Nya,anya nya,UCDP_ACTOR,NameOrigFullEng,418,SSLM,1,False,8,False,False,True,UCDP_ACTOR
68f75e5412a841a256b71fa10d9580b6c6302976,SSLM,sslm,UCDP_ACTOR,NewName,418,SSLM,1,True,4,True,False,True,RAD;UCDP_ACTOR
49cc0e5620c07c96e83a66446830d082f02ddc07,Southern Sudanese Liberation Movement,southern sudanese liberation movement,UCDP_ACTOR,NewNameFullEng,418,SSLM,1,False,37,False,False,True,UCDP_ACTOR
71023c737836b930de4f63ad79b3410427fdee56,CNL,cnl,UCDP_ACTOR,NameData,419,CNL,1,True,3,True,False,True,UCDP_ACTOR
cb7057680aa14367c46c0b68b650d7687e4c8625,CNL,cnl,UCDP_ACTOR,NameOrig,419,CNL,1,True,3,True,False,True,UCDP_ACTOR
1dc386414419b29baa4f70f9081d77a9ef6ec10f,Conseil national de libération,conseil national de libération,UCDP_ACTOR,NameOrigFull,419,CNL,1,False,30,False,False,True,UCDP_ACTOR
734438ead9fd9838da9aefbc5a5e22856a142b24,National Liberation Council,national liberation council,UCDP_ACTOR,NameOrigFullEng,419,CNL,1,False,27,False,False,True,UCDP_ACTOR
b9e57924d06ffb49f07e7944393bf8c267f2930e,AFDL,afdl,UCDP_ACTOR,NameAlliance,419,CNL,1,True,4,True,False,True,RAD;UCDP_ACTOR
9b0ace05b4b8ae1db0f5d600b62a74cd38c58bc0,Military Faction (Forces of Jean Schramme),military faction (forces of jean schramme),UCDP_ACTOR,NameData,420,Military Faction (Forces of Jean Schramme),1,False,42,False,False,True,UCDP_ACTOR
739e3bea88dc505b2591a2cbe33271a602096675,Military Faction (Forces of Jean Schramme),military faction (forces of jean schramme),UCDP_ACTOR,NameOrig,420,Military Faction (Forces of Jean Schramme),1,False,42,False,False,True,UCDP_ACTOR
c25987665bb962b5a2a0b48f882af6f55d46c7fe,Military Faction (Forces of Jean Schramme),military faction (forces of jean schramme),UCDP_ACTOR,NameOrigFullEng,420,Military Faction (Forces of Jean Schramme),1,False,42,False,False,True,UCDP_ACTOR
95c5a67c299eec9acb4f37220ebdb335cb7ae516,FLNC,flnc,UCDP_ACTOR,NameData,421,FLNC,1,True,4,True,False,True,UCDP_ACTOR
aefa74ad13fe59dad9ccbec2504887d730f3d41d,FLNC,flnc,UCDP_ACTOR,NameOrig,421,FLNC,1,True,4,True,False,True,UCDP_ACTOR
7aa27cf4a3cde15cd61a40abc060ba2f61c8447a,Front de libération nationale congolais,front de libération nationale congolais,UCDP_ACTOR,NameOrigFull,421,FLNC,1,False,39,False,False,True,UCDP_ACTOR
bbcef8d9305d98c26091afb64faee19a144d1a06,Congolese National Liberation Front,congolese national liberation front,UCDP_ACTOR,NameOrigFullEng,421,FLNC,1,False,35,False,False,True,UCDP_ACTOR
4046cae94a84624282ec4252ccabf7c09fabf44b,AFDL,afdl,UCDP_ACTOR,NameData,422,AFDL,1,True,4,True,False,True,RAD;UCDP_ACTOR
2d0218bfe1cfec524e1c190c58b7549c5e2ca4c5,AFDL,afdl,UCDP_ACTOR,NameOrig,422,AFDL,1,True,4,True,False,True,RAD;UCDP_ACTOR
e0a63212c1112643e9397ebfcf67e2463012ddb2,Alliance des Forces démocratiques pour la libération du Congo-Kinshasa,alliance des forces démocratiques pour la libération du congo-kinshasa,UCDP_ACTOR,NameOrigFull,422,AFDL,1,False,70,False,False,True,UCDP_ACTOR
ab094675a160900d5637487beea8c817b441655a,Alliance of Democratic Forces for the Liberation of Congo- Kinshasa,alliance of democratic forces for the liberation of congo- kinshasa,UCDP_ACTOR,NameOrigFullEng,422,AFDL,1,False,67,False,False,True,UCDP_ACTOR
029f73fabeb182ac780d2a247532f6716e72dc7b,MLC,mlc,UCDP_ACTOR,NameData,423,MLC,1,True,3,True,False,True,RAD;UCDP_ACTOR
721cebab02b6ac389aad6ab7e8bdab3b940686e4,MLC,mlc,UCDP_ACTOR,NameOrig,423,MLC,1,True,3,True,False,True,RAD;UCDP_ACTOR
c66f3eab2f4db89178513b5768d03dc38a5b6f51,Mouvement pour la Libération du Congo,mouvement pour la libération du congo,UCDP_ACTOR,NameOrigFull,423,MLC,1,False,37,False,False,True,RAD;UCDP_ACTOR
a3d8a044641ca5021ba5a63db141f0190997a053,Movement for the Liberation of Congo,movement for the liberation of congo,UCDP_ACTOR,NameOrigFullEng,423,MLC,1,False,36,False,False,True,RAD;UCDP_ACTOR
a98c463b6f34bfbd2e1d8aaf9fc193d3211fa43c,FLC,flc,UCDP_ACTOR,NamePrev,423,MLC,1,True,3,True,False,True,UCDP_ACTOR
5d2d9105bad19c83f87ff2466edae008bf25edc3,FLC,flc,UCDP_ACTOR,NameAlliance,423,MLC,1,True,3,True,False,True,UCDP_ACTOR
2f50de0eab72749c4d227b6091d1a8dd757a63fe,RCD,rcd,UCDP_ACTOR,NameData,424,RCD,1,True,3,True,False,True,RAD;UCDP_ACTOR
038c74ec46f7d9b6699475ec10a7d32e6ac524ef,RCD,rcd,UCDP_ACTOR,NameOrig,424,RCD,1,True,3,True,False,True,RAD;UCDP_ACTOR
a18e0ce2c1f1522c37672f01c4657b7c0e8050fb,Rassemblement Congolais pour la Démocratie,rassemblement congolais pour la démocratie,UCDP_ACTOR,NameOrigFull,424,RCD,1,False,42,False,False,True,UCDP_ACTOR
2a2b67fa68f7d7147d7aa67fec2726b48b7163c2,Congolese Rally for Democracy,congolese rally for democracy,UCDP_ACTOR,NameOrigFullEng,424,RCD,1,False,29,False,False,True,RAD;UCDP_ACTOR
8ff97af6a457c3dae740291ac54645c7e2461d0c,RCD-ML,rcd-ml,UCDP_ACTOR,NameData,425,RCD-ML,1,True,6,False,False,True,UCDP_ACTOR
b3802ced800ffe386adf5217ef48542cde2371dd,RCD-ML,rcd-ml,UCDP_ACTOR,NameOrig,425,RCD-ML,1,True,6,False,False,True,UCDP_ACTOR
2e27510b27b4faf8dfdc11c112e528a882ac6c19,Rassemblement Congolais pour la Démocratie-Mouvement de Libération,rassemblement congolais pour la démocratie-mouvement de libération,UCDP_ACTOR,NameOrigFull,425,RCD-ML,1,False,66,False,False,True,UCDP_ACTOR
4e5653f8be1f8224ea533a4dd4fb0e66f36a7517,Congolese Rally for Democracy-Liberation Movement,congolese rally for democracy-liberation movement,UCDP_ACTOR,NameOrigFullEng,425,RCD-ML,1,False,49,False,False,True,UCDP_ACTOR
0fc1f1e464669043d1ecf6e114e996696892ec56,RCD,rcd,UCDP_ACTOR,NamePrev,425,RCD-ML,1,True,3,True,False,True,RAD;UCDP_ACTOR
ff957a67c0da9a5241bb5b22c0bea67a588af23d,FLC,flc,UCDP_ACTOR,NameAlliance,425,RCD-ML,1,True,3,True,False,True,UCDP_ACTOR
bab069b5ca3d0482d172f62a9cdbc1d0130a23e8,CNDP,cndp,UCDP_ACTOR,NameData,426,CNDP,1,True,4,True,False,True,RAD;UCDP_ACTOR
46e007e5e16db297957c2fa476704ff07ca40afd,CNDP,cndp,UCDP_ACTOR,NameOrig,426,CNDP,1,True,4,True,False,True,RAD;UCDP_ACTOR
5b38a5f6f8b506301d50fa96c92fedfe27e85023,Congrès National pour la Défense du Peuple,congrès national pour la défense du peuple,UCDP_ACTOR,NameOrigFull,426,CNDP,1,False,42,False,False,True,RAD;UCDP_ACTOR
444dc90be6f1f6bf42a3ece6a35d295c70c115ac,National Congress for the Defence of the People,national congress for the defence of the people,UCDP_ACTOR,NameOrigFullEng,426,CNDP,1,False,47,False,False,True,RAD;UCDP_ACTOR
9eec5e79b0299e62d9713e89d46fb336840af045,Military faction (forces loyal to Léon MBa),military faction (forces loyal to léon mba),UCDP_ACTOR,NameData,427,Military faction (forces loyal to Léon MBa),1,False,43,False,False,True,UCDP_ACTOR
41e78ebfcaa0053d7a80370d10c7e5335a5121c7,Military faction (forces loyal to Léon MBa),military faction (forces loyal to léon mba),UCDP_ACTOR,NameOrig,427,Military faction (forces loyal to Léon MBa),1,False,43,False,False,True,UCDP_ACTOR
bef4e91d48d72ca29b1e3bee6c871b16d9cb04cd,Military faction (forces loyal to Léon MBa),military faction (forces loyal to léon mba),UCDP_ACTOR,NameOrigFullEng,427,Military faction (forces loyal to Léon MBa),1,False,43,False,False,True,UCDP_ACTOR
e302c6f7f09a5cea28d1c719e5775a23ca60df77,Frelimo,frelimo,UCDP_ACTOR,NameData,428,Frelimo,1,True,7,False,False,True,UCDP_ACTOR
b5b3e499e470827356d170bcafdd151b1e0886fd,Frelimo,frelimo,UCDP_ACTOR,NameOrig,428,Frelimo,1,True,7,False,False,True,UCDP_ACTOR
9807078e2687c680b933c55c2c96908ae0873cd1,Frente de libertação de Moçambique,frente de libertação de moçambique,UCDP_ACTOR,NameOrigFull,428,Frelimo,1,False,34,False,False,True,UCDP_ACTOR
a26f2d24317a00acc60da147efe4b04fe4c13933,Front for the Liberation of Mozambique,front for the liberation of mozambique,UCDP_ACTOR,NameOrigFullEng,428,Frelimo,1,False,38,False,False,True,UCDP_ACTOR
deb077458a33fbf4adcd4c9798226ad1dc25cc57,Military faction (forces loyal to Gervais Nyangoma),military faction (forces loyal to gervais nyangoma),UCDP_ACTOR,NameData,429,Military faction (forces loyal to Gervais Nyangoma),1,False,51,False,False,True,UCDP_ACTOR
767b955abf24a251877097fc861bd3ef8c52b820,Military faction (forces loyal to Gervais Nyangoma),military faction (forces loyal to gervais nyangoma),UCDP_ACTOR,NameOrig,429,Military faction (forces loyal to Gervais Nyangoma),1,False,51,False,False,True,UCDP_ACTOR
212c9a145b448c40495b240cede3f24f824a6395,Military faction (forces loyal to Gervais Nyangoma),military faction (forces loyal to gervais nyangoma),UCDP_ACTOR,NameOrigFullEng,429,Military faction (forces loyal to Gervais Nyangoma),1,False,51,False,False,True,UCDP_ACTOR
4495fb6ab99592979f17861cbfaa96e5b4fd73eb,Palipehutu,palipehutu,UCDP_ACTOR,NameData,430,Palipehutu,1,True,10,False,False,True,RAD;UCDP_ACTOR
9b96c43286be17ba4665df3e94bbd5b15fffda6a,Palipehutu,palipehutu,UCDP_ACTOR,NameOrig,430,Palipehutu,1,True,10,False,False,True,RAD;UCDP_ACTOR
c437daa3c4d34d19cc9f220b72af1b2f41011467,Parti pour la libération du peuple Hutu,parti pour la libération du peuple hutu,UCDP_ACTOR,NameOrigFull,430,Palipehutu,1,False,39,False,False,True,RAD;UCDP_ACTOR
6f6bc456626e4a3e3e0a72f56bd9abfd20a811b0,Party for the Liberation of the Hutu People,party for the liberation of the hutu people,UCDP_ACTOR,NameOrigFullEng,430,Palipehutu,1,False,43,False,False,True,RAD;UCDP_ACTOR
4249a144d58d7820be404ea07a6225beb7166e9a,CNDD,cndd,UCDP_ACTOR,NameData,431,CNDD,1,True,4,True,False,True,RAD;UCDP_ACTOR
2b86645efaaf39e0f82837ede49846a47ced42cd,CNDD,cndd,UCDP_ACTOR,NameOrig,431,CNDD,1,True,4,True,False,True,RAD;UCDP_ACTOR
ccabb7e0e8607d1cb3c208f30bf79ee9c1580831,Conseil national pour la défense de la démocratie,conseil national pour la défense de la démocratie,UCDP_ACTOR,NameOrigFull,431,CNDD,1,False,49,False,False,True,RAD;UCDP_ACTOR
2768825debd1bd3f2236b79f1c16dd7e10c97c57,National Council for the Defense of Democracy,national council for the defense of democracy,UCDP_ACTOR,NameOrigFullEng,431,CNDD,1,False,45,False,False,True,UCDP_ACTOR
96974fcf2adb4be1eac144ccc2f7c630125dea00,Palipehutu-FNL,palipehutu-fnl,UCDP_ACTOR,NameData,432,Palipehutu-FNL,1,True,14,False,False,True,RAD;UCDP_ACTOR
86e98879da77e4466ddf4617b4ccbd34ed48a1a6,Palipehutu-FNL,palipehutu-fnl,UCDP_ACTOR,NameOrig,432,Palipehutu-FNL,1,True,14,False,False,True,RAD;UCDP_ACTOR
286c1bf555f38f178a12173b16742a92106bc808,Parti pour la libération du peuple Hutu-Forces nationales de libération,parti pour la libération du peuple hutu-forces nationales de libération,UCDP_ACTOR,NameOrigFull,432,Palipehutu-FNL,1,False,71,False,False,True,UCDP_ACTOR
4a6c11f4f094d89bb91c4d43d101bdf4a229bf51,Party for the Liberation of the Hutu People-Forces for National Liberation,party for the liberation of the hutu people-forces for national liberation,UCDP_ACTOR,NameOrigFullEng,432,Palipehutu-FNL,1,False,74,False,False,True,UCDP_ACTOR
1eed9ab18ee4c8adcd1387dd3715021984c7fd6f,Palipehutu,palipehutu,UCDP_ACTOR,NamePrev,432,Palipehutu-FNL,1,True,10,False,False,True,RAD;UCDP_ACTOR
17bee37db02b61032d7abd524abe63d8cc3a407a,Frolina,frolina,UCDP_ACTOR,NameData,433,Frolina,1,True,7,False,False,True,RAD;UCDP_ACTOR
93e2c9326e801270388a855196ca436dc7eada40,Frolina,frolina,UCDP_ACTOR,NameOrig,433,Frolina,1,True,7,False,False,True,RAD;UCDP_ACTOR
e9e0afe19ceb86cf11f14d5797f5b510fc56ea75,Front pour la libération nationale,front pour la libération nationale,UCDP_ACTOR,NameOrigFull,433,Frolina,1,False,34,False,False,True,RAD;UCDP_ACTOR
3b7c3150e35ee928f064b53a40ebb69744f14cb7,National Liberation Front,national liberation front,UCDP_ACTOR,NameOrigFullEng,433,Frolina,1,False,25,False,False,True,RAD;UCDP_ACTOR
6a4184d066a017e3e241ffcdd1f7b4e7a1f994d1,Palipehutu,palipehutu,UCDP_ACTOR,NamePrev,433,Frolina,1,True,10,False,False,True,RAD;UCDP_ACTOR
ec2991379a93c879b0934e1fc9eaa52becb64526,CNDD-FDD,cndd-fdd,UCDP_ACTOR,NameData,434,CNDD-FDD,1,True,8,False,False,True,RAD;UCDP_ACTOR
f58a0a0f5dd031d8cea6cd280a909961ba849116,CNDD-FDD,cndd-fdd,UCDP_ACTOR,NameOrig,434,CNDD-FDD,1,True,8,False,False,True,RAD;UCDP_ACTOR
e29fc06267cba7ae1ce26db38f2ba0a9e5d5c7b6,Conseil national pour la défense de la démocratie-Forces pour la défense de la démocratie,conseil national pour la défense de la démocratie-forces pour la défense de la démocratie,UCDP_ACTOR,NameOrigFull,434,CNDD-FDD,1,False,89,False,False,True,RAD;UCDP_ACTOR
8b6516a6b4c8aff5e82e8d480dda122b3135c2ce,National Council for the Defense of Democracy-Forces for the Defense of Democracy,national council for the defense of democracy-forces for the defense of democracy,UCDP_ACTOR,NameOrigFullEng,434,CNDD-FDD,1,False,81,False,False,True,UCDP_ACTOR
dc526ef5fb9297d87b443af9776f333e3f107160,CNDD,cndd,UCDP_ACTOR,NamePrev,434,CNDD-FDD,1,True,4,True,False,True,RAD;UCDP_ACTOR
8ed38f398b5e44a84964e44922ecd6cdd2fd4f8b,Frolinat,frolinat,UCDP_ACTOR,NameData,435,Frolinat,1,True,8,False,False,True,UCDP_ACTOR
ebef7f9e99d8ef8e3da1e07485f83948407d303d,Frolinat,frolinat,UCDP_ACTOR,NameOrig,435,Frolinat,1,True,8,False,False,True,UCDP_ACTOR
79d36610f74adac2f30837885d1aa0f0ad1d9b31,Front de libération national du Chad,front de libération national du chad,UCDP_ACTOR,NameOrigFull,435,Frolinat,1,False,36,False,False,True,UCDP_ACTOR
94430eeaf5dd15a4a60bcbfe6a4c4553f01d14eb,National Liberation Front of Chad,national liberation front of chad,UCDP_ACTOR,NameOrigFullEng,435,Frolinat,1,False,33,False,False,True,UCDP_ACTOR
4e96db87c9f83047cf8c1be57692a137011ae4e1,First Liberation Army,first liberation army,UCDP_ACTOR,NameData,436,First Liberation Army,1,False,21,False,False,True,UCDP_ACTOR
6c71164a5a95f06ca629a78bd2665409b3c85329,First Liberation Army,first liberation army,UCDP_ACTOR,NameOrig,436,First Liberation Army,1,False,21,False,False,True,UCDP_ACTOR
500b1cf9b7a7c892173307afb380694fa87d53b2,First Liberation Army,first liberation army,UCDP_ACTOR,NameOrigFullEng,436,First Liberation Army,1,False,21,False,False,True,UCDP_ACTOR
61dc3695cb385cb315cc5d5fefe818776d260fea,Frolinat,frolinat,UCDP_ACTOR,NamePrev,436,First Liberation Army,1,True,8,False,False,True,UCDP_ACTOR
8aa61a2e489c21a27c4e880de02d6c691468e96c,Second Liberation Army,second liberation army,UCDP_ACTOR,NameData,437,Second Liberation Army,1,False,22,False,False,True,UCDP_ACTOR
22667353f538ef42b3174d4dee4ac28879c2914e,Second Liberation Army,second liberation army,UCDP_ACTOR,NameOrig,437,Second Liberation Army,1,False,22,False,False,True,UCDP_ACTOR
b073286b23e26115cfc7c12545373740b37f6a8e,Second Liberation Army,second liberation army,UCDP_ACTOR,NameOrigFullEng,437,Second Liberation Army,1,False,22,False,False,True,UCDP_ACTOR
02dd28b84616cf81a0f75a019e86f8d5c6976fb8,Frolinat,frolinat,UCDP_ACTOR,NamePrev,437,Second Liberation Army,1,True,8,False,False,True,UCDP_ACTOR
d76d4e85713cf06c12f4863f7b149ad71609d993,FAN,fan,UCDP_ACTOR,NameData,438,FAN,1,True,3,True,False,True,UCDP_ACTOR
5065d8bbb4d977aa7dacbbdfa8b3f2b5bd3ecbce,FAN,fan,UCDP_ACTOR,NameOrig,438,FAN,1,True,3,True,False,True,UCDP_ACTOR
4644733d1ebca28ab7a8cc3bc3d74514398a4409,Forces armées du nord,forces armées du nord,UCDP_ACTOR,NameOrigFull,438,FAN,1,False,21,False,False,True,UCDP_ACTOR
f83c12d218bb593845bdeb8d9e0fb74968287614,Armed Forces of the North,armed forces of the north,UCDP_ACTOR,NameOrigFullEng,438,FAN,1,False,25,False,False,True,UCDP_ACTOR
be404317914dd9394bd293043b6a840c5a2c4790,Second Liberation Army,second liberation army,UCDP_ACTOR,NamePrev,438,FAN,1,False,22,False,False,True,UCDP_ACTOR
ab398c2b72be3d39b5cabaddd6849943d4cd273e,FAP,fap,UCDP_ACTOR,NameData,439,FAP,1,True,3,True,False,True,UCDP_ACTOR
230ab618e154db5df91dcf37bfe368d958503c9e,FAP,fap,UCDP_ACTOR,NameOrig,439,FAP,1,True,3,True,False,True,UCDP_ACTOR
ad86c137052ca25be14ef32aac5cfdba3e426e99,Forces armées populaires,forces armées populaires,UCDP_ACTOR,NameOrigFull,439,FAP,1,False,24,False,False,True,UCDP_ACTOR
2952218e54d7709ac24c042156e88ce357a4ac6c,Peoples Armed Forces,peoples armed forces,UCDP_ACTOR,NameOrigFullEng,439,FAP,1,False,20,False,False,True,UCDP_ACTOR
0037edf55d82dc890b12bd1df137657855d0ab6b,Second Liberation Army,second liberation army,UCDP_ACTOR,NamePrev,439,FAP,1,False,22,False,False,True,UCDP_ACTOR
d0c6e3d69c6a9c9b13ea7d59bc2dcb44435aef1b,GUNT,gunt,UCDP_ACTOR,NameAlliance,439,FAP,1,True,4,True,False,True,UCDP_ACTOR
3ea186393cd83b41aa1511715c13fa1925461ac5,FAT,fat,UCDP_ACTOR,NameData,440,FAT,1,True,3,True,False,True,UCDP_ACTOR
a7ceb68e70243add502af29a6def007a5ad74735,FAT,fat,UCDP_ACTOR,NameOrig,440,FAT,1,True,3,True,False,True,UCDP_ACTOR
6280eaf35ee18baa04790cea718f2f444fb1c66c,Forces Armées Tchadiennes,forces armées tchadiennes,UCDP_ACTOR,NameOrigFull,440,FAT,1,False,25,False,False,True,UCDP_ACTOR
d87129fc7d57d6441b5faab18574eea966d4ed82,Chadian Armed Forces,chadian armed forces,UCDP_ACTOR,NameOrigFullEng,440,FAT,1,False,20,False,False,True,UCDP_ACTOR
429f4ca6a3647816f4e03909af2b2a1a16d31f2d,GUNT,gunt,UCDP_ACTOR,NameAlliance,440,FAT,1,True,4,True,False,True,UCDP_ACTOR
33ecc08312090b5567c90658a50e8bad4958ecc0,GUNT,gunt,UCDP_ACTOR,NameData,441,GUNT,1,True,4,True,False,True,UCDP_ACTOR
70f0f983c481a7d061ebc1a8e4e6d7925c522663,GUNT,gunt,UCDP_ACTOR,NameOrig,441,GUNT,1,True,4,True,False,True,UCDP_ACTOR
22babef55a869b6bb4865a313943445e89759faf,Gouvernement dunion nationale de transition,gouvernement dunion nationale de transition,UCDP_ACTOR,NameOrigFull,441,GUNT,1,False,43,False,False,True,UCDP_ACTOR
da280842e4dd3a57e94f27502585a84a2a2d13c6,Transitional Government of National Unity,transitional government of national unity,UCDP_ACTOR,NameOrigFullEng,441,GUNT,1,False,41,False,False,True,UCDP_ACTOR
f62264f99ab0cb20a22aa93646f5c97afbc3c461,Islamic Legion,islamic legion,UCDP_ACTOR,NameData,442,Islamic Legion,1,False,14,False,False,True,RAD;UCDP_ACTOR
611475be12d0da0576b585db0af13fec38fbd145,Islamic Legion,islamic legion,UCDP_ACTOR,NameOrig,442,Islamic Legion,1,False,14,False,False,True,RAD;UCDP_ACTOR
3bc95ffbbf18cbe74a2af77516674fd868aced39,Islamic Legion,islamic legion,UCDP_ACTOR,NameOrigFullEng,442,Islamic Legion,1,False,14,False,False,True,RAD;UCDP_ACTOR
59087a5aad916c5433e001bd631bc2fcfefe8318,Revolutionary Forces of 1 April,revolutionary forces of 1 april,UCDP_ACTOR,NameData,443,Revolutionary Forces of 1 April,1,False,31,False,False,True,RAD;UCDP_ACTOR
284af9cea313f0500d66ab2d06e4db679ab1b268,Revolutionary Forces of 1 April,revolutionary forces of 1 april,UCDP_ACTOR,NameOrig,443,Revolutionary Forces of 1 April,1,False,31,False,False,True,RAD;UCDP_ACTOR
2690b10827099bf22d3bf06b8effbfc151473276,Revolutionary Forces of 1 April,revolutionary forces of 1 april,UCDP_ACTOR,NameOrigFullEng,443,Revolutionary Forces of 1 April,1,False,31,False,False,True,RAD;UCDP_ACTOR
cefb316fec819e152b73f67687863d4750eb2306,MPS,mps,UCDP_ACTOR,NameAlliance,443,Revolutionary Forces of 1 April,1,True,3,True,False,True,RAD;UCDP_ACTOR
45e4b96c7c1a18c4d2d016dcdb66fcf198ac6c98,MOSANAT,mosanat,UCDP_ACTOR,NameData,444,MOSANAT,1,True,7,False,False,True,RAD;UCDP_ACTOR
831b25734af9194147263394979f5e1ff66b2f97,MOSANAT,mosanat,UCDP_ACTOR,NameOrig,444,MOSANAT,1,True,7,False,False,True,RAD;UCDP_ACTOR
0841e51f27116b350cc4017b02a73c152dae7588,Mouvement pour le salut national du Chad,mouvement pour le salut national du chad,UCDP_ACTOR,NameOrigFull,444,MOSANAT,1,False,40,False,False,True,UCDP_ACTOR
2944dc39ecef75c0d3a6aa556f1fb861178967fb,Movement for the National Salvation of Chad,movement for the national salvation of chad,UCDP_ACTOR,NameOrigFullEng,444,MOSANAT,1,False,43,False,False,True,RAD;UCDP_ACTOR
673186c4b991c38d7ca273639dedcf774b102880,MPS,mps,UCDP_ACTOR,NameAlliance,444,MOSANAT,1,True,3,True,False,True,RAD;UCDP_ACTOR
ebbe26311dc6570580d6cc081890b65314523d9b,MPS,mps,UCDP_ACTOR,NameData,445,MPS,1,True,3,True,False,True,RAD;UCDP_ACTOR
170dcfdecabcc3f1f6e12f276a831a5cb1b6aff5,MPS,mps,UCDP_ACTOR,NameOrig,445,MPS,1,True,3,True,False,True,RAD;UCDP_ACTOR
b3eb0468364edfb006ec226d80dfddbebbc21ff4,Mouvement patriotique du salut,mouvement patriotique du salut,UCDP_ACTOR,NameOrigFull,445,MPS,1,False,30,False,False,True,RAD;UCDP_ACTOR
8b6403c11918139fa3a7fed2e67527d5356e11fd,Patriotic Salvation Movement,patriotic salvation movement,UCDP_ACTOR,NameOrigFullEng,445,MPS,1,False,28,False,False,True,RAD;UCDP_ACTOR
ea4ee96bf3b77f3038bbbf549c70d36c222aa1f9,MDD,mdd,UCDP_ACTOR,NameData,446,MDD,1,True,3,True,False,True,RAD;UCDP_ACTOR
f5147540dec9ba6479c0940b85952e624b95f353,MDD,mdd,UCDP_ACTOR,NameOrig,446,MDD,1,True,3,True,False,True,RAD;UCDP_ACTOR
a73168e4d6b332126ef1fdebcd4bc96de54e1d1e,Mouvement pour la démocratie et le dévelopment,mouvement pour la démocratie et le dévelopment,UCDP_ACTOR,NameOrigFull,446,MDD,1,False,46,False,False,True,UCDP_ACTOR
8cc529f19f665cb6c887d03152c11f4407c23fb1,Movement for Democracy and Development,movement for democracy and development,UCDP_ACTOR,NameOrigFullEng,446,MDD,1,False,38,False,False,True,RAD;UCDP_ACTOR
3d821d2b94997ca0c4dd30055e34997f40ffda87,CNR,cnr,UCDP_ACTOR,NameData,447,CNR,1,True,3,True,False,True,RAD;UCDP_ACTOR
0db7f21f303dafff1244289e2796ff00823e6fda,CNR,cnr,UCDP_ACTOR,NameOrig,447,CNR,1,True,3,True,False,True,RAD;UCDP_ACTOR
a0c058aa477559c54bc9fda04c82f0d5c5fac8b2,Comité national de redressement,comité national de redressement,UCDP_ACTOR,NameOrigFull,447,CNR,1,False,31,False,False,True,RAD;UCDP_ACTOR
2e33c225b41e6751675089d23caf0ef6aa23620d,National Council for Recovery,national council for recovery,UCDP_ACTOR,NameOrigFullEng,447,CNR,1,False,29,False,False,True,RAD;UCDP_ACTOR
9b9d088a331679dde9e9adc230b1f765df321010,CSNPD,csnpd,UCDP_ACTOR,NameData,448,CSNPD,1,True,5,False,False,True,RAD;UCDP_ACTOR
397e77d55414aa5c820ad45f5b1aeaf89ed76aa0,CSNPD,csnpd,UCDP_ACTOR,NameOrig,448,CSNPD,1,True,5,False,False,True,RAD;UCDP_ACTOR
fe0699a00a9be22d34260c76ac5082ee219879ea,Conseil de salut national pour la paix et la démocratie,conseil de salut national pour la paix et la démocratie,UCDP_ACTOR,NameOrigFull,448,CSNPD,1,False,55,False,False,True,UCDP_ACTOR
b5d49eba4e4d79f832005ddc71d4694a6f9eb6b7,Committee of National Revival for Peace and Democracy,committee of national revival for peace and democracy,UCDP_ACTOR,NameOrigFullEng,448,CSNPD,1,False,53,False,False,True,RAD;UCDP_ACTOR
461f00aaf2b78f7f5bb13b813af7137e42096ecd,Military faction (forces of Maldoum Bada Abbas),military faction (forces of maldoum bada abbas),UCDP_ACTOR,NameData,449,Military faction (forces of Maldoum Bada Abbas),1,False,47,False,False,True,RAD;UCDP_ACTOR
0f7c7dc8bcdbcdaea261d50e9d428dc9edbdc93f,Military faction (forces of Maldoum Bada Abbas),military faction (forces of maldoum bada abbas),UCDP_ACTOR,NameOrig,449,Military faction (forces of Maldoum Bada Abbas),1,False,47,False,False,True,RAD;UCDP_ACTOR
e261bbbfbca85e268def1143be8f4feda5e223b5,Military faction (forces of Maldoum Bada Abbas),military faction (forces of maldoum bada abbas),UCDP_ACTOR,NameOrigFullEng,449,Military faction (forces of Maldoum Bada Abbas),1,False,47,False,False,True,RAD;UCDP_ACTOR
cf7ddc2724ca1f17305ec39b6202a973b1f514af,FNT,fnt,UCDP_ACTOR,NameData,450,FNT,1,True,3,True,False,True,RAD;UCDP_ACTOR
e2f633db7a2f2e550bd24609690bcf9408c8159c,FNT,fnt,UCDP_ACTOR,NameOrig,450,FNT,1,True,3,True,False,True,RAD;UCDP_ACTOR
8a7dadf705b20299a1007f516b251433fc2d37f3,Front national tchadien,front national tchadien,UCDP_ACTOR,NameOrigFull,450,FNT,1,False,23,False,False,True,RAD;UCDP_ACTOR
89b7388c1b6fc18f948a7bebaba3c1525aa2617d,Chad National Front,chad national front,UCDP_ACTOR,NameOrigFullEng,450,FNT,1,False,19,False,False,True,UCDP_ACTOR
ca0ec28eabfab78cd6301e5c43d9dd295d0901b0,FARF,farf,UCDP_ACTOR,NameData,451,FARF,1,True,4,True,False,True,RAD;UCDP_ACTOR
f6b5eac8781c768b95531c41418bbbac232e5720,FARF,farf,UCDP_ACTOR,NameOrig,451,FARF,1,True,4,True,False,True,RAD;UCDP_ACTOR
c76cd0746736a31f824a8b0f45126b8a5c604d8e,Forces armées pour la République fédérale,forces armées pour la république fédérale,UCDP_ACTOR,NameOrigFull,451,FARF,1,False,41,False,False,True,RAD;UCDP_ACTOR
63e89002dfcca0b4db452b53d82b233cfc593932,Armed Forces of the Federal Republic,armed forces of the federal republic,UCDP_ACTOR,NameOrigFullEng,451,FARF,1,False,36,False,False,True,RAD;UCDP_ACTOR
a4cf99fd437d37ac902182631806f66e1906bd6d,MDJT,mdjt,UCDP_ACTOR,NameData,452,MDJT,1,True,4,True,False,True,RAD;UCDP_ACTOR
44baffbe8bb65e6199a09d5f96d3ce7978c8eba1,MDJT,mdjt,UCDP_ACTOR,NameOrig,452,MDJT,1,True,4,True,False,True,RAD;UCDP_ACTOR
78d0af4a0fde872027ee53abc21761ccb464eb2d,Mouvement pour la démocratie et la justice au Tchad,mouvement pour la démocratie et la justice au tchad,UCDP_ACTOR,NameOrigFull,452,MDJT,1,False,51,False,False,True,RAD;UCDP_ACTOR
fe3231bbb45500c0436531b7fc035e854af96894,Movement for Democracy and Justice in Chad,movement for democracy and justice in chad,UCDP_ACTOR,NameOrigFullEng,452,MDJT,1,False,42,False,False,True,RAD;UCDP_ACTOR
869c08a864fbfe2d49bbb6cd0e35b1c11a95af47,FUCD,fucd,UCDP_ACTOR,NameData,453,FUCD,1,True,4,True,False,True,RAD;UCDP_ACTOR
958f1d50cfb1fda1111cd690a6f9e012725fe3c9,RDL,rdl,UCDP_ACTOR,NameOrig,453,FUCD,1,True,3,True,False,True,RAD;UCDP_ACTOR
1b0166d38818cf17ea3b945e55331a017d588d04,Rassemblement pour la Démocratie et la Liberté,rassemblement pour la démocratie et la liberté,UCDP_ACTOR,NameOrigFull,453,FUCD,1,False,46,False,False,True,RAD;UCDP_ACTOR
04c9b3220cb42aa7f3be7f1e41128f710fcf092e,Rally for Democray and Liberty,rally for democray and liberty,UCDP_ACTOR,NameOrigFullEng,453,FUCD,1,False,30,False,False,True,RAD;UCDP_ACTOR
79f197dd254fff4d887f8c83de44efc44962a96f,FUCD,fucd,UCDP_ACTOR,NewName,453,FUCD,1,True,4,True,False,True,RAD;UCDP_ACTOR
f167b48c5a5d4a7928c50c088a3a1febb56d3c2c,Front Unique pour le changement démocratique,front unique pour le changement démocratique,UCDP_ACTOR,NewNameFullMotherTongue,453,FUCD,1,False,44,False,False,True,UCDP_ACTOR
9d9d0d15c190f94d0d766092fdc0010217b95724,United Front for Democratic Change,united front for democratic change,UCDP_ACTOR,NewNameFullEng,453,FUCD,1,False,34,False,False,True,RAD;UCDP_ACTOR
23595f18893516cd9643fd089ea5100dab9201f3,RAFD,rafd,UCDP_ACTOR,NameData,454,RAFD,1,True,4,True,False,True,RAD;UCDP_ACTOR
4d8c91ae0bfed6a6ac2c6c9a3183ba3fd60b179d,RAFD,rafd,UCDP_ACTOR,NameOrig,454,RAFD,1,True,4,True,False,True,RAD;UCDP_ACTOR
e05ed89cf34cd0102f3ce71801d0cc300d892783,Rassemblement des Forces démocratiques,rassemblement des forces démocratiques,UCDP_ACTOR,NameOrigFull,454,RAFD,1,False,38,False,False,True,RAD;UCDP_ACTOR
23c6b3ce0ff5298a9fe1242058006ea27b4c3371,Rally of Democratic Forces,rally of democratic forces,UCDP_ACTOR,NameOrigFullEng,454,RAFD,1,False,26,False,False,True,RAD;UCDP_ACTOR
65504da0c6b65627508b8e68cec3903921b17e28,UFR,ufr,UCDP_ACTOR,NameAlliance,454,RAFD,1,True,3,True,False,True,RAD;UCDP_ACTOR
39872b6b02379a25ad9ae7e1b32aaebb48c2afff,CDR,cdr,UCDP_ACTOR,NameData,455,CDR,1,True,3,True,False,True,UCDP_ACTOR
aeb74d4d844abee7b9a9575d0d0c00470fa8bd7d,CDR,cdr,UCDP_ACTOR,NameOrig,455,CDR,1,True,3,True,False,True,UCDP_ACTOR
1de1b08961f6274d5c7ff27534f83342b7d78cb2,Conseil démocratique révolutionnaire,conseil démocratique révolutionnaire,UCDP_ACTOR,NameOrigFull,455,CDR,1,False,36,False,False,True,UCDP_ACTOR
906eb1435f5f4a52fe57da3aa70cb48237c40af1,Revolutionary Democratic Council,revolutionary democratic council,UCDP_ACTOR,NameOrigFullEng,455,CDR,1,False,32,False,False,True,UCDP_ACTOR
1ee3b1391189eec7b0b55ff3ec66e98ce4863b1f,GUNT,gunt,UCDP_ACTOR,NamePrev,455,CDR,1,True,4,True,False,True,UCDP_ACTOR
9653bb4caa2651d09b5852ef28739b9e7375abc2,UFDD,ufdd,UCDP_ACTOR,NameAlliance,455,CDR,1,True,4,True,False,True,RAD;UCDP_ACTOR
f4ecb5152d29d0d7482e555dd5d4cf12dea6c001,UFDD,ufdd,UCDP_ACTOR,NameData,456,UFDD,1,True,4,True,False,True,RAD;UCDP_ACTOR
b601decf7a0b62bdc57bea29a1c1284d00f1a653,UFDD,ufdd,UCDP_ACTOR,NameOrig,456,UFDD,1,True,4,True,False,True,RAD;UCDP_ACTOR
5e8e4d43957c592c8111d9b347cdd10a7e204c6c,Union des Forces pour la Démocratie et le Développement,union des forces pour la démocratie et le développement,UCDP_ACTOR,NameOrigFull,456,UFDD,1,False,55,False,False,True,RAD;UCDP_ACTOR
1441d270f3fad995be09e2d01eb0128e46df3b93,Union Force for Democracy and Development,union force for democracy and development,UCDP_ACTOR,NameOrigFullEng,456,UFDD,1,False,41,False,False,True,RAD;UCDP_ACTOR
20de32d6258391846c411f54340b01e155da00d6,UFR,ufr,UCDP_ACTOR,NamePrev,456,UFDD,1,True,3,True,False,True,RAD;UCDP_ACTOR
ace5c4f8fd4a01c81637ff2147ba4e9ea9859a59,UFR,ufr,UCDP_ACTOR,NameAlliance,456,UFDD,1,True,3,True,False,True,RAD;UCDP_ACTOR
66baa86e928cf646f396ada18d353fdc7ac8dc7a,NLC,nlc,UCDP_ACTOR,NameData,457,NLC,1,True,3,True,False,True,UCDP_ACTOR
7926d0d2ac9b0b582ac1c834f69eafa5ee9ba743,NLC,nlc,UCDP_ACTOR,NameOrig,457,NLC,1,True,3,True,False,True,UCDP_ACTOR
3caf5ce6d553f87794fe5904c53d4a87116b227e,National Liberation Council,national liberation council,UCDP_ACTOR,NameOrigFullEng,457,NLC,1,False,27,False,False,True,UCDP_ACTOR
9cfd9c5bb0a7134c477028e0820ca5b9315d8bb2,Military faction (forces of Jerry John Rawlings),military faction (forces of jerry john rawlings),UCDP_ACTOR,NameData,458,Military faction (forces of Jerry John Rawlings),1,False,48,False,False,True,UCDP_ACTOR
f9e2f14496a1c5e38cc5cb209fa38448c7ec029d,Military faction (forces of Jerry John Rawlings),military faction (forces of jerry john rawlings),UCDP_ACTOR,NameOrig,458,Military faction (forces of Jerry John Rawlings),1,False,48,False,False,True,UCDP_ACTOR
ad7f8eb88bb3e208566eebfcf4210e50efd57750,Military faction (forces of Jerry John Rawlings),military faction (forces of jerry john rawlings),UCDP_ACTOR,NameOrigFullEng,458,Military faction (forces of Jerry John Rawlings),1,False,48,False,False,True,UCDP_ACTOR
ac5f0e897a261821d530429f3aee8c42a42cb4c4,Military faction (forces of Ekow Dennis and Edward Adjei-Ampofo),military faction (forces of ekow dennis and edward adjei-ampofo),UCDP_ACTOR,NameData,459,Military faction (forces of Ekow Dennis and Edward Adjei-Ampofo),1,False,64,False,False,True,UCDP_ACTOR
b91137fb249d96c0f2e6678865bbb8cc152ba7d7,Military faction (forces of Ekow Dennis and Edward Adjei-Ampofo),military faction (forces of ekow dennis and edward adjei-ampofo),UCDP_ACTOR,NameOrig,459,Military faction (forces of Ekow Dennis and Edward Adjei-Ampofo),1,False,64,False,False,True,UCDP_ACTOR
379fa3c56f60d2f5785d44659934deb893008e49,Military faction (forces of Ekow Dennis and Edward Adjei-Ampofo),military faction (forces of ekow dennis and edward adjei-ampofo),UCDP_ACTOR,NameOrigFullEng,459,Military faction (forces of Ekow Dennis and Edward Adjei-Ampofo),1,False,64,False,False,True,UCDP_ACTOR
a0f881133e1fd7db388e797feb9fa349f0219d0e,Military faction (forces of Patrick Nzeogwu),military faction (forces of patrick nzeogwu),UCDP_ACTOR,NameData,460,Military faction (forces of Patrick Nzeogwu),1,False,44,False,False,True,UCDP_ACTOR
c75c4d121146cfd3b28812c922ac1ededca253c6,Military faction (forces of Patrick Nzeogwu),military faction (forces of patrick nzeogwu),UCDP_ACTOR,NameOrig,460,Military faction (forces of Patrick Nzeogwu),1,False,44,False,False,True,UCDP_ACTOR
c3c15e98ab5c1d10620343fa54dc9131b4247820,Military faction (forces of Patrick Nzeogwu),military faction (forces of patrick nzeogwu),UCDP_ACTOR,NameOrigFullEng,460,Military faction (forces of Patrick Nzeogwu),1,False,44,False,False,True,UCDP_ACTOR
4f06b0e1b7ee6168e5752a1abb44d737b3d5dd26,SWAPO,swapo,UCDP_ACTOR,NameData,461,SWAPO,1,True,5,False,False,True,UCDP_ACTOR
f23dbc0623190b8f5d30624d261ffab1dc9e9848,SWAPO,swapo,UCDP_ACTOR,NameOrig,461,SWAPO,1,True,5,False,False,True,UCDP_ACTOR
aace0e8811d80549caa885c976235af538c753b7,South West Africa Peoples Organization,south west africa peoples organization,UCDP_ACTOR,NameOrigFullEng,461,SWAPO,1,False,38,False,False,True,UCDP_ACTOR
092846caac0ae6ab30ab7369c82d0ddc38272bfb,Republic of Biafra,republic of biafra,UCDP_ACTOR,NameData,462,Republic of Biafra,1,False,18,False,False,True,UCDP_ACTOR
2cdaa7d639f9b2296b2c46dc7311eddfd84132c8,Republic of Biafra,republic of biafra,UCDP_ACTOR,NameOrig,462,Republic of Biafra,1,False,18,False,False,True,UCDP_ACTOR
f71b387980ee0014e58f43c83d29669aa47e93c0,Republic of Biafra,republic of biafra,UCDP_ACTOR,NameOrigFullEng,462,Republic of Biafra,1,False,18,False,False,True,UCDP_ACTOR
a49f5143418e467a69201287470f78d791d73a45,RFDG,rfdg,UCDP_ACTOR,NameData,463,RFDG,1,True,4,True,False,True,RAD;UCDP_ACTOR
f559c4d01f89f728ac4912ef294c4eb572b18f53,RFDG,rfdg,UCDP_ACTOR,NameOrig,463,RFDG,1,True,4,True,False,True,RAD;UCDP_ACTOR
2ff900628a703c4246e0d34bdc275fb2a7c4cdf5,Rassemblement des Forces démocratiques de Guinée,rassemblement des forces démocratiques de guinée,UCDP_ACTOR,NameOrigFull,463,RFDG,1,False,48,False,False,True,UCDP_ACTOR
b9101deb4b6669b4b06ee16522293f54fda46708,Rally of Democratic Forces of Guinea,rally of democratic forces of guinea,UCDP_ACTOR,NameOrigFullEng,463,RFDG,1,False,36,False,False,True,RAD;UCDP_ACTOR
db6d05220e8749f849382b293787a18ab775c4e6,Sudanese Communist Party,sudanese communist party,UCDP_ACTOR,NameData,464,Sudanese Communist Party,1,False,24,False,False,True,UCDP_ACTOR
9f3615964bd0f0a110e435ee070f5a216c098aca,Sudanese Communist Party,sudanese communist party,UCDP_ACTOR,NameOrig,464,Sudanese Communist Party,1,False,24,False,False,True,UCDP_ACTOR
489abca4bc623ec29cfe90bc8197d804ea36dc34,Sudanese Communist Party,sudanese communist party,UCDP_ACTOR,NameOrigFullEng,464,Sudanese Communist Party,1,False,24,False,False,True,UCDP_ACTOR
4f6c6f99ef14d9cf57c648b2ba3d9fc4370bcdd8,National Front,national front,UCDP_ACTOR,NameData,465,National Front,1,False,14,False,False,True,UCDP_ACTOR
12a351a5249d993362b8077e44f87a98932f6966,National Front,national front,UCDP_ACTOR,NameOrig,465,National Front,1,False,14,False,False,True,UCDP_ACTOR
4486d59c0798c0efd367be9965ff85dcb4aa3337,National Front,national front,UCDP_ACTOR,NameOrigFullEng,465,National Front,1,False,14,False,False,True,UCDP_ACTOR
c8b445c456ab1f4e1148ca181caed0c24947dcbf,SPLM,splm,UCDP_ACTOR,NameData,466,SPLM/A,1,True,4,True,False,True,RAD;UCDP_ACTOR
59d7cb3a769099ed8573a90555f26bc5bdd1ec1a,SPLM,splm,UCDP_ACTOR,NameOrig,466,SPLM/A,1,True,4,True,False,True,RAD;UCDP_ACTOR
16fc8a0d62bfe4e877029d24b4759a7126436172,Sudanese Peoples Liberation Movement,sudanese peoples liberation movement,UCDP_ACTOR,NameOrigFull,466,SPLM/A,1,False,36,False,False,True,UCDP_ACTOR
7b84a8f4690aa696c63f4582b362501c31deb246,Sudanese Peoples Liberation Movement,sudanese peoples liberation movement,UCDP_ACTOR,NameOrigFullEng,466,SPLM/A,1,False,36,False,False,True,UCDP_ACTOR
59b6d4b70bae4c769662795f8742aa61722637f0,NDA,nda,UCDP_ACTOR,NameData,467,NDA,1,True,3,True,False,True,RAD;UCDP_ACTOR
218aa3dd7aee9e82b60981f5e7c292b7b066ad50,NDA,nda,UCDP_ACTOR,NameOrig,467,NDA,1,True,3,True,False,True,RAD;UCDP_ACTOR
5bd79f707dcac20aa715301adcb0fd4b111019af,National Democratic Alliance,national democratic alliance,UCDP_ACTOR,NameOrigFullEng,467,NDA,1,False,28,False,False,True,RAD;UCDP_ACTOR
913316735c81efa4f833a2f5e1833e66e1904993,JEM,jem,UCDP_ACTOR,NameData,468,JEM,1,True,3,True,False,True,RAD;UCDP_ACTOR
e9ae1d26845c178f8766b0d2258f401a77f89271,JEM,jem,UCDP_ACTOR,NameOrig,468,JEM,1,True,3,True,False,True,RAD;UCDP_ACTOR
a6b301b9dc50554565e8381356558efe708a4915,Justice and Equality Movement,justice and equality movement,UCDP_ACTOR,NameOrigFull,468,JEM,1,False,29,False,False,True,RAD;UCDP_ACTOR
9e6cb15d1283d86f7b0391a3c4888561cc8c1b88,Justice and Equality Movement,justice and equality movement,UCDP_ACTOR,NameOrigFullEng,468,JEM,1,False,29,False,False,True,RAD;UCDP_ACTOR
1b5bb5e781727fe826fa1c5b05ae5e7004ca2f75,NRF,nrf,UCDP_ACTOR,NamePrev,468,JEM,1,True,3,True,False,True,RAD;UCDP_ACTOR
58d7eacdccf0317ce150962b67c00b4dec92894b,NRF,nrf,UCDP_ACTOR,NameAlliance,468,JEM,1,True,3,True,False,True,RAD;UCDP_ACTOR
703f7d92d3bef6ae99d915c7a09aa9f6bdefb0d3,SRF,srf,UCDP_ACTOR,NameAlliance,468,JEM,1,True,3,True,False,True,RAD;UCDP_ACTOR
4756a7e0cff53af23baa521a42f57186b8e5e508,SLM,slm,UCDP_ACTOR,NameData,469,SLM/A,1,True,3,True,False,True,RAD;UCDP_ACTOR
026e14ddb88b6b15271d94935d29a80360398816,SLM,slm,UCDP_ACTOR,NameOrig,469,SLM/A,1,True,3,True,False,True,RAD;UCDP_ACTOR
03f7574d3e3de7466a28c1cddb9f4840d5a8fbfa,Sudan Liberation Movement,sudan liberation movement,UCDP_ACTOR,NameOrigFull,469,SLM/A,1,False,25,False,False,True,RAD;UCDP_ACTOR
e8b260d936c0cabde14a0ecf4e00d32daaebf8c9,Sudan Liberation Movement,sudan liberation movement,UCDP_ACTOR,NameOrigFullEng,469,SLM/A,1,False,25,False,False,True,RAD;UCDP_ACTOR
91627e93173434b054fb44e2485372d01aaf553c,SRF,srf,UCDP_ACTOR,NamePrev,469,SLM/A,1,True,3,True,False,True,RAD;UCDP_ACTOR
0bf0546a3d9aae225b38223a30df26ecfe32e68e,SRF,srf,UCDP_ACTOR,NameAlliance,469,SLM/A,1,True,3,True,False,True,RAD;UCDP_ACTOR
406fbc1387a89c78e73341e77d7da7b266666c63,Darfur Joint Resistance Forces,darfur joint resistance forces,UCDP_ACTOR,NameAlliance,469,SLM/A,1,False,30,False,False,True,UCDP_ACTOR
8afa659d47bc8bfaf0dfbdbabbbeb7c1ecb381ef,NRF,nrf,UCDP_ACTOR,NameData,470,NRF,1,True,3,True,False,True,RAD;UCDP_ACTOR
ef6c552ed6a80cf9952f3f4d90b26bf36b25b82f,NRF,nrf,UCDP_ACTOR,NameOrig,470,NRF,1,True,3,True,False,True,RAD;UCDP_ACTOR
419c1310c51e4a5a13aab61d2d5c22c088b92775,National Redemption Front,national redemption front,UCDP_ACTOR,NameOrigFullEng,470,NRF,1,False,25,False,False,True,RAD;UCDP_ACTOR
64192b721707f0fa41ddf3d01e1eb31756ffbf4c,SLM,slm,UCDP_ACTOR,NameData,471,SLM/A - MM,1,True,3,True,False,True,RAD;UCDP_ACTOR
021aaef1934a044051a9820a3b06b047f65aeb22,A - MM,a - mm,UCDP_ACTOR,NameData,471,SLM/A - MM,1,False,6,False,False,True,RAD;UCDP_ACTOR
e9d5807b3a5fc8750596d03a327bab4d087a1340,SLM,slm,UCDP_ACTOR,NameOrig,471,SLM/A - MM,1,True,3,True,False,True,RAD;UCDP_ACTOR
836c1814c91052acbe1d178b27849fefe98b0e61,A - MM,a - mm,UCDP_ACTOR,NameOrig,471,SLM/A - MM,1,False,6,False,False,True,RAD;UCDP_ACTOR
ac450bb84b933048dc0fd65ce3b4d7f86d5c9bb2,Sudan Liberation Movement,sudan liberation movement,UCDP_ACTOR,NameOrigFull,471,SLM/A - MM,1,False,25,False,False,True,RAD;UCDP_ACTOR
09e9472de2e9746fbb01e8747ff663ad89034f13,Army - Minni Minawi faction,army - minni minawi faction,UCDP_ACTOR,NameOrigFull,471,SLM/A - MM,1,False,27,False,False,True,UCDP_ACTOR
a0b99108c08973db6b01debebf0984a008b4468b,Sudan Liberation Movement,sudan liberation movement,UCDP_ACTOR,NameOrigFullEng,471,SLM/A - MM,1,False,25,False,False,True,RAD;UCDP_ACTOR
23cf6b5dc6a314905fe29a28d6e20dfaa6148a81,Army - Minni Minawi faction,army - minni minawi faction,UCDP_ACTOR,NameOrigFullEng,471,SLM/A - MM,1,False,27,False,False,True,UCDP_ACTOR
82bc04a6b69ee0ad24584ce0edc8adc53ce19f54,SLM,slm,UCDP_ACTOR,NamePrev,471,SLM/A - MM,1,True,3,True,False,True,RAD;UCDP_ACTOR
1768eb8d99e1f5fc916f7d6947d94c0ab8df62f7,SRF,srf,UCDP_ACTOR,NameAlliance,471,SLM/A - MM,1,True,3,True,False,True,RAD;UCDP_ACTOR
86e2dd7792e8858c04469964f487322a004dea28,Darfur Joint Resistance Forces,darfur joint resistance forces,UCDP_ACTOR,NameAlliance,471,SLM/A - MM,1,False,30,False,False,True,UCDP_ACTOR
f50b78765fbae2a20a0a8ae24b74a9e1b9a1876d,SLFA,slfa,UCDP_ACTOR,NameData,472,SLFA,1,True,4,True,False,True,UCDP_ACTOR
7ec862de8052b66f9a8ae38c003f52235403ad51,SLM,slm,UCDP_ACTOR,NameOrig,472,SLFA,1,True,3,True,False,True,RAD;UCDP_ACTOR
508b0dec714128c22c53916a14a9a677b5dc3b06,A-Unity,a-unity,UCDP_ACTOR,NameOrig,472,SLFA,1,True,7,False,False,True,RAD;UCDP_ACTOR
d3ca51f12b6400dc27f7c1d2f8a4fb30c78f90c6,Sudan Liberation Movement,sudan liberation movement,UCDP_ACTOR,NameOrigFullEng,472,SLFA,1,False,25,False,False,True,RAD;UCDP_ACTOR
e2e77f2cd723cdb8332471e3b750c93c99820dc1,Army-Unity,army-unity,UCDP_ACTOR,NameOrigFullEng,472,SLFA,1,True,10,False,False,True,UCDP_ACTOR
2adadc468b403f54b3dfee34500f9cc5a1586c67,SLFA,slfa,UCDP_ACTOR,NewName,472,SLFA,1,True,4,True,False,True,UCDP_ACTOR
b20c6fc7f25f4e581c85202b29c8d4ab2168b78f,Sudan Liberation Force Alliance,sudan liberation force alliance,UCDP_ACTOR,NewNameFullMotherTongue,472,SLFA,1,False,31,False,False,True,UCDP_ACTOR
a67f0f21ad747fbcd6716fdff2353eb115f89099,Sudan Liberation Force Alliance,sudan liberation force alliance,UCDP_ACTOR,NewNameFullEng,472,SLFA,1,False,31,False,False,True,UCDP_ACTOR
c2cfec335faf94c350abb8fe226c8f33b5b54436,SLM,slm,UCDP_ACTOR,NamePrev,472,SLFA,1,True,3,True,False,True,RAD;UCDP_ACTOR
7d4a0f0a3e062ba93ece49a3bbaeb467bb4285e8,Monima,monima,UCDP_ACTOR,NameData,473,Monima,1,True,6,False,False,True,UCDP_ACTOR
f00e5601b54ff326e152dbb6cca951d1bbc37258,Monima,monima,UCDP_ACTOR,NameOrig,473,Monima,1,True,6,False,False,True,UCDP_ACTOR
905fd2b37042c18d640335de204c3a811a15bf11,Mouvement National pour lIndependence de Madagascar,mouvement national pour lindependence de madagascar,UCDP_ACTOR,NameOrigFull,473,Monima,1,False,51,False,False,True,UCDP_ACTOR
a6b6bec6abfda2f03a3570e3ba34988b7394a206,National Movement for the Independence of Madagascar,national movement for the independence of madagascar,UCDP_ACTOR,NameOrigFullEng,473,Monima,1,False,52,False,False,True,UCDP_ACTOR
1c4836287d7352a6345236a22c5fa05e448d14d9,Military faction (forces of Mohamed Madbouh),military faction (forces of mohamed madbouh),UCDP_ACTOR,NameData,474,Military faction (forces of Mohamed Madbouh),1,False,44,False,False,True,UCDP_ACTOR
4f8301069096e8f68f92345efb98abf1ef70688c,Military faction (forces of Mohamed Madbouh),military faction (forces of mohamed madbouh),UCDP_ACTOR,NameOrig,474,Military faction (forces of Mohamed Madbouh),1,False,44,False,False,True,UCDP_ACTOR
4ba1d47f5375d1e291f8e46d60c1a20aad9f9f0f,Military faction (forces of Mohamed Madbouh),military faction (forces of mohamed madbouh),UCDP_ACTOR,NameOrigFullEng,474,Military faction (forces of Mohamed Madbouh),1,False,44,False,False,True,UCDP_ACTOR
9896b2fc7c487100f18628bc501246b23baacd56,Military faction (forces of Idi Amin),military faction (forces of idi amin),UCDP_ACTOR,NameData,475,Military faction (forces of Idi Amin),1,False,37,False,False,True,UCDP_ACTOR
b9fb97dbce655d75979c5e84ddb4ede361bcb96d,Military faction (forces of Idi Amin),military faction (forces of idi amin),UCDP_ACTOR,NameOrig,475,Military faction (forces of Idi Amin),1,False,37,False,False,True,UCDP_ACTOR
ba09251364173de1c037affdbb7d689aec8b5d03,Military faction (forces of Idi Amin),military faction (forces of idi amin),UCDP_ACTOR,NameOrigFullEng,475,Military faction (forces of Idi Amin),1,False,37,False,False,True,UCDP_ACTOR
618b125dc931f7e1489710f1ec09b6a07bb81b62,Kikosi Maalum,kikosi maalum,UCDP_ACTOR,NameData,476,Kikosi Maalum,1,False,13,False,False,True,UCDP_ACTOR
af90586e500a77c9ef72f065ad89f6444e7cb38b,Kikosi Maalum,kikosi maalum,UCDP_ACTOR,NameOrig,476,Kikosi Maalum,1,False,13,False,False,True,UCDP_ACTOR
4be768d771372a81f32cc46ee94d7360bacfafe6,Kikosi Maalum,kikosi maalum,UCDP_ACTOR,NameOrigFull,476,Kikosi Maalum,1,False,13,False,False,True,UCDP_ACTOR
6d1ffbea7c97adf676ed5e1e1d5ef42b6ef2617a,Special Force,special force,UCDP_ACTOR,NameOrigFullEng,476,Kikosi Maalum,1,False,13,False,False,True,UCDP_ACTOR
f23e9cce77ef1a607b9eaebf060457d777bdbbae,UNLF,unlf,UCDP_ACTOR,NameAlliance,476,Kikosi Maalum,1,True,4,True,False,True,RAD;UCDP_ACTOR
7342646e5be08a7a97794d847e8340fb959c1b45,Military faction (forces of Charles Arube),military faction (forces of charles arube),UCDP_ACTOR,NameData,477,Military faction (forces of Charles Arube),1,False,42,False,False,True,UCDP_ACTOR
5038f89a3be557ab17c02a9ac69ae1f64a518a28,Military faction (forces of Charles Arube),military faction (forces of charles arube),UCDP_ACTOR,NameOrig,477,Military faction (forces of Charles Arube),1,False,42,False,False,True,UCDP_ACTOR
42cd7644c8472fe63d45938fba3fde5b7b3216b6,Military faction (forces of Charles Arube),military faction (forces of charles arube),UCDP_ACTOR,NameOrigFullEng,477,Military faction (forces of Charles Arube),1,False,42,False,False,True,UCDP_ACTOR
ee787284f0e7a35eafc06098730fefb068ed5331,Fronasa,fronasa,UCDP_ACTOR,NameData,478,Fronasa,1,True,7,False,False,True,UCDP_ACTOR
2db901fe4ba1c0ade35a6075adf2d5e7547fc9ea,Fronasa,fronasa,UCDP_ACTOR,NameOrig,478,Fronasa,1,True,7,False,False,True,UCDP_ACTOR
4158b039c230b69cb9e600aa82713e44cfae10b6,Front for National Salvation,front for national salvation,UCDP_ACTOR,NameOrigFullEng,478,Fronasa,1,False,28,False,False,True,UCDP_ACTOR
e2472c0ef63c29dc71608d2bdb1eb9a2ced0baca,UNLF,unlf,UCDP_ACTOR,NameAlliance,478,Fronasa,1,True,4,True,False,True,RAD;UCDP_ACTOR
c42831293e1c9658191eb0bbaf87f77aeb3b889d,UNLF,unlf,UCDP_ACTOR,NameData,479,UNLF,1,True,4,True,False,True,RAD;UCDP_ACTOR
5836acb67a64c9b445ea7f34f6fed750079044ac,UNLF,unlf,UCDP_ACTOR,NameOrig,479,UNLF,1,True,4,True,False,True,RAD;UCDP_ACTOR
12d7e3342c2a42077512348a9469d1083a72033d,Uganda National Liberation Front,uganda national liberation front,UCDP_ACTOR,NameOrigFull,479,UNLF,1,False,32,False,False,True,UCDP_ACTOR
a2379f6b4c97024491f416c7f88210828c21e381,Uganda National Liberation Front,uganda national liberation front,UCDP_ACTOR,NameOrigFullEng,479,UNLF,1,False,32,False,False,True,UCDP_ACTOR
d316331f25c7ecf7649e14bbaf9c09c280bc0117,FUNA,funa,UCDP_ACTOR,NameData,480,FUNA,1,True,4,True,False,True,UCDP_ACTOR
c84ab37afd80dfe830f4df38ac3b762e24d1d048,FUNA,funa,UCDP_ACTOR,NameOrig,480,FUNA,1,True,4,True,False,True,UCDP_ACTOR
4d6ccf3f973511c4e0dc0ddad899e5432834fa80,Former Uganda National Army,former uganda national army,UCDP_ACTOR,NameOrigFullEng,480,FUNA,1,False,27,False,False,True,UCDP_ACTOR
38a5c175319db99e884bd19633b4872460452d47,NRA,nra,UCDP_ACTOR,NameData,481,NRA,1,True,3,True,False,True,UCDP_ACTOR
c6e2fd1542b4bd17121dd04ca72bc1f6ec2f5ccb,PRA,pra,UCDP_ACTOR,NameOrig,481,NRA,1,True,3,True,False,True,UCDP_ACTOR
d6ea4ece0a4339e1044b6fbacacf898554ca1f0c,Popular Resistance Army,popular resistance army,UCDP_ACTOR,NameOrigFullEng,481,NRA,1,False,23,False,False,True,UCDP_ACTOR
c14b19873adfff7e40faab9757fa8224d0bd780c,NRA,nra,UCDP_ACTOR,NewName,481,NRA,1,True,3,True,False,True,UCDP_ACTOR
5324b0fd64c9e66e54ee805418f63b25fb40f742,National Resistance Army,national resistance army,UCDP_ACTOR,NewNameFullEng,481,NRA,1,False,24,False,False,True,UCDP_ACTOR
301f9a5d4955c4b196d60925090ddb4b687a1c4b,UNRF,unrf,UCDP_ACTOR,NameData,482,UNRF,1,True,4,True,False,True,UCDP_ACTOR
99ee721f08de239850f8ec0607a41e9f326a3c13,UNRF,unrf,UCDP_ACTOR,NameOrig,482,UNRF,1,True,4,True,False,True,UCDP_ACTOR
eac24046d7e2ce0d5026e18aea3bb2f84ad8d35f,Ugandan National Rescure Front,ugandan national rescure front,UCDP_ACTOR,NameOrigFullEng,482,UNRF,1,False,30,False,False,True,UCDP_ACTOR
8b2daed6f06c857f7be05f88247c1959583895bc,FUNA,funa,UCDP_ACTOR,NamePrev,482,UNRF,1,True,4,True,False,True,UCDP_ACTOR
5e8b095734bd47bd1f70cd8b0cf5557d8d2c8e0d,HSM,hsm,UCDP_ACTOR,NameData,483,HSM,1,True,3,True,False,True,UCDP_ACTOR
8cf3e2858fca94a28225a0e314cf1cc979dd6b1a,HSM,hsm,UCDP_ACTOR,NameOrig,483,HSM,1,True,3,True,False,True,UCDP_ACTOR
253367014ef55c1efed3524b29bea0f92392e164,Holy Spirit Movement,holy spirit movement,UCDP_ACTOR,NameOrigFullEng,483,HSM,1,False,20,False,False,True,UCDP_ACTOR
de43223e9953188228c4d3f3944c629bcb94953f,UPDA,upda,UCDP_ACTOR,NameData,484,UPDA,1,True,4,True,False,True,UCDP_ACTOR
1b61453395b465d8b6fb9aa192cb81405871451f,UPDA,upda,UCDP_ACTOR,NameOrig,484,UPDA,1,True,4,True,False,True,UCDP_ACTOR
a9396b5fd84a2c8eeccfde69edc03e1f710ab65e,Ugandan Peoples Democratic Army,ugandan peoples democratic army,UCDP_ACTOR,NameOrigFullEng,484,UPDA,1,False,31,False,False,True,UCDP_ACTOR
b25c3166d301a0e44ebf96612f0ca580cd47ab22,UFM,ufm,UCDP_ACTOR,NameData,485,UFM,1,True,3,True,False,True,UCDP_ACTOR
60e3915b12bdaf917d052901d60f628722d246e3,UFM,ufm,UCDP_ACTOR,NameOrig,485,UFM,1,True,3,True,False,True,UCDP_ACTOR
cf890b6a621a8ee5fd8d6745dbd7546b4802a3e1,Uganda Freedom Movement,uganda freedom movement,UCDP_ACTOR,NameOrigFullEng,485,UFM,1,False,23,False,False,True,UCDP_ACTOR
cdd8f5387dbfcacad56ff3cd859ffe61bc1baef5,UPA,upa,UCDP_ACTOR,NameData,486,UPA,1,True,3,True,False,True,RAD;UCDP_ACTOR
5356116e1b38f406cfe7a643d483b3b96633e0e1,UPA,upa,UCDP_ACTOR,NameOrig,486,UPA,1,True,3,True,False,True,RAD;UCDP_ACTOR
421542e4ac6a478379b570e410272e13949d4dee,Uganda Peoples Army,uganda peoples army,UCDP_ACTOR,NameOrigFull,486,UPA,1,False,19,False,False,True,RAD;UCDP_ACTOR
d1af3fb347218432fb9c2255b226e08d6c4ded72,Uganda Peoples Army,uganda peoples army,UCDP_ACTOR,NameOrigFullEng,486,UPA,1,False,19,False,False,True,RAD;UCDP_ACTOR
79f0312c6f8860330983117fefca908f02ec0d31,Lords Army,lords army,UCDP_ACTOR,NameData,487,Lords Army,1,False,10,False,False,True,UCDP_ACTOR
d9df803ce5fef1a7eac4bd71e7cb21f758c03d3f,Lords Army,lords army,UCDP_ACTOR,NameOrig,487,Lords Army,1,False,10,False,False,True,UCDP_ACTOR
407afa40d2601233c22a5efa7b2fb14e684964f6,Lords Army,lords army,UCDP_ACTOR,NameOrigFullEng,487,Lords Army,1,False,10,False,False,True,UCDP_ACTOR
88adeff4b60aacb547630fdede365c81a16eafa4,LRA,lra,UCDP_ACTOR,NameData,488,LRA,1,True,3,True,False,True,UCDP_ACTOR
04b72ad6454da171819d3614462bfdfaee0c60ff,UDCA,udca,UCDP_ACTOR,NameOrig,488,LRA,1,True,4,True,False,True,UCDP_ACTOR
112dc85443342c7cec8e15340df0f893c744e168,Uganda Democratic Christian Army,uganda democratic christian army,UCDP_ACTOR,NameOrigFullEng,488,LRA,1,False,32,False,False,True,UCDP_ACTOR
ac7ebd3f7f4bd1f76fd0fec4d8c0b98e0df89f91,LRA,lra,UCDP_ACTOR,NewName,488,LRA,1,True,3,True,False,True,UCDP_ACTOR
a795d11433ac06fe2e6bf77c02397683566575ef,Lords Resistance Army,lords resistance army,UCDP_ACTOR,NewNameFullMotherTongue,488,LRA,1,False,21,False,False,True,UCDP_ACTOR
e6c8f6f62cebbc07d1d2a61bce9176b28e01f5d2,Lords Resistance Army,lords resistance army,UCDP_ACTOR,NewNameFullEng,488,LRA,1,False,21,False,False,True,UCDP_ACTOR
4fd00c4beefce9691d1f6a3f70e30fee4d86d5d5,ADF,adf,UCDP_ACTOR,NameData,489,ADF,1,True,3,True,False,True,RAD;UCDP_ACTOR
08809a1184317f55d40ba4631693b34f8cbe6f53,ADF,adf,UCDP_ACTOR,NameOrig,489,ADF,1,True,3,True,False,True,RAD;UCDP_ACTOR
0144bca7fe89825b3f3b42c3c8db5cbb379caf4d,Alliance of Democratic Forces,alliance of democratic forces,UCDP_ACTOR,NameOrigFull,489,ADF,1,False,29,False,False,True,RAD;UCDP_ACTOR
53fc0d3f88baa7a6d3a7f4e0ad69f19fb1ecef47,Alliance of Democratic Forces,alliance of democratic forces,UCDP_ACTOR,NameOrigFullEng,489,ADF,1,False,29,False,False,True,RAD;UCDP_ACTOR
e27c7cf4dbd39359e7c43e3a54f77bf35fd27140,WNBF,wnbf,UCDP_ACTOR,NameData,490,WNBF,1,True,4,True,False,True,RAD;UCDP_ACTOR
625912a6909a95f898453c6135e5778d47327433,WNBF,wnbf,UCDP_ACTOR,NameOrig,490,WNBF,1,True,4,True,False,True,RAD;UCDP_ACTOR
f443ffbfdfa985063edb7f26179ae76eb08de42b,West Nile Bank Front,west nile bank front,UCDP_ACTOR,NameOrigFull,490,WNBF,1,False,20,False,False,True,RAD;UCDP_ACTOR
d98742c69dd3a69a2bfa5dfb5f4833142d8dfcbf,West Nile Bank Front,west nile bank front,UCDP_ACTOR,NameOrigFullEng,490,WNBF,1,False,20,False,False,True,RAD;UCDP_ACTOR
2caff2aae7abd00e9d26aa5a9fe44f8041215c46,UNRF II,unrf ii,UCDP_ACTOR,NameData,491,UNRF II,1,False,7,False,False,True,RAD;UCDP_ACTOR
b859ad6f4476bdfab4ac62110091363bec24d598,UNRF II,unrf ii,UCDP_ACTOR,NameOrig,491,UNRF II,1,False,7,False,False,True,RAD;UCDP_ACTOR
50d5efb94bc9e1857bbb2cce1c9194cb89be8165,Uganda National Rescue Front II,uganda national rescue front ii,UCDP_ACTOR,NameOrigFull,491,UNRF II,1,False,31,False,False,True,RAD;UCDP_ACTOR
96cb5b43e4d212fddc7cb3af626111a97ee5b2cd,Uganda National Rescue Front II,uganda national rescue front ii,UCDP_ACTOR,NameOrigFullEng,491,UNRF II,1,False,31,False,False,True,RAD;UCDP_ACTOR
84aa148f21fe7ec5193cf1701e33af1b8bc1d11d,WNBF,wnbf,UCDP_ACTOR,NamePrev,491,UNRF II,1,True,4,True,False,True,RAD;UCDP_ACTOR
a5ad6f23f42dcd50c5fc1e447833cc856b87db7b,ZAPU,zapu,UCDP_ACTOR,NameData,492,ZAPU,1,True,4,True,False,True,UCDP_ACTOR
dbb497c6b0ab3f705bc16b8a0cf812fdd3700fb5,ZAPU,zapu,UCDP_ACTOR,NameOrig,492,ZAPU,1,True,4,True,False,True,UCDP_ACTOR
892bfc596fefae7ef699bfd299f8551eca62c73a,Zimbabwe African Peoples Union,zimbabwe african peoples union,UCDP_ACTOR,NameOrigFullEng,492,ZAPU,1,False,30,False,False,True,UCDP_ACTOR
e8e8bb28251cbebcbdbe78c34a677140309e56f9,ZANU,zanu,UCDP_ACTOR,NameData,493,ZANU,1,True,4,True,False,True,UCDP_ACTOR
87927a2916594c0ecf5c3e9a60963b26e5714f1b,ZANU,zanu,UCDP_ACTOR,NameOrig,493,ZANU,1,True,4,True,False,True,UCDP_ACTOR
29b637f908b2ec23ad086ecac7f0570b1f1aeb2b,Zimbabwe African National Union,zimbabwe african national union,UCDP_ACTOR,NameOrigFullEng,493,ZANU,1,False,31,False,False,True,UCDP_ACTOR
799b7b4e69653c0555e51d64c41c565cf827390e,ZAPU,zapu,UCDP_ACTOR,NamePrev,493,ZANU,1,True,4,True,False,True,UCDP_ACTOR
08330926a57ee6541ad8ebab545aca6a0dadbf34,Patriotic Front,patriotic front,UCDP_ACTOR,NameOrigFullEng,494,PF,1,False,15,False,False,True,UCDP_ACTOR
5223d6e229a66f9df9c2ab63281975d667f76dea,EIJM - AS,eijm - as,UCDP_ACTOR,NameData,495,EIJM - AS,1,False,9,False,False,True,RAD;UCDP_ACTOR
c877a825ddce111cd0fe0917c37653623f3d3389,EIJM - AS,eijm - as,UCDP_ACTOR,NameOrig,495,EIJM - AS,1,False,9,False,False,True,RAD;UCDP_ACTOR
597311bfc4f43503db97f184e6582bb9a938b68b,Harakat al Jihad al Islami - Abu Suhail faction,harakat al jihad al islami - abu suhail faction,UCDP_ACTOR,NameOrigFull,495,EIJM - AS,1,False,47,False,False,True,UCDP_ACTOR
e5aa1a4644619bcee0eb88aa2ad2a9dd4b95e062,Eritrean Islamic Jihad Movement - Abu Suhail faction,eritrean islamic jihad movement - abu suhail faction,UCDP_ACTOR,NameOrigFullEng,495,EIJM - AS,1,False,52,False,False,True,UCDP_ACTOR
0bea45765b8cd3552e1cc54bf16dac256f7c33c1,WSLF,wslf,UCDP_ACTOR,NameData,496,WSLF,1,True,4,True,False,True,UCDP_ACTOR
e76ab020b3a0aff0ff754c8733840c9de9b213aa,WSLF,wslf,UCDP_ACTOR,NameOrig,496,WSLF,1,True,4,True,False,True,UCDP_ACTOR
a224c966fc6ba21ac2990e6f5c85f6e9b1746cb8,Western Somali Liberation Front,western somali liberation front,UCDP_ACTOR,NameOrigFullEng,496,WSLF,1,False,31,False,False,True,UCDP_ACTOR
32ce3f572ef05bce045c332432561c2e28d79dfd,ONLF,onlf,UCDP_ACTOR,NameData,497,ONLF,1,True,4,True,False,True,RAD;UCDP_ACTOR
2213bb64c5663af056031ab186fd5a1395f65ed4,ONLF,onlf,UCDP_ACTOR,NameOrig,497,ONLF,1,True,4,True,False,True,RAD;UCDP_ACTOR
a83f708ffcf868ebcd22aab016602390a714123c,Jabhadda Wadaniga Xoreynta Ogaadeenya,jabhadda wadaniga xoreynta ogaadeenya,UCDP_ACTOR,NameOrigFull,497,ONLF,1,False,37,False,False,True,UCDP_ACTOR
2e792ef19e61e4fa8d8b865b07baa144de2c8de1,Ogaden National Liberation Front,ogaden national liberation front,UCDP_ACTOR,NameOrigFullEng,497,ONLF,1,False,32,False,False,True,RAD;UCDP_ACTOR
6391502073d309811957ea2b9227a1c2e675d043,WSLF,wslf,UCDP_ACTOR,NamePrev,497,ONLF,1,True,4,True,False,True,UCDP_ACTOR
acea00825be35e1a85561798947303e395a90238,Renamo,renamo,UCDP_ACTOR,NameData,498,Renamo,1,True,6,False,False,True,RAD;UCDP_ACTOR
193e7cbe17189cdfc42c5bb17454c29b454170a2,Renamo,renamo,UCDP_ACTOR,NameOrig,498,Renamo,1,True,6,False,False,True,RAD;UCDP_ACTOR
aa18311529fea0c99ab50c4520b786a9bcbb5ba0,Resistência nacional moçambicana,resistência nacional moçambicana,UCDP_ACTOR,NameOrigFull,498,Renamo,1,False,32,False,False,True,RAD;UCDP_ACTOR
21eeed73f7f2148e9c78e74685b55781ff53c8dd,Mozambican National Resistance,mozambican national resistance,UCDP_ACTOR,NameOrigFullEng,498,Renamo,1,False,30,False,False,True,RAD;UCDP_ACTOR
0d7b3f628a9f0a5d5b50d6f26604410be4b4a5ec,SSDF,ssdf,UCDP_ACTOR,NameData,499,SSDF,1,True,4,True,False,True,UCDP_ACTOR
644f819c4d095c82dca71b425c601947bced7f02,SSDF,ssdf,UCDP_ACTOR,NameOrig,499,SSDF,1,True,4,True,False,True,UCDP_ACTOR
6ea04124265d8da2cdeaa54dafc772f7dfc545ba,Somali Salvation Democratic Front,somali salvation democratic front,UCDP_ACTOR,NameOrigFull,499,SSDF,1,False,33,False,False,True,UCDP_ACTOR
4996363225974fe469bea456f246cbebef162782,Somali Salvation Democratic Front,somali salvation democratic front,UCDP_ACTOR,NameOrigFullEng,499,SSDF,1,False,33,False,False,True,UCDP_ACTOR
29ce1d76b6fe08edc4cb2f856337e8c68e789f44,SNM,snm,UCDP_ACTOR,NameData,500,SNM,1,True,3,True,False,True,RAD;UCDP_ACTOR
a91439030864b70d85a786328a48a83267775436,SNM,snm,UCDP_ACTOR,NameOrig,500,SNM,1,True,3,True,False,True,RAD;UCDP_ACTOR
3c8bb68bf5896ba26bc78a9d773e9cbfc3503855,Dhaq dhaqaaqa wadaniga soomaliyeed,dhaq dhaqaaqa wadaniga soomaliyeed,UCDP_ACTOR,NameOrigFull,500,SNM,1,False,34,False,False,True,UCDP_ACTOR
3cf261eebc5e42f4ef23aca3bad553fd521dbd08,Somali National Movement,somali national movement,UCDP_ACTOR,NameOrigFullEng,500,SNM,1,False,24,False,False,True,RAD;UCDP_ACTOR
fe5f37eae0961d21ac11ba736900ae3d7329164e,SPM,spm,UCDP_ACTOR,NameData,501,SPM,1,True,3,True,False,True,RAD;UCDP_ACTOR
7e6edf4f932c1e0ae34892e2969f59c1ccdf99c2,SPM,spm,UCDP_ACTOR,NameOrig,501,SPM,1,True,3,True,False,True,RAD;UCDP_ACTOR
afada9d14287b0e67f7c419b44f86186711c6f75,Somali Patriotic Movement,somali patriotic movement,UCDP_ACTOR,NameOrigFull,501,SPM,1,False,25,False,False,True,RAD;UCDP_ACTOR
22241f10559d7641553e7344df9b3966428933bf,Somali Patriotic Movement,somali patriotic movement,UCDP_ACTOR,NameOrigFullEng,501,SPM,1,False,25,False,False,True,RAD;UCDP_ACTOR
1d828b66175df70387e732958e67ec2792aecee4,SRRC,srrc,UCDP_ACTOR,NameAlliance,501,SPM,1,True,4,True,False,True,RAD;UCDP_ACTOR
7a236622a7d94afeb85485b0d13adcd5dc2a7df1,USC,usc,UCDP_ACTOR,NameData,502,USC/SSA,1,True,3,True,False,True,RAD;UCDP_ACTOR
252d0eeccd190f67209c99328887bf37bd7bf317,SSA,ssa,UCDP_ACTOR,NameData,502,USC/SSA,1,True,3,True,False,True,RAD;UCDP_ACTOR
5f9c2091c9842b6bafb6a7652289154e252ce058,USC,usc,UCDP_ACTOR,NameOrig,502,USC/SSA,1,True,3,True,False,True,RAD;UCDP_ACTOR
ea124d75d4bc1a61ce32e66e10336264af6a04b8,United Somali Congress,united somali congress,UCDP_ACTOR,NameOrigFull,502,USC/SSA,1,False,22,False,False,True,RAD;UCDP_ACTOR
ae0ca056ce0bb68803efb9ecc1629b1352bbeb8c,United Somali Congress,united somali congress,UCDP_ACTOR,NameOrigFullEng,502,USC/SSA,1,False,22,False,False,True,RAD;UCDP_ACTOR
a73751ec705fa3cc3236c8c8f641dc7d249b75fc,USC,usc,UCDP_ACTOR,NewName,502,USC/SSA,1,True,3,True,False,True,RAD;UCDP_ACTOR
3d0c92efdaa9399ea0ac4de02fb22d74be34a7aa,SSA,ssa,UCDP_ACTOR,NewName,502,USC/SSA,1,True,3,True,False,True,RAD;UCDP_ACTOR
343b75ef08e44379ce3081cce8e4bfa9c12e5f21,United Somali Congress,united somali congress,UCDP_ACTOR,NewNameFullMotherTongue,502,USC/SSA,1,False,22,False,False,True,RAD;UCDP_ACTOR
0becaa22b6b8868032aecf497b9b2b50f24172d4,Somali Salvation Alliance,somali salvation alliance,UCDP_ACTOR,NewNameFullMotherTongue,502,USC/SSA,1,False,25,False,False,True,RAD;UCDP_ACTOR
3c9dc081abc959c64c2c77e6859ae2c0f6b96ba6,United Somali Congress,united somali congress,UCDP_ACTOR,NewNameFullEng,502,USC/SSA,1,False,22,False,False,True,RAD;UCDP_ACTOR
aaf8885a19d9d0985af056d4d86ce888e8f5d8b7,Somali Salvation Alliance,somali salvation alliance,UCDP_ACTOR,NewNameFullEng,502,USC/SSA,1,False,25,False,False,True,RAD;UCDP_ACTOR
470c242789bea34053ef2811e4c13d18505a46cb,SRRC,srrc,UCDP_ACTOR,NameAlliance,502,USC/SSA,1,True,4,True,False,True,RAD;UCDP_ACTOR
138bf2853daa6d60724766a9daa1a802ecb7392e,USC,usc,UCDP_ACTOR,NameData,503,USC/SNA,1,True,3,True,False,True,RAD;UCDP_ACTOR
9137218b98aa55084b759382e41021344312bf78,SNA,sna,UCDP_ACTOR,NameData,503,USC/SNA,1,True,3,True,False,True,UCDP_ACTOR
fcc6a424122887430d2d46ddd508351a4120ca59,USC,usc,UCDP_ACTOR,NameOrig,503,USC/SNA,1,True,3,True,False,True,RAD;UCDP_ACTOR
6a3b5eb5d1b187a20c5af015aa53af4af3044803,SNA,sna,UCDP_ACTOR,NameOrig,503,USC/SNA,1,True,3,True,False,True,UCDP_ACTOR
9ed2d35630994a8654ea427c443d5d992b607ca0,United Somali Congress,united somali congress,UCDP_ACTOR,NameOrigFull,503,USC/SNA,1,False,22,False,False,True,RAD;UCDP_ACTOR
25aed1f84acdf704830655f78ad649de0e332350,Somali National Alliance,somali national alliance,UCDP_ACTOR,NameOrigFull,503,USC/SNA,1,False,24,False,False,True,UCDP_ACTOR
aad05ca4fbe98ccb05d7071411eafa745f7fc663,United Somali Congress,united somali congress,UCDP_ACTOR,NameOrigFullEng,503,USC/SNA,1,False,22,False,False,True,RAD;UCDP_ACTOR
2d6b8d2c86c713a0e48141341191e1b6e922f38c,Somali National Alliance,somali national alliance,UCDP_ACTOR,NameOrigFullEng,503,USC/SNA,1,False,24,False,False,True,UCDP_ACTOR
c325f4f0d7ea4d218db4ca38a0a9117c1a161ad9,USC,usc,UCDP_ACTOR,NamePrev,503,USC/SNA,1,True,3,True,False,True,RAD;UCDP_ACTOR
81ebbc69938ade6649052c13684d5e94306f7898,SSA,ssa,UCDP_ACTOR,NamePrev,503,USC/SNA,1,True,3,True,False,True,RAD;UCDP_ACTOR
9c6a1d091b855fc2015f76c1300af9a2687219f6,SRRC,srrc,UCDP_ACTOR,NameAlliance,503,USC/SNA,1,True,4,True,False,True,RAD;UCDP_ACTOR
235d4a7c6eeaf52209e3bc5038fe2bb726a805c1,SRRC,srrc,UCDP_ACTOR,NameData,504,SRRC,1,True,4,True,False,True,RAD;UCDP_ACTOR
f9e369dcad185374b8179ea4b425c59676947703,SRRC,srrc,UCDP_ACTOR,NameOrig,504,SRRC,1,True,4,True,False,True,RAD;UCDP_ACTOR
c3e335ee060b3eb6ce16ef5318e0785976df3490,Somali Reconciliation and Restoration Council,somali reconciliation and restoration council,UCDP_ACTOR,NameOrigFullEng,504,SRRC,1,False,45,False,False,True,RAD;UCDP_ACTOR
02b373da09d76d3a2c9a1c33f330b2d6aa216058,ARS,ars,UCDP_ACTOR,NameData,505,ARS/UIC,1,True,3,True,False,True,UCDP_ACTOR
35d32aef05583be3a71d6fcbf7ab2294609f4bbd,UIC,uic,UCDP_ACTOR,NameData,505,ARS/UIC,1,True,3,True,False,True,UCDP_ACTOR
1e957336d3a4d7b0caf1aab768ef1e9922e84cdb,SICS,sics,UCDP_ACTOR,NameOrig,505,ARS/UIC,1,True,4,True,False,True,UCDP_ACTOR
fdb559a867678746e75b87e5764dd10a65deabb6,Supreme Islamic Council of Somalia,supreme islamic council of somalia,UCDP_ACTOR,NameOrigFull,505,ARS/UIC,1,False,34,False,False,True,UCDP_ACTOR
a71f667fa55ac17cc52da439e425869d13620914,Supreme Islamic Council of Somalia,supreme islamic council of somalia,UCDP_ACTOR,NameOrigFullEng,505,ARS/UIC,1,False,34,False,False,True,UCDP_ACTOR
c1cf8c38397e2f7761efce91ddcaf5ff947674f7,ARS,ars,UCDP_ACTOR,NewName,505,ARS/UIC,1,True,3,True,False,True,UCDP_ACTOR
5e5b52676df14e14880477e019f8651f5efb77c4,UIC,uic,UCDP_ACTOR,NewName,505,ARS/UIC,1,True,3,True,False,True,UCDP_ACTOR
1cd14b6d265ae4485b1c8b733031f1e7fd0ff5bb,Alliance for the Re-Liberation of Somalia,alliance for the re-liberation of somalia,UCDP_ACTOR,NewNameFullMotherTongue,505,ARS/UIC,1,False,41,False,False,True,UCDP_ACTOR
16f1d8317feaebf2c0471a65b68741dd2c4133c1,Union of Islamic Courts,union of islamic courts,UCDP_ACTOR,NewNameFullMotherTongue,505,ARS/UIC,1,False,23,False,False,True,UCDP_ACTOR
2b1c07809bf0138418ff558eeb7b8685fc5d0ae3,Alliance for the Re-Liberation of Somalia,alliance for the re-liberation of somalia,UCDP_ACTOR,NewNameFullEng,505,ARS/UIC,1,False,41,False,False,True,UCDP_ACTOR
23f5a097c334a7559396231b3b564956583b3820,Union of Islamic Courts,union of islamic courts,UCDP_ACTOR,NewNameFullEng,505,ARS/UIC,1,False,23,False,False,True,UCDP_ACTOR
d8dd871d6b4157ecddd23619bdf3ab93358a6b99,Military faction (forces of Samuel Doe),military faction (forces of samuel doe),UCDP_ACTOR,NameData,506,Military faction (forces of Samuel Doe),1,False,39,False,False,True,UCDP_ACTOR
7f2df63857fcac2421f616935ca41772b5fe4701,Military faction (forces of Samuel Doe),military faction (forces of samuel doe),UCDP_ACTOR,NameOrig,506,Military faction (forces of Samuel Doe),1,False,39,False,False,True,UCDP_ACTOR
c43f8f7edf47c2913ba8ad890174641db4b276b0,Military faction (forces of Samuel Doe),military faction (forces of samuel doe),UCDP_ACTOR,NameOrigFullEng,506,Military faction (forces of Samuel Doe),1,False,39,False,False,True,UCDP_ACTOR
548ddbacf48110ce0ba372d51023ad50bb289b33,NPFL,npfl,UCDP_ACTOR,NameData,507,NPFL,1,True,4,True,False,True,RAD;UCDP_ACTOR
1f73cfc3057ee19481d0a9187883af7a5f4e97ac,NPFL,npfl,UCDP_ACTOR,NameOrig,507,NPFL,1,True,4,True,False,True,RAD;UCDP_ACTOR
6f3333555274f586028e766334856a7b33288f05,National Patriotic Front of Liberia,national patriotic front of liberia,UCDP_ACTOR,NameOrigFull,507,NPFL,1,False,35,False,False,True,RAD;UCDP_ACTOR
ccff009d646580a4e4ae110253964a059ba4380a,National Patriotic Front of Liberia,national patriotic front of liberia,UCDP_ACTOR,NameOrigFullEng,507,NPFL,1,False,35,False,False,True,RAD;UCDP_ACTOR
536b35f046c1d31035d94612b04755f505a92e8c,INPFL,inpfl,UCDP_ACTOR,NameData,508,INPFL,1,True,5,False,False,True,RAD;UCDP_ACTOR
204aedec8d9d51bbf1d6945c04e896611b93e76c,INPFL,inpfl,UCDP_ACTOR,NameOrig,508,INPFL,1,True,5,False,False,True,RAD;UCDP_ACTOR
11c649b460f810f21c971702db729ea77923aeb3,Independent National Patriotic Front of Liberia,independent national patriotic front of liberia,UCDP_ACTOR,NameOrigFull,508,INPFL,1,False,47,False,False,True,RAD;UCDP_ACTOR
5f95bb9473168896362cc47bd6f91cd84a0db56c,Independent National Patriotic Front of Liberia,independent national patriotic front of liberia,UCDP_ACTOR,NameOrigFullEng,508,INPFL,1,False,47,False,False,True,RAD;UCDP_ACTOR
62fcf1c345ba0bd02e1c233aa238133d5cbe8f82,NPFL,npfl,UCDP_ACTOR,NamePrev,508,INPFL,1,True,4,True,False,True,RAD;UCDP_ACTOR
dbf3c9a3d18087a5044d016fc979417f61216173,LURD,lurd,UCDP_ACTOR,NameData,509,LURD,1,True,4,True,False,True,RAD;UCDP_ACTOR
bfe2e348f120e20868feb271312d66598e2b2258,LURD,lurd,UCDP_ACTOR,NameOrig,509,LURD,1,True,4,True,False,True,RAD;UCDP_ACTOR
bae389efdf8ba7a931693417e249f7ebcbaef1da,Liberians United for Reconciliation and Democracy,liberians united for reconciliation and democracy,UCDP_ACTOR,NameOrigFull,509,LURD,1,False,49,False,False,True,RAD;UCDP_ACTOR
89182c76b5bab2eeac4e76e4d3baa42698783e77,Liberians United for Reconciliation and Democracy,liberians united for reconciliation and democracy,UCDP_ACTOR,NameOrigFullEng,509,LURD,1,False,49,False,False,True,RAD;UCDP_ACTOR
8262888c1183a456fcb17765f66c7bc172ef9b79,MODEL,model,UCDP_ACTOR,NameData,510,MODEL,1,True,5,False,False,True,RAD;UCDP_ACTOR
ac659cac43b78ea150bc77fe7a680b31d1ba66da,MODEL,model,UCDP_ACTOR,NameOrig,510,MODEL,1,True,5,False,False,True,RAD;UCDP_ACTOR
7a502bfb6fd9eae824603925e57af5b657971f1f,Movement for Democracy in Liberia,movement for democracy in liberia,UCDP_ACTOR,NameOrigFullEng,510,MODEL,1,False,33,False,False,True,RAD;UCDP_ACTOR
ae857d68ebdeb160ffa3b2ced781ddc9e35b4c55,Résistance Armée Tunisienne,résistance armée tunisienne,UCDP_ACTOR,NameData,511,Résistance Armée Tunisienne,1,False,27,False,False,True,UCDP_ACTOR
f2177c888c6505be76eb2217ee4c372c802dde2f,Résistance Armée Tunisienne,résistance armée tunisienne,UCDP_ACTOR,NameOrig,511,Résistance Armée Tunisienne,1,False,27,False,False,True,UCDP_ACTOR
9e46db1058a70296c937b38f6171a23a4b5d3b70,Résistance Armée Tunisienne,résistance armée tunisienne,UCDP_ACTOR,NameOrigFull,511,Résistance Armée Tunisienne,1,False,27,False,False,True,UCDP_ACTOR
99a991e8a4071b128b29b304c2b8ba874a971102,Tunisian Armed Resistance,tunisian armed resistance,UCDP_ACTOR,NameOrigFullEng,511,Résistance Armée Tunisienne,1,False,25,False,False,True,UCDP_ACTOR
3caa5793cb7a2ba0996cd8602a6be8b6d6b48762,NRC,nrc,UCDP_ACTOR,NameData,512,NRC,1,True,3,True,False,True,UCDP_ACTOR
b5832f02e24bf14a488c14376619245bf1ef8072,NRC,nrc,UCDP_ACTOR,NameOrig,512,NRC,1,True,3,True,False,True,UCDP_ACTOR
1983d1e3f8ec843647def4c40b586e5dfb55cb47,National Revolutionary Council,national revolutionary council,UCDP_ACTOR,NameOrigFullEng,512,NRC,1,False,30,False,False,True,UCDP_ACTOR
e86b2f0b1dc59a6540e8878eec26091428268fe9,ANC,anc,UCDP_ACTOR,NameData,513,ANC,1,True,3,True,False,True,UCDP_ACTOR
83ae102f5bbafbfb53ff7285082a139a0e47b50a,ANC,anc,UCDP_ACTOR,NameOrig,513,ANC,1,True,3,True,False,True,UCDP_ACTOR
09f8faa21c6f4340e16753977aed3412b7383a92,African National Congress,african national congress,UCDP_ACTOR,NameOrigFull,513,ANC,1,False,25,False,False,True,UCDP_ACTOR
f90e669222560249c006ee8e670ded362e2b823f,African National Congress,african national congress,UCDP_ACTOR,NameOrigFullEng,513,ANC,1,False,25,False,False,True,UCDP_ACTOR
01741abb49444b0f2528705171e9865ad35903e2,Military faction (forces of Hezekiah Ochuka),military faction (forces of hezekiah ochuka),UCDP_ACTOR,NameData,514,Military faction (forces of Hezekiah Ochuka),1,False,44,False,False,True,UCDP_ACTOR
84c74ae15e95726e97ef187bfc2ced16c211455c,Military faction (forces of Hezekiah Ochuka),military faction (forces of hezekiah ochuka),UCDP_ACTOR,NameOrig,514,Military faction (forces of Hezekiah Ochuka),1,False,44,False,False,True,UCDP_ACTOR
c7c47e9c775e1ad7e602a4173c6d78a4bf86a2af,Military faction (forces of Hezekiah Ochuka),military faction (forces of hezekiah ochuka),UCDP_ACTOR,NameOrigFullEng,514,Military faction (forces of Hezekiah Ochuka),1,False,44,False,False,True,UCDP_ACTOR
298d77166d3b8175687dddd0834e6a4e1fb07928,Military faction (forces of Ibrahim Saleh),military faction (forces of ibrahim saleh),UCDP_ACTOR,NameData,515,Military faction (forces of Ibrahim Saleh),1,False,42,False,False,True,UCDP_ACTOR
cde7514fb6b7eeb69328073656c93f879f2a0a6c,Military faction (forces of Ibrahim Saleh),military faction (forces of ibrahim saleh),UCDP_ACTOR,NameOrig,515,Military faction (forces of Ibrahim Saleh),1,False,42,False,False,True,UCDP_ACTOR
eb43e7be96252d34b8860a15f65c7bf7099ca531,Military faction (forces of Ibrahim Saleh),military faction (forces of ibrahim saleh),UCDP_ACTOR,NameOrigFullEng,515,Military faction (forces of Ibrahim Saleh),1,False,42,False,False,True,UCDP_ACTOR
746e997f651729e5358c5f5248482f284c3d2132,MTD,mtd,UCDP_ACTOR,NameData,516,MTD,1,True,3,True,False,True,UCDP_ACTOR
1f0a9b923636f3284cc339cd4436b799abd17f00,MTD,mtd,UCDP_ACTOR,NameOrig,516,MTD,1,True,3,True,False,True,UCDP_ACTOR
8c9c87abb9abcf255ca30008ac864328d95f8c66,Movement togolaise pour la démocratie,movement togolaise pour la démocratie,UCDP_ACTOR,NameOrigFull,516,MTD,1,False,37,False,False,True,UCDP_ACTOR
7a45d1c084a4da5bca562de4c194588c26d449d7,Togolese Movement for Democracy,togolese movement for democracy,UCDP_ACTOR,NameOrigFullEng,516,MTD,1,False,31,False,False,True,UCDP_ACTOR
05294e62776f153573ebfb59ca8654074ba460b8,Popular Front,popular front,UCDP_ACTOR,NameData,517,Popular Front,1,False,13,False,False,True,UCDP_ACTOR
166ec405236fcc3740d068c4aaa17441d0c352e1,Popular Front,popular front,UCDP_ACTOR,NameOrig,517,Popular Front,1,False,13,False,False,True,UCDP_ACTOR
af4ed895d8013fe2963ad6ad6ced8228df449754,Popular Front,popular front,UCDP_ACTOR,NameOrigFullEng,517,Popular Front,1,False,13,False,False,True,UCDP_ACTOR
ea86adf405465fa2dd6c1dedac5ae20090faff1e,Presidential guard,presidential guard,UCDP_ACTOR,NameData,518,Presidential guard,1,False,18,False,False,True,RAD;UCDP_ACTOR
b90c669de988f3330b048554b25e1758fd552991,Presidential guard,presidential guard,UCDP_ACTOR,NameOrig,518,Presidential guard,1,False,18,False,False,True,RAD;UCDP_ACTOR
3431d3ef83d352c9c1bb5c9901ceff151673f540,Garde-Presidentielle,garde-presidentielle,UCDP_ACTOR,NameOrigFull,518,Presidential guard,1,True,20,False,False,True,UCDP_ACTOR
9e464f9aa420afbae4de10f29bc74bceab8b27b2,Presidential guard,presidential guard,UCDP_ACTOR,NameOrigFullEng,518,Presidential guard,1,False,18,False,False,True,RAD;UCDP_ACTOR
d0c63ec33173b56d755d312f51dc3c164641f369,ALF,alf,UCDP_ACTOR,NameData,519,ALF,1,True,3,True,False,True,UCDP_ACTOR
b96710efafc89c29da10929155c5013a695dfeb1,ALF,alf,UCDP_ACTOR,NameOrig,519,ALF,1,True,3,True,False,True,UCDP_ACTOR
5c86110b1c3a60548df451a89d79cb371c8dc4ac,Afar Liberation Front,afar liberation front,UCDP_ACTOR,NameOrigFullEng,519,ALF,1,False,21,False,False,True,UCDP_ACTOR
aaffb2f9be2eeb22dc6c3634b273556199a98148,ARDUF,arduf,UCDP_ACTOR,NameData,520,ARDUF,1,True,5,False,False,True,RAD;UCDP_ACTOR
dbcc24f7e07788297f29b74d42530beed767b7d6,ARDUF,arduf,UCDP_ACTOR,NameOrig,520,ARDUF,1,True,5,False,False,True,RAD;UCDP_ACTOR
e742c08d184a01f9afa03cce862473ef90610e75,Afar Revolutionary Democratic Unity Front,afar revolutionary democratic unity front,UCDP_ACTOR,NameOrigFullEng,520,ARDUF,1,False,41,False,False,True,RAD;UCDP_ACTOR
b6db1e22c7b7d331868612601037ea281994c389,MPA,mpa,UCDP_ACTOR,NameData,521,MPA,1,True,3,True,False,True,RAD;UCDP_ACTOR
aefbf15d7f6f5ed3aa773379d6ff308dced78029,MPLA,mpla,UCDP_ACTOR,NameOrig,521,MPA,1,True,4,True,False,True,UCDP_ACTOR
0203058aa77639a6561179f04b612beaed82ae42,Mouvement Populaire de Libération de lAzaouad,mouvement populaire de libération de lazaouad,UCDP_ACTOR,NameOrigFull,521,MPA,1,False,45,False,False,True,RAD;UCDP_ACTOR
5f2fe5e59c96cedad92ee5c01aa5cd1dc26cf061,Popular Movement for the Liberation of Azawad,popular movement for the liberation of azawad,UCDP_ACTOR,NameOrigFullEng,521,MPA,1,False,45,False,False,True,RAD;UCDP_ACTOR
ee695ae6b1c06bda8254f81bb08236043f4e40a3,MPA,mpa,UCDP_ACTOR,NewName,521,MPA,1,True,3,True,False,True,RAD;UCDP_ACTOR
24996ef8fb2f16a016fc1d63626ead774f74e532,Mouvement populaire de lAzaouad,mouvement populaire de lazaouad,UCDP_ACTOR,NewNameFullMotherTongue,521,MPA,1,False,31,False,False,True,RAD;UCDP_ACTOR
455841c6c7a034c615add85271672812714a9e91,Azawad People ́s Movement,azawad people ́s movement,UCDP_ACTOR,NewNameFullEng,521,MPA,1,False,25,False,False,True,UCDP_ACTOR
aba6186ab22d85d39e89cb317a89fa7eabb026b3,FIAA,fiaa,UCDP_ACTOR,NameData,522,FIAA,1,True,4,True,False,True,RAD;UCDP_ACTOR
2f16ac82dd9322aefcb214b66a1b86741ff50c58,FIAA,fiaa,UCDP_ACTOR,NameOrig,522,FIAA,1,True,4,True,False,True,RAD;UCDP_ACTOR
23b63011326bd82b904d57f2ec0b9548c7f058f9,Front islamique arabe de lAzaouad,front islamique arabe de lazaouad,UCDP_ACTOR,NameOrigFull,522,FIAA,1,False,33,False,False,True,RAD;UCDP_ACTOR
39f9ec26264253119dd8979d282986d3321b9553,Islamic Arab Front of Azawad,islamic arab front of azawad,UCDP_ACTOR,NameOrigFullEng,522,FIAA,1,False,28,False,False,True,RAD;UCDP_ACTOR
5d242fe37f0e87f5767ea6479f0281f5eb67fbf0,MPA,mpa,UCDP_ACTOR,NamePrev,522,FIAA,1,True,3,True,False,True,RAD;UCDP_ACTOR
7127c470c6b8440e6a1d5a8a603b9b38287db1ad,ATNMC,atnmc,UCDP_ACTOR,NameData,523,ATNMC,1,True,5,False,False,True,RAD;UCDP_ACTOR
79716a309771f23a5f976fd1a0f75afc1f7d31ed,ADC – IB,adc – ib,UCDP_ACTOR,NameOrig,523,ATNMC,1,False,8,False,False,True,UCDP_ACTOR
76121862fd8a20532e5152094c88d531c4a7b0d7,Alliance démocratique du 23 Mai pour le changement - Ibrahim Bahanga faction,alliance démocratique du 23 mai pour le changement - ibrahim bahanga faction,UCDP_ACTOR,NameOrigFull,523,ATNMC,1,False,76,False,False,True,UCDP_ACTOR
fbe8c15229e3e5b1af4bac615c5214abd520032f,May 23 Democratic Alliance for Change - Ibrahim Bahanga faction,may 23 democratic alliance for change - ibrahim bahanga faction,UCDP_ACTOR,NameOrigFullEng,523,ATNMC,1,False,63,False,False,True,UCDP_ACTOR
a0b1628ab9c91445cf42ddf28cb5aa15bd51ca5f,ATNMC,atnmc,UCDP_ACTOR,NewName,523,ATNMC,1,True,5,False,False,True,RAD;UCDP_ACTOR
3eb36a13c00d21b4b559e7052dd3109671685e68,Alliance Touareg Nord Mali pour le Changement,alliance touareg nord mali pour le changement,UCDP_ACTOR,NewNameFullMotherTongue,523,ATNMC,1,False,45,False,False,True,RAD;UCDP_ACTOR
e00af9b8040ea3cfb8e08b69977e639d8f5238cb,North Mali Tuareg Alliance for Change,north mali tuareg alliance for change,UCDP_ACTOR,NewNameFullEng,523,ATNMC,1,False,37,False,False,True,RAD;UCDP_ACTOR
571fe32ba45cf399c2af94e0ec38b22256bce8dc,FLAA,flaa,UCDP_ACTOR,NameData,524,FLAA,1,True,4,True,False,True,RAD;UCDP_ACTOR
1c177b6738e2a3e54d3171894d36d068ddc7298d,FLAA,flaa,UCDP_ACTOR,NameOrig,524,FLAA,1,True,4,True,False,True,RAD;UCDP_ACTOR
cd0fc82adac20ecedef4f8fe587b161269f74c58,Front de libération de lAїr et lAzaouad,front de libération de laїr et lazaouad,UCDP_ACTOR,NameOrigFull,524,FLAA,1,False,39,False,False,True,RAD;UCDP_ACTOR
f9ed47ffb5a8575fea648e7484e10546d886445a,Aїr and Azawad Liberation Front,aїr and azawad liberation front,UCDP_ACTOR,NameOrigFullEng,524,FLAA,1,False,31,False,False,True,RAD;UCDP_ACTOR
e8c9131796cd5633cfcb9e6a6e540d4791e9b8e3,CRA,cra,UCDP_ACTOR,NameData,525,CRA,1,True,3,True,False,True,RAD;UCDP_ACTOR
3caa8afb7e8917e2a8ed411e259476f85ba888d3,CRA,cra,UCDP_ACTOR,NameOrig,525,CRA,1,True,3,True,False,True,RAD;UCDP_ACTOR
d904b1a0150297a18242b8e12b36724c555fbc70,Coordination de la résistance armée,coordination de la résistance armée,UCDP_ACTOR,NameOrigFull,525,CRA,1,False,35,False,False,True,RAD;UCDP_ACTOR
58643bd9ee5f2b743997406f296a7e7ae271c684,Coordination of the Armed Resistance,coordination of the armed resistance,UCDP_ACTOR,NameOrigFullEng,525,CRA,1,False,36,False,False,True,RAD;UCDP_ACTOR
2deca9471294522b25a13805500c53063263d8f3,UFRA,ufra,UCDP_ACTOR,NameData,526,UFRA,1,True,4,True,False,True,RAD;UCDP_ACTOR
39c2581f2bcce416163e2e6bb37cbfef23f4ddac,UFRA,ufra,UCDP_ACTOR,NameOrig,526,UFRA,1,True,4,True,False,True,RAD;UCDP_ACTOR
706e3cf541ee382fa0303149a952de1e14088991,Union des Forces de la résistance armée,union des forces de la résistance armée,UCDP_ACTOR,NameOrigFull,526,UFRA,1,False,39,False,False,True,RAD;UCDP_ACTOR
c17af360c8e86eb83acca27840c63df353e07a81,Union of Forces of the Armed Resistance,union of forces of the armed resistance,UCDP_ACTOR,NameOrigFullEng,526,UFRA,1,False,39,False,False,True,RAD;UCDP_ACTOR
ea8fcddcf7479caaa4d50ecf0457ced636b2fcf3,FPR,fpr,UCDP_ACTOR,NameData,527,FPR,1,True,3,True,False,True,RAD;UCDP_ACTOR
00febb8bd2090188ca3f155578f6cf416934f222,FPR,fpr,UCDP_ACTOR,NameOrig,527,FPR,1,True,3,True,False,True,RAD;UCDP_ACTOR
a9401374d9b982c4f3a00584db264353bed39cda,Front patriotique rwandais,front patriotique rwandais,UCDP_ACTOR,NameOrigFull,527,FPR,1,False,26,False,False,True,RAD;UCDP_ACTOR
20b135b8d128d0396c1ef49e648a42d8d0acfab7,Rwandan Patriotic Front,rwandan patriotic front,UCDP_ACTOR,NameOrigFullEng,527,FPR,1,False,23,False,False,True,RAD;UCDP_ACTOR
687c76bda1788baa51930b7ba11a267aeef81d62,FDLR-FOCA,fdlr-foca,UCDP_ACTOR,NameData,528,FDLR-FOCA,1,True,9,False,False,True,UCDP_ACTOR
f933d202e083389f5d9fa5a85cb3c08435f4c935,FDLR,fdlr,UCDP_ACTOR,NameOrig,528,FDLR-FOCA,1,True,4,True,False,True,RAD;UCDP_ACTOR
8634624f4e9e0c213135b85b3c9afaabfc435c2f,Forces démocratiques de libération du Rwanda,forces démocratiques de libération du rwanda,UCDP_ACTOR,NameOrigFull,528,FDLR-FOCA,1,False,44,False,False,True,RAD;UCDP_ACTOR
151369a554dcb75fe8ee863344d867ed8c0435d8,Democratic Liberation Forces of Rwanda,democratic liberation forces of rwanda,UCDP_ACTOR,NameOrigFullEng,528,FDLR-FOCA,1,False,38,False,False,True,RAD;UCDP_ACTOR
ec29af473bcac375a4cb28de2a73a18a8c9c5296,FDLR-FOCA,fdlr-foca,UCDP_ACTOR,NewName,528,FDLR-FOCA,1,True,9,False,False,True,UCDP_ACTOR
f71b79eacc1bc4c527b8f4b3d84bfec1f2b1dc96,Forces démocratiques de libération du Rwanda-Forces combattantes Abacunguzi,forces démocratiques de libération du rwanda-forces combattantes abacunguzi,UCDP_ACTOR,NewNameFullMotherTongue,528,FDLR-FOCA,1,False,75,False,False,True,UCDP_ACTOR
5b67c3bd749db40bbb4c2afae1ad18a18bd1d8a0,Democratic Liberation Forces of Rwanda-Abacunzi Fighting Forces,democratic liberation forces of rwanda-abacunzi fighting forces,UCDP_ACTOR,NewNameFullEng,528,FDLR-FOCA,1,False,63,False,False,True,UCDP_ACTOR
a38b5817845db81ca0f056a92a2a7c664fd0baa3,MFDC,mfdc,UCDP_ACTOR,NameData,529,MFDC,1,True,4,True,False,True,RAD;UCDP_ACTOR
62d43897fcec6800ffe8c7a81aef2a331b8b1219,MFDC,mfdc,UCDP_ACTOR,NameOrig,529,MFDC,1,True,4,True,False,True,RAD;UCDP_ACTOR
5de340577874419ca300a6a809abc54cd656081f,Mouvement des forces démocratiques de Casamance,mouvement des forces démocratiques de casamance,UCDP_ACTOR,NameOrigFull,529,MFDC,1,False,47,False,False,True,RAD;UCDP_ACTOR
5a24e01dce14a6d03f78c8623eb028a07d3e8e67,Movement of the Democratic Forces of the Casamance,movement of the democratic forces of the casamance,UCDP_ACTOR,NameOrigFullEng,529,MFDC,1,False,50,False,False,True,RAD;UCDP_ACTOR
2d8af81e76aae7896e5df19d5912a21eebf9b1e7,FRUD,frud,UCDP_ACTOR,NameData,530,FRUD,1,True,4,True,False,True,RAD;UCDP_ACTOR
3aece11f72c5556097a3a390deec5574f6871c22,FRUD,frud,UCDP_ACTOR,NameOrig,530,FRUD,1,True,4,True,False,True,RAD;UCDP_ACTOR
2868eb8d40d8ba53b5232735a65d7e2d23aca0e3,Front pour la restauration de lunité et de la démocratie,front pour la restauration de lunité et de la démocratie,UCDP_ACTOR,NameOrigFull,530,FRUD,1,False,56,False,False,True,RAD;UCDP_ACTOR
45413922b60391559c1576a7654ff5c07fe701e1,Front for the Restoration of Unity and Democracy,front for the restoration of unity and democracy,UCDP_ACTOR,NameOrigFullEng,530,FRUD,1,False,48,False,False,True,RAD;UCDP_ACTOR
d91bea06440ab184a7d5931cc1dd2010bff9149e,FRUD-C,frud-c,UCDP_ACTOR,NameData,531,FRUD-C,1,True,6,False,False,True,RAD;UCDP_ACTOR
6f630c5e0a65ba57954f5696b4b52ce88b2e4e24,FRUD-C,frud-c,UCDP_ACTOR,NameOrig,531,FRUD-C,1,True,6,False,False,True,RAD;UCDP_ACTOR
1efa108d78235b42b6d307ed0a8bb2b38d54afe4,Front pour la restauration de lunité et de la démocratie-Combattant,front pour la restauration de lunité et de la démocratie-combattant,UCDP_ACTOR,NameOrigFull,531,FRUD-C,1,False,67,False,False,True,UCDP_ACTOR
70493a5b2b414cabe720711ea899bd4fca9b1657,Front for the Restoration of Unity and Democracy-Combattant,front for the restoration of unity and democracy-combattant,UCDP_ACTOR,NameOrigFullEng,531,FRUD-C,1,False,59,False,False,True,UCDP_ACTOR
31e7f72bda18d7b917db0c70f11356139ea014c9,FRUD,frud,UCDP_ACTOR,NamePrev,531,FRUD-C,1,True,4,True,False,True,RAD;UCDP_ACTOR
d3c822581eedb0b454210ce5c6fad7f90ffb78ac,RUF,ruf,UCDP_ACTOR,NameData,532,RUF,1,True,3,True,False,True,UCDP_ACTOR
ddf52d7ff49463c02105c201d2f6358585c8f5b0,RUF,ruf,UCDP_ACTOR,NameOrig,532,RUF,1,True,3,True,False,True,UCDP_ACTOR
c01a09bcb9e679931bf07ce2e5c6cf8dbb9dc75a,Revolutionary United Front,revolutionary united front,UCDP_ACTOR,NameOrigFull,532,RUF,1,False,26,False,False,True,UCDP_ACTOR
bbd45cc62521031d1cca0a7c351768944c73d954,Revolutionary United Front,revolutionary united front,UCDP_ACTOR,NameOrigFullEng,532,RUF,1,False,26,False,False,True,UCDP_ACTOR
22fb58c6c3f9fd1a6dab6b4efd245878661dea52,AFRC,afrc,UCDP_ACTOR,NameData,533,AFRC,1,True,4,True,False,True,RAD;UCDP_ACTOR
eb5543cd2151211d31473cbf4b6e6a7cb3f1d303,AFRC,afrc,UCDP_ACTOR,NameOrig,533,AFRC,1,True,4,True,False,True,RAD;UCDP_ACTOR
9809b229c64dec453d52b417f7af0427ec1d70b9,Armed Forces Revolutionary Council,armed forces revolutionary council,UCDP_ACTOR,NameOrigFull,533,AFRC,1,False,34,False,False,True,RAD;UCDP_ACTOR
2ce1430fc2fc382b1f940ca44901ac18a64bffe6,Armed Forces Revolutionary Council,armed forces revolutionary council,UCDP_ACTOR,NameOrigFullEng,533,AFRC,1,False,34,False,False,True,RAD;UCDP_ACTOR
0ccc25bd054d84ab7a40eadaa5b58492cbae891e,Kamajors,kamajors,UCDP_ACTOR,NameData,534,Kamajors,1,True,8,False,False,True,RAD;UCDP_ACTOR
eacde480d59cdd6c784047d60c41541d332a1f29,Kamajors,kamajors,UCDP_ACTOR,NameOrig,534,Kamajors,1,True,8,False,False,True,RAD;UCDP_ACTOR
416020d7fb427bceb3bb07c85b8d4f1ab17fff0e,Kamajors,kamajors,UCDP_ACTOR,NameOrigFull,534,Kamajors,1,True,8,False,False,True,RAD;UCDP_ACTOR
b79d94a76132e4a841451c9b4fed962173b1cff4,Kamajors,kamajors,UCDP_ACTOR,NameOrigFullEng,534,Kamajors,1,True,8,False,False,True,RAD;UCDP_ACTOR
7f124fc601e8ef548d7fe0cfe3c76a8d88c7fe80,WSB,wsb,UCDP_ACTOR,NameData,535,WSB,1,True,3,True,False,True,RAD;UCDP_ACTOR
a10a39c61e4d0090d55248fbf94583b9f329221d,WSB,wsb,UCDP_ACTOR,NameOrig,535,WSB,1,True,3,True,False,True,RAD;UCDP_ACTOR
bc182318d703602559a42a6c3c44fdb6875af51a,West Side Boys,west side boys,UCDP_ACTOR,NameOrigFullEng,535,WSB,1,False,14,False,False,True,RAD;UCDP_ACTOR
17cb1e4b556ae3d05b6e7270b26a110f09daed13,AFRC,afrc,UCDP_ACTOR,NamePrev,535,WSB,1,True,4,True,False,True,RAD;UCDP_ACTOR
7613097fbba49311ea462612eee8b838a44eea50,Takfir wal Hijra,takfir wal hijra,UCDP_ACTOR,NameData,536,Takfir wal Hijra,1,False,16,False,False,True,RAD;UCDP_ACTOR
f72267a888b6530b7a2f06b3f0efb8157bb8c872,Takfir wal Hijra,takfir wal hijra,UCDP_ACTOR,NameOrig,536,Takfir wal Hijra,1,False,16,False,False,True,RAD;UCDP_ACTOR
8ab1fcb27e2c56371f4ea719a0e1f5bd7ca1a993,Takfir wal Hijra,takfir wal hijra,UCDP_ACTOR,NameOrigFull,536,Takfir wal Hijra,1,False,16,False,False,True,RAD;UCDP_ACTOR
4ca6dc63c35fe59d9e9e9c65e7c47ccabd70bf6c,Exile and Redemption,exile and redemption,UCDP_ACTOR,NameOrigFullEng,536,Takfir wal Hijra,1,False,20,False,False,True,UCDP_ACTOR
f73366e3beeed8a092651e17437f9e03ce200ed9,AIS,ais,UCDP_ACTOR,GroupName,536,Takfir wal Hijra,1,True,3,True,False,True,RAD;UCDP_ACTOR
b149e6bdb4083b088046dec883e34d6eac2a4dd2,AIS,ais,UCDP_ACTOR,NameData,537,AIS,1,True,3,True,False,True,RAD;UCDP_ACTOR
1292ed6369a105a5c5f8cdf457ac0b4edba446e8,MIA,mia,UCDP_ACTOR,NameOrig,537,AIS,1,True,3,True,False,True,UCDP_ACTOR
eca159158bffbc4acb9664d2b3a2e13b6f17f341,Mouvement Islamique Armée,mouvement islamique armée,UCDP_ACTOR,NameOrigFull,537,AIS,1,False,25,False,False,True,UCDP_ACTOR
a3dec13ffed5a07ae4c598f596d008ea817ceeb2,Armed Islamic Movement,armed islamic movement,UCDP_ACTOR,NameOrigFullEng,537,AIS,1,False,22,False,False,True,UCDP_ACTOR
8889ca978dbd7c0d53855d398122b678d3b11c8c,FIS,fis,UCDP_ACTOR,NewName,537,AIS,1,True,3,True,False,True,UCDP_ACTOR
255c743ba9ac8232363c70514b626443891381d7,AIS,ais,UCDP_ACTOR,NewName,537,AIS,1,True,3,True,False,True,RAD;UCDP_ACTOR
2fb0a99a78fefdcba1179ce80b0d6b42c44eb684,Front Islamique du Salut,front islamique du salut,UCDP_ACTOR,NewNameFullMotherTongue,537,AIS,1,False,24,False,False,True,UCDP_ACTOR
b0ca6c8fc2654bf307790b2a852b31287a239692,Armée Islamique du Salut,armée islamique du salut,UCDP_ACTOR,NewNameFullMotherTongue,537,AIS,1,False,24,False,False,True,UCDP_ACTOR
fd73564721ec93a52eb9c2825ea562daff2d5184,Islamic Salvation Front,islamic salvation front,UCDP_ACTOR,NewNameFullEng,537,AIS,1,False,23,False,False,True,UCDP_ACTOR
799a331f9831f3d622906776790f27589fc3fd1f,Islamic Salvation Army,islamic salvation army,UCDP_ACTOR,NewNameFullEng,537,AIS,1,False,22,False,False,True,RAD;UCDP_ACTOR
a04ee03a51fe6257646679e6a0bd45ad77f6b97e,GIA,gia,UCDP_ACTOR,NameData,538,GIA,1,True,3,True,False,True,RAD;UCDP_ACTOR
fca940dfbae160fddf6105a9637ef500ea66b676,GIA,gia,UCDP_ACTOR,NameOrig,538,GIA,1,True,3,True,False,True,RAD;UCDP_ACTOR
2b67f5f708f2a85405ac09ac4bfe01d7f6526b11,Groupe islamique armé,groupe islamique armé,UCDP_ACTOR,NameOrigFull,538,GIA,1,False,21,False,False,True,RAD;UCDP_ACTOR
f73cd98bf768139c61c0b0065d0f8072034ea6f1,Armed Islamic Group,armed islamic group,UCDP_ACTOR,NameOrigFullEng,538,GIA,1,False,19,False,False,True,RAD;UCDP_ACTOR
acc99345863353df2137c813fb5c599fb738d87b,AQIM,aqim,UCDP_ACTOR,NameData,539,AQIM,1,True,4,True,False,True,RAD;UCDP_ACTOR
f217ab68a6bafc80783c434c6a07534f0f66c2a9,GSPC,gspc,UCDP_ACTOR,NameOrig,539,AQIM,1,True,4,True,False,True,RAD;UCDP_ACTOR
1d8d10a8693e6e6e5bbda5ba9a61fc219d0de57e,Groupe salafiste pour la prédication et le combat,groupe salafiste pour la prédication et le combat,UCDP_ACTOR,NameOrigFull,539,AQIM,1,False,49,False,False,True,UCDP_ACTOR
34e4a9e9f4beaad464f63704c6a507abaf6ed867,Salafist Group for Preaching and Combat,salafist group for preaching and combat,UCDP_ACTOR,NameOrigFullEng,539,AQIM,1,False,39,False,False,True,UCDP_ACTOR
d00b7dea1881f31d31803d05a2bd976a57e82354,AQIM,aqim,UCDP_ACTOR,NewName,539,AQIM,1,True,4,True,False,True,RAD;UCDP_ACTOR
dfcd7c6482d10f41cdb0d453f45be2982dc4574a,Qaida al-Jihad fi Bilad al-Maghrib al-Islami,qaida al-jihad fi bilad al-maghrib al-islami,UCDP_ACTOR,NewNameFullMotherTongue,539,AQIM,1,False,44,False,False,True,UCDP_ACTOR
b7c8f6034e0f9c188b0e2b778bd92d2d0759c0a5,al-Qaida Organization in the Islamic Maghreb,al-qaida organization in the islamic maghreb,UCDP_ACTOR,NewNameFullEng,539,AQIM,1,False,44,False,False,True,RAD;UCDP_ACTOR
1ae13d52a9f8c771e0f4f510d949b07bf281a9d5,GIA,gia,UCDP_ACTOR,NamePrev,539,AQIM,1,True,3,True,False,True,RAD;UCDP_ACTOR
3e598ae0d96460df837207cc3db8392582b1f82f,FLEC-R,flec-r,UCDP_ACTOR,NameData,540,FLEC-R,1,True,6,False,False,True,RAD;UCDP_ACTOR
dc6c45d2b531bb151b17ce3c631580da08f2c47a,FLEC-R,flec-r,UCDP_ACTOR,NameOrig,540,FLEC-R,1,True,6,False,False,True,RAD;UCDP_ACTOR
335d434f02f835447b2914280fb371a316d061f5,Frente da libertação do enclave de Cabinda-Renovada,frente da libertação do enclave de cabinda-renovada,UCDP_ACTOR,NameOrigFull,540,FLEC-R,1,False,51,False,False,True,UCDP_ACTOR
ee2d1706d7d14eda7f0ec60fa9ff5d14e7886c17,Front for the Liberation of the Enclave of Cabinda-Renewed,front for the liberation of the enclave of cabinda-renewed,UCDP_ACTOR,NameOrigFullEng,540,FLEC-R,1,False,58,False,False,True,UCDP_ACTOR
0f09505d1880963a1d50eaaaca1aef32357dadbf,FLEC-FAC,flec-fac,UCDP_ACTOR,NameData,541,FLEC-FAC,1,True,8,False,False,True,RAD;UCDP_ACTOR
a8bc70cc8f7ccab0ade960702d3bd2d8063fcdd1,FLEC-FAC,flec-fac,UCDP_ACTOR,NameOrig,541,FLEC-FAC,1,True,8,False,False,True,RAD;UCDP_ACTOR
2197f270004ecda9c7f3a53d6c95b07780ad162f,Frente da libertação do enclave de Cabinda-Forças armadas de Cabinda,frente da libertação do enclave de cabinda-forças armadas de cabinda,UCDP_ACTOR,NameOrigFull,541,FLEC-FAC,1,False,68,False,False,True,UCDP_ACTOR
3a17db75bf535f2bae7931985635c65783a5a417,Front for the Liberation of the Enclave of Cabinda-Armed Forces of Cabinda,front for the liberation of the enclave of cabinda-armed forces of cabinda,UCDP_ACTOR,NameOrigFullEng,541,FLEC-FAC,1,False,74,False,False,True,UCDP_ACTOR
aba0e7da260c5f34d8a5063803e0cb85f9b6e245,AIAI,aiai,UCDP_ACTOR,NameData,542,AIAI,1,True,4,True,False,True,RAD;UCDP_ACTOR
e1b1066588ac21e15a4889553a65fc8823872614,AIAI,aiai,UCDP_ACTOR,NameOrig,542,AIAI,1,True,4,True,False,True,RAD;UCDP_ACTOR
1cab64a37a57d21e1a508616d8f6c8c5f6ef40a6,al-Itahad al-Islami,al-itahad al-islami,UCDP_ACTOR,NameOrigFull,542,AIAI,1,False,19,False,False,True,RAD;UCDP_ACTOR
f916454bb8b209bde0752f6145ed063fe322ae63,Islamic Unity,islamic unity,UCDP_ACTOR,NameOrigFullEng,542,AIAI,1,False,13,False,False,True,RAD;UCDP_ACTOR
9c43e9ff27fd76a2b38895d47fe313e24f840be2,FDR,fdr,UCDP_ACTOR,NameData,543,FDR,1,True,3,True,False,True,RAD;UCDP_ACTOR
45fbe8a2f283921cd41ec7af2d38060cb805fb5b,FDR,fdr,UCDP_ACTOR,NameOrig,543,FDR,1,True,3,True,False,True,RAD;UCDP_ACTOR
e701e167d733d59e41d495ba7bc235b596c45100,Front démocratique pour le renouveau,front démocratique pour le renouveau,UCDP_ACTOR,NameOrigFull,543,FDR,1,False,36,False,False,True,RAD;UCDP_ACTOR
b48b5f721f8721675bce30f6754ceaa5f5234db0,Democratic Front for Renewal,democratic front for renewal,UCDP_ACTOR,NameOrigFullEng,543,FDR,1,False,28,False,False,True,RAD;UCDP_ACTOR
f162ea9e5c5fc141550fec1737a6f89e90a024ad,MPA,mpa,UCDP_ACTOR,NameData,544,MPA/Republic of Anjouan,1,True,3,True,False,True,RAD;UCDP_ACTOR
c2f21d30fa9d7ea752f0c3f29c2edfd2ae445198,Republic of Anjouan,republic of anjouan,UCDP_ACTOR,NameData,544,MPA/Republic of Anjouan,1,False,19,False,False,True,RAD;UCDP_ACTOR
b89fa6a0a1b4795868fc23263226c4e977c0111a,MPA,mpa,UCDP_ACTOR,NameOrig,544,MPA/Republic of Anjouan,1,True,3,True,False,True,RAD;UCDP_ACTOR
fb90b752f76b982b6bb36f529cb31be48d9ef143,Republic of Anjouan,republic of anjouan,UCDP_ACTOR,NameOrig,544,MPA/Republic of Anjouan,1,False,19,False,False,True,RAD;UCDP_ACTOR
e52f267f1b26a7f1a60e887eab1f1ce0fae38817,Mouvement populaire anjouanais,mouvement populaire anjouanais,UCDP_ACTOR,NameOrigFull,544,MPA/Republic of Anjouan,1,False,30,False,False,True,UCDP_ACTOR
d941213fad4c338379f78a3f466b16161550085f,Republic of Anjouan,republic of anjouan,UCDP_ACTOR,NameOrigFull,544,MPA/Republic of Anjouan,1,False,19,False,False,True,RAD;UCDP_ACTOR
4ca56621fbe470c68e75f64c4e5f618cb5b1c018,Anjouan Peoples Movement,anjouan peoples movement,UCDP_ACTOR,NameOrigFullEng,544,MPA/Republic of Anjouan,1,False,24,False,False,True,UCDP_ACTOR
355fa753b190df78fa8f2b7d094fdc04729eb60e,Republic of Anjouan,republic of anjouan,UCDP_ACTOR,NameOrigFullEng,544,MPA/Republic of Anjouan,1,False,19,False,False,True,RAD;UCDP_ACTOR
00c690f6f0c1e10af8a15b76c0efe5c2f8a1fd14,Cobras,cobras,UCDP_ACTOR,NameData,545,Cobras,1,True,6,False,False,True,RAD;UCDP_ACTOR
8cdc9e7ae617c8d0c71308c807755f0d6d0beeb8,Cobras,cobras,UCDP_ACTOR,NameOrig,545,Cobras,1,True,6,False,False,True,RAD;UCDP_ACTOR
db861a9fd4c040a33b5184e8fe2bfaf40f799ae0,Cobras,cobras,UCDP_ACTOR,NameOrigFull,545,Cobras,1,True,6,False,False,True,RAD;UCDP_ACTOR
a31b382c73093c4a6204da17134e6ea6a92e9007,Cobras,cobras,UCDP_ACTOR,NameOrigFullEng,545,Cobras,1,True,6,False,False,True,RAD;UCDP_ACTOR
19482db9aa15a9c96c00ce798762ad2f8ea9f430,Ninjas,ninjas,UCDP_ACTOR,NameData,546,Ninjas,1,True,6,False,False,True,RAD;UCDP_ACTOR
2a63ad8bfd8144bf96a3306a047b152f857b137b,Ninjas,ninjas,UCDP_ACTOR,NameOrig,546,Ninjas,1,True,6,False,False,True,RAD;UCDP_ACTOR
fa444c80ac8ae17a982aafe075227fb347314a88,Ninjas,ninjas,UCDP_ACTOR,NameOrigFull,546,Ninjas,1,True,6,False,False,True,RAD;UCDP_ACTOR
318cb1ddd5786d4f04d8b60862ee7ca19ea0e9d0,Ninjas,ninjas,UCDP_ACTOR,NameOrigFullEng,546,Ninjas,1,True,6,False,False,True,RAD;UCDP_ACTOR
70fef8c6ffb4c732d92f1964d0ba42023419e374,Ntsiloulous,ntsiloulous,UCDP_ACTOR,GroupName,546,Ninjas,1,True,11,False,False,True,RAD;UCDP_ACTOR
efd99aaf193732dc4a3c0568396c7182a2970de0,Cocoyes,cocoyes,UCDP_ACTOR,NameData,547,Cocoyes,1,True,7,False,False,True,RAD;UCDP_ACTOR
654549b0807c37a759fb4cc8f03da3042bc8800c,Cocoyes,cocoyes,UCDP_ACTOR,NameOrig,547,Cocoyes,1,True,7,False,False,True,RAD;UCDP_ACTOR
6f562c31c6bcfd6ed677d733fd227021e5954f9b,Cocoyes,cocoyes,UCDP_ACTOR,NameOrigFull,547,Cocoyes,1,True,7,False,False,True,RAD;UCDP_ACTOR
8bfb175bec83d2a86f648a6bb1c79a60d6bbc076,Cocoyes,cocoyes,UCDP_ACTOR,NameOrigFullEng,547,Cocoyes,1,True,7,False,False,True,RAD;UCDP_ACTOR
3df0394302f5762d18eea8e03e80cff616d414c8,Ntsiloulous,ntsiloulous,UCDP_ACTOR,NameData,548,Ntsiloulous,1,True,11,False,False,True,RAD;UCDP_ACTOR
762ade8adc0d3bd6e25709a1aefad610a52c2c36,Ntsiloulous,ntsiloulous,UCDP_ACTOR,NameOrig,548,Ntsiloulous,1,True,11,False,False,True,RAD;UCDP_ACTOR
aa4969a1f1488d6b6fe71844cfdbaa0f8c4f082e,Ntsiloulous,ntsiloulous,UCDP_ACTOR,NameOrigFull,548,Ntsiloulous,1,True,11,False,False,True,RAD;UCDP_ACTOR
24613aa08000ba1c5ae2a9f5aebac90e57ca891b,Ntsiloulous,ntsiloulous,UCDP_ACTOR,NameOrigFullEng,548,Ntsiloulous,1,True,11,False,False,True,RAD;UCDP_ACTOR
8eaa7b60f1cbb179ad40149850c0b2236c3406c1,Military Junta for the Consolidation of Democracy,military junta for the consolidation of democracy,UCDP_ACTOR,NameData,549,"Military Junta for the Consolidation of Democracy, Peace and Justice",1,False,49,False,False,True,RAD;UCDP_ACTOR
cfe73ee7e89f436eace38d77c5d387af9868aa7c,Peace and Justice,peace and justice,UCDP_ACTOR,NameData,549,"Military Junta for the Consolidation of Democracy, Peace and Justice",1,False,17,False,False,True,RAD;UCDP_ACTOR
342d1aeea12e8a9a9d935d47c2a232254dd0b3b0,Military Junta for the Consolidation of Democracy,military junta for the consolidation of democracy,UCDP_ACTOR,NameOrig,549,"Military Junta for the Consolidation of Democracy, Peace and Justice",1,False,49,False,False,True,RAD;UCDP_ACTOR
7b2d308658c2e99aaf08c1a50eb29daa9e193d0f,Peace and Justice,peace and justice,UCDP_ACTOR,NameOrig,549,"Military Junta for the Consolidation of Democracy, Peace and Justice",1,False,17,False,False,True,RAD;UCDP_ACTOR
f5398932337b2d4a98e88f5b074414cddc32c73c,Military Junta for the Consolidation of Democracy,military junta for the consolidation of democracy,UCDP_ACTOR,NameOrigFullEng,549,"Military Junta for the Consolidation of Democracy, Peace and Justice",1,False,49,False,False,True,RAD;UCDP_ACTOR
fd48ea59c490404123544ab029770ec350cb0f28,Peace and Justice,peace and justice,UCDP_ACTOR,NameOrigFullEng,549,"Military Junta for the Consolidation of Democracy, Peace and Justice",1,False,17,False,False,True,RAD;UCDP_ACTOR
133c6b02051fc6759e7c15bcbd9209ffe62efbd3,Military faction (Lesotho),military faction (lesotho),UCDP_ACTOR,NameData,550,Military faction (Lesotho),1,False,26,False,False,True,RAD;UCDP_ACTOR
405b1b5b5daa4b2f379aa62d3f990daeb69bf9b7,Military faction (Lesotho),military faction (lesotho),UCDP_ACTOR,NameOrig,550,Military faction (Lesotho),1,False,26,False,False,True,RAD;UCDP_ACTOR
3c8e3d0e51c757d08d98e074fdb3b5f30433cb43,Military faction (Lesotho),military faction (lesotho),UCDP_ACTOR,NameOrigFullEng,550,Military faction (Lesotho),1,False,26,False,False,True,RAD;UCDP_ACTOR
13326458ad02f93fd4125a22a3a8b8329f4205c3,OLF,olf,UCDP_ACTOR,NameData,551,OLF,1,True,3,True,False,True,RAD;UCDP_ACTOR
ca02a4a754bca2800396e80d350354357cda0a4c,OLF,olf,UCDP_ACTOR,NameOrig,551,OLF,1,True,3,True,False,True,RAD;UCDP_ACTOR
f331ab4456d40d283f70fe3381d0b3f7f7021f74,Oromo Liberation Front,oromo liberation front,UCDP_ACTOR,NameOrigFullEng,551,OLF,1,False,22,False,False,True,RAD;UCDP_ACTOR
4fbb23a5aee100c09f8fb097228fb91ee2c4ca68,Military faction (forces of André Kolingba),military faction (forces of andré kolingba),UCDP_ACTOR,NameData,552,Military faction (forces of André Kolingba),1,False,43,False,False,True,RAD;UCDP_ACTOR
095c612a9434f31af9a2ef21966f8e2537ca07bb,Military faction (forces of André Kolingba),military faction (forces of andré kolingba),UCDP_ACTOR,NameOrig,552,Military faction (forces of André Kolingba),1,False,43,False,False,True,RAD;UCDP_ACTOR
5d8cd24c2e34d744e1e6e28790e0c937cfa7580b,Military faction (forces of André Kolingba),military faction (forces of andré kolingba),UCDP_ACTOR,NameOrigFullEng,552,Military faction (forces of André Kolingba),1,False,43,False,False,True,RAD;UCDP_ACTOR
61a9ddd59e2c27a01671650264e2410f94092906,Forces of Francois Bozize,forces of francois bozize,UCDP_ACTOR,NameData,553,Forces of Francois Bozize,1,False,25,False,False,True,RAD;UCDP_ACTOR
bd185aea63a0a04493dbb5d740cb33babd761dd7,Forces of Francois Bozize,forces of francois bozize,UCDP_ACTOR,NameOrig,553,Forces of Francois Bozize,1,False,25,False,False,True,RAD;UCDP_ACTOR
4431072e1b8ccd0d7531db396e1ec4cd190383be,Forces of Francois Bozize,forces of francois bozize,UCDP_ACTOR,NameOrigFullEng,553,Forces of Francois Bozize,1,False,25,False,False,True,RAD;UCDP_ACTOR
4c93a25ddd1e03124edec2a2e7becefb854b5654,Seleka,seleka,UCDP_ACTOR,NameData,554,Seleka,1,True,6,False,False,True,RAD;UCDP_ACTOR
2c757f33b0e3d33f1cd2b3b0f7e8f828f043c40e,UFDR,ufdr,UCDP_ACTOR,NameOrig,554,Seleka,1,True,4,True,False,True,UCDP_ACTOR
2d98947b7224e9b63b460e443f89434adac7d62f,Union des Forces démocratiques pour le rassemblement,union des forces démocratiques pour le rassemblement,UCDP_ACTOR,NameOrigFull,554,Seleka,1,False,52,False,False,True,UCDP_ACTOR
863986827e8f5f02b1b920a3148ac7b3c652e49c,Union of Democratic Forces for Unity,union of democratic forces for unity,UCDP_ACTOR,NameOrigFullEng,554,Seleka,1,False,36,False,False,True,RAD;UCDP_ACTOR
0895985a9dfdaa059808eedaa64daa3d0520574e,Seleka,seleka,UCDP_ACTOR,NewName,554,Seleka,1,True,6,False,False,True,RAD;UCDP_ACTOR
6e592b35ff03702bacf78a7136b1e08c45c23cab,Seleka,seleka,UCDP_ACTOR,NewNameFullMotherTongue,554,Seleka,1,True,6,False,False,True,RAD;UCDP_ACTOR
0ef037592c45d550846075532d8cf997010a2a88,Union,union,UCDP_ACTOR,NewNameFullEng,554,Seleka,1,True,5,False,False,True,UCDP_ACTOR
adddec2378fe307d159f7b45f00e1a119fe775b6,MJP,mjp,UCDP_ACTOR,NameData,555,MJP,1,True,3,True,False,True,RAD;UCDP_ACTOR
559f43aff78530ca144830db5b1ea2d421852595,MJP,mjp,UCDP_ACTOR,NameOrig,555,MJP,1,True,3,True,False,True,RAD;UCDP_ACTOR
e56f14bf20abd3cf52bfd96a30a3796cedb50f21,Mouvement pour la justice et la paix,mouvement pour la justice et la paix,UCDP_ACTOR,NameOrigFull,555,MJP,1,False,36,False,False,True,RAD;UCDP_ACTOR
c8fbd2f0c25f3f5ac0764f72f2be10a32e37fc2e,Movement for Justice and Peace,movement for justice and peace,UCDP_ACTOR,NameOrigFullEng,555,MJP,1,False,30,False,False,True,RAD;UCDP_ACTOR
a4fd11d22c4a4b07a704ff2af536c879f0b2d4ec,FRCI,frci,UCDP_ACTOR,NameAlliance,555,MJP,1,True,4,True,False,True,RAD;UCDP_ACTOR
68f856b06ee66261160269df9fcad61bdb46dae7,MPCI,mpci,UCDP_ACTOR,NameData,556,MPCI,1,True,4,True,False,True,RAD;UCDP_ACTOR
f8f7b179bdf1763dbc9b7adcce3968a8ba3051f8,MPCI,mpci,UCDP_ACTOR,NameOrig,556,MPCI,1,True,4,True,False,True,RAD;UCDP_ACTOR
b1d2dafe24519e021800702fccfbf911b0227ae9,Mouvement Patriotique de la Côte dIvoire,mouvement patriotique de la côte divoire,UCDP_ACTOR,NameOrigFull,556,MPCI,1,False,40,False,False,True,RAD;UCDP_ACTOR
78a5db96623a649ebb20c7e0c37a548aa78be77f,Patriotic Movement of Ivory Coast,patriotic movement of ivory coast,UCDP_ACTOR,NameOrigFullEng,556,MPCI,1,False,33,False,False,True,RAD;UCDP_ACTOR
4bc1e7a8030761dd98031034576f1bd8cf9abaab,FRCI,frci,UCDP_ACTOR,NameAlliance,556,MPCI,1,True,4,True,False,True,RAD;UCDP_ACTOR
91d26f3da6e008529024ac3688a604a2e9fba2e1,MPIGO,mpigo,UCDP_ACTOR,NameData,557,MPIGO,1,True,5,False,False,True,RAD;UCDP_ACTOR
9aa71930e52445203fffefdc6e0882578c687cdc,MPIGO,mpigo,UCDP_ACTOR,NameOrig,557,MPIGO,1,True,5,False,False,True,RAD;UCDP_ACTOR
da101a0d4e333a76e953df9f9da7b6f75c28fd95,Mouvement Populaire Ivorian du Grand Ouest,mouvement populaire ivorian du grand ouest,UCDP_ACTOR,NameOrigFull,557,MPIGO,1,False,42,False,False,True,RAD;UCDP_ACTOR
792e79e235361cb479c5260dca147e0da07c85bb,Ivorian Movement for the Greater West,ivorian movement for the greater west,UCDP_ACTOR,NameOrigFullEng,557,MPIGO,1,False,37,False,False,True,RAD;UCDP_ACTOR
0dfb0f074b5ebc8c518ee90c22773465ed6084ce,FRCI,frci,UCDP_ACTOR,NameAlliance,557,MPIGO,1,True,4,True,False,True,RAD;UCDP_ACTOR
b8df5a8756b850fa0e5aca4b2d53abca48462518,FRCI,frci,UCDP_ACTOR,NameData,558,FRCI,1,True,4,True,False,True,RAD;UCDP_ACTOR
b41a82c4b5b4edeb6b48155e6f0253cfe6d02821,Forces Nouvelles,forces nouvelles,UCDP_ACTOR,NameOrigFull,558,FRCI,1,False,16,False,False,True,UCDP_ACTOR
a8a1692eca9601acef99d8adefeef9b34e8ae840,New Forces,new forces,UCDP_ACTOR,NameOrigFullEng,558,FRCI,1,False,10,False,False,True,UCDP_ACTOR
f57e33eb7eef5bed24cf04eecfe21b7b03d56964,FRCI,frci,UCDP_ACTOR,NewName,558,FRCI,1,True,4,True,False,True,RAD;UCDP_ACTOR
851b89db7b07af390c0da69b40b958422bbad0c9,Forces Républicaines de Côte dIvoire,forces républicaines de côte divoire,UCDP_ACTOR,NewNameFullMotherTongue,558,FRCI,1,False,36,False,False,True,RAD;UCDP_ACTOR
b291d916e194d66df3b323c8eca65f71cdffcb14,Republican Forces of Ivory Coast,republican forces of ivory coast,UCDP_ACTOR,NewNameFullEng,558,FRCI,1,False,32,False,False,True,RAD;UCDP_ACTOR
a2d1f7ae50c674e4f79797ec4a0c9de013b8c0eb,Ahlul Sunnah Jamaa,ahlul sunnah jamaa,UCDP_ACTOR,NameData,559,Ahlul Sunnah Jamaa,1,False,18,False,False,True,RAD;UCDP_ACTOR
e7708155a5340ec2652deb882669aafaa918d166,Ahlul Sunnah Jamaa,ahlul sunnah jamaa,UCDP_ACTOR,NameOrig,559,Ahlul Sunnah Jamaa,1,False,18,False,False,True,RAD;UCDP_ACTOR
9c073d44458e451a118d4570318efaaf89b346c3,Ahlul Sunnah Jamaa,ahlul sunnah jamaa,UCDP_ACTOR,NameOrigFull,559,Ahlul Sunnah Jamaa,1,False,18,False,False,True,RAD;UCDP_ACTOR
1d47206beff109c80d8ee0072ffaaa1c5e371aed,Followers of the Prophet,followers of the prophet,UCDP_ACTOR,NameOrigFullEng,559,Ahlul Sunnah Jamaa,1,False,24,False,False,True,UCDP_ACTOR
93900d28d01ade4d5ce0621d01510d3e30e894d9,NDPVF,ndpvf,UCDP_ACTOR,NameData,560,NDPVF,1,True,5,False,False,True,RAD;UCDP_ACTOR
6a63cc0b86f76f780f8d858911e1d3df921e31a4,NDPVF,ndpvf,UCDP_ACTOR,NameOrig,560,NDPVF,1,True,5,False,False,True,RAD;UCDP_ACTOR
b3693a27a64ceb8596824f665eeb92fff18eea78,Niger Delta Peoples Volunteer Force,niger delta peoples volunteer force,UCDP_ACTOR,NameOrigFull,560,NDPVF,1,False,35,False,False,True,RAD;UCDP_ACTOR
00fd25026948bc5cf817e5c912d58615d922346e,Niger Delta Peoples Volunteer Force,niger delta peoples volunteer force,UCDP_ACTOR,NameOrigFullEng,560,NDPVF,1,False,35,False,False,True,RAD;UCDP_ACTOR
cfa84f824e5c29ed2566a70e2cb28f1491801d4b,BDK,bdk,UCDP_ACTOR,NameData,561,BDK,1,True,3,True,False,True,RAD;UCDP_ACTOR
978a21e04ab8ddef7f4d84775e670deac394f0cb,BDK,bdk,UCDP_ACTOR,NameOrig,561,BDK,1,True,3,True,False,True,RAD;UCDP_ACTOR
95929d3d0aa842de7e52a80ce2cc5e8cdbe5fd0e,Bundu dia Kongo,bundu dia kongo,UCDP_ACTOR,NameOrigFull,561,BDK,1,False,15,False,False,True,RAD;UCDP_ACTOR
2f641108982ab54cec7e91ed359fe404dd46ad9a,Kingdom of Kongo,kingdom of kongo,UCDP_ACTOR,NameOrigFullEng,561,BDK,1,False,16,False,False,True,UCDP_ACTOR
0a6bd7303c75f2b8ed39ffc145e1aa91d98b87ad,MNJ,mnj,UCDP_ACTOR,NameData,562,MNJ,1,True,3,True,False,True,RAD;UCDP_ACTOR
f041bc5035d4b356e3b3a72fad892f14b9e40da0,MNJ,mnj,UCDP_ACTOR,NameOrig,562,MNJ,1,True,3,True,False,True,RAD;UCDP_ACTOR
8b1146decb7e39573f5f808da59b7cdb1d8bf28e,Mouvement des Nigériens pour la Justice,mouvement des nigériens pour la justice,UCDP_ACTOR,NameOrigFull,562,MNJ,1,False,39,False,False,True,RAD;UCDP_ACTOR
d261e2aa85cf41513b3c2518ab955efdac6ef37b,Niger Movement for Justice,niger movement for justice,UCDP_ACTOR,NameOrigFullEng,562,MNJ,1,False,26,False,False,True,RAD;UCDP_ACTOR
3c223eb6942569d8b6264eeabdaed4f7c226cd30,POLISARIO,polisario,UCDP_ACTOR,NameData,563,POLISARIO,1,True,9,False,False,True,RAD;UCDP_ACTOR
2d81612cad20ca96f8d3d85bdf4b59f55ef30759,POLISARIO,polisario,UCDP_ACTOR,NameOrig,563,POLISARIO,1,True,9,False,False,True,RAD;UCDP_ACTOR
07526693ee1a99dec23efccfacc6c08acdce4919,Frente popular de liberación de Saguia el Hamra y Rio de Oro,frente popular de liberación de saguia el hamra y rio de oro,UCDP_ACTOR,NameOrigFull,563,POLISARIO,1,False,60,False,False,True,RAD;UCDP_ACTOR
cdcbc079b9c946b29cb23c23def221f4356694a3,Popular Front for the Liberation of Saguia el Hamra and Rio de Oro,popular front for the liberation of saguia el hamra and rio de oro,UCDP_ACTOR,NameOrigFullEng,563,POLISARIO,1,False,66,False,False,True,RAD;UCDP_ACTOR
da04056cc706c74f468df7b48c395a95253cb6e1,UPC,upc,UCDP_ACTOR,NameData,564,UPC,1,True,3,True,False,True,UCDP_ACTOR
8905a4bd1ed3166aad534b1773d666dfa0f2ae3f,UPC,upc,UCDP_ACTOR,NameOrig,564,UPC,1,True,3,True,False,True,UCDP_ACTOR
6ba914cff1213aaf519fbef0068d4e14ef4b4b12,Union des populations camerounaises,union des populations camerounaises,UCDP_ACTOR,NameOrigFull,564,UPC,1,False,35,False,False,True,UCDP_ACTOR
5baaf8d8ee054ad1b9f87955b52f7f60c7362de1,Union of the Populations of Cameroon,union of the populations of cameroon,UCDP_ACTOR,NameOrigFullEng,564,UPC,1,False,36,False,False,True,UCDP_ACTOR
bac56e15e19af2b17862c84a488a7e01b09a871d,NLA,nla,UCDP_ACTOR,NameData,565,NLA,1,True,3,True,False,True,UCDP_ACTOR
d6e224b61f5cb137921082ae63b93a9337d68ce7,NLA,nla,UCDP_ACTOR,NameOrig,565,NLA,1,True,3,True,False,True,UCDP_ACTOR
cfef516edb5ed5de5dbf0796585c2446556933f2,National Liberation Army,national liberation army,UCDP_ACTOR,NameOrigFullEng,565,NLA,1,False,24,False,False,True,RAD;UCDP_ACTOR
11e8e15f9834be50c9813aa4c98f1fa4df415196,FNLA,fnla,UCDP_ACTOR,NameData,566,FNLA,1,True,4,True,False,True,UCDP_ACTOR
0c53c9581f05577275f9b5a1da65488c131127eb,UPA,upa,UCDP_ACTOR,NameOrig,566,FNLA,1,True,3,True,False,True,RAD;UCDP_ACTOR
d1b1e2936a7d8707384d5c1e4a3ea9039db82395,União do Populacoes Angolanas,união do populacoes angolanas,UCDP_ACTOR,NameOrigFull,566,FNLA,1,False,29,False,False,True,UCDP_ACTOR
600c68b07de0e661fd38c4472014b9a67bebdcb9,Union of Angolan Peoples,union of angolan peoples,UCDP_ACTOR,NameOrigFullEng,566,FNLA,1,False,24,False,False,True,UCDP_ACTOR
12e02afe35c60139cbe0a15acbe5762d5a1d1a5a,FNLA,fnla,UCDP_ACTOR,NewName,566,FNLA,1,True,4,True,False,True,UCDP_ACTOR
675de36bab8c33f3e773ca9177e7ed4ce9b63b83,Frente nacional da libertação de Angola,frente nacional da libertação de angola,UCDP_ACTOR,NewNameFullMotherTongue,566,FNLA,1,False,39,False,False,True,UCDP_ACTOR
5ba114c403cf669b76d07f22d6a39afae1fb1a50,National front for the Liberation of Angola,national front for the liberation of angola,UCDP_ACTOR,NewNameFullEng,566,FNLA,1,False,43,False,False,True,UCDP_ACTOR
812d5141bc08be3762e91298e6e4d11b78ff59b1,UNITA,unita,UCDP_ACTOR,NameData,567,UNITA,1,True,5,False,False,True,UCDP_ACTOR
38691982aa16265b33fe48d35ad23008a8387ea3,UNITA,unita,UCDP_ACTOR,NameOrig,567,UNITA,1,True,5,False,False,True,UCDP_ACTOR
c08664c3e6ec424d443669b3e6001abbc51759eb,União nacional para a independência total de Angola,união nacional para a independência total de angola,UCDP_ACTOR,NameOrigFull,567,UNITA,1,False,51,False,False,True,UCDP_ACTOR
ca448e7368274b6913965eb8f034014744e53898,National Union for the Total Independence of Angola,national union for the total independence of angola,UCDP_ACTOR,NameOrigFullEng,567,UNITA,1,False,51,False,False,True,UCDP_ACTOR
602512d53e647fa31e4139042a56020353ef3ee6,Forces of Abdullahi Yusuf,forces of abdullahi yusuf,UCDP_ACTOR,NameData,568,Forces of Abdullahi Yusuf,1,False,25,False,False,True,UCDP_ACTOR
a2b17d83c85f78e20af0e0d0ab806ee418c41886,Forces of Abdullahi Yusuf,forces of abdullahi yusuf,UCDP_ACTOR,NameOrig,568,Forces of Abdullahi Yusuf,1,False,25,False,False,True,UCDP_ACTOR
c185307776d3a48ad0c5c6a2e3a5122063001519,Forces of Abdullahi Yusuf,forces of abdullahi yusuf,UCDP_ACTOR,NameOrigFull,568,Forces of Abdullahi Yusuf,1,False,25,False,False,True,UCDP_ACTOR
be702231e6a8114b70d247d7f1167845693db6a2,Forces of Abdullahi Yusuf,forces of abdullahi yusuf,UCDP_ACTOR,NameOrigFullEng,568,Forces of Abdullahi Yusuf,1,False,25,False,False,True,UCDP_ACTOR
ba5d0273371701def662a0cdfee02ce71cc81939,AFL,afl,UCDP_ACTOR,NameData,574,AFL,1,True,3,True,False,True,UCDP_ACTOR
5ac0fa2f3ac765bc3be0479eca1ab89fd686080a,AFL,afl,UCDP_ACTOR,NameOrig,574,AFL,1,True,3,True,False,True,UCDP_ACTOR
15e592ddd74a75c5c725c701958fb5ae15ccd85a,Armed Forces of Liberia,armed forces of liberia,UCDP_ACTOR,NameOrigFull,574,AFL,1,False,23,False,False,True,UCDP_ACTOR
1783c4a189bee5444a0990c3288c015b6a4e04a4,Armed Forces of Liberia,armed forces of liberia,UCDP_ACTOR,NameOrigFullEng,574,AFL,1,False,23,False,False,True,UCDP_ACTOR
42fa4c1ab6230429afda4941fcda0a318cd71053,ARPCT,arpct,UCDP_ACTOR,NameData,584,ARPCT,1,True,5,False,False,True,UCDP_ACTOR
4681db9a426e9ab8b723cb6ac02324921e8121fc,ARPCT,arpct,UCDP_ACTOR,NameOrig,584,ARPCT,1,True,5,False,False,True,UCDP_ACTOR
60f77e24a71869363b70c05072c51cf451584e6f,Isbaheysiga Ladagaalanka Argagaxisadda,isbaheysiga ladagaalanka argagaxisadda,UCDP_ACTOR,NameOrigFull,584,ARPCT,1,False,38,False,False,True,UCDP_ACTOR
8bea50d7d6ded41c2628cd570ec964b76d9a08b4,Alliance for the Restoration of Peace and Counter-Terrorism,alliance for the restoration of peace and counter-terrorism,UCDP_ACTOR,NameOrigFullEng,584,ARPCT,1,False,59,False,False,True,UCDP_ACTOR
acaea18f4cdbb88941ad8d9d438e16649dbe7fa1,Arrow Boys,arrow boys,UCDP_ACTOR,NameData,585,Arrow Boys,1,False,10,False,False,True,UCDP_ACTOR
057aabff272d98ab5842c7154be9fed95c6f0644,Arrow Boys,arrow boys,UCDP_ACTOR,NameOrig,585,Arrow Boys,1,False,10,False,False,True,UCDP_ACTOR
49cdc8a8a1f9f9bbd5e4511c9cf5874c944cf839,Arrow Boys,arrow boys,UCDP_ACTOR,NameOrigFull,585,Arrow Boys,1,False,10,False,False,True,UCDP_ACTOR
5346cea811ccc7c639f30b8395496bfcf0c8f3ad,Arrow Boys,arrow boys,UCDP_ACTOR,NameOrigFullEng,585,Arrow Boys,1,False,10,False,False,True,UCDP_ACTOR
ef03109bcb5857b1b269424b6c95a232d238463c,AWB,awb,UCDP_ACTOR,NameData,586,AWB,1,True,3,True,False,True,UCDP_ACTOR
9adcc2d4fede473eb0aa8860048bdc7fa01e5018,AWB,awb,UCDP_ACTOR,NameOrig,586,AWB,1,True,3,True,False,True,UCDP_ACTOR
c5d1f1a8b66160debd2a73539be595a64e69d3ab,Afrikaner Weerstandbeweging,afrikaner weerstandbeweging,UCDP_ACTOR,NameOrigFull,586,AWB,1,False,27,False,False,True,UCDP_ACTOR
1de52d807564ee07edec54a20c63c0a158cc67b4,Afrikaner Resistance Movement,afrikaner resistance movement,UCDP_ACTOR,NameOrigFullEng,586,AWB,1,False,29,False,False,True,UCDP_ACTOR
b4656b25eeddc692525f4bd0559bcc5e7a2bbb87,Bakassi boys,bakassi boys,UCDP_ACTOR,NameData,588,Bakassi boys,1,False,12,False,False,True,UCDP_ACTOR
083c08d98566ed02c9908d27124b1ab910ec4cd8,Bakassi boys,bakassi boys,UCDP_ACTOR,NameOrig,588,Bakassi boys,1,False,12,False,False,True,UCDP_ACTOR
a0e6cd86a028d2c27be7ffa4023b0e97c8b62448,Bakassi boys,bakassi boys,UCDP_ACTOR,NameOrigFull,588,Bakassi boys,1,False,12,False,False,True,UCDP_ACTOR
4c6de79a032e7e0805b14d9e3936d0e6dec75161,Bakassi boys,bakassi boys,UCDP_ACTOR,NameOrigFullEng,588,Bakassi boys,1,False,12,False,False,True,UCDP_ACTOR
b5a0413eccf00de400e90341fe17fcc15a5f86bf,FAPC,fapc,UCDP_ACTOR,NameData,603,FAPC,1,True,4,True,False,True,UCDP_ACTOR
e888997c302ab69059c970524b221775f6af4850,FAPC,fapc,UCDP_ACTOR,NameOrig,603,FAPC,1,True,4,True,False,True,UCDP_ACTOR
945dfe3676ea1243796ba8d7cfafbaa04ce81641,Forces armées du peuple Congolais,forces armées du peuple congolais,UCDP_ACTOR,NameOrigFull,603,FAPC,1,False,33,False,False,True,UCDP_ACTOR
60b75132e1eb363daa6c227a0407bf840119292c,Peoples Armed Forces of Congo,peoples armed forces of congo,UCDP_ACTOR,NameOrigFullEng,603,FAPC,1,False,29,False,False,True,UCDP_ACTOR
a115c9a811aaa46a5b39ae01dccc46a687099c12,FN - IC,fn - ic,UCDP_ACTOR,NameData,605,FN - IC,1,False,7,False,False,True,UCDP_ACTOR
14855b38e9b2e0daf79e6f5668ab106498535417,FN - IC,fn - ic,UCDP_ACTOR,NameOrig,605,FN - IC,1,False,7,False,False,True,UCDP_ACTOR
19e895bbba4026160b9c495506021fa31b72b30c,Forces Nouvelles - Ibrahim Coulibaly faction,forces nouvelles - ibrahim coulibaly faction,UCDP_ACTOR,NameOrigFull,605,FN - IC,1,False,44,False,False,True,UCDP_ACTOR
8b68769f70a1eacb79754b3fa10563d8491351ab,New Forces - Ibrahim Coulibaly faction,new forces - ibrahim coulibaly faction,UCDP_ACTOR,NameOrigFullEng,605,FN - IC,1,False,38,False,False,True,UCDP_ACTOR
b6076e3ca34dea36f4e29b5c29413b079523c7de,FRCI,frci,UCDP_ACTOR,NamePrev,605,FN - IC,1,True,4,True,False,True,RAD;UCDP_ACTOR
95339b3d47b051d86c3019daf0a1491c6715a0ca,FNI,fni,UCDP_ACTOR,NameData,606,FNI,1,True,3,True,False,True,UCDP_ACTOR
18085e9824409cce512ac8a0a1f509a1645994f5,FNI,fni,UCDP_ACTOR,NameOrig,606,FNI,1,True,3,True,False,True,UCDP_ACTOR
39bd18698abd05a83b868014e7643a09cc22b362,Front Nationalist et Intégrationist,front nationalist et intégrationist,UCDP_ACTOR,NameOrigFull,606,FNI,1,False,35,False,False,True,UCDP_ACTOR
685ae051f42f203e2a296eaee8e5e9a8688bf4cc,Nationalist and Integrationist Front,nationalist and integrationist front,UCDP_ACTOR,NameOrigFullEng,606,FNI,1,False,36,False,False,True,UCDP_ACTOR
98ba4774ddc36fd49f972a71e75204c48247bbed,Interahamwe,interahamwe,UCDP_ACTOR,NameData,623,"Interahamwe, ex-FAR",1,True,11,False,False,True,RAD;UCDP_ACTOR
31a4fee39da869222ad9efc4e2834388d272f6f8,ex-FAR,ex-far,UCDP_ACTOR,NameData,623,"Interahamwe, ex-FAR",1,True,6,False,False,True,RAD;UCDP_ACTOR
92de82676c9e5a1cc51262745a9d2692c7974046,Interahamwe,interahamwe,UCDP_ACTOR,NameOrig,623,"Interahamwe, ex-FAR",1,True,11,False,False,True,RAD;UCDP_ACTOR
3a6a720f98bc36796744011d24506f261f71825e,ex-FAR,ex-far,UCDP_ACTOR,NameOrig,623,"Interahamwe, ex-FAR",1,True,6,False,False,True,RAD;UCDP_ACTOR
ddb8259ab13c0a968ed1b8dacb4255a3d38dfc28,Interahamwe,interahamwe,UCDP_ACTOR,NameOrigFull,623,"Interahamwe, ex-FAR",1,True,11,False,False,True,RAD;UCDP_ACTOR
45ba9116e81915cccf315adc61224752b87deb80,ex-FAR,ex-far,UCDP_ACTOR,NameOrigFull,623,"Interahamwe, ex-FAR",1,True,6,False,False,True,RAD;UCDP_ACTOR
5e433df67fd1a185ed94fcadc32d0aecbbe58997,Interahamwe,interahamwe,UCDP_ACTOR,NameOrigFullEng,623,"Interahamwe, ex-FAR",1,True,11,False,False,True,RAD;UCDP_ACTOR
58faced62b73698c9c514cb4828366b9a6cbf89a,ex-Armed Forces of Rwanda,ex-armed forces of rwanda,UCDP_ACTOR,NameOrigFullEng,623,"Interahamwe, ex-FAR",1,False,25,False,False,True,UCDP_ACTOR
5da9121fffffcdaca35b46c8d16f9934ee701847,ALiR,alir,UCDP_ACTOR,GroupName,623,"Interahamwe, ex-FAR",1,True,4,True,False,True,RAD;UCDP_ACTOR
bcb97e4ad0d5c34bab2a39609c6b098142f8a000,Forces of Jama Ali Jama,forces of jama ali jama,UCDP_ACTOR,NameData,627,Forces of Jama Ali Jama,1,False,23,False,False,True,UCDP_ACTOR
a5008431a4bf8dc9462df58033e2cac92fc3ea87,Forces of Jama Ali Jama,forces of jama ali jama,UCDP_ACTOR,NameOrig,627,Forces of Jama Ali Jama,1,False,23,False,False,True,UCDP_ACTOR
ffbf94e79eb6da615f92137fd9cba86da0a6e539,Forces of Jama Ali Jama,forces of jama ali jama,UCDP_ACTOR,NameOrigFull,627,Forces of Jama Ali Jama,1,False,23,False,False,True,UCDP_ACTOR
61eb3f2941b3d8314bba2e1f78d8f46b96433250,Forces of Jama Ali Jama,forces of jama ali jama,UCDP_ACTOR,NameOrigFullEng,627,Forces of Jama Ali Jama,1,False,23,False,False,True,UCDP_ACTOR
526870c5a7692c27dbdd7e648d6025eae342754f,Janjaweed - Moro faction,janjaweed - moro faction,UCDP_ACTOR,NameData,628,Janjaweed - Moro faction,1,False,24,False,False,True,UCDP_ACTOR
46f2b15dcee227fc90225a404ab8a102aed37074,Janjaweed - Moro faction,janjaweed - moro faction,UCDP_ACTOR,NameOrig,628,Janjaweed - Moro faction,1,False,24,False,False,True,UCDP_ACTOR
399e503f627dce5c6cfeddf003c73ab2e7acee76,Janjaweed - Moro faction,janjaweed - moro faction,UCDP_ACTOR,NameOrigFull,628,Janjaweed - Moro faction,1,False,24,False,False,True,UCDP_ACTOR
85cdae15ebdb97cc0c5592086e5d0a28e89c5d97,Janjaweed - Moro faction,janjaweed - moro faction,UCDP_ACTOR,NameOrigFullEng,628,Janjaweed - Moro faction,1,False,24,False,False,True,UCDP_ACTOR
0d0fdaf75140f142e2d5e348702b50781a2cada2,Janjaweed,janjaweed,UCDP_ACTOR,NameSplitTemp,628,Janjaweed - Moro faction,1,True,9,False,False,True,RAD;UCDP_ACTOR
f6e9a890d273fcbdf81b6a8d1222c406fb645c57,Janjaweed - Bin Kulaib faction,janjaweed - bin kulaib faction,UCDP_ACTOR,NameData,629,Janjaweed - Bin Kulaib faction,1,False,30,False,False,True,UCDP_ACTOR
80d7d48486cf7c63f6e9c8082efd7104fa16f701,Janjaweed - Bin Kulaib faction,janjaweed - bin kulaib faction,UCDP_ACTOR,NameOrig,629,Janjaweed - Bin Kulaib faction,1,False,30,False,False,True,UCDP_ACTOR
465444d9c9d41429005577ed726ba64c9f1bdcdc,Janjaweed - Bin Kulaib faction,janjaweed - bin kulaib faction,UCDP_ACTOR,NameOrigFull,629,Janjaweed - Bin Kulaib faction,1,False,30,False,False,True,UCDP_ACTOR
8e9c9d6ab03a32697bc7eebe4255280a18568fd9,Janjaweed - Bin Kulaib faction,janjaweed - bin kulaib faction,UCDP_ACTOR,NameOrigFullEng,629,Janjaweed - Bin Kulaib faction,1,False,30,False,False,True,UCDP_ACTOR
37c138b685ee7e57fd173beab77068ae0c1f4e7a,Janjaweed,janjaweed,UCDP_ACTOR,NameSplitTemp,629,Janjaweed - Bin Kulaib faction,1,True,9,False,False,True,RAD;UCDP_ACTOR
fd1ae8bb2b3cf5b5229a9ffe624ceee32d542d64,Janjaweed,janjaweed,UCDP_ACTOR,NameData,630,Janjaweed,1,True,9,False,False,True,RAD;UCDP_ACTOR
43443d5bae143d0b6b3b58a77dfb3bf695bff14b,Janjaweed,janjaweed,UCDP_ACTOR,NameOrig,630,Janjaweed,1,True,9,False,False,True,RAD;UCDP_ACTOR
990b331cf1d251e0735dcbe8893b72270d40bd2f,Janjaweed,janjaweed,UCDP_ACTOR,NameOrigFull,630,Janjaweed,1,True,9,False,False,True,RAD;UCDP_ACTOR
c76bbcd20a968b0bf36c41b7fe5c47987ebaae72,Janjaweed,janjaweed,UCDP_ACTOR,NameOrigFullEng,630,Janjaweed,1,True,9,False,False,True,RAD;UCDP_ACTOR
759b6abcf8eafb001443f4315f52d29f155609d6,JVA,jva,UCDP_ACTOR,NameData,634,JVA,1,True,3,True,False,True,UCDP_ACTOR
4d7220d18d412f6de85f193d35dd3de1bba05691,JVA,jva,UCDP_ACTOR,NameOrig,634,JVA,1,True,3,True,False,True,UCDP_ACTOR
49ca882ad69d45931ed689757129215fbefc2990,Isbahaysiga Dooxada Jubba,isbahaysiga dooxada jubba,UCDP_ACTOR,NameOrigFull,634,JVA,1,False,25,False,False,True,UCDP_ACTOR
8878e478a9641493670d12b2cebc0f76e61a9b35,Juba Valley Alliance,juba valley alliance,UCDP_ACTOR,NameOrigFullEng,634,JVA,1,False,20,False,False,True,UCDP_ACTOR
6effe62402a53d62e15b40d884c98d820ab16fa6,LPC,lpc,UCDP_ACTOR,NameData,639,LPC,1,True,3,True,False,True,UCDP_ACTOR
39fd764e8de5215886f92f464a5c24b1ee29a367,LPC,lpc,UCDP_ACTOR,NameOrig,639,LPC,1,True,3,True,False,True,UCDP_ACTOR
b4cf3a27a58f5ae9f561001673b6b29b6c76b62f,Liberia Peace Council,liberia peace council,UCDP_ACTOR,NameOrigFull,639,LPC,1,False,21,False,False,True,UCDP_ACTOR
4f5dcb0356693a32dc8a39576f1711b8c3faf3f2,Liberia Peace Council,liberia peace council,UCDP_ACTOR,NameOrigFullEng,639,LPC,1,False,21,False,False,True,UCDP_ACTOR
e0c1e0e5050b4f5bd28b42f524e3f1b9525f8e3a,Mayi Mayi - Chinja Chinja,mayi mayi - chinja chinja,UCDP_ACTOR,NameData,645,Mayi Mayi - Chinja Chinja,1,False,25,False,False,True,UCDP_ACTOR
0d43e1295235d292b6fcb1f3c6ccae66c8120179,Mayi Mayi - Chinja Chinja,mayi mayi - chinja chinja,UCDP_ACTOR,NameOrig,645,Mayi Mayi - Chinja Chinja,1,False,25,False,False,True,UCDP_ACTOR
41ee287c05e7d1e28230afe7346a63c837fca87c,Maï Maï - Chinja Chinja,maï maï - chinja chinja,UCDP_ACTOR,NameOrigFull,645,Mayi Mayi - Chinja Chinja,1,False,23,False,False,True,UCDP_ACTOR
5b7512ae959fd750bf8fda1ff93d14de573e970a,Mayi Mayi - Chinja Chinja,mayi mayi - chinja chinja,UCDP_ACTOR,NameOrigFullEng,645,Mayi Mayi - Chinja Chinja,1,False,25,False,False,True,UCDP_ACTOR
e998f8e378e30c8f0dbf60609254b3dae19acafa,Mayi Mayi,mayi mayi,UCDP_ACTOR,NameData,648,Mayi Mayi,1,False,9,False,False,True,UCDP_ACTOR
e2328616d3d1f1c48bfb70c53f89ca351fe3bf5e,Mayi Mayi,mayi mayi,UCDP_ACTOR,NameOrig,648,Mayi Mayi,1,False,9,False,False,True,UCDP_ACTOR
4a81b2cc9b51c52fd7482a5455de6aef0f1a2b79,Maï Maï,maï maï,UCDP_ACTOR,NameOrigFull,648,Mayi Mayi,1,False,7,False,False,True,UCDP_ACTOR
2a401bd36a3960358d3eb9a40034b7ae32decbca,Mayi Mayi,mayi mayi,UCDP_ACTOR,NameOrigFullEng,648,Mayi Mayi,1,False,9,False,False,True,UCDP_ACTOR
ba82c5d26196eb4eafe0c70d8a6538777220d556,MFDC - FN,mfdc - fn,UCDP_ACTOR,NameData,649,MFDC - FN,1,False,9,False,False,True,UCDP_ACTOR
b7eb7d7f3841c523936a5aafa215cd07266d4dd6,MFDC - FN,mfdc - fn,UCDP_ACTOR,NameOrig,649,MFDC - FN,1,False,9,False,False,True,UCDP_ACTOR
27bc415ba9a13272b99bcd349667cb4dfbab4334,Mouvement des forces démocratiques de Casamance - Front Nord,mouvement des forces démocratiques de casamance - front nord,UCDP_ACTOR,NameOrigFull,649,MFDC - FN,1,False,60,False,False,True,UCDP_ACTOR
d8a2e09f91778de3264e0fce975d78676652054e,Movement of the Democratic Forces of the Casamance - Northern Front,movement of the democratic forces of the casamance - northern front,UCDP_ACTOR,NameOrigFullEng,649,MFDC - FN,1,False,67,False,False,True,UCDP_ACTOR
5e159e2bc5b525c39f3bdb5d94d97eba125e5a8b,MFDC,mfdc,UCDP_ACTOR,NamePrev,649,MFDC - FN,1,True,4,True,False,True,RAD;UCDP_ACTOR
890a650b5e13977d4bb0fc79f83e1cd984e96990,MFDC Front Nord - MD,mfdc front nord - md,UCDP_ACTOR,NameData,650,MFDC Front Nord - MD,1,False,20,False,False,True,UCDP_ACTOR
a76c805991e02752ee27b00494e5c05d3d5120bc,MFDC Front Nord - MD,mfdc front nord - md,UCDP_ACTOR,NameOrig,650,MFDC Front Nord - MD,1,False,20,False,False,True,UCDP_ACTOR
ddec8adafcf271bfcb957d804a829e878205dfb3,Mouvement des Forces démocratiques de Casamance - Front Nord Magne Diémé,mouvement des forces démocratiques de casamance - front nord magne diémé,UCDP_ACTOR,NameOrigFull,650,MFDC Front Nord - MD,1,False,72,False,False,True,UCDP_ACTOR
b93f14de5b2c108bde874ba6715e4b327b793548,Movement of the Democratic Forces of the Casamance - Northern Front Magne Diémé faction,movement of the democratic forces of the casamance - northern front magne diémé faction,UCDP_ACTOR,NameOrigFullEng,650,MFDC Front Nord - MD,1,False,87,False,False,True,UCDP_ACTOR
d7b4343de171277def0f1c74676356cb6a64169f,MFDC - FN,mfdc - fn,UCDP_ACTOR,NamePrev,650,MFDC Front Nord - MD,1,False,9,False,False,True,UCDP_ACTOR
11c6f40ed546bb1cd7d9b60994112c8ca77e8545,MFDC - S,mfdc - s,UCDP_ACTOR,NameData,651,MFDC - S,1,False,8,False,False,True,UCDP_ACTOR
e1d8068c4c110a1cc0f1a956b82580b88727bf9d,MFDC - S,mfdc - s,UCDP_ACTOR,NameOrig,651,MFDC - S,1,False,8,False,False,True,UCDP_ACTOR
c29bbb17e3d536064ec3dd9d78918dc03bbe125f,Mouvement des Forces démocratiques de Casamance - Sadio,mouvement des forces démocratiques de casamance - sadio,UCDP_ACTOR,NameOrigFull,651,MFDC - S,1,False,55,False,False,True,UCDP_ACTOR
9efeecac6df0442940e9dfc4470b37ebe6e96aca,Movement of the Democratic Forces of the Casamance - Salif Sadio faction,movement of the democratic forces of the casamance - salif sadio faction,UCDP_ACTOR,NameOrigFullEng,651,MFDC - S,1,False,72,False,False,True,UCDP_ACTOR
d794a44020f7943964545fd0329d263872f6c120,MFDC,mfdc,UCDP_ACTOR,NamePrev,651,MFDC - S,1,True,4,True,False,True,RAD;UCDP_ACTOR
17f690c74d76602e68a4c25e0d325497172d8a78,MILOCI,miloci,UCDP_ACTOR,NameData,652,MILOCI,1,True,6,False,False,True,UCDP_ACTOR
2c4f1be6c66ed1ea1ddca8982683b551eca9fc29,MILOCI,miloci,UCDP_ACTOR,NameOrig,652,MILOCI,1,True,6,False,False,True,UCDP_ACTOR
b21eac402e92a93c745f30b2672ea6d35f05fd86,Mouvement pour la Liberation de lOuest de la Côte dIvoire,mouvement pour la liberation de louest de la côte divoire,UCDP_ACTOR,NameOrigFull,652,MILOCI,1,False,57,False,False,True,UCDP_ACTOR
e4ae4fc55071d32df8edef62a51b894b1ca61e52,Movement for the Liberation of Western Ivory Coast,movement for the liberation of western ivory coast,UCDP_ACTOR,NameOrigFullEng,652,MILOCI,1,False,50,False,False,True,UCDP_ACTOR
fbbc230f3099744c7eeac2e99982ca893f92a887,RCD-N,rcd-n,UCDP_ACTOR,NameData,653,RCD-N,1,True,5,False,False,True,UCDP_ACTOR
8e5edabf7a6576abc273934e0152ccee3bd186d1,RCD-N,rcd-n,UCDP_ACTOR,NameOrig,653,RCD-N,1,True,5,False,False,True,UCDP_ACTOR
407f358972d4edeaa4848d76f5db37a895c00a59,Rassemblement Congolais pour la Démocratie-National,rassemblement congolais pour la démocratie-national,UCDP_ACTOR,NameOrigFull,653,RCD-N,1,False,51,False,False,True,UCDP_ACTOR
d58f050cf77f4bf8be4114a6a281274671daedc9,Congolese Rally for Democracy-National,congolese rally for democracy-national,UCDP_ACTOR,NameOrigFullEng,653,RCD-N,1,False,38,False,False,True,UCDP_ACTOR
2111ab0ab939457bdfd4c52e35c9daaf306d3bf9,RCD-ML,rcd-ml,UCDP_ACTOR,NamePrev,653,RCD-N,1,True,6,False,False,True,UCDP_ACTOR
768b8661eba4552deb1a4f48044c1b4364ece959,FLC,flc,UCDP_ACTOR,NamePrev,653,RCD-N,1,True,3,True,False,True,UCDP_ACTOR
e57e261670ed1455b4cfd25d52a7816a1c2becc8,FLC,flc,UCDP_ACTOR,NameAlliance,653,RCD-N,1,True,3,True,False,True,UCDP_ACTOR
1aee2e1b91028bd3a52a0b525be0469952da764f,NDV,ndv,UCDP_ACTOR,NameData,657,NDV,1,True,3,True,False,True,UCDP_ACTOR
132207b9ccf035b649e5c7df49d4277a36004683,NDV,ndv,UCDP_ACTOR,NameOrig,657,NDV,1,True,3,True,False,True,UCDP_ACTOR
1c367d7526d41bf4dddbdb8d6d373a5dfce269fe,Niger Delta Vigilantes,niger delta vigilantes,UCDP_ACTOR,NameOrigFull,657,NDV,1,False,22,False,False,True,UCDP_ACTOR
0823381c88a163e1058402e7ad25cbc6022e79a9,Niger Delta Vigilantes,niger delta vigilantes,UCDP_ACTOR,NameOrigFullEng,657,NDV,1,False,22,False,False,True,UCDP_ACTOR
2967e107f6a9e7e408db7e8a75f140821669ab8e,Mayi Mayi - Ngilima,mayi mayi - ngilima,UCDP_ACTOR,NameData,659,Mayi Mayi - Ngilima,1,False,19,False,False,True,UCDP_ACTOR
735aa9747530c4c3c378bf8cb74bfb483d48212f,Mayi Mayi - Ngilima,mayi mayi - ngilima,UCDP_ACTOR,NameOrig,659,Mayi Mayi - Ngilima,1,False,19,False,False,True,UCDP_ACTOR
6a9c176e736dd42714935d572d4dbc47b8efeba4,Maï Maï - Ngilima,maï maï - ngilima,UCDP_ACTOR,NameOrigFull,659,Mayi Mayi - Ngilima,1,False,17,False,False,True,UCDP_ACTOR
0050cd5793ca3306ae5f6eff23ee8be4f8e43bfc,Mayi Mayi - Ngilima,mayi mayi - ngilima,UCDP_ACTOR,NameOrigFullEng,659,Mayi Mayi - Ngilima,1,False,19,False,False,True,UCDP_ACTOR
85398f33b6ac6fbeeb6df578cd6561202fecf28d,PAC,pac,UCDP_ACTOR,NameData,665,PAC,1,True,3,True,False,True,UCDP_ACTOR
862090124f68ff7c8ba177a614973a6f53e7d38a,PAC,pac,UCDP_ACTOR,NameOrig,665,PAC,1,True,3,True,False,True,UCDP_ACTOR
8a3377c7d7deda5e9544d29e8e7c0ea9d5386b11,Pan-Africanist Congress,pan-africanist congress,UCDP_ACTOR,NameOrigFull,665,PAC,1,False,23,False,False,True,UCDP_ACTOR
056d5c53847bf83e8eaeec4bfa0b90140e2ceac2,Pan-Africanist Congress,pan-africanist congress,UCDP_ACTOR,NameOrigFullEng,665,PAC,1,False,23,False,False,True,UCDP_ACTOR
359d076b3605d9cd58b9bcb0b2b876000dbb9146,ANC,anc,UCDP_ACTOR,NamePrev,665,PAC,1,True,3,True,False,True,UCDP_ACTOR
f55d6d2d3f4765bff8df416cdadcbee7c6c051bd,PDF,pdf,UCDP_ACTOR,NameData,667,PDF,1,True,3,True,False,True,UCDP_ACTOR
9953afd5186f6a469edff06dddd2303d9548ab8a,PDF,pdf,UCDP_ACTOR,NameOrig,667,PDF,1,True,3,True,False,True,UCDP_ACTOR
eb5a8e666d1d4c375f60744eeda837924e8f37e1,Difaa al-Shaabi,difaa al-shaabi,UCDP_ACTOR,NameOrigFull,667,PDF,1,False,15,False,False,True,UCDP_ACTOR
06f480e8f7f5d0b44e4cd839d5d90f60ec92b62f,Popular Defence Force,popular defence force,UCDP_ACTOR,NameOrigFullEng,667,PDF,1,False,21,False,False,True,UCDP_ACTOR
fde5e83415c155fe382f549d94bf81986f909398,Puntland State of Somalia,puntland state of somalia,UCDP_ACTOR,NameData,671,Puntland State of Somalia,1,False,25,False,False,True,UCDP_ACTOR
75fc531d36c32d812a690d686d9f3a16c5b54372,Puntland State of Somalia,puntland state of somalia,UCDP_ACTOR,NameOrig,671,Puntland State of Somalia,1,False,25,False,False,True,UCDP_ACTOR
f08b405a5d822b1befeb7647654756b0927a60ff,Dowladda Puntland ee Soomaaliya,dowladda puntland ee soomaaliya,UCDP_ACTOR,NameOrigFull,671,Puntland State of Somalia,1,False,31,False,False,True,UCDP_ACTOR
0d14a66fdc3a87c22e320a452980d595ef3c8536,Puntland State of Somalia,puntland state of somalia,UCDP_ACTOR,NameOrigFullEng,671,Puntland State of Somalia,1,False,25,False,False,True,UCDP_ACTOR
7ff7f92c54568595a753f1bb403d4a0e6cd1ae3a,Rastas,rastas,UCDP_ACTOR,NameData,672,Rastas,1,True,6,False,False,True,UCDP_ACTOR
8581eb9e9bb85064997b9b2ee3992ae4111558a4,Rastas,rastas,UCDP_ACTOR,NameOrig,672,Rastas,1,True,6,False,False,True,UCDP_ACTOR
1617e1ba16a6479bcab55962039944bd32c8c37a,Rastas,rastas,UCDP_ACTOR,NameOrigFull,672,Rastas,1,True,6,False,False,True,UCDP_ACTOR
424e4babc8f1ce700886120b39148b6033b728ce,Rastas,rastas,UCDP_ACTOR,NameOrigFullEng,672,Rastas,1,True,6,False,False,True,UCDP_ACTOR
9eac127410efcaa8a10949fd9b1c49842239fca0,FDLR-FOCA,fdlr-foca,UCDP_ACTOR,NamePrev,672,Rastas,1,True,9,False,False,True,UCDP_ACTOR
ee6aa92b7a637c646f6b8b5f921bad970e7ffcb0,FRF,frf,UCDP_ACTOR,NameData,673,FRF,1,True,3,True,False,True,UCDP_ACTOR
59db8dc81b9f17850e1db1ec0bb0a42ddbee8768,FRF,frf,UCDP_ACTOR,NameOrig,673,FRF,1,True,3,True,False,True,UCDP_ACTOR
f556638cd112ae8a7d06c2b2da18ce1734c26ce5,Forces républicaines et federalists,forces républicaines et federalists,UCDP_ACTOR,NameOrigFull,673,FRF,1,False,35,False,False,True,UCDP_ACTOR
290149e7370524b38be2d73faf39c1164aec39b1,Federalist Republican Forces,federalist republican forces,UCDP_ACTOR,NameOrigFullEng,673,FRF,1,False,28,False,False,True,UCDP_ACTOR
4b7ceb09f55d92aff9411870c51ab78c3ed4946c,RCD - LN,rcd - ln,UCDP_ACTOR,NameData,674,RCD - LN,1,False,8,False,False,True,UCDP_ACTOR
d10f803b61ac35736d8e600251bec892bdcc1d67,RCD - LN,rcd - ln,UCDP_ACTOR,NameOrig,674,RCD - LN,1,False,8,False,False,True,UCDP_ACTOR
b5ed070278a4a5a71ee66cb2d269610d94fac913,Rassemblement Congolais pour la Démocratie - Laurent Nkunda faction,rassemblement congolais pour la démocratie - laurent nkunda faction,UCDP_ACTOR,NameOrigFull,674,RCD - LN,1,False,67,False,False,True,UCDP_ACTOR
3114b81823ee45c9602402944f28b79fd5656deb,Congolese Rally for Democracy - Laurent Nkunda faction,congolese rally for democracy - laurent nkunda faction,UCDP_ACTOR,NameOrigFullEng,674,RCD - LN,1,False,54,False,False,True,UCDP_ACTOR
225fa2b1e9ff64fd1339a2728f61c3c203546379,RCD,rcd,UCDP_ACTOR,NamePrev,674,RCD - LN,1,True,3,True,False,True,RAD;UCDP_ACTOR
d66c31b0caa07b421cbe3b2cd54c2112f65cc086,Republic of Somaliland,republic of somaliland,UCDP_ACTOR,NameData,675,Republic of Somaliland,1,False,22,False,False,True,RAD;UCDP_ACTOR
5906a09b39f66afe16fa3192bebc0dc4f3135d8b,Republic of Somaliland,republic of somaliland,UCDP_ACTOR,NameOrig,675,Republic of Somaliland,1,False,22,False,False,True,RAD;UCDP_ACTOR
de838e66c27d7b08da5faa06df96d6d3af060ffd,Jamhuuriyadda Soomaaliland,jamhuuriyadda soomaaliland,UCDP_ACTOR,NameOrigFull,675,Republic of Somaliland,1,False,26,False,False,True,UCDP_ACTOR
dfe10062de89eec6201e8b2d2994508e810b0014,Republic of Somaliland,republic of somaliland,UCDP_ACTOR,NameOrigFullEng,675,Republic of Somaliland,1,False,22,False,False,True,RAD;UCDP_ACTOR
a26a7d991e9b97c0c119e64ca4eb3d5648a7eae7,RRA - MH,rra - mh,UCDP_ACTOR,NameData,677,RRA - MH,1,False,8,False,False,True,UCDP_ACTOR
8d11dc0fcdbdbec3e18668eb04f45c5b70d1b60d,RRA - MH,rra - mh,UCDP_ACTOR,NameOrig,677,RRA - MH,1,False,8,False,False,True,UCDP_ACTOR
bf1eeea0ec02c59c005119896f7f7ddee8032a54,Rahanweyn Resistance Army - Madobe and Habsade faction,rahanweyn resistance army - madobe and habsade faction,UCDP_ACTOR,NameOrigFull,677,RRA - MH,1,False,54,False,False,True,UCDP_ACTOR
e88b7ccb46548d9af776da90bf092bfe242bc380,Rahanweyn Resistance Army - Madobe and Habsade faction,rahanweyn resistance army - madobe and habsade faction,UCDP_ACTOR,NameOrigFullEng,677,RRA - MH,1,False,54,False,False,True,UCDP_ACTOR
c3488de2e3588549a157b22491e686329583f2b9,RRA,rra,UCDP_ACTOR,NamePrev,677,RRA - MH,1,True,3,True,False,True,UCDP_ACTOR
fa336da8c6d88e32ce84062c3546ce2cf6edaf1e,RRA,rra,UCDP_ACTOR,NameData,678,RRA,1,True,3,True,False,True,UCDP_ACTOR
4074fe8957155539dd1aeeb127d746d8f0f24eed,RRA,rra,UCDP_ACTOR,NameOrig,678,RRA,1,True,3,True,False,True,UCDP_ACTOR
1fc2f250c875f112c29e8950ca65f2f41fd61ebe,Rahanweyn Resistance Army,rahanweyn resistance army,UCDP_ACTOR,NameOrigFull,678,RRA,1,False,25,False,False,True,UCDP_ACTOR
2b1fd8a674c9f8a2540749f2f5bd2fb37f87fb73,Rahanweyn Resistance Army,rahanweyn resistance army,UCDP_ACTOR,NameOrigFullEng,678,RRA,1,False,25,False,False,True,UCDP_ACTOR
06e66c396ba2f23556b099ace2af262956f40bac,SRRC,srrc,UCDP_ACTOR,NameAlliance,678,RRA,1,True,4,True,False,True,RAD;UCDP_ACTOR
9a5fbbe031229a1acf56c1fa814b74638f3556dc,SSDF,ssdf,UCDP_ACTOR,NameData,686,SSDF,1,True,4,True,False,True,UCDP_ACTOR
11d931d7b777a4fbcbaa681c781479fc4420f63f,SPLM,splm,UCDP_ACTOR,NameOrig,686,SSDF,1,True,4,True,False,True,RAD;UCDP_ACTOR
e56c1b0953b618a26913361381a2289c9e913265,A – N,a – n,UCDP_ACTOR,NameOrig,686,SSDF,1,False,5,False,False,True,UCDP_ACTOR
2e0f134920b5696b2e0a92b9ff53276cc9a21201,Sudan Peoples Liberation Movement,sudan peoples liberation movement,UCDP_ACTOR,NameOrigFull,686,SSDF,1,False,33,False,False,True,RAD;UCDP_ACTOR
89b6c8565a06de04715772c042657420b0df3b1a,Army - Nasir faction,army - nasir faction,UCDP_ACTOR,NameOrigFull,686,SSDF,1,False,20,False,False,True,UCDP_ACTOR
49c57e01022f84167fea6f182513e88b4e22a815,Sudan Peoples Liberation Movement,sudan peoples liberation movement,UCDP_ACTOR,NameOrigFullEng,686,SSDF,1,False,33,False,False,True,RAD;UCDP_ACTOR
09655fe7ed62d132e1b5ace9badadac9ca3abe42,Army - Nasir faction,army - nasir faction,UCDP_ACTOR,NameOrigFullEng,686,SSDF,1,False,20,False,False,True,UCDP_ACTOR
8d84357f07099afd25203d6270045e7d75eca5fe,SPLM,splm,UCDP_ACTOR,NewName,686,SSDF,1,True,4,True,False,True,RAD;UCDP_ACTOR
46bac5f9731aec0582ea4d39180bdad74bb19317,A-united,a-united,UCDP_ACTOR,NewName,686,SSDF,1,True,8,False,False,True,UCDP_ACTOR
7fd743297e732f3977c50c24fa3d343b2a15ccf4,SSIM,ssim,UCDP_ACTOR,NewName,686,SSDF,1,True,4,True,False,True,UCDP_ACTOR
65c5c3a4d352746a5434ef87a79857dd537e76e0,SSDF,ssdf,UCDP_ACTOR,NewName,686,SSDF,1,True,4,True,False,True,UCDP_ACTOR
fe2d8d3c5ab982124b7df3976727cfea4f7f1abf,Sudan Peoples Liberation Movement,sudan peoples liberation movement,UCDP_ACTOR,NewNameFullMotherTongue,686,SSDF,1,False,33,False,False,True,RAD;UCDP_ACTOR
2181f42c7d75bcc3a3787dbfb48bece4eae32856,Army - united,army - united,UCDP_ACTOR,NewNameFullMotherTongue,686,SSDF,1,False,13,False,False,True,UCDP_ACTOR
ec98b432b39cf9f4682397b3600dd9338064aa87,Southern Sudan Independence Movement,southern sudan independence movement,UCDP_ACTOR,NewNameFullMotherTongue,686,SSDF,1,False,36,False,False,True,UCDP_ACTOR
2c96bc4f447291445ab4faf86aade105bff8e4a1,Southern Sudan Defence Force,southern sudan defence force,UCDP_ACTOR,NewNameFullMotherTongue,686,SSDF,1,False,28,False,False,True,UCDP_ACTOR
8282cbd3e9e15846fef8af7abf8b61b2c7569fd6,Sudan Peoples Liberation Movement,sudan peoples liberation movement,UCDP_ACTOR,NewNameFullEng,686,SSDF,1,False,33,False,False,True,RAD;UCDP_ACTOR
b5bcdcfafc5df243f3362da64d48109b825519d6,Army - united,army - united,UCDP_ACTOR,NewNameFullEng,686,SSDF,1,False,13,False,False,True,UCDP_ACTOR
a8d99f61b59cb32c20fb13392440913ab027c674,Southern Sudan Independence Movement,southern sudan independence movement,UCDP_ACTOR,NewNameFullEng,686,SSDF,1,False,36,False,False,True,UCDP_ACTOR
5d448d2311bb48777984ffede31dbc722817ab9a,Southern Sudan Defence Force,southern sudan defence force,UCDP_ACTOR,NewNameFullEng,686,SSDF,1,False,28,False,False,True,UCDP_ACTOR
cdad0aabc40cea5b895fb96454e10eec43d29f22,SPLM,splm,UCDP_ACTOR,NamePrev,686,SSDF,1,True,4,True,False,True,RAD;UCDP_ACTOR
0785a5bcc9d3ec1418e577e59dd1e1a0c95a7e7f,ULIMO - J,ulimo - j,UCDP_ACTOR,NameData,695,ULIMO - J,1,False,9,False,False,True,UCDP_ACTOR
ff47a85d0e524b19242cd13d1c0d1ff8e8f0e8e9,ULIMO - J,ulimo - j,UCDP_ACTOR,NameOrig,695,ULIMO - J,1,False,9,False,False,True,UCDP_ACTOR
716f2fe651894518f2b1444466d4046563affeee,United Liberation Movement for Democracy in Liberia - Roosevelt Johnson faction,united liberation movement for democracy in liberia - roosevelt johnson faction,UCDP_ACTOR,NameOrigFull,695,ULIMO - J,1,False,79,False,False,True,UCDP_ACTOR
2b74f233c57b8cbace2b775855071420199ac9a3,United Liberation Movement for Democracy in Liberia - Roosevelt Johnson faction,united liberation movement for democracy in liberia - roosevelt johnson faction,UCDP_ACTOR,NameOrigFullEng,695,ULIMO - J,1,False,79,False,False,True,UCDP_ACTOR
3c876aafa7f839c34b5f7ec1570f6ae84d8f8f1d,ULIMO,ulimo,UCDP_ACTOR,NamePrev,695,ULIMO - J,1,True,5,False,False,True,UCDP_ACTOR
2b7bee78045b0bae5ed1ae279bcee25b039eb3f0,ULIMO - K,ulimo - k,UCDP_ACTOR,NameData,696,ULIMO - K,1,False,9,False,False,True,UCDP_ACTOR
89e7e686fff8f99c96d6da74e11df22e00513b78,ULIMO - K,ulimo - k,UCDP_ACTOR,NameOrig,696,ULIMO - K,1,False,9,False,False,True,UCDP_ACTOR
159310568141c99920303973439b1e4b51cdc051,United Liberation Movement for Democracy in Liberia - Alhaji Kromah faction,united liberation movement for democracy in liberia - alhaji kromah faction,UCDP_ACTOR,NameOrigFull,696,ULIMO - K,1,False,75,False,False,True,UCDP_ACTOR
2b0f0baa06ed1d1f2efc76078cce4820bda2d241,United Liberation Movement for Democracy in Liberia - Alhaji Kromah faction,united liberation movement for democracy in liberia - alhaji kromah faction,UCDP_ACTOR,NameOrigFullEng,696,ULIMO - K,1,False,75,False,False,True,UCDP_ACTOR
0a0e50b0acb7adb7469c5099417e725bbfd17658,ULIMO,ulimo,UCDP_ACTOR,NamePrev,696,ULIMO - K,1,True,5,False,False,True,UCDP_ACTOR
d8a4270673003214b5bdc208f70cb35323b82b38,ULIMO,ulimo,UCDP_ACTOR,NameData,697,ULIMO,1,True,5,False,False,True,UCDP_ACTOR
029c159975abfb8b813b4ce505d962784f9338b9,ULIMO,ulimo,UCDP_ACTOR,NameOrig,697,ULIMO,1,True,5,False,False,True,UCDP_ACTOR
2e07817d2f492a203fce57a922ded56a176a1363,United Liberation Movement for Democracy in Liberia,united liberation movement for democracy in liberia,UCDP_ACTOR,NameOrigFull,697,ULIMO,1,False,51,False,False,True,UCDP_ACTOR
5ddf5749b09edb0cd3d9d5c5c49b0b9ab463d78e,United Liberation Movement for Democracy in Liberia,united liberation movement for democracy in liberia,UCDP_ACTOR,NameOrigFullEng,697,ULIMO,1,False,51,False,False,True,UCDP_ACTOR
d6bdabf901f270d4436350d88706df537a2e668f,USC,usc,UCDP_ACTOR,NameData,698,USC/SSA - OMF,1,True,3,True,False,True,RAD;UCDP_ACTOR
badcf3feba503c211866716ae77b9215186cd3c2,SSA - OMF,ssa - omf,UCDP_ACTOR,NameData,698,USC/SSA - OMF,1,False,9,False,False,True,UCDP_ACTOR
d749b05b050c87132d9147db97a9baeadb923fba,USC,usc,UCDP_ACTOR,NameOrig,698,USC/SSA - OMF,1,True,3,True,False,True,RAD;UCDP_ACTOR
e913dffb153c88793f8d71e983eeca66dc413ef7,SSA - OMF,ssa - omf,UCDP_ACTOR,NameOrig,698,USC/SSA - OMF,1,False,9,False,False,True,UCDP_ACTOR
26371be88ae2fad7116d8bc18643e5971ef8d095,United Somalia Congress,united somalia congress,UCDP_ACTOR,NameOrigFull,698,USC/SSA - OMF,1,False,23,False,False,True,UCDP_ACTOR
9458f2e8b9dbf4478fc8368c62904cd12654065d,Somali Salvation Alliance - Omar Mohamed Mohamud Finish faction,somali salvation alliance - omar mohamed mohamud finish faction,UCDP_ACTOR,NameOrigFull,698,USC/SSA - OMF,1,False,63,False,False,True,UCDP_ACTOR
f482403a64c7f10fba9c535e69d6202e19c74b92,United Somalia Congress,united somalia congress,UCDP_ACTOR,NameOrigFullEng,698,USC/SSA - OMF,1,False,23,False,False,True,UCDP_ACTOR
a796055fa6d77fb042119f84a894f578c8f413af,Somali Salvation Alliance - Omar Mohamed Mohamud Finish faction,somali salvation alliance - omar mohamed mohamud finish faction,UCDP_ACTOR,NameOrigFullEng,698,USC/SSA - OMF,1,False,63,False,False,True,UCDP_ACTOR
cad1fc0baa0b88fe153530d33a6309ef3a4282d8,USC,usc,UCDP_ACTOR,NamePrev,698,USC/SSA - OMF,1,True,3,True,False,True,RAD;UCDP_ACTOR
29d28305651ac99d8959fca0e03ad11cf8ccab0c,SSA,ssa,UCDP_ACTOR,NamePrev,698,USC/SSA - OMF,1,True,3,True,False,True,RAD;UCDP_ACTOR
92565280ad1e600a91056851b7ab0e79b1d7c290,ARPCT,arpct,UCDP_ACTOR,NameAlliance,698,USC/SSA - OMF,1,True,5,False,False,True,UCDP_ACTOR
48a9d6e55f69d355063623c191d4169bab6dc87e,SLDF,sldf,UCDP_ACTOR,NameData,704,SLDF,1,True,4,True,False,True,UCDP_ACTOR
2d9f74b347290e113afd45e453afaeb96c38e356,SLDF,sldf,UCDP_ACTOR,NameOrig,704,SLDF,1,True,4,True,False,True,UCDP_ACTOR
3cd0e3e541db3a348a1389a845a0d7816d43a147,Sabaot Land Defence Force,sabaot land defence force,UCDP_ACTOR,NameOrigFull,704,SLDF,1,False,25,False,False,True,UCDP_ACTOR
8f35c6a2cec9f71e3373e069cc1ab6ee3d6dd202,Sabaot Land Defence Force,sabaot land defence force,UCDP_ACTOR,NameOrigFullEng,704,SLDF,1,False,25,False,False,True,UCDP_ACTOR
7e5c32e471338a0eb5c9ef3028b0ce51f0275557,Mungiki,mungiki,UCDP_ACTOR,NameData,714,Mungiki,1,True,7,False,False,True,UCDP_ACTOR
908826c45d2dd8b62bf49920146ba487042ce291,Mungiki,mungiki,UCDP_ACTOR,NameOrig,714,Mungiki,1,True,7,False,False,True,UCDP_ACTOR
4db4532732d86a6ee762864a18bc0da808fb28e4,Mungiki,mungiki,UCDP_ACTOR,NameOrigFull,714,Mungiki,1,True,7,False,False,True,UCDP_ACTOR
a0cfdc2f8bbf9a089d034cbf7add669d9d42b462,Mungiki,mungiki,UCDP_ACTOR,NameOrigFullEng,714,Mungiki,1,True,7,False,False,True,UCDP_ACTOR
b0c5bb0b5c9fb9827717470319b1aa38f84e0655,MPGK,mpgk,UCDP_ACTOR,NameData,715,MPGK,1,True,4,True,False,True,UCDP_ACTOR
1def4e38bdb42755492b8579ebfcc57aab833959,MPGK,mpgk,UCDP_ACTOR,NameOrig,715,MPGK,1,True,4,True,False,True,UCDP_ACTOR
0337a0f1ff14028340bf99cf33606d83013e8bd4,Mouvement Patriotique Ganda Koy,mouvement patriotique ganda koy,UCDP_ACTOR,NameOrigFull,715,MPGK,1,False,31,False,False,True,UCDP_ACTOR
8bf41f0d5ab319496db6739f096d7951d78ce91b,Patriotic Movement of the Ghanda Koye,patriotic movement of the ghanda koye,UCDP_ACTOR,NameOrigFullEng,715,MPGK,1,False,37,False,False,True,UCDP_ACTOR
a641cb2ec0cd6f8e76b83c87728e11c2cd03fd1a,CM-FPR,cm-fpr,UCDP_ACTOR,NameAlliance,715,MPGK,1,True,6,False,False,True,UCDP_ACTOR
59a5e79d65c6e37fc6b6a7f50717cc9129aa013d,Alliance nationale,alliance nationale,UCDP_ACTOR,NameOrigFull,716,AN,1,False,18,False,False,True,UCDP_ACTOR
bbdbea751c80ec0409cf7e438c3a5f2c77715f63,National Alliance,national alliance,UCDP_ACTOR,NameOrigFullEng,716,AN,1,False,17,False,False,True,RAD;UCDP_ACTOR
ca11702047a1a0783802373e45fb47bdd471c982,Al-Shabaab,al-shabaab,UCDP_ACTOR,NameData,717,Al-Shabaab,1,True,10,False,False,True,RAD;UCDP_ACTOR
62194219b80b8f48a61f20a7eafeccf09292be42,Al-Shabaab,al-shabaab,UCDP_ACTOR,NameOrig,717,Al-Shabaab,1,True,10,False,False,True,RAD;UCDP_ACTOR
7e21135f7e02ad3fe43503b881ae8fdd32e6ace1,Al-Shabaab,al-shabaab,UCDP_ACTOR,NameOrigFull,717,Al-Shabaab,1,True,10,False,False,True,RAD;UCDP_ACTOR
c9126cd6fc04e32c22ced52dcfcd5ce13408fad9,Al-Shabaab,al-shabaab,UCDP_ACTOR,NameOrigFullEng,717,Al-Shabaab,1,True,10,False,False,True,RAD;UCDP_ACTOR
4b8639f16ca967e7ba4b1df33e089b59a869c112,ARS,ars,UCDP_ACTOR,NamePrev,717,Al-Shabaab,1,True,3,True,False,True,UCDP_ACTOR
3ac4bf3be521bc6116b353d76aca9b8f0dd6c2f5,UIC,uic,UCDP_ACTOR,NamePrev,717,Al-Shabaab,1,True,3,True,False,True,UCDP_ACTOR
dff25825dd3c9b4b3d0f1e7ee7966bfba4c96a4b,Popular Revolutionary Movement,popular revolutionary movement,UCDP_ACTOR,NameData,719,Popular Revolutionary Movement,1,False,30,False,False,True,UCDP_ACTOR
f0dc5251f4a81e485258bdd816a66d5f115d0f19,Popular Revolutionary Movement,popular revolutionary movement,UCDP_ACTOR,NameOrig,719,Popular Revolutionary Movement,1,False,30,False,False,True,UCDP_ACTOR
d9fc6aaa541c28a309513f23b8a614e37f37aca7,Popular Revolutionary Movement,popular revolutionary movement,UCDP_ACTOR,NameOrigFullEng,719,Popular Revolutionary Movement,1,False,30,False,False,True,UCDP_ACTOR
0dfaee733c21312e9ca0037f5205ca62db5fdcbe,MNR,mnr,UCDP_ACTOR,NameData,720,MNR,1,True,3,True,False,True,RAD;UCDP_ACTOR
0e9d6f0f36b92d846588e2d0a0ea33f43c8dba4c,MNR,mnr,UCDP_ACTOR,NameOrig,720,MNR,1,True,3,True,False,True,RAD;UCDP_ACTOR
e1b9e12e004086b6adf9dd82fd696fe829c0d8fc,Movimiento nacionalista revolucionario,movimiento nacionalista revolucionario,UCDP_ACTOR,NameOrigFull,720,MNR,1,False,38,False,False,True,UCDP_ACTOR
e52244ef038283f3d7a731c9711352119d138785,National Revolutionary Movement,national revolutionary movement,UCDP_ACTOR,NameOrigFullEng,720,MNR,1,False,31,False,False,True,UCDP_ACTOR
0259684bcda4e6c724efa12c240592db21d8271c,ELN,eln,UCDP_ACTOR,NameData,721,ELN,1,True,3,True,False,True,RAD;UCDP_ACTOR
636093e78ca6f7abe3e404ad55a083e59103329a,ELN,eln,UCDP_ACTOR,NameOrig,721,ELN,1,True,3,True,False,True,RAD;UCDP_ACTOR
45346a4e1d684cc891b7383e8d25447771a31af3,Ejército de liberatión nacional,ejército de liberatión nacional,UCDP_ACTOR,NameOrigFull,721,ELN,1,False,31,False,False,True,UCDP_ACTOR
45b89d87323c24c3e6cc1af0bba27dec6bc1ef60,National Liberation Army,national liberation army,UCDP_ACTOR,NameOrigFullEng,721,ELN,1,False,24,False,False,True,RAD;UCDP_ACTOR
078a12aa840745c68915d3d195ccf017f8b2de13,Opposition coalition (Febreristas,opposition coalition (febreristas,UCDP_ACTOR,NameData,722,"Opposition coalition (Febreristas, Liberals and Communists)",1,False,33,False,False,True,UCDP_ACTOR
b791ebe7d6ed311f782faf6dc0b77c5ee3931d11,Liberals and Communists),liberals and communists),UCDP_ACTOR,NameData,722,"Opposition coalition (Febreristas, Liberals and Communists)",1,False,24,False,False,True,UCDP_ACTOR
5599dcdbecc7103ac7592319c8320fb34e529eb9,Opposition coalition (Febreristas,opposition coalition (febreristas,UCDP_ACTOR,NameOrig,722,"Opposition coalition (Febreristas, Liberals and Communists)",1,False,33,False,False,True,UCDP_ACTOR
52e51d65e0e49857252f1d4bad945f1905a01d8f,Liberals and Communists),liberals and communists),UCDP_ACTOR,NameOrig,722,"Opposition coalition (Febreristas, Liberals and Communists)",1,False,24,False,False,True,UCDP_ACTOR
73c3116daefc5f3cf8afd721e1d9e883c16330ca,Opposition coalition (Febreristas,opposition coalition (febreristas,UCDP_ACTOR,NameOrigFullEng,722,"Opposition coalition (Febreristas, Liberals and Communists)",1,False,33,False,False,True,UCDP_ACTOR
4b2d7052c509a62c4a946ed8f1367ff11e80079e,Liberals and Communists),liberals and communists),UCDP_ACTOR,NameOrigFullEng,722,"Opposition coalition (Febreristas, Liberals and Communists)",1,False,24,False,False,True,UCDP_ACTOR
35940e94b8d8a0d714de44b28d6b050deda3bd76,Military faction (forces of Alfredo Stroessner),military faction (forces of alfredo stroessner),UCDP_ACTOR,NameData,723,Military faction (forces of Alfredo Stroessner),1,False,47,False,False,True,UCDP_ACTOR
fbebd87e9f51ab47c92a0278d7c2a4c3711a77bb,Military faction (forces of Alfredo Stroessner),military faction (forces of alfredo stroessner),UCDP_ACTOR,NameOrig,723,Military faction (forces of Alfredo Stroessner),1,False,47,False,False,True,UCDP_ACTOR
59a5e05cc9a5f4ad873e722a1000a65f3aea5a52,Military faction (forces of Alfredo Stroessner),military faction (forces of alfredo stroessner),UCDP_ACTOR,NameOrigFullEng,723,Military faction (forces of Alfredo Stroessner),1,False,47,False,False,True,UCDP_ACTOR
65333b1ac350fd4e91c94f74bfce683656c807ae,Military faction (forces of Andres Rodriguez),military faction (forces of andres rodriguez),UCDP_ACTOR,NameData,724,Military faction (forces of Andres Rodriguez),1,False,45,False,False,True,RAD;UCDP_ACTOR
a5cffaf2fde8571f586bf9b38c5da7e091bd0239,Military faction (forces of Andres Rodriguez),military faction (forces of andres rodriguez),UCDP_ACTOR,NameOrig,724,Military faction (forces of Andres Rodriguez),1,False,45,False,False,True,RAD;UCDP_ACTOR
e89c219ac2ab4d295e0df94863757722d5fb4b3a,Military faction (forces of Andres Rodriguez),military faction (forces of andres rodriguez),UCDP_ACTOR,NameOrigFullEng,724,Military faction (forces of Andres Rodriguez),1,False,45,False,False,True,RAD;UCDP_ACTOR
68c4af2416df4a5ee7d11a2f44f81331f798b290,National Liberation Army,national liberation army,UCDP_ACTOR,NameData,725,National Liberation Army,1,False,24,False,False,True,RAD;UCDP_ACTOR
d8adf5b0a8228eeca89f08af6402f52b835e7b07,National Liberation Army,national liberation army,UCDP_ACTOR,NameOrig,725,National Liberation Army,1,False,24,False,False,True,RAD;UCDP_ACTOR
2246bd85f6a463b903ed6cbcf9c6e9bb93aec3a6,National Liberation Army,national liberation army,UCDP_ACTOR,NameOrigFullEng,725,National Liberation Army,1,False,24,False,False,True,RAD;UCDP_ACTOR
8942850f974fbd1ff4f783474fa16f741659dff8,Military faction (Guatemala),military faction (guatemala),UCDP_ACTOR,NameData,726,Military faction (Guatemala),1,False,28,False,False,True,UCDP_ACTOR
6c1235fa5546e6d5b3332a006a0ddca792d83267,Military faction (Guatemala),military faction (guatemala),UCDP_ACTOR,NameOrig,726,Military faction (Guatemala),1,False,28,False,False,True,UCDP_ACTOR
f65f4f2e6b29e11d6f860091cc4decd4ff35ddce,Military faction (Guatemala),military faction (guatemala),UCDP_ACTOR,NameOrigFullEng,726,Military faction (Guatemala),1,False,28,False,False,True,UCDP_ACTOR
dcfd5158ca7e92568916338c0486676f41aa894e,Forces of Carlos Castillo Armas,forces of carlos castillo armas,UCDP_ACTOR,NameData,727,Forces of Carlos Castillo Armas,1,False,31,False,False,True,UCDP_ACTOR
494a829a0e521c2995df95ed2efb3d4526feebf5,Forces of Carlos Castillo Armas,forces of carlos castillo armas,UCDP_ACTOR,NameOrig,727,Forces of Carlos Castillo Armas,1,False,31,False,False,True,UCDP_ACTOR
e84035f4b9c54e81d53111bc455d20665e8b6db7,Forces of Carlos Castillo Armas,forces of carlos castillo armas,UCDP_ACTOR,NameOrigFullEng,727,Forces of Carlos Castillo Armas,1,False,31,False,False,True,UCDP_ACTOR
423d2c20210aeb781438ba151434bf5ff2f86e6c,FAR I,far i,UCDP_ACTOR,NameData,728,FAR I,1,False,5,False,False,True,UCDP_ACTOR
45c7662edf9c1fde89d7c7ca7442650beb53fec2,FAR I,far i,UCDP_ACTOR,NameOrig,728,FAR I,1,False,5,False,False,True,UCDP_ACTOR
655db3ee1e2fbe0ada6b9d0c6039ab8a95d807ec,Fuerzas Armadas Rebeldes,fuerzas armadas rebeldes,UCDP_ACTOR,NameOrigFull,728,FAR I,1,False,24,False,False,True,UCDP_ACTOR
e6b2dbdf8b2406c0c02150c041ac62b560405ca1,Rebel Armed Forces,rebel armed forces,UCDP_ACTOR,NameOrigFullEng,728,FAR I,1,False,18,False,False,True,UCDP_ACTOR
545badcbfb696110dec42fcf773355bcdbe199bc,URNG,urng,UCDP_ACTOR,NameAlliance,728,FAR I,1,True,4,True,False,True,RAD;UCDP_ACTOR
f1d49bcd95bc5c3111a41aa35651cdb4e03355bb,FAR II,far ii,UCDP_ACTOR,NameData,729,FAR II,1,False,6,False,False,True,UCDP_ACTOR
a9d59b94f65161ad6dbc2c341eb2f39e7dc33814,FAR II,far ii,UCDP_ACTOR,NameOrig,729,FAR II,1,False,6,False,False,True,UCDP_ACTOR
036b20968cf5d32b9a12ca449c71b2816657673a,Fuerzas Armadas Revolucionarias,fuerzas armadas revolucionarias,UCDP_ACTOR,NameOrigFull,729,FAR II,1,False,31,False,False,True,UCDP_ACTOR
c4647e453d568af624354ee95ebdb9435259493f,Revolutionary Armed Forces,revolutionary armed forces,UCDP_ACTOR,NameOrigFullEng,729,FAR II,1,False,26,False,False,True,UCDP_ACTOR
2562a03644fe6394b5b0a4f71da1a9ceee117294,EGP,egp,UCDP_ACTOR,NameData,730,EGP,1,True,3,True,False,True,UCDP_ACTOR
7670174bfb185ec2b4773f0938aef3fb3def41de,EGP,egp,UCDP_ACTOR,NameOrig,730,EGP,1,True,3,True,False,True,UCDP_ACTOR
082ba128f7aeaeafd47259ed33c4906f06d5bfad,Ejército guerilleros de los pobres,ejército guerilleros de los pobres,UCDP_ACTOR,NameOrigFull,730,EGP,1,False,34,False,False,True,UCDP_ACTOR
3886ee40a61eb6473c13bdcbf1e3c271ac4d0064,Guerilla Army of the Poor,guerilla army of the poor,UCDP_ACTOR,NameOrigFullEng,730,EGP,1,False,25,False,False,True,UCDP_ACTOR
3a0243efdaca1d5f832f23792e4b837d10ea2c2f,URNG,urng,UCDP_ACTOR,NameAlliance,730,EGP,1,True,4,True,False,True,RAD;UCDP_ACTOR
87bfcabcd2b48bbc6d7b7f76d474abe9c9cb51f3,ORPA,orpa,UCDP_ACTOR,NameData,731,ORPA,1,True,4,True,False,True,UCDP_ACTOR
205d72ea47b82542cc603160ac09ee78090b93be,ORPA,orpa,UCDP_ACTOR,NameOrig,731,ORPA,1,True,4,True,False,True,UCDP_ACTOR
3c39c5cdb202b3adb364bfb50d2d5add3144b267,Organización revolucionaria del pueblo en armas,organización revolucionaria del pueblo en armas,UCDP_ACTOR,NameOrigFull,731,ORPA,1,False,47,False,False,True,UCDP_ACTOR
fd74201c6db927199b814c821c9ce00d7dc1cd37,Revolultionary Organization of Armed People,revolultionary organization of armed people,UCDP_ACTOR,NameOrigFullEng,731,ORPA,1,False,43,False,False,True,UCDP_ACTOR
70b56318afd41f4b349b4db9278a89b2b89848d7,FAR I,far i,UCDP_ACTOR,NamePrev,731,ORPA,1,False,5,False,False,True,UCDP_ACTOR
be96cc6233e63489ba870a3d90c1a785ad9bfd12,URNG,urng,UCDP_ACTOR,NameAlliance,731,ORPA,1,True,4,True,False,True,RAD;UCDP_ACTOR
33f2c11a276d0d65eae8c42b01a4249a30dded09,URNG,urng,UCDP_ACTOR,NameData,732,URNG,1,True,4,True,False,True,RAD;UCDP_ACTOR
4ea31de2ec30f4bbe43060a5b3eb8fd576fe47aa,URNG,urng,UCDP_ACTOR,NameOrig,732,URNG,1,True,4,True,False,True,RAD;UCDP_ACTOR
a99cfcb9ba0a5bc086cbd3f0c5609b444df2b5bf,Unidad Revolucionaria nacional guatemalteca,unidad revolucionaria nacional guatemalteca,UCDP_ACTOR,NameOrigFull,732,URNG,1,False,43,False,False,True,RAD;UCDP_ACTOR
e021c3bdb7c6aa3313e3e7fe16011a950e3da372,Guatemalan National Revolutionary Unity,guatemalan national revolutionary unity,UCDP_ACTOR,NameOrigFullEng,732,URNG,1,False,39,False,False,True,RAD;UCDP_ACTOR
cef9763bdd5e8fd6b21048f227fe69f8ac578b02,Puerto Rican Nationalist Party,puerto rican nationalist party,UCDP_ACTOR,NameData,733,Puerto Rican Nationalist Party,1,False,30,False,False,True,UCDP_ACTOR
a02ba2b72c14af3fc625e91aba19fcc2d77a4487,Puerto Rican Nationalist Party,puerto rican nationalist party,UCDP_ACTOR,NameOrig,733,Puerto Rican Nationalist Party,1,False,30,False,False,True,UCDP_ACTOR
c1b3462122cb427e4b917905d032dc89344d8a88,Puerto Rican Nationalist Party,puerto rican nationalist party,UCDP_ACTOR,NameOrigFullEng,733,Puerto Rican Nationalist Party,1,False,30,False,False,True,UCDP_ACTOR
f783d5efe9429c7cde724ce2c902f11be879e135,M-26-7,m-26-7,UCDP_ACTOR,NameData,734,M-26-7,1,True,6,False,False,True,UCDP_ACTOR
655188555cd6739b1848f862f146bcf75190659f,Cuban Revolution Movement (Fidelistas),cuban revolution movement (fidelistas),UCDP_ACTOR,NameOrig,734,M-26-7,1,False,38,False,False,True,UCDP_ACTOR
defa19e631c02e07467d31c9372a5e06b22595c6,Cuban Revolution Movement (Fidelistas),cuban revolution movement (fidelistas),UCDP_ACTOR,NameOrigFullEng,734,M-26-7,1,False,38,False,False,True,UCDP_ACTOR
1dc11aac691a063e4222f7f63fa0549e42bd8ffd,M-26-7,m-26-7,UCDP_ACTOR,NewName,734,M-26-7,1,True,6,False,False,True,UCDP_ACTOR
c24d9546c936dc529f93c733be17f65ead7268e9,Movimiento 26,movimiento 26,UCDP_ACTOR,NewNameFullMotherTongue,734,M-26-7,1,False,13,False,False,True,UCDP_ACTOR
72ce1e6a60a7ba92b0ba6f7eb72b0776e54a8ab5,de Julio,de julio,UCDP_ACTOR,NewNameFullMotherTongue,734,M-26-7,1,False,8,False,False,True,UCDP_ACTOR
e3aa28268ec3cc6627c8f53e8d8b639e37dd95f8,26th of July Movement,26th of july movement,UCDP_ACTOR,NewNameFullEng,734,M-26-7,1,False,21,False,False,True,UCDP_ACTOR
a46347e8a15fa99175ba3f900db76debd2935c1f,Cuban Revolutionary Council,cuban revolutionary council,UCDP_ACTOR,NameData,735,Cuban Revolutionary Council,1,False,27,False,False,True,UCDP_ACTOR
d3043f389bf514416ff3160c7d30255e285c0a8f,Cuban Revolutionary Council,cuban revolutionary council,UCDP_ACTOR,NameOrig,735,Cuban Revolutionary Council,1,False,27,False,False,True,UCDP_ACTOR
1d4b02e2a2c6fc519c3a65d7c631fc9fa26325a2,Cuban Revolutionary Council,cuban revolutionary council,UCDP_ACTOR,NameOrigFullEng,735,Cuban Revolutionary Council,1,False,27,False,False,True,UCDP_ACTOR
724d05bdac34fc20e889b27d4a2a8af409c49723,Military faction (forces of Eduardo A. Lonardi Doucet),military faction (forces of eduardo a. lonardi doucet),UCDP_ACTOR,NameData,736,Military faction (forces of Eduardo A. Lonardi Doucet),1,False,54,False,False,True,UCDP_ACTOR
82c7ba73125fb503cd60277046b0ad8123c2ea8c,Military faction (forces of Eduardo A. Lonardi Doucet),military faction (forces of eduardo a. lonardi doucet),UCDP_ACTOR,NameOrig,736,Military faction (forces of Eduardo A. Lonardi Doucet),1,False,54,False,False,True,UCDP_ACTOR
e4b5e14d9a8a1df19d222bd79d5d18ac9664acc3,Military faction (forces of Eduardo A. Lonardi Doucet),military faction (forces of eduardo a. lonardi doucet),UCDP_ACTOR,NameOrigFullEng,736,Military faction (forces of Eduardo A. Lonardi Doucet),1,False,54,False,False,True,UCDP_ACTOR
8c4518f314b18bacc7268335447f27adf080f44e,Military faction (colorados),military faction (colorados),UCDP_ACTOR,NameData,737,Military faction (colorados),1,False,28,False,False,True,UCDP_ACTOR
d9a9685c03e5dc8a99e4addfc076269bfba36d33,Military faction (colorados),military faction (colorados),UCDP_ACTOR,NameOrig,737,Military faction (colorados),1,False,28,False,False,True,UCDP_ACTOR
6076a5ac887dd094dd497256750c18c69b1ecee6,Military faction (colorados),military faction (colorados),UCDP_ACTOR,NameOrigFullEng,737,Military faction (colorados),1,False,28,False,False,True,UCDP_ACTOR
01c00f267c8e470684f4a83e8b5e45381624aab8,ERP,erp,UCDP_ACTOR,NameData,738,ERP,1,True,3,True,False,True,UCDP_ACTOR
468b960a2fd37cb9f6802ae2f6af0cba203e267d,ERP,erp,UCDP_ACTOR,NameOrig,738,ERP,1,True,3,True,False,True,UCDP_ACTOR
09e662533cead66fb4d06b32c6a9a90f4b967470,Ejército revolucionario del pueblo,ejército revolucionario del pueblo,UCDP_ACTOR,NameOrigFull,738,ERP,1,False,34,False,False,True,UCDP_ACTOR
87e604fbecf0ad8416a4023308f860d9f3de1153,Peoples Revolutionary Army,peoples revolutionary army,UCDP_ACTOR,NameOrigFullEng,738,ERP,1,False,26,False,False,True,UCDP_ACTOR
3d4dbe91b9dad56c1997dbd87a0dac5ed1673482,Montoneros,montoneros,UCDP_ACTOR,NameData,739,Montoneros,1,True,10,False,False,True,UCDP_ACTOR
a4a5c0b0e217b1ef0c34db602c6121f3638561ee,Montoneros,montoneros,UCDP_ACTOR,NameOrig,739,Montoneros,1,True,10,False,False,True,UCDP_ACTOR
8ba00cc9b715de5c830c08726d6a314af6c11b11,Montoneros,montoneros,UCDP_ACTOR,NameOrigFull,739,Montoneros,1,True,10,False,False,True,UCDP_ACTOR
15259377a21dc7514e1a7a40ca1f5f519e521ee1,Montoneros,montoneros,UCDP_ACTOR,NameOrigFullEng,739,Montoneros,1,True,10,False,False,True,UCDP_ACTOR
c84f63f851ddcfa418411159ab940996c61cb12e,Military faction (navy),military faction (navy),UCDP_ACTOR,NameData,740,Military faction (navy),1,False,23,False,False,True,UCDP_ACTOR
e3811472cb919cbb6e629ea5ee997b83d9f7dbad,Military faction (navy),military faction (navy),UCDP_ACTOR,NameOrig,740,Military faction (navy),1,False,23,False,False,True,UCDP_ACTOR
2bef83e674a5e14d038a06acf8f18cf96f531323,Military faction (navy),military faction (navy),UCDP_ACTOR,NameOrigFullEng,740,Military faction (navy),1,False,23,False,False,True,UCDP_ACTOR
ba3f1cc399d1101ac6b812267f1a62a5b276fe5d,Bandera Roja,bandera roja,UCDP_ACTOR,NameData,741,Bandera Roja,1,False,12,False,False,True,UCDP_ACTOR
5bf8b11de547c4a62d7ba10cd9098ec3847daa27,Bandera Roja,bandera roja,UCDP_ACTOR,NameOrig,741,Bandera Roja,1,False,12,False,False,True,UCDP_ACTOR
388a99d8322e54003db99e0c8685f085c66fb769,Bandera Roja,bandera roja,UCDP_ACTOR,NameOrigFull,741,Bandera Roja,1,False,12,False,False,True,UCDP_ACTOR
7e135512c376ee856b2bb1203cc7303d98cabd80,Bandera Roja,bandera roja,UCDP_ACTOR,NameOrigFullEng,741,Bandera Roja,1,False,12,False,False,True,UCDP_ACTOR
eafaff15ff3eaf3dd2392fe392cff0d4212e9d76,Military faction (forces of Hugo Chávez),military faction (forces of hugo chávez),UCDP_ACTOR,NameData,742,Military faction (forces of Hugo Chávez),1,False,40,False,False,True,UCDP_ACTOR
5edc9783ef709b72652b5c3fb3f7c11d4a0fa46a,Military faction (forces of Hugo Chávez),military faction (forces of hugo chávez),UCDP_ACTOR,NameOrig,742,Military faction (forces of Hugo Chávez),1,False,40,False,False,True,UCDP_ACTOR
7509afc40859202f5d2957a174884870231df8c4,Military faction (forces of Hugo Chávez),military faction (forces of hugo chávez),UCDP_ACTOR,NameOrigFullEng,742,Military faction (forces of Hugo Chávez),1,False,40,False,False,True,UCDP_ACTOR
e31f6bc8c2acc133afe9d7db6fb3749e7280f588,FARC,farc,UCDP_ACTOR,NameData,743,FARC,1,True,4,True,False,True,RAD;UCDP_ACTOR
1770ff08542e2ee0bcc63415d76b92bc57916c55,Southern Bloc,southern bloc,UCDP_ACTOR,NameOrig,743,FARC,1,False,13,False,False,True,UCDP_ACTOR
86b8752016e86aaf84de715944ee8aa8ce5fdfb2,Fuerzas armadas revolucionarias colombianas,fuerzas armadas revolucionarias colombianas,UCDP_ACTOR,NameOrigFull,743,FARC,1,False,43,False,False,True,UCDP_ACTOR
0d2814cf954a424581d830e7e290d2c73baf4a74,Revolutionary Armed Forces of Colombia,revolutionary armed forces of colombia,UCDP_ACTOR,NameOrigFullEng,743,FARC,1,False,38,False,False,True,UCDP_ACTOR
d4fc63a8d199cda51aaad919a44f0e4dcb986fd9,FARC,farc,UCDP_ACTOR,NewName,743,FARC,1,True,4,True,False,True,RAD;UCDP_ACTOR
e16cf86f11f688822610ee40e775abb05eb048c8,Fuerzas armadas revolucionarias colombianas,fuerzas armadas revolucionarias colombianas,UCDP_ACTOR,NewNameFullMotherTongue,743,FARC,1,False,43,False,False,True,UCDP_ACTOR
b422de82c3f037be3aaca3b465b54594d01a60cc,Revolutionary Armed Forces of Colombia,revolutionary armed forces of colombia,UCDP_ACTOR,NewNameFullEng,743,FARC,1,False,38,False,False,True,UCDP_ACTOR
77343a6a54c5d1b992927b67c1f9140065d0ea77,ELN,eln,UCDP_ACTOR,NameData,744,ELN,1,True,3,True,False,True,RAD;UCDP_ACTOR
54d28dcfcc6711049203cd9dd8ca2e91b9077fb9,ELN,eln,UCDP_ACTOR,NameOrig,744,ELN,1,True,3,True,False,True,RAD;UCDP_ACTOR
757b7380c582ffa75ceb4c1111b04268763ad662,Ejército de Liberación Nacional,ejército de liberación nacional,UCDP_ACTOR,NameOrigFull,744,ELN,1,False,31,False,False,True,UCDP_ACTOR
939ea9d4747ff7d87d8259cd7b37a6aba2bcc924,National Liberation Army,national liberation army,UCDP_ACTOR,NameOrigFullEng,744,ELN,1,False,24,False,False,True,RAD;UCDP_ACTOR
0ba5f3ae959d8f05f015db4d535c73747e8a1c44,M-19,m-19,UCDP_ACTOR,NameData,745,M-19,1,True,4,True,False,True,UCDP_ACTOR
e50048b723766afbea1531077cbbc1a2abc292a7,M-19,m-19,UCDP_ACTOR,NameOrig,745,M-19,1,True,4,True,False,True,UCDP_ACTOR
e1503828329ae5f5b2131072fb0d797306127f11,Movimiento 19 de Abril,movimiento 19 de abril,UCDP_ACTOR,NameOrigFull,745,M-19,1,False,22,False,False,True,UCDP_ACTOR
cba90f74087177b63cf4380a4160ae6546020fec,19 April Movement,19 april movement,UCDP_ACTOR,NameOrigFullEng,745,M-19,1,False,17,False,False,True,UCDP_ACTOR
1d83656691acb21621fbb4b85ea3e9219bb6a3a4,EPL,epl,UCDP_ACTOR,NameData,746,EPL,1,True,3,True,False,True,RAD;UCDP_ACTOR
8ddb2456c79f9e7fc012366fcf2fbf080590e7ee,EPL,epl,UCDP_ACTOR,NameOrig,746,EPL,1,True,3,True,False,True,RAD;UCDP_ACTOR
1129ec92bf6082394446f0fff146ead6fa245fc6,Ejército popular de liberación,ejército popular de liberación,UCDP_ACTOR,NameOrigFull,746,EPL,1,False,30,False,False,True,UCDP_ACTOR
3c20d610b6b32155bf8e16e0e33f8b3bb870b38f,Peoples Liberation Army,peoples liberation army,UCDP_ACTOR,NameOrigFullEng,746,EPL,1,False,23,False,False,True,RAD;UCDP_ACTOR
a08f10b8a73ba5a1f6ecabe7c57563aa6389c35f,Military faction (constitutionalists),military faction (constitutionalists),UCDP_ACTOR,NameData,747,Military faction (constitutionalists),1,False,37,False,False,True,UCDP_ACTOR
42f15d948fd83664f652dd66ae9051bdb3ec4399,Military faction (constitutionalists),military faction (constitutionalists),UCDP_ACTOR,NameOrig,747,Military faction (constitutionalists),1,False,37,False,False,True,UCDP_ACTOR
2224d8d34d2d62a0b78ff347ee038c197024b207,Military faction (constitutionalists),military faction (constitutionalists),UCDP_ACTOR,NameOrigFullEng,747,Military faction (constitutionalists),1,False,37,False,False,True,UCDP_ACTOR
45076289e8f486fb76e3f676ee14e7d185f34bf3,ELN,eln,UCDP_ACTOR,NameData,748,ELN,1,True,3,True,False,True,RAD;UCDP_ACTOR
51818e914844b8f4766aa2615cf2ffaa338a49f6,ELN,eln,UCDP_ACTOR,NameOrig,748,ELN,1,True,3,True,False,True,RAD;UCDP_ACTOR
3c32dc5bad8ab5197d639f73bbd7c1981ff22bf9,Ejército de la liberación nacional,ejército de la liberación nacional,UCDP_ACTOR,NameOrigFull,748,ELN,1,False,34,False,False,True,UCDP_ACTOR
809f55e43b881d6426679e98ea8eaccf1c0502fc,National Liberation Army,national liberation army,UCDP_ACTOR,NameOrigFullEng,748,ELN,1,False,24,False,False,True,RAD;UCDP_ACTOR
1cf6f175d1e77d9480fcdb3f8bb9a393cdc0ec8c,MIR,mir,UCDP_ACTOR,NameData,749,MIR,1,True,3,True,False,True,UCDP_ACTOR
dd15e585bced70aa6e7f8f49358e911bf2b57b2b,MIR,mir,UCDP_ACTOR,NameOrig,749,MIR,1,True,3,True,False,True,UCDP_ACTOR
b660ef0c9134c15e058aa893b079c09b502dd873,Movimiento de la izquierda revolucionaria,movimiento de la izquierda revolucionaria,UCDP_ACTOR,NameOrigFull,749,MIR,1,False,41,False,False,True,UCDP_ACTOR
1d4a7ae7570df8ba8c6e795d4c5a062538abbe9f,Movement of the Revolutionary Left,movement of the revolutionary left,UCDP_ACTOR,NameOrigFullEng,749,MIR,1,False,34,False,False,True,UCDP_ACTOR
b7393b71c339b0c62df6f822377a48fa0ecd55c0,Sendero Luminoso,sendero luminoso,UCDP_ACTOR,NameData,750,Sendero Luminoso,1,False,16,False,False,True,RAD;UCDP_ACTOR
8a7d39c4c0bbfbb0a4c7d4bd5f67972dcdfcfef1,Sendero Luminoso,sendero luminoso,UCDP_ACTOR,NameOrig,750,Sendero Luminoso,1,False,16,False,False,True,RAD;UCDP_ACTOR
043f5fb291f01404968d781a54bd0e1b4576b2c1,Sendero Luminoso,sendero luminoso,UCDP_ACTOR,NameOrigFull,750,Sendero Luminoso,1,False,16,False,False,True,RAD;UCDP_ACTOR
fd970cda2840db3f85105e48c41352b725ca1bba,Shining Path,shining path,UCDP_ACTOR,NameOrigFullEng,750,Sendero Luminoso,1,False,12,False,False,True,UCDP_ACTOR
f56b8462075acfb524de545cd9637caa18271215,MRTA,mrta,UCDP_ACTOR,NameData,751,MRTA,1,True,4,True,False,True,RAD;UCDP_ACTOR
c67e3798edf7db6e37fbc8e8c637158c1ca8845c,MRTA,mrta,UCDP_ACTOR,NameOrig,751,MRTA,1,True,4,True,False,True,RAD;UCDP_ACTOR
a631f361183d42c93f724d9a1636c06eb3db5c2d,Movimiento revolucionario Tupac Amaru,movimiento revolucionario tupac amaru,UCDP_ACTOR,NameOrigFull,751,MRTA,1,False,37,False,False,True,UCDP_ACTOR
d4bca3d4f7fa45f56d1069b33aa226a15cef2cea,Tupac Amaru Revolutionary Movement,tupac amaru revolutionary movement,UCDP_ACTOR,NameOrigFullEng,751,MRTA,1,False,34,False,False,True,UCDP_ACTOR
c11a984c45df0304379a124ddeccf534e512a882,Military faction (forces of Benjamin Mejia),military faction (forces of benjamin mejia),UCDP_ACTOR,NameData,752,Military faction (forces of Benjamin Mejia),1,False,43,False,False,True,UCDP_ACTOR
42ce33ed2b5d5aa0f7aec7786c9eefcb98c6cd5c,Military faction (forces of Benjamin Mejia),military faction (forces of benjamin mejia),UCDP_ACTOR,NameOrig,752,Military faction (forces of Benjamin Mejia),1,False,43,False,False,True,UCDP_ACTOR
49dcea246732f178446bc38b88ff7cc6a69666b1,Military faction (forces of Benjamin Mejia),military faction (forces of benjamin mejia),UCDP_ACTOR,NameOrigFullEng,752,Military faction (forces of Benjamin Mejia),1,False,43,False,False,True,UCDP_ACTOR
2a975cee3e1fa84c66b1d58766c25ac1613b46d6,ERP,erp,UCDP_ACTOR,NameData,753,ERP,1,True,3,True,False,True,UCDP_ACTOR
cee975fa17ca9773c7e18195c9e077f49d011256,ERP,erp,UCDP_ACTOR,NameOrig,753,ERP,1,True,3,True,False,True,UCDP_ACTOR
a64937c28099a9316569cc56074bec7e3c939770,Ejército revolucionario del pueblo,ejército revolucionario del pueblo,UCDP_ACTOR,NameOrigFull,753,ERP,1,False,34,False,False,True,UCDP_ACTOR
fb5a3e21f45a8e36c9e2c47e39e0479cc0a05f99,Peoples Revolutionary Army,peoples revolutionary army,UCDP_ACTOR,NameOrigFullEng,753,ERP,1,False,26,False,False,True,UCDP_ACTOR
c7e5efbeb9805ca558fa4fd532240aa107a02ea8,FMLN,fmln,UCDP_ACTOR,NameAlliance,753,ERP,1,True,4,True,False,True,UCDP_ACTOR
5ebf7efc86c4b87e09756c85be9fc6889d8d73b3,FPL,fpl,UCDP_ACTOR,NameData,754,FPL,1,True,3,True,False,True,UCDP_ACTOR
eddf7795f6235b9bbef1417218e706280526c40e,FPL,fpl,UCDP_ACTOR,NameOrig,754,FPL,1,True,3,True,False,True,UCDP_ACTOR
38160daeb2e693eac4d153c93758b8103aaf98d6,Fuerzas populares de liberación farabundo Marti,fuerzas populares de liberación farabundo marti,UCDP_ACTOR,NameOrigFull,754,FPL,1,False,47,False,False,True,UCDP_ACTOR
334695a8cb08cbae2787cacb85d51ecefae2fbcc,Farabundo Marti Popular Liberation Forces,farabundo marti popular liberation forces,UCDP_ACTOR,NameOrigFullEng,754,FPL,1,False,41,False,False,True,UCDP_ACTOR
4d7346d40a191a2aaed10c5914bac5344051328a,FMLN,fmln,UCDP_ACTOR,NameAlliance,754,FPL,1,True,4,True,False,True,UCDP_ACTOR
40edd0b1480eedc0e077e7a6d9a6d200f2181ff7,FMLN,fmln,UCDP_ACTOR,NameData,755,FMLN,1,True,4,True,False,True,UCDP_ACTOR
88cdc5550068bdca02bc02ad3619e64a25c21c63,DRU,dru,UCDP_ACTOR,NameOrig,755,FMLN,1,True,3,True,False,True,UCDP_ACTOR
fe19310e216f1d5e8012307f7d9cd02ed9c1c48b,Direción Revolucionaria Unificada,direción revolucionaria unificada,UCDP_ACTOR,NameOrigFull,755,FMLN,1,False,33,False,False,True,UCDP_ACTOR
d055498eb84f8495e77b4fed2c2304c32d7d53af,Unified Revolutionary Directorate,unified revolutionary directorate,UCDP_ACTOR,NameOrigFullEng,755,FMLN,1,False,33,False,False,True,UCDP_ACTOR
cd8a33d1b095ab06ec3ed999906ebdff62e20ae8,FMLN,fmln,UCDP_ACTOR,NewName,755,FMLN,1,True,4,True,False,True,UCDP_ACTOR
cbff56547de3e6dc0d3025684f6a0e1225f607ff,Frente farabundo Marti para la liberación nacional,frente farabundo marti para la liberación nacional,UCDP_ACTOR,NewNameFullMotherTongue,755,FMLN,1,False,50,False,False,True,UCDP_ACTOR
0a92807cd46d63c0e703787b8997c038faa18edf,Farabundo Marti Front for National Liberation,farabundo marti front for national liberation,UCDP_ACTOR,NewNameFullEng,755,FMLN,1,False,45,False,False,True,UCDP_ACTOR
3938f47696d0a208fd0a3b86a85737121751cbaa,MLN,mln,UCDP_ACTOR,NameData,756,MLN/Tupamaros,1,True,3,True,False,True,UCDP_ACTOR
1242405544bb0e226d74a6631cf652cdc2a423e0,Tupamaros,tupamaros,UCDP_ACTOR,NameData,756,MLN/Tupamaros,1,True,9,False,False,True,UCDP_ACTOR
218a941d5ccd642b987834b08cc967eb7857d532,MLN,mln,UCDP_ACTOR,NameOrig,756,MLN/Tupamaros,1,True,3,True,False,True,UCDP_ACTOR
e3bda8880e4b3eb5c00315246b5fc4a855711861,Tupamaros,tupamaros,UCDP_ACTOR,NameOrig,756,MLN/Tupamaros,1,True,9,False,False,True,UCDP_ACTOR
4405bfcc59794d222af3c2922f88d233175a3313,Movimiento de liberación nacional,movimiento de liberación nacional,UCDP_ACTOR,NameOrigFull,756,MLN/Tupamaros,1,False,33,False,False,True,UCDP_ACTOR
a9742d4563ff0eba7c921a68209191925f704b19,Tupamaros,tupamaros,UCDP_ACTOR,NameOrigFull,756,MLN/Tupamaros,1,True,9,False,False,True,UCDP_ACTOR
b6194876f4af8042d6fe9da5d3303f5954cd6ffe,Movement of National Liberation,movement of national liberation,UCDP_ACTOR,NameOrigFullEng,756,MLN/Tupamaros,1,False,31,False,False,True,UCDP_ACTOR
4ae0326a7579708ef7227829bf4db0889eede701,Tupamaros,tupamaros,UCDP_ACTOR,NameOrigFullEng,756,MLN/Tupamaros,1,True,9,False,False,True,UCDP_ACTOR
f7cfd806475109c4a8e51c6b78e054aac5495f70,Military faction (forces of Augusto Pinochet,military faction (forces of augusto pinochet,UCDP_ACTOR,NameData,757,"Military faction (forces of Augusto Pinochet, Toribio Merino and Leigh Guzman)",1,False,44,False,False,True,UCDP_ACTOR
c02ba11a25175325dbb39abeeb7420ce5dce3458,Toribio Merino and Leigh Guzman),toribio merino and leigh guzman),UCDP_ACTOR,NameData,757,"Military faction (forces of Augusto Pinochet, Toribio Merino and Leigh Guzman)",1,False,32,False,False,True,UCDP_ACTOR
96bcf18598c4ee8ec2e1c6262390229ba01a4f6b,Military faction (forces of Augusto Pinochet,military faction (forces of augusto pinochet,UCDP_ACTOR,NameOrig,757,"Military faction (forces of Augusto Pinochet, Toribio Merino and Leigh Guzman)",1,False,44,False,False,True,UCDP_ACTOR
a79a9115b80044adcb238db256e26f6b9f4c7b5b,Toribio Merino and Leigh Guzman),toribio merino and leigh guzman),UCDP_ACTOR,NameOrig,757,"Military faction (forces of Augusto Pinochet, Toribio Merino and Leigh Guzman)",1,False,32,False,False,True,UCDP_ACTOR
05254132ca93c2606e6e300b4bbccb1d6425321f,Military faction (forces of Augusto Pinochet,military faction (forces of augusto pinochet,UCDP_ACTOR,NameOrigFullEng,757,"Military faction (forces of Augusto Pinochet, Toribio Merino and Leigh Guzman)",1,False,44,False,False,True,UCDP_ACTOR
9f1d37f3884817e2beef73b11cde0ce9e5bf29f5,Toribio Merino and Leigh Guzman),toribio merino and leigh guzman),UCDP_ACTOR,NameOrigFullEng,757,"Military faction (forces of Augusto Pinochet, Toribio Merino and Leigh Guzman)",1,False,32,False,False,True,UCDP_ACTOR
42cb7ac248990ba1ce8cf34856e9e711c759d342,FSLN,fsln,UCDP_ACTOR,NameData,758,FSLN,1,True,4,True,False,True,UCDP_ACTOR
b17391cfbe24406edf8e5b5684051643e9cf2ab7,FSLN,fsln,UCDP_ACTOR,NameOrig,758,FSLN,1,True,4,True,False,True,UCDP_ACTOR
8fe3e188cc7c3cae51dedfd97c50b992336f1d7c,Frente Sandinista de liberación nacional,frente sandinista de liberación nacional,UCDP_ACTOR,NameOrigFull,758,FSLN,1,False,40,False,False,True,UCDP_ACTOR
9e9064541f9e99e04d96f95550d6f975945ab9e7,Sandinista National Liberation Front,sandinista national liberation front,UCDP_ACTOR,NameOrigFullEng,758,FSLN,1,False,36,False,False,True,UCDP_ACTOR
a4a7586919786aea385c61c3e9b418602377df06,Contras,contras,UCDP_ACTOR,NameData,759,Contras,1,True,7,False,False,True,UCDP_ACTOR
0b05cabd2229abd05e6d94a115f85758623694ae,Contras,contras,UCDP_ACTOR,NameOrig,759,Contras,1,True,7,False,False,True,UCDP_ACTOR
501de90bdfc7809947aba616783eda15f79a6400,Contrarevolucionarios,contrarevolucionarios,UCDP_ACTOR,NameOrigFull,759,Contras,1,True,21,False,False,True,UCDP_ACTOR
60ea1b2f2ac276821b4cab9078d097b992f63cca,Counterrevolutionaries,counterrevolutionaries,UCDP_ACTOR,NameOrigFullEng,759,Contras,1,True,22,False,False,True,UCDP_ACTOR
27aadd34f68cd56e465bcd06bf287a2b452cb66d,SLA,sla,UCDP_ACTOR,NameData,760,SLA,1,True,3,True,False,True,UCDP_ACTOR
1b2d6b855e5c3878c7df4f00f0508f2e8ba99096,SLA,sla,UCDP_ACTOR,NameOrig,760,SLA,1,True,3,True,False,True,UCDP_ACTOR
9780c8afe4939260e629b6eb1574b2f18a60468d,Surinamese Liberation Army,surinamese liberation army,UCDP_ACTOR,NameOrigFullEng,760,SLA,1,False,26,False,False,True,UCDP_ACTOR
687380bcefae7844510446e16ee0afc68228b253,Military faction (forces of Moisés Giroldi),military faction (forces of moisés giroldi),UCDP_ACTOR,NameData,761,Military faction (forces of Moisés Giroldi),1,False,43,False,False,True,UCDP_ACTOR
d89ee5f47ea92c10a6268e50da70f4e4ba5ff506,Military faction (forces of Moisés Giroldi),military faction (forces of moisés giroldi),UCDP_ACTOR,NameOrig,761,Military faction (forces of Moisés Giroldi),1,False,43,False,False,True,UCDP_ACTOR
442cffd95195d4f581038e81569721b5912800c4,Military faction (forces of Moisés Giroldi),military faction (forces of moisés giroldi),UCDP_ACTOR,NameOrigFullEng,761,Military faction (forces of Moisés Giroldi),1,False,43,False,False,True,UCDP_ACTOR
503138ad9ea5ef212191333eb8d50fdd7f4e3a86,Jamaat al-Muslimeen,jamaat al-muslimeen,UCDP_ACTOR,NameData,762,Jamaat al-Muslimeen,1,False,19,False,False,True,RAD;UCDP_ACTOR
5296358b2002eb3b8063f6189d4d62d8be7f1be2,Jamaat al-Muslimeen,jamaat al-muslimeen,UCDP_ACTOR,NameOrig,762,Jamaat al-Muslimeen,1,False,19,False,False,True,RAD;UCDP_ACTOR
38d32e0ccd890beef969327b6fcb8af6d1319b19,Jamaat al-Muslimeen,jamaat al-muslimeen,UCDP_ACTOR,NameOrigFull,762,Jamaat al-Muslimeen,1,False,19,False,False,True,RAD;UCDP_ACTOR
9d6e8eeb6716bb62d53d16b97282886fb4578af8,Muslim Society,muslim society,UCDP_ACTOR,NameOrigFullEng,762,Jamaat al-Muslimeen,1,False,14,False,False,True,UCDP_ACTOR
bd4ddc70771093c7c469b113a4c0b92fc0d239af,Military faction (forces of Himmler Rebu and Guy Francois),military faction (forces of himmler rebu and guy francois),UCDP_ACTOR,NameData,763,Military faction (forces of Himmler Rebu and Guy Francois),1,False,58,False,False,True,RAD;UCDP_ACTOR
04a3e144db7c8c592b69e0c66756d079c6c72ea2,Military faction (forces of Himmler Rebu and Guy Francois),military faction (forces of himmler rebu and guy francois),UCDP_ACTOR,NameOrig,763,Military faction (forces of Himmler Rebu and Guy Francois),1,False,58,False,False,True,RAD;UCDP_ACTOR
a74f5e3ac443475fb4ee4756ef757649038ef2eb,Military faction (forces of Himmler Rebu and Guy Francois),military faction (forces of himmler rebu and guy francois),UCDP_ACTOR,NameOrigFullEng,763,Military faction (forces of Himmler Rebu and Guy Francois),1,False,58,False,False,True,RAD;UCDP_ACTOR
ed2275d5085ab19fe3bacf979d3543832cfcf0b3,Military faction (forces of Raol Cédras),military faction (forces of raol cédras),UCDP_ACTOR,NameData,764,Military faction (forces of Raol Cédras),1,False,40,False,False,True,UCDP_ACTOR
8b37d844ca91bc31be4cbe63a779d13d393392a5,Military faction (forces of Raol Cédras),military faction (forces of raol cédras),UCDP_ACTOR,NameOrig,764,Military faction (forces of Raol Cédras),1,False,40,False,False,True,UCDP_ACTOR
2f1d8c9e64aa44b8bac6409ff9468aaa504faaf6,Military faction (forces of Raol Cédras),military faction (forces of raol cédras),UCDP_ACTOR,NameOrigFullEng,764,Military faction (forces of Raol Cédras),1,False,40,False,False,True,UCDP_ACTOR
419e4264835546303b4d9796a96de4c04d79ecb3,FLRN,flrn,UCDP_ACTOR,NameData,765,FLRN,1,True,4,True,False,True,RAD;UCDP_ACTOR
46d905197750c4fd3da2bc54b6efd67b50e43ce4,FLRN,flrn,UCDP_ACTOR,NameOrig,765,FLRN,1,True,4,True,False,True,RAD;UCDP_ACTOR
b3890c48a54d17cf6d7d5222d714059546a378f1,Front pour la Liberación et la Reconstruction Nationales,front pour la liberación et la reconstruction nationales,UCDP_ACTOR,NameOrigFull,765,FLRN,1,False,56,False,False,True,RAD;UCDP_ACTOR
143fec790ebcce3a4477f46905acbb66c08e8f71,National Front for the Liberation of Haiti,national front for the liberation of haiti,UCDP_ACTOR,NameOrigFullEng,765,FLRN,1,False,42,False,False,True,RAD;UCDP_ACTOR
792cff6b21a96b689cc5ca21a777104328378ab1,OP Lavalas,op lavalas,UCDP_ACTOR,NameData,766,OP Lavalas,1,False,10,False,False,True,UCDP_ACTOR
a0d8ee1efa32b3ed25e1a4cd55208bdb517bc7be,OP Lavalas,op lavalas,UCDP_ACTOR,NameOrig,766,OP Lavalas,1,False,10,False,False,True,UCDP_ACTOR
a2a180b23fbe6283c811516c4e6ee599e4ab27a2,Organisations Populaires Lavalas,organisations populaires lavalas,UCDP_ACTOR,NameOrigFull,766,OP Lavalas,1,False,32,False,False,True,RAD;UCDP_ACTOR
6cff95017ee30761dfac9ea5780547e2142fbee1,Popular Organisations Lavalas,popular organisations lavalas,UCDP_ACTOR,NameOrigFullEng,766,OP Lavalas,1,False,29,False,False,True,RAD;UCDP_ACTOR
5bfd943f2cce58ee7a0a11385521c75c9372cae2,EZLN,ezln,UCDP_ACTOR,NameData,767,EZLN,1,True,4,True,False,True,RAD;UCDP_ACTOR
3c3871dc1d6a70b1a84f9a3258747f5996987ca7,EZLN,ezln,UCDP_ACTOR,NameOrig,767,EZLN,1,True,4,True,False,True,RAD;UCDP_ACTOR
8329b2484b7cdb4d326b30a58635ae527856b305,Ejército Zapatista de liberación nacional,ejército zapatista de liberación nacional,UCDP_ACTOR,NameOrigFull,767,EZLN,1,False,41,False,False,True,RAD;UCDP_ACTOR
c77aac2f5306baa87d709b4dc86e3cd4185a429e,Zapatista National Liberation Army,zapatista national liberation army,UCDP_ACTOR,NameOrigFullEng,767,EZLN,1,False,34,False,False,True,RAD;UCDP_ACTOR
988df61787536ace66b1dcf45d4cdf55d9b2629c,EPR,epr,UCDP_ACTOR,NameData,768,EPR,1,True,3,True,False,True,RAD;UCDP_ACTOR
09aacb64fe6b6a81a6bef4645d9cd73448870888,EPR,epr,UCDP_ACTOR,NameOrig,768,EPR,1,True,3,True,False,True,RAD;UCDP_ACTOR
89c1452b48f972093aa5cedf5863c8f515b7d673,Ejercito Popular Revolucionario,ejercito popular revolucionario,UCDP_ACTOR,NameOrigFull,768,EPR,1,False,31,False,False,True,RAD;UCDP_ACTOR
888778753ad7a3774926b058bdd9dc1f3a1466c2,Popular Revolutionary Army,popular revolutionary army,UCDP_ACTOR,NameOrigFullEng,768,EPR,1,False,26,False,False,True,RAD;UCDP_ACTOR
fe31835e68fc6f74e17735f2cc13feb69bf980b6,al-Qaida,al-qaida,UCDP_ACTOR,NameData,769,al-Qaida,1,True,8,False,False,True,RAD;UCDP_ACTOR
b3e73b1a29da109d68439f6fbf78c62c980027aa,al-Qaida,al-qaida,UCDP_ACTOR,NameOrig,769,al-Qaida,1,True,8,False,False,True,RAD;UCDP_ACTOR
703cf4f79fbe03de4b44a289871a3c6dbb696604,al-Qaida,al-qaida,UCDP_ACTOR,NameOrigFull,769,al-Qaida,1,True,8,False,False,True,RAD;UCDP_ACTOR
d1111b788006f6e5f1c4e962ac9a7f9db5bd8d14,The Base,the base,UCDP_ACTOR,NameOrigFullEng,769,al-Qaida,1,False,8,False,False,True,UCDP_ACTOR
11ff7f766c94dd9df17c87318ed509334db9bb00,ACCU,accu,UCDP_ACTOR,NameData,770,ACCU,1,True,4,True,False,True,UCDP_ACTOR
e58157aaad4c89cc7998e657c5811577291eb2f3,ACCU,accu,UCDP_ACTOR,NameOrig,770,ACCU,1,True,4,True,False,True,UCDP_ACTOR
d8f9c773b33ae7c265733dee08d14a0ce33c409f,Autodefensas Campesinas de Córdoba y Urabá,autodefensas campesinas de córdoba y urabá,UCDP_ACTOR,NameOrigFull,770,ACCU,1,False,42,False,False,True,UCDP_ACTOR
7c9c1697a69e44ff84ba299bc71e5f9f0e13171c,Peasant Self-Defense Groups of Córdoba and Urabá,peasant self-defense groups of córdoba and urabá,UCDP_ACTOR,NameOrigFullEng,770,ACCU,1,False,48,False,False,True,UCDP_ACTOR
b46958b177c00a7ee45020dcb0cc0d841ca117d8,AUC,auc,UCDP_ACTOR,NameAlliance,770,ACCU,1,True,3,True,False,True,RAD;UCDP_ACTOR
a69b4e10cb3fe468ee9872283ee6659a4d8ef6d8,AUC,auc,UCDP_ACTOR,NameData,771,AUC,1,True,3,True,False,True,RAD;UCDP_ACTOR
45b2917f610167a229a8323769541ecd7fa589ac,AUC,auc,UCDP_ACTOR,NameOrig,771,AUC,1,True,3,True,False,True,RAD;UCDP_ACTOR
dbc625e9b0d6196f358fb2c0a1fcd73d6561c672,Autodefensas Unidas de Colombia,autodefensas unidas de colombia,UCDP_ACTOR,NameOrigFull,771,AUC,1,False,31,False,False,True,UCDP_ACTOR
a1d21cd8b99390e411cd092dd8bc127f1a18def4,United Self-Defence forces of Colombia,united self-defence forces of colombia,UCDP_ACTOR,NameOrigFullEng,771,AUC,1,False,38,False,False,True,RAD;UCDP_ACTOR
899914781f6c4ad1e01407e8277c13a899cc3df5,Comando Vermelho,comando vermelho,UCDP_ACTOR,NameData,772,Comando Vermelho,1,False,16,False,False,True,UCDP_ACTOR
a907a51929e86bba37a5dd047b324f6aed96d20a,Comando Vermelho,comando vermelho,UCDP_ACTOR,NameOrig,772,Comando Vermelho,1,False,16,False,False,True,UCDP_ACTOR
f4bd3aafe2ce8bfdcbdeee5dee9dec04637ea609,Comando Vermelho,comando vermelho,UCDP_ACTOR,NameOrigFull,772,Comando Vermelho,1,False,16,False,False,True,UCDP_ACTOR
41e6b3489fc9c1705c7f347f4d203d130a1220c4,Red Command,red command,UCDP_ACTOR,NameOrigFullEng,772,Comando Vermelho,1,False,11,False,False,True,UCDP_ACTOR
97c35eed7f6447d0484c852c32595ee8c31a2755,Medellín Cartel,medellín cartel,UCDP_ACTOR,NameData,774,Medellín Cartel,1,False,15,False,False,True,UCDP_ACTOR
ad828dfa2c76e1b8491e1994e571fdbd2cf17ff9,Medellín Cartel,medellín cartel,UCDP_ACTOR,NameOrig,774,Medellín Cartel,1,False,15,False,False,True,UCDP_ACTOR
dc4fe5956c0de5aad9eeea5ca22d5e36ca3011df,Cartel de Medellín,cartel de medellín,UCDP_ACTOR,NameOrigFull,774,Medellín Cartel,1,False,18,False,False,True,UCDP_ACTOR
9c8f989180d70bee82990d28cf62c65943c4198b,Medellín Cartel,medellín cartel,UCDP_ACTOR,NameOrigFullEng,774,Medellín Cartel,1,False,15,False,False,True,UCDP_ACTOR
93589e4b52f1cd3c6b2a0e1870fd5f0430786231,Sinaloa Cartel,sinaloa cartel,UCDP_ACTOR,NameData,775,Sinaloa Cartel,1,False,14,False,False,True,UCDP_ACTOR
efc709218b2b87cd900ee7b4f831341059ff70e8,Sinaloa Cartel,sinaloa cartel,UCDP_ACTOR,NameOrig,775,Sinaloa Cartel,1,False,14,False,False,True,UCDP_ACTOR
4edccf7d097f59860dbc9dadcf1b5d1bbb7b8a28,Cártel de Sinaloa,cártel de sinaloa,UCDP_ACTOR,NameOrigFull,775,Sinaloa Cartel,1,False,17,False,False,True,UCDP_ACTOR
4e907297cca530f0aef50dec4445f9b3fadeb1f1,Sinaloa Cartel,sinaloa cartel,UCDP_ACTOR,NameOrigFullEng,775,Sinaloa Cartel,1,False,14,False,False,True,UCDP_ACTOR
89c600703c97d04d0ec58b821ae4ab3e7f88c5fd,M18 (Guatemala),m18 (guatemala),UCDP_ACTOR,NameData,776,M18 (Guatemala),1,False,15,False,False,True,UCDP_ACTOR
fdbdb26dc48f5cfa45ae8f0ed4975afaac0247fa,M18 (Guatemala),m18 (guatemala),UCDP_ACTOR,NameOrig,776,M18 (Guatemala),1,False,15,False,False,True,UCDP_ACTOR
68ffad7ae52c42f9d767664bfb7c6af32a7ad1fe,Mara 18 (Guatemala),mara 18 (guatemala),UCDP_ACTOR,NameOrigFull,776,M18 (Guatemala),1,False,19,False,False,True,UCDP_ACTOR
ae08ed375510c0d662f8bfb850a3f79799892a61,Mara 18 (Guatemala),mara 18 (guatemala),UCDP_ACTOR,NameOrigFullEng,776,M18 (Guatemala),1,False,19,False,False,True,UCDP_ACTOR
5f3037c7b9013e0047f97da333b09c6f593272b6,MS-13 (Guatemala),ms-13 (guatemala),UCDP_ACTOR,NameData,777,MS-13 (Guatemala),1,False,17,False,False,True,UCDP_ACTOR
6be1157e019377627c1ad5e3d9f1beed33d18a62,MS-13 (Guatemala),ms-13 (guatemala),UCDP_ACTOR,NameOrig,777,MS-13 (Guatemala),1,False,17,False,False,True,UCDP_ACTOR
5596dd144ab72909de5246c6238b080fd75d7864,Mara Salvatrucha (Guatemala),mara salvatrucha (guatemala),UCDP_ACTOR,NameOrigFull,777,MS-13 (Guatemala),1,False,28,False,False,True,UCDP_ACTOR
12c1fc0e56eac7c069caa5b580753242aa2538bd,Mara Salvatrucha (Guatemala),mara salvatrucha (guatemala),UCDP_ACTOR,NameOrigFullEng,777,MS-13 (Guatemala),1,False,28,False,False,True,UCDP_ACTOR
2afc4cac24784775ffd4be5aabcfc3756975a84c,MS-13 (Honduras),ms-13 (honduras),UCDP_ACTOR,NameData,778,MS-13 (Honduras),1,False,16,False,False,True,UCDP_ACTOR
b9d01c156ee844046871687116aa4c3b3695f067,MS-13 (Honduras),ms-13 (honduras),UCDP_ACTOR,NameOrig,778,MS-13 (Honduras),1,False,16,False,False,True,UCDP_ACTOR
ad071637583dcbcc9cb2d764b7723dd1fd44e9db,Mara Salvatrucha (Honduras),mara salvatrucha (honduras),UCDP_ACTOR,NameOrigFull,778,MS-13 (Honduras),1,False,27,False,False,True,UCDP_ACTOR
a229b2494d4183deaac6f7c63a076a0abc758e9f,Mara Salvatrucha (Honduras),mara salvatrucha (honduras),UCDP_ACTOR,NameOrigFullEng,778,MS-13 (Honduras),1,False,27,False,False,True,UCDP_ACTOR
6a6d9789bb59a8d806f20ba4a89cf770e39717a4,Paz y Justicia,paz y justicia,UCDP_ACTOR,NameData,779,Paz y Justicia,1,False,14,False,False,True,UCDP_ACTOR
1b433d1183bd24d49a58bb18418a5db16512874c,Paz y Justicia,paz y justicia,UCDP_ACTOR,NameOrig,779,Paz y Justicia,1,False,14,False,False,True,UCDP_ACTOR
ce91aad702e35289ee0d55486e7d9b9480b9d156,Paz y Justicia,paz y justicia,UCDP_ACTOR,NameOrigFull,779,Paz y Justicia,1,False,14,False,False,True,UCDP_ACTOR
3155060ec8fed415bcf5ad46e15ff6c0b7575486,Peace and Justice,peace and justice,UCDP_ACTOR,NameOrigFullEng,779,Paz y Justicia,1,False,17,False,False,True,RAD;UCDP_ACTOR
44e15556f0a5bd9c5bb07eead3c9fab639efcb94,Terceiro Comando,terceiro comando,UCDP_ACTOR,NameData,781,Terceiro Comando,1,False,16,False,False,True,UCDP_ACTOR
8a45e4ab56d05e23e7e723d2909cb1b9909866a8,Terceiro Comando,terceiro comando,UCDP_ACTOR,NameOrig,781,Terceiro Comando,1,False,16,False,False,True,UCDP_ACTOR
818948c55f7365860d0c9fc9c3cd004dcdda92d6,Terceiro Comando,terceiro comando,UCDP_ACTOR,NameOrigFull,781,Terceiro Comando,1,False,16,False,False,True,UCDP_ACTOR
a62f8e1383cd51d66ff0ff9a0eb0bcd3968b52a0,Third Command,third command,UCDP_ACTOR,NameOrigFullEng,781,Terceiro Comando,1,False,13,False,False,True,UCDP_ACTOR
c488aaa5367bf7b55f3932dfef51e85a994325a4,Gulf Cartel,gulf cartel,UCDP_ACTOR,NameData,782,Gulf Cartel,1,False,11,False,False,True,UCDP_ACTOR
f5c87d5bb948a059582620ecc1256525f9adc1df,Gulf Cartel,gulf cartel,UCDP_ACTOR,NameOrig,782,Gulf Cartel,1,False,11,False,False,True,UCDP_ACTOR
9b38e5fd5f035d66ee93a460097f8c9dbcf97d5f,Cártel del Golfo,cártel del golfo,UCDP_ACTOR,NameOrigFull,782,Gulf Cartel,1,False,16,False,False,True,UCDP_ACTOR
9f5665eb8adae827a5f2477ee72e4b74919b840d,Gulf Cartel,gulf cartel,UCDP_ACTOR,NameOrigFullEng,782,Gulf Cartel,1,False,11,False,False,True,UCDP_ACTOR
3158cab9f45fd30ee91a6d82481d9cab3839591f,1920 Revolution Brigades,1920 revolution brigades,UCDP_ACTOR,NameData,783,1920 Revolution Brigades,1,False,24,False,False,True,UCDP_ACTOR
17a4d3d06252de9876a290a28b911343c0403f4f,1920 Revolution Brigades,1920 revolution brigades,UCDP_ACTOR,NameOrig,783,1920 Revolution Brigades,1,False,24,False,False,True,UCDP_ACTOR
49f01564e4a8009ea5cab6bb142a29c369c8d88a,1920 Revolution Brigades,1920 revolution brigades,UCDP_ACTOR,NameOrigFull,783,1920 Revolution Brigades,1,False,24,False,False,True,UCDP_ACTOR
9fd4020a1a1bd89646346bdb25dd22fc0e543c46,1920 Revolution Brigades,1920 revolution brigades,UCDP_ACTOR,NameOrigFullEng,783,1920 Revolution Brigades,1,False,24,False,False,True,UCDP_ACTOR
c2000123bcd656ddd2dc72a5f544a907cda3e7d7,MJF,mjf,UCDP_ACTOR,NameData,784,MJF,1,True,3,True,False,True,UCDP_ACTOR
7b15e585f891617cf907bee1810fda2338a58ec1,MJF,mjf,UCDP_ACTOR,NameOrig,784,MJF,1,True,3,True,False,True,UCDP_ACTOR
856a1d9edc1aee2d6645aac1ce3d87630dc00807,Madhesi Jana Adhikar Forum,madhesi jana adhikar forum,UCDP_ACTOR,NameOrigFull,784,MJF,1,False,26,False,False,True,UCDP_ACTOR
8b28a368b0e2145457d4b6372aec37ce51900eed,Madhesi Peoples Rights Forum,madhesi peoples rights forum,UCDP_ACTOR,NameOrigFullEng,784,MJF,1,False,28,False,False,True,UCDP_ACTOR
a0ec9025900ca2c79d126dfd306bb4d374634fd6,DKBA,dkba,UCDP_ACTOR,NameData,785,DKBA,1,True,4,True,False,True,UCDP_ACTOR
c252e31c7daf809ccb50df0e5594424c9156d802,DKBA,dkba,UCDP_ACTOR,NameOrig,785,DKBA,1,True,4,True,False,True,UCDP_ACTOR
a68b8da5750537d4d2c9fecc0b066d9ba20419b5,Democratic Karen Buddhist Army,democratic karen buddhist army,UCDP_ACTOR,NameOrigFull,785,DKBA,1,False,30,False,False,True,UCDP_ACTOR
c7745cecd9822b0aa41c02c02ccff3b33c052f72,Democratic Karen Buddhist Army,democratic karen buddhist army,UCDP_ACTOR,NameOrigFullEng,785,DKBA,1,False,30,False,False,True,UCDP_ACTOR
571ea0b88c6f2bbc6c15145d62df5268a34c3556,KNU,knu,UCDP_ACTOR,NamePrev,785,DKBA,1,True,3,True,False,True,RAD;UCDP_ACTOR
a8b538f18791e27021c593032106d2d29bdb3471,Palipehutu-FNL - LP,palipehutu-fnl - lp,UCDP_ACTOR,NameData,786,Palipehutu-FNL - LP,1,False,19,False,False,True,UCDP_ACTOR
c1285287f3af1dafd9168bdfc8bc09b6aa7de8f6,Palipehutu-FNL - LP,palipehutu-fnl - lp,UCDP_ACTOR,NameOrig,786,Palipehutu-FNL - LP,1,False,19,False,False,True,UCDP_ACTOR
89b453df914bd8f454e00aafb5093888a1e6da49,Parti pour la libération du peuple Hutu-Forces nationales de libération - Lovers of Peace Faction,parti pour la libération du peuple hutu-forces nationales de libération - lovers of peace faction,UCDP_ACTOR,NameOrigFull,786,Palipehutu-FNL - LP,1,False,97,False,False,True,UCDP_ACTOR
b1dca2ec03f8b41c19876a6775ca23f4b3fbba48,Party for the Liberation of the Hutu People-Forces for National Liberation - Lovers of Peace faction,party for the liberation of the hutu people-forces for national liberation - lovers of peace faction,UCDP_ACTOR,NameOrigFullEng,786,Palipehutu-FNL - LP,1,False,100,False,False,True,UCDP_ACTOR
c025185292b1325f454ffe79d3c87a385ed28981,Palipehutu-FNL,palipehutu-fnl,UCDP_ACTOR,NamePrev,786,Palipehutu-FNL - LP,1,True,14,False,False,True,RAD;UCDP_ACTOR
ac034b0ee97987860f24c69258d69457bb304d71,Lashkhar of Wazir,lashkhar of wazir,UCDP_ACTOR,NameData,787,Lashkhar of Wazir,1,False,17,False,False,True,UCDP_ACTOR
36406538bfa3b3cf058cbf54a7b4846567acddd6,Lashkhar of Wazir tribe,lashkhar of wazir tribe,UCDP_ACTOR,NameOrig,787,Lashkhar of Wazir,1,False,23,False,False,True,UCDP_ACTOR
b92902b1848cccbd66189d88d9560be32e027bf0,Lashkhar of Wazir tribe,lashkhar of wazir tribe,UCDP_ACTOR,NameOrigFull,787,Lashkhar of Wazir,1,False,23,False,False,True,UCDP_ACTOR
ae29abec741022cc2bf77eaaa88cc1877b276d82,Army of Wazir tribe,army of wazir tribe,UCDP_ACTOR,NameOrigFullEng,787,Lashkhar of Wazir,1,False,19,False,False,True,UCDP_ACTOR
e183df09690d43df652e0d24fa5d55b2129d2151,JVA faction,jva faction,UCDP_ACTOR,NameData,788,JVA faction,1,False,11,False,False,True,UCDP_ACTOR
3c8c263b07306b1399bfbafe8bb327924d2066f2,JVA faction,jva faction,UCDP_ACTOR,NameOrig,788,JVA faction,1,False,11,False,False,True,UCDP_ACTOR
0bc145745afefd285f333349b3b26c0e678fab6c,Isbahaysiga Dooxada Jubba faction,isbahaysiga dooxada jubba faction,UCDP_ACTOR,NameOrigFull,788,JVA faction,1,False,33,False,False,True,UCDP_ACTOR
ae6436e6186b07af23e817e9e7f496de18eac924,Juba Valley Alliance faction,juba valley alliance faction,UCDP_ACTOR,NameOrigFullEng,788,JVA faction,1,False,28,False,False,True,UCDP_ACTOR
48ecd7996ba5faf414049fda41ae2724a4230a00,JVA,jva,UCDP_ACTOR,NamePrev,788,JVA faction,1,True,3,True,False,True,UCDP_ACTOR
5a613844d98f27788f50d5252637b1803668a799,JVA,jva,UCDP_ACTOR,GroupName,788,JVA faction,1,True,3,True,False,True,UCDP_ACTOR
128dbb0716091637b63584fe35ff4f83f6391533,RCD-K-ML,rcd-k-ml,UCDP_ACTOR,NameData,789,RCD-K-ML,1,True,8,False,False,True,UCDP_ACTOR
c8546a0471b9a3077c51c05056b03f4a4c5c397c,RCD-K-ML,rcd-k-ml,UCDP_ACTOR,NameOrig,789,RCD-K-ML,1,True,8,False,False,True,UCDP_ACTOR
2e959572af229aacca744e9155e99ea2983402cb,Rassemblement Congolais pour la Démocratie-Kisangani-Mouvement de libération,rassemblement congolais pour la démocratie-kisangani-mouvement de libération,UCDP_ACTOR,NameOrigFull,789,RCD-K-ML,1,False,76,False,False,True,UCDP_ACTOR
ac5f2814e9018d536ef0e711b62efaacc2ac0803,Congolese Rally for Democracy-Kisangani-Liberation Movement,congolese rally for democracy-kisangani-liberation movement,UCDP_ACTOR,NameOrigFullEng,789,RCD-K-ML,1,False,59,False,False,True,UCDP_ACTOR
ca451462578aaa9931505ab69389e11b204fe84e,RCD-ML,rcd-ml,UCDP_ACTOR,NamePrev,789,RCD-K-ML,1,True,6,False,False,True,UCDP_ACTOR
8a0dd98d8af16b8517ee39619c4fc8c75b07c7eb,FLC,flc,UCDP_ACTOR,NamePrev,789,RCD-K-ML,1,True,3,True,False,True,UCDP_ACTOR
6636abeb826dde815398a7bcecc69e2232bf02e3,FLC,flc,UCDP_ACTOR,NameAlliance,789,RCD-K-ML,1,True,3,True,False,True,UCDP_ACTOR
a58d5f2d046a74b31ffdc920436c4b88bc515c10,Forces of Shah Sahib,forces of shah sahib,UCDP_ACTOR,NameData,792,Forces of Shah Sahib,1,False,20,False,False,True,UCDP_ACTOR
33ef08ba259e26b821f982804ce7e3c392bb6768,Forces of Shah Sahib,forces of shah sahib,UCDP_ACTOR,NameOrig,792,Forces of Shah Sahib,1,False,20,False,False,True,UCDP_ACTOR
e14cdfeb6cf2a39005a7f52a20820784ed3fe96a,Forces of Shah Sahib,forces of shah sahib,UCDP_ACTOR,NameOrigFull,792,Forces of Shah Sahib,1,False,20,False,False,True,UCDP_ACTOR
bdaff8cc2ad29655a5eea6d41c3f2aa2c288c76f,Forces of Shah Sahib,forces of shah sahib,UCDP_ACTOR,NameOrigFullEng,792,Forces of Shah Sahib,1,False,20,False,False,True,UCDP_ACTOR
2033a823a8380edfcd0b00fe95d00fe80e9af7a6,Juarez Cartel,juarez cartel,UCDP_ACTOR,NameData,793,Juarez Cartel,1,False,13,False,False,True,UCDP_ACTOR
642f57b8b2f0a26bb643b7fd76e30e751bb24054,Juarez Cartel,juarez cartel,UCDP_ACTOR,NameOrig,793,Juarez Cartel,1,False,13,False,False,True,UCDP_ACTOR
a00f4c81c1a4cc12abf7bf7e7cbdcff5433eaefb,Cártel de Juárez,cártel de juárez,UCDP_ACTOR,NameOrigFull,793,Juarez Cartel,1,False,16,False,False,True,UCDP_ACTOR
174f6d9361587abe41d9b15931c6d52113eca3ca,Juarez Cartel,juarez cartel,UCDP_ACTOR,NameOrigFullEng,793,Juarez Cartel,1,False,13,False,False,True,UCDP_ACTOR
b50c98d7d7bf6ef64b14056be890c54ba77b5ff5,Lashkar of Salarzai,lashkar of salarzai,UCDP_ACTOR,NameData,796,Lashkar of Salarzai,1,False,19,False,False,True,UCDP_ACTOR
228868da8cd03e8a6a498d4a3020a479763ad8bc,Lashkar of Salarzai tribe,lashkar of salarzai tribe,UCDP_ACTOR,NameOrig,796,Lashkar of Salarzai,1,False,25,False,False,True,UCDP_ACTOR
717894fa38e7b1400a1505e78eefaf2b98f2bf12,Lashkar of Salarzai tribe,lashkar of salarzai tribe,UCDP_ACTOR,NameOrigFull,796,Lashkar of Salarzai,1,False,25,False,False,True,UCDP_ACTOR
8b693ddff30fe4b0b6f96653641d2e9a3e1e1d36,Army of Salarzai tribe,army of salarzai tribe,UCDP_ACTOR,NameOrigFullEng,796,Lashkar of Salarzai,1,False,22,False,False,True,UCDP_ACTOR
58aa6fd440fd36e213fe966a67239d6f75faba86,NSCN-U,nscn-u,UCDP_ACTOR,NameData,798,NSCN-U,1,True,6,False,False,True,UCDP_ACTOR
dc12fe99db5b0fa09203ad35f29dc154d17674d7,NSCN-U,nscn-u,UCDP_ACTOR,NameOrig,798,NSCN-U,1,True,6,False,False,True,UCDP_ACTOR
536b4f17bcac011bd357637d19dc6bec69340784,National Socialist Council of Nagaland - Unification,national socialist council of nagaland - unification,UCDP_ACTOR,NameOrigFull,798,NSCN-U,1,False,52,False,False,True,UCDP_ACTOR
2f32ed40744886ca9637f65f424522942af1774f,National Socialist Council of Nagaland - Unification,national socialist council of nagaland - unification,UCDP_ACTOR,NameOrigFullEng,798,NSCN-U,1,False,52,False,False,True,UCDP_ACTOR
772ff15ac9b042704261950c732a02cd75c106c7,NSCN-IM,nscn-im,UCDP_ACTOR,NamePrev,798,NSCN-U,1,True,7,False,False,True,RAD;UCDP_ACTOR
e9c83fd521184eecabbded5318d1e850fcd433e1,Tijuana Cartel,tijuana cartel,UCDP_ACTOR,NameData,799,Tijuana Cartel,1,False,14,False,False,True,UCDP_ACTOR
e5236ddd84222bd77800831ab5eba045bab4513a,Tijuana Cartel,tijuana cartel,UCDP_ACTOR,NameOrig,799,Tijuana Cartel,1,False,14,False,False,True,UCDP_ACTOR
8fee68287209e12e3fccdeeea1b6768be6e96d59,Cártel de Tijuana,cártel de tijuana,UCDP_ACTOR,NameOrigFull,799,Tijuana Cartel,1,False,17,False,False,True,UCDP_ACTOR
fe2135a5f16b0524f01bc4af8efb1d14668ee1fa,Tijuana Cartel,tijuana cartel,UCDP_ACTOR,NameOrigFullEng,799,Tijuana Cartel,1,False,14,False,False,True,UCDP_ACTOR
267ee91cc397227fdc5865db21e739cf24ceaab3,Tijuana Cartel - El Teo,tijuana cartel - el teo,UCDP_ACTOR,NameData,800,Tijuana Cartel - El Teo,1,False,23,False,False,True,UCDP_ACTOR
1f4ec3d0522725f828adf8f15bd6ccee4cb3857a,Tijuana Cartel - El Teo,tijuana cartel - el teo,UCDP_ACTOR,NameOrig,800,Tijuana Cartel - El Teo,1,False,23,False,False,True,UCDP_ACTOR
42e415b3f6b65fb4ebf630e6a176fc1b68e3957f,Cártel de Tijuana - El Teo,cártel de tijuana - el teo,UCDP_ACTOR,NameOrigFull,800,Tijuana Cartel - El Teo,1,False,26,False,False,True,UCDP_ACTOR
bb05104d12919e1a1f4a3653b941979ccc453dd7,Tijuana Cartel - El Teo,tijuana cartel - el teo,UCDP_ACTOR,NameOrigFullEng,800,Tijuana Cartel - El Teo,1,False,23,False,False,True,UCDP_ACTOR
1a996ebe77d4363c685c7072b4198bd040df21ae,Tijuana Cartel,tijuana cartel,UCDP_ACTOR,NamePrev,800,Tijuana Cartel - El Teo,1,False,14,False,False,True,UCDP_ACTOR
de9fccfd44977986702ca8326405647eb44fc3f8,Hizb-i Wahdat - Akbari faction,hizb-i wahdat - akbari faction,UCDP_ACTOR,NameData,801,Hizb-i Wahdat - Akbari faction,1,False,30,False,False,True,UCDP_ACTOR
08e49fe69080c6fcde120be93e1f086824a25d30,Hizb-i Wahdat - Akbari faction,hizb-i wahdat - akbari faction,UCDP_ACTOR,NameOrig,801,Hizb-i Wahdat - Akbari faction,1,False,30,False,False,True,UCDP_ACTOR
ac2103ecc818f856f52dd406e44ecf772fa36dd3,Hizb-i Wahdat - Akbari faction,hizb-i wahdat - akbari faction,UCDP_ACTOR,NameOrigFull,801,Hizb-i Wahdat - Akbari faction,1,False,30,False,False,True,UCDP_ACTOR
5572dfd49dc901e8fabad7b3c5ef05dae5e06539,Unity Party - Akbari faction,unity party - akbari faction,UCDP_ACTOR,NameOrigFullEng,801,Hizb-i Wahdat - Akbari faction,1,False,28,False,False,True,UCDP_ACTOR
323a11065df2fcdcd9abb1004443c5e3b64f235b,Hizb-i Wahdat,hizb-i wahdat,UCDP_ACTOR,NamePrev,801,Hizb-i Wahdat - Akbari faction,1,False,13,False,False,True,RAD;UCDP_ACTOR
b4abdab0a361189f9a9af35a67b754fab10deddf,Jamiat-ul-Dawa,jamiat-ul-dawa,UCDP_ACTOR,NameData,802,Jamiat-ul-Dawa,1,True,14,False,False,True,UCDP_ACTOR
5c6d685a3625ce2d4f9e545276474b5aa8b6c936,Jamiat-ul-Dawa,jamiat-ul-dawa,UCDP_ACTOR,NameOrig,802,Jamiat-ul-Dawa,1,True,14,False,False,True,UCDP_ACTOR
402f510a7eab40296ba7e3d4b3f79595d7b3775c,Jamiat-ul-Dawa,jamiat-ul-dawa,UCDP_ACTOR,NameOrigFull,802,Jamiat-ul-Dawa,1,True,14,False,False,True,UCDP_ACTOR
1344c6258e55621a52f0b1388155d251fc468306,Society of the Calling,society of the calling,UCDP_ACTOR,NameOrigFullEng,802,Jamiat-ul-Dawa,1,False,22,False,False,True,UCDP_ACTOR
0db8e7f9b545c73a6a9b1a6eb94cddf2a5e9e185,Shura-yi Nazar-i Shomali,shura-yi nazar-i shomali,UCDP_ACTOR,NameData,803,Shura-yi Nazar-i Shomali,1,False,24,False,False,True,UCDP_ACTOR
dd2506b8646684e59f379eec9cc611f523b44302,Shura-yi Nazar-i Shomali,shura-yi nazar-i shomali,UCDP_ACTOR,NameOrig,803,Shura-yi Nazar-i Shomali,1,False,24,False,False,True,UCDP_ACTOR
5a0929bcdec32a61f2b5973568864f136c0e34eb,Shura-yi Nazar-i Shomali,shura-yi nazar-i shomali,UCDP_ACTOR,NameOrigFull,803,Shura-yi Nazar-i Shomali,1,False,24,False,False,True,UCDP_ACTOR
58370a65429ffd00d6383e4fb6d58514a85ebd9b,Supervisory Council of the North,supervisory council of the north,UCDP_ACTOR,NameOrigFullEng,803,Shura-yi Nazar-i Shomali,1,False,32,False,False,True,UCDP_ACTOR
1150d4556dedecc96e285d838dc8bf7f855d3776,Jamiyyat-i Islami-yi Afghanistan,jamiyyat-i islami-yi afghanistan,UCDP_ACTOR,NameSplitTemp,803,Shura-yi Nazar-i Shomali,1,False,32,False,False,True,RAD;UCDP_ACTOR
6cf13fc90c56e23cc419f8a78c539f05157a6063,BCP,bcp,UCDP_ACTOR,NameData,804,BCP,1,True,3,True,False,True,UCDP_ACTOR
d2bfab84cc78eb2792677aa1c6658185303a2353,BCP,bcp,UCDP_ACTOR,NameOrig,804,BCP,1,True,3,True,False,True,UCDP_ACTOR
f1f48d9142f371653d29b06084cddce049c87521,Biplobi Communist Party,biplobi communist party,UCDP_ACTOR,NameOrigFull,804,BCP,1,False,23,False,False,True,UCDP_ACTOR
7ad8b9337bc9c596674a44e8bcc0c3dec1a8e143,Biplobi Communist Party,biplobi communist party,UCDP_ACTOR,NameOrigFullEng,804,BCP,1,False,23,False,False,True,UCDP_ACTOR
561be7bd2c1c41892ddb8472c367cc763969668e,PBCP,pbcp,UCDP_ACTOR,NameData,805,PBCP,1,True,4,True,False,True,RAD;UCDP_ACTOR
a3253a272e4b5ef61b0d71e9d60f4b0f3caefa86,PBCP,pbcp,UCDP_ACTOR,NameOrig,805,PBCP,1,True,4,True,False,True,RAD;UCDP_ACTOR
83c5f4821f68a8a0e0f42ab8f7fa5adc9df1f473,Purbo Banglar Communist Party,purbo banglar communist party,UCDP_ACTOR,NameOrigFull,805,PBCP,1,False,29,False,False,True,UCDP_ACTOR
61f344ac4db48b180c68b99e63967a71528a4d4f,East Bengal Communist Party,east bengal communist party,UCDP_ACTOR,NameOrigFullEng,805,PBCP,1,False,27,False,False,True,UCDP_ACTOR
46bf3f1d138ce25da0fad9d3d163c96d66ecf24f,Hells Angels,hells angels,UCDP_ACTOR,NameData,808,Hells Angels,1,False,12,False,False,True,UCDP_ACTOR
60b5c3847fd6996a6874b55af60a13721c4042d3,Hells Angels,hells angels,UCDP_ACTOR,NameOrig,808,Hells Angels,1,False,12,False,False,True,UCDP_ACTOR
e6286227839662885e491a05cb6cf3034a9d15c8,Hells Angels,hells angels,UCDP_ACTOR,NameOrigFull,808,Hells Angels,1,False,12,False,False,True,UCDP_ACTOR
13f019e96e789ecfe161781ee30d6134c73600c8,Hells Angels,hells angels,UCDP_ACTOR,NameOrigFullEng,808,Hells Angels,1,False,12,False,False,True,UCDP_ACTOR
37af30492e0ec8617a00b50a8e05bc2b6174748d,Rock Machine,rock machine,UCDP_ACTOR,NameData,809,Rock Machine,1,False,12,False,False,True,UCDP_ACTOR
3a523097c944641ef07c49d3a6ebfd6e6a617f69,Rock Machine,rock machine,UCDP_ACTOR,NameOrig,809,Rock Machine,1,False,12,False,False,True,UCDP_ACTOR
15db4428b97985477b330a3b6bec9a4f1cda2cfe,Rock Machine,rock machine,UCDP_ACTOR,NameOrigFull,809,Rock Machine,1,False,12,False,False,True,UCDP_ACTOR
5dea7fdd41ba0adfe588b9f29c3bb0a954f130c4,Rock Machine,rock machine,UCDP_ACTOR,NameOrigFullEng,809,Rock Machine,1,False,12,False,False,True,UCDP_ACTOR
56ca8677d44f702ff2aa157fb01b432831c1ec29,Cali Cartel,cali cartel,UCDP_ACTOR,NameData,810,Cali Cartel,1,False,11,False,False,True,UCDP_ACTOR
eff92d6e9619a5ba3f717ddc22a00c213f7cf88b,Cali Cartel,cali cartel,UCDP_ACTOR,NameOrig,810,Cali Cartel,1,False,11,False,False,True,UCDP_ACTOR
b07c4d328e1b1b83a3e34b646abbb550cd818a9d,Cártel de Cali,cártel de cali,UCDP_ACTOR,NameOrigFull,810,Cali Cartel,1,False,14,False,False,True,UCDP_ACTOR
8dda7e4275801853dfe3b7fcaf574f8e5615ccd0,Cali Cartel,cali cartel,UCDP_ACTOR,NameOrigFullEng,810,Cali Cartel,1,False,11,False,False,True,UCDP_ACTOR
3dc4975409dad9f4842c32e3ac0e020cebd1e14e,PEPES,pepes,UCDP_ACTOR,NameData,811,PEPES,1,True,5,False,False,True,UCDP_ACTOR
15246a12d7b1ab84b122820984757cf9d0360eb7,PEPES,pepes,UCDP_ACTOR,NameOrig,811,PEPES,1,True,5,False,False,True,UCDP_ACTOR
7ba39b39a670e33c15c167aa8b9ec1885dd8f4a2,Perseguidos por Pablo Escobar,perseguidos por pablo escobar,UCDP_ACTOR,NameOrigFull,811,PEPES,1,False,29,False,False,True,UCDP_ACTOR
d2af52516531798bf2393e123723f5212f89b55c,People Persecuted By Pablo Escobar,people persecuted by pablo escobar,UCDP_ACTOR,NameOrigFullEng,811,PEPES,1,False,34,False,False,True,UCDP_ACTOR
a2824bceb9e9bf0ead8f829f0c76a35d951b5ec1,Forest Brothers,forest brothers,UCDP_ACTOR,NameData,812,Forest Brothers,1,False,15,False,False,True,UCDP_ACTOR
0fd2702f847ed3ff780f959970980d66c6be1f02,Forest Brothers,forest brothers,UCDP_ACTOR,NameOrig,812,Forest Brothers,1,False,15,False,False,True,UCDP_ACTOR
6bf67fcac5e70d711dd22fa93f793208e5b555bf,tqis dzmebi,tqis dzmebi,UCDP_ACTOR,NameOrigFull,812,Forest Brothers,1,False,11,False,False,True,UCDP_ACTOR
f143230f63eb814c8661d2526a541a8ccb5cc040,Forest Brothers,forest brothers,UCDP_ACTOR,NameOrigFullEng,812,Forest Brothers,1,False,15,False,False,True,UCDP_ACTOR
df32514a5ef039dbeac8bdf7df6eff3182d2e63a,White Legion,white legion,UCDP_ACTOR,NameData,813,White Legion,1,False,12,False,False,True,UCDP_ACTOR
1d531c03cc45770957d87e8e5ba7c42a8a0b53f1,White Legion,white legion,UCDP_ACTOR,NameOrig,813,White Legion,1,False,12,False,False,True,UCDP_ACTOR
0a93f7ad04c2273f1daef8afd4b13eb170fc948c,tetri legioni,tetri legioni,UCDP_ACTOR,NameOrigFull,813,White Legion,1,False,13,False,False,True,UCDP_ACTOR
c007cc127e758815146fb959e8818c71a79575ad,White Legion,white legion,UCDP_ACTOR,NameOrigFullEng,813,White Legion,1,False,12,False,False,True,UCDP_ACTOR
e864bc0b2437a9ff99ca885a7b3650af184bab54,Hizbul-Mujahideen,hizbul-mujahideen,UCDP_ACTOR,NameData,816,Hizbul-Mujahideen,1,True,17,False,False,True,UCDP_ACTOR
f12babcfdef977f899813f07f94194c288b266e1,Hizbul-Mujahideen,hizbul-mujahideen,UCDP_ACTOR,NameOrig,816,Hizbul-Mujahideen,1,True,17,False,False,True,UCDP_ACTOR
794709d0a519dbe5f69da0290cb79743dc3dcfc1,Hizbul-Mujahideen,hizbul-mujahideen,UCDP_ACTOR,NameOrigFull,816,Hizbul-Mujahideen,1,True,17,False,False,True,UCDP_ACTOR
1766dce92b341f9de415b2b24b76f71f106b93d0,Party of Holy Warriors,party of holy warriors,UCDP_ACTOR,NameOrigFullEng,816,Hizbul-Mujahideen,1,False,22,False,False,True,UCDP_ACTOR
b656e9c5164852621ef2f1a697a2df799f247a0a,JKLF,jklf,UCDP_ACTOR,NameData,817,JKLF,1,True,4,True,False,True,UCDP_ACTOR
20e5491662e7369a28bcf624f7cc5cffd595588b,JKLF,jklf,UCDP_ACTOR,NameOrig,817,JKLF,1,True,4,True,False,True,UCDP_ACTOR
78501e47b97ee783bcdcd7ed802d739c82ef5858,Jammu and Kashmir Liberation Front,jammu and kashmir liberation front,UCDP_ACTOR,NameOrigFull,817,JKLF,1,False,34,False,False,True,UCDP_ACTOR
dd33b406464776270d540f9d86ed79078d844e1d,Jammu and Kashmir Liberation Front,jammu and kashmir liberation front,UCDP_ACTOR,NameOrigFullEng,817,JKLF,1,False,34,False,False,True,UCDP_ACTOR
dc1c2bb80914878558a40b7f3b8bfa5cc9c6b70a,IMK,imk,UCDP_ACTOR,NameData,823,IMK,1,True,3,True,False,True,UCDP_ACTOR
3a820d841a9fc7c48f0f130f66633794d5cc71d7,IMK,imk,UCDP_ACTOR,NameOrig,823,IMK,1,True,3,True,False,True,UCDP_ACTOR
a15b64f1ae5095d9980703d83228dc2f9c89842b,Bizutnawai Islami le Kurdistan,bizutnawai islami le kurdistan,UCDP_ACTOR,NameOrigFull,823,IMK,1,False,30,False,False,True,UCDP_ACTOR
06139abcefeda28a492798ef4707f79c4c63d3de,Islamic Movement of Kurdistan,islamic movement of kurdistan,UCDP_ACTOR,NameOrigFullEng,823,IMK,1,False,29,False,False,True,UCDP_ACTOR
5b5ec5c7b86d6983d6d8582a2333c5ee0d14187d,Fatah Revolutionary Council,fatah revolutionary council,UCDP_ACTOR,NameData,826,Fatah Revolutionary Council,1,False,27,False,False,True,UCDP_ACTOR
a7ab526e4b16e21f40aa49e9c601c1f83bea3a9e,Fatah Revolutionary Council,fatah revolutionary council,UCDP_ACTOR,NameOrig,826,Fatah Revolutionary Council,1,False,27,False,False,True,UCDP_ACTOR
4d56de86d79c6466d1944ecaeaf89e29c6cee47e,Fatah al-Majlis al-Thawri,fatah al-majlis al-thawri,UCDP_ACTOR,NameOrigFull,826,Fatah Revolutionary Council,1,False,25,False,False,True,UCDP_ACTOR
79fba111e89eb8a4af27779158481a6ed130dbb5,Fatah Revolutionary Council,fatah revolutionary council,UCDP_ACTOR,NameOrigFullEng,826,Fatah Revolutionary Council,1,False,27,False,False,True,UCDP_ACTOR
be5d628720314f10d28652e71a0c56f05ff0c78d,Fatah,fatah,UCDP_ACTOR,NamePrev,826,Fatah Revolutionary Council,1,True,5,False,False,True,RAD;UCDP_ACTOR
e9203ebed1be78617c960fb7b9f67e341d42476b,SLA,sla,UCDP_ACTOR,NameData,827,SLA,1,True,3,True,False,True,UCDP_ACTOR
982862c8897a0b6122817fc24ded54e0db5b1158,SLA,sla,UCDP_ACTOR,NameOrig,827,SLA,1,True,3,True,False,True,UCDP_ACTOR
adf616bbb44e36a290e1439db07e572845663172,Jaysh Lubnān al-Janūbi,jaysh lubnān al-janūbi,UCDP_ACTOR,NameOrigFull,827,SLA,1,False,22,False,False,True,UCDP_ACTOR
68dc6923289aaa346a6eab2f520b050d014bb336,South Lebanon Army,south lebanon army,UCDP_ACTOR,NameOrigFullEng,827,SLA,1,False,18,False,False,True,UCDP_ACTOR
783c4c357894200c5bec4654eed7ee7405350aab,MDA,mda,UCDP_ACTOR,NameData,830,MDA,1,True,3,True,False,True,UCDP_ACTOR
90355eb4d973d79473e3b7234162a27ef421872c,MDA,mda,UCDP_ACTOR,NameOrig,830,MDA,1,True,3,True,False,True,UCDP_ACTOR
ca08771ddc86c9e7c6818de9d0f347521ddbda63,Mongko Defence Army,mongko defence army,UCDP_ACTOR,NameOrigFull,830,MDA,1,False,19,False,False,True,UCDP_ACTOR
e4f3327ffbb3b93b36a3768ed628b4ffe339e9d2,Mongko Defence Army,mongko defence army,UCDP_ACTOR,NameOrigFullEng,830,MDA,1,False,19,False,False,True,UCDP_ACTOR
e05d23bde58731664c34a62f873990bd1dc5a19e,MDA - LM,mda - lm,UCDP_ACTOR,NameData,831,MDA - LM,1,False,8,False,False,True,UCDP_ACTOR
86243405eaf1f1cbb9a1c1b229b4cc85e8d57ec5,MDA - LM,mda - lm,UCDP_ACTOR,NameOrig,831,MDA - LM,1,False,8,False,False,True,UCDP_ACTOR
40a32ee70351eaa02f67794ab99640463f9f1360,Mongko Defence Army - Lin Min faction,mongko defence army - lin min faction,UCDP_ACTOR,NameOrigFull,831,MDA - LM,1,False,37,False,False,True,UCDP_ACTOR
3158ac9b1f92ff59803c57d5f0c95fc551577567,Mongko Defence Army - Lin Min faction,mongko defence army - lin min faction,UCDP_ACTOR,NameOrigFullEng,831,MDA - LM,1,False,37,False,False,True,UCDP_ACTOR
271a3daf814ab6549dcc9273ef646d124a581acb,MDA,mda,UCDP_ACTOR,NamePrev,831,MDA - LM,1,True,3,True,False,True,UCDP_ACTOR
2faa5c108f9e3355646e0bbeb97b83fb11feca5e,MQM-H,mqm-h,UCDP_ACTOR,NameData,832,MQM-H,1,True,5,False,False,True,UCDP_ACTOR
229213f680909a642b03fc025dceb5c4eaa46e48,MQM-H,mqm-h,UCDP_ACTOR,NameOrig,832,MQM-H,1,True,5,False,False,True,UCDP_ACTOR
fde6856fc19ee95e08556267814aafa9dfc630bb,Mohajir Qaumi Mahaz-Haqiqi,mohajir qaumi mahaz-haqiqi,UCDP_ACTOR,NameOrigFull,832,MQM-H,1,False,26,False,False,True,UCDP_ACTOR
cdcc3883cb8bea2838b37cf6205087b9ff4589ea,Mohajir National Movement-Authentic,mohajir national movement-authentic,UCDP_ACTOR,NameOrigFullEng,832,MQM-H,1,False,35,False,False,True,UCDP_ACTOR
cdc4aaf31d58d3ee2d393c12f51e20a4a696ba6c,MQM,mqm,UCDP_ACTOR,NamePrev,832,MQM-H,1,True,3,True,False,True,RAD;UCDP_ACTOR
6c4f730241395c351a75fea2a5b710d48953c1e6,Forces of Ruslan Labazanov,forces of ruslan labazanov,UCDP_ACTOR,NameData,841,Forces of Ruslan Labazanov,1,False,26,False,False,True,UCDP_ACTOR
dfe8c92753018d4ec10e4ee6fe7b18eeee7a97c1,Forces of Ruslan Labazanov,forces of ruslan labazanov,UCDP_ACTOR,NameOrig,841,Forces of Ruslan Labazanov,1,False,26,False,False,True,UCDP_ACTOR
6a1dc9f5eb7844b4c86475ea8635908be5cf17d3,Forces of Ruslan Labazanov,forces of ruslan labazanov,UCDP_ACTOR,NameOrigFull,841,Forces of Ruslan Labazanov,1,False,26,False,False,True,UCDP_ACTOR
1bd7cfa279d29e2be79b496f7e9a5a9eb98d7d44,Forces of Ruslan Labazanov,forces of ruslan labazanov,UCDP_ACTOR,NameOrigFullEng,841,Forces of Ruslan Labazanov,1,False,26,False,False,True,UCDP_ACTOR
2f543fa7211fc0d1b6ecc6115982a7bbebdf82bf,Provisional Council of the Chechen Republic,provisional council of the chechen republic,UCDP_ACTOR,GroupName,841,Forces of Ruslan Labazanov,1,False,43,False,False,True,UCDP_ACTOR
e066a1b2c7bf4dfec72fb2dd6708377219578b71,Provisional Council of the Chechen Republic,provisional council of the chechen republic,UCDP_ACTOR,NameData,842,Provisional Council of the Chechen Republic,1,False,43,False,False,True,UCDP_ACTOR
e1dfd7c88b4ef242d1f2a33b1756c0a5254fe5f4,Provisional Council of the Chechen Republic,provisional council of the chechen republic,UCDP_ACTOR,NameOrig,842,Provisional Council of the Chechen Republic,1,False,43,False,False,True,UCDP_ACTOR
804423b96ba24964a67aafcaa52489b8f5c3eb67,Provisional Council of the Chechen Republic,provisional council of the chechen republic,UCDP_ACTOR,NameOrigFull,842,Provisional Council of the Chechen Republic,1,False,43,False,False,True,UCDP_ACTOR
949d256124d7c87866931545db0796cf53994765,Provisional Council of the Chechen Republic,provisional council of the chechen republic,UCDP_ACTOR,NameOrigFullEng,842,Provisional Council of the Chechen Republic,1,False,43,False,False,True,UCDP_ACTOR
2707363f99bd75570eb434c304d694829b07eb4b,Republic of Georgia,republic of georgia,UCDP_ACTOR,NameData,843,Republic of Georgia,1,False,19,False,False,True,UCDP_ACTOR
33e5168f2d0ba24e490804603604d12a0214a461,Republic of Georgia,republic of georgia,UCDP_ACTOR,NameOrig,843,Republic of Georgia,1,False,19,False,False,True,UCDP_ACTOR
722b01e09ae4ca6575972695933995a29b14997c,Sakartvelo,sakartvelo,UCDP_ACTOR,NameOrigFull,843,Republic of Georgia,1,True,10,False,False,True,UCDP_ACTOR
c32425d98bcf40c6d827aa69c080d0a7cda1c70b,Republic of Georgia,republic of georgia,UCDP_ACTOR,NameOrigFullEng,843,Republic of Georgia,1,False,19,False,False,True,UCDP_ACTOR
67d0a70536af8bb56a8834f5b3b378cb21b4f199,PLOTE,plote,UCDP_ACTOR,NameData,844,PLOTE,1,True,5,False,False,True,UCDP_ACTOR
155ebea7e54240dfafa06210ca9d6af8f631edcf,PLOTE,plote,UCDP_ACTOR,NameOrig,844,PLOTE,1,True,5,False,False,True,UCDP_ACTOR
86079893d190e2c509bdf95e2676d2193627a216,Peoples Liberation Organisation of Tamil Eelam,peoples liberation organisation of tamil eelam,UCDP_ACTOR,NameOrigFull,844,PLOTE,1,False,46,False,False,True,UCDP_ACTOR
ad60a2639448f1538927d4bb6e649cd83e525881,Peoples Liberation Organisation of Tamil Eelam,peoples liberation organisation of tamil eelam,UCDP_ACTOR,NameOrigFullEng,844,PLOTE,1,False,46,False,False,True,UCDP_ACTOR
636c8a758ca7bb8ce4fff59efaa18948a99f19cb,LTTE,ltte,UCDP_ACTOR,NamePrev,844,PLOTE,1,True,4,True,False,True,UCDP_ACTOR
7cfc36cebc80c4df31cc5061005b699d49649c0f,Republic of Bosnia-Herzegovina,republic of bosnia-herzegovina,UCDP_ACTOR,NameData,845,Republic of Bosnia-Herzegovina,1,False,30,False,False,True,UCDP_ACTOR
97094f6e0afa8a5163b6ce9f6a6d4a0725c2dd84,Republic of Bosnia-Herzegovina,republic of bosnia-herzegovina,UCDP_ACTOR,NameOrig,845,Republic of Bosnia-Herzegovina,1,False,30,False,False,True,UCDP_ACTOR
18c57e8d47790d9dd09d92711fdb921bbfe69b84,Republika Bosna i Hercegovina,republika bosna i hercegovina,UCDP_ACTOR,NameOrigFull,845,Republic of Bosnia-Herzegovina,1,False,29,False,False,True,UCDP_ACTOR
e93eb11e3bb9e6b1853baf7ce6259758dd109dca,Republic of Bosnia-Herzegovina,republic of bosnia-herzegovina,UCDP_ACTOR,NameOrigFullEng,845,Republic of Bosnia-Herzegovina,1,False,30,False,False,True,UCDP_ACTOR
532b03510e67479fefd5e720e2f94614e7da83b0,SAO Eastern Slavonia,sao eastern slavonia,UCDP_ACTOR,NameData,846,"SAO Eastern Slavonia, Baranja and Western Symria",1,False,20,False,False,True,UCDP_ACTOR
fc4ab3565c31173fb219e3218323885896210da9,Baranja and Western Symria,baranja and western symria,UCDP_ACTOR,NameData,846,"SAO Eastern Slavonia, Baranja and Western Symria",1,False,26,False,False,True,UCDP_ACTOR
8a24cdd4438bac07bb34cf3034f699c871ef02a0,SAO Eastern Slavonia,sao eastern slavonia,UCDP_ACTOR,NameOrig,846,"SAO Eastern Slavonia, Baranja and Western Symria",1,False,20,False,False,True,UCDP_ACTOR
5b5363763979ada32f0f65e3e2434f285fde274e,Baranja and Western Symria,baranja and western symria,UCDP_ACTOR,NameOrig,846,"SAO Eastern Slavonia, Baranja and Western Symria",1,False,26,False,False,True,UCDP_ACTOR
1275f652ac1ddf1c41702116cdcbf39fe3a86cbd,Srpska autonomna oblast Slavonija,srpska autonomna oblast slavonija,UCDP_ACTOR,NameOrigFull,846,"SAO Eastern Slavonia, Baranja and Western Symria",1,False,33,False,False,True,UCDP_ACTOR
6125324f540100524d6d614dfc25cb245d77f318,Baranja i Zapadni Srem,baranja i zapadni srem,UCDP_ACTOR,NameOrigFull,846,"SAO Eastern Slavonia, Baranja and Western Symria",1,False,22,False,False,True,UCDP_ACTOR
810f96a771d1fd507f69fb623d148ab9400f4655,Serbian Autonomous Oblast of Eastern Slavonia,serbian autonomous oblast of eastern slavonia,UCDP_ACTOR,NameOrigFullEng,846,"SAO Eastern Slavonia, Baranja and Western Symria",1,False,45,False,False,True,UCDP_ACTOR
7c9c601f1c563bed8c03b799766e6e8a86e1c486,Baranja and Western Symria,baranja and western symria,UCDP_ACTOR,NameOrigFullEng,846,"SAO Eastern Slavonia, Baranja and Western Symria",1,False,26,False,False,True,UCDP_ACTOR
33a2aeb9821895403f32d5de04c822a68a76a458,Serbian Republic of Krajina,serbian republic of krajina,UCDP_ACTOR,NameAlliance,846,"SAO Eastern Slavonia, Baranja and Western Symria",1,False,27,False,False,True,RAD;UCDP_ACTOR
6a88821e8958413280eae48fd47b0ba2d60ab129,SAO Krajina,sao krajina,UCDP_ACTOR,NameData,847,SAO Krajina,1,False,11,False,False,True,UCDP_ACTOR
2c47ce03b1c048964f7df0bca5f707b83175083a,SAO Krajina,sao krajina,UCDP_ACTOR,NameOrig,847,SAO Krajina,1,False,11,False,False,True,UCDP_ACTOR
be3a08dcaf67554f4a7eccdd0a036f5e0fc878a3,Srpska autonomna oblast Krajina,srpska autonomna oblast krajina,UCDP_ACTOR,NameOrigFull,847,SAO Krajina,1,False,31,False,False,True,UCDP_ACTOR
0ab4f048cba4b0809cffb94df609769280c63109,Serbian Autonomous Oblast of Krajina,serbian autonomous oblast of krajina,UCDP_ACTOR,NameOrigFullEng,847,SAO Krajina,1,False,36,False,False,True,UCDP_ACTOR
f0c0a5ed3a9a4be26b3a895ea5df0833ff777dbd,Serbian Republic of Krajina,serbian republic of krajina,UCDP_ACTOR,NameAlliance,847,SAO Krajina,1,False,27,False,False,True,RAD;UCDP_ACTOR
36379f0166ec4caa61015cc405e4712d5fcfa6f0,Forces of Jing Caludtiag,forces of jing caludtiag,UCDP_ACTOR,NameData,848,Forces of Jing Caludtiag,1,False,24,False,False,True,UCDP_ACTOR
07bd78cf65ac4c70ebdf37749f10d659b2ff80a5,Forces of Jing Caludtiag,forces of jing caludtiag,UCDP_ACTOR,NameOrig,848,Forces of Jing Caludtiag,1,False,24,False,False,True,UCDP_ACTOR
c06a573e5d95a5d18d07acc02485632e717030d6,Forces of Jing Caludtiag,forces of jing caludtiag,UCDP_ACTOR,NameOrigFull,848,Forces of Jing Caludtiag,1,False,24,False,False,True,UCDP_ACTOR
9a1e3fee8d3c04973159c4cebdb94e6e83ecfe33,Forces of Jing Caludtiag,forces of jing caludtiag,UCDP_ACTOR,NameOrigFullEng,848,Forces of Jing Caludtiag,1,False,24,False,False,True,UCDP_ACTOR
59eb24713c56b4d2951a5ce627af578ca31ab906,Forces of Randy Karon,forces of randy karon,UCDP_ACTOR,NameData,849,Forces of Randy Karon,1,False,21,False,False,True,UCDP_ACTOR
bb292bc1b300d4dcbbc890e5efbe7412458f6f12,Forces of Randy Karon,forces of randy karon,UCDP_ACTOR,NameOrig,849,Forces of Randy Karon,1,False,21,False,False,True,UCDP_ACTOR
c7305b035a2b1f481d97eaf14fe96dbe764bec95,Forces of Randy Karon,forces of randy karon,UCDP_ACTOR,NameOrigFull,849,Forces of Randy Karon,1,False,21,False,False,True,UCDP_ACTOR
e59b8c9c7d799c457d1969a65c58067b9d4c7680,Forces of Randy Karon,forces of randy karon,UCDP_ACTOR,NameOrigFullEng,849,Forces of Randy Karon,1,False,21,False,False,True,UCDP_ACTOR
eabb5d37e2f40fba284b603f5930e042f2b1af30,Taleban - Ali Dad faction,taleban - ali dad faction,UCDP_ACTOR,NameData,856,Taleban - Ali Dad faction,1,False,25,False,False,True,UCDP_ACTOR
851795a845e70e3406aebaf3a08e911e29ff244c,Taleban - Ali Dad faction,taleban - ali dad faction,UCDP_ACTOR,NameOrig,856,Taleban - Ali Dad faction,1,False,25,False,False,True,UCDP_ACTOR
bce4e26277b2d74cef0cccd59b0f8005c25d4d28,Taleban - Ali Dad faction,taleban - ali dad faction,UCDP_ACTOR,NameOrigFullEng,856,Taleban - Ali Dad faction,1,False,25,False,False,True,UCDP_ACTOR
af97391a85abdbe859190d08357a68d8ca33d8d9,Taleban,taleban,UCDP_ACTOR,NameSplitTemp,856,Taleban - Ali Dad faction,1,True,7,False,False,True,RAD;UCDP_ACTOR
1a8836f85d04a954db9e0ab06bdb223e50c9a5d5,Taleban - Mola Khel faction,taleban - mola khel faction,UCDP_ACTOR,NameData,857,Taleban - Mola Khel faction,1,False,27,False,False,True,UCDP_ACTOR
7923d544d845e27802790499814dfb1abdaedd3d,Taleban - Mola Khel faction,taleban - mola khel faction,UCDP_ACTOR,NameOrig,857,Taleban - Mola Khel faction,1,False,27,False,False,True,UCDP_ACTOR
14455e5ae2441fc87035a4428c7606764b2a81dd,Taleban - Mola Khel faction,taleban - mola khel faction,UCDP_ACTOR,NameOrigFullEng,857,Taleban - Mola Khel faction,1,False,27,False,False,True,UCDP_ACTOR
898167b9d6f664b0302c7856c919dc36e12f112a,Taleban,taleban,UCDP_ACTOR,NameSplitTemp,857,Taleban - Mola Khel faction,1,True,7,False,False,True,RAD;UCDP_ACTOR
8a66b3ca8f893afe8494100343694608c635d7be,PSP,psp,UCDP_ACTOR,NameData,879,PSP,1,True,3,True,False,True,UCDP_ACTOR
ee19344a3ed7c55cf10aa3b82635c0f56c5f7b1d,PSP,psp,UCDP_ACTOR,NameOrig,879,PSP,1,True,3,True,False,True,UCDP_ACTOR
00b68cad546801ac22f1e220abe726337c158d4f,al-hizb al-taqadummi al-ishtiraki,al-hizb al-taqadummi al-ishtiraki,UCDP_ACTOR,NameOrigFull,879,PSP,1,False,33,False,False,True,UCDP_ACTOR
41bec6fa29a4f97265b9a3a2b00a019e2f24f960,Progressive Socialist Party,progressive socialist party,UCDP_ACTOR,NameOrigFullEng,879,PSP,1,False,27,False,False,True,UCDP_ACTOR
59814995530787dfe921b5c145589aaade48b798,MNDAA,mndaa,UCDP_ACTOR,NameData,880,MNDAA,1,True,5,False,False,True,RAD;UCDP_ACTOR
a271cfe43b777007feb49f04601a8c56aeb1303e,MNDAA,mndaa,UCDP_ACTOR,NameOrig,880,MNDAA,1,True,5,False,False,True,RAD;UCDP_ACTOR
da46599c41aa86ff6ebe0ef4c68872f864519146,Myanmar National Democratic Alliance Army,myanmar national democratic alliance army,UCDP_ACTOR,NameOrigFullEng,880,MNDAA,1,False,41,False,False,True,UCDP_ACTOR
ac59206b6a1b2d37f89c0db5bcfb547bd5538e76,CPB,cpb,UCDP_ACTOR,NamePrev,880,MNDAA,1,True,3,True,False,True,UCDP_ACTOR
95e0f686208a6a2c916af3898ad8c75245910f5f,AQAP,aqap,UCDP_ACTOR,NameData,881,AQAP,1,True,4,True,False,True,RAD;UCDP_ACTOR
d902119a42aed21cd1e11fecbd6f189619c24736,AQAP,aqap,UCDP_ACTOR,NameOrig,881,AQAP,1,True,4,True,False,True,RAD;UCDP_ACTOR
bf89452cdfe8cf8881bf9976bc0a7492c215aaad,Tanzim al-Qaidah fi Jazirat al-Arab,tanzim al-qaidah fi jazirat al-arab,UCDP_ACTOR,NameOrigFull,881,AQAP,1,False,35,False,False,True,UCDP_ACTOR
e1784e9fc218b22f54b6943d23667e6c956fa9ef,al-Qaida in the Arabian Peninsula,al-qaida in the arabian peninsula,UCDP_ACTOR,NameOrigFullEng,881,AQAP,1,False,33,False,False,True,RAD;UCDP_ACTOR
698ba98da61cd8f0c15f1a3bcaaa3b19d8c6d90b,Ampatuan militia,ampatuan militia,UCDP_ACTOR,NameData,882,Ampatuan militia,1,False,16,False,False,True,UCDP_ACTOR
28bf25208a1dc39393618fd94790c42a7b6e3b86,Ampatuan militia,ampatuan militia,UCDP_ACTOR,NameOrig,882,Ampatuan militia,1,False,16,False,False,True,UCDP_ACTOR
f1a10cc9fdee19f7fea15f89c4cd45133fcc7251,Ampatuan militia,ampatuan militia,UCDP_ACTOR,NameOrigFull,882,Ampatuan militia,1,False,16,False,False,True,UCDP_ACTOR
dab4cec1110209e17eccd8b5642ad4c92f99b3a6,Ampatuan militia,ampatuan militia,UCDP_ACTOR,NameOrigFullEng,882,Ampatuan militia,1,False,16,False,False,True,UCDP_ACTOR
3b395eb8d5c5eef3c098811c3de09022595950d7,DHD,dhd,UCDP_ACTOR,NameData,883,DHD,1,True,3,True,False,True,UCDP_ACTOR
cb0b678e03a5641e790ded87a5193a2c355404a4,DHD,dhd,UCDP_ACTOR,NameOrig,883,DHD,1,True,3,True,False,True,UCDP_ACTOR
6bc443502c2e609d5017c1965de1b3e433014671,Dima Halam Daogah,dima halam daogah,UCDP_ACTOR,NameOrigFull,883,DHD,1,False,17,False,False,True,UCDP_ACTOR
895d133ed74158a4ba851bc2c9dab869afe9140e,Dima Halam Daogah,dima halam daogah,UCDP_ACTOR,NameOrigFullEng,883,DHD,1,False,17,False,False,True,UCDP_ACTOR
13bdcb637561158a528e8024ae8a7965deaa4dd8,KRA,kra,UCDP_ACTOR,NameData,884,KRA,1,True,3,True,False,True,UCDP_ACTOR
42719e3403ded08c687301b224eff1d15beb1649,KRA,kra,UCDP_ACTOR,NameOrig,884,KRA,1,True,3,True,False,True,UCDP_ACTOR
40b910b5011f51f7cb689da32d05dba3b760d0b4,Kuki Revolutionary Army,kuki revolutionary army,UCDP_ACTOR,NameOrigFull,884,KRA,1,False,23,False,False,True,UCDP_ACTOR
ad1eedb46451f1b21024d77fd2db385e2ffbd81f,Kuki Revolutionary Army,kuki revolutionary army,UCDP_ACTOR,NameOrigFullEng,884,KRA,1,False,23,False,False,True,UCDP_ACTOR
925ef7a739e7e57d53d4007c24ae176ef4f77c9b,HPC,hpc,UCDP_ACTOR,NameData,885,HPC,1,True,3,True,False,True,UCDP_ACTOR
afc15c23cd3562f17ace4c8a9caf626738812edc,HPC,hpc,UCDP_ACTOR,NameOrig,885,HPC,1,True,3,True,False,True,UCDP_ACTOR
143cad495374d2205cb001c1bff443bdf07b2f19,Hmar Peoples Convention,hmar peoples convention,UCDP_ACTOR,NameOrigFull,885,HPC,1,False,23,False,False,True,UCDP_ACTOR
0fad6587041eeac52cc0f8c1eff50ca90ee8a233,Hmar Peoples Convention,hmar peoples convention,UCDP_ACTOR,NameOrigFullEng,885,HPC,1,False,23,False,False,True,UCDP_ACTOR
3ea6908bf6deab172f95a25c87656196cc59ee3c,AAH,aah,UCDP_ACTOR,NameData,886,AAH,1,True,3,True,False,True,UCDP_ACTOR
a4f2764020ee1b42ccea1edc637d5b96580e4d6c,AAH,aah,UCDP_ACTOR,NameOrig,886,AAH,1,True,3,True,False,True,UCDP_ACTOR
fc8abe79857fd85853f8da56cc2db479d557b398,Asaib Ahl al-Haqq,asaib ahl al-haqq,UCDP_ACTOR,NameOrigFull,886,AAH,1,False,17,False,False,True,UCDP_ACTOR
1bd4babb12c0b489081b3d13a786d5dfe087dc0d,The League of the Righteous,the league of the righteous,UCDP_ACTOR,NameOrigFullEng,886,AAH,1,False,27,False,False,True,UCDP_ACTOR
64f4be21a32a6e9489eef1fd7bf20a647e5e22e7,al-Mahdi Army,al-mahdi army,UCDP_ACTOR,NamePrev,886,AAH,1,False,13,False,False,True,RAD;UCDP_ACTOR
0e2e531c0383e1de50d085c3b1441ea74be6aca1,Lashkar of Orakzai,lashkar of orakzai,UCDP_ACTOR,NameData,887,Lashkar of Orakzai,1,False,18,False,False,True,UCDP_ACTOR
21c221510cb25f8c2a189e8c542acc41a1a77d38,Lashkar of Orakzai tribe,lashkar of orakzai tribe,UCDP_ACTOR,NameOrig,887,Lashkar of Orakzai,1,False,24,False,False,True,UCDP_ACTOR
c660a12835dab494b682966014d198d05e83fc6b,Lashkar of Orakzai tribe,lashkar of orakzai tribe,UCDP_ACTOR,NameOrigFull,887,Lashkar of Orakzai,1,False,24,False,False,True,UCDP_ACTOR
859a8fd1b853fab9aae54d3b78fbcdef5eee8f32,Army of Orakzai tribe,army of orakzai tribe,UCDP_ACTOR,NameOrigFullEng,887,Lashkar of Orakzai,1,False,21,False,False,True,UCDP_ACTOR
98daef38fcee93a2c5d6232bf150e26a61aa14e9,Forces of Turkestan Bhittani,forces of turkestan bhittani,UCDP_ACTOR,NameData,888,Forces of Turkestan Bhittani,1,False,28,False,False,True,UCDP_ACTOR
e7418ac1ea8e3934fc45d4acaa8d4a182afcf372,Forces of Turkestan Bhittani,forces of turkestan bhittani,UCDP_ACTOR,NameOrig,888,Forces of Turkestan Bhittani,1,False,28,False,False,True,UCDP_ACTOR
3ca552e37f764a7478b19f3c2362b80d347588d1,Forces of Turkestan Bhittani,forces of turkestan bhittani,UCDP_ACTOR,NameOrigFull,888,Forces of Turkestan Bhittani,1,False,28,False,False,True,UCDP_ACTOR
706fd3bee3ed5305931b5a9ec4ed0aa25c9de8c9,Forces of Turkestan Bhittani,forces of turkestan bhittani,UCDP_ACTOR,NameOrigFullEng,888,Forces of Turkestan Bhittani,1,False,28,False,False,True,UCDP_ACTOR
9c2f17e2bff991f6a0431967a4ad6f9416e46aa2,LNUP,lnup,UCDP_ACTOR,NameData,889,LNUP,1,True,4,True,False,True,UCDP_ACTOR
81feb2d871239d5dde65d7b7ef3bea340743a12f,LNUP,lnup,UCDP_ACTOR,NameOrig,889,LNUP,1,True,4,True,False,True,UCDP_ACTOR
a41da742b07a2220f054430624dea0c92b262c14,Lahu National Unity Party,lahu national unity party,UCDP_ACTOR,NameOrigFullEng,889,LNUP,1,False,25,False,False,True,UCDP_ACTOR
622468de9f95854a62d87135d790183c0ee4f528,KNUP,knup,UCDP_ACTOR,NameData,890,KNUP,1,True,4,True,False,True,UCDP_ACTOR
b813b7ecbca4dc5fd799df735ac0d7891e17aa39,KNU,knu,UCDP_ACTOR,NameOrig,890,KNUP,1,True,3,True,False,True,RAD;UCDP_ACTOR
e9e2702d0ea7e4643a684bf26dee21b149ee1f38,Karen National Union,karen national union,UCDP_ACTOR,NameOrigFullEng,890,KNUP,1,False,20,False,False,True,RAD;UCDP_ACTOR
8667250c9eda4bb92aa5dbe2287fe8f15a8dd295,KNUP,knup,UCDP_ACTOR,NewName,890,KNUP,1,True,4,True,False,True,UCDP_ACTOR
083eeef1d7182983bc110856c95783aa18339268,Karen National United Party,karen national united party,UCDP_ACTOR,NewNameFullEng,890,KNUP,1,False,27,False,False,True,UCDP_ACTOR
6c4d865a31ad225c127abd6e43bdd5989e41664c,KNU,knu,UCDP_ACTOR,GroupName,890,KNUP,1,True,3,True,False,True,RAD;UCDP_ACTOR
1ac2f881ab66fa3cca0595e79e21aec3bab2066d,Ahlu Sunna Waljamaca,ahlu sunna waljamaca,UCDP_ACTOR,NameData,894,Ahlu Sunna Waljamaca,1,False,20,False,False,True,UCDP_ACTOR
f5d0f66d04f4ba4cc550c72185e02b3803d3beb2,Ahlu Sunna Waljamaca,ahlu sunna waljamaca,UCDP_ACTOR,NameOrig,894,Ahlu Sunna Waljamaca,1,False,20,False,False,True,UCDP_ACTOR
2c83c8f5b7a82ea5fc599407d3672fb13a9cd468,Ahlu Sunna Waljamaca,ahlu sunna waljamaca,UCDP_ACTOR,NameOrigFull,894,Ahlu Sunna Waljamaca,1,False,20,False,False,True,UCDP_ACTOR
e658ccc0bede21726e57f2c797d612605ea71fd4,Ahlu Sunna Waljamaca,ahlu sunna waljamaca,UCDP_ACTOR,NameOrigFullEng,894,Ahlu Sunna Waljamaca,1,False,20,False,False,True,UCDP_ACTOR
0873b4e6cca09c8472bd603fda964be43aec3c6f,Bangadi Militia,bangadi militia,UCDP_ACTOR,NameData,895,Bangadi Militia,1,False,15,False,False,True,UCDP_ACTOR
b63f1a791f3bd2bb8dbe94c6f9a10e0d3c55c7a8,Bangadi Militia,bangadi militia,UCDP_ACTOR,NameOrig,895,Bangadi Militia,1,False,15,False,False,True,UCDP_ACTOR
d90bec3e03685e19857b6ab3faa96c2ec7e288fa,Bangadi Militia,bangadi militia,UCDP_ACTOR,NameOrigFull,895,Bangadi Militia,1,False,15,False,False,True,UCDP_ACTOR
59e48f522644f5cdd9e5e2f154459b5a51f23ded,Bangadi Militia,bangadi militia,UCDP_ACTOR,NameOrigFullEng,895,Bangadi Militia,1,False,15,False,False,True,UCDP_ACTOR
dd467240a05f8b8cd6ebd950ba5479802f8c53e3,PARECO,pareco,UCDP_ACTOR,NameData,896,PARECO,1,True,6,False,False,True,UCDP_ACTOR
ed2dbac3de80eb7747b1299b736d3a2464c99df2,PARECO,pareco,UCDP_ACTOR,NameOrig,896,PARECO,1,True,6,False,False,True,UCDP_ACTOR
60c68329b5cb54648b895299e3accfe842a69b81,Parti des résistants congolais,parti des résistants congolais,UCDP_ACTOR,NameOrigFull,896,PARECO,1,False,30,False,False,True,UCDP_ACTOR
6d49ceadfa73526762d50c65f5dd59a2299cc5d2,Coalition of Congolese Patriotic Resistance,coalition of congolese patriotic resistance,UCDP_ACTOR,NameOrigFullEng,896,PARECO,1,False,43,False,False,True,UCDP_ACTOR
7f74f06bd1d664790175ba59bf7bd7e5f6602051,MDF,mdf,UCDP_ACTOR,NameData,902,MDF,1,True,3,True,False,True,UCDP_ACTOR
87b5e51e64c6b3ffd8fcdb1464ca97bd683a6221,MDF,mdf,UCDP_ACTOR,NameOrig,902,MDF,1,True,3,True,False,True,UCDP_ACTOR
84e7638c7762363c6a44fef083fae331b8298a37,Moorland Defence Forces,moorland defence forces,UCDP_ACTOR,NameOrigFull,902,MDF,1,False,23,False,False,True,UCDP_ACTOR
aa4829337731523a5601417de0b45bb412b7743d,Moorland Defence Forces,moorland defence forces,UCDP_ACTOR,NameOrigFullEng,902,MDF,1,False,23,False,False,True,UCDP_ACTOR
b51e81149f8e026ee12e70108ce47ca2ade62c88,GIA - El Ahd Battalion,gia - el ahd battalion,UCDP_ACTOR,NameData,903,GIA - El Ahd Battalion,1,False,22,False,False,True,UCDP_ACTOR
49764414e48164534d7c6ab76ac7b81b3650e44a,GIA - El Ahd Battalion,gia - el ahd battalion,UCDP_ACTOR,NameOrig,903,GIA - El Ahd Battalion,1,False,22,False,False,True,UCDP_ACTOR
847ccf7e7d7a504326e9bb964bd77cbc71b4e32d,Groupe islamique armée - El Ahd Battalion,groupe islamique armée - el ahd battalion,UCDP_ACTOR,NameOrigFull,903,GIA - El Ahd Battalion,1,False,41,False,False,True,UCDP_ACTOR
d67207d525c03950f984e64ad78931e592262af6,Armed Islamic Group - Covenant Battalion,armed islamic group - covenant battalion,UCDP_ACTOR,NameOrigFullEng,903,GIA - El Ahd Battalion,1,False,40,False,False,True,UCDP_ACTOR
c50e222ec5331032cb664a9815216a305a710266,GIA,gia,UCDP_ACTOR,NameSplitTemp,903,GIA - El Ahd Battalion,1,True,3,True,False,True,RAD;UCDP_ACTOR
49cc964a12343f9f9cf2a3003c2bbd3dc26bc098,GIA - El Forkane,gia - el forkane,UCDP_ACTOR,NameData,904,GIA - El Forkane,1,False,16,False,False,True,UCDP_ACTOR
574e792d58439dada2a6a0ad402f408b0fe151bc,GIA - El Forkane,gia - el forkane,UCDP_ACTOR,NameOrig,904,GIA - El Forkane,1,False,16,False,False,True,UCDP_ACTOR
847ddeb193c63ccbdf8ae7492350f649f7b1dfc9,Groupe islamique armée - El Forkane Battalion,groupe islamique armée - el forkane battalion,UCDP_ACTOR,NameOrigFull,904,GIA - El Forkane,1,False,45,False,False,True,UCDP_ACTOR
126d04287b70c9f508e8359bc36ec67a1176218b,Armed Islamic Group - Holy Quran Battalion,armed islamic group - holy quran battalion,UCDP_ACTOR,NameOrigFullEng,904,GIA - El Forkane,1,False,42,False,False,True,UCDP_ACTOR
beafa1ec0e9e7ed2c85b654737bc7ea7f5624c4e,GIA,gia,UCDP_ACTOR,NameSplitTemp,904,GIA - El Forkane,1,True,3,True,False,True,RAD;UCDP_ACTOR
9ddd501188767421ef6f6a904759775ab7ddd166,MPA - SOC,mpa - soc,UCDP_ACTOR,NameData,913,MPA - SOC,1,False,9,False,False,True,UCDP_ACTOR
09323332583cb3f6106805d3373d9eef821b7bdb,MPA - SOC,mpa - soc,UCDP_ACTOR,NameOrig,913,MPA - SOC,1,False,9,False,False,True,UCDP_ACTOR
5c3bc5dba4e266e1eeb2e0be7610a004ca713e38,Mouvement populaire anjouanais - Said Omar Chamassi faction,mouvement populaire anjouanais - said omar chamassi faction,UCDP_ACTOR,NameOrigFull,913,MPA - SOC,1,False,59,False,False,True,UCDP_ACTOR
4775ed7085fbd8bb2bb3fb216c7db72cf9d26962,Anjouan Peoples Movement - Said Omar Chamassi faction,anjouan peoples movement - said omar chamassi faction,UCDP_ACTOR,NameOrigFullEng,913,MPA - SOC,1,False,53,False,False,True,UCDP_ACTOR
2b74963795a0742e673062d28882ea30a8c95d0a,MPA,mpa,UCDP_ACTOR,NamePrev,913,MPA - SOC,1,True,3,True,False,True,RAD;UCDP_ACTOR
6338f43b4c94b9782bcf8d436a9b432f751267f4,Republic of Anjouan,republic of anjouan,UCDP_ACTOR,NamePrev,913,MPA - SOC,1,False,19,False,False,True,RAD;UCDP_ACTOR
a10275d5dc0ce29e33728bc7ae0b69b442953e94,FPLA,fpla,UCDP_ACTOR,NameData,934,FPLA,1,True,4,True,False,True,UCDP_ACTOR
f13e7df4d8cd7d0de21a7475e5069a3ba4838fcd,FPLA,fpla,UCDP_ACTOR,NameOrig,934,FPLA,1,True,4,True,False,True,UCDP_ACTOR
82fe1255ce51fabdecd859cee9191391a3b2dd26,Front Populaire de Libération de lAzawad,front populaire de libération de lazawad,UCDP_ACTOR,NameOrigFull,934,FPLA,1,False,40,False,False,True,UCDP_ACTOR
849087f42c8422438b6b0d8acc2292112fd5afbb,Popular Liberation Front of Azawad,popular liberation front of azawad,UCDP_ACTOR,NameOrigFullEng,934,FPLA,1,False,34,False,False,True,UCDP_ACTOR
aa5b94357cb18943bddd13efc009896422fa92d5,MPA,mpa,UCDP_ACTOR,NamePrev,934,FPLA,1,True,3,True,False,True,RAD;UCDP_ACTOR
c73a429163ddb4c84edcb691507f3ba2259f0b48,ARLA,arla,UCDP_ACTOR,NameData,935,ARLA,1,True,4,True,False,True,UCDP_ACTOR
c6e1b64ed03424e5c2e6d049ab5d50a8f0732c82,ARLA,arla,UCDP_ACTOR,NameOrig,935,ARLA,1,True,4,True,False,True,UCDP_ACTOR
62a44b0e0c6fba29f1bafd1ea38a1a0a3a0777a4,Armeé révolutionnaire de liberation de lAzaouad,armeé révolutionnaire de liberation de lazaouad,UCDP_ACTOR,NameOrigFull,935,ARLA,1,False,47,False,False,True,UCDP_ACTOR
4d2a97a3cd90ac4fcca057ca5ac33774456dbc06,Revolutionary Army for the Liberation of Azaouad,revolutionary army for the liberation of azaouad,UCDP_ACTOR,NameOrigFullEng,935,ARLA,1,False,48,False,False,True,UCDP_ACTOR
86dfb3ebf3c90e9ba52d5544b4b8b1e99001f0e3,MPA,mpa,UCDP_ACTOR,NamePrev,935,ARLA,1,True,3,True,False,True,RAD;UCDP_ACTOR
03dc3d397fecf65047b490d27b9e3fc17a62831b,Naparama,naparama,UCDP_ACTOR,NameData,938,Naparama,1,True,8,False,False,True,UCDP_ACTOR
7b31e0ff48f6c01e587690a08ec4534d1cdceb95,Naparama,naparama,UCDP_ACTOR,NameOrig,938,Naparama,1,True,8,False,False,True,UCDP_ACTOR
49f89bb4ab870cab99783f9bc2781ed993baf6cd,Naparama,naparama,UCDP_ACTOR,NameOrigFull,938,Naparama,1,True,8,False,False,True,UCDP_ACTOR
de2a1d7f407ca08b301fe505990a87a866946f15,Naparama,naparama,UCDP_ACTOR,NameOrigFullEng,938,Naparama,1,True,8,False,False,True,UCDP_ACTOR
676f0a8269979b5834a2e6b7caaec6cb582ae89a,Forces of Omar Jess,forces of omar jess,UCDP_ACTOR,NameData,965,Forces of Omar Jess,1,False,19,False,False,True,UCDP_ACTOR
19668c95449da074941cd2dc2676142441338256,Forces of Omar Jess,forces of omar jess,UCDP_ACTOR,NameOrig,965,Forces of Omar Jess,1,False,19,False,False,True,UCDP_ACTOR
dcb8b97c61f62f14e61802f13a8c0a1b0cb5f14a,Forces of Omar Jess,forces of omar jess,UCDP_ACTOR,NameOrigFull,965,Forces of Omar Jess,1,False,19,False,False,True,UCDP_ACTOR
a2a5867ad4ec5f49321c269414e5add54917cbac,Forces of Omar Jess,forces of omar jess,UCDP_ACTOR,NameOrigFullEng,965,Forces of Omar Jess,1,False,19,False,False,True,UCDP_ACTOR
6b59bd57256b1d02d4293848d6bfe909a7038d49,Forces of Abdirizak Bihi,forces of abdirizak bihi,UCDP_ACTOR,NameData,969,Forces of Abdirizak Bihi,1,False,24,False,False,True,UCDP_ACTOR
e7a07c003eb87183b597dde7d5c35fbbade67790,Forces of Abdirizak Bihi,forces of abdirizak bihi,UCDP_ACTOR,NameOrig,969,Forces of Abdirizak Bihi,1,False,24,False,False,True,UCDP_ACTOR
30f2935d97d3492d76a3dc528c77a14b1d9584a0,Forces of Abdirizak Bihi,forces of abdirizak bihi,UCDP_ACTOR,NameOrigFull,969,Forces of Abdirizak Bihi,1,False,24,False,False,True,UCDP_ACTOR
c8358f5ff52d7aac003397e2a15bc8c84afbf04b,Forces of Abdirizak Bihi,forces of abdirizak bihi,UCDP_ACTOR,NameOrigFullEng,969,Forces of Abdirizak Bihi,1,False,24,False,False,True,UCDP_ACTOR
872259bfd2ffdefc5792631113835f2fcb5e52fe,Forces of Ahmed Sheikh Buraleh,forces of ahmed sheikh buraleh,UCDP_ACTOR,NameData,970,Forces of Ahmed Sheikh Buraleh,1,False,30,False,False,True,UCDP_ACTOR
9cde759a5660fa60161e67a68336f402410abb24,Forces of Ahmed Sheikh Buraleh,forces of ahmed sheikh buraleh,UCDP_ACTOR,NameOrig,970,Forces of Ahmed Sheikh Buraleh,1,False,30,False,False,True,UCDP_ACTOR
629c50585f082c5acbb8723f553a0e23ea86b49e,Forces of Ahmed Sheikh Buraleh,forces of ahmed sheikh buraleh,UCDP_ACTOR,NameOrigFull,970,Forces of Ahmed Sheikh Buraleh,1,False,30,False,False,True,UCDP_ACTOR
dc7acd70502047fdb017b38c88511f74086abc23,Forces of Ahmed Sheikh Buraleh,forces of ahmed sheikh buraleh,UCDP_ACTOR,NameOrigFullEng,970,Forces of Ahmed Sheikh Buraleh,1,False,30,False,False,True,UCDP_ACTOR
9080536db767bed66dc0163a112007ee445151dc,Forces of Hussein Ali Ahmed,forces of hussein ali ahmed,UCDP_ACTOR,NameData,971,Forces of Hussein Ali Ahmed,1,False,27,False,False,True,UCDP_ACTOR
fb862198367e426bcee26e0e122e975a249a5df1,Forces of Hussein Ali Ahmed,forces of hussein ali ahmed,UCDP_ACTOR,NameOrig,971,Forces of Hussein Ali Ahmed,1,False,27,False,False,True,UCDP_ACTOR
e81830e38741802a4b7954beecb393d6df2eb969,Forces of Hussein Ali Ahmed,forces of hussein ali ahmed,UCDP_ACTOR,NameOrigFull,971,Forces of Hussein Ali Ahmed,1,False,27,False,False,True,UCDP_ACTOR
4b7c610237981501b2ace5271c3fb0536c0035a0,Forces of Hussein Ali Ahmed,forces of hussein ali ahmed,UCDP_ACTOR,NameOrigFullEng,971,Forces of Hussein Ali Ahmed,1,False,27,False,False,True,UCDP_ACTOR
6111047515b63e7bfd864f4f3fe44c050575a15d,Forces of Abdurahman Ahmed Ali Tur,forces of abdurahman ahmed ali tur,UCDP_ACTOR,NameData,972,Forces of Abdurahman Ahmed Ali Tur,1,False,34,False,False,True,UCDP_ACTOR
9cbf8eb1d294dffefc430c40316f8663b2853766,Forces of Abdurahman Ahmed Ali Tur,forces of abdurahman ahmed ali tur,UCDP_ACTOR,NameOrig,972,Forces of Abdurahman Ahmed Ali Tur,1,False,34,False,False,True,UCDP_ACTOR
b6041dc6dd9f092297e5948659f51c3e16eec72e,Forces of Abdurahman Ahmed Ali Tur,forces of abdurahman ahmed ali tur,UCDP_ACTOR,NameOrigFull,972,Forces of Abdurahman Ahmed Ali Tur,1,False,34,False,False,True,UCDP_ACTOR
43965c5d69d00d0265dc695b32f6b7eabc1e058b,Forces of Abdurahman Ahmed Ali Tur,forces of abdurahman ahmed ali tur,UCDP_ACTOR,NameOrigFullEng,972,Forces of Abdurahman Ahmed Ali Tur,1,False,34,False,False,True,UCDP_ACTOR
1280b0e40b89185dd9dd8ad351fcc1a78e8739c8,SNF - MSAB,snf - msab,UCDP_ACTOR,NameData,973,SNF - MSAB,1,False,10,False,False,True,UCDP_ACTOR
db3101b547b852eb32748ba5376fae81b6e0190a,SNF - MSAB,snf - msab,UCDP_ACTOR,NameOrig,973,SNF - MSAB,1,False,10,False,False,True,UCDP_ACTOR
8f0a739e93414ab694fdaaf58063b85adf2ee1f7,Somali National Front - Mohamed Sheikh Ali Buraleh faction,somali national front - mohamed sheikh ali buraleh faction,UCDP_ACTOR,NameOrigFull,973,SNF - MSAB,1,False,58,False,False,True,UCDP_ACTOR
1bebe6a8dbbad2a1d647708a5f827e7e75f1c2dd,Somali National Front - Mohamed Sheikh Ali Buraleh faction,somali national front - mohamed sheikh ali buraleh faction,UCDP_ACTOR,NameOrigFullEng,973,SNF - MSAB,1,False,58,False,False,True,UCDP_ACTOR
06b6ca7688e174f8c1bd173d3db29ece9d2956db,SNF,snf,UCDP_ACTOR,NamePrev,973,SNF - MSAB,1,True,3,True,False,True,UCDP_ACTOR
55a1d5a16250fa98165fda719467736876dd6570,SPM,spm,UCDP_ACTOR,NameData,974,SPM/SNA,1,True,3,True,False,True,RAD;UCDP_ACTOR
b19df20293d443c1c1d6ee3aacc7d7fec8dac331,SNA,sna,UCDP_ACTOR,NameData,974,SPM/SNA,1,True,3,True,False,True,UCDP_ACTOR
b60c7979d1e905e38f47a2a3e33f43d7061357da,SPM,spm,UCDP_ACTOR,NameOrig,974,SPM/SNA,1,True,3,True,False,True,RAD;UCDP_ACTOR
0cf7677b642498c53b384327677aede9573db687,SNA,sna,UCDP_ACTOR,NameOrig,974,SPM/SNA,1,True,3,True,False,True,UCDP_ACTOR
d11b2d02d63a5933d5da683a74b41bd3c7223b2d,Somali Patriotic Movement,somali patriotic movement,UCDP_ACTOR,NameOrigFull,974,SPM/SNA,1,False,25,False,False,True,RAD;UCDP_ACTOR
bfb360e9a317353b92d59d44e62812f7dd4afe82,Somali National Alliance,somali national alliance,UCDP_ACTOR,NameOrigFull,974,SPM/SNA,1,False,24,False,False,True,UCDP_ACTOR
c7f1987f2af0d78fcc55fb1bc4e6daec65d9e161,Somali Patriotic Movement,somali patriotic movement,UCDP_ACTOR,NameOrigFullEng,974,SPM/SNA,1,False,25,False,False,True,RAD;UCDP_ACTOR
f7d64a26d4b29554b5000cf16424e21cce360ebf,Somali National Alliance,somali national alliance,UCDP_ACTOR,NameOrigFullEng,974,SPM/SNA,1,False,24,False,False,True,UCDP_ACTOR
ccc2760dfceb9efb4dc1c3b2d0b6099138a93b33,SPM,spm,UCDP_ACTOR,NamePrev,974,SPM/SNA,1,True,3,True,False,True,RAD;UCDP_ACTOR
9cfbcf2b9145b932212bdb82174903b64f801b67,DSA,dsa,UCDP_ACTOR,NameData,975,DSA,1,True,3,True,False,True,UCDP_ACTOR
98572debc1887e253a3fe8ecc741ded532eadff0,DSA,dsa,UCDP_ACTOR,NameOrig,975,DSA,1,True,3,True,False,True,UCDP_ACTOR
2532916aba4df32c7a887eda42d408911db50d06,Digil Salvation Army,digil salvation army,UCDP_ACTOR,NameOrigFull,975,DSA,1,False,20,False,False,True,UCDP_ACTOR
84755868d4132b81288caf805566d4634afae8df,Digil Salvation Army,digil salvation army,UCDP_ACTOR,NameOrigFullEng,975,DSA,1,False,20,False,False,True,UCDP_ACTOR
71f51f9eda310c705637a895ebdbfb660f569c38,USC,usc,UCDP_ACTOR,NameData,976,USC/SNA - OA,1,True,3,True,False,True,RAD;UCDP_ACTOR
a00557e5bf058e263b5efa316fa03898fd21da78,SNA - OA,sna - oa,UCDP_ACTOR,NameData,976,USC/SNA - OA,1,False,8,False,False,True,UCDP_ACTOR
e12abdfebe651bfec89c2682688175a89cd4f574,USC,usc,UCDP_ACTOR,NameOrig,976,USC/SNA - OA,1,True,3,True,False,True,RAD;UCDP_ACTOR
ac3f34b897f9e906cf72fc95968fb8baed431600,SNA - OA,sna - oa,UCDP_ACTOR,NameOrig,976,USC/SNA - OA,1,False,8,False,False,True,UCDP_ACTOR
3e6e12105426d0a1f85844bc2cfee4e852c20ddd,United Somali Congress,united somali congress,UCDP_ACTOR,NameOrigFull,976,USC/SNA - OA,1,False,22,False,False,True,RAD;UCDP_ACTOR
0fa8517627244b443917e3011382a963e1286d39,Somali National Alliance - Osman Atto faction,somali national alliance - osman atto faction,UCDP_ACTOR,NameOrigFull,976,USC/SNA - OA,1,False,45,False,False,True,UCDP_ACTOR
f3c28827bd1af74fdd989a5ee033dea68ed01fdc,United Somali Congress,united somali congress,UCDP_ACTOR,NameOrigFullEng,976,USC/SNA - OA,1,False,22,False,False,True,RAD;UCDP_ACTOR
ceb8bec1efc28b6cd0c35dd708bcc8f8edc9968f,Somali National Alliance - Osman Atto faction,somali national alliance - osman atto faction,UCDP_ACTOR,NameOrigFullEng,976,USC/SNA - OA,1,False,45,False,False,True,UCDP_ACTOR
e7f9716d5a1417d269ff0b5350a20eba1e46dee1,USC,usc,UCDP_ACTOR,NamePrev,976,USC/SNA - OA,1,True,3,True,False,True,RAD;UCDP_ACTOR
6fbb5859933b9fe6340f6de3248f9446ffe2c180,SNA,sna,UCDP_ACTOR,NamePrev,976,USC/SNA - OA,1,True,3,True,False,True,UCDP_ACTOR
c339eeffd0323b0f902d1b70fee3313b2951882f,USC-PM,usc-pm,UCDP_ACTOR,NameData,977,USC-PM,1,True,6,False,False,True,UCDP_ACTOR
84c5495b6c7dd4d8e230f5f7ef89de7ec4b436fb,USC-PM,usc-pm,UCDP_ACTOR,NameOrig,977,USC-PM,1,True,6,False,False,True,UCDP_ACTOR
dc8a401894954f651cea15183abb205f9d22fee4,United Somali Congress-Peace Movement,united somali congress-peace movement,UCDP_ACTOR,NameOrigFull,977,USC-PM,1,False,37,False,False,True,UCDP_ACTOR
acec55df73f1c16a4561cd0e371af81a6bd8eb41,United Somali Congress-Peace Movement,united somali congress-peace movement,UCDP_ACTOR,NameOrigFullEng,977,USC-PM,1,False,37,False,False,True,UCDP_ACTOR
919a68c5f2531cd34c2024519c826e96f09dc25e,ANC - Greens,anc - greens,UCDP_ACTOR,NameData,978,ANC - Greens,1,False,12,False,False,True,UCDP_ACTOR
022183b5dff2a24dd5f2e462c947e148e1e11cb8,ANC - Greens,anc - greens,UCDP_ACTOR,NameOrig,978,ANC - Greens,1,False,12,False,False,True,UCDP_ACTOR
2f38ea7e7e3baf2b2fec00e929ed6183f9807953,African National Congress - Greens faction,african national congress - greens faction,UCDP_ACTOR,NameOrigFull,978,ANC - Greens,1,False,42,False,False,True,UCDP_ACTOR
7c67863022c7cf237c9ffafb6f3de9ee0bcbc2b3,African National Congress - Greens faction,african national congress - greens faction,UCDP_ACTOR,NameOrigFullEng,978,ANC - Greens,1,False,42,False,False,True,UCDP_ACTOR
bc5a923a6659a5ba15142452e430690e8d1918a8,ANC,anc,UCDP_ACTOR,NamePrev,978,ANC - Greens,1,True,3,True,False,True,UCDP_ACTOR
7c8668fb82d7339dd2beb58b7581e259a351ad8b,IFP,ifp,UCDP_ACTOR,GroupName,978,ANC - Greens,1,True,3,True,False,True,UCDP_ACTOR
e8afd7689e1b1702842cfaea037291d1ada9498f,ANC - Reds,anc - reds,UCDP_ACTOR,NameData,979,ANC - Reds,1,False,10,False,False,True,UCDP_ACTOR
9ccb72e7cecbe66dbaa525939c74c47ccc6f5de4,ANC - Reds,anc - reds,UCDP_ACTOR,NameOrig,979,ANC - Reds,1,False,10,False,False,True,UCDP_ACTOR
897399d48d76d2f068875893a517354fc260c06c,African National Congress - Reds faction,african national congress - reds faction,UCDP_ACTOR,NameOrigFull,979,ANC - Reds,1,False,40,False,False,True,UCDP_ACTOR
8deb76cde3dec131bbb73ce22074ca6fdbe1e33a,African National Congress - Reds faction,african national congress - reds faction,UCDP_ACTOR,NameOrigFullEng,979,ANC - Reds,1,False,40,False,False,True,UCDP_ACTOR
07df0b55058040679839596cdb8f5dda568e8b71,ANC,anc,UCDP_ACTOR,NameSplitTemp,979,ANC - Reds,1,True,3,True,False,True,UCDP_ACTOR
78f37e7185e93bed3439f0f533d698b0f02cedea,Codeta,codeta,UCDP_ACTOR,NameData,981,Codeta,1,True,6,False,False,True,UCDP_ACTOR
e95b093c5fccaab4b34f1189f3c0db1090552c7e,Codeta,codeta,UCDP_ACTOR,NameOrig,981,Codeta,1,True,6,False,False,True,UCDP_ACTOR
d66925ab8456170619aca7795bec3fa7b3443d2f,Cape Organization for a Democratic Taxi Association,cape organization for a democratic taxi association,UCDP_ACTOR,NameOrigFull,981,Codeta,1,False,51,False,False,True,UCDP_ACTOR
1f6863be5bf576f818c3b68fb4c2403f4b5f2eea,Cape Organization for a Democratic Taxi Association,cape organization for a democratic taxi association,UCDP_ACTOR,NameOrigFullEng,981,Codeta,1,False,51,False,False,True,UCDP_ACTOR
430a182d69da2685ee55694431f32d490e75cebb,CATA,cata,UCDP_ACTOR,NameData,982,CATA,1,True,4,True,False,True,UCDP_ACTOR
69811bab236afe84488010697c456ff72f0c53d9,CATA,cata,UCDP_ACTOR,NameOrig,982,CATA,1,True,4,True,False,True,UCDP_ACTOR
fc6b8aca7fbd135a554de86214ed8e40c77ac7c4,Cape Amalgamated Taxi Association,cape amalgamated taxi association,UCDP_ACTOR,NameOrigFull,982,CATA,1,False,33,False,False,True,UCDP_ACTOR
8ee38d26e9ac1123af51ca5c933ec230efc795e1,Cape Amalgamated Taxi Association,cape amalgamated taxi association,UCDP_ACTOR,NameOrigFullEng,982,CATA,1,False,33,False,False,True,UCDP_ACTOR
bee0907f35f5b377aceaf3ee2d4c360d0490ba88,Webta,webta,UCDP_ACTOR,NameData,989,Webta,1,True,5,False,False,True,UCDP_ACTOR
91bffb354f7a0893dab812cfef55d86bb5303d1d,Webta,webta,UCDP_ACTOR,NameOrig,989,Webta,1,True,5,False,False,True,UCDP_ACTOR
174cef76bc88c09f6d8985be542bc2d74a15dd16,Western Cape Black Taxi Association,western cape black taxi association,UCDP_ACTOR,NameOrigFull,989,Webta,1,False,35,False,False,True,UCDP_ACTOR
2a320ba71028ed6d8d8b35792039686f3c9c9147,Western Cape Black Taxi Association,western cape black taxi association,UCDP_ACTOR,NameOrigFullEng,989,Webta,1,False,35,False,False,True,UCDP_ACTOR
4b873616e1eb21907563c1edc36fe9ad8f93e995,Lagunya,lagunya,UCDP_ACTOR,NameData,990,Lagunya,1,True,7,False,False,True,UCDP_ACTOR
784d4b0856694f37ca0f3615b549c2d65c7aa896,Lagunya,lagunya,UCDP_ACTOR,NameOrig,990,Lagunya,1,True,7,False,False,True,UCDP_ACTOR
8e28e691d0c4a1e96fea627711b51a128ad5bd11,Langa,langa,UCDP_ACTOR,NameOrigFull,990,Lagunya,1,True,5,False,False,True,UCDP_ACTOR
e71f42493fb117a5ff1461ee44a1449bda7f59c6,Guguletu and Nyanga Taxi Association,guguletu and nyanga taxi association,UCDP_ACTOR,NameOrigFull,990,Lagunya,1,False,36,False,False,True,UCDP_ACTOR
140d211802a7f23dee813c5909f967345127857f,Langa,langa,UCDP_ACTOR,NameOrigFullEng,990,Lagunya,1,True,5,False,False,True,UCDP_ACTOR
530e9b163d62f577cafe0bda96272b129a686088,Guguletu and Nyanga Taxi Association,guguletu and nyanga taxi association,UCDP_ACTOR,NameOrigFullEng,990,Lagunya,1,False,36,False,False,True,UCDP_ACTOR
9894d2f3f8ff031ebcbac9e25604291faaedf150,SPLM,splm,UCDP_ACTOR,NameData,997,SPLM/A - AH,1,True,4,True,False,True,RAD;UCDP_ACTOR
34bf9ea298a21afd8ffd9c800c2121a99349964b,A - AH,a - ah,UCDP_ACTOR,NameData,997,SPLM/A - AH,1,False,6,False,False,True,UCDP_ACTOR
809b19fe8e31d0d425ee24dcaae841601946ed65,SPLM,splm,UCDP_ACTOR,NameOrig,997,SPLM/A - AH,1,True,4,True,False,True,RAD;UCDP_ACTOR
1b48d5c289656d9527f76ecb107476844dbe33d7,A - AH,a - ah,UCDP_ACTOR,NameOrig,997,SPLM/A - AH,1,False,6,False,False,True,UCDP_ACTOR
c3925c0a60e6483c6c50671fa539dde49a01725c,Sudan Peoples Liberation Movement,sudan peoples liberation movement,UCDP_ACTOR,NameOrigFull,997,SPLM/A - AH,1,False,33,False,False,True,RAD;UCDP_ACTOR
1e60f0786109d732634ee4e0307492ddf10be625,Army - Abd al-Aziz al-Hululi faction,army - abd al-aziz al-hululi faction,UCDP_ACTOR,NameOrigFull,997,SPLM/A - AH,1,False,36,False,False,True,UCDP_ACTOR
2ed8f680b352c9becaa9590b990a2717d069ef2a,Sudan Peoples Liberation Movement,sudan peoples liberation movement,UCDP_ACTOR,NameOrigFullEng,997,SPLM/A - AH,1,False,33,False,False,True,RAD;UCDP_ACTOR
5f4f4a786beb740fef88e87e9ebe4fa9c9f6a0ab,Army - Abd al-Aziz al-Hululi faction,army - abd al-aziz al-hululi faction,UCDP_ACTOR,NameOrigFullEng,997,SPLM/A - AH,1,False,36,False,False,True,UCDP_ACTOR
ba340f75b48fe9fb78d710689c1472cb2ca77225,SPLM,splm,UCDP_ACTOR,NameData,998,SPLM/A - WN,1,True,4,True,False,True,RAD;UCDP_ACTOR
f62cd57c4c20ec8052637a8876bd93b3b23bcd77,A - WN,a - wn,UCDP_ACTOR,NameData,998,SPLM/A - WN,1,False,6,False,False,True,UCDP_ACTOR
db47dcf2f71568bd11dac6df6b03895329f4da1e,SPLM,splm,UCDP_ACTOR,NameOrig,998,SPLM/A - WN,1,True,4,True,False,True,RAD;UCDP_ACTOR
5543c2a49b7b4c97838b83b6adebefc61339d023,A - WN,a - wn,UCDP_ACTOR,NameOrig,998,SPLM/A - WN,1,False,6,False,False,True,UCDP_ACTOR
defea79564d724d704b7cfb2d691f90ad2d38110,Sudan Peoples Liberation Movement,sudan peoples liberation movement,UCDP_ACTOR,NameOrigFull,998,SPLM/A - WN,1,False,33,False,False,True,RAD;UCDP_ACTOR
d30f5f5754d31e30690bd8bb15b5443e121b62aa,Army - William Nyuon faction,army - william nyuon faction,UCDP_ACTOR,NameOrigFull,998,SPLM/A - WN,1,False,28,False,False,True,UCDP_ACTOR
fd50551258617628d03ce96879609fe6a4492ce3,Sudan Peoples Liberation Movement,sudan peoples liberation movement,UCDP_ACTOR,NameOrigFullEng,998,SPLM/A - WN,1,False,33,False,False,True,RAD;UCDP_ACTOR
313ce6d709d76c3fb51817bc5d510dd941bd234e,Army - William Nyuon faction,army - william nyuon faction,UCDP_ACTOR,NameOrigFullEng,998,SPLM/A - WN,1,False,28,False,False,True,UCDP_ACTOR
92e134ef96261c3cd478bef9f4d9b595f378626b,SPLM,splm,UCDP_ACTOR,NamePrev,998,SPLM/A - WN,1,True,4,True,False,True,RAD;UCDP_ACTOR
355e54a3f3f3751dc2eb06296a070a025d21aaab,Hizbul Islam,hizbul islam,UCDP_ACTOR,NameData,1004,Hizbul Islam,1,False,12,False,False,True,RAD;UCDP_ACTOR
0629a3d948aa8d5861ca08dedf46a2cd4f552ac5,Hizbul Islam,hizbul islam,UCDP_ACTOR,NameOrig,1004,Hizbul Islam,1,False,12,False,False,True,RAD;UCDP_ACTOR
9145408a205bc508e76dc20be85aa9e3a6130c5a,Hizbul Islam,hizbul islam,UCDP_ACTOR,NameOrigFull,1004,Hizbul Islam,1,False,12,False,False,True,RAD;UCDP_ACTOR
feb2e582ba8f7970ba6d56fe9ff44a87961d6686,Islamic Party,islamic party,UCDP_ACTOR,NameOrigFullEng,1004,Hizbul Islam,1,False,13,False,False,True,UCDP_ACTOR
7c57ced3865438a13fb5016b72a7f139af952798,Al-Shabaab,al-shabaab,UCDP_ACTOR,GroupName,1004,Hizbul Islam,1,True,10,False,False,True,RAD;UCDP_ACTOR
172da6d1f64846d896ab2682de490975d57d76ce,GIA - El Khadra Battalion,gia - el khadra battalion,UCDP_ACTOR,NameData,1026,GIA - El Khadra Battalion,1,False,25,False,False,True,UCDP_ACTOR
b524e2b810c3e894e61c9a05ea1d7fc317825301,GIA - El Khadra Battalion,gia - el khadra battalion,UCDP_ACTOR,NameOrig,1026,GIA - El Khadra Battalion,1,False,25,False,False,True,UCDP_ACTOR
86ac70b3af99c4c6cbff80ba8728ac4eb871bc07,Groupe islamique armée - El Khadra Battalion,groupe islamique armée - el khadra battalion,UCDP_ACTOR,NameOrigFull,1026,GIA - El Khadra Battalion,1,False,44,False,False,True,UCDP_ACTOR
3498fb99c37434227fab8384a289ac88f8b9036a,Armed Islamic Group - Green Battalion,armed islamic group - green battalion,UCDP_ACTOR,NameOrigFullEng,1026,GIA - El Khadra Battalion,1,False,37,False,False,True,UCDP_ACTOR
a3781ab5c01b7963ecab1dd7f92b08962ee6eb7e,GIA,gia,UCDP_ACTOR,NameSplitTemp,1026,GIA - El Khadra Battalion,1,True,3,True,False,True,RAD;UCDP_ACTOR
b39b75cb19b70de8b30cf085c52a99cc32476684,SNF,snf,UCDP_ACTOR,NameData,1035,SNF,1,True,3,True,False,True,UCDP_ACTOR
9446b512df5976076caed35d1146b568320b767a,SNF,snf,UCDP_ACTOR,NameOrig,1035,SNF,1,True,3,True,False,True,UCDP_ACTOR
ad28a0534a57f5a4c27d0a7d54712d9295f21d85,Somali National Front,somali national front,UCDP_ACTOR,NameOrigFull,1035,SNF,1,False,21,False,False,True,UCDP_ACTOR
7cade74d0e706b333575eb5f8358e415288b787d,Somali National Front,somali national front,UCDP_ACTOR,NameOrigFullEng,1035,SNF,1,False,21,False,False,True,UCDP_ACTOR
2038d50956feb1380b4385d33510f3c9f82c59f5,SRRC,srrc,UCDP_ACTOR,NameAlliance,1035,SNF,1,True,4,True,False,True,RAD;UCDP_ACTOR
1c25c2448f015410916ccb80978ae2305f664198,SSUM,ssum,UCDP_ACTOR,NameData,1037,SSUM/A,1,True,4,True,False,True,UCDP_ACTOR
83265756d0abcc4dad5a57b2cbf8582bd0198dcd,SSUM,ssum,UCDP_ACTOR,NameOrig,1037,SSUM/A,1,True,4,True,False,True,UCDP_ACTOR
059c526c8949e2affd3a476c30a79766f1f2a342,South Sudan United Movement,south sudan united movement,UCDP_ACTOR,NameOrigFull,1037,SSUM/A,1,False,27,False,False,True,UCDP_ACTOR
2340d335cc56a72e57cd2d48d4884e6d3e57faa2,South Sudan United Movement,south sudan united movement,UCDP_ACTOR,NameOrigFullEng,1037,SSUM/A,1,False,27,False,False,True,UCDP_ACTOR
f74fd66b6d23a072647d6e010975b2cb2019a0ca,SSDF,ssdf,UCDP_ACTOR,NamePrev,1037,SSUM/A,1,True,4,True,False,True,UCDP_ACTOR
5bfc566a44618a16498237cd92d5ceed4c039a3a,SPLM,splm,UCDP_ACTOR,GroupName,1037,SSUM/A,1,True,4,True,False,True,RAD;UCDP_ACTOR
f263bb83b1d4fea6356548d76b4452c2782b3f9e,RCD - CP,rcd - cp,UCDP_ACTOR,NameData,1043,RCD - CP,1,False,8,False,False,True,UCDP_ACTOR
a7912f2f5dec1c401b33e0a86d9e479ff4140906,RCD - CP,rcd - cp,UCDP_ACTOR,NameOrig,1043,RCD - CP,1,False,8,False,False,True,UCDP_ACTOR
c3cf89c80430679f226cb13c8e71d5529e80ba40,Rassemblement Congolais pour la Démocratie - Christian Pay Pay faction,rassemblement congolais pour la démocratie - christian pay pay faction,UCDP_ACTOR,NameOrigFull,1043,RCD - CP,1,False,70,False,False,True,UCDP_ACTOR
99c42079deef3fdb23c9384f23b86bd8dd65a5ef,Congolese Rally for Democracy - Christian Pay Pay faction,congolese rally for democracy - christian pay pay faction,UCDP_ACTOR,NameOrigFullEng,1043,RCD - CP,1,False,57,False,False,True,UCDP_ACTOR
def89e724469815e45ee38d1df9f32cc2b2de53a,RCD,rcd,UCDP_ACTOR,NamePrev,1043,RCD - CP,1,True,3,True,False,True,RAD;UCDP_ACTOR
ace54b1184b3ca4264c1f52a2cd0104f25080160,GACI,gaci,UCDP_ACTOR,NameData,1044,GACI,1,True,4,True,False,True,UCDP_ACTOR
af726b505b8ad787494dc7c78e1eda49b374d257,MAGRIVI,magrivi,UCDP_ACTOR,NameOrig,1044,GACI,1,True,7,False,False,True,UCDP_ACTOR
9edc66bb9f8a1c9c0e28a6562853a540bead3ee2,Mutuelle des Agriculteurs du Virunga,mutuelle des agriculteurs du virunga,UCDP_ACTOR,NameOrigFull,1044,GACI,1,False,36,False,False,True,UCDP_ACTOR
b17487c1f92930108eb67682207bb695cb8ee437,Farmers Mutual Society of Virunga,farmers mutual society of virunga,UCDP_ACTOR,NameOrigFullEng,1044,GACI,1,False,33,False,False,True,UCDP_ACTOR
d2d9da1e0a98b0bc41c3c277902f80539af41104,GACI,gaci,UCDP_ACTOR,NewName,1044,GACI,1,True,4,True,False,True,UCDP_ACTOR
f0b743ffd468fcd94077423cdfadf2b957d3bbc7,Combattants Gardes Civiles,combattants gardes civiles,UCDP_ACTOR,NewNameFullMotherTongue,1044,GACI,1,False,26,False,False,True,UCDP_ACTOR
2a8fd135cbb10af7d0bbf8ca98ba920735da4318,Combattants,combattants,UCDP_ACTOR,NewNameFullEng,1044,GACI,1,True,11,False,False,True,UCDP_ACTOR
95dad181c234fe5e2c64ab9d26235b6067a6b0b7,Buxton gang,buxton gang,UCDP_ACTOR,NameData,1045,Buxton gang,1,False,11,False,False,True,UCDP_ACTOR
9104022dc0efbe49e66c9c8f12fbecb03e429b25,Buxton gang,buxton gang,UCDP_ACTOR,NameOrig,1045,Buxton gang,1,False,11,False,False,True,UCDP_ACTOR
da858f73ce0eed6e5057cdb5ee4ade398e1c66ab,Buxton gang,buxton gang,UCDP_ACTOR,NameOrigFull,1045,Buxton gang,1,False,11,False,False,True,UCDP_ACTOR
23b3dcb673b4659fa5c05f0154e9047f57c17ec0,Buxton gang,buxton gang,UCDP_ACTOR,NameOrigFullEng,1045,Buxton gang,1,False,11,False,False,True,UCDP_ACTOR
e67e64dc1c8eabeb1571fce59b922d726a0762a2,Fedayeen Islam,fedayeen islam,UCDP_ACTOR,NameData,1046,Fedayeen Islam,1,False,14,False,False,True,UCDP_ACTOR
5268753b4cff205420bd94b505b0beb13df2fb47,Fedayeen Islam,fedayeen islam,UCDP_ACTOR,NameOrig,1046,Fedayeen Islam,1,False,14,False,False,True,UCDP_ACTOR
b8bb07488ce6508044658050c702e74c43828f9b,Fedayeen Islam,fedayeen islam,UCDP_ACTOR,NameOrigFull,1046,Fedayeen Islam,1,False,14,False,False,True,UCDP_ACTOR
70864c81a63d2eb086b98a2ebeb48c66216145ab,Partisans of Islam,partisans of islam,UCDP_ACTOR,NameOrigFullEng,1046,Fedayeen Islam,1,False,18,False,False,True,UCDP_ACTOR
6862091bc60bb9769cc2337d2afee714b9181538,Indian Mujahideen,indian mujahideen,UCDP_ACTOR,NameData,1047,Indian Mujahideen,1,False,17,False,False,True,UCDP_ACTOR
d51b5b98c7981556941e18db3c8c01562ced8fec,Indian Mujahideen,indian mujahideen,UCDP_ACTOR,NameOrig,1047,Indian Mujahideen,1,False,17,False,False,True,UCDP_ACTOR
95f144cb2343f842fad540e29bdc6e2ac3c6190d,Indian Mujahideen,indian mujahideen,UCDP_ACTOR,NameOrigFull,1047,Indian Mujahideen,1,False,17,False,False,True,UCDP_ACTOR
c21c784e6ef9008d3e8e4f599f0867404528d66d,Indian Mujahideen,indian mujahideen,UCDP_ACTOR,NameOrigFullEng,1047,Indian Mujahideen,1,False,17,False,False,True,UCDP_ACTOR
d9fd809d8e7b50830d50194600c2c52f53d38851,ALP,alp,UCDP_ACTOR,NameData,1048,ALP,1,True,3,True,False,True,UCDP_ACTOR
8a4bdcad4e58570b3770f630ffd1735f8a987a01,ALP,alp,UCDP_ACTOR,NameOrig,1048,ALP,1,True,3,True,False,True,UCDP_ACTOR
38e243c761274eeb8ad10fb7caf23289080e8cfc,ရခိုင်ပြည် လွတ်မြောက်ရေ,ရခိုင်ပြည် လွတ်မြောက်ရေ,UCDP_ACTOR,NameOrigFull,1048,ALP,1,False,23,False,False,True,UCDP_ACTOR
ccaf0e2f6afdc6be2bbc303d4e1f3f670fa5beeb,Arakan Liberation Party,arakan liberation party,UCDP_ACTOR,NameOrigFullEng,1048,ALP,1,False,23,False,False,True,UCDP_ACTOR
82a0649628bd84b6865692f9c7672058af444701,ANLP,anlp,UCDP_ACTOR,NameData,1049,ANLP,1,True,4,True,False,True,UCDP_ACTOR
c5664df547134369512d339458b8abf42d544dd4,ANLP,anlp,UCDP_ACTOR,NameOrig,1049,ANLP,1,True,4,True,False,True,UCDP_ACTOR
1df3501519d639223034c869e9098d7a62921786,Arakan National Liberation Party,arakan national liberation party,UCDP_ACTOR,NameOrigFullEng,1049,ANLP,1,False,32,False,False,True,UCDP_ACTOR
4a3c9ec4529e6cf53f05779a54f3fc64afbe782d,APLP,aplp,UCDP_ACTOR,NameData,1050,APLP,1,True,4,True,False,True,UCDP_ACTOR
e9624adf8987ee9695f13be9a5da8cfe00d4130c,APLP,aplp,UCDP_ACTOR,NameOrig,1050,APLP,1,True,4,True,False,True,UCDP_ACTOR
5a3b9e8aecfd945a007b0bce09d8b1933e4dde20,Arakan Peoples Liberation Party,arakan peoples liberation party,UCDP_ACTOR,NameOrigFullEng,1050,APLP,1,False,31,False,False,True,UCDP_ACTOR
b3c1cf15f304393953e0916549aaac29ca989c41,JAS,jas,UCDP_ACTOR,NameData,1051,JAS,1,True,3,True,False,True,UCDP_ACTOR
f4b6b8d81d57c260c70aa65c67a5f7e6aeb4fa48,JAS,jas,UCDP_ACTOR,NameOrig,1051,JAS,1,True,3,True,False,True,UCDP_ACTOR
31e9d483275d48bf34d7abcd394cd72a964487e8,Jamaatu Ahlis Sunna Liddaawati wal-Jihad,jamaatu ahlis sunna liddaawati wal-jihad,UCDP_ACTOR,NameOrigFull,1051,JAS,1,False,40,False,False,True,RAD;UCDP_ACTOR
aef1fba1a26d1be67a7c7d2ebc7c8db297591720,People Committed to Propagating the Prophets Teachings and Jihad,people committed to propagating the prophets teachings and jihad,UCDP_ACTOR,NameOrigFullEng,1051,JAS,1,False,64,False,False,True,UCDP_ACTOR
bd64ac364fc66f0ca6ba11920ce65ebffdca77b2,CPA,cpa,UCDP_ACTOR,NameData,1052,CPA,1,True,3,True,False,True,UCDP_ACTOR
004ab9b70ee41e7ba40a736346aa8ef036e9289e,CPA,cpa,UCDP_ACTOR,NameOrig,1052,CPA,1,True,3,True,False,True,UCDP_ACTOR
29e96e3c4a9aa5c94008f7f884b47f93e2196c66,Communist Party of Arakan,communist party of arakan,UCDP_ACTOR,NameOrigFullEng,1052,CPA,1,False,25,False,False,True,UCDP_ACTOR
8a8a7c934b1c56a311be2af17b6c7d745d98281d,CPJP,cpjp,UCDP_ACTOR,NameData,1053,CPJP,1,True,4,True,False,True,RAD;UCDP_ACTOR
f99e2ed5caa3534a8e7755097f497242215a529c,CPJP,cpjp,UCDP_ACTOR,NameOrig,1053,CPJP,1,True,4,True,False,True,RAD;UCDP_ACTOR
b9c38b3911ffa64faece79d2fb6c6d413439fd87,Convention des patriotes pour la justice et la paix,convention des patriotes pour la justice et la paix,UCDP_ACTOR,NameOrigFull,1053,CPJP,1,False,51,False,False,True,RAD;UCDP_ACTOR
6c1d1c17e6fd0e5da9b432610a16d8c23b2de3db,Convention of Patriots for Justice and Peace,convention of patriots for justice and peace,UCDP_ACTOR,NameOrigFullEng,1053,CPJP,1,False,44,False,False,True,RAD;UCDP_ACTOR
62c94e840dd0f1a8e1899ec9f8835d3d714342ac,SALF,salf,UCDP_ACTOR,NameData,1054,SALF,1,True,4,True,False,True,UCDP_ACTOR
df0211fd949ec988d46036bcedc6cb9597381489,SALF,salf,UCDP_ACTOR,NameOrig,1054,SALF,1,True,4,True,False,True,UCDP_ACTOR
a7400eca9f793ae885e5246f91655e03a496a917,Somali Abo Liberation Front,somali abo liberation front,UCDP_ACTOR,NameOrigFullEng,1054,SALF,1,False,27,False,False,True,UCDP_ACTOR
f24b6cc1a5ddb395aff65d91ef2990f624028e63,SLM,slm,UCDP_ACTOR,NameData,1055,SLM,1,True,3,True,False,True,RAD;UCDP_ACTOR
e158aea39c2559bb43cdbfb41ef87cc04d1e9fb0,SLM,slm,UCDP_ACTOR,NameOrig,1055,SLM,1,True,3,True,False,True,RAD;UCDP_ACTOR
12d657aff9466282d6199c0fab04bacaac9960bc,Sidama Liberation Movement,sidama liberation movement,UCDP_ACTOR,NameOrigFull,1055,SLM,1,False,26,False,False,True,UCDP_ACTOR
8f6ceb41cf994a5f4008e157b0238c9692f1c447,Sidama Liberation Movement,sidama liberation movement,UCDP_ACTOR,NameOrigFullEng,1055,SLM,1,False,26,False,False,True,UCDP_ACTOR
c2c25a7c9cdaa0b00bc6e1594f2615786e39d8f5,Ogaden Liberation Front,ogaden liberation front,UCDP_ACTOR,NameData,1056,Ogaden Liberation Front,1,False,23,False,False,True,UCDP_ACTOR
ca25056cd962c47f717c99abd9c843faa6138857,Ogaden Liberation Front,ogaden liberation front,UCDP_ACTOR,NameOrig,1056,Ogaden Liberation Front,1,False,23,False,False,True,UCDP_ACTOR
c77600bc11e1e2d93f60cf442b40c149161c563b,Ogaden Liberation Front,ogaden liberation front,UCDP_ACTOR,NameOrigFullEng,1056,Ogaden Liberation Front,1,False,23,False,False,True,UCDP_ACTOR
0e44331050c020e05efe34bf993a54ea3c3066a3,Mujahid Party,mujahid party,UCDP_ACTOR,NameData,1065,Mujahid Party,1,False,13,False,False,True,UCDP_ACTOR
ece6954c415dec853dae6829cdc17b950c24a908,Mujahid Party,mujahid party,UCDP_ACTOR,NameOrig,1065,Mujahid Party,1,False,13,False,False,True,UCDP_ACTOR
a1c5fa8e2c62dd20b1b8cbd2e19db0435d04777e,Mujahid Party,mujahid party,UCDP_ACTOR,NameOrigFullEng,1065,Mujahid Party,1,False,13,False,False,True,UCDP_ACTOR
ed674a190a36cc3d46a16347e6cc0525016e5657,NDFB - RD,ndfb - rd,UCDP_ACTOR,NameData,1066,NDFB - RD,1,False,9,False,False,True,RAD;UCDP_ACTOR
7ff0e91085a8fa6d2a75d4acaaf7f3fd16e08cda,NDFB - RD,ndfb - rd,UCDP_ACTOR,NameOrig,1066,NDFB - RD,1,False,9,False,False,True,RAD;UCDP_ACTOR
3c57db0222688e681d83f30793fc98cc7844394c,National Democratic Front for Bodoland - Ranjan Daimary faction,national democratic front for bodoland - ranjan daimary faction,UCDP_ACTOR,NameOrigFull,1066,NDFB - RD,1,False,63,False,False,True,UCDP_ACTOR
e9926ac683851f8185aa881a522b84d4a50fdfe6,National Democratic Front for Bodoland - Ranjan Daimary faction,national democratic front for bodoland - ranjan daimary faction,UCDP_ACTOR,NameOrigFullEng,1066,NDFB - RD,1,False,63,False,False,True,UCDP_ACTOR
e2fc49680efac58835897a62f8a98f45bf7c4a3e,NDFB,ndfb,UCDP_ACTOR,NamePrev,1066,NDFB - RD,1,True,4,True,False,True,RAD;UCDP_ACTOR
7f1f219ab91e7337b24aaba8b1c597a71f1369ac,Rejectionist Front,rejectionist front,UCDP_ACTOR,NameData,1067,Rejectionist Front,1,False,18,False,False,True,UCDP_ACTOR
135aef704622cd7a10d04fbf7fde72782d189e9e,Rejectionist Front,rejectionist front,UCDP_ACTOR,NameOrig,1067,Rejectionist Front,1,False,18,False,False,True,UCDP_ACTOR
329b2c34b4e8cd0a0063eb8302efe0a8d346c6a2,Rejectionist Front,rejectionist front,UCDP_ACTOR,NameOrigFullEng,1067,Rejectionist Front,1,False,18,False,False,True,UCDP_ACTOR
ff2163e28dc41e1e66464dfe9013f0a8b5ff37e3,RPF,rpf,UCDP_ACTOR,NameData,1068,RPF,1,True,3,True,False,True,UCDP_ACTOR
aa72e2b377c12a25728364978ebbe0e761dd080c,RPF,rpf,UCDP_ACTOR,NameOrig,1068,RPF,1,True,3,True,False,True,UCDP_ACTOR
573c0c304590af4ea58ff886397a16c531723a16,Rohingya Patriotic Front,rohingya patriotic front,UCDP_ACTOR,NameOrigFullEng,1068,RPF,1,False,24,False,False,True,UCDP_ACTOR
278642ccd9209d329ffa318782ae3da6fc5e359f,UFR,ufr,UCDP_ACTOR,NameData,1069,UFR,1,True,3,True,False,True,RAD;UCDP_ACTOR
78707708bb282096e456ae9a40452b8a8a7cffed,UFR,ufr,UCDP_ACTOR,NameOrig,1069,UFR,1,True,3,True,False,True,RAD;UCDP_ACTOR
d9333273bfb928563d1c4d8cf2aebfa59cf82c10,Union des Forces de la Résistance,union des forces de la résistance,UCDP_ACTOR,NameOrigFull,1069,UFR,1,False,33,False,False,True,RAD;UCDP_ACTOR
e43374ff60e60f6238c0a9f7eb27a77c5072d535,Union of Forces for the Resistance,union of forces for the resistance,UCDP_ACTOR,NameOrigFullEng,1069,UFR,1,False,34,False,False,True,UCDP_ACTOR
7183e2297605ad000f80d659d21fbb06d7641146,Lashkar-e-Taiba,lashkar-e-taiba,UCDP_ACTOR,NameData,1070,Lashkar-e-Taiba,1,True,15,False,False,True,UCDP_ACTOR
add5f941dda10f10ddcb153531559ab394add267,Lashkar-e-Taiba,lashkar-e-taiba,UCDP_ACTOR,NameOrig,1070,Lashkar-e-Taiba,1,True,15,False,False,True,UCDP_ACTOR
92de63ed2b0c7df686e9208c00ef8bc0e02b70f8,Lashkar-e-Taiba,lashkar-e-taiba,UCDP_ACTOR,NameOrigFull,1070,Lashkar-e-Taiba,1,True,15,False,False,True,UCDP_ACTOR
54dc70845220b4b41abc96bf2680f1007d2f5e4a,Army of the Pure,army of the pure,UCDP_ACTOR,NameOrigFullEng,1070,Lashkar-e-Taiba,1,False,16,False,False,True,UCDP_ACTOR
f4494380f7102909d34cb2af4c1dcb4141cd0368,PUSIC,pusic,UCDP_ACTOR,NameData,1075,PUSIC,1,True,5,False,False,True,UCDP_ACTOR
306557419a669e91dd504950d4ac2f4ab5d5d3eb,PUSIC,pusic,UCDP_ACTOR,NameOrig,1075,PUSIC,1,True,5,False,False,True,UCDP_ACTOR
431dc660afc068fbec0bed7b81816854b9f687d8,Parti pour lunité et la sauvegarde de lintégrité du Congo,parti pour lunité et la sauvegarde de lintégrité du congo,UCDP_ACTOR,NameOrigFull,1075,PUSIC,1,False,57,False,False,True,UCDP_ACTOR
05f1460f78dde5cccc9d0038260ec91e036bf68b,Party for Unity and Safeguarding of the Integrity of Congo,party for unity and safeguarding of the integrity of congo,UCDP_ACTOR,NameOrigFullEng,1075,PUSIC,1,False,58,False,False,True,UCDP_ACTOR
299a432eb741c0a53c3aaec059e09c34b77f676e,UPC,upc,UCDP_ACTOR,NamePrev,1075,PUSIC,1,True,3,True,False,True,UCDP_ACTOR
f4b3c66853ce953ff3726df33fd1db3df19c166b,UPC,upc,UCDP_ACTOR,NameData,1076,UPC,1,True,3,True,False,True,UCDP_ACTOR
6357ae773ac447aecd101425c4ff5d8d0857cda1,UPC,upc,UCDP_ACTOR,NameOrig,1076,UPC,1,True,3,True,False,True,UCDP_ACTOR
7e46caf7d77da96cdfbadd0861176ccfa4de334b,Union des Patriotes Congolais,union des patriotes congolais,UCDP_ACTOR,NameOrigFull,1076,UPC,1,False,29,False,False,True,UCDP_ACTOR
a4fdaceb3504f8f14345c0beaa272c2ba42d1b70,Union of Congolese Patriots,union of congolese patriots,UCDP_ACTOR,NameOrigFullEng,1076,UPC,1,False,27,False,False,True,UCDP_ACTOR
39019a777d8cedcf70e1d3f146301d9558f222b8,RCD-K-ML,rcd-k-ml,UCDP_ACTOR,NamePrev,1076,UPC,1,True,8,False,False,True,UCDP_ACTOR
728a569c45cee578560d12f1098987c052e7ae55,FRPI,frpi,UCDP_ACTOR,NameData,1077,FRPI,1,True,4,True,False,True,UCDP_ACTOR
3f70e315af39d7168dabec2f1ab3822e448b20e9,FRPI,frpi,UCDP_ACTOR,NameOrig,1077,FRPI,1,True,4,True,False,True,UCDP_ACTOR
0d63cef44b0285f12d6e8face2e82f9d0c9d38c3,Force de résistance patriotique en Ituri,force de résistance patriotique en ituri,UCDP_ACTOR,NameOrigFull,1077,FRPI,1,False,40,False,False,True,UCDP_ACTOR
040d015fba7e1f5c969fa8f7b00dd7c1934e25ca,Patriotic Force of Resistance in Ituri,patriotic force of resistance in ituri,UCDP_ACTOR,NameOrigFullEng,1077,FRPI,1,False,38,False,False,True,UCDP_ACTOR
cd035e8799bfdaa5c1bf2cd23ec7ef0a51e8332a,Forces of General Morgan,forces of general morgan,UCDP_ACTOR,NameData,1082,Forces of General Morgan,1,False,24,False,False,True,UCDP_ACTOR
b0ce2859acb7601e6ce8a9388305c55ab7e02620,Forces of General Morgan,forces of general morgan,UCDP_ACTOR,NameOrig,1082,Forces of General Morgan,1,False,24,False,False,True,UCDP_ACTOR
d831342cc54afcc8960b459271a062469ae62492,Forces of General Morgan,forces of general morgan,UCDP_ACTOR,NameOrigFull,1082,Forces of General Morgan,1,False,24,False,False,True,UCDP_ACTOR
948fc034e061bb3909b88af1d8d05bc00e596f88,Forces of General Morgan,forces of general morgan,UCDP_ACTOR,NameOrigFullEng,1082,Forces of General Morgan,1,False,24,False,False,True,UCDP_ACTOR
43b63e91f5a73c13889996b1b9542bd44b2b2587,Los Zetas,los zetas,UCDP_ACTOR,NameData,1088,Los Zetas,1,False,9,False,False,True,UCDP_ACTOR
56b4ebebc5c279f93eb00afcac2c630a42cbb952,Los Zetas,los zetas,UCDP_ACTOR,NameOrig,1088,Los Zetas,1,False,9,False,False,True,UCDP_ACTOR
bafa8065f1d874b9775c570debb24de5d5bc4e1c,Los Zetas,los zetas,UCDP_ACTOR,NameOrigFull,1088,Los Zetas,1,False,9,False,False,True,UCDP_ACTOR
569d3882af1f3a8d2f268e5d368ab485114f27f2,The Zetas,the zetas,UCDP_ACTOR,NameOrigFullEng,1088,Los Zetas,1,False,9,False,False,True,UCDP_ACTOR
7b119d0bdfdc5f005de191bf092beb06856ffd1a,Gulf Cartel,gulf cartel,UCDP_ACTOR,NamePrev,1088,Los Zetas,1,False,11,False,False,True,UCDP_ACTOR
287eb4f5e67e5b69844aec45a616452394b536cc,Beltrán Leyva Cartel,beltrán leyva cartel,UCDP_ACTOR,NameData,1089,Beltrán Leyva Cartel,1,False,20,False,False,True,UCDP_ACTOR
975f1432fd94efcab9e457952fad0b1e0b7f1e2d,Beltrán Leyva Cartel,beltrán leyva cartel,UCDP_ACTOR,NameOrig,1089,Beltrán Leyva Cartel,1,False,20,False,False,True,UCDP_ACTOR
8ac3a7f2b844af0e04f756d756a38bd826f05f67,Cártel de los Beltrán Leyva,cártel de los beltrán leyva,UCDP_ACTOR,NameOrigFull,1089,Beltrán Leyva Cartel,1,False,27,False,False,True,UCDP_ACTOR
6b2506f957a27229d5fef824c88c23decfe8bd09,Beltrán Leyva Cartel,beltrán leyva cartel,UCDP_ACTOR,NameOrigFullEng,1089,Beltrán Leyva Cartel,1,False,20,False,False,True,UCDP_ACTOR
20ef70d7e4dbd027a649f4f70ed69ccd14693382,Sinaloa Cartel,sinaloa cartel,UCDP_ACTOR,NamePrev,1089,Beltrán Leyva Cartel,1,False,14,False,False,True,UCDP_ACTOR
a91f08fd27872b417e0a64101683733e48eb74ea,Beltrán Leyva Cartel - Valdez Villareal faction,beltrán leyva cartel - valdez villareal faction,UCDP_ACTOR,NameData,1090,Beltrán Leyva Cartel - Valdez Villareal faction,1,False,47,False,False,True,UCDP_ACTOR
dba647c06df461fa152db30999858797b4bf1edb,Beltrán Leyva Cartel - Valdez Villareal faction,beltrán leyva cartel - valdez villareal faction,UCDP_ACTOR,NameOrig,1090,Beltrán Leyva Cartel - Valdez Villareal faction,1,False,47,False,False,True,UCDP_ACTOR
070f5a91305233e7afe3d8854b4490683436b9c9,Cártel de los Beltrán Leyva - Valdez Villareal faction,cártel de los beltrán leyva - valdez villareal faction,UCDP_ACTOR,NameOrigFull,1090,Beltrán Leyva Cartel - Valdez Villareal faction,1,False,54,False,False,True,UCDP_ACTOR
775b92e88489af7762db4abb8bb028e718fe835e,Beltrán Leyva Cartel - Valdez Villareal faction,beltrán leyva cartel - valdez villareal faction,UCDP_ACTOR,NameOrigFullEng,1090,Beltrán Leyva Cartel - Valdez Villareal faction,1,False,47,False,False,True,UCDP_ACTOR
95b8fc0b8e706f0007f9882418ce6c958321d077,Beltrán Leyva Cartel,beltrán leyva cartel,UCDP_ACTOR,NamePrev,1090,Beltrán Leyva Cartel - Valdez Villareal faction,1,False,20,False,False,True,UCDP_ACTOR
a86c9f4b48cb00e599eb08287d61194a8e953398,Ansarallah,ansarallah,UCDP_ACTOR,NameData,1091,Ansarallah,1,True,10,False,False,True,UCDP_ACTOR
b47607c31fe6572575b5dd2f43a0251ffe185a12,al-Shabab al-Mumin,al-shabab al-mumin,UCDP_ACTOR,NameOrig,1091,Ansarallah,1,False,18,False,False,True,UCDP_ACTOR
56bc08df7ba17e40a1951538b1836253c5dc4001,al-Shabab al-Mumin,al-shabab al-mumin,UCDP_ACTOR,NameOrigFull,1091,Ansarallah,1,False,18,False,False,True,UCDP_ACTOR
4d2ebe85e91a4c54ba527ae509543e39fa44b9fc,The Believing Youth,the believing youth,UCDP_ACTOR,NameOrigFullEng,1091,Ansarallah,1,False,19,False,False,True,UCDP_ACTOR
4180305476e6e31e77f2aa6a33d66f11788581b8,Ansarallah,ansarallah,UCDP_ACTOR,NewName,1091,Ansarallah,1,True,10,False,False,True,UCDP_ACTOR
dc831e688f13768b169e52e5447783c909e62242,Ansarallah,ansarallah,UCDP_ACTOR,NewNameFullMotherTongue,1091,Ansarallah,1,True,10,False,False,True,UCDP_ACTOR
f73e7fe754d58aeed920a43cb1ccebda44ca4e95,Supporters of God,supporters of god,UCDP_ACTOR,NewNameFullEng,1091,Ansarallah,1,False,17,False,False,True,UCDP_ACTOR
4f15ad33f85c6fd9be157b56c813eefe1d2beed4,Mujahideen in the Golis Mountains,mujahideen in the golis mountains,UCDP_ACTOR,NameData,1096,Mujahideen in the Golis Mountains,1,False,33,False,False,True,UCDP_ACTOR
d905010e4ae18abe5a8956914fe619e275640b04,Mujahideen in the Golis Mountains,mujahideen in the golis mountains,UCDP_ACTOR,NameOrig,1096,Mujahideen in the Golis Mountains,1,False,33,False,False,True,UCDP_ACTOR
7568f1c2036411f2aeb78137791bf878cf7fda10,Mujahideen in the Golis Mountains,mujahideen in the golis mountains,UCDP_ACTOR,NameOrigFull,1096,Mujahideen in the Golis Mountains,1,False,33,False,False,True,UCDP_ACTOR
4348b74b49ed61c310b30ac0bb60e3ecb71b7cf3,Mujahideen in the Golis Mountains,mujahideen in the golis mountains,UCDP_ACTOR,NameOrigFullEng,1096,Mujahideen in the Golis Mountains,1,False,33,False,False,True,UCDP_ACTOR
ae8d9d00ffc10435314c9b285256f1200a80fb73,M18 (Honduras),m18 (honduras),UCDP_ACTOR,NameData,1099,M18 (Honduras),1,False,14,False,False,True,UCDP_ACTOR
9bfe05adcb93d744a81fa1920060672c062514ea,M18 (Honduras),m18 (honduras),UCDP_ACTOR,NameOrig,1099,M18 (Honduras),1,False,14,False,False,True,UCDP_ACTOR
74cad14d62383d0dc138061fb3f03cc474612697,Mara 18 (Honduras),mara 18 (honduras),UCDP_ACTOR,NameOrigFull,1099,M18 (Honduras),1,False,18,False,False,True,UCDP_ACTOR
a1e86ce72da674403737a3184946099fb668b214,Mara 18 (Honduras),mara 18 (honduras),UCDP_ACTOR,NameOrigFullEng,1099,M18 (Honduras),1,False,18,False,False,True,UCDP_ACTOR
609f55b9e49316023455975b441de83fdb41e6ef,Forces of Momin Afridi,forces of momin afridi,UCDP_ACTOR,NameData,1100,Forces of Momin Afridi,1,False,22,False,False,True,UCDP_ACTOR
8beccdecec26bdf8c7abd3db0ca52649272c8505,Forces of Momin Afridi,forces of momin afridi,UCDP_ACTOR,NameOrig,1100,Forces of Momin Afridi,1,False,22,False,False,True,UCDP_ACTOR
06b0d8eaa6c3873c084c7d077bdf5ab5c5ecad19,Forces of Momin Afridi,forces of momin afridi,UCDP_ACTOR,NameOrigFull,1100,Forces of Momin Afridi,1,False,22,False,False,True,UCDP_ACTOR
034ab6e05c65f937023b7a420eddccf3c928df28,Forces of Momin Afridi,forces of momin afridi,UCDP_ACTOR,NameOrigFullEng,1100,Forces of Momin Afridi,1,False,22,False,False,True,UCDP_ACTOR
224128d838a3645c7799bc8affe715656555fd25,TTP - TA,ttp - ta,UCDP_ACTOR,NameData,1101,TTP - TA,1,False,8,False,False,True,RAD;UCDP_ACTOR
5855b7b3f24e33deb30764595ea740636d64667f,TTP - TA,ttp - ta,UCDP_ACTOR,NameOrig,1101,TTP - TA,1,False,8,False,False,True,RAD;UCDP_ACTOR
18abe735e82b77692400b85eda5b0b8b6b09c156,Tehrik-i-Taliban Pakistan - Tariq Afridi faction,tehrik-i-taliban pakistan - tariq afridi faction,UCDP_ACTOR,NameOrigFull,1101,TTP - TA,1,False,48,False,False,True,UCDP_ACTOR
bf593843f355167bdfc8c79081bf26ce59094c3a,Taleban Movement of Pakistan - Tariq Afridi faction,taleban movement of pakistan - tariq afridi faction,UCDP_ACTOR,NameOrigFullEng,1101,TTP - TA,1,False,51,False,False,True,UCDP_ACTOR
a95b1b12bd2157da65665b9cce60f301c4d4998e,TTP,ttp,UCDP_ACTOR,NameSplitTemp,1101,TTP - TA,1,True,3,True,False,True,RAD;UCDP_ACTOR
3f67ce1be8adc9f3aff08f4ca0caa4df11eb99de,TTP - MR,ttp - mr,UCDP_ACTOR,NameData,1102,TTP - MR,1,False,8,False,False,True,UCDP_ACTOR
0394f812f90b5661af00250add6846abcfd13d77,TTP - MR,ttp - mr,UCDP_ACTOR,NameOrig,1102,TTP - MR,1,False,8,False,False,True,UCDP_ACTOR
7ad22dff25ae48f7d38aacecf06a14eadede04e2,Tehrik-i-Taliban Pakistan - Mulla Rafique faction,tehrik-i-taliban pakistan - mulla rafique faction,UCDP_ACTOR,NameOrigFull,1102,TTP - MR,1,False,49,False,False,True,UCDP_ACTOR
1bb2f4f189ba15dbfa27bd829fef537dfa75c9c9,Taleban Movement of Pakistan - Mulla Rafique faction,taleban movement of pakistan - mulla rafique faction,UCDP_ACTOR,NameOrigFullEng,1102,TTP - MR,1,False,52,False,False,True,UCDP_ACTOR
f92e1984c4d9b93c84efd943e7d48213f327c050,TTP,ttp,UCDP_ACTOR,NameSplitTemp,1102,TTP - MR,1,True,3,True,False,True,RAD;UCDP_ACTOR
f3c774f172915c2e39456115d941c4ae88c2e221,TTP - MT,ttp - mt,UCDP_ACTOR,NameData,1103,TTP - MT,1,False,8,False,False,True,UCDP_ACTOR
9450e27365b68fc1d1688ac3f181530240781cfd,TTP - MT,ttp - mt,UCDP_ACTOR,NameOrig,1103,TTP - MT,1,False,8,False,False,True,UCDP_ACTOR
1504bd83db1e1bb9c0bc4c7652f5f9404acd039a,Tehrik-i-Taliban Pakistan - Mullah Toofan faction,tehrik-i-taliban pakistan - mullah toofan faction,UCDP_ACTOR,NameOrigFull,1103,TTP - MT,1,False,49,False,False,True,UCDP_ACTOR
811cfbc589c2e2992d58632f46da53cf5b4ec646,Taleban Movement of Pakistan - Mullah Toofan faction,taleban movement of pakistan - mullah toofan faction,UCDP_ACTOR,NameOrigFullEng,1103,TTP - MT,1,False,52,False,False,True,UCDP_ACTOR
e1c9000dbcd08372b03f9889d58ee5267856196f,TTP,ttp,UCDP_ACTOR,NameSplitTemp,1103,TTP - MT,1,True,3,True,False,True,RAD;UCDP_ACTOR
cdeb486223d22d80bd6ec82654c2d83c2aab1b35,Laskar Jihad,laskar jihad,UCDP_ACTOR,NameData,1104,Laskar Jihad,1,False,12,False,False,True,UCDP_ACTOR
7b9d5da34c0f9c45e70b14751aafe8f5aebfb662,Laskar Jihad,laskar jihad,UCDP_ACTOR,NameOrig,1104,Laskar Jihad,1,False,12,False,False,True,UCDP_ACTOR
ef8b69123cd86c39e8e1420c1dcbbb8f74f28255,Laskar Jihad,laskar jihad,UCDP_ACTOR,NameOrigFull,1104,Laskar Jihad,1,False,12,False,False,True,UCDP_ACTOR
ed3d0206c3b17e912450f846cff3295cf356179d,Warriors of Jihad,warriors of jihad,UCDP_ACTOR,NameOrigFullEng,1104,Laskar Jihad,1,False,17,False,False,True,UCDP_ACTOR
f7c49adca5723ab370a034ac6ae51a800677340b,SNM - Calan cas,snm - calan cas,UCDP_ACTOR,NameData,1105,SNM - Calan cas,1,False,15,False,False,True,UCDP_ACTOR
a2e6f4797ccd573e6d01da2c75a33d05644cb064,SNM - Calan cas,snm - calan cas,UCDP_ACTOR,NameOrig,1105,SNM - Calan cas,1,False,15,False,False,True,UCDP_ACTOR
0a95f0d5011650ed984cd6c200a87e46edc5bea8,Somali National Movement - Red flag faction,somali national movement - red flag faction,UCDP_ACTOR,NameOrigFull,1105,SNM - Calan cas,1,False,43,False,False,True,UCDP_ACTOR
d4e33067f0b26c7f8907f03857accb7391590f0b,Somali National Movement - Calan cas faction,somali national movement - calan cas faction,UCDP_ACTOR,NameOrigFullEng,1105,SNM - Calan cas,1,False,44,False,False,True,UCDP_ACTOR
0577b1e715c83ede79a88988cfe8df53fcee0c4b,SNM,snm,UCDP_ACTOR,NamePrev,1105,SNM - Calan cas,1,True,3,True,False,True,RAD;UCDP_ACTOR
1c88cc98f296a7fdf58516395195357c024711ba,DKBA 5,dkba 5,UCDP_ACTOR,NameData,1107,DKBA 5,1,False,6,False,False,True,RAD;UCDP_ACTOR
d665601301306087d50c3356db230804670c825f,DKBA 5,dkba 5,UCDP_ACTOR,NameOrig,1107,DKBA 5,1,False,6,False,False,True,RAD;UCDP_ACTOR
a3da8bcaec10fa9e0a36f2ed91eb5de131458c9f,Democratic Karen Buddhist Army Brigade 5,democratic karen buddhist army brigade 5,UCDP_ACTOR,NameOrigFullEng,1107,DKBA 5,1,False,40,False,False,True,RAD;UCDP_ACTOR
fb58e23a140345d8a0e483e0cdd2c54fbe4a26dd,DKBA,dkba,UCDP_ACTOR,NamePrev,1107,DKBA 5,1,True,4,True,False,True,UCDP_ACTOR
93818b96e87b15d9903373e2ea7aee5e383f8ec9,SSDM,ssdm,UCDP_ACTOR,NameData,1108,SSDM/A,1,True,4,True,False,True,RAD;UCDP_ACTOR
9fabc48d0c8c4a7ec4aa9d7e887fd20bd8f10853,SSDM,ssdm,UCDP_ACTOR,NameOrig,1108,SSDM/A,1,True,4,True,False,True,RAD;UCDP_ACTOR
ee95a78eb633c3f023929668e5a2f88591492d2a,South Sudan Defence Movement,south sudan defence movement,UCDP_ACTOR,NameOrigFullEng,1108,SSDM/A,1,False,28,False,False,True,RAD;UCDP_ACTOR
3e3196a656b0ecb9f4565033d2f619d674d25d67,FPRN,fprn,UCDP_ACTOR,NameData,1112,FPRN,1,True,4,True,False,True,RAD;UCDP_ACTOR
67d2434b2ddaed13d7b568bb3fc8a685f9b66022,FPRN,fprn,UCDP_ACTOR,NameOrig,1112,FPRN,1,True,4,True,False,True,RAD;UCDP_ACTOR
0d9bb1323ea8c96c0fa3525b8170c40ccd21ae7d,Front populaire pour la renaissance nationale,front populaire pour la renaissance nationale,UCDP_ACTOR,NameOrigFull,1112,FPRN,1,False,45,False,False,True,RAD;UCDP_ACTOR
dc097debec540ce2449333c1b08387fb28f17399,Popular Front for National Renaissance,popular front for national renaissance,UCDP_ACTOR,NameOrigFullEng,1112,FPRN,1,False,38,False,False,True,RAD;UCDP_ACTOR
7e893ca0233eb258c173cf6cf834dbb11ad886e7,UFR,ufr,UCDP_ACTOR,NamePrev,1112,FPRN,1,True,3,True,False,True,RAD;UCDP_ACTOR
c6ce1cf0028e3ff0520923a76e7b167833884635,UFR,ufr,UCDP_ACTOR,NameAlliance,1112,FPRN,1,True,3,True,False,True,RAD;UCDP_ACTOR
7e7de0151d9e7073343048981350d6dd702c9012,Military faction (forces of Samuel Toranzo Calderón),military faction (forces of samuel toranzo calderón),UCDP_ACTOR,NameData,1113,Military faction (forces of Samuel Toranzo Calderón),1,False,52,False,False,True,UCDP_ACTOR
ef27662ff6c6811e148b953e5dd77602ee98cafe,Military faction (forces of Samuel Toranzo Calderón),military faction (forces of samuel toranzo calderón),UCDP_ACTOR,NameOrig,1113,Military faction (forces of Samuel Toranzo Calderón),1,False,52,False,False,True,UCDP_ACTOR
1acc242a2d7351155d26cc23e965910e8796ca8f,Military faction (forces of Samuel Toranzo Calderón),military faction (forces of samuel toranzo calderón),UCDP_ACTOR,NameOrigFullEng,1113,Military faction (forces of Samuel Toranzo Calderón),1,False,52,False,False,True,UCDP_ACTOR
1fc5e04c3d061cd364e2349e31ddada2c6abf0ef,Mayi Mayi Complet,mayi mayi complet,UCDP_ACTOR,NameData,1114,Mayi Mayi Complet,1,False,17,False,False,True,UCDP_ACTOR
5fa89e97216fec0b0649e36b70c41d78714f81ba,Mayi Mayi Complet,mayi mayi complet,UCDP_ACTOR,NameOrig,1114,Mayi Mayi Complet,1,False,17,False,False,True,UCDP_ACTOR
86da7e3522ae319b9782d268423a310e5da2a97c,Maï Maï Complet,maï maï complet,UCDP_ACTOR,NameOrigFull,1114,Mayi Mayi Complet,1,False,15,False,False,True,UCDP_ACTOR
dffefee76252813b83ce1b9dd45d4fa0421d793c,Mayi Mayi Complet,mayi mayi complet,UCDP_ACTOR,NameOrigFullEng,1114,Mayi Mayi Complet,1,False,17,False,False,True,UCDP_ACTOR
2b3038c517f2e5c42b5e0fae85fc00a0eb1de517,IGLF,iglf,UCDP_ACTOR,NameData,1115,IGLF,1,True,4,True,False,True,RAD;UCDP_ACTOR
7b8866e1337ce822be4e654b5756de650ad7f1e2,IGLF,iglf,UCDP_ACTOR,NameOrig,1115,IGLF,1,True,4,True,False,True,RAD;UCDP_ACTOR
1d86d2e15b6ccc80cd6d3ffbc728b15db859ad93,Issa and Gurgura Liberation Front,issa and gurgura liberation front,UCDP_ACTOR,NameOrigFullEng,1115,IGLF,1,False,33,False,False,True,RAD;UCDP_ACTOR
320e88e9e4a36ed78b5850645f8f8f1198a8c31b,LDF,ldf,UCDP_ACTOR,NameData,1116,LDF,1,True,3,True,False,True,UCDP_ACTOR
52223ac8380e86db374b60abeae24fb3ca34cc83,LDF,ldf,UCDP_ACTOR,NameOrig,1116,LDF,1,True,3,True,False,True,UCDP_ACTOR
c07085a7d5ac3eaac3e7f1e0661ab3624f235f12,Lofa Defence Force,lofa defence force,UCDP_ACTOR,NameOrigFull,1116,LDF,1,False,18,False,False,True,UCDP_ACTOR
5d3f38d3d69000660b4cb2b75083a244f92e6feb,Lofa Defence Force,lofa defence force,UCDP_ACTOR,NameOrigFullEng,1116,LDF,1,False,18,False,False,True,UCDP_ACTOR
79b372af413c422cce4ab8b0a8b37494ddeece33,IFP,ifp,UCDP_ACTOR,NameData,1117,IFP,1,True,3,True,False,True,UCDP_ACTOR
867483ba64b62b2f5af33402a66a5328689f2a27,IFP,ifp,UCDP_ACTOR,NameOrig,1117,IFP,1,True,3,True,False,True,UCDP_ACTOR
d99b111358863a4ef02e3d377be2953aa4b830bc,Inkatha Freedom Party,inkatha freedom party,UCDP_ACTOR,NameOrigFull,1117,IFP,1,False,21,False,False,True,UCDP_ACTOR
bc5653010d150cae7e737e50d8b53fa5d952f7e1,Inkatha Freedom Party,inkatha freedom party,UCDP_ACTOR,NameOrigFullEng,1117,IFP,1,False,21,False,False,True,UCDP_ACTOR
2a5e64462712b5e2da9b5ad514916a585ad1ea97,Forces of Yussuf Hajji Nur,forces of yussuf hajji nur,UCDP_ACTOR,NameData,1120,Forces of Yussuf Hajji Nur,1,False,26,False,False,True,UCDP_ACTOR
a8a20713f66df8c2e6085e80670de68ff60fc360,Forces of Yussuf Hajji Nur,forces of yussuf hajji nur,UCDP_ACTOR,NameOrig,1120,Forces of Yussuf Hajji Nur,1,False,26,False,False,True,UCDP_ACTOR
cfdf1ebe52593a08e2ac0ab9c3bc44fc0d66e028,Forces of Yussuf Hajji Nur,forces of yussuf hajji nur,UCDP_ACTOR,NameOrigFull,1120,Forces of Yussuf Hajji Nur,1,False,26,False,False,True,UCDP_ACTOR
a0f2db461afd9b11d97f2bd727d834b73cb870df,Forces of Yussuf Hajji Nur,forces of yussuf hajji nur,UCDP_ACTOR,NameOrigFullEng,1120,Forces of Yussuf Hajji Nur,1,False,26,False,False,True,UCDP_ACTOR
59c53bb3481506bb40d80215acc8942128a1fa13,SSPP,sspp,UCDP_ACTOR,NameData,1122,SSPP,1,True,4,True,False,True,RAD;UCDP_ACTOR
4865d9786103a3eee562b4c2ff0158f527316d2e,SSPP,sspp,UCDP_ACTOR,NameOrig,1122,SSPP,1,True,4,True,False,True,RAD;UCDP_ACTOR
54f0e8eca74e34f15099a833da67f20c12117a3b,Shan State Progress Party,shan state progress party,UCDP_ACTOR,NameOrigFullEng,1122,SSPP,1,False,25,False,False,True,RAD;UCDP_ACTOR
b9336a061a1edca6de093ae5ec8041ce84fac0b4,SPLM,splm,UCDP_ACTOR,NameData,1123,SPLM/A-North,1,True,4,True,False,True,RAD;UCDP_ACTOR
01e5fe07e8ea988b05b30cb076b1a932c3c633f3,A-North,a-north,UCDP_ACTOR,NameData,1123,SPLM/A-North,1,True,7,False,False,True,RAD;UCDP_ACTOR
81cc2630451c8ad7469307ddfb285d89fc75a2b7,SPLM,splm,UCDP_ACTOR,NameOrig,1123,SPLM/A-North,1,True,4,True,False,True,RAD;UCDP_ACTOR
abda7908597704b644fb1e5fccf22cf9d9e0c5dc,A-North,a-north,UCDP_ACTOR,NameOrig,1123,SPLM/A-North,1,True,7,False,False,True,RAD;UCDP_ACTOR
6b0b46ef6bd4c23d09becba9665fe40a0fceeb70,Harakat Al-Shaabi Li-Tahrir Al-Sudan-Al-Shamal,harakat al-shaabi li-tahrir al-sudan-al-shamal,UCDP_ACTOR,NameOrigFull,1123,SPLM/A-North,1,False,46,False,False,True,UCDP_ACTOR
a39ca6cb35c9419190a1a0d327a83bf671c71156,Sudan Peoples Liberation Movement,sudan peoples liberation movement,UCDP_ACTOR,NameOrigFullEng,1123,SPLM/A-North,1,False,33,False,False,True,RAD;UCDP_ACTOR
84cd0b417cd284c1dda531f7c33a5d33ce578db9,Army-North,army-north,UCDP_ACTOR,NameOrigFullEng,1123,SPLM/A-North,1,True,10,False,False,True,UCDP_ACTOR
b2225fd19d48be461a7f93e486e7f304cb1c3779,SPLM,splm,UCDP_ACTOR,NamePrev,1123,SPLM/A-North,1,True,4,True,False,True,RAD;UCDP_ACTOR
cf34f00fc0f9edbf7d3ef369c33d1456f890bfc9,SRF,srf,UCDP_ACTOR,NamePrev,1123,SPLM/A-North,1,True,3,True,False,True,RAD;UCDP_ACTOR
6149880d88877971e378e20f5ba7b22bb9832326,SRF,srf,UCDP_ACTOR,NameAlliance,1123,SPLM/A-North,1,True,3,True,False,True,RAD;UCDP_ACTOR
5581eb8c5121c63b9ac6092df5bb29679c1cce93,SSLM,sslm,UCDP_ACTOR,NameData,1124,SSLM/A,1,True,4,True,False,True,RAD;UCDP_ACTOR
e81d78c0ca281544a82133ebc24d005207f2ebb0,SSLM,sslm,UCDP_ACTOR,NameOrig,1124,SSLM/A,1,True,4,True,False,True,RAD;UCDP_ACTOR
53140d51c1448230ff9ec5aaa966e1d8c7bfc6d0,South Sudan Liberation Movement,south sudan liberation movement,UCDP_ACTOR,NameOrigFullEng,1124,SSLM/A,1,False,31,False,False,True,RAD;UCDP_ACTOR
b0489f3cc6c26156e53d98768deafd5e6a9a3d6b,FDSI-CI,fdsi-ci,UCDP_ACTOR,NameData,1125,FDSI-CI,1,True,7,False,False,True,RAD;UCDP_ACTOR
7f910c17943e26ca43d67474b408ec5b19ad1716,FDSI-CI,fdsi-ci,UCDP_ACTOR,NameOrig,1125,FDSI-CI,1,True,7,False,False,True,RAD;UCDP_ACTOR
ee0831b1a9d34948cb4b77814f0221b0fd55c03b,Forces de Défense et de Sécurité Impartiales de Côte d`Ivoire,forces de défense et de sécurité impartiales de côte d`ivoire,UCDP_ACTOR,NameOrigFull,1125,FDSI-CI,1,False,61,False,False,True,RAD;UCDP_ACTOR
3aad825b570e35793a2470c704b5029761d58a79,Impartial Defense and Security Forces - Ivory Coast,impartial defense and security forces - ivory coast,UCDP_ACTOR,NameOrigFullEng,1125,FDSI-CI,1,False,51,False,False,True,RAD;UCDP_ACTOR
04351db9325690f166f0071854b5075b3a40aa3b,NTC,ntc,UCDP_ACTOR,NameData,1126,NTC,1,True,3,True,False,True,UCDP_ACTOR
4a2e2e77361dee498dbe69c6bd72c60681b9b811,NTC,ntc,UCDP_ACTOR,NameOrig,1126,NTC,1,True,3,True,False,True,UCDP_ACTOR
c2686ea0890cbe14cd4efe4bc7bcfd62a3933dea,National Transitional Council,national transitional council,UCDP_ACTOR,NameOrigFullEng,1126,NTC,1,False,29,False,False,True,UCDP_ACTOR
2642adca62a71b873477a536bae37506cff7556e,Forces of Muammar Gaddafi,forces of muammar gaddafi,UCDP_ACTOR,NameData,1127,Forces of Muammar Gaddafi,1,False,25,False,False,True,RAD;UCDP_ACTOR
d0873d773eab19ea288594651bf1269f4337f8d1,Forces of Muammar Gaddafi,forces of muammar gaddafi,UCDP_ACTOR,NameOrig,1127,Forces of Muammar Gaddafi,1,False,25,False,False,True,RAD;UCDP_ACTOR
67c9ce4a7ea4cf953f9578bced1df69c56c87bd6,Forces of Muammar Gaddafi,forces of muammar gaddafi,UCDP_ACTOR,NameOrigFullEng,1127,Forces of Muammar Gaddafi,1,False,25,False,False,True,RAD;UCDP_ACTOR
7c354c0e676a80477d218bf85a92165e69943fd2,ALiR,alir,UCDP_ACTOR,NameData,1128,ALiR,1,True,4,True,False,True,RAD;UCDP_ACTOR
e3ebf77f9a5fe88ffb11fda1cee85c126a5b01fc,ALiR,alir,UCDP_ACTOR,NameOrig,1128,ALiR,1,True,4,True,False,True,RAD;UCDP_ACTOR
7b04263ab116d31da78b153d0dd4021d71528f57,Armée pour la Libération du Rwanda,armée pour la libération du rwanda,UCDP_ACTOR,NameOrigFull,1128,ALiR,1,False,34,False,False,True,UCDP_ACTOR
e4dae0f16c683ebc4063c989e838c01d97c46fa8,Army for the Liberation of Rwanda,army for the liberation of rwanda,UCDP_ACTOR,NameOrigFullEng,1128,ALiR,1,False,33,False,False,True,UCDP_ACTOR
d6c394d304d3c191506e69abf80b4efac3ec9fe3,FDLR-FOCA,fdlr-foca,UCDP_ACTOR,GroupName,1128,ALiR,1,True,9,False,False,True,UCDP_ACTOR
0158725c98b1d6ba02ce61c8c235d2d90dc9e5be,Republic of South Sudan,republic of south sudan,UCDP_ACTOR,NameData,1129,Republic of South Sudan,1,False,23,False,False,True,RAD;UCDP_ACTOR
1f3f5271586b869d5bb1815fa5a9a2ac0dc55957,Republic of South Sudan,republic of south sudan,UCDP_ACTOR,NameOrig,1129,Republic of South Sudan,1,False,23,False,False,True,RAD;UCDP_ACTOR
c4baaee7c1a3a823987907ba590e44081a64fb96,Republic of South Sudan,republic of south sudan,UCDP_ACTOR,NameOrigFullEng,1129,Republic of South Sudan,1,False,23,False,False,True,RAD;UCDP_ACTOR
c0898d66f046ef72fbeb36dd84e302323a652c47,FSA,fsa,UCDP_ACTOR,NameData,1130,FSA,1,True,3,True,False,True,UCDP_ACTOR
bf8ad2d8ff94334b1ecdff4d0526c5168566ed06,FSA,fsa,UCDP_ACTOR,NameOrig,1130,FSA,1,True,3,True,False,True,UCDP_ACTOR
97b3aa191c88507dc04469220219f0066168ae5f,Free Syrian Army,free syrian army,UCDP_ACTOR,NameOrigFullEng,1130,FSA,1,False,16,False,False,True,UCDP_ACTOR
43563cbe2dd1a598c467d631527eb935bfef0e6e,AJPSN,ajpsn,UCDP_ACTOR,NameData,1131,AJPSN,1,True,5,False,False,True,UCDP_ACTOR
c751947d062401125316734add938a89c88304c2,AJPSN,ajpsn,UCDP_ACTOR,NameOrig,1131,AJPSN,1,True,5,False,False,True,UCDP_ACTOR
b8a2a1ec4931ffbbc2c6d657852c7ec59092b9d1,Alliance des Jeunes Patriotes pour le sursaut national,alliance des jeunes patriotes pour le sursaut national,UCDP_ACTOR,NameOrigFull,1131,AJPSN,1,False,54,False,False,True,UCDP_ACTOR
33ec61050ba20917598b290d337525c9ff623534,Alliance of Young Patriots for national revival,alliance of young patriots for national revival,UCDP_ACTOR,NameOrigFullEng,1131,AJPSN,1,False,47,False,False,True,UCDP_ACTOR
7151d45061deaf2437b1eb9cb5af13daa4e632df,FDC,fdc,UCDP_ACTOR,NameData,1136,FDC,1,True,3,True,False,True,UCDP_ACTOR
005b61b5a22647643d38d3e366d0007bc40daf0e,FDC,fdc,UCDP_ACTOR,NameOrig,1136,FDC,1,True,3,True,False,True,UCDP_ACTOR
7cbd740c741882e2528a332f68c77b14809cbd20,Front de la défense du Congo,front de la défense du congo,UCDP_ACTOR,NameOrigFull,1136,FDC,1,False,28,False,False,True,UCDP_ACTOR
6e76c3113aafb297585d65f321622397152adf17,Defence Front of the Congo,defence front of the congo,UCDP_ACTOR,NameOrigFullEng,1136,FDC,1,False,26,False,False,True,UCDP_ACTOR
f25e321cf1f204a5a0be7ea01ef4c5961c6a0573,Lashkar of Zakakhel,lashkar of zakakhel,UCDP_ACTOR,NameData,1142,Lashkar of Zakakhel,1,False,19,False,False,True,UCDP_ACTOR
af7be70376c0cb1c144f486b0bded58c61aed70c,Lashkar of Zakakhel tribe,lashkar of zakakhel tribe,UCDP_ACTOR,NameOrig,1142,Lashkar of Zakakhel,1,False,25,False,False,True,UCDP_ACTOR
b10e6411844bc986ec830b80185b5458e2f711e2,Lashkar of Zakakhel tribe,lashkar of zakakhel tribe,UCDP_ACTOR,NameOrigFull,1142,Lashkar of Zakakhel,1,False,25,False,False,True,UCDP_ACTOR
b8041bc2be0970dee926f48983c169df0a3b9273,Army of Zakakhel tribe,army of zakakhel tribe,UCDP_ACTOR,NameOrigFullEng,1142,Lashkar of Zakakhel,1,False,22,False,False,True,UCDP_ACTOR
069e380c6f6a9843629622fef2b8ad74f1fa5972,Laskhar of Masozai Qaumi,laskhar of masozai qaumi,UCDP_ACTOR,NameData,1143,Laskhar of Masozai Qaumi,1,False,24,False,False,True,UCDP_ACTOR
3222955e974e0e0f8dc5b41049aaace1d3f19c24,Laskhar of Masozai Qaumi tribe,laskhar of masozai qaumi tribe,UCDP_ACTOR,NameOrig,1143,Laskhar of Masozai Qaumi,1,False,30,False,False,True,UCDP_ACTOR
baaa7b06c2f8ab9babdad9b14dff3795d5c23344,Laskhar of Masozai Qaumi tribe,laskhar of masozai qaumi tribe,UCDP_ACTOR,NameOrigFull,1143,Laskhar of Masozai Qaumi,1,False,30,False,False,True,UCDP_ACTOR
420cdb198b3acfe8e196b07b6d29ba35a45fa42e,Army of Masozai Qaumi tribe,army of masozai qaumi tribe,UCDP_ACTOR,NameOrigFullEng,1143,Laskhar of Masozai Qaumi,1,False,27,False,False,True,UCDP_ACTOR
206239a9542f22158caa02d11219060464e0133a,BIFM,bifm,UCDP_ACTOR,NameData,1146,BIFM,1,True,4,True,False,True,RAD;UCDP_ACTOR
30fa50520d442719778bc972d49e06704781daaf,BIFF,biff,UCDP_ACTOR,NameOrig,1146,BIFM,1,True,4,True,False,True,UCDP_ACTOR
3a719cf3c57575deb4ac0a0b0679f6434703f6e9,Bangsamoro Islamic Freedom Fighters,bangsamoro islamic freedom fighters,UCDP_ACTOR,NameOrigFull,1146,BIFM,1,False,35,False,False,True,UCDP_ACTOR
c0dbad28fa0947a2af0cec49490ebb0869ca3afa,Bangsamoro Islamic Freedom Fighters,bangsamoro islamic freedom fighters,UCDP_ACTOR,NameOrigFullEng,1146,BIFM,1,False,35,False,False,True,UCDP_ACTOR
58320e32f9e92b200743e66c2e45cc2af9432144,BIFM,bifm,UCDP_ACTOR,NewName,1146,BIFM,1,True,4,True,False,True,RAD;UCDP_ACTOR
6ac813af4e8315b246e9e3f4588e04cd2fa67f51,Bangsamoro Islamic Freedom Movement,bangsamoro islamic freedom movement,UCDP_ACTOR,NewNameFullMotherTongue,1146,BIFM,1,False,35,False,False,True,RAD;UCDP_ACTOR
71bd1aa03e96f6d8d627cebc7b15f665eca3e060,Bangsamoro Islamic Freedom Movement,bangsamoro islamic freedom movement,UCDP_ACTOR,NewNameFullEng,1146,BIFM,1,False,35,False,False,True,RAD;UCDP_ACTOR
9bf400ffb800c68c71d3e222d741a01a6bf9f3a7,MILF,milf,UCDP_ACTOR,NamePrev,1146,BIFM,1,True,4,True,False,True,RAD;UCDP_ACTOR
45164fa1260425c2989397d232861bf1f97a2054,SVA,sva,UCDP_ACTOR,NameData,1147,SVA,1,True,3,True,False,True,UCDP_ACTOR
1dff294cb667651b74552f21026e49f675bea336,SVA,sva,UCDP_ACTOR,NameOrig,1147,SVA,1,True,3,True,False,True,UCDP_ACTOR
147ac22a0df6d87bd9bb8da274ed8a590edcedc3,Shabelle Valley Alliance,shabelle valley alliance,UCDP_ACTOR,NameOrigFull,1147,SVA,1,False,24,False,False,True,UCDP_ACTOR
fdcf2cab1c266b94b2a364df7ef0c31a741c99f4,Shabelle Valley Alliance,shabelle valley alliance,UCDP_ACTOR,NameOrigFullEng,1147,SVA,1,False,24,False,False,True,UCDP_ACTOR
993056dc9d9934bc4724cdb232e28475d98c5c93,La Familia,la familia,UCDP_ACTOR,NameData,1149,La Familia,1,False,10,False,False,True,UCDP_ACTOR
d06d183c7912ecbe93c0b4b01a4679f8be64da5f,La Familia,la familia,UCDP_ACTOR,NameOrig,1149,La Familia,1,False,10,False,False,True,UCDP_ACTOR
b56026b597aa9c29f9262d7c44f0787a90b6c881,La Familia,la familia,UCDP_ACTOR,NameOrigFull,1149,La Familia,1,False,10,False,False,True,UCDP_ACTOR
330ca299083fe6620fe3f5313ff5f3bb3aa4f985,The Family,the family,UCDP_ACTOR,NameOrigFullEng,1149,La Familia,1,False,10,False,False,True,UCDP_ACTOR
d112b38fe8302dcbafb2ae31d9059006f7ec9c25,Los Caballeros Templarios,los caballeros templarios,UCDP_ACTOR,NameData,1150,Los Caballeros Templarios,1,False,25,False,False,True,UCDP_ACTOR
7874fc1d3dc6b81db4802f3989a694529a76c63a,Los Caballeros Templarios,los caballeros templarios,UCDP_ACTOR,NameOrig,1150,Los Caballeros Templarios,1,False,25,False,False,True,UCDP_ACTOR
4939105cd97a29adba02ca3bd0df11ecf1d21c8c,Los Caballeros Templarios,los caballeros templarios,UCDP_ACTOR,NameOrigFull,1150,Los Caballeros Templarios,1,False,25,False,False,True,UCDP_ACTOR
8a684cd63e8371982fee72932d2dc92d364a0bab,The Knights Templar,the knights templar,UCDP_ACTOR,NameOrigFullEng,1150,Los Caballeros Templarios,1,False,19,False,False,True,UCDP_ACTOR
7c5e73083a3b86ff455ac9acdf28ec680511123c,La Familia,la familia,UCDP_ACTOR,NamePrev,1150,Los Caballeros Templarios,1,False,10,False,False,True,UCDP_ACTOR
a2d3d8fcfe056c1af83fdfc49c89f189dc5e365b,Carteles Unidos,carteles unidos,UCDP_ACTOR,NameAlliance,1150,Los Caballeros Templarios,1,False,15,False,False,True,UCDP_ACTOR
494f732c2db4633e14ed52d74c872893eb369ceb,Jalisco Cartel New Generation,jalisco cartel new generation,UCDP_ACTOR,NameData,1151,Jalisco Cartel New Generation,1,False,29,False,False,True,UCDP_ACTOR
3ea4bc234cbb2c22b9b482d39fea630cf497c446,Jalisco Cartel New Generation,jalisco cartel new generation,UCDP_ACTOR,NameOrig,1151,Jalisco Cartel New Generation,1,False,29,False,False,True,UCDP_ACTOR
093fd435a82d1adfc31655318bf818b180e3c68b,Cártel de Jalisco Nueva Generación,cártel de jalisco nueva generación,UCDP_ACTOR,NameOrigFull,1151,Jalisco Cartel New Generation,1,False,34,False,False,True,UCDP_ACTOR
976124712db032df6368a9522f23fcc4c3fa2fa6,Jalisco Cartel New Generation,jalisco cartel new generation,UCDP_ACTOR,NameOrigFullEng,1151,Jalisco Cartel New Generation,1,False,29,False,False,True,UCDP_ACTOR
37e553400be795629192d9013284ba2f6e3c4f1f,Sinaloa Cartel,sinaloa cartel,UCDP_ACTOR,NamePrev,1151,Jalisco Cartel New Generation,1,False,14,False,False,True,UCDP_ACTOR
4fb0f2e66c84c9beb6fbd1dce74dfb8eea2eb85d,Cartel Independiente de Acapulco,cartel independiente de acapulco,UCDP_ACTOR,NameData,1152,Cartel Independiente de Acapulco,1,False,32,False,False,True,UCDP_ACTOR
689902bdf78d350599de9bca67e7449235afcfdf,Cartel Independiente de Acapulco,cartel independiente de acapulco,UCDP_ACTOR,NameOrig,1152,Cartel Independiente de Acapulco,1,False,32,False,False,True,UCDP_ACTOR
339c626f695428f5e9a78269d3e482cb239dfb19,Cartel Independiente de Acapulco,cartel independiente de acapulco,UCDP_ACTOR,NameOrigFull,1152,Cartel Independiente de Acapulco,1,False,32,False,False,True,UCDP_ACTOR
978bc58bcbfec2140dece8da96d1aa1f88aba26b,Independent Cartel of Acapulco,independent cartel of acapulco,UCDP_ACTOR,NameOrigFullEng,1152,Cartel Independiente de Acapulco,1,False,30,False,False,True,UCDP_ACTOR
ee69e8dee19415980fefdbd6b1d2c4dae23ec094,Beltrán Leyva Cartel - Valdez Villareal faction,beltrán leyva cartel - valdez villareal faction,UCDP_ACTOR,NamePrev,1152,Cartel Independiente de Acapulco,1,False,47,False,False,True,UCDP_ACTOR
f3cac2aeb358032ba7cf803c8d0db4f06a9d02c9,La Barredora,la barredora,UCDP_ACTOR,NameData,1153,La Barredora,1,False,12,False,False,True,UCDP_ACTOR
a21b39986685fd0d8f608f9e395e242d386198cc,La Barredora,la barredora,UCDP_ACTOR,NameOrig,1153,La Barredora,1,False,12,False,False,True,UCDP_ACTOR
156ab55c5d2bb691368ccecbf27a9310e090ff01,La Barredora,la barredora,UCDP_ACTOR,NameOrigFull,1153,La Barredora,1,False,12,False,False,True,UCDP_ACTOR
1d7f2f864ca7682037e465ac73638f2d6fc81f0f,The Sweeper,the sweeper,UCDP_ACTOR,NameOrigFullEng,1153,La Barredora,1,False,11,False,False,True,UCDP_ACTOR
c982548474ff40ded698650050dc4548400731d8,Beltrán Leyva Cartel - Valdez Villareal faction,beltrán leyva cartel - valdez villareal faction,UCDP_ACTOR,NamePrev,1153,La Barredora,1,False,47,False,False,True,UCDP_ACTOR
5bd5d720b2bde4c7663bec9c05606d084fa32830,La Resistencia,la resistencia,UCDP_ACTOR,NameData,1154,La Resistencia,1,False,14,False,False,True,UCDP_ACTOR
7a6d8f2a0f31f0f96f65c7102fcd63eaf2493d78,La Resistencia,la resistencia,UCDP_ACTOR,NameOrig,1154,La Resistencia,1,False,14,False,False,True,UCDP_ACTOR
dbc8245263363fefb1e90bbdb710747aa527c7cb,La Resistencia,la resistencia,UCDP_ACTOR,NameOrigFull,1154,La Resistencia,1,False,14,False,False,True,UCDP_ACTOR
97bc87877cc5ace13865deb5104758a93c44695e,The Resistance,the resistance,UCDP_ACTOR,NameOrigFullEng,1154,La Resistencia,1,False,14,False,False,True,UCDP_ACTOR
06388b535b0018ff83c5ceaa71fcb93a7a653dd2,Sinaloa Cartel,sinaloa cartel,UCDP_ACTOR,NamePrev,1154,La Resistencia,1,False,14,False,False,True,UCDP_ACTOR
b8ed6cbf796c8c9ef2ea36b7365f8e1133d446aa,Lashkar of Kukikhel,lashkar of kukikhel,UCDP_ACTOR,NameData,1155,Lashkar of Kukikhel,1,False,19,False,False,True,UCDP_ACTOR
8464d0043e9f720d234621ef587a47c8734def03,Lashkar of Kukikhel clan,lashkar of kukikhel clan,UCDP_ACTOR,NameOrig,1155,Lashkar of Kukikhel,1,False,24,False,False,True,UCDP_ACTOR
046894f3f5cec611a9327b4afd65f2c07a5b02b4,Lashkar of Kukikhel clan,lashkar of kukikhel clan,UCDP_ACTOR,NameOrigFull,1155,Lashkar of Kukikhel,1,False,24,False,False,True,UCDP_ACTOR
7867ff868cb43fa1ca01934dd9030fccd4bdc6ed,Army of Kukikhel clan,army of kukikhel clan,UCDP_ACTOR,NameOrigFullEng,1155,Lashkar of Kukikhel,1,False,21,False,False,True,UCDP_ACTOR
7460975ca757ec78076ecdeda1867bdf14497fd4,ETIM,etim,UCDP_ACTOR,NameData,1156,ETIM,1,True,4,True,False,True,RAD;UCDP_ACTOR
4a23c669aad31da0b35a0c03536f272d64dd5dde,ETIM,etim,UCDP_ACTOR,NameOrig,1156,ETIM,1,True,4,True,False,True,RAD;UCDP_ACTOR
80cf6a202b9fd0e3f47c611e8a2b60850d891411,Hizbul Islam Li-Turkistan Ash-Sharqiyah,hizbul islam li-turkistan ash-sharqiyah,UCDP_ACTOR,NameOrigFull,1156,ETIM,1,False,39,False,False,True,UCDP_ACTOR
a6c5e05925cd1ea7fd795cd9b776a1e1e1d8965d,East Turkistan Islamic Movement,east turkistan islamic movement,UCDP_ACTOR,NameOrigFullEng,1156,ETIM,1,False,31,False,False,True,RAD;UCDP_ACTOR
0178441045fcbd1af9abd209017a48316c9d07f9,Ansar Dine,ansar dine,UCDP_ACTOR,NameData,1157,Ansar Dine,1,False,10,False,False,True,RAD;UCDP_ACTOR
6680bdc97b05f76581398fd1dc15c3f7cd8e3ed8,Ansar Dine,ansar dine,UCDP_ACTOR,NameOrig,1157,Ansar Dine,1,False,10,False,False,True,RAD;UCDP_ACTOR
c985e2127aca7b1ca993722574406d6c634263ce,Ansar Dine,ansar dine,UCDP_ACTOR,NameOrigFull,1157,Ansar Dine,1,False,10,False,False,True,RAD;UCDP_ACTOR
35477e0fa2709ff1b6af286235162ab35de1417f,Defenders of the Faith,defenders of the faith,UCDP_ACTOR,NameOrigFullEng,1157,Ansar Dine,1,False,22,False,False,True,RAD;UCDP_ACTOR
843bc3d346bded95dc275b21acd1133e712eadf1,JNIM,jnim,UCDP_ACTOR,NameAlliance,1157,Ansar Dine,1,True,4,True,False,True,RAD;UCDP_ACTOR
9fbdf03c80bd5521715b32a1042bb7ac7390eecf,CMA,cma,UCDP_ACTOR,NameData,1158,CMA,1,True,3,True,False,True,RAD;UCDP_ACTOR
965ce6dc1e84ba07f1d5ea4eae899f20ca09af3e,MNLA,mnla,UCDP_ACTOR,NameOrig,1158,CMA,1,True,4,True,False,True,UCDP_ACTOR
ccf0b6695c583d19f76280fd5be413beece147d1,Mouvement national pour la libération de lAzawad,mouvement national pour la libération de lazawad,UCDP_ACTOR,NameOrigFull,1158,CMA,1,False,48,False,False,True,UCDP_ACTOR
c5a008884c8c94d8174b9df6a2d59f8572857674,National Movement for the Liberation of Azawad,national movement for the liberation of azawad,UCDP_ACTOR,NameOrigFullEng,1158,CMA,1,False,46,False,False,True,UCDP_ACTOR
61b591de78d97d36a32cf97ac838031ba72ae802,CMA,cma,UCDP_ACTOR,NewName,1158,CMA,1,True,3,True,False,True,RAD;UCDP_ACTOR
e0e365f787d70d363e69576091cdc78d2ab50e1d,Coordination des Mouvements de lAzawad,coordination des mouvements de lazawad,UCDP_ACTOR,NewNameFullMotherTongue,1158,CMA,1,False,38,False,False,True,RAD;UCDP_ACTOR
b87ea0e6714aa681aa01657643178a71b3be1d82,Coordination of Azawad Movements,coordination of azawad movements,UCDP_ACTOR,NewNameFullEng,1158,CMA,1,False,32,False,False,True,RAD;UCDP_ACTOR
4b1f125d68c1ee3fb7353d0e8030378cb4513aca,FLA,fla,UCDP_ACTOR,GroupName,1158,CMA,1,True,3,True,False,True,UCDP_ACTOR
52582c4cb73a993d4bb48109823150e0652924d9,M23,m23,UCDP_ACTOR,NameData,1160,M23,1,True,3,True,False,True,RAD;UCDP_ACTOR
98ff07442fed303fab8f7d5cea324ff25d43866a,M23,m23,UCDP_ACTOR,NameOrig,1160,M23,1,True,3,True,False,True,RAD;UCDP_ACTOR
0e2f277f0cc3a4873b90f1e99943d09a6ccb119b,Mouvement du 23-Mars,mouvement du 23-mars,UCDP_ACTOR,NameOrigFull,1160,M23,1,False,20,False,False,True,RAD;UCDP_ACTOR
c2be5f8d0282315700d843fcbd5e9471508e1103,March 23 Movement,march 23 movement,UCDP_ACTOR,NameOrigFullEng,1160,M23,1,False,17,False,False,True,RAD;UCDP_ACTOR
32a6d6e9d7fd255498d079d2fc904d981fcb1dc3,AFC,afc,UCDP_ACTOR,NameAlliance,1160,M23,1,True,3,True,False,True,UCDP_ACTOR
74aace2a1dcfe3cc7dd29a0afdc82ecdbcddd691,MUJAO,mujao,UCDP_ACTOR,NameData,1161,MUJAO,1,True,5,False,False,True,RAD;UCDP_ACTOR
d1b8ed31a93a5ce7ad35c125a384b267e7f43da6,MUJAO,mujao,UCDP_ACTOR,NameOrig,1161,MUJAO,1,True,5,False,False,True,RAD;UCDP_ACTOR
51877a71539985cadee71b0225c5285cf05f4051,Mouvement pour le Tawhîd et du Jihad en Afrique de lOuest,mouvement pour le tawhîd et du jihad en afrique de louest,UCDP_ACTOR,NameOrigFull,1161,MUJAO,1,False,57,False,False,True,RAD;UCDP_ACTOR
d26eef7c85077638280376b173fc863a65c905d3,Movement for Unity and Jihad in West Africa,movement for unity and jihad in west africa,UCDP_ACTOR,NameOrigFullEng,1161,MUJAO,1,False,43,False,False,True,UCDP_ACTOR
ee0f67407466662f3a7da83ff565f9406c1029a7,AQIM,aqim,UCDP_ACTOR,NamePrev,1161,MUJAO,1,True,4,True,False,True,RAD;UCDP_ACTOR
e5d306de32704c81bebcaf51f2a5a22374034bb6,al-Murabitun,al-murabitun,UCDP_ACTOR,NameAlliance,1161,MUJAO,1,True,12,False,False,True,RAD;UCDP_ACTOR
6dc29399d4c92f97e2f06998c52405fa5221ab99,SRF,srf,UCDP_ACTOR,NameData,1162,SRF,1,True,3,True,False,True,RAD;UCDP_ACTOR
65cba30520a65a9841c7ffdb689ff174dfc8c531,SRF,srf,UCDP_ACTOR,NameOrig,1162,SRF,1,True,3,True,False,True,RAD;UCDP_ACTOR
5f61038ff0e2ce4690c01764512489f6328f61ce,Al-Jabhat Al-Thawriyat Al-Sudan,al-jabhat al-thawriyat al-sudan,UCDP_ACTOR,NameOrigFull,1162,SRF,1,False,31,False,False,True,UCDP_ACTOR
c1efe6d3636b718ab6a259a7a73a346dbf4cedb6,Sudan Revolutionary Front,sudan revolutionary front,UCDP_ACTOR,NameOrigFullEng,1162,SRF,1,False,25,False,False,True,RAD;UCDP_ACTOR
83fb8dd7cb036a126e7918d918f1a0cbd5bb304d,GNLA,gnla,UCDP_ACTOR,NameData,1163,GNLA,1,True,4,True,False,True,RAD;UCDP_ACTOR
f81269812f4931b5507f04231654541172baa4f7,GNLA,gnla,UCDP_ACTOR,NameOrig,1163,GNLA,1,True,4,True,False,True,RAD;UCDP_ACTOR
a06dd39286f7ed2c90968c743cbad7fc8a88a2d2,Garo National Liberation Army,garo national liberation army,UCDP_ACTOR,NameOrigFullEng,1163,GNLA,1,False,29,False,False,True,RAD;UCDP_ACTOR
186a34af04e4bf605dbf94e3e42ab863e0413b22,UNLFW,unlfw,UCDP_ACTOR,NameAlliance,1163,GNLA,1,True,5,False,False,True,RAD;UCDP_ACTOR
a22b7f0cab811518106c2a7f3d50abdf6a04207d,Military faction (Red Berets),military faction (red berets),UCDP_ACTOR,NameData,1164,Military faction (Red Berets),1,False,29,False,False,True,RAD;UCDP_ACTOR
af5a735ac0d2a3fbb026aadc35d46a0072a103c9,Military faction (Red Berets),military faction (red berets),UCDP_ACTOR,NameOrig,1164,Military faction (Red Berets),1,False,29,False,False,True,RAD;UCDP_ACTOR
b80a726f18cc13b6ddd05109a571d5497074d729,Military faction (Red Berets),military faction (red berets),UCDP_ACTOR,NameOrigFull,1164,Military faction (Red Berets),1,False,29,False,False,True,RAD;UCDP_ACTOR
33f32f52240ba8d2da0bad3affe78d4c0ee23a12,Military faction (Red Berets),military faction (red berets),UCDP_ACTOR,NameOrigFullEng,1164,Military faction (Red Berets),1,False,29,False,False,True,RAD;UCDP_ACTOR
be5954445a84a7736931fbcc2e01a33aa1c8bae8,PBCP-J,pbcp-j,UCDP_ACTOR,NameData,1165,PBCP-J,1,True,6,False,False,True,RAD;UCDP_ACTOR
5a9dc3413bae34f82238b6d02eeefeb61dcb9fc6,PBCP-J,pbcp-j,UCDP_ACTOR,NameOrig,1165,PBCP-J,1,True,6,False,False,True,RAD;UCDP_ACTOR
54fea64cf338bf239476d9949df0e2f2909bbffe,Purba Banglar Communist Party - Janajudhha faction,purba banglar communist party - janajudhha faction,UCDP_ACTOR,NameOrigFullEng,1165,PBCP-J,1,False,50,False,False,True,RAD;UCDP_ACTOR
b331b371c45b8f73a9a10fe2bd4335da8c2bb577,PBCP-ML,pbcp-ml,UCDP_ACTOR,NamePrev,1165,PBCP-J,1,True,7,False,False,True,UCDP_ACTOR
d774b09805517f14bdbe4992b2f278700b1723eb,BLF,blf,UCDP_ACTOR,NameData,1166,BLF,1,True,3,True,False,True,RAD;UCDP_ACTOR
21d2369b7b2296b136af5f3aa44d565f81d0ec64,BLF,blf,UCDP_ACTOR,NameOrig,1166,BLF,1,True,3,True,False,True,RAD;UCDP_ACTOR
40e73da220e238e750bd9ab7e9633545d5749894,Baloch Liberation Front,baloch liberation front,UCDP_ACTOR,NameOrigFullEng,1166,BLF,1,False,23,False,False,True,UCDP_ACTOR
0a9a754d09eed4bd1b542a4d935b3ff230c401ae,BRAS,bras,UCDP_ACTOR,NameAlliance,1166,BLF,1,True,4,True,False,True,UCDP_ACTOR
5ca07dc9e3dcab07e31b8271f2d6a5c933b9c5e0,Deebam,deebam,UCDP_ACTOR,NameData,1167,Deebam,1,True,6,False,False,True,UCDP_ACTOR
8e2a40e6dcd5b27e51a9187ffae937193319fd7c,Deebam,deebam,UCDP_ACTOR,NameOrig,1167,Deebam,1,True,6,False,False,True,UCDP_ACTOR
351c1d79c0f6b89689bfe6b9d23c38bddc7015ff,Deebam,deebam,UCDP_ACTOR,NameOrigFull,1167,Deebam,1,True,6,False,False,True,UCDP_ACTOR
00aae18b146f1455977ea1eff3b8c1d6c065e822,Be Strong,be strong,UCDP_ACTOR,NameOrigFullEng,1167,Deebam,1,False,9,False,False,True,UCDP_ACTOR
5eec3701197b446c059147010d2e4e15f2e08c30,Deewell,deewell,UCDP_ACTOR,NameData,1168,Deewell,1,True,7,False,False,True,UCDP_ACTOR
99556748f72ce5fe0f8a6e0eb0effde480f6a7ac,Deewell,deewell,UCDP_ACTOR,NameOrig,1168,Deewell,1,True,7,False,False,True,UCDP_ACTOR
95a70c04aa7bd09bcd4f9788f12c1f31e0622b61,Deewell,deewell,UCDP_ACTOR,NameOrigFull,1168,Deewell,1,True,7,False,False,True,UCDP_ACTOR
6388e5c0e2dc271ccc4a6fb476bc852e12f255d7,Be Well,be well,UCDP_ACTOR,NameOrigFullEng,1168,Deewell,1,False,7,False,False,True,UCDP_ACTOR
bc746e687d0180b1c9b683a2d933ed942d876d47,Outlaws,outlaws,UCDP_ACTOR,NameData,1169,Outlaws,1,True,7,False,False,True,UCDP_ACTOR
1586388610e0af6206e0527513d2890c6d166e9f,Outlaws,outlaws,UCDP_ACTOR,NameOrig,1169,Outlaws,1,True,7,False,False,True,UCDP_ACTOR
b9e826d0e38c856e3111ec1b8dafb17c5b1ff863,Outlaws,outlaws,UCDP_ACTOR,NameOrigFull,1169,Outlaws,1,True,7,False,False,True,UCDP_ACTOR
14e3d8e6627764e1da46bb91122bb64774ea3a02,Outlaws,outlaws,UCDP_ACTOR,NameOrigFullEng,1169,Outlaws,1,True,7,False,False,True,UCDP_ACTOR
a57be4b77016f486ba2f5500ee3112895c47f1f4,NDV,ndv,UCDP_ACTOR,NamePrev,1169,Outlaws,1,True,3,True,False,True,UCDP_ACTOR
1b13ee8be59eb177f9f2e7ebf3b7379e7631e71c,Jabhat Fateh al-Sham,jabhat fateh al-sham,UCDP_ACTOR,NameData,1170,Jabhat Fateh al-Sham,1,False,20,False,False,True,UCDP_ACTOR
7b4ec226a5022618e7108be4c2de5035101fb583,Jabhat al-Nusra li al-Sham,jabhat al-nusra li al-sham,UCDP_ACTOR,NameOrig,1170,Jabhat Fateh al-Sham,1,False,26,False,False,True,UCDP_ACTOR
55814d8b6ee0e1fcfcedcc9cbb9c3eb747ce1467,Jabhat al-Nusra li al-Sham,jabhat al-nusra li al-sham,UCDP_ACTOR,NameOrigFull,1170,Jabhat Fateh al-Sham,1,False,26,False,False,True,UCDP_ACTOR
a785ada9f8e0e1b1e4a518b846d633a5df36930e,The Support Front for the People of Syria,the support front for the people of syria,UCDP_ACTOR,NameOrigFullEng,1170,Jabhat Fateh al-Sham,1,False,41,False,False,True,UCDP_ACTOR
5e53c44c7eb393bc412da7c7ce839e4bd01d1a2f,Jabhat Fateh al-Sham,jabhat fateh al-sham,UCDP_ACTOR,NewName,1170,Jabhat Fateh al-Sham,1,False,20,False,False,True,UCDP_ACTOR
f9a5a9d335b8fdea862cce193e416f4a2611d811,Jabhat Fateh al-Sham,jabhat fateh al-sham,UCDP_ACTOR,NewNameFullMotherTongue,1170,Jabhat Fateh al-Sham,1,False,20,False,False,True,UCDP_ACTOR
49f54849ec5680bd4b4fada7d3b42080c5410ee7,Front for the Conquest of the Levant,front for the conquest of the levant,UCDP_ACTOR,NewNameFullEng,1170,Jabhat Fateh al-Sham,1,False,36,False,False,True,UCDP_ACTOR
fb5ca236baad1645b5fd6fffe1cca45ac35cf6c3,HTS,hts,UCDP_ACTOR,NameAlliance,1170,Jabhat Fateh al-Sham,1,True,3,True,False,True,UCDP_ACTOR
384f326e190a1385529960b0572ce869846fa8dc,Greenlanders,greenlanders,UCDP_ACTOR,NameData,1173,Greenlanders,1,True,12,False,False,True,UCDP_ACTOR
471bfba93a98735a78b8ec81dfc24ba52f057b4f,Greenlanders,greenlanders,UCDP_ACTOR,NameOrig,1173,Greenlanders,1,True,12,False,False,True,UCDP_ACTOR
5cb0c12ac107c8961624eb57417a985cc7d4a608,Greenlanders,greenlanders,UCDP_ACTOR,NameOrigFull,1173,Greenlanders,1,True,12,False,False,True,UCDP_ACTOR
023ec5f8a6da618e720b957e5dea7403628c1098,Greenlanders,greenlanders,UCDP_ACTOR,NameOrigFullEng,1173,Greenlanders,1,True,12,False,False,True,UCDP_ACTOR
e48a519db2638435f1bdbeb4942de9bb5420cde1,NDV,ndv,UCDP_ACTOR,NamePrev,1173,Greenlanders,1,True,3,True,False,True,UCDP_ACTOR
445c87e7e72f7fae0baa9bb3c4dc3a625c4736a4,Lashkar of Akakhel tribe,lashkar of akakhel tribe,UCDP_ACTOR,NameData,1177,Lashkar of Akakhel tribe,1,False,24,False,False,True,UCDP_ACTOR
a38832bca95d446994482708625bd17f7829f291,Lashkar of Akakhel tribe,lashkar of akakhel tribe,UCDP_ACTOR,NameOrig,1177,Lashkar of Akakhel tribe,1,False,24,False,False,True,UCDP_ACTOR
556ec52e0866694a34ccd14a38381b7e2a8dcfe2,Lashkar of Akakhel tribe,lashkar of akakhel tribe,UCDP_ACTOR,NameOrigFull,1177,Lashkar of Akakhel tribe,1,False,24,False,False,True,UCDP_ACTOR
c8e367e7585ed0574ebcdb2a3b8d7f6eda34fed4,Lashkar of Akakhel tribe,lashkar of akakhel tribe,UCDP_ACTOR,NameOrigFullEng,1177,Lashkar of Akakhel tribe,1,False,24,False,False,True,UCDP_ACTOR
99d9e5bb93afc9aa85e44bd149dc9db821175085,Tawheed ul-Islam,tawheed ul-islam,UCDP_ACTOR,NameData,1178,Tawheed ul-Islam,1,False,16,False,False,True,UCDP_ACTOR
ab91bf5b85a3cc7c623139b6dcbaf9b30544f5f5,Tawheed ul-Islam,tawheed ul-islam,UCDP_ACTOR,NameOrig,1178,Tawheed ul-Islam,1,False,16,False,False,True,UCDP_ACTOR
86761c3063ee69358f2a1abe5f94e785df9816b7,Tawheed ul-Islam,tawheed ul-islam,UCDP_ACTOR,NameOrigFull,1178,Tawheed ul-Islam,1,False,16,False,False,True,UCDP_ACTOR
384c3eb75d636a081b3fbc8f2def8a5264c33c35,Tawheed ul-Islam,tawheed ul-islam,UCDP_ACTOR,NameOrigFullEng,1178,Tawheed ul-Islam,1,False,16,False,False,True,UCDP_ACTOR
f291d01c332b5152f26c968f2f0e588aa9dccbb0,PCPA,pcpa,UCDP_ACTOR,NameData,1185,PCPA,1,True,4,True,False,True,UCDP_ACTOR
e12b7a1e7cca4633f5a532118582c2ff29e30cc0,PCPA,pcpa,UCDP_ACTOR,NameOrig,1185,PCPA,1,True,4,True,False,True,UCDP_ACTOR
780f7bbd0f1191f3987333a0599162bb223d0523,Peoples Committee against Police Atrocities,peoples committee against police atrocities,UCDP_ACTOR,NameOrigFull,1185,PCPA,1,False,43,False,False,True,UCDP_ACTOR
3b0eb47ef27739df65a85204f84996d173a402f7,Peoples Committee against Police Atrocities,peoples committee against police atrocities,UCDP_ACTOR,NameOrigFullEng,1185,PCPA,1,False,43,False,False,True,UCDP_ACTOR
49436b7ba1dec45fc7a4c283ea0d7f0cf049f3b8,PFT,pft,UCDP_ACTOR,NameData,1186,PFT,1,True,3,True,False,True,RAD;UCDP_ACTOR
303d7e1bda29ef612efb32a397ae670f672f6d93,PFT,pft,UCDP_ACTOR,NameOrig,1186,PFT,1,True,3,True,False,True,RAD;UCDP_ACTOR
b098df16c5b4c9b424cfd0f63b51679549dcd0a6,Фронти халқии Тоҷикистон,фронти халқии тоҷикистон,UCDP_ACTOR,NameOrigFull,1186,PFT,1,False,24,False,False,True,UCDP_ACTOR
a1fd3fddf7781a982c71501d3e83bc96c41c8405,Popular Front of Tajikistan,popular front of tajikistan,UCDP_ACTOR,NameOrigFullEng,1186,PFT,1,False,27,False,False,True,RAD;UCDP_ACTOR
4d02542f869ba317dac9ecf2928e6ac402bb7f74,PLFI,plfi,UCDP_ACTOR,NameData,1187,PLFI,1,True,4,True,False,True,UCDP_ACTOR
b52ff9f2a20671795f31b07968bd617dd6119509,PLFI,plfi,UCDP_ACTOR,NameOrig,1187,PLFI,1,True,4,True,False,True,UCDP_ACTOR
3388a16edd3b30fea18eece276948a11b6a64d0a,Peoples Liberation Front of India,peoples liberation front of india,UCDP_ACTOR,NameOrigFull,1187,PLFI,1,False,33,False,False,True,UCDP_ACTOR
3fdbdc891c579d14750c04144803069ccfc598b3,Peoples Liberation Front of India,peoples liberation front of india,UCDP_ACTOR,NameOrigFullEng,1187,PLFI,1,False,33,False,False,True,UCDP_ACTOR
2938f8551ed16becbc7192fecff1175e1ed8c6c5,Isenasawo,isenasawo,UCDP_ACTOR,NameData,1189,Isenasawo,1,True,9,False,False,True,UCDP_ACTOR
2af93f3262a500b17ce7928b2b0a7832b41351d6,Isenasawo,isenasawo,UCDP_ACTOR,NameOrig,1189,Isenasawo,1,True,9,False,False,True,UCDP_ACTOR
3ef5b93df3064efd0331816a2e390a8699d5fcfd,Isenasawo,isenasawo,UCDP_ACTOR,NameOrigFull,1189,Isenasawo,1,True,9,False,False,True,UCDP_ACTOR
27f3dfd3c751d278feef4381799c3e243c01cdb3,Isenasawo,isenasawo,UCDP_ACTOR,NameOrigFullEng,1189,Isenasawo,1,True,9,False,False,True,UCDP_ACTOR
d84e6af3fad1cc3c1674ac80cd8796c915ed7113,Isongo-furo,isongo-furo,UCDP_ACTOR,NameData,1190,Isongo-furo,1,True,11,False,False,True,UCDP_ACTOR
b520bb66d8fd416b3f958337fdc45770fa60129b,Isongo-furo,isongo-furo,UCDP_ACTOR,NameOrig,1190,Isongo-furo,1,True,11,False,False,True,UCDP_ACTOR
6442ceef54808f3568889741d36efbf498ef4322,Isongo-furo,isongo-furo,UCDP_ACTOR,NameOrigFull,1190,Isongo-furo,1,True,11,False,False,True,UCDP_ACTOR
fe65ef55043d1a2ce91a833eb67b110962919b9e,Isongo-furo,isongo-furo,UCDP_ACTOR,NameOrigFullEng,1190,Isongo-furo,1,True,11,False,False,True,UCDP_ACTOR
9d8161fd78c7fc712f6e0a7e74a0cac31e17c3ab,Forces of Agala,forces of agala,UCDP_ACTOR,NameData,1191,Forces of Agala,1,False,15,False,False,True,UCDP_ACTOR
0ca2b0a9eb40d8d5aedb35454c743afaf9c64417,Forces of Agala,forces of agala,UCDP_ACTOR,NameOrig,1191,Forces of Agala,1,False,15,False,False,True,UCDP_ACTOR
c78c8649c36315673fbcefaeeee4390009ccdb40,Forces of Agala,forces of agala,UCDP_ACTOR,NameOrigFull,1191,Forces of Agala,1,False,15,False,False,True,UCDP_ACTOR
4d8d70d888821acc42858fa0759a1f8479bbc240,Forces of Agala,forces of agala,UCDP_ACTOR,NameOrigFullEng,1191,Forces of Agala,1,False,15,False,False,True,UCDP_ACTOR
3f248d3126bb7c3da72e63c826b92b1abb633f0f,Forces of Edu,forces of edu,UCDP_ACTOR,NameData,1192,Forces of Edu,1,False,13,False,False,True,UCDP_ACTOR
02f914f2a0fb5f8aee74ad8fff49aa6f6a3e720c,Forces of Edu,forces of edu,UCDP_ACTOR,NameOrig,1192,Forces of Edu,1,False,13,False,False,True,UCDP_ACTOR
89b85ef906e2c71ecfc6d6f3d4d47566913422dd,Forces of Edu,forces of edu,UCDP_ACTOR,NameOrigFull,1192,Forces of Edu,1,False,13,False,False,True,UCDP_ACTOR
30b0dd93a22b566e6bb92a67d7d046cb3c44ea32,Forces of Edu,forces of edu,UCDP_ACTOR,NameOrigFullEng,1192,Forces of Edu,1,False,13,False,False,True,UCDP_ACTOR
b77eacb3f3dddc65f29bfb313e326d97fb5a0cf8,FNDIC,fndic,UCDP_ACTOR,NameData,1193,FNDIC,1,True,5,False,False,True,UCDP_ACTOR
f7ec22055d5d9411a3de9915b94b0facca1369fe,FNDIC,fndic,UCDP_ACTOR,NameOrig,1193,FNDIC,1,True,5,False,False,True,UCDP_ACTOR
3e0ca78644d62eec35f2c1e5080e94becd67d7c5,Federated Niger Delta Ijaw Communities,federated niger delta ijaw communities,UCDP_ACTOR,NameOrigFull,1193,FNDIC,1,False,38,False,False,True,UCDP_ACTOR
e0e2e1464abe4542a2d30b0a342bf4b4a9a81ecc,Federated Niger Delta Ijaw Communities,federated niger delta ijaw communities,UCDP_ACTOR,NameOrigFullEng,1193,FNDIC,1,False,38,False,False,True,UCDP_ACTOR
5bd9aa952e260b610d476d1c3da6d2e907b0f1f0,Mayi Mayi Simba,mayi mayi simba,UCDP_ACTOR,NameData,1198,Mayi Mayi Simba,1,False,15,False,False,True,UCDP_ACTOR
7d668f3ae977cd19cd67f43b17f7555ebe94cbae,Mayi Mayi Lumumba,mayi mayi lumumba,UCDP_ACTOR,NameOrig,1198,Mayi Mayi Simba,1,False,17,False,False,True,UCDP_ACTOR
0cbf6b5e5bad389b7eaf3ee481ef22c3272c6262,Maï Maï Lumumba,maï maï lumumba,UCDP_ACTOR,NameOrigFull,1198,Mayi Mayi Simba,1,False,15,False,False,True,UCDP_ACTOR
6cb53868b1b9471f2607d24bbcbf1d15e050faa2,Mayi Mayi Lumumba,mayi mayi lumumba,UCDP_ACTOR,NameOrigFullEng,1198,Mayi Mayi Simba,1,False,17,False,False,True,UCDP_ACTOR
5b7329541bd4b79d52df011d303c705c1b71038b,Mayi Mayi Morgan,mayi mayi morgan,UCDP_ACTOR,NewName,1198,Mayi Mayi Simba,1,False,16,False,False,True,UCDP_ACTOR
01812d12b13c3aaafe90276e406cb7b5c96a5177,Mayi Mayi Simba,mayi mayi simba,UCDP_ACTOR,NewName,1198,Mayi Mayi Simba,1,False,15,False,False,True,UCDP_ACTOR
d4954716cd6da778f1b7ff36802a10fce1b61eb7,Mayi Mayi Morgan,mayi mayi morgan,UCDP_ACTOR,NewNameFullMotherTongue,1198,Mayi Mayi Simba,1,False,16,False,False,True,UCDP_ACTOR
9681fd877851651eb3337ca007fb8ac30832926e,Mayi Mayi Simba,mayi mayi simba,UCDP_ACTOR,NewNameFullMotherTongue,1198,Mayi Mayi Simba,1,False,15,False,False,True,UCDP_ACTOR
88c30f30f6314c60952feb0dc6648da3fef41e0f,Mayi Mayi Morgan,mayi mayi morgan,UCDP_ACTOR,NewNameFullEng,1198,Mayi Mayi Simba,1,False,16,False,False,True,UCDP_ACTOR
2a0d4211bab9870a4ad5f5d8f2c6c55c431017f8,Mayi Mayi Simba,mayi mayi simba,UCDP_ACTOR,NewNameFullEng,1198,Mayi Mayi Simba,1,False,15,False,False,True,UCDP_ACTOR
9149221f5199297c924591f6b76d125b09a3b822,UPLC,uplc,UCDP_ACTOR,NameAlliance,1198,Mayi Mayi Simba,1,True,4,True,False,True,RAD;UCDP_ACTOR
0d295c9bd2f99ec549d1112bd90b19d00c2e9d0a,Raia Mutomboki,raia mutomboki,UCDP_ACTOR,NameData,1199,Raia Mutomboki,1,False,14,False,False,True,UCDP_ACTOR
344a4dcb01f07413b3a50a8d25dd0e7d717bf6f9,Raia Mutomboki,raia mutomboki,UCDP_ACTOR,NameOrig,1199,Raia Mutomboki,1,False,14,False,False,True,UCDP_ACTOR
2126888bb2d9ebaf942e8c7b57db4c78a25ad3b3,Raïa Mutomboki,raïa mutomboki,UCDP_ACTOR,NameOrigFull,1199,Raia Mutomboki,1,False,14,False,False,True,UCDP_ACTOR
03ee16fc52a705442f664d38088ca7510565a02f,Raia Mutomboki,raia mutomboki,UCDP_ACTOR,NameOrigFullEng,1199,Raia Mutomboki,1,False,14,False,False,True,UCDP_ACTOR
074f2ba904ca99dd71030419288e547971558bd2,APCLS,apcls,UCDP_ACTOR,NameData,1200,APCLS,1,True,5,False,False,True,RAD;UCDP_ACTOR
2b7978dfebb51293c2a75ce9af8c7747962abbd1,APCLS,apcls,UCDP_ACTOR,NameOrig,1200,APCLS,1,True,5,False,False,True,RAD;UCDP_ACTOR
62c93edb6119a3dc68653a8eafaec87afbf04193,Alliance des patriotes pour un Congo libre et souverain,alliance des patriotes pour un congo libre et souverain,UCDP_ACTOR,NameOrigFull,1200,APCLS,1,False,55,False,False,True,RAD;UCDP_ACTOR
057784407d9d5bedd293b03dc789460ccc0b36a1,Alliance of the People for a Free and Sovereign Congo,alliance of the people for a free and sovereign congo,UCDP_ACTOR,NameOrigFullEng,1200,APCLS,1,False,53,False,False,True,RAD;UCDP_ACTOR
fad3713762444aa2dc61830611690fb388691634,PARECO,pareco,UCDP_ACTOR,NamePrev,1200,APCLS,1,True,6,False,False,True,UCDP_ACTOR
4089aaef0bec82b6b508af2bd638ea72e9b19a37,VDP,vdp,UCDP_ACTOR,NameSplitTemp,1200,APCLS,1,True,3,True,False,True,UCDP_ACTOR
0673c96477bdfc6f12430dd93d36c427a465ef86,VDP,vdp,UCDP_ACTOR,NameAlliance,1200,APCLS,1,True,3,True,False,True,UCDP_ACTOR
5521156cd52da00bd4407ca43d2d68649931b3ba,Forces of Harar garrison,forces of harar garrison,UCDP_ACTOR,NameData,1215,Forces of Harar garrison,1,False,24,False,False,True,RAD;UCDP_ACTOR
349e67c108d48cbc56e8d4a61c3c42ce047dfc2f,Forces of Harar garrison,forces of harar garrison,UCDP_ACTOR,NameOrig,1215,Forces of Harar garrison,1,False,24,False,False,True,RAD;UCDP_ACTOR
47875cb96d1d3c7be3df36c33afcea1ba1169f53,Forces of Harar garrison,forces of harar garrison,UCDP_ACTOR,NameOrigFullEng,1215,Forces of Harar garrison,1,False,24,False,False,True,RAD;UCDP_ACTOR
c35181b766b617db60ae3cd6509bad7dedacff89,Forces of Mullo Abdullo,forces of mullo abdullo,UCDP_ACTOR,NameData,1216,Forces of Mullo Abdullo,1,False,23,False,False,True,RAD;UCDP_ACTOR
7003d64692fce0ea6b5c272d34e0aae6a7d30896,Forces of Mullo Abdullo,forces of mullo abdullo,UCDP_ACTOR,NameOrig,1216,Forces of Mullo Abdullo,1,False,23,False,False,True,RAD;UCDP_ACTOR
4620f9fa7fef73e2bdf95d518c288a724ffd6289,JMB,jmb,UCDP_ACTOR,NameData,1218,JMB,1,True,3,True,False,True,UCDP_ACTOR
8c0993ccfb1434ea5eeee35e0c247497fc0f32be,JMB,jmb,UCDP_ACTOR,NameOrig,1218,JMB,1,True,3,True,False,True,UCDP_ACTOR
3c5515ae1c3aa6d894be606035fccf0a41766987,Jamaat-ul-Mujahideen Bangladesh,jamaat-ul-mujahideen bangladesh,UCDP_ACTOR,NameOrigFull,1218,JMB,1,False,31,False,False,True,UCDP_ACTOR
c67098add909bb369edd99a37ecc955de786b291,Jamaat-ul-Mujahideen Bangladesh,jamaat-ul-mujahideen bangladesh,UCDP_ACTOR,NameOrigFullEng,1218,JMB,1,False,31,False,False,True,UCDP_ACTOR
69348a0b93be3b2d1dbf7e5802b6904a740586d5,FDPC,fdpc,UCDP_ACTOR,NameData,1645,FDPC,1,True,4,True,False,True,UCDP_ACTOR
14172a2b62f6943c6597671e7411825b0081c776,FDPC,fdpc,UCDP_ACTOR,NameOrig,1645,FDPC,1,True,4,True,False,True,UCDP_ACTOR
45e3c06450087e6c8078ae0163a6fb945eaee897,Front démocratique du peuple Centrafricain,front démocratique du peuple centrafricain,UCDP_ACTOR,NameOrigFull,1645,FDPC,1,False,42,False,False,True,UCDP_ACTOR
9f476ef5aa2f1c76ffb27556557132fab816a577,Democratic Front for the People of Central Africa,democratic front for the people of central africa,UCDP_ACTOR,NameOrigFullEng,1645,FDPC,1,False,49,False,False,True,UCDP_ACTOR
9f491658c872980a351bdb15485e4da4c0b46f7d,MLIA,mlia,UCDP_ACTOR,NameData,2027,MLIA,1,True,4,True,False,True,UCDP_ACTOR
a558944399fff1a517ee63848fafe8b25a24cdb9,Forces of Udjani Mangbama,forces of udjani mangbama,UCDP_ACTOR,NameOrig,2027,MLIA,1,False,25,False,False,True,UCDP_ACTOR
73d9cc0044fcf967c5e94621b8661585baa616e4,Forces of Udjani Mangbama,forces of udjani mangbama,UCDP_ACTOR,NameOrigFull,2027,MLIA,1,False,25,False,False,True,UCDP_ACTOR
19f72dbe6ee0a10d8faee583f368ac2ce9949156,Forces of Udjani Mangbama,forces of udjani mangbama,UCDP_ACTOR,NameOrigFullEng,2027,MLIA,1,False,25,False,False,True,UCDP_ACTOR
25b086bcf0904c8d8ea4bb1e5c77b998d7b9e782,MLIA,mlia,UCDP_ACTOR,NewName,2027,MLIA,1,True,4,True,False,True,UCDP_ACTOR
71775fdd470e1c5998cda4752dea22905ad6da37,Mouvement de Libération indépendante des Alliés Independent,mouvement de libération indépendante des alliés independent,UCDP_ACTOR,NewNameFullMotherTongue,2027,MLIA,1,False,59,False,False,True,UCDP_ACTOR
72feb2bd2cf20e3a440b51e9e51d94a820c26e81,Movement of Liberation and Allies,movement of liberation and allies,UCDP_ACTOR,NewNameFullEng,2027,MLIA,1,False,33,False,False,True,UCDP_ACTOR
59f2daceda7ccbb1d635216f3cec1392474b5ea6,TAK,tak,UCDP_ACTOR,NameData,2034,TAK,1,True,3,True,False,True,RAD;UCDP_ACTOR
d76c0599ab2ccfdbc5733541ff5aa81fb3369fee,TAK,tak,UCDP_ACTOR,NameOrig,2034,TAK,1,True,3,True,False,True,RAD;UCDP_ACTOR
da766d3526c7cb5e939e1c22edbdcb331d1c049a,Teyrêbazên Azadiya Kurdistan,teyrêbazên azadiya kurdistan,UCDP_ACTOR,NameOrigFull,2034,TAK,1,False,28,False,False,True,RAD;UCDP_ACTOR
c50934bf69eec0a9b5c75bac89fc425dafd9b57f,Kurdistan Freedom Falcons,kurdistan freedom falcons,UCDP_ACTOR,NameOrigFullEng,2034,TAK,1,False,25,False,False,True,RAD;UCDP_ACTOR
0b83353063793e81190fda3b498c876612a5c777,NSCN-K-K,nscn-k-k,UCDP_ACTOR,NameData,2430,NSCN-K-K,1,True,8,False,False,True,UCDP_ACTOR
12c85da133b0d9d108b69af33d855e95171d05c9,NSCN-K-K,nscn-k-k,UCDP_ACTOR,NameOrig,2430,NSCN-K-K,1,True,8,False,False,True,UCDP_ACTOR
bfc427f7fbffc148eb582c9a71a82c325b62cd0b,National Socialist Council of Nagaland-Khole-Kitovi Faction,national socialist council of nagaland-khole-kitovi faction,UCDP_ACTOR,NameOrigFull,2430,NSCN-K-K,1,False,59,False,False,True,UCDP_ACTOR
bed8efd14ea187d20d6eb454ed0fc7390ad532d7,National Socialist Council of Nagaland-Khole-Kitovi Faction,national socialist council of nagaland-khole-kitovi faction,UCDP_ACTOR,NameOrigFullEng,2430,NSCN-K-K,1,False,59,False,False,True,UCDP_ACTOR
874fe008e8ead7d7efdbb4413f5c0d1868e3f122,NSCN-K,nscn-k,UCDP_ACTOR,NamePrev,2430,NSCN-K-K,1,True,6,False,False,True,RAD;UCDP_ACTOR
bba1abdbd5581529372f8671b005c0d3c0a351e7,Forces of Sayed Mansur Naderi,forces of sayed mansur naderi,UCDP_ACTOR,NameData,2518,Forces of Sayed Mansur Naderi,1,False,29,False,False,True,UCDP_ACTOR
0ccf00833cc9fbad4105a9ee5f0a23bd43b73893,Forces of Sayed Mansur Naderi,forces of sayed mansur naderi,UCDP_ACTOR,NameOrig,2518,Forces of Sayed Mansur Naderi,1,False,29,False,False,True,UCDP_ACTOR
9b87c44d30f4f6475d8e9dc7e636e5e11db78cd3,Forces of Sayed Mansur Naderi,forces of sayed mansur naderi,UCDP_ACTOR,NameOrigFull,2518,Forces of Sayed Mansur Naderi,1,False,29,False,False,True,UCDP_ACTOR
049c91cdb1a92183430b47257490a38dac57eb4c,Forces of Sayed Mansur Naderi,forces of sayed mansur naderi,UCDP_ACTOR,NameOrigFullEng,2518,Forces of Sayed Mansur Naderi,1,False,29,False,False,True,UCDP_ACTOR
0650f5bbc7242d9e4003097f3b3bf1db54d548ae,CNF,cnf,UCDP_ACTOR,NameData,2649,CNF,1,True,3,True,False,True,UCDP_ACTOR
0c638075aca11fa5294726f004d205522a7e8b40,CNF,cnf,UCDP_ACTOR,NameOrig,2649,CNF,1,True,3,True,False,True,UCDP_ACTOR
4adcfc2fc7e3a7d84eb06afc6cbfa0659080b470,Chin National Front,chin national front,UCDP_ACTOR,NameOrigFull,2649,CNF,1,False,19,False,False,True,UCDP_ACTOR
39c480d22e90ea1754d57ec573e5b8792e62d24a,Chin National Front,chin national front,UCDP_ACTOR,NameOrigFullEng,2649,CNF,1,False,19,False,False,True,UCDP_ACTOR
6abda41c808beee7642819d3060bac0351380fd9,HuJI,huji,UCDP_ACTOR,NameData,2707,HuJI,1,True,4,True,False,True,UCDP_ACTOR
0091ed2733618c548ac98af6cb04c036c9120152,HuJI,huji,UCDP_ACTOR,NameOrig,2707,HuJI,1,True,4,True,False,True,UCDP_ACTOR
c9991d5ec7ca97bdc795213eeb74090d9c3b4b46,Harakat-ul-Jihad-ul-Islami,harakat-ul-jihad-ul-islami,UCDP_ACTOR,NameOrigFull,2707,HuJI,1,True,26,False,False,True,UCDP_ACTOR
f348673c2725fc5303e563413a6551a1680679aa,Islamic Jihad Movement,islamic jihad movement,UCDP_ACTOR,NameOrigFullEng,2707,HuJI,1,False,22,False,False,True,UCDP_ACTOR
3fe0a77f9675cf0d61e15eed37d7940e41a59f4f,Al-Khobar,al-khobar,UCDP_ACTOR,NameData,2933,Al-Khobar,1,True,9,False,False,True,UCDP_ACTOR
41eddc0d52ecf2b7cf22a410f22a62312c52db81,Al-Khobar,al-khobar,UCDP_ACTOR,NameOrig,2933,Al-Khobar,1,True,9,False,False,True,UCDP_ACTOR
5ca6fd1e84cb2ab57710cf974c9011ddce896267,Al-Khobar,al-khobar,UCDP_ACTOR,NameOrigFull,2933,Al-Khobar,1,True,9,False,False,True,UCDP_ACTOR
02bce7215d616bcf3ef35c49e0216bd17be93c53,Al-Khobar,al-khobar,UCDP_ACTOR,NameOrigFullEng,2933,Al-Khobar,1,True,9,False,False,True,UCDP_ACTOR
c281c342b8141df18744477b9139d7cffbd665fa,NLFT-B,nlft-b,UCDP_ACTOR,NameData,2939,NLFT-B,1,True,6,False,False,True,RAD;UCDP_ACTOR
56a58eba40f84b44ecc21148d9527f674b98b5a4,NLFT-B,nlft-b,UCDP_ACTOR,NameOrig,2939,NLFT-B,1,True,6,False,False,True,RAD;UCDP_ACTOR
a3c6a33c4ff86fd2839c71362ce4e35df345f17f,National Liberation Front of Tripura - Biswamohan faction,national liberation front of tripura - biswamohan faction,UCDP_ACTOR,NameOrigFull,2939,NLFT-B,1,False,57,False,False,True,RAD;UCDP_ACTOR
93bb47ffe663c24488696690c3f54848c8bc1f0e,National Liberation Front of Tripura - Biswamohan faction,national liberation front of tripura - biswamohan faction,UCDP_ACTOR,NameOrigFullEng,2939,NLFT-B,1,False,57,False,False,True,RAD;UCDP_ACTOR
7f3f28f105bcb4a81a69aadca3f252ba58b003ed,NLFT,nlft,UCDP_ACTOR,NamePrev,2939,NLFT-B,1,True,4,True,False,True,RAD;UCDP_ACTOR
bfd476a44734ad103cb2a4f284912dccf34e845c,Lashkar of Mohmand,lashkar of mohmand,UCDP_ACTOR,NameData,2987,Lashkar of Mohmand,1,False,18,False,False,True,UCDP_ACTOR
7aa235e3c5acba09a42346b50e3a6f131c8e3924,Lashkar of Mohmand tribe,lashkar of mohmand tribe,UCDP_ACTOR,NameOrig,2987,Lashkar of Mohmand,1,False,24,False,False,True,UCDP_ACTOR
bdcbdcd3b59fb45b1e67012e3357cde3df69bf65,Lashkar of Mohmand tribe,lashkar of mohmand tribe,UCDP_ACTOR,NameOrigFull,2987,Lashkar of Mohmand,1,False,24,False,False,True,UCDP_ACTOR
b9f9988cf5084b57eb27b09bccc9b3ae47618cb6,Lashkar of Mohmand tribe,lashkar of mohmand tribe,UCDP_ACTOR,NameOrigFullEng,2987,Lashkar of Mohmand,1,False,24,False,False,True,UCDP_ACTOR
a9cb8e4079c01b06e069487bf1534a445d7fdf6c,NDC,ndc,UCDP_ACTOR,NameData,3037,NDC,1,True,3,True,False,True,UCDP_ACTOR
91423d174774bc14473eccf58ce132435ad4f5ea,NDC,ndc,UCDP_ACTOR,NameOrig,3037,NDC,1,True,3,True,False,True,UCDP_ACTOR
926a6c0574f7df104e08c30518e9e26c35bca390,Nduma Défense du Congo,nduma défense du congo,UCDP_ACTOR,NameOrigFull,3037,NDC,1,False,22,False,False,True,UCDP_ACTOR
b601232fa14ace5d2cfcc38502050d2d46ef02fa,Ndumba Defense of Congo,ndumba defense of congo,UCDP_ACTOR,NameOrigFullEng,3037,NDC,1,False,23,False,False,True,UCDP_ACTOR
655051fbe36eea14c38cc82d00e246820ead6fc9,Nyatura,nyatura,UCDP_ACTOR,NameData,3040,Nyatura,1,True,7,False,False,True,UCDP_ACTOR
f1695823e2592ce95ed8354e1af87d8a956752c8,Nyatura,nyatura,UCDP_ACTOR,NameOrig,3040,Nyatura,1,True,7,False,False,True,UCDP_ACTOR
eae3acd21cbaed1941e4e6cb3fa8e73a8492ee25,Nyatura,nyatura,UCDP_ACTOR,NameOrigFull,3040,Nyatura,1,True,7,False,False,True,UCDP_ACTOR
4cde7146300ef883fc63063e5d7dc177beda27ce,Nyatura,nyatura,UCDP_ACTOR,NameOrigFullEng,3040,Nyatura,1,True,7,False,False,True,UCDP_ACTOR
7fff9b5de1b499b1c009b4c00edeec32a77f3209,PARECO,pareco,UCDP_ACTOR,NamePrev,3040,Nyatura,1,True,6,False,False,True,UCDP_ACTOR
5f88566f3fa2028a01d47891bea1e7443146ef51,CNPSC,cnpsc,UCDP_ACTOR,NameData,3043,CNPSC,1,True,5,False,False,True,UCDP_ACTOR
eb547c226bcff8106146ec18898bd7d749fa15e0,Mayi Mayi Réformé,mayi mayi réformé,UCDP_ACTOR,NameOrig,3043,CNPSC,1,False,17,False,False,True,UCDP_ACTOR
b703e1e07b1498338179dc2d625844f2f61f60de,Maï Maï Réformé,maï maï réformé,UCDP_ACTOR,NameOrigFull,3043,CNPSC,1,False,15,False,False,True,UCDP_ACTOR
be1391419b947856ecffff5f974e34bbcc2caf58,Reformed Mayi Mayi,reformed mayi mayi,UCDP_ACTOR,NameOrigFullEng,3043,CNPSC,1,False,18,False,False,True,UCDP_ACTOR
008c7b64656974f5c424325e548b094f4dd4da95,PARC-FAAL,parc-faal,UCDP_ACTOR,NewName,3043,CNPSC,1,True,9,False,False,True,UCDP_ACTOR
18a00c5ffae81a8b9b59d0494a5f3aa63230144b,CNPSC,cnpsc,UCDP_ACTOR,NewName,3043,CNPSC,1,True,5,False,False,True,UCDP_ACTOR
da0b501e3d34c86422488da4c35f2adf94ee181c,Parti pour laction et la reconstruction du Congo-Forces armées alléluia,parti pour laction et la reconstruction du congo-forces armées alléluia,UCDP_ACTOR,NewNameFullMotherTongue,3043,CNPSC,1,False,71,False,False,True,UCDP_ACTOR
56a27f9c60121397816326a1a00db1179348ebb5,Coalition nationale du peuple pour la souveraineté du Congo,coalition nationale du peuple pour la souveraineté du congo,UCDP_ACTOR,NewNameFullMotherTongue,3043,CNPSC,1,False,59,False,False,True,RAD;UCDP_ACTOR
6f2745244a6a95cc35fb8a5c3e4a49b66c8ab253,Party for Action and the Reconstruction of the Congo-Allelujah Armed Forces,party for action and the reconstruction of the congo-allelujah armed forces,UCDP_ACTOR,NewNameFullEng,3043,CNPSC,1,False,75,False,False,True,UCDP_ACTOR
7230255617991d49165bf77bcf8d3cca70d6f137,National Coalition of the People for the Sovereignty of the Congo,national coalition of the people for the sovereignty of the congo,UCDP_ACTOR,NewNameFullEng,3043,CNPSC,1,False,65,False,False,True,RAD;UCDP_ACTOR
d03c96d216dcc7aeef5b3307926bb3b3649a6dfd,TTP-Islahi,ttp-islahi,UCDP_ACTOR,NameData,3047,TTP-Islahi,1,True,10,False,False,True,UCDP_ACTOR
1c2d3a293658aecf5ea6d1b25d67a5525bbb7438,TTP-Islahi,ttp-islahi,UCDP_ACTOR,NameOrig,3047,TTP-Islahi,1,True,10,False,False,True,UCDP_ACTOR
96a8beada271237465970df01f413c65e45f7bb0,Tehrik-i-Taliban Pakistan - Islahi faction,tehrik-i-taliban pakistan - islahi faction,UCDP_ACTOR,NameOrigFull,3047,TTP-Islahi,1,False,42,False,False,True,UCDP_ACTOR
acb178d10a2fa54cba40d550578020634b3870a3,Taleban Movement of Pakistan - Islahi faction,taleban movement of pakistan - islahi faction,UCDP_ACTOR,NameOrigFullEng,3047,TTP-Islahi,1,False,45,False,False,True,UCDP_ACTOR
215a535c914def988ded9f09c7652067273ea6d0,TTP,ttp,UCDP_ACTOR,NamePrev,3047,TTP-Islahi,1,True,3,True,False,True,RAD;UCDP_ACTOR
2f4891e30787443057b1071c7e5987c09f39a8e1,ULA,ula,UCDP_ACTOR,NameData,3051,ULA,1,True,3,True,False,True,UCDP_ACTOR
eab7cd504ff3293a93d492eb768b39cd134a89d4,ULA,ula,UCDP_ACTOR,NameOrig,3051,ULA,1,True,3,True,False,True,UCDP_ACTOR
77d6edf984eca187f624b6625d4b8b043eeef0a5,United League of Arakan,united league of arakan,UCDP_ACTOR,NameOrigFull,3051,ULA,1,False,23,False,False,True,UCDP_ACTOR
98b0c50484a1a18d90d9bfac8e6a95ede5900f49,United League of Arakan,united league of arakan,UCDP_ACTOR,NameOrigFullEng,3051,ULA,1,False,23,False,False,True,UCDP_ACTOR
6de7244ac25e7c5d977c8c52ccfb280e1b214d19,Black Axe,black axe,UCDP_ACTOR,NameData,3107,Black Axe,1,False,9,False,False,True,UCDP_ACTOR
d193f2afb055e5c94886b58697e83694c302c8b1,Black Axe,black axe,UCDP_ACTOR,NameOrig,3107,Black Axe,1,False,9,False,False,True,UCDP_ACTOR
27390fd6d11c0d816d316c98563ffa65be66c0b4,Black Axe,black axe,UCDP_ACTOR,NameOrigFull,3107,Black Axe,1,False,9,False,False,True,UCDP_ACTOR
fc2f6657e1226bf420ae1fdee936c83bbef957d9,Black Axe,black axe,UCDP_ACTOR,NameOrigFullEng,3107,Black Axe,1,False,9,False,False,True,UCDP_ACTOR
a5f8d8ad5a44d9106aacdd064ad8c5d5b7200194,Eyie,eyie,UCDP_ACTOR,NameData,3108,Eyie,1,True,4,True,False,True,UCDP_ACTOR
be0be823ac8e7075426510587f27474fc6903340,Eyie,eyie,UCDP_ACTOR,NameOrig,3108,Eyie,1,True,4,True,False,True,UCDP_ACTOR
bbba8c21f2dfb28148b51de96c9cc06c67c4166b,Eyie,eyie,UCDP_ACTOR,NameOrigFull,3108,Eyie,1,True,4,True,False,True,UCDP_ACTOR
34d17bd6b59ffa2ba61a51307133ba918261749c,Eyie,eyie,UCDP_ACTOR,NameOrigFullEng,3108,Eyie,1,True,4,True,False,True,UCDP_ACTOR
d0bfe2c350c5fcd8e01755069cc637153ac37473,Klansmen Konfraternity,klansmen konfraternity,UCDP_ACTOR,NameOrigFull,3109,KK,1,False,22,False,False,True,UCDP_ACTOR
47e79ef810a48097968d557d797a58a2affee44c,Klansmen Konfraternity,klansmen konfraternity,UCDP_ACTOR,NameOrigFullEng,3109,KK,1,False,22,False,False,True,UCDP_ACTOR
3ea6fc886d129531a917ce971b1b6ef2b4809f33,SVC,svc,UCDP_ACTOR,NameData,3110,SVC,1,True,3,True,False,True,UCDP_ACTOR
d5a1c2d3b259ed1fbacddbf0c20de079752c8228,SVC,svc,UCDP_ACTOR,NameOrig,3110,SVC,1,True,3,True,False,True,UCDP_ACTOR
57550b53b437ed25b23dacddeef93d0fa0d88489,Supreme Viking Confraternity,supreme viking confraternity,UCDP_ACTOR,NameOrigFull,3110,SVC,1,False,28,False,False,True,UCDP_ACTOR
c0261ab922d7d973fc3dbf742287337c63f6f1e2,Supreme Viking Confraternity,supreme viking confraternity,UCDP_ACTOR,NameOrigFullEng,3110,SVC,1,False,28,False,False,True,UCDP_ACTOR
9c0f6fb30c428550ef07717f96f3861ca9a561f9,Maphite,maphite,UCDP_ACTOR,NameData,3116,Maphite,1,True,7,False,False,True,UCDP_ACTOR
7f67df134d0d531319ab78e5c764d0ec0b5a1f7f,Maphite,maphite,UCDP_ACTOR,NameOrig,3116,Maphite,1,True,7,False,False,True,UCDP_ACTOR
9a1d3dc5e967808c0cdfd37ab907432c15b6f47f,Maphite,maphite,UCDP_ACTOR,NameOrigFull,3116,Maphite,1,True,7,False,False,True,UCDP_ACTOR
901b1159caa9dd0aa6cd38d515823a9f077a8bc4,Maphite,maphite,UCDP_ACTOR,NameOrigFullEng,3116,Maphite,1,True,7,False,False,True,UCDP_ACTOR
2984d1f6b449cbabe4298815f0abc9a1ae684cbb,Bush Boys,bush boys,UCDP_ACTOR,NameData,3118,Bush Boys,1,False,9,False,False,True,UCDP_ACTOR
c210b73e13ed25409159eea968ebf4a9fe32f597,Bush Boys,bush boys,UCDP_ACTOR,NameOrig,3118,Bush Boys,1,False,9,False,False,True,UCDP_ACTOR
7e21a6849da20b86ae34671018671a08e266cd32,Bush Boys,bush boys,UCDP_ACTOR,NameOrigFull,3118,Bush Boys,1,False,9,False,False,True,UCDP_ACTOR
817a140a142eb4ef5550bd40a60a57b4ee1487df,Bush Boys,bush boys,UCDP_ACTOR,NameOrigFullEng,3118,Bush Boys,1,False,9,False,False,True,UCDP_ACTOR
0abfca6062471ff6a003c9a955f1654c7f475410,Ganda Iso,ganda iso,UCDP_ACTOR,NameData,3157,Ganda Iso,1,False,9,False,False,True,UCDP_ACTOR
537909182d84383f57f2749202448fe84973abf7,Ganda Iso,ganda iso,UCDP_ACTOR,NameOrig,3157,Ganda Iso,1,False,9,False,False,True,UCDP_ACTOR
47af5f59918a913d4063221addcb4666735d62a4,Ganda Iso,ganda iso,UCDP_ACTOR,NameOrigFull,3157,Ganda Iso,1,False,9,False,False,True,UCDP_ACTOR
4d35f28aed7b5c15fc985afedb77e708b15cce81,Ganda Iso,ganda iso,UCDP_ACTOR,NameOrigFullEng,3157,Ganda Iso,1,False,9,False,False,True,UCDP_ACTOR
31c502610a8f9c5ea79ebc13d22614c3d69d33e4,CM-FPR,cm-fpr,UCDP_ACTOR,NameAlliance,3157,Ganda Iso,1,True,6,False,False,True,UCDP_ACTOR
e083b8fab10d7abbcda0f903b12267ef18f7c3b6,PCC,pcc,UCDP_ACTOR,NameData,3176,PCC,1,True,3,True,False,True,UCDP_ACTOR
33d27671a897987b43aa4341d7f08769b726bad9,PCC,pcc,UCDP_ACTOR,NameOrig,3176,PCC,1,True,3,True,False,True,UCDP_ACTOR
566065c80e814f1e3e66d968ddc12af5d9850147,Primeiro Comando da Capital,primeiro comando da capital,UCDP_ACTOR,NameOrigFull,3176,PCC,1,False,27,False,False,True,UCDP_ACTOR
ec46aece99683838d46d0b54f389765493af8f50,First Command of the Capital,first command of the capital,UCDP_ACTOR,NameOrigFullEng,3176,PCC,1,False,28,False,False,True,UCDP_ACTOR
72abbb2dfdb2dba4bd2433541ee42a06294469f4,UBA,uba,UCDP_ACTOR,NameData,3192,UBA,1,True,3,True,False,True,RAD;UCDP_ACTOR
1093655e2187fbd1dbbfc35a19460b2807088e38,UBA,uba,UCDP_ACTOR,NameOrig,3192,UBA,1,True,3,True,False,True,RAD;UCDP_ACTOR
f678a565c02b45fa1f8978f4831a7146d533db7e,یونائیٹڈ بلوچ آرمی,یونائیٹڈ بلوچ آرمی,UCDP_ACTOR,NameOrigFull,3192,UBA,1,False,18,False,False,True,UCDP_ACTOR
48c417d594e222505d5b70073d679dda2f7fb97c,United Baloch Army,united baloch army,UCDP_ACTOR,NameOrigFullEng,3192,UBA,1,False,18,False,False,True,UCDP_ACTOR
abb277000ef11e6cdbc4c68bec3c5a8d771b8e6a,M18 (El Salvador),m18 (el salvador),UCDP_ACTOR,NameData,3203,M18 (El Salvador),1,False,17,False,False,True,UCDP_ACTOR
a0f7e63aefdb2535e2598546f00a6fce310f98e0,M18 (El Salvador),m18 (el salvador),UCDP_ACTOR,NameOrig,3203,M18 (El Salvador),1,False,17,False,False,True,UCDP_ACTOR
35e7ceb8e5f32b07da4e7ec7871cf0ae372ab26e,Mara 18 (El Salvador),mara 18 (el salvador),UCDP_ACTOR,NameOrigFull,3203,M18 (El Salvador),1,False,21,False,False,True,UCDP_ACTOR
9f713bc24d3f3ca771c87b3dbe3146dbd6bd3d29,Mara 18 (El Salvador),mara 18 (el salvador),UCDP_ACTOR,NameOrigFullEng,3203,M18 (El Salvador),1,False,21,False,False,True,UCDP_ACTOR
dc1bb484ffff63b511b1001a6a4aee4873574f86,MS-13 (El Salvador),ms-13 (el salvador),UCDP_ACTOR,NameData,3204,MS-13 (El Salvador),1,False,19,False,False,True,UCDP_ACTOR
b5f9fb72eb102565b76ee538c27e826891a26f02,MS-13 (El Salvador),ms-13 (el salvador),UCDP_ACTOR,NameOrig,3204,MS-13 (El Salvador),1,False,19,False,False,True,UCDP_ACTOR
6afcb4db6503ea728fc02a24edef2d928087e2a6,Mara Salvatrucha (El Salvador),mara salvatrucha (el salvador),UCDP_ACTOR,NameOrigFull,3204,MS-13 (El Salvador),1,False,30,False,False,True,UCDP_ACTOR
59426000f5d089927f2a419db69768d9f5c95bde,Mara Salvatrucha (El Salvador),mara salvatrucha (el salvador),UCDP_ACTOR,NameOrigFullEng,3204,MS-13 (El Salvador),1,False,30,False,False,True,UCDP_ACTOR
a6aa64b6c3e85e42790dd291d0baa0908c0781af,SSC-Khatumo Administration,ssc-khatumo administration,UCDP_ACTOR,NameData,3211,SSC-Khatumo Administration,1,False,26,False,False,True,UCDP_ACTOR
846a38f5d205557ceafee1d367e61d8b3915d831,Khatumo administration,khatumo administration,UCDP_ACTOR,NameOrig,3211,SSC-Khatumo Administration,1,False,22,False,False,True,UCDP_ACTOR
199fb3255b13585f40743001b31d64d612dc5efc,Maamul Goboleedka Khaatumo ee Soomaaliya,maamul goboleedka khaatumo ee soomaaliya,UCDP_ACTOR,NameOrigFull,3211,SSC-Khatumo Administration,1,False,40,False,False,True,UCDP_ACTOR
fa1adc27cc54a807a8025029d14912bc557102fc,Khatumo administration,khatumo administration,UCDP_ACTOR,NameOrigFullEng,3211,SSC-Khatumo Administration,1,False,22,False,False,True,UCDP_ACTOR
d21131f567a2da631fe3d34e58b59a3d9a8c2990,SSC-Khatumo Administration,ssc-khatumo administration,UCDP_ACTOR,NewName,3211,SSC-Khatumo Administration,1,False,26,False,False,True,UCDP_ACTOR
ec58fb7d7f9cd0c0646baad18d57741626507d7f,Maamulka SSC-Khaatumo,maamulka ssc-khaatumo,UCDP_ACTOR,NewNameFullMotherTongue,3211,SSC-Khatumo Administration,1,False,21,False,False,True,UCDP_ACTOR
5a78ef75acfb357a5fd0736d2ab928b3786ba195,SSC-Khatumo Administration,ssc-khatumo administration,UCDP_ACTOR,NewNameFullEng,3211,SSC-Khatumo Administration,1,False,26,False,False,True,UCDP_ACTOR
ca34db8e4ef0df9a3ca4567de0ff87d9144e6b99,al-Tawhid Brigade,al-tawhid brigade,UCDP_ACTOR,NameData,3232,al-Tawhid Brigade,1,False,17,False,False,True,UCDP_ACTOR
6098a35931ef7a9f69869ca5897ffabc6bde6f25,al-Tawhid Brigade,al-tawhid brigade,UCDP_ACTOR,NameOrig,3232,al-Tawhid Brigade,1,False,17,False,False,True,UCDP_ACTOR
81501710c8600fd2cc400403cf473d4daa9e3b70,Liwa al-Tawhid,liwa al-tawhid,UCDP_ACTOR,NameOrigFull,3232,al-Tawhid Brigade,1,False,14,False,False,True,UCDP_ACTOR
a67e5ed75da7804c855a20291bde258f3bd34249,Unity Brigade,unity brigade,UCDP_ACTOR,NameOrigFullEng,3232,al-Tawhid Brigade,1,False,13,False,False,True,UCDP_ACTOR
02be9b9206afb4b6e8f6f483ab7196f1ad5a655a,Islamic Front,islamic front,UCDP_ACTOR,NameAlliance,3232,al-Tawhid Brigade,1,False,13,False,False,True,UCDP_ACTOR
5bb9f0f95a9bc37069791b8f4c6c224f46b59dd0,Los Zetas - Cártel del Noreste faction,los zetas - cártel del noreste faction,UCDP_ACTOR,NameData,3296,Los Zetas - Cártel del Noreste faction,1,False,38,False,False,True,UCDP_ACTOR
d4ecad0fdd52fc3ab4d0d89eaaa51a650f1bca5a,Los Zetas - Cártel del Noreste faction,los zetas - cártel del noreste faction,UCDP_ACTOR,NameOrig,3296,Los Zetas - Cártel del Noreste faction,1,False,38,False,False,True,UCDP_ACTOR
6c927b15b28b640a1d61b88c4a280ac0e4e9403c,Los Zetas - Cártel del Noreste faction,los zetas - cártel del noreste faction,UCDP_ACTOR,NameOrigFull,3296,Los Zetas - Cártel del Noreste faction,1,False,38,False,False,True,UCDP_ACTOR
222c9b4689cf97f7c128af32d8826d111c0c849f,Los Zetas - Cártel del Noreste faction,los zetas - cártel del noreste faction,UCDP_ACTOR,NameOrigFullEng,3296,Los Zetas - Cártel del Noreste faction,1,False,38,False,False,True,UCDP_ACTOR
0068d9943efdf0ec1c5f8c03c3e4e3404ad8b33e,Los Zetas,los zetas,UCDP_ACTOR,NameSplitTemp,3296,Los Zetas - Cártel del Noreste faction,1,False,9,False,False,True,UCDP_ACTOR
30f59a790e1a59f4cd28b1779a6a012179014b1b,Zetas Vieja Escuela,zetas vieja escuela,UCDP_ACTOR,NameData,3297,Zetas Vieja Escuela,1,False,19,False,False,True,UCDP_ACTOR
b31e407cff42c94913c2074b2e2cc5a2478d4359,Zetas Vieja Escuela,zetas vieja escuela,UCDP_ACTOR,NameOrig,3297,Zetas Vieja Escuela,1,False,19,False,False,True,UCDP_ACTOR
1638b7990dfccbebed373c1f57cebf76f0b2c161,Zetas Vieja Escuela,zetas vieja escuela,UCDP_ACTOR,NameOrigFull,3297,Zetas Vieja Escuela,1,False,19,False,False,True,UCDP_ACTOR
53a84d5674c42241a471c261b6d34ae277ff4c69,Zetas Vieja Escuela,zetas vieja escuela,UCDP_ACTOR,NameOrigFullEng,3297,Zetas Vieja Escuela,1,False,19,False,False,True,UCDP_ACTOR
ac3a336ce9e1399a49a9cdc7f21682f920472fd9,Los Zetas,los zetas,UCDP_ACTOR,NameSplitTemp,3297,Zetas Vieja Escuela,1,False,9,False,False,True,UCDP_ACTOR
93b60f92ba1e14a0d14a1e98268170a2fea3032f,Guerreros Unidos,guerreros unidos,UCDP_ACTOR,NameData,3298,Guerreros Unidos,1,False,16,False,False,True,UCDP_ACTOR
d49c4230fa7664eb8da40d2b8b344d658be12998,Guerreros Unidos,guerreros unidos,UCDP_ACTOR,NameOrig,3298,Guerreros Unidos,1,False,16,False,False,True,UCDP_ACTOR
db28e96e31c181d79e56684176abd9fae7db51a9,Guerreros Unidos,guerreros unidos,UCDP_ACTOR,NameOrigFull,3298,Guerreros Unidos,1,False,16,False,False,True,UCDP_ACTOR
19b81b50f2e79e07116f0302a1ab2df0afc4e5be,United Warriors,united warriors,UCDP_ACTOR,NameOrigFullEng,3298,Guerreros Unidos,1,False,15,False,False,True,UCDP_ACTOR
673c621cdbc7096568e1c3263ece93c445c4cffe,Los Rojos,los rojos,UCDP_ACTOR,NameData,3299,Los Rojos,1,False,9,False,False,True,UCDP_ACTOR
d1eaf8a3e4d812245f14411bc14b48ae9c0c803d,Los Rojos,los rojos,UCDP_ACTOR,NameOrig,3299,Los Rojos,1,False,9,False,False,True,UCDP_ACTOR
a239e89fee9487fd84a6e8d3fd7891c40e442033,Los Rojos,los rojos,UCDP_ACTOR,NameOrigFull,3299,Los Rojos,1,False,9,False,False,True,UCDP_ACTOR
6f08205a2be5ff8df49d61da5f99bd1e91ef8df0,The Reds,the reds,UCDP_ACTOR,NameOrigFullEng,3299,Los Rojos,1,False,8,False,False,True,UCDP_ACTOR
30e7f95b66a8848afec8e3364778b7199bc90cba,Los Zetas - Velazquez Caballero faction,los zetas - velazquez caballero faction,UCDP_ACTOR,NameData,3323,Los Zetas - Velazquez Caballero faction,1,False,39,False,False,True,UCDP_ACTOR
8273a3e607daa9f617cfbeb098bb03833f788ce9,Los Zetas - Velazquez Caballero faction,los zetas - velazquez caballero faction,UCDP_ACTOR,NameOrig,3323,Los Zetas - Velazquez Caballero faction,1,False,39,False,False,True,UCDP_ACTOR
aad9558534de0e52c5f786a45d77e07fdb401177,Los Zetas - Velazquez Caballero faction,los zetas - velazquez caballero faction,UCDP_ACTOR,NameOrigFull,3323,Los Zetas - Velazquez Caballero faction,1,False,39,False,False,True,UCDP_ACTOR
65212501900a3b1e13dda7b61597873354b9a6b8,The Zetas - Velazquez Caballero faction,the zetas - velazquez caballero faction,UCDP_ACTOR,NameOrigFullEng,3323,Los Zetas - Velazquez Caballero faction,1,False,39,False,False,True,UCDP_ACTOR
59a03f57de5d6a168023dd76d4722799662432d5,Los Zetas,los zetas,UCDP_ACTOR,NamePrev,3323,Los Zetas - Velazquez Caballero faction,1,False,9,False,False,True,UCDP_ACTOR
2c8d174d76bd5e7795cea6c5aee8084dff65a105,Gulf Cartel,gulf cartel,UCDP_ACTOR,GroupName,3323,Los Zetas - Velazquez Caballero faction,1,False,11,False,False,True,UCDP_ACTOR
1792a50f7199ac4816331377526cd720177cc5ef,NURTW-Tokyo,nurtw-tokyo,UCDP_ACTOR,NameData,3332,NURTW-Tokyo,1,True,11,False,False,True,UCDP_ACTOR
b00311a949564a8a3e433e66c13519a6350f9059,NURTW-Tokyo,nurtw-tokyo,UCDP_ACTOR,NameOrig,3332,NURTW-Tokyo,1,True,11,False,False,True,UCDP_ACTOR
81cb1a46c6c31c6bd45ea228a009b23450177290,National Union of Road Transport Workers-Tokyo faction,national union of road transport workers-tokyo faction,UCDP_ACTOR,NameOrigFull,3332,NURTW-Tokyo,1,False,54,False,False,True,UCDP_ACTOR
7a2abb21587db55aec4ce28e610b7f9d81626d5d,National Union of Road Transport Workers-Tokyo faction,national union of road transport workers-tokyo faction,UCDP_ACTOR,NameOrigFullEng,3332,NURTW-Tokyo,1,False,54,False,False,True,UCDP_ACTOR
d18d1a936f987c570c8480f67ebdfa33da783ac0,Signed-in-Blood Battalion,signed-in-blood battalion,UCDP_ACTOR,NameData,3481,Signed-in-Blood Battalion,1,False,25,False,False,True,RAD;UCDP_ACTOR
ed91c3d61634e3e40af58f877622dee64177cbfc,Signed-in-Blood Battalion,signed-in-blood battalion,UCDP_ACTOR,NameOrig,3481,Signed-in-Blood Battalion,1,False,25,False,False,True,RAD;UCDP_ACTOR
60fa79aae70cbf74cc9f0b0a5587fa5a4d00ea9b,al-Mouwakoune Bi-Dima,al-mouwakoune bi-dima,UCDP_ACTOR,NameOrigFull,3481,Signed-in-Blood Battalion,1,False,21,False,False,True,RAD;UCDP_ACTOR
063a049b506f5dadc962fa706d891a9e59c988d6,Signed-in-Blood Battalion,signed-in-blood battalion,UCDP_ACTOR,NameOrigFullEng,3481,Signed-in-Blood Battalion,1,False,25,False,False,True,RAD;UCDP_ACTOR
7d26d06c399132d3bb4126f1b2593b36a316c390,AQIM,aqim,UCDP_ACTOR,NamePrev,3481,Signed-in-Blood Battalion,1,True,4,True,False,True,RAD;UCDP_ACTOR
edff20fcdb8fbdb7325d30a6f767a9b8a254ebbc,al-Murabitun,al-murabitun,UCDP_ACTOR,NameAlliance,3481,Signed-in-Blood Battalion,1,True,12,False,False,True,RAD;UCDP_ACTOR
13b0f68b9c37f8f8aa849d533a1de0e544424b0f,UPCP,upcp,UCDP_ACTOR,NameData,3518,UPCP,1,True,4,True,False,True,UCDP_ACTOR
e9845bae1629546674f02130afb6a31bbdb0f7e0,UPCP,upcp,UCDP_ACTOR,NameOrig,3518,UPCP,1,True,4,True,False,True,UCDP_ACTOR
f9f8d6c4bfb93f5f91301bdad20fe8ea4158d751,Union des Patriotes Congolais pour la Paix,union des patriotes congolais pour la paix,UCDP_ACTOR,NameOrigFull,3518,UPCP,1,False,42,False,False,True,UCDP_ACTOR
09feae7d5f5f9bd1ab541e5ad7cbd81ddf7dd819,Union of Congolese Patriots for Peace,union of congolese patriots for peace,UCDP_ACTOR,NameOrigFullEng,3518,UPCP,1,False,37,False,False,True,UCDP_ACTOR
13b731e5f70468588d2cef46ce2c68baa96b91bc,PARECO,pareco,UCDP_ACTOR,NamePrev,3518,UPCP,1,True,6,False,False,True,UCDP_ACTOR
6472ad05a036a8b646b887f86ae2c5b00b4cbb16,FNL-Ubugabo-Burihabwa,fnl-ubugabo-burihabwa,UCDP_ACTOR,NameData,3553,FNL-Ubugabo-Burihabwa,1,True,21,False,False,True,UCDP_ACTOR
79ca07e6e21585542412e7676bb3fd9fbf87fa11,FNL-Ubugabo-Burihabwa,fnl-ubugabo-burihabwa,UCDP_ACTOR,NameOrig,3553,FNL-Ubugabo-Burihabwa,1,True,21,False,False,True,UCDP_ACTOR
2c55ce9cace075e59155069eebf791c4e3139153,Forces nationales de libération-Ubugabo-Burihabwa,forces nationales de libération-ubugabo-burihabwa,UCDP_ACTOR,NameOrigFull,3553,FNL-Ubugabo-Burihabwa,1,False,49,False,False,True,UCDP_ACTOR
dc0a419a13482d8b5c158c0ec0231339e76da406,Forces for National Liberation-Ubugabo-Burihabwa,forces for national liberation-ubugabo-burihabwa,UCDP_ACTOR,NameOrigFullEng,3553,FNL-Ubugabo-Burihabwa,1,False,48,False,False,True,UCDP_ACTOR
04cd2e1efa491a6e6f9bba05d96e1c597443e166,Palipehutu-FNL,palipehutu-fnl,UCDP_ACTOR,NamePrev,3553,FNL-Ubugabo-Burihabwa,1,True,14,False,False,True,RAD;UCDP_ACTOR
c77bcc0cbe1cd90ce61de4ab0b3958478e206409,FPR,fpr,UCDP_ACTOR,NameData,3554,FPR,1,True,3,True,False,True,RAD;UCDP_ACTOR
fa251f1f74b7f3fdfe911f582fc3dc5d7df97cad,FPR,fpr,UCDP_ACTOR,NameOrig,3554,FPR,1,True,3,True,False,True,RAD;UCDP_ACTOR
ed95e09b2739decf7685916639e547647c13e7e4,Front Populaire pour le Redressement,front populaire pour le redressement,UCDP_ACTOR,NameOrigFull,3554,FPR,1,False,36,False,False,True,UCDP_ACTOR
b29cbdbab8c9dca25d7e2f1debc36fc97ae3b059,Popular Front for Reconstruction,popular front for reconstruction,UCDP_ACTOR,NameOrigFullEng,3554,FPR,1,False,32,False,False,True,UCDP_ACTOR
bcb64e80e1be7f12b0cc80725e0c3d9c1a8343a1,SSDM,ssdm,UCDP_ACTOR,NameData,3563,SSDM/A - Cobra Faction,1,True,4,True,False,True,RAD;UCDP_ACTOR
489b99aaedaa680efc34980e76aaa1aeaab935ed,A - Cobra Faction,a - cobra faction,UCDP_ACTOR,NameData,3563,SSDM/A - Cobra Faction,1,False,17,False,False,True,RAD;UCDP_ACTOR
c6ab62e855fc754ab8c6d6533ba0a42e245e0491,SSDM,ssdm,UCDP_ACTOR,NameOrig,3563,SSDM/A - Cobra Faction,1,True,4,True,False,True,RAD;UCDP_ACTOR
2f69c96431c9f876b573ad2ddd2379dfea0efa01,A - Cobra Faction,a - cobra faction,UCDP_ACTOR,NameOrig,3563,SSDM/A - Cobra Faction,1,False,17,False,False,True,RAD;UCDP_ACTOR
5c2480c6684d6d1c447fca3da29493961424028f,SSDM,ssdm,UCDP_ACTOR,NameOrigFull,3563,SSDM/A - Cobra Faction,1,True,4,True,False,True,RAD;UCDP_ACTOR
71279388a0be1d4108b3ab2b40a4ec31ed74468b,A - Cobra Faction,a - cobra faction,UCDP_ACTOR,NameOrigFull,3563,SSDM/A - Cobra Faction,1,False,17,False,False,True,RAD;UCDP_ACTOR
816969b7110a20f0c23f04eae58dcdd9419d0454,South Sudan Democratic Movement,south sudan democratic movement,UCDP_ACTOR,NameOrigFullEng,3563,SSDM/A - Cobra Faction,1,False,31,False,False,True,UCDP_ACTOR
fa1212439e60298baf885a99d4ec33b3668c6a52,Army - Cobra Faction,army - cobra faction,UCDP_ACTOR,NameOrigFullEng,3563,SSDM/A - Cobra Faction,1,False,20,False,False,True,RAD;UCDP_ACTOR
d4132522e21bd429d3769c5545362df94a5223e6,CPI-ML-J,cpi-ml-j,UCDP_ACTOR,NameData,3946,CPI-ML-J,1,True,8,False,False,True,RAD;UCDP_ACTOR
fee672340ebde0e9decf9152fd58e37962fd2c8e,CPI-ML-J,cpi-ml-j,UCDP_ACTOR,NameOrig,3946,CPI-ML-J,1,True,8,False,False,True,RAD;UCDP_ACTOR
712438c66b866b8689e1221f43607236f1791f52,Communist Party of India-Marxist-Leninist-Janasakhti faction,communist party of india-marxist-leninist-janasakhti faction,UCDP_ACTOR,NameOrigFull,3946,CPI-ML-J,1,False,60,False,False,True,UCDP_ACTOR
61c59b0551c362dec22101a6725693d3bd204d85,Communist Party of India-Marxist-Leninist-Janasakhti faction,communist party of india-marxist-leninist-janasakhti faction,UCDP_ACTOR,NameOrigFullEng,3946,CPI-ML-J,1,False,60,False,False,True,UCDP_ACTOR
1734bccd4904a1c2b20a68cd404a10b37473293a,FLC,flc,UCDP_ACTOR,NameData,3953,FLC,1,True,3,True,False,True,UCDP_ACTOR
a5f47c5441a0a46c5e3e13fa3ade30132b29f60d,FLC,flc,UCDP_ACTOR,NameOrig,3953,FLC,1,True,3,True,False,True,UCDP_ACTOR
64097bb4b544fea7ecfbc36ccabc54bccbc1b6f3,Front de Libération du Congo,front de libération du congo,UCDP_ACTOR,NameOrigFull,3953,FLC,1,False,28,False,False,True,UCDP_ACTOR
4817741ab959906b9e1cd3002635e12b535d7f4f,Front for the Liberation of the Congo,front for the liberation of the congo,UCDP_ACTOR,NameOrigFullEng,3953,FLC,1,False,37,False,False,True,UCDP_ACTOR
42e43cb94c848f2002a2e7d4ebacc33939d41f04,CPI-ML-VM,cpi-ml-vm,UCDP_ACTOR,NameData,3955,CPI-ML-VM,1,True,9,False,False,True,UCDP_ACTOR
3bf5d226ff32f58f9769b90cb9b639c8dd436af6,CPI-ML-VM,cpi-ml-vm,UCDP_ACTOR,NameOrig,3955,CPI-ML-VM,1,True,9,False,False,True,UCDP_ACTOR
e3c7dd5d8d814270d15c942916d2e56b27fb4903,Communist Party of India-Marxist-Leninist-Vinod Mishra,communist party of india-marxist-leninist-vinod mishra,UCDP_ACTOR,NameOrigFull,3955,CPI-ML-VM,1,False,54,False,False,True,UCDP_ACTOR
998634653e9d3549fbd4cccad2620ee54c89a826,Communist Party of India-Marxist-Leninist-Vinod Mishra,communist party of india-marxist-leninist-vinod mishra,UCDP_ACTOR,NameOrigFullEng,3955,CPI-ML-VM,1,False,54,False,False,True,UCDP_ACTOR
8d7f2f745a66099990e1c0d4c2bc4185bc0b8203,Kata Katanga,kata katanga,UCDP_ACTOR,NameData,3967,Kata Katanga,1,False,12,False,False,True,RAD;UCDP_ACTOR
071c952eeaae7f14779e0dd24b8cab17a4d2fab0,Kata Katanga,kata katanga,UCDP_ACTOR,NameOrig,3967,Kata Katanga,1,False,12,False,False,True,RAD;UCDP_ACTOR
ca68767e2f2097ffe8959881a7c08df20d2be940,Kata Katanga,kata katanga,UCDP_ACTOR,NameOrigFull,3967,Kata Katanga,1,False,12,False,False,True,RAD;UCDP_ACTOR
8d20deb00cfe7a5a99bfa2ef8fbc68e0cbdebe7d,Kata Katanga,kata katanga,UCDP_ACTOR,NameOrigFullEng,3967,Kata Katanga,1,False,12,False,False,True,RAD;UCDP_ACTOR
d2b051b91d9c4e5e6f7d42eca1482f94c6f2f0c4,BNLF,bnlf,UCDP_ACTOR,NameData,3968,BNLF,1,True,4,True,False,True,UCDP_ACTOR
d76bedee08011d2d56ed6076003476e5fa574b42,BNLF,bnlf,UCDP_ACTOR,NameOrig,3968,BNLF,1,True,4,True,False,True,UCDP_ACTOR
389669d7265aff11ee29fcca8efc098badd06b41,Bru National Liberation Front,bru national liberation front,UCDP_ACTOR,NameOrigFull,3968,BNLF,1,False,29,False,False,True,UCDP_ACTOR
41196b9f18cbfbc79b230c729d71f2621d5962df,Bru National Liberation Front,bru national liberation front,UCDP_ACTOR,NameOrigFullEng,3968,BNLF,1,False,29,False,False,True,UCDP_ACTOR
197a90f563784ff735c579960b022d542a3bd501,NURTW-Auxiliary,nurtw-auxiliary,UCDP_ACTOR,NameData,3981,NURTW-Auxiliary,1,True,15,False,False,True,UCDP_ACTOR
75e8b3185b4639ff14f5e4c1026b38680b746617,NURTW-Auxiliary,nurtw-auxiliary,UCDP_ACTOR,NameOrig,3981,NURTW-Auxiliary,1,True,15,False,False,True,UCDP_ACTOR
9a4a93aeb1243f818ab777342f797e6c802ca67e,National Union of Road Transport Workers-Auxiliary faction,national union of road transport workers-auxiliary faction,UCDP_ACTOR,NameOrigFull,3981,NURTW-Auxiliary,1,False,58,False,False,True,UCDP_ACTOR
7be0a77f5ca0d8073251bdef00fc9864e7db833d,National Union of Road Transport Workers-Auxiliary faction,national union of road transport workers-auxiliary faction,UCDP_ACTOR,NameOrigFullEng,3981,NURTW-Auxiliary,1,False,58,False,False,True,UCDP_ACTOR
6ee25c6fb7bf9d1e66e64aa5dca7bfa4c5e213a9,Yan Gora,yan gora,UCDP_ACTOR,NameData,4000,Yan Gora,1,False,8,False,False,True,UCDP_ACTOR
2869a5e58679bb7e92aa444279e24b3fde9448b2,Yan Gora,yan gora,UCDP_ACTOR,NameOrig,4000,Yan Gora,1,False,8,False,False,True,UCDP_ACTOR
d35c3c2297f188e26d7a6dab65a468606d73fce5,Yan Gora,yan gora,UCDP_ACTOR,NameOrigFull,4000,Yan Gora,1,False,8,False,False,True,UCDP_ACTOR
6f034e350bb576eacc445f2ad6ba5455b17a8c8e,Yan Gora,yan gora,UCDP_ACTOR,NameOrigFullEng,4000,Yan Gora,1,False,8,False,False,True,UCDP_ACTOR
844b3850b57179f446b1abbea9f7397749879a0a,Sultanate of Sulu,sultanate of sulu,UCDP_ACTOR,NameData,4006,Sultanate of Sulu,1,False,17,False,False,True,RAD;UCDP_ACTOR
fa20ee436f3d50ba297a4598009f2b31df059092,Sultanate of Sulu,sultanate of sulu,UCDP_ACTOR,NameOrig,4006,Sultanate of Sulu,1,False,17,False,False,True,RAD;UCDP_ACTOR
5f2002b91207f6b038c4379d6e10fbc690134b26,Sultanate of Sulu,sultanate of sulu,UCDP_ACTOR,NameOrigFull,4006,Sultanate of Sulu,1,False,17,False,False,True,RAD;UCDP_ACTOR
95619e5308f9d6983e662833a375971063212e9a,Sultanate of Sulu,sultanate of sulu,UCDP_ACTOR,NameOrigFullEng,4006,Sultanate of Sulu,1,False,17,False,False,True,RAD;UCDP_ACTOR
a9fbbf3308f2d8218539bd192e0226a1ca45100a,FPRC,fprc,UCDP_ACTOR,NameData,4007,FPRC,1,True,4,True,False,True,UCDP_ACTOR
29a80888c5eb5f316bc2c715420375c361c38eef,ex-Seleka,ex-seleka,UCDP_ACTOR,NameOrig,4007,FPRC,1,True,9,False,False,True,UCDP_ACTOR
647df4b1f1abec58a619501405b79ea6bbdc5bd3,ex-Seleka,ex-seleka,UCDP_ACTOR,NameOrigFull,4007,FPRC,1,True,9,False,False,True,UCDP_ACTOR
8b7b59537824022661cf4348923c63d4a9be035e,ex-Seleka,ex-seleka,UCDP_ACTOR,NameOrigFullEng,4007,FPRC,1,True,9,False,False,True,UCDP_ACTOR
f486c2211c75f795068e39d9047a9fe3ec7c950f,FPRC,fprc,UCDP_ACTOR,NewName,4007,FPRC,1,True,4,True,False,True,UCDP_ACTOR
62146b294435d07664fcf618f56a39cd10e9dfca,Front populaire pour la renaissance de centrafrique,front populaire pour la renaissance de centrafrique,UCDP_ACTOR,NewNameFullMotherTongue,4007,FPRC,1,False,51,False,False,True,UCDP_ACTOR
c7b74647697c96096795cf006c3cb692f0f66fc9,Popular Front for the Rebirth of the Central African Republic,popular front for the rebirth of the central african republic,UCDP_ACTOR,NewNameFullEng,4007,FPRC,1,False,61,False,False,True,UCDP_ACTOR
716915076a34557e5f8caeefab01f0fe5ec73cd3,Seleka,seleka,UCDP_ACTOR,NamePrev,4007,FPRC,1,True,6,False,False,True,RAD;UCDP_ACTOR
8d587ed448627600ee050b77df46b13293b083fc,CPC,cpc,UCDP_ACTOR,NameAlliance,4007,FPRC,1,True,3,True,False,True,UCDP_ACTOR
4c3ee1ca10b65c71b08e98aecf3e2501e5eb8e07,al-Farouq Brigades,al-farouq brigades,UCDP_ACTOR,NameData,4033,al-Farouq Brigades,1,False,18,False,False,True,UCDP_ACTOR
fe29c0652e5219fd835e5909a46841b64c90f555,al-Farouq Brigades,al-farouq brigades,UCDP_ACTOR,NameOrig,4033,al-Farouq Brigades,1,False,18,False,False,True,UCDP_ACTOR
8e68f3ef6ce72778a82ada6de3c6b90f2d0a8037,Katayib al-Farouq,katayib al-farouq,UCDP_ACTOR,NameOrigFull,4033,al-Farouq Brigades,1,False,17,False,False,True,UCDP_ACTOR
6f421194ce301b243ef9222c32475492680f6d10,al-Farouq Brigades,al-farouq brigades,UCDP_ACTOR,NameOrigFullEng,4033,al-Farouq Brigades,1,False,18,False,False,True,UCDP_ACTOR
d9b76b8a9b860ae499c9584eb615cde1f6a6eb93,HGB,hgb,UCDP_ACTOR,NameData,4102,HGB,1,True,3,True,False,True,UCDP_ACTOR
08a0338751b273b582036e310b72f549b75cd96d,HGB,hgb,UCDP_ACTOR,NameOrig,4102,HGB,1,True,3,True,False,True,UCDP_ACTOR
3a84fd271b39e96217afe183cc23219180086fec,Forces of Hafiz Gul Bahadur,forces of hafiz gul bahadur,UCDP_ACTOR,NameOrigFull,4102,HGB,1,False,27,False,False,True,UCDP_ACTOR
bbed5059617a6ecca07e6263b1a42a4a1a84f9f1,Forces of Hafiz Gul Bahadur,forces of hafiz gul bahadur,UCDP_ACTOR,NameOrigFullEng,4102,HGB,1,False,27,False,False,True,UCDP_ACTOR
de087adccba5e57d6ab2f866668a94a9c0720d05,M23-R,m23-r,UCDP_ACTOR,NameData,4130,M23-R,1,True,5,False,False,True,UCDP_ACTOR
30fc5da78803b882a39673c6dafb3be9a803d66f,M23-R,m23-r,UCDP_ACTOR,NameOrig,4130,M23-R,1,True,5,False,False,True,UCDP_ACTOR
4bee6be01492943b00c19ee4f6de4d76df6daeae,Mouvement du 23-Mars - Runiga faction,mouvement du 23-mars - runiga faction,UCDP_ACTOR,NameOrigFull,4130,M23-R,1,False,37,False,False,True,UCDP_ACTOR
594a8e5f2f02e0ab5bab868befbfacd92de4f718,March 23 Movement - Runiga faction,march 23 movement - runiga faction,UCDP_ACTOR,NameOrigFullEng,4130,M23-R,1,False,34,False,False,True,UCDP_ACTOR
f0b6b8b7803b63af080f7f8686691b6dabafd733,M23,m23,UCDP_ACTOR,NamePrev,4130,M23-R,1,True,3,True,False,True,RAD;UCDP_ACTOR
b7911706f33ced0ad8fbbb82735cfecec87744b7,Mayi Mayi Kifuafua,mayi mayi kifuafua,UCDP_ACTOR,NameData,4148,Mayi Mayi Kifuafua,1,False,18,False,False,True,UCDP_ACTOR
2f386b18eb96a7e74e0aff88a33fd5fe0afdc8a3,Mayi Mayi Kifuafua,mayi mayi kifuafua,UCDP_ACTOR,NameOrig,4148,Mayi Mayi Kifuafua,1,False,18,False,False,True,UCDP_ACTOR
b39c61af12eb8a809a789a0a5cefe8fccd8436c3,Maï Maï Kifuafua,maï maï kifuafua,UCDP_ACTOR,NameOrigFull,4148,Mayi Mayi Kifuafua,1,False,16,False,False,True,UCDP_ACTOR
4a7f4d30c5412b1951726b1f1b1e2ec23bab1574,Mayi Mayi Kifuafua,mayi mayi kifuafua,UCDP_ACTOR,NameOrigFullEng,4148,Mayi Mayi Kifuafua,1,False,18,False,False,True,UCDP_ACTOR
c4153cb87c0cd6c3bcb5d496ed33d984a8d0983e,Mayi Mayi,mayi mayi,UCDP_ACTOR,NamePrev,4148,Mayi Mayi Kifuafua,1,False,9,False,False,True,UCDP_ACTOR
aa800e7d1bd82056459cb09e8ba3f7d0a417bb73,VDP,vdp,UCDP_ACTOR,NameSplitTemp,4148,Mayi Mayi Kifuafua,1,True,3,True,False,True,UCDP_ACTOR
caedf4a482319c6761af7db78272d01e5a6cf73a,VDP,vdp,UCDP_ACTOR,NameAlliance,4148,Mayi Mayi Kifuafua,1,True,3,True,False,True,UCDP_ACTOR
44db10006fc30464e1ea518d36675fd1c2b5e50f,PYD,pyd,UCDP_ACTOR,NameData,4163,PYD,1,True,3,True,False,True,RAD;UCDP_ACTOR
d343b3381ed12ad75f915a8f0e7eb9310546308a,PYD,pyd,UCDP_ACTOR,NameOrig,4163,PYD,1,True,3,True,False,True,RAD;UCDP_ACTOR
553172d54f6e28f2f4c8a0677c26e864bda70d04,Partiya Yekîtiya Demokrat,partiya yekîtiya demokrat,UCDP_ACTOR,NameOrigFull,4163,PYD,1,False,25,False,False,True,RAD;UCDP_ACTOR
1b5a663a55e18dd95b73fad3573c6bb00cba4df8,Democratic Union Party,democratic union party,UCDP_ACTOR,NameOrigFullEng,4163,PYD,1,False,22,False,False,True,RAD;UCDP_ACTOR
ec561ead6c3aa598960100f6f3bd00d074667c19,SDF,sdf,UCDP_ACTOR,NameAlliance,4163,PYD,1,True,3,True,False,True,RAD;UCDP_ACTOR
6bf989f0bb4b8833dceb6c20914f25f08c9701b5,Ghuraba al-Sham,ghuraba al-sham,UCDP_ACTOR,NameData,4167,Ghuraba al-Sham,1,False,15,False,False,True,UCDP_ACTOR
d8e8b9266787bb73b512e3ee3fafbec2bdf669da,Ghuraba al-Sham,ghuraba al-sham,UCDP_ACTOR,NameOrig,4167,Ghuraba al-Sham,1,False,15,False,False,True,UCDP_ACTOR
5c2a71bbc1d436eb7a2d6b766a3e0403b9bd6cb5,Jabhat Ghurabā ash-Shām,jabhat ghurabā ash-shām,UCDP_ACTOR,NameOrigFull,4167,Ghuraba al-Sham,1,False,23,False,False,True,UCDP_ACTOR
78df8a9ac33deb75e817947507f727b3cac41142,Strangers of the Levant,strangers of the levant,UCDP_ACTOR,NameOrigFullEng,4167,Ghuraba al-Sham,1,False,23,False,False,True,UCDP_ACTOR
6b7783fc96232a331b9cdd181c501f61f4f04e7a,Brigades of Aisha,brigades of aisha,UCDP_ACTOR,NameData,4183,Brigades of Aisha,1,False,17,False,False,True,UCDP_ACTOR
f71bf7d8918f23253e9cc8c6d2b027d98d2b3808,Brigades of Aisha,brigades of aisha,UCDP_ACTOR,NameOrig,4183,Brigades of Aisha,1,False,17,False,False,True,UCDP_ACTOR
241ded3c60764cc2f522add50943f8a5710efdff,Aisha Umm-al Mouemeneen,aisha umm-al mouemeneen,UCDP_ACTOR,NameOrigFull,4183,Brigades of Aisha,1,False,23,False,False,True,UCDP_ACTOR
99c716ee63e42424fd1d0f79e6967092924fe358,Brigades of Aisha,brigades of aisha,UCDP_ACTOR,NameOrigFullEng,4183,Brigades of Aisha,1,False,17,False,False,True,UCDP_ACTOR
ac3d01ce1afd73f81030cb85abf937f162e5f291,anti-Balaka,anti-balaka,UCDP_ACTOR,NameData,4201,anti-Balaka,1,True,11,False,False,True,RAD;UCDP_ACTOR
061687572065bddfe1e04d273d358c69cb7842a3,anti-Balaka,anti-balaka,UCDP_ACTOR,NameOrig,4201,anti-Balaka,1,True,11,False,False,True,RAD;UCDP_ACTOR
89c65f42643d1af71b763032c3c698ee33d71bae,anti-Balaka,anti-balaka,UCDP_ACTOR,NameOrigFull,4201,anti-Balaka,1,True,11,False,False,True,RAD;UCDP_ACTOR
92fe0ca1dc7bf2b58a19b89b26e671a5161b0b6e,anti-Balaka,anti-balaka,UCDP_ACTOR,NameOrigFullEng,4201,anti-Balaka,1,True,11,False,False,True,RAD;UCDP_ACTOR
df54cb27d20246449a09198bacd1469b5eeeb1bc,CPC,cpc,UCDP_ACTOR,NameAlliance,4201,anti-Balaka,1,True,3,True,False,True,UCDP_ACTOR
157743c47213aa122900f742c020c60cc835b01e,SPLM,splm,UCDP_ACTOR,NameData,4226,SPLM/A - IO,1,True,4,True,False,True,RAD;UCDP_ACTOR
34025245c89e58ad4ae77add0ac13b90b5f105f6,A - IO,a - io,UCDP_ACTOR,NameData,4226,SPLM/A - IO,1,False,6,False,False,True,UCDP_ACTOR
525d32f4c96161d06b34e30b3f78f095d16ca9f7,SPLM,splm,UCDP_ACTOR,NameOrig,4226,SPLM/A - IO,1,True,4,True,False,True,RAD;UCDP_ACTOR
8b2353a8eb39b804fb1ad0686f9bea07ea58f83d,A - IO,a - io,UCDP_ACTOR,NameOrig,4226,SPLM/A - IO,1,False,6,False,False,True,UCDP_ACTOR
e41c1ee0851ef38666f5bf2465bf617414e0f10e,Sudan People ́s Liberation Army,sudan people ́s liberation army,UCDP_ACTOR,NameOrigFull,4226,SPLM/A - IO,1,False,31,False,False,True,UCDP_ACTOR
668d24c766e73dc7bf385dcf924340095b36ba21,Movement in Opposition,movement in opposition,UCDP_ACTOR,NameOrigFull,4226,SPLM/A - IO,1,False,22,False,False,True,UCDP_ACTOR
874ce250a8ae976aa8eedfa35ebdf31b8c3d2512,Sudan People ́s Liberation Army,sudan people ́s liberation army,UCDP_ACTOR,NameOrigFullEng,4226,SPLM/A - IO,1,False,31,False,False,True,UCDP_ACTOR
ba7bca818953df4b84cc733d78b22721240165ff,Movement in Opposition,movement in opposition,UCDP_ACTOR,NameOrigFullEng,4226,SPLM/A - IO,1,False,22,False,False,True,UCDP_ACTOR
d4cc0153c6c15e1cbc7c47bf687fc66bca876c29,ADP,adp,UCDP_ACTOR,NameData,4233,ADP,1,True,3,True,False,True,UCDP_ACTOR
46aeabbfd36a7f4e520f1c9e0528c8a6b782e4a1,ADP,adp,UCDP_ACTOR,NameOrig,4233,ADP,1,True,3,True,False,True,UCDP_ACTOR
36c5d8363c5c69761ffaebc075cf660809211df5,Al-Hizb al-Arabi al-Dimuqrati,al-hizb al-arabi al-dimuqrati,UCDP_ACTOR,NameOrigFull,4233,ADP,1,False,29,False,False,True,UCDP_ACTOR
bcd40023c754b14820e29a70be0b6ad9d6b05980,Arab Democratic Party,arab democratic party,UCDP_ACTOR,NameOrigFullEng,4233,ADP,1,False,21,False,False,True,UCDP_ACTOR
3ee10a9e7f7929e0d01a1ae1ee28bd07ea37f58c,Forces of Paul Joseph Mukungubila,forces of paul joseph mukungubila,UCDP_ACTOR,NameData,4286,Forces of Paul Joseph Mukungubila,1,False,33,False,False,True,RAD;UCDP_ACTOR
6c763abf6944f9946b39016ab2818dcc416a39a2,Forces of Paul Joseph Mukungubila,forces of paul joseph mukungubila,UCDP_ACTOR,NameOrig,4286,Forces of Paul Joseph Mukungubila,1,False,33,False,False,True,RAD;UCDP_ACTOR
47bbfca1f7e9359ec7c047e3c7df40c8e57ac65a,Forces of Paul Joseph Mukungubila,forces of paul joseph mukungubila,UCDP_ACTOR,NameOrigFull,4286,Forces of Paul Joseph Mukungubila,1,False,33,False,False,True,RAD;UCDP_ACTOR
73a2fd34e694ebda2deb4948fc6d117a70fe1d42,Forces of Paul Joseph Mukungubila,forces of paul joseph mukungubila,UCDP_ACTOR,NameOrigFullEng,4286,Forces of Paul Joseph Mukungubila,1,False,33,False,False,True,RAD;UCDP_ACTOR
6adc7d49237a3506141c94297e8263528af58abc,Groupe de Sécurité (Nyatura Kasongo),groupe de sécurité (nyatura kasongo),UCDP_ACTOR,NameData,4314,Groupe de Sécurité (Nyatura Kasongo),1,False,36,False,False,True,UCDP_ACTOR
e7d082fcc20b9384c6e87377d396506f562dc580,FDDH,fddh,UCDP_ACTOR,NameOrig,4314,Groupe de Sécurité (Nyatura Kasongo),1,True,4,True,False,True,UCDP_ACTOR
bb114a4fa7abf772a9ea054eacc0dfd085891ed4,Forces de défense des droits humains,forces de défense des droits humains,UCDP_ACTOR,NameOrigFull,4314,Groupe de Sécurité (Nyatura Kasongo),1,False,36,False,False,True,UCDP_ACTOR
5b00c35d2c258c8c7b2ff317aff1db7700563199,Forces for the Defense of Human Rights,forces for the defense of human rights,UCDP_ACTOR,NameOrigFullEng,4314,Groupe de Sécurité (Nyatura Kasongo),1,False,38,False,False,True,UCDP_ACTOR
292f45e2568ce4f6fa9f99ebdda8e7730a992c3e,Groupe de Sécurité (Nyatura Kasongo),groupe de sécurité (nyatura kasongo),UCDP_ACTOR,NewName,4314,Groupe de Sécurité (Nyatura Kasongo),1,False,36,False,False,True,UCDP_ACTOR
7784105164205156d83a774faf4ab2b9c1727e59,Groupe de Sécurité,groupe de sécurité,UCDP_ACTOR,NewNameFullMotherTongue,4314,Groupe de Sécurité (Nyatura Kasongo),1,False,18,False,False,True,UCDP_ACTOR
8552840daca52377bdd21f84bd81b5ac456b1895,Security Group,security group,UCDP_ACTOR,NewNameFullEng,4314,Groupe de Sécurité (Nyatura Kasongo),1,False,14,False,False,True,UCDP_ACTOR
729e7f7c6c2b6fdceaa1674ec2ee02bbb0ac6ba1,Nyatura,nyatura,UCDP_ACTOR,NamePrev,4314,Groupe de Sécurité (Nyatura Kasongo),1,True,7,False,False,True,UCDP_ACTOR
5212b2c9c254d920282e71febbf0744fc1b4de66,Ansar Bayt al-Maqdis,ansar bayt al-maqdis,UCDP_ACTOR,NameData,4319,Ansar Bayt al-Maqdis,1,False,20,False,False,True,RAD;UCDP_ACTOR
3429f327d7a7eb201d730bc314854a9ec78fe9f3,Ansar Bayt al-Maqdis,ansar bayt al-maqdis,UCDP_ACTOR,NameOrig,4319,Ansar Bayt al-Maqdis,1,False,20,False,False,True,RAD;UCDP_ACTOR
21d6cb44e9ec5ba71b38df5aa52fbbd2b6cebc11,Ansar Bayt al-Maqdis,ansar bayt al-maqdis,UCDP_ACTOR,NameOrigFullEng,4319,Ansar Bayt al-Maqdis,1,False,20,False,False,True,RAD;UCDP_ACTOR
aacea36bec9d9a35f7ee547e9b0a479c8ed8c795,Aaro Aaro,aaro aaro,UCDP_ACTOR,NameData,4322,Aaro Aaro,1,False,9,False,False,True,UCDP_ACTOR
79a1213a7616aeb1e2da05ca64a0fb74d9001ffa,Al-Shabaab - Sheikh Mukhtar Robow (Abu Mansur),al-shabaab - sheikh mukhtar robow (abu mansur),UCDP_ACTOR,NameOrig,4322,Aaro Aaro,1,False,46,False,False,True,UCDP_ACTOR
e6de696aeb6906754a56342c3d9ef226e29753a1,Al-Shabaab - Sheikh Mukhtar Robow (Abu Mansur),al-shabaab - sheikh mukhtar robow (abu mansur),UCDP_ACTOR,NameOrigFullEng,4322,Aaro Aaro,1,False,46,False,False,True,UCDP_ACTOR
dd0cfb527c65ff2e170872bce89ad6f0ab9fca58,Aaro Aaro,aaro aaro,UCDP_ACTOR,NewName,4322,Aaro Aaro,1,False,9,False,False,True,UCDP_ACTOR
ff35d7a21440909ac75cfdf9e96816d493a61f64,Aaro Aaro,aaro aaro,UCDP_ACTOR,NewNameFullMotherTongue,4322,Aaro Aaro,1,False,9,False,False,True,UCDP_ACTOR
f21983956fbd6f8f27f4243aed9b6efe34e58b66,Spiders,spiders,UCDP_ACTOR,NewNameFullEng,4322,Aaro Aaro,1,True,7,False,False,True,UCDP_ACTOR
26ce5f417a75667841dd4da53756d65e17136b76,Al-Shabaab,al-shabaab,UCDP_ACTOR,NamePrev,4322,Aaro Aaro,1,True,10,False,False,True,RAD;UCDP_ACTOR
94e73ba13dd6b7caa57aa09b08550708242753be,UDA,uda,UCDP_ACTOR,NameData,4340,UDA,1,True,3,True,False,True,UCDP_ACTOR
09c44b4cef6340a988a5f59e7c1f9a71373aedc1,UDA,uda,UCDP_ACTOR,NameOrig,4340,UDA,1,True,3,True,False,True,UCDP_ACTOR
65f15c900bc806a9eecb43c6ae72dbf42d6f4889,Ulster Defence Association,ulster defence association,UCDP_ACTOR,NameOrigFull,4340,UDA,1,False,26,False,False,True,UCDP_ACTOR
f82779dde640bfe0049ab38c0912d6179baa3594,Ulster Defence Association,ulster defence association,UCDP_ACTOR,NameOrigFullEng,4340,UDA,1,False,26,False,False,True,UCDP_ACTOR
1b6fe913bdeb85d11df69f33f17b6cddc51ff93d,Jaysh al-Mukhtar,jaysh al-mukhtar,UCDP_ACTOR,NameData,4357,Jaysh al-Mukhtar,1,False,16,False,False,True,UCDP_ACTOR
d2a1b8cd4a0024af39c9c6e2b86cb52ec56e781d,Jaysh al-Mukhtar,jaysh al-mukhtar,UCDP_ACTOR,NameOrig,4357,Jaysh al-Mukhtar,1,False,16,False,False,True,UCDP_ACTOR
e9f9d1216cfb5b7e5140499b888a85d3b1ca9f08,Jaysh al-Mukhtar,jaysh al-mukhtar,UCDP_ACTOR,NameOrigFull,4357,Jaysh al-Mukhtar,1,False,16,False,False,True,UCDP_ACTOR
c211b0a1188b34c6bc016bf232bc7fca7f734cde,Jaysh al-Mukhtar,jaysh al-mukhtar,UCDP_ACTOR,NameOrigFullEng,4357,Jaysh al-Mukhtar,1,False,16,False,False,True,UCDP_ACTOR
49c748da321d8a7c1ec02ea687322ca0e6f7d18b,JRTN,jrtn,UCDP_ACTOR,NameData,4359,JRTN,1,True,4,True,False,True,UCDP_ACTOR
5ce6b75c48f07e513521b9084be1ce4a169c6feb,JRTN,jrtn,UCDP_ACTOR,NameOrig,4359,JRTN,1,True,4,True,False,True,UCDP_ACTOR
e1b490dcfeac54ba450656664c51d18e136446fd,Jaysh Rijāl at-Tarīqa an-Naqshabandiya,jaysh rijāl at-tarīqa an-naqshabandiya,UCDP_ACTOR,NameOrigFull,4359,JRTN,1,False,38,False,False,True,UCDP_ACTOR
8f3afab00cf822abbcd95db1bf5c72d6bc7481ed,Army of the Men of the Naqshbandi Order,army of the men of the naqshbandi order,UCDP_ACTOR,NameOrigFullEng,4359,JRTN,1,False,39,False,False,True,UCDP_ACTOR
59d78918229416bc28036e0f6690b3d3ea42dd60,Jaish al-Adl,jaish al-adl,UCDP_ACTOR,NameData,4364,Jaish al-Adl,1,False,12,False,False,True,UCDP_ACTOR
09fc36c69fc1e45518843753188458a1532c637c,Jaish al-Adl,jaish al-adl,UCDP_ACTOR,NameOrig,4364,Jaish al-Adl,1,False,12,False,False,True,UCDP_ACTOR
7304046cc2663e1d770ae7b494cf8b90be14ec11,Jaish al-Adl,jaish al-adl,UCDP_ACTOR,NameOrigFull,4364,Jaish al-Adl,1,False,12,False,False,True,UCDP_ACTOR
894f7f88b2bba3d89abbf551be5ac5a697e5ae05,Army of Justice,army of justice,UCDP_ACTOR,NameOrigFullEng,4364,Jaish al-Adl,1,False,15,False,False,True,UCDP_ACTOR
7c93942fdbc972265bae23d7f1ec6087d5406c7b,Jondullah,jondullah,UCDP_ACTOR,NamePrev,4364,Jaish al-Adl,1,True,9,False,False,True,RAD;UCDP_ACTOR
f35e2c7a1a2efb1a4dccd8af3d9c08996683b5d9,Benghazi Revolutionaries Shura Council,benghazi revolutionaries shura council,UCDP_ACTOR,NameData,4369,Benghazi Revolutionaries Shura Council,1,False,38,False,False,True,UCDP_ACTOR
cc4c5c3d3d2002373f17af91c53cba56decb9697,Benghazi Revolutionaries Shura Council,benghazi revolutionaries shura council,UCDP_ACTOR,NameOrig,4369,Benghazi Revolutionaries Shura Council,1,False,38,False,False,True,UCDP_ACTOR
2741dbcc567fd260f2a8c3d8a98f91cc5e5b1566,Majlis Shura Thuwar Benghazi,majlis shura thuwar benghazi,UCDP_ACTOR,NameOrigFull,4369,Benghazi Revolutionaries Shura Council,1,False,28,False,False,True,UCDP_ACTOR
059ca512dbe6ca6bfd5b838d696cc91c1649fcd4,Benghazi Revolutionaries Shura Council,benghazi revolutionaries shura council,UCDP_ACTOR,NameOrigFullEng,4369,Benghazi Revolutionaries Shura Council,1,False,38,False,False,True,UCDP_ACTOR
871cb4059f55c8f412d2d7eceb605288d5a19a2e,al-Murabitun,al-murabitun,UCDP_ACTOR,NameData,4376,al-Murabitun,1,True,12,False,False,True,RAD;UCDP_ACTOR
6535a7fb5a01bc958649c7d2e77914be11dbccd5,al-Murabitun,al-murabitun,UCDP_ACTOR,NameOrig,4376,al-Murabitun,1,True,12,False,False,True,RAD;UCDP_ACTOR
849c257c7a27b6f25dab002b01fda8bfef9754b2,al-Murabitun,al-murabitun,UCDP_ACTOR,NameOrigFull,4376,al-Murabitun,1,True,12,False,False,True,RAD;UCDP_ACTOR
7941cee245fdbce4f7667c33a7a75d905e0ced94,The Sentinel,the sentinel,UCDP_ACTOR,NameOrigFullEng,4376,al-Murabitun,1,False,12,False,False,True,RAD;UCDP_ACTOR
d81bcd6379d2bbae6ad46732e8af0659f40ced5f,AQIM,aqim,UCDP_ACTOR,GroupName,4376,al-Murabitun,1,True,4,True,False,True,RAD;UCDP_ACTOR
c751dd24670040ba220bb55ee3b17b742e376cd5,MAA,maa,UCDP_ACTOR,NameData,4380,MAA,1,True,3,True,False,True,UCDP_ACTOR
210def627697320fdb04505ae24277bab96d033c,MAA,maa,UCDP_ACTOR,NameOrig,4380,MAA,1,True,3,True,False,True,UCDP_ACTOR
fa78bfc984a2db3fffef3c6b01c704239db0d38c,Mouvement Arabe de lAzawad,mouvement arabe de lazawad,UCDP_ACTOR,NameOrigFull,4380,MAA,1,False,26,False,False,True,UCDP_ACTOR
519d1601be5570ebd0b8cd9104ca45baf749f4ab,Arab Movement of Azawad,arab movement of azawad,UCDP_ACTOR,NameOrigFullEng,4380,MAA,1,False,23,False,False,True,UCDP_ACTOR
fd0b0fa5f949957dd18340807edde93c6f21e2c7,Amigos dos Amigos,amigos dos amigos,UCDP_ACTOR,NameData,4416,Amigos dos Amigos,1,False,17,False,False,True,UCDP_ACTOR
a4472734bed6275226301647cd25db9e75f50f98,Amigos dos Amigos,amigos dos amigos,UCDP_ACTOR,NameOrig,4416,Amigos dos Amigos,1,False,17,False,False,True,UCDP_ACTOR
8d2818cbe6cf2e19ebcc8a5956c6c6b01e3ed7c4,Amigos dos Amigos,amigos dos amigos,UCDP_ACTOR,NameOrigFull,4416,Amigos dos Amigos,1,False,17,False,False,True,UCDP_ACTOR
537a9028f6684d6c08592c84a3671915c903b675,Friends of Friends,friends of friends,UCDP_ACTOR,NameOrigFull,4416,Amigos dos Amigos,1,False,18,False,False,True,UCDP_ACTOR
699107828ad1b57f5014d3c801083f0201796621,Amigos dos Amigos,amigos dos amigos,UCDP_ACTOR,NameOrigFullEng,4416,Amigos dos Amigos,1,False,17,False,False,True,UCDP_ACTOR
390f0473260fccdeb4188cfc0be261a85ba997f1,Barriga gang,barriga gang,UCDP_ACTOR,NameData,4431,Barriga gang,1,False,12,False,False,True,UCDP_ACTOR
ccebdd9dda0f111967b82b65f0d69f2ed86521c7,Barriga gang,barriga gang,UCDP_ACTOR,NameOrig,4431,Barriga gang,1,False,12,False,False,True,UCDP_ACTOR
a822997780dc29adfbdc02e8285f16278b4ed114,Barriga gang,barriga gang,UCDP_ACTOR,NameOrigFull,4431,Barriga gang,1,False,12,False,False,True,UCDP_ACTOR
e1884ad257c4a4eba4152519c39ba1410dfd54d7,Barriga gang,barriga gang,UCDP_ACTOR,NameOrigFullEng,4431,Barriga gang,1,False,12,False,False,True,UCDP_ACTOR
8e5698c39e4f059bb5c88c95d572d0b8bda7d633,Sujeirinha gang,sujeirinha gang,UCDP_ACTOR,NameData,4432,Sujeirinha gang,1,False,15,False,False,True,UCDP_ACTOR
463bb2ea88593bc9fd0da7fcf5695f01627e307d,Sujeirinha gang,sujeirinha gang,UCDP_ACTOR,NameOrig,4432,Sujeirinha gang,1,False,15,False,False,True,UCDP_ACTOR
89dbd2f067a4bcb2720c731dd8e562a4a30081b9,Sujeirinha gang,sujeirinha gang,UCDP_ACTOR,NameOrigFull,4432,Sujeirinha gang,1,False,15,False,False,True,UCDP_ACTOR
c98c3063d2f9e9a2f98143fefc9db0373d01aa40,Sujeirinha gang,sujeirinha gang,UCDP_ACTOR,NameOrigFullEng,4432,Sujeirinha gang,1,False,15,False,False,True,UCDP_ACTOR
9a3e8b4a61d29613d7492092f51dc7b7fee416bd,Syrian insurgents,syrian insurgents,UCDP_ACTOR,NameData,4456,Syrian insurgents,1,False,17,False,False,True,UCDP_ACTOR
7f8559c95657fac3a318d546b117f86dba808c57,Syrian insurgents,syrian insurgents,UCDP_ACTOR,NameOrig,4456,Syrian insurgents,1,False,17,False,False,True,UCDP_ACTOR
c586de23f2e701b4c441b0a7b41aaf758b4898a6,Syrian insurgents,syrian insurgents,UCDP_ACTOR,NameOrigFull,4456,Syrian insurgents,1,False,17,False,False,True,UCDP_ACTOR
a8d355bba46c5c75f046fba5f44d3840f7d7ce7b,Syrian insurgents,syrian insurgents,UCDP_ACTOR,NameOrigFullEng,4456,Syrian insurgents,1,False,17,False,False,True,UCDP_ACTOR
53a98d06eeaae8b22a229e7152ef0f8723fb72d0,Terceiro Comando Puro,terceiro comando puro,UCDP_ACTOR,NameData,4462,Terceiro Comando Puro,1,False,21,False,False,True,UCDP_ACTOR
1a57f9dc48e0b9f8681e4cdf61dcd1c844fd056d,Terceiro Comando Puro,terceiro comando puro,UCDP_ACTOR,NameOrig,4462,Terceiro Comando Puro,1,False,21,False,False,True,UCDP_ACTOR
238132ebb0c494e76149dff48928100206ed8074,Terceiro Comando Puro,terceiro comando puro,UCDP_ACTOR,NameOrigFull,4462,Terceiro Comando Puro,1,False,21,False,False,True,UCDP_ACTOR
4599eb614e5e85cca52c2c2c44727b9d72e90a5b,Terceiro Comando Puro,terceiro comando puro,UCDP_ACTOR,NameOrigFullEng,4462,Terceiro Comando Puro,1,False,21,False,False,True,UCDP_ACTOR
af95adf7e4d807426086ff2e3c4043ec18db368a,Terceiro Comando,terceiro comando,UCDP_ACTOR,NamePrev,4462,Terceiro Comando Puro,1,False,16,False,False,True,UCDP_ACTOR
64d9a5f514604cedd28d4543149707aa1294cb22,La Union de Tepito,la union de tepito,UCDP_ACTOR,NameData,4465,La Union de Tepito,1,False,18,False,False,True,UCDP_ACTOR
ad0d3ec92a9f99a0a1b378cc277cfbaff7e17cc1,La Union de Tepito,la union de tepito,UCDP_ACTOR,NameOrig,4465,La Union de Tepito,1,False,18,False,False,True,UCDP_ACTOR
eb01a13bc65e3bb5f3786d397f4f4cf7ca476fa3,La Union de Tepito,la union de tepito,UCDP_ACTOR,NameOrigFull,4465,La Union de Tepito,1,False,18,False,False,True,UCDP_ACTOR
335533c7bbf546fbeea79018da1ba64fc739a90f,La Union de Tepito,la union de tepito,UCDP_ACTOR,NameOrigFullEng,4465,La Union de Tepito,1,False,18,False,False,True,UCDP_ACTOR
b76a73c48cea3ce6e522b69401ebf3026449e867,Autodefensas Unidas de Michoacán,autodefensas unidas de michoacán,UCDP_ACTOR,NameData,4475,Autodefensas Unidas de Michoacán,1,False,32,False,False,True,UCDP_ACTOR
b5802e5ec8bc29af4e9440c4f0e72e16a4227509,Autodefensas Unidas de Michoacán,autodefensas unidas de michoacán,UCDP_ACTOR,NameOrig,4475,Autodefensas Unidas de Michoacán,1,False,32,False,False,True,UCDP_ACTOR
4d4d9db1d2e81b458a816734f5f647bee1d851da,Autodefensas Unidas de Michoacán,autodefensas unidas de michoacán,UCDP_ACTOR,NameOrigFull,4475,Autodefensas Unidas de Michoacán,1,False,32,False,False,True,UCDP_ACTOR
524d9bce1933b18a34833c814008abe3117516cb,Autodefensas Unidas de Michoacán,autodefensas unidas de michoacán,UCDP_ACTOR,NameOrigFullEng,4475,Autodefensas Unidas de Michoacán,1,False,32,False,False,True,UCDP_ACTOR
d45e2e07557076101ee50d7f10f26b7d649cf44c,Gulf Cartel - Ramirez Treviño faction,gulf cartel - ramirez treviño faction,UCDP_ACTOR,NameData,4486,Gulf Cartel - Ramirez Treviño faction,1,False,37,False,False,True,UCDP_ACTOR
7e90c6c3a1227c52e7c55cbbf651f3e3907526fd,Gulf Cartel - Ramirez Treviño faction,gulf cartel - ramirez treviño faction,UCDP_ACTOR,NameOrig,4486,Gulf Cartel - Ramirez Treviño faction,1,False,37,False,False,True,UCDP_ACTOR
ff64a05877ec722861206db488cb925ddd51a0d8,Cártel del Golfo - Ramirez Treviño faction,cártel del golfo - ramirez treviño faction,UCDP_ACTOR,NameOrigFull,4486,Gulf Cartel - Ramirez Treviño faction,1,False,42,False,False,True,UCDP_ACTOR
fc4ff602a786c1b4f5a8cb8eb8d32ef7693cd134,Gulf Cartel - Ramirez Treviño faction,gulf cartel - ramirez treviño faction,UCDP_ACTOR,NameOrigFullEng,4486,Gulf Cartel - Ramirez Treviño faction,1,False,37,False,False,True,UCDP_ACTOR
88628c41717eb655b4d3021aa4c4006ade56c2c9,Gulf Cartel,gulf cartel,UCDP_ACTOR,NameSplitTemp,4486,Gulf Cartel - Ramirez Treviño faction,1,False,11,False,False,True,UCDP_ACTOR
0f34e567fb70208c5c7f732bef4fbf34952ec817,Gulf Cartel - Villareal faction,gulf cartel - villareal faction,UCDP_ACTOR,NameData,4487,Gulf Cartel - Villareal faction,1,False,31,False,False,True,UCDP_ACTOR
f4b48955c156d6147cd1b3117f65c63608461350,Gulf Cartel - Villareal faction,gulf cartel - villareal faction,UCDP_ACTOR,NameOrig,4487,Gulf Cartel - Villareal faction,1,False,31,False,False,True,UCDP_ACTOR
f30194d69016a16a870bbe06ad8cb4abda5d638e,Cártel del Golfo - Villareal faction,cártel del golfo - villareal faction,UCDP_ACTOR,NameOrigFull,4487,Gulf Cartel - Villareal faction,1,False,36,False,False,True,UCDP_ACTOR
b2e191550e6fee6d09446af0783af6ecc070e77a,Gulf Cartel - Villareal faction,gulf cartel - villareal faction,UCDP_ACTOR,NameOrigFullEng,4487,Gulf Cartel - Villareal faction,1,False,31,False,False,True,UCDP_ACTOR
5dbfd04c7502e6bec6078d3c89191bc9037089ae,Gulf Cartel,gulf cartel,UCDP_ACTOR,NameSplitTemp,4487,Gulf Cartel - Villareal faction,1,False,11,False,False,True,UCDP_ACTOR
bc02e8b6f1faadad032971f2553fa6aa3bba6537,La Mochomera,la mochomera,UCDP_ACTOR,NameData,4492,La Mochomera,1,False,12,False,False,True,UCDP_ACTOR
999d19a90d6a8eec3cc848ef24f281eb526f408d,La Mochomera,la mochomera,UCDP_ACTOR,NameOrig,4492,La Mochomera,1,False,12,False,False,True,UCDP_ACTOR
6453e0fa2e64bac3075f1db2e6d505f76a69aa39,La Mochomera,la mochomera,UCDP_ACTOR,NameOrigFull,4492,La Mochomera,1,False,12,False,False,True,UCDP_ACTOR
c57c8d4f8806dc925d3329fccbe73820d57856ab,La Mochomera,la mochomera,UCDP_ACTOR,NameOrigFullEng,4492,La Mochomera,1,False,12,False,False,True,UCDP_ACTOR
fcd27b7762845c80730a2ca806ff0239c588db03,Estados Unidos,estados unidos,UCDP_ACTOR,NameData,4536,Estados Unidos,1,False,14,False,False,True,UCDP_ACTOR
589ae43b24da35d1bcd698826a42858d814e482f,Estados Unidos,estados unidos,UCDP_ACTOR,NameOrig,4536,Estados Unidos,1,False,14,False,False,True,UCDP_ACTOR
953cf99d2381aec465ecd87dd6974020c4c7256e,Estados Unidos,estados unidos,UCDP_ACTOR,NameOrigFull,4536,Estados Unidos,1,False,14,False,False,True,UCDP_ACTOR
705067790f0a88956f0aa605d5c9b51d7f1745b7,Estados Unidos,estados unidos,UCDP_ACTOR,NameOrigFullEng,4536,Estados Unidos,1,False,14,False,False,True,UCDP_ACTOR
ff40a0b153723663a87820e3c4c48abb0abd143d,Nova Okaida,nova okaida,UCDP_ACTOR,NameData,4537,Nova Okaida,1,False,11,False,False,True,UCDP_ACTOR
d5b121fa88c728c74779f46e97d90e44b0a437ad,Nova Okaida,nova okaida,UCDP_ACTOR,NameOrig,4537,Nova Okaida,1,False,11,False,False,True,UCDP_ACTOR
7efec5c5db589b66f71fb308f27eeb8029532098,Nova Okaida,nova okaida,UCDP_ACTOR,NameOrigFull,4537,Nova Okaida,1,False,11,False,False,True,UCDP_ACTOR
b04530171e82c1c992f39518e958f4ba50c24cb5,Nova Okaida,nova okaida,UCDP_ACTOR,NameOrigFullEng,4537,Nova Okaida,1,False,11,False,False,True,UCDP_ACTOR
dd2b33135b83bc821e21b81f006238a206ffa154,Jabhat al-Akrad,jabhat al-akrad,UCDP_ACTOR,NameData,5541,Jabhat al-Akrad,1,False,15,False,False,True,UCDP_ACTOR
4979931da67d650b6ccb1ed9164ed75e0b31aa41,Jabhat al-Akrad,jabhat al-akrad,UCDP_ACTOR,NameOrig,5541,Jabhat al-Akrad,1,False,15,False,False,True,UCDP_ACTOR
04abd4d2fd1faecb8d6561d9a64b544a9022d6e2,Cebhet El-Ekrad,cebhet el-ekrad,UCDP_ACTOR,NameOrigFull,5541,Jabhat al-Akrad,1,False,15,False,False,True,UCDP_ACTOR
060e9517045ec67372a09f7eb279119c2e6ffe19,Kurdish Front,kurdish front,UCDP_ACTOR,NameOrigFullEng,5541,Jabhat al-Akrad,1,False,13,False,False,True,UCDP_ACTOR
0b8a95d22c574f242ae80fa12fe51dc7efdbf5d2,Liwa Ahrar Souriya,liwa ahrar souriya,UCDP_ACTOR,NamePrev,5541,Jabhat al-Akrad,1,False,18,False,False,True,UCDP_ACTOR
5cdc93f865131aab84deec8b6b57702602e6d28c,Jaysh al-Thuwar,jaysh al-thuwar,UCDP_ACTOR,NameAlliance,5541,Jabhat al-Akrad,1,False,15,False,False,True,UCDP_ACTOR
06c6ef783c0280ac0a92cb008f38476ab88337a3,Justice Revolution,justice revolution,UCDP_ACTOR,NameOrigFull,5544,RJ,1,False,18,False,False,True,UCDP_ACTOR
dc3a5eb88065b9bd066ade2a1b0b076cdad01697,Revolution and Justice,revolution and justice,UCDP_ACTOR,NameOrigFullEng,5544,RJ,1,False,22,False,False,True,UCDP_ACTOR
94b041e4da941066cec6580fe6b28dc4f70da33a,Al-Umma,al-umma,UCDP_ACTOR,NameData,5546,Al-Umma,1,True,7,False,False,True,UCDP_ACTOR
56a13b2b4a65ae27baadc666d5c81836974c87f0,Al-Umma,al-umma,UCDP_ACTOR,NameOrig,5546,Al-Umma,1,True,7,False,False,True,UCDP_ACTOR
be1d9d7970e87589b810c01229751132306c618d,Al-Umma,al-umma,UCDP_ACTOR,NameOrigFull,5546,Al-Umma,1,True,7,False,False,True,UCDP_ACTOR
a73086b43c417a3b5fbe6909b64d3c5d521392ff,The Nation,the nation,UCDP_ACTOR,NameOrigFullEng,5546,Al-Umma,1,False,10,False,False,True,UCDP_ACTOR
02169c67f7ea8cc37dff162882db44a6e094ae29,Ahrar al-Sham,ahrar al-sham,UCDP_ACTOR,NameData,5554,Ahrar al-Sham,1,False,13,False,False,True,UCDP_ACTOR
b44c7f717698972e5b19f27d84904492712eb25a,Ahrar al-Sham,ahrar al-sham,UCDP_ACTOR,NameOrig,5554,Ahrar al-Sham,1,False,13,False,False,True,UCDP_ACTOR
398f5324dcfe6895c9e6546e2f23ba0d464c49ef,Ahrar al-Sham,ahrar al-sham,UCDP_ACTOR,NameOrigFull,5554,Ahrar al-Sham,1,False,13,False,False,True,UCDP_ACTOR
e91c9faa67872ff71f318e3f7db13282db7def8c,Ahrar al-Sham,ahrar al-sham,UCDP_ACTOR,NameOrigFullEng,5554,Ahrar al-Sham,1,False,13,False,False,True,UCDP_ACTOR
7cf2be15d01588dcf99e4d338ef700cfb011e95d,Ahrar al-Sham,ahrar al-sham,UCDP_ACTOR,NewName,5554,Ahrar al-Sham,1,False,13,False,False,True,UCDP_ACTOR
2ad26cb2c4836632734f6e0ac7413c35bb240080,Harakat Ahrar al-Sham al-Islamiyya,harakat ahrar al-sham al-islamiyya,UCDP_ACTOR,NewNameFullMotherTongue,5554,Ahrar al-Sham,1,False,34,False,False,True,UCDP_ACTOR
25f7304230c593bf6dbcf9928e9a734c67f58922,The Islamic Movement of Ahrar al-Sham,the islamic movement of ahrar al-sham,UCDP_ACTOR,NewNameFullEng,5554,Ahrar al-Sham,1,False,37,False,False,True,UCDP_ACTOR
37d11fc2a5e6a458de3498b8a4ac1deb4a32b799,Islamic Front,islamic front,UCDP_ACTOR,NamePrev,5554,Ahrar al-Sham,1,False,13,False,False,True,UCDP_ACTOR
9c61b7a256ad88aee67377a9d2ce170a0d91c8e8,Islamic Front,islamic front,UCDP_ACTOR,NameAlliance,5554,Ahrar al-Sham,1,False,13,False,False,True,UCDP_ACTOR
630f085336239c21c7f9190c3e73409cdfda67b2,Syrian Liberation Front,syrian liberation front,UCDP_ACTOR,GroupName,5554,Ahrar al-Sham,1,False,23,False,False,True,UCDP_ACTOR
3fdc716c676549ec7633f6b9105a194b49cf1c48,Salahadin Brigade,salahadin brigade,UCDP_ACTOR,NameData,5560,Salahadin Brigade,1,False,17,False,False,True,UCDP_ACTOR
a4f18e7656c11a136f13aa351507d83c58f38678,Salahadin Brigade,salahadin brigade,UCDP_ACTOR,NameOrig,5560,Salahadin Brigade,1,False,17,False,False,True,UCDP_ACTOR
3a7dc1edaeab6cd2196b76ab940553464de27fc4,Salahadin Brigade,salahadin brigade,UCDP_ACTOR,NameOrigFull,5560,Salahadin Brigade,1,False,17,False,False,True,UCDP_ACTOR
de3b809b23f4f80f1b4b14ab75091defa82bd948,Salahadin Brigade,salahadin brigade,UCDP_ACTOR,NameOrigFullEng,5560,Salahadin Brigade,1,False,17,False,False,True,UCDP_ACTOR
02242a3e2d0f994ab5ccfb814d00e56b74e05562,Ahfad al Rasoul Brigade,ahfad al rasoul brigade,UCDP_ACTOR,NameData,5563,Ahfad al Rasoul Brigade,1,False,23,False,False,True,UCDP_ACTOR
b33aeae719f1b2d2dfc83b4913fbc915aeab639d,Ahfad al Rasoul Brigade,ahfad al rasoul brigade,UCDP_ACTOR,NameOrig,5563,Ahfad al Rasoul Brigade,1,False,23,False,False,True,UCDP_ACTOR
cb3bf52b1692448811fab01768abc670278209f7,Ahfad al Rasoul Brigade,ahfad al rasoul brigade,UCDP_ACTOR,NameOrigFull,5563,Ahfad al Rasoul Brigade,1,False,23,False,False,True,UCDP_ACTOR
05aba43000ffbc79b293e41007e7e0ca85c7f981,Ahfad al Rasoul Brigade,ahfad al rasoul brigade,UCDP_ACTOR,NameOrigFullEng,5563,Ahfad al Rasoul Brigade,1,False,23,False,False,True,UCDP_ACTOR
ef5c85a64ad1119d239ca03cd5f7a10036c82445,SRF,srf,UCDP_ACTOR,GroupName,5563,Ahfad al Rasoul Brigade,1,True,3,True,False,True,RAD;UCDP_ACTOR
91e30e28da55a283e46dd59e5c4781c16328d5aa,Islamic Kurdish Front,islamic kurdish front,UCDP_ACTOR,NameData,5564,Islamic Kurdish Front,1,False,21,False,False,True,UCDP_ACTOR
f26c7e9d555d18af044058559b766535141daabc,Islamic Kurdish Front,islamic kurdish front,UCDP_ACTOR,NameOrig,5564,Islamic Kurdish Front,1,False,21,False,False,True,UCDP_ACTOR
3f99fb77d2ecea15934ee9bcc2c9f98e9aeff7fc,Islamic Kurdish Front,islamic kurdish front,UCDP_ACTOR,NameOrigFull,5564,Islamic Kurdish Front,1,False,21,False,False,True,UCDP_ACTOR
931c449eacbdb186e445409b6e181f803847ffa4,Islamic Kurdish Front,islamic kurdish front,UCDP_ACTOR,NameOrigFullEng,5564,Islamic Kurdish Front,1,False,21,False,False,True,UCDP_ACTOR
207f067d83277e077fd6e587ca44c7f75c8f00aa,Islamic Front,islamic front,UCDP_ACTOR,NameAlliance,5564,Islamic Kurdish Front,1,False,13,False,False,True,UCDP_ACTOR
ef139d02534506ce5c83e8d2c59e54ee6418d3ad,al-Qaqa Brigade,al-qaqa brigade,UCDP_ACTOR,NameData,5573,al-Qaqa Brigade,1,False,15,False,False,True,UCDP_ACTOR
201e4859884f2fb0c7407c651cdf4d7bc84d219a,al-Qaqa Brigade,al-qaqa brigade,UCDP_ACTOR,NameOrig,5573,al-Qaqa Brigade,1,False,15,False,False,True,UCDP_ACTOR
db24fa172669f0b8a72dc3aae87f2935f28587f2,Liwa al-Qaqa,liwa al-qaqa,UCDP_ACTOR,NameOrigFull,5573,al-Qaqa Brigade,1,False,12,False,False,True,UCDP_ACTOR
3be4cc8cdcd3ef783c578cb01862006580577f26,al-Qaqa Brigade,al-qaqa brigade,UCDP_ACTOR,NameOrigFullEng,5573,al-Qaqa Brigade,1,False,15,False,False,True,UCDP_ACTOR
d64141ebfc18203a039c3da834f5e8a8d468547c,Islamic Front,islamic front,UCDP_ACTOR,NameData,5575,Islamic Front,1,False,13,False,False,True,UCDP_ACTOR
125fb836403676d4a965265f2dc08247392d7a25,Islamic Front,islamic front,UCDP_ACTOR,NameOrig,5575,Islamic Front,1,False,13,False,False,True,UCDP_ACTOR
572645735cf47d931be1e76f0b03d83d3ed52c94,al-Jabhat al-Islāmiyyah,al-jabhat al-islāmiyyah,UCDP_ACTOR,NameOrigFull,5575,Islamic Front,1,False,23,False,False,True,UCDP_ACTOR
48194e350ee47e02729b63263c7b15b1285a624c,Islamic Front,islamic front,UCDP_ACTOR,NameOrigFullEng,5575,Islamic Front,1,False,13,False,False,True,UCDP_ACTOR
6a67dd2364c1a0f4fc6f0d6dc383baee9bab84c2,Ahrar al-Sham,ahrar al-sham,UCDP_ACTOR,GroupName,5575,Islamic Front,1,False,13,False,False,True,UCDP_ACTOR
2f612ccbb6dbb4c3644f0e3c98e5142da58a9457,al-Tawhid Brigade,al-tawhid brigade,UCDP_ACTOR,GroupName,5575,Islamic Front,1,False,17,False,False,True,UCDP_ACTOR
cc0fac999b81581c602a6a21ce6692f70fbf91d9,Suqour al-Sham,suqour al-sham,UCDP_ACTOR,GroupName,5575,Islamic Front,1,False,14,False,False,True,UCDP_ACTOR
7640e80bdf80e1e1886af4bdac7f1746dd0695f0,Jaysh al-Islam,jaysh al-islam,UCDP_ACTOR,GroupName,5575,Islamic Front,1,False,14,False,False,True,UCDP_ACTOR
13c25c8bce0e5d9e0efb530376ca9b424bc43709,Islamic Kurdish Front,islamic kurdish front,UCDP_ACTOR,GroupName,5575,Islamic Front,1,False,21,False,False,True,UCDP_ACTOR
713a24f3625379ff204be8827fcca02cfa178f36,Liwa al-Haqq,liwa al-haqq,UCDP_ACTOR,GroupName,5575,Islamic Front,1,False,12,False,False,True,UCDP_ACTOR
db53284357dec8b5ae94731d486ef3f1cfbfa187,Ansar al-Sham,ansar al-sham,UCDP_ACTOR,GroupName,5575,Islamic Front,1,False,13,False,False,True,UCDP_ACTOR
09de8598d5a98bf34c5f58a2f6fe30fb6644799a,Las Águilas Negras,las águilas negras,UCDP_ACTOR,NameData,5632,Las Águilas Negras,1,False,18,False,False,True,UCDP_ACTOR
6a39cb07171eb2c546b74bc77a479545f1859097,Las Águilas Negras,las águilas negras,UCDP_ACTOR,NameOrig,5632,Las Águilas Negras,1,False,18,False,False,True,UCDP_ACTOR
d7a24242a79c0057d82c233d1b32eae4ac4dc6cd,Las Águilas Negras,las águilas negras,UCDP_ACTOR,NameOrigFull,5632,Las Águilas Negras,1,False,18,False,False,True,UCDP_ACTOR
6093fb889293188a09d8b244b2a7bcd9a625937b,Las Águilas Negras,las águilas negras,UCDP_ACTOR,NameOrigFullEng,5632,Las Águilas Negras,1,False,18,False,False,True,UCDP_ACTOR
3ab492b8ba6fe76108384633436f398f57d37013,al-Mahdi Army,al-mahdi army,UCDP_ACTOR,NameData,5659,al-Mahdi Army,1,False,13,False,False,True,RAD;UCDP_ACTOR
6536047a0675ad19eb2c1667500db2591d6f194e,al-Mahdi Army,al-mahdi army,UCDP_ACTOR,NameOrig,5659,al-Mahdi Army,1,False,13,False,False,True,RAD;UCDP_ACTOR
ffa9f64f10ff258348b8c7e54c1a6ba92e1ccf6f,Jaish al-Mahdi,jaish al-mahdi,UCDP_ACTOR,NameOrigFull,5659,al-Mahdi Army,1,False,14,False,False,True,UCDP_ACTOR
046406718a9124826c04be5af664e9219f5401d2,al-Mahdi Army,al-mahdi army,UCDP_ACTOR,NameOrigFullEng,5659,al-Mahdi Army,1,False,13,False,False,True,RAD;UCDP_ACTOR
dde3cd79ccf16d6f53397af1cd5977c82aa33658,Jund Ansar Allah,jund ansar allah,UCDP_ACTOR,NameData,5667,Jund Ansar Allah,1,False,16,False,False,True,UCDP_ACTOR
dc3a5df00313a8d81438e6d932a2282916ac6ee2,Jund Ansar Allah,jund ansar allah,UCDP_ACTOR,NameOrig,5667,Jund Ansar Allah,1,False,16,False,False,True,UCDP_ACTOR
047543f24033f9bd893a22fadc36ce61f87eac33,Jund Ansar Allah,jund ansar allah,UCDP_ACTOR,NameOrigFull,5667,Jund Ansar Allah,1,False,16,False,False,True,UCDP_ACTOR
56b851d18feb8cc0fd60b152278ae7f66364a34e,Jund Ansar Allah,jund ansar allah,UCDP_ACTOR,NameOrigFullEng,5667,Jund Ansar Allah,1,False,16,False,False,True,UCDP_ACTOR
d755538187271b270ede14f1b82394d38def39de,FDLR-RUD,fdlr-rud,UCDP_ACTOR,NameData,5801,FDLR-RUD,1,True,8,False,False,True,UCDP_ACTOR
87a725b5c59b166720d93fbec86a664246da8274,FDLR-RUD,fdlr-rud,UCDP_ACTOR,NameOrig,5801,FDLR-RUD,1,True,8,False,False,True,UCDP_ACTOR
d8ebcef7afeac879401d6851d217f94009e106d2,Forces Démocratiques pour la Libération du Rwanda - Rassemblement Uni Pour la Démocratie,forces démocratiques pour la libération du rwanda - rassemblement uni pour la démocratie,UCDP_ACTOR,NameOrigFull,5801,FDLR-RUD,1,False,88,False,False,True,UCDP_ACTOR
d80d34ac7fbc7f947e5c6a1f06757195cd95646e,Democratic Forces for the Liberation of Rwanda - Rally for Unity and Democracy,democratic forces for the liberation of rwanda - rally for unity and democracy,UCDP_ACTOR,NameOrigFullEng,5801,FDLR-RUD,1,False,78,False,False,True,UCDP_ACTOR
30d02457cdd189503da609bca5efe8a84c528e69,FDLR-FOCA,fdlr-foca,UCDP_ACTOR,NamePrev,5801,FDLR-RUD,1,True,9,False,False,True,UCDP_ACTOR
19f92ef61a78a4b27437c5ad5e0aba68b5ffde80,Forces of the House of Representatives,forces of the house of representatives,UCDP_ACTOR,NameData,5802,Forces of the House of Representatives,1,False,38,False,False,True,RAD;UCDP_ACTOR
3e1c01ebda256909480c4b31233645aff1094635,Forces of the House of Representatives,forces of the house of representatives,UCDP_ACTOR,NameOrig,5802,Forces of the House of Representatives,1,False,38,False,False,True,RAD;UCDP_ACTOR
072cc16f8e51dc696b7595f67591f5dab62a9a22,Forces of the House of Representatives,forces of the house of representatives,UCDP_ACTOR,NameOrigFull,5802,Forces of the House of Representatives,1,False,38,False,False,True,RAD;UCDP_ACTOR
6a8cc948685927eb4299a161f090cd65951787e0,Forces of the House of Representatives,forces of the house of representatives,UCDP_ACTOR,NameOrigFullEng,5802,Forces of the House of Representatives,1,False,38,False,False,True,RAD;UCDP_ACTOR
e2427987c0a375ccc43f009b2bda78c188d7391a,Maidan,maidan,UCDP_ACTOR,NameData,5817,Maidan,1,True,6,False,False,True,RAD;UCDP_ACTOR
0b555394dc70c67777eea7a5b045502c7c14df57,Maidan,maidan,UCDP_ACTOR,NameOrig,5817,Maidan,1,True,6,False,False,True,RAD;UCDP_ACTOR
e90f855c4058ee5d899ee739ede2a7fa8f03f58d,Народне обєднання Майдан,народне обєднання майдан,UCDP_ACTOR,NameOrigFull,5817,Maidan,1,False,24,False,False,True,UCDP_ACTOR
d27899f342eb9a4ca65e8d9aa730f946e3fde0a8,Narodne obyednannya Maydan,narodne obyednannya maydan,UCDP_ACTOR,NameOrigFull,5817,Maidan,1,False,26,False,False,True,UCDP_ACTOR
4e21267c6784dea3a4f47ec6708ecb6e54347179,Maidan Peoples Council,maidan peoples council,UCDP_ACTOR,NameOrigFullEng,5817,Maidan,1,False,22,False,False,True,UCDP_ACTOR
8bc380b5a592759ca67aadb0f59f43adb62ac309,Raia Mutomboki - Bravo,raia mutomboki - bravo,UCDP_ACTOR,NameData,5821,Raia Mutomboki - Bravo,1,False,22,False,False,True,UCDP_ACTOR
7832d2bc3c5f12642c9f32e2f0560e0ee908c35e,Raia Mutomboki - Bravo,raia mutomboki - bravo,UCDP_ACTOR,NameOrig,5821,Raia Mutomboki - Bravo,1,False,22,False,False,True,UCDP_ACTOR
56b0eb2ed09bdbd1ed6cfe29db866216b0ca00b0,Raïa Mutomboki - Bravo,raïa mutomboki - bravo,UCDP_ACTOR,NameOrigFull,5821,Raia Mutomboki - Bravo,1,False,22,False,False,True,UCDP_ACTOR
02fbc70abc05f2888c72c714a65cbf26791ad3a4,Raia Mutomboki - Bravo,raia mutomboki - bravo,UCDP_ACTOR,NameOrigFullEng,5821,Raia Mutomboki - Bravo,1,False,22,False,False,True,UCDP_ACTOR
394da012720e757fb9b8c9c3ac0d62a317d73218,Raia Mutomboki - Makombo,raia mutomboki - makombo,UCDP_ACTOR,NamePrev,5821,Raia Mutomboki - Bravo,1,False,24,False,False,True,UCDP_ACTOR
1c14f29852813acd7d410dcfee4690ebdc56838e,Raia Mutomboki - Makombo,raia mutomboki - makombo,UCDP_ACTOR,NameData,5822,Raia Mutomboki - Makombo,1,False,24,False,False,True,UCDP_ACTOR
2fee8c2bb27ea4ae991ae2d441a9325f18f13555,Raia Mutomboki - Makombo,raia mutomboki - makombo,UCDP_ACTOR,NameOrig,5822,Raia Mutomboki - Makombo,1,False,24,False,False,True,UCDP_ACTOR
ef56e48851b7831801f19836499f0db2006eae3a,Raia Mutomboki - Makombo,raia mutomboki - makombo,UCDP_ACTOR,NameOrigFull,5822,Raia Mutomboki - Makombo,1,False,24,False,False,True,UCDP_ACTOR
354057206830d39bcafa003c6982d6f39182426a,Raia Mutomboki - Makombo,raia mutomboki - makombo,UCDP_ACTOR,NameOrigFullEng,5822,Raia Mutomboki - Makombo,1,False,24,False,False,True,UCDP_ACTOR
60e044e373ee5d174a9e16f3dd9b0cb1d73e1beb,NDFB-S,ndfb-s,UCDP_ACTOR,NameData,5826,NDFB-S,1,True,6,False,False,True,RAD;UCDP_ACTOR
c1ee2f4d9650b7f823c6caaad0a2e17057187595,NDFB-S,ndfb-s,UCDP_ACTOR,NameOrig,5826,NDFB-S,1,True,6,False,False,True,RAD;UCDP_ACTOR
a39316cac395608b7eb2c0f23652268f91dd9e42,National Democratic Front of Bodoland-Songbijit,national democratic front of bodoland-songbijit,UCDP_ACTOR,NameOrigFull,5826,NDFB-S,1,False,47,False,False,True,RAD;UCDP_ACTOR
182803bb7f152f70ecc011511058e95e9a477cda,National Democratic Front of Bodoland-Songbijit,national democratic front of bodoland-songbijit,UCDP_ACTOR,NameOrigFullEng,5826,NDFB-S,1,False,47,False,False,True,RAD;UCDP_ACTOR
e32a8488390e2012a0c2afed21e60da0725eb62b,NDFB - RD,ndfb - rd,UCDP_ACTOR,NamePrev,5826,NDFB-S,1,False,9,False,False,True,RAD;UCDP_ACTOR
1e20e2b2cd245ed12efd5ccf49afc5a7cfd52703,UNLFW,unlfw,UCDP_ACTOR,GroupName,5826,NDFB-S,1,True,5,False,False,True,RAD;UCDP_ACTOR
9e72f0d42ab076e293953a35cfba9c559d5705f2,LPR,lpr,UCDP_ACTOR,NameData,5839,LPR,1,True,3,True,False,True,RAD;UCDP_ACTOR
5b14187668c121ebf343114b8e79fac332ef4f88,LPR,lpr,UCDP_ACTOR,NameOrig,5839,LPR,1,True,3,True,False,True,RAD;UCDP_ACTOR
d7e80048841f01683f5c17e98378f9c2c12932e5,Луганская народная республика,луганская народная республика,UCDP_ACTOR,NameOrigFull,5839,LPR,1,False,29,False,False,True,UCDP_ACTOR
fe58513764bf08fec10013278339760d1ff9375b,Luganskaya narodnaya respublika,luganskaya narodnaya respublika,UCDP_ACTOR,NameOrigFull,5839,LPR,1,False,31,False,False,True,UCDP_ACTOR
8016a3f3b6bf2313c57eef8c8aaeb6fb250d30f3,Lugansk Peoples Republic,lugansk peoples republic,UCDP_ACTOR,NameOrigFullEng,5839,LPR,1,False,24,False,False,True,RAD;UCDP_ACTOR
76a7d5b13b9c371fec8e173bdbc357f1c21c9840,United Armed Forces of Novorossiya,united armed forces of novorossiya,UCDP_ACTOR,NameAlliance,5839,LPR,1,False,34,False,False,True,RAD;UCDP_ACTOR
a8b8c6681a22b5b62d79161ba4ad0ab54c23c8b4,DPR,dpr,UCDP_ACTOR,NameData,5840,DPR,1,True,3,True,False,True,RAD;UCDP_ACTOR
218bf2a0792fe5f2373ef750d5d35c46d43bd90a,DPR,dpr,UCDP_ACTOR,NameOrig,5840,DPR,1,True,3,True,False,True,RAD;UCDP_ACTOR
86926cccfa0aae87f38482cbe5e58f6e00bfeacd,Донецкая народная республика,донецкая народная республика,UCDP_ACTOR,NameOrigFull,5840,DPR,1,False,28,False,False,True,UCDP_ACTOR
6c5a063b89400bec16ef2aa64b0aa169359ad4cc,Donetskaya narodnaya respublika,donetskaya narodnaya respublika,UCDP_ACTOR,NameOrigFull,5840,DPR,1,False,31,False,False,True,UCDP_ACTOR
e823a21f84b4f9de4c0e4a3a3b7898086306373a,Donetsk Peoples Republic,donetsk peoples republic,UCDP_ACTOR,NameOrigFullEng,5840,DPR,1,False,24,False,False,True,RAD;UCDP_ACTOR
3bf2cdf51e4b274f39060abdd68b6e5b65d9cc00,United Armed Forces of Novorossiya,united armed forces of novorossiya,UCDP_ACTOR,NameAlliance,5840,DPR,1,False,34,False,False,True,RAD;UCDP_ACTOR
472c6370d6351521b52c7a78f5fc1ba6ef47ff64,SARC,sarc,UCDP_ACTOR,NameData,5849,SARC,1,True,4,True,False,True,RAD;UCDP_ACTOR
ba896a93b5b6461cb9815d667a031df79fac526c,SARC,sarc,UCDP_ACTOR,NameOrig,5849,SARC,1,True,4,True,False,True,RAD;UCDP_ACTOR
5b7157f9073195377ac522baa18cb0320b9297a5,Sudanese Awakening Revolutionary Council,sudanese awakening revolutionary council,UCDP_ACTOR,NameOrigFullEng,5849,SARC,1,False,40,False,False,True,RAD;UCDP_ACTOR
64c9c42b364d28bd43d25b801a31a375a9d0d052,Libya Dawn,libya dawn,UCDP_ACTOR,NameData,5861,Libya Dawn,1,False,10,False,False,True,UCDP_ACTOR
b47c5554cbd53ee9e80fe07e8e9f0d618194411b,Libya Dawn,libya dawn,UCDP_ACTOR,NameOrig,5861,Libya Dawn,1,False,10,False,False,True,UCDP_ACTOR
f680d7d7b8b5d989cea62d63fece27bee7a6f706,Fajr Libya,fajr libya,UCDP_ACTOR,NameOrigFull,5861,Libya Dawn,1,False,10,False,False,True,UCDP_ACTOR
8a1252496fd26faceef84e5c61a25404991314c0,Libya Dawn,libya dawn,UCDP_ACTOR,NameOrigFullEng,5861,Libya Dawn,1,False,10,False,False,True,UCDP_ACTOR
5776c8c03756ca2ba86e7745f1c6fdc27fbff779,TTP-KM,ttp-km,UCDP_ACTOR,NameData,5864,TTP-KM,1,True,6,False,False,True,UCDP_ACTOR
c123c3ed2f0973719d9b94aa0fad991ddc4ba454,TTP-KM,ttp-km,UCDP_ACTOR,NameOrig,5864,TTP-KM,1,True,6,False,False,True,UCDP_ACTOR
b74f0291571301059b508914917573048a533811,Tehrik-i-Taliban Pakistan - Khalid Mehsud faction,tehrik-i-taliban pakistan - khalid mehsud faction,UCDP_ACTOR,NameOrigFull,5864,TTP-KM,1,False,49,False,False,True,UCDP_ACTOR
50b436cb3933de75cb8e04aa79502d0835548511,Taleban Movement of Pakistan - Khalid Mehsud faction,taleban movement of pakistan - khalid mehsud faction,UCDP_ACTOR,NameOrigFullEng,5864,TTP-KM,1,False,52,False,False,True,UCDP_ACTOR
7c2bf668e83815a53d118cb9423e098a455035b6,TTP,ttp,UCDP_ACTOR,NamePrev,5864,TTP-KM,1,True,3,True,False,True,RAD;UCDP_ACTOR
1589609d28b8fb5669d05209fc2d172a9139586f,TTP-SM,ttp-sm,UCDP_ACTOR,NameData,5865,TTP-SM,1,True,6,False,False,True,UCDP_ACTOR
6449d084540e327b72bccf941c36e176fb032423,TTP-SM,ttp-sm,UCDP_ACTOR,NameOrig,5865,TTP-SM,1,True,6,False,False,True,UCDP_ACTOR
6fa11b8ade4f9020f6318abf2d6d246deacd67cc,Tehrik-i-Taliban Pakistan - Shehryar Mehsud faction,tehrik-i-taliban pakistan - shehryar mehsud faction,UCDP_ACTOR,NameOrigFull,5865,TTP-SM,1,False,51,False,False,True,UCDP_ACTOR
268903b4246cc4e7d749e0adb8a11449b48910a9,Taleban Movement of Pakistan - Shehryar Mehsud faction,taleban movement of pakistan - shehryar mehsud faction,UCDP_ACTOR,NameOrigFullEng,5865,TTP-SM,1,False,54,False,False,True,UCDP_ACTOR
e29a52ccf83eb3f0295c16731dd321d1dbc575ca,TTP,ttp,UCDP_ACTOR,NamePrev,5865,TTP-SM,1,True,3,True,False,True,RAD;UCDP_ACTOR
8785e36df2f3ce7f1a179102d3ac02a5d05e6daf,Darfur Joint Resistance Forces,darfur joint resistance forces,UCDP_ACTOR,NameData,5866,Darfur Joint Resistance Forces,1,False,30,False,False,True,UCDP_ACTOR
64b30ccf6a4145b5e8db4ed241b86468eff5fea2,Darfur Joint Resistance Forces,darfur joint resistance forces,UCDP_ACTOR,NameOrig,5866,Darfur Joint Resistance Forces,1,False,30,False,False,True,UCDP_ACTOR
67da07f8848a622b9021e7aaedec269012e3251e,Darfur Joint Resistance Forces,darfur joint resistance forces,UCDP_ACTOR,NameOrigFullEng,5866,Darfur Joint Resistance Forces,1,False,30,False,False,True,UCDP_ACTOR
4adf9f7173a2ee21698628b69b5500c46bc2bb10,GATIA,gatia,UCDP_ACTOR,NameData,5880,GATIA,1,True,5,False,False,True,UCDP_ACTOR
78996d33e1334ee5f748b0600c98dd6abb97a577,GATIA,gatia,UCDP_ACTOR,NameOrig,5880,GATIA,1,True,5,False,False,True,UCDP_ACTOR
5d4bab0248b3298b744320c3716005417a6bafff,The Self-defence Group of Imghad Touareg and its Allies,the self-defence group of imghad touareg and its allies,UCDP_ACTOR,NameOrigFull,5880,GATIA,1,False,55,False,False,True,UCDP_ACTOR
0db898ccd6a482353bb4aec6d0ce3215dcad0b53,Groupe autodéfense touareg Imghad et alliés,groupe autodéfense touareg imghad et alliés,UCDP_ACTOR,NameOrigFullEng,5880,GATIA,1,False,43,False,False,True,UCDP_ACTOR
1f079da4d126cfce8a860143d5dc3e10ba95c09d,MDF,mdf,UCDP_ACTOR,NameData,5885,MDF,1,True,3,True,False,True,UCDP_ACTOR
e72e7629b71fb2ebff7240b7317b945d862eb4ef,MDF,mdf,UCDP_ACTOR,NameOrig,5885,MDF,1,True,3,True,False,True,UCDP_ACTOR
4240011216a8513661559e2b7198119aa3b1bb33,Mabanese Defense Forces,mabanese defense forces,UCDP_ACTOR,NameOrigFull,5885,MDF,1,False,23,False,False,True,UCDP_ACTOR
3b3faf7c5abca1bfa4121d7686906ed66cdabd5e,Mabanese Defense Forces,mabanese defense forces,UCDP_ACTOR,NameOrigFullEng,5885,MDF,1,False,23,False,False,True,UCDP_ACTOR
57f86dd1604d6deb4743a166100bffc08e6ec05f,Jaish-ul-Islam,jaish-ul-islam,UCDP_ACTOR,NameData,5895,Jaish-ul-Islam,1,True,14,False,False,True,UCDP_ACTOR
74782d98d1b7abc0bd01cdc53d5c95e88c7174b0,Jaish-ul-Islam,jaish-ul-islam,UCDP_ACTOR,NameOrig,5895,Jaish-ul-Islam,1,True,14,False,False,True,UCDP_ACTOR
74467bd001aba92e1872b6555d7f82cb5f508cea,Jaish-ul-Islam,jaish-ul-islam,UCDP_ACTOR,NameOrigFull,5895,Jaish-ul-Islam,1,True,14,False,False,True,UCDP_ACTOR
a52df910e750ee9ef3b71de0d29078e40f0fdd9b,Army of Islam,army of islam,UCDP_ACTOR,NameOrigFullEng,5895,Jaish-ul-Islam,1,False,13,False,False,True,UCDP_ACTOR
0f39f62ec33543a28bc7a82106abe9925373d5d9,United Armed Forces of Novorossiya,united armed forces of novorossiya,UCDP_ACTOR,NameData,5914,United Armed Forces of Novorossiya,1,False,34,False,False,True,RAD;UCDP_ACTOR
999f776c833d64dba6aeae0a49bc60fc82228f84,United Armed Forces of Novorossiya,united armed forces of novorossiya,UCDP_ACTOR,NameOrig,5914,United Armed Forces of Novorossiya,1,False,34,False,False,True,RAD;UCDP_ACTOR
3ad005b809b7c6a509dc7e8267ea6e4c39ac0397,Объединённых Вооруженных Сил Новороссии,объединённых вооруженных сил новороссии,UCDP_ACTOR,NameOrigFull,5914,United Armed Forces of Novorossiya,1,False,39,False,False,True,UCDP_ACTOR
64b26e64035f79296b1871c987c8537f2b7b1bb3,United Armed Forces of Novorossiya,united armed forces of novorossiya,UCDP_ACTOR,NameOrigFullEng,5914,United Armed Forces of Novorossiya,1,False,34,False,False,True,RAD;UCDP_ACTOR
25735c3ef5d72d8901622f192480a03f00140922,Jamaat-ul-Ahrar,jamaat-ul-ahrar,UCDP_ACTOR,NameData,5928,Jamaat-ul-Ahrar,1,True,15,False,False,True,RAD;UCDP_ACTOR
057d189e326a5440d30c54ddc9bddf0c3b609bfd,Ahrar-ul-Hind,ahrar-ul-hind,UCDP_ACTOR,NameOrig,5928,Jamaat-ul-Ahrar,1,True,13,False,False,True,UCDP_ACTOR
f4e24ec8c533beed3cecebb2d2685a52e43b5417,Ahrar-ul-Hind,ahrar-ul-hind,UCDP_ACTOR,NameOrigFull,5928,Jamaat-ul-Ahrar,1,True,13,False,False,True,UCDP_ACTOR
cd4346276cc4ca24e652d32a2716c49f0902ba4c,The Freedom Fighters of India,the freedom fighters of india,UCDP_ACTOR,NameOrigFullEng,5928,Jamaat-ul-Ahrar,1,False,29,False,False,True,UCDP_ACTOR
9aeb60a8a177835eb237c1d6e60238cf5c8a20e0,Jamaat-ul-Ahrar,jamaat-ul-ahrar,UCDP_ACTOR,NewName,5928,Jamaat-ul-Ahrar,1,True,15,False,False,True,RAD;UCDP_ACTOR
4c38187a94ae64d73fbb2002736b34d9159415f8,Jamaat-ul-Ahrar,jamaat-ul-ahrar,UCDP_ACTOR,NewNameFullMotherTongue,5928,Jamaat-ul-Ahrar,1,True,15,False,False,True,RAD;UCDP_ACTOR
ce1bb63c783a75954af420a97dd904b6d541ada2,Freedom fighters group,freedom fighters group,UCDP_ACTOR,NewNameFullEng,5928,Jamaat-ul-Ahrar,1,False,22,False,False,True,UCDP_ACTOR
0fc15cf36c37b3bfbb58fc0cd3394d33423e660b,TTP,ttp,UCDP_ACTOR,NamePrev,5928,Jamaat-ul-Ahrar,1,True,3,True,False,True,RAD;UCDP_ACTOR
3399786258c5e2deedffcb4a1195f6eec5425587,TTP,ttp,UCDP_ACTOR,GroupName,5928,Jamaat-ul-Ahrar,1,True,3,True,False,True,RAD;UCDP_ACTOR
b5aca49411f5eb93cb1a86598f77f9f98ffe9965,Zintan Military Council,zintan military council,UCDP_ACTOR,NameData,5940,Zintan Military Council,1,False,23,False,False,True,RAD;UCDP_ACTOR
517e49780a38c2ea2bccb54c59cba3f71ecc0cd1,Zintan Military Council,zintan military council,UCDP_ACTOR,NameOrig,5940,Zintan Military Council,1,False,23,False,False,True,RAD;UCDP_ACTOR
abc5ea80f13e5423bb64d2bb4512274494ab5bf9,Zintan Military Council,zintan military council,UCDP_ACTOR,NameOrigFull,5940,Zintan Military Council,1,False,23,False,False,True,RAD;UCDP_ACTOR
c77b8f70729d2863e8e0a7ff581eab75a72863b8,Zintan Military Council,zintan military council,UCDP_ACTOR,NameOrigFullEng,5940,Zintan Military Council,1,False,23,False,False,True,RAD;UCDP_ACTOR
536b3f79151e3fb5bab7065f2cd3cac92e253a04,PSLF,pslf,UCDP_ACTOR,NameData,5965,PSLF,1,True,4,True,False,True,RAD;UCDP_ACTOR
5c29b711bbca2755fc61990cabb505b6e5fbae0c,PSLF,pslf,UCDP_ACTOR,NameOrig,5965,PSLF,1,True,4,True,False,True,RAD;UCDP_ACTOR
7f509db2e2427f220674cf0e3faa2ce641dfc57f,Palaung State Liberation Front,palaung state liberation front,UCDP_ACTOR,NameOrigFull,5965,PSLF,1,False,30,False,False,True,RAD;UCDP_ACTOR
e0ee4c47a59d43790a5cf5c52a5d1016d6c5ad82,Palaung State Liberation Front,palaung state liberation front,UCDP_ACTOR,NameOrigFullEng,5965,PSLF,1,False,30,False,False,True,RAD;UCDP_ACTOR
4cfe6addd8f3e1cedebf785d518b7f5bbacf9047,UPLD,upld,UCDP_ACTOR,NameData,5986,UPLD,1,True,4,True,False,True,UCDP_ACTOR
b82f577900553b59f93c6ee94694e8a96211eb4a,UPLD,upld,UCDP_ACTOR,NameOrig,5986,UPLD,1,True,4,True,False,True,UCDP_ACTOR
0f7195731f8c5fccd60373b1ecee2041ee5479fa,Union des Patriotes pour le Libération et le Développement,union des patriotes pour le libération et le développement,UCDP_ACTOR,NameOrigFull,5986,UPLD,1,False,58,False,False,True,UCDP_ACTOR
f1ffacd47b649dfae6d4d702eda36ba1ad72861e,Union of Patriots for Liberation and Development,union of patriots for liberation and development,UCDP_ACTOR,NameOrigFullEng,5986,UPLD,1,False,48,False,False,True,UCDP_ACTOR
a152f83c96eeb5fcdf02c26ea08f6cc9919c4afc,APLNC,aplnc,UCDP_ACTOR,NamePrev,5986,UPLD,1,True,5,False,False,True,UCDP_ACTOR
c323d33b6f97b4a1726f156eb6ca30835dfe7490,Lumumba,lumumba,UCDP_ACTOR,NamePrev,5986,UPLD,1,True,7,False,False,True,UCDP_ACTOR
5d61307036222d5cb8da16c9466b0724d3542e10,Mayi Mayi - Makabe,mayi mayi - makabe,UCDP_ACTOR,NameData,5997,Mayi Mayi - Makabe,1,False,18,False,False,True,UCDP_ACTOR
9f9877daf6d0a14e87efe4b6eb1ec43a9a462989,Mayi Mayi - Makabe,mayi mayi - makabe,UCDP_ACTOR,NameOrig,5997,Mayi Mayi - Makabe,1,False,18,False,False,True,UCDP_ACTOR
7df8e9ff14a7a2a100fee8ee8b4aabc77164dfc6,Maï Maï - Makabe Kalenga Ngwele,maï maï - makabe kalenga ngwele,UCDP_ACTOR,NameOrigFull,5997,Mayi Mayi - Makabe,1,False,31,False,False,True,UCDP_ACTOR
0dd74c35b4a27bfa41baba7361f674ced8372deb,Mayi Mayi - Makabe Kalenga Ngwele,mayi mayi - makabe kalenga ngwele,UCDP_ACTOR,NameOrigFullEng,5997,Mayi Mayi - Makabe,1,False,33,False,False,True,UCDP_ACTOR
8ca39870d274ee1ad88c44d48255b7ae082a02a3,UPC,upc,UCDP_ACTOR,NameData,5999,UPC,1,True,3,True,False,True,UCDP_ACTOR
22fc99788fe3fb5330e54c560ba8c6d580d28c92,UPC,upc,UCDP_ACTOR,NameOrig,5999,UPC,1,True,3,True,False,True,UCDP_ACTOR
0996d5edf51642739b08f7504db9d52bce60dff8,Union pour la Paix en Centrafrique,union pour la paix en centrafrique,UCDP_ACTOR,NameOrigFull,5999,UPC,1,False,34,False,False,True,RAD;UCDP_ACTOR
ebf571f1812ce63c60a5956eebc5ef090017c83b,Union for Peace in the Central African Republic,union for peace in the central african republic,UCDP_ACTOR,NameOrigFullEng,5999,UPC,1,False,47,False,False,True,RAD;UCDP_ACTOR
305087bd1c846856320638c228668ad5b1709f4f,FPRC,fprc,UCDP_ACTOR,NamePrev,5999,UPC,1,True,4,True,False,True,UCDP_ACTOR
2388b9394dd058c1171733f3d3bb324244e70aaf,CPC,cpc,UCDP_ACTOR,NamePrev,5999,UPC,1,True,3,True,False,True,UCDP_ACTOR
b0effb64f477a3f2fa62c5319ced349b1ee12735,CPC,cpc,UCDP_ACTOR,NameAlliance,5999,UPC,1,True,3,True,False,True,UCDP_ACTOR
e76980f3568015dbf32bc39dc177c05ecd8380e4,RPRC,rprc,UCDP_ACTOR,NameData,6000,RPRC,1,True,4,True,False,True,UCDP_ACTOR
d7f02146d387b1c09e4fdd410e6334e98aa20f05,RPRC,rprc,UCDP_ACTOR,NameOrig,6000,RPRC,1,True,4,True,False,True,UCDP_ACTOR
c900436a9ae9b7df064d8deea7932b5414537518,Rassemblement pour la reconciliation des Centrafricains,rassemblement pour la reconciliation des centrafricains,UCDP_ACTOR,NameOrigFull,6000,RPRC,1,False,55,False,False,True,UCDP_ACTOR
b5e63b80079cc4f4f07553a7c0af0d8ee00b048b,Patriotic Rally for Renewal in the CAR or Gathering for Reconciliation among Central Africans,patriotic rally for renewal in the car or gathering for reconciliation among central africans,UCDP_ACTOR,NameOrigFullEng,6000,RPRC,1,False,93,False,False,True,UCDP_ACTOR
61886ba29141d5f3a21877ab41dbb7420b0c031b,FPRC,fprc,UCDP_ACTOR,NamePrev,6000,RPRC,1,True,4,True,False,True,UCDP_ACTOR
1d2d06cb05b9cc6cc9977034d1f740b5a1b07400,Gulf Cartel - Los Fresitas faction,gulf cartel - los fresitas faction,UCDP_ACTOR,NameData,6002,Gulf Cartel - Los Fresitas faction,1,False,34,False,False,True,UCDP_ACTOR
4e3f8ff9c0f17de02d0888548ffb642f2945b2e2,Gulf Cartel - Los Fresitas faction,gulf cartel - los fresitas faction,UCDP_ACTOR,NameOrig,6002,Gulf Cartel - Los Fresitas faction,1,False,34,False,False,True,UCDP_ACTOR
ed9706349ddd7c25e89a82f958c111cd86bc0904,Cártel del Golfo - Los Fresitas faction,cártel del golfo - los fresitas faction,UCDP_ACTOR,NameOrigFull,6002,Gulf Cartel - Los Fresitas faction,1,False,39,False,False,True,UCDP_ACTOR
ff9033f681baff44f15d6e03c328037eaedf7077,Gulf Cartel - Los Fresitas faction,gulf cartel - los fresitas faction,UCDP_ACTOR,NameOrigFullEng,6002,Gulf Cartel - Los Fresitas faction,1,False,34,False,False,True,UCDP_ACTOR
e7717515f3802f2eaa9b40685206d9d7579358c5,Gulf Cartel,gulf cartel,UCDP_ACTOR,NameSplitTemp,6002,Gulf Cartel - Los Fresitas faction,1,False,11,False,False,True,UCDP_ACTOR
f7a0ce8affba6f6de43b91f174d391a83b1d1469,Gulf Cartel - Dragones de Sheyla faction,gulf cartel - dragones de sheyla faction,UCDP_ACTOR,NameData,6003,Gulf Cartel - Dragones de Sheyla faction,1,False,40,False,False,True,UCDP_ACTOR
9db3817527160ab5dc03ab25958ad9ee05e6b262,Gulf Cartel - Dragones de Sheyla faction,gulf cartel - dragones de sheyla faction,UCDP_ACTOR,NameOrig,6003,Gulf Cartel - Dragones de Sheyla faction,1,False,40,False,False,True,UCDP_ACTOR
98622595bf6c59068b391184ec1bee226045cb30,Cártel del Golfo - Dragones de Sheyla faction,cártel del golfo - dragones de sheyla faction,UCDP_ACTOR,NameOrigFull,6003,Gulf Cartel - Dragones de Sheyla faction,1,False,45,False,False,True,UCDP_ACTOR
5dab2dae38f1faa94ca15330a5b960f2787312ce,Gulf Cartel - Dragones de Sheyla faction,gulf cartel - dragones de sheyla faction,UCDP_ACTOR,NameOrigFullEng,6003,Gulf Cartel - Dragones de Sheyla faction,1,False,40,False,False,True,UCDP_ACTOR
3fb1e2a25dc381ea13b6b16a172d099538dc7b64,Gulf Cartel,gulf cartel,UCDP_ACTOR,NameSplitTemp,6003,Gulf Cartel - Dragones de Sheyla faction,1,False,11,False,False,True,UCDP_ACTOR
174866a12f44ddc0b94eb1fb6e3e8e171d5ae36b,Sinaloa Cartel - Los Salgueiro faction,sinaloa cartel - los salgueiro faction,UCDP_ACTOR,NameData,6007,Sinaloa Cartel - Los Salgueiro faction,1,False,38,False,False,True,UCDP_ACTOR
e21481c5515e90810aad2b1f0435a5467f3e72bd,Sinaloa Cartel - Los Salgueiro faction,sinaloa cartel - los salgueiro faction,UCDP_ACTOR,NameOrig,6007,Sinaloa Cartel - Los Salgueiro faction,1,False,38,False,False,True,UCDP_ACTOR
c44398e8a664b1fcaf49d8c6c724d7449734eab3,Cártel de Sinaloa - Los Salgueiro faction,cártel de sinaloa - los salgueiro faction,UCDP_ACTOR,NameOrigFull,6007,Sinaloa Cartel - Los Salgueiro faction,1,False,41,False,False,True,UCDP_ACTOR
9199d27a4906e09dfd50148d061acfcde7707491,Sinaloa Cartel - Los Salgueiro faction,sinaloa cartel - los salgueiro faction,UCDP_ACTOR,NameOrigFullEng,6007,Sinaloa Cartel - Los Salgueiro faction,1,False,38,False,False,True,UCDP_ACTOR
22f9f33bcb949f1e63122ba2333c2499bddf8f02,Sinaloa Cartel,sinaloa cartel,UCDP_ACTOR,NameSplitTemp,6007,Sinaloa Cartel - Los Salgueiro faction,1,False,14,False,False,True,UCDP_ACTOR
1ccf9ea7f582523271e4b539b0b9640e7d228dbd,Sinaloa Cartel - Los Chavez Matamoros faction,sinaloa cartel - los chavez matamoros faction,UCDP_ACTOR,NameData,6008,Sinaloa Cartel - Los Chavez Matamoros faction,1,False,45,False,False,True,UCDP_ACTOR
bd90c7f833ba4b87dc2c4942169233c855399ab7,Sinaloa Cartel - Los Chavez Matamoros faction,sinaloa cartel - los chavez matamoros faction,UCDP_ACTOR,NameOrig,6008,Sinaloa Cartel - Los Chavez Matamoros faction,1,False,45,False,False,True,UCDP_ACTOR
8f4a7745f43b9c02ff7e34149490ade70b6fa13d,Cártel de Sinaloa - Los Chavez Matamoros faction,cártel de sinaloa - los chavez matamoros faction,UCDP_ACTOR,NameOrigFull,6008,Sinaloa Cartel - Los Chavez Matamoros faction,1,False,48,False,False,True,UCDP_ACTOR
4ba94fd1ecd40ea623b755afc32a295b2b10879d,Sinaloa Cartel - Los Chavez Matamoros faction,sinaloa cartel - los chavez matamoros faction,UCDP_ACTOR,NameOrigFullEng,6008,Sinaloa Cartel - Los Chavez Matamoros faction,1,False,45,False,False,True,UCDP_ACTOR
8b662da348e97d95bbfa28976756add9b3c591cc,Sinaloa Cartel,sinaloa cartel,UCDP_ACTOR,NameSplitTemp,6008,Sinaloa Cartel - Los Chavez Matamoros faction,1,False,14,False,False,True,UCDP_ACTOR
339ea147ed8fcf32412238f524a970377ac4b19e,Los Ardillos,los ardillos,UCDP_ACTOR,NameData,6009,Los Ardillos,1,False,12,False,False,True,UCDP_ACTOR
d6d344a6d0d614a7fa6d13573d76a311d7f99efd,Los Ardillos,los ardillos,UCDP_ACTOR,NameOrig,6009,Los Ardillos,1,False,12,False,False,True,UCDP_ACTOR
fc7132a8c5b0581e1bf9b416bf60c340b351ada8,Los Ardillos,los ardillos,UCDP_ACTOR,NameOrigFull,6009,Los Ardillos,1,False,12,False,False,True,UCDP_ACTOR
408478f4e6e8acb26c1a8716e5f3ab31058e6e52,Los Ardillos,los ardillos,UCDP_ACTOR,NameOrigFullEng,6009,Los Ardillos,1,False,12,False,False,True,UCDP_ACTOR
bdbf83970b6a9e4b8de898fc81f46779be714e3f,SRF,srf,UCDP_ACTOR,NameData,6011,SRF,1,True,3,True,False,True,RAD;UCDP_ACTOR
95167400017481af559c1ec931af8068e7a2946a,SRF,srf,UCDP_ACTOR,NameOrig,6011,SRF,1,True,3,True,False,True,RAD;UCDP_ACTOR
9f660e77e70b0070c6de4fd9a47b555bb8c2e74b,Jabhat Thuwwar Surya,jabhat thuwwar surya,UCDP_ACTOR,NameOrigFull,6011,SRF,1,False,20,False,False,True,UCDP_ACTOR
21fc7b73ebf7c4372833abbe8a561ff8631f7faa,Syria Revolutionaries Front,syria revolutionaries front,UCDP_ACTOR,NameOrigFullEng,6011,SRF,1,False,27,False,False,True,UCDP_ACTOR
c8a6cbb4914919a6aacba1d1b4dec517abdba177,Southern Front,southern front,UCDP_ACTOR,GroupName,6011,SRF,1,False,14,False,False,True,UCDP_ACTOR
d7a97ca58be7ee58c663d9024d243aea96f2127c,Mujahideen Army,mujahideen army,UCDP_ACTOR,NameData,6012,Mujahideen Army,1,False,15,False,False,True,UCDP_ACTOR
a59d56e62fe88e692295963b8ab90f0af647d206,Mujahideen Army,mujahideen army,UCDP_ACTOR,NameOrig,6012,Mujahideen Army,1,False,15,False,False,True,UCDP_ACTOR
87d0b8b0ede79675d23e7ef30e83a24f54e8cc4e,Jaysh al-Mujahideen,jaysh al-mujahideen,UCDP_ACTOR,NameOrigFull,6012,Mujahideen Army,1,False,19,False,False,True,UCDP_ACTOR
92bc40594c1cc01ebb1a17b9b13740a79d9913fb,Mujahideen Army,mujahideen army,UCDP_ACTOR,NameOrigFullEng,6012,Mujahideen Army,1,False,15,False,False,True,UCDP_ACTOR
4ca9a9b2409cda1cd3c07523a3200142e8cf80ff,Harkat Hazm,harkat hazm,UCDP_ACTOR,NameData,6015,Harkat Hazm,1,False,11,False,False,True,UCDP_ACTOR
a010434a18264a6bd2cb49d2daddea553de910fe,Harkat Hazm,harkat hazm,UCDP_ACTOR,NameOrig,6015,Harkat Hazm,1,False,11,False,False,True,UCDP_ACTOR
cc5e98026b322facac279842db1e904daba5d50d,Harkat Hazm,harkat hazm,UCDP_ACTOR,NameOrigFull,6015,Harkat Hazm,1,False,11,False,False,True,UCDP_ACTOR
bd755eb016f962394bb13aa6f1915afbf6ee6ec3,Hazm Movement,hazm movement,UCDP_ACTOR,NameOrigFullEng,6015,Harkat Hazm,1,False,13,False,False,True,UCDP_ACTOR
5be19847f083512faf475c95896667f912dd838b,Levant Front,levant front,UCDP_ACTOR,NameAlliance,6015,Harkat Hazm,1,False,12,False,False,True,UCDP_ACTOR
399bfb8538379db1b4aa77b77040ae29571aed02,Liwa al-Aqsa,liwa al-aqsa,UCDP_ACTOR,NameData,6037,Liwa al-Aqsa,1,False,12,False,False,True,UCDP_ACTOR
6f1efb095c5dc2a8a923a97e666f6e62f84058e1,Jund al-Aqsa,jund al-aqsa,UCDP_ACTOR,NameOrig,6037,Liwa al-Aqsa,1,False,12,False,False,True,UCDP_ACTOR
830769dcb3774c7f06fe0e1f3c2693692cefe00d,Jund al-Aqsa,jund al-aqsa,UCDP_ACTOR,NameOrigFull,6037,Liwa al-Aqsa,1,False,12,False,False,True,UCDP_ACTOR
1c6f27ac4b956ffe1284b58668f2b73cec4b223c,Soldiers of al-Aqsa,soldiers of al-aqsa,UCDP_ACTOR,NameOrigFullEng,6037,Liwa al-Aqsa,1,False,19,False,False,True,UCDP_ACTOR
3afa39bf698020cc5c0d3c8a3018b24ca06eed18,Liwa al-Aqsa,liwa al-aqsa,UCDP_ACTOR,NewName,6037,Liwa al-Aqsa,1,False,12,False,False,True,UCDP_ACTOR
9a332646906e9a00c6f7d7b56aa7734939167f05,Liwa al-Aqsa,liwa al-aqsa,UCDP_ACTOR,NewNameFullMotherTongue,6037,Liwa al-Aqsa,1,False,12,False,False,True,UCDP_ACTOR
6f4d8e49ea8242450466f1a278b983b4aec36ec8,Banner of al-Aqsa,banner of al-aqsa,UCDP_ACTOR,NewNameFullEng,6037,Liwa al-Aqsa,1,False,17,False,False,True,UCDP_ACTOR
e446aef26a6aee5dd4d2c46ae09bc6f7bfdada45,Jabhat Fateh al-Sham,jabhat fateh al-sham,UCDP_ACTOR,NamePrev,6037,Liwa al-Aqsa,1,False,20,False,False,True,UCDP_ACTOR
4d765120adaaf2240aebb053bb7e85fa1437ddf3,Los Aztecas,los aztecas,UCDP_ACTOR,NameData,6122,Los Aztecas,1,False,11,False,False,True,UCDP_ACTOR
00dbc5e3e0bbcb2f2e98841a289a9e564e031bae,Los Aztecas,los aztecas,UCDP_ACTOR,NameOrig,6122,Los Aztecas,1,False,11,False,False,True,UCDP_ACTOR
09457e5c70063ed5d7979d0bfb55fc9a067c53b1,Los Aztecas,los aztecas,UCDP_ACTOR,NameOrigFull,6122,Los Aztecas,1,False,11,False,False,True,UCDP_ACTOR
a430eeea65dcf330034147eca57f3b69f76df391,Los Aztecas,los aztecas,UCDP_ACTOR,NameOrigFullEng,6122,Los Aztecas,1,False,11,False,False,True,UCDP_ACTOR
b3c172a6ccdd105c468b0ce1ac19430033a14a6b,Juarez Cartel,juarez cartel,UCDP_ACTOR,NameSplitTemp,6122,Los Aztecas,1,False,13,False,False,True,UCDP_ACTOR
cb4d0e017421dcbefac89b7a6f02c4e91446f42c,Military faction (forces of Nicolae Ceausescu),military faction (forces of nicolae ceausescu),UCDP_ACTOR,NameData,6137,Military faction (forces of Nicolae Ceausescu),1,False,46,False,False,True,RAD;UCDP_ACTOR
7f998d9925eb9c9b84b4acd1ef6974d09ad72eba,Military faction (forces of Nicolae Ceausescu),military faction (forces of nicolae ceausescu),UCDP_ACTOR,NameOrig,6137,Military faction (forces of Nicolae Ceausescu),1,False,46,False,False,True,RAD;UCDP_ACTOR
4c59b0d9f7f9d37b11eb9bbd5a1e4e97d639d08e,Military faction (forces of Nicolae Ceausescu),military faction (forces of nicolae ceausescu),UCDP_ACTOR,NameOrigFullEng,6137,Military faction (forces of Nicolae Ceausescu),1,False,46,False,False,True,RAD;UCDP_ACTOR
7a7cd9ee73bbb75b1340e3fa16c2aec71b96c496,Nan Boston gang,nan boston gang,UCDP_ACTOR,NameData,6176,Nan Boston gang,1,False,15,False,False,True,UCDP_ACTOR
100a823d0f36f9957df589c2574905b0e28ec373,Nan Boston gang,nan boston gang,UCDP_ACTOR,NameOrig,6176,Nan Boston gang,1,False,15,False,False,True,UCDP_ACTOR
a0cb8bf772a1be882e7524df9dd564ba3835f046,Nan Boston gang,nan boston gang,UCDP_ACTOR,NameOrigFull,6176,Nan Boston gang,1,False,15,False,False,True,UCDP_ACTOR
3c640e58006dc0ba015cd5ea57f31dd6bbccec95,Nan Boston gang,nan boston gang,UCDP_ACTOR,NameOrigFullEng,6176,Nan Boston gang,1,False,15,False,False,True,UCDP_ACTOR
37398f2c62598ac0f6c8405b5c99025af938da7e,Simon Pele gang,simon pele gang,UCDP_ACTOR,NameData,6177,Simon Pele gang,1,False,15,False,False,True,UCDP_ACTOR
c4b8e145505ea26b5b4a30b0542b207162194852,Simon Pele gang,simon pele gang,UCDP_ACTOR,NameOrig,6177,Simon Pele gang,1,False,15,False,False,True,UCDP_ACTOR
f89528f4c0a88b05c45a22aeda8e5c56ce567269,Simon Pelé gang,simon pelé gang,UCDP_ACTOR,NameOrigFull,6177,Simon Pele gang,1,False,15,False,False,True,UCDP_ACTOR
2508cff3fc4c19fc2534f952a62aeba33a4b2f5d,Simon Pele gang,simon pele gang,UCDP_ACTOR,NameOrigFullEng,6177,Simon Pele gang,1,False,15,False,False,True,UCDP_ACTOR
3da8f5d5441ec51173f81b48b60e9a20873ccf06,Elements (Luba militia),elements (luba militia),UCDP_ACTOR,NameData,6185,Elements (Luba militia),1,False,23,False,False,True,UCDP_ACTOR
920d6bb8af752cbc71689f0425b4f30f7e9c5f39,Elements (Luba militia),elements (luba militia),UCDP_ACTOR,NameOrig,6185,Elements (Luba militia),1,False,23,False,False,True,UCDP_ACTOR
3afbbbcdf0083e80773e9658cd5b13a104997d07,Elements,elements,UCDP_ACTOR,NameOrigFull,6185,Elements (Luba militia),1,True,8,False,False,True,UCDP_ACTOR
f531330059f3b86ed9067a4b54918c3f2b4b6853,Elements,elements,UCDP_ACTOR,NameOrigFullEng,6185,Elements (Luba militia),1,True,8,False,False,True,UCDP_ACTOR
363d7f6b95c82a15c43d5b7af2a9e50f9109f8d1,Perci (Batwa militia),perci (batwa militia),UCDP_ACTOR,NameData,6186,Perci (Batwa militia),1,False,21,False,False,True,UCDP_ACTOR
4720516bb57f5b3b476fc94abc2c3c99a1aeb9a8,Perci (Batwa militia),perci (batwa militia),UCDP_ACTOR,NameOrig,6186,Perci (Batwa militia),1,False,21,False,False,True,UCDP_ACTOR
9b8b3ae2cbcdf643fe88c31454ba796717c5473d,Perci,perci,UCDP_ACTOR,NameOrigFull,6186,Perci (Batwa militia),1,True,5,False,False,True,UCDP_ACTOR
ac4f6a7dfc93852427c65760e1251dad8910b7ba,Perci,perci,UCDP_ACTOR,NameOrigFullEng,6186,Perci (Batwa militia),1,True,5,False,False,True,UCDP_ACTOR
5f769847ee5f74f8bd060d846537084f5925f23a,Military faction (forces of Godefroid Niyombare),military faction (forces of godefroid niyombare),UCDP_ACTOR,NameData,6187,Military faction (forces of Godefroid Niyombare),1,False,48,False,False,True,RAD;UCDP_ACTOR
50b4c49284b7dddfb77f749c70c5b12d3daf7a4c,Military faction (forces of Godefroid Niyombare),military faction (forces of godefroid niyombare),UCDP_ACTOR,NameOrig,6187,Military faction (forces of Godefroid Niyombare),1,False,48,False,False,True,RAD;UCDP_ACTOR
0c995b551ee4d1229cb92757c4ca08dc9160cad2,Military faction (forces of Godefroid Niyombare),military faction (forces of godefroid niyombare),UCDP_ACTOR,NameOrigFull,6187,Military faction (forces of Godefroid Niyombare),1,False,48,False,False,True,RAD;UCDP_ACTOR
9eb7c7516a8049b9baff39022681ed9492336d06,Military faction (forces of Godefroid Niyombare),military faction (forces of godefroid niyombare),UCDP_ACTOR,NameOrigFullEng,6187,Military faction (forces of Godefroid Niyombare),1,False,48,False,False,True,RAD;UCDP_ACTOR
7a3213860a474601907b01d0e479e066393a392f,Forces of Mullah Abdol Rauf Khadim,forces of mullah abdol rauf khadim,UCDP_ACTOR,NameData,6194,Forces of Mullah Abdol Rauf Khadim,1,False,34,False,False,True,UCDP_ACTOR
50955530cdff7bd415eae5b80f26abd7128012c9,Forces of Mullah Abdol Rauf Khadim,forces of mullah abdol rauf khadim,UCDP_ACTOR,NameOrig,6194,Forces of Mullah Abdol Rauf Khadim,1,False,34,False,False,True,UCDP_ACTOR
fd42e3265ca8ffbbb3eef539f5a16bac87f644f8,Forces of Mullah Abdol Rauf Khadim,forces of mullah abdol rauf khadim,UCDP_ACTOR,NameOrigFull,6194,Forces of Mullah Abdol Rauf Khadim,1,False,34,False,False,True,UCDP_ACTOR
f3528ce092a937eb45fa76c3278c25e0f391615e,Forces of Mullah Abdol Rauf Khadim,forces of mullah abdol rauf khadim,UCDP_ACTOR,NameOrigFullEng,6194,Forces of Mullah Abdol Rauf Khadim,1,False,34,False,False,True,UCDP_ACTOR
20822c194c355dc2c9158ae0e2636ccf528c3f33,Taleban,taleban,UCDP_ACTOR,NamePrev,6194,Forces of Mullah Abdol Rauf Khadim,1,True,7,False,False,True,RAD;UCDP_ACTOR
5b11f7c1f6f6a2280d816a18e5df54de5dc752d7,Ajnad al-Sham,ajnad al-sham,UCDP_ACTOR,NameData,6228,Ajnad al-Sham,1,False,13,False,False,True,UCDP_ACTOR
086601896ede06326c7aed2331b72c966fdfa3c3,Ajnad al-Sham,ajnad al-sham,UCDP_ACTOR,NameOrig,6228,Ajnad al-Sham,1,False,13,False,False,True,UCDP_ACTOR
891b5025a7c3f0b378eaa86a0dee39f76e8b4661,Ajnad al-Sham,ajnad al-sham,UCDP_ACTOR,NameOrigFull,6228,Ajnad al-Sham,1,False,13,False,False,True,UCDP_ACTOR
b7e4487324ed9f66009c989bcd263fc5059f0d3b,Soldiers of the Levant,soldiers of the levant,UCDP_ACTOR,NameOrigFullEng,6228,Ajnad al-Sham,1,False,22,False,False,True,UCDP_ACTOR
515a1f1357e3eb5062ad2a7b27102456bb25da74,High Council of Afghanistan Islamic Emirate,high council of afghanistan islamic emirate,UCDP_ACTOR,NameData,6252,High Council of Afghanistan Islamic Emirate,1,False,43,False,False,True,UCDP_ACTOR
3248605d140567db91f46e1859ab9df806f48a89,Taleban - Mohamed Rasool faction,taleban - mohamed rasool faction,UCDP_ACTOR,NameOrig,6252,High Council of Afghanistan Islamic Emirate,1,False,32,False,False,True,UCDP_ACTOR
07cfe729185e1da420a028ab8313bf1dece42fb8,Taleban - Mohamed Rasool faction,taleban - mohamed rasool faction,UCDP_ACTOR,NameOrigFull,6252,High Council of Afghanistan Islamic Emirate,1,False,32,False,False,True,UCDP_ACTOR
a83175f4e64c39671bc87b0d9ceefbbb4b158960,Taleban - Mohamed Rasool faction,taleban - mohamed rasool faction,UCDP_ACTOR,NameOrigFullEng,6252,High Council of Afghanistan Islamic Emirate,1,False,32,False,False,True,UCDP_ACTOR
ad3cfd695982bb34b7b46365c257c86da4c0a291,High Council of Afghanistan Islamic Emirate,high council of afghanistan islamic emirate,UCDP_ACTOR,NewName,6252,High Council of Afghanistan Islamic Emirate,1,False,43,False,False,True,UCDP_ACTOR
9cf7532d3d3e5e90b92ea40361da828b8fe1a2cb,High Council of Afghanistan Islamic Emirate,high council of afghanistan islamic emirate,UCDP_ACTOR,NewNameFullEng,6252,High Council of Afghanistan Islamic Emirate,1,False,43,False,False,True,UCDP_ACTOR
8cc19bdb05b9a3fcef84a2a14c4f777d4ddbe319,Taleban,taleban,UCDP_ACTOR,NamePrev,6252,High Council of Afghanistan Islamic Emirate,1,True,7,False,False,True,RAD;UCDP_ACTOR
c6ca1fa10964672c2985014b30076bb4c5bd97ae,Forces of the Presidential Leadership Council,forces of the presidential leadership council,UCDP_ACTOR,NameData,6254,Forces of the Presidential Leadership Council,1,False,45,False,False,True,UCDP_ACTOR
ab70bae9b97f3bee77058c0145e8ac9086123dd0,Forces of Hadi,forces of hadi,UCDP_ACTOR,NameOrig,6254,Forces of the Presidential Leadership Council,1,False,14,False,False,True,RAD;UCDP_ACTOR
feda9ee7858d289f9ea1eeb0baec2943b98e7a3c,Forces of Hadi,forces of hadi,UCDP_ACTOR,NameOrigFullEng,6254,Forces of the Presidential Leadership Council,1,False,14,False,False,True,RAD;UCDP_ACTOR
699d31eaff890924188a1ea0894beacfc4d214b3,Forces of the Presidential Leadership Council,forces of the presidential leadership council,UCDP_ACTOR,NewName,6254,Forces of the Presidential Leadership Council,1,False,45,False,False,True,UCDP_ACTOR
91854c7db7eab5b6748f31a8c4911fe80d3b5c25,مجلس القيادة الرئاسي,مجلس القيادة الرئاسي,UCDP_ACTOR,NewNameFullMotherTongue,6254,Forces of the Presidential Leadership Council,1,False,20,False,False,True,UCDP_ACTOR
4ff5dcf71749b7182c8d234afad3acc70fb0df23,Forces of the Presidential Leadership Council,forces of the presidential leadership council,UCDP_ACTOR,NewNameFullEng,6254,Forces of the Presidential Leadership Council,1,False,45,False,False,True,UCDP_ACTOR
f965fee4bb0590cf3f1c26b4c9e47ed1d6c70515,FLM,flm,UCDP_ACTOR,NameData,6267,FLM,1,True,3,True,False,True,RAD;UCDP_ACTOR
e536af3e01cf31634b0992f28281698c9fe816e8,FLM,flm,UCDP_ACTOR,NameOrig,6267,FLM,1,True,3,True,False,True,RAD;UCDP_ACTOR
855777ca31771217eb5516d80c360ffbf3610fe9,Front de Libération du Macina,front de libération du macina,UCDP_ACTOR,NameOrigFull,6267,FLM,1,False,29,False,False,True,RAD;UCDP_ACTOR
39548d2c687c48ccea62e9d0a42d708206c26c4a,Macina Liberation Front,macina liberation front,UCDP_ACTOR,NameOrigFullEng,6267,FLM,1,False,23,False,False,True,RAD;UCDP_ACTOR
2d9d05e678eb4557f40ff20635c742d22a5d4430,Ansar Dine,ansar dine,UCDP_ACTOR,NamePrev,6267,FLM,1,False,10,False,False,True,RAD;UCDP_ACTOR
5ec268fa9d52dbd5d01b5a31153e9297ea1b88cc,Ansar Dine,ansar dine,UCDP_ACTOR,GroupName,6267,FLM,1,False,10,False,False,True,RAD;UCDP_ACTOR
8ac50d2859317206b3f64375350eed641b235456,JNIM,jnim,UCDP_ACTOR,GroupName,6267,FLM,1,True,4,True,False,True,RAD;UCDP_ACTOR
008d5be1ab77f2f0d433c8b8d455714884c55b99,Aknaf Bait al-Maqdis,aknaf bait al-maqdis,UCDP_ACTOR,NameData,6273,Aknaf Bait al-Maqdis,1,False,20,False,False,True,UCDP_ACTOR
b88aad609a237f538712106005c490acfceffca9,Aknaf Bait al-Maqdis,aknaf bait al-maqdis,UCDP_ACTOR,NameOrig,6273,Aknaf Bait al-Maqdis,1,False,20,False,False,True,UCDP_ACTOR
371f21cae8685af19ea13126dd13349e15ba51f9,Aknaf Bait al-Maqdis,aknaf bait al-maqdis,UCDP_ACTOR,NameOrigFull,6273,Aknaf Bait al-Maqdis,1,False,20,False,False,True,UCDP_ACTOR
10e219033bdf2f46613b4a37313d78ff8cc85101,Defenders of Jerusalem,defenders of jerusalem,UCDP_ACTOR,NameOrigFullEng,6273,Aknaf Bait al-Maqdis,1,False,22,False,False,True,UCDP_ACTOR
2351229e2c9757a6a9287cb2da4b1a9b9603f96f,Sabaneta - Re-education sector gang,sabaneta - re-education sector gang,UCDP_ACTOR,NameData,6275,Sabaneta - Re-education sector gang,1,False,35,False,False,True,UCDP_ACTOR
b9e1511598f8398571ca124fbe8b3f0ea631001b,Sabaneta - Re-education sector gang,sabaneta - re-education sector gang,UCDP_ACTOR,NameOrig,6275,Sabaneta - Re-education sector gang,1,False,35,False,False,True,UCDP_ACTOR
24124eca8413becaf55c8c5652966693bef322be,Sabaneta - Re-education sector gang,sabaneta - re-education sector gang,UCDP_ACTOR,NameOrigFull,6275,Sabaneta - Re-education sector gang,1,False,35,False,False,True,UCDP_ACTOR
15fec75804047206f50c25e4015bcecc5f0eee44,Sabaneta - Re-education sector gang,sabaneta - re-education sector gang,UCDP_ACTOR,NameOrigFullEng,6275,Sabaneta - Re-education sector gang,1,False,35,False,False,True,UCDP_ACTOR
6270a9ab52e85bbbf044dddc27e47abb3f959bfe,Sabaneta - Pavilion I gang,sabaneta - pavilion i gang,UCDP_ACTOR,NameData,6276,Sabaneta - Pavilion I gang,1,False,26,False,False,True,UCDP_ACTOR
c9ff1c8bfe6a5a530fba923614015771d33fe3c7,Sabaneta - Pavilion I gang,sabaneta - pavilion i gang,UCDP_ACTOR,NameOrig,6276,Sabaneta - Pavilion I gang,1,False,26,False,False,True,UCDP_ACTOR
b781b0de72f36e375851f7b03dc05159129ab916,Sabaneta - Pavilion I gang,sabaneta - pavilion i gang,UCDP_ACTOR,NameOrigFull,6276,Sabaneta - Pavilion I gang,1,False,26,False,False,True,UCDP_ACTOR
d325e0e47ce3c18b178189c9b0af8c4ac452acc4,Sabaneta - Pavilion I gang,sabaneta - pavilion i gang,UCDP_ACTOR,NameOrigFullEng,6276,Sabaneta - Pavilion I gang,1,False,26,False,False,True,UCDP_ACTOR
77ce76012c1b42e8ea5124ef34bfe4a11480a445,IPOB,ipob,UCDP_ACTOR,NameData,6287,IPOB,1,True,4,True,False,True,UCDP_ACTOR
d9ced1ba2c1c5d6aaae791deec629edab80c22b0,IPOB,ipob,UCDP_ACTOR,NameOrig,6287,IPOB,1,True,4,True,False,True,UCDP_ACTOR
5d4000adbf6edee8b1b2d1056e31ad0d0093cad5,Indigenous People of Biafra,indigenous people of biafra,UCDP_ACTOR,NameOrigFull,6287,IPOB,1,False,27,False,False,True,UCDP_ACTOR
e495e32f0d511bff777b3a7afb1dc0d4aee9fafc,Indigenous People of Biafra,indigenous people of biafra,UCDP_ACTOR,NameOrigFullEng,6287,IPOB,1,False,27,False,False,True,UCDP_ACTOR
9ee3c9bac9548aad03728f02747ecdeea18327b6,SDF,sdf,UCDP_ACTOR,NameData,6288,SDF,1,True,3,True,False,True,RAD;UCDP_ACTOR
e0061efecd738100f08dc6f4bf5a4e1dc5917034,SDF,sdf,UCDP_ACTOR,NameOrig,6288,SDF,1,True,3,True,False,True,RAD;UCDP_ACTOR
936a0d5e85c58eb83199489805c7cd3fa9ea1d02,Hêzên Sûriya Demokratîk,hêzên sûriya demokratîk,UCDP_ACTOR,NameOrigFull,6288,SDF,1,False,23,False,False,True,UCDP_ACTOR
b77b5ca0a12ab4253e5ba3f94682eb6c9c2087d8,Syrian Democratic Forces,syrian democratic forces,UCDP_ACTOR,NameOrigFullEng,6288,SDF,1,False,24,False,False,True,RAD;UCDP_ACTOR
992bc52d6cd0d26186ddb439834953664fc305ab,FPB,fpb,UCDP_ACTOR,NameData,6297,FPB,1,True,3,True,False,True,RAD;UCDP_ACTOR
676a69eea7993025d2b822a17cf8336f9a4d15a5,Forebu,forebu,UCDP_ACTOR,NameOrig,6297,FPB,1,True,6,False,False,True,UCDP_ACTOR
206bb937bd6be47c943abf3109c05c9c534f4a79,Les Forces Republicaines du Burundi,les forces republicaines du burundi,UCDP_ACTOR,NameOrigFull,6297,FPB,1,False,35,False,False,True,UCDP_ACTOR
8442673eaab2f8071fb2531a0221de4d0c8bbc2e,Republican Forces of Burundi,republican forces of burundi,UCDP_ACTOR,NameOrigFullEng,6297,FPB,1,False,28,False,False,True,UCDP_ACTOR
905e522256e083ca8990c0cff57ffbe5d06bfd88,FPB,fpb,UCDP_ACTOR,NewName,6297,FPB,1,True,3,True,False,True,RAD;UCDP_ACTOR
1c173e4c3e2f8b1101db88f2ffaea3a8ce2d3460,Forces Populaires du Burundi,forces populaires du burundi,UCDP_ACTOR,NewNameFullMotherTongue,6297,FPB,1,False,28,False,False,True,UCDP_ACTOR
9acce12a84376a5880629030f6e72458741fa996,Popular Forces of Burundi,popular forces of burundi,UCDP_ACTOR,NewNameFullEng,6297,FPB,1,False,25,False,False,True,UCDP_ACTOR
d31d24a96842b931d8b59d12df8aa5b8258e2619,Jaysh al-Jihad (Saraya al- Jihad),jaysh al-jihad (saraya al- jihad),UCDP_ACTOR,NameData,6302,Jaysh al-Jihad (Saraya al- Jihad),1,False,33,False,False,True,UCDP_ACTOR
970606c66591d673acc8eeae75a72b655dbaa618,Jaysh al-Jihad (Saraya al- Jihad),jaysh al-jihad (saraya al- jihad),UCDP_ACTOR,NameOrig,6302,Jaysh al-Jihad (Saraya al- Jihad),1,False,33,False,False,True,UCDP_ACTOR
387e86e69e014676856f0fe4530dd03e93e1c0d3,Jaysh al-Jihad,jaysh al-jihad,UCDP_ACTOR,NameOrigFull,6302,Jaysh al-Jihad (Saraya al- Jihad),1,False,14,False,False,True,UCDP_ACTOR
71154b6b5ca5e17180f83c48ad7b50907be16790,Jihad Army,jihad army,UCDP_ACTOR,NameOrigFullEng,6302,Jaysh al-Jihad (Saraya al- Jihad),1,False,10,False,False,True,UCDP_ACTOR
16526f1233516fc5654371e4800e25f5b226cd3f,Tahrir al- Sham Army,tahrir al- sham army,UCDP_ACTOR,NameData,6306,Tahrir al- Sham Army,1,False,20,False,False,True,UCDP_ACTOR
b8d2f5a8a8b1acfc8f79bef552e29772e0897d29,Tahrir al- Sham Army,tahrir al- sham army,UCDP_ACTOR,NameOrig,6306,Tahrir al- Sham Army,1,False,20,False,False,True,UCDP_ACTOR
b1ba09a3978cc57e193f9cdb66be9f6a7eb84d9f,Tahrir al- Sham Army,tahrir al- sham army,UCDP_ACTOR,NameOrigFull,6306,Tahrir al- Sham Army,1,False,20,False,False,True,UCDP_ACTOR
805af7c85c59c4c12a4597e841563ff7053d1db2,Tahrir al- Sham Army,tahrir al- sham army,UCDP_ACTOR,NameOrigFullEng,6306,Tahrir al- Sham Army,1,False,20,False,False,True,UCDP_ACTOR
0a35ffac337e7d2cffbd77696517f273facee577,UNLFW,unlfw,UCDP_ACTOR,NameData,6320,UNLFW,1,True,5,False,False,True,RAD;UCDP_ACTOR
e2e86240d0fe80a67f464dfa7740af3385474c3c,UNLFW,unlfw,UCDP_ACTOR,NameOrig,6320,UNLFW,1,True,5,False,False,True,RAD;UCDP_ACTOR
51eceaca658648633d3093f99f61764b10a3b98a,United Liberation Front of Western South East Asia,united liberation front of western south east asia,UCDP_ACTOR,NameOrigFull,6320,UNLFW,1,False,50,False,False,True,RAD;UCDP_ACTOR
fdc4a9e62e65af17e5ce9fca3530836c84233092,United Liberation Front of Western South East Asia,united liberation front of western south east asia,UCDP_ACTOR,NameOrigFullEng,6320,UNLFW,1,False,50,False,False,True,RAD;UCDP_ACTOR
05b8f21e60efbbc2551e41bc86017895ba5690dd,Southern Front,southern front,UCDP_ACTOR,NameData,6333,Southern Front,1,False,14,False,False,True,UCDP_ACTOR
6ae1722f26185ea0fb54740b398c6e4800c3cfa1,Southern Front,southern front,UCDP_ACTOR,NameOrig,6333,Southern Front,1,False,14,False,False,True,UCDP_ACTOR
5b4ad1436cbafb30ce56ed87749d909264dd24e2,Southern Front,southern front,UCDP_ACTOR,NameOrigFull,6333,Southern Front,1,False,14,False,False,True,UCDP_ACTOR
7ee96eda6f6540e9cab37932a2079485d892f762,Southern Front,southern front,UCDP_ACTOR,NameOrigFullEng,6333,Southern Front,1,False,14,False,False,True,UCDP_ACTOR
caf8a8411ee23c71b7297508690cfb9a10a2f4d6,CM-FPR,cm-fpr,UCDP_ACTOR,NameData,6348,CM-FPR,1,True,6,False,False,True,UCDP_ACTOR
7b8b4621fd77850680c4e2d71c795eda44c7b777,CM-FPR,cm-fpr,UCDP_ACTOR,NameOrig,6348,CM-FPR,1,True,6,False,False,True,UCDP_ACTOR
b90362a9bc437f70959b8e8886a7ec348ff11b06,Coordination des Mouvements et Front Patriotique de Résistance,coordination des mouvements et front patriotique de résistance,UCDP_ACTOR,NameOrigFull,6348,CM-FPR,1,False,62,False,False,True,UCDP_ACTOR
67e5e96447e3730fad3cf735e4118d88c34e107c,Coordination of Movements and Fronts of Patriotic Resistance,coordination of movements and fronts of patriotic resistance,UCDP_ACTOR,NameOrigFullEng,6348,CM-FPR,1,False,60,False,False,True,UCDP_ACTOR
9816ab6ddb3faafbe1bbde617b5d94549b16eb18,MPC,mpc,UCDP_ACTOR,NameData,6354,MPC,1,True,3,True,False,True,UCDP_ACTOR
efbc01157ad26c85e78e585710bc3ab04b3ecce8,MPC,mpc,UCDP_ACTOR,NameOrig,6354,MPC,1,True,3,True,False,True,UCDP_ACTOR
5702b1e838e575e395e14362a84b00a43098bae3,Mouvement patriotique de Centrafrique,mouvement patriotique de centrafrique,UCDP_ACTOR,NameOrigFull,6354,MPC,1,False,37,False,False,True,UCDP_ACTOR
b1fbe17a2ae1e45100b96ba0372360a866fc66e7,Patriotic Movement for the Central African Republic,patriotic movement for the central african republic,UCDP_ACTOR,NameOrigFullEng,6354,MPC,1,False,51,False,False,True,UCDP_ACTOR
691ce95cf0f09650e43a66b32a8c09b1b13c0eda,UPC,upc,UCDP_ACTOR,NamePrev,6354,MPC,1,True,3,True,False,True,UCDP_ACTOR
688de2d5111e8145fd80ad38eeebdff0ca0d2797,CPC,cpc,UCDP_ACTOR,NamePrev,6354,MPC,1,True,3,True,False,True,UCDP_ACTOR
c2f5723344863bc3dd62b84e2f3128b22764bbc9,CPC,cpc,UCDP_ACTOR,NameAlliance,6354,MPC,1,True,3,True,False,True,UCDP_ACTOR
fddf33b64653d9124cd053e7bba36b95411dce43,JAK-T,jak-t,UCDP_ACTOR,NameData,6359,JAK-T,1,True,5,False,False,True,UCDP_ACTOR
90d098773a704119d4413c73f883356e7d2bcb1e,JAK-T,jak-t,UCDP_ACTOR,NameOrig,6359,JAK-T,1,True,5,False,False,True,UCDP_ACTOR
56638616da7317d79da5fc654c556e988f350c5a,Jund al-Khilafah-Tunisia,jund al-khilafah-tunisia,UCDP_ACTOR,NameOrigFull,6359,JAK-T,1,False,24,False,False,True,UCDP_ACTOR
5db2c6897356ad2169c518637fe60eefbf99955d,Soldiers of the Caliphate,soldiers of the caliphate,UCDP_ACTOR,NameOrigFullEng,6359,JAK-T,1,False,25,False,False,True,UCDP_ACTOR
203d98ef91e65696b5ab531aab116b6b7ce4f725,MFS,mfs,UCDP_ACTOR,NameData,6366,MFS,1,True,3,True,False,True,UCDP_ACTOR
6b2548eaea1d2397b30c6f18b4055f2b27825c5d,MFS,mfs,UCDP_ACTOR,NameOrig,6366,MFS,1,True,3,True,False,True,UCDP_ACTOR
8cf19e6ced3f213da6f5363dccb51c4310992088,Mawtbo Fulhoyo Suryoyo,mawtbo fulhoyo suryoyo,UCDP_ACTOR,NameOrigFull,6366,MFS,1,False,22,False,False,True,UCDP_ACTOR
7f5ebd798bf6fe241da1b5658f9785638f0bb100,Syriac Military Council,syriac military council,UCDP_ACTOR,NameOrigFullEng,6366,MFS,1,False,23,False,False,True,UCDP_ACTOR
4f14c421f4377bf604efc8ffa6fc82f61d893d96,SDF,sdf,UCDP_ACTOR,NameAlliance,6366,MFS,1,True,3,True,False,True,RAD;UCDP_ACTOR
3999c11c68f7a228a4df06deb474898594f0dd09,Khabour Guards,khabour guards,UCDP_ACTOR,NameData,6368,Khabour Guards,1,False,14,False,False,True,UCDP_ACTOR
d91dd1b5ed075fcc485f2a29c9c37a4e589ce5a4,Khabour Guards,khabour guards,UCDP_ACTOR,NameOrig,6368,Khabour Guards,1,False,14,False,False,True,UCDP_ACTOR
bf48e14f4152d8bc4c4fc9c22bb03399c78c7ea0,Naṭore dKhabour,naṭore dkhabour,UCDP_ACTOR,NameOrigFull,6368,Khabour Guards,1,False,15,False,False,True,UCDP_ACTOR
8011fb09171f1fbb55efae13074a957e67ed23a6,Khabour Guards,khabour guards,UCDP_ACTOR,NameOrigFullEng,6368,Khabour Guards,1,False,14,False,False,True,UCDP_ACTOR
f984a79ffe29e9d3841d31e4e610cbaa9073ffc6,Jaysh al-Sanadid,jaysh al-sanadid,UCDP_ACTOR,NameData,6369,Jaysh al-Sanadid,1,False,16,False,False,True,UCDP_ACTOR
91d1f9364421be2472a614d0593ae083c7564b7c,Jaysh al-Sanadid,jaysh al-sanadid,UCDP_ACTOR,NameOrig,6369,Jaysh al-Sanadid,1,False,16,False,False,True,UCDP_ACTOR
23f0a079dded2b5e61cd31a4e677beee589d544a,Jaysh al-Sanadid,jaysh al-sanadid,UCDP_ACTOR,NameOrigFull,6369,Jaysh al-Sanadid,1,False,16,False,False,True,UCDP_ACTOR
56fac90571120f0b498f6298c51a5b0bc38971fd,Forces of the Brave,forces of the brave,UCDP_ACTOR,NameOrigFullEng,6369,Jaysh al-Sanadid,1,False,19,False,False,True,UCDP_ACTOR
8e53603f7802dc0b52fe2e2b67434867662e0f30,SDF,sdf,UCDP_ACTOR,NameAlliance,6369,Jaysh al-Sanadid,1,True,3,True,False,True,RAD;UCDP_ACTOR
67fb4fec07215a797d51e2b284b07fc9e7384844,DPF,dpf,UCDP_ACTOR,NameData,6371,DPF,1,True,3,True,False,True,UCDP_ACTOR
d327afc01edc688e83a0d74add76482ca0006762,Derna Mujahideen Shura Council,derna mujahideen shura council,UCDP_ACTOR,NameOrig,6371,DPF,1,False,30,False,False,True,UCDP_ACTOR
93d95ec619e22bed78ca91e30aa3527f23abfa95,Majlis Shūrā al-Mujāhidīn Darnah,majlis shūrā al-mujāhidīn darnah,UCDP_ACTOR,NameOrigFull,6371,DPF,1,False,32,False,False,True,UCDP_ACTOR
479ce1dd18093b378ce85e9cc94283397f518ea1,Derna Mujahideen Shura Council,derna mujahideen shura council,UCDP_ACTOR,NameOrigFullEng,6371,DPF,1,False,30,False,False,True,UCDP_ACTOR
f0ee5f427d976d62008bbb7aeee64800a31b1908,DPF,dpf,UCDP_ACTOR,NewName,6371,DPF,1,True,3,True,False,True,UCDP_ACTOR
42be7505a536e7232bd4026893732a022b7f097a,Derna Protection Force,derna protection force,UCDP_ACTOR,NewNameFullMotherTongue,6371,DPF,1,False,22,False,False,True,UCDP_ACTOR
241c834bd137ae42c058a5b89f4011962982b883,Derna Protection Force,derna protection force,UCDP_ACTOR,NewNameFullEng,6371,DPF,1,False,22,False,False,True,UCDP_ACTOR
acfe1f9654ed81d50914f28b50b0aa4f16efef04,Levant Front,levant front,UCDP_ACTOR,NameData,6372,Levant Front,1,False,12,False,False,True,UCDP_ACTOR
40aece83e8587ae1bf6a9734099b932c89c500a6,Levant Front,levant front,UCDP_ACTOR,NameOrig,6372,Levant Front,1,False,12,False,False,True,UCDP_ACTOR
f2fe6c9df1fb3e838ab0e887bc8f2471e6635e3d,al-Jabha al-Shamiya,al-jabha al-shamiya,UCDP_ACTOR,NameOrigFull,6372,Levant Front,1,False,19,False,False,True,UCDP_ACTOR
ea2fc26feba363b2d07521fdd5a7dfc9c3093e8a,Levant Front,levant front,UCDP_ACTOR,NameOrigFullEng,6372,Levant Front,1,False,12,False,False,True,UCDP_ACTOR
5d5035f7f3b4b2cea3d57619afeb9e7968b8a4cd,SNA,sna,UCDP_ACTOR,NameAlliance,6372,Levant Front,1,True,3,True,False,True,UCDP_ACTOR
21a22aaacdb24d06c60dab9d848cfd2d7f006621,Jaysh al-Islam,jaysh al-islam,UCDP_ACTOR,NameData,6377,Jaysh al-Islam,1,False,14,False,False,True,UCDP_ACTOR
5541f72a8189978ea78585c1206226ada90c027c,Liwa al-Islam,liwa al-islam,UCDP_ACTOR,NameOrig,6377,Jaysh al-Islam,1,False,13,False,False,True,UCDP_ACTOR
b511d017cdb08de1df5fa86e52f388f5e8bf1aba,Liwa al-Islam,liwa al-islam,UCDP_ACTOR,NameOrigFull,6377,Jaysh al-Islam,1,False,13,False,False,True,UCDP_ACTOR
7c16a461049b14f892f46fe0cf10324f759b5315,Brigade of Islam,brigade of islam,UCDP_ACTOR,NameOrigFullEng,6377,Jaysh al-Islam,1,False,16,False,False,True,UCDP_ACTOR
cbb01172cde2fb0d428c369c81f6789288a23fdf,Jaysh al-Islam,jaysh al-islam,UCDP_ACTOR,NewName,6377,Jaysh al-Islam,1,False,14,False,False,True,UCDP_ACTOR
49308d91303c0800ae754878c265cde5058e7e26,Jaysh al-Islam,jaysh al-islam,UCDP_ACTOR,NewNameFullMotherTongue,6377,Jaysh al-Islam,1,False,14,False,False,True,UCDP_ACTOR
ed385221bfdfbf55cb4119ab2ee1aa7656c7c9d1,Army of Islam,army of islam,UCDP_ACTOR,NewNameFullEng,6377,Jaysh al-Islam,1,False,13,False,False,True,UCDP_ACTOR
97603c138f3d7f43033472060af984e543fc9d92,Islamic Front,islamic front,UCDP_ACTOR,NamePrev,6377,Jaysh al-Islam,1,False,13,False,False,True,UCDP_ACTOR
4483d1472865c88979437dda788dfa778ae39679,Islamic Front,islamic front,UCDP_ACTOR,NameAlliance,6377,Jaysh al-Islam,1,False,13,False,False,True,UCDP_ACTOR
a8607e4a1d7cd05aca7bdabffe4192c88fe49af3,SNA,sna,UCDP_ACTOR,NameAlliance,6377,Jaysh al-Islam,1,True,3,True,False,True,UCDP_ACTOR
b7cd08509b0d5e2b03abac7a8b931afee11f20d6,Jaysh al-Sunna,jaysh al-sunna,UCDP_ACTOR,NameData,6383,Jaysh al-Sunna,1,False,14,False,False,True,UCDP_ACTOR
95fab7da927a223f6d40cecd6199dc72dce4db85,Jaysh al-Sunna,jaysh al-sunna,UCDP_ACTOR,NameOrig,6383,Jaysh al-Sunna,1,False,14,False,False,True,UCDP_ACTOR
d72e6aed114848cbf47086b5c99364aab94bcf53,Jaysh al-Sunna,jaysh al-sunna,UCDP_ACTOR,NameOrigFull,6383,Jaysh al-Sunna,1,False,14,False,False,True,UCDP_ACTOR
19ca0efbecdc0e2c959190380e05f9d8bd564824,Jaysh al-Sunna,jaysh al-sunna,UCDP_ACTOR,NameOrigFullEng,6383,Jaysh al-Sunna,1,False,14,False,False,True,UCDP_ACTOR
d80b18fbe7215c64877961f0425c301cdcf4cf4b,HTS,hts,UCDP_ACTOR,NameAlliance,6383,Jaysh al-Sunna,1,True,3,True,False,True,UCDP_ACTOR
85959e9b8b7487aab753fca62c40765676aeef45,Rahman Corps,rahman corps,UCDP_ACTOR,NameData,6391,Rahman Corps,1,False,12,False,False,True,UCDP_ACTOR
f134d80b3f645bd06b35faee7d4beef0a1c217d6,Rahman Corps,rahman corps,UCDP_ACTOR,NameOrig,6391,Rahman Corps,1,False,12,False,False,True,UCDP_ACTOR
dc7beb0687ea1148de0f5219a17f10911468b96c,Faylaq Al-Rahman,faylaq al-rahman,UCDP_ACTOR,NameOrigFull,6391,Rahman Corps,1,False,16,False,False,True,UCDP_ACTOR
f209aa1d7a90212e0f00fb553cde06f7bbd7132b,Rahman Corps,rahman corps,UCDP_ACTOR,NameOrigFullEng,6391,Rahman Corps,1,False,12,False,False,True,UCDP_ACTOR
e8bdc2a4b4b43e4c52a89304cd88f097fd5a7c46,SNA,sna,UCDP_ACTOR,NameAlliance,6391,Rahman Corps,1,True,3,True,False,True,UCDP_ACTOR
67a11809b6e306bd1ed782c6871fdd950af30333,Martyr Lieutenant Ahmed Abdou Brigades,martyr lieutenant ahmed abdou brigades,UCDP_ACTOR,NameData,6392,Martyr Lieutenant Ahmed Abdou Brigades,1,False,38,False,False,True,UCDP_ACTOR
78a9f615939d3d3e5223ca7cd4122841b6b2c6e1,Martyr Lieutenant Ahmed Abdou Brigades,martyr lieutenant ahmed abdou brigades,UCDP_ACTOR,NameOrig,6392,Martyr Lieutenant Ahmed Abdou Brigades,1,False,38,False,False,True,UCDP_ACTOR
eb1ca0d6fc97b166424180250cd87aeadd507163,Quwwat al-Shaheed Ahmad al-Abdo,quwwat al-shaheed ahmad al-abdo,UCDP_ACTOR,NameOrigFull,6392,Martyr Lieutenant Ahmed Abdou Brigades,1,False,31,False,False,True,UCDP_ACTOR
c10c3f77d0b60cc959467bd109f2c79dfe8b1f2f,Martyr Lieutenant Ahmed Abdou Brigades,martyr lieutenant ahmed abdou brigades,UCDP_ACTOR,NameOrigFullEng,6392,Martyr Lieutenant Ahmed Abdou Brigades,1,False,38,False,False,True,UCDP_ACTOR
ef0dd4a579e130b5515c0e0b442c474b3bb54e48,Authenticity and Development Front,authenticity and development front,UCDP_ACTOR,NameData,6393,Authenticity and Development Front,1,False,34,False,False,True,UCDP_ACTOR
dae2c37195ad0d67873f35ae8007b754f4fc958a,Authenticity and Development Front,authenticity and development front,UCDP_ACTOR,NameOrig,6393,Authenticity and Development Front,1,False,34,False,False,True,UCDP_ACTOR
b3e6230c005a3f3d6a2bc07d83d7236801ff4a99,Jabhat al-Asala wal Tanmiya,jabhat al-asala wal tanmiya,UCDP_ACTOR,NameOrigFull,6393,Authenticity and Development Front,1,False,27,False,False,True,UCDP_ACTOR
d39b4a92a6a46e8affcd7e343ea12cb04b593364,Authenticity and Development Front,authenticity and development front,UCDP_ACTOR,NameOrigFullEng,6393,Authenticity and Development Front,1,False,34,False,False,True,UCDP_ACTOR
e58da04036009a003dee55f9ba82ef7815cb8631,Jaysh Usud al-Sharqiya,jaysh usud al-sharqiya,UCDP_ACTOR,NameData,6394,Jaysh Usud al-Sharqiya,1,False,22,False,False,True,UCDP_ACTOR
144011bbe9eb18295cf1f1adec567825216dbf08,Jaysh Usud al-Sharqiya,jaysh usud al-sharqiya,UCDP_ACTOR,NameOrig,6394,Jaysh Usud al-Sharqiya,1,False,22,False,False,True,UCDP_ACTOR
3fb60cfacc5d8bf2326145ddc6f80914c06f914d,Jaysh Usud al-Sharqiya,jaysh usud al-sharqiya,UCDP_ACTOR,NameOrigFull,6394,Jaysh Usud al-Sharqiya,1,False,22,False,False,True,UCDP_ACTOR
0a6b95a7b87da4cbc413784f8b92675c0b377dea,Lions of the East Army,lions of the east army,UCDP_ACTOR,NameOrigFullEng,6394,Jaysh Usud al-Sharqiya,1,False,22,False,False,True,UCDP_ACTOR
2d44aa9be46051dab64d02c5c605b18a0c570564,Authenticity and Development Front,authenticity and development front,UCDP_ACTOR,NamePrev,6394,Jaysh Usud al-Sharqiya,1,False,34,False,False,True,UCDP_ACTOR
50be472fdc42e1c83bc49d0dfca1ef2cbf676653,SNA,sna,UCDP_ACTOR,NameAlliance,6394,Jaysh Usud al-Sharqiya,1,True,3,True,False,True,UCDP_ACTOR
afae28308ef2e513cdcc3a6e1e2ade3306a49849,Ajdabiya Revolutionaries Shura Council,ajdabiya revolutionaries shura council,UCDP_ACTOR,NameData,6400,Ajdabiya Revolutionaries Shura Council,1,False,38,False,False,True,UCDP_ACTOR
d6bf414e7beb0b8ce206a9090272d8ced576f596,Ajdabiya Revolutionaries Shura Council,ajdabiya revolutionaries shura council,UCDP_ACTOR,NameOrig,6400,Ajdabiya Revolutionaries Shura Council,1,False,38,False,False,True,UCDP_ACTOR
caf35f5e5a34af6d070d37163c85dd4b96f9ca74,Ajdabiya Revolutionaries Shura Council,ajdabiya revolutionaries shura council,UCDP_ACTOR,NameOrigFull,6400,Ajdabiya Revolutionaries Shura Council,1,False,38,False,False,True,UCDP_ACTOR
03f2f60d75c0a87967f2331ea304d358aa8cd5cd,Ajdabiya Revolutionaries Shura Council,ajdabiya revolutionaries shura council,UCDP_ACTOR,NameOrigFullEng,6400,Ajdabiya Revolutionaries Shura Council,1,False,38,False,False,True,UCDP_ACTOR
2329c4eebf7aa2f1032fd674a3bbb095146d6039,Sham Legion,sham legion,UCDP_ACTOR,NameData,6404,Sham Legion,1,False,11,False,False,True,UCDP_ACTOR
0ea62797e57adc1e2062b873b4db172be94796f6,Sham Legion,sham legion,UCDP_ACTOR,NameOrig,6404,Sham Legion,1,False,11,False,False,True,UCDP_ACTOR
d146f2febe649930a8423504022254298cef9291,Faylaq Al-Sham,faylaq al-sham,UCDP_ACTOR,NameOrigFull,6404,Sham Legion,1,False,14,False,False,True,UCDP_ACTOR
1e8f2a9f2a7a55920ca1ae2a14c93a3f93571fbd,Sham Legion,sham legion,UCDP_ACTOR,NameOrigFullEng,6404,Sham Legion,1,False,11,False,False,True,UCDP_ACTOR
856bea34740e85b2053a46150eebe5fcf7dd5ad8,National Front for Liberation,national front for liberation,UCDP_ACTOR,GroupName,6404,Sham Legion,1,False,29,False,False,True,UCDP_ACTOR
a6a4d2eafe524c6a5a9abfa23f916a7e2fe97051,Liwa al-Haq Idlib,liwa al-haq idlib,UCDP_ACTOR,NameData,6405,Liwa al-Haq Idlib,1,False,17,False,False,True,UCDP_ACTOR
df652d2e739237f64e97f91c578057d788055e63,Liwa al-Haq Idlib,liwa al-haq idlib,UCDP_ACTOR,NameOrig,6405,Liwa al-Haq Idlib,1,False,17,False,False,True,UCDP_ACTOR
86e579514258f096dcd0bd80af18c681ded4ea16,Liwa al-Haq,liwa al-haq,UCDP_ACTOR,NameOrigFull,6405,Liwa al-Haq Idlib,1,False,11,False,False,True,UCDP_ACTOR
2100178f76594a2f67a848bae37d57ca77c495e2,Truth Brigade,truth brigade,UCDP_ACTOR,NameOrigFullEng,6405,Liwa al-Haq Idlib,1,False,13,False,False,True,UCDP_ACTOR
e1646e5e2560a758d8277e5546132f5f595edc3b,Islamic Front,islamic front,UCDP_ACTOR,NamePrev,6405,Liwa al-Haq Idlib,1,False,13,False,False,True,UCDP_ACTOR
a5a12a5fcd1c67064051a09974caa32f196a80ff,HTS,hts,UCDP_ACTOR,NameAlliance,6405,Liwa al-Haq Idlib,1,True,3,True,False,True,UCDP_ACTOR
6033a64e49e911fd50594d12a7d9a0533a755b30,Jaysh al-Thuwar,jaysh al-thuwar,UCDP_ACTOR,NameData,6411,Jaysh al-Thuwar,1,False,15,False,False,True,UCDP_ACTOR
33f66bcc942b0d774ef7b6a851ba98816ae06bef,Jaysh al-Thuwar,jaysh al-thuwar,UCDP_ACTOR,NameOrig,6411,Jaysh al-Thuwar,1,False,15,False,False,True,UCDP_ACTOR
b2e44217312fcfca229e5719c1ea48829b996af2,Jaysh al-Thuwar,jaysh al-thuwar,UCDP_ACTOR,NameOrigFull,6411,Jaysh al-Thuwar,1,False,15,False,False,True,UCDP_ACTOR
34c651f26a52a8678a0eac04599d78a44a7ef37e,Army of Revolutionaries,army of revolutionaries,UCDP_ACTOR,NameOrigFullEng,6411,Jaysh al-Thuwar,1,False,23,False,False,True,UCDP_ACTOR
2a279c498d693cfda45d5d729f3298242b1a5091,SRF,srf,UCDP_ACTOR,NamePrev,6411,Jaysh al-Thuwar,1,True,3,True,False,True,RAD;UCDP_ACTOR
a7ea39e7693a14e33557210fc2d0b375253a8798,SDF,sdf,UCDP_ACTOR,NameAlliance,6411,Jaysh al-Thuwar,1,True,3,True,False,True,RAD;UCDP_ACTOR
9debd1e30c0ba04a043b4b56e2467dd6bb7c5f3c,Liwa Thuwar ar-Raqqa,liwa thuwar ar-raqqa,UCDP_ACTOR,NameData,6413,Liwa Thuwar ar-Raqqa,1,False,20,False,False,True,UCDP_ACTOR
f19ce97c218d7a658fccd49379c13e7d8110c56e,Liwa Thuwar ar-Raqqa,liwa thuwar ar-raqqa,UCDP_ACTOR,NameOrig,6413,Liwa Thuwar ar-Raqqa,1,False,20,False,False,True,UCDP_ACTOR
ecdf97370ea90079db34a8ae960afba5498e247f,Liwa Thuwar ar-Raqqa,liwa thuwar ar-raqqa,UCDP_ACTOR,NameOrigFull,6413,Liwa Thuwar ar-Raqqa,1,False,20,False,False,True,UCDP_ACTOR
e7d60e56bf91a9b0b9239d28085aa41835c40f96,Raqqa Revolutionaries Brigade,raqqa revolutionaries brigade,UCDP_ACTOR,NameOrigFullEng,6413,Liwa Thuwar ar-Raqqa,1,False,29,False,False,True,UCDP_ACTOR
4bcc05d988b5dd32e47af6c9f8c244078900eb4b,SDF,sdf,UCDP_ACTOR,NameAlliance,6413,Liwa Thuwar ar-Raqqa,1,True,3,True,False,True,RAD;UCDP_ACTOR
da15dea7fc8d0df942c219275feaaa7a0ac25040,Liwa al-Jihad fi Sabeel Allah,liwa al-jihad fi sabeel allah,UCDP_ACTOR,NameData,6414,Liwa al-Jihad fi Sabeel Allah,1,False,29,False,False,True,UCDP_ACTOR
bcbb844d7cfdc717a9aab7536be304e2662a2197,Liwa al-Jihad fi Sabeel Allah,liwa al-jihad fi sabeel allah,UCDP_ACTOR,NameOrig,6414,Liwa al-Jihad fi Sabeel Allah,1,False,29,False,False,True,UCDP_ACTOR
2e715352fa072c6e862c4ce75ecc262d1efa3669,Liwa al-Jihad fi Sabeel Allah,liwa al-jihad fi sabeel allah,UCDP_ACTOR,NameOrigFull,6414,Liwa al-Jihad fi Sabeel Allah,1,False,29,False,False,True,UCDP_ACTOR
473026d192cab083dbc5bd5d95875282368e67c3,Jihad in the Path of God Brigade,jihad in the path of god brigade,UCDP_ACTOR,NameOrigFullEng,6414,Liwa al-Jihad fi Sabeel Allah,1,False,32,False,False,True,UCDP_ACTOR
8640af20cd1111a58ce5a26e483ca33f8ee9de6e,Euphrates Islamic Liberation Front,euphrates islamic liberation front,UCDP_ACTOR,NameAlliance,6414,Liwa al-Jihad fi Sabeel Allah,1,False,34,False,False,True,UCDP_ACTOR
14c0b0050390b531db1d9daeef71ab31090aec24,Saraya Jarablus,saraya jarablus,UCDP_ACTOR,NameData,6415,Saraya Jarablus,1,False,15,False,False,True,UCDP_ACTOR
b5b9d40a2364ff5471d403041e0c01df5d12dbb6,Saraya Jarablus,saraya jarablus,UCDP_ACTOR,NameOrig,6415,Saraya Jarablus,1,False,15,False,False,True,UCDP_ACTOR
a980dfd4a490480fdec8ad5fa5080e409f83ee93,Saraya Jarablus,saraya jarablus,UCDP_ACTOR,NameOrigFull,6415,Saraya Jarablus,1,False,15,False,False,True,UCDP_ACTOR
b130cdb40ef7c862a636059a850207e5487c5ca8,Saraya Jarablus,saraya jarablus,UCDP_ACTOR,NameOrigFullEng,6415,Saraya Jarablus,1,False,15,False,False,True,UCDP_ACTOR
040f0513b49e0885561d5d9e91003afa2cf79639,Tahrir Brigade,tahrir brigade,UCDP_ACTOR,NameData,6416,Tahrir Brigade,1,False,14,False,False,True,UCDP_ACTOR
6d085de837f1bff9467e308521a75e7ac60c809d,Tahrir Brigade,tahrir brigade,UCDP_ACTOR,NameOrig,6416,Tahrir Brigade,1,False,14,False,False,True,UCDP_ACTOR
5024a0b57b309f4d6a7b5e520f5645e663a427a5,Tahrir Brigade,tahrir brigade,UCDP_ACTOR,NameOrigFull,6416,Tahrir Brigade,1,False,14,False,False,True,UCDP_ACTOR
0961ab99ffd5afcbc054b5682749824e42819c6d,Tahrir Brigade,tahrir brigade,UCDP_ACTOR,NameOrigFullEng,6416,Tahrir Brigade,1,False,14,False,False,True,UCDP_ACTOR
785df6c42497b92143e862b4e1339dff2223bf75,Jaysh al-Qasas,jaysh al-qasas,UCDP_ACTOR,NameData,6417,Jaysh al-Qasas,1,False,14,False,False,True,UCDP_ACTOR
8c5513e15e9ff818da7ad0eb891ca1189c7c1aa7,Jaysh al-Qasas,jaysh al-qasas,UCDP_ACTOR,NameOrig,6417,Jaysh al-Qasas,1,False,14,False,False,True,UCDP_ACTOR
b59e6d3ad4043072bf973b82579646f7fd61b31f,Jaysh al-Qasas,jaysh al-qasas,UCDP_ACTOR,NameOrigFull,6417,Jaysh al-Qasas,1,False,14,False,False,True,UCDP_ACTOR
0b5af4d3c18d16ac5f1d31caf5adf36adae45670,Retribution Army,retribution army,UCDP_ACTOR,NameOrigFullEng,6417,Jaysh al-Qasas,1,False,16,False,False,True,UCDP_ACTOR
07e24f25fb6f6de1687abc1cb2268ae1b81eb98c,Liwa Amna ar-Raqqa,liwa amna ar-raqqa,UCDP_ACTOR,NameData,6418,Liwa Amna ar-Raqqa,1,False,18,False,False,True,UCDP_ACTOR
032ed28f5ed69687a6cd349bfd8974c88bb9eb83,Liwa Amna ar-Raqqa,liwa amna ar-raqqa,UCDP_ACTOR,NameOrig,6418,Liwa Amna ar-Raqqa,1,False,18,False,False,True,UCDP_ACTOR
1e7533397b7c1ad5a582f8a4bde73c3f15a9520d,Liwa Amna ar-Raqqa,liwa amna ar-raqqa,UCDP_ACTOR,NameOrigFull,6418,Liwa Amna ar-Raqqa,1,False,18,False,False,True,UCDP_ACTOR
8c913436ce5f453951c6b79a22d7925f9512f4d0,Brigade of the Trustees of Raqqa,brigade of the trustees of raqqa,UCDP_ACTOR,NameOrigFullEng,6418,Liwa Amna ar-Raqqa,1,False,32,False,False,True,UCDP_ACTOR
a3a197fb270b8a5dd20f7916f74634768ea5e662,First Regiment,first regiment,UCDP_ACTOR,NameData,6421,First Regiment,1,False,14,False,False,True,UCDP_ACTOR
a63e5fcb004339ac79047d6107890e1bcac21df2,First Regiment,first regiment,UCDP_ACTOR,NameOrig,6421,First Regiment,1,False,14,False,False,True,UCDP_ACTOR
5b64c728d71143b7b187c7eb5cd6adfd316dabaf,Al-Fawj al-Awl,al-fawj al-awl,UCDP_ACTOR,NameOrigFull,6421,First Regiment,1,False,14,False,False,True,UCDP_ACTOR
727ed1ce468936ae529336e96c23c94579574611,First Regiment,first regiment,UCDP_ACTOR,NameOrigFullEng,6421,First Regiment,1,False,14,False,False,True,UCDP_ACTOR
88e48d111454ceee21bb66d7451e8186f72a3883,Levant Front,levant front,UCDP_ACTOR,NamePrev,6421,First Regiment,1,False,12,False,False,True,UCDP_ACTOR
cdaef6ede967180d67a6d37abd1048a32d83617c,Jaysh al-Nukhba,jaysh al-nukhba,UCDP_ACTOR,GroupName,6421,First Regiment,1,False,15,False,False,True,UCDP_ACTOR
4efd31feef41bf0964b288f98642f83f6ffd2ab1,Liwa al-Sultan Murad,liwa al-sultan murad,UCDP_ACTOR,NameData,6422,Liwa al-Sultan Murad,1,False,20,False,False,True,UCDP_ACTOR
5faa729ef021a46f60aed95a189ef9e404688081,Liwa al-Sultan Murad,liwa al-sultan murad,UCDP_ACTOR,NameOrig,6422,Liwa al-Sultan Murad,1,False,20,False,False,True,UCDP_ACTOR
eefd1afd8949393411e1548567416cdfad47384d,Liwa al-Sultan Murad,liwa al-sultan murad,UCDP_ACTOR,NameOrigFull,6422,Liwa al-Sultan Murad,1,False,20,False,False,True,UCDP_ACTOR
391c4957ae93b6a7975530bc49b860eb542a1f2c,Sultan Murad Division,sultan murad division,UCDP_ACTOR,NameOrigFullEng,6422,Liwa al-Sultan Murad,1,False,21,False,False,True,UCDP_ACTOR
288b3705174154f6627ec86b30d1d837a3ae91eb,SNA,sna,UCDP_ACTOR,NameAlliance,6422,Liwa al-Sultan Murad,1,True,3,True,False,True,UCDP_ACTOR
435945197cf3cf0f1f3482c44d7cfed28861ca80,Harakat Mujahidi al-Islam,harakat mujahidi al-islam,UCDP_ACTOR,NameData,6423,Harakat Mujahidi al-Islam,1,False,25,False,False,True,UCDP_ACTOR
1bc3ba92e4cb964c49a8c1cea9a65877ced30f6b,Harakat Mujahidi al-Islam,harakat mujahidi al-islam,UCDP_ACTOR,NameOrig,6423,Harakat Mujahidi al-Islam,1,False,25,False,False,True,UCDP_ACTOR
cd8a7ec4046c91a2f70ab0bd040297aebb8678b5,Harakat Mujahidi al-Islam,harakat mujahidi al-islam,UCDP_ACTOR,NameOrigFull,6423,Harakat Mujahidi al-Islam,1,False,25,False,False,True,UCDP_ACTOR
888f8aa5f41f73bf0e9f2378c9176ea05bd27d9b,Harakat Mujahidi al-Islam,harakat mujahidi al-islam,UCDP_ACTOR,NameOrigFullEng,6423,Harakat Mujahidi al-Islam,1,False,25,False,False,True,UCDP_ACTOR
6d5b2dfe99a28c7e9bb3d6f36406d950fefd4bc8,Fajr al-Khilafa Brigades,fajr al-khilafa brigades,UCDP_ACTOR,NameData,6424,Fajr al-Khilafa Brigades,1,False,24,False,False,True,UCDP_ACTOR
cd70cbdc81add740994c0d6ce5671d264fb02d1d,Fajr al-Khilafa Brigades,fajr al-khilafa brigades,UCDP_ACTOR,NameOrig,6424,Fajr al-Khilafa Brigades,1,False,24,False,False,True,UCDP_ACTOR
1cbce99b449f5d999a89a76dd870d77d19798bd4,Kataib Fajr al-Khilafa,kataib fajr al-khilafa,UCDP_ACTOR,NameOrigFull,6424,Fajr al-Khilafa Brigades,1,False,22,False,False,True,UCDP_ACTOR
885d2127339a33d3537cc0df6f0a7ec22e98ae93,Dawn of the Caliphate Brigades,dawn of the caliphate brigades,UCDP_ACTOR,NameOrigFullEng,6424,Fajr al-Khilafa Brigades,1,False,30,False,False,True,UCDP_ACTOR
6f3197b081eb94b548a155c2e40b538635d3779b,Jamaat,jamaat,UCDP_ACTOR,NameData,6430,Jamaat,1,True,6,False,False,True,UCDP_ACTOR
eb76339b36415d48da504cbaf9d3d7a73b1528de,Jamaat,jamaat,UCDP_ACTOR,NameOrig,6430,Jamaat,1,True,6,False,False,True,UCDP_ACTOR
a4d0d939a6532fdf18370ca2c18cfb64ea964484,Jamaat,jamaat,UCDP_ACTOR,NameOrigFull,6430,Jamaat,1,True,6,False,False,True,UCDP_ACTOR
c6af6bb81e88ab293a3fb4c7d241bb90029effe0,Jamaat,jamaat,UCDP_ACTOR,NameOrigFullEng,6430,Jamaat,1,True,6,False,False,True,UCDP_ACTOR
848a5fc1e74639fe26fa038fab881ca99c895d61,Fistaqim Kama Umirat,fistaqim kama umirat,UCDP_ACTOR,NameData,6431,Fistaqim Kama Umirat,1,False,20,False,False,True,UCDP_ACTOR
ffbd2068a8527498224bca983d8c931285f291f8,Fistaqim Kama Umirat,fistaqim kama umirat,UCDP_ACTOR,NameOrig,6431,Fistaqim Kama Umirat,1,False,20,False,False,True,UCDP_ACTOR
35a498d41f87403ca8bfe9d51258b1a7ceeee050,Fistaqim Kama Umirat,fistaqim kama umirat,UCDP_ACTOR,NameOrigFull,6431,Fistaqim Kama Umirat,1,False,20,False,False,True,UCDP_ACTOR
1572fdb161092b71a949640ce11d5b64f6542882,Fistaqim Kama Umirat,fistaqim kama umirat,UCDP_ACTOR,NameOrigFullEng,6431,Fistaqim Kama Umirat,1,False,20,False,False,True,UCDP_ACTOR
49d3e1a2a684c0a3123e151f31690566e77246fc,Mujahideen Army,mujahideen army,UCDP_ACTOR,NamePrev,6431,Fistaqim Kama Umirat,1,False,15,False,False,True,UCDP_ACTOR
a16087710807ef6ef1d467ade617c037a7425ac4,16th Division,16th division,UCDP_ACTOR,NameData,6433,16th Division,1,False,13,False,False,True,UCDP_ACTOR
ee71188b582691ae08764ed7e76c36a57d046fa1,16th Division,16th division,UCDP_ACTOR,NameOrig,6433,16th Division,1,False,13,False,False,True,UCDP_ACTOR
742f22bd188411cb0af0cd244b61f4d7e2ffb8fa,16th Division,16th division,UCDP_ACTOR,NameOrigFull,6433,16th Division,1,False,13,False,False,True,UCDP_ACTOR
e248bc9f10922d5a42a629dffc57cccc7b63f22b,16th Division,16th division,UCDP_ACTOR,NameOrigFullEng,6433,16th Division,1,False,13,False,False,True,UCDP_ACTOR
68fc36aff1cf46e11788c256af37f9663d1f9708,Nour al-Din Zenki,nour al-din zenki,UCDP_ACTOR,NameData,6434,Nour al-Din Zenki,1,False,17,False,False,True,UCDP_ACTOR
60396c0afa168bd905842908ad29c8a43292e6b6,Nour al-Din Zenki,nour al-din zenki,UCDP_ACTOR,NameOrig,6434,Nour al-Din Zenki,1,False,17,False,False,True,UCDP_ACTOR
6474b7cee0ceabbf8bcbc3b7405490a7a2b8eb69,Ḥaraka Nūr ad-Dīn az-Zankī,ḥaraka nūr ad-dīn az-zankī,UCDP_ACTOR,NameOrigFull,6434,Nour al-Din Zenki,1,False,26,False,False,True,UCDP_ACTOR
047e29df3391ec40a1ce0638ee9e770e5954a352,Nour al-Din al-Zenki Movement,nour al-din al-zenki movement,UCDP_ACTOR,NameOrigFullEng,6434,Nour al-Din Zenki,1,False,29,False,False,True,UCDP_ACTOR
5c854b58e74dfc966d134ed06de1be9d146bcfe6,Mujahideen Army,mujahideen army,UCDP_ACTOR,NamePrev,6434,Nour al-Din Zenki,1,False,15,False,False,True,UCDP_ACTOR
2307304ab0e7415dfb99cd787f91d4ca4232f882,HTS,hts,UCDP_ACTOR,NamePrev,6434,Nour al-Din Zenki,1,True,3,True,False,True,UCDP_ACTOR
b1caa0f45968d9cca92d8cdb04ceb60520d368c5,HTS,hts,UCDP_ACTOR,NameAlliance,6434,Nour al-Din Zenki,1,True,3,True,False,True,UCDP_ACTOR
582f2ab9902528e0aa7b03348475cee331a61da4,Syrian Liberation Front,syrian liberation front,UCDP_ACTOR,GroupName,6434,Nour al-Din Zenki,1,False,23,False,False,True,UCDP_ACTOR
5492a3a351531ec7550087c56d79f3ae8be224b1,Furqan Brigades,furqan brigades,UCDP_ACTOR,NameData,6437,Furqan Brigades,1,False,15,False,False,True,UCDP_ACTOR
1c5eeeb2b8d9737abf1d96283b3e247a7f9137db,Furqan Brigades,furqan brigades,UCDP_ACTOR,NameOrig,6437,Furqan Brigades,1,False,15,False,False,True,UCDP_ACTOR
cb1eae907f51816b9ade32fa5f29acb34e63ca47,Alwiya al-Furqan,alwiya al-furqan,UCDP_ACTOR,NameOrigFull,6437,Furqan Brigades,1,False,16,False,False,True,UCDP_ACTOR
8fb0c5763c70596ff8ff062d90c0ebed558ec8d2,Criterion Brigades,criterion brigades,UCDP_ACTOR,NameOrigFullEng,6437,Furqan Brigades,1,False,18,False,False,True,UCDP_ACTOR
ecf27840586fe5af79a36f7d32f250dfed843e93,Liwa Fursan al-Haqq,liwa fursan al-haqq,UCDP_ACTOR,NameData,6438,Liwa Fursan al-Haqq,1,False,19,False,False,True,UCDP_ACTOR
84ce8978c05d9e17eaeb0d460c270f0d8829ce34,Liwa Fursan al-Haqq,liwa fursan al-haqq,UCDP_ACTOR,NameOrig,6438,Liwa Fursan al-Haqq,1,False,19,False,False,True,UCDP_ACTOR
47dfa165030bd4ad57bb0512f8e31076a463ebba,Liwa Fursan al-Haqq,liwa fursan al-haqq,UCDP_ACTOR,NameOrigFull,6438,Liwa Fursan al-Haqq,1,False,19,False,False,True,UCDP_ACTOR
2d9da7485450ac0d4da6eed58af13528f1fbb56b,Knights of Justice Brigade,knights of justice brigade,UCDP_ACTOR,NameOrigFullEng,6438,Liwa Fursan al-Haqq,1,False,26,False,False,True,UCDP_ACTOR
0506efbc29074b71e0e15b83eb494dbae0f260bf,Free Idlib Army,free idlib army,UCDP_ACTOR,NameAlliance,6438,Liwa Fursan al-Haqq,1,False,15,False,False,True,UCDP_ACTOR
af4945ecbf247e7a6fbab1f8fb56948fbb05a746,101st Infantry Division,101st infantry division,UCDP_ACTOR,NameData,6439,101st Infantry Division,1,False,23,False,False,True,UCDP_ACTOR
ee639e4f5f95ab7a7b29c4b0ffa83b3c811127d9,101st Infantry Division,101st infantry division,UCDP_ACTOR,NameOrig,6439,101st Infantry Division,1,False,23,False,False,True,UCDP_ACTOR
b49f3c577f21182753c685a085f1277f00dba778,101st Infantry Division,101st infantry division,UCDP_ACTOR,NameOrigFull,6439,101st Infantry Division,1,False,23,False,False,True,UCDP_ACTOR
6df1eaf5b9981cbdd06633d2e0ffa862c80b1ec8,101st Infantry Division,101st infantry division,UCDP_ACTOR,NameOrigFullEng,6439,101st Infantry Division,1,False,23,False,False,True,UCDP_ACTOR
d3a136c944f3439e5c6da3b5a2dce105b25c3b2b,Free Idlib Army,free idlib army,UCDP_ACTOR,NameAlliance,6439,101st Infantry Division,1,False,15,False,False,True,UCDP_ACTOR
ca4dc6757dbf224588034c5a891810b618331f47,Suqour al-Jabal,suqour al-jabal,UCDP_ACTOR,NameData,6440,Suqour al-Jabal,1,False,15,False,False,True,UCDP_ACTOR
e83a77abba0dca96a03182f94cff23719fa9e2db,Suqour al-Jabal,suqour al-jabal,UCDP_ACTOR,NameOrig,6440,Suqour al-Jabal,1,False,15,False,False,True,UCDP_ACTOR
59428d9a5721963a09f5d759c7fc56aa1db11922,Liwa Suqour al-Jabal‎,liwa suqour al-jabal‎,UCDP_ACTOR,NameOrigFull,6440,Suqour al-Jabal,1,False,21,False,False,True,UCDP_ACTOR
594465c896a055ff423a24b620869b1d1b691b8f,Mountain Hawks Brigade,mountain hawks brigade,UCDP_ACTOR,NameOrigFullEng,6440,Suqour al-Jabal,1,False,22,False,False,True,UCDP_ACTOR
74f78ad847417f980db312abe9b9cbc2920f3b12,SRF,srf,UCDP_ACTOR,NamePrev,6440,Suqour al-Jabal,1,True,3,True,False,True,RAD;UCDP_ACTOR
75966a95eab49f482c05ba3522cd0428647643b0,Liwa al-Fateh,liwa al-fateh,UCDP_ACTOR,NameData,6446,Liwa al-Fateh,1,False,13,False,False,True,UCDP_ACTOR
12e91f324b2c58027abb84d8bbf0709e56807732,Liwa al-Fateh,liwa al-fateh,UCDP_ACTOR,NameOrig,6446,Liwa al-Fateh,1,False,13,False,False,True,UCDP_ACTOR
a2f6aa6d1120e146afd60fb091e2390570192903,Liwa al-Fateh,liwa al-fateh,UCDP_ACTOR,NameOrigFull,6446,Liwa al-Fateh,1,False,13,False,False,True,UCDP_ACTOR
7f4eeee8377655205143086314dcc64c5d517da7,Battalion of Conquest,battalion of conquest,UCDP_ACTOR,NameOrigFullEng,6446,Liwa al-Fateh,1,False,21,False,False,True,UCDP_ACTOR
d0429bbb9ffb41b5d1a96d9a8d17552fcb33fdcb,SNA,sna,UCDP_ACTOR,NameAlliance,6446,Liwa al-Fateh,1,True,3,True,False,True,UCDP_ACTOR
7056ffe053ca2f79724a7685bf550a4223d94792,Kitaib al-Safwat al-Islamiya,kitaib al-safwat al-islamiya,UCDP_ACTOR,NameData,6450,Kitaib al-Safwat al-Islamiya,1,False,28,False,False,True,UCDP_ACTOR
1be04c760473e7660ed23cf868a041479c9c98f6,Kitaib al-Safwat al-Islamiya,kitaib al-safwat al-islamiya,UCDP_ACTOR,NameOrig,6450,Kitaib al-Safwat al-Islamiya,1,False,28,False,False,True,UCDP_ACTOR
4b668d88b30039f9ed6d7adf6fe1d369b96cc16c,Kitaib al-Safwat al-Islamiya,kitaib al-safwat al-islamiya,UCDP_ACTOR,NameOrigFull,6450,Kitaib al-Safwat al-Islamiya,1,False,28,False,False,True,UCDP_ACTOR
7227be73b3cd14cb04b04af9398431649d17d025,Kitaib al-Safwat al-Islamiya,kitaib al-safwat al-islamiya,UCDP_ACTOR,NameOrigFullEng,6450,Kitaib al-Safwat al-Islamiya,1,False,28,False,False,True,UCDP_ACTOR
af2d4787b2e022673cc1a307da3854306db29dba,al-Tawhid Brigade,al-tawhid brigade,UCDP_ACTOR,NamePrev,6450,Kitaib al-Safwat al-Islamiya,1,False,17,False,False,True,UCDP_ACTOR
fdd542ee41ab957f341535f51d29048921fce09d,Sinaloa Cartel - Los Memos faction,sinaloa cartel - los memos faction,UCDP_ACTOR,NameData,6481,Sinaloa Cartel - Los Memos faction,1,False,34,False,False,True,UCDP_ACTOR
afd60fa2989b35decc64e4ae803ddd696ec0ae0e,Sinaloa Cartel - Los Memos faction,sinaloa cartel - los memos faction,UCDP_ACTOR,NameOrig,6481,Sinaloa Cartel - Los Memos faction,1,False,34,False,False,True,UCDP_ACTOR
a4b94963a61a2d629a0b5a59b6f632afb579df9a,Sinaloa Cartel - Los Memos faction,sinaloa cartel - los memos faction,UCDP_ACTOR,NameOrigFull,6481,Sinaloa Cartel - Los Memos faction,1,False,34,False,False,True,UCDP_ACTOR
df87751019dea6c54f027dcc0fdd47244b33bdc0,Sinaloa Cartel - Los Memos faction,sinaloa cartel - los memos faction,UCDP_ACTOR,NameOrigFullEng,6481,Sinaloa Cartel - Los Memos faction,1,False,34,False,False,True,UCDP_ACTOR
4fd8c91feeb825b7a9687856a59adbc88ace6ba0,Sinaloa Cartel,sinaloa cartel,UCDP_ACTOR,NameSplitTemp,6481,Sinaloa Cartel - Los Memos faction,1,False,14,False,False,True,UCDP_ACTOR
fdaffd7e768cb9ed891ef1db6ab6285e8ad9893b,Sinaloa Cartel - Los Salazar faction,sinaloa cartel - los salazar faction,UCDP_ACTOR,NameData,6482,Sinaloa Cartel - Los Salazar faction,1,False,36,False,False,True,UCDP_ACTOR
d3ed405025d36bfc65c55290d38100fc354ccb3c,Sinaloa Cartel - Los Salazar faction,sinaloa cartel - los salazar faction,UCDP_ACTOR,NameOrig,6482,Sinaloa Cartel - Los Salazar faction,1,False,36,False,False,True,UCDP_ACTOR
17a38ef672116a4398f62c85e23ed10111dcd4e5,Sinaloa Cartel - Los Salazar faction,sinaloa cartel - los salazar faction,UCDP_ACTOR,NameOrigFull,6482,Sinaloa Cartel - Los Salazar faction,1,False,36,False,False,True,UCDP_ACTOR
721ec95458e63acaa698a2775c8c4a82c5434f36,Sinaloa Cartel - Los Salazar faction,sinaloa cartel - los salazar faction,UCDP_ACTOR,NameOrigFullEng,6482,Sinaloa Cartel - Los Salazar faction,1,False,36,False,False,True,UCDP_ACTOR
7a3797af9a574224e3224146840d478f189eb795,Sinaloa Cartel,sinaloa cartel,UCDP_ACTOR,NameSplitTemp,6482,Sinaloa Cartel - Los Salazar faction,1,False,14,False,False,True,UCDP_ACTOR
31bf05f0fa3ed3314b98d1d51ace88241bd4c35a,Gulf Cartel - Los Ciclones faction,gulf cartel - los ciclones faction,UCDP_ACTOR,NameData,6483,Gulf Cartel - Los Ciclones faction,1,False,34,False,False,True,UCDP_ACTOR
3f4f62ea21b00e4a0c5e15562732a28cd114ba6e,Gulf Cartel - Los Ciclones faction,gulf cartel - los ciclones faction,UCDP_ACTOR,NameOrig,6483,Gulf Cartel - Los Ciclones faction,1,False,34,False,False,True,UCDP_ACTOR
1cadeb1b755cff8dd23b99bd486077290aa49e1b,Gulf Cartel - Los Ciclones faction,gulf cartel - los ciclones faction,UCDP_ACTOR,NameOrigFull,6483,Gulf Cartel - Los Ciclones faction,1,False,34,False,False,True,UCDP_ACTOR
a58d668c33a8c517ba0ef4f72bf200eef842a4f4,Gulf Cartel - Los Ciclones faction,gulf cartel - los ciclones faction,UCDP_ACTOR,NameOrigFullEng,6483,Gulf Cartel - Los Ciclones faction,1,False,34,False,False,True,UCDP_ACTOR
9bceaa3dd716ec3f906e9600250ff14ef219d921,Gulf Cartel,gulf cartel,UCDP_ACTOR,NameSplitTemp,6483,Gulf Cartel - Los Ciclones faction,1,False,11,False,False,True,UCDP_ACTOR
285270c91344c15af14353bdc01b04f9c0ac831b,Forces of Damaso,forces of damaso,UCDP_ACTOR,NameData,6485,Forces of Damaso,1,False,16,False,False,True,UCDP_ACTOR
d5507c9038bfb9cd431ce414c99de48c1e8440b2,Sinaloa Cartel - Forces of Damaso faction,sinaloa cartel - forces of damaso faction,UCDP_ACTOR,NameOrig,6485,Forces of Damaso,1,False,41,False,False,True,UCDP_ACTOR
c572df4f0b17c27e69df3cccabd10ca43acdb388,Cártel de Sinaloa - Fuerzas Especiales Dámaso,cártel de sinaloa - fuerzas especiales dámaso,UCDP_ACTOR,NameOrigFull,6485,Forces of Damaso,1,False,45,False,False,True,UCDP_ACTOR
0563929bcab1a1df3a727b05a83c1d4883eb9f45,Sinaloa Cartel - Forces of Damaso faction,sinaloa cartel - forces of damaso faction,UCDP_ACTOR,NameOrigFullEng,6485,Forces of Damaso,1,False,41,False,False,True,UCDP_ACTOR
a3f14247bb335b441a278164e2119f717791f3cd,Forces of Damaso,forces of damaso,UCDP_ACTOR,NewName,6485,Forces of Damaso,1,False,16,False,False,True,UCDP_ACTOR
28472943bb11d282c334760cae9003b3b1f8c298,Forces of Damaso,forces of damaso,UCDP_ACTOR,NewNameFullEng,6485,Forces of Damaso,1,False,16,False,False,True,UCDP_ACTOR
d49440dd2f2142a4deeb581eb367607180c56768,Sinaloa Cartel,sinaloa cartel,UCDP_ACTOR,NamePrev,6485,Forces of Damaso,1,False,14,False,False,True,UCDP_ACTOR
f3c9e31eaf8af12f65504221463e3e528635ffa5,Sinaloa Cartel,sinaloa cartel,UCDP_ACTOR,NameSplitTemp,6485,Forces of Damaso,1,False,14,False,False,True,UCDP_ACTOR
2a31d2996518284ce801cc0554c605a8467798e5,Sinaloa Cartel - Los 28 faction,sinaloa cartel - los 28 faction,UCDP_ACTOR,NameData,6486,Sinaloa Cartel - Los 28 faction,1,False,31,False,False,True,UCDP_ACTOR
1d5079470c4f186a98fea4ac10a4dbd6f15c44f3,Sinaloa Cartel - Los 28 faction,sinaloa cartel - los 28 faction,UCDP_ACTOR,NameOrig,6486,Sinaloa Cartel - Los 28 faction,1,False,31,False,False,True,UCDP_ACTOR
461082fbd740fc8c3e631c7ce8a898fb70203761,Sinaloa Cartel - Los 28 faction,sinaloa cartel - los 28 faction,UCDP_ACTOR,NameOrigFull,6486,Sinaloa Cartel - Los 28 faction,1,False,31,False,False,True,UCDP_ACTOR
6b70eb8191cc9dd1b9b0a9b2f569906ffe6f889a,Sinaloa Cartel - Los 28 faction,sinaloa cartel - los 28 faction,UCDP_ACTOR,NameOrigFullEng,6486,Sinaloa Cartel - Los 28 faction,1,False,31,False,False,True,UCDP_ACTOR
0e19cd0b663a6dab57410d0bccba650bc24a05b6,Sinaloa Cartel,sinaloa cartel,UCDP_ACTOR,NameSplitTemp,6486,Sinaloa Cartel - Los 28 faction,1,False,14,False,False,True,UCDP_ACTOR
cd6ac618d3c7cd2bb93684f590dcb74640442154,Sinaloa Cartel - El Pepillo faction,sinaloa cartel - el pepillo faction,UCDP_ACTOR,NameData,6487,Sinaloa Cartel - El Pepillo faction,1,False,35,False,False,True,UCDP_ACTOR
9116675b226be2c6c67ff5c44729002a101a7077,Sinaloa Cartel - El Pepillo faction,sinaloa cartel - el pepillo faction,UCDP_ACTOR,NameOrig,6487,Sinaloa Cartel - El Pepillo faction,1,False,35,False,False,True,UCDP_ACTOR
f07f094a9f80f13f7630a0b4279bfd57f5e28681,Sinaloa Cartel - El Pepillo faction,sinaloa cartel - el pepillo faction,UCDP_ACTOR,NameOrigFull,6487,Sinaloa Cartel - El Pepillo faction,1,False,35,False,False,True,UCDP_ACTOR
91bce22ec63033a9bde50c771d47d5ea7214acf2,Sinaloa Cartel - El Pepillo faction,sinaloa cartel - el pepillo faction,UCDP_ACTOR,NameOrigFullEng,6487,Sinaloa Cartel - El Pepillo faction,1,False,35,False,False,True,UCDP_ACTOR
a7bbe421c85a1cff66245abd9067c91109641eb2,Sinaloa Cartel,sinaloa cartel,UCDP_ACTOR,NameSplitTemp,6487,Sinaloa Cartel - El Pepillo faction,1,False,14,False,False,True,UCDP_ACTOR
7b40bf4bf81e71a60ec6045f66eff20685f6393d,NDC-R,ndc-r,UCDP_ACTOR,NameData,6491,NDC-R,1,True,5,False,False,True,UCDP_ACTOR
e7f6d032e586629da2c3556873bf581f2348e0df,NDC-R,ndc-r,UCDP_ACTOR,NameOrig,6491,NDC-R,1,True,5,False,False,True,UCDP_ACTOR
c06fa18733186bef40137ff2d764e116e1cb3fcc,Nduma Défense du Congo - Rénové,nduma défense du congo - rénové,UCDP_ACTOR,NameOrigFull,6491,NDC-R,1,False,31,False,False,True,UCDP_ACTOR
332da25c43de0084e6e70263c25693d23929c468,Reformed Nduma Defence of Congo,reformed nduma defence of congo,UCDP_ACTOR,NameOrigFullEng,6491,NDC-R,1,False,31,False,False,True,UCDP_ACTOR
c98fee823978f5b535308298b124ee94898e6735,NDC,ndc,UCDP_ACTOR,NamePrev,6491,NDC-R,1,True,3,True,False,True,UCDP_ACTOR
65668cb9841ed11c902ad33af7baf63152a18932,VDP,vdp,UCDP_ACTOR,NameAlliance,6491,NDC-R,1,True,3,True,False,True,UCDP_ACTOR
b4781152dcd4f3aeb4320d9c478bfbbb0f4c6795,ACC,acc,UCDP_ACTOR,NameData,6501,ACC,1,True,3,True,False,True,UCDP_ACTOR
aedab4f2c8ff047d0cf691fc19d69c63bbe8ffb5,ACC,acc,UCDP_ACTOR,NameOrig,6501,ACC,1,True,3,True,False,True,UCDP_ACTOR
8de2fc51c61ef3c8d2678cc062817a1ed3f76c49,Peasant Self-Defence Group of Casanare,peasant self-defence group of casanare,UCDP_ACTOR,NameOrigFull,6501,ACC,1,False,38,False,False,True,UCDP_ACTOR
65108dd5540150208b27705631eb3edc565fddae,Autodefensas Campesinas del Casanare,autodefensas campesinas del casanare,UCDP_ACTOR,NameOrigFullEng,6501,ACC,1,False,36,False,False,True,UCDP_ACTOR
55d2849635482ea3f5a26b4790d0907212f75632,Bloque Central Bolívar,bloque central bolívar,UCDP_ACTOR,NameData,6506,Bloque Central Bolívar,1,False,22,False,False,True,UCDP_ACTOR
bbb6e5ca7ecc1d45073a0338f1716e67c52570c0,Bloque Central Bolívar,bloque central bolívar,UCDP_ACTOR,NameOrig,6506,Bloque Central Bolívar,1,False,22,False,False,True,UCDP_ACTOR
24e29f17e0f0c5e70a295a448d3ec55040deaa89,Central Bolivar Bloc,central bolivar bloc,UCDP_ACTOR,NameOrigFull,6506,Bloque Central Bolívar,1,False,20,False,False,True,UCDP_ACTOR
0722ddd6024a67ca7e2f560c1bead9a392cbc787,Bloque Central Bolívar,bloque central bolívar,UCDP_ACTOR,NameOrigFullEng,6506,Bloque Central Bolívar,1,False,22,False,False,True,UCDP_ACTOR
989ed7affe1df083d2a6ab3bfa7032255f6d760b,AUC,auc,UCDP_ACTOR,NamePrev,6506,Bloque Central Bolívar,1,True,3,True,False,True,RAD;UCDP_ACTOR
2eaf2a8bac2f116eef9366967aa6c11209faf68b,RED-TABARA,red-tabara,UCDP_ACTOR,NameData,6513,RED-TABARA,1,True,10,False,False,True,RAD;UCDP_ACTOR
7fad0434ee49c41f0a3cea0fbf43c3593922159f,FRONABU Tabara,fronabu tabara,UCDP_ACTOR,NameOrig,6513,RED-TABARA,1,False,14,False,False,True,RAD;UCDP_ACTOR
12254b339602f2001b16bc2ee62cbcb0fa616029,Front National pour la Révolution au Burundi,front national pour la révolution au burundi,UCDP_ACTOR,NameOrigFull,6513,RED-TABARA,1,False,44,False,False,True,UCDP_ACTOR
18eb8a721ae17a2a133c1bbb57f2358eae2e10b6,Burundi National Front,burundi national front,UCDP_ACTOR,NameOrigFullEng,6513,RED-TABARA,1,False,22,False,False,True,UCDP_ACTOR
ba6d28d1610f195d66e4e8c152b34d8f4913ea53,FPM,fpm,UCDP_ACTOR,NewName,6513,RED-TABARA,1,True,3,True,False,True,UCDP_ACTOR
c8a5a9aaf2a755e7f347a005ea23a1fd6e82ccd9,ADN,adn,UCDP_ACTOR,NewName,6513,RED-TABARA,1,True,3,True,False,True,UCDP_ACTOR
a274ea9535bda5fc9764539f6c662f0103fe38a2,RED-TABARA,red-tabara,UCDP_ACTOR,NewName,6513,RED-TABARA,1,True,10,False,False,True,RAD;UCDP_ACTOR
58bfc2b4b3522a380d29837043ab03c824863e20,Front du peuple murundi,front du peuple murundi,UCDP_ACTOR,NewNameFullMotherTongue,6513,RED-TABARA,1,False,23,False,False,True,UCDP_ACTOR
85f43f51f638919407ada4cac66b713528539817,alliance divine pur la nation,alliance divine pur la nation,UCDP_ACTOR,NewNameFullMotherTongue,6513,RED-TABARA,1,False,29,False,False,True,UCDP_ACTOR
4147f12e842e6d6064752ca51f29661e050ec8e7,Résistance pour un Etat de Droit au Burundi,résistance pour un etat de droit au burundi,UCDP_ACTOR,NewNameFullMotherTongue,6513,RED-TABARA,1,False,43,False,False,True,RAD;UCDP_ACTOR
22d7857916d59ff9da5df0139c5d553b18af7b47,Umuhari Uharanira Iteka nItekane,umuhari uharanira iteka nitekane,UCDP_ACTOR,NewNameFullMotherTongue,6513,RED-TABARA,1,False,32,False,False,True,RAD;UCDP_ACTOR
e3c419f06d3fcd78da082b63e694467ad24f886f,Murundi Peoples Front,murundi peoples front,UCDP_ACTOR,NewNameFullEng,6513,RED-TABARA,1,False,21,False,False,True,UCDP_ACTOR
88110c05f888a6d62ae3c9183657f98bd0f2a2c7,the Saviours (FPM-Abatabazi),the saviours (fpm-abatabazi),UCDP_ACTOR,NewNameFullEng,6513,RED-TABARA,1,False,28,False,False,True,UCDP_ACTOR
f8d26b4a54868fedff49e35829e11c40b2c9bb91,Resistance for the Rule of Law in Burundi,resistance for the rule of law in burundi,UCDP_ACTOR,NewNameFullEng,6513,RED-TABARA,1,False,41,False,False,True,RAD;UCDP_ACTOR
3524b1d9cd7f480b0fa0f6332c3ee0793a89e6f5,Yarmouk Army,yarmouk army,UCDP_ACTOR,NameData,6520,Yarmouk Army,1,False,12,False,False,True,UCDP_ACTOR
c830e4df2e1ae2c3d20058fb2f60225a4ab19904,Yarmouk Army,yarmouk army,UCDP_ACTOR,NameOrig,6520,Yarmouk Army,1,False,12,False,False,True,UCDP_ACTOR
e4786ae5fc95eefcfcee652d4cd65c9cce1462e1,Jaish al-Yarmouk,jaish al-yarmouk,UCDP_ACTOR,NameOrigFull,6520,Yarmouk Army,1,False,16,False,False,True,UCDP_ACTOR
35ee174574f4ea04d8b10e1914eed2dc800e2c37,Yarmouk Army,yarmouk army,UCDP_ACTOR,NameOrigFullEng,6520,Yarmouk Army,1,False,12,False,False,True,UCDP_ACTOR
a7eb93aae77f177eb0fd26b8886c22aab0008279,NSA,nsa,UCDP_ACTOR,NameData,6553,NSA,1,True,3,True,False,True,UCDP_ACTOR
355f706dfce0c6709ea8698a5e618bb94ce262ca,NSA,nsa,UCDP_ACTOR,NameOrig,6553,NSA,1,True,3,True,False,True,UCDP_ACTOR
94a809c7abe8be76a8fa5a27b85f96298fcc7036,Jaysh Suriyah al-Jadid,jaysh suriyah al-jadid,UCDP_ACTOR,NameOrigFull,6553,NSA,1,False,22,False,False,True,UCDP_ACTOR
7084537e0ddd7d14bcd4d2268ab6212453e0402f,New Syrian Army,new syrian army,UCDP_ACTOR,NameOrigFullEng,6553,NSA,1,False,15,False,False,True,UCDP_ACTOR
7fe56dff9a9ffaa0744531a80ece5d292658bf9e,Liwa Ahrar Souriya,liwa ahrar souriya,UCDP_ACTOR,NameData,6560,Liwa Ahrar Souriya,1,False,18,False,False,True,UCDP_ACTOR
aab94e27e009104963b8d554dfde1eb6cc0087ac,Liwa Ahrar Souriya,liwa ahrar souriya,UCDP_ACTOR,NameOrig,6560,Liwa Ahrar Souriya,1,False,18,False,False,True,UCDP_ACTOR
7360ee8134dccee9bcd83dfb2631ba85321d73ac,Liwa Ahrar Souriya,liwa ahrar souriya,UCDP_ACTOR,NameOrigFull,6560,Liwa Ahrar Souriya,1,False,18,False,False,True,UCDP_ACTOR
21119707a706d3877a7dd7bf4452cd7d35da24ce,Liwa Ahrar Souriya,liwa ahrar souriya,UCDP_ACTOR,NameOrigFullEng,6560,Liwa Ahrar Souriya,1,False,18,False,False,True,UCDP_ACTOR
67de8a92c75ffe11a7b606d542fa78aa3594cabb,Levant Front,levant front,UCDP_ACTOR,NamePrev,6560,Liwa Ahrar Souriya,1,False,12,False,False,True,UCDP_ACTOR
741a02b8852e5f5f34b0daf8438da8931dc9d000,al-Moutasem Brigade,al-moutasem brigade,UCDP_ACTOR,NameData,6562,al-Moutasem Brigade,1,False,19,False,False,True,UCDP_ACTOR
b246667975e107b3d1c5f344be7647d8e15ea2fa,al-Moutasem Brigade,al-moutasem brigade,UCDP_ACTOR,NameOrig,6562,al-Moutasem Brigade,1,False,19,False,False,True,UCDP_ACTOR
f42b5cf1e54be90e507a62175ff36c5269ff9d01,Liwa muetasim,liwa muetasim,UCDP_ACTOR,NameOrigFull,6562,al-Moutasem Brigade,1,False,13,False,False,True,UCDP_ACTOR
3815284a3299296177da51a2c614c68a1b989503,al-Moutasem Brigade,al-moutasem brigade,UCDP_ACTOR,NameOrigFullEng,6562,al-Moutasem Brigade,1,False,19,False,False,True,UCDP_ACTOR
f5311167dddbb5f5ac832bd1f5f5c64f80d6e97c,SNA,sna,UCDP_ACTOR,NameSplitTemp,6562,al-Moutasem Brigade,1,True,3,True,False,True,UCDP_ACTOR
f68b14a4e7856b58ed832f594b2637ab7cb901a1,SNA,sna,UCDP_ACTOR,NameAlliance,6562,al-Moutasem Brigade,1,True,3,True,False,True,UCDP_ACTOR
e3542256abefbb4d1bd919c6706ac63bdaa97a5c,Hamza Division,hamza division,UCDP_ACTOR,NameData,6563,Hamza Division,1,False,14,False,False,True,UCDP_ACTOR
d4bff02cd801185c52f0f8d340f2c99c1d9c88f9,Hamza Division,hamza division,UCDP_ACTOR,NameOrig,6563,Hamza Division,1,False,14,False,False,True,UCDP_ACTOR
a0b637a6560f80d0fa9346acaa18a3b7d638660e,Hamza Division,hamza division,UCDP_ACTOR,NameOrigFull,6563,Hamza Division,1,False,14,False,False,True,UCDP_ACTOR
0b2f77fbf3a8c27106f6a5c359b78eb21b505cd7,Hamza Division,hamza division,UCDP_ACTOR,NameOrigFullEng,6563,Hamza Division,1,False,14,False,False,True,UCDP_ACTOR
a85507572b40296bd8b134dd35401558f18051ce,SNA,sna,UCDP_ACTOR,NameAlliance,6563,Hamza Division,1,True,3,True,False,True,UCDP_ACTOR
95f854636f8bf0b670d7c57b3f2dae3729a637cc,Los Zetas - Jorge Ivan Hernandez Cantu faction,los zetas - jorge ivan hernandez cantu faction,UCDP_ACTOR,NameData,6573,Los Zetas - Jorge Ivan Hernandez Cantu faction,1,False,46,False,False,True,UCDP_ACTOR
7d74054150ca96a617fe21d3763abd9d452c2737,Los Zetas - Jorge Ivan Hernandez Cantu faction,los zetas - jorge ivan hernandez cantu faction,UCDP_ACTOR,NameOrig,6573,Los Zetas - Jorge Ivan Hernandez Cantu faction,1,False,46,False,False,True,UCDP_ACTOR
1329069a4865081803081216a6e39818cb56dd7f,Los Zetas - Jorge Ivan Hernandez Cantu faction,los zetas - jorge ivan hernandez cantu faction,UCDP_ACTOR,NameOrigFull,6573,Los Zetas - Jorge Ivan Hernandez Cantu faction,1,False,46,False,False,True,UCDP_ACTOR
2c063088eeb091d951db9b83264477e3ba7b865b,Los Zetas - Jorge Ivan Hernandez Cantu faction,los zetas - jorge ivan hernandez cantu faction,UCDP_ACTOR,NameOrigFullEng,6573,Los Zetas - Jorge Ivan Hernandez Cantu faction,1,False,46,False,False,True,UCDP_ACTOR
341adf1434ecd0c9ba9e2e89f6ccc1753c305a87,Los Zetas,los zetas,UCDP_ACTOR,NameSplitTemp,6573,Los Zetas - Jorge Ivan Hernandez Cantu faction,1,False,9,False,False,True,UCDP_ACTOR
a54e0a401f1b26e5856dd7bda9abe481e6f75132,Los Zetas - Juan Pedro Salvador Saldivar Farias faction,los zetas - juan pedro salvador saldivar farias faction,UCDP_ACTOR,NameData,6574,Los Zetas - Juan Pedro Salvador Saldivar Farias faction,1,False,55,False,False,True,UCDP_ACTOR
7534becc2bc325580427830081ea95b66658ad5f,Los Zetas - Juan Pedro Salvador Saldivar Farias faction,los zetas - juan pedro salvador saldivar farias faction,UCDP_ACTOR,NameOrig,6574,Los Zetas - Juan Pedro Salvador Saldivar Farias faction,1,False,55,False,False,True,UCDP_ACTOR
a4ffd38a28675b50d7f5437fd5d34b5bd8c53f76,Los Zetas - Juan Pedro Salvador Saldivar Farias faction,los zetas - juan pedro salvador saldivar farias faction,UCDP_ACTOR,NameOrigFull,6574,Los Zetas - Juan Pedro Salvador Saldivar Farias faction,1,False,55,False,False,True,UCDP_ACTOR
f8f91e0e19196c1030b847fb51154d589395ed63,Los Zetas - Juan Pedro Salvador Saldivar Farias faction,los zetas - juan pedro salvador saldivar farias faction,UCDP_ACTOR,NameOrigFullEng,6574,Los Zetas - Juan Pedro Salvador Saldivar Farias faction,1,False,55,False,False,True,UCDP_ACTOR
0202cb2195f10e2f4e110878e67673de95df4bcf,Los Zetas,los zetas,UCDP_ACTOR,NameSplitTemp,6574,Los Zetas - Juan Pedro Salvador Saldivar Farias faction,1,False,9,False,False,True,UCDP_ACTOR
a7409388ecd0342e3ed212e4185b40f2417d0913,Maute group,maute group,UCDP_ACTOR,NameData,6578,Maute group,1,False,11,False,False,True,RAD;UCDP_ACTOR
e5ebb28731309610e1214d3d31fd0821e0fb779d,KIM,kim,UCDP_ACTOR,NameOrig,6578,Maute group,1,True,3,True,False,True,UCDP_ACTOR
a97087cb97748ae553105797bb7a4f94a2d2bca7,Khalifah Islamiyah Mindanao,khalifah islamiyah mindanao,UCDP_ACTOR,NameOrigFull,6578,Maute group,1,False,27,False,False,True,UCDP_ACTOR
33792e8594485a658554dc0cad2da162e040a7e9,Islamic State Mindanao,islamic state mindanao,UCDP_ACTOR,NameOrigFullEng,6578,Maute group,1,False,22,False,False,True,UCDP_ACTOR
4b10e1f2eab50ed5138fb1f81562c44c875bf4bb,Maute group,maute group,UCDP_ACTOR,NewName,6578,Maute group,1,False,11,False,False,True,RAD;UCDP_ACTOR
2cd84baaf2b2ef5bc7052787ed744dd237f08f8b,Maute group,maute group,UCDP_ACTOR,NewNameFullMotherTongue,6578,Maute group,1,False,11,False,False,True,RAD;UCDP_ACTOR
6d711ef3a153e339efda12296932039915426d5e,Maute group,maute group,UCDP_ACTOR,NewNameFullEng,6578,Maute group,1,False,11,False,False,True,RAD;UCDP_ACTOR
550e6de434f77f001c80d6d475e13ac5fe578434,MAS,mas,UCDP_ACTOR,NameData,6579,MAS,1,True,3,True,False,True,UCDP_ACTOR
7bd994f47801bb8d23fa0189746619263effea18,MAS,mas,UCDP_ACTOR,NameOrig,6579,MAS,1,True,3,True,False,True,UCDP_ACTOR
218fcc634e4a72357330ce731d076f7d6d1b873d,Muerte a Secuestradores,muerte a secuestradores,UCDP_ACTOR,NameOrigFull,6579,MAS,1,False,23,False,False,True,UCDP_ACTOR
fc2ad65a1c77a7475ca93d4f6ed5de87a6de080d,Death to Kidnappers,death to kidnappers,UCDP_ACTOR,NameOrigFullEng,6579,MAS,1,False,19,False,False,True,UCDP_ACTOR
fff584f60d1de1edc40d021694b894c2c9f3d18c,Mayi Mayi Mazembe,mayi mayi mazembe,UCDP_ACTOR,NameData,6587,Mayi Mayi Mazembe,1,False,17,False,False,True,UCDP_ACTOR
74a44a8338c5e988c57f8ff15d58f902705e0829,UPDI-Mazembe,updi-mazembe,UCDP_ACTOR,NameOrig,6587,Mayi Mayi Mazembe,1,True,12,False,False,True,UCDP_ACTOR
a0718c948de17a15629e29f18b4ae4e600f4e8d6,Union des Patriotes pour la Défense des Innocents - Mazembe,union des patriotes pour la défense des innocents - mazembe,UCDP_ACTOR,NameOrigFull,6587,Mayi Mayi Mazembe,1,False,59,False,False,True,UCDP_ACTOR
8b80a558d9af325ca9ab631b32c635c7eadce064,Union of Patriots for the Defense of the Innocents - Mazembe,union of patriots for the defense of the innocents - mazembe,UCDP_ACTOR,NameOrigFullEng,6587,Mayi Mayi Mazembe,1,False,60,False,False,True,UCDP_ACTOR
7519cd9d63751871e9e7c09a984cd7e6f40174f6,Mayi Mayi Mazembe,mayi mayi mazembe,UCDP_ACTOR,NewName,6587,Mayi Mayi Mazembe,1,False,17,False,False,True,UCDP_ACTOR
90fd763db415cc824cf488eca0e28d71ad810698,Maï Maï Mazembe,maï maï mazembe,UCDP_ACTOR,NewNameFullMotherTongue,6587,Mayi Mayi Mazembe,1,False,15,False,False,True,UCDP_ACTOR
9894c2a99beeffcedb5c0e9e5ef979d7cd40805f,Mayi Mayi Mazembe,mayi mayi mazembe,UCDP_ACTOR,NewNameFullEng,6587,Mayi Mayi Mazembe,1,False,17,False,False,True,UCDP_ACTOR
9370f53237f8b682f4668f96c63c7d67dbc039b4,Kamuina Nsapu,kamuina nsapu,UCDP_ACTOR,NameData,6590,Kamuina Nsapu,1,False,13,False,False,True,RAD;UCDP_ACTOR
ca4dd32175d0381b1e14d84f6d2fb2d5ba377be4,Kamuina Nsapu,kamuina nsapu,UCDP_ACTOR,NameOrig,6590,Kamuina Nsapu,1,False,13,False,False,True,RAD;UCDP_ACTOR
fed4b1b966785a5efd5a3c073467ab409a31cee0,Kamuina Nsapu,kamuina nsapu,UCDP_ACTOR,NameOrigFull,6590,Kamuina Nsapu,1,False,13,False,False,True,RAD;UCDP_ACTOR
5a353bac59f179394099793989d6a63ece26d7a5,Kamuina Nsapu,kamuina nsapu,UCDP_ACTOR,NameOrigFullEng,6590,Kamuina Nsapu,1,False,13,False,False,True,RAD;UCDP_ACTOR
8e67dafc18d827475549efb4b90c37b28fd69374,Jaysh al-Nukhba,jaysh al-nukhba,UCDP_ACTOR,NameData,6597,Jaysh al-Nukhba,1,False,15,False,False,True,UCDP_ACTOR
91c99c991b53623cf565bfa6f7b7575b7243adac,Jaish al-Tahrir,jaish al-tahrir,UCDP_ACTOR,NameOrig,6597,Jaysh al-Nukhba,1,False,15,False,False,True,UCDP_ACTOR
f569cafe0cdf93433f28685c4dd71026ec7cfa07,Liberation Army,liberation army,UCDP_ACTOR,NameOrigFull,6597,Jaysh al-Nukhba,1,False,15,False,False,True,UCDP_ACTOR
bf3bb1ccd3f1a7fdd4274204b072bc4b39f0c0c3,Liberation Army,liberation army,UCDP_ACTOR,NameOrigFullEng,6597,Jaysh al-Nukhba,1,False,15,False,False,True,UCDP_ACTOR
d02d2305ed8f13509ab381934b614c0aab76c11c,Jaysh al-Nukhba,jaysh al-nukhba,UCDP_ACTOR,NewName,6597,Jaysh al-Nukhba,1,False,15,False,False,True,UCDP_ACTOR
398a322b25acfd303c70949a0104c7a204507ffc,Jaysh al-Nukhba,jaysh al-nukhba,UCDP_ACTOR,NewNameFullMotherTongue,6597,Jaysh al-Nukhba,1,False,15,False,False,True,UCDP_ACTOR
6b2becbd07cb0b381f52e732ec547d5e2d9b4025,Elite Army,elite army,UCDP_ACTOR,NewNameFullEng,6597,Jaysh al-Nukhba,1,False,10,False,False,True,UCDP_ACTOR
64576fb96f3122802b2aa3e2ad771dd230804b70,National Front for Liberation,national front for liberation,UCDP_ACTOR,NameAlliance,6597,Jaysh al-Nukhba,1,False,29,False,False,True,UCDP_ACTOR
7488e511c8eab532a719461a492ae9a2f5face0a,Free Idlib Army,free idlib army,UCDP_ACTOR,NameData,6598,Free Idlib Army,1,False,15,False,False,True,UCDP_ACTOR
80a7193d720ee3c80cb2c619b5283b58460bef59,Free Idlib Army,free idlib army,UCDP_ACTOR,NameOrig,6598,Free Idlib Army,1,False,15,False,False,True,UCDP_ACTOR
4ac3a15699352571cff431c499a256389760c480,Free Idlib Army,free idlib army,UCDP_ACTOR,NameOrigFull,6598,Free Idlib Army,1,False,15,False,False,True,UCDP_ACTOR
47924ffe59a897917994564c09e0a266617e20be,Free Idlib Army,free idlib army,UCDP_ACTOR,NameOrigFullEng,6598,Free Idlib Army,1,False,15,False,False,True,UCDP_ACTOR
7311a14fb020648d58b689679ad3206eb5849597,National Front for Liberation,national front for liberation,UCDP_ACTOR,GroupName,6598,Free Idlib Army,1,False,29,False,False,True,UCDP_ACTOR
1caada1ee5ef715eefe5773c37bff62142474e20,Jaysh al-Ashaer,jaysh al-ashaer,UCDP_ACTOR,NameData,6605,Jaysh al-Ashaer,1,False,15,False,False,True,UCDP_ACTOR
026fc367226e31ea35882f0faefcf938b1491720,Jaysh al-Ashaer,jaysh al-ashaer,UCDP_ACTOR,NameOrig,6605,Jaysh al-Ashaer,1,False,15,False,False,True,UCDP_ACTOR
96594226ec6fe269c5191551669ba76b945e5a56,Jaysh al-Ashaer,jaysh al-ashaer,UCDP_ACTOR,NameOrigFull,6605,Jaysh al-Ashaer,1,False,15,False,False,True,UCDP_ACTOR
dd2bb40d617d30002b93ef239d4a6185408a6ef9,Army of Free Tribes,army of free tribes,UCDP_ACTOR,NameOrigFullEng,6605,Jaysh al-Ashaer,1,False,19,False,False,True,UCDP_ACTOR
6e3ab98c81cb1ca07d11a3c4f541fad41c358d5d,Harakit Sawaid Misr,harakit sawaid misr,UCDP_ACTOR,NameData,6616,Harakit Sawaid Misr,1,False,19,False,False,True,RAD;UCDP_ACTOR
b1bca49bbb9ec2e07f8ce843374b3700bb8dd908,Harakit Sawaid Misr,harakit sawaid misr,UCDP_ACTOR,NameOrig,6616,Harakit Sawaid Misr,1,False,19,False,False,True,RAD;UCDP_ACTOR
0b428dd83b94bf9d366ab30b2b7d870be8b2e0d3,Harakit Sawaid Misr,harakit sawaid misr,UCDP_ACTOR,NameOrigFull,6616,Harakit Sawaid Misr,1,False,19,False,False,True,RAD;UCDP_ACTOR
2b368ceadadbdca06ed4259eb31b95437da13ce8,Harakit Sawaid Misr,harakit sawaid misr,UCDP_ACTOR,NameOrigFullEng,6616,Harakit Sawaid Misr,1,False,19,False,False,True,RAD;UCDP_ACTOR
d1d93db192ed3bd8ea26ffc172c7fb575435312b,Comités locaux de vigilance,comités locaux de vigilance,UCDP_ACTOR,NameData,6634,Comités locaux de vigilance,1,False,27,False,False,True,UCDP_ACTOR
ffb7bbda2ffab76f07f51b3eed85c8ef9b522d01,Comités locaux de vigilance,comités locaux de vigilance,UCDP_ACTOR,NameOrig,6634,Comités locaux de vigilance,1,False,27,False,False,True,UCDP_ACTOR
58a45994b9d43c4d78c068c7602a7e95b92e372d,Comités locaux de vigilance,comités locaux de vigilance,UCDP_ACTOR,NameOrigFull,6634,Comités locaux de vigilance,1,False,27,False,False,True,UCDP_ACTOR
c6941e406764d0e15abe151ff1d1eb8016848b45,Local Vigilante Committees,local vigilante committees,UCDP_ACTOR,NameOrigFullEng,6634,Comités locaux de vigilance,1,False,26,False,False,True,UCDP_ACTOR
27262a2cbb0d926cfe5f9b7f4edc4fb72972dd59,Retour,retour,UCDP_ACTOR,NameOrigFull,6641,3R,1,True,6,False,False,True,UCDP_ACTOR
3fc195f2e8c37ae2230814164a6e16a391a33c36,Réclamation,réclamation,UCDP_ACTOR,NameOrigFull,6641,3R,1,True,11,False,False,True,UCDP_ACTOR
18ebea27744b4c0f659ebc320dc67f52b6fa272a,Réhabilitation,réhabilitation,UCDP_ACTOR,NameOrigFull,6641,3R,1,True,14,False,False,True,UCDP_ACTOR
ce129573ad1686a9507693ad19acb556dabfeeed,Return,return,UCDP_ACTOR,NameOrigFullEng,6641,3R,1,True,6,False,False,True,UCDP_ACTOR
0b762eb10b68e28b612e2b0ae25faf7b11afe2ab,Reclamation,reclamation,UCDP_ACTOR,NameOrigFullEng,6641,3R,1,True,11,False,False,True,UCDP_ACTOR
280b1b16de3eeadb34e2c0b2bdb94b5799bd583d,Rehabilitation,rehabilitation,UCDP_ACTOR,NameOrigFullEng,6641,3R,1,True,14,False,False,True,UCDP_ACTOR
c1d7e2146a2102bd99e2d00c1a8e5e97555bcbff,CPC,cpc,UCDP_ACTOR,NameAlliance,6641,3R,1,True,3,True,False,True,UCDP_ACTOR
ed326c8aa48732746f9e564a66c7124ce2a3e03d,Ansaroul Islam,ansaroul islam,UCDP_ACTOR,NameData,6648,Ansaroul Islam,1,False,14,False,False,True,UCDP_ACTOR
68f2341541ce78d77c6f2b92f3a4ecf8a172500d,Ansaroul Islam,ansaroul islam,UCDP_ACTOR,NameOrig,6648,Ansaroul Islam,1,False,14,False,False,True,UCDP_ACTOR
4af9c149516797711fe4e855c70421281f06b9b1,Ansaroul Islam,ansaroul islam,UCDP_ACTOR,NameOrigFull,6648,Ansaroul Islam,1,False,14,False,False,True,UCDP_ACTOR
5e6ad720268c0ab96184b1d29e419f7741ed6edb,Ansaroul Islam,ansaroul islam,UCDP_ACTOR,NameOrigFullEng,6648,Ansaroul Islam,1,False,14,False,False,True,UCDP_ACTOR
75f89efb4d1d3226abef9c3f724d331de3b15795,RMDC,rmdc,UCDP_ACTOR,NameData,6684,RMDC,1,True,4,True,False,True,UCDP_ACTOR
d6c5c498fdd617cc74c444994e11a66abbe3f3a6,CNRD,cnrd,UCDP_ACTOR,NameOrig,6684,RMDC,1,True,4,True,False,True,UCDP_ACTOR
2d5df9dfcc4977510a5561aeebcfc7eb5634082f,Conseil national pour le renouveau et la démocratie-Ubwiyunge,conseil national pour le renouveau et la démocratie-ubwiyunge,UCDP_ACTOR,NameOrigFull,6684,RMDC,1,False,61,False,False,True,UCDP_ACTOR
ff1392a3747c7d0883dd35c8032f46b2ff0396fc,National Council for Renewal and Democracy,national council for renewal and democracy,UCDP_ACTOR,NameOrigFullEng,6684,RMDC,1,False,42,False,False,True,UCDP_ACTOR
940051ef0ca4e62bb91f0ef24588f5adb3e9df7c,RMDC,rmdc,UCDP_ACTOR,NewName,6684,RMDC,1,True,4,True,False,True,UCDP_ACTOR
c93f598cfb1380ccb9a4dd4562c3f43365483071,Mouvement Rwandais pour le Changement Démocratie,mouvement rwandais pour le changement démocratie,UCDP_ACTOR,NewNameFullMotherTongue,6684,RMDC,1,False,48,False,False,True,UCDP_ACTOR
977948acd6e02ce944c1f9fe533f325e31bbf995,Rwandan Movement for Democratic Change,rwandan movement for democratic change,UCDP_ACTOR,NewNameFullEng,6684,RMDC,1,False,38,False,False,True,UCDP_ACTOR
10573f8d4925cc982e9d6fbe7ab5b04d88806b55,FDLR-FOCA,fdlr-foca,UCDP_ACTOR,NamePrev,6684,RMDC,1,True,9,False,False,True,UCDP_ACTOR
e82a83d1c7e88d1c2e85a5a22d64bee9b369e634,Yurtta Sulh Konseyi,yurtta sulh konseyi,UCDP_ACTOR,NameData,6689,Yurtta Sulh Konseyi,1,False,19,False,False,True,UCDP_ACTOR
2823b7a66e3279bf8779efbfaa0789befd9681ae,Yurtta Sulh Konseyi,yurtta sulh konseyi,UCDP_ACTOR,NameOrig,6689,Yurtta Sulh Konseyi,1,False,19,False,False,True,UCDP_ACTOR
e601d46dde6c335e6a85cfb0ec2f6d3123e436fd,Yurtta Sulh Konseyi,yurtta sulh konseyi,UCDP_ACTOR,NameOrigFull,6689,Yurtta Sulh Konseyi,1,False,19,False,False,True,UCDP_ACTOR
d917aa3d6bb3a29af88a6c2bf93da871f7eeed92,Yurtta Sulh Konseyi,yurtta sulh konseyi,UCDP_ACTOR,NameOrigFullEng,6689,Yurtta Sulh Konseyi,1,False,19,False,False,True,UCDP_ACTOR
31bb061c3c3742495e647d60a43a0dacf9074030,ARSA,arsa,UCDP_ACTOR,NameData,6692,ARSA,1,True,4,True,False,True,RAD;UCDP_ACTOR
881d379cc6f0c7f6af62891ae997e940e5e1a651,HaY,hay,UCDP_ACTOR,NameOrig,6692,ARSA,1,True,3,True,False,True,UCDP_ACTOR
6d2bef6a81d1c06ec19125c410a0419b4ad23f9e,Harakah al-Yaqin,harakah al-yaqin,UCDP_ACTOR,NameOrigFull,6692,ARSA,1,False,16,False,False,True,UCDP_ACTOR
02ec4f5e96dd97ae9175d8d5dbd31fac5b8bdb4c,Faith Movement of Arakan,faith movement of arakan,UCDP_ACTOR,NameOrigFullEng,6692,ARSA,1,False,24,False,False,True,UCDP_ACTOR
bbb71d747926f3cf31dd87aa8854db0580c86ee7,ARSA,arsa,UCDP_ACTOR,NewName,6692,ARSA,1,True,4,True,False,True,RAD;UCDP_ACTOR
7f781ec2129811af7fd93cd827877decd7abd9e7,Arakan Rohingya Salvation Army,arakan rohingya salvation army,UCDP_ACTOR,NewNameFullMotherTongue,6692,ARSA,1,False,30,False,False,True,RAD;UCDP_ACTOR
f4c4dc4bf4b9e8b3bacb0d9531c3a8d30f881bb9,Arakan Rohingya Salvation Army,arakan rohingya salvation army,UCDP_ACTOR,NewNameFullEng,6692,ARSA,1,False,30,False,False,True,RAD;UCDP_ACTOR
ce804bd15dad0bf1dc3d4aab9b071f726f6feab6,SDB,sdb,UCDP_ACTOR,NameData,6698,SDB,1,True,3,True,False,True,UCDP_ACTOR
2c109f94a6ec568f5881d4d8caa8b5fdd14c089f,SDB,sdb,UCDP_ACTOR,NameOrig,6698,SDB,1,True,3,True,False,True,UCDP_ACTOR
c9a24e70475f3b5b04a6c0e641fbd1bdc8042ec5,Saraya Difaa al-Bengazhi,saraya difaa al-bengazhi,UCDP_ACTOR,NameOrigFull,6698,SDB,1,False,24,False,False,True,UCDP_ACTOR
7b4007f53618084e41928942996632aecfa8d9d7,Benghazi Defence Brigade,benghazi defence brigade,UCDP_ACTOR,NameOrigFullEng,6698,SDB,1,False,24,False,False,True,UCDP_ACTOR
9ddfe6586ce7a7ae36a7c5a9ce8e12dd534e42cb,Subol Al-Salam Brigade,subol al-salam brigade,UCDP_ACTOR,NameData,6701,Subol Al-Salam Brigade,1,False,22,False,False,True,UCDP_ACTOR
448ccf0d713f795a26542cb03fae04c6de61c749,Subol Al-Salam Brigade,subol al-salam brigade,UCDP_ACTOR,NameOrig,6701,Subol Al-Salam Brigade,1,False,22,False,False,True,UCDP_ACTOR
adb1b869351d8f54305aec4de22efdeb22ae8a94,Subol Al-Salam Brigade,subol al-salam brigade,UCDP_ACTOR,NameOrigFull,6701,Subol Al-Salam Brigade,1,False,22,False,False,True,UCDP_ACTOR
5a342b93950f330d7415eb701c2076645d099a8e,Subol Al-Salam Brigade,subol al-salam brigade,UCDP_ACTOR,NameOrigFullEng,6701,Subol Al-Salam Brigade,1,False,22,False,False,True,UCDP_ACTOR
4df2b3303bcc22ed18b65af03c5bd36e934e2711,La Nueva Familia,la nueva familia,UCDP_ACTOR,NameData,6704,La Nueva Familia,1,False,16,False,False,True,UCDP_ACTOR
74673e33ef8e3230f2de206316ded30de344de44,La Nueva Familia,la nueva familia,UCDP_ACTOR,NameOrig,6704,La Nueva Familia,1,False,16,False,False,True,UCDP_ACTOR
954d99e41130d1d09c6499528c5722f37ba37a96,La Nueva Familia,la nueva familia,UCDP_ACTOR,NameOrigFull,6704,La Nueva Familia,1,False,16,False,False,True,UCDP_ACTOR
c9b4f701cbc2a7598d27cf8f2d5fdd0175b2f74f,La Nueva Familia,la nueva familia,UCDP_ACTOR,NameOrigFullEng,6704,La Nueva Familia,1,False,16,False,False,True,UCDP_ACTOR
32a5d75d2eebe4325521cd0d2b5b9f75eae3ba87,Carteles Unidos,carteles unidos,UCDP_ACTOR,NameAlliance,6704,La Nueva Familia,1,False,15,False,False,True,UCDP_ACTOR
6f46b8a0375cb0422c2b48c63cecd2cc87866dae,DPR,dpr,UCDP_ACTOR,NameData,6711,DPR,1,True,3,True,False,True,RAD;UCDP_ACTOR
e086da3847627bcedf388685746e5525ec2403b3,DPR,dpr,UCDP_ACTOR,NameOrig,6711,DPR,1,True,3,True,False,True,RAD;UCDP_ACTOR
fdcb3ed4d79f406344959cd10f907b65d4b3aef8,Донецкая народная республика,донецкая народная республика,UCDP_ACTOR,NameOrigFull,6711,DPR,1,False,28,False,False,True,UCDP_ACTOR
508704434d7c66812febec1e958cbe7c1d7c80df,Donetskaya narodnaya respublika,donetskaya narodnaya respublika,UCDP_ACTOR,NameOrigFull,6711,DPR,1,False,31,False,False,True,UCDP_ACTOR
4620b650b4dc519927ef9950a7c3a5235b888db2,Donetsk Peoples Republic,donetsk peoples republic,UCDP_ACTOR,NameOrigFullEng,6711,DPR,1,False,24,False,False,True,RAD;UCDP_ACTOR
9a822741edc5996133fb1db57179eaded7959148,United Armed Forces of Novorossiya,united armed forces of novorossiya,UCDP_ACTOR,NamePrev,6711,DPR,1,False,34,False,False,True,RAD;UCDP_ACTOR
c033dbda106af51d7272a006f420b5a40d7a74d6,LPR,lpr,UCDP_ACTOR,NameData,6712,LPR,1,True,3,True,False,True,RAD;UCDP_ACTOR
1dc7a6f200354d9430b3f4fc37736139a43ee38f,LPR,lpr,UCDP_ACTOR,NameOrig,6712,LPR,1,True,3,True,False,True,RAD;UCDP_ACTOR
21e9524293919fe31959befc5585294c90cb1316,Луганская народная республика,луганская народная республика,UCDP_ACTOR,NameOrigFull,6712,LPR,1,False,29,False,False,True,UCDP_ACTOR
687486c347fa4ea435a27aeae8a3390d2db7ed54,Luganskaya narodnaya respublika,luganskaya narodnaya respublika,UCDP_ACTOR,NameOrigFull,6712,LPR,1,False,31,False,False,True,UCDP_ACTOR
fc91ab947d9c5eaf0954c3c1c9556961a06a276d,Lugansk Peoples Republic,lugansk peoples republic,UCDP_ACTOR,NameOrigFullEng,6712,LPR,1,False,24,False,False,True,RAD;UCDP_ACTOR
1a0df4e0de127105a1ce5414bdf9ded8964d33d9,United Armed Forces of Novorossiya,united armed forces of novorossiya,UCDP_ACTOR,NamePrev,6712,LPR,1,False,34,False,False,True,RAD;UCDP_ACTOR
1bd3f638d1c536f899f55e5720955e59f21b05d0,JNIM,jnim,UCDP_ACTOR,NameData,6716,JNIM,1,True,4,True,False,True,RAD;UCDP_ACTOR
783b0687f8a5efa00ba1a521661789e37d571165,JNIM,jnim,UCDP_ACTOR,NameOrig,6716,JNIM,1,True,4,True,False,True,RAD;UCDP_ACTOR
7e2065f7d140c58f224e7aab6216c953b6ae1672,Jamaat Nusrat al-Islam wal-Muslimin,jamaat nusrat al-islam wal-muslimin,UCDP_ACTOR,NameOrigFull,6716,JNIM,1,False,35,False,False,True,RAD;UCDP_ACTOR
828c774a847efe0e2abf6b71f788183289de0931,Group for the Support of Islam and Muslims,group for the support of islam and muslims,UCDP_ACTOR,NameOrigFullEng,6716,JNIM,1,False,42,False,False,True,RAD;UCDP_ACTOR
7ef15c88d9de74dc2c828f6db053add8bc2a6b80,Bana Mura,bana mura,UCDP_ACTOR,NameData,6739,Bana Mura,1,False,9,False,False,True,UCDP_ACTOR
9d2a74e7fce785c1be76fc3d610259d00fa38a21,Bana Mura,bana mura,UCDP_ACTOR,NameOrig,6739,Bana Mura,1,False,9,False,False,True,UCDP_ACTOR
c70b89a443740213f1278d056df3ecf9da0fed33,Bana Mura,bana mura,UCDP_ACTOR,NameOrigFull,6739,Bana Mura,1,False,9,False,False,True,UCDP_ACTOR
e81cd3a981edb8eb0427131175a770c40f5d575d,Bana Mura,bana mura,UCDP_ACTOR,NameOrigFullEng,6739,Bana Mura,1,False,9,False,False,True,UCDP_ACTOR
2b69d266b6c34cae7de63d85ccb0cdfa0f10560a,MNR,mnr,UCDP_ACTOR,NameData,6740,MNR,1,True,3,True,False,True,RAD;UCDP_ACTOR
e6fb0129330dfdc94da95d8fd14519f8cbc6a698,MNR,mnr,UCDP_ACTOR,NameOrig,6740,MNR,1,True,3,True,False,True,RAD;UCDP_ACTOR
89d5b314b4da46ebf0575b4e23e7490ae26c3bc8,Mouvement National des Révolutionnaires,mouvement national des révolutionnaires,UCDP_ACTOR,NameOrigFull,6740,MNR,1,False,39,False,False,True,RAD;UCDP_ACTOR
2476f97d7bf3f05efd8bd1078ed9b93d96a8c1cd,National Movement for the Revolution,national movement for the revolution,UCDP_ACTOR,NameOrigFullEng,6740,MNR,1,False,36,False,False,True,RAD;UCDP_ACTOR
c35351a253ea8c95ca70dc3245cf22c075064fe5,FDN,fdn,UCDP_ACTOR,NameData,6743,FDN,1,True,3,True,False,True,UCDP_ACTOR
6c251396474463de5d221118e316eb5aefde60b9,FDN,fdn,UCDP_ACTOR,NameOrig,6743,FDN,1,True,3,True,False,True,UCDP_ACTOR
9ea7bfcc334519a9d01a6c5671f6a80b50a72098,Família do Norte,família do norte,UCDP_ACTOR,NameOrigFull,6743,FDN,1,False,16,False,False,True,UCDP_ACTOR
e14c0572df123fb24f79817bbde8bee24f5e4dc9,Family of the North,family of the north,UCDP_ACTOR,NameOrigFullEng,6743,FDN,1,False,19,False,False,True,UCDP_ACTOR
5f99a0da76c5666313acf7003c05350355b980fd,Mayi Mayi Kirikicho,mayi mayi kirikicho,UCDP_ACTOR,NameData,6751,Mayi Mayi Kirikicho,1,False,19,False,False,True,UCDP_ACTOR
0d38cd6e480faa4e1f72a77821938fdb0756d6e4,Mayi Mayi Kirikicho,mayi mayi kirikicho,UCDP_ACTOR,NameOrig,6751,Mayi Mayi Kirikicho,1,False,19,False,False,True,UCDP_ACTOR
f87a61d1f434e52d27a955a881155ea15621ef63,Maï Maï Kirikicho,maï maï kirikicho,UCDP_ACTOR,NameOrigFull,6751,Mayi Mayi Kirikicho,1,False,17,False,False,True,UCDP_ACTOR
3db79424e6bfad1be4b749057fced31773bc6409,Mayi Mayi Kirikicho,mayi mayi kirikicho,UCDP_ACTOR,NameOrigFullEng,6751,Mayi Mayi Kirikicho,1,False,19,False,False,True,UCDP_ACTOR
c871c4e9dc067a393dbfbab788a931db80b3857b,PARECO,pareco,UCDP_ACTOR,NamePrev,6751,Mayi Mayi Kirikicho,1,True,6,False,False,True,UCDP_ACTOR
94c7a8db1809e44e7eeb6677331d59b93e581986,VDP,vdp,UCDP_ACTOR,NameAlliance,6751,Mayi Mayi Kirikicho,1,True,3,True,False,True,UCDP_ACTOR
eb3f5bd5384aca974a84b81c415c4b6b8f7dd522,PARECO,pareco,UCDP_ACTOR,GroupName,6751,Mayi Mayi Kirikicho,1,True,6,False,False,True,UCDP_ACTOR
76c30e6bbebbcf297f2dee580df738aac8cf8534,Dozos (Mali),dozos (mali),UCDP_ACTOR,NameData,6769,Dozos (Mali),1,False,12,False,False,True,UCDP_ACTOR
f5fb2ad9386acb648bb53571fde31e70704000a1,Dozos (Mali),dozos (mali),UCDP_ACTOR,NameOrig,6769,Dozos (Mali),1,False,12,False,False,True,UCDP_ACTOR
38b29b360e65dfffbcb7c3ae17458ed9a443b999,Dozos (Mali),dozos (mali),UCDP_ACTOR,NameOrigFull,6769,Dozos (Mali),1,False,12,False,False,True,UCDP_ACTOR
b1cf1dca23aa76dc8e7da4f63e437a1b2ad62a0d,Dozos (Mali),dozos (mali),UCDP_ACTOR,NameOrigFullEng,6769,Dozos (Mali),1,False,12,False,False,True,UCDP_ACTOR
77dd8952ab97821ad7cbac58d2f4f9d27af53672,SPLM,splm,UCDP_ACTOR,NameData,6792,SPLM/A-North - MA,1,True,4,True,False,True,RAD;UCDP_ACTOR
c2bb4e6791e727d92b2f9794a26a00a6c6840fb2,A-North - MA,a-north - ma,UCDP_ACTOR,NameData,6792,SPLM/A-North - MA,1,False,12,False,False,True,UCDP_ACTOR
9f7114494086b2d1b703df70835ad4e0a2d09285,SPLM,splm,UCDP_ACTOR,NameOrig,6792,SPLM/A-North - MA,1,True,4,True,False,True,RAD;UCDP_ACTOR
caa694cd587ff2ceaff3a8ac34c2f207313e7faf,A-North - MA,a-north - ma,UCDP_ACTOR,NameOrig,6792,SPLM/A-North - MA,1,False,12,False,False,True,UCDP_ACTOR
a56d5a2b841669f2961f240e8406e9a6e9a62383,Harakat Al-Shaabi Li-Tahrir Al-Sudan-Al-Shamal - Malik Agar faction,harakat al-shaabi li-tahrir al-sudan-al-shamal - malik agar faction,UCDP_ACTOR,NameOrigFull,6792,SPLM/A-North - MA,1,False,67,False,False,True,UCDP_ACTOR
166ef21635246712b73db178ff2267506bb38b23,Sudan Peoples Liberation Movement,sudan peoples liberation movement,UCDP_ACTOR,NameOrigFullEng,6792,SPLM/A-North - MA,1,False,33,False,False,True,RAD;UCDP_ACTOR
fe4130302c82ba6556b73355a2138669e4193d01,Army-North - Malik Agar faction,army-north - malik agar faction,UCDP_ACTOR,NameOrigFullEng,6792,SPLM/A-North - MA,1,False,31,False,False,True,UCDP_ACTOR
726b17cf1080788cd340906d478f04e7b07a760a,SPLM,splm,UCDP_ACTOR,NamePrev,6792,SPLM/A-North - MA,1,True,4,True,False,True,RAD;UCDP_ACTOR
aca358cf16a599db36c8bad58f15638d284f61a6,A-North,a-north,UCDP_ACTOR,NamePrev,6792,SPLM/A-North - MA,1,True,7,False,False,True,RAD;UCDP_ACTOR
87660c4e2335e624f2e4af2dfdd0c4207595ab19,SRF,srf,UCDP_ACTOR,NameAlliance,6792,SPLM/A-North - MA,1,True,3,True,False,True,RAD;UCDP_ACTOR
52673ba681fb12874b545325c00a014c5645e2f2,NAS,nas,UCDP_ACTOR,NameData,6794,NAS,1,True,3,True,False,True,UCDP_ACTOR
311da2c1274fab8d537441af4968aed7c1f89a65,NAS,nas,UCDP_ACTOR,NameOrig,6794,NAS,1,True,3,True,False,True,UCDP_ACTOR
127197f0e6377350fb0abe751f40eec5c28b9989,National Salvation Front,national salvation front,UCDP_ACTOR,NameOrigFull,6794,NAS,1,False,24,False,False,True,RAD;UCDP_ACTOR
2e0dfb176191695273f9330da13c38bbeae7a72b,National Salvation Front,national salvation front,UCDP_ACTOR,NameOrigFullEng,6794,NAS,1,False,24,False,False,True,RAD;UCDP_ACTOR
bf8cb0aea835f9038927f5d611600a84da109f3e,Mayi Mayi Mayangose,mayi mayi mayangose,UCDP_ACTOR,NameData,6801,Mayi Mayi Mayangose,1,False,19,False,False,True,UCDP_ACTOR
7925335dda770fd54deb8c17e2d040945d1b4549,Mayi Mayi Mayangose,mayi mayi mayangose,UCDP_ACTOR,NameOrig,6801,Mayi Mayi Mayangose,1,False,19,False,False,True,UCDP_ACTOR
fe438e9b95e96587848dba8beebf0c3f2e88a737,Maï Maï Mayangose,maï maï mayangose,UCDP_ACTOR,NameOrigFull,6801,Mayi Mayi Mayangose,1,False,17,False,False,True,UCDP_ACTOR
8729bde94ec178debbe009be523daedd4d00ecdf,Mayi Mayi Mayangose,mayi mayi mayangose,UCDP_ACTOR,NameOrigFullEng,6801,Mayi Mayi Mayangose,1,False,19,False,False,True,UCDP_ACTOR
838679db00d25e3ff2cbb51ed0c66d296338c7cc,Vuba militia,vuba militia,UCDP_ACTOR,NameData,6806,Vuba militia,1,False,12,False,False,True,UCDP_ACTOR
5c6315c200c0e7f5371329f49781238dc08a5437,Vuba militia,vuba militia,UCDP_ACTOR,NameOrig,6806,Vuba militia,1,False,12,False,False,True,UCDP_ACTOR
cf4ebedc378524909539b0ea06f90a114dcec7eb,Vuba militia,vuba militia,UCDP_ACTOR,NameOrigFull,6806,Vuba militia,1,False,12,False,False,True,UCDP_ACTOR
56121f884609695b81ab29bec92faf5e714b41db,Vuba militia,vuba militia,UCDP_ACTOR,NameOrigFullEng,6806,Vuba militia,1,False,12,False,False,True,UCDP_ACTOR
52f1daf9c9baa57ea4b980799093c616bb35f1e7,Anas al-Dabbashi Brigade,anas al-dabbashi brigade,UCDP_ACTOR,NameData,6810,Anas al-Dabbashi Brigade,1,False,24,False,False,True,UCDP_ACTOR
bd78cf4c62cafc6332ebca47eed35738b1ca9146,Anas al-Dabbashi Brigade,anas al-dabbashi brigade,UCDP_ACTOR,NameOrig,6810,Anas al-Dabbashi Brigade,1,False,24,False,False,True,UCDP_ACTOR
c503f17384522e4f3e42b32665d96cc669ef7dda,Anas al-Dabbashi Brigade,anas al-dabbashi brigade,UCDP_ACTOR,NameOrigFull,6810,Anas al-Dabbashi Brigade,1,False,24,False,False,True,UCDP_ACTOR
56cac6490718002a274d524f1a1ca7e70ac69fe0,Anas al-Dabbashi Brigade,anas al-dabbashi brigade,UCDP_ACTOR,NameOrigFullEng,6810,Anas al-Dabbashi Brigade,1,False,24,False,False,True,UCDP_ACTOR
ca9fe42ae062e48b8375ba8362b22fb965e908da,Operations Room Combating Daesh,operations room combating daesh,UCDP_ACTOR,NameData,6812,Operations Room Combating Daesh,1,False,31,False,False,True,UCDP_ACTOR
2e26a89403e43967ed014c43d5fa22cc5abd7419,Operations Room Combating Daesh,operations room combating daesh,UCDP_ACTOR,NameOrig,6812,Operations Room Combating Daesh,1,False,31,False,False,True,UCDP_ACTOR
0534285b95fd3a286ca6b47a498633458ed99378,Operations Room Combating Daesh,operations room combating daesh,UCDP_ACTOR,NameOrigFull,6812,Operations Room Combating Daesh,1,False,31,False,False,True,UCDP_ACTOR
7ed4fed0e8e2e6b8ca083403f3b63c7d71297ac7,Operations Room Combating Daesh,operations room combating daesh,UCDP_ACTOR,NameOrigFullEng,6812,Operations Room Combating Daesh,1,False,31,False,False,True,UCDP_ACTOR
244fe0aef17c1088d4b43daf4c16b8daf37a58c3,Forces of Khalifa al-Ghawil,forces of khalifa al-ghawil,UCDP_ACTOR,NameData,6814,Forces of Khalifa al-Ghawil,1,False,27,False,False,True,RAD;UCDP_ACTOR
3cd8f0fbb4fd0657c8cde0915ea4b102977f3fec,Forces of Khalifa al-Ghawil,forces of khalifa al-ghawil,UCDP_ACTOR,NameOrig,6814,Forces of Khalifa al-Ghawil,1,False,27,False,False,True,RAD;UCDP_ACTOR
a0a5865b7e8a8b2944c4937f9d0bd4830ce627cc,Forces of Khalifa al-Ghawil,forces of khalifa al-ghawil,UCDP_ACTOR,NameOrigFullEng,6814,Forces of Khalifa al-Ghawil,1,False,27,False,False,True,RAD;UCDP_ACTOR
266520ad83bd494fa8989626dc12abb040118521,HTS,hts,UCDP_ACTOR,NameData,6815,HTS,1,True,3,True,False,True,UCDP_ACTOR
77b5f14d713dfb88b79793c6726f6cc19dc57297,HTS,hts,UCDP_ACTOR,NameOrig,6815,HTS,1,True,3,True,False,True,UCDP_ACTOR
340d0121e6cc2c02ea642a9086b45f3f81b432ec,Hayat Tahrir al-Sham,hayat tahrir al-sham,UCDP_ACTOR,NameOrigFull,6815,HTS,1,False,20,False,False,True,UCDP_ACTOR
c1071084dbbe28a3e292cf7984ccafa6659c7d14,Organization for the Liberation of the Levant,organization for the liberation of the levant,UCDP_ACTOR,NameOrigFullEng,6815,HTS,1,False,45,False,False,True,UCDP_ACTOR
cf52a10fe27fe3f5eca2bef8010df8c271f148a4,FPRC-AK,fprc-ak,UCDP_ACTOR,NameData,6816,FPRC-AK,1,True,7,False,False,True,UCDP_ACTOR
c0d3267da82851a81b785cdf84081fc3f9146f81,FPRC-AK,fprc-ak,UCDP_ACTOR,NameOrig,6816,FPRC-AK,1,True,7,False,False,True,UCDP_ACTOR
c0f587b7283ec05911f3a64a863c2f59a59f50ce,FPRC Azor Khalit faction,fprc azor khalit faction,UCDP_ACTOR,NameOrigFull,6816,FPRC-AK,1,False,24,False,False,True,UCDP_ACTOR
284f25912578581b8a800884d63f0c91547e866b,FPRC Azor Khalit faction,fprc azor khalit faction,UCDP_ACTOR,NameOrigFullEng,6816,FPRC-AK,1,False,24,False,False,True,UCDP_ACTOR
5b26d818a928f1f35afd42da38b21c0dbd2ef469,FPRC,fprc,UCDP_ACTOR,NamePrev,6816,FPRC-AK,1,True,4,True,False,True,UCDP_ACTOR
a9b9073bd426b0ef2094fc401e99c8d6c499b0af,Raia Mutomboki Hama Kombo,raia mutomboki hama kombo,UCDP_ACTOR,NameData,6831,Raia Mutomboki Hama Kombo,1,False,25,False,False,True,UCDP_ACTOR
b5b938fb6c089f3d7e9ea6b375f177732d846cc6,Raia Mutomboki Hama Kombo,raia mutomboki hama kombo,UCDP_ACTOR,NameOrig,6831,Raia Mutomboki Hama Kombo,1,False,25,False,False,True,UCDP_ACTOR
1cc5ebf6cace54d692aa639a137854d86a9876e2,Raia Mutomboki Hama Kombo,raia mutomboki hama kombo,UCDP_ACTOR,NameOrigFull,6831,Raia Mutomboki Hama Kombo,1,False,25,False,False,True,UCDP_ACTOR
235901b7aa9bc92774fdbad7c04b50b521512a69,Raia Mutomboki Hama Kombo,raia mutomboki hama kombo,UCDP_ACTOR,NameOrigFullEng,6831,Raia Mutomboki Hama Kombo,1,False,25,False,False,True,UCDP_ACTOR
88e2cbed431d66a55424ed8f3868300801b3f577,CNPSC,cnpsc,UCDP_ACTOR,NameAlliance,6831,Raia Mutomboki Hama Kombo,1,True,5,False,False,True,UCDP_ACTOR
01090f574f27e3c7c0b0beec0141ce8088623d84,Raia Mutomboki Butachibera,raia mutomboki butachibera,UCDP_ACTOR,NameData,6833,Raia Mutomboki Butachibera,1,False,26,False,False,True,UCDP_ACTOR
b8532786f0689e520e3de8299aaadeb6e3864865,Raia Mutomboki Butachibera,raia mutomboki butachibera,UCDP_ACTOR,NameOrig,6833,Raia Mutomboki Butachibera,1,False,26,False,False,True,UCDP_ACTOR
44824c7e8c43c23267c8b817ad6bf69bca4556be,Raia Mutomboki Butachibera,raia mutomboki butachibera,UCDP_ACTOR,NameOrigFull,6833,Raia Mutomboki Butachibera,1,False,26,False,False,True,UCDP_ACTOR
a9e85f2526f03fc0d3c3962b0bab8fbe2bd7221b,Raia Mutomboki Butachibera,raia mutomboki butachibera,UCDP_ACTOR,NameOrigFullEng,6833,Raia Mutomboki Butachibera,1,False,26,False,False,True,UCDP_ACTOR
673b108ba5f14eac930e2448cd791937aaaf6c4c,Raia Mutomboki - Shukuru,raia mutomboki - shukuru,UCDP_ACTOR,NamePrev,6833,Raia Mutomboki Butachibera,1,False,24,False,False,True,UCDP_ACTOR
9045eedff222ae02c811ef1433d7d58f56dc5034,CNPSC,cnpsc,UCDP_ACTOR,NameAlliance,6833,Raia Mutomboki Butachibera,1,True,5,False,False,True,UCDP_ACTOR
4babf926b6e0f192dc13b6b036aa62639fd938e6,MSA,msa,UCDP_ACTOR,NameData,6836,MSA,1,True,3,True,False,True,UCDP_ACTOR
8192e4b6973d57e96af0cd42fbf21520bec9ff44,MSA,msa,UCDP_ACTOR,NameOrig,6836,MSA,1,True,3,True,False,True,UCDP_ACTOR
12eadc44eaa826491db88fb50d710ea4f20b40c5,Mouvement du Salut de lAzawad,mouvement du salut de lazawad,UCDP_ACTOR,NameOrigFull,6836,MSA,1,False,29,False,False,True,UCDP_ACTOR
e611c7800938d4c7cfaa5d5142bc0db3bb1d2fc0,Movement for the Salvation of Azawad,movement for the salvation of azawad,UCDP_ACTOR,NameOrigFullEng,6836,MSA,1,False,36,False,False,True,UCDP_ACTOR
c6434b4b29039ab89a1e79fa854ef9c1ac92855e,CMA,cma,UCDP_ACTOR,NamePrev,6836,MSA,1,True,3,True,False,True,RAD;UCDP_ACTOR
e0f693231639217db9629842f314a5f2ff2e2ffb,FLA,fla,UCDP_ACTOR,NamePrev,6836,MSA,1,True,3,True,False,True,UCDP_ACTOR
2b6dd756db875166e0f51797c12179bde74b9364,FLA,fla,UCDP_ACTOR,GroupName,6836,MSA,1,True,3,True,False,True,UCDP_ACTOR
e7b77dc4ee364bcc61b91405720140c1bff11b41,Shuhada al-Wadi militia,shuhada al-wadi militia,UCDP_ACTOR,NameData,6841,Shuhada al-Wadi militia,1,False,23,False,False,True,UCDP_ACTOR
43467e64344d20aa8862ceb58d440e663694f73a,Shuhada al-Wadi militia,shuhada al-wadi militia,UCDP_ACTOR,NameOrig,6841,Shuhada al-Wadi militia,1,False,23,False,False,True,UCDP_ACTOR
005105a19d6a723102aa6960321707fc6e5e7bf4,Shuhada al-Wadi militia,shuhada al-wadi militia,UCDP_ACTOR,NameOrigFull,6841,Shuhada al-Wadi militia,1,False,23,False,False,True,UCDP_ACTOR
f38ec7ff4abb50af9b0c5f0eb5d033362881c815,Shuhada al-Wadi militia,shuhada al-wadi militia,UCDP_ACTOR,NameOrigFullEng,6841,Shuhada al-Wadi militia,1,False,23,False,False,True,UCDP_ACTOR
91d314e36d8a8a674f67d70e0496974b15182e2f,Jamaat Ansar al-Islam,jamaat ansar al-islam,UCDP_ACTOR,NameData,6844,Jamaat Ansar al-Islam,1,False,21,False,False,True,RAD;UCDP_ACTOR
497ca5252a7699e4e1c43718e2c4347058738dcd,Jamaat Ansar al-Islam,jamaat ansar al-islam,UCDP_ACTOR,NameOrig,6844,Jamaat Ansar al-Islam,1,False,21,False,False,True,RAD;UCDP_ACTOR
f4eec3526fe5513ba5fa6e809e19c7ab6b07b1bd,Jamaat Ansar al-Islam,jamaat ansar al-islam,UCDP_ACTOR,NameOrigFull,6844,Jamaat Ansar al-Islam,1,False,21,False,False,True,RAD;UCDP_ACTOR
8745606da950fa9fa662dac81e0742f30b484a59,Jamaat Ansar al-Islam,jamaat ansar al-islam,UCDP_ACTOR,NameOrigFullEng,6844,Jamaat Ansar al-Islam,1,False,21,False,False,True,RAD;UCDP_ACTOR
dc1d2ced46d500d40cbddfdd031944154d9bc0f6,Anti-Balaka - Mokom,anti-balaka - mokom,UCDP_ACTOR,NameData,6845,Anti-Balaka - Mokom,1,False,19,False,False,True,UCDP_ACTOR
92d6eacc61b9aacdef60292ba41a7682e440bcea,Anti-Balaka - Mokom,anti-balaka - mokom,UCDP_ACTOR,NameOrig,6845,Anti-Balaka - Mokom,1,False,19,False,False,True,UCDP_ACTOR
8c482c879362a27e000736ca8a87c38446056ada,Anti-Balaka - Maxime Mokom,anti-balaka - maxime mokom,UCDP_ACTOR,NameOrigFull,6845,Anti-Balaka - Mokom,1,False,26,False,False,True,UCDP_ACTOR
acb073afb17751f0d6718e6e3a41550d33164d54,Anti-Balaka - Maxime Mokom,anti-balaka - maxime mokom,UCDP_ACTOR,NameOrigFullEng,6845,Anti-Balaka - Mokom,1,False,26,False,False,True,UCDP_ACTOR
f58f5bcc4db45be9d95af24a7e94335d7080e67e,anti-Balaka,anti-balaka,UCDP_ACTOR,NamePrev,6845,Anti-Balaka - Mokom,1,True,11,False,False,True,RAD;UCDP_ACTOR
4c3089396670342753082f753f5ef3279c966f74,CPC,cpc,UCDP_ACTOR,NameAlliance,6845,Anti-Balaka - Mokom,1,True,3,True,False,True,UCDP_ACTOR
3f82667dababb3f6102640ff4e0f9e0ffe6852d7,Koglweogo,koglweogo,UCDP_ACTOR,NameData,6857,Koglweogo,1,True,9,False,False,True,UCDP_ACTOR
bec9ad49e4445062c4b9ed317dc2f6546c54e1c7,Koglweogo,koglweogo,UCDP_ACTOR,NameOrig,6857,Koglweogo,1,True,9,False,False,True,UCDP_ACTOR
b8e672a3cf8142d4b4ff5c5d455d09fd403b2997,Koglweogo,koglweogo,UCDP_ACTOR,NameOrigFull,6857,Koglweogo,1,True,9,False,False,True,UCDP_ACTOR
135cbc32e03d09d174a90ea16bbf0dd61a3b9a33,Koglweogo,koglweogo,UCDP_ACTOR,NameOrigFullEng,6857,Koglweogo,1,True,9,False,False,True,UCDP_ACTOR
334bb4d3385450937d077e9872284c9de42fc395,Saraya Ahl al-Sham,saraya ahl al-sham,UCDP_ACTOR,NameData,6862,Saraya Ahl al-Sham,1,False,18,False,False,True,UCDP_ACTOR
13a994cfdd43ca2016f0791c38be756dfe379da4,Saraya Ahl al-Sham,saraya ahl al-sham,UCDP_ACTOR,NameOrig,6862,Saraya Ahl al-Sham,1,False,18,False,False,True,UCDP_ACTOR
e3f69e7e6a79e42175a05fd4753eb2c3da6788ec,Saraya Ahl al-Sham,saraya ahl al-sham,UCDP_ACTOR,NameOrigFull,6862,Saraya Ahl al-Sham,1,False,18,False,False,True,UCDP_ACTOR
95d7def46dc29c5427272562ca43690541e4413d,Saraya Ahl al-Sham,saraya ahl al-sham,UCDP_ACTOR,NameOrigFullEng,6862,Saraya Ahl al-Sham,1,False,18,False,False,True,UCDP_ACTOR
f95bf76a8225bcaa99a4080fc19914256e86d177,GPC,gpc,UCDP_ACTOR,NameData,6868,GPC,1,True,3,True,False,True,UCDP_ACTOR
df0d6982e48b5e2983f2c4d2ff8ae9e8ed82258b,GPC,gpc,UCDP_ACTOR,NameOrig,6868,GPC,1,True,3,True,False,True,UCDP_ACTOR
768310f555f1d0cee3115e3d262b057b53f84959,Al-Motamar Ash-Shaabiy Al-Aam,al-motamar ash-shaabiy al-aam,UCDP_ACTOR,NameOrigFull,6868,GPC,1,False,29,False,False,True,UCDP_ACTOR
1844c8e26667e084cf59f856eb6e069aaaa7728b,General Peoples Congress,general peoples congress,UCDP_ACTOR,NameOrigFullEng,6868,GPC,1,False,24,False,False,True,UCDP_ACTOR
67786a2ad56a4311f8a3ff86314f411bef86c0a8,Deir ez Zor Military Council,deir ez zor military council,UCDP_ACTOR,NameData,6871,Deir ez Zor Military Council,1,False,28,False,False,True,UCDP_ACTOR
5abf48c21d9541adc96086ff3507018dbcc2b5b5,Deir ez Zor Military Council,deir ez zor military council,UCDP_ACTOR,NameOrig,6871,Deir ez Zor Military Council,1,False,28,False,False,True,UCDP_ACTOR
152252d36c1a606a18e6740594eeffb64cde6560,Deir ez Zor Military Council,deir ez zor military council,UCDP_ACTOR,NameOrigFull,6871,Deir ez Zor Military Council,1,False,28,False,False,True,UCDP_ACTOR
683ed982d95e2c94c6a9914407f85dd2bd88fc77,Deir ez Zor Military Council,deir ez zor military council,UCDP_ACTOR,NameOrigFullEng,6871,Deir ez Zor Military Council,1,False,28,False,False,True,UCDP_ACTOR
e61e2e1adce88ab9149dd0c144f5b5da80c2be9f,Nyatura Love,nyatura love,UCDP_ACTOR,NameData,6885,Nyatura Love,1,False,12,False,False,True,UCDP_ACTOR
92e7e98bd2cd79bef3c1e774a59385f8f7f6892b,Nyatura Love,nyatura love,UCDP_ACTOR,NameOrig,6885,Nyatura Love,1,False,12,False,False,True,UCDP_ACTOR
307bc2a17f3e8ac5a6652c33386ed56dbc2c04d5,Nyatura - John Love,nyatura - john love,UCDP_ACTOR,NameOrigFull,6885,Nyatura Love,1,False,19,False,False,True,UCDP_ACTOR
53ed7d7fdc2e0eb6a494840b0746cdc3a4d22f82,Nyatura - John Love,nyatura - john love,UCDP_ACTOR,NameOrigFullEng,6885,Nyatura Love,1,False,19,False,False,True,UCDP_ACTOR
a1be8ff82e5592b5085f05ce4f5ae12137342e8b,CMC,cmc,UCDP_ACTOR,NameAlliance,6885,Nyatura Love,1,True,3,True,False,True,RAD;UCDP_ACTOR
76cf90505b7edb449292e4cff1663ac15f231afb,PFLL,pfll,UCDP_ACTOR,NameData,6893,PFLL,1,True,4,True,False,True,RAD;UCDP_ACTOR
07041dfce887e606d1e8d909de7a1ed26814c820,PFLL,pfll,UCDP_ACTOR,NameOrig,6893,PFLL,1,True,4,True,False,True,RAD;UCDP_ACTOR
8d3021ed3bcc2e1973c24309282828e6d9bb56b1,Popular Front for the Liberation of Libya,popular front for the liberation of libya,UCDP_ACTOR,NameOrigFullEng,6893,PFLL,1,False,41,False,False,True,UCDP_ACTOR
b2f4673bb5ec20c04e2bc54ce82c1b2ea2fe691d,UPLC,uplc,UCDP_ACTOR,NameData,6894,UPLC,1,True,4,True,False,True,RAD;UCDP_ACTOR
2376e2a9e7e8a9efb0b81048d5cdd671063c340d,UPLC,uplc,UCDP_ACTOR,NameOrig,6894,UPLC,1,True,4,True,False,True,RAD;UCDP_ACTOR
e42105a7e85f6a2212744b26f1cdbfa21704a4d6,Union des Patriotes pour la Libération du Congo,union des patriotes pour la libération du congo,UCDP_ACTOR,NameOrigFull,6894,UPLC,1,False,47,False,False,True,RAD;UCDP_ACTOR
3614751aa36023ab9411e8876cd87972fb242ec1,Union of Patriots for the Liberation of Congo,union of patriots for the liberation of congo,UCDP_ACTOR,NameOrigFullEng,6894,UPLC,1,False,45,False,False,True,RAD;UCDP_ACTOR
fa502496ac3a4b06f977dfca5e1ed79b2fac221d,VDP,vdp,UCDP_ACTOR,GroupName,6894,UPLC,1,True,3,True,False,True,UCDP_ACTOR
d2498150163422ba53f5125070ec0bc9bce6c19a,Mayi Mayi Kyandenga,mayi mayi kyandenga,UCDP_ACTOR,NameData,6896,Mayi Mayi Kyandenga,1,False,19,False,False,True,UCDP_ACTOR
38644b03bc8d28e48f4df8e36a1012e2e90296f4,Mayi Mayi Kyandenga,mayi mayi kyandenga,UCDP_ACTOR,NameOrig,6896,Mayi Mayi Kyandenga,1,False,19,False,False,True,UCDP_ACTOR
b691d70cb5ce5189decb8783e50e4e32fdb1378b,Maï Maï Kyandenga,maï maï kyandenga,UCDP_ACTOR,NameOrigFull,6896,Mayi Mayi Kyandenga,1,False,17,False,False,True,UCDP_ACTOR
e1b502683448ea7b3bab743572d362c54b001347,Mayi Mayi Kyandenga,mayi mayi kyandenga,UCDP_ACTOR,NameOrigFullEng,6896,Mayi Mayi Kyandenga,1,False,19,False,False,True,UCDP_ACTOR
4b9adcf3e429f0e9efa9d86638c3c0cb00a1afcf,UPLC,uplc,UCDP_ACTOR,NamePrev,6896,Mayi Mayi Kyandenga,1,True,4,True,False,True,RAD;UCDP_ACTOR
0130c59006ccfb4a3c24bd92368883cc0317a9cb,Kaniyat,kaniyat,UCDP_ACTOR,NameData,6902,Kaniyat,1,True,7,False,False,True,UCDP_ACTOR
fab0f9040524af2a0c104e09ba76027767a012c9,Kaniyat,kaniyat,UCDP_ACTOR,NameOrig,6902,Kaniyat,1,True,7,False,False,True,UCDP_ACTOR
10f4e12f48d5c3e0984e75635b6e88527316407e,Kaniyat,kaniyat,UCDP_ACTOR,NameOrigFull,6902,Kaniyat,1,True,7,False,False,True,UCDP_ACTOR
7c8ab4562650772ef0d6f4ce5e69a30293ecb7e8,Kaniyat,kaniyat,UCDP_ACTOR,NameOrigFullEng,6902,Kaniyat,1,True,7,False,False,True,UCDP_ACTOR
b8d4a57383b8c9440d594e1cb8c1a0bcbd2473da,Forces of the House of Representatives,forces of the house of representatives,UCDP_ACTOR,GroupName,6902,Kaniyat,1,False,38,False,False,True,RAD;UCDP_ACTOR
fa56c2a792b0bf4aee05688af6c19a49db894125,Twiganeho,twiganeho,UCDP_ACTOR,NameData,6918,Twiganeho,1,True,9,False,False,True,UCDP_ACTOR
7207d807e30836e22094ca45e2e84b189d8ee093,Twiganeho,twiganeho,UCDP_ACTOR,NameOrig,6918,Twiganeho,1,True,9,False,False,True,UCDP_ACTOR
2b4e81feb50f4e537d2e27646ea4607011e84533,Twiganeho,twiganeho,UCDP_ACTOR,NameOrigFull,6918,Twiganeho,1,True,9,False,False,True,UCDP_ACTOR
9db5a40d869f21db112b757b2e5f1c445681901b,Twiganeho,twiganeho,UCDP_ACTOR,NameOrigFullEng,6918,Twiganeho,1,True,9,False,False,True,UCDP_ACTOR
e5256b1d47be55840ae110e12034aee874789b33,CMC,cmc,UCDP_ACTOR,NameData,6920,CMC,1,True,3,True,False,True,RAD;UCDP_ACTOR
91c47b20b6872dec3943ec84bc4103d57ffc4e80,CMC,cmc,UCDP_ACTOR,NameOrig,6920,CMC,1,True,3,True,False,True,RAD;UCDP_ACTOR
bfaad40404e06d8b37b160e9ddf5a7848e405a2b,Collectif des mouvements pour le changement,collectif des mouvements pour le changement,UCDP_ACTOR,NameOrigFull,6920,CMC,1,False,43,False,False,True,RAD;UCDP_ACTOR
b50d471ddfece5ec2194284f536cd64163ac4c7a,Coalition for movements of change,coalition for movements of change,UCDP_ACTOR,NameOrigFullEng,6920,CMC,1,False,33,False,False,True,RAD;UCDP_ACTOR
298e2a00b97ccda334a0b35ece2c4bfd3a080e25,VDP,vdp,UCDP_ACTOR,NameAlliance,6920,CMC,1,True,3,True,False,True,UCDP_ACTOR
10e9c99818c5a8f8afa2a12740a3e164b4b10b96,MNLC,mnlc,UCDP_ACTOR,NameData,6930,MNLC,1,True,4,True,False,True,UCDP_ACTOR
405e0b065aea90e5459c84dc62eb8ce23ad4a1e6,MPC (Bahar),mpc (bahar),UCDP_ACTOR,NameOrig,6930,MNLC,1,False,11,False,False,True,UCDP_ACTOR
b1e374230ca4d0ff6106a6b8114d7b30c716e8e3,Mouvement patriotique pour la Centrafrique branch of General Bahar,mouvement patriotique pour la centrafrique branch of general bahar,UCDP_ACTOR,NameOrigFull,6930,MNLC,1,False,66,False,False,True,UCDP_ACTOR
20f5c97fabe896abf64d5abb4fc8b2e199d65d6b,Patriotic Movement for the Central African Republic,patriotic movement for the central african republic,UCDP_ACTOR,NameOrigFullEng,6930,MNLC,1,False,51,False,False,True,UCDP_ACTOR
7d508cf7d82ae4fafadc975a9a6dabfebd2f75a5,MNLC,mnlc,UCDP_ACTOR,NewName,6930,MNLC,1,True,4,True,False,True,UCDP_ACTOR
379aa8d7ec3c108e2ed939d2bb9d18b915bf2fb8,Mouvement national pour la libération de la Centrafrique,mouvement national pour la libération de la centrafrique,UCDP_ACTOR,NewNameFullMotherTongue,6930,MNLC,1,False,56,False,False,True,UCDP_ACTOR
be21b656518da16b9c6b49e395d47847f3df5faa,National Movement for the Liberation of Central African Republic,national movement for the liberation of central african republic,UCDP_ACTOR,NewNameFullEng,6930,MNLC,1,False,64,False,False,True,UCDP_ACTOR
e2bf51969c2e9588e0d7319d08819503c4efd67f,MPC,mpc,UCDP_ACTOR,NamePrev,6930,MNLC,1,True,3,True,False,True,UCDP_ACTOR
be8a64408a46397bd80a029fa2803fa043a095c4,Sindicato do Crime,sindicato do crime,UCDP_ACTOR,NameData,6936,Sindicato do Crime,1,False,18,False,False,True,UCDP_ACTOR
6fcdd8204a7e85f26e9665c17d6453e53308db08,Sindicato do Crime,sindicato do crime,UCDP_ACTOR,NameOrig,6936,Sindicato do Crime,1,False,18,False,False,True,UCDP_ACTOR
c8309a50b4de19d00d06b81375ab93a29f6832cc,Sindicato do Crime do Rio Grande do Norte,sindicato do crime do rio grande do norte,UCDP_ACTOR,NameOrigFull,6936,Sindicato do Crime,1,False,41,False,False,True,UCDP_ACTOR
f6f7604aad47e27b40b85985cefbb46240fccb92,Crime Syndicate of Rio Grande do Norte,crime syndicate of rio grande do norte,UCDP_ACTOR,NameOrigFullEng,6936,Sindicato do Crime,1,False,38,False,False,True,UCDP_ACTOR
43d2a352cadc37c8db6e9c133f64a348a875727e,Brigade 48,brigade 48,UCDP_ACTOR,NameData,6954,Brigade 48,1,False,10,False,False,True,UCDP_ACTOR
7c39cbb0b39ab515113277a105f0d7193f729125,Brigade 48,brigade 48,UCDP_ACTOR,NameOrig,6954,Brigade 48,1,False,10,False,False,True,UCDP_ACTOR
7431ef0c2b1a7c5dcd4ed63519f9f6423dbe4075,Brigade 48,brigade 48,UCDP_ACTOR,NameOrigFull,6954,Brigade 48,1,False,10,False,False,True,UCDP_ACTOR
eff2c700a6a67e39c4c01ca2c2e7ebf574504019,Brigade 48,brigade 48,UCDP_ACTOR,NameOrigFullEng,6954,Brigade 48,1,False,10,False,False,True,UCDP_ACTOR
ba6068ef6d604c33e5de3ac9cba19a17103b452b,Peuhl militia (Zemio),peuhl militia (zemio),UCDP_ACTOR,NameData,6982,Peuhl militia (Zemio),1,False,21,False,False,True,UCDP_ACTOR
c0d9098ca0a74a02e0aa99ce62b3c4e4fd6003b5,Peuhl militia (Zemio),peuhl militia (zemio),UCDP_ACTOR,NameOrig,6982,Peuhl militia (Zemio),1,False,21,False,False,True,UCDP_ACTOR
42562347a172c0def46e23d3111e414d31d3d5aa,Peuhl militia (Zemio),peuhl militia (zemio),UCDP_ACTOR,NameOrigFull,6982,Peuhl militia (Zemio),1,False,21,False,False,True,UCDP_ACTOR
61b18487c77a61a0f31b6f6081c50b155cb3889b,Peuhl militia (Zemio),peuhl militia (zemio),UCDP_ACTOR,NameOrigFullEng,6982,Peuhl militia (Zemio),1,False,21,False,False,True,UCDP_ACTOR
d95e4c19fe34ee5ebd57cad4ab4f2594b764e302,al-Harakat al-Islamiyah,al-harakat al-islamiyah,UCDP_ACTOR,NameData,6998,al-Harakat al-Islamiyah,1,False,23,False,False,True,RAD;UCDP_ACTOR
55df2de081b893e9a32da87d4df963f80fc2d2fa,al-Harakat al-Islamiyah,al-harakat al-islamiyah,UCDP_ACTOR,NameOrig,6998,al-Harakat al-Islamiyah,1,False,23,False,False,True,RAD;UCDP_ACTOR
9feb1655db6494f437733dd28341dfabeb922d87,al-Harakat al-Islamiyah,al-harakat al-islamiyah,UCDP_ACTOR,NameOrigFull,6998,al-Harakat al-Islamiyah,1,False,23,False,False,True,RAD;UCDP_ACTOR
d2004789aba4f3c841b878b7a6322cd51a623aa1,al-Harakat al-Islamiyah,al-harakat al-islamiyah,UCDP_ACTOR,NameOrigFullEng,6998,al-Harakat al-Islamiyah,1,False,23,False,False,True,RAD;UCDP_ACTOR
b058b9e4eb8d8878bbf48a5fc734721cee35b42c,ASG,asg,UCDP_ACTOR,NamePrev,6998,al-Harakat al-Islamiyah,1,True,3,True,False,True,RAD;UCDP_ACTOR
fe6b407f30c4d81db3682c780ec0c7831f3ff167,BIFM-K,bifm-k,UCDP_ACTOR,NameData,6999,BIFM-K,1,True,6,False,False,True,RAD;UCDP_ACTOR
062b53fb40a7f6898ec7f45e17341717fbcb25b4,BIFM-K,bifm-k,UCDP_ACTOR,NameOrig,6999,BIFM-K,1,True,6,False,False,True,RAD;UCDP_ACTOR
8e8a0b95d39295500338ad35c682852724cf55e3,Bangsamoro Islamic Freedom Movement - Karialan faction,bangsamoro islamic freedom movement - karialan faction,UCDP_ACTOR,NameOrigFull,6999,BIFM-K,1,False,54,False,False,True,RAD;UCDP_ACTOR
53e8716a51702917eebdc7321602f4da1ee43c8e,Bangsamoro Islamic Freedom Movement - Karialan faction,bangsamoro islamic freedom movement - karialan faction,UCDP_ACTOR,NameOrigFullEng,6999,BIFM-K,1,False,54,False,False,True,RAD;UCDP_ACTOR
cb40ff661212ceeff4421e96c59d444231ee5666,GDE,gde,UCDP_ACTOR,NameData,7014,GDE,1,True,3,True,False,True,UCDP_ACTOR
5de2d656b5c7fcf06e5f110b056a5f3b6da132d1,GDE,gde,UCDP_ACTOR,NameOrig,7014,GDE,1,True,3,True,False,True,UCDP_ACTOR
975ca9ca3a20eff052a94481caf4014e8b6612f5,Guardiões do Estado,guardiões do estado,UCDP_ACTOR,NameOrigFull,7014,GDE,1,False,19,False,False,True,UCDP_ACTOR
bb423152e0a40e713255285ac534c7c4c6762926,Guardians of the state,guardians of the state,UCDP_ACTOR,NameOrigFullEng,7014,GDE,1,False,22,False,False,True,UCDP_ACTOR
45364d95f5772931dc0a2bfdab39a798146f688c,ASWJ,aswj,UCDP_ACTOR,NameData,7032,ASWJ,1,True,4,True,False,True,UCDP_ACTOR
090722ec74bcb6c4af201205c4f8b791047f827b,ASWJ,aswj,UCDP_ACTOR,NameOrig,7032,ASWJ,1,True,4,True,False,True,UCDP_ACTOR
79e584e6e50800b0669dd68a9ede5779aa992d64,Ahlu al-Sunna wal Jamaa,ahlu al-sunna wal jamaa,UCDP_ACTOR,NameOrigFull,7032,ASWJ,1,False,23,False,False,True,UCDP_ACTOR
e5b226631f5ecbec859eeb367a9dbdc933e58ece,Followers of the Prophetic Tradition,followers of the prophetic tradition,UCDP_ACTOR,NameOrigFullEng,7032,ASWJ,1,False,36,False,False,True,UCDP_ACTOR
464e48c16387a4b82963c92f9121b4d82a601546,Bonde dos 13,bonde dos 13,UCDP_ACTOR,NameData,7038,Bonde dos 13,1,False,12,False,False,True,UCDP_ACTOR
2475cab1cd4969e78dcb354cf9898c92e495c8dc,Bonde dos 13,bonde dos 13,UCDP_ACTOR,NameOrig,7038,Bonde dos 13,1,False,12,False,False,True,UCDP_ACTOR
0d4d0072b0432f3032f7fdbe1a7eab054cdcc2b5,Bonde dos 13,bonde dos 13,UCDP_ACTOR,NameOrigFull,7038,Bonde dos 13,1,False,12,False,False,True,UCDP_ACTOR
00bcaa24ed27c8dda516ea96f354bbf7e37b3cda,Bonde dos 13,bonde dos 13,UCDP_ACTOR,NameOrigFullEng,7038,Bonde dos 13,1,False,12,False,False,True,UCDP_ACTOR
e6acabd144e5a3cc2c6c996b43427d9385c917e5,ASL,asl,UCDP_ACTOR,NameData,7046,ASL,1,True,3,True,False,True,RAD;UCDP_ACTOR
9720ae7c61968fc0fddc0cd4c3109f03b692bb78,ASL,asl,UCDP_ACTOR,NameOrig,7046,ASL,1,True,3,True,False,True,RAD;UCDP_ACTOR
3196118c816081f626aa12a30ae4183d2f85b65d,Ansar al-Sharia in Libya,ansar al-sharia in libya,UCDP_ACTOR,NameOrigFull,7046,ASL,1,False,24,False,False,True,RAD;UCDP_ACTOR
f26318e19aa4a7c997d81a55918b15a6b158c3be,Ansar al-Sharia in Libya,ansar al-sharia in libya,UCDP_ACTOR,NameOrigFullEng,7046,ASL,1,False,24,False,False,True,RAD;UCDP_ACTOR
76024946e366f5fbfd7398f23537c558382d26a1,Benghazi Revolutionaries Shura Council,benghazi revolutionaries shura council,UCDP_ACTOR,GroupName,7046,ASL,1,False,38,False,False,True,UCDP_ACTOR
2892e42cda3984d81a2864b8b9244e3dd11e45f2,Rafallah al-Sahati Brigade,rafallah al-sahati brigade,UCDP_ACTOR,NameData,7047,Rafallah al-Sahati Brigade,1,False,26,False,False,True,UCDP_ACTOR
4bb6efb1d2c913d4c52ba85ed971f869dc47e674,Rafallah al-Sahati Brigade,rafallah al-sahati brigade,UCDP_ACTOR,NameOrig,7047,Rafallah al-Sahati Brigade,1,False,26,False,False,True,UCDP_ACTOR
f64c2968119f6cfe5207dffd18a41d467436fc6a,Rafallah al-Sahati Brigade,rafallah al-sahati brigade,UCDP_ACTOR,NameOrigFull,7047,Rafallah al-Sahati Brigade,1,False,26,False,False,True,UCDP_ACTOR
898e92cb7a51b3b000b9dc83819d0af9f3f7c37e,Rafallah al-Sahati Brigade,rafallah al-sahati brigade,UCDP_ACTOR,NameOrigFullEng,7047,Rafallah al-Sahati Brigade,1,False,26,False,False,True,UCDP_ACTOR
e16a63995993af07c62df85515cfd9329ea62c4e,February 17 Martyrs Brigade,february 17 martyrs brigade,UCDP_ACTOR,NamePrev,7047,Rafallah al-Sahati Brigade,1,False,27,False,False,True,UCDP_ACTOR
ce1dca7b40f8d242a6703beafcd6f6ddbd7155fe,Benghazi Revolutionaries Shura Council,benghazi revolutionaries shura council,UCDP_ACTOR,GroupName,7047,Rafallah al-Sahati Brigade,1,False,38,False,False,True,UCDP_ACTOR
857cc451224cc8549a57fc7d65024357423cfc6f,February 17 Martyrs Brigade,february 17 martyrs brigade,UCDP_ACTOR,NameData,7048,February 17 Martyrs Brigade,1,False,27,False,False,True,UCDP_ACTOR
1966be82ab9432a761fe2a3921d9f47f74b48d4f,February 17 Martyrs Brigade,february 17 martyrs brigade,UCDP_ACTOR,NameOrig,7048,February 17 Martyrs Brigade,1,False,27,False,False,True,UCDP_ACTOR
d17e8c93b705b3f5c3a8121a57cbe0c7cf2b220e,February 17 Martyrs Brigade,february 17 martyrs brigade,UCDP_ACTOR,NameOrigFull,7048,February 17 Martyrs Brigade,1,False,27,False,False,True,UCDP_ACTOR
422420807953fad94a4091fe54866c8f8fb5244d,February 17 Martyrs Brigade,february 17 martyrs brigade,UCDP_ACTOR,NameOrigFullEng,7048,February 17 Martyrs Brigade,1,False,27,False,False,True,UCDP_ACTOR
f31274aefc7b68e9f2b8020e8709fdbe036cf399,Benghazi Revolutionaries Shura Council,benghazi revolutionaries shura council,UCDP_ACTOR,GroupName,7048,February 17 Martyrs Brigade,1,False,38,False,False,True,UCDP_ACTOR
f54d8bab02e6b76198739d807a602eafbc25aecf,LNA,lna,UCDP_ACTOR,NameData,7072,LNA,1,True,3,True,False,True,UCDP_ACTOR
8ce69a80256e883700c227b8c2e44eee99ad6a27,LNA,lna,UCDP_ACTOR,NameOrig,7072,LNA,1,True,3,True,False,True,UCDP_ACTOR
958781dec9fd58f2686d609693774d1fab8e9310,al-jaysh al-wataniyy al-Libii,al-jaysh al-wataniyy al-libii,UCDP_ACTOR,NameOrigFull,7072,LNA,1,False,29,False,False,True,UCDP_ACTOR
bfdb3f7d0eaade3fc73e1dbb9170023a9aef25cf,Libyan National Army,libyan national army,UCDP_ACTOR,NameOrigFullEng,7072,LNA,1,False,20,False,False,True,UCDP_ACTOR
fdd57178c819bc924f15bade75cf3cd73f5394e2,Forces of the House of Representatives,forces of the house of representatives,UCDP_ACTOR,GroupName,7072,LNA,1,False,38,False,False,True,RAD;UCDP_ACTOR
3fa239dd0336e40034d5630b8dc1748caf64536f,EPL - Megateo,epl - megateo,UCDP_ACTOR,NameData,7074,EPL - Megateo,1,False,13,False,False,True,RAD;UCDP_ACTOR
e8be61217c4d814023e3d4acd0eea487a41df007,EPL - FC,epl - fc,UCDP_ACTOR,NameOrig,7074,EPL - Megateo,1,False,8,False,False,True,UCDP_ACTOR
b631ffde0fb796bc8aa166006cf3bdf7bb4ab6fc,Ejército popular de liberación - Francisco Caraballo,ejército popular de liberación - francisco caraballo,UCDP_ACTOR,NameOrigFull,7074,EPL - Megateo,1,False,52,False,False,True,UCDP_ACTOR
76591ad3209fa6d7b4865a84067559352b98bb0c,Peoples Liberation Army - Francisco Caraballo,peoples liberation army - francisco caraballo,UCDP_ACTOR,NameOrigFullEng,7074,EPL - Megateo,1,False,45,False,False,True,UCDP_ACTOR
e3aa9188ab291b0284a2fcc2138c77f4851f579f,EPL - Megateo,epl - megateo,UCDP_ACTOR,NewName,7074,EPL - Megateo,1,False,13,False,False,True,RAD;UCDP_ACTOR
05201240a9a1db0dab530026aa4310437ef90c6a,EPL - Megateo,epl - megateo,UCDP_ACTOR,NewNameFullMotherTongue,7074,EPL - Megateo,1,False,13,False,False,True,RAD;UCDP_ACTOR
0b0029dec1068e7f6b4e9a333f7f7552f0cfb0e0,EPL - Megateo,epl - megateo,UCDP_ACTOR,NewNameFullEng,7074,EPL - Megateo,1,False,13,False,False,True,RAD;UCDP_ACTOR
3ad32e98adc7924d5260d33a405db92ec34d82d6,EPL,epl,UCDP_ACTOR,NamePrev,7074,EPL - Megateo,1,True,3,True,False,True,RAD;UCDP_ACTOR
eb4841ee7957878400976cc1b0cf5b5cd9f0757d,Dan na Ambassagou,dan na ambassagou,UCDP_ACTOR,NameData,7092,Dan na Ambassagou,1,False,17,False,False,True,UCDP_ACTOR
2931d0cb5c80419131edcdb0944c805294950158,Dan na Ambassagou,dan na ambassagou,UCDP_ACTOR,NameOrig,7092,Dan na Ambassagou,1,False,17,False,False,True,UCDP_ACTOR
f24495d742e9896e66efaba388e77baf99abcd81,Dan na Ambassagou,dan na ambassagou,UCDP_ACTOR,NameOrigFull,7092,Dan na Ambassagou,1,False,17,False,False,True,UCDP_ACTOR
03afd10eaaccfee1b68bdf8e4d8cba3ce0fc839d,Hunters who Trust in God,hunters who trust in god,UCDP_ACTOR,NameOrigFullEng,7092,Dan na Ambassagou,1,False,24,False,False,True,UCDP_ACTOR
ec1fc175bd2261a91f45754245d10e19fc760fcf,RNL,rnl,UCDP_ACTOR,NameData,7098,RNL,1,True,3,True,False,True,UCDP_ACTOR
8ef6718b7377ba299761cf8c45fe31f5a3ea0e3d,RNL,rnl,UCDP_ACTOR,NameOrig,7098,RNL,1,True,3,True,False,True,UCDP_ACTOR
b5bda32847353f17d53838b5ccbf15f61c57b9e6,Résistants nationalistes Lumumbistes,résistants nationalistes lumumbistes,UCDP_ACTOR,NameOrigFull,7098,RNL,1,False,36,False,False,True,UCDP_ACTOR
1099412e8f16e0d6a64a9dcb86f46b8bf237a258,Résistants nationalistes Lumumbistes,résistants nationalistes lumumbistes,UCDP_ACTOR,NameOrigFullEng,7098,RNL,1,False,36,False,False,True,UCDP_ACTOR
49a096875699638045a3a24068f74fd93714fe0f,Baraka group,baraka group,UCDP_ACTOR,NewName,7098,RNL,1,False,12,False,False,True,UCDP_ACTOR
328962a1423eafcf524435b2e4ae9243a1434b95,Corps du Christ,corps du christ,UCDP_ACTOR,NewName,7098,RNL,1,False,15,False,False,True,UCDP_ACTOR
1a9044781cd1e209163ff1e2d1a05af7e33c95a7,RNL,rnl,UCDP_ACTOR,NewName,7098,RNL,1,True,3,True,False,True,UCDP_ACTOR
63b5510c3f700fd81c2e4608f2149bb94498fdc4,Baraka group,baraka group,UCDP_ACTOR,NewNameFullMotherTongue,7098,RNL,1,False,12,False,False,True,UCDP_ACTOR
300031454a4e29d4ae75961373b17e017e405444,Corps du Christ,corps du christ,UCDP_ACTOR,NewNameFullMotherTongue,7098,RNL,1,False,15,False,False,True,UCDP_ACTOR
4deddc069a08d947001c5b4e5db5b30ce85beec5,Resistance Nationale Lumumbiste,resistance nationale lumumbiste,UCDP_ACTOR,NewNameFullMotherTongue,7098,RNL,1,False,31,False,False,True,UCDP_ACTOR
71842a6527c635a7098c2923d6a9702435b8759b,Baraka group,baraka group,UCDP_ACTOR,NewNameFullEng,7098,RNL,1,False,12,False,False,True,UCDP_ACTOR
56d1973c8292eab5be94507d892f23252ffd359e,Corps du Christ,corps du christ,UCDP_ACTOR,NewNameFullEng,7098,RNL,1,False,15,False,False,True,UCDP_ACTOR
87202395cde1cbc87808e6c5232f10050b387675,National Lumumbist Resistance,national lumumbist resistance,UCDP_ACTOR,NewNameFullEng,7098,RNL,1,False,29,False,False,True,UCDP_ACTOR
651630e6c5a907039720c243ac3137330a324f36,Suqour al-Sham,suqour al-sham,UCDP_ACTOR,NameData,7103,Suqour al-Sham,1,False,14,False,False,True,UCDP_ACTOR
54fbb14f260c525cb3d9cdeb3d9829add3c72af0,Suqour al-Sham,suqour al-sham,UCDP_ACTOR,NameOrig,7103,Suqour al-Sham,1,False,14,False,False,True,UCDP_ACTOR
6a54ebda74d3094442aa01110e73e8fc9560983d,Suqour al-Sham Brigades,suqour al-sham brigades,UCDP_ACTOR,NameOrigFull,7103,Suqour al-Sham,1,False,23,False,False,True,UCDP_ACTOR
04b1c74f43387f9ed505f4ec8976626dddef0eb3,Hawks of the Levant Brigades,hawks of the levant brigades,UCDP_ACTOR,NameOrigFullEng,7103,Suqour al-Sham,1,False,28,False,False,True,UCDP_ACTOR
4b24b09c6c19eef40a2fcda5fd3113f4fbad524c,Ahrar al-Sham,ahrar al-sham,UCDP_ACTOR,NamePrev,7103,Suqour al-Sham,1,False,13,False,False,True,UCDP_ACTOR
d68d7b982b8ff7ce2ce27b87bc398de46ee40d1e,Islamic Front,islamic front,UCDP_ACTOR,NameAlliance,7103,Suqour al-Sham,1,False,13,False,False,True,UCDP_ACTOR
222d78947e1cb930eb7c2b52526fd58418ba2723,National Front for Liberation,national front for liberation,UCDP_ACTOR,GroupName,7103,Suqour al-Sham,1,False,29,False,False,True,UCDP_ACTOR
f3da61cfdb1b134995825e3c77a7e78bb89904fe,Syrian Liberation Front,syrian liberation front,UCDP_ACTOR,NameData,7105,Syrian Liberation Front,1,False,23,False,False,True,UCDP_ACTOR
6438062b2ea738f5f021083f2f8d8d4f1b42bdfa,Syrian Liberation Front,syrian liberation front,UCDP_ACTOR,NameOrig,7105,Syrian Liberation Front,1,False,23,False,False,True,UCDP_ACTOR
cc957ea56555b9fe12ad831454c5ec1d2495c0af,Jabhat Tahrir Suriya,jabhat tahrir suriya,UCDP_ACTOR,NameOrigFull,7105,Syrian Liberation Front,1,False,20,False,False,True,UCDP_ACTOR
b3bb3f770450ac198b23022e56c399a8bba5f7c9,Syrian Liberation Front,syrian liberation front,UCDP_ACTOR,NameOrigFullEng,7105,Syrian Liberation Front,1,False,23,False,False,True,UCDP_ACTOR
09b06ff7111bf7839a3e1dc068e72af616826f18,National Front for Liberation,national front for liberation,UCDP_ACTOR,GroupName,7105,Syrian Liberation Front,1,False,29,False,False,True,UCDP_ACTOR
42c65c5ab8f59512047251db81bcd87e79034d0c,FABB,fabb,UCDP_ACTOR,NameData,7107,FABB,1,True,4,True,False,True,UCDP_ACTOR
193a9bf061323a9f4ff2097b9ec780f8f1b12c3e,FABB,fabb,UCDP_ACTOR,NameOrig,7107,FABB,1,True,4,True,False,True,UCDP_ACTOR
bfb60c638705126778e22e8fafac9e2ea929932e,Force dautodéfense Biloze Bishambuke,force dautodéfense biloze bishambuke,UCDP_ACTOR,NameOrigFull,7107,FABB,1,False,36,False,False,True,UCDP_ACTOR
d34aeba8e3c916e528a0b31bf72a11b5b6df4c19,Biloze Bishambuke Self-Defence Force,biloze bishambuke self-defence force,UCDP_ACTOR,NameOrigFullEng,7107,FABB,1,False,36,False,False,True,UCDP_ACTOR
c473fcf6e206461835c07b0f597c096ef8d31acf,CNPSC,cnpsc,UCDP_ACTOR,NamePrev,7107,FABB,1,True,5,False,False,True,UCDP_ACTOR
339acf7573d9c414313a4535ed98be1730b84f01,CNPSC,cnpsc,UCDP_ACTOR,NameSplitTemp,7107,FABB,1,True,5,False,False,True,UCDP_ACTOR
4bb48187bc777721f695f1378386a92322100b1e,CNPSC,cnpsc,UCDP_ACTOR,NameAlliance,7107,FABB,1,True,5,False,False,True,UCDP_ACTOR
eded84c23d55535eef273916e54813c32dae5f49,Forces of Ibrahim Jadhran,forces of ibrahim jadhran,UCDP_ACTOR,NameData,7108,Forces of Ibrahim Jadhran,1,False,25,False,False,True,UCDP_ACTOR
dbaffb59fe27969e4f9e0bc1bfe9ae67b44dff38,Forces of Ibrahim Jadhran,forces of ibrahim jadhran,UCDP_ACTOR,NameOrig,7108,Forces of Ibrahim Jadhran,1,False,25,False,False,True,UCDP_ACTOR
775cacc70e449972ba54611381e2b4621ce637bf,Forces of Ibrahim Jadhran,forces of ibrahim jadhran,UCDP_ACTOR,NameOrigFull,7108,Forces of Ibrahim Jadhran,1,False,25,False,False,True,UCDP_ACTOR
9e728d1e6624fb8877296f068c8e2ecc5a1d8af9,Forces of Ibrahim Jadhran,forces of ibrahim jadhran,UCDP_ACTOR,NameOrigFullEng,7108,Forces of Ibrahim Jadhran,1,False,25,False,False,True,UCDP_ACTOR
0e7033cae95acb6a3225376b7abbefd502b6a313,Tanzim Hurras ad-Din,tanzim hurras ad-din,UCDP_ACTOR,NameData,7118,Tanzim Hurras ad-Din,1,False,20,False,False,True,UCDP_ACTOR
a5ace5b0614d6269970f94b5f3486a5989579a41,Tanzim Hurras ad-Din,tanzim hurras ad-din,UCDP_ACTOR,NameOrig,7118,Tanzim Hurras ad-Din,1,False,20,False,False,True,UCDP_ACTOR
36ce1def59f519a239a7e7a3f13f80dfb2718d87,Tanẓīm Ḥurrās ad-Dīn,tanẓīm ḥurrās ad-dīn,UCDP_ACTOR,NameOrigFull,7118,Tanzim Hurras ad-Din,1,False,20,False,False,True,UCDP_ACTOR
69e5b17f1127085a75095bc73900f05e9e734df0,Guardians of Religion Organization,guardians of religion organization,UCDP_ACTOR,NameOrigFullEng,7118,Tanzim Hurras ad-Din,1,False,34,False,False,True,UCDP_ACTOR
993ce405dd1eff23db79dbcc36f7ef167becc6be,HTS,hts,UCDP_ACTOR,NamePrev,7118,Tanzim Hurras ad-Din,1,True,3,True,False,True,UCDP_ACTOR
f243147680f56b2e93d1dc91d972a05fa541031a,Ahrar al-Sharqiya,ahrar al-sharqiya,UCDP_ACTOR,NameData,7122,Ahrar al-Sharqiya,1,False,17,False,False,True,UCDP_ACTOR
d7246dfd06d732ebdecfedffbf6a7c3c90ce9359,Ahrar al-Sharqiya,ahrar al-sharqiya,UCDP_ACTOR,NameOrig,7122,Ahrar al-Sharqiya,1,False,17,False,False,True,UCDP_ACTOR
fda2e8f6ccb4f0f9fce8213115073f94f1529376,Ahrar al-Sharqiya,ahrar al-sharqiya,UCDP_ACTOR,NameOrigFull,7122,Ahrar al-Sharqiya,1,False,17,False,False,True,UCDP_ACTOR
967517840f3ec4d22e8cca57458169ec3fac6363,Ahrar al-Sharqiya,ahrar al-sharqiya,UCDP_ACTOR,NameOrigFullEng,7122,Ahrar al-Sharqiya,1,False,17,False,False,True,UCDP_ACTOR
5eb2a140cbe7c09c6a2da7d5b75669cc452004c9,SNA,sna,UCDP_ACTOR,NameSplitTemp,7122,Ahrar al-Sharqiya,1,True,3,True,False,True,UCDP_ACTOR
70282416ccc9593529735ca8b2838d4f877e0a58,SNA,sna,UCDP_ACTOR,NameAlliance,7122,Ahrar al-Sharqiya,1,True,3,True,False,True,UCDP_ACTOR
881b7833aa30b889120175eb788ce74b398d8f28,National Front for Liberation,national front for liberation,UCDP_ACTOR,NameData,7128,National Front for Liberation,1,False,29,False,False,True,UCDP_ACTOR
744910f6f44e3e70a4bcc6a37baa38a3862767fd,National Front for Liberation,national front for liberation,UCDP_ACTOR,NameOrig,7128,National Front for Liberation,1,False,29,False,False,True,UCDP_ACTOR
a9ed20c237dd577a06d7dd911be64e7a2e56a4e7,Jabhat al-Wataniya lil-Tahrir,jabhat al-wataniya lil-tahrir,UCDP_ACTOR,NameOrigFull,7128,National Front for Liberation,1,False,29,False,False,True,UCDP_ACTOR
47a9b0887b741555a461850bb9a1c8d04fb32aa6,National Front for Liberation,national front for liberation,UCDP_ACTOR,NameOrigFullEng,7128,National Front for Liberation,1,False,29,False,False,True,UCDP_ACTOR
b3700744c952934c24859ebc98fb861d64a347af,SNA,sna,UCDP_ACTOR,GroupName,7128,National Front for Liberation,1,True,3,True,False,True,UCDP_ACTOR
7040ab853649ffc7d7dfa65907b9a3fee4df8863,TRB,trb,UCDP_ACTOR,NameData,7136,TRB,1,True,3,True,False,True,UCDP_ACTOR
d32d8a389024625c7c5ae98686dd136a37744fce,TRB,trb,UCDP_ACTOR,NameOrig,7136,TRB,1,True,3,True,False,True,UCDP_ACTOR
9d949131214214980ead8b4170f4026df75c3a68,Tripoli Revolutionaries Brigade,tripoli revolutionaries brigade,UCDP_ACTOR,NameOrigFull,7136,TRB,1,False,31,False,False,True,UCDP_ACTOR
bb7cafad3f6b9df96196ab7c27ecc17ef05c9203,Tripoli Revolutionaries Brigade,tripoli revolutionaries brigade,UCDP_ACTOR,NameOrigFullEng,7136,TRB,1,False,31,False,False,True,UCDP_ACTOR
ad625aee9a9c0aacb69c244fd96ac1e43facb309,TPF,tpf,UCDP_ACTOR,NameSplitTemp,7136,TRB,1,True,3,True,False,True,UCDP_ACTOR
522101180b8595748b4e8b6b8c1ac30a454b5117,TPF,tpf,UCDP_ACTOR,NameAlliance,7136,TRB,1,True,3,True,False,True,UCDP_ACTOR
6f868567700d1e23108a127802fcd174cde7c918,Ghaniwa Brigade,ghaniwa brigade,UCDP_ACTOR,NameData,7137,Ghaniwa Brigade,1,False,15,False,False,True,UCDP_ACTOR
d4d481bbc599ac56f1deb64c3c6d314b112c83d5,Ghaniwa Brigade,ghaniwa brigade,UCDP_ACTOR,NameOrig,7137,Ghaniwa Brigade,1,False,15,False,False,True,UCDP_ACTOR
5a2a51e30e04b09dfdfd507f3b265e44f9e1da96,Ghaniwa Brigade,ghaniwa brigade,UCDP_ACTOR,NameOrigFull,7137,Ghaniwa Brigade,1,False,15,False,False,True,UCDP_ACTOR
c3ac5b665a9f926b92533ab36216eb3fff7f2914,Ghaniwa Brigade,ghaniwa brigade,UCDP_ACTOR,NameOrigFullEng,7137,Ghaniwa Brigade,1,False,15,False,False,True,UCDP_ACTOR
e054cfba0f1de36a10e2384078d49a630ce5c7ba,TPF,tpf,UCDP_ACTOR,NameAlliance,7137,Ghaniwa Brigade,1,True,3,True,False,True,UCDP_ACTOR
177472c5f0f3a4e29ca96ca4e692e6168cd2f0e4,Libya Dawn,libya dawn,UCDP_ACTOR,GroupName,7137,Ghaniwa Brigade,1,False,10,False,False,True,UCDP_ACTOR
8bb7c70cf8b3c3ee56a78a49db7e2c081053da99,Nawasi Battalion,nawasi battalion,UCDP_ACTOR,NameData,7138,Nawasi Battalion,1,False,16,False,False,True,UCDP_ACTOR
19d17b0b680fed48644c8ae748c3025c4f21b6c1,Nawasi Battalion,nawasi battalion,UCDP_ACTOR,NameOrig,7138,Nawasi Battalion,1,False,16,False,False,True,UCDP_ACTOR
406e1d958ae2d8a6ddf5a7cdc16a97997ad8d269,Nawasi Battalion,nawasi battalion,UCDP_ACTOR,NameOrigFull,7138,Nawasi Battalion,1,False,16,False,False,True,UCDP_ACTOR
33d795f3e267c3f406338486f4504d73c42ae7dc,Nawasi Battalion,nawasi battalion,UCDP_ACTOR,NameOrigFullEng,7138,Nawasi Battalion,1,False,16,False,False,True,UCDP_ACTOR
1ec3f94c1589af82c712daba93b4250b4f25374a,TPF,tpf,UCDP_ACTOR,NameAlliance,7138,Nawasi Battalion,1,True,3,True,False,True,UCDP_ACTOR
3ea726ff90d104fd7a3acbbe6f9272c99da5298b,CCMSR,ccmsr,UCDP_ACTOR,NameData,7151,CCMSR,1,True,5,False,False,True,RAD;UCDP_ACTOR
e6dee58d555fabc9851a9c2cfcf250b252c918a3,CCMSR,ccmsr,UCDP_ACTOR,NameOrig,7151,CCMSR,1,True,5,False,False,True,RAD;UCDP_ACTOR
0b6ef29ef66af55ee1a91b636a5c8ad3003dd293,Conseil de Commandement Militaire pour le Salut de la République,conseil de commandement militaire pour le salut de la république,UCDP_ACTOR,NameOrigFull,7151,CCMSR,1,False,64,False,False,True,UCDP_ACTOR
c80de87cc81e48d44a01e8375dff3142e9367b93,Military Command Council for the Salvation of the Republic,military command council for the salvation of the republic,UCDP_ACTOR,NameOrigFullEng,7151,CCMSR,1,False,58,False,False,True,RAD;UCDP_ACTOR
821a2c7db7be5f37667846f9f8f6078d8dd3412f,FACT,fact,UCDP_ACTOR,NamePrev,7151,CCMSR,1,True,4,True,False,True,UCDP_ACTOR
1911cccb314075f6869e4e294d0dc279ca51c417,Jabhat al-Samud,jabhat al-samud,UCDP_ACTOR,NameData,7156,Jabhat al-Samud,1,False,15,False,False,True,UCDP_ACTOR
35297293d50346d1674ac943143a8669589f20b6,Jabhat al-Samud,jabhat al-samud,UCDP_ACTOR,NameOrig,7156,Jabhat al-Samud,1,False,15,False,False,True,UCDP_ACTOR
ee2ba015c0121794f6b12b45e33e07b2d97bb399,Jabhat al-Samud,jabhat al-samud,UCDP_ACTOR,NameOrigFull,7156,Jabhat al-Samud,1,False,15,False,False,True,UCDP_ACTOR
ee9b0de421c5b5b9ac38d034f2ae96e6b329c00b,Steadfastness Front,steadfastness front,UCDP_ACTOR,NameOrigFullEng,7156,Jabhat al-Samud,1,False,19,False,False,True,UCDP_ACTOR
d7b1b737ec3eee236f4c3968a79cedc66996bec4,FRGO,frgo,UCDP_ACTOR,NameData,7163,FRGO,1,True,4,True,False,True,UCDP_ACTOR
6091ff7f0267c665d5ddcadaefce59721249853a,FRGO,frgo,UCDP_ACTOR,NameOrig,7163,FRGO,1,True,4,True,False,True,UCDP_ACTOR
38b5254c31f9105a5376691f974bb7e980a4c07a,Forces de résistance du Grand Ouest,forces de résistance du grand ouest,UCDP_ACTOR,NameOrigFull,7163,FRGO,1,False,35,False,False,True,UCDP_ACTOR
4909e2df72ae1b3aedef3aa535d4a477f4321884,Resistance Forces of the Great West,resistance forces of the great west,UCDP_ACTOR,NameOrigFullEng,7163,FRGO,1,False,35,False,False,True,UCDP_ACTOR
0021fccf7550aecaed0c2d0813d444becb53ef8d,TPF,tpf,UCDP_ACTOR,NameData,7164,TPF,1,True,3,True,False,True,UCDP_ACTOR
0dd6f3c6ff9b32140a1128d65414a46d935f932a,TPF,tpf,UCDP_ACTOR,NameOrig,7164,TPF,1,True,3,True,False,True,UCDP_ACTOR
14f00b74cf8196c18013197fbf696094538b4273,Tripoli Protection Force,tripoli protection force,UCDP_ACTOR,NameOrigFull,7164,TPF,1,False,24,False,False,True,UCDP_ACTOR
193297ef526cf8a1d0a417a3d34d38b218a0b08f,Tripoli Protection Force,tripoli protection force,UCDP_ACTOR,NameOrigFullEng,7164,TPF,1,False,24,False,False,True,UCDP_ACTOR
835d94e850a51bff48461e37c4c73311d409d710,THKP-C Acilciler,thkp-c acilciler,UCDP_ACTOR,NameData,7165,THKP-C Acilciler,1,False,16,False,False,True,UCDP_ACTOR
7436706f7ba07a71fa94308abe32658827925a1a,THKP-C Acilciler,thkp-c acilciler,UCDP_ACTOR,NameOrig,7165,THKP-C Acilciler,1,False,16,False,False,True,UCDP_ACTOR
c0f8284fe7c6041e384f2f68a90bca21ec182239,Türkiye Halk Kurtuluş Partisi-Cephesi - Acilciler,türkiye halk kurtuluş partisi-cephesi - acilciler,UCDP_ACTOR,NameOrigFull,7165,THKP-C Acilciler,1,False,49,False,False,True,UCDP_ACTOR
95d95507362fde2bf163468e8aec2eac12a451c8,Peoples Liberation Party-Front of Turkey-Cephesi -Acilciler,peoples liberation party-front of turkey-cephesi -acilciler,UCDP_ACTOR,NameOrigFullEng,7165,THKP-C Acilciler,1,False,59,False,False,True,UCDP_ACTOR
06633a0b1aeac5d7f2e9c622a873fe02e667dbe1,Nueva Plaza Cartel,nueva plaza cartel,UCDP_ACTOR,NameData,7187,Nueva Plaza Cartel,1,False,18,False,False,True,UCDP_ACTOR
e4dff15889bc5987650f019cf7dafaa1ad7c7c48,Nueva Plaza Cartel,nueva plaza cartel,UCDP_ACTOR,NameOrig,7187,Nueva Plaza Cartel,1,False,18,False,False,True,UCDP_ACTOR
7f425a4b0ef2bd868336e1ea29613627f4bac0a8,Nueva Plaza Cartel,nueva plaza cartel,UCDP_ACTOR,NameOrigFull,7187,Nueva Plaza Cartel,1,False,18,False,False,True,UCDP_ACTOR
51201f994b241999acbf8fc97178d79c79453206,Nueva Plaza Cartel,nueva plaza cartel,UCDP_ACTOR,NameOrigFullEng,7187,Nueva Plaza Cartel,1,False,18,False,False,True,UCDP_ACTOR
1f63a5148ba866f51fe257b95afe8977a1673ab8,Jalisco Cartel New Generation,jalisco cartel new generation,UCDP_ACTOR,NamePrev,7187,Nueva Plaza Cartel,1,False,29,False,False,True,UCDP_ACTOR
4e5ba405b8bdc2f0e318129ad9cfab0fa4f278b3,Ngumino,ngumino,UCDP_ACTOR,NameData,7194,Ngumino,1,True,7,False,False,True,UCDP_ACTOR
03043c20066496deec2433950eba8d6a9f95e4f4,MPCC,mpcc,UCDP_ACTOR,NameOrig,7194,Ngumino,1,True,4,True,False,True,UCDP_ACTOR
ebd97b8fc82ac7f959da1b217388fe04ecaf969a,Mouvement populaire pour le changement du Congo,mouvement populaire pour le changement du congo,UCDP_ACTOR,NameOrigFull,7194,Ngumino,1,False,47,False,False,True,UCDP_ACTOR
cc45fd060edbca0250277e62a3fa42b9cc8a8e28,Popular Movement for Changing the Congo,popular movement for changing the congo,UCDP_ACTOR,NameOrigFullEng,7194,Ngumino,1,False,39,False,False,True,UCDP_ACTOR
49b08e914f9bf887a218f172b698346c22c27c15,Ngumino,ngumino,UCDP_ACTOR,NewName,7194,Ngumino,1,True,7,False,False,True,UCDP_ACTOR
4a4fd902bcf093ca56cd476f7c2319758a0d19bf,Ngumino,ngumino,UCDP_ACTOR,NewNameFullMotherTongue,7194,Ngumino,1,True,7,False,False,True,UCDP_ACTOR
5525e004ac0422e0745c4375eac311f8cd00880f,Ngumino,ngumino,UCDP_ACTOR,NewNameFullEng,7194,Ngumino,1,True,7,False,False,True,UCDP_ACTOR
b3bde9a0a80125e6dc57f3d5f951294b6fc5ddb6,FRF,frf,UCDP_ACTOR,NamePrev,7194,Ngumino,1,True,3,True,False,True,UCDP_ACTOR
39f40aa020b9822150a8f6417a96c265dba2b11b,Maawisley,maawisley,UCDP_ACTOR,NameData,7206,Maawisley,1,True,9,False,False,True,UCDP_ACTOR
fe5a373d3dfe6a843d795aea396afd85049721b6,Maawisley,maawisley,UCDP_ACTOR,NameOrig,7206,Maawisley,1,True,9,False,False,True,UCDP_ACTOR
a503cf49131e6b6fbdceaf7918e19e9baa9d2fff,Maawisley,maawisley,UCDP_ACTOR,NameOrigFull,7206,Maawisley,1,True,9,False,False,True,UCDP_ACTOR
7d64f76141898ada004223934612319b32a3b1a7,Maawisley,maawisley,UCDP_ACTOR,NameOrigFullEng,7206,Maawisley,1,True,9,False,False,True,UCDP_ACTOR
3e190468414f888823402792cafca2fb41f06da7,Brigade 301,brigade 301,UCDP_ACTOR,NameData,7207,Brigade 301,1,False,11,False,False,True,UCDP_ACTOR
d2fb6a6bd799527650cf7232f111fec46b73e7c4,Brigade 301,brigade 301,UCDP_ACTOR,NameOrig,7207,Brigade 301,1,False,11,False,False,True,UCDP_ACTOR
5eb06915e50b71e6e909682851e06081b18f2446,Brigade 301,brigade 301,UCDP_ACTOR,NameOrigFull,7207,Brigade 301,1,False,11,False,False,True,UCDP_ACTOR
ba95cf80197e193be7b9cae487e081d69541dc68,Brigade 301,brigade 301,UCDP_ACTOR,NameOrigFullEng,7207,Brigade 301,1,False,11,False,False,True,UCDP_ACTOR
739b6721f1b2eed36d03dbb2fae4f2d8d0ad5b02,TPF,tpf,UCDP_ACTOR,NameAlliance,7207,Brigade 301,1,True,3,True,False,True,UCDP_ACTOR
b17d4c363091fa2dc9a73075e5ed62fab7f131e3,EGC,egc,UCDP_ACTOR,NameData,7214,EGC,1,True,3,True,False,True,UCDP_ACTOR
612050f3786b67aa8fa1a286901bb28b5c6ec132,AGC,agc,UCDP_ACTOR,NameOrig,7214,EGC,1,True,3,True,False,True,UCDP_ACTOR
836554df894e9ba9c699bed3f488d1ace85465d8,Autodefensas Gaitanistas de Colombia,autodefensas gaitanistas de colombia,UCDP_ACTOR,NameOrigFull,7214,EGC,1,False,36,False,False,True,UCDP_ACTOR
c164a2455349bd4ec2d9f48e582ebb959670211d,Gaintanist Self-Defense Forces of Colombia,gaintanist self-defense forces of colombia,UCDP_ACTOR,NameOrigFullEng,7214,EGC,1,False,42,False,False,True,UCDP_ACTOR
ba2942ab0b429a55b40764cac10cd2202135f021,EGC,egc,UCDP_ACTOR,NewName,7214,EGC,1,True,3,True,False,True,UCDP_ACTOR
b3a063570076880781a16f4f61f25187f07e2c77,Ejército Gaitanista de Colombia,ejército gaitanista de colombia,UCDP_ACTOR,NewNameFullMotherTongue,7214,EGC,1,False,31,False,False,True,UCDP_ACTOR
c4ff11c237453207a984b5e3b47fd0f69de81132,Gaitanista Army of Colombia,gaitanista army of colombia,UCDP_ACTOR,NewNameFullEng,7214,EGC,1,False,27,False,False,True,UCDP_ACTOR
bf390d6fc3dde3e2f55c8df3f9037972366b7618,FPP-AP,fpp-ap,UCDP_ACTOR,NameData,7230,FPP-AP,1,True,6,False,False,True,UCDP_ACTOR
5fec51c332993a35a9070af46dec54589633196b,FPP-AP,fpp-ap,UCDP_ACTOR,NameOrig,7230,FPP-AP,1,True,6,False,False,True,UCDP_ACTOR
fd619debac15a1627d590fe6cb8dc6a3aa7a35bf,Maï-Maï Forces patriotiques populaires,maï-maï forces patriotiques populaires,UCDP_ACTOR,NameOrigFull,7230,FPP-AP,1,False,38,False,False,True,UCDP_ACTOR
2a3a0d3945c89aeaa719dd21dd63914dd24ba4e0,Armée du peuple,armée du peuple,UCDP_ACTOR,NameOrigFull,7230,FPP-AP,1,False,15,False,False,True,UCDP_ACTOR
1efba3491af1d0041954425a8aa486e24cd17a0b,Mayi-Mayi Peoples Patriotic Forces,mayi-mayi peoples patriotic forces,UCDP_ACTOR,NameOrigFullEng,7230,FPP-AP,1,False,34,False,False,True,UCDP_ACTOR
9cf33328493da824e10d160eec986553e3ec42cd,Peoples Army,peoples army,UCDP_ACTOR,NameOrigFullEng,7230,FPP-AP,1,False,12,False,False,True,UCDP_ACTOR
3199d2a54decdbec3264833d36d40ee99bfd8d84,Mayi Mayi Mazembe,mayi mayi mazembe,UCDP_ACTOR,NamePrev,7230,FPP-AP,1,False,17,False,False,True,UCDP_ACTOR
5ba4e2ae6e18b8d644d0234f4d8057f326ff7db0,VDP,vdp,UCDP_ACTOR,NameAlliance,7230,FPP-AP,1,True,3,True,False,True,UCDP_ACTOR
cf257c7a333e17b9f39dcf30d6228ee9502fee75,Shabab al-Tawhid wa al-Aqiyda,shabab al-tawhid wa al-aqiyda,UCDP_ACTOR,NameData,7231,Shabab al-Tawhid wa al-Aqiyda,1,False,29,False,False,True,UCDP_ACTOR
0999e2504309d93583900b2fe51493f1ec8da9ce,Shabab al-Tawhid wa al-Aqiyda,shabab al-tawhid wa al-aqiyda,UCDP_ACTOR,NameOrig,7231,Shabab al-Tawhid wa al-Aqiyda,1,False,29,False,False,True,UCDP_ACTOR
e53501f44efb5e6d9642ab0d12280e9a0f4db6a7,Shabab al-Tawhid wa al-Aqiyda,shabab al-tawhid wa al-aqiyda,UCDP_ACTOR,NameOrigFull,7231,Shabab al-Tawhid wa al-Aqiyda,1,False,29,False,False,True,UCDP_ACTOR
8b9fb8beecfe014b2280b2a6692f554d3d1be5ce,Shabab al-Tawhid wa al-Aqiyda,shabab al-tawhid wa al-aqiyda,UCDP_ACTOR,NameOrigFullEng,7231,Shabab al-Tawhid wa al-Aqiyda,1,False,29,False,False,True,UCDP_ACTOR
600885bf610229064a6a69378ef8de6ba2c758f0,Fuerza Anti Unión,fuerza anti unión,UCDP_ACTOR,NameData,7238,Fuerza Anti Unión,1,False,17,False,False,True,UCDP_ACTOR
22efbbf7099138f9c0dd813db685305893493f83,Fuerza Anti Unión,fuerza anti unión,UCDP_ACTOR,NameOrig,7238,Fuerza Anti Unión,1,False,17,False,False,True,UCDP_ACTOR
5717cc64ea1fd9e6a9792d1927990d9357d35509,Fuerza Anti Unión,fuerza anti unión,UCDP_ACTOR,NameOrigFull,7238,Fuerza Anti Unión,1,False,17,False,False,True,UCDP_ACTOR
ecc522918115c78dfadac12113ed4dcfca50baf5,Fuerza Anti Unión,fuerza anti unión,UCDP_ACTOR,NameOrigFullEng,7238,Fuerza Anti Unión,1,False,17,False,False,True,UCDP_ACTOR
4ec8e4c708f044793cd97ad19a1f5fcc8d6f9f92,La Union de Tepito,la union de tepito,UCDP_ACTOR,NamePrev,7238,Fuerza Anti Unión,1,False,18,False,False,True,UCDP_ACTOR
af54cdf3e2c1d5c20081d4de81ef91d738544454,Forces of Norodom Ranariddh,forces of norodom ranariddh,UCDP_ACTOR,NameData,7248,Forces of Norodom Ranariddh,1,False,27,False,False,True,RAD;UCDP_ACTOR
07bb63e0218c5f56ad8aa582f6ff225413cfe675,Forces of Norodom Ranariddh,forces of norodom ranariddh,UCDP_ACTOR,NameOrig,7248,Forces of Norodom Ranariddh,1,False,27,False,False,True,RAD;UCDP_ACTOR
434aa6bce29e70a6e750dcd7a32b9317fc87fc03,Forces of Norodom Ranariddh,forces of norodom ranariddh,UCDP_ACTOR,NameOrigFullEng,7248,Forces of Norodom Ranariddh,1,False,27,False,False,True,RAD;UCDP_ACTOR
c6e5c6efc67f7cfaf41d81bfd55ffe79d10ee84c,Military faction (Forces of Hun Sen),military faction (forces of hun sen),UCDP_ACTOR,NameData,7249,Military faction (Forces of Hun Sen),1,False,36,False,False,True,RAD;UCDP_ACTOR
da84ac62102d4798a49c85a90ace3ab6f5299ffd,Military faction (Forces of Hun Sen),military faction (forces of hun sen),UCDP_ACTOR,NameOrig,7249,Military faction (Forces of Hun Sen),1,False,36,False,False,True,RAD;UCDP_ACTOR
8429d10e98f5dd98cc9e3731a6419d2a6f2a69e1,Military faction (Forces of Hun Sen),military faction (forces of hun sen),UCDP_ACTOR,NameOrigFullEng,7249,Military faction (Forces of Hun Sen),1,False,36,False,False,True,RAD;UCDP_ACTOR
1886dc31e3817d979503be3fd9718d411e1f4316,FACT,fact,UCDP_ACTOR,NameData,7255,FACT,1,True,4,True,False,True,UCDP_ACTOR
3b903d68bc6d4f4f9e7424d90cf35b3034e1dece,FACT,fact,UCDP_ACTOR,NameOrig,7255,FACT,1,True,4,True,False,True,UCDP_ACTOR
76e5588860521bccf4fa6a9cf398954611f97f3a,Front for Change and Concord in Chad,front for change and concord in chad,UCDP_ACTOR,NameOrigFull,7255,FACT,1,False,36,False,False,True,UCDP_ACTOR
c7a1ad8763d9f2ed3254fa882cb2411f7186f020,Front pour lalternance et la concorde au Tchad,front pour lalternance et la concorde au tchad,UCDP_ACTOR,NameOrigFullEng,7255,FACT,1,False,46,False,False,True,UCDP_ACTOR
02755181cb051f7ea8aa04f0318cbb75f26c6d92,UFDD,ufdd,UCDP_ACTOR,NamePrev,7255,FACT,1,True,4,True,False,True,RAD;UCDP_ACTOR
97a975fc5a90c0845f3970b3af8d422b69fb5b3d,Santa Rosa de Lima Cartel,santa rosa de lima cartel,UCDP_ACTOR,NameData,7256,Santa Rosa de Lima Cartel,1,False,25,False,False,True,UCDP_ACTOR
52caef1e4fd768954b5521954bb92ab4b61e1ab4,Santa Rosa de Lima Cartel,santa rosa de lima cartel,UCDP_ACTOR,NameOrig,7256,Santa Rosa de Lima Cartel,1,False,25,False,False,True,UCDP_ACTOR
9137032fb195f44a3be3a1dcf1e9253fe04377af,Cártel de Santa Rosa de Lima,cártel de santa rosa de lima,UCDP_ACTOR,NameOrigFull,7256,Santa Rosa de Lima Cartel,1,False,28,False,False,True,UCDP_ACTOR
b5688ff25908e1f089898069f1177ac119ebe871,Santa Rosa de Lima Cartel,santa rosa de lima cartel,UCDP_ACTOR,NameOrigFullEng,7256,Santa Rosa de Lima Cartel,1,False,25,False,False,True,UCDP_ACTOR
1d0c3cddc13162340ac55ff734db4dd94cccf9cf,UPOEG,upoeg,UCDP_ACTOR,NameData,7257,UPOEG,1,True,5,False,False,True,UCDP_ACTOR
05bc17a4b5c89cb9deab3fcd518d003e1a72f8da,UPOEG,upoeg,UCDP_ACTOR,NameOrig,7257,UPOEG,1,True,5,False,False,True,UCDP_ACTOR
203824b5a028e8ba83f2082a485ca4bf5de53a2a,Unión de Pueblos y Organizaciones del Estado de Guerrero,unión de pueblos y organizaciones del estado de guerrero,UCDP_ACTOR,NameOrigFull,7257,UPOEG,1,False,56,False,False,True,UCDP_ACTOR
1bb7e63a7a7a635b95ebe84417b0d2b6e7469dd4,Union of Peoples and Organizations of the State of Guerrero,union of peoples and organizations of the state of guerrero,UCDP_ACTOR,NameOrigFullEng,7257,UPOEG,1,False,59,False,False,True,UCDP_ACTOR
08f8356df16a54b7dd97a3e5b0cd30800757c862,APCLS-R,apcls-r,UCDP_ACTOR,NameData,7268,APCLS-R,1,True,7,False,False,True,UCDP_ACTOR
2a7c4e811ba10a78e33d7bd11ff56c97781405ac,APCLS-R,apcls-r,UCDP_ACTOR,NameOrig,7268,APCLS-R,1,True,7,False,False,True,UCDP_ACTOR
40ac651b9cdfad331001ebea34c1c001c8fb9493,Alliance des patriotes pour un Congo libre et souverain-Rénové,alliance des patriotes pour un congo libre et souverain-rénové,UCDP_ACTOR,NameOrigFull,7268,APCLS-R,1,False,62,False,False,True,UCDP_ACTOR
53cc46b3745c8f48ce288dcffca42c9bf2ba1b7e,Alliance des patriotes pour un Congo libre et souverain-Rénové,alliance des patriotes pour un congo libre et souverain-rénové,UCDP_ACTOR,NameOrigFullEng,7268,APCLS-R,1,False,62,False,False,True,UCDP_ACTOR
dca0c01d8bc2e32f428efc1a28b5b0df61f792e9,APCLS,apcls,UCDP_ACTOR,NamePrev,7268,APCLS-R,1,True,5,False,False,True,RAD;UCDP_ACTOR
370c31227894b0b7aaf1e5cb166d6c2362847b9a,NDC-R,ndc-r,UCDP_ACTOR,GroupName,7268,APCLS-R,1,True,5,False,False,True,UCDP_ACTOR
c978d9d9be597502d7dc880b20766eaf69aa56b9,Self-Defense Mujahidin (CAR),self-defense mujahidin (car),UCDP_ACTOR,NameData,7305,Self-Defense Mujahidin (CAR),1,False,28,False,False,True,UCDP_ACTOR
25651c432e607c3fd309ecd2d54db2ee531d3058,Self-Defense Mujahidin (CAR),self-defense mujahidin (car),UCDP_ACTOR,NameOrig,7305,Self-Defense Mujahidin (CAR),1,False,28,False,False,True,UCDP_ACTOR
2790de92f15eb1a0fe53d0e72dd530e3fbfa4383,Self-Defense Mujahidin (CAR),self-defense mujahidin (car),UCDP_ACTOR,NameOrigFull,7305,Self-Defense Mujahidin (CAR),1,False,28,False,False,True,UCDP_ACTOR
3af6dfdc175111e261c04a4764cf73cbd8cfc188,Self-Defense Mujahidin (CAR),self-defense mujahidin (car),UCDP_ACTOR,NameOrigFullEng,7305,Self-Defense Mujahidin (CAR),1,False,28,False,False,True,UCDP_ACTOR
efd802a729b146d05580f75d70348e6769fa8949,Ambazonia insurgents,ambazonia insurgents,UCDP_ACTOR,NameData,7332,Ambazonia insurgents,1,False,20,False,False,True,RAD;UCDP_ACTOR
f6132c8bc2358abad81a7995fbb225ed5bf0e166,Ambazonia insurgents,ambazonia insurgents,UCDP_ACTOR,NameOrig,7332,Ambazonia insurgents,1,False,20,False,False,True,RAD;UCDP_ACTOR
5ffb5fc7263db27b9f31f0f41b102b840170b58a,Ambazonia insurgents,ambazonia insurgents,UCDP_ACTOR,NameOrigFull,7332,Ambazonia insurgents,1,False,20,False,False,True,RAD;UCDP_ACTOR
001af78db43bd825792da3bc999f900708638b6c,Ambazonia insurgents,ambazonia insurgents,UCDP_ACTOR,NameOrigFullEng,7332,Ambazonia insurgents,1,False,20,False,False,True,RAD;UCDP_ACTOR
b0aa1c937cce20b0f312825f4cbcf92baa5e314e,STC,stc,UCDP_ACTOR,NameData,7344,STC,1,True,3,True,False,True,UCDP_ACTOR
816dcdd2b01d6117dd2f437892c37d0666d7a4c4,STC,stc,UCDP_ACTOR,NameOrig,7344,STC,1,True,3,True,False,True,UCDP_ACTOR
3b520a3b2e8b40415e2e0fb38eef033a7607e158,al-Majlis al-Intiqālī l-Janūbiyy,al-majlis al-intiqālī l-janūbiyy,UCDP_ACTOR,NameOrigFull,7344,STC,1,False,32,False,False,True,UCDP_ACTOR
90f628fd535b8af47e0142f62ad06598f5005183,Southern Transitional Council,southern transitional council,UCDP_ACTOR,NameOrigFullEng,7344,STC,1,False,29,False,False,True,UCDP_ACTOR
29c2e52473bfa86a5ba5cf9e348a6250fef9eded,Forces of the Presidential Leadership Council,forces of the presidential leadership council,UCDP_ACTOR,NamePrev,7344,STC,1,False,45,False,False,True,UCDP_ACTOR
3a45e18c69a875235d564d33fc525a3150b3dfb1,Forces of the Presidential Leadership Council,forces of the presidential leadership council,UCDP_ACTOR,NameSplitTemp,7344,STC,1,False,45,False,False,True,UCDP_ACTOR
f44ccdac8f7424f877f98a30a4a475ab5befd95e,Forces of the Presidential Leadership Council,forces of the presidential leadership council,UCDP_ACTOR,GroupName,7344,STC,1,False,45,False,False,True,UCDP_ACTOR
f423f43aa39815e4e820ab6e9f3f85259b085cbe,Tajamu Shuhada al-Sharqiya,tajamu shuhada al-sharqiya,UCDP_ACTOR,NameData,7371,Tajamu Shuhada al-Sharqiya,1,False,26,False,False,True,UCDP_ACTOR
8365fe510455db12107001793e429ba52237b55e,Tajamu Shuhada al-Sharqiya,tajamu shuhada al-sharqiya,UCDP_ACTOR,NameOrig,7371,Tajamu Shuhada al-Sharqiya,1,False,26,False,False,True,UCDP_ACTOR
329e9247bc4e9086d8b2718a626889b6e3e4d2aa,Tajamu Shuhada al-Sharqiya,tajamu shuhada al-sharqiya,UCDP_ACTOR,NameOrigFull,7371,Tajamu Shuhada al-Sharqiya,1,False,26,False,False,True,UCDP_ACTOR
c182f1a2a44c2c710aa65b2c3e6cc47e310e4086,Tajamu Shuhada al-Sharqiya,tajamu shuhada al-sharqiya,UCDP_ACTOR,NameOrigFullEng,7371,Tajamu Shuhada al-Sharqiya,1,False,26,False,False,True,UCDP_ACTOR
14649863f2d44ff4b948faf8aa12c904a642d94e,Yan Sakai,yan sakai,UCDP_ACTOR,NameData,7372,Yan Sakai,1,False,9,False,False,True,UCDP_ACTOR
8d351c7f2e842455fed509d718d5131d6b09f114,Yan Sakai,yan sakai,UCDP_ACTOR,NameOrig,7372,Yan Sakai,1,False,9,False,False,True,UCDP_ACTOR
c659c38cd2bd129a83b3c34be37bd8841beb45ec,Yan Sakai,yan sakai,UCDP_ACTOR,NameOrigFull,7372,Yan Sakai,1,False,9,False,False,True,UCDP_ACTOR
ff43ec588bacfc0e58490987867d6e87b5541bb2,Yan Sakai,yan sakai,UCDP_ACTOR,NameOrigFullEng,7372,Yan Sakai,1,False,9,False,False,True,UCDP_ACTOR
489a52a4d345e442384072c3f6139dc2ec44b01b,La Linea,la linea,UCDP_ACTOR,NameData,7381,La Linea,1,False,8,False,False,True,UCDP_ACTOR
e842f30b67ba776f9f68cab0bcaa3e4eceb8e5c6,La Linea,la linea,UCDP_ACTOR,NameOrig,7381,La Linea,1,False,8,False,False,True,UCDP_ACTOR
53a61789e400dc9babcb21b9e1dc1b1f4c679f9f,La Linea,la linea,UCDP_ACTOR,NameOrigFull,7381,La Linea,1,False,8,False,False,True,UCDP_ACTOR
9e878dcb50059e82232322ae9d070dc9971d0764,La Linea,la linea,UCDP_ACTOR,NameOrigFullEng,7381,La Linea,1,False,8,False,False,True,UCDP_ACTOR
e72a981799a59a6b681e7754c53a04347e9f2bb0,Juarez Cartel,juarez cartel,UCDP_ACTOR,NameSplitTemp,7381,La Linea,1,False,13,False,False,True,UCDP_ACTOR
f1c4b38aa2f3934518fdbdaa95f2dc80b9dc30ca,Cartel del Sur,cartel del sur,UCDP_ACTOR,NameData,7395,Cartel del Sur,1,False,14,False,False,True,UCDP_ACTOR
9442c875a86f32bf4a258d1281cca5dc45f0ac4a,Cartel del Sur,cartel del sur,UCDP_ACTOR,NameOrig,7395,Cartel del Sur,1,False,14,False,False,True,UCDP_ACTOR
2f4958965992c1e2a1ea37daf615b7304e1ad8d1,Cartel del Sur,cartel del sur,UCDP_ACTOR,NameOrigFull,7395,Cartel del Sur,1,False,14,False,False,True,UCDP_ACTOR
b16b74e7932b2be354c83b8e717c41e956aba933,Cartel del Sur,cartel del sur,UCDP_ACTOR,NameOrigFullEng,7395,Cartel del Sur,1,False,14,False,False,True,UCDP_ACTOR
b98a563ff035c276e4ea2149c51d3e2fea009a2f,Grupo Escorpion,grupo escorpion,UCDP_ACTOR,NameData,7399,Grupo Escorpion,1,False,15,False,False,True,UCDP_ACTOR
8e2bd2dc46c4a6a5d8a39d6d873c8129a002483f,Grupo Escorpion,grupo escorpion,UCDP_ACTOR,NameOrig,7399,Grupo Escorpion,1,False,15,False,False,True,UCDP_ACTOR
3aa7fd21938ba2f2fb01514876d2cea037e51976,Grupo Escorpion,grupo escorpion,UCDP_ACTOR,NameOrigFull,7399,Grupo Escorpion,1,False,15,False,False,True,UCDP_ACTOR
2e27ef390822c21fc49eb78a645d92c72bb1e66d,Grupo Escorpion,grupo escorpion,UCDP_ACTOR,NameOrigFullEng,7399,Grupo Escorpion,1,False,15,False,False,True,UCDP_ACTOR
cf393493defe0ebfc72df8c4aadbc403d1bbafae,Gulf Cartel,gulf cartel,UCDP_ACTOR,NameSplitTemp,7399,Grupo Escorpion,1,False,11,False,False,True,UCDP_ACTOR
61dbcefd05bef9cd16f16186c2bb820275c82104,FLEC-FAC-TN,flec-fac-tn,UCDP_ACTOR,NameData,7412,FLEC-FAC-TN,1,True,11,False,False,True,UCDP_ACTOR
b5fc6591aa2ecf372f51ba29dc950d9d5a76b120,FLEC-FAC-TN,flec-fac-tn,UCDP_ACTOR,NameOrig,7412,FLEC-FAC-TN,1,True,11,False,False,True,UCDP_ACTOR
e9fd0987444bcfaa0df6ad43013320bec9c02724,Frente da Libertação do Enclave de Cabinda - Forças Armadas de Cabinda - Tiago Nzita faction,frente da libertação do enclave de cabinda - forças armadas de cabinda - tiago nzita faction,UCDP_ACTOR,NameOrigFull,7412,FLEC-FAC-TN,1,False,92,False,False,True,UCDP_ACTOR
a9ee9464246dc7435c7c77a3cbb70f3911942f7d,Front for the Liberation of the Enclave of Cabinda - Armed Forces of Cabinda - Tiago Nzita faction,front for the liberation of the enclave of cabinda - armed forces of cabinda - tiago nzita faction,UCDP_ACTOR,NameOrigFullEng,7412,FLEC-FAC-TN,1,False,98,False,False,True,UCDP_ACTOR
63debafcae5510dfcac038a74e5270665c9865e1,FLEC-FAC,flec-fac,UCDP_ACTOR,NamePrev,7412,FLEC-FAC-TN,1,True,8,False,False,True,RAD;UCDP_ACTOR
e1e98ad27a8d95451a9261ece1f477885a460864,SLM,slm,UCDP_ACTOR,NameData,7414,SLM/A - SB,1,True,3,True,False,True,RAD;UCDP_ACTOR
3effee2c29ca35bdb25e46154889481f359489a1,A - SB,a - sb,UCDP_ACTOR,NameData,7414,SLM/A - SB,1,False,6,False,False,True,UCDP_ACTOR
e8dc903eca1d1ea82c618d1f8b34deb71a586b88,SLM,slm,UCDP_ACTOR,NameOrig,7414,SLM/A - SB,1,True,3,True,False,True,RAD;UCDP_ACTOR
cb9ad2ba9ce78978cb9e399a8f0eb6896eb535ee,A - SB,a - sb,UCDP_ACTOR,NameOrig,7414,SLM/A - SB,1,False,6,False,False,True,UCDP_ACTOR
6f087972f0cfe4e54553182ecedfdb5499e4d686,SLM,slm,UCDP_ACTOR,NameOrigFull,7414,SLM/A - SB,1,True,3,True,False,True,RAD;UCDP_ACTOR
848b387a71f08865c0e90b22d85669c27126e1c1,A - Salih Borsa faction,a - salih borsa faction,UCDP_ACTOR,NameOrigFull,7414,SLM/A - SB,1,False,23,False,False,True,UCDP_ACTOR
7bfc2cd2eea03ef590332bdf4791d35b6cb8b97e,SLM,slm,UCDP_ACTOR,NameOrigFullEng,7414,SLM/A - SB,1,True,3,True,False,True,RAD;UCDP_ACTOR
321b17fde057f4a6c79e02132354a4194828eb50,A - Salih Borsa faction,a - salih borsa faction,UCDP_ACTOR,NameOrigFullEng,7414,SLM/A - SB,1,False,23,False,False,True,UCDP_ACTOR
25f09603890c084da8b7dec64456601042afa417,SLM,slm,UCDP_ACTOR,NameSplitTemp,7414,SLM/A - SB,1,True,3,True,False,True,RAD;UCDP_ACTOR
131085858f96ee7b7c9f3cab142ab3e7c9409163,SLM,slm,UCDP_ACTOR,NameData,7415,SLM/A - MA,1,True,3,True,False,True,RAD;UCDP_ACTOR
2c59f57327424c903dd1dabed315f08aad95a149,A - MA,a - ma,UCDP_ACTOR,NameData,7415,SLM/A - MA,1,False,6,False,False,True,UCDP_ACTOR
0d8567cf361261ea458d0603ab9324ac3f2fbb62,SLM,slm,UCDP_ACTOR,NameOrig,7415,SLM/A - MA,1,True,3,True,False,True,RAD;UCDP_ACTOR
ed7450521d9ce2969280d8a6ccbff1482f96b27d,A - MA,a - ma,UCDP_ACTOR,NameOrig,7415,SLM/A - MA,1,False,6,False,False,True,UCDP_ACTOR
55c8e45e6bfae0f62bffc5913eb5c147eea05565,SLM,slm,UCDP_ACTOR,NameOrigFull,7415,SLM/A - MA,1,True,3,True,False,True,RAD;UCDP_ACTOR
5d727563ac6bd752114bc56e6e5b0c20d9ec051e,A - Mubarak Aldouk faction,a - mubarak aldouk faction,UCDP_ACTOR,NameOrigFull,7415,SLM/A - MA,1,False,26,False,False,True,UCDP_ACTOR
626a42902320b2deb43505f278843579416e821f,SLM,slm,UCDP_ACTOR,NameOrigFullEng,7415,SLM/A - MA,1,True,3,True,False,True,RAD;UCDP_ACTOR
3c564bc82f73a116f5fecc55b4f7e11afe0da083,A - Mubarak Aldouk faction,a - mubarak aldouk faction,UCDP_ACTOR,NameOrigFullEng,7415,SLM/A - MA,1,False,26,False,False,True,UCDP_ACTOR
b80e5a287635c8e40f567da1eb6ebd57d2150568,SLM,slm,UCDP_ACTOR,NamePrev,7415,SLM/A - MA,1,True,3,True,False,True,RAD;UCDP_ACTOR
c572c826f8d67ac604cf8c1a33786515b15b0c80,SLM,slm,UCDP_ACTOR,NameSplitTemp,7415,SLM/A - MA,1,True,3,True,False,True,RAD;UCDP_ACTOR
cbab890852813d0fe5d790498d2ebfd5c76c9060,Army of Ahl al-Sunni wal Jamaa,army of ahl al-sunni wal jamaa,UCDP_ACTOR,NameData,7418,Army of Ahl al-Sunni wal Jamaa,1,False,30,False,False,True,UCDP_ACTOR
639246ad8025638a5367318e85cfcd4da92a5bc4,Army of Ahl al-Sunni wal Jamaa,army of ahl al-sunni wal jamaa,UCDP_ACTOR,NameOrig,7418,Army of Ahl al-Sunni wal Jamaa,1,False,30,False,False,True,UCDP_ACTOR
98ee25cc37e92858fbb09b07cf7358a31f777176,Army of Ahl al-Sunni wal Jamaa,army of ahl al-sunni wal jamaa,UCDP_ACTOR,NameOrigFull,7418,Army of Ahl al-Sunni wal Jamaa,1,False,30,False,False,True,UCDP_ACTOR
065cb8b97acac862c5861e2df1388217be32c34e,Army of Ahl al-Sunni wal Jamaa,army of ahl al-sunni wal jamaa,UCDP_ACTOR,NameOrigFullEng,7418,Army of Ahl al-Sunni wal Jamaa,1,False,30,False,False,True,UCDP_ACTOR
b3b841657cc29a6a66e90d10813cfe3d0a3da94f,Bayareq al-Shaaitat,bayareq al-shaaitat,UCDP_ACTOR,NameData,7421,Bayareq al-Shaaitat,1,False,19,False,False,True,UCDP_ACTOR
13ee5e110382e85a93edbfc1a1758445f30ab8c4,Bayareq al-Shaaitat,bayareq al-shaaitat,UCDP_ACTOR,NameOrig,7421,Bayareq al-Shaaitat,1,False,19,False,False,True,UCDP_ACTOR
735d611872a73d87d0ee0acd95a989edf2be27d9,Bayareq al-Shaaitat,bayareq al-shaaitat,UCDP_ACTOR,NameOrigFull,7421,Bayareq al-Shaaitat,1,False,19,False,False,True,UCDP_ACTOR
27e82b09dd78b88f56c649f17efa44cefd2c8d4b,Bayareq al-Shaaitat,bayareq al-shaaitat,UCDP_ACTOR,NameOrigFullEng,7421,Bayareq al-Shaaitat,1,False,19,False,False,True,UCDP_ACTOR
ca6c6a3cac88d9a7305ca3f054bf6c220fbdf74b,Liwa al-Qadisiya,liwa al-qadisiya,UCDP_ACTOR,NameData,7422,Liwa al-Qadisiya,1,False,16,False,False,True,UCDP_ACTOR
e440055147ed5338cc97329bf3140c34f9a7e196,Liwa al-Qadisiya,liwa al-qadisiya,UCDP_ACTOR,NameOrig,7422,Liwa al-Qadisiya,1,False,16,False,False,True,UCDP_ACTOR
24ec62238fff767bee30618ff093d7d0a74d5ce4,Liwa al-Qadisiya,liwa al-qadisiya,UCDP_ACTOR,NameOrigFull,7422,Liwa al-Qadisiya,1,False,16,False,False,True,UCDP_ACTOR
f1fcf24333041e1043e57636ae8a04024fc185dd,Liwa al-Qadisiya,liwa al-qadisiya,UCDP_ACTOR,NameOrigFullEng,7422,Liwa al-Qadisiya,1,False,16,False,False,True,UCDP_ACTOR
3cd285b8e9f21c574987ef22588ad6334acae1a9,Army of Maoata al-Islami,army of maoata al-islami,UCDP_ACTOR,NameData,7423,Army of Maoata al-Islami,1,False,24,False,False,True,UCDP_ACTOR
7091888f5611e6c1c83c0c5c9e7a8fdd45057b50,Army of Maoata al-Islami,army of maoata al-islami,UCDP_ACTOR,NameOrig,7423,Army of Maoata al-Islami,1,False,24,False,False,True,UCDP_ACTOR
1dec8a58403ff6ed80a6134dcb7eba5d8b1c61e4,Jaysh al-Maoata al-Islami,jaysh al-maoata al-islami,UCDP_ACTOR,NameOrigFull,7423,Army of Maoata al-Islami,1,False,25,False,False,True,UCDP_ACTOR
f0290de5853d34f70bebaa7058f09efe045dd09b,Army of Maoata al-Islami,army of maoata al-islami,UCDP_ACTOR,NameOrigFullEng,7423,Army of Maoata al-Islami,1,False,24,False,False,True,UCDP_ACTOR
1f7ce7b768634be2752d79d27c84b29919dd07a0,Army of al-Ikhlas,army of al-ikhlas,UCDP_ACTOR,NameData,7424,Army of al-Ikhlas,1,False,17,False,False,True,UCDP_ACTOR
f749ccb1e6cc112c49b06a46f8d3bb423762b2e6,Army of al-Ikhlas,army of al-ikhlas,UCDP_ACTOR,NameOrig,7424,Army of al-Ikhlas,1,False,17,False,False,True,UCDP_ACTOR
e37c764f6679c7869acae8d4aec8bc74724e4e9e,Jaysh al-Ikhlas,jaysh al-ikhlas,UCDP_ACTOR,NameOrigFull,7424,Army of al-Ikhlas,1,False,15,False,False,True,UCDP_ACTOR
7ef978d8be72fe343c5d8561dbd50fd54b993bd8,Army of al-Ikhlas,army of al-ikhlas,UCDP_ACTOR,NameOrigFullEng,7424,Army of al-Ikhlas,1,False,17,False,False,True,UCDP_ACTOR
75123dbd11b14804f248160cef760af296d4cfb9,Jaish al-Muhajireen wal-Ansar,jaish al-muhajireen wal-ansar,UCDP_ACTOR,NameData,7425,Jaish al-Muhajireen wal-Ansar,1,False,29,False,False,True,UCDP_ACTOR
0e710b5e3a0315517eaf0984e2d35abfed0edcce,Jaish al-Muhajireen wal-Ansar,jaish al-muhajireen wal-ansar,UCDP_ACTOR,NameOrig,7425,Jaish al-Muhajireen wal-Ansar,1,False,29,False,False,True,UCDP_ACTOR
fc3dbbafb7ef307e4f6502aaab13e1a7a9eb5f40,Jaish al-Muhajireen wal-Ansar,jaish al-muhajireen wal-ansar,UCDP_ACTOR,NameOrigFull,7425,Jaish al-Muhajireen wal-Ansar,1,False,29,False,False,True,UCDP_ACTOR
7874a791807e0cdd4abd1449c7501f3f9ab29a1c,Army of Emigrants and Supporters,army of emigrants and supporters,UCDP_ACTOR,NameOrigFullEng,7425,Jaish al-Muhajireen wal-Ansar,1,False,32,False,False,True,UCDP_ACTOR
96b44752cfab9174a85c5d930b25d6fa1c35440a,Military faction (forces of Asaminew Tsige),military faction (forces of asaminew tsige),UCDP_ACTOR,NameData,7438,Military faction (forces of Asaminew Tsige),1,False,43,False,False,True,UCDP_ACTOR
01b2d16cfe499a978f9f4967dac6aacb71ea1ff4,Military faction (forces of Asaminew Tsige),military faction (forces of asaminew tsige),UCDP_ACTOR,NameOrig,7438,Military faction (forces of Asaminew Tsige),1,False,43,False,False,True,UCDP_ACTOR
9b9cc194addcc6b7cd678cfca7423c66b0fc8ab7,Military faction (forces of Asaminew Tsige),military faction (forces of asaminew tsige),UCDP_ACTOR,NameOrigFullEng,7438,Military faction (forces of Asaminew Tsige),1,False,43,False,False,True,UCDP_ACTOR
8b597236f5d4ba0d65b6ff49a271c4aa30132503,MLCJ,mlcj,UCDP_ACTOR,NameData,7448,MLCJ,1,True,4,True,False,True,UCDP_ACTOR
06cbcd2b6e3c1930d8cbd973025bf59eb027b7a0,MLCJ,mlcj,UCDP_ACTOR,NameOrig,7448,MLCJ,1,True,4,True,False,True,UCDP_ACTOR
47672f79db04b9cfeb31316f0392f1d5af74f5cf,Mouvement des Libérateurs Centrafricains pour la Justice,mouvement des libérateurs centrafricains pour la justice,UCDP_ACTOR,NameOrigFull,7448,MLCJ,1,False,56,False,False,True,UCDP_ACTOR
cf73d67da59e883f2963d6ad51fa2cb04b699857,Movement of Central African Liberators for Justice,movement of central african liberators for justice,UCDP_ACTOR,NameOrigFullEng,7448,MLCJ,1,False,50,False,False,True,UCDP_ACTOR
baba8928bd8d48497d857ad8f757938c21b19f15,URDPC,urdpc,UCDP_ACTOR,NameData,7463,URDPC,1,True,5,False,False,True,UCDP_ACTOR
833ecd388a34dc99b8155791800e9c396ba128a2,URDPC,urdpc,UCDP_ACTOR,NameOrig,7463,URDPC,1,True,5,False,False,True,UCDP_ACTOR
64352ce26fbbbdcdbdca14088b5d7677ef803df5,Union des révolutionnaires pour la défense du peuple congolais,union des révolutionnaires pour la défense du peuple congolais,UCDP_ACTOR,NameOrigFull,7463,URDPC,1,False,62,False,False,True,UCDP_ACTOR
6910c6ab1612e2727430109984c4e68767d2b167,Union of Revolutionaries for the Defense of the Congolese People,union of revolutionaries for the defense of the congolese people,UCDP_ACTOR,NameOrigFullEng,7463,URDPC,1,False,64,False,False,True,UCDP_ACTOR
5aec91228ff1966cc52b3ea1f04106eecb53f199,Sons of Yarmouk Movement,sons of yarmouk movement,UCDP_ACTOR,NameData,7490,Sons of Yarmouk Movement,1,False,24,False,False,True,UCDP_ACTOR
88a0ea797285ead39a9e4de3138247328dd1ebb6,Sons of Yarmouk Movement,sons of yarmouk movement,UCDP_ACTOR,NameOrig,7490,Sons of Yarmouk Movement,1,False,24,False,False,True,UCDP_ACTOR
5162f7099048f408cb0ccab2656292baa3e16fe1,Harakat Ibn al-Yarmouk,harakat ibn al-yarmouk,UCDP_ACTOR,NameOrigFull,7490,Sons of Yarmouk Movement,1,False,22,False,False,True,UCDP_ACTOR
0e7415fb023a8559735a7b7a27aabc6c42516b12,Sons of Yarmouk Movement,sons of yarmouk movement,UCDP_ACTOR,NameOrigFullEng,7490,Sons of Yarmouk Movement,1,False,24,False,False,True,UCDP_ACTOR
46a961871fabab5a349b286fb4bc571fd4aa2dde,SNA,sna,UCDP_ACTOR,NameData,7514,SNA,1,True,3,True,False,True,UCDP_ACTOR
5fd4293fe7646661a92fac5b49accd1edf2f11f8,SNA,sna,UCDP_ACTOR,NameOrig,7514,SNA,1,True,3,True,False,True,UCDP_ACTOR
a23498bf504ae7bd83cfda020e9b65d281823946,Jaysh al-Watani al-Suri,jaysh al-watani al-suri,UCDP_ACTOR,NameOrigFull,7514,SNA,1,False,23,False,False,True,UCDP_ACTOR
525d847f789a33d4fd933471f35eb796d1c7bc25,Syria National Army,syria national army,UCDP_ACTOR,NameOrigFullEng,7514,SNA,1,False,19,False,False,True,UCDP_ACTOR
a40de5212a70ec9133063f2a4c4acf86dd453f93,Jaysh al Nasr,jaysh al nasr,UCDP_ACTOR,NameData,7518,Jaysh al Nasr,1,False,13,False,False,True,UCDP_ACTOR
65334feb4bb7908d9e14ae4dd6d9827d09b507ac,Jaysh al Nasr,jaysh al nasr,UCDP_ACTOR,NameOrig,7518,Jaysh al Nasr,1,False,13,False,False,True,UCDP_ACTOR
0faacd029c17ad2ebc0ae6d4c0cc66d1063635a3,Jaysh al Nasr,jaysh al nasr,UCDP_ACTOR,NameOrigFull,7518,Jaysh al Nasr,1,False,13,False,False,True,UCDP_ACTOR
850305c796ccc24512be13606dba1da04af82d11,Army of Victory,army of victory,UCDP_ACTOR,NameOrigFullEng,7518,Jaysh al Nasr,1,False,15,False,False,True,UCDP_ACTOR
d769d7b5ce26c538d64039038ddbf2d5475b4cfe,National Front for Liberation,national front for liberation,UCDP_ACTOR,NameAlliance,7518,Jaysh al Nasr,1,False,29,False,False,True,UCDP_ACTOR
35ee5a455e773fc62dd1bda06c4f13eaae51d218,23rd Division,23rd division,UCDP_ACTOR,NameData,7519,23rd Division,1,False,13,False,False,True,UCDP_ACTOR
b5f0b63186795905ea79ebe2ab0aaa0a711b6a3e,23rd Division,23rd division,UCDP_ACTOR,NameOrig,7519,23rd Division,1,False,13,False,False,True,UCDP_ACTOR
9e914e8731e9a920fde3d82b65a58dce58d8a8d0,Firka 23,firka 23,UCDP_ACTOR,NameOrigFull,7519,23rd Division,1,False,8,False,False,True,UCDP_ACTOR
4690ed27d4bcd170d6d68e478882b1864e89edeb,23rd Division,23rd division,UCDP_ACTOR,NameOrigFullEng,7519,23rd Division,1,False,13,False,False,True,UCDP_ACTOR
0485c76a9148895bdacb41e67ee28db126915871,National Front for Liberation,national front for liberation,UCDP_ACTOR,NameAlliance,7519,23rd Division,1,False,29,False,False,True,UCDP_ACTOR
aa557b582e1ae2ad5be13cab73ec18c74a6c8d8e,Abu al-Abbas Brigades,abu al-abbas brigades,UCDP_ACTOR,NameData,7531,Abu al-Abbas Brigades,1,False,21,False,False,True,UCDP_ACTOR
31c34779cb1a84b1ddce7aa8777811ca3ca84c60,Abu al-Abbas Brigades,abu al-abbas brigades,UCDP_ACTOR,NameOrig,7531,Abu al-Abbas Brigades,1,False,21,False,False,True,UCDP_ACTOR
01c7d0c645a1d31750296e35cc02bc3e64c987f1,Abu al-Abbas Brigades,abu al-abbas brigades,UCDP_ACTOR,NameOrigFull,7531,Abu al-Abbas Brigades,1,False,21,False,False,True,UCDP_ACTOR
4c423accc1d5921bac044d2377a22cfae0e58a07,Abu al-Abbas Brigades,abu al-abbas brigades,UCDP_ACTOR,NameOrigFullEng,7531,Abu al-Abbas Brigades,1,False,21,False,False,True,UCDP_ACTOR
b9478aa4fd7a05acabd7b9edfc118fb321310068,Forces of the Presidential Leadership Council,forces of the presidential leadership council,UCDP_ACTOR,NameSplitTemp,7531,Abu al-Abbas Brigades,1,False,45,False,False,True,UCDP_ACTOR
94218c4af0a0e73c72c9dbc9fdacb34541b86e16,NRF,nrf,UCDP_ACTOR,GroupName,7531,Abu al-Abbas Brigades,1,True,3,True,False,True,RAD;UCDP_ACTOR
df21921ac70ce2bb997413d249dacc62d9819463,BRAS,bras,UCDP_ACTOR,NameData,7542,BRAS,1,True,4,True,False,True,UCDP_ACTOR
87216115d86441a60dd5601c1b5c580f6cfced4d,BRAS,bras,UCDP_ACTOR,NameOrig,7542,BRAS,1,True,4,True,False,True,UCDP_ACTOR
ad5a968ed2f1b04528f15f27043d44cd39de68aa,Baloch Raji Aajoi Sangar,baloch raji aajoi sangar,UCDP_ACTOR,NameOrigFull,7542,BRAS,1,False,24,False,False,True,UCDP_ACTOR
02597266d2bb873e15e993bfdbc19c2c6718bc57,Baloch National Freedom Movement,baloch national freedom movement,UCDP_ACTOR,NameOrigFullEng,7542,BRAS,1,False,32,False,False,True,UCDP_ACTOR
5372559aae5907c938fab16b7abacf3a48b63469,ALC,alc,UCDP_ACTOR,NameData,7559,ALC,1,True,3,True,False,True,UCDP_ACTOR
94fd94212cc0abf5fc71c691fed66083e1719450,ALC,alc,UCDP_ACTOR,NameOrig,7559,ALC,1,True,3,True,False,True,UCDP_ACTOR
670b95a83424be6c5e6dde511746462f1497ca15,Deuxième brigade Tazama de lArmée de libération – CODECO,deuxième brigade tazama de larmée de libération – codeco,UCDP_ACTOR,NameOrigFull,7559,ALC,1,False,56,False,False,True,UCDP_ACTOR
125bf59d68d818956c5313f9a2575fc5f02b9bbb,Alliance for the Liberation of Congo,alliance for the liberation of congo,UCDP_ACTOR,NameOrigFullEng,7559,ALC,1,False,36,False,False,True,UCDP_ACTOR
79ba239e5477552e53aa0760e52e837947297d5b,URDPC,urdpc,UCDP_ACTOR,NamePrev,7559,ALC,1,True,5,False,False,True,UCDP_ACTOR
db7494691b48542b69f8b0393ed40f2f04e2e3f5,URDPC,urdpc,UCDP_ACTOR,GroupName,7559,ALC,1,True,5,False,False,True,UCDP_ACTOR
dc54b740e3d4be0d9d92538be6d72ece9358ec2b,Dawn of Freedom Brigades,dawn of freedom brigades,UCDP_ACTOR,NameData,7582,Dawn of Freedom Brigades,1,False,24,False,False,True,UCDP_ACTOR
447b8321476c41ebff73c9180426f1bc86fb6570,Ahfad al Mursaleen,ahfad al mursaleen,UCDP_ACTOR,NameOrig,7582,Dawn of Freedom Brigades,1,False,18,False,False,True,UCDP_ACTOR
4708c0b4d53c23a3c457ccf5275b69c39c4f9cc0,Liwa Ahfad al Mursaleen,liwa ahfad al mursaleen,UCDP_ACTOR,NameOrigFull,7582,Dawn of Freedom Brigades,1,False,23,False,False,True,UCDP_ACTOR
423c2c50ae9aa840215197aa923e1aa50cd6b3aa,Descendants of the Messengers Brigade,descendants of the messengers brigade,UCDP_ACTOR,NameOrigFullEng,7582,Dawn of Freedom Brigades,1,False,37,False,False,True,UCDP_ACTOR
daf85a74ee7c528481c4ac87bc0fb7a0e199473f,Dawn of Freedom Brigades,dawn of freedom brigades,UCDP_ACTOR,NewName,7582,Dawn of Freedom Brigades,1,False,24,False,False,True,UCDP_ACTOR
7aee3a4451fa6e32926c5a9b8dd1918f32e9125d,Tajamu Alwiya Fajr al-Hurriya,tajamu alwiya fajr al-hurriya,UCDP_ACTOR,NewNameFullMotherTongue,7582,Dawn of Freedom Brigades,1,False,29,False,False,True,UCDP_ACTOR
e2b1e09d9b263e27c791d45a1ab512e1ea4bf163,Dawn of Freedom Brigades,dawn of freedom brigades,UCDP_ACTOR,NewNameFullEng,7582,Dawn of Freedom Brigades,1,False,24,False,False,True,UCDP_ACTOR
c9fa35873d34677bf6b48e8b1f521e77964a9083,OLA,ola,UCDP_ACTOR,NameData,7595,OLA,1,True,3,True,False,True,UCDP_ACTOR
ef1e6ba269e8e84c5f7c960465a0eff9bde3ef66,OLA,ola,UCDP_ACTOR,NameOrig,7595,OLA,1,True,3,True,False,True,UCDP_ACTOR
c92e83bc0154ff1eb4061c575662f6a197799f55,Waraana Bilisummaa Oromoo,waraana bilisummaa oromoo,UCDP_ACTOR,NameOrigFull,7595,OLA,1,False,25,False,False,True,UCDP_ACTOR
32cb254a565e6b10bf1b5d57dbb0ac80536ce0c1,Oromo Liberation Army,oromo liberation army,UCDP_ACTOR,NameOrigFullEng,7595,OLA,1,False,21,False,False,True,UCDP_ACTOR
4e9e6c95317cf64c9c36a8a1f6a8f794b78a9014,OLF,olf,UCDP_ACTOR,NamePrev,7595,OLA,1,True,3,True,False,True,RAD;UCDP_ACTOR
39edb13ce1baed70348985c136a7beaa6a32ef4a,Ahrar Ghurayan,ahrar ghurayan,UCDP_ACTOR,NameData,7601,Ahrar Ghurayan,1,False,14,False,False,True,UCDP_ACTOR
bf00376bcea0fc017c826e72a785805924f68bdf,Ahrar Ghurayan,ahrar ghurayan,UCDP_ACTOR,NameOrig,7601,Ahrar Ghurayan,1,False,14,False,False,True,UCDP_ACTOR
e50a2f554ac000e87dfd16e03237d1078245de72,Ahrar Ghurayan,ahrar ghurayan,UCDP_ACTOR,NameOrigFull,7601,Ahrar Ghurayan,1,False,14,False,False,True,UCDP_ACTOR
42c6ea5122f745ffd5fa7e91f5afec00ddcd447e,Ahrar Ghurayan,ahrar ghurayan,UCDP_ACTOR,NameOrigFullEng,7601,Ahrar Ghurayan,1,False,14,False,False,True,UCDP_ACTOR
93f839a9f406bb1d91f3e1ab9445d23bd2023de3,Omar al-Mukhtar Battalion,omar al-mukhtar battalion,UCDP_ACTOR,NameData,7614,Omar al-Mukhtar Battalion,1,False,25,False,False,True,UCDP_ACTOR
37013660fe443188d9e92267e090d485c90dd5cb,Omar al-Mukhtar Battalion,omar al-mukhtar battalion,UCDP_ACTOR,NameOrig,7614,Omar al-Mukhtar Battalion,1,False,25,False,False,True,UCDP_ACTOR
1c72e9c40b2ed8e3eded727a7de3cab08b612a3a,Liwa al-Mujahid Omar al-Mukhtar,liwa al-mujahid omar al-mukhtar,UCDP_ACTOR,NameOrigFull,7614,Omar al-Mukhtar Battalion,1,False,31,False,False,True,UCDP_ACTOR
73026fc324a92c5eb0bc8459a0149dad394c28e9,al-Mujahid Omar al-Mukhtar Battalion,al-mujahid omar al-mukhtar battalion,UCDP_ACTOR,NameOrigFullEng,7614,Omar al-Mukhtar Battalion,1,False,36,False,False,True,UCDP_ACTOR
e6af3ead4224aea6dfa18b2c5f70970443f6d659,Northern Storm Brigade,northern storm brigade,UCDP_ACTOR,NameData,7631,Northern Storm Brigade,1,False,22,False,False,True,UCDP_ACTOR
e1ea03f2784c41be407de7aafc889ef945ebe638,Northern Storm Brigade,northern storm brigade,UCDP_ACTOR,NameOrig,7631,Northern Storm Brigade,1,False,22,False,False,True,UCDP_ACTOR
77cb5e2e9f72279350be46500de1874cce249b8b,Liwa Asifat ash Shamal,liwa asifat ash shamal,UCDP_ACTOR,NameOrigFull,7631,Northern Storm Brigade,1,False,22,False,False,True,UCDP_ACTOR
26331c4b419bbeae1b030706a6cf2e76d193d2ab,Northern Storm Brigade,northern storm brigade,UCDP_ACTOR,NameOrigFullEng,7631,Northern Storm Brigade,1,False,22,False,False,True,UCDP_ACTOR
29545c8357b109ac7e877112203ce2892f06fd47,Islamic Front,islamic front,UCDP_ACTOR,GroupName,7631,Northern Storm Brigade,1,False,13,False,False,True,UCDP_ACTOR
cc54b1092c80707e71e0600e5bc9fd9ad8d35639,Comando Classe A,comando classe a,UCDP_ACTOR,NameData,7634,Comando Classe A,1,False,16,False,False,True,UCDP_ACTOR
5015f44a47d849a20699ad3f1c9786e5dc677214,Comando Classe A,comando classe a,UCDP_ACTOR,NameOrig,7634,Comando Classe A,1,False,16,False,False,True,UCDP_ACTOR
e8d5df57a9d62af36da5c7ed864e1820ac314c3c,Comando Classe A,comando classe a,UCDP_ACTOR,NameOrigFull,7634,Comando Classe A,1,False,16,False,False,True,UCDP_ACTOR
17d8c57ef20747b0d06442f840e6f5fe77be8378,Comando Classe A,comando classe a,UCDP_ACTOR,NameOrigFullEng,7634,Comando Classe A,1,False,16,False,False,True,UCDP_ACTOR
c4460dd18f89bccca17ed4a9659a2c71edc582ad,Mayi Mayi Luwotu,mayi mayi luwotu,UCDP_ACTOR,NameData,7640,Mayi Mayi Luwotu,1,False,16,False,False,True,UCDP_ACTOR
e4880cfbce177e63f0e2f3e4f1f6aa0a08fef46a,Bahandule,bahandule,UCDP_ACTOR,NameOrig,7640,Mayi Mayi Luwotu,1,True,9,False,False,True,UCDP_ACTOR
522be70e3fb42dd8bde85ac60445c3cedbc7a111,Bahandule,bahandule,UCDP_ACTOR,NameOrigFull,7640,Mayi Mayi Luwotu,1,True,9,False,False,True,UCDP_ACTOR
e91264a3d353bafdd6e7ce1d1e7a9dc599783af2,Bahandule,bahandule,UCDP_ACTOR,NameOrigFullEng,7640,Mayi Mayi Luwotu,1,True,9,False,False,True,UCDP_ACTOR
0658be6912285e9e494ae4ff92116e6ad6444513,FRPL-R,frpl-r,UCDP_ACTOR,NewName,7640,Mayi Mayi Luwotu,1,True,6,False,False,True,UCDP_ACTOR
90da38bd910975869138696dce30b8da843f41fa,Mayi Mayi Luwotu,mayi mayi luwotu,UCDP_ACTOR,NewName,7640,Mayi Mayi Luwotu,1,False,16,False,False,True,UCDP_ACTOR
2dfbe43305bc963a97d7ed91999bc80ea01aa92a,FRPL-R,frpl-r,UCDP_ACTOR,NewNameFullMotherTongue,7640,Mayi Mayi Luwotu,1,True,6,False,False,True,UCDP_ACTOR
c7d2e456286cff35af870cb9254d1a50a738649f,Mayi Mayi Luwotu,mayi mayi luwotu,UCDP_ACTOR,NewNameFullMotherTongue,7640,Mayi Mayi Luwotu,1,False,16,False,False,True,UCDP_ACTOR
ab2c24c970920073604c6947dfd5adc0ab39280b,FRPL-R,frpl-r,UCDP_ACTOR,NewNameFullEng,7640,Mayi Mayi Luwotu,1,True,6,False,False,True,UCDP_ACTOR
d855797cf73b23b71a1257438510c7f3ff619e86,Mayi Mayi Luwotu,mayi mayi luwotu,UCDP_ACTOR,NewNameFullEng,7640,Mayi Mayi Luwotu,1,False,16,False,False,True,UCDP_ACTOR
05dc0dcbf42529b930a5fa685fec6f67986ec6e6,FPIC Chambre noire sanduku,fpic chambre noire sanduku,UCDP_ACTOR,NameData,7644,FPIC Chambre noire sanduku,1,False,26,False,False,True,UCDP_ACTOR
0b7ffed0e608e470e9c873e5f57839dbe8a615ac,FPIC,fpic,UCDP_ACTOR,NameOrig,7644,FPIC Chambre noire sanduku,1,True,4,True,False,True,UCDP_ACTOR
277daff94bb5b8071146198716f21bb7ea2c000e,Force patriotique et intégrationniste du Congo,force patriotique et intégrationniste du congo,UCDP_ACTOR,NameOrigFull,7644,FPIC Chambre noire sanduku,1,False,46,False,False,True,UCDP_ACTOR
ce04de0f4cb7a3855dd1272376a0819e2c0595c7,Patriotic and Integrationist Forces of the Congo,patriotic and integrationist forces of the congo,UCDP_ACTOR,NameOrigFullEng,7644,FPIC Chambre noire sanduku,1,False,48,False,False,True,UCDP_ACTOR
5166740971f0bfee64a5ede160e02da7defc9609,FPIC Chambre noire sanduku,fpic chambre noire sanduku,UCDP_ACTOR,NewName,7644,FPIC Chambre noire sanduku,1,False,26,False,False,True,UCDP_ACTOR
ad736aa8a959680ba4d4ce02ec9d919e1783e403,Force patriotique et intégrationniste du Congo Chambre noire sanduku,force patriotique et intégrationniste du congo chambre noire sanduku,UCDP_ACTOR,NewNameFullMotherTongue,7644,FPIC Chambre noire sanduku,1,False,68,False,False,True,UCDP_ACTOR
8b1cd73d22957f2476064604b05201b4be4d9b09,Patriotic and Integrationist Forces of the Congo Chambre noire sanduku.,patriotic and integrationist forces of the congo chambre noire sanduku.,UCDP_ACTOR,NewNameFullEng,7644,FPIC Chambre noire sanduku,1,False,71,False,False,True,UCDP_ACTOR
70b9515441accce8330f17803a0e599e25841123,Euphrates Islamic Liberation Front,euphrates islamic liberation front,UCDP_ACTOR,NameData,7645,Euphrates Islamic Liberation Front,1,False,34,False,False,True,UCDP_ACTOR
d19a60d152cb64480170fd999fdbdc4d24bc867f,Euphrates Islamic Liberation Front,euphrates islamic liberation front,UCDP_ACTOR,NameOrig,7645,Euphrates Islamic Liberation Front,1,False,34,False,False,True,UCDP_ACTOR
0deb341da2bfbafc9c414998b96b09651f66ce93,Jabhat al-Tahrir al-Furat al-Islamiyyah,jabhat al-tahrir al-furat al-islamiyyah,UCDP_ACTOR,NameOrigFull,7645,Euphrates Islamic Liberation Front,1,False,39,False,False,True,UCDP_ACTOR
ad9b9235b04b1d666c68693a07131810d81cf88b,Euphrates Islamic Liberation Front,euphrates islamic liberation front,UCDP_ACTOR,NameOrigFullEng,7645,Euphrates Islamic Liberation Front,1,False,34,False,False,True,UCDP_ACTOR
f75e232772fc87343020946f0553277ebdabf49c,CRAC-PF,crac-pf,UCDP_ACTOR,NameData,7647,CRAC-PF,1,True,7,False,False,True,UCDP_ACTOR
b074450ed348eca0324a9ea42cf139ed15d893f5,CRAC-PF,crac-pf,UCDP_ACTOR,NameOrig,7647,CRAC-PF,1,True,7,False,False,True,UCDP_ACTOR
2060ac4c3a28ba7d8ce10e7fbffef624540787ba,Coordinadora Regional de Autoridades Comunitarias-Pueblos Fundadores,coordinadora regional de autoridades comunitarias-pueblos fundadores,UCDP_ACTOR,NameOrigFull,7647,CRAC-PF,1,False,68,False,False,True,UCDP_ACTOR
b967328c590d2912609317d22be277365143cd6a,Regional Coordinator of Community Authorities of the Founder Peoples,regional coordinator of community authorities of the founder peoples,UCDP_ACTOR,NameOrigFullEng,7647,CRAC-PF,1,False,68,False,False,True,UCDP_ACTOR
3f7e8b752bfb8126ecfed58e6767708dd3d657fd,Sham al-Rasul Brigade,sham al-rasul brigade,UCDP_ACTOR,NameData,7654,Sham al-Rasul Brigade,1,False,21,False,False,True,UCDP_ACTOR
5d93e18f424fbc6dd127f9cbeb5d5149e1bee608,Sham al-Rasul Brigade,sham al-rasul brigade,UCDP_ACTOR,NameOrig,7654,Sham al-Rasul Brigade,1,False,21,False,False,True,UCDP_ACTOR
a47976c40fbf24124dbcd368509cf5a7b81d5b5c,Liwa Sham al-Rasul,liwa sham al-rasul,UCDP_ACTOR,NameOrigFull,7654,Sham al-Rasul Brigade,1,False,18,False,False,True,UCDP_ACTOR
926fa557ef11aafda5ca967bc073da5306a60a04,Sham al-Rasul Brigade,sham al-rasul brigade,UCDP_ACTOR,NameOrigFullEng,7654,Sham al-Rasul Brigade,1,False,21,False,False,True,UCDP_ACTOR
1ecf99705bf10a3510731e3404f36170d12a024b,Majd al-Sham,majd al-sham,UCDP_ACTOR,NameData,7658,Majd al-Sham,1,False,12,False,False,True,UCDP_ACTOR
a17e205c310eee30a21961e8a0e50f2b95798880,Majd al-Sham,majd al-sham,UCDP_ACTOR,NameOrig,7658,Majd al-Sham,1,False,12,False,False,True,UCDP_ACTOR
198dae5d7e39cf78c54a8ae906e55f3b90113368,Liwa Majd al-Sham,liwa majd al-sham,UCDP_ACTOR,NameOrigFull,7658,Majd al-Sham,1,False,17,False,False,True,UCDP_ACTOR
777de1ab32419cdf131f7e0273d97d47713bdce8,Glories of the Levant Brigade,glories of the levant brigade,UCDP_ACTOR,NameOrigFullEng,7658,Majd al-Sham,1,False,29,False,False,True,UCDP_ACTOR
b42c6b549e0201fbb4bec44bf4536f1e175b0c55,Baz al-Islamiya,baz al-islamiya,UCDP_ACTOR,NameData,7659,Baz al-Islamiya,1,False,15,False,False,True,UCDP_ACTOR
28d49efc22c7c56b317bdd2ac8ab5aab31c52cb2,Baz al-Islamiya,baz al-islamiya,UCDP_ACTOR,NameOrig,7659,Baz al-Islamiya,1,False,15,False,False,True,UCDP_ACTOR
22ee378c244dceb4ebcb82109742a50a37b0f7be,Katayib al-Baz al-Islamiya,katayib al-baz al-islamiya,UCDP_ACTOR,NameOrigFull,7659,Baz al-Islamiya,1,False,26,False,False,True,UCDP_ACTOR
9d0698b4552aeb21da445a9f907f6eafbd13deac,Falcons of Islam Brigade,falcons of islam brigade,UCDP_ACTOR,NameOrigFullEng,7659,Baz al-Islamiya,1,False,24,False,False,True,UCDP_ACTOR
5c86462db7ea2e8616d05c984fee09ce6d4bd115,Jazeera-Euphrates Liberation Front,jazeera-euphrates liberation front,UCDP_ACTOR,NameData,7671,Jazeera-Euphrates Liberation Front,1,False,34,False,False,True,UCDP_ACTOR
de78a6fbf2c969a509d587f73a9b9074c9b33fa1,Jazeera-Euphrates Liberation Front,jazeera-euphrates liberation front,UCDP_ACTOR,NameOrig,7671,Jazeera-Euphrates Liberation Front,1,False,34,False,False,True,UCDP_ACTOR
57b01c18ff726622a86d8837a19f98a0eab2b801,Al Jazeera-Euphrates Liberation Front,al jazeera-euphrates liberation front,UCDP_ACTOR,NameOrigFull,7671,Jazeera-Euphrates Liberation Front,1,False,37,False,False,True,UCDP_ACTOR
0a8f107d91a1abe8b860371181dde78dd15860cf,Al Jazeera-Euphrates Liberation Front,al jazeera-euphrates liberation front,UCDP_ACTOR,NameOrigFullEng,7671,Jazeera-Euphrates Liberation Front,1,False,37,False,False,True,UCDP_ACTOR
e73d2e071cb96f770f8af39b850fecf3b4df391f,Hamza Asadullah Brigade,hamza asadullah brigade,UCDP_ACTOR,NameData,7673,Hamza Asadullah Brigade,1,False,23,False,False,True,UCDP_ACTOR
4b9d32726035b26515ad0a2ca0f9ce021275dafa,Hamza Asadullah Brigade,hamza asadullah brigade,UCDP_ACTOR,NameOrig,7673,Hamza Asadullah Brigade,1,False,23,False,False,True,UCDP_ACTOR
a22464503563958af8fb5e413705ba2379d945c6,Liwa Hamza Asadullah,liwa hamza asadullah,UCDP_ACTOR,NameOrigFull,7673,Hamza Asadullah Brigade,1,False,20,False,False,True,UCDP_ACTOR
f1c274384634636df9c4d9cf0ab05526e8e8b5b3,Lion of God Brigade,lion of god brigade,UCDP_ACTOR,NameOrigFullEng,7673,Hamza Asadullah Brigade,1,False,19,False,False,True,UCDP_ACTOR
c99281074bda9ee4d5da087b9529a229b6672299,PRNC,prnc,UCDP_ACTOR,NameData,7713,PRNC,1,True,4,True,False,True,UCDP_ACTOR
d94dfdf1a1127e05566b2dbad0325da00d6feab5,PRNC,prnc,UCDP_ACTOR,NameOrig,7713,PRNC,1,True,4,True,False,True,UCDP_ACTOR
e6d19ce1f35674128aa04f7d04cf5dc08bfeb1a4,Parti pour le Rassemblement de la Nation Centrafricaine,parti pour le rassemblement de la nation centrafricaine,UCDP_ACTOR,NameOrigFull,7713,PRNC,1,False,55,False,False,True,UCDP_ACTOR
8cd5e87d1be7050c504da408e33db6b0e58899fa,Parti pour le Rassemblement de la Nation Centrafricaine,parti pour le rassemblement de la nation centrafricaine,UCDP_ACTOR,NameOrigFullEng,7713,PRNC,1,False,55,False,False,True,UCDP_ACTOR
988026864c02e655e9581499917299810ba5af0f,RPRC,rprc,UCDP_ACTOR,NamePrev,7713,PRNC,1,True,4,True,False,True,UCDP_ACTOR
e690680555ec25111a2dbb628c5fa7c25b136ba6,Zaire self-defense group,zaire self-defense group,UCDP_ACTOR,NameData,7734,Zaire self-defense group,1,False,24,False,False,True,UCDP_ACTOR
f6dd420974a9dca6862819882839ecb2f6eb8e56,Zaire self-defense group,zaire self-defense group,UCDP_ACTOR,NameOrig,7734,Zaire self-defense group,1,False,24,False,False,True,UCDP_ACTOR
aa71a69574aa3553290e894f4c1bb0f8b8c687ad,Zaïrois,zaïrois,UCDP_ACTOR,NameOrigFull,7734,Zaire self-defense group,1,True,7,False,False,True,UCDP_ACTOR
0717d5e3b930bc440afb6a92956954923f74ee58,Zaire self-defense group,zaire self-defense group,UCDP_ACTOR,NameOrigFullEng,7734,Zaire self-defense group,1,False,24,False,False,True,UCDP_ACTOR
204a99e2486ce04ade7dd09d9fc5748d80179a25,NDC-R-GBS,ndc-r-gbs,UCDP_ACTOR,NameData,7752,NDC-R-GBS,1,True,9,False,False,True,UCDP_ACTOR
419007639e4b936369020ac9b78e69e31d12ddd4,NDC-R-GBS,ndc-r-gbs,UCDP_ACTOR,NameOrig,7752,NDC-R-GBS,1,True,9,False,False,True,UCDP_ACTOR
aa3fba93989553ffa92eaa38e2a73e6e5960a46e,Nduma Défense du Congo - Rénové - Gilbert Bwira Shuo faction,nduma défense du congo - rénové - gilbert bwira shuo faction,UCDP_ACTOR,NameOrigFull,7752,NDC-R-GBS,1,False,60,False,False,True,UCDP_ACTOR
791c6ec41aeb27a0d0c0a97b203381cb89d191bd,Reformed Nduma Defence of Congo - Gilbert Bwira Shuo faction,reformed nduma defence of congo - gilbert bwira shuo faction,UCDP_ACTOR,NameOrigFullEng,7752,NDC-R-GBS,1,False,60,False,False,True,UCDP_ACTOR
364d5778a7594ea538be64ba4d8ae446d1000094,NDC-R,ndc-r,UCDP_ACTOR,NamePrev,7752,NDC-R-GBS,1,True,5,False,False,True,UCDP_ACTOR
b7ecb37ccaf9bcced270a178b23f082e59ef950d,VDP,vdp,UCDP_ACTOR,NameAlliance,7752,NDC-R-GBS,1,True,3,True,False,True,UCDP_ACTOR
0a7582e7213bbfb7b011f1344aaa57ad05a86191,AFP-Gutabara,afp-gutabara,UCDP_ACTOR,NameData,7755,AFP-Gutabara,1,True,12,False,False,True,UCDP_ACTOR
707da8f09fadac755a8e0bd7e9b32d39c14ee8d2,AFP–Gutabara,afp–gutabara,UCDP_ACTOR,NameOrig,7755,AFP-Gutabara,1,True,12,False,False,True,UCDP_ACTOR
1fa05ee1fe495ad3d3019b6b25c6a09ad0e18615,Alliance des fédéralistes patriotes-Gutabara,alliance des fédéralistes patriotes-gutabara,UCDP_ACTOR,NameOrigFull,7755,AFP-Gutabara,1,False,44,False,False,True,UCDP_ACTOR
811579b056cda7f92712e93db28abcb1a4dfafbb,Alliance of Patriotic Federalists-Gutabara,alliance of patriotic federalists-gutabara,UCDP_ACTOR,NameOrigFullEng,7755,AFP-Gutabara,1,False,42,False,False,True,UCDP_ACTOR
30b582d9cef82b697a008093de1964d32162c4e3,Ngumino,ngumino,UCDP_ACTOR,NamePrev,7755,AFP-Gutabara,1,True,7,False,False,True,UCDP_ACTOR
e925b6dc80e5c9027180e42eafa8479b2a9db799,AFC,afc,UCDP_ACTOR,NameAlliance,7755,AFP-Gutabara,1,True,3,True,False,True,UCDP_ACTOR
2f0610340df2b4e8130b479389cb1f42a94a1aa0,G9 an Fanmi e Alye,g9 an fanmi e alye,UCDP_ACTOR,NameOrigFull,7793,G9,1,False,18,False,False,True,UCDP_ACTOR
ded8d414a34e651b67218cf85d7025bc577cf4f9,G9 an Fanmi e Alye,g9 an fanmi e alye,UCDP_ACTOR,NameOrigFullEng,7793,G9,1,False,18,False,False,True,UCDP_ACTOR
ef57921e9f0391a02283c2baf0561e9fdfda49a9,Force Révolutionnaire G9 an fanmi et alliés (manyen youn manyen tout),force révolutionnaire g9 an fanmi et alliés (manyen youn manyen tout),UCDP_ACTOR,NewNameFullMotherTongue,7793,G9,1,False,69,False,False,True,UCDP_ACTOR
3371c390934e0cfc68530f71c31d797fd9b16050,Revolutionary Force G9 Family and Allies (Touch One Touch All),revolutionary force g9 family and allies (touch one touch all),UCDP_ACTOR,NewNameFullEng,7793,G9,1,False,62,False,False,True,UCDP_ACTOR
41b94916659ea4329555377ab643d1c3c07a1a5e,Viv Ansanm,viv ansanm,UCDP_ACTOR,GroupName,7793,G9,1,False,10,False,False,True,UCDP_ACTOR
6e3003834c35a60f2f526510cb98b0228e42977d,Sinaloa Cartel - Los Chapitos,sinaloa cartel - los chapitos,UCDP_ACTOR,NameData,7795,Sinaloa Cartel - Los Chapitos,1,False,29,False,False,True,UCDP_ACTOR
8e4882f26469be684d55aea0a5cacfa4aa37fb5c,Sinaloa Cartel - Los Chapitos,sinaloa cartel - los chapitos,UCDP_ACTOR,NameOrig,7795,Sinaloa Cartel - Los Chapitos,1,False,29,False,False,True,UCDP_ACTOR
9345aa97098cb3affbf58214712eee4dbe81208f,Sinaloa Cartel - Los Chapitos,sinaloa cartel - los chapitos,UCDP_ACTOR,NameOrigFull,7795,Sinaloa Cartel - Los Chapitos,1,False,29,False,False,True,UCDP_ACTOR
9bace2652e1531763b4547d1c0a2d905a58defcd,Sinaloa Cartel - Los Chapitos,sinaloa cartel - los chapitos,UCDP_ACTOR,NameOrigFullEng,7795,Sinaloa Cartel - Los Chapitos,1,False,29,False,False,True,UCDP_ACTOR
3dd5575b5f2389f7468a1c2ba9a30cf08a820e02,Sinaloa Cartel,sinaloa cartel,UCDP_ACTOR,NameSplitTemp,7795,Sinaloa Cartel - Los Chapitos,1,False,14,False,False,True,UCDP_ACTOR
994258763e74b3aaf20a364f406555d22a926226,Sinaloa Cartel - Los Mayos,sinaloa cartel - los mayos,UCDP_ACTOR,NameData,7796,Sinaloa Cartel - Los Mayos,1,False,26,False,False,True,UCDP_ACTOR
eb9c0980745667a080aec754d0bea8405f64f23e,Sinaloa Cartel - Los Mayos,sinaloa cartel - los mayos,UCDP_ACTOR,NameOrig,7796,Sinaloa Cartel - Los Mayos,1,False,26,False,False,True,UCDP_ACTOR
7123c6db64f39d70ee57910cbd7f1d7d5e430556,Sinaloa Cartel - Los Mayos,sinaloa cartel - los mayos,UCDP_ACTOR,NameOrigFull,7796,Sinaloa Cartel - Los Mayos,1,False,26,False,False,True,UCDP_ACTOR
683010e116898ab248438204bff9774dae3b75b5,Sinaloa Cartel - Los Mayos,sinaloa cartel - los mayos,UCDP_ACTOR,NameOrigFullEng,7796,Sinaloa Cartel - Los Mayos,1,False,26,False,False,True,UCDP_ACTOR
c7dce72683ff40a1c1b47714d2b5ab387b8e664e,Sinaloa Cartel,sinaloa cartel,UCDP_ACTOR,NameSplitTemp,7796,Sinaloa Cartel - Los Mayos,1,False,14,False,False,True,UCDP_ACTOR
f09e8c25aad187796e58af3cfba69e5c65a35d6b,FDBC,fdbc,UCDP_ACTOR,NameData,7819,FDBC,1,True,4,True,False,True,UCDP_ACTOR
a527759ea8996bc8bcd339092827ed162adc7b72,FDBC,fdbc,UCDP_ACTOR,NameOrig,7819,FDBC,1,True,4,True,False,True,UCDP_ACTOR
c0837d2b71732410f761ad64bcdcf3ef7320278a,Force de défense contre la balkanisation du Congo,force de défense contre la balkanisation du congo,UCDP_ACTOR,NameOrigFull,7819,FDBC,1,False,49,False,False,True,UCDP_ACTOR
99757d7d3195038ce706504bcb6ef58ea9aa5a41,Defense Force against the Balkanization of Congo,defense force against the balkanization of congo,UCDP_ACTOR,NameOrigFullEng,7819,FDBC,1,False,48,False,False,True,UCDP_ACTOR
dfa879f318ae96950717fbdba8abdb021a2b636d,URDPC,urdpc,UCDP_ACTOR,NamePrev,7819,FDBC,1,True,5,False,False,True,UCDP_ACTOR
bc58d8c193be2c6c27227864943b3cdea64bb211,URDPC,urdpc,UCDP_ACTOR,GroupName,7819,FDBC,1,True,5,False,False,True,UCDP_ACTOR
af018f4088d89f7d164e5020ef1ea5b2750b1c2d,Wharf de Jeremie gang,wharf de jeremie gang,UCDP_ACTOR,NameData,7847,Wharf de Jeremie gang,1,False,21,False,False,True,UCDP_ACTOR
37be956d11a9670ae8e367f2968c6702370a1ed1,Wharf de Jeremie gang,wharf de jeremie gang,UCDP_ACTOR,NameOrig,7847,Wharf de Jeremie gang,1,False,21,False,False,True,UCDP_ACTOR
8ef0711ae5ee9e997d4dd666593eba1800cd3c41,Wharf de Jérémie gang,wharf de jérémie gang,UCDP_ACTOR,NameOrigFull,7847,Wharf de Jeremie gang,1,False,21,False,False,True,UCDP_ACTOR
568827fa519956244c1385b9d1e7bced4aab539d,Wharf de Jeremie gang,wharf de jeremie gang,UCDP_ACTOR,NameOrigFullEng,7847,Wharf de Jeremie gang,1,False,21,False,False,True,UCDP_ACTOR
d15e8eef84b84803468f5ec577b2d2edf0bc6c9b,Nan Belekou gang,nan belekou gang,UCDP_ACTOR,NameData,7848,Nan Belekou gang,1,False,16,False,False,True,UCDP_ACTOR
02493ba07b66630fcbfd35bd77632c76a2356725,Nan Belekou gang,nan belekou gang,UCDP_ACTOR,NameOrig,7848,Nan Belekou gang,1,False,16,False,False,True,UCDP_ACTOR
26c3ebe03f250f43ea1a387625a25b9e5f067154,Nan Belekou gang,nan belekou gang,UCDP_ACTOR,NameOrigFull,7848,Nan Belekou gang,1,False,16,False,False,True,UCDP_ACTOR
ce648f95604696c7acc75935c7010e01e860f36e,Nan Belekou gang,nan belekou gang,UCDP_ACTOR,NameOrigFullEng,7848,Nan Belekou gang,1,False,16,False,False,True,UCDP_ACTOR
980dd9936e16f2a271d6670962905a8ccf0a5690,Grand Ravine,grand ravine,UCDP_ACTOR,NameData,7849,Grand Ravine,1,False,12,False,False,True,UCDP_ACTOR
3e6892a56b1395e42624be41814e60e765224ea8,Grand Ravine,grand ravine,UCDP_ACTOR,NameOrig,7849,Grand Ravine,1,False,12,False,False,True,UCDP_ACTOR
378edb72d083557e8bd8f4ff782ef69cc078224a,Grand Ravine,grand ravine,UCDP_ACTOR,NameOrigFull,7849,Grand Ravine,1,False,12,False,False,True,UCDP_ACTOR
b8bbbcb622ac5aafccc530531672a72496292ed2,Grand Ravine,grand ravine,UCDP_ACTOR,NameOrigFullEng,7849,Grand Ravine,1,False,12,False,False,True,UCDP_ACTOR
2679b667969a4d6543dedff141cc18bcf257ec66,Nan Chabón,nan chabón,UCDP_ACTOR,NameData,7850,Nan Chabón,1,False,10,False,False,True,UCDP_ACTOR
a6e70094621a1dd43f52e4eda32bb375e7019262,Nan Chabón,nan chabón,UCDP_ACTOR,NameOrig,7850,Nan Chabón,1,False,10,False,False,True,UCDP_ACTOR
3c3d688146fcaf2e39b1b395d03808942330f9e1,Nan Chabón,nan chabón,UCDP_ACTOR,NameOrigFull,7850,Nan Chabón,1,False,10,False,False,True,UCDP_ACTOR
b9ebb1309ef14f19839b294da80b1c3b218f54d1,Nan Chabon,nan chabon,UCDP_ACTOR,NameOrigFullEng,7850,Nan Chabón,1,False,10,False,False,True,UCDP_ACTOR
e769524f47a8cfda09503fd8ac4aa4459fae59c3,Delmas 6 gang,delmas 6 gang,UCDP_ACTOR,NameData,7852,Delmas 6 gang,1,False,13,False,False,True,UCDP_ACTOR
cead471231c95e543e3017811c7b67339414959d,Delmas 6 gang,delmas 6 gang,UCDP_ACTOR,NameOrig,7852,Delmas 6 gang,1,False,13,False,False,True,UCDP_ACTOR
252e376a0c02df9a888c9ae224c58a91ef227010,Delmas 6 gang,delmas 6 gang,UCDP_ACTOR,NameOrigFull,7852,Delmas 6 gang,1,False,13,False,False,True,UCDP_ACTOR
123735c0f925bff4e02b31f418791001af438520,Delmas 6 gang,delmas 6 gang,UCDP_ACTOR,NameOrigFullEng,7852,Delmas 6 gang,1,False,13,False,False,True,UCDP_ACTOR
45b3087075dffd396ff856df41568ff4d0cd5c42,Gran Grif,gran grif,UCDP_ACTOR,NameData,7863,Gran Grif,1,False,9,False,False,True,UCDP_ACTOR
1d7927c85434f3f3f57b7ac70a543c0559dd38d2,Gran Grif,gran grif,UCDP_ACTOR,NameOrig,7863,Gran Grif,1,False,9,False,False,True,UCDP_ACTOR
78d72370e86ef023336a92e273017197c21a9572,Gran Grif,gran grif,UCDP_ACTOR,NameOrigFull,7863,Gran Grif,1,False,9,False,False,True,UCDP_ACTOR
b638ca75935847b3b5053c6418e0e9763f7cd4ff,Gran Grif,gran grif,UCDP_ACTOR,NameOrigFullEng,7863,Gran Grif,1,False,9,False,False,True,UCDP_ACTOR
0d57523222bdb97b793ef53ad737a4972900e449,CPC,cpc,UCDP_ACTOR,NameData,7870,CPC,1,True,3,True,False,True,UCDP_ACTOR
6a6defac298f70eecd1f079ef28af4f299856c28,CPC,cpc,UCDP_ACTOR,NameOrig,7870,CPC,1,True,3,True,False,True,UCDP_ACTOR
6f024be45663672902e4fcc81b5af6993c6c9e10,Coalition des patriotes pour le changement,coalition des patriotes pour le changement,UCDP_ACTOR,NameOrigFull,7870,CPC,1,False,42,False,False,True,UCDP_ACTOR
4ccc4fef583d5173219868f96640827892a64ac0,Coalition of Patriots for Change,coalition of patriots for change,UCDP_ACTOR,NameOrigFullEng,7870,CPC,1,False,32,False,False,True,UCDP_ACTOR
76e74edb1c6bcfdcf3db6c2ba79c75e937745dee,Nan Barozi gang,nan barozi gang,UCDP_ACTOR,NameData,7881,Nan Barozi gang,1,False,15,False,False,True,UCDP_ACTOR
1805c6a3e522a4677229c7c283b93170b7e57b14,Nan Barozi gang,nan barozi gang,UCDP_ACTOR,NameOrig,7881,Nan Barozi gang,1,False,15,False,False,True,UCDP_ACTOR
bdae607002fc4d60198642c826ba3aaf66d446af,Nan Barozi gang,nan barozi gang,UCDP_ACTOR,NameOrigFull,7881,Nan Barozi gang,1,False,15,False,False,True,UCDP_ACTOR
066ef286eecbe147040c256ece14fc32b071d4cf,Nan Barozi gang,nan barozi gang,UCDP_ACTOR,NameOrigFullEng,7881,Nan Barozi gang,1,False,15,False,False,True,UCDP_ACTOR
478fb5cac8bf7bb28861cf7c11fa6dbcd3e759d2,Pilate Base gang,pilate base gang,UCDP_ACTOR,NameData,7882,Pilate Base gang,1,False,16,False,False,True,UCDP_ACTOR
80ccd65642df29fe58ac0d0a4b69160f5dde3e5f,Pilate Base gang,pilate base gang,UCDP_ACTOR,NameOrig,7882,Pilate Base gang,1,False,16,False,False,True,UCDP_ACTOR
8a1623a0c58bb90260070cc44f7eedabbbe92122,Pilate Base gang,pilate base gang,UCDP_ACTOR,NameOrigFull,7882,Pilate Base gang,1,False,16,False,False,True,UCDP_ACTOR
5eb97358c1f7826d16ae5297a3d9c1fdf99d8095,Pilate Base gang,pilate base gang,UCDP_ACTOR,NameOrigFullEng,7882,Pilate Base gang,1,False,16,False,False,True,UCDP_ACTOR
79f35e29a0a27c54b19a81d493b4ea0f99cfe64f,Nan Ti Bwa gang,nan ti bwa gang,UCDP_ACTOR,NameData,7883,Nan Ti Bwa gang,1,False,15,False,False,True,UCDP_ACTOR
b6fad426c15067f0f5a539a7d9bf60bd070eb664,Nan Ti Bwa gang,nan ti bwa gang,UCDP_ACTOR,NameOrig,7883,Nan Ti Bwa gang,1,False,15,False,False,True,UCDP_ACTOR
32d63c68f069529224881de6a5aa2645d6e7bc80,Nan Ti Bwa gang,nan ti bwa gang,UCDP_ACTOR,NameOrigFull,7883,Nan Ti Bwa gang,1,False,15,False,False,True,UCDP_ACTOR
25dd744ac85f373abec73ade85d1f9fad7ff9e64,Nan Ti Bwa gang,nan ti bwa gang,UCDP_ACTOR,NameOrigFullEng,7883,Nan Ti Bwa gang,1,False,15,False,False,True,UCDP_ACTOR
f39918a33971705e34e9716c3bee5942f921b59d,Delmas 95 gang,delmas 95 gang,UCDP_ACTOR,NameData,7884,Delmas 95 gang,1,False,14,False,False,True,UCDP_ACTOR
da66d332b41dc849b222219b062c8963df1ec9a0,Delmas 95 gang,delmas 95 gang,UCDP_ACTOR,NameOrig,7884,Delmas 95 gang,1,False,14,False,False,True,UCDP_ACTOR
e357715152ca80c8cc2dfb5ea985b9abbe7fbdaf,Delmas 95 gang,delmas 95 gang,UCDP_ACTOR,NameOrigFull,7884,Delmas 95 gang,1,False,14,False,False,True,UCDP_ACTOR
d983ddaf751adff1c7eb00337288e0ea38e2657f,Delmas 95 gang,delmas 95 gang,UCDP_ACTOR,NameOrigFullEng,7884,Delmas 95 gang,1,False,14,False,False,True,UCDP_ACTOR
1a53c99ca626fac846ca6cb29852a73f8d0117cd,Delmas 19 gang,delmas 19 gang,UCDP_ACTOR,NameData,7885,Delmas 19 gang,1,False,14,False,False,True,UCDP_ACTOR
3b1f600e33652ef759d5f72fc06ff3b1244c2c8a,Delmas 19 gang,delmas 19 gang,UCDP_ACTOR,NameOrig,7885,Delmas 19 gang,1,False,14,False,False,True,UCDP_ACTOR
daf7c5f426d8ae3a4adb2fe02ad7278cdaa57ca3,Delmas 19 gang,delmas 19 gang,UCDP_ACTOR,NameOrigFull,7885,Delmas 19 gang,1,False,14,False,False,True,UCDP_ACTOR
c7324a89be19bc808949312020e6a247dedf316a,Delmas 19 gang,delmas 19 gang,UCDP_ACTOR,NameOrigFullEng,7885,Delmas 19 gang,1,False,14,False,False,True,UCDP_ACTOR
d195521cdbffb7e4f1d7db169a1920927ee41931,400 Mawozo,400 mawozo,UCDP_ACTOR,NameData,7889,400 Mawozo,1,False,10,False,False,True,UCDP_ACTOR
f47e3881c344136e9ec536a4bfb693cec4ecf231,400 Mawozo,400 mawozo,UCDP_ACTOR,NameOrig,7889,400 Mawozo,1,False,10,False,False,True,UCDP_ACTOR
cbd3618860d0bfc3ce4ab9cc19af6b7cd115a611,400 Mawozo,400 mawozo,UCDP_ACTOR,NameOrigFull,7889,400 Mawozo,1,False,10,False,False,True,UCDP_ACTOR
c419521d82a446fcdca1a9175429f3681a6277a7,400 Mawozo,400 mawozo,UCDP_ACTOR,NameOrigFullEng,7889,400 Mawozo,1,False,10,False,False,True,UCDP_ACTOR
32e6b6c86fecd24b4481142f000dc1411ddca983,Los Pachenca,los pachenca,UCDP_ACTOR,NameData,7922,Los Pachenca,1,False,12,False,False,True,UCDP_ACTOR
72d6027ec772a6d438ff544d34911b5b9adc10f7,Los Pachenca,los pachenca,UCDP_ACTOR,NameOrig,7922,Los Pachenca,1,False,12,False,False,True,UCDP_ACTOR
2f96ba113344245c139c9111bc0e3e0c59ce21ef,Los Pachenca,los pachenca,UCDP_ACTOR,NameOrigFull,7922,Los Pachenca,1,False,12,False,False,True,UCDP_ACTOR
93c5c680930d87dad21083d6c2364d96918369b0,Autodefensas Conquistadores de la Sierra Nevada (ACSN),autodefensas conquistadores de la sierra nevada (acsn),UCDP_ACTOR,NameOrigFullEng,7922,Los Pachenca,1,False,54,False,False,True,UCDP_ACTOR
0f18b8beb60d46f2d6d8d18a576244edea62cbe1,Los Pachenca,los pachenca,UCDP_ACTOR,NameOrigFullEng,7922,Los Pachenca,1,False,12,False,False,True,UCDP_ACTOR
4fd8ea6619dd2e12160041baca6bf9239af3d648,CODECO-BTD,codeco-btd,UCDP_ACTOR,NameData,7938,CODECO-BTD,1,True,10,False,False,True,UCDP_ACTOR
4a99562e0dbd63d4acf9ca6be970e4f6830fb540,CODECO–BTD,codeco–btd,UCDP_ACTOR,NameOrig,7938,CODECO-BTD,1,True,10,False,False,True,UCDP_ACTOR
fe8f1c1b8816184ab709b8fe8f4cc14658e98646,Bon Temple de Dieu,bon temple de dieu,UCDP_ACTOR,NameOrigFull,7938,CODECO-BTD,1,False,18,False,False,True,UCDP_ACTOR
3461179746f6e5423624d8e867e1872538f7297b,Bon Temple de Dieu,bon temple de dieu,UCDP_ACTOR,NameOrigFullEng,7938,CODECO-BTD,1,False,18,False,False,True,UCDP_ACTOR
fa87d02a0f0792f72da654793f551b3301e5a67a,URDPC,urdpc,UCDP_ACTOR,NamePrev,7938,CODECO-BTD,1,True,5,False,False,True,UCDP_ACTOR
5ee7d94d53d39a48401bb062e6a5a98629bdda75,URDPC,urdpc,UCDP_ACTOR,GroupName,7938,CODECO-BTD,1,True,5,False,False,True,UCDP_ACTOR
bc3ff3ec8370c12e3c610f1566ec6099953047f4,Los Choneros,los choneros,UCDP_ACTOR,NameData,7971,Los Choneros,1,False,12,False,False,True,UCDP_ACTOR
de159f8313e44b5a57be21b1ed62806fb3ad9167,Los Choneros,los choneros,UCDP_ACTOR,NameOrig,7971,Los Choneros,1,False,12,False,False,True,UCDP_ACTOR
a21d261122f74ee8ac86ec97f5cc7d3f2e48eb7c,Los Choneros,los choneros,UCDP_ACTOR,NameOrigFull,7971,Los Choneros,1,False,12,False,False,True,UCDP_ACTOR
89b45a11e3259707032dd79dfd855628771b91bd,Los Choneros,los choneros,UCDP_ACTOR,NameOrigFullEng,7971,Los Choneros,1,False,12,False,False,True,UCDP_ACTOR
a756079a9a164cd212a859801961bdfff399be81,Los Lagartos,los lagartos,UCDP_ACTOR,NameData,7972,Los Lagartos,1,False,12,False,False,True,UCDP_ACTOR
45d0f5b604a922e53e7381a87df2b2a6cef31ac1,Los Lagartos,los lagartos,UCDP_ACTOR,NameOrig,7972,Los Lagartos,1,False,12,False,False,True,UCDP_ACTOR
a210859cb7d602f806e4cd2cde0f466c850afe89,Los Lagartos,los lagartos,UCDP_ACTOR,NameOrigFull,7972,Los Lagartos,1,False,12,False,False,True,UCDP_ACTOR
651b34e256e6ab2ca4e52c0087f31e30823e51ae,Los Lagartos,los lagartos,UCDP_ACTOR,NameOrigFullEng,7972,Los Lagartos,1,False,12,False,False,True,UCDP_ACTOR
44adc4e4f75d11ab847fbb75ff48068e67837a4a,Frente Oliver Sinisterra,frente oliver sinisterra,UCDP_ACTOR,NameData,7974,Frente Oliver Sinisterra,1,False,24,False,False,True,UCDP_ACTOR
ee882f9f5159f5f8e58e09d267e3648a5170c167,Frente Oliver Sinisterra,frente oliver sinisterra,UCDP_ACTOR,NameOrig,7974,Frente Oliver Sinisterra,1,False,24,False,False,True,UCDP_ACTOR
90248aad41f8db36ed98ae0584ee8aecff8c3a67,Frente Oliver Sinisterra,frente oliver sinisterra,UCDP_ACTOR,NameOrigFull,7974,Frente Oliver Sinisterra,1,False,24,False,False,True,UCDP_ACTOR
473428a0cc0f9ba92185e9154b466a222959b43f,Frente Oliver Sinisterra,frente oliver sinisterra,UCDP_ACTOR,NameOrigFullEng,7974,Frente Oliver Sinisterra,1,False,24,False,False,True,UCDP_ACTOR
e7e58d475f7d5a41ab89a519bd565b6fa7ce3498,FARC,farc,UCDP_ACTOR,NamePrev,7974,Frente Oliver Sinisterra,1,True,4,True,False,True,RAD;UCDP_ACTOR
9db5a00ef7b5e37da1cd99ffb8bda867f1377f02,Nyatura Turarambiwe,nyatura turarambiwe,UCDP_ACTOR,NameData,7982,Nyatura Turarambiwe,1,False,19,False,False,True,UCDP_ACTOR
8218fe8fd12b6e402eed5079322851f0f68819a7,Nyatura Turarambiwe,nyatura turarambiwe,UCDP_ACTOR,NameOrig,7982,Nyatura Turarambiwe,1,False,19,False,False,True,UCDP_ACTOR
57f0cfb0e67fe5fecf3489241611d2682f94a785,Nyatura Turarambiwe,nyatura turarambiwe,UCDP_ACTOR,NameOrigFull,7982,Nyatura Turarambiwe,1,False,19,False,False,True,UCDP_ACTOR
9a393e0757ba3892e931d07d857b02f19b6f6cb5,Nyatura Turarambiwe,nyatura turarambiwe,UCDP_ACTOR,NameOrigFullEng,7982,Nyatura Turarambiwe,1,False,19,False,False,True,UCDP_ACTOR
7cb65251d430473fa942b8f97f12ac475cf2061e,CMC,cmc,UCDP_ACTOR,NamePrev,7982,Nyatura Turarambiwe,1,True,3,True,False,True,RAD;UCDP_ACTOR
ebcc016de85a6759d1ede9c296f379367e9ab853,Caborca Cartel,caborca cartel,UCDP_ACTOR,NameData,7983,Caborca Cartel,1,False,14,False,False,True,UCDP_ACTOR
39766829648128032d09190071ab0db990c8416a,Caborca Cartel,caborca cartel,UCDP_ACTOR,NameOrig,7983,Caborca Cartel,1,False,14,False,False,True,UCDP_ACTOR
11a0ab8339a43faedfb5ae6d35ebe52efc8b698a,Cártel de Caborca,cártel de caborca,UCDP_ACTOR,NameOrigFull,7983,Caborca Cartel,1,False,17,False,False,True,UCDP_ACTOR
380a247d1a6315eb03995a8bd221f0113f2e4ae5,Caborca Cartel,caborca cartel,UCDP_ACTOR,NameOrigFullEng,7983,Caborca Cartel,1,False,14,False,False,True,UCDP_ACTOR
8a2d957c3c73a39dc1064bf38822575f132a89bb,Los Virus,los virus,UCDP_ACTOR,NameData,8003,Los Virus,1,False,9,False,False,True,UCDP_ACTOR
3f5299921c964609e09c450c9c5746b9d56ad963,Los Virus,los virus,UCDP_ACTOR,NameOrig,8003,Los Virus,1,False,9,False,False,True,UCDP_ACTOR
650cb1a589c2f12371af9828dcbafaaa7f0e3b7f,Los Virus,los virus,UCDP_ACTOR,NameOrigFull,8003,Los Virus,1,False,9,False,False,True,UCDP_ACTOR
fe4b5a7da40b7be19fd261dd0f6cc8a151df5312,Los Virus,los virus,UCDP_ACTOR,NameOrigFullEng,8003,Los Virus,1,False,9,False,False,True,UCDP_ACTOR
059d028c10e5a1e1a9332dcb19381785699a299a,Los Tlacos,los tlacos,UCDP_ACTOR,NameData,8006,Los Tlacos,1,False,10,False,False,True,UCDP_ACTOR
37d14a9fc340c5efc0637d4a694834dc09d84350,Los Tlacos,los tlacos,UCDP_ACTOR,NameOrig,8006,Los Tlacos,1,False,10,False,False,True,UCDP_ACTOR
82c34ff1bc12af4415d25a1950628d89d7702471,Los Tlacos,los tlacos,UCDP_ACTOR,NameOrigFull,8006,Los Tlacos,1,False,10,False,False,True,UCDP_ACTOR
94650fafe256852e24194e017b726bea1c86cfe9,Los Tlacos,los tlacos,UCDP_ACTOR,NameOrigFullEng,8006,Los Tlacos,1,False,10,False,False,True,UCDP_ACTOR
f0e2990b7e4db7f27878f73db4f2df9c3dc4dfd1,Los Tiguerones,los tiguerones,UCDP_ACTOR,NameData,8008,Los Tiguerones,1,False,14,False,False,True,UCDP_ACTOR
30e233c5a5c059980ab93be15128f501ab2f21da,Los Tiguerones,los tiguerones,UCDP_ACTOR,NameOrig,8008,Los Tiguerones,1,False,14,False,False,True,UCDP_ACTOR
78cb1a9662674013bc8bf3364c67654c032b1507,Los Tiguerones,los tiguerones,UCDP_ACTOR,NameOrigFull,8008,Los Tiguerones,1,False,14,False,False,True,UCDP_ACTOR
6ae9d202cb1010cf42442f8da71be478a2e63d5a,Los Tiguerones,los tiguerones,UCDP_ACTOR,NameOrigFullEng,8008,Los Tiguerones,1,False,14,False,False,True,UCDP_ACTOR
0b6e159ac5a10f7ab3f685dc15d1613cfdaab782,Los Lobos,los lobos,UCDP_ACTOR,NameData,8009,Los Lobos,1,False,9,False,False,True,UCDP_ACTOR
32442698fab4ed5d817a2642d9ff35c84caf77fd,Los Lobos,los lobos,UCDP_ACTOR,NameOrig,8009,Los Lobos,1,False,9,False,False,True,UCDP_ACTOR
e6e678c3358ed24e93c16d19b25e3ceda1cb6cbc,Los Lobos,los lobos,UCDP_ACTOR,NameOrigFull,8009,Los Lobos,1,False,9,False,False,True,UCDP_ACTOR
ac921c9e552198d9b94dbbd37308daac36b4e306,Los Lobos,los lobos,UCDP_ACTOR,NameOrigFullEng,8009,Los Lobos,1,False,9,False,False,True,UCDP_ACTOR
d424c684d59ac09ce0fce9e27fca510f80785776,Los Chone Killers,los chone killers,UCDP_ACTOR,NameData,8010,Los Chone Killers,1,False,17,False,False,True,UCDP_ACTOR
24dd3be411ee46c839b8ec9ff17f4d4fcb6ea755,Los Chone Killers,los chone killers,UCDP_ACTOR,NameOrig,8010,Los Chone Killers,1,False,17,False,False,True,UCDP_ACTOR
9b6bf742b4f9cb65f5631047a97dfdbaf8880ab9,Los Chone Killers,los chone killers,UCDP_ACTOR,NameOrigFull,8010,Los Chone Killers,1,False,17,False,False,True,UCDP_ACTOR
79025baf39b2c642fdebd9f6170a1e858360964a,Los Chone Killers,los chone killers,UCDP_ACTOR,NameOrigFullEng,8010,Los Chone Killers,1,False,17,False,False,True,UCDP_ACTOR
e29994a6f9333c459338db215db776cbd027548b,Los Pipos,los pipos,UCDP_ACTOR,NameData,8011,Los Pipos,1,False,9,False,False,True,UCDP_ACTOR
b436e2d9bffc65d772db42fa02904644cfabf72f,Los Pipos,los pipos,UCDP_ACTOR,NameOrig,8011,Los Pipos,1,False,9,False,False,True,UCDP_ACTOR
48d11151e8a8c8c85a6f29b660ae3129d8d895eb,Los Pipos,los pipos,UCDP_ACTOR,NameOrigFull,8011,Los Pipos,1,False,9,False,False,True,UCDP_ACTOR
88f0bd53af3891ff62ace4c3deb78b564a968f6e,Los Pipos,los pipos,UCDP_ACTOR,NameOrigFullEng,8011,Los Pipos,1,False,9,False,False,True,UCDP_ACTOR
0cb99f726f4a00f373097bb86cb350ea0e925d36,5 Segond,5 segond,UCDP_ACTOR,NameData,8034,5 Segond,1,False,8,False,False,True,UCDP_ACTOR
3526a6195b00687aedeb333e3617e43889a7e3f5,5 Segond,5 segond,UCDP_ACTOR,NameOrig,8034,5 Segond,1,False,8,False,False,True,UCDP_ACTOR
c9a023b1a7b5a94e9630a586faa076f4ee1d6477,5 segon,5 segon,UCDP_ACTOR,NameOrigFull,8034,5 Segond,1,False,7,False,False,True,UCDP_ACTOR
43df04b71687cd3d200ecbf886b011c3368534d7,5 Segond,5 segond,UCDP_ACTOR,NameOrigFullEng,8034,5 Segond,1,False,8,False,False,True,UCDP_ACTOR
0170207cd501ca19f381136a66ff1c77727cb0a6,Bonta Boys,bonta boys,UCDP_ACTOR,NameData,8058,Bonta Boys,1,False,10,False,False,True,UCDP_ACTOR
f0f6cef1c4e08bc60ea721f04653847553f6a13d,Bonta Boys,bonta boys,UCDP_ACTOR,NameOrig,8058,Bonta Boys,1,False,10,False,False,True,UCDP_ACTOR
e7140f014356902000473437325dc0225af0ac2c,Bonta Boys,bonta boys,UCDP_ACTOR,NameOrigFull,8058,Bonta Boys,1,False,10,False,False,True,UCDP_ACTOR
0a448d188ec212f56df55dafe80f3dca42bf1537,Bonta Boys,bonta boys,UCDP_ACTOR,NameOrigFullEng,8058,Bonta Boys,1,False,10,False,False,True,UCDP_ACTOR
01edd608f3f39c3b195a005b0e242904f1c9fab1,NUG,nug,UCDP_ACTOR,NameData,8060,NUG,1,True,3,True,False,True,UCDP_ACTOR
e7bf9e8462b3b494c3bffc9cebeb5f8ca0f18663,NUG,nug,UCDP_ACTOR,NameOrig,8060,NUG,1,True,3,True,False,True,UCDP_ACTOR
c7fdc595792d6aeb4a360fb5b85607f175556498,National Unity Government,national unity government,UCDP_ACTOR,NameOrigFull,8060,NUG,1,False,25,False,False,True,UCDP_ACTOR
98ea79240fbc579efae2a3ab410d0ff3867647a3,National Unity Government,national unity government,UCDP_ACTOR,NameOrigFullEng,8060,NUG,1,False,25,False,False,True,UCDP_ACTOR
4765f76ca1d8226662455e5e4ad8e745314e6298,Taliban,taliban,UCDP_ACTOR,NameData,8079,Taliban,1,True,7,False,False,True,RAD;UCDP_ACTOR
6c234589f8cf4fd40174a1c832a140bc586940b5,Taliban,taliban,UCDP_ACTOR,NameOrig,8079,Taliban,1,True,7,False,False,True,RAD;UCDP_ACTOR
e9b76f382d5084058f3368a432a4100f566c1f8d,Taliban,taliban,UCDP_ACTOR,NameOrigFull,8079,Taliban,1,True,7,False,False,True,RAD;UCDP_ACTOR
9f2294a8577649df9f9f659cbf435e72de7d451a,Taliban,taliban,UCDP_ACTOR,NameOrigFullEng,8079,Taliban,1,True,7,False,False,True,RAD;UCDP_ACTOR
6c3727f7277e626b64c7cfd7ba29a76288c9cf4b,Islah,islah,UCDP_ACTOR,NameData,8094,Islah,1,True,5,False,False,True,UCDP_ACTOR
2f64882aaf9731cbd271caf921303cd72cd719ba,Islah,islah,UCDP_ACTOR,NameOrig,8094,Islah,1,True,5,False,False,True,UCDP_ACTOR
7f7cbf6adf57310be4cb29c824612c4462de82a3,at-Tajammuu al-Yamanī lil-Iṣlāḥ,at-tajammuu al-yamanī lil-iṣlāḥ,UCDP_ACTOR,NameOrigFull,8094,Islah,1,False,31,False,False,True,UCDP_ACTOR
614c5d64bf910e283778baf5cb94de1a8daf22f6,Yemeni Congregation for Reform,yemeni congregation for reform,UCDP_ACTOR,NameOrigFullEng,8094,Islah,1,False,30,False,False,True,UCDP_ACTOR
d2078c69232b718014cf981e2e3a2ffb365270ba,Forces of the Presidential Leadership Council,forces of the presidential leadership council,UCDP_ACTOR,NameSplitTemp,8094,Islah,1,False,45,False,False,True,UCDP_ACTOR
9456a002e133e0f776b3badbaf3481cc03386bf2,Carteles Unidos,carteles unidos,UCDP_ACTOR,NameData,8095,Carteles Unidos,1,False,15,False,False,True,UCDP_ACTOR
9a56889015a514db5715031bbe3f2821edbbd8ff,Carteles Unidos,carteles unidos,UCDP_ACTOR,NameOrig,8095,Carteles Unidos,1,False,15,False,False,True,UCDP_ACTOR
8d91ded6d216d344c85401670ad38ee6434f8f92,Carteles Unidos,carteles unidos,UCDP_ACTOR,NameOrigFull,8095,Carteles Unidos,1,False,15,False,False,True,UCDP_ACTOR
4a54a5da057d49d54bbc0bd602014709f605889a,Carteles Unidos,carteles unidos,UCDP_ACTOR,NameOrigFullEng,8095,Carteles Unidos,1,False,15,False,False,True,UCDP_ACTOR
5c48da1cdedb010912a09cc43bff7a9900680c75,G-Pep,g-pep,UCDP_ACTOR,NameData,8104,G-Pep,1,True,5,False,False,True,UCDP_ACTOR
0b4ecedf637494275c39aac33f4159ce7a36c15e,G-Pep,g-pep,UCDP_ACTOR,NameOrig,8104,G-Pep,1,True,5,False,False,True,UCDP_ACTOR
3d8ecd7649c9f5fd03c76df98bd8eae8c839a3dd,G-Pèp,g-pèp,UCDP_ACTOR,NameOrigFull,8104,G-Pep,1,True,5,False,False,True,UCDP_ACTOR
75ce7fe1a964f5aa787fb0c3626dc92919ce2e3a,G-Pep,g-pep,UCDP_ACTOR,NameOrigFullEng,8104,G-Pep,1,True,5,False,False,True,UCDP_ACTOR
43bd8cb9a6134b9d290696f750fc058e16ae9035,Viv Ansanm,viv ansanm,UCDP_ACTOR,GroupName,8104,G-Pep,1,False,10,False,False,True,UCDP_ACTOR
d7eff828cbffdbeaa6b43af1d37e1601e3190059,NRF,nrf,UCDP_ACTOR,NameData,8114,NRF,1,True,3,True,False,True,RAD;UCDP_ACTOR
038bcb36838dd461327b8dfce36423e2f1351e1d,NRF,nrf,UCDP_ACTOR,NameOrig,8114,NRF,1,True,3,True,False,True,RAD;UCDP_ACTOR
a2c86638e48e3bea034b1c712dfb7f7101d33119,‏‏‏جبهه متحد اسلامی ملی برای نجات افغانستان,‏‏‏جبهه متحد اسلامی ملی برای نجات افغانستان,UCDP_ACTOR,NameOrigFull,8114,NRF,1,False,43,False,False,True,UCDP_ACTOR
f6684d06f22a242543cd847bcb5fbd704b603857,National Resistance Front of Afghanistan,national resistance front of afghanistan,UCDP_ACTOR,NameOrigFullEng,8114,NRF,1,False,40,False,False,True,UCDP_ACTOR
dbffe9815d112312c325dacc5233a3e31d41e959,Fano,fano,UCDP_ACTOR,NameData,8118,Fano,1,True,4,True,False,True,UCDP_ACTOR
8f4cbad4443d16c5efc2002e9432c6ac3a497c61,Fano,fano,UCDP_ACTOR,NameOrig,8118,Fano,1,True,4,True,False,True,UCDP_ACTOR
da968d88bdd4f3040f9146ead12aedc622538ae3,Fano,fano,UCDP_ACTOR,NameOrigFull,8118,Fano,1,True,4,True,False,True,UCDP_ACTOR
a55b02cb061c7431bb171fe2b2cc4c68ba4c3a5a,Fano,fano,UCDP_ACTOR,NameOrigFullEng,8118,Fano,1,True,4,True,False,True,UCDP_ACTOR
f11fdccd554ac9332b84063e6cafd68f1d510310,FRODEBU,frodebu,UCDP_ACTOR,NameData,8175,FRODEBU,1,True,7,False,False,True,UCDP_ACTOR
460de1efba25130488efaa79348799f2205e5912,FRODEBU,frodebu,UCDP_ACTOR,NameOrig,8175,FRODEBU,1,True,7,False,False,True,UCDP_ACTOR
31619b08aad2460bc08b495a50426e39e567218b,Front pour la démocratie au Burundi,front pour la démocratie au burundi,UCDP_ACTOR,NameOrigFull,8175,FRODEBU,1,False,35,False,False,True,UCDP_ACTOR
03ffca08560073cad251ce729345599d94332e03,Front pour la démocratie au Burundi,front pour la démocratie au burundi,UCDP_ACTOR,NameOrigFullEng,8175,FRODEBU,1,False,35,False,False,True,UCDP_ACTOR
8b13135356ab0ee53e83e56c0914f2298e453fdf,TKP-ML,tkp-ml,UCDP_ACTOR,NameData,8179,TKP-ML,1,True,6,False,False,True,UCDP_ACTOR
6f9a277c42a964bad275629b2fe0b65d5a90b0c0,TKP-ML,tkp-ml,UCDP_ACTOR,NameOrig,8179,TKP-ML,1,True,6,False,False,True,UCDP_ACTOR
9e4007d650cda0fa4bff3e83c9a90e6b01da609b,Türkiye Komünist Partisi,türkiye komünist partisi,UCDP_ACTOR,NameOrigFull,8179,TKP-ML,1,False,24,False,False,True,UCDP_ACTOR
c7955b7788aa1a0a0afadfef92a9eb92d1141764,Marksist-Leninist,marksist-leninist,UCDP_ACTOR,NameOrigFull,8179,TKP-ML,1,True,17,False,False,True,UCDP_ACTOR
573a92a78dda87d174761a63594246f55108806d,Communist Party of Turkey,communist party of turkey,UCDP_ACTOR,NameOrigFullEng,8179,TKP-ML,1,False,25,False,False,True,UCDP_ACTOR
5d61bb204bceb7e4034f3d8246942f9c33b0a639,Marxist-Leninist,marxist-leninist,UCDP_ACTOR,NameOrigFullEng,8179,TKP-ML,1,True,16,False,False,True,UCDP_ACTOR
18d443a27599e3fffc466e6399ec93256db6da3e,GLF,glf,UCDP_ACTOR,NameData,8196,GLF,1,True,3,True,False,True,UCDP_ACTOR
82b677dccc70e935cf42b03decca1678ed87c767,GLF,glf,UCDP_ACTOR,NameOrig,8196,GLF,1,True,3,True,False,True,UCDP_ACTOR
dd49a0bcb9a8f4c213d9d68a92e2b8f3ca2d9ccb,Gambella Liberation Front,gambella liberation front,UCDP_ACTOR,NameOrigFull,8196,GLF,1,False,25,False,False,True,UCDP_ACTOR
34b7faa5e3ab6224493302740199c30c2923f469,Gambella Liberation Front,gambella liberation front,UCDP_ACTOR,NameOrigFullEng,8196,GLF,1,False,25,False,False,True,UCDP_ACTOR
bd6992284981424a91410a3482b5cb13f6053436,Bala na Cara,bala na cara,UCDP_ACTOR,NameData,8198,Bala na Cara,1,False,12,False,False,True,UCDP_ACTOR
e7985d33962cbac01226f143d6fa7cc0da7dfe2a,Bala na Cara,bala na cara,UCDP_ACTOR,NameOrig,8198,Bala na Cara,1,False,12,False,False,True,UCDP_ACTOR
0e822414844b4aa81ced4886ae856190e4c80051,Bala na Cara,bala na cara,UCDP_ACTOR,NameOrigFull,8198,Bala na Cara,1,False,12,False,False,True,UCDP_ACTOR
70f4090e98303053c2d5d71210623086195ad753,Bala na Cara,bala na cara,UCDP_ACTOR,NameOrigFullEng,8198,Bala na Cara,1,False,12,False,False,True,UCDP_ACTOR
182a33562dcd0329cb4a33101b9d54470f7cdcc9,Anti-Bala,anti-bala,UCDP_ACTOR,NameData,8199,Anti-Bala,1,True,9,False,False,True,UCDP_ACTOR
a6b611449893c2a9cac4816efb81597528d92a64,Anti-Bala,anti-bala,UCDP_ACTOR,NameOrig,8199,Anti-Bala,1,True,9,False,False,True,UCDP_ACTOR
d8150f3ae06a78ad5db4a6d0be62ff3263c557ef,Anti-Bala,anti-bala,UCDP_ACTOR,NameOrigFull,8199,Anti-Bala,1,True,9,False,False,True,UCDP_ACTOR
5895dc160ddf99b6084fdff0e79447614a4ba512,Anti-Bullet,anti-bullet,UCDP_ACTOR,NameOrigFullEng,8199,Anti-Bala,1,True,11,False,False,True,UCDP_ACTOR
14bcb4df494251dc825d9607731f6de16d5ac1fa,SPLM,splm,UCDP_ACTOR,NameData,8201,SPLM/A - IO - Kitgwang,1,True,4,True,False,True,RAD;UCDP_ACTOR
55a7f74b23289c429d6f76eba4454958658bedf1,A - IO - Kitgwang,a - io - kitgwang,UCDP_ACTOR,NameData,8201,SPLM/A - IO - Kitgwang,1,False,17,False,False,True,UCDP_ACTOR
04c7c85ab78095bfc536876b92b00f9ceca13c6b,SPLM,splm,UCDP_ACTOR,NameOrig,8201,SPLM/A - IO - Kitgwang,1,True,4,True,False,True,RAD;UCDP_ACTOR
78fd40571fe542c50dcb0814eb6f779c6afc12b0,A - IO - Kitgwang,a - io - kitgwang,UCDP_ACTOR,NameOrig,8201,SPLM/A - IO - Kitgwang,1,False,17,False,False,True,UCDP_ACTOR
a61aeb77b9cbb968518b49723bd5a58f3abf3d2a,Sudan People ́s Liberation Army,sudan people ́s liberation army,UCDP_ACTOR,NameOrigFull,8201,SPLM/A - IO - Kitgwang,1,False,31,False,False,True,UCDP_ACTOR
7daea9fb84023a2c940dc8b7e4e7584c7d8a85dd,Movement in Opposition - Kitgwang faction,movement in opposition - kitgwang faction,UCDP_ACTOR,NameOrigFull,8201,SPLM/A - IO - Kitgwang,1,False,41,False,False,True,UCDP_ACTOR
049c90061b625e4185a42c30f96608820fe8b277,Sudan People ́s Liberation Army,sudan people ́s liberation army,UCDP_ACTOR,NameOrigFullEng,8201,SPLM/A - IO - Kitgwang,1,False,31,False,False,True,UCDP_ACTOR
30fbde92959664e7f12dc668212da1ac60073859,Movement in Opposition - Kitgwang faction,movement in opposition - kitgwang faction,UCDP_ACTOR,NameOrigFullEng,8201,SPLM/A - IO - Kitgwang,1,False,41,False,False,True,UCDP_ACTOR
08be67cc593b42c90dd5d2bf61d7fb7fa0cc24fb,Banibangou Vigilance Committee,banibangou vigilance committee,UCDP_ACTOR,NameData,8259,Banibangou Vigilance Committee,1,False,30,False,False,True,UCDP_ACTOR
1173d48f3abb52fc942f5f2c9857d53282c26e31,Banibangou Vigilance Committee,banibangou vigilance committee,UCDP_ACTOR,NameOrig,8259,Banibangou Vigilance Committee,1,False,30,False,False,True,UCDP_ACTOR
662d2e60950611623bbfce63ee6df12e8839ff65,Comité de Vigilance Banibangou,comité de vigilance banibangou,UCDP_ACTOR,NameOrigFull,8259,Banibangou Vigilance Committee,1,False,30,False,False,True,UCDP_ACTOR
fa4fd8d6f6874cac5f9feabae780f264ddb97689,Banibangou Vigilance Committee,banibangou vigilance committee,UCDP_ACTOR,NameOrigFullEng,8259,Banibangou Vigilance Committee,1,False,30,False,False,True,UCDP_ACTOR
ac9dd71ab5fe91df025b7615ab8dc7877d92e1e7,Os Manos,os manos,UCDP_ACTOR,NameData,8260,Os Manos,1,False,8,False,False,True,UCDP_ACTOR
3b601bc86aac2b7c53d785bf0b0c60366b77add2,Os Manos,os manos,UCDP_ACTOR,NameOrig,8260,Os Manos,1,False,8,False,False,True,UCDP_ACTOR
086de67e0c558af76f602a39fffaab9e3a95494b,Os Manos,os manos,UCDP_ACTOR,NameOrigFull,8260,Os Manos,1,False,8,False,False,True,UCDP_ACTOR
e5b1a25a7a7627ceecfc937b335cbc627c9de60e,Os Manos,os manos,UCDP_ACTOR,NameOrigFullEng,8260,Os Manos,1,False,8,False,False,True,UCDP_ACTOR
3d0f747507616ea5420dbbdf00953a7a6cc4e5e2,Giants Brigade,giants brigade,UCDP_ACTOR,NameData,8276,Giants Brigade,1,False,14,False,False,True,UCDP_ACTOR
9bb8d86c9e97a157194d0c1b33abdd1a97d7bfbc,Giants Brigade,giants brigade,UCDP_ACTOR,NameOrig,8276,Giants Brigade,1,False,14,False,False,True,UCDP_ACTOR
22b35b160a7439b4372769d3f7c79ef639b18637,al-Weyat al-Amaliqa al-Janubia,al-weyat al-amaliqa al-janubia,UCDP_ACTOR,NameOrigFull,8276,Giants Brigade,1,False,30,False,False,True,UCDP_ACTOR
7ea00b1cc55e573ae632a996df0ba1fad626ff45,Southern Giants Brigade,southern giants brigade,UCDP_ACTOR,NameOrigFullEng,8276,Giants Brigade,1,False,23,False,False,True,UCDP_ACTOR
bf562da66140e7f4089089420acc193f07460207,Forces of the Presidential Leadership Council,forces of the presidential leadership council,UCDP_ACTOR,NameSplitTemp,8276,Giants Brigade,1,False,45,False,False,True,UCDP_ACTOR
bcaab1d0a2cbf63b50df39689eb24e1fe8ea2b8e,STC,stc,UCDP_ACTOR,GroupName,8276,Giants Brigade,1,True,3,True,False,True,UCDP_ACTOR
ca13ed9f42fdc187b41161edd88a3962094a2c7d,Bonde do Maluco,bonde do maluco,UCDP_ACTOR,NameData,8279,Bonde do Maluco,1,False,15,False,False,True,UCDP_ACTOR
f8257cef87978c778fe375f67567095d0aaae69f,Bonde do Maluco,bonde do maluco,UCDP_ACTOR,NameOrig,8279,Bonde do Maluco,1,False,15,False,False,True,UCDP_ACTOR
f5ff341722bc7056c8739c115a322b948a2db77b,Bonde do Maluco,bonde do maluco,UCDP_ACTOR,NameOrigFull,8279,Bonde do Maluco,1,False,15,False,False,True,UCDP_ACTOR
feaa7a091fcaff6f2db9b0beca5e0144c9d3dd8e,Bonde do Maluco,bonde do maluco,UCDP_ACTOR,NameOrigFullEng,8279,Bonde do Maluco,1,False,15,False,False,True,UCDP_ACTOR
3a0ff6ebfd1760da0d5f2f8b202fe1b71a26948c,Katiara,katiara,UCDP_ACTOR,NameData,8280,Katiara,1,True,7,False,False,True,UCDP_ACTOR
d90e077578d10086e58a90a68d670252f3025018,Katiara,katiara,UCDP_ACTOR,NameOrig,8280,Katiara,1,True,7,False,False,True,UCDP_ACTOR
8e8ff185587446db45ebd95cfab4ea7889871086,Katiara,katiara,UCDP_ACTOR,NameOrigFull,8280,Katiara,1,True,7,False,False,True,UCDP_ACTOR
da8393c7ef29e8acded6ec355363d391bcbc5827,Katiara,katiara,UCDP_ACTOR,NameOrigFullEng,8280,Katiara,1,True,7,False,False,True,UCDP_ACTOR
08d90269f49d929074b8ae8740e93ba0fee84bfd,Comando da Paz,comando da paz,UCDP_ACTOR,NameData,8281,Comando da Paz,1,False,14,False,False,True,UCDP_ACTOR
55c826f335f80ace0b5e99e3f8cca9c9e77b674b,Comando da Paz,comando da paz,UCDP_ACTOR,NameOrig,8281,Comando da Paz,1,False,14,False,False,True,UCDP_ACTOR
a0da586fa7412846a8dd16aeee02c69fd7ec8d69,Comando da Paz,comando da paz,UCDP_ACTOR,NameOrigFull,8281,Comando da Paz,1,False,14,False,False,True,UCDP_ACTOR
fb484ff46b8c2398110765137c859aaf17f296ac,Comando da Paz,comando da paz,UCDP_ACTOR,NameOrigFullEng,8281,Comando da Paz,1,False,14,False,False,True,UCDP_ACTOR
5662a4c099470a75cfe8dccf4838c870b9bd8fa9,Associação Família Capixaba,associação família capixaba,UCDP_ACTOR,NameData,8292,Associação Família Capixaba,1,False,27,False,False,True,UCDP_ACTOR
f83c6679c36f2ced7b8de520d2ce29b42bb6c1f2,Associação Família Capixaba,associação família capixaba,UCDP_ACTOR,NameOrig,8292,Associação Família Capixaba,1,False,27,False,False,True,UCDP_ACTOR
2cab0e2d1a1e83b034a4c19d9cb545771ecada45,Associação Família Capixaba,associação família capixaba,UCDP_ACTOR,NameOrigFull,8292,Associação Família Capixaba,1,False,27,False,False,True,UCDP_ACTOR
ae3b2c2bdc1f467c25518f1fc794d99374e108e9,Capixaba Family Association,capixaba family association,UCDP_ACTOR,NameOrigFullEng,8292,Associação Família Capixaba,1,False,27,False,False,True,UCDP_ACTOR
16dac6bafac4a7423df68d92df9102f6fa058604,Cartel do Norte,cartel do norte,UCDP_ACTOR,NameData,8293,Cartel do Norte,1,False,15,False,False,True,UCDP_ACTOR
c3a906624530660b05cfb721288e5561e8bd775a,Cartel do Norte,cartel do norte,UCDP_ACTOR,NameOrig,8293,Cartel do Norte,1,False,15,False,False,True,UCDP_ACTOR
7f6542dff727d07a3e20c1bae3be52b8bf78f8bf,Cartel do Norte,cartel do norte,UCDP_ACTOR,NameOrigFull,8293,Cartel do Norte,1,False,15,False,False,True,UCDP_ACTOR
5760da7aa3659cef4237d4953dab43b064418781,Cartel do Norte,cartel do norte,UCDP_ACTOR,NameOrigFullEng,8293,Cartel do Norte,1,False,15,False,False,True,UCDP_ACTOR
7c98028bed3c0408468dd386a9353ba3263ae2e8,Família Terror Amapá,família terror amapá,UCDP_ACTOR,NameData,8294,Família Terror Amapá,1,False,20,False,False,True,UCDP_ACTOR
3ea6ace81b8a0b28f041b4ea5fba0407b0a9bb49,Família Terror Amapá,família terror amapá,UCDP_ACTOR,NameOrig,8294,Família Terror Amapá,1,False,20,False,False,True,UCDP_ACTOR
79075304d10bc1fdc95520b0470734cd271aa9a8,Família Terror Amapá,família terror amapá,UCDP_ACTOR,NameOrigFull,8294,Família Terror Amapá,1,False,20,False,False,True,UCDP_ACTOR
a1223b98ee78b04e3f454a769133409de5ad5866,Família Terror Amapá,família terror amapá,UCDP_ACTOR,NameOrigFullEng,8294,Família Terror Amapá,1,False,20,False,False,True,UCDP_ACTOR
881b66c4eb40b5596e71ca44d7f38c3827c662a6,Amigos Para Sempre,amigos para sempre,UCDP_ACTOR,NameData,8295,Amigos Para Sempre,1,False,18,False,False,True,UCDP_ACTOR
f77d49412a25a88431f05f3c8d2c3fb1a6604be8,Amigos Para Sempre,amigos para sempre,UCDP_ACTOR,NameOrig,8295,Amigos Para Sempre,1,False,18,False,False,True,UCDP_ACTOR
d6d1513fd34ece85c9dfd156384660b9ef2f2952,Amigos Para Sempre,amigos para sempre,UCDP_ACTOR,NameOrigFull,8295,Amigos Para Sempre,1,False,18,False,False,True,UCDP_ACTOR
7f235cf61fdb90835b547d64e794e02a261d4baf,Amigos Para Sempre,amigos para sempre,UCDP_ACTOR,NameOrigFullEng,8295,Amigos Para Sempre,1,False,18,False,False,True,UCDP_ACTOR
37b3566af04861d3209c7c7c3d0008100a33e8ec,Yare I - The Towers sector gang,yare i - the towers sector gang,UCDP_ACTOR,NameData,8329,Yare I - The Towers sector gang,1,False,31,False,False,True,UCDP_ACTOR
6c536fa76729be92b3a1f4768c8916dcc79f7f14,Yare I - The Towers sector gang,yare i - the towers sector gang,UCDP_ACTOR,NameOrig,8329,Yare I - The Towers sector gang,1,False,31,False,False,True,UCDP_ACTOR
998a26c3f49a5686931cbd03f6db341903fe067d,Yare I - Pandilla del sector Las Torres,yare i - pandilla del sector las torres,UCDP_ACTOR,NameOrigFull,8329,Yare I - The Towers sector gang,1,False,39,False,False,True,UCDP_ACTOR
ed639af97e4ce93e489fa4f1b1b1c25ce70d8dc1,Yare I - The Towers sector gang,yare i - the towers sector gang,UCDP_ACTOR,NameOrigFullEng,8329,Yare I - The Towers sector gang,1,False,31,False,False,True,UCDP_ACTOR
d55a737cfa4aad3a8a1eca74e6a434c288830742,Yare I - The Workshop sector gang,yare i - the workshop sector gang,UCDP_ACTOR,NameData,8330,Yare I - The Workshop sector gang,1,False,33,False,False,True,UCDP_ACTOR
24d39817b632e221a743e263702241f92cccc30d,Yare I - The Workshop sector gang,yare i - the workshop sector gang,UCDP_ACTOR,NameOrig,8330,Yare I - The Workshop sector gang,1,False,33,False,False,True,UCDP_ACTOR
5ab940ec262647103b1ee8df48e48537200719cc,Yare I - Pandilla del sector Los Talleres,yare i - pandilla del sector los talleres,UCDP_ACTOR,NameOrigFull,8330,Yare I - The Workshop sector gang,1,False,41,False,False,True,UCDP_ACTOR
3d132273b28075372c9488fcac54876904742993,Yare I - The Workshop sector gang,yare i - the workshop sector gang,UCDP_ACTOR,NameOrigFullEng,8330,Yare I - The Workshop sector gang,1,False,33,False,False,True,UCDP_ACTOR
f33ee9ebd37cdadc317348e27215d6520d607876,Ajeita,ajeita,UCDP_ACTOR,NameData,8335,Ajeita,1,True,6,False,False,True,UCDP_ACTOR
98d0963f44345c3d84576afac49e27666a62428c,Ajeita,ajeita,UCDP_ACTOR,NameOrig,8335,Ajeita,1,True,6,False,False,True,UCDP_ACTOR
4af5a98c49cf0554b2d532dca3488a73f3b2586c,Ajeita,ajeita,UCDP_ACTOR,NameOrigFull,8335,Ajeita,1,True,6,False,False,True,UCDP_ACTOR
9888a532788c16b3fa5f08c52811659e50109d76,Ajeita,ajeita,UCDP_ACTOR,NameOrigFullEng,8335,Ajeita,1,True,6,False,False,True,UCDP_ACTOR
ab070e430a3a5bf5c79cc2e411870c4f5b926e0c,Los Mayas,los mayas,UCDP_ACTOR,NameData,8338,Los Mayas,1,False,9,False,False,True,UCDP_ACTOR
859b9b4af798b74a62de1ee510cc4518e5cb6c34,Los Mayas,los mayas,UCDP_ACTOR,NameOrig,8338,Los Mayas,1,False,9,False,False,True,UCDP_ACTOR
e112a0450f8c672eec17eaf62d795681c0e7090c,Los Mayas,los mayas,UCDP_ACTOR,NameOrigFull,8338,Los Mayas,1,False,9,False,False,True,UCDP_ACTOR
4280c9a3fb3a6ce64662730d6c56e0ce4e0abbbf,Los Mayas,los mayas,UCDP_ACTOR,NameOrigFullEng,8338,Los Mayas,1,False,9,False,False,True,UCDP_ACTOR
9263cc260e5336dc9933a700b63169193b90407d,Los Colombianos,los colombianos,UCDP_ACTOR,NameData,8339,Los Colombianos,1,False,15,False,False,True,UCDP_ACTOR
5424b05c46e58a12fc94d6338f511598d5fc12be,Los Colombianos,los colombianos,UCDP_ACTOR,NameOrig,8339,Los Colombianos,1,False,15,False,False,True,UCDP_ACTOR
e17c3fef4dcc11363c7241926e224142141ea49c,Los Colombianos,los colombianos,UCDP_ACTOR,NameOrigFull,8339,Los Colombianos,1,False,15,False,False,True,UCDP_ACTOR
18371be5686ec1c1485551cf75ef4be70ebc1b9f,Los Colombianos,los colombianos,UCDP_ACTOR,NameOrigFullEng,8339,Los Colombianos,1,False,15,False,False,True,UCDP_ACTOR
02d6993344646a53734406dcbf52cb45c265e310,AFF,aff,UCDP_ACTOR,NameData,8343,AFF,1,True,3,True,False,True,UCDP_ACTOR
5757a9146c08fad814e529162d74eca38e191bc5,AFF,aff,UCDP_ACTOR,NameOrig,8343,AFF,1,True,3,True,False,True,UCDP_ACTOR
85ffa54e6c54a8affcfb796233015adf18d8c0b3,جبههَ آزادی افغانستان,جبههَ آزادی افغانستان,UCDP_ACTOR,NameOrigFull,8343,AFF,1,False,21,False,False,True,UCDP_ACTOR
0732c9ba033faeb8d0274e8cb66bfe118dd0853c,Afghanistan Freedom Front,afghanistan freedom front,UCDP_ACTOR,NameOrigFullEng,8343,AFF,1,False,25,False,False,True,UCDP_ACTOR
2f3b78730d235789f9f1748bac95efcf01fb3bf9,Pájaros Sierra,pájaros sierra,UCDP_ACTOR,NameData,8382,Pájaros Sierra,1,False,14,False,False,True,UCDP_ACTOR
67b506422f7d6b85d618f56ba8c01ac0373d9d40,Pájaros Sierra,pájaros sierra,UCDP_ACTOR,NameOrig,8382,Pájaros Sierra,1,False,14,False,False,True,UCDP_ACTOR
0b3a1b86adafa3a33424e0149812aca93311560a,Pájaros Sierra,pájaros sierra,UCDP_ACTOR,NameOrigFull,8382,Pájaros Sierra,1,False,14,False,False,True,UCDP_ACTOR
c97db19f9533a03b82347a7325cf5872e6ef1965,Pájaros Sierra,pájaros sierra,UCDP_ACTOR,NameOrigFullEng,8382,Pájaros Sierra,1,False,14,False,False,True,UCDP_ACTOR
a3f3e0e2ff455d9eb5380946ee61842f67c2c7d1,Jalisco Cartel New Generation,jalisco cartel new generation,UCDP_ACTOR,NamePrev,8382,Pájaros Sierra,1,False,29,False,False,True,UCDP_ACTOR
f210b1afc893f71b52f5adf556fb4165c4f4d710,Cartel Independiente de Colima,cartel independiente de colima,UCDP_ACTOR,NameData,8387,Cartel Independiente de Colima,1,False,30,False,False,True,UCDP_ACTOR
cf3a9ddc1b8bb1f690c9d9d2d3f2dbba6ca787e6,Cartel Independiente de Colima,cartel independiente de colima,UCDP_ACTOR,NameOrig,8387,Cartel Independiente de Colima,1,False,30,False,False,True,UCDP_ACTOR
dd33708f0d3fc1467bc4c0a6d41419c00f8c0491,Cartel Independiente de Colima,cartel independiente de colima,UCDP_ACTOR,NameOrigFull,8387,Cartel Independiente de Colima,1,False,30,False,False,True,UCDP_ACTOR
8776e4ef463dad13007be483f60da64fb24fd9a4,Cartel Independiente de Colima,cartel independiente de colima,UCDP_ACTOR,NameOrigFullEng,8387,Cartel Independiente de Colima,1,False,30,False,False,True,UCDP_ACTOR
4c66f16856942ba98ea124e86478b5e0696586c1,Jalisco Cartel New Generation,jalisco cartel new generation,UCDP_ACTOR,NamePrev,8387,Cartel Independiente de Colima,1,False,29,False,False,True,UCDP_ACTOR
d836b3144f5960bf583d1bb6e86eb8c757b47adb,Kraze Baryè,kraze baryè,UCDP_ACTOR,NameData,8417,Kraze Baryè,1,False,11,False,False,True,UCDP_ACTOR
4748cd0703cf38db0b0d33d5dd1cfaadcd835cec,Kraze Baryè,kraze baryè,UCDP_ACTOR,NameOrig,8417,Kraze Baryè,1,False,11,False,False,True,UCDP_ACTOR
8ec2e801671e9894bc63036319dbff7e925a2771,Kraze Baryè,kraze baryè,UCDP_ACTOR,NameOrigFull,8417,Kraze Baryè,1,False,11,False,False,True,UCDP_ACTOR
73a0d11b135cc689fadee468535e50b7d2d3274a,Kraze Baryè,kraze baryè,UCDP_ACTOR,NameOrigFullEng,8417,Kraze Baryè,1,False,11,False,False,True,UCDP_ACTOR
5ff5d4bcc6924dc8bd6c779861e62a4726411792,Los Costenos,los costenos,UCDP_ACTOR,NameData,8442,Los Costenos,1,False,12,False,False,True,UCDP_ACTOR
3a94aa0f86286f8192e3304a930e95d34037c8f6,Los Costenos,los costenos,UCDP_ACTOR,NameOrig,8442,Los Costenos,1,False,12,False,False,True,UCDP_ACTOR
c660c81f23d068c3e66693f78377b3b40bbd20ff,Los Costenos,los costenos,UCDP_ACTOR,NameOrigFull,8442,Los Costenos,1,False,12,False,False,True,UCDP_ACTOR
eb232344a84d43ebb1062b031e3340ca44d0eece,Los Costenos,los costenos,UCDP_ACTOR,NameOrigFullEng,8442,Los Costenos,1,False,12,False,False,True,UCDP_ACTOR
aa886aeaa19017858bf608cb42a8ce63ab3edf96,PNLO,pnlo,UCDP_ACTOR,NameData,8449,PNLO,1,True,4,True,False,True,UCDP_ACTOR
cd514afff5e6745753bd29e1096360f65d926e40,PNLO,pnlo,UCDP_ACTOR,NameOrig,8449,PNLO,1,True,4,True,False,True,UCDP_ACTOR
69dd8a07e70985470b91c96ee1be8bc39088f694,Pa-O National Liberation Organisation,pa-o national liberation organisation,UCDP_ACTOR,NameOrigFullEng,8449,PNLO,1,False,37,False,False,True,UCDP_ACTOR
d0e652f409d353966d4aa41b24c47fc81fa1ec96,Massa,massa,UCDP_ACTOR,NameData,8458,Massa,1,True,5,False,False,True,UCDP_ACTOR
8d64c8fc576a3ceec2270fc930dd503e638ae3c3,Massa,massa,UCDP_ACTOR,NameOrig,8458,Massa,1,True,5,False,False,True,UCDP_ACTOR
cd9f19099f5caa6dda9562b9091ff777b8423b02,Massa,massa,UCDP_ACTOR,NameOrigFull,8458,Massa,1,True,5,False,False,True,UCDP_ACTOR
33e5eb724ded9be3387ea1e720c3ae95005586d5,Massa,massa,UCDP_ACTOR,NameOrigFullEng,8458,Massa,1,True,5,False,False,True,UCDP_ACTOR
d87a2c2789fc72186a1e9976d063bfbbcf7b6077,FARC-EMC,farc-emc,UCDP_ACTOR,NameData,8468,FARC-EMC,1,True,8,False,False,True,UCDP_ACTOR
4430ef9b4adad59053b4f77d64a0ce496f7c9590,FARC-EMC,farc-emc,UCDP_ACTOR,NameOrig,8468,FARC-EMC,1,True,8,False,False,True,UCDP_ACTOR
ff5b1f49f2a187e428e316c9318fc28cb4f3a1dd,Fuerzas Armadas Revolucionarias de Colombia - Estado Mayor Central,fuerzas armadas revolucionarias de colombia - estado mayor central,UCDP_ACTOR,NameOrigFull,8468,FARC-EMC,1,False,66,False,False,True,UCDP_ACTOR
b5d609caef662a4c97ad7f17ae5c51bad22e17da,Revolutionary Armed Forces of Colombia - Central General Staff,revolutionary armed forces of colombia - central general staff,UCDP_ACTOR,NameOrigFullEng,8468,FARC-EMC,1,False,62,False,False,True,UCDP_ACTOR
c79bd0941a9e6a154031ee8641e766b448c2a25f,FARC,farc,UCDP_ACTOR,NamePrev,8468,FARC-EMC,1,True,4,True,False,True,RAD;UCDP_ACTOR
1db7a8fb6e1f170d7b4e1d08c3535831b79bcf3d,FARC - Segunda Marquetalia,farc - segunda marquetalia,UCDP_ACTOR,NameData,8469,FARC - Segunda Marquetalia,1,False,26,False,False,True,UCDP_ACTOR
aea5f82bce142b65db4933f8e8c4bc4fadbf6264,FARC - Segunda Marquetalia,farc - segunda marquetalia,UCDP_ACTOR,NameOrig,8469,FARC - Segunda Marquetalia,1,False,26,False,False,True,UCDP_ACTOR
5f2bfb552aee3ad07f408664ae60a1c67005ab7f,FARC - Segunda Marquetalia,farc - segunda marquetalia,UCDP_ACTOR,NameOrigFull,8469,FARC - Segunda Marquetalia,1,False,26,False,False,True,UCDP_ACTOR
16376dd4cb86ca2c2f5ad40db420f1ada63f4823,FARC - Segunda Marquetalia,farc - segunda marquetalia,UCDP_ACTOR,NameOrigFullEng,8469,FARC - Segunda Marquetalia,1,False,26,False,False,True,UCDP_ACTOR
0313196479c4fabe5e10585bbeb71391e1b7d858,FARC,farc,UCDP_ACTOR,NamePrev,8469,FARC - Segunda Marquetalia,1,True,4,True,False,True,RAD;UCDP_ACTOR
e63d16c30e22b13c2b485c3a9e5a0a07dda2c014,Sangre Nueva Zeta,sangre nueva zeta,UCDP_ACTOR,NameData,8474,Sangre Nueva Zeta,1,False,17,False,False,True,UCDP_ACTOR
94aedde41699611bbd7fd03146f2951432fb9d73,Sangre Nueva Zeta,sangre nueva zeta,UCDP_ACTOR,NameOrig,8474,Sangre Nueva Zeta,1,False,17,False,False,True,UCDP_ACTOR
2ccc513c2dae411aa2c4f786af07c54d6f39e3f6,Sangre Nueva Zeta,sangre nueva zeta,UCDP_ACTOR,NameOrigFull,8474,Sangre Nueva Zeta,1,False,17,False,False,True,UCDP_ACTOR
d2c205345fea70e317a74e7e8bb3670200d53139,Sangre Nueva Zeta,sangre nueva zeta,UCDP_ACTOR,NameOrigFullEng,8474,Sangre Nueva Zeta,1,False,17,False,False,True,UCDP_ACTOR
43d664de4730115b7f84b19b70cdba03b689bda7,Comandos de la Frontera,comandos de la frontera,UCDP_ACTOR,NameData,8478,Comandos de la Frontera,1,False,23,False,False,True,UCDP_ACTOR
99c74323baa567438cc702b4293568b30b18b4af,Comandos de la Frontera,comandos de la frontera,UCDP_ACTOR,NameOrig,8478,Comandos de la Frontera,1,False,23,False,False,True,UCDP_ACTOR
3ebd520baf85aaa12ac1a811e840e43faba1a1da,Comandos de la Frontera,comandos de la frontera,UCDP_ACTOR,NameOrigFull,8478,Comandos de la Frontera,1,False,23,False,False,True,UCDP_ACTOR
d741be9177baa29178a3601d484ee0384977a179,Comandos de la Frontera,comandos de la frontera,UCDP_ACTOR,NameOrigFullEng,8478,Comandos de la Frontera,1,False,23,False,False,True,UCDP_ACTOR
6ffc1e24b56617468ed70f9996eac6eff5842cf0,FARC,farc,UCDP_ACTOR,NamePrev,8478,Comandos de la Frontera,1,True,4,True,False,True,RAD;UCDP_ACTOR
d28771a5ed57d48865b5617863e52901341844ff,FARC - Segunda Marquetalia,farc - segunda marquetalia,UCDP_ACTOR,NamePrev,8478,Comandos de la Frontera,1,False,26,False,False,True,UCDP_ACTOR
0f70a109ac48c75e594aead92070892ce161fff1,Guerrilla Coordinadora Nacional Ejército Bolivariano,guerrilla coordinadora nacional ejército bolivariano,UCDP_ACTOR,NameAlliance,8478,Comandos de la Frontera,1,False,52,False,False,True,UCDP_ACTOR
ad32e565e02060cf7ff8784a9cd294ee68868507,FARC - Segunda Marquetalia,farc - segunda marquetalia,UCDP_ACTOR,GroupName,8478,Comandos de la Frontera,1,False,26,False,False,True,UCDP_ACTOR
2c6e531b8e4dec9e1f8c5a0086db58ca3bf12ae0,Mayi Mayi Chini ya Tuna,mayi mayi chini ya tuna,UCDP_ACTOR,NameData,8485,Mayi Mayi Chini ya Tuna,1,False,23,False,False,True,UCDP_ACTOR
c3fd17d58a70eb2515112508b8f4338bc7d6c2dc,Mayi Mayi Chini ya Tuna,mayi mayi chini ya tuna,UCDP_ACTOR,NameOrig,8485,Mayi Mayi Chini ya Tuna,1,False,23,False,False,True,UCDP_ACTOR
d641c5cf0bf61239c0abdda15e62196e271845ad,Maï Maï Chini ya Tuna,maï maï chini ya tuna,UCDP_ACTOR,NameOrigFull,8485,Mayi Mayi Chini ya Tuna,1,False,21,False,False,True,UCDP_ACTOR
552ba457343f2ccbdf9d08b870a31b492ba48e95,Mayi Mayi Chini ya Tuna,mayi mayi chini ya tuna,UCDP_ACTOR,NameOrigFullEng,8485,Mayi Mayi Chini ya Tuna,1,False,23,False,False,True,UCDP_ACTOR
c97946e60daab2f45b42a77da2f1943a915d3587,Forces of Nsengiyumva,forces of nsengiyumva,UCDP_ACTOR,NameData,8487,Forces of Nsengiyumva,1,False,21,False,False,True,UCDP_ACTOR
e26a876bfaf6cc08ae95d6ba1e7dc403a70d475a,Forces of Nsengiyumva,forces of nsengiyumva,UCDP_ACTOR,NameOrig,8487,Forces of Nsengiyumva,1,False,21,False,False,True,UCDP_ACTOR
09050a61be0caec2217d6e09a6c410d75d7ebd3d,Forces of Nsengiyumva,forces of nsengiyumva,UCDP_ACTOR,NameOrigFull,8487,Forces of Nsengiyumva,1,False,21,False,False,True,UCDP_ACTOR
c7cdce0995ba04c3e0952b8cff6c417212dfa7ef,Forces of Lieutenant Colonel Emmanuel Nsengiyumva,forces of lieutenant colonel emmanuel nsengiyumva,UCDP_ACTOR,NameOrigFullEng,8487,Forces of Nsengiyumva,1,False,49,False,False,True,UCDP_ACTOR
407827357606115b79e3b9d3c1489ad44da411fd,SPLM,splm,UCDP_ACTOR,NameData,8513,SPLM/A - IO - Olony,1,True,4,True,False,True,RAD;UCDP_ACTOR
efe1d32b914e513580cd73d88fd17831805f1930,A - IO - Olony,a - io - olony,UCDP_ACTOR,NameData,8513,SPLM/A - IO - Olony,1,False,14,False,False,True,UCDP_ACTOR
916a5a1a7bf3c055c9813264337d964187d70607,SPLM,splm,UCDP_ACTOR,NameOrig,8513,SPLM/A - IO - Olony,1,True,4,True,False,True,RAD;UCDP_ACTOR
781402c1f3431e0c4bc4cc3356a2fdda9ad6ae34,A - IO - Olony,a - io - olony,UCDP_ACTOR,NameOrig,8513,SPLM/A - IO - Olony,1,False,14,False,False,True,UCDP_ACTOR
bead615fe507adbad986bf343fe9e510f4374ca2,Sudan People ́s Liberation Army,sudan people ́s liberation army,UCDP_ACTOR,NameOrigFull,8513,SPLM/A - IO - Olony,1,False,31,False,False,True,UCDP_ACTOR
17f981fd7a124c0d3c5422809ec99153e4453571,Movement in Opposition - Olony faction,movement in opposition - olony faction,UCDP_ACTOR,NameOrigFull,8513,SPLM/A - IO - Olony,1,False,38,False,False,True,UCDP_ACTOR
5db18dfa277343919cd634f50fc19293cc0d2253,Sudan People ́s Liberation Army,sudan people ́s liberation army,UCDP_ACTOR,NameOrigFullEng,8513,SPLM/A - IO - Olony,1,False,31,False,False,True,UCDP_ACTOR
9256a96b04c960e368c1f90ee3060e12b948bf6b,Movement in Opposition - Olony faction,movement in opposition - olony faction,UCDP_ACTOR,NameOrigFullEng,8513,SPLM/A - IO - Olony,1,False,38,False,False,True,UCDP_ACTOR
ab8a49f0ab03c484a20321810852b235c111ac79,SPLM,splm,UCDP_ACTOR,NamePrev,8513,SPLM/A - IO - Olony,1,True,4,True,False,True,RAD;UCDP_ACTOR
c5aadd4e286aa6ad0957e8d6e14603d44ac18283,A - IO,a - io,UCDP_ACTOR,NamePrev,8513,SPLM/A - IO - Olony,1,False,6,False,False,True,UCDP_ACTOR
60abd039a701d24255f187d7cebfb04f70750605,Katuku,katuku,UCDP_ACTOR,NameData,8541,Katuku,1,True,6,False,False,True,UCDP_ACTOR
8d3a5407a84c48096a50a91f52bd6f3cd85daee4,Katuku,katuku,UCDP_ACTOR,NameOrig,8541,Katuku,1,True,6,False,False,True,UCDP_ACTOR
fe1ee5cded376020622c6b48baae1ff880fdf378,Katuku,katuku,UCDP_ACTOR,NameOrigFull,8541,Katuku,1,True,6,False,False,True,UCDP_ACTOR
83f0fab3a4873d56c03500517f41f6a2797c4a84,Katuku,katuku,UCDP_ACTOR,NameOrigFullEng,8541,Katuku,1,True,6,False,False,True,UCDP_ACTOR
50104b7747b6446b3b4037a40c2f50a367adee65,Naparama,naparama,UCDP_ACTOR,NameData,8577,Naparama,1,True,8,False,False,True,UCDP_ACTOR
11e8aa60182f428e5e7c403078a2c97a03309788,Naparama,naparama,UCDP_ACTOR,NameOrig,8577,Naparama,1,True,8,False,False,True,UCDP_ACTOR
c61d8484f9ad103e5888c8f7f6c1aa9f921ea2a1,Naparama,naparama,UCDP_ACTOR,NameOrigFull,8577,Naparama,1,True,8,False,False,True,UCDP_ACTOR
5fe0b2f0d9820037f2b97f0b6f40586e9f0073cc,Naparama,naparama,UCDP_ACTOR,NameOrigFullEng,8577,Naparama,1,True,8,False,False,True,UCDP_ACTOR
8812ea1ab5f98199c69c33f0162bcb2fba07a3bd,La Raza,la raza,UCDP_ACTOR,NameData,8584,La Raza,1,False,7,False,False,True,UCDP_ACTOR
06547539b4e9d52ffbf9c1f17ea9083367f9a424,La Raza,la raza,UCDP_ACTOR,NameOrig,8584,La Raza,1,False,7,False,False,True,UCDP_ACTOR
173fc82a89a3920ddb8ed8583bf53c805d7a513c,La Raza,la raza,UCDP_ACTOR,NameOrigFull,8584,La Raza,1,False,7,False,False,True,UCDP_ACTOR
f0f2e86f9e6b510ca8c4b3cf3f2786e3a76a33d9,La Raza,la raza,UCDP_ACTOR,NameOrigFullEng,8584,La Raza,1,False,7,False,False,True,UCDP_ACTOR
4e5adba1ed54584900ea6b6588f3fb78d19e7b30,Bonde dos 40,bonde dos 40,UCDP_ACTOR,NameData,8586,Bonde dos 40,1,False,12,False,False,True,UCDP_ACTOR
9ca510129780309550e0cc13adeb8c3e77478b2e,Bonde dos 40,bonde dos 40,UCDP_ACTOR,NameOrig,8586,Bonde dos 40,1,False,12,False,False,True,UCDP_ACTOR
93a98eef8856e02ff1c7bfa74f08813c2339ae95,Bonde dos 40 Ladrão,bonde dos 40 ladrão,UCDP_ACTOR,NameOrigFull,8586,Bonde dos 40,1,False,19,False,False,True,UCDP_ACTOR
401bc6246b0a58dc16e0e706ea84d18ea22b4360,Group of the 40 thieves,group of the 40 thieves,UCDP_ACTOR,NameOrigFullEng,8586,Bonde dos 40,1,False,23,False,False,True,UCDP_ACTOR
6d3c7c06666b551ad21473db90aa40d5f456afc2,PCM,pcm,UCDP_ACTOR,NameData,8587,PCM,1,True,3,True,False,True,UCDP_ACTOR
f4dfa2d268d644b5bc97bd18cc48ee57e388db61,PCM,pcm,UCDP_ACTOR,NameOrig,8587,PCM,1,True,3,True,False,True,UCDP_ACTOR
732cc57ae262ca8ac420765e3bbee22e40fd840e,Primeiro Comando do Maranhäo,primeiro comando do maranhäo,UCDP_ACTOR,NameOrigFull,8587,PCM,1,False,28,False,False,True,UCDP_ACTOR
3109b8d06d35124e0e19c56c598b1d6baa9eda80,First Command of Maranhão,first command of maranhão,UCDP_ACTOR,NameOrigFullEng,8587,PCM,1,False,25,False,False,True,UCDP_ACTOR
a3c2281dbe79990da67408632343fb87179effa3,Los Rusos,los rusos,UCDP_ACTOR,NameData,8588,Los Rusos,1,False,9,False,False,True,UCDP_ACTOR
5faa888402848dc63a70ed53c65a9be9e5c4687a,Los Rusos,los rusos,UCDP_ACTOR,NameOrig,8588,Los Rusos,1,False,9,False,False,True,UCDP_ACTOR
5d75a1dbcea1adb45d9fae55aa9bff20e75bb88b,Los Rusos,los rusos,UCDP_ACTOR,NameOrigFull,8588,Los Rusos,1,False,9,False,False,True,UCDP_ACTOR
df4924ab4224613b7fee1df4f067cfe101817a85,Los Rusos,los rusos,UCDP_ACTOR,NameOrigFullEng,8588,Los Rusos,1,False,9,False,False,True,UCDP_ACTOR
02dd4c55b82e2b0d6e5696024aada2abccf4c766,Holanda,holanda,UCDP_ACTOR,NameData,8615,Holanda,1,True,7,False,False,True,UCDP_ACTOR
2ceca5aa3bc7395af8fbbe29595aa58d6bc9a1dc,Holanda,holanda,UCDP_ACTOR,NameOrig,8615,Holanda,1,True,7,False,False,True,UCDP_ACTOR
56f897955aaad11653dc355e63a44ad00d7407c0,Holanda,holanda,UCDP_ACTOR,NameOrigFull,8615,Holanda,1,True,7,False,False,True,UCDP_ACTOR
0ac8595fce6c6d4520e58f27ef4f559d3ace4cb8,Holanda,holanda,UCDP_ACTOR,NameOrigFullEng,8615,Holanda,1,True,7,False,False,True,UCDP_ACTOR
6f43c1c47f8fb8fb12de68de22427d510d176390,Mobondo,mobondo,UCDP_ACTOR,NameData,8632,Mobondo,1,True,7,False,False,True,UCDP_ACTOR
878d3b2f89adba84b3b4cc0ab80aa28c0e95cbf0,Mobondo,mobondo,UCDP_ACTOR,NameOrig,8632,Mobondo,1,True,7,False,False,True,UCDP_ACTOR
c6c2cbf3d4a34d5cc197009cc1a7489bcdef0fb4,Mobondo,mobondo,UCDP_ACTOR,NameOrigFull,8632,Mobondo,1,True,7,False,False,True,UCDP_ACTOR
1588ff48d2322bbd410035fad488fd8384d11093,Mobondo,mobondo,UCDP_ACTOR,NameOrigFullEng,8632,Mobondo,1,True,7,False,False,True,UCDP_ACTOR
dfff00645c88767a4fe40ec9db4e57ab531d157e,AAKG,aakg,UCDP_ACTOR,NameData,8633,AAKG,1,True,4,True,False,True,UCDP_ACTOR
c0e973db5089a523b708aeb41d7ae62d81820965,AAKG,aakg,UCDP_ACTOR,NameOrig,8633,AAKG,1,True,4,True,False,True,UCDP_ACTOR
8e08d6f3d0b93e9f33735b5968dfcab5676b7dbe,Azande Ani Kpi Gbe,azande ani kpi gbe,UCDP_ACTOR,NameOrigFull,8633,AAKG,1,False,18,False,False,True,UCDP_ACTOR
3386490d8baa2c1d6ef143005a5e7b65d45d028a,Azande Ani Kpi Gbe,azande ani kpi gbe,UCDP_ACTOR,NameOrigFullEng,8633,AAKG,1,False,18,False,False,True,UCDP_ACTOR
22f78049be4a2ec2adf98b392033bfcfa5d90531,RSF,rsf,UCDP_ACTOR,NameData,8635,RSF,1,True,3,True,False,True,UCDP_ACTOR
05fd0de1a3e93e53eba5e72db348dd80141677db,RSF,rsf,UCDP_ACTOR,NameOrig,8635,RSF,1,True,3,True,False,True,UCDP_ACTOR
74102db57a0b48959e14f5997dd9e71c2a29961b,Quwwāt ad-daʿm as-sarīʿ,quwwāt ad-daʿm as-sarīʿ,UCDP_ACTOR,NameOrigFull,8635,RSF,1,False,23,False,False,True,UCDP_ACTOR
f8632420bd7b30ea128b50069db8ff90158f406a,Rapid Support Forces,rapid support forces,UCDP_ACTOR,NameOrigFullEng,8635,RSF,1,False,20,False,False,True,UCDP_ACTOR
b0b28a274ff4c4b7460bf4005efcdc9cd9fadcd9,RDK,rdk,UCDP_ACTOR,NameData,8639,RDK,1,True,3,True,False,True,UCDP_ACTOR
15047166644a96d43e645cdcdbe298333cdb3d23,RDK,rdk,UCDP_ACTOR,NameOrig,8639,RDK,1,True,3,True,False,True,UCDP_ACTOR
7706ba0a16def624c88de3d84c96ac0cf4998d2d,Russkiy dobrovolcheskiy korpus,russkiy dobrovolcheskiy korpus,UCDP_ACTOR,NameOrigFull,8639,RDK,1,False,30,False,False,True,UCDP_ACTOR
51e8e2a2d41075fd2a33d5cefea9a6709514e72a,Russian Volunteer Corps,russian volunteer corps,UCDP_ACTOR,NameOrigFullEng,8639,RDK,1,False,23,False,False,True,UCDP_ACTOR
d644e13054979bf5b17f4972ae1d5a4636f67a45,LSR,lsr,UCDP_ACTOR,NameData,8640,LSR,1,True,3,True,False,True,UCDP_ACTOR
3af7b4c5476c784cb4ae91b84b86976450f9c8c4,LSR,lsr,UCDP_ACTOR,NameOrig,8640,LSR,1,True,3,True,False,True,UCDP_ACTOR
5e8faf5c4b7f3e0d71a9243e9a71b321e686a2c4,Legion Svoboda Rossii,legion svoboda rossii,UCDP_ACTOR,NameOrigFull,8640,LSR,1,False,21,False,False,True,UCDP_ACTOR
6645bd190c1bd4007f3257c4891b3773bbe74dd0,Freedom of Russia Legion,freedom of russia legion,UCDP_ACTOR,NameOrigFullEng,8640,LSR,1,False,24,False,False,True,UCDP_ACTOR
d6f92e9f9c3e52dee8149af64d737f50e7f26a82,Wagner,wagner,UCDP_ACTOR,NameData,8650,Wagner,1,True,6,False,False,True,UCDP_ACTOR
ff3627b466934e5c0cb88b6c87b62e3525bcb4ef,Wagner,wagner,UCDP_ACTOR,NameOrig,8650,Wagner,1,True,6,False,False,True,UCDP_ACTOR
c6ffa6af2d47a6fa678bea2518f8e80ae992d29b,ChVK Vagner,chvk vagner,UCDP_ACTOR,NameOrigFull,8650,Wagner,1,False,11,False,False,True,UCDP_ACTOR
c93c09034c4e9a506d6088686db894ca2531f18a,PMC Wagner,pmc wagner,UCDP_ACTOR,NameOrigFullEng,8650,Wagner,1,False,10,False,False,True,UCDP_ACTOR
9342552e548eba9bf5baec89accfe5318cb49a92,Latin Kings,latin kings,UCDP_ACTOR,NameData,8764,Latin Kings,1,False,11,False,False,True,UCDP_ACTOR
edefe0eba3fae1693cd0fcb84acc1dad813f16a6,Latin Kings,latin kings,UCDP_ACTOR,NameOrig,8764,Latin Kings,1,False,11,False,False,True,UCDP_ACTOR
f0117f0777de01402090cd97d9c587a873b258de,Latin Kings,latin kings,UCDP_ACTOR,NameOrigFull,8764,Latin Kings,1,False,11,False,False,True,UCDP_ACTOR
2707553781f87ebe7df31ec8c875f0b23c233d63,Latin Kings,latin kings,UCDP_ACTOR,NameOrigFullEng,8764,Latin Kings,1,False,11,False,False,True,UCDP_ACTOR
d8ba4ac882eb8c487228fdc002801e7762e1695e,Sans Echec,sans echec,UCDP_ACTOR,NameData,8775,Sans Echec,1,False,10,False,False,True,UCDP_ACTOR
fb5c34638a2566232acb64fd8562bddfd66cfb4f,Sans Echec,sans echec,UCDP_ACTOR,NameOrig,8775,Sans Echec,1,False,10,False,False,True,UCDP_ACTOR
5338cf9d1628fb141a15e68f132a0dce78324e46,Sans Echec,sans echec,UCDP_ACTOR,NameOrigFull,8775,Sans Echec,1,False,10,False,False,True,UCDP_ACTOR
c81026af656f7f07e6f49d863a7e09cd496e26fb,Sans Echec,sans echec,UCDP_ACTOR,NameOrigFullEng,8775,Sans Echec,1,False,10,False,False,True,UCDP_ACTOR
a78b10624f28193cbe3c3cd87faacb2cb14afc72,Sans défaite,sans défaite,UCDP_ACTOR,NameData,8785,Sans défaite,1,False,12,False,False,True,UCDP_ACTOR
b1754df3dcc9ef7523aa3d2d4853b1ec17b91ac9,Sans défaite,sans défaite,UCDP_ACTOR,NameOrig,8785,Sans défaite,1,False,12,False,False,True,UCDP_ACTOR
00c8d03abbc81cdf07bd864db034917b856513ab,Sans défaite,sans défaite,UCDP_ACTOR,NameOrigFull,8785,Sans défaite,1,False,12,False,False,True,UCDP_ACTOR
5c8117144bc6bcad4376ee01e1f1fa9a3e01b43d,Sans défaite,sans défaite,UCDP_ACTOR,NameOrigFullEng,8785,Sans défaite,1,False,12,False,False,True,UCDP_ACTOR
46b8ef5449cea4d12d63145f6b51f68620ed9c7c,TJP,tjp,UCDP_ACTOR,NameData,8789,TJP,1,True,3,True,False,True,UCDP_ACTOR
5a303d149a9a4ae827b53b3adcc94ef25c1c46cc,TJP,tjp,UCDP_ACTOR,NameOrig,8789,TJP,1,True,3,True,False,True,UCDP_ACTOR
7773a2fe622c2be90ed2b2dd94de0302b10d47f6,Tehreek-e-Jihad Pakistan,tehreek-e-jihad pakistan,UCDP_ACTOR,NameOrigFull,8789,TJP,1,False,24,False,False,True,UCDP_ACTOR
666c5608248d939b3ff81815fa033f3d0bd3a45d,Tehreek-e-Jihad Pakistan,tehreek-e-jihad pakistan,UCDP_ACTOR,NameOrigFullEng,8789,TJP,1,False,24,False,False,True,UCDP_ACTOR
74f5c5eb2d0b0675ba8349548b389c2c9287e7f1,DZ Mafia,dz mafia,UCDP_ACTOR,NameData,8792,DZ Mafia,1,False,8,False,False,True,UCDP_ACTOR
e87506498839948669c9eec95ffe650a53460728,DZ Mafia,dz mafia,UCDP_ACTOR,NameOrig,8792,DZ Mafia,1,False,8,False,False,True,UCDP_ACTOR
8a0c947b5fc483b65f192860421a0c4fb7a45031,DZ Mafia,dz mafia,UCDP_ACTOR,NameOrigFull,8792,DZ Mafia,1,False,8,False,False,True,UCDP_ACTOR
d123589626af2ac46f38f25ed5226374f062fdc9,DZ Mafia,dz mafia,UCDP_ACTOR,NameOrigFullEng,8792,DZ Mafia,1,False,8,False,False,True,UCDP_ACTOR
5eefc4c182633e8cb00f9617e53aeb91c0220719,Yoda,yoda,UCDP_ACTOR,NameData,8793,Yoda,1,True,4,True,False,True,UCDP_ACTOR
9435a53b44c4709d0852c02688e507dee5b615a1,Yoda,yoda,UCDP_ACTOR,NameOrig,8793,Yoda,1,True,4,True,False,True,UCDP_ACTOR
645aa37c35d8595e7122e3e616e6a94e7af3ba31,Yoda,yoda,UCDP_ACTOR,NameOrigFull,8793,Yoda,1,True,4,True,False,True,UCDP_ACTOR
7c6d6fa0b1f07809d95c379c1df96d9ede6c5511,Yoda,yoda,UCDP_ACTOR,NameOrigFullEng,8793,Yoda,1,True,4,True,False,True,UCDP_ACTOR
58dc6fd3712ec22a878ae6fade2fc72990e167e5,OLA - Fekade Abdisa faction,ola - fekade abdisa faction,UCDP_ACTOR,NameData,8803,OLA - Fekade Abdisa faction,1,False,27,False,False,True,UCDP_ACTOR
b3a83ee0c0e4fa9a95bb951976f104e503305f84,OLA - Fekade Abdisa faction,ola - fekade abdisa faction,UCDP_ACTOR,NameOrig,8803,OLA - Fekade Abdisa faction,1,False,27,False,False,True,UCDP_ACTOR
63fd45db695f168bc93c5935de37a851aae56131,Waraana Bilisummaa Oromoo - Faqadaa Abdiisaa,waraana bilisummaa oromoo - faqadaa abdiisaa,UCDP_ACTOR,NameOrigFull,8803,OLA - Fekade Abdisa faction,1,False,44,False,False,True,UCDP_ACTOR
a45f21d21ea85345a2834830176ca6418948bc12,Oromo Liberation Army - Fekade Abdisa faction,oromo liberation army - fekade abdisa faction,UCDP_ACTOR,NameOrigFullEng,8803,OLA - Fekade Abdisa faction,1,False,45,False,False,True,UCDP_ACTOR
995fdd3d347b7c985fa37c6521bb25e3b1c4dc0b,OLA,ola,UCDP_ACTOR,NamePrev,8803,OLA - Fekade Abdisa faction,1,True,3,True,False,True,UCDP_ACTOR
45b7d77da096703a2a68fa740caaf4162789cf04,CNDD-Benjamin,cndd-benjamin,UCDP_ACTOR,NameData,8818,CNDD-Benjamin,1,True,13,False,False,True,UCDP_ACTOR
843c5e5b7ec3375f89d24acecdd063ff1c96386a,CNDD-Benjamin,cndd-benjamin,UCDP_ACTOR,NameOrig,8818,CNDD-Benjamin,1,True,13,False,False,True,UCDP_ACTOR
076fc780fdbfd1f8c0f0244ccf9e8f0725fecf57,Conseil national pour la défense de la démocratie-Groupe Benjamin,conseil national pour la défense de la démocratie-groupe benjamin,UCDP_ACTOR,NameOrigFull,8818,CNDD-Benjamin,1,False,65,False,False,True,UCDP_ACTOR
21bab564ee3d899eb30ad9583033d2ff999aad0d,National Council for the Defense of Democracy-Benjamin Group,national council for the defense of democracy-benjamin group,UCDP_ACTOR,NameOrigFullEng,8818,CNDD-Benjamin,1,False,60,False,False,True,UCDP_ACTOR
bb90a2b2db545b5e0cf11421b462925ccca8a5bc,CNDD,cndd,UCDP_ACTOR,NamePrev,8818,CNDD-Benjamin,1,True,4,True,False,True,RAD;UCDP_ACTOR
2b3465b2386eda77b4cc9d135651dcdb522967c1,FLA,fla,UCDP_ACTOR,NameData,8822,FLA,1,True,3,True,False,True,UCDP_ACTOR
e991a879b37e313c854a6fed080f2862bbfb59c7,CSP-PSD,csp-psd,UCDP_ACTOR,NameOrig,8822,FLA,1,True,7,False,False,True,UCDP_ACTOR
89219e3d42db0ef9d00d97745dae4863b2b43192,Cadre stratégique permanent pour la paix,cadre stratégique permanent pour la paix,UCDP_ACTOR,NameOrigFull,8822,FLA,1,False,40,False,False,True,UCDP_ACTOR
20031a9b98cd6c27841927aba51148649d6fc72f,la sécurité et le développement,la sécurité et le développement,UCDP_ACTOR,NameOrigFull,8822,FLA,1,False,31,False,False,True,UCDP_ACTOR
ece06f6fa2c8f5116786f658f75f8e1260a9f500,Permanent Strategic Framework for Peace,permanent strategic framework for peace,UCDP_ACTOR,NameOrigFullEng,8822,FLA,1,False,39,False,False,True,UCDP_ACTOR
6dbb7dfd59749aa9b0f9d2f93976f4c7397c803e,Security,security,UCDP_ACTOR,NameOrigFullEng,8822,FLA,1,True,8,False,False,True,UCDP_ACTOR
da39defb6f39419fa184c663f76cd521a0575e6f,and Development,and development,UCDP_ACTOR,NameOrigFullEng,8822,FLA,1,False,15,False,False,True,UCDP_ACTOR
a89466b3240d32ae8bca9af1652c1cb06a757a3d,CSP-DPA,csp-dpa,UCDP_ACTOR,NewName,8822,FLA,1,True,7,False,False,True,UCDP_ACTOR
b661d5f5081412e0e850a250d1d46950b4da7427,FLA,fla,UCDP_ACTOR,NewName,8822,FLA,1,True,3,True,False,True,UCDP_ACTOR
9e8807d22862b1fd2818d381afbe7bbf8166604f,Cadre stratégique pour la défense du peuple de lAzawad,cadre stratégique pour la défense du peuple de lazawad,UCDP_ACTOR,NewNameFullMotherTongue,8822,FLA,1,False,54,False,False,True,UCDP_ACTOR
e03a70904e683ff5e48127b3ef0f7d944ddcafde,Front de libération de lAzawad,front de libération de lazawad,UCDP_ACTOR,NewNameFullMotherTongue,8822,FLA,1,False,30,False,False,True,UCDP_ACTOR
2243f82172765274e86247ba1baa733daf67ccf5,Strategic Framework for the Defense of the People of Azawad,strategic framework for the defense of the people of azawad,UCDP_ACTOR,NewNameFullEng,8822,FLA,1,False,59,False,False,True,UCDP_ACTOR
f144f95eebc5d98b40b572f486906ff7c61a393e,Azawad Liberation Front,azawad liberation front,UCDP_ACTOR,NewNameFullEng,8822,FLA,1,False,23,False,False,True,UCDP_ACTOR
66cf9885f4c8ec7382e735fe97a03190dc4c53ad,VDP,vdp,UCDP_ACTOR,NameData,8832,VDP,1,True,3,True,False,True,UCDP_ACTOR
d8c7882c812e3c50276f6607cd58d79ca622838e,ARP,arp,UCDP_ACTOR,NameOrig,8832,VDP,1,True,3,True,False,True,UCDP_ACTOR
aa3edf41a3d5a64deb7571e9ff59c0e3fe4d5252,Alliance des résistants de la patrie,alliance des résistants de la patrie,UCDP_ACTOR,NameOrigFull,8832,VDP,1,False,36,False,False,True,UCDP_ACTOR
8e212a7faf33eefd3861bb70d0cc0e43a45f0d8f,Alliance of Resistance of the Homeland,alliance of resistance of the homeland,UCDP_ACTOR,NameOrigFullEng,8832,VDP,1,False,38,False,False,True,UCDP_ACTOR
bfc636bed83ce6c47962727880b39f072223e3f0,VDP,vdp,UCDP_ACTOR,NewName,8832,VDP,1,True,3,True,False,True,UCDP_ACTOR
c3c90cfb868506fcba4b1ec37370756873231568,Volontaires pour la Défense de la Patrie,volontaires pour la défense de la patrie,UCDP_ACTOR,NewNameFullMotherTongue,8832,VDP,1,False,40,False,False,True,UCDP_ACTOR
35938537be9967c4059d89b10e32494661225f77,Patriotic Defence Volunteers,patriotic defence volunteers,UCDP_ACTOR,NewNameFullEng,8832,VDP,1,False,28,False,False,True,UCDP_ACTOR
b47da7d4bc0944413ff1e6ae2ac0d6861d4fa4fd,Los Pepes,los pepes,UCDP_ACTOR,NameData,8866,Los Pepes,1,False,9,False,False,True,UCDP_ACTOR
439b77debd31ff88382567d785b9dfdc8c11fae1,Los Pepes,los pepes,UCDP_ACTOR,NameOrig,8866,Los Pepes,1,False,9,False,False,True,UCDP_ACTOR
2bb06d6ffd23db505f4ca7774719e6a5bf86121d,Los Pepes,los pepes,UCDP_ACTOR,NameOrigFull,8866,Los Pepes,1,False,9,False,False,True,UCDP_ACTOR
99e42c8fad08ca60672b1e9827563687da92eb54,Los Pepes,los pepes,UCDP_ACTOR,NameOrigFullEng,8866,Los Pepes,1,False,9,False,False,True,UCDP_ACTOR
a0aac73cafcedb6451f5b6b9e43cfd9e88eeb1b3,Terre Noire,terre noire,UCDP_ACTOR,NameData,8876,Terre Noire,1,False,11,False,False,True,UCDP_ACTOR
802cd6176f7bdc53c2b97130c7022876c5e91a51,Terre Noire,terre noire,UCDP_ACTOR,NameOrig,8876,Terre Noire,1,False,11,False,False,True,UCDP_ACTOR
ff72cea066a43b2b0721023644fee41af1cb97fb,Terre Noire,terre noire,UCDP_ACTOR,NameOrigFull,8876,Terre Noire,1,False,11,False,False,True,UCDP_ACTOR
d84367cad5d860d868bda0f2e037603843832b0c,Terre Noire,terre noire,UCDP_ACTOR,NameOrigFullEng,8876,Terre Noire,1,False,11,False,False,True,UCDP_ACTOR
2ab88ac6ac30aa9c4e2f00fdc847c0b89428b921,AFC,afc,UCDP_ACTOR,NameData,8885,AFC,1,True,3,True,False,True,UCDP_ACTOR
933570a3a637dc4458ae7cf405fc688853b2a3cb,AFC,afc,UCDP_ACTOR,NameOrig,8885,AFC,1,True,3,True,False,True,UCDP_ACTOR
2e52b7c63f9088d16ca945ee8d46b4fda23cbef9,Alliance Fleuve Congo,alliance fleuve congo,UCDP_ACTOR,NameOrigFull,8885,AFC,1,False,21,False,False,True,UCDP_ACTOR
97a2c67a8269e1a69079df7c328e038fb66a90a5,Congo River Alliance,congo river alliance,UCDP_ACTOR,NameOrigFullEng,8885,AFC,1,False,20,False,False,True,UCDP_ACTOR
7b8ec71f5a653ecb4f2274a4fcb372b9ed33f425,Chain Guys,chain guys,UCDP_ACTOR,NameData,8894,Chain Guys,1,False,10,False,False,True,UCDP_ACTOR
67d7d01f9b5dab24e834359f7eb2ee16e24314b4,Chain Guys,chain guys,UCDP_ACTOR,NameOrig,8894,Chain Guys,1,False,10,False,False,True,UCDP_ACTOR
a0fa36375c120d8a39f64de5dcd1870a1582fb47,Chain Guys,chain guys,UCDP_ACTOR,NameOrigFull,8894,Chain Guys,1,False,10,False,False,True,UCDP_ACTOR
c8f9f81209a3c898df18a8602c18af7b7d2fb2ac,Chain Guys,chain guys,UCDP_ACTOR,NameOrigFullEng,8894,Chain Guys,1,False,10,False,False,True,UCDP_ACTOR
834de45526cea76e67fb6d157267e9c65863ec84,Full Force,full force,UCDP_ACTOR,NameData,8895,Full Force,1,False,10,False,False,True,UCDP_ACTOR
119174f5cbe35f6cdfe893c6611f66082a230100,Full Force,full force,UCDP_ACTOR,NameOrig,8895,Full Force,1,False,10,False,False,True,UCDP_ACTOR
e2784b8ed603a5507b0345b839186d166fd653a3,Full Force,full force,UCDP_ACTOR,NameOrigFull,8895,Full Force,1,False,10,False,False,True,UCDP_ACTOR
a7b31b9279324724fa02d1bd8369c4c48ff9ebe5,Full Force,full force,UCDP_ACTOR,NameOrigFullEng,8895,Full Force,1,False,10,False,False,True,UCDP_ACTOR
8a2787328d9abce65d897cd5b1d4e706e35a53b4,Los Aguilas,los aguilas,UCDP_ACTOR,NameData,9029,Los Aguilas,1,False,11,False,False,True,UCDP_ACTOR
eb48124310220bb9cb31c107a74287c2250ced22,Los Aguilas,los aguilas,UCDP_ACTOR,NameOrig,9029,Los Aguilas,1,False,11,False,False,True,UCDP_ACTOR
1f25ace1f8890b98fe37643163b0689e1be0e224,Los Aguilas,los aguilas,UCDP_ACTOR,NameOrigFull,9029,Los Aguilas,1,False,11,False,False,True,UCDP_ACTOR
1e7a04292a00bc83068cb0d4a4942f6cd5ce9950,Los Aguilas,los aguilas,UCDP_ACTOR,NameOrigFullEng,9029,Los Aguilas,1,False,11,False,False,True,UCDP_ACTOR
f9d90e41aab62a6464986b228c36edc8e839716f,Viv Ansanm,viv ansanm,UCDP_ACTOR,NameData,9067,Viv Ansanm,1,False,10,False,False,True,UCDP_ACTOR
4378f6f479dbd641199600f9a2b7e448e9b0f130,Viv Ansanm,viv ansanm,UCDP_ACTOR,NameOrig,9067,Viv Ansanm,1,False,10,False,False,True,UCDP_ACTOR
5bd63f8c61e239f07a7daf84401639d88c321ab2,Viv Ansanm,viv ansanm,UCDP_ACTOR,NameOrigFull,9067,Viv Ansanm,1,False,10,False,False,True,UCDP_ACTOR
614940cd70482da6c39d014ad2d1f856a9cbf55c,Viv Ansanm,viv ansanm,UCDP_ACTOR,NameOrigFullEng,9067,Viv Ansanm,1,False,10,False,False,True,UCDP_ACTOR
9dd82bf4faba3f3f94ce377b43f8a5a0844118db,Fatales,fatales,UCDP_ACTOR,NameData,9075,Fatales,1,True,7,False,False,True,UCDP_ACTOR
fbc03c22085e6ce269713e6bc387879cf945c7eb,Fatales,fatales,UCDP_ACTOR,NameOrig,9075,Fatales,1,True,7,False,False,True,UCDP_ACTOR
2b3eea992e1afcb7c7a8f90337e21ba594deb63c,Fatales,fatales,UCDP_ACTOR,NameOrigFull,9075,Fatales,1,True,7,False,False,True,UCDP_ACTOR
0d3f6af97aafd87ef59d8cb8af5db0a0e9e1d856,Fatales,fatales,UCDP_ACTOR,NameOrigFullEng,9075,Fatales,1,True,7,False,False,True,UCDP_ACTOR
fc50128cc438f26d90f8688ca1bf483cffafbdf2,I dont care,i dont care,UCDP_ACTOR,NameData,9083,I dont care,1,False,11,False,False,True,UCDP_ACTOR
cc18b12c7c26f63dc1c0da3c3b7fa02261f3bd2c,I dont care,i dont care,UCDP_ACTOR,NameOrig,9083,I dont care,1,False,11,False,False,True,UCDP_ACTOR
dd147d00ac2bdd8f275fd2a5c88b6055fd176d73,I dont care,i dont care,UCDP_ACTOR,NameOrigFull,9083,I dont care,1,False,11,False,False,True,UCDP_ACTOR
3fd951739e9e4e2866eaeedd483b8ca539f29652,I dont care,i dont care,UCDP_ACTOR,NameOrigFullEng,9083,I dont care,1,False,11,False,False,True,UCDP_ACTOR
0adb565486e430e4db05c0f42ad6732d262b7acd,Forces of Mai Yankuzu,forces of mai yankuzu,UCDP_ACTOR,NameData,9107,Forces of Mai Yankuzu,1,False,21,False,False,True,UCDP_ACTOR
9fc349b313b2cd9f72b8782f76de96443cc3f2ac,Forces of Mai Yankuzu,forces of mai yankuzu,UCDP_ACTOR,NameOrig,9107,Forces of Mai Yankuzu,1,False,21,False,False,True,UCDP_ACTOR
4445a8e210eda5a10807dd1c87ca96f2fed07516,Forces of Mai Yankuzu,forces of mai yankuzu,UCDP_ACTOR,NameOrigFull,9107,Forces of Mai Yankuzu,1,False,21,False,False,True,UCDP_ACTOR
57dcbcd759d8f6ac3bfe217d6e7ceaa82a832e66,Forces of Mai Yankuzu,forces of mai yankuzu,UCDP_ACTOR,NameOrigFullEng,9107,Forces of Mai Yankuzu,1,False,21,False,False,True,UCDP_ACTOR
0c65f246241394000812926eca18e85b516124ab,Forces of Dogo Bali,forces of dogo bali,UCDP_ACTOR,NameData,9108,Forces of Dogo Bali,1,False,19,False,False,True,UCDP_ACTOR
6e446191e475c9385dce0aaa679a98c0c508da9e,Forces of Dogo Bali,forces of dogo bali,UCDP_ACTOR,NameOrig,9108,Forces of Dogo Bali,1,False,19,False,False,True,UCDP_ACTOR
4f4039c29b7c78ac1264ecc0297dac8b83746964,Forces of Dogo Bali,forces of dogo bali,UCDP_ACTOR,NameOrigFull,9108,Forces of Dogo Bali,1,False,19,False,False,True,UCDP_ACTOR
b47efe4d734356e84c85396d0aef9aa4d4574461,Forces of Dogo Bali,forces of dogo bali,UCDP_ACTOR,NameOrigFullEng,9108,Forces of Dogo Bali,1,False,19,False,False,True,UCDP_ACTOR
6b9143c97bebe261cbf723dbb8d4021f3a1efdbc,Forces of Sani Dangote,forces of sani dangote,UCDP_ACTOR,NameData,9120,Forces of Sani Dangote,1,False,22,False,False,True,UCDP_ACTOR
3c4c3752e1ceaa9b93ea88cc6d6a4b3a3a9f933f,Forces of Sani Dangote,forces of sani dangote,UCDP_ACTOR,NameOrig,9120,Forces of Sani Dangote,1,False,22,False,False,True,UCDP_ACTOR
f1677552ccce4aaee9e948948078db7505fd4641,Forces of Sani Dangote,forces of sani dangote,UCDP_ACTOR,NameOrigFull,9120,Forces of Sani Dangote,1,False,22,False,False,True,UCDP_ACTOR
80acb03129cc129821b14bc3283893a4a823a6da,Forces of Sani Dangote,forces of sani dangote,UCDP_ACTOR,NameOrigFullEng,9120,Forces of Sani Dangote,1,False,22,False,False,True,UCDP_ACTOR
51f173cb0ee8eaae3f94954d676269a93bf27623,Forces of Gwaska Dankarami,forces of gwaska dankarami,UCDP_ACTOR,NameData,9121,Forces of Gwaska Dankarami,1,False,26,False,False,True,UCDP_ACTOR
3ce3d1c6f011fcf44c3e6902574ae4deabc59373,Forces of Gwaska Dankarami,forces of gwaska dankarami,UCDP_ACTOR,NameOrig,9121,Forces of Gwaska Dankarami,1,False,26,False,False,True,UCDP_ACTOR
874c738203daae35207e7bfcafb6ed0fa16f9243,Forces of Gwaska Dankarami,forces of gwaska dankarami,UCDP_ACTOR,NameOrigFull,9121,Forces of Gwaska Dankarami,1,False,26,False,False,True,UCDP_ACTOR
e6f7abb910d3675678ae569a5d900f215ea1aa5d,Forces of Gwaska Dankarami,forces of gwaska dankarami,UCDP_ACTOR,NameOrigFullEng,9121,Forces of Gwaska Dankarami,1,False,26,False,False,True,UCDP_ACTOR
2293db2e7ff39b2008d7acdee149b72f70e84a78,Forces of Lamo Saude,forces of lamo saude,UCDP_ACTOR,NameData,9122,Forces of Lamo Saude,1,False,20,False,False,True,UCDP_ACTOR
17295d23007aefef9da87628201f9451bacb23d1,Forces of Lamo Saude,forces of lamo saude,UCDP_ACTOR,NameOrig,9122,Forces of Lamo Saude,1,False,20,False,False,True,UCDP_ACTOR
83d2fa9fa8bf653dc24b857ceb4c4715cbbe215a,Forces of Lamo Saude,forces of lamo saude,UCDP_ACTOR,NameOrigFull,9122,Forces of Lamo Saude,1,False,20,False,False,True,UCDP_ACTOR
19ddcbb828286ada59d4950a5bcc1a347b82b2e2,Forces of Lamo Saude,forces of lamo saude,UCDP_ACTOR,NameOrigFullEng,9122,Forces of Lamo Saude,1,False,20,False,False,True,UCDP_ACTOR
ddfb707463cf61ca47065998af18d31ce5b1cc55,Forces of Dan Chaki,forces of dan chaki,UCDP_ACTOR,NameData,9123,Forces of Dan Chaki,1,False,19,False,False,True,UCDP_ACTOR
cd6ffdf279ae73a105a9785b54894e6101e1d50c,Forces of Dan Chaki,forces of dan chaki,UCDP_ACTOR,NameOrig,9123,Forces of Dan Chaki,1,False,19,False,False,True,UCDP_ACTOR
9d15a04f4e5b6094bb515b784610c91fa9dd4d17,Forces of Dan Chaki,forces of dan chaki,UCDP_ACTOR,NameOrigFull,9123,Forces of Dan Chaki,1,False,19,False,False,True,UCDP_ACTOR
540fcef32b39189d0ef78e76898e5bf6c1dbe921,Forces of Dan Chaki,forces of dan chaki,UCDP_ACTOR,NameOrigFullEng,9123,Forces of Dan Chaki,1,False,19,False,False,True,UCDP_ACTOR
63b5e51e1025830d6efbd6483b1c36b706795c04,FARC-EMC-Calarcá,farc-emc-calarcá,UCDP_ACTOR,NameData,9191,FARC-EMC-Calarcá,1,True,16,False,False,True,UCDP_ACTOR
cb6b560ad892e43304e9b60e999e0ac2d3c0da25,FARC-EMC-Calarcá,farc-emc-calarcá,UCDP_ACTOR,NameOrig,9191,FARC-EMC-Calarcá,1,True,16,False,False,True,UCDP_ACTOR
3667e03a66c8714f9e861950fd334f33a3a505c9,Fuerzas Armadas Revolucionarias de Colombia - Estado Mayor Central -Calarcá,fuerzas armadas revolucionarias de colombia - estado mayor central -calarcá,UCDP_ACTOR,NameOrigFull,9191,FARC-EMC-Calarcá,1,False,75,False,False,True,UCDP_ACTOR
176d6e303f7b81d9710054fc1e33a6ebd7f99776,Revolutionary Armed Forces of Colombia - Central General Staff - Calarcá,revolutionary armed forces of colombia - central general staff - calarcá,UCDP_ACTOR,NameOrigFullEng,9191,FARC-EMC-Calarcá,1,False,72,False,False,True,UCDP_ACTOR
663fa3377559e05955bd70fd9273be0629edb809,FARC-EMC,farc-emc,UCDP_ACTOR,NamePrev,9191,FARC-EMC-Calarcá,1,True,8,False,False,True,UCDP_ACTOR
584cfee3972f784ebe49de0a646fabe9b17251e2,Forces of Ayongou,forces of ayongou,UCDP_ACTOR,NameData,9194,Forces of Ayongou,1,False,17,False,False,True,UCDP_ACTOR
f190ff66d6a022d9b6b3617706a20194c19c1a3b,Forces of Ayongou,forces of ayongou,UCDP_ACTOR,NameOrig,9194,Forces of Ayongou,1,False,17,False,False,True,UCDP_ACTOR
b52250ab0c270f83072d5ba6acde5ccdc1d01db4,Forces of Ayongou,forces of ayongou,UCDP_ACTOR,NameOrigFull,9194,Forces of Ayongou,1,False,17,False,False,True,UCDP_ACTOR
baa6efab138446afb7bb8afee44e7b7695998114,Forces of Ayongou,forces of ayongou,UCDP_ACTOR,NameOrigFullEng,9194,Forces of Ayongou,1,False,17,False,False,True,UCDP_ACTOR
b1e228e4dd3d58343fe483f2456ad96b0c97fc24,Forces of Terwase Akwanza,forces of terwase akwanza,UCDP_ACTOR,NameData,9195,Forces of Terwase Akwanza,1,False,25,False,False,True,UCDP_ACTOR
01389798c86ad5868b32006255d0d02dd47ba8ab,Forces of Terwase Akwanza,forces of terwase akwanza,UCDP_ACTOR,NameOrig,9195,Forces of Terwase Akwanza,1,False,25,False,False,True,UCDP_ACTOR
68504ee2dc7f285b64acff9f46e41756de5dc9c3,Forces of Terwase Akwanza,forces of terwase akwanza,UCDP_ACTOR,NameOrigFull,9195,Forces of Terwase Akwanza,1,False,25,False,False,True,UCDP_ACTOR
74ed8e53d6770c218e89258b793ea78fd65a4b6a,Forces of Terwase Akwanza,forces of terwase akwanza,UCDP_ACTOR,NameOrigFullEng,9195,Forces of Terwase Akwanza,1,False,25,False,False,True,UCDP_ACTOR
a2cdc89167dc4866279d7249fd38b04dba0e81c4,Mafia 18,mafia 18,UCDP_ACTOR,NameData,9256,Mafia 18,1,False,8,False,False,True,UCDP_ACTOR
8c6a65b2d7a7c15bad68b9c498448dcf78c921e6,Mafia 18,mafia 18,UCDP_ACTOR,NameOrig,9256,Mafia 18,1,False,8,False,False,True,UCDP_ACTOR
e1f4f51a174cc6eb439ca322547638a47bc4c29a,Mafia 18,mafia 18,UCDP_ACTOR,NameOrigFull,9256,Mafia 18,1,False,8,False,False,True,UCDP_ACTOR
7de7fbddfd6250523b248208b24c59544463b42e,Mafia 18,mafia 18,UCDP_ACTOR,NameOrigFullEng,9256,Mafia 18,1,False,8,False,False,True,UCDP_ACTOR
3e1e308e944d8d5da2ab48559cbfc3af2b0ed32b,Jubaland State of Somalia,jubaland state of somalia,UCDP_ACTOR,NameData,9260,Jubaland State of Somalia,1,False,25,False,False,True,UCDP_ACTOR
35e652a44960547674511a2174b41edd17e3ecf9,Jubaland State of Somalia,jubaland state of somalia,UCDP_ACTOR,NameOrig,9260,Jubaland State of Somalia,1,False,25,False,False,True,UCDP_ACTOR
2b3ed38c29a40f78bef4cfaa45a6660ecd73d12e,Somali Arabic,somali arabic,UCDP_ACTOR,NameOrigFull,9260,Jubaland State of Somalia,1,False,13,False,False,True,UCDP_ACTOR
abbf1bd14d57d0d1edc49d8174fa17f79b5a4305,Jubaland State of Somalia,jubaland state of somalia,UCDP_ACTOR,NameOrigFullEng,9260,Jubaland State of Somalia,1,False,25,False,False,True,UCDP_ACTOR
13430926f56ab9fe264b12c877306dcab184203e,Dignidad por Arauca,dignidad por arauca,UCDP_ACTOR,NameData,9321,Dignidad por Arauca,1,False,19,False,False,True,UCDP_ACTOR
4f3921187353cc18509df5757e6077406625532c,Dignidad por Arauca,dignidad por arauca,UCDP_ACTOR,NameOrig,9321,Dignidad por Arauca,1,False,19,False,False,True,UCDP_ACTOR
3155310c35aa07c3fe8a3ebccd62a40bf3652332,Dignidad por Arauca,dignidad por arauca,UCDP_ACTOR,NameOrigFull,9321,Dignidad por Arauca,1,False,19,False,False,True,UCDP_ACTOR
ec3f59fbaecaec27663e7f1dc14b4b98de11fd00,Dignidad por Arauca,dignidad por arauca,UCDP_ACTOR,NameOrigFullEng,9321,Dignidad por Arauca,1,False,19,False,False,True,UCDP_ACTOR
94796dee61425e08ca9dc615640ea0039f0a796d,Frente William Rivas,frente william rivas,UCDP_ACTOR,NameData,9336,Frente William Rivas,1,False,20,False,False,True,UCDP_ACTOR
955997ef117e40c69edb0c5988cd2264bbc97343,Frente William Rivas,frente william rivas,UCDP_ACTOR,NameOrig,9336,Frente William Rivas,1,False,20,False,False,True,UCDP_ACTOR
f485ee82d558f79351d80fa90f40a2264523a5c1,Frente William Rivas,frente william rivas,UCDP_ACTOR,NameOrigFull,9336,Frente William Rivas,1,False,20,False,False,True,UCDP_ACTOR
fe60ac3f20b20966260787607bc729ce86bb1569,Frente William Rivas,frente william rivas,UCDP_ACTOR,NameOrigFullEng,9336,Frente William Rivas,1,False,20,False,False,True,UCDP_ACTOR
db53079637e0306a86bf7021161980443c5e4a4b,Los Viagras,los viagras,UCDP_ACTOR,NameData,9340,Los Viagras,1,False,11,False,False,True,UCDP_ACTOR
6c2773770c1a8525c64728b6bdcc72afef850e7e,Los Viagras,los viagras,UCDP_ACTOR,NameOrig,9340,Los Viagras,1,False,11,False,False,True,UCDP_ACTOR
0d7cfac10ed8360bbd02a02dfc88f0b23834cde5,Los Viagras,los viagras,UCDP_ACTOR,NameOrigFull,9340,Los Viagras,1,False,11,False,False,True,UCDP_ACTOR
e55c7fc736eb3da73bf2d221d38ec653c52714af,Los Viagras,los viagras,UCDP_ACTOR,NameOrigFullEng,9340,Los Viagras,1,False,11,False,False,True,UCDP_ACTOR
d1940e502f8c0f7dff444b80a8d0e78ca1221aa7,La Barredora (Tabasco),la barredora (tabasco),UCDP_ACTOR,NameData,9341,La Barredora (Tabasco),1,False,22,False,False,True,UCDP_ACTOR
1fd85dfce5c57d55671ec2ef967408c41c26634e,La Barredora (Tabasco),la barredora (tabasco),UCDP_ACTOR,NameOrig,9341,La Barredora (Tabasco),1,False,22,False,False,True,UCDP_ACTOR
8def85a275f1b0d97bd8dff4544f2a7ea909c5db,La Barredora (Tabasco),la barredora (tabasco),UCDP_ACTOR,NameOrigFull,9341,La Barredora (Tabasco),1,False,22,False,False,True,UCDP_ACTOR
c9375441efdf4b8ebf696eaaec168f8e4f031a51,La Barredora (Tabasco),la barredora (tabasco),UCDP_ACTOR,NameOrigFullEng,9341,La Barredora (Tabasco),1,False,22,False,False,True,UCDP_ACTOR
9a5923aa59dcaf2a4fb16ea37b2b68ac9483e4ae,Michoacán Cartel New Generation,michoacán cartel new generation,UCDP_ACTOR,NameData,9342,Michoacán Cartel New Generation,1,False,31,False,False,True,UCDP_ACTOR
31cf16aa1f30064cd3eafa16d26e0f508620f601,Michoacán Cartel New Generation,michoacán cartel new generation,UCDP_ACTOR,NameOrig,9342,Michoacán Cartel New Generation,1,False,31,False,False,True,UCDP_ACTOR
55b7f8682f00a6793e63362ffb8f1f708d02904d,Cártel Michoacán Nueva Generación,cártel michoacán nueva generación,UCDP_ACTOR,NameOrigFull,9342,Michoacán Cartel New Generation,1,False,33,False,False,True,UCDP_ACTOR
608fe0e68d4e77c1965b938b036e605b6c6d5735,Michoacán Cartel New Generation,michoacán cartel new generation,UCDP_ACTOR,NameOrigFullEng,9342,Michoacán Cartel New Generation,1,False,31,False,False,True,UCDP_ACTOR
ba6a9e260f4f0fc708b23af842bb8f66d9c6d925,Chandelle self-defense group,chandelle self-defense group,UCDP_ACTOR,NameData,9363,Chandelle self-defense group,1,False,28,False,False,True,UCDP_ACTOR
3dfb8a6a78971cbc9f9de63456eb0c2d7319dd9e,Chandelle self-defense group,chandelle self-defense group,UCDP_ACTOR,NameOrig,9363,Chandelle self-defense group,1,False,28,False,False,True,UCDP_ACTOR
7add39154a008592d210148b13488e194c5ae2a1,Chandelle self-defense group,chandelle self-defense group,UCDP_ACTOR,NameOrigFull,9363,Chandelle self-defense group,1,False,28,False,False,True,UCDP_ACTOR
1e193b054057841dc066d0da8cd8d66f168801a3,Chandelle self-defense group,chandelle self-defense group,UCDP_ACTOR,NameOrigFullEng,9363,Chandelle self-defense group,1,False,28,False,False,True,UCDP_ACTOR
b9a7a2fc3c7d20223a64e581e55688083cedc9f1,Los Saobox,los saobox,UCDP_ACTOR,NameData,9385,Los Saobox,1,False,10,False,False,True,UCDP_ACTOR
d63a9b87f19440aacc9dbd3c283dddabfcabbe59,Los Saobox,los saobox,UCDP_ACTOR,NameOrig,9385,Los Saobox,1,False,10,False,False,True,UCDP_ACTOR
ac262ce401ae73f89af748275fa3eb5c37637030,Los Saobox,los saobox,UCDP_ACTOR,NameOrigFull,9385,Los Saobox,1,False,10,False,False,True,UCDP_ACTOR
08af101889006a0fb29de7297eecd98c172261c1,Los Saobox faction,los saobox faction,UCDP_ACTOR,NameOrigFullEng,9385,Los Saobox,1,False,18,False,False,True,UCDP_ACTOR
5c02f047705c393722710a112212b9901b24d1be,Los Blancos de Troya,los blancos de troya,UCDP_ACTOR,NameData,9390,Los Blancos de Troya,1,False,20,False,False,True,UCDP_ACTOR
1a51e9c31cde58898b0eda3363c16f505db583f6,Los Blancos de Troya,los blancos de troya,UCDP_ACTOR,NameOrig,9390,Los Blancos de Troya,1,False,20,False,False,True,UCDP_ACTOR
b9157c1649e945a4d2fb16dd8c6d73e29901887a,Los Blancos de Troya,los blancos de troya,UCDP_ACTOR,NameOrigFull,9390,Los Blancos de Troya,1,False,20,False,False,True,UCDP_ACTOR
4f62a33b55845e6e918b4dea889a4963c78a48a8,Los Blancos de Troya,los blancos de troya,UCDP_ACTOR,NameOrigFullEng,9390,Los Blancos de Troya,1,False,20,False,False,True,UCDP_ACTOR
f3c3ffdf6572d61667515f0952b447b7fd9cc666,Los de la Virgen,los de la virgen,UCDP_ACTOR,NameData,9391,Los de la Virgen,1,False,16,False,False,True,UCDP_ACTOR
d7b4ea33c358add546922c65c3e5b35f4ca32971,Los de la Virgen,los de la virgen,UCDP_ACTOR,NameOrig,9391,Los de la Virgen,1,False,16,False,False,True,UCDP_ACTOR
a877a4770ccd1335ace5dc79e612f8dd934293f7,Los de la Virgen,los de la virgen,UCDP_ACTOR,NameOrigFull,9391,Los de la Virgen,1,False,16,False,False,True,UCDP_ACTOR
1e1d61a409058abe114408aa300b0a21a1b11452,Los de la Virgen,los de la virgen,UCDP_ACTOR,NameOrigFullEng,9391,Los de la Virgen,1,False,16,False,False,True,UCDP_ACTOR
efaf6fc856da1189d883319a71675ff44f0f3ca1,Los Tiguerones Igualitos faction,los tiguerones igualitos faction,UCDP_ACTOR,NameData,9403,Los Tiguerones Igualitos faction,1,False,32,False,False,True,UCDP_ACTOR
9f41422a9c8377186d4c02999a7a271e4531803e,Los Tiguerones Igualitos faction,los tiguerones igualitos faction,UCDP_ACTOR,NameOrig,9403,Los Tiguerones Igualitos faction,1,False,32,False,False,True,UCDP_ACTOR
68a71f2b723e2f0ceafb288acdd4be5d99690f32,Los Tiguerones Igualitos,los tiguerones igualitos,UCDP_ACTOR,NameOrigFull,9403,Los Tiguerones Igualitos faction,1,False,24,False,False,True,UCDP_ACTOR
eaaac5943905cbad39e1965a645bbc54a3ff92b2,Los Tiguerones Igualitos faction,los tiguerones igualitos faction,UCDP_ACTOR,NameOrigFullEng,9403,Los Tiguerones Igualitos faction,1,False,32,False,False,True,UCDP_ACTOR
b51232231f51678cfd9e899f4e9bbb1748222300,Los Tiguerones Fenix faction,los tiguerones fenix faction,UCDP_ACTOR,NameData,9404,Los Tiguerones Fenix faction,1,False,28,False,False,True,UCDP_ACTOR
c4aa095fb44add60b74718723e88ebbf2b4f5c55,Los Tiguerones Fenix faction,los tiguerones fenix faction,UCDP_ACTOR,NameOrig,9404,Los Tiguerones Fenix faction,1,False,28,False,False,True,UCDP_ACTOR
fd9ec0e101ca5e10a01d1f1af26839f40d5b0642,Los Tiguerones Fénix faction,los tiguerones fénix faction,UCDP_ACTOR,NameOrigFull,9404,Los Tiguerones Fenix faction,1,False,28,False,False,True,UCDP_ACTOR
e2bec43e3455da06a791ee2363c4e07619e38578,Los Tiguerones Fénix faction,los tiguerones fénix faction,UCDP_ACTOR,NameOrigFullEng,9404,Los Tiguerones Fenix faction,1,False,28,False,False,True,UCDP_ACTOR
